"task","repeat_id","outer_fold","inner_fold","t_end","num.trees","mtry_rule","min.node.size","k_use","mtry","accuracy"
"HEME_vs_CONTROL",1,1,1,6,400,"floor_sqrt_p",2,5,2,0.928753180661578
"HEME_vs_CONTROL",1,1,1,6,400,"floor_sqrt_p",5,5,2,0.928753180661578
"HEME_vs_CONTROL",1,1,1,6,400,"floor_sqrt_p",7,5,2,0.933842239185751
"HEME_vs_CONTROL",1,1,2,6,400,"floor_sqrt_p",2,5,2,0.900763358778626
"HEME_vs_CONTROL",1,1,2,6,400,"floor_sqrt_p",5,5,2,0.900763358778626
"HEME_vs_CONTROL",1,1,2,6,400,"floor_sqrt_p",7,5,2,0.900763358778626
"HEME_vs_CONTROL",1,1,3,6,400,"floor_sqrt_p",2,5,2,0.923664122137405
"HEME_vs_CONTROL",1,1,3,6,400,"floor_sqrt_p",5,5,2,0.923664122137405
"HEME_vs_CONTROL",1,1,3,6,400,"floor_sqrt_p",7,5,2,0.923664122137405
"HEME_vs_CONTROL",1,1,4,6,400,"floor_sqrt_p",2,5,2,0.928571428571429
"HEME_vs_CONTROL",1,1,4,6,400,"floor_sqrt_p",5,5,2,0.928571428571429
"HEME_vs_CONTROL",1,1,4,6,400,"floor_sqrt_p",7,5,2,0.926020408163265
"HEME_vs_CONTROL",1,1,5,6,400,"floor_sqrt_p",2,6,2,0.954081632653061
"HEME_vs_CONTROL",1,1,5,6,400,"floor_sqrt_p",5,6,2,0.954081632653061
"HEME_vs_CONTROL",1,1,5,6,400,"floor_sqrt_p",7,6,2,0.948979591836735
"HEME_vs_CONTROL",1,1,1,7,400,"floor_sqrt_p",2,7,2,0.94147582697201
"HEME_vs_CONTROL",1,1,1,7,400,"floor_sqrt_p",5,7,2,0.938931297709924
"HEME_vs_CONTROL",1,1,1,7,400,"floor_sqrt_p",7,7,2,0.938931297709924
"HEME_vs_CONTROL",1,1,2,7,400,"floor_sqrt_p",2,7,2,0.916030534351145
"HEME_vs_CONTROL",1,1,2,7,400,"floor_sqrt_p",5,7,2,0.913486005089059
"HEME_vs_CONTROL",1,1,2,7,400,"floor_sqrt_p",7,7,2,0.913486005089059
"HEME_vs_CONTROL",1,1,3,7,400,"floor_sqrt_p",2,6,2,0.926208651399491
"HEME_vs_CONTROL",1,1,3,7,400,"floor_sqrt_p",5,6,2,0.926208651399491
"HEME_vs_CONTROL",1,1,3,7,400,"floor_sqrt_p",7,6,2,0.931297709923664
"HEME_vs_CONTROL",1,1,4,7,400,"floor_sqrt_p",2,6,2,0.946428571428571
"HEME_vs_CONTROL",1,1,4,7,400,"floor_sqrt_p",5,6,2,0.948979591836735
"HEME_vs_CONTROL",1,1,4,7,400,"floor_sqrt_p",7,6,2,0.948979591836735
"HEME_vs_CONTROL",1,1,5,7,400,"floor_sqrt_p",2,7,2,0.946428571428571
"HEME_vs_CONTROL",1,1,5,7,400,"floor_sqrt_p",5,7,2,0.943877551020408
"HEME_vs_CONTROL",1,1,5,7,400,"floor_sqrt_p",7,7,2,0.946428571428571
"HEME_vs_CONTROL",1,1,1,8,400,"floor_sqrt_p",2,7,2,0.938931297709924
"HEME_vs_CONTROL",1,1,1,8,400,"floor_sqrt_p",5,7,2,0.938931297709924
"HEME_vs_CONTROL",1,1,1,8,400,"floor_sqrt_p",7,7,2,0.94147582697201
"HEME_vs_CONTROL",1,1,2,8,400,"floor_sqrt_p",2,7,2,0.908396946564885
"HEME_vs_CONTROL",1,1,2,8,400,"floor_sqrt_p",5,7,2,0.913486005089059
"HEME_vs_CONTROL",1,1,2,8,400,"floor_sqrt_p",7,7,2,0.910941475826972
"HEME_vs_CONTROL",1,1,3,8,400,"floor_sqrt_p",2,7,2,0.936386768447837
"HEME_vs_CONTROL",1,1,3,8,400,"floor_sqrt_p",5,7,2,0.938931297709924
"HEME_vs_CONTROL",1,1,3,8,400,"floor_sqrt_p",7,7,2,0.936386768447837
"HEME_vs_CONTROL",1,1,4,8,400,"floor_sqrt_p",2,7,2,0.943877551020408
"HEME_vs_CONTROL",1,1,4,8,400,"floor_sqrt_p",5,7,2,0.943877551020408
"HEME_vs_CONTROL",1,1,4,8,400,"floor_sqrt_p",7,7,2,0.946428571428571
"HEME_vs_CONTROL",1,1,5,8,400,"floor_sqrt_p",2,8,2,0.951530612244898
"HEME_vs_CONTROL",1,1,5,8,400,"floor_sqrt_p",5,8,2,0.943877551020408
"HEME_vs_CONTROL",1,1,5,8,400,"floor_sqrt_p",7,8,2,0.948979591836735
"HEME_vs_CONTROL",1,1,1,9,400,"floor_sqrt_p",2,8,2,0.951653944020356
"HEME_vs_CONTROL",1,1,1,9,400,"floor_sqrt_p",5,8,2,0.954198473282443
"HEME_vs_CONTROL",1,1,1,9,400,"floor_sqrt_p",7,8,2,0.951653944020356
"HEME_vs_CONTROL",1,1,2,9,400,"floor_sqrt_p",2,8,2,0.918575063613232
"HEME_vs_CONTROL",1,1,2,9,400,"floor_sqrt_p",5,8,2,0.918575063613232
"HEME_vs_CONTROL",1,1,2,9,400,"floor_sqrt_p",7,8,2,0.913486005089059
"HEME_vs_CONTROL",1,1,3,9,400,"floor_sqrt_p",2,8,2,0.936386768447837
"HEME_vs_CONTROL",1,1,3,9,400,"floor_sqrt_p",5,8,2,0.936386768447837
"HEME_vs_CONTROL",1,1,3,9,400,"floor_sqrt_p",7,8,2,0.933842239185751
"HEME_vs_CONTROL",1,1,4,9,400,"floor_sqrt_p",2,8,2,0.936224489795918
"HEME_vs_CONTROL",1,1,4,9,400,"floor_sqrt_p",5,8,2,0.933673469387755
"HEME_vs_CONTROL",1,1,4,9,400,"floor_sqrt_p",7,8,2,0.941326530612245
"HEME_vs_CONTROL",1,1,5,9,400,"floor_sqrt_p",2,8,2,0.941326530612245
"HEME_vs_CONTROL",1,1,5,9,400,"floor_sqrt_p",5,8,2,0.941326530612245
"HEME_vs_CONTROL",1,1,5,9,400,"floor_sqrt_p",7,8,2,0.946428571428571
"HEME_vs_CONTROL",1,1,1,10,400,"floor_sqrt_p",2,9,3,0.956743002544529
"HEME_vs_CONTROL",1,1,1,10,400,"floor_sqrt_p",5,9,3,0.954198473282443
"HEME_vs_CONTROL",1,1,1,10,400,"floor_sqrt_p",7,9,3,0.951653944020356
"HEME_vs_CONTROL",1,1,2,10,400,"floor_sqrt_p",2,9,3,0.908396946564885
"HEME_vs_CONTROL",1,1,2,10,400,"floor_sqrt_p",5,9,3,0.921119592875318
"HEME_vs_CONTROL",1,1,2,10,400,"floor_sqrt_p",7,9,3,0.908396946564885
"HEME_vs_CONTROL",1,1,3,10,400,"floor_sqrt_p",2,8,2,0.926208651399491
"HEME_vs_CONTROL",1,1,3,10,400,"floor_sqrt_p",5,8,2,0.926208651399491
"HEME_vs_CONTROL",1,1,3,10,400,"floor_sqrt_p",7,8,2,0.926208651399491
"HEME_vs_CONTROL",1,1,4,10,400,"floor_sqrt_p",2,8,2,0.928571428571429
"HEME_vs_CONTROL",1,1,4,10,400,"floor_sqrt_p",5,8,2,0.926020408163265
"HEME_vs_CONTROL",1,1,4,10,400,"floor_sqrt_p",7,8,2,0.928571428571429
"HEME_vs_CONTROL",1,1,5,10,400,"floor_sqrt_p",2,9,3,0.936224489795918
"HEME_vs_CONTROL",1,1,5,10,400,"floor_sqrt_p",5,9,3,0.941326530612245
"HEME_vs_CONTROL",1,1,5,10,400,"floor_sqrt_p",7,9,3,0.936224489795918
"HEME_vs_CONTROL",1,1,1,11,400,"floor_sqrt_p",2,9,3,0.956743002544529
"HEME_vs_CONTROL",1,1,1,11,400,"floor_sqrt_p",5,9,3,0.961832061068702
"HEME_vs_CONTROL",1,1,1,11,400,"floor_sqrt_p",7,9,3,0.956743002544529
"HEME_vs_CONTROL",1,1,2,11,400,"floor_sqrt_p",2,9,3,0.923664122137405
"HEME_vs_CONTROL",1,1,2,11,400,"floor_sqrt_p",5,9,3,0.923664122137405
"HEME_vs_CONTROL",1,1,2,11,400,"floor_sqrt_p",7,9,3,0.913486005089059
"HEME_vs_CONTROL",1,1,3,11,400,"floor_sqrt_p",2,9,3,0.933842239185751
"HEME_vs_CONTROL",1,1,3,11,400,"floor_sqrt_p",5,9,3,0.936386768447837
"HEME_vs_CONTROL",1,1,3,11,400,"floor_sqrt_p",7,9,3,0.933842239185751
"HEME_vs_CONTROL",1,1,4,11,400,"floor_sqrt_p",2,9,3,0.936224489795918
"HEME_vs_CONTROL",1,1,4,11,400,"floor_sqrt_p",5,9,3,0.936224489795918
"HEME_vs_CONTROL",1,1,4,11,400,"floor_sqrt_p",7,9,3,0.933673469387755
"HEME_vs_CONTROL",1,1,5,11,400,"floor_sqrt_p",2,10,3,0.948979591836735
"HEME_vs_CONTROL",1,1,5,11,400,"floor_sqrt_p",5,10,3,0.946428571428571
"HEME_vs_CONTROL",1,1,5,11,400,"floor_sqrt_p",7,10,3,0.946428571428571
"HEME_vs_CONTROL",1,1,1,12,400,"floor_sqrt_p",2,10,3,0.959287531806616
"HEME_vs_CONTROL",1,1,1,12,400,"floor_sqrt_p",5,10,3,0.959287531806616
"HEME_vs_CONTROL",1,1,1,12,400,"floor_sqrt_p",7,10,3,0.961832061068702
"HEME_vs_CONTROL",1,1,2,12,400,"floor_sqrt_p",2,10,3,0.938931297709924
"HEME_vs_CONTROL",1,1,2,12,400,"floor_sqrt_p",5,10,3,0.923664122137405
"HEME_vs_CONTROL",1,1,2,12,400,"floor_sqrt_p",7,10,3,0.923664122137405
"HEME_vs_CONTROL",1,1,3,12,400,"floor_sqrt_p",2,9,3,0.933842239185751
"HEME_vs_CONTROL",1,1,3,12,400,"floor_sqrt_p",5,9,3,0.933842239185751
"HEME_vs_CONTROL",1,1,3,12,400,"floor_sqrt_p",7,9,3,0.933842239185751
"HEME_vs_CONTROL",1,1,4,12,400,"floor_sqrt_p",2,9,3,0.938775510204082
"HEME_vs_CONTROL",1,1,4,12,400,"floor_sqrt_p",5,9,3,0.938775510204082
"HEME_vs_CONTROL",1,1,4,12,400,"floor_sqrt_p",7,9,3,0.938775510204082
"HEME_vs_CONTROL",1,1,5,12,400,"floor_sqrt_p",2,10,3,0.948979591836735
"HEME_vs_CONTROL",1,1,5,12,400,"floor_sqrt_p",5,10,3,0.946428571428571
"HEME_vs_CONTROL",1,1,5,12,400,"floor_sqrt_p",7,10,3,0.951530612244898
"HEME_vs_CONTROL",1,1,1,13,400,"floor_sqrt_p",2,10,3,0.959287531806616
"HEME_vs_CONTROL",1,1,1,13,400,"floor_sqrt_p",5,10,3,0.961832061068702
"HEME_vs_CONTROL",1,1,1,13,400,"floor_sqrt_p",7,10,3,0.959287531806616
"HEME_vs_CONTROL",1,1,2,13,400,"floor_sqrt_p",2,10,3,0.923664122137405
"HEME_vs_CONTROL",1,1,2,13,400,"floor_sqrt_p",5,10,3,0.913486005089059
"HEME_vs_CONTROL",1,1,2,13,400,"floor_sqrt_p",7,10,3,0.918575063613232
"HEME_vs_CONTROL",1,1,3,13,400,"floor_sqrt_p",2,10,3,0.933842239185751
"HEME_vs_CONTROL",1,1,3,13,400,"floor_sqrt_p",5,10,3,0.933842239185751
"HEME_vs_CONTROL",1,1,3,13,400,"floor_sqrt_p",7,10,3,0.933842239185751
"HEME_vs_CONTROL",1,1,4,13,400,"floor_sqrt_p",2,10,3,0.943877551020408
"HEME_vs_CONTROL",1,1,4,13,400,"floor_sqrt_p",5,10,3,0.943877551020408
"HEME_vs_CONTROL",1,1,4,13,400,"floor_sqrt_p",7,10,3,0.943877551020408
"HEME_vs_CONTROL",1,1,5,13,400,"floor_sqrt_p",2,11,3,0.946428571428571
"HEME_vs_CONTROL",1,1,5,13,400,"floor_sqrt_p",5,11,3,0.948979591836735
"HEME_vs_CONTROL",1,1,5,13,400,"floor_sqrt_p",7,11,3,0.946428571428571
"HEME_vs_CONTROL",1,1,1,14,400,"floor_sqrt_p",2,11,3,0.959287531806616
"HEME_vs_CONTROL",1,1,1,14,400,"floor_sqrt_p",5,11,3,0.956743002544529
"HEME_vs_CONTROL",1,1,1,14,400,"floor_sqrt_p",7,11,3,0.961832061068702
"HEME_vs_CONTROL",1,1,2,14,400,"floor_sqrt_p",2,11,3,0.933842239185751
"HEME_vs_CONTROL",1,1,2,14,400,"floor_sqrt_p",5,11,3,0.928753180661578
"HEME_vs_CONTROL",1,1,2,14,400,"floor_sqrt_p",7,11,3,0.928753180661578
"HEME_vs_CONTROL",1,1,3,14,400,"floor_sqrt_p",2,11,3,0.933842239185751
"HEME_vs_CONTROL",1,1,3,14,400,"floor_sqrt_p",5,11,3,0.936386768447837
"HEME_vs_CONTROL",1,1,3,14,400,"floor_sqrt_p",7,11,3,0.936386768447837
"HEME_vs_CONTROL",1,1,4,14,400,"floor_sqrt_p",2,10,3,0.946428571428571
"HEME_vs_CONTROL",1,1,4,14,400,"floor_sqrt_p",5,10,3,0.943877551020408
"HEME_vs_CONTROL",1,1,4,14,400,"floor_sqrt_p",7,10,3,0.938775510204082
"HEME_vs_CONTROL",1,1,5,14,400,"floor_sqrt_p",2,11,3,0.956632653061224
"HEME_vs_CONTROL",1,1,5,14,400,"floor_sqrt_p",5,11,3,0.956632653061224
"HEME_vs_CONTROL",1,1,5,14,400,"floor_sqrt_p",7,11,3,0.954081632653061
"HEME_vs_CONTROL",1,1,1,15,400,"floor_sqrt_p",2,11,3,0.94910941475827
"HEME_vs_CONTROL",1,1,1,15,400,"floor_sqrt_p",5,11,3,0.951653944020356
"HEME_vs_CONTROL",1,1,1,15,400,"floor_sqrt_p",7,11,3,0.94910941475827
"HEME_vs_CONTROL",1,1,2,15,400,"floor_sqrt_p",2,12,3,0.931297709923664
"HEME_vs_CONTROL",1,1,2,15,400,"floor_sqrt_p",5,12,3,0.933842239185751
"HEME_vs_CONTROL",1,1,2,15,400,"floor_sqrt_p",7,12,3,0.931297709923664
"HEME_vs_CONTROL",1,1,3,15,400,"floor_sqrt_p",2,11,3,0.938931297709924
"HEME_vs_CONTROL",1,1,3,15,400,"floor_sqrt_p",5,11,3,0.938931297709924
"HEME_vs_CONTROL",1,1,3,15,400,"floor_sqrt_p",7,11,3,0.944020356234097
"HEME_vs_CONTROL",1,1,4,15,400,"floor_sqrt_p",2,11,3,0.938775510204082
"HEME_vs_CONTROL",1,1,4,15,400,"floor_sqrt_p",5,11,3,0.941326530612245
"HEME_vs_CONTROL",1,1,4,15,400,"floor_sqrt_p",7,11,3,0.938775510204082
"HEME_vs_CONTROL",1,1,5,15,400,"floor_sqrt_p",2,12,3,0.941326530612245
"HEME_vs_CONTROL",1,1,5,15,400,"floor_sqrt_p",5,12,3,0.943877551020408
"HEME_vs_CONTROL",1,1,5,15,400,"floor_sqrt_p",7,12,3,0.951530612244898
"HEME_vs_CONTROL",1,1,1,16,400,"floor_sqrt_p",2,12,3,0.954198473282443
"HEME_vs_CONTROL",1,1,1,16,400,"floor_sqrt_p",5,12,3,0.956743002544529
"HEME_vs_CONTROL",1,1,1,16,400,"floor_sqrt_p",7,12,3,0.954198473282443
"HEME_vs_CONTROL",1,1,2,16,400,"floor_sqrt_p",2,12,3,0.931297709923664
"HEME_vs_CONTROL",1,1,2,16,400,"floor_sqrt_p",5,12,3,0.931297709923664
"HEME_vs_CONTROL",1,1,2,16,400,"floor_sqrt_p",7,12,3,0.928753180661578
"HEME_vs_CONTROL",1,1,3,16,400,"floor_sqrt_p",2,11,3,0.94147582697201
"HEME_vs_CONTROL",1,1,3,16,400,"floor_sqrt_p",5,11,3,0.933842239185751
"HEME_vs_CONTROL",1,1,3,16,400,"floor_sqrt_p",7,11,3,0.936386768447837
"HEME_vs_CONTROL",1,1,4,16,400,"floor_sqrt_p",2,11,3,0.936224489795918
"HEME_vs_CONTROL",1,1,4,16,400,"floor_sqrt_p",5,11,3,0.938775510204082
"HEME_vs_CONTROL",1,1,4,16,400,"floor_sqrt_p",7,11,3,0.936224489795918
"HEME_vs_CONTROL",1,1,5,16,400,"floor_sqrt_p",2,12,3,0.943877551020408
"HEME_vs_CONTROL",1,1,5,16,400,"floor_sqrt_p",5,12,3,0.933673469387755
"HEME_vs_CONTROL",1,1,5,16,400,"floor_sqrt_p",7,12,3,0.931122448979592
"HEME_vs_CONTROL",1,1,1,17,400,"floor_sqrt_p",2,12,3,0.946564885496183
"HEME_vs_CONTROL",1,1,1,17,400,"floor_sqrt_p",5,12,3,0.94147582697201
"HEME_vs_CONTROL",1,1,1,17,400,"floor_sqrt_p",7,12,3,0.944020356234097
"HEME_vs_CONTROL",1,1,2,17,400,"floor_sqrt_p",2,12,3,0.918575063613232
"HEME_vs_CONTROL",1,1,2,17,400,"floor_sqrt_p",5,12,3,0.913486005089059
"HEME_vs_CONTROL",1,1,2,17,400,"floor_sqrt_p",7,12,3,0.921119592875318
"HEME_vs_CONTROL",1,1,3,17,400,"floor_sqrt_p",2,12,3,0.926208651399491
"HEME_vs_CONTROL",1,1,3,17,400,"floor_sqrt_p",5,12,3,0.923664122137405
"HEME_vs_CONTROL",1,1,3,17,400,"floor_sqrt_p",7,12,3,0.923664122137405
"HEME_vs_CONTROL",1,1,4,17,400,"floor_sqrt_p",2,12,3,0.928571428571429
"HEME_vs_CONTROL",1,1,4,17,400,"floor_sqrt_p",5,12,3,0.923469387755102
"HEME_vs_CONTROL",1,1,4,17,400,"floor_sqrt_p",7,12,3,0.926020408163265
"HEME_vs_CONTROL",1,1,5,17,400,"floor_sqrt_p",2,12,3,0.941326530612245
"HEME_vs_CONTROL",1,1,5,17,400,"floor_sqrt_p",5,12,3,0.941326530612245
"HEME_vs_CONTROL",1,1,5,17,400,"floor_sqrt_p",7,12,3,0.936224489795918
"HEME_vs_CONTROL",1,1,1,18,400,"floor_sqrt_p",2,12,3,0.946564885496183
"HEME_vs_CONTROL",1,1,1,18,400,"floor_sqrt_p",5,12,3,0.944020356234097
"HEME_vs_CONTROL",1,1,1,18,400,"floor_sqrt_p",7,12,3,0.944020356234097
"HEME_vs_CONTROL",1,1,2,18,400,"floor_sqrt_p",2,13,3,0.910941475826972
"HEME_vs_CONTROL",1,1,2,18,400,"floor_sqrt_p",5,13,3,0.905852417302799
"HEME_vs_CONTROL",1,1,2,18,400,"floor_sqrt_p",7,13,3,0.905852417302799
"HEME_vs_CONTROL",1,1,3,18,400,"floor_sqrt_p",2,12,3,0.921119592875318
"HEME_vs_CONTROL",1,1,3,18,400,"floor_sqrt_p",5,12,3,0.913486005089059
"HEME_vs_CONTROL",1,1,3,18,400,"floor_sqrt_p",7,12,3,0.913486005089059
"HEME_vs_CONTROL",1,1,4,18,400,"floor_sqrt_p",2,12,3,0.938775510204082
"HEME_vs_CONTROL",1,1,4,18,400,"floor_sqrt_p",5,12,3,0.938775510204082
"HEME_vs_CONTROL",1,1,4,18,400,"floor_sqrt_p",7,12,3,0.938775510204082
"HEME_vs_CONTROL",1,1,5,18,400,"floor_sqrt_p",2,13,3,0.941326530612245
"HEME_vs_CONTROL",1,1,5,18,400,"floor_sqrt_p",5,13,3,0.938775510204082
"HEME_vs_CONTROL",1,1,5,18,400,"floor_sqrt_p",7,13,3,0.941326530612245
"HEME_vs_CONTROL",1,1,1,19,400,"floor_sqrt_p",2,13,3,0.938931297709924
"HEME_vs_CONTROL",1,1,1,19,400,"floor_sqrt_p",5,13,3,0.938931297709924
"HEME_vs_CONTROL",1,1,1,19,400,"floor_sqrt_p",7,13,3,0.94147582697201
"HEME_vs_CONTROL",1,1,2,19,400,"floor_sqrt_p",2,13,3,0.918575063613232
"HEME_vs_CONTROL",1,1,2,19,400,"floor_sqrt_p",5,13,3,0.913486005089059
"HEME_vs_CONTROL",1,1,2,19,400,"floor_sqrt_p",7,13,3,0.921119592875318
"HEME_vs_CONTROL",1,1,3,19,400,"floor_sqrt_p",2,13,3,0.926208651399491
"HEME_vs_CONTROL",1,1,3,19,400,"floor_sqrt_p",5,13,3,0.926208651399491
"HEME_vs_CONTROL",1,1,3,19,400,"floor_sqrt_p",7,13,3,0.921119592875318
"HEME_vs_CONTROL",1,1,4,19,400,"floor_sqrt_p",2,12,3,0.936224489795918
"HEME_vs_CONTROL",1,1,4,19,400,"floor_sqrt_p",5,12,3,0.938775510204082
"HEME_vs_CONTROL",1,1,4,19,400,"floor_sqrt_p",7,12,3,0.938775510204082
"HEME_vs_CONTROL",1,1,5,19,400,"floor_sqrt_p",2,13,3,0.948979591836735
"HEME_vs_CONTROL",1,1,5,19,400,"floor_sqrt_p",5,13,3,0.946428571428571
"HEME_vs_CONTROL",1,1,5,19,400,"floor_sqrt_p",7,13,3,0.946428571428571
"HEME_vs_CONTROL",1,1,1,20,400,"floor_sqrt_p",2,13,3,0.94147582697201
"HEME_vs_CONTROL",1,1,1,20,400,"floor_sqrt_p",5,13,3,0.938931297709924
"HEME_vs_CONTROL",1,1,1,20,400,"floor_sqrt_p",7,13,3,0.938931297709924
"HEME_vs_CONTROL",1,1,2,20,400,"floor_sqrt_p",2,13,3,0.918575063613232
"HEME_vs_CONTROL",1,1,2,20,400,"floor_sqrt_p",5,13,3,0.918575063613232
"HEME_vs_CONTROL",1,1,2,20,400,"floor_sqrt_p",7,13,3,0.918575063613232
"HEME_vs_CONTROL",1,1,3,20,400,"floor_sqrt_p",2,13,3,0.918575063613232
"HEME_vs_CONTROL",1,1,3,20,400,"floor_sqrt_p",5,13,3,0.926208651399491
"HEME_vs_CONTROL",1,1,3,20,400,"floor_sqrt_p",7,13,3,0.921119592875318
"HEME_vs_CONTROL",1,1,4,20,400,"floor_sqrt_p",2,13,3,0.936224489795918
"HEME_vs_CONTROL",1,1,4,20,400,"floor_sqrt_p",5,13,3,0.936224489795918
"HEME_vs_CONTROL",1,1,4,20,400,"floor_sqrt_p",7,13,3,0.938775510204082
"HEME_vs_CONTROL",1,1,5,20,400,"floor_sqrt_p",2,13,3,0.946428571428571
"HEME_vs_CONTROL",1,1,5,20,400,"floor_sqrt_p",5,13,3,0.943877551020408
"HEME_vs_CONTROL",1,1,5,20,400,"floor_sqrt_p",7,13,3,0.941326530612245
"HEME_vs_CONTROL",1,2,1,6,400,"floor_sqrt_p",2,5,2,0.928753180661578
"HEME_vs_CONTROL",1,2,1,6,400,"floor_sqrt_p",5,5,2,0.931297709923664
"HEME_vs_CONTROL",1,2,1,6,400,"floor_sqrt_p",7,5,2,0.921119592875318
"HEME_vs_CONTROL",1,2,2,6,400,"floor_sqrt_p",2,5,2,0.900763358778626
"HEME_vs_CONTROL",1,2,2,6,400,"floor_sqrt_p",5,5,2,0.900763358778626
"HEME_vs_CONTROL",1,2,2,6,400,"floor_sqrt_p",7,5,2,0.905852417302799
"HEME_vs_CONTROL",1,2,3,6,400,"floor_sqrt_p",2,5,2,0.908396946564885
"HEME_vs_CONTROL",1,2,3,6,400,"floor_sqrt_p",5,5,2,0.905852417302799
"HEME_vs_CONTROL",1,2,3,6,400,"floor_sqrt_p",7,5,2,0.905852417302799
"HEME_vs_CONTROL",1,2,4,6,400,"floor_sqrt_p",2,5,2,0.936224489795918
"HEME_vs_CONTROL",1,2,4,6,400,"floor_sqrt_p",5,5,2,0.936224489795918
"HEME_vs_CONTROL",1,2,4,6,400,"floor_sqrt_p",7,5,2,0.938775510204082
"HEME_vs_CONTROL",1,2,5,6,400,"floor_sqrt_p",2,5,2,0.933673469387755
"HEME_vs_CONTROL",1,2,5,6,400,"floor_sqrt_p",5,5,2,0.933673469387755
"HEME_vs_CONTROL",1,2,5,6,400,"floor_sqrt_p",7,5,2,0.936224489795918
"HEME_vs_CONTROL",1,2,1,7,400,"floor_sqrt_p",2,6,2,0.94147582697201
"HEME_vs_CONTROL",1,2,1,7,400,"floor_sqrt_p",5,6,2,0.94147582697201
"HEME_vs_CONTROL",1,2,1,7,400,"floor_sqrt_p",7,6,2,0.938931297709924
"HEME_vs_CONTROL",1,2,2,7,400,"floor_sqrt_p",2,6,2,0.921119592875318
"HEME_vs_CONTROL",1,2,2,7,400,"floor_sqrt_p",5,6,2,0.923664122137405
"HEME_vs_CONTROL",1,2,2,7,400,"floor_sqrt_p",7,6,2,0.923664122137405
"HEME_vs_CONTROL",1,2,3,7,400,"floor_sqrt_p",2,6,2,0.923664122137405
"HEME_vs_CONTROL",1,2,3,7,400,"floor_sqrt_p",5,6,2,0.928753180661578
"HEME_vs_CONTROL",1,2,3,7,400,"floor_sqrt_p",7,6,2,0.923664122137405
"HEME_vs_CONTROL",1,2,4,7,400,"floor_sqrt_p",2,7,2,0.936224489795918
"HEME_vs_CONTROL",1,2,4,7,400,"floor_sqrt_p",5,7,2,0.936224489795918
"HEME_vs_CONTROL",1,2,4,7,400,"floor_sqrt_p",7,7,2,0.928571428571429
"HEME_vs_CONTROL",1,2,5,7,400,"floor_sqrt_p",2,6,2,0.956632653061224
"HEME_vs_CONTROL",1,2,5,7,400,"floor_sqrt_p",5,6,2,0.956632653061224
"HEME_vs_CONTROL",1,2,5,7,400,"floor_sqrt_p",7,6,2,0.954081632653061
"HEME_vs_CONTROL",1,2,1,8,400,"floor_sqrt_p",2,7,2,0.94147582697201
"HEME_vs_CONTROL",1,2,1,8,400,"floor_sqrt_p",5,7,2,0.944020356234097
"HEME_vs_CONTROL",1,2,1,8,400,"floor_sqrt_p",7,7,2,0.944020356234097
"HEME_vs_CONTROL",1,2,2,8,400,"floor_sqrt_p",2,7,2,0.913486005089059
"HEME_vs_CONTROL",1,2,2,8,400,"floor_sqrt_p",5,7,2,0.913486005089059
"HEME_vs_CONTROL",1,2,2,8,400,"floor_sqrt_p",7,7,2,0.908396946564885
"HEME_vs_CONTROL",1,2,3,8,400,"floor_sqrt_p",2,7,2,0.923664122137405
"HEME_vs_CONTROL",1,2,3,8,400,"floor_sqrt_p",5,7,2,0.918575063613232
"HEME_vs_CONTROL",1,2,3,8,400,"floor_sqrt_p",7,7,2,0.918575063613232
"HEME_vs_CONTROL",1,2,4,8,400,"floor_sqrt_p",2,7,2,0.920918367346939
"HEME_vs_CONTROL",1,2,4,8,400,"floor_sqrt_p",5,7,2,0.920918367346939
"HEME_vs_CONTROL",1,2,4,8,400,"floor_sqrt_p",7,7,2,0.918367346938776
"HEME_vs_CONTROL",1,2,5,8,400,"floor_sqrt_p",2,7,2,0.946428571428571
"HEME_vs_CONTROL",1,2,5,8,400,"floor_sqrt_p",5,7,2,0.951530612244898
"HEME_vs_CONTROL",1,2,5,8,400,"floor_sqrt_p",7,7,2,0.946428571428571
"HEME_vs_CONTROL",1,2,1,9,400,"floor_sqrt_p",2,8,2,0.938931297709924
"HEME_vs_CONTROL",1,2,1,9,400,"floor_sqrt_p",5,8,2,0.938931297709924
"HEME_vs_CONTROL",1,2,1,9,400,"floor_sqrt_p",7,8,2,0.94147582697201
"HEME_vs_CONTROL",1,2,2,9,400,"floor_sqrt_p",2,8,2,0.900763358778626
"HEME_vs_CONTROL",1,2,2,9,400,"floor_sqrt_p",5,8,2,0.903307888040712
"HEME_vs_CONTROL",1,2,2,9,400,"floor_sqrt_p",7,8,2,0.905852417302799
"HEME_vs_CONTROL",1,2,3,9,400,"floor_sqrt_p",2,8,2,0.933842239185751
"HEME_vs_CONTROL",1,2,3,9,400,"floor_sqrt_p",5,8,2,0.931297709923664
"HEME_vs_CONTROL",1,2,3,9,400,"floor_sqrt_p",7,8,2,0.936386768447837
"HEME_vs_CONTROL",1,2,4,9,400,"floor_sqrt_p",2,8,2,0.931122448979592
"HEME_vs_CONTROL",1,2,4,9,400,"floor_sqrt_p",5,8,2,0.928571428571429
"HEME_vs_CONTROL",1,2,4,9,400,"floor_sqrt_p",7,8,2,0.931122448979592
"HEME_vs_CONTROL",1,2,5,9,400,"floor_sqrt_p",2,8,2,0.954081632653061
"HEME_vs_CONTROL",1,2,5,9,400,"floor_sqrt_p",5,8,2,0.948979591836735
"HEME_vs_CONTROL",1,2,5,9,400,"floor_sqrt_p",7,8,2,0.951530612244898
"HEME_vs_CONTROL",1,2,1,10,400,"floor_sqrt_p",2,9,3,0.946564885496183
"HEME_vs_CONTROL",1,2,1,10,400,"floor_sqrt_p",5,9,3,0.951653944020356
"HEME_vs_CONTROL",1,2,1,10,400,"floor_sqrt_p",7,9,3,0.946564885496183
"HEME_vs_CONTROL",1,2,2,10,400,"floor_sqrt_p",2,8,2,0.913486005089059
"HEME_vs_CONTROL",1,2,2,10,400,"floor_sqrt_p",5,8,2,0.908396946564885
"HEME_vs_CONTROL",1,2,2,10,400,"floor_sqrt_p",7,8,2,0.913486005089059
"HEME_vs_CONTROL",1,2,3,10,400,"floor_sqrt_p",2,8,2,0.931297709923664
"HEME_vs_CONTROL",1,2,3,10,400,"floor_sqrt_p",5,8,2,0.931297709923664
"HEME_vs_CONTROL",1,2,3,10,400,"floor_sqrt_p",7,8,2,0.933842239185751
"HEME_vs_CONTROL",1,2,4,10,400,"floor_sqrt_p",2,9,3,0.936224489795918
"HEME_vs_CONTROL",1,2,4,10,400,"floor_sqrt_p",5,9,3,0.936224489795918
"HEME_vs_CONTROL",1,2,4,10,400,"floor_sqrt_p",7,9,3,0.938775510204082
"HEME_vs_CONTROL",1,2,5,10,400,"floor_sqrt_p",2,8,2,0.943877551020408
"HEME_vs_CONTROL",1,2,5,10,400,"floor_sqrt_p",5,8,2,0.946428571428571
"HEME_vs_CONTROL",1,2,5,10,400,"floor_sqrt_p",7,8,2,0.943877551020408
"HEME_vs_CONTROL",1,2,1,11,400,"floor_sqrt_p",2,9,3,0.94147582697201
"HEME_vs_CONTROL",1,2,1,11,400,"floor_sqrt_p",5,9,3,0.938931297709924
"HEME_vs_CONTROL",1,2,1,11,400,"floor_sqrt_p",7,9,3,0.938931297709924
"HEME_vs_CONTROL",1,2,2,11,400,"floor_sqrt_p",2,9,3,0.905852417302799
"HEME_vs_CONTROL",1,2,2,11,400,"floor_sqrt_p",5,9,3,0.913486005089059
"HEME_vs_CONTROL",1,2,2,11,400,"floor_sqrt_p",7,9,3,0.908396946564885
"HEME_vs_CONTROL",1,2,3,11,400,"floor_sqrt_p",2,9,3,0.931297709923664
"HEME_vs_CONTROL",1,2,3,11,400,"floor_sqrt_p",5,9,3,0.933842239185751
"HEME_vs_CONTROL",1,2,3,11,400,"floor_sqrt_p",7,9,3,0.933842239185751
"HEME_vs_CONTROL",1,2,4,11,400,"floor_sqrt_p",2,9,3,0.943877551020408
"HEME_vs_CONTROL",1,2,4,11,400,"floor_sqrt_p",5,9,3,0.946428571428571
"HEME_vs_CONTROL",1,2,4,11,400,"floor_sqrt_p",7,9,3,0.943877551020408
"HEME_vs_CONTROL",1,2,5,11,400,"floor_sqrt_p",2,9,3,0.946428571428571
"HEME_vs_CONTROL",1,2,5,11,400,"floor_sqrt_p",5,9,3,0.943877551020408
"HEME_vs_CONTROL",1,2,5,11,400,"floor_sqrt_p",7,9,3,0.948979591836735
"HEME_vs_CONTROL",1,2,1,12,400,"floor_sqrt_p",2,10,3,0.928753180661578
"HEME_vs_CONTROL",1,2,1,12,400,"floor_sqrt_p",5,10,3,0.933842239185751
"HEME_vs_CONTROL",1,2,1,12,400,"floor_sqrt_p",7,10,3,0.933842239185751
"HEME_vs_CONTROL",1,2,2,12,400,"floor_sqrt_p",2,10,3,0.916030534351145
"HEME_vs_CONTROL",1,2,2,12,400,"floor_sqrt_p",5,10,3,0.916030534351145
"HEME_vs_CONTROL",1,2,2,12,400,"floor_sqrt_p",7,10,3,0.918575063613232
"HEME_vs_CONTROL",1,2,3,12,400,"floor_sqrt_p",2,9,3,0.936386768447837
"HEME_vs_CONTROL",1,2,3,12,400,"floor_sqrt_p",5,9,3,0.936386768447837
"HEME_vs_CONTROL",1,2,3,12,400,"floor_sqrt_p",7,9,3,0.938931297709924
"HEME_vs_CONTROL",1,2,4,12,400,"floor_sqrt_p",2,10,3,0.943877551020408
"HEME_vs_CONTROL",1,2,4,12,400,"floor_sqrt_p",5,10,3,0.946428571428571
"HEME_vs_CONTROL",1,2,4,12,400,"floor_sqrt_p",7,10,3,0.943877551020408
"HEME_vs_CONTROL",1,2,5,12,400,"floor_sqrt_p",2,10,3,0.961734693877551
"HEME_vs_CONTROL",1,2,5,12,400,"floor_sqrt_p",5,10,3,0.959183673469388
"HEME_vs_CONTROL",1,2,5,12,400,"floor_sqrt_p",7,10,3,0.959183673469388
"HEME_vs_CONTROL",1,2,1,13,400,"floor_sqrt_p",2,10,3,0.94147582697201
"HEME_vs_CONTROL",1,2,1,13,400,"floor_sqrt_p",5,10,3,0.938931297709924
"HEME_vs_CONTROL",1,2,1,13,400,"floor_sqrt_p",7,10,3,0.936386768447837
"HEME_vs_CONTROL",1,2,2,13,400,"floor_sqrt_p",2,10,3,0.928753180661578
"HEME_vs_CONTROL",1,2,2,13,400,"floor_sqrt_p",5,10,3,0.918575063613232
"HEME_vs_CONTROL",1,2,2,13,400,"floor_sqrt_p",7,10,3,0.921119592875318
"HEME_vs_CONTROL",1,2,3,13,400,"floor_sqrt_p",2,10,3,0.931297709923664
"HEME_vs_CONTROL",1,2,3,13,400,"floor_sqrt_p",5,10,3,0.933842239185751
"HEME_vs_CONTROL",1,2,3,13,400,"floor_sqrt_p",7,10,3,0.933842239185751
"HEME_vs_CONTROL",1,2,4,13,400,"floor_sqrt_p",2,10,3,0.951530612244898
"HEME_vs_CONTROL",1,2,4,13,400,"floor_sqrt_p",5,10,3,0.954081632653061
"HEME_vs_CONTROL",1,2,4,13,400,"floor_sqrt_p",7,10,3,0.946428571428571
"HEME_vs_CONTROL",1,2,5,13,400,"floor_sqrt_p",2,10,3,0.961734693877551
"HEME_vs_CONTROL",1,2,5,13,400,"floor_sqrt_p",5,10,3,0.961734693877551
"HEME_vs_CONTROL",1,2,5,13,400,"floor_sqrt_p",7,10,3,0.961734693877551
"HEME_vs_CONTROL",1,2,1,14,400,"floor_sqrt_p",2,11,3,0.954198473282443
"HEME_vs_CONTROL",1,2,1,14,400,"floor_sqrt_p",5,11,3,0.954198473282443
"HEME_vs_CONTROL",1,2,1,14,400,"floor_sqrt_p",7,11,3,0.956743002544529
"HEME_vs_CONTROL",1,2,2,14,400,"floor_sqrt_p",2,11,3,0.903307888040712
"HEME_vs_CONTROL",1,2,2,14,400,"floor_sqrt_p",5,11,3,0.908396946564885
"HEME_vs_CONTROL",1,2,2,14,400,"floor_sqrt_p",7,11,3,0.910941475826972
"HEME_vs_CONTROL",1,2,3,14,400,"floor_sqrt_p",2,10,3,0.936386768447837
"HEME_vs_CONTROL",1,2,3,14,400,"floor_sqrt_p",5,10,3,0.938931297709924
"HEME_vs_CONTROL",1,2,3,14,400,"floor_sqrt_p",7,10,3,0.94147582697201
"HEME_vs_CONTROL",1,2,4,14,400,"floor_sqrt_p",2,11,3,0.948979591836735
"HEME_vs_CONTROL",1,2,4,14,400,"floor_sqrt_p",5,11,3,0.948979591836735
"HEME_vs_CONTROL",1,2,4,14,400,"floor_sqrt_p",7,11,3,0.951530612244898
"HEME_vs_CONTROL",1,2,5,14,400,"floor_sqrt_p",2,10,3,0.964285714285714
"HEME_vs_CONTROL",1,2,5,14,400,"floor_sqrt_p",5,10,3,0.959183673469388
"HEME_vs_CONTROL",1,2,5,14,400,"floor_sqrt_p",7,10,3,0.961734693877551
"HEME_vs_CONTROL",1,2,1,15,400,"floor_sqrt_p",2,11,3,0.94910941475827
"HEME_vs_CONTROL",1,2,1,15,400,"floor_sqrt_p",5,11,3,0.94910941475827
"HEME_vs_CONTROL",1,2,1,15,400,"floor_sqrt_p",7,11,3,0.94910941475827
"HEME_vs_CONTROL",1,2,2,15,400,"floor_sqrt_p",2,11,3,0.921119592875318
"HEME_vs_CONTROL",1,2,2,15,400,"floor_sqrt_p",5,11,3,0.923664122137405
"HEME_vs_CONTROL",1,2,2,15,400,"floor_sqrt_p",7,11,3,0.921119592875318
"HEME_vs_CONTROL",1,2,3,15,400,"floor_sqrt_p",2,11,3,0.94147582697201
"HEME_vs_CONTROL",1,2,3,15,400,"floor_sqrt_p",5,11,3,0.946564885496183
"HEME_vs_CONTROL",1,2,3,15,400,"floor_sqrt_p",7,11,3,0.944020356234097
"HEME_vs_CONTROL",1,2,4,15,400,"floor_sqrt_p",2,11,3,0.948979591836735
"HEME_vs_CONTROL",1,2,4,15,400,"floor_sqrt_p",5,11,3,0.946428571428571
"HEME_vs_CONTROL",1,2,4,15,400,"floor_sqrt_p",7,11,3,0.946428571428571
"HEME_vs_CONTROL",1,2,5,15,400,"floor_sqrt_p",2,11,3,0.964285714285714
"HEME_vs_CONTROL",1,2,5,15,400,"floor_sqrt_p",5,11,3,0.956632653061224
"HEME_vs_CONTROL",1,2,5,15,400,"floor_sqrt_p",7,11,3,0.961734693877551
"HEME_vs_CONTROL",1,2,1,16,400,"floor_sqrt_p",2,11,3,0.944020356234097
"HEME_vs_CONTROL",1,2,1,16,400,"floor_sqrt_p",5,11,3,0.944020356234097
"HEME_vs_CONTROL",1,2,1,16,400,"floor_sqrt_p",7,11,3,0.946564885496183
"HEME_vs_CONTROL",1,2,2,16,400,"floor_sqrt_p",2,11,3,0.913486005089059
"HEME_vs_CONTROL",1,2,2,16,400,"floor_sqrt_p",5,11,3,0.928753180661578
"HEME_vs_CONTROL",1,2,2,16,400,"floor_sqrt_p",7,11,3,0.921119592875318
"HEME_vs_CONTROL",1,2,3,16,400,"floor_sqrt_p",2,11,3,0.933842239185751
"HEME_vs_CONTROL",1,2,3,16,400,"floor_sqrt_p",5,11,3,0.933842239185751
"HEME_vs_CONTROL",1,2,3,16,400,"floor_sqrt_p",7,11,3,0.933842239185751
"HEME_vs_CONTROL",1,2,4,16,400,"floor_sqrt_p",2,12,3,0.928571428571429
"HEME_vs_CONTROL",1,2,4,16,400,"floor_sqrt_p",5,12,3,0.928571428571429
"HEME_vs_CONTROL",1,2,4,16,400,"floor_sqrt_p",7,12,3,0.931122448979592
"HEME_vs_CONTROL",1,2,5,16,400,"floor_sqrt_p",2,11,3,0.956632653061224
"HEME_vs_CONTROL",1,2,5,16,400,"floor_sqrt_p",5,11,3,0.961734693877551
"HEME_vs_CONTROL",1,2,5,16,400,"floor_sqrt_p",7,11,3,0.961734693877551
"HEME_vs_CONTROL",1,2,1,17,400,"floor_sqrt_p",2,12,3,0.931297709923664
"HEME_vs_CONTROL",1,2,1,17,400,"floor_sqrt_p",5,12,3,0.931297709923664
"HEME_vs_CONTROL",1,2,1,17,400,"floor_sqrt_p",7,12,3,0.926208651399491
"HEME_vs_CONTROL",1,2,2,17,400,"floor_sqrt_p",2,12,3,0.921119592875318
"HEME_vs_CONTROL",1,2,2,17,400,"floor_sqrt_p",5,12,3,0.918575063613232
"HEME_vs_CONTROL",1,2,2,17,400,"floor_sqrt_p",7,12,3,0.913486005089059
"HEME_vs_CONTROL",1,2,3,17,400,"floor_sqrt_p",2,12,3,0.931297709923664
"HEME_vs_CONTROL",1,2,3,17,400,"floor_sqrt_p",5,12,3,0.926208651399491
"HEME_vs_CONTROL",1,2,3,17,400,"floor_sqrt_p",7,12,3,0.926208651399491
"HEME_vs_CONTROL",1,2,4,17,400,"floor_sqrt_p",2,12,3,0.933673469387755
"HEME_vs_CONTROL",1,2,4,17,400,"floor_sqrt_p",5,12,3,0.931122448979592
"HEME_vs_CONTROL",1,2,4,17,400,"floor_sqrt_p",7,12,3,0.933673469387755
"HEME_vs_CONTROL",1,2,5,17,400,"floor_sqrt_p",2,12,3,0.951530612244898
"HEME_vs_CONTROL",1,2,5,17,400,"floor_sqrt_p",5,12,3,0.951530612244898
"HEME_vs_CONTROL",1,2,5,17,400,"floor_sqrt_p",7,12,3,0.954081632653061
"HEME_vs_CONTROL",1,2,1,18,400,"floor_sqrt_p",2,12,3,0.923664122137405
"HEME_vs_CONTROL",1,2,1,18,400,"floor_sqrt_p",5,12,3,0.921119592875318
"HEME_vs_CONTROL",1,2,1,18,400,"floor_sqrt_p",7,12,3,0.918575063613232
"HEME_vs_CONTROL",1,2,2,18,400,"floor_sqrt_p",2,12,3,0.916030534351145
"HEME_vs_CONTROL",1,2,2,18,400,"floor_sqrt_p",5,12,3,0.910941475826972
"HEME_vs_CONTROL",1,2,2,18,400,"floor_sqrt_p",7,12,3,0.913486005089059
"HEME_vs_CONTROL",1,2,3,18,400,"floor_sqrt_p",2,12,3,0.933842239185751
"HEME_vs_CONTROL",1,2,3,18,400,"floor_sqrt_p",5,12,3,0.928753180661578
"HEME_vs_CONTROL",1,2,3,18,400,"floor_sqrt_p",7,12,3,0.931297709923664
"HEME_vs_CONTROL",1,2,4,18,400,"floor_sqrt_p",2,12,3,0.933673469387755
"HEME_vs_CONTROL",1,2,4,18,400,"floor_sqrt_p",5,12,3,0.933673469387755
"HEME_vs_CONTROL",1,2,4,18,400,"floor_sqrt_p",7,12,3,0.933673469387755
"HEME_vs_CONTROL",1,2,5,18,400,"floor_sqrt_p",2,12,3,0.948979591836735
"HEME_vs_CONTROL",1,2,5,18,400,"floor_sqrt_p",5,12,3,0.946428571428571
"HEME_vs_CONTROL",1,2,5,18,400,"floor_sqrt_p",7,12,3,0.941326530612245
"HEME_vs_CONTROL",1,2,1,19,400,"floor_sqrt_p",2,12,3,0.936386768447837
"HEME_vs_CONTROL",1,2,1,19,400,"floor_sqrt_p",5,12,3,0.933842239185751
"HEME_vs_CONTROL",1,2,1,19,400,"floor_sqrt_p",7,12,3,0.936386768447837
"HEME_vs_CONTROL",1,2,2,19,400,"floor_sqrt_p",2,12,3,0.916030534351145
"HEME_vs_CONTROL",1,2,2,19,400,"floor_sqrt_p",5,12,3,0.910941475826972
"HEME_vs_CONTROL",1,2,2,19,400,"floor_sqrt_p",7,12,3,0.908396946564885
"HEME_vs_CONTROL",1,2,3,19,400,"floor_sqrt_p",2,13,3,0.928753180661578
"HEME_vs_CONTROL",1,2,3,19,400,"floor_sqrt_p",5,13,3,0.926208651399491
"HEME_vs_CONTROL",1,2,3,19,400,"floor_sqrt_p",7,13,3,0.928753180661578
"HEME_vs_CONTROL",1,2,4,19,400,"floor_sqrt_p",2,13,3,0.926020408163265
"HEME_vs_CONTROL",1,2,4,19,400,"floor_sqrt_p",5,13,3,0.933673469387755
"HEME_vs_CONTROL",1,2,4,19,400,"floor_sqrt_p",7,13,3,0.931122448979592
"HEME_vs_CONTROL",1,2,5,19,400,"floor_sqrt_p",2,12,3,0.954081632653061
"HEME_vs_CONTROL",1,2,5,19,400,"floor_sqrt_p",5,12,3,0.951530612244898
"HEME_vs_CONTROL",1,2,5,19,400,"floor_sqrt_p",7,12,3,0.948979591836735
"HEME_vs_CONTROL",1,2,1,20,400,"floor_sqrt_p",2,13,3,0.938931297709924
"HEME_vs_CONTROL",1,2,1,20,400,"floor_sqrt_p",5,13,3,0.94147582697201
"HEME_vs_CONTROL",1,2,1,20,400,"floor_sqrt_p",7,13,3,0.933842239185751
"HEME_vs_CONTROL",1,2,2,20,400,"floor_sqrt_p",2,13,3,0.905852417302799
"HEME_vs_CONTROL",1,2,2,20,400,"floor_sqrt_p",5,13,3,0.903307888040712
"HEME_vs_CONTROL",1,2,2,20,400,"floor_sqrt_p",7,13,3,0.903307888040712
"HEME_vs_CONTROL",1,2,3,20,400,"floor_sqrt_p",2,13,3,0.918575063613232
"HEME_vs_CONTROL",1,2,3,20,400,"floor_sqrt_p",5,13,3,0.926208651399491
"HEME_vs_CONTROL",1,2,3,20,400,"floor_sqrt_p",7,13,3,0.923664122137405
"HEME_vs_CONTROL",1,2,4,20,400,"floor_sqrt_p",2,13,3,0.941326530612245
"HEME_vs_CONTROL",1,2,4,20,400,"floor_sqrt_p",5,13,3,0.943877551020408
"HEME_vs_CONTROL",1,2,4,20,400,"floor_sqrt_p",7,13,3,0.943877551020408
"HEME_vs_CONTROL",1,2,5,20,400,"floor_sqrt_p",2,13,3,0.948979591836735
"HEME_vs_CONTROL",1,2,5,20,400,"floor_sqrt_p",5,13,3,0.946428571428571
"HEME_vs_CONTROL",1,2,5,20,400,"floor_sqrt_p",7,13,3,0.946428571428571
"HEME_vs_CONTROL",1,3,1,6,400,"floor_sqrt_p",2,5,2,0.931297709923664
"HEME_vs_CONTROL",1,3,1,6,400,"floor_sqrt_p",5,5,2,0.931297709923664
"HEME_vs_CONTROL",1,3,1,6,400,"floor_sqrt_p",7,5,2,0.931297709923664
"HEME_vs_CONTROL",1,3,2,6,400,"floor_sqrt_p",2,6,2,0.938931297709924
"HEME_vs_CONTROL",1,3,2,6,400,"floor_sqrt_p",5,6,2,0.94147582697201
"HEME_vs_CONTROL",1,3,2,6,400,"floor_sqrt_p",7,6,2,0.936386768447837
"HEME_vs_CONTROL",1,3,3,6,400,"floor_sqrt_p",2,6,2,0.926208651399491
"HEME_vs_CONTROL",1,3,3,6,400,"floor_sqrt_p",5,6,2,0.926208651399491
"HEME_vs_CONTROL",1,3,3,6,400,"floor_sqrt_p",7,6,2,0.926208651399491
"HEME_vs_CONTROL",1,3,4,6,400,"floor_sqrt_p",2,5,2,0.918575063613232
"HEME_vs_CONTROL",1,3,4,6,400,"floor_sqrt_p",5,5,2,0.918575063613232
"HEME_vs_CONTROL",1,3,4,6,400,"floor_sqrt_p",7,5,2,0.918575063613232
"HEME_vs_CONTROL",1,3,5,6,400,"floor_sqrt_p",2,5,2,0.926020408163265
"HEME_vs_CONTROL",1,3,5,6,400,"floor_sqrt_p",5,5,2,0.923469387755102
"HEME_vs_CONTROL",1,3,5,6,400,"floor_sqrt_p",7,5,2,0.931122448979592
"HEME_vs_CONTROL",1,3,1,7,400,"floor_sqrt_p",2,6,2,0.931297709923664
"HEME_vs_CONTROL",1,3,1,7,400,"floor_sqrt_p",5,6,2,0.933842239185751
"HEME_vs_CONTROL",1,3,1,7,400,"floor_sqrt_p",7,6,2,0.931297709923664
"HEME_vs_CONTROL",1,3,2,7,400,"floor_sqrt_p",2,7,2,0.938931297709924
"HEME_vs_CONTROL",1,3,2,7,400,"floor_sqrt_p",5,7,2,0.928753180661578
"HEME_vs_CONTROL",1,3,2,7,400,"floor_sqrt_p",7,7,2,0.931297709923664
"HEME_vs_CONTROL",1,3,3,7,400,"floor_sqrt_p",2,7,2,0.931297709923664
"HEME_vs_CONTROL",1,3,3,7,400,"floor_sqrt_p",5,7,2,0.933842239185751
"HEME_vs_CONTROL",1,3,3,7,400,"floor_sqrt_p",7,7,2,0.928753180661578
"HEME_vs_CONTROL",1,3,4,7,400,"floor_sqrt_p",2,7,2,0.933842239185751
"HEME_vs_CONTROL",1,3,4,7,400,"floor_sqrt_p",5,7,2,0.936386768447837
"HEME_vs_CONTROL",1,3,4,7,400,"floor_sqrt_p",7,7,2,0.931297709923664
"HEME_vs_CONTROL",1,3,5,7,400,"floor_sqrt_p",2,7,2,0.918367346938776
"HEME_vs_CONTROL",1,3,5,7,400,"floor_sqrt_p",5,7,2,0.915816326530612
"HEME_vs_CONTROL",1,3,5,7,400,"floor_sqrt_p",7,7,2,0.913265306122449
"HEME_vs_CONTROL",1,3,1,8,400,"floor_sqrt_p",2,7,2,0.918575063613232
"HEME_vs_CONTROL",1,3,1,8,400,"floor_sqrt_p",5,7,2,0.923664122137405
"HEME_vs_CONTROL",1,3,1,8,400,"floor_sqrt_p",7,7,2,0.923664122137405
"HEME_vs_CONTROL",1,3,2,8,400,"floor_sqrt_p",2,7,2,0.931297709923664
"HEME_vs_CONTROL",1,3,2,8,400,"floor_sqrt_p",5,7,2,0.933842239185751
"HEME_vs_CONTROL",1,3,2,8,400,"floor_sqrt_p",7,7,2,0.928753180661578
"HEME_vs_CONTROL",1,3,3,8,400,"floor_sqrt_p",2,8,2,0.936386768447837
"HEME_vs_CONTROL",1,3,3,8,400,"floor_sqrt_p",5,8,2,0.938931297709924
"HEME_vs_CONTROL",1,3,3,8,400,"floor_sqrt_p",7,8,2,0.938931297709924
"HEME_vs_CONTROL",1,3,4,8,400,"floor_sqrt_p",2,7,2,0.918575063613232
"HEME_vs_CONTROL",1,3,4,8,400,"floor_sqrt_p",5,7,2,0.913486005089059
"HEME_vs_CONTROL",1,3,4,8,400,"floor_sqrt_p",7,7,2,0.913486005089059
"HEME_vs_CONTROL",1,3,5,8,400,"floor_sqrt_p",2,7,2,0.915816326530612
"HEME_vs_CONTROL",1,3,5,8,400,"floor_sqrt_p",5,7,2,0.920918367346939
"HEME_vs_CONTROL",1,3,5,8,400,"floor_sqrt_p",7,7,2,0.918367346938776
"HEME_vs_CONTROL",1,3,1,9,400,"floor_sqrt_p",2,8,2,0.936386768447837
"HEME_vs_CONTROL",1,3,1,9,400,"floor_sqrt_p",5,8,2,0.933842239185751
"HEME_vs_CONTROL",1,3,1,9,400,"floor_sqrt_p",7,8,2,0.938931297709924
"HEME_vs_CONTROL",1,3,2,9,400,"floor_sqrt_p",2,8,2,0.938931297709924
"HEME_vs_CONTROL",1,3,2,9,400,"floor_sqrt_p",5,8,2,0.933842239185751
"HEME_vs_CONTROL",1,3,2,9,400,"floor_sqrt_p",7,8,2,0.933842239185751
"HEME_vs_CONTROL",1,3,3,9,400,"floor_sqrt_p",2,8,2,0.933842239185751
"HEME_vs_CONTROL",1,3,3,9,400,"floor_sqrt_p",5,8,2,0.938931297709924
"HEME_vs_CONTROL",1,3,3,9,400,"floor_sqrt_p",7,8,2,0.938931297709924
"HEME_vs_CONTROL",1,3,4,9,400,"floor_sqrt_p",2,8,2,0.908396946564885
"HEME_vs_CONTROL",1,3,4,9,400,"floor_sqrt_p",5,8,2,0.908396946564885
"HEME_vs_CONTROL",1,3,4,9,400,"floor_sqrt_p",7,8,2,0.913486005089059
"HEME_vs_CONTROL",1,3,5,9,400,"floor_sqrt_p",2,8,2,0.928571428571429
"HEME_vs_CONTROL",1,3,5,9,400,"floor_sqrt_p",5,8,2,0.928571428571429
"HEME_vs_CONTROL",1,3,5,9,400,"floor_sqrt_p",7,8,2,0.928571428571429
"HEME_vs_CONTROL",1,3,1,10,400,"floor_sqrt_p",2,9,3,0.938931297709924
"HEME_vs_CONTROL",1,3,1,10,400,"floor_sqrt_p",5,9,3,0.944020356234097
"HEME_vs_CONTROL",1,3,1,10,400,"floor_sqrt_p",7,9,3,0.938931297709924
"HEME_vs_CONTROL",1,3,2,10,400,"floor_sqrt_p",2,9,3,0.94147582697201
"HEME_vs_CONTROL",1,3,2,10,400,"floor_sqrt_p",5,9,3,0.936386768447837
"HEME_vs_CONTROL",1,3,2,10,400,"floor_sqrt_p",7,9,3,0.936386768447837
"HEME_vs_CONTROL",1,3,3,10,400,"floor_sqrt_p",2,9,3,0.94910941475827
"HEME_vs_CONTROL",1,3,3,10,400,"floor_sqrt_p",5,9,3,0.946564885496183
"HEME_vs_CONTROL",1,3,3,10,400,"floor_sqrt_p",7,9,3,0.94147582697201
"HEME_vs_CONTROL",1,3,4,10,400,"floor_sqrt_p",2,9,3,0.918575063613232
"HEME_vs_CONTROL",1,3,4,10,400,"floor_sqrt_p",5,9,3,0.916030534351145
"HEME_vs_CONTROL",1,3,4,10,400,"floor_sqrt_p",7,9,3,0.913486005089059
"HEME_vs_CONTROL",1,3,5,10,400,"floor_sqrt_p",2,9,3,0.923469387755102
"HEME_vs_CONTROL",1,3,5,10,400,"floor_sqrt_p",5,9,3,0.923469387755102
"HEME_vs_CONTROL",1,3,5,10,400,"floor_sqrt_p",7,9,3,0.926020408163265
"HEME_vs_CONTROL",1,3,1,11,400,"floor_sqrt_p",2,9,3,0.944020356234097
"HEME_vs_CONTROL",1,3,1,11,400,"floor_sqrt_p",5,9,3,0.944020356234097
"HEME_vs_CONTROL",1,3,1,11,400,"floor_sqrt_p",7,9,3,0.946564885496183
"HEME_vs_CONTROL",1,3,2,11,400,"floor_sqrt_p",2,10,3,0.936386768447837
"HEME_vs_CONTROL",1,3,2,11,400,"floor_sqrt_p",5,10,3,0.946564885496183
"HEME_vs_CONTROL",1,3,2,11,400,"floor_sqrt_p",7,10,3,0.946564885496183
"HEME_vs_CONTROL",1,3,3,11,400,"floor_sqrt_p",2,10,3,0.938931297709924
"HEME_vs_CONTROL",1,3,3,11,400,"floor_sqrt_p",5,10,3,0.931297709923664
"HEME_vs_CONTROL",1,3,3,11,400,"floor_sqrt_p",7,10,3,0.933842239185751
"HEME_vs_CONTROL",1,3,4,11,400,"floor_sqrt_p",2,9,3,0.923664122137405
"HEME_vs_CONTROL",1,3,4,11,400,"floor_sqrt_p",5,9,3,0.923664122137405
"HEME_vs_CONTROL",1,3,4,11,400,"floor_sqrt_p",7,9,3,0.923664122137405
"HEME_vs_CONTROL",1,3,5,11,400,"floor_sqrt_p",2,9,3,0.926020408163265
"HEME_vs_CONTROL",1,3,5,11,400,"floor_sqrt_p",5,9,3,0.931122448979592
"HEME_vs_CONTROL",1,3,5,11,400,"floor_sqrt_p",7,9,3,0.923469387755102
"HEME_vs_CONTROL",1,3,1,12,400,"floor_sqrt_p",2,10,3,0.951653944020356
"HEME_vs_CONTROL",1,3,1,12,400,"floor_sqrt_p",5,10,3,0.94910941475827
"HEME_vs_CONTROL",1,3,1,12,400,"floor_sqrt_p",7,10,3,0.94910941475827
"HEME_vs_CONTROL",1,3,2,12,400,"floor_sqrt_p",2,10,3,0.94910941475827
"HEME_vs_CONTROL",1,3,2,12,400,"floor_sqrt_p",5,10,3,0.94910941475827
"HEME_vs_CONTROL",1,3,2,12,400,"floor_sqrt_p",7,10,3,0.94910941475827
"HEME_vs_CONTROL",1,3,3,12,400,"floor_sqrt_p",2,10,3,0.933842239185751
"HEME_vs_CONTROL",1,3,3,12,400,"floor_sqrt_p",5,10,3,0.94147582697201
"HEME_vs_CONTROL",1,3,3,12,400,"floor_sqrt_p",7,10,3,0.938931297709924
"HEME_vs_CONTROL",1,3,4,12,400,"floor_sqrt_p",2,10,3,0.936386768447837
"HEME_vs_CONTROL",1,3,4,12,400,"floor_sqrt_p",5,10,3,0.933842239185751
"HEME_vs_CONTROL",1,3,4,12,400,"floor_sqrt_p",7,10,3,0.931297709923664
"HEME_vs_CONTROL",1,3,5,12,400,"floor_sqrt_p",2,10,3,0.931122448979592
"HEME_vs_CONTROL",1,3,5,12,400,"floor_sqrt_p",5,10,3,0.928571428571429
"HEME_vs_CONTROL",1,3,5,12,400,"floor_sqrt_p",7,10,3,0.933673469387755
"HEME_vs_CONTROL",1,3,1,13,400,"floor_sqrt_p",2,10,3,0.944020356234097
"HEME_vs_CONTROL",1,3,1,13,400,"floor_sqrt_p",5,10,3,0.94910941475827
"HEME_vs_CONTROL",1,3,1,13,400,"floor_sqrt_p",7,10,3,0.946564885496183
"HEME_vs_CONTROL",1,3,2,13,400,"floor_sqrt_p",2,11,3,0.946564885496183
"HEME_vs_CONTROL",1,3,2,13,400,"floor_sqrt_p",5,11,3,0.951653944020356
"HEME_vs_CONTROL",1,3,2,13,400,"floor_sqrt_p",7,11,3,0.94910941475827
"HEME_vs_CONTROL",1,3,3,13,400,"floor_sqrt_p",2,11,3,0.928753180661578
"HEME_vs_CONTROL",1,3,3,13,400,"floor_sqrt_p",5,11,3,0.931297709923664
"HEME_vs_CONTROL",1,3,3,13,400,"floor_sqrt_p",7,11,3,0.933842239185751
"HEME_vs_CONTROL",1,3,4,13,400,"floor_sqrt_p",2,10,3,0.936386768447837
"HEME_vs_CONTROL",1,3,4,13,400,"floor_sqrt_p",5,10,3,0.926208651399491
"HEME_vs_CONTROL",1,3,4,13,400,"floor_sqrt_p",7,10,3,0.928753180661578
"HEME_vs_CONTROL",1,3,5,13,400,"floor_sqrt_p",2,10,3,0.928571428571429
"HEME_vs_CONTROL",1,3,5,13,400,"floor_sqrt_p",5,10,3,0.926020408163265
"HEME_vs_CONTROL",1,3,5,13,400,"floor_sqrt_p",7,10,3,0.926020408163265
"HEME_vs_CONTROL",1,3,1,14,400,"floor_sqrt_p",2,11,3,0.944020356234097
"HEME_vs_CONTROL",1,3,1,14,400,"floor_sqrt_p",5,11,3,0.938931297709924
"HEME_vs_CONTROL",1,3,1,14,400,"floor_sqrt_p",7,11,3,0.946564885496183
"HEME_vs_CONTROL",1,3,2,14,400,"floor_sqrt_p",2,11,3,0.954198473282443
"HEME_vs_CONTROL",1,3,2,14,400,"floor_sqrt_p",5,11,3,0.954198473282443
"HEME_vs_CONTROL",1,3,2,14,400,"floor_sqrt_p",7,11,3,0.951653944020356
"HEME_vs_CONTROL",1,3,3,14,400,"floor_sqrt_p",2,11,3,0.936386768447837
"HEME_vs_CONTROL",1,3,3,14,400,"floor_sqrt_p",5,11,3,0.933842239185751
"HEME_vs_CONTROL",1,3,3,14,400,"floor_sqrt_p",7,11,3,0.933842239185751
"HEME_vs_CONTROL",1,3,4,14,400,"floor_sqrt_p",2,11,3,0.936386768447837
"HEME_vs_CONTROL",1,3,4,14,400,"floor_sqrt_p",5,11,3,0.931297709923664
"HEME_vs_CONTROL",1,3,4,14,400,"floor_sqrt_p",7,11,3,0.928753180661578
"HEME_vs_CONTROL",1,3,5,14,400,"floor_sqrt_p",2,11,3,0.936224489795918
"HEME_vs_CONTROL",1,3,5,14,400,"floor_sqrt_p",5,11,3,0.936224489795918
"HEME_vs_CONTROL",1,3,5,14,400,"floor_sqrt_p",7,11,3,0.933673469387755
"HEME_vs_CONTROL",1,3,1,15,400,"floor_sqrt_p",2,11,3,0.94910941475827
"HEME_vs_CONTROL",1,3,1,15,400,"floor_sqrt_p",5,11,3,0.951653944020356
"HEME_vs_CONTROL",1,3,1,15,400,"floor_sqrt_p",7,11,3,0.94910941475827
"HEME_vs_CONTROL",1,3,2,15,400,"floor_sqrt_p",2,12,3,0.94910941475827
"HEME_vs_CONTROL",1,3,2,15,400,"floor_sqrt_p",5,12,3,0.94147582697201
"HEME_vs_CONTROL",1,3,2,15,400,"floor_sqrt_p",7,12,3,0.944020356234097
"HEME_vs_CONTROL",1,3,3,15,400,"floor_sqrt_p",2,12,3,0.931297709923664
"HEME_vs_CONTROL",1,3,3,15,400,"floor_sqrt_p",5,12,3,0.936386768447837
"HEME_vs_CONTROL",1,3,3,15,400,"floor_sqrt_p",7,12,3,0.933842239185751
"HEME_vs_CONTROL",1,3,4,15,400,"floor_sqrt_p",2,11,3,0.936386768447837
"HEME_vs_CONTROL",1,3,4,15,400,"floor_sqrt_p",5,11,3,0.928753180661578
"HEME_vs_CONTROL",1,3,4,15,400,"floor_sqrt_p",7,11,3,0.931297709923664
"HEME_vs_CONTROL",1,3,5,15,400,"floor_sqrt_p",2,11,3,0.941326530612245
"HEME_vs_CONTROL",1,3,5,15,400,"floor_sqrt_p",5,11,3,0.936224489795918
"HEME_vs_CONTROL",1,3,5,15,400,"floor_sqrt_p",7,11,3,0.936224489795918
"HEME_vs_CONTROL",1,3,1,16,400,"floor_sqrt_p",2,12,3,0.94147582697201
"HEME_vs_CONTROL",1,3,1,16,400,"floor_sqrt_p",5,12,3,0.94147582697201
"HEME_vs_CONTROL",1,3,1,16,400,"floor_sqrt_p",7,12,3,0.936386768447837
"HEME_vs_CONTROL",1,3,2,16,400,"floor_sqrt_p",2,12,3,0.944020356234097
"HEME_vs_CONTROL",1,3,2,16,400,"floor_sqrt_p",5,12,3,0.94147582697201
"HEME_vs_CONTROL",1,3,2,16,400,"floor_sqrt_p",7,12,3,0.944020356234097
"HEME_vs_CONTROL",1,3,3,16,400,"floor_sqrt_p",2,12,3,0.94147582697201
"HEME_vs_CONTROL",1,3,3,16,400,"floor_sqrt_p",5,12,3,0.931297709923664
"HEME_vs_CONTROL",1,3,3,16,400,"floor_sqrt_p",7,12,3,0.933842239185751
"HEME_vs_CONTROL",1,3,4,16,400,"floor_sqrt_p",2,12,3,0.923664122137405
"HEME_vs_CONTROL",1,3,4,16,400,"floor_sqrt_p",5,12,3,0.923664122137405
"HEME_vs_CONTROL",1,3,4,16,400,"floor_sqrt_p",7,12,3,0.921119592875318
"HEME_vs_CONTROL",1,3,5,16,400,"floor_sqrt_p",2,12,3,0.926020408163265
"HEME_vs_CONTROL",1,3,5,16,400,"floor_sqrt_p",5,12,3,0.931122448979592
"HEME_vs_CONTROL",1,3,5,16,400,"floor_sqrt_p",7,12,3,0.923469387755102
"HEME_vs_CONTROL",1,3,1,17,400,"floor_sqrt_p",2,12,3,0.936386768447837
"HEME_vs_CONTROL",1,3,1,17,400,"floor_sqrt_p",5,12,3,0.938931297709924
"HEME_vs_CONTROL",1,3,1,17,400,"floor_sqrt_p",7,12,3,0.936386768447837
"HEME_vs_CONTROL",1,3,2,17,400,"floor_sqrt_p",2,12,3,0.946564885496183
"HEME_vs_CONTROL",1,3,2,17,400,"floor_sqrt_p",5,12,3,0.94147582697201
"HEME_vs_CONTROL",1,3,2,17,400,"floor_sqrt_p",7,12,3,0.938931297709924
"HEME_vs_CONTROL",1,3,3,17,400,"floor_sqrt_p",2,12,3,0.936386768447837
"HEME_vs_CONTROL",1,3,3,17,400,"floor_sqrt_p",5,12,3,0.931297709923664
"HEME_vs_CONTROL",1,3,3,17,400,"floor_sqrt_p",7,12,3,0.936386768447837
"HEME_vs_CONTROL",1,3,4,17,400,"floor_sqrt_p",2,12,3,0.908396946564885
"HEME_vs_CONTROL",1,3,4,17,400,"floor_sqrt_p",5,12,3,0.916030534351145
"HEME_vs_CONTROL",1,3,4,17,400,"floor_sqrt_p",7,12,3,0.918575063613232
"HEME_vs_CONTROL",1,3,5,17,400,"floor_sqrt_p",2,12,3,0.918367346938776
"HEME_vs_CONTROL",1,3,5,17,400,"floor_sqrt_p",5,12,3,0.918367346938776
"HEME_vs_CONTROL",1,3,5,17,400,"floor_sqrt_p",7,12,3,0.923469387755102
"HEME_vs_CONTROL",1,3,1,18,400,"floor_sqrt_p",2,12,3,0.923664122137405
"HEME_vs_CONTROL",1,3,1,18,400,"floor_sqrt_p",5,12,3,0.928753180661578
"HEME_vs_CONTROL",1,3,1,18,400,"floor_sqrt_p",7,12,3,0.926208651399491
"HEME_vs_CONTROL",1,3,2,18,400,"floor_sqrt_p",2,13,3,0.938931297709924
"HEME_vs_CONTROL",1,3,2,18,400,"floor_sqrt_p",5,13,3,0.933842239185751
"HEME_vs_CONTROL",1,3,2,18,400,"floor_sqrt_p",7,13,3,0.933842239185751
"HEME_vs_CONTROL",1,3,3,18,400,"floor_sqrt_p",2,13,3,0.933842239185751
"HEME_vs_CONTROL",1,3,3,18,400,"floor_sqrt_p",5,13,3,0.936386768447837
"HEME_vs_CONTROL",1,3,3,18,400,"floor_sqrt_p",7,13,3,0.936386768447837
"HEME_vs_CONTROL",1,3,4,18,400,"floor_sqrt_p",2,13,3,0.913486005089059
"HEME_vs_CONTROL",1,3,4,18,400,"floor_sqrt_p",5,13,3,0.910941475826972
"HEME_vs_CONTROL",1,3,4,18,400,"floor_sqrt_p",7,13,3,0.918575063613232
"HEME_vs_CONTROL",1,3,5,18,400,"floor_sqrt_p",2,13,3,0.941326530612245
"HEME_vs_CONTROL",1,3,5,18,400,"floor_sqrt_p",5,13,3,0.941326530612245
"HEME_vs_CONTROL",1,3,5,18,400,"floor_sqrt_p",7,13,3,0.936224489795918
"HEME_vs_CONTROL",1,3,1,19,400,"floor_sqrt_p",2,13,3,0.926208651399491
"HEME_vs_CONTROL",1,3,1,19,400,"floor_sqrt_p",5,13,3,0.928753180661578
"HEME_vs_CONTROL",1,3,1,19,400,"floor_sqrt_p",7,13,3,0.926208651399491
"HEME_vs_CONTROL",1,3,2,19,400,"floor_sqrt_p",2,13,3,0.931297709923664
"HEME_vs_CONTROL",1,3,2,19,400,"floor_sqrt_p",5,13,3,0.94147582697201
"HEME_vs_CONTROL",1,3,2,19,400,"floor_sqrt_p",7,13,3,0.931297709923664
"HEME_vs_CONTROL",1,3,3,19,400,"floor_sqrt_p",2,13,3,0.928753180661578
"HEME_vs_CONTROL",1,3,3,19,400,"floor_sqrt_p",5,13,3,0.933842239185751
"HEME_vs_CONTROL",1,3,3,19,400,"floor_sqrt_p",7,13,3,0.933842239185751
"HEME_vs_CONTROL",1,3,4,19,400,"floor_sqrt_p",2,13,3,0.910941475826972
"HEME_vs_CONTROL",1,3,4,19,400,"floor_sqrt_p",5,13,3,0.916030534351145
"HEME_vs_CONTROL",1,3,4,19,400,"floor_sqrt_p",7,13,3,0.916030534351145
"HEME_vs_CONTROL",1,3,5,19,400,"floor_sqrt_p",2,13,3,0.926020408163265
"HEME_vs_CONTROL",1,3,5,19,400,"floor_sqrt_p",5,13,3,0.923469387755102
"HEME_vs_CONTROL",1,3,5,19,400,"floor_sqrt_p",7,13,3,0.926020408163265
"HEME_vs_CONTROL",1,3,1,20,400,"floor_sqrt_p",2,13,3,0.931297709923664
"HEME_vs_CONTROL",1,3,1,20,400,"floor_sqrt_p",5,13,3,0.926208651399491
"HEME_vs_CONTROL",1,3,1,20,400,"floor_sqrt_p",7,13,3,0.931297709923664
"HEME_vs_CONTROL",1,3,2,20,400,"floor_sqrt_p",2,13,3,0.938931297709924
"HEME_vs_CONTROL",1,3,2,20,400,"floor_sqrt_p",5,13,3,0.94147582697201
"HEME_vs_CONTROL",1,3,2,20,400,"floor_sqrt_p",7,13,3,0.938931297709924
"HEME_vs_CONTROL",1,3,3,20,400,"floor_sqrt_p",2,13,3,0.923664122137405
"HEME_vs_CONTROL",1,3,3,20,400,"floor_sqrt_p",5,13,3,0.918575063613232
"HEME_vs_CONTROL",1,3,3,20,400,"floor_sqrt_p",7,13,3,0.926208651399491
"HEME_vs_CONTROL",1,3,4,20,400,"floor_sqrt_p",2,13,3,0.900763358778626
"HEME_vs_CONTROL",1,3,4,20,400,"floor_sqrt_p",5,13,3,0.905852417302799
"HEME_vs_CONTROL",1,3,4,20,400,"floor_sqrt_p",7,13,3,0.905852417302799
"HEME_vs_CONTROL",1,3,5,20,400,"floor_sqrt_p",2,13,3,0.933673469387755
"HEME_vs_CONTROL",1,3,5,20,400,"floor_sqrt_p",5,13,3,0.933673469387755
"HEME_vs_CONTROL",1,3,5,20,400,"floor_sqrt_p",7,13,3,0.933673469387755
"HEME_vs_CONTROL",1,4,1,6,400,"floor_sqrt_p",2,5,2,0.908629441624365
"HEME_vs_CONTROL",1,4,1,6,400,"floor_sqrt_p",5,5,2,0.908629441624365
"HEME_vs_CONTROL",1,4,1,6,400,"floor_sqrt_p",7,5,2,0.913705583756345
"HEME_vs_CONTROL",1,4,2,6,400,"floor_sqrt_p",2,6,2,0.94910941475827
"HEME_vs_CONTROL",1,4,2,6,400,"floor_sqrt_p",5,6,2,0.946564885496183
"HEME_vs_CONTROL",1,4,2,6,400,"floor_sqrt_p",7,6,2,0.946564885496183
"HEME_vs_CONTROL",1,4,3,6,400,"floor_sqrt_p",2,5,2,0.933842239185751
"HEME_vs_CONTROL",1,4,3,6,400,"floor_sqrt_p",5,5,2,0.931297709923664
"HEME_vs_CONTROL",1,4,3,6,400,"floor_sqrt_p",7,5,2,0.936386768447837
"HEME_vs_CONTROL",1,4,4,6,400,"floor_sqrt_p",2,5,2,0.931297709923664
"HEME_vs_CONTROL",1,4,4,6,400,"floor_sqrt_p",5,5,2,0.928753180661578
"HEME_vs_CONTROL",1,4,4,6,400,"floor_sqrt_p",7,5,2,0.933842239185751
"HEME_vs_CONTROL",1,4,5,6,400,"floor_sqrt_p",2,5,2,0.900510204081633
"HEME_vs_CONTROL",1,4,5,6,400,"floor_sqrt_p",5,5,2,0.900510204081633
"HEME_vs_CONTROL",1,4,5,6,400,"floor_sqrt_p",7,5,2,0.900510204081633
"HEME_vs_CONTROL",1,4,1,7,400,"floor_sqrt_p",2,7,2,0.928934010152284
"HEME_vs_CONTROL",1,4,1,7,400,"floor_sqrt_p",5,7,2,0.931472081218274
"HEME_vs_CONTROL",1,4,1,7,400,"floor_sqrt_p",7,7,2,0.926395939086294
"HEME_vs_CONTROL",1,4,2,7,400,"floor_sqrt_p",2,7,2,0.944020356234097
"HEME_vs_CONTROL",1,4,2,7,400,"floor_sqrt_p",5,7,2,0.944020356234097
"HEME_vs_CONTROL",1,4,2,7,400,"floor_sqrt_p",7,7,2,0.944020356234097
"HEME_vs_CONTROL",1,4,3,7,400,"floor_sqrt_p",2,7,2,0.951653944020356
"HEME_vs_CONTROL",1,4,3,7,400,"floor_sqrt_p",5,7,2,0.94910941475827
"HEME_vs_CONTROL",1,4,3,7,400,"floor_sqrt_p",7,7,2,0.944020356234097
"HEME_vs_CONTROL",1,4,4,7,400,"floor_sqrt_p",2,6,2,0.954198473282443
"HEME_vs_CONTROL",1,4,4,7,400,"floor_sqrt_p",5,6,2,0.956743002544529
"HEME_vs_CONTROL",1,4,4,7,400,"floor_sqrt_p",7,6,2,0.954198473282443
"HEME_vs_CONTROL",1,4,5,7,400,"floor_sqrt_p",2,7,2,0.905612244897959
"HEME_vs_CONTROL",1,4,5,7,400,"floor_sqrt_p",5,7,2,0.908163265306122
"HEME_vs_CONTROL",1,4,5,7,400,"floor_sqrt_p",7,7,2,0.910714285714286
"HEME_vs_CONTROL",1,4,1,8,400,"floor_sqrt_p",2,7,2,0.931472081218274
"HEME_vs_CONTROL",1,4,1,8,400,"floor_sqrt_p",5,7,2,0.934010152284264
"HEME_vs_CONTROL",1,4,1,8,400,"floor_sqrt_p",7,7,2,0.934010152284264
"HEME_vs_CONTROL",1,4,2,8,400,"floor_sqrt_p",2,8,2,0.938931297709924
"HEME_vs_CONTROL",1,4,2,8,400,"floor_sqrt_p",5,8,2,0.938931297709924
"HEME_vs_CONTROL",1,4,2,8,400,"floor_sqrt_p",7,8,2,0.94147582697201
"HEME_vs_CONTROL",1,4,3,8,400,"floor_sqrt_p",2,7,2,0.946564885496183
"HEME_vs_CONTROL",1,4,3,8,400,"floor_sqrt_p",5,7,2,0.946564885496183
"HEME_vs_CONTROL",1,4,3,8,400,"floor_sqrt_p",7,7,2,0.944020356234097
"HEME_vs_CONTROL",1,4,4,8,400,"floor_sqrt_p",2,7,2,0.944020356234097
"HEME_vs_CONTROL",1,4,4,8,400,"floor_sqrt_p",5,7,2,0.944020356234097
"HEME_vs_CONTROL",1,4,4,8,400,"floor_sqrt_p",7,7,2,0.946564885496183
"HEME_vs_CONTROL",1,4,5,8,400,"floor_sqrt_p",2,7,2,0.908163265306122
"HEME_vs_CONTROL",1,4,5,8,400,"floor_sqrt_p",5,7,2,0.910714285714286
"HEME_vs_CONTROL",1,4,5,8,400,"floor_sqrt_p",7,7,2,0.910714285714286
"HEME_vs_CONTROL",1,4,1,9,400,"floor_sqrt_p",2,8,2,0.936548223350254
"HEME_vs_CONTROL",1,4,1,9,400,"floor_sqrt_p",5,8,2,0.931472081218274
"HEME_vs_CONTROL",1,4,1,9,400,"floor_sqrt_p",7,8,2,0.934010152284264
"HEME_vs_CONTROL",1,4,2,9,400,"floor_sqrt_p",2,8,2,0.94147582697201
"HEME_vs_CONTROL",1,4,2,9,400,"floor_sqrt_p",5,8,2,0.94147582697201
"HEME_vs_CONTROL",1,4,2,9,400,"floor_sqrt_p",7,8,2,0.944020356234097
"HEME_vs_CONTROL",1,4,3,9,400,"floor_sqrt_p",2,8,2,0.936386768447837
"HEME_vs_CONTROL",1,4,3,9,400,"floor_sqrt_p",5,8,2,0.933842239185751
"HEME_vs_CONTROL",1,4,3,9,400,"floor_sqrt_p",7,8,2,0.936386768447837
"HEME_vs_CONTROL",1,4,4,9,400,"floor_sqrt_p",2,8,2,0.944020356234097
"HEME_vs_CONTROL",1,4,4,9,400,"floor_sqrt_p",5,8,2,0.944020356234097
"HEME_vs_CONTROL",1,4,4,9,400,"floor_sqrt_p",7,8,2,0.944020356234097
"HEME_vs_CONTROL",1,4,5,9,400,"floor_sqrt_p",2,8,2,0.910714285714286
"HEME_vs_CONTROL",1,4,5,9,400,"floor_sqrt_p",5,8,2,0.905612244897959
"HEME_vs_CONTROL",1,4,5,9,400,"floor_sqrt_p",7,8,2,0.908163265306122
"HEME_vs_CONTROL",1,4,1,10,400,"floor_sqrt_p",2,9,3,0.949238578680203
"HEME_vs_CONTROL",1,4,1,10,400,"floor_sqrt_p",5,9,3,0.954314720812183
"HEME_vs_CONTROL",1,4,1,10,400,"floor_sqrt_p",7,9,3,0.946700507614213
"HEME_vs_CONTROL",1,4,2,10,400,"floor_sqrt_p",2,9,3,0.931297709923664
"HEME_vs_CONTROL",1,4,2,10,400,"floor_sqrt_p",5,9,3,0.933842239185751
"HEME_vs_CONTROL",1,4,2,10,400,"floor_sqrt_p",7,9,3,0.933842239185751
"HEME_vs_CONTROL",1,4,3,10,400,"floor_sqrt_p",2,9,3,0.954198473282443
"HEME_vs_CONTROL",1,4,3,10,400,"floor_sqrt_p",5,9,3,0.954198473282443
"HEME_vs_CONTROL",1,4,3,10,400,"floor_sqrt_p",7,9,3,0.954198473282443
"HEME_vs_CONTROL",1,4,4,10,400,"floor_sqrt_p",2,8,2,0.938931297709924
"HEME_vs_CONTROL",1,4,4,10,400,"floor_sqrt_p",5,8,2,0.936386768447837
"HEME_vs_CONTROL",1,4,4,10,400,"floor_sqrt_p",7,8,2,0.94147582697201
"HEME_vs_CONTROL",1,4,5,10,400,"floor_sqrt_p",2,9,3,0.915816326530612
"HEME_vs_CONTROL",1,4,5,10,400,"floor_sqrt_p",5,9,3,0.913265306122449
"HEME_vs_CONTROL",1,4,5,10,400,"floor_sqrt_p",7,9,3,0.910714285714286
"HEME_vs_CONTROL",1,4,1,11,400,"floor_sqrt_p",2,9,3,0.949238578680203
"HEME_vs_CONTROL",1,4,1,11,400,"floor_sqrt_p",5,9,3,0.949238578680203
"HEME_vs_CONTROL",1,4,1,11,400,"floor_sqrt_p",7,9,3,0.951776649746193
"HEME_vs_CONTROL",1,4,2,11,400,"floor_sqrt_p",2,10,3,0.938931297709924
"HEME_vs_CONTROL",1,4,2,11,400,"floor_sqrt_p",5,10,3,0.94147582697201
"HEME_vs_CONTROL",1,4,2,11,400,"floor_sqrt_p",7,10,3,0.94147582697201
"HEME_vs_CONTROL",1,4,3,11,400,"floor_sqrt_p",2,9,3,0.951653944020356
"HEME_vs_CONTROL",1,4,3,11,400,"floor_sqrt_p",5,9,3,0.951653944020356
"HEME_vs_CONTROL",1,4,3,11,400,"floor_sqrt_p",7,9,3,0.946564885496183
"HEME_vs_CONTROL",1,4,4,11,400,"floor_sqrt_p",2,9,3,0.956743002544529
"HEME_vs_CONTROL",1,4,4,11,400,"floor_sqrt_p",5,9,3,0.954198473282443
"HEME_vs_CONTROL",1,4,4,11,400,"floor_sqrt_p",7,9,3,0.959287531806616
"HEME_vs_CONTROL",1,4,5,11,400,"floor_sqrt_p",2,9,3,0.918367346938776
"HEME_vs_CONTROL",1,4,5,11,400,"floor_sqrt_p",5,9,3,0.918367346938776
"HEME_vs_CONTROL",1,4,5,11,400,"floor_sqrt_p",7,9,3,0.915816326530612
"HEME_vs_CONTROL",1,4,1,12,400,"floor_sqrt_p",2,10,3,0.951776649746193
"HEME_vs_CONTROL",1,4,1,12,400,"floor_sqrt_p",5,10,3,0.949238578680203
"HEME_vs_CONTROL",1,4,1,12,400,"floor_sqrt_p",7,10,3,0.949238578680203
"HEME_vs_CONTROL",1,4,2,12,400,"floor_sqrt_p",2,10,3,0.94147582697201
"HEME_vs_CONTROL",1,4,2,12,400,"floor_sqrt_p",5,10,3,0.944020356234097
"HEME_vs_CONTROL",1,4,2,12,400,"floor_sqrt_p",7,10,3,0.944020356234097
"HEME_vs_CONTROL",1,4,3,12,400,"floor_sqrt_p",2,10,3,0.956743002544529
"HEME_vs_CONTROL",1,4,3,12,400,"floor_sqrt_p",5,10,3,0.954198473282443
"HEME_vs_CONTROL",1,4,3,12,400,"floor_sqrt_p",7,10,3,0.94910941475827
"HEME_vs_CONTROL",1,4,4,12,400,"floor_sqrt_p",2,10,3,0.954198473282443
"HEME_vs_CONTROL",1,4,4,12,400,"floor_sqrt_p",5,10,3,0.954198473282443
"HEME_vs_CONTROL",1,4,4,12,400,"floor_sqrt_p",7,10,3,0.946564885496183
"HEME_vs_CONTROL",1,4,5,12,400,"floor_sqrt_p",2,10,3,0.913265306122449
"HEME_vs_CONTROL",1,4,5,12,400,"floor_sqrt_p",5,10,3,0.918367346938776
"HEME_vs_CONTROL",1,4,5,12,400,"floor_sqrt_p",7,10,3,0.920918367346939
"HEME_vs_CONTROL",1,4,1,13,400,"floor_sqrt_p",2,10,3,0.936548223350254
"HEME_vs_CONTROL",1,4,1,13,400,"floor_sqrt_p",5,10,3,0.941624365482233
"HEME_vs_CONTROL",1,4,1,13,400,"floor_sqrt_p",7,10,3,0.936548223350254
"HEME_vs_CONTROL",1,4,2,13,400,"floor_sqrt_p",2,11,3,0.94910941475827
"HEME_vs_CONTROL",1,4,2,13,400,"floor_sqrt_p",5,11,3,0.944020356234097
"HEME_vs_CONTROL",1,4,2,13,400,"floor_sqrt_p",7,11,3,0.944020356234097
"HEME_vs_CONTROL",1,4,3,13,400,"floor_sqrt_p",2,10,3,0.954198473282443
"HEME_vs_CONTROL",1,4,3,13,400,"floor_sqrt_p",5,10,3,0.954198473282443
"HEME_vs_CONTROL",1,4,3,13,400,"floor_sqrt_p",7,10,3,0.959287531806616
"HEME_vs_CONTROL",1,4,4,13,400,"floor_sqrt_p",2,10,3,0.959287531806616
"HEME_vs_CONTROL",1,4,4,13,400,"floor_sqrt_p",5,10,3,0.954198473282443
"HEME_vs_CONTROL",1,4,4,13,400,"floor_sqrt_p",7,10,3,0.954198473282443
"HEME_vs_CONTROL",1,4,5,13,400,"floor_sqrt_p",2,10,3,0.918367346938776
"HEME_vs_CONTROL",1,4,5,13,400,"floor_sqrt_p",5,10,3,0.923469387755102
"HEME_vs_CONTROL",1,4,5,13,400,"floor_sqrt_p",7,10,3,0.918367346938776
"HEME_vs_CONTROL",1,4,1,14,400,"floor_sqrt_p",2,11,3,0.941624365482233
"HEME_vs_CONTROL",1,4,1,14,400,"floor_sqrt_p",5,11,3,0.931472081218274
"HEME_vs_CONTROL",1,4,1,14,400,"floor_sqrt_p",7,11,3,0.934010152284264
"HEME_vs_CONTROL",1,4,2,14,400,"floor_sqrt_p",2,11,3,0.938931297709924
"HEME_vs_CONTROL",1,4,2,14,400,"floor_sqrt_p",5,11,3,0.944020356234097
"HEME_vs_CONTROL",1,4,2,14,400,"floor_sqrt_p",7,11,3,0.946564885496183
"HEME_vs_CONTROL",1,4,3,14,400,"floor_sqrt_p",2,11,3,0.964376590330789
"HEME_vs_CONTROL",1,4,3,14,400,"floor_sqrt_p",5,11,3,0.966921119592875
"HEME_vs_CONTROL",1,4,3,14,400,"floor_sqrt_p",7,11,3,0.964376590330789
"HEME_vs_CONTROL",1,4,4,14,400,"floor_sqrt_p",2,10,3,0.946564885496183
"HEME_vs_CONTROL",1,4,4,14,400,"floor_sqrt_p",5,10,3,0.944020356234097
"HEME_vs_CONTROL",1,4,4,14,400,"floor_sqrt_p",7,10,3,0.944020356234097
"HEME_vs_CONTROL",1,4,5,14,400,"floor_sqrt_p",2,11,3,0.923469387755102
"HEME_vs_CONTROL",1,4,5,14,400,"floor_sqrt_p",5,11,3,0.928571428571429
"HEME_vs_CONTROL",1,4,5,14,400,"floor_sqrt_p",7,11,3,0.928571428571429
"HEME_vs_CONTROL",1,4,1,15,400,"floor_sqrt_p",2,11,3,0.934010152284264
"HEME_vs_CONTROL",1,4,1,15,400,"floor_sqrt_p",5,11,3,0.936548223350254
"HEME_vs_CONTROL",1,4,1,15,400,"floor_sqrt_p",7,11,3,0.939086294416244
"HEME_vs_CONTROL",1,4,2,15,400,"floor_sqrt_p",2,12,3,0.94147582697201
"HEME_vs_CONTROL",1,4,2,15,400,"floor_sqrt_p",5,12,3,0.938931297709924
"HEME_vs_CONTROL",1,4,2,15,400,"floor_sqrt_p",7,12,3,0.94910941475827
"HEME_vs_CONTROL",1,4,3,15,400,"floor_sqrt_p",2,11,3,0.964376590330789
"HEME_vs_CONTROL",1,4,3,15,400,"floor_sqrt_p",5,11,3,0.964376590330789
"HEME_vs_CONTROL",1,4,3,15,400,"floor_sqrt_p",7,11,3,0.969465648854962
"HEME_vs_CONTROL",1,4,4,15,400,"floor_sqrt_p",2,11,3,0.938931297709924
"HEME_vs_CONTROL",1,4,4,15,400,"floor_sqrt_p",5,11,3,0.944020356234097
"HEME_vs_CONTROL",1,4,4,15,400,"floor_sqrt_p",7,11,3,0.944020356234097
"HEME_vs_CONTROL",1,4,5,15,400,"floor_sqrt_p",2,11,3,0.920918367346939
"HEME_vs_CONTROL",1,4,5,15,400,"floor_sqrt_p",5,11,3,0.920918367346939
"HEME_vs_CONTROL",1,4,5,15,400,"floor_sqrt_p",7,11,3,0.923469387755102
"HEME_vs_CONTROL",1,4,1,16,400,"floor_sqrt_p",2,12,3,0.936548223350254
"HEME_vs_CONTROL",1,4,1,16,400,"floor_sqrt_p",5,12,3,0.926395939086294
"HEME_vs_CONTROL",1,4,1,16,400,"floor_sqrt_p",7,12,3,0.931472081218274
"HEME_vs_CONTROL",1,4,2,16,400,"floor_sqrt_p",2,12,3,0.946564885496183
"HEME_vs_CONTROL",1,4,2,16,400,"floor_sqrt_p",5,12,3,0.938931297709924
"HEME_vs_CONTROL",1,4,2,16,400,"floor_sqrt_p",7,12,3,0.944020356234097
"HEME_vs_CONTROL",1,4,3,16,400,"floor_sqrt_p",2,12,3,0.961832061068702
"HEME_vs_CONTROL",1,4,3,16,400,"floor_sqrt_p",5,12,3,0.966921119592875
"HEME_vs_CONTROL",1,4,3,16,400,"floor_sqrt_p",7,12,3,0.964376590330789
"HEME_vs_CONTROL",1,4,4,16,400,"floor_sqrt_p",2,11,3,0.938931297709924
"HEME_vs_CONTROL",1,4,4,16,400,"floor_sqrt_p",5,11,3,0.94147582697201
"HEME_vs_CONTROL",1,4,4,16,400,"floor_sqrt_p",7,11,3,0.938931297709924
"HEME_vs_CONTROL",1,4,5,16,400,"floor_sqrt_p",2,12,3,0.913265306122449
"HEME_vs_CONTROL",1,4,5,16,400,"floor_sqrt_p",5,12,3,0.918367346938776
"HEME_vs_CONTROL",1,4,5,16,400,"floor_sqrt_p",7,12,3,0.915816326530612
"HEME_vs_CONTROL",1,4,1,17,400,"floor_sqrt_p",2,12,3,0.931472081218274
"HEME_vs_CONTROL",1,4,1,17,400,"floor_sqrt_p",5,12,3,0.926395939086294
"HEME_vs_CONTROL",1,4,1,17,400,"floor_sqrt_p",7,12,3,0.934010152284264
"HEME_vs_CONTROL",1,4,2,17,400,"floor_sqrt_p",2,12,3,0.936386768447837
"HEME_vs_CONTROL",1,4,2,17,400,"floor_sqrt_p",5,12,3,0.936386768447837
"HEME_vs_CONTROL",1,4,2,17,400,"floor_sqrt_p",7,12,3,0.936386768447837
"HEME_vs_CONTROL",1,4,3,17,400,"floor_sqrt_p",2,12,3,0.94147582697201
"HEME_vs_CONTROL",1,4,3,17,400,"floor_sqrt_p",5,12,3,0.94910941475827
"HEME_vs_CONTROL",1,4,3,17,400,"floor_sqrt_p",7,12,3,0.944020356234097
"HEME_vs_CONTROL",1,4,4,17,400,"floor_sqrt_p",2,12,3,0.944020356234097
"HEME_vs_CONTROL",1,4,4,17,400,"floor_sqrt_p",5,12,3,0.938931297709924
"HEME_vs_CONTROL",1,4,4,17,400,"floor_sqrt_p",7,12,3,0.94147582697201
"HEME_vs_CONTROL",1,4,5,17,400,"floor_sqrt_p",2,12,3,0.900510204081633
"HEME_vs_CONTROL",1,4,5,17,400,"floor_sqrt_p",5,12,3,0.900510204081633
"HEME_vs_CONTROL",1,4,5,17,400,"floor_sqrt_p",7,12,3,0.905612244897959
"HEME_vs_CONTROL",1,4,1,18,400,"floor_sqrt_p",2,12,3,0.941624365482233
"HEME_vs_CONTROL",1,4,1,18,400,"floor_sqrt_p",5,12,3,0.936548223350254
"HEME_vs_CONTROL",1,4,1,18,400,"floor_sqrt_p",7,12,3,0.936548223350254
"HEME_vs_CONTROL",1,4,2,18,400,"floor_sqrt_p",2,13,3,0.928753180661578
"HEME_vs_CONTROL",1,4,2,18,400,"floor_sqrt_p",5,13,3,0.923664122137405
"HEME_vs_CONTROL",1,4,2,18,400,"floor_sqrt_p",7,13,3,0.923664122137405
"HEME_vs_CONTROL",1,4,3,18,400,"floor_sqrt_p",2,12,3,0.946564885496183
"HEME_vs_CONTROL",1,4,3,18,400,"floor_sqrt_p",5,12,3,0.946564885496183
"HEME_vs_CONTROL",1,4,3,18,400,"floor_sqrt_p",7,12,3,0.946564885496183
"HEME_vs_CONTROL",1,4,4,18,400,"floor_sqrt_p",2,12,3,0.94910941475827
"HEME_vs_CONTROL",1,4,4,18,400,"floor_sqrt_p",5,12,3,0.954198473282443
"HEME_vs_CONTROL",1,4,4,18,400,"floor_sqrt_p",7,12,3,0.946564885496183
"HEME_vs_CONTROL",1,4,5,18,400,"floor_sqrt_p",2,12,3,0.905612244897959
"HEME_vs_CONTROL",1,4,5,18,400,"floor_sqrt_p",5,12,3,0.905612244897959
"HEME_vs_CONTROL",1,4,5,18,400,"floor_sqrt_p",7,12,3,0.905612244897959
"HEME_vs_CONTROL",1,4,1,19,400,"floor_sqrt_p",2,13,3,0.946700507614213
"HEME_vs_CONTROL",1,4,1,19,400,"floor_sqrt_p",5,13,3,0.936548223350254
"HEME_vs_CONTROL",1,4,1,19,400,"floor_sqrt_p",7,13,3,0.944162436548223
"HEME_vs_CONTROL",1,4,2,19,400,"floor_sqrt_p",2,13,3,0.931297709923664
"HEME_vs_CONTROL",1,4,2,19,400,"floor_sqrt_p",5,13,3,0.926208651399491
"HEME_vs_CONTROL",1,4,2,19,400,"floor_sqrt_p",7,13,3,0.926208651399491
"HEME_vs_CONTROL",1,4,3,19,400,"floor_sqrt_p",2,13,3,0.936386768447837
"HEME_vs_CONTROL",1,4,3,19,400,"floor_sqrt_p",5,13,3,0.938931297709924
"HEME_vs_CONTROL",1,4,3,19,400,"floor_sqrt_p",7,13,3,0.936386768447837
"HEME_vs_CONTROL",1,4,4,19,400,"floor_sqrt_p",2,12,3,0.951653944020356
"HEME_vs_CONTROL",1,4,4,19,400,"floor_sqrt_p",5,12,3,0.94910941475827
"HEME_vs_CONTROL",1,4,4,19,400,"floor_sqrt_p",7,12,3,0.954198473282443
"HEME_vs_CONTROL",1,4,5,19,400,"floor_sqrt_p",2,13,3,0.905612244897959
"HEME_vs_CONTROL",1,4,5,19,400,"floor_sqrt_p",5,13,3,0.903061224489796
"HEME_vs_CONTROL",1,4,5,19,400,"floor_sqrt_p",7,13,3,0.908163265306122
"HEME_vs_CONTROL",1,4,1,20,400,"floor_sqrt_p",2,13,3,0.939086294416244
"HEME_vs_CONTROL",1,4,1,20,400,"floor_sqrt_p",5,13,3,0.944162436548223
"HEME_vs_CONTROL",1,4,1,20,400,"floor_sqrt_p",7,13,3,0.934010152284264
"HEME_vs_CONTROL",1,4,2,20,400,"floor_sqrt_p",2,13,3,0.931297709923664
"HEME_vs_CONTROL",1,4,2,20,400,"floor_sqrt_p",5,13,3,0.928753180661578
"HEME_vs_CONTROL",1,4,2,20,400,"floor_sqrt_p",7,13,3,0.926208651399491
"HEME_vs_CONTROL",1,4,3,20,400,"floor_sqrt_p",2,13,3,0.931297709923664
"HEME_vs_CONTROL",1,4,3,20,400,"floor_sqrt_p",5,13,3,0.931297709923664
"HEME_vs_CONTROL",1,4,3,20,400,"floor_sqrt_p",7,13,3,0.931297709923664
"HEME_vs_CONTROL",1,4,4,20,400,"floor_sqrt_p",2,13,3,0.954198473282443
"HEME_vs_CONTROL",1,4,4,20,400,"floor_sqrt_p",5,13,3,0.954198473282443
"HEME_vs_CONTROL",1,4,4,20,400,"floor_sqrt_p",7,13,3,0.951653944020356
"HEME_vs_CONTROL",1,4,5,20,400,"floor_sqrt_p",2,13,3,0.915816326530612
"HEME_vs_CONTROL",1,4,5,20,400,"floor_sqrt_p",5,13,3,0.915816326530612
"HEME_vs_CONTROL",1,4,5,20,400,"floor_sqrt_p",7,13,3,0.910714285714286
"HEME_vs_CONTROL",1,5,1,6,400,"floor_sqrt_p",2,5,2,0.928934010152284
"HEME_vs_CONTROL",1,5,1,6,400,"floor_sqrt_p",5,5,2,0.931472081218274
"HEME_vs_CONTROL",1,5,1,6,400,"floor_sqrt_p",7,5,2,0.931472081218274
"HEME_vs_CONTROL",1,5,2,6,400,"floor_sqrt_p",2,6,2,0.936386768447837
"HEME_vs_CONTROL",1,5,2,6,400,"floor_sqrt_p",5,6,2,0.933842239185751
"HEME_vs_CONTROL",1,5,2,6,400,"floor_sqrt_p",7,6,2,0.936386768447837
"HEME_vs_CONTROL",1,5,3,6,400,"floor_sqrt_p",2,5,2,0.938931297709924
"HEME_vs_CONTROL",1,5,3,6,400,"floor_sqrt_p",5,5,2,0.938931297709924
"HEME_vs_CONTROL",1,5,3,6,400,"floor_sqrt_p",7,5,2,0.94147582697201
"HEME_vs_CONTROL",1,5,4,6,400,"floor_sqrt_p",2,5,2,0.905852417302799
"HEME_vs_CONTROL",1,5,4,6,400,"floor_sqrt_p",5,5,2,0.903307888040712
"HEME_vs_CONTROL",1,5,4,6,400,"floor_sqrt_p",7,5,2,0.903307888040712
"HEME_vs_CONTROL",1,5,5,6,400,"floor_sqrt_p",2,5,2,0.926020408163265
"HEME_vs_CONTROL",1,5,5,6,400,"floor_sqrt_p",5,5,2,0.926020408163265
"HEME_vs_CONTROL",1,5,5,6,400,"floor_sqrt_p",7,5,2,0.926020408163265
"HEME_vs_CONTROL",1,5,1,7,400,"floor_sqrt_p",2,6,2,0.934010152284264
"HEME_vs_CONTROL",1,5,1,7,400,"floor_sqrt_p",5,6,2,0.936548223350254
"HEME_vs_CONTROL",1,5,1,7,400,"floor_sqrt_p",7,6,2,0.936548223350254
"HEME_vs_CONTROL",1,5,2,7,400,"floor_sqrt_p",2,7,2,0.931297709923664
"HEME_vs_CONTROL",1,5,2,7,400,"floor_sqrt_p",5,7,2,0.928753180661578
"HEME_vs_CONTROL",1,5,2,7,400,"floor_sqrt_p",7,7,2,0.921119592875318
"HEME_vs_CONTROL",1,5,3,7,400,"floor_sqrt_p",2,6,2,0.936386768447837
"HEME_vs_CONTROL",1,5,3,7,400,"floor_sqrt_p",5,6,2,0.94147582697201
"HEME_vs_CONTROL",1,5,3,7,400,"floor_sqrt_p",7,6,2,0.94147582697201
"HEME_vs_CONTROL",1,5,4,7,400,"floor_sqrt_p",2,6,2,0.928753180661578
"HEME_vs_CONTROL",1,5,4,7,400,"floor_sqrt_p",5,6,2,0.933842239185751
"HEME_vs_CONTROL",1,5,4,7,400,"floor_sqrt_p",7,6,2,0.923664122137405
"HEME_vs_CONTROL",1,5,5,7,400,"floor_sqrt_p",2,6,2,0.931122448979592
"HEME_vs_CONTROL",1,5,5,7,400,"floor_sqrt_p",5,6,2,0.933673469387755
"HEME_vs_CONTROL",1,5,5,7,400,"floor_sqrt_p",7,6,2,0.931122448979592
"HEME_vs_CONTROL",1,5,1,8,400,"floor_sqrt_p",2,7,2,0.949238578680203
"HEME_vs_CONTROL",1,5,1,8,400,"floor_sqrt_p",5,7,2,0.951776649746193
"HEME_vs_CONTROL",1,5,1,8,400,"floor_sqrt_p",7,7,2,0.946700507614213
"HEME_vs_CONTROL",1,5,2,8,400,"floor_sqrt_p",2,8,2,0.931297709923664
"HEME_vs_CONTROL",1,5,2,8,400,"floor_sqrt_p",5,8,2,0.933842239185751
"HEME_vs_CONTROL",1,5,2,8,400,"floor_sqrt_p",7,8,2,0.931297709923664
"HEME_vs_CONTROL",1,5,3,8,400,"floor_sqrt_p",2,7,2,0.946564885496183
"HEME_vs_CONTROL",1,5,3,8,400,"floor_sqrt_p",5,7,2,0.94147582697201
"HEME_vs_CONTROL",1,5,3,8,400,"floor_sqrt_p",7,7,2,0.944020356234097
"HEME_vs_CONTROL",1,5,4,8,400,"floor_sqrt_p",2,7,2,0.923664122137405
"HEME_vs_CONTROL",1,5,4,8,400,"floor_sqrt_p",5,7,2,0.923664122137405
"HEME_vs_CONTROL",1,5,4,8,400,"floor_sqrt_p",7,7,2,0.921119592875318
"HEME_vs_CONTROL",1,5,5,8,400,"floor_sqrt_p",2,7,2,0.933673469387755
"HEME_vs_CONTROL",1,5,5,8,400,"floor_sqrt_p",5,7,2,0.926020408163265
"HEME_vs_CONTROL",1,5,5,8,400,"floor_sqrt_p",7,7,2,0.928571428571429
"HEME_vs_CONTROL",1,5,1,9,400,"floor_sqrt_p",2,8,2,0.939086294416244
"HEME_vs_CONTROL",1,5,1,9,400,"floor_sqrt_p",5,8,2,0.939086294416244
"HEME_vs_CONTROL",1,5,1,9,400,"floor_sqrt_p",7,8,2,0.941624365482233
"HEME_vs_CONTROL",1,5,2,9,400,"floor_sqrt_p",2,9,3,0.936386768447837
"HEME_vs_CONTROL",1,5,2,9,400,"floor_sqrt_p",5,9,3,0.928753180661578
"HEME_vs_CONTROL",1,5,2,9,400,"floor_sqrt_p",7,9,3,0.931297709923664
"HEME_vs_CONTROL",1,5,3,9,400,"floor_sqrt_p",2,7,2,0.94147582697201
"HEME_vs_CONTROL",1,5,3,9,400,"floor_sqrt_p",5,7,2,0.944020356234097
"HEME_vs_CONTROL",1,5,3,9,400,"floor_sqrt_p",7,7,2,0.944020356234097
"HEME_vs_CONTROL",1,5,4,9,400,"floor_sqrt_p",2,8,2,0.916030534351145
"HEME_vs_CONTROL",1,5,4,9,400,"floor_sqrt_p",5,8,2,0.913486005089059
"HEME_vs_CONTROL",1,5,4,9,400,"floor_sqrt_p",7,8,2,0.918575063613232
"HEME_vs_CONTROL",1,5,5,9,400,"floor_sqrt_p",2,8,2,0.946428571428571
"HEME_vs_CONTROL",1,5,5,9,400,"floor_sqrt_p",5,8,2,0.946428571428571
"HEME_vs_CONTROL",1,5,5,9,400,"floor_sqrt_p",7,8,2,0.943877551020408
"HEME_vs_CONTROL",1,5,1,10,400,"floor_sqrt_p",2,8,2,0.946700507614213
"HEME_vs_CONTROL",1,5,1,10,400,"floor_sqrt_p",5,8,2,0.941624365482233
"HEME_vs_CONTROL",1,5,1,10,400,"floor_sqrt_p",7,8,2,0.944162436548223
"HEME_vs_CONTROL",1,5,2,10,400,"floor_sqrt_p",2,9,3,0.928753180661578
"HEME_vs_CONTROL",1,5,2,10,400,"floor_sqrt_p",5,9,3,0.923664122137405
"HEME_vs_CONTROL",1,5,2,10,400,"floor_sqrt_p",7,9,3,0.928753180661578
"HEME_vs_CONTROL",1,5,3,10,400,"floor_sqrt_p",2,8,2,0.94910941475827
"HEME_vs_CONTROL",1,5,3,10,400,"floor_sqrt_p",5,8,2,0.944020356234097
"HEME_vs_CONTROL",1,5,3,10,400,"floor_sqrt_p",7,8,2,0.946564885496183
"HEME_vs_CONTROL",1,5,4,10,400,"floor_sqrt_p",2,8,2,0.921119592875318
"HEME_vs_CONTROL",1,5,4,10,400,"floor_sqrt_p",5,8,2,0.923664122137405
"HEME_vs_CONTROL",1,5,4,10,400,"floor_sqrt_p",7,8,2,0.921119592875318
"HEME_vs_CONTROL",1,5,5,10,400,"floor_sqrt_p",2,8,2,0.936224489795918
"HEME_vs_CONTROL",1,5,5,10,400,"floor_sqrt_p",5,8,2,0.941326530612245
"HEME_vs_CONTROL",1,5,5,10,400,"floor_sqrt_p",7,8,2,0.936224489795918
"HEME_vs_CONTROL",1,5,1,11,400,"floor_sqrt_p",2,9,3,0.941624365482233
"HEME_vs_CONTROL",1,5,1,11,400,"floor_sqrt_p",5,9,3,0.944162436548223
"HEME_vs_CONTROL",1,5,1,11,400,"floor_sqrt_p",7,9,3,0.939086294416244
"HEME_vs_CONTROL",1,5,2,11,400,"floor_sqrt_p",2,10,3,0.928753180661578
"HEME_vs_CONTROL",1,5,2,11,400,"floor_sqrt_p",5,10,3,0.931297709923664
"HEME_vs_CONTROL",1,5,2,11,400,"floor_sqrt_p",7,10,3,0.933842239185751
"HEME_vs_CONTROL",1,5,3,11,400,"floor_sqrt_p",2,9,3,0.94910941475827
"HEME_vs_CONTROL",1,5,3,11,400,"floor_sqrt_p",5,9,3,0.946564885496183
"HEME_vs_CONTROL",1,5,3,11,400,"floor_sqrt_p",7,9,3,0.954198473282443
"HEME_vs_CONTROL",1,5,4,11,400,"floor_sqrt_p",2,9,3,0.926208651399491
"HEME_vs_CONTROL",1,5,4,11,400,"floor_sqrt_p",5,9,3,0.926208651399491
"HEME_vs_CONTROL",1,5,4,11,400,"floor_sqrt_p",7,9,3,0.926208651399491
"HEME_vs_CONTROL",1,5,5,11,400,"floor_sqrt_p",2,9,3,0.936224489795918
"HEME_vs_CONTROL",1,5,5,11,400,"floor_sqrt_p",5,9,3,0.938775510204082
"HEME_vs_CONTROL",1,5,5,11,400,"floor_sqrt_p",7,9,3,0.933673469387755
"HEME_vs_CONTROL",1,5,1,12,400,"floor_sqrt_p",2,10,3,0.956852791878173
"HEME_vs_CONTROL",1,5,1,12,400,"floor_sqrt_p",5,10,3,0.954314720812183
"HEME_vs_CONTROL",1,5,1,12,400,"floor_sqrt_p",7,10,3,0.954314720812183
"HEME_vs_CONTROL",1,5,2,12,400,"floor_sqrt_p",2,11,3,0.938931297709924
"HEME_vs_CONTROL",1,5,2,12,400,"floor_sqrt_p",5,11,3,0.938931297709924
"HEME_vs_CONTROL",1,5,2,12,400,"floor_sqrt_p",7,11,3,0.94147582697201
"HEME_vs_CONTROL",1,5,3,12,400,"floor_sqrt_p",2,9,3,0.946564885496183
"HEME_vs_CONTROL",1,5,3,12,400,"floor_sqrt_p",5,9,3,0.954198473282443
"HEME_vs_CONTROL",1,5,3,12,400,"floor_sqrt_p",7,9,3,0.94910941475827
"HEME_vs_CONTROL",1,5,4,12,400,"floor_sqrt_p",2,9,3,0.931297709923664
"HEME_vs_CONTROL",1,5,4,12,400,"floor_sqrt_p",5,9,3,0.928753180661578
"HEME_vs_CONTROL",1,5,4,12,400,"floor_sqrt_p",7,9,3,0.923664122137405
"HEME_vs_CONTROL",1,5,5,12,400,"floor_sqrt_p",2,9,3,0.951530612244898
"HEME_vs_CONTROL",1,5,5,12,400,"floor_sqrt_p",5,9,3,0.951530612244898
"HEME_vs_CONTROL",1,5,5,12,400,"floor_sqrt_p",7,9,3,0.941326530612245
"HEME_vs_CONTROL",1,5,1,13,400,"floor_sqrt_p",2,10,3,0.964467005076142
"HEME_vs_CONTROL",1,5,1,13,400,"floor_sqrt_p",5,10,3,0.961928934010152
"HEME_vs_CONTROL",1,5,1,13,400,"floor_sqrt_p",7,10,3,0.959390862944162
"HEME_vs_CONTROL",1,5,2,13,400,"floor_sqrt_p",2,11,3,0.938931297709924
"HEME_vs_CONTROL",1,5,2,13,400,"floor_sqrt_p",5,11,3,0.94147582697201
"HEME_vs_CONTROL",1,5,2,13,400,"floor_sqrt_p",7,11,3,0.946564885496183
"HEME_vs_CONTROL",1,5,3,13,400,"floor_sqrt_p",2,10,3,0.959287531806616
"HEME_vs_CONTROL",1,5,3,13,400,"floor_sqrt_p",5,10,3,0.959287531806616
"HEME_vs_CONTROL",1,5,3,13,400,"floor_sqrt_p",7,10,3,0.959287531806616
"HEME_vs_CONTROL",1,5,4,13,400,"floor_sqrt_p",2,10,3,0.928753180661578
"HEME_vs_CONTROL",1,5,4,13,400,"floor_sqrt_p",5,10,3,0.928753180661578
"HEME_vs_CONTROL",1,5,4,13,400,"floor_sqrt_p",7,10,3,0.926208651399491
"HEME_vs_CONTROL",1,5,5,13,400,"floor_sqrt_p",2,10,3,0.948979591836735
"HEME_vs_CONTROL",1,5,5,13,400,"floor_sqrt_p",5,10,3,0.943877551020408
"HEME_vs_CONTROL",1,5,5,13,400,"floor_sqrt_p",7,10,3,0.948979591836735
"HEME_vs_CONTROL",1,5,1,14,400,"floor_sqrt_p",2,11,3,0.941624365482233
"HEME_vs_CONTROL",1,5,1,14,400,"floor_sqrt_p",5,11,3,0.944162436548223
"HEME_vs_CONTROL",1,5,1,14,400,"floor_sqrt_p",7,11,3,0.949238578680203
"HEME_vs_CONTROL",1,5,2,14,400,"floor_sqrt_p",2,12,3,0.936386768447837
"HEME_vs_CONTROL",1,5,2,14,400,"floor_sqrt_p",5,12,3,0.936386768447837
"HEME_vs_CONTROL",1,5,2,14,400,"floor_sqrt_p",7,12,3,0.936386768447837
"HEME_vs_CONTROL",1,5,3,14,400,"floor_sqrt_p",2,10,3,0.961832061068702
"HEME_vs_CONTROL",1,5,3,14,400,"floor_sqrt_p",5,10,3,0.956743002544529
"HEME_vs_CONTROL",1,5,3,14,400,"floor_sqrt_p",7,10,3,0.959287531806616
"HEME_vs_CONTROL",1,5,4,14,400,"floor_sqrt_p",2,11,3,0.926208651399491
"HEME_vs_CONTROL",1,5,4,14,400,"floor_sqrt_p",5,11,3,0.928753180661578
"HEME_vs_CONTROL",1,5,4,14,400,"floor_sqrt_p",7,11,3,0.926208651399491
"HEME_vs_CONTROL",1,5,5,14,400,"floor_sqrt_p",2,10,3,0.948979591836735
"HEME_vs_CONTROL",1,5,5,14,400,"floor_sqrt_p",5,10,3,0.948979591836735
"HEME_vs_CONTROL",1,5,5,14,400,"floor_sqrt_p",7,10,3,0.951530612244898
"HEME_vs_CONTROL",1,5,1,15,400,"floor_sqrt_p",2,11,3,0.949238578680203
"HEME_vs_CONTROL",1,5,1,15,400,"floor_sqrt_p",5,11,3,0.944162436548223
"HEME_vs_CONTROL",1,5,1,15,400,"floor_sqrt_p",7,11,3,0.941624365482233
"HEME_vs_CONTROL",1,5,2,15,400,"floor_sqrt_p",2,12,3,0.933842239185751
"HEME_vs_CONTROL",1,5,2,15,400,"floor_sqrt_p",5,12,3,0.923664122137405
"HEME_vs_CONTROL",1,5,2,15,400,"floor_sqrt_p",7,12,3,0.921119592875318
"HEME_vs_CONTROL",1,5,3,15,400,"floor_sqrt_p",2,11,3,0.959287531806616
"HEME_vs_CONTROL",1,5,3,15,400,"floor_sqrt_p",5,11,3,0.954198473282443
"HEME_vs_CONTROL",1,5,3,15,400,"floor_sqrt_p",7,11,3,0.959287531806616
"HEME_vs_CONTROL",1,5,4,15,400,"floor_sqrt_p",2,11,3,0.928753180661578
"HEME_vs_CONTROL",1,5,4,15,400,"floor_sqrt_p",5,11,3,0.926208651399491
"HEME_vs_CONTROL",1,5,4,15,400,"floor_sqrt_p",7,11,3,0.933842239185751
"HEME_vs_CONTROL",1,5,5,15,400,"floor_sqrt_p",2,11,3,0.951530612244898
"HEME_vs_CONTROL",1,5,5,15,400,"floor_sqrt_p",5,11,3,0.954081632653061
"HEME_vs_CONTROL",1,5,5,15,400,"floor_sqrt_p",7,11,3,0.954081632653061
"HEME_vs_CONTROL",1,5,1,16,400,"floor_sqrt_p",2,12,3,0.946700507614213
"HEME_vs_CONTROL",1,5,1,16,400,"floor_sqrt_p",5,12,3,0.949238578680203
"HEME_vs_CONTROL",1,5,1,16,400,"floor_sqrt_p",7,12,3,0.949238578680203
"HEME_vs_CONTROL",1,5,2,16,400,"floor_sqrt_p",2,13,3,0.926208651399491
"HEME_vs_CONTROL",1,5,2,16,400,"floor_sqrt_p",5,13,3,0.931297709923664
"HEME_vs_CONTROL",1,5,2,16,400,"floor_sqrt_p",7,13,3,0.931297709923664
"HEME_vs_CONTROL",1,5,3,16,400,"floor_sqrt_p",2,11,3,0.959287531806616
"HEME_vs_CONTROL",1,5,3,16,400,"floor_sqrt_p",5,11,3,0.959287531806616
"HEME_vs_CONTROL",1,5,3,16,400,"floor_sqrt_p",7,11,3,0.964376590330789
"HEME_vs_CONTROL",1,5,4,16,400,"floor_sqrt_p",2,11,3,0.928753180661578
"HEME_vs_CONTROL",1,5,4,16,400,"floor_sqrt_p",5,11,3,0.923664122137405
"HEME_vs_CONTROL",1,5,4,16,400,"floor_sqrt_p",7,11,3,0.928753180661578
"HEME_vs_CONTROL",1,5,5,16,400,"floor_sqrt_p",2,11,3,0.954081632653061
"HEME_vs_CONTROL",1,5,5,16,400,"floor_sqrt_p",5,11,3,0.954081632653061
"HEME_vs_CONTROL",1,5,5,16,400,"floor_sqrt_p",7,11,3,0.954081632653061
"HEME_vs_CONTROL",1,5,1,17,400,"floor_sqrt_p",2,12,3,0.951776649746193
"HEME_vs_CONTROL",1,5,1,17,400,"floor_sqrt_p",5,12,3,0.949238578680203
"HEME_vs_CONTROL",1,5,1,17,400,"floor_sqrt_p",7,12,3,0.944162436548223
"HEME_vs_CONTROL",1,5,2,17,400,"floor_sqrt_p",2,13,3,0.933842239185751
"HEME_vs_CONTROL",1,5,2,17,400,"floor_sqrt_p",5,13,3,0.933842239185751
"HEME_vs_CONTROL",1,5,2,17,400,"floor_sqrt_p",7,13,3,0.931297709923664
"HEME_vs_CONTROL",1,5,3,17,400,"floor_sqrt_p",2,11,3,0.951653944020356
"HEME_vs_CONTROL",1,5,3,17,400,"floor_sqrt_p",5,11,3,0.946564885496183
"HEME_vs_CONTROL",1,5,3,17,400,"floor_sqrt_p",7,11,3,0.944020356234097
"HEME_vs_CONTROL",1,5,4,17,400,"floor_sqrt_p",2,12,3,0.928753180661578
"HEME_vs_CONTROL",1,5,4,17,400,"floor_sqrt_p",5,12,3,0.926208651399491
"HEME_vs_CONTROL",1,5,4,17,400,"floor_sqrt_p",7,12,3,0.926208651399491
"HEME_vs_CONTROL",1,5,5,17,400,"floor_sqrt_p",2,12,3,0.933673469387755
"HEME_vs_CONTROL",1,5,5,17,400,"floor_sqrt_p",5,12,3,0.933673469387755
"HEME_vs_CONTROL",1,5,5,17,400,"floor_sqrt_p",7,12,3,0.931122448979592
"HEME_vs_CONTROL",1,5,1,18,400,"floor_sqrt_p",2,12,3,0.946700507614213
"HEME_vs_CONTROL",1,5,1,18,400,"floor_sqrt_p",5,12,3,0.944162436548223
"HEME_vs_CONTROL",1,5,1,18,400,"floor_sqrt_p",7,12,3,0.941624365482233
"HEME_vs_CONTROL",1,5,2,18,400,"floor_sqrt_p",2,13,3,0.923664122137405
"HEME_vs_CONTROL",1,5,2,18,400,"floor_sqrt_p",5,13,3,0.923664122137405
"HEME_vs_CONTROL",1,5,2,18,400,"floor_sqrt_p",7,13,3,0.921119592875318
"HEME_vs_CONTROL",1,5,3,18,400,"floor_sqrt_p",2,12,3,0.946564885496183
"HEME_vs_CONTROL",1,5,3,18,400,"floor_sqrt_p",5,12,3,0.94910941475827
"HEME_vs_CONTROL",1,5,3,18,400,"floor_sqrt_p",7,12,3,0.94910941475827
"HEME_vs_CONTROL",1,5,4,18,400,"floor_sqrt_p",2,12,3,0.918575063613232
"HEME_vs_CONTROL",1,5,4,18,400,"floor_sqrt_p",5,12,3,0.916030534351145
"HEME_vs_CONTROL",1,5,4,18,400,"floor_sqrt_p",7,12,3,0.913486005089059
"HEME_vs_CONTROL",1,5,5,18,400,"floor_sqrt_p",2,12,3,0.936224489795918
"HEME_vs_CONTROL",1,5,5,18,400,"floor_sqrt_p",5,12,3,0.936224489795918
"HEME_vs_CONTROL",1,5,5,18,400,"floor_sqrt_p",7,12,3,0.931122448979592
"HEME_vs_CONTROL",1,5,1,19,400,"floor_sqrt_p",2,13,3,0.949238578680203
"HEME_vs_CONTROL",1,5,1,19,400,"floor_sqrt_p",5,13,3,0.951776649746193
"HEME_vs_CONTROL",1,5,1,19,400,"floor_sqrt_p",7,13,3,0.949238578680203
"HEME_vs_CONTROL",1,5,2,19,400,"floor_sqrt_p",2,14,3,0.913486005089059
"HEME_vs_CONTROL",1,5,2,19,400,"floor_sqrt_p",5,14,3,0.918575063613232
"HEME_vs_CONTROL",1,5,2,19,400,"floor_sqrt_p",7,14,3,0.910941475826972
"HEME_vs_CONTROL",1,5,3,19,400,"floor_sqrt_p",2,12,3,0.94910941475827
"HEME_vs_CONTROL",1,5,3,19,400,"floor_sqrt_p",5,12,3,0.94147582697201
"HEME_vs_CONTROL",1,5,3,19,400,"floor_sqrt_p",7,12,3,0.951653944020356
"HEME_vs_CONTROL",1,5,4,19,400,"floor_sqrt_p",2,13,3,0.908396946564885
"HEME_vs_CONTROL",1,5,4,19,400,"floor_sqrt_p",5,13,3,0.910941475826972
"HEME_vs_CONTROL",1,5,4,19,400,"floor_sqrt_p",7,13,3,0.905852417302799
"HEME_vs_CONTROL",1,5,5,19,400,"floor_sqrt_p",2,12,3,0.928571428571429
"HEME_vs_CONTROL",1,5,5,19,400,"floor_sqrt_p",5,12,3,0.931122448979592
"HEME_vs_CONTROL",1,5,5,19,400,"floor_sqrt_p",7,12,3,0.933673469387755
"HEME_vs_CONTROL",1,5,1,20,400,"floor_sqrt_p",2,13,3,0.949238578680203
"HEME_vs_CONTROL",1,5,1,20,400,"floor_sqrt_p",5,13,3,0.951776649746193
"HEME_vs_CONTROL",1,5,1,20,400,"floor_sqrt_p",7,13,3,0.944162436548223
"HEME_vs_CONTROL",1,5,2,20,400,"floor_sqrt_p",2,14,3,0.918575063613232
"HEME_vs_CONTROL",1,5,2,20,400,"floor_sqrt_p",5,14,3,0.916030534351145
"HEME_vs_CONTROL",1,5,2,20,400,"floor_sqrt_p",7,14,3,0.910941475826972
"HEME_vs_CONTROL",1,5,3,20,400,"floor_sqrt_p",2,12,3,0.946564885496183
"HEME_vs_CONTROL",1,5,3,20,400,"floor_sqrt_p",5,12,3,0.94910941475827
"HEME_vs_CONTROL",1,5,3,20,400,"floor_sqrt_p",7,12,3,0.946564885496183
"HEME_vs_CONTROL",1,5,4,20,400,"floor_sqrt_p",2,13,3,0.910941475826972
"HEME_vs_CONTROL",1,5,4,20,400,"floor_sqrt_p",5,13,3,0.916030534351145
"HEME_vs_CONTROL",1,5,4,20,400,"floor_sqrt_p",7,13,3,0.910941475826972
"HEME_vs_CONTROL",1,5,5,20,400,"floor_sqrt_p",2,12,3,0.926020408163265
"HEME_vs_CONTROL",1,5,5,20,400,"floor_sqrt_p",5,12,3,0.928571428571429
"HEME_vs_CONTROL",1,5,5,20,400,"floor_sqrt_p",7,12,3,0.931122448979592
"HEME_vs_CONTROL",2,1,1,6,400,"floor_sqrt_p",2,6,2,0.956743002544529
"HEME_vs_CONTROL",2,1,1,6,400,"floor_sqrt_p",5,6,2,0.956743002544529
"HEME_vs_CONTROL",2,1,1,6,400,"floor_sqrt_p",7,6,2,0.956743002544529
"HEME_vs_CONTROL",2,1,2,6,400,"floor_sqrt_p",2,6,2,0.928753180661578
"HEME_vs_CONTROL",2,1,2,6,400,"floor_sqrt_p",5,6,2,0.933842239185751
"HEME_vs_CONTROL",2,1,2,6,400,"floor_sqrt_p",7,6,2,0.931297709923664
"HEME_vs_CONTROL",2,1,3,6,400,"floor_sqrt_p",2,5,2,0.921119592875318
"HEME_vs_CONTROL",2,1,3,6,400,"floor_sqrt_p",5,5,2,0.918575063613232
"HEME_vs_CONTROL",2,1,3,6,400,"floor_sqrt_p",7,5,2,0.921119592875318
"HEME_vs_CONTROL",2,1,4,6,400,"floor_sqrt_p",2,5,2,0.918367346938776
"HEME_vs_CONTROL",2,1,4,6,400,"floor_sqrt_p",5,5,2,0.920918367346939
"HEME_vs_CONTROL",2,1,4,6,400,"floor_sqrt_p",7,5,2,0.920918367346939
"HEME_vs_CONTROL",2,1,5,6,400,"floor_sqrt_p",2,5,2,0.926020408163265
"HEME_vs_CONTROL",2,1,5,6,400,"floor_sqrt_p",5,5,2,0.928571428571429
"HEME_vs_CONTROL",2,1,5,6,400,"floor_sqrt_p",7,5,2,0.928571428571429
"HEME_vs_CONTROL",2,1,1,7,400,"floor_sqrt_p",2,7,2,0.931297709923664
"HEME_vs_CONTROL",2,1,1,7,400,"floor_sqrt_p",5,7,2,0.936386768447837
"HEME_vs_CONTROL",2,1,1,7,400,"floor_sqrt_p",7,7,2,0.936386768447837
"HEME_vs_CONTROL",2,1,2,7,400,"floor_sqrt_p",2,7,2,0.923664122137405
"HEME_vs_CONTROL",2,1,2,7,400,"floor_sqrt_p",5,7,2,0.921119592875318
"HEME_vs_CONTROL",2,1,2,7,400,"floor_sqrt_p",7,7,2,0.926208651399491
"HEME_vs_CONTROL",2,1,3,7,400,"floor_sqrt_p",2,7,2,0.931297709923664
"HEME_vs_CONTROL",2,1,3,7,400,"floor_sqrt_p",5,7,2,0.931297709923664
"HEME_vs_CONTROL",2,1,3,7,400,"floor_sqrt_p",7,7,2,0.933842239185751
"HEME_vs_CONTROL",2,1,4,7,400,"floor_sqrt_p",2,7,2,0.931122448979592
"HEME_vs_CONTROL",2,1,4,7,400,"floor_sqrt_p",5,7,2,0.936224489795918
"HEME_vs_CONTROL",2,1,4,7,400,"floor_sqrt_p",7,7,2,0.938775510204082
"HEME_vs_CONTROL",2,1,5,7,400,"floor_sqrt_p",2,7,2,0.936224489795918
"HEME_vs_CONTROL",2,1,5,7,400,"floor_sqrt_p",5,7,2,0.928571428571429
"HEME_vs_CONTROL",2,1,5,7,400,"floor_sqrt_p",7,7,2,0.928571428571429
"HEME_vs_CONTROL",2,1,1,8,400,"floor_sqrt_p",2,8,2,0.944020356234097
"HEME_vs_CONTROL",2,1,1,8,400,"floor_sqrt_p",5,8,2,0.94147582697201
"HEME_vs_CONTROL",2,1,1,8,400,"floor_sqrt_p",7,8,2,0.944020356234097
"HEME_vs_CONTROL",2,1,2,8,400,"floor_sqrt_p",2,8,2,0.923664122137405
"HEME_vs_CONTROL",2,1,2,8,400,"floor_sqrt_p",5,8,2,0.928753180661578
"HEME_vs_CONTROL",2,1,2,8,400,"floor_sqrt_p",7,8,2,0.931297709923664
"HEME_vs_CONTROL",2,1,3,8,400,"floor_sqrt_p",2,7,2,0.910941475826972
"HEME_vs_CONTROL",2,1,3,8,400,"floor_sqrt_p",5,7,2,0.916030534351145
"HEME_vs_CONTROL",2,1,3,8,400,"floor_sqrt_p",7,7,2,0.918575063613232
"HEME_vs_CONTROL",2,1,4,8,400,"floor_sqrt_p",2,7,2,0.941326530612245
"HEME_vs_CONTROL",2,1,4,8,400,"floor_sqrt_p",5,7,2,0.943877551020408
"HEME_vs_CONTROL",2,1,4,8,400,"floor_sqrt_p",7,7,2,0.948979591836735
"HEME_vs_CONTROL",2,1,5,8,400,"floor_sqrt_p",2,7,2,0.931122448979592
"HEME_vs_CONTROL",2,1,5,8,400,"floor_sqrt_p",5,7,2,0.933673469387755
"HEME_vs_CONTROL",2,1,5,8,400,"floor_sqrt_p",7,7,2,0.933673469387755
"HEME_vs_CONTROL",2,1,1,9,400,"floor_sqrt_p",2,8,2,0.938931297709924
"HEME_vs_CONTROL",2,1,1,9,400,"floor_sqrt_p",5,8,2,0.944020356234097
"HEME_vs_CONTROL",2,1,1,9,400,"floor_sqrt_p",7,8,2,0.944020356234097
"HEME_vs_CONTROL",2,1,2,9,400,"floor_sqrt_p",2,8,2,0.928753180661578
"HEME_vs_CONTROL",2,1,2,9,400,"floor_sqrt_p",5,8,2,0.923664122137405
"HEME_vs_CONTROL",2,1,2,9,400,"floor_sqrt_p",7,8,2,0.923664122137405
"HEME_vs_CONTROL",2,1,3,9,400,"floor_sqrt_p",2,8,2,0.923664122137405
"HEME_vs_CONTROL",2,1,3,9,400,"floor_sqrt_p",5,8,2,0.921119592875318
"HEME_vs_CONTROL",2,1,3,9,400,"floor_sqrt_p",7,8,2,0.923664122137405
"HEME_vs_CONTROL",2,1,4,9,400,"floor_sqrt_p",2,8,2,0.938775510204082
"HEME_vs_CONTROL",2,1,4,9,400,"floor_sqrt_p",5,8,2,0.943877551020408
"HEME_vs_CONTROL",2,1,4,9,400,"floor_sqrt_p",7,8,2,0.948979591836735
"HEME_vs_CONTROL",2,1,5,9,400,"floor_sqrt_p",2,8,2,0.936224489795918
"HEME_vs_CONTROL",2,1,5,9,400,"floor_sqrt_p",5,8,2,0.933673469387755
"HEME_vs_CONTROL",2,1,5,9,400,"floor_sqrt_p",7,8,2,0.936224489795918
"HEME_vs_CONTROL",2,1,1,10,400,"floor_sqrt_p",2,9,3,0.938931297709924
"HEME_vs_CONTROL",2,1,1,10,400,"floor_sqrt_p",5,9,3,0.94147582697201
"HEME_vs_CONTROL",2,1,1,10,400,"floor_sqrt_p",7,9,3,0.94147582697201
"HEME_vs_CONTROL",2,1,2,10,400,"floor_sqrt_p",2,9,3,0.931297709923664
"HEME_vs_CONTROL",2,1,2,10,400,"floor_sqrt_p",5,9,3,0.936386768447837
"HEME_vs_CONTROL",2,1,2,10,400,"floor_sqrt_p",7,9,3,0.928753180661578
"HEME_vs_CONTROL",2,1,3,10,400,"floor_sqrt_p",2,9,3,0.918575063613232
"HEME_vs_CONTROL",2,1,3,10,400,"floor_sqrt_p",5,9,3,0.916030534351145
"HEME_vs_CONTROL",2,1,3,10,400,"floor_sqrt_p",7,9,3,0.916030534351145
"HEME_vs_CONTROL",2,1,4,10,400,"floor_sqrt_p",2,9,3,0.951530612244898
"HEME_vs_CONTROL",2,1,4,10,400,"floor_sqrt_p",5,9,3,0.956632653061224
"HEME_vs_CONTROL",2,1,4,10,400,"floor_sqrt_p",7,9,3,0.951530612244898
"HEME_vs_CONTROL",2,1,5,10,400,"floor_sqrt_p",2,9,3,0.931122448979592
"HEME_vs_CONTROL",2,1,5,10,400,"floor_sqrt_p",5,9,3,0.931122448979592
"HEME_vs_CONTROL",2,1,5,10,400,"floor_sqrt_p",7,9,3,0.931122448979592
"HEME_vs_CONTROL",2,1,1,11,400,"floor_sqrt_p",2,9,3,0.94910941475827
"HEME_vs_CONTROL",2,1,1,11,400,"floor_sqrt_p",5,9,3,0.94910941475827
"HEME_vs_CONTROL",2,1,1,11,400,"floor_sqrt_p",7,9,3,0.946564885496183
"HEME_vs_CONTROL",2,1,2,11,400,"floor_sqrt_p",2,10,3,0.926208651399491
"HEME_vs_CONTROL",2,1,2,11,400,"floor_sqrt_p",5,10,3,0.926208651399491
"HEME_vs_CONTROL",2,1,2,11,400,"floor_sqrt_p",7,10,3,0.928753180661578
"HEME_vs_CONTROL",2,1,3,11,400,"floor_sqrt_p",2,9,3,0.928753180661578
"HEME_vs_CONTROL",2,1,3,11,400,"floor_sqrt_p",5,9,3,0.928753180661578
"HEME_vs_CONTROL",2,1,3,11,400,"floor_sqrt_p",7,9,3,0.928753180661578
"HEME_vs_CONTROL",2,1,4,11,400,"floor_sqrt_p",2,9,3,0.954081632653061
"HEME_vs_CONTROL",2,1,4,11,400,"floor_sqrt_p",5,9,3,0.954081632653061
"HEME_vs_CONTROL",2,1,4,11,400,"floor_sqrt_p",7,9,3,0.954081632653061
"HEME_vs_CONTROL",2,1,5,11,400,"floor_sqrt_p",2,9,3,0.933673469387755
"HEME_vs_CONTROL",2,1,5,11,400,"floor_sqrt_p",5,9,3,0.928571428571429
"HEME_vs_CONTROL",2,1,5,11,400,"floor_sqrt_p",7,9,3,0.928571428571429
"HEME_vs_CONTROL",2,1,1,12,400,"floor_sqrt_p",2,10,3,0.954198473282443
"HEME_vs_CONTROL",2,1,1,12,400,"floor_sqrt_p",5,10,3,0.94910941475827
"HEME_vs_CONTROL",2,1,1,12,400,"floor_sqrt_p",7,10,3,0.946564885496183
"HEME_vs_CONTROL",2,1,2,12,400,"floor_sqrt_p",2,10,3,0.931297709923664
"HEME_vs_CONTROL",2,1,2,12,400,"floor_sqrt_p",5,10,3,0.936386768447837
"HEME_vs_CONTROL",2,1,2,12,400,"floor_sqrt_p",7,10,3,0.936386768447837
"HEME_vs_CONTROL",2,1,3,12,400,"floor_sqrt_p",2,10,3,0.931297709923664
"HEME_vs_CONTROL",2,1,3,12,400,"floor_sqrt_p",5,10,3,0.928753180661578
"HEME_vs_CONTROL",2,1,3,12,400,"floor_sqrt_p",7,10,3,0.928753180661578
"HEME_vs_CONTROL",2,1,4,12,400,"floor_sqrt_p",2,10,3,0.959183673469388
"HEME_vs_CONTROL",2,1,4,12,400,"floor_sqrt_p",5,10,3,0.961734693877551
"HEME_vs_CONTROL",2,1,4,12,400,"floor_sqrt_p",7,10,3,0.959183673469388
"HEME_vs_CONTROL",2,1,5,12,400,"floor_sqrt_p",2,10,3,0.936224489795918
"HEME_vs_CONTROL",2,1,5,12,400,"floor_sqrt_p",5,10,3,0.933673469387755
"HEME_vs_CONTROL",2,1,5,12,400,"floor_sqrt_p",7,10,3,0.933673469387755
"HEME_vs_CONTROL",2,1,1,13,400,"floor_sqrt_p",2,10,3,0.951653944020356
"HEME_vs_CONTROL",2,1,1,13,400,"floor_sqrt_p",5,10,3,0.951653944020356
"HEME_vs_CONTROL",2,1,1,13,400,"floor_sqrt_p",7,10,3,0.94910941475827
"HEME_vs_CONTROL",2,1,2,13,400,"floor_sqrt_p",2,11,3,0.926208651399491
"HEME_vs_CONTROL",2,1,2,13,400,"floor_sqrt_p",5,11,3,0.921119592875318
"HEME_vs_CONTROL",2,1,2,13,400,"floor_sqrt_p",7,11,3,0.926208651399491
"HEME_vs_CONTROL",2,1,3,13,400,"floor_sqrt_p",2,10,3,0.933842239185751
"HEME_vs_CONTROL",2,1,3,13,400,"floor_sqrt_p",5,10,3,0.928753180661578
"HEME_vs_CONTROL",2,1,3,13,400,"floor_sqrt_p",7,10,3,0.931297709923664
"HEME_vs_CONTROL",2,1,4,13,400,"floor_sqrt_p",2,10,3,0.959183673469388
"HEME_vs_CONTROL",2,1,4,13,400,"floor_sqrt_p",5,10,3,0.956632653061224
"HEME_vs_CONTROL",2,1,4,13,400,"floor_sqrt_p",7,10,3,0.956632653061224
"HEME_vs_CONTROL",2,1,5,13,400,"floor_sqrt_p",2,10,3,0.938775510204082
"HEME_vs_CONTROL",2,1,5,13,400,"floor_sqrt_p",5,10,3,0.938775510204082
"HEME_vs_CONTROL",2,1,5,13,400,"floor_sqrt_p",7,10,3,0.941326530612245
"HEME_vs_CONTROL",2,1,1,14,400,"floor_sqrt_p",2,11,3,0.959287531806616
"HEME_vs_CONTROL",2,1,1,14,400,"floor_sqrt_p",5,11,3,0.956743002544529
"HEME_vs_CONTROL",2,1,1,14,400,"floor_sqrt_p",7,11,3,0.951653944020356
"HEME_vs_CONTROL",2,1,2,14,400,"floor_sqrt_p",2,11,3,0.928753180661578
"HEME_vs_CONTROL",2,1,2,14,400,"floor_sqrt_p",5,11,3,0.931297709923664
"HEME_vs_CONTROL",2,1,2,14,400,"floor_sqrt_p",7,11,3,0.926208651399491
"HEME_vs_CONTROL",2,1,3,14,400,"floor_sqrt_p",2,11,3,0.931297709923664
"HEME_vs_CONTROL",2,1,3,14,400,"floor_sqrt_p",5,11,3,0.933842239185751
"HEME_vs_CONTROL",2,1,3,14,400,"floor_sqrt_p",7,11,3,0.928753180661578
"HEME_vs_CONTROL",2,1,4,14,400,"floor_sqrt_p",2,11,3,0.961734693877551
"HEME_vs_CONTROL",2,1,4,14,400,"floor_sqrt_p",5,11,3,0.964285714285714
"HEME_vs_CONTROL",2,1,4,14,400,"floor_sqrt_p",7,11,3,0.964285714285714
"HEME_vs_CONTROL",2,1,5,14,400,"floor_sqrt_p",2,11,3,0.936224489795918
"HEME_vs_CONTROL",2,1,5,14,400,"floor_sqrt_p",5,11,3,0.941326530612245
"HEME_vs_CONTROL",2,1,5,14,400,"floor_sqrt_p",7,11,3,0.941326530612245
"HEME_vs_CONTROL",2,1,1,15,400,"floor_sqrt_p",2,11,3,0.946564885496183
"HEME_vs_CONTROL",2,1,1,15,400,"floor_sqrt_p",5,11,3,0.944020356234097
"HEME_vs_CONTROL",2,1,1,15,400,"floor_sqrt_p",7,11,3,0.938931297709924
"HEME_vs_CONTROL",2,1,2,15,400,"floor_sqrt_p",2,12,3,0.931297709923664
"HEME_vs_CONTROL",2,1,2,15,400,"floor_sqrt_p",5,12,3,0.928753180661578
"HEME_vs_CONTROL",2,1,2,15,400,"floor_sqrt_p",7,12,3,0.928753180661578
"HEME_vs_CONTROL",2,1,3,15,400,"floor_sqrt_p",2,11,3,0.933842239185751
"HEME_vs_CONTROL",2,1,3,15,400,"floor_sqrt_p",5,11,3,0.933842239185751
"HEME_vs_CONTROL",2,1,3,15,400,"floor_sqrt_p",7,11,3,0.933842239185751
"HEME_vs_CONTROL",2,1,4,15,400,"floor_sqrt_p",2,11,3,0.959183673469388
"HEME_vs_CONTROL",2,1,4,15,400,"floor_sqrt_p",5,11,3,0.959183673469388
"HEME_vs_CONTROL",2,1,4,15,400,"floor_sqrt_p",7,11,3,0.959183673469388
"HEME_vs_CONTROL",2,1,5,15,400,"floor_sqrt_p",2,11,3,0.933673469387755
"HEME_vs_CONTROL",2,1,5,15,400,"floor_sqrt_p",5,11,3,0.938775510204082
"HEME_vs_CONTROL",2,1,5,15,400,"floor_sqrt_p",7,11,3,0.938775510204082
"HEME_vs_CONTROL",2,1,1,16,400,"floor_sqrt_p",2,12,3,0.94147582697201
"HEME_vs_CONTROL",2,1,1,16,400,"floor_sqrt_p",5,12,3,0.944020356234097
"HEME_vs_CONTROL",2,1,1,16,400,"floor_sqrt_p",7,12,3,0.938931297709924
"HEME_vs_CONTROL",2,1,2,16,400,"floor_sqrt_p",2,12,3,0.931297709923664
"HEME_vs_CONTROL",2,1,2,16,400,"floor_sqrt_p",5,12,3,0.931297709923664
"HEME_vs_CONTROL",2,1,2,16,400,"floor_sqrt_p",7,12,3,0.931297709923664
"HEME_vs_CONTROL",2,1,3,16,400,"floor_sqrt_p",2,12,3,0.94147582697201
"HEME_vs_CONTROL",2,1,3,16,400,"floor_sqrt_p",5,12,3,0.936386768447837
"HEME_vs_CONTROL",2,1,3,16,400,"floor_sqrt_p",7,12,3,0.928753180661578
"HEME_vs_CONTROL",2,1,4,16,400,"floor_sqrt_p",2,12,3,0.964285714285714
"HEME_vs_CONTROL",2,1,4,16,400,"floor_sqrt_p",5,12,3,0.964285714285714
"HEME_vs_CONTROL",2,1,4,16,400,"floor_sqrt_p",7,12,3,0.966836734693878
"HEME_vs_CONTROL",2,1,5,16,400,"floor_sqrt_p",2,12,3,0.936224489795918
"HEME_vs_CONTROL",2,1,5,16,400,"floor_sqrt_p",5,12,3,0.928571428571429
"HEME_vs_CONTROL",2,1,5,16,400,"floor_sqrt_p",7,12,3,0.936224489795918
"HEME_vs_CONTROL",2,1,1,17,400,"floor_sqrt_p",2,12,3,0.94147582697201
"HEME_vs_CONTROL",2,1,1,17,400,"floor_sqrt_p",5,12,3,0.94147582697201
"HEME_vs_CONTROL",2,1,1,17,400,"floor_sqrt_p",7,12,3,0.936386768447837
"HEME_vs_CONTROL",2,1,2,17,400,"floor_sqrt_p",2,12,3,0.931297709923664
"HEME_vs_CONTROL",2,1,2,17,400,"floor_sqrt_p",5,12,3,0.918575063613232
"HEME_vs_CONTROL",2,1,2,17,400,"floor_sqrt_p",7,12,3,0.926208651399491
"HEME_vs_CONTROL",2,1,3,17,400,"floor_sqrt_p",2,12,3,0.926208651399491
"HEME_vs_CONTROL",2,1,3,17,400,"floor_sqrt_p",5,12,3,0.921119592875318
"HEME_vs_CONTROL",2,1,3,17,400,"floor_sqrt_p",7,12,3,0.921119592875318
"HEME_vs_CONTROL",2,1,4,17,400,"floor_sqrt_p",2,12,3,0.943877551020408
"HEME_vs_CONTROL",2,1,4,17,400,"floor_sqrt_p",5,12,3,0.948979591836735
"HEME_vs_CONTROL",2,1,4,17,400,"floor_sqrt_p",7,12,3,0.946428571428571
"HEME_vs_CONTROL",2,1,5,17,400,"floor_sqrt_p",2,12,3,0.923469387755102
"HEME_vs_CONTROL",2,1,5,17,400,"floor_sqrt_p",5,12,3,0.926020408163265
"HEME_vs_CONTROL",2,1,5,17,400,"floor_sqrt_p",7,12,3,0.923469387755102
"HEME_vs_CONTROL",2,1,1,18,400,"floor_sqrt_p",2,13,3,0.94910941475827
"HEME_vs_CONTROL",2,1,1,18,400,"floor_sqrt_p",5,13,3,0.946564885496183
"HEME_vs_CONTROL",2,1,1,18,400,"floor_sqrt_p",7,13,3,0.946564885496183
"HEME_vs_CONTROL",2,1,2,18,400,"floor_sqrt_p",2,13,3,0.923664122137405
"HEME_vs_CONTROL",2,1,2,18,400,"floor_sqrt_p",5,13,3,0.916030534351145
"HEME_vs_CONTROL",2,1,2,18,400,"floor_sqrt_p",7,13,3,0.921119592875318
"HEME_vs_CONTROL",2,1,3,18,400,"floor_sqrt_p",2,13,3,0.928753180661578
"HEME_vs_CONTROL",2,1,3,18,400,"floor_sqrt_p",5,13,3,0.928753180661578
"HEME_vs_CONTROL",2,1,3,18,400,"floor_sqrt_p",7,13,3,0.936386768447837
"HEME_vs_CONTROL",2,1,4,18,400,"floor_sqrt_p",2,12,3,0.946428571428571
"HEME_vs_CONTROL",2,1,4,18,400,"floor_sqrt_p",5,12,3,0.948979591836735
"HEME_vs_CONTROL",2,1,4,18,400,"floor_sqrt_p",7,12,3,0.938775510204082
"HEME_vs_CONTROL",2,1,5,18,400,"floor_sqrt_p",2,13,3,0.923469387755102
"HEME_vs_CONTROL",2,1,5,18,400,"floor_sqrt_p",5,13,3,0.923469387755102
"HEME_vs_CONTROL",2,1,5,18,400,"floor_sqrt_p",7,13,3,0.926020408163265
"HEME_vs_CONTROL",2,1,1,19,400,"floor_sqrt_p",2,13,3,0.951653944020356
"HEME_vs_CONTROL",2,1,1,19,400,"floor_sqrt_p",5,13,3,0.944020356234097
"HEME_vs_CONTROL",2,1,1,19,400,"floor_sqrt_p",7,13,3,0.946564885496183
"HEME_vs_CONTROL",2,1,2,19,400,"floor_sqrt_p",2,13,3,0.928753180661578
"HEME_vs_CONTROL",2,1,2,19,400,"floor_sqrt_p",5,13,3,0.926208651399491
"HEME_vs_CONTROL",2,1,2,19,400,"floor_sqrt_p",7,13,3,0.923664122137405
"HEME_vs_CONTROL",2,1,3,19,400,"floor_sqrt_p",2,13,3,0.921119592875318
"HEME_vs_CONTROL",2,1,3,19,400,"floor_sqrt_p",5,13,3,0.921119592875318
"HEME_vs_CONTROL",2,1,3,19,400,"floor_sqrt_p",7,13,3,0.923664122137405
"HEME_vs_CONTROL",2,1,4,19,400,"floor_sqrt_p",2,13,3,0.943877551020408
"HEME_vs_CONTROL",2,1,4,19,400,"floor_sqrt_p",5,13,3,0.946428571428571
"HEME_vs_CONTROL",2,1,4,19,400,"floor_sqrt_p",7,13,3,0.943877551020408
"HEME_vs_CONTROL",2,1,5,19,400,"floor_sqrt_p",2,13,3,0.928571428571429
"HEME_vs_CONTROL",2,1,5,19,400,"floor_sqrt_p",5,13,3,0.928571428571429
"HEME_vs_CONTROL",2,1,5,19,400,"floor_sqrt_p",7,13,3,0.928571428571429
"HEME_vs_CONTROL",2,1,1,20,400,"floor_sqrt_p",2,13,3,0.933842239185751
"HEME_vs_CONTROL",2,1,1,20,400,"floor_sqrt_p",5,13,3,0.938931297709924
"HEME_vs_CONTROL",2,1,1,20,400,"floor_sqrt_p",7,13,3,0.94147582697201
"HEME_vs_CONTROL",2,1,2,20,400,"floor_sqrt_p",2,13,3,0.928753180661578
"HEME_vs_CONTROL",2,1,2,20,400,"floor_sqrt_p",5,13,3,0.928753180661578
"HEME_vs_CONTROL",2,1,2,20,400,"floor_sqrt_p",7,13,3,0.928753180661578
"HEME_vs_CONTROL",2,1,3,20,400,"floor_sqrt_p",2,13,3,0.916030534351145
"HEME_vs_CONTROL",2,1,3,20,400,"floor_sqrt_p",5,13,3,0.916030534351145
"HEME_vs_CONTROL",2,1,3,20,400,"floor_sqrt_p",7,13,3,0.921119592875318
"HEME_vs_CONTROL",2,1,4,20,400,"floor_sqrt_p",2,13,3,0.954081632653061
"HEME_vs_CONTROL",2,1,4,20,400,"floor_sqrt_p",5,13,3,0.954081632653061
"HEME_vs_CONTROL",2,1,4,20,400,"floor_sqrt_p",7,13,3,0.951530612244898
"HEME_vs_CONTROL",2,1,5,20,400,"floor_sqrt_p",2,13,3,0.931122448979592
"HEME_vs_CONTROL",2,1,5,20,400,"floor_sqrt_p",5,13,3,0.931122448979592
"HEME_vs_CONTROL",2,1,5,20,400,"floor_sqrt_p",7,13,3,0.928571428571429
"HEME_vs_CONTROL",2,2,1,6,400,"floor_sqrt_p",2,5,2,0.938931297709924
"HEME_vs_CONTROL",2,2,1,6,400,"floor_sqrt_p",5,5,2,0.938931297709924
"HEME_vs_CONTROL",2,2,1,6,400,"floor_sqrt_p",7,5,2,0.94147582697201
"HEME_vs_CONTROL",2,2,2,6,400,"floor_sqrt_p",2,5,2,0.933842239185751
"HEME_vs_CONTROL",2,2,2,6,400,"floor_sqrt_p",5,5,2,0.926208651399491
"HEME_vs_CONTROL",2,2,2,6,400,"floor_sqrt_p",7,5,2,0.931297709923664
"HEME_vs_CONTROL",2,2,3,6,400,"floor_sqrt_p",2,6,2,0.926208651399491
"HEME_vs_CONTROL",2,2,3,6,400,"floor_sqrt_p",5,6,2,0.926208651399491
"HEME_vs_CONTROL",2,2,3,6,400,"floor_sqrt_p",7,6,2,0.928753180661578
"HEME_vs_CONTROL",2,2,4,6,400,"floor_sqrt_p",2,5,2,0.931122448979592
"HEME_vs_CONTROL",2,2,4,6,400,"floor_sqrt_p",5,5,2,0.931122448979592
"HEME_vs_CONTROL",2,2,4,6,400,"floor_sqrt_p",7,5,2,0.928571428571429
"HEME_vs_CONTROL",2,2,5,6,400,"floor_sqrt_p",2,5,2,0.926020408163265
"HEME_vs_CONTROL",2,2,5,6,400,"floor_sqrt_p",5,5,2,0.926020408163265
"HEME_vs_CONTROL",2,2,5,6,400,"floor_sqrt_p",7,5,2,0.926020408163265
"HEME_vs_CONTROL",2,2,1,7,400,"floor_sqrt_p",2,6,2,0.928753180661578
"HEME_vs_CONTROL",2,2,1,7,400,"floor_sqrt_p",5,6,2,0.931297709923664
"HEME_vs_CONTROL",2,2,1,7,400,"floor_sqrt_p",7,6,2,0.931297709923664
"HEME_vs_CONTROL",2,2,2,7,400,"floor_sqrt_p",2,6,2,0.938931297709924
"HEME_vs_CONTROL",2,2,2,7,400,"floor_sqrt_p",5,6,2,0.944020356234097
"HEME_vs_CONTROL",2,2,2,7,400,"floor_sqrt_p",7,6,2,0.94147582697201
"HEME_vs_CONTROL",2,2,3,7,400,"floor_sqrt_p",2,7,2,0.936386768447837
"HEME_vs_CONTROL",2,2,3,7,400,"floor_sqrt_p",5,7,2,0.933842239185751
"HEME_vs_CONTROL",2,2,3,7,400,"floor_sqrt_p",7,7,2,0.933842239185751
"HEME_vs_CONTROL",2,2,4,7,400,"floor_sqrt_p",2,7,2,0.938775510204082
"HEME_vs_CONTROL",2,2,4,7,400,"floor_sqrt_p",5,7,2,0.938775510204082
"HEME_vs_CONTROL",2,2,4,7,400,"floor_sqrt_p",7,7,2,0.938775510204082
"HEME_vs_CONTROL",2,2,5,7,400,"floor_sqrt_p",2,6,2,0.951530612244898
"HEME_vs_CONTROL",2,2,5,7,400,"floor_sqrt_p",5,6,2,0.948979591836735
"HEME_vs_CONTROL",2,2,5,7,400,"floor_sqrt_p",7,6,2,0.948979591836735
"HEME_vs_CONTROL",2,2,1,8,400,"floor_sqrt_p",2,7,2,0.926208651399491
"HEME_vs_CONTROL",2,2,1,8,400,"floor_sqrt_p",5,7,2,0.923664122137405
"HEME_vs_CONTROL",2,2,1,8,400,"floor_sqrt_p",7,7,2,0.928753180661578
"HEME_vs_CONTROL",2,2,2,8,400,"floor_sqrt_p",2,7,2,0.928753180661578
"HEME_vs_CONTROL",2,2,2,8,400,"floor_sqrt_p",5,7,2,0.926208651399491
"HEME_vs_CONTROL",2,2,2,8,400,"floor_sqrt_p",7,7,2,0.931297709923664
"HEME_vs_CONTROL",2,2,3,8,400,"floor_sqrt_p",2,8,2,0.931297709923664
"HEME_vs_CONTROL",2,2,3,8,400,"floor_sqrt_p",5,8,2,0.931297709923664
"HEME_vs_CONTROL",2,2,3,8,400,"floor_sqrt_p",7,8,2,0.936386768447837
"HEME_vs_CONTROL",2,2,4,8,400,"floor_sqrt_p",2,7,2,0.933673469387755
"HEME_vs_CONTROL",2,2,4,8,400,"floor_sqrt_p",5,7,2,0.936224489795918
"HEME_vs_CONTROL",2,2,4,8,400,"floor_sqrt_p",7,7,2,0.928571428571429
"HEME_vs_CONTROL",2,2,5,8,400,"floor_sqrt_p",2,7,2,0.943877551020408
"HEME_vs_CONTROL",2,2,5,8,400,"floor_sqrt_p",5,7,2,0.943877551020408
"HEME_vs_CONTROL",2,2,5,8,400,"floor_sqrt_p",7,7,2,0.946428571428571
"HEME_vs_CONTROL",2,2,1,9,400,"floor_sqrt_p",2,7,2,0.926208651399491
"HEME_vs_CONTROL",2,2,1,9,400,"floor_sqrt_p",5,7,2,0.928753180661578
"HEME_vs_CONTROL",2,2,1,9,400,"floor_sqrt_p",7,7,2,0.928753180661578
"HEME_vs_CONTROL",2,2,2,9,400,"floor_sqrt_p",2,8,2,0.933842239185751
"HEME_vs_CONTROL",2,2,2,9,400,"floor_sqrt_p",5,8,2,0.928753180661578
"HEME_vs_CONTROL",2,2,2,9,400,"floor_sqrt_p",7,8,2,0.936386768447837
"HEME_vs_CONTROL",2,2,3,9,400,"floor_sqrt_p",2,8,2,0.928753180661578
"HEME_vs_CONTROL",2,2,3,9,400,"floor_sqrt_p",5,8,2,0.933842239185751
"HEME_vs_CONTROL",2,2,3,9,400,"floor_sqrt_p",7,8,2,0.933842239185751
"HEME_vs_CONTROL",2,2,4,9,400,"floor_sqrt_p",2,8,2,0.933673469387755
"HEME_vs_CONTROL",2,2,4,9,400,"floor_sqrt_p",5,8,2,0.936224489795918
"HEME_vs_CONTROL",2,2,4,9,400,"floor_sqrt_p",7,8,2,0.933673469387755
"HEME_vs_CONTROL",2,2,5,9,400,"floor_sqrt_p",2,8,2,0.936224489795918
"HEME_vs_CONTROL",2,2,5,9,400,"floor_sqrt_p",5,8,2,0.943877551020408
"HEME_vs_CONTROL",2,2,5,9,400,"floor_sqrt_p",7,8,2,0.943877551020408
"HEME_vs_CONTROL",2,2,1,10,400,"floor_sqrt_p",2,8,2,0.926208651399491
"HEME_vs_CONTROL",2,2,1,10,400,"floor_sqrt_p",5,8,2,0.931297709923664
"HEME_vs_CONTROL",2,2,1,10,400,"floor_sqrt_p",7,8,2,0.923664122137405
"HEME_vs_CONTROL",2,2,2,10,400,"floor_sqrt_p",2,8,2,0.923664122137405
"HEME_vs_CONTROL",2,2,2,10,400,"floor_sqrt_p",5,8,2,0.931297709923664
"HEME_vs_CONTROL",2,2,2,10,400,"floor_sqrt_p",7,8,2,0.923664122137405
"HEME_vs_CONTROL",2,2,3,10,400,"floor_sqrt_p",2,9,3,0.936386768447837
"HEME_vs_CONTROL",2,2,3,10,400,"floor_sqrt_p",5,9,3,0.933842239185751
"HEME_vs_CONTROL",2,2,3,10,400,"floor_sqrt_p",7,9,3,0.936386768447837
"HEME_vs_CONTROL",2,2,4,10,400,"floor_sqrt_p",2,9,3,0.941326530612245
"HEME_vs_CONTROL",2,2,4,10,400,"floor_sqrt_p",5,9,3,0.938775510204082
"HEME_vs_CONTROL",2,2,4,10,400,"floor_sqrt_p",7,9,3,0.943877551020408
"HEME_vs_CONTROL",2,2,5,10,400,"floor_sqrt_p",2,8,2,0.941326530612245
"HEME_vs_CONTROL",2,2,5,10,400,"floor_sqrt_p",5,8,2,0.941326530612245
"HEME_vs_CONTROL",2,2,5,10,400,"floor_sqrt_p",7,8,2,0.943877551020408
"HEME_vs_CONTROL",2,2,1,11,400,"floor_sqrt_p",2,9,3,0.938931297709924
"HEME_vs_CONTROL",2,2,1,11,400,"floor_sqrt_p",5,9,3,0.931297709923664
"HEME_vs_CONTROL",2,2,1,11,400,"floor_sqrt_p",7,9,3,0.936386768447837
"HEME_vs_CONTROL",2,2,2,11,400,"floor_sqrt_p",2,9,3,0.931297709923664
"HEME_vs_CONTROL",2,2,2,11,400,"floor_sqrt_p",5,9,3,0.928753180661578
"HEME_vs_CONTROL",2,2,2,11,400,"floor_sqrt_p",7,9,3,0.926208651399491
"HEME_vs_CONTROL",2,2,3,11,400,"floor_sqrt_p",2,10,3,0.946564885496183
"HEME_vs_CONTROL",2,2,3,11,400,"floor_sqrt_p",5,10,3,0.94147582697201
"HEME_vs_CONTROL",2,2,3,11,400,"floor_sqrt_p",7,10,3,0.94147582697201
"HEME_vs_CONTROL",2,2,4,11,400,"floor_sqrt_p",2,9,3,0.943877551020408
"HEME_vs_CONTROL",2,2,4,11,400,"floor_sqrt_p",5,9,3,0.941326530612245
"HEME_vs_CONTROL",2,2,4,11,400,"floor_sqrt_p",7,9,3,0.941326530612245
"HEME_vs_CONTROL",2,2,5,11,400,"floor_sqrt_p",2,9,3,0.948979591836735
"HEME_vs_CONTROL",2,2,5,11,400,"floor_sqrt_p",5,9,3,0.951530612244898
"HEME_vs_CONTROL",2,2,5,11,400,"floor_sqrt_p",7,9,3,0.954081632653061
"HEME_vs_CONTROL",2,2,1,12,400,"floor_sqrt_p",2,9,3,0.938931297709924
"HEME_vs_CONTROL",2,2,1,12,400,"floor_sqrt_p",5,9,3,0.94147582697201
"HEME_vs_CONTROL",2,2,1,12,400,"floor_sqrt_p",7,9,3,0.938931297709924
"HEME_vs_CONTROL",2,2,2,12,400,"floor_sqrt_p",2,9,3,0.938931297709924
"HEME_vs_CONTROL",2,2,2,12,400,"floor_sqrt_p",5,9,3,0.94147582697201
"HEME_vs_CONTROL",2,2,2,12,400,"floor_sqrt_p",7,9,3,0.936386768447837
"HEME_vs_CONTROL",2,2,3,12,400,"floor_sqrt_p",2,10,3,0.946564885496183
"HEME_vs_CONTROL",2,2,3,12,400,"floor_sqrt_p",5,10,3,0.94147582697201
"HEME_vs_CONTROL",2,2,3,12,400,"floor_sqrt_p",7,10,3,0.94147582697201
"HEME_vs_CONTROL",2,2,4,12,400,"floor_sqrt_p",2,10,3,0.943877551020408
"HEME_vs_CONTROL",2,2,4,12,400,"floor_sqrt_p",5,10,3,0.946428571428571
"HEME_vs_CONTROL",2,2,4,12,400,"floor_sqrt_p",7,10,3,0.943877551020408
"HEME_vs_CONTROL",2,2,5,12,400,"floor_sqrt_p",2,10,3,0.943877551020408
"HEME_vs_CONTROL",2,2,5,12,400,"floor_sqrt_p",5,10,3,0.948979591836735
"HEME_vs_CONTROL",2,2,5,12,400,"floor_sqrt_p",7,10,3,0.943877551020408
"HEME_vs_CONTROL",2,2,1,13,400,"floor_sqrt_p",2,10,3,0.933842239185751
"HEME_vs_CONTROL",2,2,1,13,400,"floor_sqrt_p",5,10,3,0.94147582697201
"HEME_vs_CONTROL",2,2,1,13,400,"floor_sqrt_p",7,10,3,0.94147582697201
"HEME_vs_CONTROL",2,2,2,13,400,"floor_sqrt_p",2,10,3,0.94147582697201
"HEME_vs_CONTROL",2,2,2,13,400,"floor_sqrt_p",5,10,3,0.936386768447837
"HEME_vs_CONTROL",2,2,2,13,400,"floor_sqrt_p",7,10,3,0.931297709923664
"HEME_vs_CONTROL",2,2,3,13,400,"floor_sqrt_p",2,11,3,0.946564885496183
"HEME_vs_CONTROL",2,2,3,13,400,"floor_sqrt_p",5,11,3,0.936386768447837
"HEME_vs_CONTROL",2,2,3,13,400,"floor_sqrt_p",7,11,3,0.94147582697201
"HEME_vs_CONTROL",2,2,4,13,400,"floor_sqrt_p",2,10,3,0.938775510204082
"HEME_vs_CONTROL",2,2,4,13,400,"floor_sqrt_p",5,10,3,0.936224489795918
"HEME_vs_CONTROL",2,2,4,13,400,"floor_sqrt_p",7,10,3,0.933673469387755
"HEME_vs_CONTROL",2,2,5,13,400,"floor_sqrt_p",2,10,3,0.951530612244898
"HEME_vs_CONTROL",2,2,5,13,400,"floor_sqrt_p",5,10,3,0.946428571428571
"HEME_vs_CONTROL",2,2,5,13,400,"floor_sqrt_p",7,10,3,0.946428571428571
"HEME_vs_CONTROL",2,2,1,14,400,"floor_sqrt_p",2,10,3,0.944020356234097
"HEME_vs_CONTROL",2,2,1,14,400,"floor_sqrt_p",5,10,3,0.946564885496183
"HEME_vs_CONTROL",2,2,1,14,400,"floor_sqrt_p",7,10,3,0.946564885496183
"HEME_vs_CONTROL",2,2,2,14,400,"floor_sqrt_p",2,10,3,0.938931297709924
"HEME_vs_CONTROL",2,2,2,14,400,"floor_sqrt_p",5,10,3,0.94147582697201
"HEME_vs_CONTROL",2,2,2,14,400,"floor_sqrt_p",7,10,3,0.938931297709924
"HEME_vs_CONTROL",2,2,3,14,400,"floor_sqrt_p",2,11,3,0.94147582697201
"HEME_vs_CONTROL",2,2,3,14,400,"floor_sqrt_p",5,11,3,0.938931297709924
"HEME_vs_CONTROL",2,2,3,14,400,"floor_sqrt_p",7,11,3,0.938931297709924
"HEME_vs_CONTROL",2,2,4,14,400,"floor_sqrt_p",2,11,3,0.938775510204082
"HEME_vs_CONTROL",2,2,4,14,400,"floor_sqrt_p",5,11,3,0.936224489795918
"HEME_vs_CONTROL",2,2,4,14,400,"floor_sqrt_p",7,11,3,0.938775510204082
"HEME_vs_CONTROL",2,2,5,14,400,"floor_sqrt_p",2,11,3,0.948979591836735
"HEME_vs_CONTROL",2,2,5,14,400,"floor_sqrt_p",5,11,3,0.946428571428571
"HEME_vs_CONTROL",2,2,5,14,400,"floor_sqrt_p",7,11,3,0.951530612244898
"HEME_vs_CONTROL",2,2,1,15,400,"floor_sqrt_p",2,11,3,0.94910941475827
"HEME_vs_CONTROL",2,2,1,15,400,"floor_sqrt_p",5,11,3,0.94910941475827
"HEME_vs_CONTROL",2,2,1,15,400,"floor_sqrt_p",7,11,3,0.944020356234097
"HEME_vs_CONTROL",2,2,2,15,400,"floor_sqrt_p",2,11,3,0.931297709923664
"HEME_vs_CONTROL",2,2,2,15,400,"floor_sqrt_p",5,11,3,0.931297709923664
"HEME_vs_CONTROL",2,2,2,15,400,"floor_sqrt_p",7,11,3,0.933842239185751
"HEME_vs_CONTROL",2,2,3,15,400,"floor_sqrt_p",2,12,3,0.94147582697201
"HEME_vs_CONTROL",2,2,3,15,400,"floor_sqrt_p",5,12,3,0.944020356234097
"HEME_vs_CONTROL",2,2,3,15,400,"floor_sqrt_p",7,12,3,0.944020356234097
"HEME_vs_CONTROL",2,2,4,15,400,"floor_sqrt_p",2,11,3,0.951530612244898
"HEME_vs_CONTROL",2,2,4,15,400,"floor_sqrt_p",5,11,3,0.946428571428571
"HEME_vs_CONTROL",2,2,4,15,400,"floor_sqrt_p",7,11,3,0.943877551020408
"HEME_vs_CONTROL",2,2,5,15,400,"floor_sqrt_p",2,11,3,0.941326530612245
"HEME_vs_CONTROL",2,2,5,15,400,"floor_sqrt_p",5,11,3,0.936224489795918
"HEME_vs_CONTROL",2,2,5,15,400,"floor_sqrt_p",7,11,3,0.941326530612245
"HEME_vs_CONTROL",2,2,1,16,400,"floor_sqrt_p",2,11,3,0.94910941475827
"HEME_vs_CONTROL",2,2,1,16,400,"floor_sqrt_p",5,11,3,0.944020356234097
"HEME_vs_CONTROL",2,2,1,16,400,"floor_sqrt_p",7,11,3,0.94147582697201
"HEME_vs_CONTROL",2,2,2,16,400,"floor_sqrt_p",2,11,3,0.931297709923664
"HEME_vs_CONTROL",2,2,2,16,400,"floor_sqrt_p",5,11,3,0.936386768447837
"HEME_vs_CONTROL",2,2,2,16,400,"floor_sqrt_p",7,11,3,0.938931297709924
"HEME_vs_CONTROL",2,2,3,16,400,"floor_sqrt_p",2,12,3,0.946564885496183
"HEME_vs_CONTROL",2,2,3,16,400,"floor_sqrt_p",5,12,3,0.946564885496183
"HEME_vs_CONTROL",2,2,3,16,400,"floor_sqrt_p",7,12,3,0.944020356234097
"HEME_vs_CONTROL",2,2,4,16,400,"floor_sqrt_p",2,12,3,0.946428571428571
"HEME_vs_CONTROL",2,2,4,16,400,"floor_sqrt_p",5,12,3,0.946428571428571
"HEME_vs_CONTROL",2,2,4,16,400,"floor_sqrt_p",7,12,3,0.948979591836735
"HEME_vs_CONTROL",2,2,5,16,400,"floor_sqrt_p",2,12,3,0.926020408163265
"HEME_vs_CONTROL",2,2,5,16,400,"floor_sqrt_p",5,12,3,0.923469387755102
"HEME_vs_CONTROL",2,2,5,16,400,"floor_sqrt_p",7,12,3,0.923469387755102
"HEME_vs_CONTROL",2,2,1,17,400,"floor_sqrt_p",2,12,3,0.94910941475827
"HEME_vs_CONTROL",2,2,1,17,400,"floor_sqrt_p",5,12,3,0.944020356234097
"HEME_vs_CONTROL",2,2,1,17,400,"floor_sqrt_p",7,12,3,0.944020356234097
"HEME_vs_CONTROL",2,2,2,17,400,"floor_sqrt_p",2,12,3,0.928753180661578
"HEME_vs_CONTROL",2,2,2,17,400,"floor_sqrt_p",5,12,3,0.926208651399491
"HEME_vs_CONTROL",2,2,2,17,400,"floor_sqrt_p",7,12,3,0.933842239185751
"HEME_vs_CONTROL",2,2,3,17,400,"floor_sqrt_p",2,12,3,0.933842239185751
"HEME_vs_CONTROL",2,2,3,17,400,"floor_sqrt_p",5,12,3,0.936386768447837
"HEME_vs_CONTROL",2,2,3,17,400,"floor_sqrt_p",7,12,3,0.931297709923664
"HEME_vs_CONTROL",2,2,4,17,400,"floor_sqrt_p",2,12,3,0.943877551020408
"HEME_vs_CONTROL",2,2,4,17,400,"floor_sqrt_p",5,12,3,0.946428571428571
"HEME_vs_CONTROL",2,2,4,17,400,"floor_sqrt_p",7,12,3,0.943877551020408
"HEME_vs_CONTROL",2,2,5,17,400,"floor_sqrt_p",2,12,3,0.920918367346939
"HEME_vs_CONTROL",2,2,5,17,400,"floor_sqrt_p",5,12,3,0.923469387755102
"HEME_vs_CONTROL",2,2,5,17,400,"floor_sqrt_p",7,12,3,0.928571428571429
"HEME_vs_CONTROL",2,2,1,18,400,"floor_sqrt_p",2,12,3,0.944020356234097
"HEME_vs_CONTROL",2,2,1,18,400,"floor_sqrt_p",5,12,3,0.94147582697201
"HEME_vs_CONTROL",2,2,1,18,400,"floor_sqrt_p",7,12,3,0.946564885496183
"HEME_vs_CONTROL",2,2,2,18,400,"floor_sqrt_p",2,12,3,0.923664122137405
"HEME_vs_CONTROL",2,2,2,18,400,"floor_sqrt_p",5,12,3,0.921119592875318
"HEME_vs_CONTROL",2,2,2,18,400,"floor_sqrt_p",7,12,3,0.918575063613232
"HEME_vs_CONTROL",2,2,3,18,400,"floor_sqrt_p",2,13,3,0.936386768447837
"HEME_vs_CONTROL",2,2,3,18,400,"floor_sqrt_p",5,13,3,0.938931297709924
"HEME_vs_CONTROL",2,2,3,18,400,"floor_sqrt_p",7,13,3,0.94147582697201
"HEME_vs_CONTROL",2,2,4,18,400,"floor_sqrt_p",2,12,3,0.943877551020408
"HEME_vs_CONTROL",2,2,4,18,400,"floor_sqrt_p",5,12,3,0.943877551020408
"HEME_vs_CONTROL",2,2,4,18,400,"floor_sqrt_p",7,12,3,0.943877551020408
"HEME_vs_CONTROL",2,2,5,18,400,"floor_sqrt_p",2,12,3,0.915816326530612
"HEME_vs_CONTROL",2,2,5,18,400,"floor_sqrt_p",5,12,3,0.923469387755102
"HEME_vs_CONTROL",2,2,5,18,400,"floor_sqrt_p",7,12,3,0.928571428571429
"HEME_vs_CONTROL",2,2,1,19,400,"floor_sqrt_p",2,12,3,0.936386768447837
"HEME_vs_CONTROL",2,2,1,19,400,"floor_sqrt_p",5,12,3,0.931297709923664
"HEME_vs_CONTROL",2,2,1,19,400,"floor_sqrt_p",7,12,3,0.933842239185751
"HEME_vs_CONTROL",2,2,2,19,400,"floor_sqrt_p",2,12,3,0.926208651399491
"HEME_vs_CONTROL",2,2,2,19,400,"floor_sqrt_p",5,12,3,0.926208651399491
"HEME_vs_CONTROL",2,2,2,19,400,"floor_sqrt_p",7,12,3,0.923664122137405
"HEME_vs_CONTROL",2,2,3,19,400,"floor_sqrt_p",2,13,3,0.938931297709924
"HEME_vs_CONTROL",2,2,3,19,400,"floor_sqrt_p",5,13,3,0.94147582697201
"HEME_vs_CONTROL",2,2,3,19,400,"floor_sqrt_p",7,13,3,0.94147582697201
"HEME_vs_CONTROL",2,2,4,19,400,"floor_sqrt_p",2,13,3,0.938775510204082
"HEME_vs_CONTROL",2,2,4,19,400,"floor_sqrt_p",5,13,3,0.943877551020408
"HEME_vs_CONTROL",2,2,4,19,400,"floor_sqrt_p",7,13,3,0.936224489795918
"HEME_vs_CONTROL",2,2,5,19,400,"floor_sqrt_p",2,13,3,0.936224489795918
"HEME_vs_CONTROL",2,2,5,19,400,"floor_sqrt_p",5,13,3,0.931122448979592
"HEME_vs_CONTROL",2,2,5,19,400,"floor_sqrt_p",7,13,3,0.933673469387755
"HEME_vs_CONTROL",2,2,1,20,400,"floor_sqrt_p",2,12,3,0.94147582697201
"HEME_vs_CONTROL",2,2,1,20,400,"floor_sqrt_p",5,12,3,0.94147582697201
"HEME_vs_CONTROL",2,2,1,20,400,"floor_sqrt_p",7,12,3,0.938931297709924
"HEME_vs_CONTROL",2,2,2,20,400,"floor_sqrt_p",2,13,3,0.923664122137405
"HEME_vs_CONTROL",2,2,2,20,400,"floor_sqrt_p",5,13,3,0.921119592875318
"HEME_vs_CONTROL",2,2,2,20,400,"floor_sqrt_p",7,13,3,0.918575063613232
"HEME_vs_CONTROL",2,2,3,20,400,"floor_sqrt_p",2,13,3,0.944020356234097
"HEME_vs_CONTROL",2,2,3,20,400,"floor_sqrt_p",5,13,3,0.933842239185751
"HEME_vs_CONTROL",2,2,3,20,400,"floor_sqrt_p",7,13,3,0.938931297709924
"HEME_vs_CONTROL",2,2,4,20,400,"floor_sqrt_p",2,13,3,0.938775510204082
"HEME_vs_CONTROL",2,2,4,20,400,"floor_sqrt_p",5,13,3,0.938775510204082
"HEME_vs_CONTROL",2,2,4,20,400,"floor_sqrt_p",7,13,3,0.938775510204082
"HEME_vs_CONTROL",2,2,5,20,400,"floor_sqrt_p",2,13,3,0.928571428571429
"HEME_vs_CONTROL",2,2,5,20,400,"floor_sqrt_p",5,13,3,0.931122448979592
"HEME_vs_CONTROL",2,2,5,20,400,"floor_sqrt_p",7,13,3,0.943877551020408
"HEME_vs_CONTROL",2,3,1,6,400,"floor_sqrt_p",2,5,2,0.900763358778626
"HEME_vs_CONTROL",2,3,1,6,400,"floor_sqrt_p",5,5,2,0.900763358778626
"HEME_vs_CONTROL",2,3,1,6,400,"floor_sqrt_p",7,5,2,0.903307888040712
"HEME_vs_CONTROL",2,3,2,6,400,"floor_sqrt_p",2,5,2,0.946564885496183
"HEME_vs_CONTROL",2,3,2,6,400,"floor_sqrt_p",5,5,2,0.946564885496183
"HEME_vs_CONTROL",2,3,2,6,400,"floor_sqrt_p",7,5,2,0.94147582697201
"HEME_vs_CONTROL",2,3,3,6,400,"floor_sqrt_p",2,5,2,0.928753180661578
"HEME_vs_CONTROL",2,3,3,6,400,"floor_sqrt_p",5,5,2,0.928753180661578
"HEME_vs_CONTROL",2,3,3,6,400,"floor_sqrt_p",7,5,2,0.926208651399491
"HEME_vs_CONTROL",2,3,4,6,400,"floor_sqrt_p",2,5,2,0.921119592875318
"HEME_vs_CONTROL",2,3,4,6,400,"floor_sqrt_p",5,5,2,0.921119592875318
"HEME_vs_CONTROL",2,3,4,6,400,"floor_sqrt_p",7,5,2,0.921119592875318
"HEME_vs_CONTROL",2,3,5,6,400,"floor_sqrt_p",2,5,2,0.931122448979592
"HEME_vs_CONTROL",2,3,5,6,400,"floor_sqrt_p",5,5,2,0.926020408163265
"HEME_vs_CONTROL",2,3,5,6,400,"floor_sqrt_p",7,5,2,0.931122448979592
"HEME_vs_CONTROL",2,3,1,7,400,"floor_sqrt_p",2,6,2,0.926208651399491
"HEME_vs_CONTROL",2,3,1,7,400,"floor_sqrt_p",5,6,2,0.923664122137405
"HEME_vs_CONTROL",2,3,1,7,400,"floor_sqrt_p",7,6,2,0.918575063613232
"HEME_vs_CONTROL",2,3,2,7,400,"floor_sqrt_p",2,7,2,0.946564885496183
"HEME_vs_CONTROL",2,3,2,7,400,"floor_sqrt_p",5,7,2,0.94910941475827
"HEME_vs_CONTROL",2,3,2,7,400,"floor_sqrt_p",7,7,2,0.944020356234097
"HEME_vs_CONTROL",2,3,3,7,400,"floor_sqrt_p",2,6,2,0.933842239185751
"HEME_vs_CONTROL",2,3,3,7,400,"floor_sqrt_p",5,6,2,0.928753180661578
"HEME_vs_CONTROL",2,3,3,7,400,"floor_sqrt_p",7,6,2,0.931297709923664
"HEME_vs_CONTROL",2,3,4,7,400,"floor_sqrt_p",2,7,2,0.931297709923664
"HEME_vs_CONTROL",2,3,4,7,400,"floor_sqrt_p",5,7,2,0.933842239185751
"HEME_vs_CONTROL",2,3,4,7,400,"floor_sqrt_p",7,7,2,0.933842239185751
"HEME_vs_CONTROL",2,3,5,7,400,"floor_sqrt_p",2,6,2,0.943877551020408
"HEME_vs_CONTROL",2,3,5,7,400,"floor_sqrt_p",5,6,2,0.943877551020408
"HEME_vs_CONTROL",2,3,5,7,400,"floor_sqrt_p",7,6,2,0.941326530612245
"HEME_vs_CONTROL",2,3,1,8,400,"floor_sqrt_p",2,7,2,0.928753180661578
"HEME_vs_CONTROL",2,3,1,8,400,"floor_sqrt_p",5,7,2,0.931297709923664
"HEME_vs_CONTROL",2,3,1,8,400,"floor_sqrt_p",7,7,2,0.931297709923664
"HEME_vs_CONTROL",2,3,2,8,400,"floor_sqrt_p",2,7,2,0.94147582697201
"HEME_vs_CONTROL",2,3,2,8,400,"floor_sqrt_p",5,7,2,0.94147582697201
"HEME_vs_CONTROL",2,3,2,8,400,"floor_sqrt_p",7,7,2,0.94147582697201
"HEME_vs_CONTROL",2,3,3,8,400,"floor_sqrt_p",2,7,2,0.918575063613232
"HEME_vs_CONTROL",2,3,3,8,400,"floor_sqrt_p",5,7,2,0.921119592875318
"HEME_vs_CONTROL",2,3,3,8,400,"floor_sqrt_p",7,7,2,0.921119592875318
"HEME_vs_CONTROL",2,3,4,8,400,"floor_sqrt_p",2,7,2,0.921119592875318
"HEME_vs_CONTROL",2,3,4,8,400,"floor_sqrt_p",5,7,2,0.923664122137405
"HEME_vs_CONTROL",2,3,4,8,400,"floor_sqrt_p",7,7,2,0.918575063613232
"HEME_vs_CONTROL",2,3,5,8,400,"floor_sqrt_p",2,7,2,0.931122448979592
"HEME_vs_CONTROL",2,3,5,8,400,"floor_sqrt_p",5,7,2,0.928571428571429
"HEME_vs_CONTROL",2,3,5,8,400,"floor_sqrt_p",7,7,2,0.931122448979592
"HEME_vs_CONTROL",2,3,1,9,400,"floor_sqrt_p",2,8,2,0.94147582697201
"HEME_vs_CONTROL",2,3,1,9,400,"floor_sqrt_p",5,8,2,0.938931297709924
"HEME_vs_CONTROL",2,3,1,9,400,"floor_sqrt_p",7,8,2,0.944020356234097
"HEME_vs_CONTROL",2,3,2,9,400,"floor_sqrt_p",2,8,2,0.928753180661578
"HEME_vs_CONTROL",2,3,2,9,400,"floor_sqrt_p",5,8,2,0.931297709923664
"HEME_vs_CONTROL",2,3,2,9,400,"floor_sqrt_p",7,8,2,0.928753180661578
"HEME_vs_CONTROL",2,3,3,9,400,"floor_sqrt_p",2,8,2,0.926208651399491
"HEME_vs_CONTROL",2,3,3,9,400,"floor_sqrt_p",5,8,2,0.921119592875318
"HEME_vs_CONTROL",2,3,3,9,400,"floor_sqrt_p",7,8,2,0.923664122137405
"HEME_vs_CONTROL",2,3,4,9,400,"floor_sqrt_p",2,8,2,0.923664122137405
"HEME_vs_CONTROL",2,3,4,9,400,"floor_sqrt_p",5,8,2,0.921119592875318
"HEME_vs_CONTROL",2,3,4,9,400,"floor_sqrt_p",7,8,2,0.923664122137405
"HEME_vs_CONTROL",2,3,5,9,400,"floor_sqrt_p",2,8,2,0.948979591836735
"HEME_vs_CONTROL",2,3,5,9,400,"floor_sqrt_p",5,8,2,0.951530612244898
"HEME_vs_CONTROL",2,3,5,9,400,"floor_sqrt_p",7,8,2,0.948979591836735
"HEME_vs_CONTROL",2,3,1,10,400,"floor_sqrt_p",2,8,2,0.931297709923664
"HEME_vs_CONTROL",2,3,1,10,400,"floor_sqrt_p",5,8,2,0.931297709923664
"HEME_vs_CONTROL",2,3,1,10,400,"floor_sqrt_p",7,8,2,0.931297709923664
"HEME_vs_CONTROL",2,3,2,10,400,"floor_sqrt_p",2,9,3,0.938931297709924
"HEME_vs_CONTROL",2,3,2,10,400,"floor_sqrt_p",5,9,3,0.94147582697201
"HEME_vs_CONTROL",2,3,2,10,400,"floor_sqrt_p",7,9,3,0.936386768447837
"HEME_vs_CONTROL",2,3,3,10,400,"floor_sqrt_p",2,8,2,0.916030534351145
"HEME_vs_CONTROL",2,3,3,10,400,"floor_sqrt_p",5,8,2,0.913486005089059
"HEME_vs_CONTROL",2,3,3,10,400,"floor_sqrt_p",7,8,2,0.916030534351145
"HEME_vs_CONTROL",2,3,4,10,400,"floor_sqrt_p",2,9,3,0.931297709923664
"HEME_vs_CONTROL",2,3,4,10,400,"floor_sqrt_p",5,9,3,0.923664122137405
"HEME_vs_CONTROL",2,3,4,10,400,"floor_sqrt_p",7,9,3,0.926208651399491
"HEME_vs_CONTROL",2,3,5,10,400,"floor_sqrt_p",2,8,2,0.938775510204082
"HEME_vs_CONTROL",2,3,5,10,400,"floor_sqrt_p",5,8,2,0.938775510204082
"HEME_vs_CONTROL",2,3,5,10,400,"floor_sqrt_p",7,8,2,0.943877551020408
"HEME_vs_CONTROL",2,3,1,11,400,"floor_sqrt_p",2,9,3,0.944020356234097
"HEME_vs_CONTROL",2,3,1,11,400,"floor_sqrt_p",5,9,3,0.94147582697201
"HEME_vs_CONTROL",2,3,1,11,400,"floor_sqrt_p",7,9,3,0.94147582697201
"HEME_vs_CONTROL",2,3,2,11,400,"floor_sqrt_p",2,9,3,0.936386768447837
"HEME_vs_CONTROL",2,3,2,11,400,"floor_sqrt_p",5,9,3,0.933842239185751
"HEME_vs_CONTROL",2,3,2,11,400,"floor_sqrt_p",7,9,3,0.933842239185751
"HEME_vs_CONTROL",2,3,3,11,400,"floor_sqrt_p",2,9,3,0.926208651399491
"HEME_vs_CONTROL",2,3,3,11,400,"floor_sqrt_p",5,9,3,0.926208651399491
"HEME_vs_CONTROL",2,3,3,11,400,"floor_sqrt_p",7,9,3,0.926208651399491
"HEME_vs_CONTROL",2,3,4,11,400,"floor_sqrt_p",2,9,3,0.94147582697201
"HEME_vs_CONTROL",2,3,4,11,400,"floor_sqrt_p",5,9,3,0.94147582697201
"HEME_vs_CONTROL",2,3,4,11,400,"floor_sqrt_p",7,9,3,0.938931297709924
"HEME_vs_CONTROL",2,3,5,11,400,"floor_sqrt_p",2,9,3,0.954081632653061
"HEME_vs_CONTROL",2,3,5,11,400,"floor_sqrt_p",5,9,3,0.954081632653061
"HEME_vs_CONTROL",2,3,5,11,400,"floor_sqrt_p",7,9,3,0.956632653061224
"HEME_vs_CONTROL",2,3,1,12,400,"floor_sqrt_p",2,9,3,0.938931297709924
"HEME_vs_CONTROL",2,3,1,12,400,"floor_sqrt_p",5,9,3,0.94147582697201
"HEME_vs_CONTROL",2,3,1,12,400,"floor_sqrt_p",7,9,3,0.936386768447837
"HEME_vs_CONTROL",2,3,2,12,400,"floor_sqrt_p",2,10,3,0.946564885496183
"HEME_vs_CONTROL",2,3,2,12,400,"floor_sqrt_p",5,10,3,0.946564885496183
"HEME_vs_CONTROL",2,3,2,12,400,"floor_sqrt_p",7,10,3,0.944020356234097
"HEME_vs_CONTROL",2,3,3,12,400,"floor_sqrt_p",2,10,3,0.928753180661578
"HEME_vs_CONTROL",2,3,3,12,400,"floor_sqrt_p",5,10,3,0.931297709923664
"HEME_vs_CONTROL",2,3,3,12,400,"floor_sqrt_p",7,10,3,0.933842239185751
"HEME_vs_CONTROL",2,3,4,12,400,"floor_sqrt_p",2,10,3,0.951653944020356
"HEME_vs_CONTROL",2,3,4,12,400,"floor_sqrt_p",5,10,3,0.951653944020356
"HEME_vs_CONTROL",2,3,4,12,400,"floor_sqrt_p",7,10,3,0.954198473282443
"HEME_vs_CONTROL",2,3,5,12,400,"floor_sqrt_p",2,9,3,0.966836734693878
"HEME_vs_CONTROL",2,3,5,12,400,"floor_sqrt_p",5,9,3,0.959183673469388
"HEME_vs_CONTROL",2,3,5,12,400,"floor_sqrt_p",7,9,3,0.961734693877551
"HEME_vs_CONTROL",2,3,1,13,400,"floor_sqrt_p",2,10,3,0.936386768447837
"HEME_vs_CONTROL",2,3,1,13,400,"floor_sqrt_p",5,10,3,0.936386768447837
"HEME_vs_CONTROL",2,3,1,13,400,"floor_sqrt_p",7,10,3,0.936386768447837
"HEME_vs_CONTROL",2,3,2,13,400,"floor_sqrt_p",2,10,3,0.951653944020356
"HEME_vs_CONTROL",2,3,2,13,400,"floor_sqrt_p",5,10,3,0.954198473282443
"HEME_vs_CONTROL",2,3,2,13,400,"floor_sqrt_p",7,10,3,0.94910941475827
"HEME_vs_CONTROL",2,3,3,13,400,"floor_sqrt_p",2,10,3,0.926208651399491
"HEME_vs_CONTROL",2,3,3,13,400,"floor_sqrt_p",5,10,3,0.921119592875318
"HEME_vs_CONTROL",2,3,3,13,400,"floor_sqrt_p",7,10,3,0.926208651399491
"HEME_vs_CONTROL",2,3,4,13,400,"floor_sqrt_p",2,10,3,0.94147582697201
"HEME_vs_CONTROL",2,3,4,13,400,"floor_sqrt_p",5,10,3,0.94910941475827
"HEME_vs_CONTROL",2,3,4,13,400,"floor_sqrt_p",7,10,3,0.944020356234097
"HEME_vs_CONTROL",2,3,5,13,400,"floor_sqrt_p",2,10,3,0.966836734693878
"HEME_vs_CONTROL",2,3,5,13,400,"floor_sqrt_p",5,10,3,0.964285714285714
"HEME_vs_CONTROL",2,3,5,13,400,"floor_sqrt_p",7,10,3,0.961734693877551
"HEME_vs_CONTROL",2,3,1,14,400,"floor_sqrt_p",2,11,3,0.944020356234097
"HEME_vs_CONTROL",2,3,1,14,400,"floor_sqrt_p",5,11,3,0.944020356234097
"HEME_vs_CONTROL",2,3,1,14,400,"floor_sqrt_p",7,11,3,0.944020356234097
"HEME_vs_CONTROL",2,3,2,14,400,"floor_sqrt_p",2,11,3,0.946564885496183
"HEME_vs_CONTROL",2,3,2,14,400,"floor_sqrt_p",5,11,3,0.951653944020356
"HEME_vs_CONTROL",2,3,2,14,400,"floor_sqrt_p",7,11,3,0.951653944020356
"HEME_vs_CONTROL",2,3,3,14,400,"floor_sqrt_p",2,11,3,0.928753180661578
"HEME_vs_CONTROL",2,3,3,14,400,"floor_sqrt_p",5,11,3,0.928753180661578
"HEME_vs_CONTROL",2,3,3,14,400,"floor_sqrt_p",7,11,3,0.926208651399491
"HEME_vs_CONTROL",2,3,4,14,400,"floor_sqrt_p",2,11,3,0.94147582697201
"HEME_vs_CONTROL",2,3,4,14,400,"floor_sqrt_p",5,11,3,0.94147582697201
"HEME_vs_CONTROL",2,3,4,14,400,"floor_sqrt_p",7,11,3,0.94147582697201
"HEME_vs_CONTROL",2,3,5,14,400,"floor_sqrt_p",2,10,3,0.961734693877551
"HEME_vs_CONTROL",2,3,5,14,400,"floor_sqrt_p",5,10,3,0.961734693877551
"HEME_vs_CONTROL",2,3,5,14,400,"floor_sqrt_p",7,10,3,0.964285714285714
"HEME_vs_CONTROL",2,3,1,15,400,"floor_sqrt_p",2,11,3,0.944020356234097
"HEME_vs_CONTROL",2,3,1,15,400,"floor_sqrt_p",5,11,3,0.946564885496183
"HEME_vs_CONTROL",2,3,1,15,400,"floor_sqrt_p",7,11,3,0.946564885496183
"HEME_vs_CONTROL",2,3,2,15,400,"floor_sqrt_p",2,11,3,0.951653944020356
"HEME_vs_CONTROL",2,3,2,15,400,"floor_sqrt_p",5,11,3,0.946564885496183
"HEME_vs_CONTROL",2,3,2,15,400,"floor_sqrt_p",7,11,3,0.94910941475827
"HEME_vs_CONTROL",2,3,3,15,400,"floor_sqrt_p",2,11,3,0.928753180661578
"HEME_vs_CONTROL",2,3,3,15,400,"floor_sqrt_p",5,11,3,0.928753180661578
"HEME_vs_CONTROL",2,3,3,15,400,"floor_sqrt_p",7,11,3,0.928753180661578
"HEME_vs_CONTROL",2,3,4,15,400,"floor_sqrt_p",2,11,3,0.94147582697201
"HEME_vs_CONTROL",2,3,4,15,400,"floor_sqrt_p",5,11,3,0.938931297709924
"HEME_vs_CONTROL",2,3,4,15,400,"floor_sqrt_p",7,11,3,0.946564885496183
"HEME_vs_CONTROL",2,3,5,15,400,"floor_sqrt_p",2,11,3,0.961734693877551
"HEME_vs_CONTROL",2,3,5,15,400,"floor_sqrt_p",5,11,3,0.959183673469388
"HEME_vs_CONTROL",2,3,5,15,400,"floor_sqrt_p",7,11,3,0.961734693877551
"HEME_vs_CONTROL",2,3,1,16,400,"floor_sqrt_p",2,12,3,0.938931297709924
"HEME_vs_CONTROL",2,3,1,16,400,"floor_sqrt_p",5,12,3,0.936386768447837
"HEME_vs_CONTROL",2,3,1,16,400,"floor_sqrt_p",7,12,3,0.936386768447837
"HEME_vs_CONTROL",2,3,2,16,400,"floor_sqrt_p",2,12,3,0.954198473282443
"HEME_vs_CONTROL",2,3,2,16,400,"floor_sqrt_p",5,12,3,0.954198473282443
"HEME_vs_CONTROL",2,3,2,16,400,"floor_sqrt_p",7,12,3,0.954198473282443
"HEME_vs_CONTROL",2,3,3,16,400,"floor_sqrt_p",2,12,3,0.926208651399491
"HEME_vs_CONTROL",2,3,3,16,400,"floor_sqrt_p",5,12,3,0.918575063613232
"HEME_vs_CONTROL",2,3,3,16,400,"floor_sqrt_p",7,12,3,0.926208651399491
"HEME_vs_CONTROL",2,3,4,16,400,"floor_sqrt_p",2,12,3,0.938931297709924
"HEME_vs_CONTROL",2,3,4,16,400,"floor_sqrt_p",5,12,3,0.933842239185751
"HEME_vs_CONTROL",2,3,4,16,400,"floor_sqrt_p",7,12,3,0.938931297709924
"HEME_vs_CONTROL",2,3,5,16,400,"floor_sqrt_p",2,11,3,0.959183673469388
"HEME_vs_CONTROL",2,3,5,16,400,"floor_sqrt_p",5,11,3,0.959183673469388
"HEME_vs_CONTROL",2,3,5,16,400,"floor_sqrt_p",7,11,3,0.954081632653061
"HEME_vs_CONTROL",2,3,1,17,400,"floor_sqrt_p",2,12,3,0.926208651399491
"HEME_vs_CONTROL",2,3,1,17,400,"floor_sqrt_p",5,12,3,0.921119592875318
"HEME_vs_CONTROL",2,3,1,17,400,"floor_sqrt_p",7,12,3,0.918575063613232
"HEME_vs_CONTROL",2,3,2,17,400,"floor_sqrt_p",2,12,3,0.94910941475827
"HEME_vs_CONTROL",2,3,2,17,400,"floor_sqrt_p",5,12,3,0.954198473282443
"HEME_vs_CONTROL",2,3,2,17,400,"floor_sqrt_p",7,12,3,0.951653944020356
"HEME_vs_CONTROL",2,3,3,17,400,"floor_sqrt_p",2,12,3,0.908396946564885
"HEME_vs_CONTROL",2,3,3,17,400,"floor_sqrt_p",5,12,3,0.908396946564885
"HEME_vs_CONTROL",2,3,3,17,400,"floor_sqrt_p",7,12,3,0.905852417302799
"HEME_vs_CONTROL",2,3,4,17,400,"floor_sqrt_p",2,12,3,0.933842239185751
"HEME_vs_CONTROL",2,3,4,17,400,"floor_sqrt_p",5,12,3,0.936386768447837
"HEME_vs_CONTROL",2,3,4,17,400,"floor_sqrt_p",7,12,3,0.938931297709924
"HEME_vs_CONTROL",2,3,5,17,400,"floor_sqrt_p",2,12,3,0.943877551020408
"HEME_vs_CONTROL",2,3,5,17,400,"floor_sqrt_p",5,12,3,0.946428571428571
"HEME_vs_CONTROL",2,3,5,17,400,"floor_sqrt_p",7,12,3,0.946428571428571
"HEME_vs_CONTROL",2,3,1,18,400,"floor_sqrt_p",2,12,3,0.918575063613232
"HEME_vs_CONTROL",2,3,1,18,400,"floor_sqrt_p",5,12,3,0.913486005089059
"HEME_vs_CONTROL",2,3,1,18,400,"floor_sqrt_p",7,12,3,0.918575063613232
"HEME_vs_CONTROL",2,3,2,18,400,"floor_sqrt_p",2,12,3,0.951653944020356
"HEME_vs_CONTROL",2,3,2,18,400,"floor_sqrt_p",5,12,3,0.951653944020356
"HEME_vs_CONTROL",2,3,2,18,400,"floor_sqrt_p",7,12,3,0.946564885496183
"HEME_vs_CONTROL",2,3,3,18,400,"floor_sqrt_p",2,12,3,0.905852417302799
"HEME_vs_CONTROL",2,3,3,18,400,"floor_sqrt_p",5,12,3,0.908396946564885
"HEME_vs_CONTROL",2,3,3,18,400,"floor_sqrt_p",7,12,3,0.903307888040712
"HEME_vs_CONTROL",2,3,4,18,400,"floor_sqrt_p",2,13,3,0.946564885496183
"HEME_vs_CONTROL",2,3,4,18,400,"floor_sqrt_p",5,13,3,0.94147582697201
"HEME_vs_CONTROL",2,3,4,18,400,"floor_sqrt_p",7,13,3,0.944020356234097
"HEME_vs_CONTROL",2,3,5,18,400,"floor_sqrt_p",2,12,3,0.946428571428571
"HEME_vs_CONTROL",2,3,5,18,400,"floor_sqrt_p",5,12,3,0.943877551020408
"HEME_vs_CONTROL",2,3,5,18,400,"floor_sqrt_p",7,12,3,0.943877551020408
"HEME_vs_CONTROL",2,3,1,19,400,"floor_sqrt_p",2,13,3,0.918575063613232
"HEME_vs_CONTROL",2,3,1,19,400,"floor_sqrt_p",5,13,3,0.923664122137405
"HEME_vs_CONTROL",2,3,1,19,400,"floor_sqrt_p",7,13,3,0.923664122137405
"HEME_vs_CONTROL",2,3,2,19,400,"floor_sqrt_p",2,13,3,0.94910941475827
"HEME_vs_CONTROL",2,3,2,19,400,"floor_sqrt_p",5,13,3,0.956743002544529
"HEME_vs_CONTROL",2,3,2,19,400,"floor_sqrt_p",7,13,3,0.951653944020356
"HEME_vs_CONTROL",2,3,3,19,400,"floor_sqrt_p",2,13,3,0.918575063613232
"HEME_vs_CONTROL",2,3,3,19,400,"floor_sqrt_p",5,13,3,0.913486005089059
"HEME_vs_CONTROL",2,3,3,19,400,"floor_sqrt_p",7,13,3,0.918575063613232
"HEME_vs_CONTROL",2,3,4,19,400,"floor_sqrt_p",2,13,3,0.928753180661578
"HEME_vs_CONTROL",2,3,4,19,400,"floor_sqrt_p",5,13,3,0.933842239185751
"HEME_vs_CONTROL",2,3,4,19,400,"floor_sqrt_p",7,13,3,0.931297709923664
"HEME_vs_CONTROL",2,3,5,19,400,"floor_sqrt_p",2,12,3,0.941326530612245
"HEME_vs_CONTROL",2,3,5,19,400,"floor_sqrt_p",5,12,3,0.941326530612245
"HEME_vs_CONTROL",2,3,5,19,400,"floor_sqrt_p",7,12,3,0.941326530612245
"HEME_vs_CONTROL",2,3,1,20,400,"floor_sqrt_p",2,13,3,0.928753180661578
"HEME_vs_CONTROL",2,3,1,20,400,"floor_sqrt_p",5,13,3,0.926208651399491
"HEME_vs_CONTROL",2,3,1,20,400,"floor_sqrt_p",7,13,3,0.923664122137405
"HEME_vs_CONTROL",2,3,2,20,400,"floor_sqrt_p",2,13,3,0.951653944020356
"HEME_vs_CONTROL",2,3,2,20,400,"floor_sqrt_p",5,13,3,0.954198473282443
"HEME_vs_CONTROL",2,3,2,20,400,"floor_sqrt_p",7,13,3,0.951653944020356
"HEME_vs_CONTROL",2,3,3,20,400,"floor_sqrt_p",2,13,3,0.910941475826972
"HEME_vs_CONTROL",2,3,3,20,400,"floor_sqrt_p",5,13,3,0.913486005089059
"HEME_vs_CONTROL",2,3,3,20,400,"floor_sqrt_p",7,13,3,0.913486005089059
"HEME_vs_CONTROL",2,3,4,20,400,"floor_sqrt_p",2,13,3,0.923664122137405
"HEME_vs_CONTROL",2,3,4,20,400,"floor_sqrt_p",5,13,3,0.923664122137405
"HEME_vs_CONTROL",2,3,4,20,400,"floor_sqrt_p",7,13,3,0.918575063613232
"HEME_vs_CONTROL",2,3,5,20,400,"floor_sqrt_p",2,13,3,0.938775510204082
"HEME_vs_CONTROL",2,3,5,20,400,"floor_sqrt_p",5,13,3,0.941326530612245
"HEME_vs_CONTROL",2,3,5,20,400,"floor_sqrt_p",7,13,3,0.943877551020408
"HEME_vs_CONTROL",2,4,1,6,400,"floor_sqrt_p",2,6,2,0.926395939086294
"HEME_vs_CONTROL",2,4,1,6,400,"floor_sqrt_p",5,6,2,0.928934010152284
"HEME_vs_CONTROL",2,4,1,6,400,"floor_sqrt_p",7,6,2,0.926395939086294
"HEME_vs_CONTROL",2,4,2,6,400,"floor_sqrt_p",2,5,2,0.916030534351145
"HEME_vs_CONTROL",2,4,2,6,400,"floor_sqrt_p",5,5,2,0.921119592875318
"HEME_vs_CONTROL",2,4,2,6,400,"floor_sqrt_p",7,5,2,0.923664122137405
"HEME_vs_CONTROL",2,4,3,6,400,"floor_sqrt_p",2,6,2,0.931297709923664
"HEME_vs_CONTROL",2,4,3,6,400,"floor_sqrt_p",5,6,2,0.931297709923664
"HEME_vs_CONTROL",2,4,3,6,400,"floor_sqrt_p",7,6,2,0.928753180661578
"HEME_vs_CONTROL",2,4,4,6,400,"floor_sqrt_p",2,5,2,0.908396946564885
"HEME_vs_CONTROL",2,4,4,6,400,"floor_sqrt_p",5,5,2,0.910941475826972
"HEME_vs_CONTROL",2,4,4,6,400,"floor_sqrt_p",7,5,2,0.908396946564885
"HEME_vs_CONTROL",2,4,5,6,400,"floor_sqrt_p",2,5,2,0.923469387755102
"HEME_vs_CONTROL",2,4,5,6,400,"floor_sqrt_p",5,5,2,0.923469387755102
"HEME_vs_CONTROL",2,4,5,6,400,"floor_sqrt_p",7,5,2,0.918367346938776
"HEME_vs_CONTROL",2,4,1,7,400,"floor_sqrt_p",2,7,2,0.944162436548223
"HEME_vs_CONTROL",2,4,1,7,400,"floor_sqrt_p",5,7,2,0.944162436548223
"HEME_vs_CONTROL",2,4,1,7,400,"floor_sqrt_p",7,7,2,0.944162436548223
"HEME_vs_CONTROL",2,4,2,7,400,"floor_sqrt_p",2,6,2,0.938931297709924
"HEME_vs_CONTROL",2,4,2,7,400,"floor_sqrt_p",5,6,2,0.933842239185751
"HEME_vs_CONTROL",2,4,2,7,400,"floor_sqrt_p",7,6,2,0.938931297709924
"HEME_vs_CONTROL",2,4,3,7,400,"floor_sqrt_p",2,7,2,0.933842239185751
"HEME_vs_CONTROL",2,4,3,7,400,"floor_sqrt_p",5,7,2,0.933842239185751
"HEME_vs_CONTROL",2,4,3,7,400,"floor_sqrt_p",7,7,2,0.931297709923664
"HEME_vs_CONTROL",2,4,4,7,400,"floor_sqrt_p",2,7,2,0.923664122137405
"HEME_vs_CONTROL",2,4,4,7,400,"floor_sqrt_p",5,7,2,0.916030534351145
"HEME_vs_CONTROL",2,4,4,7,400,"floor_sqrt_p",7,7,2,0.918575063613232
"HEME_vs_CONTROL",2,4,5,7,400,"floor_sqrt_p",2,7,2,0.938775510204082
"HEME_vs_CONTROL",2,4,5,7,400,"floor_sqrt_p",5,7,2,0.941326530612245
"HEME_vs_CONTROL",2,4,5,7,400,"floor_sqrt_p",7,7,2,0.936224489795918
"HEME_vs_CONTROL",2,4,1,8,400,"floor_sqrt_p",2,8,2,0.939086294416244
"HEME_vs_CONTROL",2,4,1,8,400,"floor_sqrt_p",5,8,2,0.936548223350254
"HEME_vs_CONTROL",2,4,1,8,400,"floor_sqrt_p",7,8,2,0.936548223350254
"HEME_vs_CONTROL",2,4,2,8,400,"floor_sqrt_p",2,7,2,0.926208651399491
"HEME_vs_CONTROL",2,4,2,8,400,"floor_sqrt_p",5,7,2,0.918575063613232
"HEME_vs_CONTROL",2,4,2,8,400,"floor_sqrt_p",7,7,2,0.923664122137405
"HEME_vs_CONTROL",2,4,3,8,400,"floor_sqrt_p",2,8,2,0.946564885496183
"HEME_vs_CONTROL",2,4,3,8,400,"floor_sqrt_p",5,8,2,0.946564885496183
"HEME_vs_CONTROL",2,4,3,8,400,"floor_sqrt_p",7,8,2,0.944020356234097
"HEME_vs_CONTROL",2,4,4,8,400,"floor_sqrt_p",2,7,2,0.918575063613232
"HEME_vs_CONTROL",2,4,4,8,400,"floor_sqrt_p",5,7,2,0.910941475826972
"HEME_vs_CONTROL",2,4,4,8,400,"floor_sqrt_p",7,7,2,0.923664122137405
"HEME_vs_CONTROL",2,4,5,8,400,"floor_sqrt_p",2,7,2,0.931122448979592
"HEME_vs_CONTROL",2,4,5,8,400,"floor_sqrt_p",5,7,2,0.926020408163265
"HEME_vs_CONTROL",2,4,5,8,400,"floor_sqrt_p",7,7,2,0.933673469387755
"HEME_vs_CONTROL",2,4,1,9,400,"floor_sqrt_p",2,9,3,0.941624365482233
"HEME_vs_CONTROL",2,4,1,9,400,"floor_sqrt_p",5,9,3,0.944162436548223
"HEME_vs_CONTROL",2,4,1,9,400,"floor_sqrt_p",7,9,3,0.946700507614213
"HEME_vs_CONTROL",2,4,2,9,400,"floor_sqrt_p",2,8,2,0.933842239185751
"HEME_vs_CONTROL",2,4,2,9,400,"floor_sqrt_p",5,8,2,0.931297709923664
"HEME_vs_CONTROL",2,4,2,9,400,"floor_sqrt_p",7,8,2,0.931297709923664
"HEME_vs_CONTROL",2,4,3,9,400,"floor_sqrt_p",2,8,2,0.936386768447837
"HEME_vs_CONTROL",2,4,3,9,400,"floor_sqrt_p",5,8,2,0.938931297709924
"HEME_vs_CONTROL",2,4,3,9,400,"floor_sqrt_p",7,8,2,0.938931297709924
"HEME_vs_CONTROL",2,4,4,9,400,"floor_sqrt_p",2,8,2,0.921119592875318
"HEME_vs_CONTROL",2,4,4,9,400,"floor_sqrt_p",5,8,2,0.921119592875318
"HEME_vs_CONTROL",2,4,4,9,400,"floor_sqrt_p",7,8,2,0.918575063613232
"HEME_vs_CONTROL",2,4,5,9,400,"floor_sqrt_p",2,8,2,0.928571428571429
"HEME_vs_CONTROL",2,4,5,9,400,"floor_sqrt_p",5,8,2,0.931122448979592
"HEME_vs_CONTROL",2,4,5,9,400,"floor_sqrt_p",7,8,2,0.926020408163265
"HEME_vs_CONTROL",2,4,1,10,400,"floor_sqrt_p",2,9,3,0.949238578680203
"HEME_vs_CONTROL",2,4,1,10,400,"floor_sqrt_p",5,9,3,0.944162436548223
"HEME_vs_CONTROL",2,4,1,10,400,"floor_sqrt_p",7,9,3,0.944162436548223
"HEME_vs_CONTROL",2,4,2,10,400,"floor_sqrt_p",2,8,2,0.923664122137405
"HEME_vs_CONTROL",2,4,2,10,400,"floor_sqrt_p",5,8,2,0.916030534351145
"HEME_vs_CONTROL",2,4,2,10,400,"floor_sqrt_p",7,8,2,0.916030534351145
"HEME_vs_CONTROL",2,4,3,10,400,"floor_sqrt_p",2,9,3,0.946564885496183
"HEME_vs_CONTROL",2,4,3,10,400,"floor_sqrt_p",5,9,3,0.946564885496183
"HEME_vs_CONTROL",2,4,3,10,400,"floor_sqrt_p",7,9,3,0.94147582697201
"HEME_vs_CONTROL",2,4,4,10,400,"floor_sqrt_p",2,9,3,0.921119592875318
"HEME_vs_CONTROL",2,4,4,10,400,"floor_sqrt_p",5,9,3,0.913486005089059
"HEME_vs_CONTROL",2,4,4,10,400,"floor_sqrt_p",7,9,3,0.918575063613232
"HEME_vs_CONTROL",2,4,5,10,400,"floor_sqrt_p",2,9,3,0.946428571428571
"HEME_vs_CONTROL",2,4,5,10,400,"floor_sqrt_p",5,9,3,0.941326530612245
"HEME_vs_CONTROL",2,4,5,10,400,"floor_sqrt_p",7,9,3,0.938775510204082
"HEME_vs_CONTROL",2,4,1,11,400,"floor_sqrt_p",2,10,3,0.949238578680203
"HEME_vs_CONTROL",2,4,1,11,400,"floor_sqrt_p",5,10,3,0.946700507614213
"HEME_vs_CONTROL",2,4,1,11,400,"floor_sqrt_p",7,10,3,0.944162436548223
"HEME_vs_CONTROL",2,4,2,11,400,"floor_sqrt_p",2,9,3,0.928753180661578
"HEME_vs_CONTROL",2,4,2,11,400,"floor_sqrt_p",5,9,3,0.928753180661578
"HEME_vs_CONTROL",2,4,2,11,400,"floor_sqrt_p",7,9,3,0.926208651399491
"HEME_vs_CONTROL",2,4,3,11,400,"floor_sqrt_p",2,10,3,0.946564885496183
"HEME_vs_CONTROL",2,4,3,11,400,"floor_sqrt_p",5,10,3,0.94147582697201
"HEME_vs_CONTROL",2,4,3,11,400,"floor_sqrt_p",7,10,3,0.944020356234097
"HEME_vs_CONTROL",2,4,4,11,400,"floor_sqrt_p",2,9,3,0.926208651399491
"HEME_vs_CONTROL",2,4,4,11,400,"floor_sqrt_p",5,9,3,0.928753180661578
"HEME_vs_CONTROL",2,4,4,11,400,"floor_sqrt_p",7,9,3,0.926208651399491
"HEME_vs_CONTROL",2,4,5,11,400,"floor_sqrt_p",2,9,3,0.931122448979592
"HEME_vs_CONTROL",2,4,5,11,400,"floor_sqrt_p",5,9,3,0.926020408163265
"HEME_vs_CONTROL",2,4,5,11,400,"floor_sqrt_p",7,9,3,0.928571428571429
"HEME_vs_CONTROL",2,4,1,12,400,"floor_sqrt_p",2,10,3,0.941624365482233
"HEME_vs_CONTROL",2,4,1,12,400,"floor_sqrt_p",5,10,3,0.939086294416244
"HEME_vs_CONTROL",2,4,1,12,400,"floor_sqrt_p",7,10,3,0.939086294416244
"HEME_vs_CONTROL",2,4,2,12,400,"floor_sqrt_p",2,9,3,0.938931297709924
"HEME_vs_CONTROL",2,4,2,12,400,"floor_sqrt_p",5,9,3,0.94147582697201
"HEME_vs_CONTROL",2,4,2,12,400,"floor_sqrt_p",7,9,3,0.94147582697201
"HEME_vs_CONTROL",2,4,3,12,400,"floor_sqrt_p",2,10,3,0.94910941475827
"HEME_vs_CONTROL",2,4,3,12,400,"floor_sqrt_p",5,10,3,0.94910941475827
"HEME_vs_CONTROL",2,4,3,12,400,"floor_sqrt_p",7,10,3,0.94910941475827
"HEME_vs_CONTROL",2,4,4,12,400,"floor_sqrt_p",2,10,3,0.921119592875318
"HEME_vs_CONTROL",2,4,4,12,400,"floor_sqrt_p",5,10,3,0.926208651399491
"HEME_vs_CONTROL",2,4,4,12,400,"floor_sqrt_p",7,10,3,0.923664122137405
"HEME_vs_CONTROL",2,4,5,12,400,"floor_sqrt_p",2,10,3,0.938775510204082
"HEME_vs_CONTROL",2,4,5,12,400,"floor_sqrt_p",5,10,3,0.931122448979592
"HEME_vs_CONTROL",2,4,5,12,400,"floor_sqrt_p",7,10,3,0.938775510204082
"HEME_vs_CONTROL",2,4,1,13,400,"floor_sqrt_p",2,11,3,0.944162436548223
"HEME_vs_CONTROL",2,4,1,13,400,"floor_sqrt_p",5,11,3,0.941624365482233
"HEME_vs_CONTROL",2,4,1,13,400,"floor_sqrt_p",7,11,3,0.944162436548223
"HEME_vs_CONTROL",2,4,2,13,400,"floor_sqrt_p",2,10,3,0.931297709923664
"HEME_vs_CONTROL",2,4,2,13,400,"floor_sqrt_p",5,10,3,0.938931297709924
"HEME_vs_CONTROL",2,4,2,13,400,"floor_sqrt_p",7,10,3,0.938931297709924
"HEME_vs_CONTROL",2,4,3,13,400,"floor_sqrt_p",2,11,3,0.944020356234097
"HEME_vs_CONTROL",2,4,3,13,400,"floor_sqrt_p",5,11,3,0.94910941475827
"HEME_vs_CONTROL",2,4,3,13,400,"floor_sqrt_p",7,11,3,0.946564885496183
"HEME_vs_CONTROL",2,4,4,13,400,"floor_sqrt_p",2,10,3,0.926208651399491
"HEME_vs_CONTROL",2,4,4,13,400,"floor_sqrt_p",5,10,3,0.931297709923664
"HEME_vs_CONTROL",2,4,4,13,400,"floor_sqrt_p",7,10,3,0.931297709923664
"HEME_vs_CONTROL",2,4,5,13,400,"floor_sqrt_p",2,10,3,0.936224489795918
"HEME_vs_CONTROL",2,4,5,13,400,"floor_sqrt_p",5,10,3,0.941326530612245
"HEME_vs_CONTROL",2,4,5,13,400,"floor_sqrt_p",7,10,3,0.936224489795918
"HEME_vs_CONTROL",2,4,1,14,400,"floor_sqrt_p",2,11,3,0.946700507614213
"HEME_vs_CONTROL",2,4,1,14,400,"floor_sqrt_p",5,11,3,0.946700507614213
"HEME_vs_CONTROL",2,4,1,14,400,"floor_sqrt_p",7,11,3,0.946700507614213
"HEME_vs_CONTROL",2,4,2,14,400,"floor_sqrt_p",2,10,3,0.94147582697201
"HEME_vs_CONTROL",2,4,2,14,400,"floor_sqrt_p",5,10,3,0.946564885496183
"HEME_vs_CONTROL",2,4,2,14,400,"floor_sqrt_p",7,10,3,0.944020356234097
"HEME_vs_CONTROL",2,4,3,14,400,"floor_sqrt_p",2,11,3,0.956743002544529
"HEME_vs_CONTROL",2,4,3,14,400,"floor_sqrt_p",5,11,3,0.94910941475827
"HEME_vs_CONTROL",2,4,3,14,400,"floor_sqrt_p",7,11,3,0.944020356234097
"HEME_vs_CONTROL",2,4,4,14,400,"floor_sqrt_p",2,11,3,0.923664122137405
"HEME_vs_CONTROL",2,4,4,14,400,"floor_sqrt_p",5,11,3,0.916030534351145
"HEME_vs_CONTROL",2,4,4,14,400,"floor_sqrt_p",7,11,3,0.923664122137405
"HEME_vs_CONTROL",2,4,5,14,400,"floor_sqrt_p",2,11,3,0.936224489795918
"HEME_vs_CONTROL",2,4,5,14,400,"floor_sqrt_p",5,11,3,0.936224489795918
"HEME_vs_CONTROL",2,4,5,14,400,"floor_sqrt_p",7,11,3,0.936224489795918
"HEME_vs_CONTROL",2,4,1,15,400,"floor_sqrt_p",2,12,3,0.926395939086294
"HEME_vs_CONTROL",2,4,1,15,400,"floor_sqrt_p",5,12,3,0.928934010152284
"HEME_vs_CONTROL",2,4,1,15,400,"floor_sqrt_p",7,12,3,0.926395939086294
"HEME_vs_CONTROL",2,4,2,15,400,"floor_sqrt_p",2,11,3,0.944020356234097
"HEME_vs_CONTROL",2,4,2,15,400,"floor_sqrt_p",5,11,3,0.938931297709924
"HEME_vs_CONTROL",2,4,2,15,400,"floor_sqrt_p",7,11,3,0.94147582697201
"HEME_vs_CONTROL",2,4,3,15,400,"floor_sqrt_p",2,12,3,0.944020356234097
"HEME_vs_CONTROL",2,4,3,15,400,"floor_sqrt_p",5,12,3,0.944020356234097
"HEME_vs_CONTROL",2,4,3,15,400,"floor_sqrt_p",7,12,3,0.944020356234097
"HEME_vs_CONTROL",2,4,4,15,400,"floor_sqrt_p",2,11,3,0.933842239185751
"HEME_vs_CONTROL",2,4,4,15,400,"floor_sqrt_p",5,11,3,0.918575063613232
"HEME_vs_CONTROL",2,4,4,15,400,"floor_sqrt_p",7,11,3,0.926208651399491
"HEME_vs_CONTROL",2,4,5,15,400,"floor_sqrt_p",2,11,3,0.946428571428571
"HEME_vs_CONTROL",2,4,5,15,400,"floor_sqrt_p",5,11,3,0.943877551020408
"HEME_vs_CONTROL",2,4,5,15,400,"floor_sqrt_p",7,11,3,0.943877551020408
"HEME_vs_CONTROL",2,4,1,16,400,"floor_sqrt_p",2,12,3,0.934010152284264
"HEME_vs_CONTROL",2,4,1,16,400,"floor_sqrt_p",5,12,3,0.928934010152284
"HEME_vs_CONTROL",2,4,1,16,400,"floor_sqrt_p",7,12,3,0.923857868020305
"HEME_vs_CONTROL",2,4,2,16,400,"floor_sqrt_p",2,11,3,0.946564885496183
"HEME_vs_CONTROL",2,4,2,16,400,"floor_sqrt_p",5,11,3,0.944020356234097
"HEME_vs_CONTROL",2,4,2,16,400,"floor_sqrt_p",7,11,3,0.94147582697201
"HEME_vs_CONTROL",2,4,3,16,400,"floor_sqrt_p",2,12,3,0.936386768447837
"HEME_vs_CONTROL",2,4,3,16,400,"floor_sqrt_p",5,12,3,0.936386768447837
"HEME_vs_CONTROL",2,4,3,16,400,"floor_sqrt_p",7,12,3,0.936386768447837
"HEME_vs_CONTROL",2,4,4,16,400,"floor_sqrt_p",2,12,3,0.916030534351145
"HEME_vs_CONTROL",2,4,4,16,400,"floor_sqrt_p",5,12,3,0.913486005089059
"HEME_vs_CONTROL",2,4,4,16,400,"floor_sqrt_p",7,12,3,0.918575063613232
"HEME_vs_CONTROL",2,4,5,16,400,"floor_sqrt_p",2,12,3,0.946428571428571
"HEME_vs_CONTROL",2,4,5,16,400,"floor_sqrt_p",5,12,3,0.946428571428571
"HEME_vs_CONTROL",2,4,5,16,400,"floor_sqrt_p",7,12,3,0.936224489795918
"HEME_vs_CONTROL",2,4,1,17,400,"floor_sqrt_p",2,13,3,0.923857868020305
"HEME_vs_CONTROL",2,4,1,17,400,"floor_sqrt_p",5,13,3,0.926395939086294
"HEME_vs_CONTROL",2,4,1,17,400,"floor_sqrt_p",7,13,3,0.921319796954315
"HEME_vs_CONTROL",2,4,2,17,400,"floor_sqrt_p",2,12,3,0.94147582697201
"HEME_vs_CONTROL",2,4,2,17,400,"floor_sqrt_p",5,12,3,0.938931297709924
"HEME_vs_CONTROL",2,4,2,17,400,"floor_sqrt_p",7,12,3,0.94147582697201
"HEME_vs_CONTROL",2,4,3,17,400,"floor_sqrt_p",2,12,3,0.923664122137405
"HEME_vs_CONTROL",2,4,3,17,400,"floor_sqrt_p",5,12,3,0.926208651399491
"HEME_vs_CONTROL",2,4,3,17,400,"floor_sqrt_p",7,12,3,0.926208651399491
"HEME_vs_CONTROL",2,4,4,17,400,"floor_sqrt_p",2,12,3,0.913486005089059
"HEME_vs_CONTROL",2,4,4,17,400,"floor_sqrt_p",5,12,3,0.923664122137405
"HEME_vs_CONTROL",2,4,4,17,400,"floor_sqrt_p",7,12,3,0.918575063613232
"HEME_vs_CONTROL",2,4,5,17,400,"floor_sqrt_p",2,12,3,0.931122448979592
"HEME_vs_CONTROL",2,4,5,17,400,"floor_sqrt_p",5,12,3,0.933673469387755
"HEME_vs_CONTROL",2,4,5,17,400,"floor_sqrt_p",7,12,3,0.926020408163265
"HEME_vs_CONTROL",2,4,1,18,400,"floor_sqrt_p",2,13,3,0.926395939086294
"HEME_vs_CONTROL",2,4,1,18,400,"floor_sqrt_p",5,13,3,0.934010152284264
"HEME_vs_CONTROL",2,4,1,18,400,"floor_sqrt_p",7,13,3,0.928934010152284
"HEME_vs_CONTROL",2,4,2,18,400,"floor_sqrt_p",2,12,3,0.931297709923664
"HEME_vs_CONTROL",2,4,2,18,400,"floor_sqrt_p",5,12,3,0.931297709923664
"HEME_vs_CONTROL",2,4,2,18,400,"floor_sqrt_p",7,12,3,0.931297709923664
"HEME_vs_CONTROL",2,4,3,18,400,"floor_sqrt_p",2,13,3,0.938931297709924
"HEME_vs_CONTROL",2,4,3,18,400,"floor_sqrt_p",5,13,3,0.938931297709924
"HEME_vs_CONTROL",2,4,3,18,400,"floor_sqrt_p",7,13,3,0.931297709923664
"HEME_vs_CONTROL",2,4,4,18,400,"floor_sqrt_p",2,12,3,0.905852417302799
"HEME_vs_CONTROL",2,4,4,18,400,"floor_sqrt_p",5,12,3,0.903307888040712
"HEME_vs_CONTROL",2,4,4,18,400,"floor_sqrt_p",7,12,3,0.905852417302799
"HEME_vs_CONTROL",2,4,5,18,400,"floor_sqrt_p",2,12,3,0.938775510204082
"HEME_vs_CONTROL",2,4,5,18,400,"floor_sqrt_p",5,12,3,0.938775510204082
"HEME_vs_CONTROL",2,4,5,18,400,"floor_sqrt_p",7,12,3,0.941326530612245
"HEME_vs_CONTROL",2,4,1,19,400,"floor_sqrt_p",2,13,3,0.931472081218274
"HEME_vs_CONTROL",2,4,1,19,400,"floor_sqrt_p",5,13,3,0.928934010152284
"HEME_vs_CONTROL",2,4,1,19,400,"floor_sqrt_p",7,13,3,0.923857868020305
"HEME_vs_CONTROL",2,4,2,19,400,"floor_sqrt_p",2,12,3,0.926208651399491
"HEME_vs_CONTROL",2,4,2,19,400,"floor_sqrt_p",5,12,3,0.928753180661578
"HEME_vs_CONTROL",2,4,2,19,400,"floor_sqrt_p",7,12,3,0.928753180661578
"HEME_vs_CONTROL",2,4,3,19,400,"floor_sqrt_p",2,13,3,0.931297709923664
"HEME_vs_CONTROL",2,4,3,19,400,"floor_sqrt_p",5,13,3,0.928753180661578
"HEME_vs_CONTROL",2,4,3,19,400,"floor_sqrt_p",7,13,3,0.928753180661578
"HEME_vs_CONTROL",2,4,4,19,400,"floor_sqrt_p",2,13,3,0.910941475826972
"HEME_vs_CONTROL",2,4,4,19,400,"floor_sqrt_p",5,13,3,0.916030534351145
"HEME_vs_CONTROL",2,4,4,19,400,"floor_sqrt_p",7,13,3,0.910941475826972
"HEME_vs_CONTROL",2,4,5,19,400,"floor_sqrt_p",2,13,3,0.933673469387755
"HEME_vs_CONTROL",2,4,5,19,400,"floor_sqrt_p",5,13,3,0.936224489795918
"HEME_vs_CONTROL",2,4,5,19,400,"floor_sqrt_p",7,13,3,0.933673469387755
"HEME_vs_CONTROL",2,4,1,20,400,"floor_sqrt_p",2,13,3,0.939086294416244
"HEME_vs_CONTROL",2,4,1,20,400,"floor_sqrt_p",5,13,3,0.928934010152284
"HEME_vs_CONTROL",2,4,1,20,400,"floor_sqrt_p",7,13,3,0.928934010152284
"HEME_vs_CONTROL",2,4,2,20,400,"floor_sqrt_p",2,13,3,0.938931297709924
"HEME_vs_CONTROL",2,4,2,20,400,"floor_sqrt_p",5,13,3,0.94147582697201
"HEME_vs_CONTROL",2,4,2,20,400,"floor_sqrt_p",7,13,3,0.936386768447837
"HEME_vs_CONTROL",2,4,3,20,400,"floor_sqrt_p",2,13,3,0.916030534351145
"HEME_vs_CONTROL",2,4,3,20,400,"floor_sqrt_p",5,13,3,0.913486005089059
"HEME_vs_CONTROL",2,4,3,20,400,"floor_sqrt_p",7,13,3,0.913486005089059
"HEME_vs_CONTROL",2,4,4,20,400,"floor_sqrt_p",2,13,3,0.910941475826972
"HEME_vs_CONTROL",2,4,4,20,400,"floor_sqrt_p",5,13,3,0.898218829516539
"HEME_vs_CONTROL",2,4,4,20,400,"floor_sqrt_p",7,13,3,0.908396946564885
"HEME_vs_CONTROL",2,4,5,20,400,"floor_sqrt_p",2,13,3,0.933673469387755
"HEME_vs_CONTROL",2,4,5,20,400,"floor_sqrt_p",5,13,3,0.936224489795918
"HEME_vs_CONTROL",2,4,5,20,400,"floor_sqrt_p",7,13,3,0.931122448979592
"HEME_vs_CONTROL",2,5,1,6,400,"floor_sqrt_p",2,5,2,0.911167512690355
"HEME_vs_CONTROL",2,5,1,6,400,"floor_sqrt_p",5,5,2,0.911167512690355
"HEME_vs_CONTROL",2,5,1,6,400,"floor_sqrt_p",7,5,2,0.916243654822335
"HEME_vs_CONTROL",2,5,2,6,400,"floor_sqrt_p",2,5,2,0.926208651399491
"HEME_vs_CONTROL",2,5,2,6,400,"floor_sqrt_p",5,5,2,0.926208651399491
"HEME_vs_CONTROL",2,5,2,6,400,"floor_sqrt_p",7,5,2,0.928753180661578
"HEME_vs_CONTROL",2,5,3,6,400,"floor_sqrt_p",2,5,2,0.926208651399491
"HEME_vs_CONTROL",2,5,3,6,400,"floor_sqrt_p",5,5,2,0.926208651399491
"HEME_vs_CONTROL",2,5,3,6,400,"floor_sqrt_p",7,5,2,0.923664122137405
"HEME_vs_CONTROL",2,5,4,6,400,"floor_sqrt_p",2,5,2,0.923664122137405
"HEME_vs_CONTROL",2,5,4,6,400,"floor_sqrt_p",5,5,2,0.921119592875318
"HEME_vs_CONTROL",2,5,4,6,400,"floor_sqrt_p",7,5,2,0.918575063613232
"HEME_vs_CONTROL",2,5,5,6,400,"floor_sqrt_p",2,5,2,0.946428571428571
"HEME_vs_CONTROL",2,5,5,6,400,"floor_sqrt_p",5,5,2,0.946428571428571
"HEME_vs_CONTROL",2,5,5,6,400,"floor_sqrt_p",7,5,2,0.943877551020408
"HEME_vs_CONTROL",2,5,1,7,400,"floor_sqrt_p",2,7,2,0.923857868020305
"HEME_vs_CONTROL",2,5,1,7,400,"floor_sqrt_p",5,7,2,0.916243654822335
"HEME_vs_CONTROL",2,5,1,7,400,"floor_sqrt_p",7,7,2,0.921319796954315
"HEME_vs_CONTROL",2,5,2,7,400,"floor_sqrt_p",2,6,2,0.946564885496183
"HEME_vs_CONTROL",2,5,2,7,400,"floor_sqrt_p",5,6,2,0.944020356234097
"HEME_vs_CONTROL",2,5,2,7,400,"floor_sqrt_p",7,6,2,0.944020356234097
"HEME_vs_CONTROL",2,5,3,7,400,"floor_sqrt_p",2,7,2,0.928753180661578
"HEME_vs_CONTROL",2,5,3,7,400,"floor_sqrt_p",5,7,2,0.931297709923664
"HEME_vs_CONTROL",2,5,3,7,400,"floor_sqrt_p",7,7,2,0.928753180661578
"HEME_vs_CONTROL",2,5,4,7,400,"floor_sqrt_p",2,7,2,0.926208651399491
"HEME_vs_CONTROL",2,5,4,7,400,"floor_sqrt_p",5,7,2,0.923664122137405
"HEME_vs_CONTROL",2,5,4,7,400,"floor_sqrt_p",7,7,2,0.926208651399491
"HEME_vs_CONTROL",2,5,5,7,400,"floor_sqrt_p",2,6,2,0.948979591836735
"HEME_vs_CONTROL",2,5,5,7,400,"floor_sqrt_p",5,6,2,0.946428571428571
"HEME_vs_CONTROL",2,5,5,7,400,"floor_sqrt_p",7,6,2,0.948979591836735
"HEME_vs_CONTROL",2,5,1,8,400,"floor_sqrt_p",2,7,2,0.931472081218274
"HEME_vs_CONTROL",2,5,1,8,400,"floor_sqrt_p",5,7,2,0.931472081218274
"HEME_vs_CONTROL",2,5,1,8,400,"floor_sqrt_p",7,7,2,0.926395939086294
"HEME_vs_CONTROL",2,5,2,8,400,"floor_sqrt_p",2,7,2,0.936386768447837
"HEME_vs_CONTROL",2,5,2,8,400,"floor_sqrt_p",5,7,2,0.936386768447837
"HEME_vs_CONTROL",2,5,2,8,400,"floor_sqrt_p",7,7,2,0.933842239185751
"HEME_vs_CONTROL",2,5,3,8,400,"floor_sqrt_p",2,7,2,0.921119592875318
"HEME_vs_CONTROL",2,5,3,8,400,"floor_sqrt_p",5,7,2,0.918575063613232
"HEME_vs_CONTROL",2,5,3,8,400,"floor_sqrt_p",7,7,2,0.913486005089059
"HEME_vs_CONTROL",2,5,4,8,400,"floor_sqrt_p",2,7,2,0.928753180661578
"HEME_vs_CONTROL",2,5,4,8,400,"floor_sqrt_p",5,7,2,0.931297709923664
"HEME_vs_CONTROL",2,5,4,8,400,"floor_sqrt_p",7,7,2,0.931297709923664
"HEME_vs_CONTROL",2,5,5,8,400,"floor_sqrt_p",2,7,2,0.951530612244898
"HEME_vs_CONTROL",2,5,5,8,400,"floor_sqrt_p",5,7,2,0.948979591836735
"HEME_vs_CONTROL",2,5,5,8,400,"floor_sqrt_p",7,7,2,0.948979591836735
"HEME_vs_CONTROL",2,5,1,9,400,"floor_sqrt_p",2,8,2,0.923857868020305
"HEME_vs_CONTROL",2,5,1,9,400,"floor_sqrt_p",5,8,2,0.934010152284264
"HEME_vs_CONTROL",2,5,1,9,400,"floor_sqrt_p",7,8,2,0.928934010152284
"HEME_vs_CONTROL",2,5,2,9,400,"floor_sqrt_p",2,8,2,0.944020356234097
"HEME_vs_CONTROL",2,5,2,9,400,"floor_sqrt_p",5,8,2,0.944020356234097
"HEME_vs_CONTROL",2,5,2,9,400,"floor_sqrt_p",7,8,2,0.94147582697201
"HEME_vs_CONTROL",2,5,3,9,400,"floor_sqrt_p",2,8,2,0.921119592875318
"HEME_vs_CONTROL",2,5,3,9,400,"floor_sqrt_p",5,8,2,0.921119592875318
"HEME_vs_CONTROL",2,5,3,9,400,"floor_sqrt_p",7,8,2,0.921119592875318
"HEME_vs_CONTROL",2,5,4,9,400,"floor_sqrt_p",2,8,2,0.931297709923664
"HEME_vs_CONTROL",2,5,4,9,400,"floor_sqrt_p",5,8,2,0.933842239185751
"HEME_vs_CONTROL",2,5,4,9,400,"floor_sqrt_p",7,8,2,0.936386768447837
"HEME_vs_CONTROL",2,5,5,9,400,"floor_sqrt_p",2,8,2,0.948979591836735
"HEME_vs_CONTROL",2,5,5,9,400,"floor_sqrt_p",5,8,2,0.948979591836735
"HEME_vs_CONTROL",2,5,5,9,400,"floor_sqrt_p",7,8,2,0.946428571428571
"HEME_vs_CONTROL",2,5,1,10,400,"floor_sqrt_p",2,8,2,0.931472081218274
"HEME_vs_CONTROL",2,5,1,10,400,"floor_sqrt_p",5,8,2,0.923857868020305
"HEME_vs_CONTROL",2,5,1,10,400,"floor_sqrt_p",7,8,2,0.928934010152284
"HEME_vs_CONTROL",2,5,2,10,400,"floor_sqrt_p",2,8,2,0.944020356234097
"HEME_vs_CONTROL",2,5,2,10,400,"floor_sqrt_p",5,8,2,0.94147582697201
"HEME_vs_CONTROL",2,5,2,10,400,"floor_sqrt_p",7,8,2,0.94147582697201
"HEME_vs_CONTROL",2,5,3,10,400,"floor_sqrt_p",2,9,3,0.921119592875318
"HEME_vs_CONTROL",2,5,3,10,400,"floor_sqrt_p",5,9,3,0.918575063613232
"HEME_vs_CONTROL",2,5,3,10,400,"floor_sqrt_p",7,9,3,0.921119592875318
"HEME_vs_CONTROL",2,5,4,10,400,"floor_sqrt_p",2,9,3,0.936386768447837
"HEME_vs_CONTROL",2,5,4,10,400,"floor_sqrt_p",5,9,3,0.936386768447837
"HEME_vs_CONTROL",2,5,4,10,400,"floor_sqrt_p",7,9,3,0.931297709923664
"HEME_vs_CONTROL",2,5,5,10,400,"floor_sqrt_p",2,8,2,0.943877551020408
"HEME_vs_CONTROL",2,5,5,10,400,"floor_sqrt_p",5,8,2,0.943877551020408
"HEME_vs_CONTROL",2,5,5,10,400,"floor_sqrt_p",7,8,2,0.946428571428571
"HEME_vs_CONTROL",2,5,1,11,400,"floor_sqrt_p",2,9,3,0.936548223350254
"HEME_vs_CONTROL",2,5,1,11,400,"floor_sqrt_p",5,9,3,0.934010152284264
"HEME_vs_CONTROL",2,5,1,11,400,"floor_sqrt_p",7,9,3,0.934010152284264
"HEME_vs_CONTROL",2,5,2,11,400,"floor_sqrt_p",2,9,3,0.956743002544529
"HEME_vs_CONTROL",2,5,2,11,400,"floor_sqrt_p",5,9,3,0.959287531806616
"HEME_vs_CONTROL",2,5,2,11,400,"floor_sqrt_p",7,9,3,0.956743002544529
"HEME_vs_CONTROL",2,5,3,11,400,"floor_sqrt_p",2,9,3,0.923664122137405
"HEME_vs_CONTROL",2,5,3,11,400,"floor_sqrt_p",5,9,3,0.923664122137405
"HEME_vs_CONTROL",2,5,3,11,400,"floor_sqrt_p",7,9,3,0.926208651399491
"HEME_vs_CONTROL",2,5,4,11,400,"floor_sqrt_p",2,9,3,0.938931297709924
"HEME_vs_CONTROL",2,5,4,11,400,"floor_sqrt_p",5,9,3,0.938931297709924
"HEME_vs_CONTROL",2,5,4,11,400,"floor_sqrt_p",7,9,3,0.94147582697201
"HEME_vs_CONTROL",2,5,5,11,400,"floor_sqrt_p",2,9,3,0.943877551020408
"HEME_vs_CONTROL",2,5,5,11,400,"floor_sqrt_p",5,9,3,0.946428571428571
"HEME_vs_CONTROL",2,5,5,11,400,"floor_sqrt_p",7,9,3,0.943877551020408
"HEME_vs_CONTROL",2,5,1,12,400,"floor_sqrt_p",2,10,3,0.941624365482233
"HEME_vs_CONTROL",2,5,1,12,400,"floor_sqrt_p",5,10,3,0.939086294416244
"HEME_vs_CONTROL",2,5,1,12,400,"floor_sqrt_p",7,10,3,0.936548223350254
"HEME_vs_CONTROL",2,5,2,12,400,"floor_sqrt_p",2,9,3,0.951653944020356
"HEME_vs_CONTROL",2,5,2,12,400,"floor_sqrt_p",5,9,3,0.951653944020356
"HEME_vs_CONTROL",2,5,2,12,400,"floor_sqrt_p",7,9,3,0.94910941475827
"HEME_vs_CONTROL",2,5,3,12,400,"floor_sqrt_p",2,10,3,0.936386768447837
"HEME_vs_CONTROL",2,5,3,12,400,"floor_sqrt_p",5,10,3,0.933842239185751
"HEME_vs_CONTROL",2,5,3,12,400,"floor_sqrt_p",7,10,3,0.936386768447837
"HEME_vs_CONTROL",2,5,4,12,400,"floor_sqrt_p",2,10,3,0.944020356234097
"HEME_vs_CONTROL",2,5,4,12,400,"floor_sqrt_p",5,10,3,0.938931297709924
"HEME_vs_CONTROL",2,5,4,12,400,"floor_sqrt_p",7,10,3,0.94147582697201
"HEME_vs_CONTROL",2,5,5,12,400,"floor_sqrt_p",2,9,3,0.948979591836735
"HEME_vs_CONTROL",2,5,5,12,400,"floor_sqrt_p",5,9,3,0.946428571428571
"HEME_vs_CONTROL",2,5,5,12,400,"floor_sqrt_p",7,9,3,0.948979591836735
"HEME_vs_CONTROL",2,5,1,13,400,"floor_sqrt_p",2,10,3,0.941624365482233
"HEME_vs_CONTROL",2,5,1,13,400,"floor_sqrt_p",5,10,3,0.941624365482233
"HEME_vs_CONTROL",2,5,1,13,400,"floor_sqrt_p",7,10,3,0.936548223350254
"HEME_vs_CONTROL",2,5,2,13,400,"floor_sqrt_p",2,10,3,0.944020356234097
"HEME_vs_CONTROL",2,5,2,13,400,"floor_sqrt_p",5,10,3,0.94910941475827
"HEME_vs_CONTROL",2,5,2,13,400,"floor_sqrt_p",7,10,3,0.946564885496183
"HEME_vs_CONTROL",2,5,3,13,400,"floor_sqrt_p",2,10,3,0.946564885496183
"HEME_vs_CONTROL",2,5,3,13,400,"floor_sqrt_p",5,10,3,0.946564885496183
"HEME_vs_CONTROL",2,5,3,13,400,"floor_sqrt_p",7,10,3,0.936386768447837
"HEME_vs_CONTROL",2,5,4,13,400,"floor_sqrt_p",2,10,3,0.936386768447837
"HEME_vs_CONTROL",2,5,4,13,400,"floor_sqrt_p",5,10,3,0.931297709923664
"HEME_vs_CONTROL",2,5,4,13,400,"floor_sqrt_p",7,10,3,0.936386768447837
"HEME_vs_CONTROL",2,5,5,13,400,"floor_sqrt_p",2,10,3,0.948979591836735
"HEME_vs_CONTROL",2,5,5,13,400,"floor_sqrt_p",5,10,3,0.948979591836735
"HEME_vs_CONTROL",2,5,5,13,400,"floor_sqrt_p",7,10,3,0.941326530612245
"HEME_vs_CONTROL",2,5,1,14,400,"floor_sqrt_p",2,10,3,0.936548223350254
"HEME_vs_CONTROL",2,5,1,14,400,"floor_sqrt_p",5,10,3,0.939086294416244
"HEME_vs_CONTROL",2,5,1,14,400,"floor_sqrt_p",7,10,3,0.936548223350254
"HEME_vs_CONTROL",2,5,2,14,400,"floor_sqrt_p",2,11,3,0.956743002544529
"HEME_vs_CONTROL",2,5,2,14,400,"floor_sqrt_p",5,11,3,0.959287531806616
"HEME_vs_CONTROL",2,5,2,14,400,"floor_sqrt_p",7,11,3,0.954198473282443
"HEME_vs_CONTROL",2,5,3,14,400,"floor_sqrt_p",2,11,3,0.946564885496183
"HEME_vs_CONTROL",2,5,3,14,400,"floor_sqrt_p",5,11,3,0.944020356234097
"HEME_vs_CONTROL",2,5,3,14,400,"floor_sqrt_p",7,11,3,0.944020356234097
"HEME_vs_CONTROL",2,5,4,14,400,"floor_sqrt_p",2,11,3,0.938931297709924
"HEME_vs_CONTROL",2,5,4,14,400,"floor_sqrt_p",5,11,3,0.936386768447837
"HEME_vs_CONTROL",2,5,4,14,400,"floor_sqrt_p",7,11,3,0.938931297709924
"HEME_vs_CONTROL",2,5,5,14,400,"floor_sqrt_p",2,10,3,0.946428571428571
"HEME_vs_CONTROL",2,5,5,14,400,"floor_sqrt_p",5,10,3,0.943877551020408
"HEME_vs_CONTROL",2,5,5,14,400,"floor_sqrt_p",7,10,3,0.943877551020408
"HEME_vs_CONTROL",2,5,1,15,400,"floor_sqrt_p",2,11,3,0.934010152284264
"HEME_vs_CONTROL",2,5,1,15,400,"floor_sqrt_p",5,11,3,0.931472081218274
"HEME_vs_CONTROL",2,5,1,15,400,"floor_sqrt_p",7,11,3,0.934010152284264
"HEME_vs_CONTROL",2,5,2,15,400,"floor_sqrt_p",2,11,3,0.951653944020356
"HEME_vs_CONTROL",2,5,2,15,400,"floor_sqrt_p",5,11,3,0.954198473282443
"HEME_vs_CONTROL",2,5,2,15,400,"floor_sqrt_p",7,11,3,0.954198473282443
"HEME_vs_CONTROL",2,5,3,15,400,"floor_sqrt_p",2,11,3,0.94147582697201
"HEME_vs_CONTROL",2,5,3,15,400,"floor_sqrt_p",5,11,3,0.94147582697201
"HEME_vs_CONTROL",2,5,3,15,400,"floor_sqrt_p",7,11,3,0.946564885496183
"HEME_vs_CONTROL",2,5,4,15,400,"floor_sqrt_p",2,11,3,0.916030534351145
"HEME_vs_CONTROL",2,5,4,15,400,"floor_sqrt_p",5,11,3,0.918575063613232
"HEME_vs_CONTROL",2,5,4,15,400,"floor_sqrt_p",7,11,3,0.918575063613232
"HEME_vs_CONTROL",2,5,5,15,400,"floor_sqrt_p",2,11,3,0.938775510204082
"HEME_vs_CONTROL",2,5,5,15,400,"floor_sqrt_p",5,11,3,0.941326530612245
"HEME_vs_CONTROL",2,5,5,15,400,"floor_sqrt_p",7,11,3,0.941326530612245
"HEME_vs_CONTROL",2,5,1,16,400,"floor_sqrt_p",2,11,3,0.928934010152284
"HEME_vs_CONTROL",2,5,1,16,400,"floor_sqrt_p",5,11,3,0.931472081218274
"HEME_vs_CONTROL",2,5,1,16,400,"floor_sqrt_p",7,11,3,0.928934010152284
"HEME_vs_CONTROL",2,5,2,16,400,"floor_sqrt_p",2,11,3,0.951653944020356
"HEME_vs_CONTROL",2,5,2,16,400,"floor_sqrt_p",5,11,3,0.944020356234097
"HEME_vs_CONTROL",2,5,2,16,400,"floor_sqrt_p",7,11,3,0.946564885496183
"HEME_vs_CONTROL",2,5,3,16,400,"floor_sqrt_p",2,12,3,0.928753180661578
"HEME_vs_CONTROL",2,5,3,16,400,"floor_sqrt_p",5,12,3,0.931297709923664
"HEME_vs_CONTROL",2,5,3,16,400,"floor_sqrt_p",7,12,3,0.931297709923664
"HEME_vs_CONTROL",2,5,4,16,400,"floor_sqrt_p",2,12,3,0.913486005089059
"HEME_vs_CONTROL",2,5,4,16,400,"floor_sqrt_p",5,12,3,0.916030534351145
"HEME_vs_CONTROL",2,5,4,16,400,"floor_sqrt_p",7,12,3,0.918575063613232
"HEME_vs_CONTROL",2,5,5,16,400,"floor_sqrt_p",2,11,3,0.951530612244898
"HEME_vs_CONTROL",2,5,5,16,400,"floor_sqrt_p",5,11,3,0.951530612244898
"HEME_vs_CONTROL",2,5,5,16,400,"floor_sqrt_p",7,11,3,0.943877551020408
"HEME_vs_CONTROL",2,5,1,17,400,"floor_sqrt_p",2,12,3,0.931472081218274
"HEME_vs_CONTROL",2,5,1,17,400,"floor_sqrt_p",5,12,3,0.928934010152284
"HEME_vs_CONTROL",2,5,1,17,400,"floor_sqrt_p",7,12,3,0.931472081218274
"HEME_vs_CONTROL",2,5,2,17,400,"floor_sqrt_p",2,12,3,0.94910941475827
"HEME_vs_CONTROL",2,5,2,17,400,"floor_sqrt_p",5,12,3,0.951653944020356
"HEME_vs_CONTROL",2,5,2,17,400,"floor_sqrt_p",7,12,3,0.951653944020356
"HEME_vs_CONTROL",2,5,3,17,400,"floor_sqrt_p",2,12,3,0.918575063613232
"HEME_vs_CONTROL",2,5,3,17,400,"floor_sqrt_p",5,12,3,0.916030534351145
"HEME_vs_CONTROL",2,5,3,17,400,"floor_sqrt_p",7,12,3,0.923664122137405
"HEME_vs_CONTROL",2,5,4,17,400,"floor_sqrt_p",2,12,3,0.916030534351145
"HEME_vs_CONTROL",2,5,4,17,400,"floor_sqrt_p",5,12,3,0.910941475826972
"HEME_vs_CONTROL",2,5,4,17,400,"floor_sqrt_p",7,12,3,0.908396946564885
"HEME_vs_CONTROL",2,5,5,17,400,"floor_sqrt_p",2,12,3,0.941326530612245
"HEME_vs_CONTROL",2,5,5,17,400,"floor_sqrt_p",5,12,3,0.941326530612245
"HEME_vs_CONTROL",2,5,5,17,400,"floor_sqrt_p",7,12,3,0.931122448979592
"HEME_vs_CONTROL",2,5,1,18,400,"floor_sqrt_p",2,12,3,0.931472081218274
"HEME_vs_CONTROL",2,5,1,18,400,"floor_sqrt_p",5,12,3,0.931472081218274
"HEME_vs_CONTROL",2,5,1,18,400,"floor_sqrt_p",7,12,3,0.931472081218274
"HEME_vs_CONTROL",2,5,2,18,400,"floor_sqrt_p",2,12,3,0.951653944020356
"HEME_vs_CONTROL",2,5,2,18,400,"floor_sqrt_p",5,12,3,0.951653944020356
"HEME_vs_CONTROL",2,5,2,18,400,"floor_sqrt_p",7,12,3,0.946564885496183
"HEME_vs_CONTROL",2,5,3,18,400,"floor_sqrt_p",2,13,3,0.931297709923664
"HEME_vs_CONTROL",2,5,3,18,400,"floor_sqrt_p",5,13,3,0.923664122137405
"HEME_vs_CONTROL",2,5,3,18,400,"floor_sqrt_p",7,13,3,0.926208651399491
"HEME_vs_CONTROL",2,5,4,18,400,"floor_sqrt_p",2,12,3,0.905852417302799
"HEME_vs_CONTROL",2,5,4,18,400,"floor_sqrt_p",5,12,3,0.905852417302799
"HEME_vs_CONTROL",2,5,4,18,400,"floor_sqrt_p",7,12,3,0.908396946564885
"HEME_vs_CONTROL",2,5,5,18,400,"floor_sqrt_p",2,12,3,0.943877551020408
"HEME_vs_CONTROL",2,5,5,18,400,"floor_sqrt_p",5,12,3,0.941326530612245
"HEME_vs_CONTROL",2,5,5,18,400,"floor_sqrt_p",7,12,3,0.941326530612245
"HEME_vs_CONTROL",2,5,1,19,400,"floor_sqrt_p",2,12,3,0.926395939086294
"HEME_vs_CONTROL",2,5,1,19,400,"floor_sqrt_p",5,12,3,0.926395939086294
"HEME_vs_CONTROL",2,5,1,19,400,"floor_sqrt_p",7,12,3,0.926395939086294
"HEME_vs_CONTROL",2,5,2,19,400,"floor_sqrt_p",2,12,3,0.94910941475827
"HEME_vs_CONTROL",2,5,2,19,400,"floor_sqrt_p",5,12,3,0.94910941475827
"HEME_vs_CONTROL",2,5,2,19,400,"floor_sqrt_p",7,12,3,0.946564885496183
"HEME_vs_CONTROL",2,5,3,19,400,"floor_sqrt_p",2,13,3,0.923664122137405
"HEME_vs_CONTROL",2,5,3,19,400,"floor_sqrt_p",5,13,3,0.926208651399491
"HEME_vs_CONTROL",2,5,3,19,400,"floor_sqrt_p",7,13,3,0.923664122137405
"HEME_vs_CONTROL",2,5,4,19,400,"floor_sqrt_p",2,13,3,0.918575063613232
"HEME_vs_CONTROL",2,5,4,19,400,"floor_sqrt_p",5,13,3,0.905852417302799
"HEME_vs_CONTROL",2,5,4,19,400,"floor_sqrt_p",7,13,3,0.910941475826972
"HEME_vs_CONTROL",2,5,5,19,400,"floor_sqrt_p",2,12,3,0.946428571428571
"HEME_vs_CONTROL",2,5,5,19,400,"floor_sqrt_p",5,12,3,0.943877551020408
"HEME_vs_CONTROL",2,5,5,19,400,"floor_sqrt_p",7,12,3,0.941326530612245
"HEME_vs_CONTROL",2,5,1,20,400,"floor_sqrt_p",2,13,3,0.926395939086294
"HEME_vs_CONTROL",2,5,1,20,400,"floor_sqrt_p",5,13,3,0.923857868020305
"HEME_vs_CONTROL",2,5,1,20,400,"floor_sqrt_p",7,13,3,0.931472081218274
"HEME_vs_CONTROL",2,5,2,20,400,"floor_sqrt_p",2,13,3,0.944020356234097
"HEME_vs_CONTROL",2,5,2,20,400,"floor_sqrt_p",5,13,3,0.944020356234097
"HEME_vs_CONTROL",2,5,2,20,400,"floor_sqrt_p",7,13,3,0.938931297709924
"HEME_vs_CONTROL",2,5,3,20,400,"floor_sqrt_p",2,13,3,0.918575063613232
"HEME_vs_CONTROL",2,5,3,20,400,"floor_sqrt_p",5,13,3,0.918575063613232
"HEME_vs_CONTROL",2,5,3,20,400,"floor_sqrt_p",7,13,3,0.918575063613232
"HEME_vs_CONTROL",2,5,4,20,400,"floor_sqrt_p",2,13,3,0.916030534351145
"HEME_vs_CONTROL",2,5,4,20,400,"floor_sqrt_p",5,13,3,0.916030534351145
"HEME_vs_CONTROL",2,5,4,20,400,"floor_sqrt_p",7,13,3,0.916030534351145
"HEME_vs_CONTROL",2,5,5,20,400,"floor_sqrt_p",2,12,3,0.933673469387755
"HEME_vs_CONTROL",2,5,5,20,400,"floor_sqrt_p",5,12,3,0.926020408163265
"HEME_vs_CONTROL",2,5,5,20,400,"floor_sqrt_p",7,12,3,0.931122448979592
"HEME_vs_CONTROL",3,1,1,6,400,"floor_sqrt_p",2,5,2,0.916030534351145
"HEME_vs_CONTROL",3,1,1,6,400,"floor_sqrt_p",5,5,2,0.918575063613232
"HEME_vs_CONTROL",3,1,1,6,400,"floor_sqrt_p",7,5,2,0.916030534351145
"HEME_vs_CONTROL",3,1,2,6,400,"floor_sqrt_p",2,5,2,0.946564885496183
"HEME_vs_CONTROL",3,1,2,6,400,"floor_sqrt_p",5,5,2,0.944020356234097
"HEME_vs_CONTROL",3,1,2,6,400,"floor_sqrt_p",7,5,2,0.946564885496183
"HEME_vs_CONTROL",3,1,3,6,400,"floor_sqrt_p",2,5,2,0.905852417302799
"HEME_vs_CONTROL",3,1,3,6,400,"floor_sqrt_p",5,5,2,0.900763358778626
"HEME_vs_CONTROL",3,1,3,6,400,"floor_sqrt_p",7,5,2,0.903307888040712
"HEME_vs_CONTROL",3,1,4,6,400,"floor_sqrt_p",2,5,2,0.926020408163265
"HEME_vs_CONTROL",3,1,4,6,400,"floor_sqrt_p",5,5,2,0.938775510204082
"HEME_vs_CONTROL",3,1,4,6,400,"floor_sqrt_p",7,5,2,0.936224489795918
"HEME_vs_CONTROL",3,1,5,6,400,"floor_sqrt_p",2,5,2,0.941326530612245
"HEME_vs_CONTROL",3,1,5,6,400,"floor_sqrt_p",5,5,2,0.941326530612245
"HEME_vs_CONTROL",3,1,5,6,400,"floor_sqrt_p",7,5,2,0.936224489795918
"HEME_vs_CONTROL",3,1,1,7,400,"floor_sqrt_p",2,7,2,0.918575063613232
"HEME_vs_CONTROL",3,1,1,7,400,"floor_sqrt_p",5,7,2,0.931297709923664
"HEME_vs_CONTROL",3,1,1,7,400,"floor_sqrt_p",7,7,2,0.923664122137405
"HEME_vs_CONTROL",3,1,2,7,400,"floor_sqrt_p",2,7,2,0.956743002544529
"HEME_vs_CONTROL",3,1,2,7,400,"floor_sqrt_p",5,7,2,0.951653944020356
"HEME_vs_CONTROL",3,1,2,7,400,"floor_sqrt_p",7,7,2,0.951653944020356
"HEME_vs_CONTROL",3,1,3,7,400,"floor_sqrt_p",2,7,2,0.913486005089059
"HEME_vs_CONTROL",3,1,3,7,400,"floor_sqrt_p",5,7,2,0.903307888040712
"HEME_vs_CONTROL",3,1,3,7,400,"floor_sqrt_p",7,7,2,0.910941475826972
"HEME_vs_CONTROL",3,1,4,7,400,"floor_sqrt_p",2,7,2,0.948979591836735
"HEME_vs_CONTROL",3,1,4,7,400,"floor_sqrt_p",5,7,2,0.943877551020408
"HEME_vs_CONTROL",3,1,4,7,400,"floor_sqrt_p",7,7,2,0.946428571428571
"HEME_vs_CONTROL",3,1,5,7,400,"floor_sqrt_p",2,6,2,0.941326530612245
"HEME_vs_CONTROL",3,1,5,7,400,"floor_sqrt_p",5,6,2,0.938775510204082
"HEME_vs_CONTROL",3,1,5,7,400,"floor_sqrt_p",7,6,2,0.938775510204082
"HEME_vs_CONTROL",3,1,1,8,400,"floor_sqrt_p",2,7,2,0.921119592875318
"HEME_vs_CONTROL",3,1,1,8,400,"floor_sqrt_p",5,7,2,0.921119592875318
"HEME_vs_CONTROL",3,1,1,8,400,"floor_sqrt_p",7,7,2,0.921119592875318
"HEME_vs_CONTROL",3,1,2,8,400,"floor_sqrt_p",2,7,2,0.951653944020356
"HEME_vs_CONTROL",3,1,2,8,400,"floor_sqrt_p",5,7,2,0.951653944020356
"HEME_vs_CONTROL",3,1,2,8,400,"floor_sqrt_p",7,7,2,0.94910941475827
"HEME_vs_CONTROL",3,1,3,8,400,"floor_sqrt_p",2,7,2,0.908396946564885
"HEME_vs_CONTROL",3,1,3,8,400,"floor_sqrt_p",5,7,2,0.908396946564885
"HEME_vs_CONTROL",3,1,3,8,400,"floor_sqrt_p",7,7,2,0.910941475826972
"HEME_vs_CONTROL",3,1,4,8,400,"floor_sqrt_p",2,7,2,0.943877551020408
"HEME_vs_CONTROL",3,1,4,8,400,"floor_sqrt_p",5,7,2,0.941326530612245
"HEME_vs_CONTROL",3,1,4,8,400,"floor_sqrt_p",7,7,2,0.943877551020408
"HEME_vs_CONTROL",3,1,5,8,400,"floor_sqrt_p",2,7,2,0.928571428571429
"HEME_vs_CONTROL",3,1,5,8,400,"floor_sqrt_p",5,7,2,0.928571428571429
"HEME_vs_CONTROL",3,1,5,8,400,"floor_sqrt_p",7,7,2,0.928571428571429
"HEME_vs_CONTROL",3,1,1,9,400,"floor_sqrt_p",2,8,2,0.923664122137405
"HEME_vs_CONTROL",3,1,1,9,400,"floor_sqrt_p",5,8,2,0.923664122137405
"HEME_vs_CONTROL",3,1,1,9,400,"floor_sqrt_p",7,8,2,0.926208651399491
"HEME_vs_CONTROL",3,1,2,9,400,"floor_sqrt_p",2,8,2,0.964376590330789
"HEME_vs_CONTROL",3,1,2,9,400,"floor_sqrt_p",5,8,2,0.964376590330789
"HEME_vs_CONTROL",3,1,2,9,400,"floor_sqrt_p",7,8,2,0.961832061068702
"HEME_vs_CONTROL",3,1,3,9,400,"floor_sqrt_p",2,8,2,0.916030534351145
"HEME_vs_CONTROL",3,1,3,9,400,"floor_sqrt_p",5,8,2,0.910941475826972
"HEME_vs_CONTROL",3,1,3,9,400,"floor_sqrt_p",7,8,2,0.913486005089059
"HEME_vs_CONTROL",3,1,4,9,400,"floor_sqrt_p",2,8,2,0.941326530612245
"HEME_vs_CONTROL",3,1,4,9,400,"floor_sqrt_p",5,8,2,0.933673469387755
"HEME_vs_CONTROL",3,1,4,9,400,"floor_sqrt_p",7,8,2,0.933673469387755
"HEME_vs_CONTROL",3,1,5,9,400,"floor_sqrt_p",2,8,2,0.936224489795918
"HEME_vs_CONTROL",3,1,5,9,400,"floor_sqrt_p",5,8,2,0.933673469387755
"HEME_vs_CONTROL",3,1,5,9,400,"floor_sqrt_p",7,8,2,0.928571428571429
"HEME_vs_CONTROL",3,1,1,10,400,"floor_sqrt_p",2,9,3,0.926208651399491
"HEME_vs_CONTROL",3,1,1,10,400,"floor_sqrt_p",5,9,3,0.928753180661578
"HEME_vs_CONTROL",3,1,1,10,400,"floor_sqrt_p",7,9,3,0.923664122137405
"HEME_vs_CONTROL",3,1,2,10,400,"floor_sqrt_p",2,9,3,0.956743002544529
"HEME_vs_CONTROL",3,1,2,10,400,"floor_sqrt_p",5,9,3,0.956743002544529
"HEME_vs_CONTROL",3,1,2,10,400,"floor_sqrt_p",7,9,3,0.956743002544529
"HEME_vs_CONTROL",3,1,3,10,400,"floor_sqrt_p",2,9,3,0.918575063613232
"HEME_vs_CONTROL",3,1,3,10,400,"floor_sqrt_p",5,9,3,0.918575063613232
"HEME_vs_CONTROL",3,1,3,10,400,"floor_sqrt_p",7,9,3,0.918575063613232
"HEME_vs_CONTROL",3,1,4,10,400,"floor_sqrt_p",2,9,3,0.948979591836735
"HEME_vs_CONTROL",3,1,4,10,400,"floor_sqrt_p",5,9,3,0.948979591836735
"HEME_vs_CONTROL",3,1,4,10,400,"floor_sqrt_p",7,9,3,0.948979591836735
"HEME_vs_CONTROL",3,1,5,10,400,"floor_sqrt_p",2,8,2,0.926020408163265
"HEME_vs_CONTROL",3,1,5,10,400,"floor_sqrt_p",5,8,2,0.920918367346939
"HEME_vs_CONTROL",3,1,5,10,400,"floor_sqrt_p",7,8,2,0.920918367346939
"HEME_vs_CONTROL",3,1,1,11,400,"floor_sqrt_p",2,9,3,0.923664122137405
"HEME_vs_CONTROL",3,1,1,11,400,"floor_sqrt_p",5,9,3,0.923664122137405
"HEME_vs_CONTROL",3,1,1,11,400,"floor_sqrt_p",7,9,3,0.918575063613232
"HEME_vs_CONTROL",3,1,2,11,400,"floor_sqrt_p",2,9,3,0.951653944020356
"HEME_vs_CONTROL",3,1,2,11,400,"floor_sqrt_p",5,9,3,0.94910941475827
"HEME_vs_CONTROL",3,1,2,11,400,"floor_sqrt_p",7,9,3,0.94910941475827
"HEME_vs_CONTROL",3,1,3,11,400,"floor_sqrt_p",2,9,3,0.921119592875318
"HEME_vs_CONTROL",3,1,3,11,400,"floor_sqrt_p",5,9,3,0.916030534351145
"HEME_vs_CONTROL",3,1,3,11,400,"floor_sqrt_p",7,9,3,0.916030534351145
"HEME_vs_CONTROL",3,1,4,11,400,"floor_sqrt_p",2,9,3,0.946428571428571
"HEME_vs_CONTROL",3,1,4,11,400,"floor_sqrt_p",5,9,3,0.948979591836735
"HEME_vs_CONTROL",3,1,4,11,400,"floor_sqrt_p",7,9,3,0.948979591836735
"HEME_vs_CONTROL",3,1,5,11,400,"floor_sqrt_p",2,9,3,0.926020408163265
"HEME_vs_CONTROL",3,1,5,11,400,"floor_sqrt_p",5,9,3,0.926020408163265
"HEME_vs_CONTROL",3,1,5,11,400,"floor_sqrt_p",7,9,3,0.923469387755102
"HEME_vs_CONTROL",3,1,1,12,400,"floor_sqrt_p",2,10,3,0.933842239185751
"HEME_vs_CONTROL",3,1,1,12,400,"floor_sqrt_p",5,10,3,0.936386768447837
"HEME_vs_CONTROL",3,1,1,12,400,"floor_sqrt_p",7,10,3,0.933842239185751
"HEME_vs_CONTROL",3,1,2,12,400,"floor_sqrt_p",2,10,3,0.961832061068702
"HEME_vs_CONTROL",3,1,2,12,400,"floor_sqrt_p",5,10,3,0.956743002544529
"HEME_vs_CONTROL",3,1,2,12,400,"floor_sqrt_p",7,10,3,0.961832061068702
"HEME_vs_CONTROL",3,1,3,12,400,"floor_sqrt_p",2,10,3,0.923664122137405
"HEME_vs_CONTROL",3,1,3,12,400,"floor_sqrt_p",5,10,3,0.921119592875318
"HEME_vs_CONTROL",3,1,3,12,400,"floor_sqrt_p",7,10,3,0.918575063613232
"HEME_vs_CONTROL",3,1,4,12,400,"floor_sqrt_p",2,10,3,0.948979591836735
"HEME_vs_CONTROL",3,1,4,12,400,"floor_sqrt_p",5,10,3,0.943877551020408
"HEME_vs_CONTROL",3,1,4,12,400,"floor_sqrt_p",7,10,3,0.948979591836735
"HEME_vs_CONTROL",3,1,5,12,400,"floor_sqrt_p",2,9,3,0.946428571428571
"HEME_vs_CONTROL",3,1,5,12,400,"floor_sqrt_p",5,9,3,0.946428571428571
"HEME_vs_CONTROL",3,1,5,12,400,"floor_sqrt_p",7,9,3,0.946428571428571
"HEME_vs_CONTROL",3,1,1,13,400,"floor_sqrt_p",2,10,3,0.931297709923664
"HEME_vs_CONTROL",3,1,1,13,400,"floor_sqrt_p",5,10,3,0.933842239185751
"HEME_vs_CONTROL",3,1,1,13,400,"floor_sqrt_p",7,10,3,0.926208651399491
"HEME_vs_CONTROL",3,1,2,13,400,"floor_sqrt_p",2,10,3,0.959287531806616
"HEME_vs_CONTROL",3,1,2,13,400,"floor_sqrt_p",5,10,3,0.961832061068702
"HEME_vs_CONTROL",3,1,2,13,400,"floor_sqrt_p",7,10,3,0.961832061068702
"HEME_vs_CONTROL",3,1,3,13,400,"floor_sqrt_p",2,10,3,0.926208651399491
"HEME_vs_CONTROL",3,1,3,13,400,"floor_sqrt_p",5,10,3,0.913486005089059
"HEME_vs_CONTROL",3,1,3,13,400,"floor_sqrt_p",7,10,3,0.918575063613232
"HEME_vs_CONTROL",3,1,4,13,400,"floor_sqrt_p",2,10,3,0.943877551020408
"HEME_vs_CONTROL",3,1,4,13,400,"floor_sqrt_p",5,10,3,0.938775510204082
"HEME_vs_CONTROL",3,1,4,13,400,"floor_sqrt_p",7,10,3,0.936224489795918
"HEME_vs_CONTROL",3,1,5,13,400,"floor_sqrt_p",2,10,3,0.948979591836735
"HEME_vs_CONTROL",3,1,5,13,400,"floor_sqrt_p",5,10,3,0.951530612244898
"HEME_vs_CONTROL",3,1,5,13,400,"floor_sqrt_p",7,10,3,0.951530612244898
"HEME_vs_CONTROL",3,1,1,14,400,"floor_sqrt_p",2,11,3,0.931297709923664
"HEME_vs_CONTROL",3,1,1,14,400,"floor_sqrt_p",5,11,3,0.928753180661578
"HEME_vs_CONTROL",3,1,1,14,400,"floor_sqrt_p",7,11,3,0.936386768447837
"HEME_vs_CONTROL",3,1,2,14,400,"floor_sqrt_p",2,11,3,0.951653944020356
"HEME_vs_CONTROL",3,1,2,14,400,"floor_sqrt_p",5,11,3,0.946564885496183
"HEME_vs_CONTROL",3,1,2,14,400,"floor_sqrt_p",7,11,3,0.956743002544529
"HEME_vs_CONTROL",3,1,3,14,400,"floor_sqrt_p",2,11,3,0.913486005089059
"HEME_vs_CONTROL",3,1,3,14,400,"floor_sqrt_p",5,11,3,0.923664122137405
"HEME_vs_CONTROL",3,1,3,14,400,"floor_sqrt_p",7,11,3,0.918575063613232
"HEME_vs_CONTROL",3,1,4,14,400,"floor_sqrt_p",2,11,3,0.941326530612245
"HEME_vs_CONTROL",3,1,4,14,400,"floor_sqrt_p",5,11,3,0.943877551020408
"HEME_vs_CONTROL",3,1,4,14,400,"floor_sqrt_p",7,11,3,0.946428571428571
"HEME_vs_CONTROL",3,1,5,14,400,"floor_sqrt_p",2,11,3,0.946428571428571
"HEME_vs_CONTROL",3,1,5,14,400,"floor_sqrt_p",5,11,3,0.948979591836735
"HEME_vs_CONTROL",3,1,5,14,400,"floor_sqrt_p",7,11,3,0.943877551020408
"HEME_vs_CONTROL",3,1,1,15,400,"floor_sqrt_p",2,11,3,0.928753180661578
"HEME_vs_CONTROL",3,1,1,15,400,"floor_sqrt_p",5,11,3,0.933842239185751
"HEME_vs_CONTROL",3,1,1,15,400,"floor_sqrt_p",7,11,3,0.931297709923664
"HEME_vs_CONTROL",3,1,2,15,400,"floor_sqrt_p",2,11,3,0.954198473282443
"HEME_vs_CONTROL",3,1,2,15,400,"floor_sqrt_p",5,11,3,0.956743002544529
"HEME_vs_CONTROL",3,1,2,15,400,"floor_sqrt_p",7,11,3,0.956743002544529
"HEME_vs_CONTROL",3,1,3,15,400,"floor_sqrt_p",2,11,3,0.921119592875318
"HEME_vs_CONTROL",3,1,3,15,400,"floor_sqrt_p",5,11,3,0.926208651399491
"HEME_vs_CONTROL",3,1,3,15,400,"floor_sqrt_p",7,11,3,0.918575063613232
"HEME_vs_CONTROL",3,1,4,15,400,"floor_sqrt_p",2,11,3,0.928571428571429
"HEME_vs_CONTROL",3,1,4,15,400,"floor_sqrt_p",5,11,3,0.926020408163265
"HEME_vs_CONTROL",3,1,4,15,400,"floor_sqrt_p",7,11,3,0.931122448979592
"HEME_vs_CONTROL",3,1,5,15,400,"floor_sqrt_p",2,11,3,0.938775510204082
"HEME_vs_CONTROL",3,1,5,15,400,"floor_sqrt_p",5,11,3,0.933673469387755
"HEME_vs_CONTROL",3,1,5,15,400,"floor_sqrt_p",7,11,3,0.933673469387755
"HEME_vs_CONTROL",3,1,1,16,400,"floor_sqrt_p",2,12,3,0.926208651399491
"HEME_vs_CONTROL",3,1,1,16,400,"floor_sqrt_p",5,12,3,0.918575063613232
"HEME_vs_CONTROL",3,1,1,16,400,"floor_sqrt_p",7,12,3,0.916030534351145
"HEME_vs_CONTROL",3,1,2,16,400,"floor_sqrt_p",2,11,3,0.951653944020356
"HEME_vs_CONTROL",3,1,2,16,400,"floor_sqrt_p",5,11,3,0.946564885496183
"HEME_vs_CONTROL",3,1,2,16,400,"floor_sqrt_p",7,11,3,0.951653944020356
"HEME_vs_CONTROL",3,1,3,16,400,"floor_sqrt_p",2,12,3,0.933842239185751
"HEME_vs_CONTROL",3,1,3,16,400,"floor_sqrt_p",5,12,3,0.931297709923664
"HEME_vs_CONTROL",3,1,3,16,400,"floor_sqrt_p",7,12,3,0.921119592875318
"HEME_vs_CONTROL",3,1,4,16,400,"floor_sqrt_p",2,12,3,0.923469387755102
"HEME_vs_CONTROL",3,1,4,16,400,"floor_sqrt_p",5,12,3,0.923469387755102
"HEME_vs_CONTROL",3,1,4,16,400,"floor_sqrt_p",7,12,3,0.920918367346939
"HEME_vs_CONTROL",3,1,5,16,400,"floor_sqrt_p",2,11,3,0.941326530612245
"HEME_vs_CONTROL",3,1,5,16,400,"floor_sqrt_p",5,11,3,0.938775510204082
"HEME_vs_CONTROL",3,1,5,16,400,"floor_sqrt_p",7,11,3,0.933673469387755
"HEME_vs_CONTROL",3,1,1,17,400,"floor_sqrt_p",2,12,3,0.921119592875318
"HEME_vs_CONTROL",3,1,1,17,400,"floor_sqrt_p",5,12,3,0.918575063613232
"HEME_vs_CONTROL",3,1,1,17,400,"floor_sqrt_p",7,12,3,0.918575063613232
"HEME_vs_CONTROL",3,1,2,17,400,"floor_sqrt_p",2,12,3,0.959287531806616
"HEME_vs_CONTROL",3,1,2,17,400,"floor_sqrt_p",5,12,3,0.956743002544529
"HEME_vs_CONTROL",3,1,2,17,400,"floor_sqrt_p",7,12,3,0.956743002544529
"HEME_vs_CONTROL",3,1,3,17,400,"floor_sqrt_p",2,12,3,0.926208651399491
"HEME_vs_CONTROL",3,1,3,17,400,"floor_sqrt_p",5,12,3,0.916030534351145
"HEME_vs_CONTROL",3,1,3,17,400,"floor_sqrt_p",7,12,3,0.921119592875318
"HEME_vs_CONTROL",3,1,4,17,400,"floor_sqrt_p",2,12,3,0.926020408163265
"HEME_vs_CONTROL",3,1,4,17,400,"floor_sqrt_p",5,12,3,0.926020408163265
"HEME_vs_CONTROL",3,1,4,17,400,"floor_sqrt_p",7,12,3,0.923469387755102
"HEME_vs_CONTROL",3,1,5,17,400,"floor_sqrt_p",2,12,3,0.936224489795918
"HEME_vs_CONTROL",3,1,5,17,400,"floor_sqrt_p",5,12,3,0.941326530612245
"HEME_vs_CONTROL",3,1,5,17,400,"floor_sqrt_p",7,12,3,0.936224489795918
"HEME_vs_CONTROL",3,1,1,18,400,"floor_sqrt_p",2,12,3,0.936386768447837
"HEME_vs_CONTROL",3,1,1,18,400,"floor_sqrt_p",5,12,3,0.928753180661578
"HEME_vs_CONTROL",3,1,1,18,400,"floor_sqrt_p",7,12,3,0.931297709923664
"HEME_vs_CONTROL",3,1,2,18,400,"floor_sqrt_p",2,12,3,0.956743002544529
"HEME_vs_CONTROL",3,1,2,18,400,"floor_sqrt_p",5,12,3,0.954198473282443
"HEME_vs_CONTROL",3,1,2,18,400,"floor_sqrt_p",7,12,3,0.956743002544529
"HEME_vs_CONTROL",3,1,3,18,400,"floor_sqrt_p",2,13,3,0.916030534351145
"HEME_vs_CONTROL",3,1,3,18,400,"floor_sqrt_p",5,13,3,0.913486005089059
"HEME_vs_CONTROL",3,1,3,18,400,"floor_sqrt_p",7,13,3,0.908396946564885
"HEME_vs_CONTROL",3,1,4,18,400,"floor_sqrt_p",2,12,3,0.931122448979592
"HEME_vs_CONTROL",3,1,4,18,400,"floor_sqrt_p",5,12,3,0.920918367346939
"HEME_vs_CONTROL",3,1,4,18,400,"floor_sqrt_p",7,12,3,0.923469387755102
"HEME_vs_CONTROL",3,1,5,18,400,"floor_sqrt_p",2,12,3,0.933673469387755
"HEME_vs_CONTROL",3,1,5,18,400,"floor_sqrt_p",5,12,3,0.931122448979592
"HEME_vs_CONTROL",3,1,5,18,400,"floor_sqrt_p",7,12,3,0.938775510204082
"HEME_vs_CONTROL",3,1,1,19,400,"floor_sqrt_p",2,13,3,0.926208651399491
"HEME_vs_CONTROL",3,1,1,19,400,"floor_sqrt_p",5,13,3,0.923664122137405
"HEME_vs_CONTROL",3,1,1,19,400,"floor_sqrt_p",7,13,3,0.926208651399491
"HEME_vs_CONTROL",3,1,2,19,400,"floor_sqrt_p",2,13,3,0.954198473282443
"HEME_vs_CONTROL",3,1,2,19,400,"floor_sqrt_p",5,13,3,0.956743002544529
"HEME_vs_CONTROL",3,1,2,19,400,"floor_sqrt_p",7,13,3,0.946564885496183
"HEME_vs_CONTROL",3,1,3,19,400,"floor_sqrt_p",2,13,3,0.910941475826972
"HEME_vs_CONTROL",3,1,3,19,400,"floor_sqrt_p",5,13,3,0.916030534351145
"HEME_vs_CONTROL",3,1,3,19,400,"floor_sqrt_p",7,13,3,0.910941475826972
"HEME_vs_CONTROL",3,1,4,19,400,"floor_sqrt_p",2,13,3,0.936224489795918
"HEME_vs_CONTROL",3,1,4,19,400,"floor_sqrt_p",5,13,3,0.941326530612245
"HEME_vs_CONTROL",3,1,4,19,400,"floor_sqrt_p",7,13,3,0.936224489795918
"HEME_vs_CONTROL",3,1,5,19,400,"floor_sqrt_p",2,13,3,0.926020408163265
"HEME_vs_CONTROL",3,1,5,19,400,"floor_sqrt_p",5,13,3,0.926020408163265
"HEME_vs_CONTROL",3,1,5,19,400,"floor_sqrt_p",7,13,3,0.926020408163265
"HEME_vs_CONTROL",3,1,1,20,400,"floor_sqrt_p",2,13,3,0.921119592875318
"HEME_vs_CONTROL",3,1,1,20,400,"floor_sqrt_p",5,13,3,0.926208651399491
"HEME_vs_CONTROL",3,1,1,20,400,"floor_sqrt_p",7,13,3,0.931297709923664
"HEME_vs_CONTROL",3,1,2,20,400,"floor_sqrt_p",2,13,3,0.954198473282443
"HEME_vs_CONTROL",3,1,2,20,400,"floor_sqrt_p",5,13,3,0.956743002544529
"HEME_vs_CONTROL",3,1,2,20,400,"floor_sqrt_p",7,13,3,0.951653944020356
"HEME_vs_CONTROL",3,1,3,20,400,"floor_sqrt_p",2,13,3,0.921119592875318
"HEME_vs_CONTROL",3,1,3,20,400,"floor_sqrt_p",5,13,3,0.903307888040712
"HEME_vs_CONTROL",3,1,3,20,400,"floor_sqrt_p",7,13,3,0.923664122137405
"HEME_vs_CONTROL",3,1,4,20,400,"floor_sqrt_p",2,13,3,0.936224489795918
"HEME_vs_CONTROL",3,1,4,20,400,"floor_sqrt_p",5,13,3,0.928571428571429
"HEME_vs_CONTROL",3,1,4,20,400,"floor_sqrt_p",7,13,3,0.933673469387755
"HEME_vs_CONTROL",3,1,5,20,400,"floor_sqrt_p",2,13,3,0.933673469387755
"HEME_vs_CONTROL",3,1,5,20,400,"floor_sqrt_p",5,13,3,0.938775510204082
"HEME_vs_CONTROL",3,1,5,20,400,"floor_sqrt_p",7,13,3,0.936224489795918
"HEME_vs_CONTROL",3,2,1,6,400,"floor_sqrt_p",2,6,2,0.916030534351145
"HEME_vs_CONTROL",3,2,1,6,400,"floor_sqrt_p",5,6,2,0.921119592875318
"HEME_vs_CONTROL",3,2,1,6,400,"floor_sqrt_p",7,6,2,0.918575063613232
"HEME_vs_CONTROL",3,2,2,6,400,"floor_sqrt_p",2,6,2,0.94910941475827
"HEME_vs_CONTROL",3,2,2,6,400,"floor_sqrt_p",5,6,2,0.951653944020356
"HEME_vs_CONTROL",3,2,2,6,400,"floor_sqrt_p",7,6,2,0.94910941475827
"HEME_vs_CONTROL",3,2,3,6,400,"floor_sqrt_p",2,6,2,0.936386768447837
"HEME_vs_CONTROL",3,2,3,6,400,"floor_sqrt_p",5,6,2,0.946564885496183
"HEME_vs_CONTROL",3,2,3,6,400,"floor_sqrt_p",7,6,2,0.944020356234097
"HEME_vs_CONTROL",3,2,4,6,400,"floor_sqrt_p",2,6,2,0.933673469387755
"HEME_vs_CONTROL",3,2,4,6,400,"floor_sqrt_p",5,6,2,0.938775510204082
"HEME_vs_CONTROL",3,2,4,6,400,"floor_sqrt_p",7,6,2,0.938775510204082
"HEME_vs_CONTROL",3,2,5,6,400,"floor_sqrt_p",2,5,2,0.918367346938776
"HEME_vs_CONTROL",3,2,5,6,400,"floor_sqrt_p",5,5,2,0.918367346938776
"HEME_vs_CONTROL",3,2,5,6,400,"floor_sqrt_p",7,5,2,0.918367346938776
"HEME_vs_CONTROL",3,2,1,7,400,"floor_sqrt_p",2,7,2,0.910941475826972
"HEME_vs_CONTROL",3,2,1,7,400,"floor_sqrt_p",5,7,2,0.918575063613232
"HEME_vs_CONTROL",3,2,1,7,400,"floor_sqrt_p",7,7,2,0.916030534351145
"HEME_vs_CONTROL",3,2,2,7,400,"floor_sqrt_p",2,7,2,0.946564885496183
"HEME_vs_CONTROL",3,2,2,7,400,"floor_sqrt_p",5,7,2,0.946564885496183
"HEME_vs_CONTROL",3,2,2,7,400,"floor_sqrt_p",7,7,2,0.946564885496183
"HEME_vs_CONTROL",3,2,3,7,400,"floor_sqrt_p",2,7,2,0.936386768447837
"HEME_vs_CONTROL",3,2,3,7,400,"floor_sqrt_p",5,7,2,0.933842239185751
"HEME_vs_CONTROL",3,2,3,7,400,"floor_sqrt_p",7,7,2,0.933842239185751
"HEME_vs_CONTROL",3,2,4,7,400,"floor_sqrt_p",2,7,2,0.933673469387755
"HEME_vs_CONTROL",3,2,4,7,400,"floor_sqrt_p",5,7,2,0.933673469387755
"HEME_vs_CONTROL",3,2,4,7,400,"floor_sqrt_p",7,7,2,0.931122448979592
"HEME_vs_CONTROL",3,2,5,7,400,"floor_sqrt_p",2,7,2,0.926020408163265
"HEME_vs_CONTROL",3,2,5,7,400,"floor_sqrt_p",5,7,2,0.928571428571429
"HEME_vs_CONTROL",3,2,5,7,400,"floor_sqrt_p",7,7,2,0.933673469387755
"HEME_vs_CONTROL",3,2,1,8,400,"floor_sqrt_p",2,7,2,0.916030534351145
"HEME_vs_CONTROL",3,2,1,8,400,"floor_sqrt_p",5,7,2,0.916030534351145
"HEME_vs_CONTROL",3,2,1,8,400,"floor_sqrt_p",7,7,2,0.916030534351145
"HEME_vs_CONTROL",3,2,2,8,400,"floor_sqrt_p",2,7,2,0.94147582697201
"HEME_vs_CONTROL",3,2,2,8,400,"floor_sqrt_p",5,7,2,0.94910941475827
"HEME_vs_CONTROL",3,2,2,8,400,"floor_sqrt_p",7,7,2,0.94910941475827
"HEME_vs_CONTROL",3,2,3,8,400,"floor_sqrt_p",2,7,2,0.926208651399491
"HEME_vs_CONTROL",3,2,3,8,400,"floor_sqrt_p",5,7,2,0.928753180661578
"HEME_vs_CONTROL",3,2,3,8,400,"floor_sqrt_p",7,7,2,0.931297709923664
"HEME_vs_CONTROL",3,2,4,8,400,"floor_sqrt_p",2,8,2,0.933673469387755
"HEME_vs_CONTROL",3,2,4,8,400,"floor_sqrt_p",5,8,2,0.936224489795918
"HEME_vs_CONTROL",3,2,4,8,400,"floor_sqrt_p",7,8,2,0.938775510204082
"HEME_vs_CONTROL",3,2,5,8,400,"floor_sqrt_p",2,7,2,0.920918367346939
"HEME_vs_CONTROL",3,2,5,8,400,"floor_sqrt_p",5,7,2,0.920918367346939
"HEME_vs_CONTROL",3,2,5,8,400,"floor_sqrt_p",7,7,2,0.920918367346939
"HEME_vs_CONTROL",3,2,1,9,400,"floor_sqrt_p",2,8,2,0.923664122137405
"HEME_vs_CONTROL",3,2,1,9,400,"floor_sqrt_p",5,8,2,0.921119592875318
"HEME_vs_CONTROL",3,2,1,9,400,"floor_sqrt_p",7,8,2,0.918575063613232
"HEME_vs_CONTROL",3,2,2,9,400,"floor_sqrt_p",2,8,2,0.956743002544529
"HEME_vs_CONTROL",3,2,2,9,400,"floor_sqrt_p",5,8,2,0.956743002544529
"HEME_vs_CONTROL",3,2,2,9,400,"floor_sqrt_p",7,8,2,0.956743002544529
"HEME_vs_CONTROL",3,2,3,9,400,"floor_sqrt_p",2,8,2,0.936386768447837
"HEME_vs_CONTROL",3,2,3,9,400,"floor_sqrt_p",5,8,2,0.931297709923664
"HEME_vs_CONTROL",3,2,3,9,400,"floor_sqrt_p",7,8,2,0.933842239185751
"HEME_vs_CONTROL",3,2,4,9,400,"floor_sqrt_p",2,8,2,0.928571428571429
"HEME_vs_CONTROL",3,2,4,9,400,"floor_sqrt_p",5,8,2,0.926020408163265
"HEME_vs_CONTROL",3,2,4,9,400,"floor_sqrt_p",7,8,2,0.923469387755102
"HEME_vs_CONTROL",3,2,5,9,400,"floor_sqrt_p",2,8,2,0.920918367346939
"HEME_vs_CONTROL",3,2,5,9,400,"floor_sqrt_p",5,8,2,0.923469387755102
"HEME_vs_CONTROL",3,2,5,9,400,"floor_sqrt_p",7,8,2,0.920918367346939
"HEME_vs_CONTROL",3,2,1,10,400,"floor_sqrt_p",2,9,3,0.921119592875318
"HEME_vs_CONTROL",3,2,1,10,400,"floor_sqrt_p",5,9,3,0.933842239185751
"HEME_vs_CONTROL",3,2,1,10,400,"floor_sqrt_p",7,9,3,0.933842239185751
"HEME_vs_CONTROL",3,2,2,10,400,"floor_sqrt_p",2,9,3,0.961832061068702
"HEME_vs_CONTROL",3,2,2,10,400,"floor_sqrt_p",5,9,3,0.961832061068702
"HEME_vs_CONTROL",3,2,2,10,400,"floor_sqrt_p",7,9,3,0.966921119592875
"HEME_vs_CONTROL",3,2,3,10,400,"floor_sqrt_p",2,9,3,0.951653944020356
"HEME_vs_CONTROL",3,2,3,10,400,"floor_sqrt_p",5,9,3,0.944020356234097
"HEME_vs_CONTROL",3,2,3,10,400,"floor_sqrt_p",7,9,3,0.944020356234097
"HEME_vs_CONTROL",3,2,4,10,400,"floor_sqrt_p",2,9,3,0.928571428571429
"HEME_vs_CONTROL",3,2,4,10,400,"floor_sqrt_p",5,9,3,0.926020408163265
"HEME_vs_CONTROL",3,2,4,10,400,"floor_sqrt_p",7,9,3,0.926020408163265
"HEME_vs_CONTROL",3,2,5,10,400,"floor_sqrt_p",2,8,2,0.920918367346939
"HEME_vs_CONTROL",3,2,5,10,400,"floor_sqrt_p",5,8,2,0.923469387755102
"HEME_vs_CONTROL",3,2,5,10,400,"floor_sqrt_p",7,8,2,0.931122448979592
"HEME_vs_CONTROL",3,2,1,11,400,"floor_sqrt_p",2,9,3,0.931297709923664
"HEME_vs_CONTROL",3,2,1,11,400,"floor_sqrt_p",5,9,3,0.931297709923664
"HEME_vs_CONTROL",3,2,1,11,400,"floor_sqrt_p",7,9,3,0.928753180661578
"HEME_vs_CONTROL",3,2,2,11,400,"floor_sqrt_p",2,9,3,0.956743002544529
"HEME_vs_CONTROL",3,2,2,11,400,"floor_sqrt_p",5,9,3,0.961832061068702
"HEME_vs_CONTROL",3,2,2,11,400,"floor_sqrt_p",7,9,3,0.961832061068702
"HEME_vs_CONTROL",3,2,3,11,400,"floor_sqrt_p",2,9,3,0.956743002544529
"HEME_vs_CONTROL",3,2,3,11,400,"floor_sqrt_p",5,9,3,0.956743002544529
"HEME_vs_CONTROL",3,2,3,11,400,"floor_sqrt_p",7,9,3,0.951653944020356
"HEME_vs_CONTROL",3,2,4,11,400,"floor_sqrt_p",2,10,3,0.931122448979592
"HEME_vs_CONTROL",3,2,4,11,400,"floor_sqrt_p",5,10,3,0.928571428571429
"HEME_vs_CONTROL",3,2,4,11,400,"floor_sqrt_p",7,10,3,0.923469387755102
"HEME_vs_CONTROL",3,2,5,11,400,"floor_sqrt_p",2,9,3,0.931122448979592
"HEME_vs_CONTROL",3,2,5,11,400,"floor_sqrt_p",5,9,3,0.933673469387755
"HEME_vs_CONTROL",3,2,5,11,400,"floor_sqrt_p",7,9,3,0.933673469387755
"HEME_vs_CONTROL",3,2,1,12,400,"floor_sqrt_p",2,10,3,0.936386768447837
"HEME_vs_CONTROL",3,2,1,12,400,"floor_sqrt_p",5,10,3,0.933842239185751
"HEME_vs_CONTROL",3,2,1,12,400,"floor_sqrt_p",7,10,3,0.933842239185751
"HEME_vs_CONTROL",3,2,2,12,400,"floor_sqrt_p",2,10,3,0.959287531806616
"HEME_vs_CONTROL",3,2,2,12,400,"floor_sqrt_p",5,10,3,0.956743002544529
"HEME_vs_CONTROL",3,2,2,12,400,"floor_sqrt_p",7,10,3,0.956743002544529
"HEME_vs_CONTROL",3,2,3,12,400,"floor_sqrt_p",2,10,3,0.961832061068702
"HEME_vs_CONTROL",3,2,3,12,400,"floor_sqrt_p",5,10,3,0.954198473282443
"HEME_vs_CONTROL",3,2,3,12,400,"floor_sqrt_p",7,10,3,0.959287531806616
"HEME_vs_CONTROL",3,2,4,12,400,"floor_sqrt_p",2,10,3,0.933673469387755
"HEME_vs_CONTROL",3,2,4,12,400,"floor_sqrt_p",5,10,3,0.928571428571429
"HEME_vs_CONTROL",3,2,4,12,400,"floor_sqrt_p",7,10,3,0.928571428571429
"HEME_vs_CONTROL",3,2,5,12,400,"floor_sqrt_p",2,9,3,0.941326530612245
"HEME_vs_CONTROL",3,2,5,12,400,"floor_sqrt_p",5,9,3,0.943877551020408
"HEME_vs_CONTROL",3,2,5,12,400,"floor_sqrt_p",7,9,3,0.941326530612245
"HEME_vs_CONTROL",3,2,1,13,400,"floor_sqrt_p",2,10,3,0.931297709923664
"HEME_vs_CONTROL",3,2,1,13,400,"floor_sqrt_p",5,10,3,0.936386768447837
"HEME_vs_CONTROL",3,2,1,13,400,"floor_sqrt_p",7,10,3,0.931297709923664
"HEME_vs_CONTROL",3,2,2,13,400,"floor_sqrt_p",2,10,3,0.959287531806616
"HEME_vs_CONTROL",3,2,2,13,400,"floor_sqrt_p",5,10,3,0.959287531806616
"HEME_vs_CONTROL",3,2,2,13,400,"floor_sqrt_p",7,10,3,0.956743002544529
"HEME_vs_CONTROL",3,2,3,13,400,"floor_sqrt_p",2,10,3,0.946564885496183
"HEME_vs_CONTROL",3,2,3,13,400,"floor_sqrt_p",5,10,3,0.951653944020356
"HEME_vs_CONTROL",3,2,3,13,400,"floor_sqrt_p",7,10,3,0.946564885496183
"HEME_vs_CONTROL",3,2,4,13,400,"floor_sqrt_p",2,11,3,0.926020408163265
"HEME_vs_CONTROL",3,2,4,13,400,"floor_sqrt_p",5,11,3,0.926020408163265
"HEME_vs_CONTROL",3,2,4,13,400,"floor_sqrt_p",7,11,3,0.926020408163265
"HEME_vs_CONTROL",3,2,5,13,400,"floor_sqrt_p",2,10,3,0.938775510204082
"HEME_vs_CONTROL",3,2,5,13,400,"floor_sqrt_p",5,10,3,0.938775510204082
"HEME_vs_CONTROL",3,2,5,13,400,"floor_sqrt_p",7,10,3,0.936224489795918
"HEME_vs_CONTROL",3,2,1,14,400,"floor_sqrt_p",2,11,3,0.94147582697201
"HEME_vs_CONTROL",3,2,1,14,400,"floor_sqrt_p",5,11,3,0.946564885496183
"HEME_vs_CONTROL",3,2,1,14,400,"floor_sqrt_p",7,11,3,0.938931297709924
"HEME_vs_CONTROL",3,2,2,14,400,"floor_sqrt_p",2,11,3,0.938931297709924
"HEME_vs_CONTROL",3,2,2,14,400,"floor_sqrt_p",5,11,3,0.944020356234097
"HEME_vs_CONTROL",3,2,2,14,400,"floor_sqrt_p",7,11,3,0.938931297709924
"HEME_vs_CONTROL",3,2,3,14,400,"floor_sqrt_p",2,11,3,0.961832061068702
"HEME_vs_CONTROL",3,2,3,14,400,"floor_sqrt_p",5,11,3,0.964376590330789
"HEME_vs_CONTROL",3,2,3,14,400,"floor_sqrt_p",7,11,3,0.966921119592875
"HEME_vs_CONTROL",3,2,4,14,400,"floor_sqrt_p",2,11,3,0.936224489795918
"HEME_vs_CONTROL",3,2,4,14,400,"floor_sqrt_p",5,11,3,0.933673469387755
"HEME_vs_CONTROL",3,2,4,14,400,"floor_sqrt_p",7,11,3,0.928571428571429
"HEME_vs_CONTROL",3,2,5,14,400,"floor_sqrt_p",2,10,3,0.936224489795918
"HEME_vs_CONTROL",3,2,5,14,400,"floor_sqrt_p",5,10,3,0.933673469387755
"HEME_vs_CONTROL",3,2,5,14,400,"floor_sqrt_p",7,10,3,0.933673469387755
"HEME_vs_CONTROL",3,2,1,15,400,"floor_sqrt_p",2,11,3,0.933842239185751
"HEME_vs_CONTROL",3,2,1,15,400,"floor_sqrt_p",5,11,3,0.936386768447837
"HEME_vs_CONTROL",3,2,1,15,400,"floor_sqrt_p",7,11,3,0.936386768447837
"HEME_vs_CONTROL",3,2,2,15,400,"floor_sqrt_p",2,11,3,0.933842239185751
"HEME_vs_CONTROL",3,2,2,15,400,"floor_sqrt_p",5,11,3,0.936386768447837
"HEME_vs_CONTROL",3,2,2,15,400,"floor_sqrt_p",7,11,3,0.938931297709924
"HEME_vs_CONTROL",3,2,3,15,400,"floor_sqrt_p",2,11,3,0.94910941475827
"HEME_vs_CONTROL",3,2,3,15,400,"floor_sqrt_p",5,11,3,0.944020356234097
"HEME_vs_CONTROL",3,2,3,15,400,"floor_sqrt_p",7,11,3,0.944020356234097
"HEME_vs_CONTROL",3,2,4,15,400,"floor_sqrt_p",2,12,3,0.936224489795918
"HEME_vs_CONTROL",3,2,4,15,400,"floor_sqrt_p",5,12,3,0.938775510204082
"HEME_vs_CONTROL",3,2,4,15,400,"floor_sqrt_p",7,12,3,0.931122448979592
"HEME_vs_CONTROL",3,2,5,15,400,"floor_sqrt_p",2,11,3,0.938775510204082
"HEME_vs_CONTROL",3,2,5,15,400,"floor_sqrt_p",5,11,3,0.941326530612245
"HEME_vs_CONTROL",3,2,5,15,400,"floor_sqrt_p",7,11,3,0.941326530612245
"HEME_vs_CONTROL",3,2,1,16,400,"floor_sqrt_p",2,12,3,0.936386768447837
"HEME_vs_CONTROL",3,2,1,16,400,"floor_sqrt_p",5,12,3,0.938931297709924
"HEME_vs_CONTROL",3,2,1,16,400,"floor_sqrt_p",7,12,3,0.936386768447837
"HEME_vs_CONTROL",3,2,2,16,400,"floor_sqrt_p",2,12,3,0.944020356234097
"HEME_vs_CONTROL",3,2,2,16,400,"floor_sqrt_p",5,12,3,0.94910941475827
"HEME_vs_CONTROL",3,2,2,16,400,"floor_sqrt_p",7,12,3,0.944020356234097
"HEME_vs_CONTROL",3,2,3,16,400,"floor_sqrt_p",2,12,3,0.94910941475827
"HEME_vs_CONTROL",3,2,3,16,400,"floor_sqrt_p",5,12,3,0.954198473282443
"HEME_vs_CONTROL",3,2,3,16,400,"floor_sqrt_p",7,12,3,0.946564885496183
"HEME_vs_CONTROL",3,2,4,16,400,"floor_sqrt_p",2,12,3,0.931122448979592
"HEME_vs_CONTROL",3,2,4,16,400,"floor_sqrt_p",5,12,3,0.928571428571429
"HEME_vs_CONTROL",3,2,4,16,400,"floor_sqrt_p",7,12,3,0.931122448979592
"HEME_vs_CONTROL",3,2,5,16,400,"floor_sqrt_p",2,11,3,0.936224489795918
"HEME_vs_CONTROL",3,2,5,16,400,"floor_sqrt_p",5,11,3,0.936224489795918
"HEME_vs_CONTROL",3,2,5,16,400,"floor_sqrt_p",7,11,3,0.933673469387755
"HEME_vs_CONTROL",3,2,1,17,400,"floor_sqrt_p",2,12,3,0.923664122137405
"HEME_vs_CONTROL",3,2,1,17,400,"floor_sqrt_p",5,12,3,0.926208651399491
"HEME_vs_CONTROL",3,2,1,17,400,"floor_sqrt_p",7,12,3,0.921119592875318
"HEME_vs_CONTROL",3,2,2,17,400,"floor_sqrt_p",2,12,3,0.94147582697201
"HEME_vs_CONTROL",3,2,2,17,400,"floor_sqrt_p",5,12,3,0.944020356234097
"HEME_vs_CONTROL",3,2,2,17,400,"floor_sqrt_p",7,12,3,0.936386768447837
"HEME_vs_CONTROL",3,2,3,17,400,"floor_sqrt_p",2,12,3,0.954198473282443
"HEME_vs_CONTROL",3,2,3,17,400,"floor_sqrt_p",5,12,3,0.954198473282443
"HEME_vs_CONTROL",3,2,3,17,400,"floor_sqrt_p",7,12,3,0.94910941475827
"HEME_vs_CONTROL",3,2,4,17,400,"floor_sqrt_p",2,12,3,0.931122448979592
"HEME_vs_CONTROL",3,2,4,17,400,"floor_sqrt_p",5,12,3,0.926020408163265
"HEME_vs_CONTROL",3,2,4,17,400,"floor_sqrt_p",7,12,3,0.920918367346939
"HEME_vs_CONTROL",3,2,5,17,400,"floor_sqrt_p",2,12,3,0.933673469387755
"HEME_vs_CONTROL",3,2,5,17,400,"floor_sqrt_p",5,12,3,0.928571428571429
"HEME_vs_CONTROL",3,2,5,17,400,"floor_sqrt_p",7,12,3,0.928571428571429
"HEME_vs_CONTROL",3,2,1,18,400,"floor_sqrt_p",2,13,3,0.921119592875318
"HEME_vs_CONTROL",3,2,1,18,400,"floor_sqrt_p",5,13,3,0.921119592875318
"HEME_vs_CONTROL",3,2,1,18,400,"floor_sqrt_p",7,13,3,0.923664122137405
"HEME_vs_CONTROL",3,2,2,18,400,"floor_sqrt_p",2,12,3,0.938931297709924
"HEME_vs_CONTROL",3,2,2,18,400,"floor_sqrt_p",5,12,3,0.936386768447837
"HEME_vs_CONTROL",3,2,2,18,400,"floor_sqrt_p",7,12,3,0.936386768447837
"HEME_vs_CONTROL",3,2,3,18,400,"floor_sqrt_p",2,13,3,0.94910941475827
"HEME_vs_CONTROL",3,2,3,18,400,"floor_sqrt_p",5,13,3,0.946564885496183
"HEME_vs_CONTROL",3,2,3,18,400,"floor_sqrt_p",7,13,3,0.944020356234097
"HEME_vs_CONTROL",3,2,4,18,400,"floor_sqrt_p",2,13,3,0.933673469387755
"HEME_vs_CONTROL",3,2,4,18,400,"floor_sqrt_p",5,13,3,0.936224489795918
"HEME_vs_CONTROL",3,2,4,18,400,"floor_sqrt_p",7,13,3,0.933673469387755
"HEME_vs_CONTROL",3,2,5,18,400,"floor_sqrt_p",2,12,3,0.941326530612245
"HEME_vs_CONTROL",3,2,5,18,400,"floor_sqrt_p",5,12,3,0.941326530612245
"HEME_vs_CONTROL",3,2,5,18,400,"floor_sqrt_p",7,12,3,0.941326530612245
"HEME_vs_CONTROL",3,2,1,19,400,"floor_sqrt_p",2,13,3,0.928753180661578
"HEME_vs_CONTROL",3,2,1,19,400,"floor_sqrt_p",5,13,3,0.931297709923664
"HEME_vs_CONTROL",3,2,1,19,400,"floor_sqrt_p",7,13,3,0.928753180661578
"HEME_vs_CONTROL",3,2,2,19,400,"floor_sqrt_p",2,13,3,0.936386768447837
"HEME_vs_CONTROL",3,2,2,19,400,"floor_sqrt_p",5,13,3,0.938931297709924
"HEME_vs_CONTROL",3,2,2,19,400,"floor_sqrt_p",7,13,3,0.938931297709924
"HEME_vs_CONTROL",3,2,3,19,400,"floor_sqrt_p",2,13,3,0.951653944020356
"HEME_vs_CONTROL",3,2,3,19,400,"floor_sqrt_p",5,13,3,0.946564885496183
"HEME_vs_CONTROL",3,2,3,19,400,"floor_sqrt_p",7,13,3,0.94147582697201
"HEME_vs_CONTROL",3,2,4,19,400,"floor_sqrt_p",2,13,3,0.933673469387755
"HEME_vs_CONTROL",3,2,4,19,400,"floor_sqrt_p",5,13,3,0.936224489795918
"HEME_vs_CONTROL",3,2,4,19,400,"floor_sqrt_p",7,13,3,0.936224489795918
"HEME_vs_CONTROL",3,2,5,19,400,"floor_sqrt_p",2,12,3,0.928571428571429
"HEME_vs_CONTROL",3,2,5,19,400,"floor_sqrt_p",5,12,3,0.938775510204082
"HEME_vs_CONTROL",3,2,5,19,400,"floor_sqrt_p",7,12,3,0.933673469387755
"HEME_vs_CONTROL",3,2,1,20,400,"floor_sqrt_p",2,13,3,0.903307888040712
"HEME_vs_CONTROL",3,2,1,20,400,"floor_sqrt_p",5,13,3,0.908396946564885
"HEME_vs_CONTROL",3,2,1,20,400,"floor_sqrt_p",7,13,3,0.898218829516539
"HEME_vs_CONTROL",3,2,2,20,400,"floor_sqrt_p",2,13,3,0.944020356234097
"HEME_vs_CONTROL",3,2,2,20,400,"floor_sqrt_p",5,13,3,0.944020356234097
"HEME_vs_CONTROL",3,2,2,20,400,"floor_sqrt_p",7,13,3,0.946564885496183
"HEME_vs_CONTROL",3,2,3,20,400,"floor_sqrt_p",2,13,3,0.944020356234097
"HEME_vs_CONTROL",3,2,3,20,400,"floor_sqrt_p",5,13,3,0.94147582697201
"HEME_vs_CONTROL",3,2,3,20,400,"floor_sqrt_p",7,13,3,0.946564885496183
"HEME_vs_CONTROL",3,2,4,20,400,"floor_sqrt_p",2,13,3,0.926020408163265
"HEME_vs_CONTROL",3,2,4,20,400,"floor_sqrt_p",5,13,3,0.926020408163265
"HEME_vs_CONTROL",3,2,4,20,400,"floor_sqrt_p",7,13,3,0.918367346938776
"HEME_vs_CONTROL",3,2,5,20,400,"floor_sqrt_p",2,13,3,0.933673469387755
"HEME_vs_CONTROL",3,2,5,20,400,"floor_sqrt_p",5,13,3,0.933673469387755
"HEME_vs_CONTROL",3,2,5,20,400,"floor_sqrt_p",7,13,3,0.933673469387755
"HEME_vs_CONTROL",3,3,1,6,400,"floor_sqrt_p",2,5,2,0.931297709923664
"HEME_vs_CONTROL",3,3,1,6,400,"floor_sqrt_p",5,5,2,0.926208651399491
"HEME_vs_CONTROL",3,3,1,6,400,"floor_sqrt_p",7,5,2,0.926208651399491
"HEME_vs_CONTROL",3,3,2,6,400,"floor_sqrt_p",2,5,2,0.895674300254453
"HEME_vs_CONTROL",3,3,2,6,400,"floor_sqrt_p",5,5,2,0.893129770992366
"HEME_vs_CONTROL",3,3,2,6,400,"floor_sqrt_p",7,5,2,0.895674300254453
"HEME_vs_CONTROL",3,3,3,6,400,"floor_sqrt_p",2,5,2,0.926208651399491
"HEME_vs_CONTROL",3,3,3,6,400,"floor_sqrt_p",5,5,2,0.928753180661578
"HEME_vs_CONTROL",3,3,3,6,400,"floor_sqrt_p",7,5,2,0.926208651399491
"HEME_vs_CONTROL",3,3,4,6,400,"floor_sqrt_p",2,6,2,0.94910941475827
"HEME_vs_CONTROL",3,3,4,6,400,"floor_sqrt_p",5,6,2,0.951653944020356
"HEME_vs_CONTROL",3,3,4,6,400,"floor_sqrt_p",7,6,2,0.94910941475827
"HEME_vs_CONTROL",3,3,5,6,400,"floor_sqrt_p",2,6,2,0.931122448979592
"HEME_vs_CONTROL",3,3,5,6,400,"floor_sqrt_p",5,6,2,0.928571428571429
"HEME_vs_CONTROL",3,3,5,6,400,"floor_sqrt_p",7,6,2,0.920918367346939
"HEME_vs_CONTROL",3,3,1,7,400,"floor_sqrt_p",2,7,2,0.94910941475827
"HEME_vs_CONTROL",3,3,1,7,400,"floor_sqrt_p",5,7,2,0.946564885496183
"HEME_vs_CONTROL",3,3,1,7,400,"floor_sqrt_p",7,7,2,0.946564885496183
"HEME_vs_CONTROL",3,3,2,7,400,"floor_sqrt_p",2,7,2,0.908396946564885
"HEME_vs_CONTROL",3,3,2,7,400,"floor_sqrt_p",5,7,2,0.905852417302799
"HEME_vs_CONTROL",3,3,2,7,400,"floor_sqrt_p",7,7,2,0.910941475826972
"HEME_vs_CONTROL",3,3,3,7,400,"floor_sqrt_p",2,7,2,0.938931297709924
"HEME_vs_CONTROL",3,3,3,7,400,"floor_sqrt_p",5,7,2,0.94147582697201
"HEME_vs_CONTROL",3,3,3,7,400,"floor_sqrt_p",7,7,2,0.938931297709924
"HEME_vs_CONTROL",3,3,4,7,400,"floor_sqrt_p",2,7,2,0.94147582697201
"HEME_vs_CONTROL",3,3,4,7,400,"floor_sqrt_p",5,7,2,0.94147582697201
"HEME_vs_CONTROL",3,3,4,7,400,"floor_sqrt_p",7,7,2,0.94147582697201
"HEME_vs_CONTROL",3,3,5,7,400,"floor_sqrt_p",2,7,2,0.926020408163265
"HEME_vs_CONTROL",3,3,5,7,400,"floor_sqrt_p",5,7,2,0.928571428571429
"HEME_vs_CONTROL",3,3,5,7,400,"floor_sqrt_p",7,7,2,0.923469387755102
"HEME_vs_CONTROL",3,3,1,8,400,"floor_sqrt_p",2,7,2,0.936386768447837
"HEME_vs_CONTROL",3,3,1,8,400,"floor_sqrt_p",5,7,2,0.933842239185751
"HEME_vs_CONTROL",3,3,1,8,400,"floor_sqrt_p",7,7,2,0.933842239185751
"HEME_vs_CONTROL",3,3,2,8,400,"floor_sqrt_p",2,7,2,0.908396946564885
"HEME_vs_CONTROL",3,3,2,8,400,"floor_sqrt_p",5,7,2,0.913486005089059
"HEME_vs_CONTROL",3,3,2,8,400,"floor_sqrt_p",7,7,2,0.910941475826972
"HEME_vs_CONTROL",3,3,3,8,400,"floor_sqrt_p",2,7,2,0.933842239185751
"HEME_vs_CONTROL",3,3,3,8,400,"floor_sqrt_p",5,7,2,0.931297709923664
"HEME_vs_CONTROL",3,3,3,8,400,"floor_sqrt_p",7,7,2,0.938931297709924
"HEME_vs_CONTROL",3,3,4,8,400,"floor_sqrt_p",2,8,2,0.936386768447837
"HEME_vs_CONTROL",3,3,4,8,400,"floor_sqrt_p",5,8,2,0.936386768447837
"HEME_vs_CONTROL",3,3,4,8,400,"floor_sqrt_p",7,8,2,0.931297709923664
"HEME_vs_CONTROL",3,3,5,8,400,"floor_sqrt_p",2,8,2,0.926020408163265
"HEME_vs_CONTROL",3,3,5,8,400,"floor_sqrt_p",5,8,2,0.920918367346939
"HEME_vs_CONTROL",3,3,5,8,400,"floor_sqrt_p",7,8,2,0.920918367346939
"HEME_vs_CONTROL",3,3,1,9,400,"floor_sqrt_p",2,8,2,0.94147582697201
"HEME_vs_CONTROL",3,3,1,9,400,"floor_sqrt_p",5,8,2,0.94147582697201
"HEME_vs_CONTROL",3,3,1,9,400,"floor_sqrt_p",7,8,2,0.94147582697201
"HEME_vs_CONTROL",3,3,2,9,400,"floor_sqrt_p",2,8,2,0.918575063613232
"HEME_vs_CONTROL",3,3,2,9,400,"floor_sqrt_p",5,8,2,0.918575063613232
"HEME_vs_CONTROL",3,3,2,9,400,"floor_sqrt_p",7,8,2,0.921119592875318
"HEME_vs_CONTROL",3,3,3,9,400,"floor_sqrt_p",2,8,2,0.94910941475827
"HEME_vs_CONTROL",3,3,3,9,400,"floor_sqrt_p",5,8,2,0.951653944020356
"HEME_vs_CONTROL",3,3,3,9,400,"floor_sqrt_p",7,8,2,0.94910941475827
"HEME_vs_CONTROL",3,3,4,9,400,"floor_sqrt_p",2,9,3,0.928753180661578
"HEME_vs_CONTROL",3,3,4,9,400,"floor_sqrt_p",5,9,3,0.928753180661578
"HEME_vs_CONTROL",3,3,4,9,400,"floor_sqrt_p",7,9,3,0.928753180661578
"HEME_vs_CONTROL",3,3,5,9,400,"floor_sqrt_p",2,8,2,0.926020408163265
"HEME_vs_CONTROL",3,3,5,9,400,"floor_sqrt_p",5,8,2,0.926020408163265
"HEME_vs_CONTROL",3,3,5,9,400,"floor_sqrt_p",7,8,2,0.928571428571429
"HEME_vs_CONTROL",3,3,1,10,400,"floor_sqrt_p",2,9,3,0.944020356234097
"HEME_vs_CONTROL",3,3,1,10,400,"floor_sqrt_p",5,9,3,0.944020356234097
"HEME_vs_CONTROL",3,3,1,10,400,"floor_sqrt_p",7,9,3,0.944020356234097
"HEME_vs_CONTROL",3,3,2,10,400,"floor_sqrt_p",2,9,3,0.916030534351145
"HEME_vs_CONTROL",3,3,2,10,400,"floor_sqrt_p",5,9,3,0.916030534351145
"HEME_vs_CONTROL",3,3,2,10,400,"floor_sqrt_p",7,9,3,0.918575063613232
"HEME_vs_CONTROL",3,3,3,10,400,"floor_sqrt_p",2,9,3,0.94910941475827
"HEME_vs_CONTROL",3,3,3,10,400,"floor_sqrt_p",5,9,3,0.951653944020356
"HEME_vs_CONTROL",3,3,3,10,400,"floor_sqrt_p",7,9,3,0.94910941475827
"HEME_vs_CONTROL",3,3,4,10,400,"floor_sqrt_p",2,9,3,0.933842239185751
"HEME_vs_CONTROL",3,3,4,10,400,"floor_sqrt_p",5,9,3,0.931297709923664
"HEME_vs_CONTROL",3,3,4,10,400,"floor_sqrt_p",7,9,3,0.928753180661578
"HEME_vs_CONTROL",3,3,5,10,400,"floor_sqrt_p",2,9,3,0.915816326530612
"HEME_vs_CONTROL",3,3,5,10,400,"floor_sqrt_p",5,9,3,0.913265306122449
"HEME_vs_CONTROL",3,3,5,10,400,"floor_sqrt_p",7,9,3,0.913265306122449
"HEME_vs_CONTROL",3,3,1,11,400,"floor_sqrt_p",2,9,3,0.944020356234097
"HEME_vs_CONTROL",3,3,1,11,400,"floor_sqrt_p",5,9,3,0.946564885496183
"HEME_vs_CONTROL",3,3,1,11,400,"floor_sqrt_p",7,9,3,0.946564885496183
"HEME_vs_CONTROL",3,3,2,11,400,"floor_sqrt_p",2,9,3,0.926208651399491
"HEME_vs_CONTROL",3,3,2,11,400,"floor_sqrt_p",5,9,3,0.928753180661578
"HEME_vs_CONTROL",3,3,2,11,400,"floor_sqrt_p",7,9,3,0.921119592875318
"HEME_vs_CONTROL",3,3,3,11,400,"floor_sqrt_p",2,9,3,0.951653944020356
"HEME_vs_CONTROL",3,3,3,11,400,"floor_sqrt_p",5,9,3,0.951653944020356
"HEME_vs_CONTROL",3,3,3,11,400,"floor_sqrt_p",7,9,3,0.951653944020356
"HEME_vs_CONTROL",3,3,4,11,400,"floor_sqrt_p",2,10,3,0.94147582697201
"HEME_vs_CONTROL",3,3,4,11,400,"floor_sqrt_p",5,10,3,0.94147582697201
"HEME_vs_CONTROL",3,3,4,11,400,"floor_sqrt_p",7,10,3,0.94147582697201
"HEME_vs_CONTROL",3,3,5,11,400,"floor_sqrt_p",2,10,3,0.936224489795918
"HEME_vs_CONTROL",3,3,5,11,400,"floor_sqrt_p",5,10,3,0.931122448979592
"HEME_vs_CONTROL",3,3,5,11,400,"floor_sqrt_p",7,10,3,0.933673469387755
"HEME_vs_CONTROL",3,3,1,12,400,"floor_sqrt_p",2,10,3,0.946564885496183
"HEME_vs_CONTROL",3,3,1,12,400,"floor_sqrt_p",5,10,3,0.946564885496183
"HEME_vs_CONTROL",3,3,1,12,400,"floor_sqrt_p",7,10,3,0.946564885496183
"HEME_vs_CONTROL",3,3,2,12,400,"floor_sqrt_p",2,10,3,0.923664122137405
"HEME_vs_CONTROL",3,3,2,12,400,"floor_sqrt_p",5,10,3,0.923664122137405
"HEME_vs_CONTROL",3,3,2,12,400,"floor_sqrt_p",7,10,3,0.928753180661578
"HEME_vs_CONTROL",3,3,3,12,400,"floor_sqrt_p",2,10,3,0.954198473282443
"HEME_vs_CONTROL",3,3,3,12,400,"floor_sqrt_p",5,10,3,0.954198473282443
"HEME_vs_CONTROL",3,3,3,12,400,"floor_sqrt_p",7,10,3,0.94910941475827
"HEME_vs_CONTROL",3,3,4,12,400,"floor_sqrt_p",2,10,3,0.94910941475827
"HEME_vs_CONTROL",3,3,4,12,400,"floor_sqrt_p",5,10,3,0.94910941475827
"HEME_vs_CONTROL",3,3,4,12,400,"floor_sqrt_p",7,10,3,0.946564885496183
"HEME_vs_CONTROL",3,3,5,12,400,"floor_sqrt_p",2,10,3,0.936224489795918
"HEME_vs_CONTROL",3,3,5,12,400,"floor_sqrt_p",5,10,3,0.936224489795918
"HEME_vs_CONTROL",3,3,5,12,400,"floor_sqrt_p",7,10,3,0.941326530612245
"HEME_vs_CONTROL",3,3,1,13,400,"floor_sqrt_p",2,10,3,0.944020356234097
"HEME_vs_CONTROL",3,3,1,13,400,"floor_sqrt_p",5,10,3,0.944020356234097
"HEME_vs_CONTROL",3,3,1,13,400,"floor_sqrt_p",7,10,3,0.946564885496183
"HEME_vs_CONTROL",3,3,2,13,400,"floor_sqrt_p",2,10,3,0.921119592875318
"HEME_vs_CONTROL",3,3,2,13,400,"floor_sqrt_p",5,10,3,0.918575063613232
"HEME_vs_CONTROL",3,3,2,13,400,"floor_sqrt_p",7,10,3,0.918575063613232
"HEME_vs_CONTROL",3,3,3,13,400,"floor_sqrt_p",2,10,3,0.951653944020356
"HEME_vs_CONTROL",3,3,3,13,400,"floor_sqrt_p",5,10,3,0.951653944020356
"HEME_vs_CONTROL",3,3,3,13,400,"floor_sqrt_p",7,10,3,0.951653944020356
"HEME_vs_CONTROL",3,3,4,13,400,"floor_sqrt_p",2,11,3,0.946564885496183
"HEME_vs_CONTROL",3,3,4,13,400,"floor_sqrt_p",5,11,3,0.946564885496183
"HEME_vs_CONTROL",3,3,4,13,400,"floor_sqrt_p",7,11,3,0.94147582697201
"HEME_vs_CONTROL",3,3,5,13,400,"floor_sqrt_p",2,11,3,0.928571428571429
"HEME_vs_CONTROL",3,3,5,13,400,"floor_sqrt_p",5,11,3,0.933673469387755
"HEME_vs_CONTROL",3,3,5,13,400,"floor_sqrt_p",7,11,3,0.931122448979592
"HEME_vs_CONTROL",3,3,1,14,400,"floor_sqrt_p",2,11,3,0.946564885496183
"HEME_vs_CONTROL",3,3,1,14,400,"floor_sqrt_p",5,11,3,0.946564885496183
"HEME_vs_CONTROL",3,3,1,14,400,"floor_sqrt_p",7,11,3,0.944020356234097
"HEME_vs_CONTROL",3,3,2,14,400,"floor_sqrt_p",2,11,3,0.926208651399491
"HEME_vs_CONTROL",3,3,2,14,400,"floor_sqrt_p",5,11,3,0.926208651399491
"HEME_vs_CONTROL",3,3,2,14,400,"floor_sqrt_p",7,11,3,0.926208651399491
"HEME_vs_CONTROL",3,3,3,14,400,"floor_sqrt_p",2,11,3,0.946564885496183
"HEME_vs_CONTROL",3,3,3,14,400,"floor_sqrt_p",5,11,3,0.944020356234097
"HEME_vs_CONTROL",3,3,3,14,400,"floor_sqrt_p",7,11,3,0.944020356234097
"HEME_vs_CONTROL",3,3,4,14,400,"floor_sqrt_p",2,11,3,0.946564885496183
"HEME_vs_CONTROL",3,3,4,14,400,"floor_sqrt_p",5,11,3,0.94910941475827
"HEME_vs_CONTROL",3,3,4,14,400,"floor_sqrt_p",7,11,3,0.954198473282443
"HEME_vs_CONTROL",3,3,5,14,400,"floor_sqrt_p",2,11,3,0.928571428571429
"HEME_vs_CONTROL",3,3,5,14,400,"floor_sqrt_p",5,11,3,0.931122448979592
"HEME_vs_CONTROL",3,3,5,14,400,"floor_sqrt_p",7,11,3,0.931122448979592
"HEME_vs_CONTROL",3,3,1,15,400,"floor_sqrt_p",2,11,3,0.946564885496183
"HEME_vs_CONTROL",3,3,1,15,400,"floor_sqrt_p",5,11,3,0.944020356234097
"HEME_vs_CONTROL",3,3,1,15,400,"floor_sqrt_p",7,11,3,0.946564885496183
"HEME_vs_CONTROL",3,3,2,15,400,"floor_sqrt_p",2,11,3,0.921119592875318
"HEME_vs_CONTROL",3,3,2,15,400,"floor_sqrt_p",5,11,3,0.916030534351145
"HEME_vs_CONTROL",3,3,2,15,400,"floor_sqrt_p",7,11,3,0.916030534351145
"HEME_vs_CONTROL",3,3,3,15,400,"floor_sqrt_p",2,11,3,0.956743002544529
"HEME_vs_CONTROL",3,3,3,15,400,"floor_sqrt_p",5,11,3,0.956743002544529
"HEME_vs_CONTROL",3,3,3,15,400,"floor_sqrt_p",7,11,3,0.954198473282443
"HEME_vs_CONTROL",3,3,4,15,400,"floor_sqrt_p",2,12,3,0.956743002544529
"HEME_vs_CONTROL",3,3,4,15,400,"floor_sqrt_p",5,12,3,0.959287531806616
"HEME_vs_CONTROL",3,3,4,15,400,"floor_sqrt_p",7,12,3,0.954198473282443
"HEME_vs_CONTROL",3,3,5,15,400,"floor_sqrt_p",2,12,3,0.928571428571429
"HEME_vs_CONTROL",3,3,5,15,400,"floor_sqrt_p",5,12,3,0.928571428571429
"HEME_vs_CONTROL",3,3,5,15,400,"floor_sqrt_p",7,12,3,0.923469387755102
"HEME_vs_CONTROL",3,3,1,16,400,"floor_sqrt_p",2,12,3,0.94910941475827
"HEME_vs_CONTROL",3,3,1,16,400,"floor_sqrt_p",5,12,3,0.94910941475827
"HEME_vs_CONTROL",3,3,1,16,400,"floor_sqrt_p",7,12,3,0.94910941475827
"HEME_vs_CONTROL",3,3,2,16,400,"floor_sqrt_p",2,12,3,0.921119592875318
"HEME_vs_CONTROL",3,3,2,16,400,"floor_sqrt_p",5,12,3,0.918575063613232
"HEME_vs_CONTROL",3,3,2,16,400,"floor_sqrt_p",7,12,3,0.923664122137405
"HEME_vs_CONTROL",3,3,3,16,400,"floor_sqrt_p",2,12,3,0.94910941475827
"HEME_vs_CONTROL",3,3,3,16,400,"floor_sqrt_p",5,12,3,0.954198473282443
"HEME_vs_CONTROL",3,3,3,16,400,"floor_sqrt_p",7,12,3,0.951653944020356
"HEME_vs_CONTROL",3,3,4,16,400,"floor_sqrt_p",2,12,3,0.956743002544529
"HEME_vs_CONTROL",3,3,4,16,400,"floor_sqrt_p",5,12,3,0.954198473282443
"HEME_vs_CONTROL",3,3,4,16,400,"floor_sqrt_p",7,12,3,0.954198473282443
"HEME_vs_CONTROL",3,3,5,16,400,"floor_sqrt_p",2,12,3,0.915816326530612
"HEME_vs_CONTROL",3,3,5,16,400,"floor_sqrt_p",5,12,3,0.915816326530612
"HEME_vs_CONTROL",3,3,5,16,400,"floor_sqrt_p",7,12,3,0.918367346938776
"HEME_vs_CONTROL",3,3,1,17,400,"floor_sqrt_p",2,12,3,0.94147582697201
"HEME_vs_CONTROL",3,3,1,17,400,"floor_sqrt_p",5,12,3,0.94147582697201
"HEME_vs_CONTROL",3,3,1,17,400,"floor_sqrt_p",7,12,3,0.94147582697201
"HEME_vs_CONTROL",3,3,2,17,400,"floor_sqrt_p",2,12,3,0.921119592875318
"HEME_vs_CONTROL",3,3,2,17,400,"floor_sqrt_p",5,12,3,0.921119592875318
"HEME_vs_CONTROL",3,3,2,17,400,"floor_sqrt_p",7,12,3,0.916030534351145
"HEME_vs_CONTROL",3,3,3,17,400,"floor_sqrt_p",2,12,3,0.936386768447837
"HEME_vs_CONTROL",3,3,3,17,400,"floor_sqrt_p",5,12,3,0.931297709923664
"HEME_vs_CONTROL",3,3,3,17,400,"floor_sqrt_p",7,12,3,0.936386768447837
"HEME_vs_CONTROL",3,3,4,17,400,"floor_sqrt_p",2,13,3,0.923664122137405
"HEME_vs_CONTROL",3,3,4,17,400,"floor_sqrt_p",5,13,3,0.923664122137405
"HEME_vs_CONTROL",3,3,4,17,400,"floor_sqrt_p",7,13,3,0.923664122137405
"HEME_vs_CONTROL",3,3,5,17,400,"floor_sqrt_p",2,12,3,0.923469387755102
"HEME_vs_CONTROL",3,3,5,17,400,"floor_sqrt_p",5,12,3,0.918367346938776
"HEME_vs_CONTROL",3,3,5,17,400,"floor_sqrt_p",7,12,3,0.918367346938776
"HEME_vs_CONTROL",3,3,1,18,400,"floor_sqrt_p",2,12,3,0.94147582697201
"HEME_vs_CONTROL",3,3,1,18,400,"floor_sqrt_p",5,12,3,0.94147582697201
"HEME_vs_CONTROL",3,3,1,18,400,"floor_sqrt_p",7,12,3,0.938931297709924
"HEME_vs_CONTROL",3,3,2,18,400,"floor_sqrt_p",2,13,3,0.923664122137405
"HEME_vs_CONTROL",3,3,2,18,400,"floor_sqrt_p",5,13,3,0.923664122137405
"HEME_vs_CONTROL",3,3,2,18,400,"floor_sqrt_p",7,13,3,0.926208651399491
"HEME_vs_CONTROL",3,3,3,18,400,"floor_sqrt_p",2,12,3,0.933842239185751
"HEME_vs_CONTROL",3,3,3,18,400,"floor_sqrt_p",5,12,3,0.936386768447837
"HEME_vs_CONTROL",3,3,3,18,400,"floor_sqrt_p",7,12,3,0.936386768447837
"HEME_vs_CONTROL",3,3,4,18,400,"floor_sqrt_p",2,13,3,0.928753180661578
"HEME_vs_CONTROL",3,3,4,18,400,"floor_sqrt_p",5,13,3,0.928753180661578
"HEME_vs_CONTROL",3,3,4,18,400,"floor_sqrt_p",7,13,3,0.928753180661578
"HEME_vs_CONTROL",3,3,5,18,400,"floor_sqrt_p",2,13,3,0.918367346938776
"HEME_vs_CONTROL",3,3,5,18,400,"floor_sqrt_p",5,13,3,0.915816326530612
"HEME_vs_CONTROL",3,3,5,18,400,"floor_sqrt_p",7,13,3,0.920918367346939
"HEME_vs_CONTROL",3,3,1,19,400,"floor_sqrt_p",2,13,3,0.938931297709924
"HEME_vs_CONTROL",3,3,1,19,400,"floor_sqrt_p",5,13,3,0.938931297709924
"HEME_vs_CONTROL",3,3,1,19,400,"floor_sqrt_p",7,13,3,0.936386768447837
"HEME_vs_CONTROL",3,3,2,19,400,"floor_sqrt_p",2,13,3,0.926208651399491
"HEME_vs_CONTROL",3,3,2,19,400,"floor_sqrt_p",5,13,3,0.923664122137405
"HEME_vs_CONTROL",3,3,2,19,400,"floor_sqrt_p",7,13,3,0.926208651399491
"HEME_vs_CONTROL",3,3,3,19,400,"floor_sqrt_p",2,13,3,0.938931297709924
"HEME_vs_CONTROL",3,3,3,19,400,"floor_sqrt_p",5,13,3,0.931297709923664
"HEME_vs_CONTROL",3,3,3,19,400,"floor_sqrt_p",7,13,3,0.933842239185751
"HEME_vs_CONTROL",3,3,4,19,400,"floor_sqrt_p",2,13,3,0.936386768447837
"HEME_vs_CONTROL",3,3,4,19,400,"floor_sqrt_p",5,13,3,0.933842239185751
"HEME_vs_CONTROL",3,3,4,19,400,"floor_sqrt_p",7,13,3,0.931297709923664
"HEME_vs_CONTROL",3,3,5,19,400,"floor_sqrt_p",2,13,3,0.918367346938776
"HEME_vs_CONTROL",3,3,5,19,400,"floor_sqrt_p",5,13,3,0.915816326530612
"HEME_vs_CONTROL",3,3,5,19,400,"floor_sqrt_p",7,13,3,0.910714285714286
"HEME_vs_CONTROL",3,3,1,20,400,"floor_sqrt_p",2,13,3,0.944020356234097
"HEME_vs_CONTROL",3,3,1,20,400,"floor_sqrt_p",5,13,3,0.94147582697201
"HEME_vs_CONTROL",3,3,1,20,400,"floor_sqrt_p",7,13,3,0.94147582697201
"HEME_vs_CONTROL",3,3,2,20,400,"floor_sqrt_p",2,13,3,0.931297709923664
"HEME_vs_CONTROL",3,3,2,20,400,"floor_sqrt_p",5,13,3,0.926208651399491
"HEME_vs_CONTROL",3,3,2,20,400,"floor_sqrt_p",7,13,3,0.928753180661578
"HEME_vs_CONTROL",3,3,3,20,400,"floor_sqrt_p",2,13,3,0.928753180661578
"HEME_vs_CONTROL",3,3,3,20,400,"floor_sqrt_p",5,13,3,0.933842239185751
"HEME_vs_CONTROL",3,3,3,20,400,"floor_sqrt_p",7,13,3,0.936386768447837
"HEME_vs_CONTROL",3,3,4,20,400,"floor_sqrt_p",2,13,3,0.931297709923664
"HEME_vs_CONTROL",3,3,4,20,400,"floor_sqrt_p",5,13,3,0.928753180661578
"HEME_vs_CONTROL",3,3,4,20,400,"floor_sqrt_p",7,13,3,0.933842239185751
"HEME_vs_CONTROL",3,3,5,20,400,"floor_sqrt_p",2,13,3,0.918367346938776
"HEME_vs_CONTROL",3,3,5,20,400,"floor_sqrt_p",5,13,3,0.920918367346939
"HEME_vs_CONTROL",3,3,5,20,400,"floor_sqrt_p",7,13,3,0.915816326530612
"HEME_vs_CONTROL",3,4,1,6,400,"floor_sqrt_p",2,5,2,0.890862944162436
"HEME_vs_CONTROL",3,4,1,6,400,"floor_sqrt_p",5,5,2,0.890862944162436
"HEME_vs_CONTROL",3,4,1,6,400,"floor_sqrt_p",7,5,2,0.893401015228426
"HEME_vs_CONTROL",3,4,2,6,400,"floor_sqrt_p",2,5,2,0.918575063613232
"HEME_vs_CONTROL",3,4,2,6,400,"floor_sqrt_p",5,5,2,0.913486005089059
"HEME_vs_CONTROL",3,4,2,6,400,"floor_sqrt_p",7,5,2,0.918575063613232
"HEME_vs_CONTROL",3,4,3,6,400,"floor_sqrt_p",2,5,2,0.923664122137405
"HEME_vs_CONTROL",3,4,3,6,400,"floor_sqrt_p",5,5,2,0.923664122137405
"HEME_vs_CONTROL",3,4,3,6,400,"floor_sqrt_p",7,5,2,0.928753180661578
"HEME_vs_CONTROL",3,4,4,6,400,"floor_sqrt_p",2,6,2,0.923664122137405
"HEME_vs_CONTROL",3,4,4,6,400,"floor_sqrt_p",5,6,2,0.926208651399491
"HEME_vs_CONTROL",3,4,4,6,400,"floor_sqrt_p",7,6,2,0.923664122137405
"HEME_vs_CONTROL",3,4,5,6,400,"floor_sqrt_p",2,5,2,0.933673469387755
"HEME_vs_CONTROL",3,4,5,6,400,"floor_sqrt_p",5,5,2,0.936224489795918
"HEME_vs_CONTROL",3,4,5,6,400,"floor_sqrt_p",7,5,2,0.936224489795918
"HEME_vs_CONTROL",3,4,1,7,400,"floor_sqrt_p",2,6,2,0.903553299492386
"HEME_vs_CONTROL",3,4,1,7,400,"floor_sqrt_p",5,6,2,0.906091370558376
"HEME_vs_CONTROL",3,4,1,7,400,"floor_sqrt_p",7,6,2,0.901015228426396
"HEME_vs_CONTROL",3,4,2,7,400,"floor_sqrt_p",2,7,2,0.928753180661578
"HEME_vs_CONTROL",3,4,2,7,400,"floor_sqrt_p",5,7,2,0.931297709923664
"HEME_vs_CONTROL",3,4,2,7,400,"floor_sqrt_p",7,7,2,0.928753180661578
"HEME_vs_CONTROL",3,4,3,7,400,"floor_sqrt_p",2,6,2,0.931297709923664
"HEME_vs_CONTROL",3,4,3,7,400,"floor_sqrt_p",5,6,2,0.933842239185751
"HEME_vs_CONTROL",3,4,3,7,400,"floor_sqrt_p",7,6,2,0.936386768447837
"HEME_vs_CONTROL",3,4,4,7,400,"floor_sqrt_p",2,7,2,0.923664122137405
"HEME_vs_CONTROL",3,4,4,7,400,"floor_sqrt_p",5,7,2,0.921119592875318
"HEME_vs_CONTROL",3,4,4,7,400,"floor_sqrt_p",7,7,2,0.923664122137405
"HEME_vs_CONTROL",3,4,5,7,400,"floor_sqrt_p",2,6,2,0.948979591836735
"HEME_vs_CONTROL",3,4,5,7,400,"floor_sqrt_p",5,6,2,0.951530612244898
"HEME_vs_CONTROL",3,4,5,7,400,"floor_sqrt_p",7,6,2,0.948979591836735
"HEME_vs_CONTROL",3,4,1,8,400,"floor_sqrt_p",2,7,2,0.908629441624365
"HEME_vs_CONTROL",3,4,1,8,400,"floor_sqrt_p",5,7,2,0.911167512690355
"HEME_vs_CONTROL",3,4,1,8,400,"floor_sqrt_p",7,7,2,0.906091370558376
"HEME_vs_CONTROL",3,4,2,8,400,"floor_sqrt_p",2,7,2,0.928753180661578
"HEME_vs_CONTROL",3,4,2,8,400,"floor_sqrt_p",5,7,2,0.926208651399491
"HEME_vs_CONTROL",3,4,2,8,400,"floor_sqrt_p",7,7,2,0.926208651399491
"HEME_vs_CONTROL",3,4,3,8,400,"floor_sqrt_p",2,7,2,0.928753180661578
"HEME_vs_CONTROL",3,4,3,8,400,"floor_sqrt_p",5,7,2,0.928753180661578
"HEME_vs_CONTROL",3,4,3,8,400,"floor_sqrt_p",7,7,2,0.931297709923664
"HEME_vs_CONTROL",3,4,4,8,400,"floor_sqrt_p",2,8,2,0.916030534351145
"HEME_vs_CONTROL",3,4,4,8,400,"floor_sqrt_p",5,8,2,0.916030534351145
"HEME_vs_CONTROL",3,4,4,8,400,"floor_sqrt_p",7,8,2,0.918575063613232
"HEME_vs_CONTROL",3,4,5,8,400,"floor_sqrt_p",2,7,2,0.956632653061224
"HEME_vs_CONTROL",3,4,5,8,400,"floor_sqrt_p",5,7,2,0.954081632653061
"HEME_vs_CONTROL",3,4,5,8,400,"floor_sqrt_p",7,7,2,0.956632653061224
"HEME_vs_CONTROL",3,4,1,9,400,"floor_sqrt_p",2,8,2,0.898477157360406
"HEME_vs_CONTROL",3,4,1,9,400,"floor_sqrt_p",5,8,2,0.898477157360406
"HEME_vs_CONTROL",3,4,1,9,400,"floor_sqrt_p",7,8,2,0.898477157360406
"HEME_vs_CONTROL",3,4,2,9,400,"floor_sqrt_p",2,8,2,0.946564885496183
"HEME_vs_CONTROL",3,4,2,9,400,"floor_sqrt_p",5,8,2,0.94910941475827
"HEME_vs_CONTROL",3,4,2,9,400,"floor_sqrt_p",7,8,2,0.946564885496183
"HEME_vs_CONTROL",3,4,3,9,400,"floor_sqrt_p",2,8,2,0.936386768447837
"HEME_vs_CONTROL",3,4,3,9,400,"floor_sqrt_p",5,8,2,0.931297709923664
"HEME_vs_CONTROL",3,4,3,9,400,"floor_sqrt_p",7,8,2,0.931297709923664
"HEME_vs_CONTROL",3,4,4,9,400,"floor_sqrt_p",2,8,2,0.928753180661578
"HEME_vs_CONTROL",3,4,4,9,400,"floor_sqrt_p",5,8,2,0.928753180661578
"HEME_vs_CONTROL",3,4,4,9,400,"floor_sqrt_p",7,8,2,0.926208651399491
"HEME_vs_CONTROL",3,4,5,9,400,"floor_sqrt_p",2,8,2,0.956632653061224
"HEME_vs_CONTROL",3,4,5,9,400,"floor_sqrt_p",5,8,2,0.954081632653061
"HEME_vs_CONTROL",3,4,5,9,400,"floor_sqrt_p",7,8,2,0.954081632653061
"HEME_vs_CONTROL",3,4,1,10,400,"floor_sqrt_p",2,8,2,0.903553299492386
"HEME_vs_CONTROL",3,4,1,10,400,"floor_sqrt_p",5,8,2,0.906091370558376
"HEME_vs_CONTROL",3,4,1,10,400,"floor_sqrt_p",7,8,2,0.901015228426396
"HEME_vs_CONTROL",3,4,2,10,400,"floor_sqrt_p",2,9,3,0.94147582697201
"HEME_vs_CONTROL",3,4,2,10,400,"floor_sqrt_p",5,9,3,0.933842239185751
"HEME_vs_CONTROL",3,4,2,10,400,"floor_sqrt_p",7,9,3,0.94147582697201
"HEME_vs_CONTROL",3,4,3,10,400,"floor_sqrt_p",2,8,2,0.933842239185751
"HEME_vs_CONTROL",3,4,3,10,400,"floor_sqrt_p",5,8,2,0.928753180661578
"HEME_vs_CONTROL",3,4,3,10,400,"floor_sqrt_p",7,8,2,0.931297709923664
"HEME_vs_CONTROL",3,4,4,10,400,"floor_sqrt_p",2,9,3,0.931297709923664
"HEME_vs_CONTROL",3,4,4,10,400,"floor_sqrt_p",5,9,3,0.928753180661578
"HEME_vs_CONTROL",3,4,4,10,400,"floor_sqrt_p",7,9,3,0.931297709923664
"HEME_vs_CONTROL",3,4,5,10,400,"floor_sqrt_p",2,8,2,0.959183673469388
"HEME_vs_CONTROL",3,4,5,10,400,"floor_sqrt_p",5,8,2,0.959183673469388
"HEME_vs_CONTROL",3,4,5,10,400,"floor_sqrt_p",7,8,2,0.956632653061224
"HEME_vs_CONTROL",3,4,1,11,400,"floor_sqrt_p",2,9,3,0.916243654822335
"HEME_vs_CONTROL",3,4,1,11,400,"floor_sqrt_p",5,9,3,0.913705583756345
"HEME_vs_CONTROL",3,4,1,11,400,"floor_sqrt_p",7,9,3,0.916243654822335
"HEME_vs_CONTROL",3,4,2,11,400,"floor_sqrt_p",2,9,3,0.94147582697201
"HEME_vs_CONTROL",3,4,2,11,400,"floor_sqrt_p",5,9,3,0.94147582697201
"HEME_vs_CONTROL",3,4,2,11,400,"floor_sqrt_p",7,9,3,0.944020356234097
"HEME_vs_CONTROL",3,4,3,11,400,"floor_sqrt_p",2,9,3,0.946564885496183
"HEME_vs_CONTROL",3,4,3,11,400,"floor_sqrt_p",5,9,3,0.94910941475827
"HEME_vs_CONTROL",3,4,3,11,400,"floor_sqrt_p",7,9,3,0.94910941475827
"HEME_vs_CONTROL",3,4,4,11,400,"floor_sqrt_p",2,10,3,0.94147582697201
"HEME_vs_CONTROL",3,4,4,11,400,"floor_sqrt_p",5,10,3,0.938931297709924
"HEME_vs_CONTROL",3,4,4,11,400,"floor_sqrt_p",7,10,3,0.938931297709924
"HEME_vs_CONTROL",3,4,5,11,400,"floor_sqrt_p",2,9,3,0.951530612244898
"HEME_vs_CONTROL",3,4,5,11,400,"floor_sqrt_p",5,9,3,0.941326530612245
"HEME_vs_CONTROL",3,4,5,11,400,"floor_sqrt_p",7,9,3,0.941326530612245
"HEME_vs_CONTROL",3,4,1,12,400,"floor_sqrt_p",2,9,3,0.906091370558376
"HEME_vs_CONTROL",3,4,1,12,400,"floor_sqrt_p",5,9,3,0.913705583756345
"HEME_vs_CONTROL",3,4,1,12,400,"floor_sqrt_p",7,9,3,0.901015228426396
"HEME_vs_CONTROL",3,4,2,12,400,"floor_sqrt_p",2,10,3,0.94910941475827
"HEME_vs_CONTROL",3,4,2,12,400,"floor_sqrt_p",5,10,3,0.94910941475827
"HEME_vs_CONTROL",3,4,2,12,400,"floor_sqrt_p",7,10,3,0.94910941475827
"HEME_vs_CONTROL",3,4,3,12,400,"floor_sqrt_p",2,9,3,0.956743002544529
"HEME_vs_CONTROL",3,4,3,12,400,"floor_sqrt_p",5,9,3,0.951653944020356
"HEME_vs_CONTROL",3,4,3,12,400,"floor_sqrt_p",7,9,3,0.951653944020356
"HEME_vs_CONTROL",3,4,4,12,400,"floor_sqrt_p",2,10,3,0.94910941475827
"HEME_vs_CONTROL",3,4,4,12,400,"floor_sqrt_p",5,10,3,0.94910941475827
"HEME_vs_CONTROL",3,4,4,12,400,"floor_sqrt_p",7,10,3,0.946564885496183
"HEME_vs_CONTROL",3,4,5,12,400,"floor_sqrt_p",2,9,3,0.954081632653061
"HEME_vs_CONTROL",3,4,5,12,400,"floor_sqrt_p",5,9,3,0.948979591836735
"HEME_vs_CONTROL",3,4,5,12,400,"floor_sqrt_p",7,9,3,0.946428571428571
"HEME_vs_CONTROL",3,4,1,13,400,"floor_sqrt_p",2,10,3,0.911167512690355
"HEME_vs_CONTROL",3,4,1,13,400,"floor_sqrt_p",5,10,3,0.913705583756345
"HEME_vs_CONTROL",3,4,1,13,400,"floor_sqrt_p",7,10,3,0.916243654822335
"HEME_vs_CONTROL",3,4,2,13,400,"floor_sqrt_p",2,10,3,0.94910941475827
"HEME_vs_CONTROL",3,4,2,13,400,"floor_sqrt_p",5,10,3,0.946564885496183
"HEME_vs_CONTROL",3,4,2,13,400,"floor_sqrt_p",7,10,3,0.94147582697201
"HEME_vs_CONTROL",3,4,3,13,400,"floor_sqrt_p",2,10,3,0.951653944020356
"HEME_vs_CONTROL",3,4,3,13,400,"floor_sqrt_p",5,10,3,0.954198473282443
"HEME_vs_CONTROL",3,4,3,13,400,"floor_sqrt_p",7,10,3,0.951653944020356
"HEME_vs_CONTROL",3,4,4,13,400,"floor_sqrt_p",2,11,3,0.938931297709924
"HEME_vs_CONTROL",3,4,4,13,400,"floor_sqrt_p",5,11,3,0.936386768447837
"HEME_vs_CONTROL",3,4,4,13,400,"floor_sqrt_p",7,11,3,0.938931297709924
"HEME_vs_CONTROL",3,4,5,13,400,"floor_sqrt_p",2,10,3,0.948979591836735
"HEME_vs_CONTROL",3,4,5,13,400,"floor_sqrt_p",5,10,3,0.943877551020408
"HEME_vs_CONTROL",3,4,5,13,400,"floor_sqrt_p",7,10,3,0.948979591836735
"HEME_vs_CONTROL",3,4,1,14,400,"floor_sqrt_p",2,10,3,0.913705583756345
"HEME_vs_CONTROL",3,4,1,14,400,"floor_sqrt_p",5,10,3,0.916243654822335
"HEME_vs_CONTROL",3,4,1,14,400,"floor_sqrt_p",7,10,3,0.916243654822335
"HEME_vs_CONTROL",3,4,2,14,400,"floor_sqrt_p",2,11,3,0.94910941475827
"HEME_vs_CONTROL",3,4,2,14,400,"floor_sqrt_p",5,11,3,0.951653944020356
"HEME_vs_CONTROL",3,4,2,14,400,"floor_sqrt_p",7,11,3,0.951653944020356
"HEME_vs_CONTROL",3,4,3,14,400,"floor_sqrt_p",2,11,3,0.94147582697201
"HEME_vs_CONTROL",3,4,3,14,400,"floor_sqrt_p",5,11,3,0.936386768447837
"HEME_vs_CONTROL",3,4,3,14,400,"floor_sqrt_p",7,11,3,0.94147582697201
"HEME_vs_CONTROL",3,4,4,14,400,"floor_sqrt_p",2,11,3,0.946564885496183
"HEME_vs_CONTROL",3,4,4,14,400,"floor_sqrt_p",5,11,3,0.946564885496183
"HEME_vs_CONTROL",3,4,4,14,400,"floor_sqrt_p",7,11,3,0.944020356234097
"HEME_vs_CONTROL",3,4,5,14,400,"floor_sqrt_p",2,10,3,0.959183673469388
"HEME_vs_CONTROL",3,4,5,14,400,"floor_sqrt_p",5,10,3,0.961734693877551
"HEME_vs_CONTROL",3,4,5,14,400,"floor_sqrt_p",7,10,3,0.959183673469388
"HEME_vs_CONTROL",3,4,1,15,400,"floor_sqrt_p",2,11,3,0.918781725888325
"HEME_vs_CONTROL",3,4,1,15,400,"floor_sqrt_p",5,11,3,0.913705583756345
"HEME_vs_CONTROL",3,4,1,15,400,"floor_sqrt_p",7,11,3,0.913705583756345
"HEME_vs_CONTROL",3,4,2,15,400,"floor_sqrt_p",2,11,3,0.938931297709924
"HEME_vs_CONTROL",3,4,2,15,400,"floor_sqrt_p",5,11,3,0.94147582697201
"HEME_vs_CONTROL",3,4,2,15,400,"floor_sqrt_p",7,11,3,0.946564885496183
"HEME_vs_CONTROL",3,4,3,15,400,"floor_sqrt_p",2,11,3,0.938931297709924
"HEME_vs_CONTROL",3,4,3,15,400,"floor_sqrt_p",5,11,3,0.936386768447837
"HEME_vs_CONTROL",3,4,3,15,400,"floor_sqrt_p",7,11,3,0.933842239185751
"HEME_vs_CONTROL",3,4,4,15,400,"floor_sqrt_p",2,12,3,0.94147582697201
"HEME_vs_CONTROL",3,4,4,15,400,"floor_sqrt_p",5,12,3,0.94147582697201
"HEME_vs_CONTROL",3,4,4,15,400,"floor_sqrt_p",7,12,3,0.94147582697201
"HEME_vs_CONTROL",3,4,5,15,400,"floor_sqrt_p",2,11,3,0.961734693877551
"HEME_vs_CONTROL",3,4,5,15,400,"floor_sqrt_p",5,11,3,0.964285714285714
"HEME_vs_CONTROL",3,4,5,15,400,"floor_sqrt_p",7,11,3,0.954081632653061
"HEME_vs_CONTROL",3,4,1,16,400,"floor_sqrt_p",2,11,3,0.923857868020305
"HEME_vs_CONTROL",3,4,1,16,400,"floor_sqrt_p",5,11,3,0.926395939086294
"HEME_vs_CONTROL",3,4,1,16,400,"floor_sqrt_p",7,11,3,0.921319796954315
"HEME_vs_CONTROL",3,4,2,16,400,"floor_sqrt_p",2,12,3,0.94147582697201
"HEME_vs_CONTROL",3,4,2,16,400,"floor_sqrt_p",5,12,3,0.94147582697201
"HEME_vs_CONTROL",3,4,2,16,400,"floor_sqrt_p",7,12,3,0.938931297709924
"HEME_vs_CONTROL",3,4,3,16,400,"floor_sqrt_p",2,11,3,0.933842239185751
"HEME_vs_CONTROL",3,4,3,16,400,"floor_sqrt_p",5,11,3,0.926208651399491
"HEME_vs_CONTROL",3,4,3,16,400,"floor_sqrt_p",7,11,3,0.928753180661578
"HEME_vs_CONTROL",3,4,4,16,400,"floor_sqrt_p",2,12,3,0.944020356234097
"HEME_vs_CONTROL",3,4,4,16,400,"floor_sqrt_p",5,12,3,0.936386768447837
"HEME_vs_CONTROL",3,4,4,16,400,"floor_sqrt_p",7,12,3,0.938931297709924
"HEME_vs_CONTROL",3,4,5,16,400,"floor_sqrt_p",2,11,3,0.961734693877551
"HEME_vs_CONTROL",3,4,5,16,400,"floor_sqrt_p",5,11,3,0.961734693877551
"HEME_vs_CONTROL",3,4,5,16,400,"floor_sqrt_p",7,11,3,0.961734693877551
"HEME_vs_CONTROL",3,4,1,17,400,"floor_sqrt_p",2,12,3,0.903553299492386
"HEME_vs_CONTROL",3,4,1,17,400,"floor_sqrt_p",5,12,3,0.908629441624365
"HEME_vs_CONTROL",3,4,1,17,400,"floor_sqrt_p",7,12,3,0.903553299492386
"HEME_vs_CONTROL",3,4,2,17,400,"floor_sqrt_p",2,12,3,0.94147582697201
"HEME_vs_CONTROL",3,4,2,17,400,"floor_sqrt_p",5,12,3,0.944020356234097
"HEME_vs_CONTROL",3,4,2,17,400,"floor_sqrt_p",7,12,3,0.94147582697201
"HEME_vs_CONTROL",3,4,3,17,400,"floor_sqrt_p",2,12,3,0.921119592875318
"HEME_vs_CONTROL",3,4,3,17,400,"floor_sqrt_p",5,12,3,0.921119592875318
"HEME_vs_CONTROL",3,4,3,17,400,"floor_sqrt_p",7,12,3,0.923664122137405
"HEME_vs_CONTROL",3,4,4,17,400,"floor_sqrt_p",2,13,3,0.94147582697201
"HEME_vs_CONTROL",3,4,4,17,400,"floor_sqrt_p",5,13,3,0.938931297709924
"HEME_vs_CONTROL",3,4,4,17,400,"floor_sqrt_p",7,13,3,0.936386768447837
"HEME_vs_CONTROL",3,4,5,17,400,"floor_sqrt_p",2,12,3,0.959183673469388
"HEME_vs_CONTROL",3,4,5,17,400,"floor_sqrt_p",5,12,3,0.956632653061224
"HEME_vs_CONTROL",3,4,5,17,400,"floor_sqrt_p",7,12,3,0.956632653061224
"HEME_vs_CONTROL",3,4,1,18,400,"floor_sqrt_p",2,12,3,0.901015228426396
"HEME_vs_CONTROL",3,4,1,18,400,"floor_sqrt_p",5,12,3,0.898477157360406
"HEME_vs_CONTROL",3,4,1,18,400,"floor_sqrt_p",7,12,3,0.901015228426396
"HEME_vs_CONTROL",3,4,2,18,400,"floor_sqrt_p",2,13,3,0.938931297709924
"HEME_vs_CONTROL",3,4,2,18,400,"floor_sqrt_p",5,13,3,0.931297709923664
"HEME_vs_CONTROL",3,4,2,18,400,"floor_sqrt_p",7,13,3,0.931297709923664
"HEME_vs_CONTROL",3,4,3,18,400,"floor_sqrt_p",2,12,3,0.928753180661578
"HEME_vs_CONTROL",3,4,3,18,400,"floor_sqrt_p",5,12,3,0.918575063613232
"HEME_vs_CONTROL",3,4,3,18,400,"floor_sqrt_p",7,12,3,0.918575063613232
"HEME_vs_CONTROL",3,4,4,18,400,"floor_sqrt_p",2,13,3,0.94147582697201
"HEME_vs_CONTROL",3,4,4,18,400,"floor_sqrt_p",5,13,3,0.94147582697201
"HEME_vs_CONTROL",3,4,4,18,400,"floor_sqrt_p",7,13,3,0.936386768447837
"HEME_vs_CONTROL",3,4,5,18,400,"floor_sqrt_p",2,12,3,0.948979591836735
"HEME_vs_CONTROL",3,4,5,18,400,"floor_sqrt_p",5,12,3,0.951530612244898
"HEME_vs_CONTROL",3,4,5,18,400,"floor_sqrt_p",7,12,3,0.951530612244898
"HEME_vs_CONTROL",3,4,1,19,400,"floor_sqrt_p",2,12,3,0.895939086294416
"HEME_vs_CONTROL",3,4,1,19,400,"floor_sqrt_p",5,12,3,0.898477157360406
"HEME_vs_CONTROL",3,4,1,19,400,"floor_sqrt_p",7,12,3,0.895939086294416
"HEME_vs_CONTROL",3,4,2,19,400,"floor_sqrt_p",2,13,3,0.931297709923664
"HEME_vs_CONTROL",3,4,2,19,400,"floor_sqrt_p",5,13,3,0.931297709923664
"HEME_vs_CONTROL",3,4,2,19,400,"floor_sqrt_p",7,13,3,0.926208651399491
"HEME_vs_CONTROL",3,4,3,19,400,"floor_sqrt_p",2,12,3,0.931297709923664
"HEME_vs_CONTROL",3,4,3,19,400,"floor_sqrt_p",5,12,3,0.921119592875318
"HEME_vs_CONTROL",3,4,3,19,400,"floor_sqrt_p",7,12,3,0.926208651399491
"HEME_vs_CONTROL",3,4,4,19,400,"floor_sqrt_p",2,13,3,0.938931297709924
"HEME_vs_CONTROL",3,4,4,19,400,"floor_sqrt_p",5,13,3,0.94147582697201
"HEME_vs_CONTROL",3,4,4,19,400,"floor_sqrt_p",7,13,3,0.938931297709924
"HEME_vs_CONTROL",3,4,5,19,400,"floor_sqrt_p",2,12,3,0.956632653061224
"HEME_vs_CONTROL",3,4,5,19,400,"floor_sqrt_p",5,12,3,0.948979591836735
"HEME_vs_CONTROL",3,4,5,19,400,"floor_sqrt_p",7,12,3,0.948979591836735
"HEME_vs_CONTROL",3,4,1,20,400,"floor_sqrt_p",2,13,3,0.890862944162436
"HEME_vs_CONTROL",3,4,1,20,400,"floor_sqrt_p",5,13,3,0.893401015228426
"HEME_vs_CONTROL",3,4,1,20,400,"floor_sqrt_p",7,13,3,0.898477157360406
"HEME_vs_CONTROL",3,4,2,20,400,"floor_sqrt_p",2,13,3,0.938931297709924
"HEME_vs_CONTROL",3,4,2,20,400,"floor_sqrt_p",5,13,3,0.946564885496183
"HEME_vs_CONTROL",3,4,2,20,400,"floor_sqrt_p",7,13,3,0.931297709923664
"HEME_vs_CONTROL",3,4,3,20,400,"floor_sqrt_p",2,13,3,0.923664122137405
"HEME_vs_CONTROL",3,4,3,20,400,"floor_sqrt_p",5,13,3,0.921119592875318
"HEME_vs_CONTROL",3,4,3,20,400,"floor_sqrt_p",7,13,3,0.923664122137405
"HEME_vs_CONTROL",3,4,4,20,400,"floor_sqrt_p",2,14,3,0.933842239185751
"HEME_vs_CONTROL",3,4,4,20,400,"floor_sqrt_p",5,14,3,0.936386768447837
"HEME_vs_CONTROL",3,4,4,20,400,"floor_sqrt_p",7,14,3,0.938931297709924
"HEME_vs_CONTROL",3,4,5,20,400,"floor_sqrt_p",2,12,3,0.946428571428571
"HEME_vs_CONTROL",3,4,5,20,400,"floor_sqrt_p",5,12,3,0.946428571428571
"HEME_vs_CONTROL",3,4,5,20,400,"floor_sqrt_p",7,12,3,0.943877551020408
"HEME_vs_CONTROL",3,5,1,6,400,"floor_sqrt_p",2,5,2,0.926395939086294
"HEME_vs_CONTROL",3,5,1,6,400,"floor_sqrt_p",5,5,2,0.931472081218274
"HEME_vs_CONTROL",3,5,1,6,400,"floor_sqrt_p",7,5,2,0.928934010152284
"HEME_vs_CONTROL",3,5,2,6,400,"floor_sqrt_p",2,5,2,0.933842239185751
"HEME_vs_CONTROL",3,5,2,6,400,"floor_sqrt_p",5,5,2,0.944020356234097
"HEME_vs_CONTROL",3,5,2,6,400,"floor_sqrt_p",7,5,2,0.94147582697201
"HEME_vs_CONTROL",3,5,3,6,400,"floor_sqrt_p",2,5,2,0.923664122137405
"HEME_vs_CONTROL",3,5,3,6,400,"floor_sqrt_p",5,5,2,0.923664122137405
"HEME_vs_CONTROL",3,5,3,6,400,"floor_sqrt_p",7,5,2,0.926208651399491
"HEME_vs_CONTROL",3,5,4,6,400,"floor_sqrt_p",2,5,2,0.926208651399491
"HEME_vs_CONTROL",3,5,4,6,400,"floor_sqrt_p",5,5,2,0.916030534351145
"HEME_vs_CONTROL",3,5,4,6,400,"floor_sqrt_p",7,5,2,0.923664122137405
"HEME_vs_CONTROL",3,5,5,6,400,"floor_sqrt_p",2,5,2,0.923469387755102
"HEME_vs_CONTROL",3,5,5,6,400,"floor_sqrt_p",5,5,2,0.928571428571429
"HEME_vs_CONTROL",3,5,5,6,400,"floor_sqrt_p",7,5,2,0.920918367346939
"HEME_vs_CONTROL",3,5,1,7,400,"floor_sqrt_p",2,6,2,0.944162436548223
"HEME_vs_CONTROL",3,5,1,7,400,"floor_sqrt_p",5,6,2,0.944162436548223
"HEME_vs_CONTROL",3,5,1,7,400,"floor_sqrt_p",7,6,2,0.944162436548223
"HEME_vs_CONTROL",3,5,2,7,400,"floor_sqrt_p",2,6,2,0.94910941475827
"HEME_vs_CONTROL",3,5,2,7,400,"floor_sqrt_p",5,6,2,0.944020356234097
"HEME_vs_CONTROL",3,5,2,7,400,"floor_sqrt_p",7,6,2,0.94910941475827
"HEME_vs_CONTROL",3,5,3,7,400,"floor_sqrt_p",2,6,2,0.936386768447837
"HEME_vs_CONTROL",3,5,3,7,400,"floor_sqrt_p",5,6,2,0.938931297709924
"HEME_vs_CONTROL",3,5,3,7,400,"floor_sqrt_p",7,6,2,0.936386768447837
"HEME_vs_CONTROL",3,5,4,7,400,"floor_sqrt_p",2,7,2,0.936386768447837
"HEME_vs_CONTROL",3,5,4,7,400,"floor_sqrt_p",5,7,2,0.94147582697201
"HEME_vs_CONTROL",3,5,4,7,400,"floor_sqrt_p",7,7,2,0.936386768447837
"HEME_vs_CONTROL",3,5,5,7,400,"floor_sqrt_p",2,6,2,0.918367346938776
"HEME_vs_CONTROL",3,5,5,7,400,"floor_sqrt_p",5,6,2,0.923469387755102
"HEME_vs_CONTROL",3,5,5,7,400,"floor_sqrt_p",7,6,2,0.920918367346939
"HEME_vs_CONTROL",3,5,1,8,400,"floor_sqrt_p",2,7,2,0.936548223350254
"HEME_vs_CONTROL",3,5,1,8,400,"floor_sqrt_p",5,7,2,0.941624365482233
"HEME_vs_CONTROL",3,5,1,8,400,"floor_sqrt_p",7,7,2,0.939086294416244
"HEME_vs_CONTROL",3,5,2,8,400,"floor_sqrt_p",2,7,2,0.94147582697201
"HEME_vs_CONTROL",3,5,2,8,400,"floor_sqrt_p",5,7,2,0.944020356234097
"HEME_vs_CONTROL",3,5,2,8,400,"floor_sqrt_p",7,7,2,0.94147582697201
"HEME_vs_CONTROL",3,5,3,8,400,"floor_sqrt_p",2,7,2,0.931297709923664
"HEME_vs_CONTROL",3,5,3,8,400,"floor_sqrt_p",5,7,2,0.931297709923664
"HEME_vs_CONTROL",3,5,3,8,400,"floor_sqrt_p",7,7,2,0.931297709923664
"HEME_vs_CONTROL",3,5,4,8,400,"floor_sqrt_p",2,7,2,0.938931297709924
"HEME_vs_CONTROL",3,5,4,8,400,"floor_sqrt_p",5,7,2,0.936386768447837
"HEME_vs_CONTROL",3,5,4,8,400,"floor_sqrt_p",7,7,2,0.933842239185751
"HEME_vs_CONTROL",3,5,5,8,400,"floor_sqrt_p",2,7,2,0.928571428571429
"HEME_vs_CONTROL",3,5,5,8,400,"floor_sqrt_p",5,7,2,0.920918367346939
"HEME_vs_CONTROL",3,5,5,8,400,"floor_sqrt_p",7,7,2,0.923469387755102
"HEME_vs_CONTROL",3,5,1,9,400,"floor_sqrt_p",2,8,2,0.944162436548223
"HEME_vs_CONTROL",3,5,1,9,400,"floor_sqrt_p",5,8,2,0.941624365482233
"HEME_vs_CONTROL",3,5,1,9,400,"floor_sqrt_p",7,8,2,0.939086294416244
"HEME_vs_CONTROL",3,5,2,9,400,"floor_sqrt_p",2,7,2,0.944020356234097
"HEME_vs_CONTROL",3,5,2,9,400,"floor_sqrt_p",5,7,2,0.944020356234097
"HEME_vs_CONTROL",3,5,2,9,400,"floor_sqrt_p",7,7,2,0.944020356234097
"HEME_vs_CONTROL",3,5,3,9,400,"floor_sqrt_p",2,8,2,0.938931297709924
"HEME_vs_CONTROL",3,5,3,9,400,"floor_sqrt_p",5,8,2,0.938931297709924
"HEME_vs_CONTROL",3,5,3,9,400,"floor_sqrt_p",7,8,2,0.936386768447837
"HEME_vs_CONTROL",3,5,4,9,400,"floor_sqrt_p",2,8,2,0.928753180661578
"HEME_vs_CONTROL",3,5,4,9,400,"floor_sqrt_p",5,8,2,0.931297709923664
"HEME_vs_CONTROL",3,5,4,9,400,"floor_sqrt_p",7,8,2,0.926208651399491
"HEME_vs_CONTROL",3,5,5,9,400,"floor_sqrt_p",2,8,2,0.923469387755102
"HEME_vs_CONTROL",3,5,5,9,400,"floor_sqrt_p",5,8,2,0.923469387755102
"HEME_vs_CONTROL",3,5,5,9,400,"floor_sqrt_p",7,8,2,0.923469387755102
"HEME_vs_CONTROL",3,5,1,10,400,"floor_sqrt_p",2,8,2,0.946700507614213
"HEME_vs_CONTROL",3,5,1,10,400,"floor_sqrt_p",5,8,2,0.946700507614213
"HEME_vs_CONTROL",3,5,1,10,400,"floor_sqrt_p",7,8,2,0.944162436548223
"HEME_vs_CONTROL",3,5,2,10,400,"floor_sqrt_p",2,8,2,0.944020356234097
"HEME_vs_CONTROL",3,5,2,10,400,"floor_sqrt_p",5,8,2,0.94147582697201
"HEME_vs_CONTROL",3,5,2,10,400,"floor_sqrt_p",7,8,2,0.94147582697201
"HEME_vs_CONTROL",3,5,3,10,400,"floor_sqrt_p",2,8,2,0.928753180661578
"HEME_vs_CONTROL",3,5,3,10,400,"floor_sqrt_p",5,8,2,0.926208651399491
"HEME_vs_CONTROL",3,5,3,10,400,"floor_sqrt_p",7,8,2,0.926208651399491
"HEME_vs_CONTROL",3,5,4,10,400,"floor_sqrt_p",2,9,3,0.918575063613232
"HEME_vs_CONTROL",3,5,4,10,400,"floor_sqrt_p",5,9,3,0.921119592875318
"HEME_vs_CONTROL",3,5,4,10,400,"floor_sqrt_p",7,9,3,0.918575063613232
"HEME_vs_CONTROL",3,5,5,10,400,"floor_sqrt_p",2,8,2,0.926020408163265
"HEME_vs_CONTROL",3,5,5,10,400,"floor_sqrt_p",5,8,2,0.923469387755102
"HEME_vs_CONTROL",3,5,5,10,400,"floor_sqrt_p",7,8,2,0.923469387755102
"HEME_vs_CONTROL",3,5,1,11,400,"floor_sqrt_p",2,9,3,0.954314720812183
"HEME_vs_CONTROL",3,5,1,11,400,"floor_sqrt_p",5,9,3,0.951776649746193
"HEME_vs_CONTROL",3,5,1,11,400,"floor_sqrt_p",7,9,3,0.951776649746193
"HEME_vs_CONTROL",3,5,2,11,400,"floor_sqrt_p",2,9,3,0.944020356234097
"HEME_vs_CONTROL",3,5,2,11,400,"floor_sqrt_p",5,9,3,0.944020356234097
"HEME_vs_CONTROL",3,5,2,11,400,"floor_sqrt_p",7,9,3,0.944020356234097
"HEME_vs_CONTROL",3,5,3,11,400,"floor_sqrt_p",2,9,3,0.94147582697201
"HEME_vs_CONTROL",3,5,3,11,400,"floor_sqrt_p",5,9,3,0.94147582697201
"HEME_vs_CONTROL",3,5,3,11,400,"floor_sqrt_p",7,9,3,0.94147582697201
"HEME_vs_CONTROL",3,5,4,11,400,"floor_sqrt_p",2,9,3,0.928753180661578
"HEME_vs_CONTROL",3,5,4,11,400,"floor_sqrt_p",5,9,3,0.933842239185751
"HEME_vs_CONTROL",3,5,4,11,400,"floor_sqrt_p",7,9,3,0.933842239185751
"HEME_vs_CONTROL",3,5,5,11,400,"floor_sqrt_p",2,9,3,0.938775510204082
"HEME_vs_CONTROL",3,5,5,11,400,"floor_sqrt_p",5,9,3,0.936224489795918
"HEME_vs_CONTROL",3,5,5,11,400,"floor_sqrt_p",7,9,3,0.931122448979592
"HEME_vs_CONTROL",3,5,1,12,400,"floor_sqrt_p",2,9,3,0.951776649746193
"HEME_vs_CONTROL",3,5,1,12,400,"floor_sqrt_p",5,9,3,0.956852791878173
"HEME_vs_CONTROL",3,5,1,12,400,"floor_sqrt_p",7,9,3,0.951776649746193
"HEME_vs_CONTROL",3,5,2,12,400,"floor_sqrt_p",2,9,3,0.94147582697201
"HEME_vs_CONTROL",3,5,2,12,400,"floor_sqrt_p",5,9,3,0.94147582697201
"HEME_vs_CONTROL",3,5,2,12,400,"floor_sqrt_p",7,9,3,0.94147582697201
"HEME_vs_CONTROL",3,5,3,12,400,"floor_sqrt_p",2,9,3,0.946564885496183
"HEME_vs_CONTROL",3,5,3,12,400,"floor_sqrt_p",5,9,3,0.94910941475827
"HEME_vs_CONTROL",3,5,3,12,400,"floor_sqrt_p",7,9,3,0.944020356234097
"HEME_vs_CONTROL",3,5,4,12,400,"floor_sqrt_p",2,10,3,0.946564885496183
"HEME_vs_CONTROL",3,5,4,12,400,"floor_sqrt_p",5,10,3,0.94910941475827
"HEME_vs_CONTROL",3,5,4,12,400,"floor_sqrt_p",7,10,3,0.94910941475827
"HEME_vs_CONTROL",3,5,5,12,400,"floor_sqrt_p",2,9,3,0.941326530612245
"HEME_vs_CONTROL",3,5,5,12,400,"floor_sqrt_p",5,9,3,0.943877551020408
"HEME_vs_CONTROL",3,5,5,12,400,"floor_sqrt_p",7,9,3,0.941326530612245
"HEME_vs_CONTROL",3,5,1,13,400,"floor_sqrt_p",2,10,3,0.944162436548223
"HEME_vs_CONTROL",3,5,1,13,400,"floor_sqrt_p",5,10,3,0.949238578680203
"HEME_vs_CONTROL",3,5,1,13,400,"floor_sqrt_p",7,10,3,0.946700507614213
"HEME_vs_CONTROL",3,5,2,13,400,"floor_sqrt_p",2,10,3,0.94910941475827
"HEME_vs_CONTROL",3,5,2,13,400,"floor_sqrt_p",5,10,3,0.951653944020356
"HEME_vs_CONTROL",3,5,2,13,400,"floor_sqrt_p",7,10,3,0.944020356234097
"HEME_vs_CONTROL",3,5,3,13,400,"floor_sqrt_p",2,10,3,0.944020356234097
"HEME_vs_CONTROL",3,5,3,13,400,"floor_sqrt_p",5,10,3,0.944020356234097
"HEME_vs_CONTROL",3,5,3,13,400,"floor_sqrt_p",7,10,3,0.944020356234097
"HEME_vs_CONTROL",3,5,4,13,400,"floor_sqrt_p",2,10,3,0.951653944020356
"HEME_vs_CONTROL",3,5,4,13,400,"floor_sqrt_p",5,10,3,0.94910941475827
"HEME_vs_CONTROL",3,5,4,13,400,"floor_sqrt_p",7,10,3,0.94147582697201
"HEME_vs_CONTROL",3,5,5,13,400,"floor_sqrt_p",2,10,3,0.936224489795918
"HEME_vs_CONTROL",3,5,5,13,400,"floor_sqrt_p",5,10,3,0.941326530612245
"HEME_vs_CONTROL",3,5,5,13,400,"floor_sqrt_p",7,10,3,0.936224489795918
"HEME_vs_CONTROL",3,5,1,14,400,"floor_sqrt_p",2,11,3,0.951776649746193
"HEME_vs_CONTROL",3,5,1,14,400,"floor_sqrt_p",5,11,3,0.946700507614213
"HEME_vs_CONTROL",3,5,1,14,400,"floor_sqrt_p",7,11,3,0.946700507614213
"HEME_vs_CONTROL",3,5,2,14,400,"floor_sqrt_p",2,10,3,0.936386768447837
"HEME_vs_CONTROL",3,5,2,14,400,"floor_sqrt_p",5,10,3,0.938931297709924
"HEME_vs_CONTROL",3,5,2,14,400,"floor_sqrt_p",7,10,3,0.933842239185751
"HEME_vs_CONTROL",3,5,3,14,400,"floor_sqrt_p",2,10,3,0.951653944020356
"HEME_vs_CONTROL",3,5,3,14,400,"floor_sqrt_p",5,10,3,0.938931297709924
"HEME_vs_CONTROL",3,5,3,14,400,"floor_sqrt_p",7,10,3,0.94147582697201
"HEME_vs_CONTROL",3,5,4,14,400,"floor_sqrt_p",2,11,3,0.954198473282443
"HEME_vs_CONTROL",3,5,4,14,400,"floor_sqrt_p",5,11,3,0.954198473282443
"HEME_vs_CONTROL",3,5,4,14,400,"floor_sqrt_p",7,11,3,0.954198473282443
"HEME_vs_CONTROL",3,5,5,14,400,"floor_sqrt_p",2,10,3,0.938775510204082
"HEME_vs_CONTROL",3,5,5,14,400,"floor_sqrt_p",5,10,3,0.936224489795918
"HEME_vs_CONTROL",3,5,5,14,400,"floor_sqrt_p",7,10,3,0.936224489795918
"HEME_vs_CONTROL",3,5,1,15,400,"floor_sqrt_p",2,11,3,0.956852791878173
"HEME_vs_CONTROL",3,5,1,15,400,"floor_sqrt_p",5,11,3,0.949238578680203
"HEME_vs_CONTROL",3,5,1,15,400,"floor_sqrt_p",7,11,3,0.954314720812183
"HEME_vs_CONTROL",3,5,2,15,400,"floor_sqrt_p",2,11,3,0.933842239185751
"HEME_vs_CONTROL",3,5,2,15,400,"floor_sqrt_p",5,11,3,0.933842239185751
"HEME_vs_CONTROL",3,5,2,15,400,"floor_sqrt_p",7,11,3,0.931297709923664
"HEME_vs_CONTROL",3,5,3,15,400,"floor_sqrt_p",2,11,3,0.94910941475827
"HEME_vs_CONTROL",3,5,3,15,400,"floor_sqrt_p",5,11,3,0.94910941475827
"HEME_vs_CONTROL",3,5,3,15,400,"floor_sqrt_p",7,11,3,0.94910941475827
"HEME_vs_CONTROL",3,5,4,15,400,"floor_sqrt_p",2,11,3,0.959287531806616
"HEME_vs_CONTROL",3,5,4,15,400,"floor_sqrt_p",5,11,3,0.961832061068702
"HEME_vs_CONTROL",3,5,4,15,400,"floor_sqrt_p",7,11,3,0.94910941475827
"HEME_vs_CONTROL",3,5,5,15,400,"floor_sqrt_p",2,11,3,0.936224489795918
"HEME_vs_CONTROL",3,5,5,15,400,"floor_sqrt_p",5,11,3,0.926020408163265
"HEME_vs_CONTROL",3,5,5,15,400,"floor_sqrt_p",7,11,3,0.926020408163265
"HEME_vs_CONTROL",3,5,1,16,400,"floor_sqrt_p",2,11,3,0.934010152284264
"HEME_vs_CONTROL",3,5,1,16,400,"floor_sqrt_p",5,11,3,0.931472081218274
"HEME_vs_CONTROL",3,5,1,16,400,"floor_sqrt_p",7,11,3,0.936548223350254
"HEME_vs_CONTROL",3,5,2,16,400,"floor_sqrt_p",2,11,3,0.926208651399491
"HEME_vs_CONTROL",3,5,2,16,400,"floor_sqrt_p",5,11,3,0.928753180661578
"HEME_vs_CONTROL",3,5,2,16,400,"floor_sqrt_p",7,11,3,0.928753180661578
"HEME_vs_CONTROL",3,5,3,16,400,"floor_sqrt_p",2,11,3,0.94910941475827
"HEME_vs_CONTROL",3,5,3,16,400,"floor_sqrt_p",5,11,3,0.94910941475827
"HEME_vs_CONTROL",3,5,3,16,400,"floor_sqrt_p",7,11,3,0.944020356234097
"HEME_vs_CONTROL",3,5,4,16,400,"floor_sqrt_p",2,12,3,0.946564885496183
"HEME_vs_CONTROL",3,5,4,16,400,"floor_sqrt_p",5,12,3,0.946564885496183
"HEME_vs_CONTROL",3,5,4,16,400,"floor_sqrt_p",7,12,3,0.946564885496183
"HEME_vs_CONTROL",3,5,5,16,400,"floor_sqrt_p",2,11,3,0.938775510204082
"HEME_vs_CONTROL",3,5,5,16,400,"floor_sqrt_p",5,11,3,0.928571428571429
"HEME_vs_CONTROL",3,5,5,16,400,"floor_sqrt_p",7,11,3,0.931122448979592
"HEME_vs_CONTROL",3,5,1,17,400,"floor_sqrt_p",2,12,3,0.918781725888325
"HEME_vs_CONTROL",3,5,1,17,400,"floor_sqrt_p",5,12,3,0.918781725888325
"HEME_vs_CONTROL",3,5,1,17,400,"floor_sqrt_p",7,12,3,0.918781725888325
"HEME_vs_CONTROL",3,5,2,17,400,"floor_sqrt_p",2,12,3,0.936386768447837
"HEME_vs_CONTROL",3,5,2,17,400,"floor_sqrt_p",5,12,3,0.933842239185751
"HEME_vs_CONTROL",3,5,2,17,400,"floor_sqrt_p",7,12,3,0.938931297709924
"HEME_vs_CONTROL",3,5,3,17,400,"floor_sqrt_p",2,12,3,0.936386768447837
"HEME_vs_CONTROL",3,5,3,17,400,"floor_sqrt_p",5,12,3,0.936386768447837
"HEME_vs_CONTROL",3,5,3,17,400,"floor_sqrt_p",7,12,3,0.936386768447837
"HEME_vs_CONTROL",3,5,4,17,400,"floor_sqrt_p",2,12,3,0.938931297709924
"HEME_vs_CONTROL",3,5,4,17,400,"floor_sqrt_p",5,12,3,0.938931297709924
"HEME_vs_CONTROL",3,5,4,17,400,"floor_sqrt_p",7,12,3,0.938931297709924
"HEME_vs_CONTROL",3,5,5,17,400,"floor_sqrt_p",2,12,3,0.926020408163265
"HEME_vs_CONTROL",3,5,5,17,400,"floor_sqrt_p",5,12,3,0.923469387755102
"HEME_vs_CONTROL",3,5,5,17,400,"floor_sqrt_p",7,12,3,0.923469387755102
"HEME_vs_CONTROL",3,5,1,18,400,"floor_sqrt_p",2,12,3,0.923857868020305
"HEME_vs_CONTROL",3,5,1,18,400,"floor_sqrt_p",5,12,3,0.923857868020305
"HEME_vs_CONTROL",3,5,1,18,400,"floor_sqrt_p",7,12,3,0.928934010152284
"HEME_vs_CONTROL",3,5,2,18,400,"floor_sqrt_p",2,12,3,0.94147582697201
"HEME_vs_CONTROL",3,5,2,18,400,"floor_sqrt_p",5,12,3,0.936386768447837
"HEME_vs_CONTROL",3,5,2,18,400,"floor_sqrt_p",7,12,3,0.936386768447837
"HEME_vs_CONTROL",3,5,3,18,400,"floor_sqrt_p",2,12,3,0.936386768447837
"HEME_vs_CONTROL",3,5,3,18,400,"floor_sqrt_p",5,12,3,0.936386768447837
"HEME_vs_CONTROL",3,5,3,18,400,"floor_sqrt_p",7,12,3,0.936386768447837
"HEME_vs_CONTROL",3,5,4,18,400,"floor_sqrt_p",2,12,3,0.936386768447837
"HEME_vs_CONTROL",3,5,4,18,400,"floor_sqrt_p",5,12,3,0.938931297709924
"HEME_vs_CONTROL",3,5,4,18,400,"floor_sqrt_p",7,12,3,0.936386768447837
"HEME_vs_CONTROL",3,5,5,18,400,"floor_sqrt_p",2,12,3,0.918367346938776
"HEME_vs_CONTROL",3,5,5,18,400,"floor_sqrt_p",5,12,3,0.920918367346939
"HEME_vs_CONTROL",3,5,5,18,400,"floor_sqrt_p",7,12,3,0.918367346938776
"HEME_vs_CONTROL",3,5,1,19,400,"floor_sqrt_p",2,13,3,0.934010152284264
"HEME_vs_CONTROL",3,5,1,19,400,"floor_sqrt_p",5,13,3,0.931472081218274
"HEME_vs_CONTROL",3,5,1,19,400,"floor_sqrt_p",7,13,3,0.926395939086294
"HEME_vs_CONTROL",3,5,2,19,400,"floor_sqrt_p",2,12,3,0.94147582697201
"HEME_vs_CONTROL",3,5,2,19,400,"floor_sqrt_p",5,12,3,0.933842239185751
"HEME_vs_CONTROL",3,5,2,19,400,"floor_sqrt_p",7,12,3,0.938931297709924
"HEME_vs_CONTROL",3,5,3,19,400,"floor_sqrt_p",2,12,3,0.933842239185751
"HEME_vs_CONTROL",3,5,3,19,400,"floor_sqrt_p",5,12,3,0.931297709923664
"HEME_vs_CONTROL",3,5,3,19,400,"floor_sqrt_p",7,12,3,0.928753180661578
"HEME_vs_CONTROL",3,5,4,19,400,"floor_sqrt_p",2,13,3,0.938931297709924
"HEME_vs_CONTROL",3,5,4,19,400,"floor_sqrt_p",5,13,3,0.94147582697201
"HEME_vs_CONTROL",3,5,4,19,400,"floor_sqrt_p",7,13,3,0.946564885496183
"HEME_vs_CONTROL",3,5,5,19,400,"floor_sqrt_p",2,12,3,0.926020408163265
"HEME_vs_CONTROL",3,5,5,19,400,"floor_sqrt_p",5,12,3,0.928571428571429
"HEME_vs_CONTROL",3,5,5,19,400,"floor_sqrt_p",7,12,3,0.926020408163265
"HEME_vs_CONTROL",3,5,1,20,400,"floor_sqrt_p",2,13,3,0.934010152284264
"HEME_vs_CONTROL",3,5,1,20,400,"floor_sqrt_p",5,13,3,0.923857868020305
"HEME_vs_CONTROL",3,5,1,20,400,"floor_sqrt_p",7,13,3,0.926395939086294
"HEME_vs_CONTROL",3,5,2,20,400,"floor_sqrt_p",2,13,3,0.938931297709924
"HEME_vs_CONTROL",3,5,2,20,400,"floor_sqrt_p",5,13,3,0.938931297709924
"HEME_vs_CONTROL",3,5,2,20,400,"floor_sqrt_p",7,13,3,0.938931297709924
"HEME_vs_CONTROL",3,5,3,20,400,"floor_sqrt_p",2,12,3,0.933842239185751
"HEME_vs_CONTROL",3,5,3,20,400,"floor_sqrt_p",5,12,3,0.938931297709924
"HEME_vs_CONTROL",3,5,3,20,400,"floor_sqrt_p",7,12,3,0.936386768447837
"HEME_vs_CONTROL",3,5,4,20,400,"floor_sqrt_p",2,13,3,0.928753180661578
"HEME_vs_CONTROL",3,5,4,20,400,"floor_sqrt_p",5,13,3,0.931297709923664
"HEME_vs_CONTROL",3,5,4,20,400,"floor_sqrt_p",7,13,3,0.931297709923664
"HEME_vs_CONTROL",3,5,5,20,400,"floor_sqrt_p",2,13,3,0.923469387755102
"HEME_vs_CONTROL",3,5,5,20,400,"floor_sqrt_p",5,13,3,0.923469387755102
"HEME_vs_CONTROL",3,5,5,20,400,"floor_sqrt_p",7,13,3,0.918367346938776
"HEME_vs_CONTROL",4,1,1,6,400,"floor_sqrt_p",2,5,2,0.923664122137405
"HEME_vs_CONTROL",4,1,1,6,400,"floor_sqrt_p",5,5,2,0.921119592875318
"HEME_vs_CONTROL",4,1,1,6,400,"floor_sqrt_p",7,5,2,0.923664122137405
"HEME_vs_CONTROL",4,1,2,6,400,"floor_sqrt_p",2,6,2,0.921119592875318
"HEME_vs_CONTROL",4,1,2,6,400,"floor_sqrt_p",5,6,2,0.921119592875318
"HEME_vs_CONTROL",4,1,2,6,400,"floor_sqrt_p",7,6,2,0.928753180661578
"HEME_vs_CONTROL",4,1,3,6,400,"floor_sqrt_p",2,5,2,0.931297709923664
"HEME_vs_CONTROL",4,1,3,6,400,"floor_sqrt_p",5,5,2,0.94147582697201
"HEME_vs_CONTROL",4,1,3,6,400,"floor_sqrt_p",7,5,2,0.936386768447837
"HEME_vs_CONTROL",4,1,4,6,400,"floor_sqrt_p",2,6,2,0.926020408163265
"HEME_vs_CONTROL",4,1,4,6,400,"floor_sqrt_p",5,6,2,0.926020408163265
"HEME_vs_CONTROL",4,1,4,6,400,"floor_sqrt_p",7,6,2,0.931122448979592
"HEME_vs_CONTROL",4,1,5,6,400,"floor_sqrt_p",2,5,2,0.928571428571429
"HEME_vs_CONTROL",4,1,5,6,400,"floor_sqrt_p",5,5,2,0.928571428571429
"HEME_vs_CONTROL",4,1,5,6,400,"floor_sqrt_p",7,5,2,0.928571428571429
"HEME_vs_CONTROL",4,1,1,7,400,"floor_sqrt_p",2,6,2,0.933842239185751
"HEME_vs_CONTROL",4,1,1,7,400,"floor_sqrt_p",5,6,2,0.933842239185751
"HEME_vs_CONTROL",4,1,1,7,400,"floor_sqrt_p",7,6,2,0.936386768447837
"HEME_vs_CONTROL",4,1,2,7,400,"floor_sqrt_p",2,7,2,0.923664122137405
"HEME_vs_CONTROL",4,1,2,7,400,"floor_sqrt_p",5,7,2,0.923664122137405
"HEME_vs_CONTROL",4,1,2,7,400,"floor_sqrt_p",7,7,2,0.918575063613232
"HEME_vs_CONTROL",4,1,3,7,400,"floor_sqrt_p",2,6,2,0.94910941475827
"HEME_vs_CONTROL",4,1,3,7,400,"floor_sqrt_p",5,6,2,0.94910941475827
"HEME_vs_CONTROL",4,1,3,7,400,"floor_sqrt_p",7,6,2,0.951653944020356
"HEME_vs_CONTROL",4,1,4,7,400,"floor_sqrt_p",2,7,2,0.928571428571429
"HEME_vs_CONTROL",4,1,4,7,400,"floor_sqrt_p",5,7,2,0.926020408163265
"HEME_vs_CONTROL",4,1,4,7,400,"floor_sqrt_p",7,7,2,0.926020408163265
"HEME_vs_CONTROL",4,1,5,7,400,"floor_sqrt_p",2,6,2,0.946428571428571
"HEME_vs_CONTROL",4,1,5,7,400,"floor_sqrt_p",5,6,2,0.946428571428571
"HEME_vs_CONTROL",4,1,5,7,400,"floor_sqrt_p",7,6,2,0.941326530612245
"HEME_vs_CONTROL",4,1,1,8,400,"floor_sqrt_p",2,7,2,0.931297709923664
"HEME_vs_CONTROL",4,1,1,8,400,"floor_sqrt_p",5,7,2,0.938931297709924
"HEME_vs_CONTROL",4,1,1,8,400,"floor_sqrt_p",7,7,2,0.933842239185751
"HEME_vs_CONTROL",4,1,2,8,400,"floor_sqrt_p",2,7,2,0.921119592875318
"HEME_vs_CONTROL",4,1,2,8,400,"floor_sqrt_p",5,7,2,0.923664122137405
"HEME_vs_CONTROL",4,1,2,8,400,"floor_sqrt_p",7,7,2,0.921119592875318
"HEME_vs_CONTROL",4,1,3,8,400,"floor_sqrt_p",2,7,2,0.954198473282443
"HEME_vs_CONTROL",4,1,3,8,400,"floor_sqrt_p",5,7,2,0.954198473282443
"HEME_vs_CONTROL",4,1,3,8,400,"floor_sqrt_p",7,7,2,0.951653944020356
"HEME_vs_CONTROL",4,1,4,8,400,"floor_sqrt_p",2,8,2,0.923469387755102
"HEME_vs_CONTROL",4,1,4,8,400,"floor_sqrt_p",5,8,2,0.926020408163265
"HEME_vs_CONTROL",4,1,4,8,400,"floor_sqrt_p",7,8,2,0.928571428571429
"HEME_vs_CONTROL",4,1,5,8,400,"floor_sqrt_p",2,7,2,0.936224489795918
"HEME_vs_CONTROL",4,1,5,8,400,"floor_sqrt_p",5,7,2,0.933673469387755
"HEME_vs_CONTROL",4,1,5,8,400,"floor_sqrt_p",7,7,2,0.933673469387755
"HEME_vs_CONTROL",4,1,1,9,400,"floor_sqrt_p",2,8,2,0.933842239185751
"HEME_vs_CONTROL",4,1,1,9,400,"floor_sqrt_p",5,8,2,0.928753180661578
"HEME_vs_CONTROL",4,1,1,9,400,"floor_sqrt_p",7,8,2,0.933842239185751
"HEME_vs_CONTROL",4,1,2,9,400,"floor_sqrt_p",2,8,2,0.933842239185751
"HEME_vs_CONTROL",4,1,2,9,400,"floor_sqrt_p",5,8,2,0.926208651399491
"HEME_vs_CONTROL",4,1,2,9,400,"floor_sqrt_p",7,8,2,0.928753180661578
"HEME_vs_CONTROL",4,1,3,9,400,"floor_sqrt_p",2,8,2,0.94910941475827
"HEME_vs_CONTROL",4,1,3,9,400,"floor_sqrt_p",5,8,2,0.94910941475827
"HEME_vs_CONTROL",4,1,3,9,400,"floor_sqrt_p",7,8,2,0.951653944020356
"HEME_vs_CONTROL",4,1,4,9,400,"floor_sqrt_p",2,8,2,0.931122448979592
"HEME_vs_CONTROL",4,1,4,9,400,"floor_sqrt_p",5,8,2,0.931122448979592
"HEME_vs_CONTROL",4,1,4,9,400,"floor_sqrt_p",7,8,2,0.928571428571429
"HEME_vs_CONTROL",4,1,5,9,400,"floor_sqrt_p",2,8,2,0.936224489795918
"HEME_vs_CONTROL",4,1,5,9,400,"floor_sqrt_p",5,8,2,0.931122448979592
"HEME_vs_CONTROL",4,1,5,9,400,"floor_sqrt_p",7,8,2,0.938775510204082
"HEME_vs_CONTROL",4,1,1,10,400,"floor_sqrt_p",2,8,2,0.928753180661578
"HEME_vs_CONTROL",4,1,1,10,400,"floor_sqrt_p",5,8,2,0.921119592875318
"HEME_vs_CONTROL",4,1,1,10,400,"floor_sqrt_p",7,8,2,0.923664122137405
"HEME_vs_CONTROL",4,1,2,10,400,"floor_sqrt_p",2,9,3,0.936386768447837
"HEME_vs_CONTROL",4,1,2,10,400,"floor_sqrt_p",5,9,3,0.931297709923664
"HEME_vs_CONTROL",4,1,2,10,400,"floor_sqrt_p",7,9,3,0.931297709923664
"HEME_vs_CONTROL",4,1,3,10,400,"floor_sqrt_p",2,8,2,0.938931297709924
"HEME_vs_CONTROL",4,1,3,10,400,"floor_sqrt_p",5,8,2,0.94147582697201
"HEME_vs_CONTROL",4,1,3,10,400,"floor_sqrt_p",7,8,2,0.938931297709924
"HEME_vs_CONTROL",4,1,4,10,400,"floor_sqrt_p",2,9,3,0.923469387755102
"HEME_vs_CONTROL",4,1,4,10,400,"floor_sqrt_p",5,9,3,0.926020408163265
"HEME_vs_CONTROL",4,1,4,10,400,"floor_sqrt_p",7,9,3,0.926020408163265
"HEME_vs_CONTROL",4,1,5,10,400,"floor_sqrt_p",2,8,2,0.938775510204082
"HEME_vs_CONTROL",4,1,5,10,400,"floor_sqrt_p",5,8,2,0.933673469387755
"HEME_vs_CONTROL",4,1,5,10,400,"floor_sqrt_p",7,8,2,0.941326530612245
"HEME_vs_CONTROL",4,1,1,11,400,"floor_sqrt_p",2,9,3,0.928753180661578
"HEME_vs_CONTROL",4,1,1,11,400,"floor_sqrt_p",5,9,3,0.928753180661578
"HEME_vs_CONTROL",4,1,1,11,400,"floor_sqrt_p",7,9,3,0.928753180661578
"HEME_vs_CONTROL",4,1,2,11,400,"floor_sqrt_p",2,10,3,0.931297709923664
"HEME_vs_CONTROL",4,1,2,11,400,"floor_sqrt_p",5,10,3,0.931297709923664
"HEME_vs_CONTROL",4,1,2,11,400,"floor_sqrt_p",7,10,3,0.926208651399491
"HEME_vs_CONTROL",4,1,3,11,400,"floor_sqrt_p",2,9,3,0.94910941475827
"HEME_vs_CONTROL",4,1,3,11,400,"floor_sqrt_p",5,9,3,0.946564885496183
"HEME_vs_CONTROL",4,1,3,11,400,"floor_sqrt_p",7,9,3,0.94910941475827
"HEME_vs_CONTROL",4,1,4,11,400,"floor_sqrt_p",2,10,3,0.931122448979592
"HEME_vs_CONTROL",4,1,4,11,400,"floor_sqrt_p",5,10,3,0.931122448979592
"HEME_vs_CONTROL",4,1,4,11,400,"floor_sqrt_p",7,10,3,0.933673469387755
"HEME_vs_CONTROL",4,1,5,11,400,"floor_sqrt_p",2,9,3,0.941326530612245
"HEME_vs_CONTROL",4,1,5,11,400,"floor_sqrt_p",5,9,3,0.938775510204082
"HEME_vs_CONTROL",4,1,5,11,400,"floor_sqrt_p",7,9,3,0.941326530612245
"HEME_vs_CONTROL",4,1,1,12,400,"floor_sqrt_p",2,10,3,0.94910941475827
"HEME_vs_CONTROL",4,1,1,12,400,"floor_sqrt_p",5,10,3,0.944020356234097
"HEME_vs_CONTROL",4,1,1,12,400,"floor_sqrt_p",7,10,3,0.94910941475827
"HEME_vs_CONTROL",4,1,2,12,400,"floor_sqrt_p",2,10,3,0.936386768447837
"HEME_vs_CONTROL",4,1,2,12,400,"floor_sqrt_p",5,10,3,0.933842239185751
"HEME_vs_CONTROL",4,1,2,12,400,"floor_sqrt_p",7,10,3,0.936386768447837
"HEME_vs_CONTROL",4,1,3,12,400,"floor_sqrt_p",2,9,3,0.951653944020356
"HEME_vs_CONTROL",4,1,3,12,400,"floor_sqrt_p",5,9,3,0.94910941475827
"HEME_vs_CONTROL",4,1,3,12,400,"floor_sqrt_p",7,9,3,0.951653944020356
"HEME_vs_CONTROL",4,1,4,12,400,"floor_sqrt_p",2,10,3,0.936224489795918
"HEME_vs_CONTROL",4,1,4,12,400,"floor_sqrt_p",5,10,3,0.938775510204082
"HEME_vs_CONTROL",4,1,4,12,400,"floor_sqrt_p",7,10,3,0.941326530612245
"HEME_vs_CONTROL",4,1,5,12,400,"floor_sqrt_p",2,9,3,0.948979591836735
"HEME_vs_CONTROL",4,1,5,12,400,"floor_sqrt_p",5,9,3,0.943877551020408
"HEME_vs_CONTROL",4,1,5,12,400,"floor_sqrt_p",7,9,3,0.948979591836735
"HEME_vs_CONTROL",4,1,1,13,400,"floor_sqrt_p",2,10,3,0.94147582697201
"HEME_vs_CONTROL",4,1,1,13,400,"floor_sqrt_p",5,10,3,0.94147582697201
"HEME_vs_CONTROL",4,1,1,13,400,"floor_sqrt_p",7,10,3,0.944020356234097
"HEME_vs_CONTROL",4,1,2,13,400,"floor_sqrt_p",2,11,3,0.928753180661578
"HEME_vs_CONTROL",4,1,2,13,400,"floor_sqrt_p",5,11,3,0.928753180661578
"HEME_vs_CONTROL",4,1,2,13,400,"floor_sqrt_p",7,11,3,0.928753180661578
"HEME_vs_CONTROL",4,1,3,13,400,"floor_sqrt_p",2,10,3,0.94910941475827
"HEME_vs_CONTROL",4,1,3,13,400,"floor_sqrt_p",5,10,3,0.946564885496183
"HEME_vs_CONTROL",4,1,3,13,400,"floor_sqrt_p",7,10,3,0.94910941475827
"HEME_vs_CONTROL",4,1,4,13,400,"floor_sqrt_p",2,11,3,0.938775510204082
"HEME_vs_CONTROL",4,1,4,13,400,"floor_sqrt_p",5,11,3,0.941326530612245
"HEME_vs_CONTROL",4,1,4,13,400,"floor_sqrt_p",7,11,3,0.938775510204082
"HEME_vs_CONTROL",4,1,5,13,400,"floor_sqrt_p",2,10,3,0.938775510204082
"HEME_vs_CONTROL",4,1,5,13,400,"floor_sqrt_p",5,10,3,0.938775510204082
"HEME_vs_CONTROL",4,1,5,13,400,"floor_sqrt_p",7,10,3,0.941326530612245
"HEME_vs_CONTROL",4,1,1,14,400,"floor_sqrt_p",2,11,3,0.951653944020356
"HEME_vs_CONTROL",4,1,1,14,400,"floor_sqrt_p",5,11,3,0.946564885496183
"HEME_vs_CONTROL",4,1,1,14,400,"floor_sqrt_p",7,11,3,0.94147582697201
"HEME_vs_CONTROL",4,1,2,14,400,"floor_sqrt_p",2,11,3,0.936386768447837
"HEME_vs_CONTROL",4,1,2,14,400,"floor_sqrt_p",5,11,3,0.931297709923664
"HEME_vs_CONTROL",4,1,2,14,400,"floor_sqrt_p",7,11,3,0.933842239185751
"HEME_vs_CONTROL",4,1,3,14,400,"floor_sqrt_p",2,10,3,0.959287531806616
"HEME_vs_CONTROL",4,1,3,14,400,"floor_sqrt_p",5,10,3,0.954198473282443
"HEME_vs_CONTROL",4,1,3,14,400,"floor_sqrt_p",7,10,3,0.956743002544529
"HEME_vs_CONTROL",4,1,4,14,400,"floor_sqrt_p",2,11,3,0.946428571428571
"HEME_vs_CONTROL",4,1,4,14,400,"floor_sqrt_p",5,11,3,0.941326530612245
"HEME_vs_CONTROL",4,1,4,14,400,"floor_sqrt_p",7,11,3,0.943877551020408
"HEME_vs_CONTROL",4,1,5,14,400,"floor_sqrt_p",2,10,3,0.941326530612245
"HEME_vs_CONTROL",4,1,5,14,400,"floor_sqrt_p",5,10,3,0.946428571428571
"HEME_vs_CONTROL",4,1,5,14,400,"floor_sqrt_p",7,10,3,0.938775510204082
"HEME_vs_CONTROL",4,1,1,15,400,"floor_sqrt_p",2,11,3,0.946564885496183
"HEME_vs_CONTROL",4,1,1,15,400,"floor_sqrt_p",5,11,3,0.936386768447837
"HEME_vs_CONTROL",4,1,1,15,400,"floor_sqrt_p",7,11,3,0.944020356234097
"HEME_vs_CONTROL",4,1,2,15,400,"floor_sqrt_p",2,12,3,0.933842239185751
"HEME_vs_CONTROL",4,1,2,15,400,"floor_sqrt_p",5,12,3,0.931297709923664
"HEME_vs_CONTROL",4,1,2,15,400,"floor_sqrt_p",7,12,3,0.931297709923664
"HEME_vs_CONTROL",4,1,3,15,400,"floor_sqrt_p",2,11,3,0.94910941475827
"HEME_vs_CONTROL",4,1,3,15,400,"floor_sqrt_p",5,11,3,0.94910941475827
"HEME_vs_CONTROL",4,1,3,15,400,"floor_sqrt_p",7,11,3,0.951653944020356
"HEME_vs_CONTROL",4,1,4,15,400,"floor_sqrt_p",2,12,3,0.948979591836735
"HEME_vs_CONTROL",4,1,4,15,400,"floor_sqrt_p",5,12,3,0.948979591836735
"HEME_vs_CONTROL",4,1,4,15,400,"floor_sqrt_p",7,12,3,0.948979591836735
"HEME_vs_CONTROL",4,1,5,15,400,"floor_sqrt_p",2,11,3,0.943877551020408
"HEME_vs_CONTROL",4,1,5,15,400,"floor_sqrt_p",5,11,3,0.941326530612245
"HEME_vs_CONTROL",4,1,5,15,400,"floor_sqrt_p",7,11,3,0.943877551020408
"HEME_vs_CONTROL",4,1,1,16,400,"floor_sqrt_p",2,12,3,0.938931297709924
"HEME_vs_CONTROL",4,1,1,16,400,"floor_sqrt_p",5,12,3,0.938931297709924
"HEME_vs_CONTROL",4,1,1,16,400,"floor_sqrt_p",7,12,3,0.94147582697201
"HEME_vs_CONTROL",4,1,2,16,400,"floor_sqrt_p",2,12,3,0.921119592875318
"HEME_vs_CONTROL",4,1,2,16,400,"floor_sqrt_p",5,12,3,0.921119592875318
"HEME_vs_CONTROL",4,1,2,16,400,"floor_sqrt_p",7,12,3,0.916030534351145
"HEME_vs_CONTROL",4,1,3,16,400,"floor_sqrt_p",2,11,3,0.938931297709924
"HEME_vs_CONTROL",4,1,3,16,400,"floor_sqrt_p",5,11,3,0.94147582697201
"HEME_vs_CONTROL",4,1,3,16,400,"floor_sqrt_p",7,11,3,0.933842239185751
"HEME_vs_CONTROL",4,1,4,16,400,"floor_sqrt_p",2,12,3,0.946428571428571
"HEME_vs_CONTROL",4,1,4,16,400,"floor_sqrt_p",5,12,3,0.946428571428571
"HEME_vs_CONTROL",4,1,4,16,400,"floor_sqrt_p",7,12,3,0.943877551020408
"HEME_vs_CONTROL",4,1,5,16,400,"floor_sqrt_p",2,11,3,0.943877551020408
"HEME_vs_CONTROL",4,1,5,16,400,"floor_sqrt_p",5,11,3,0.943877551020408
"HEME_vs_CONTROL",4,1,5,16,400,"floor_sqrt_p",7,11,3,0.946428571428571
"HEME_vs_CONTROL",4,1,1,17,400,"floor_sqrt_p",2,12,3,0.944020356234097
"HEME_vs_CONTROL",4,1,1,17,400,"floor_sqrt_p",5,12,3,0.938931297709924
"HEME_vs_CONTROL",4,1,1,17,400,"floor_sqrt_p",7,12,3,0.944020356234097
"HEME_vs_CONTROL",4,1,2,17,400,"floor_sqrt_p",2,12,3,0.921119592875318
"HEME_vs_CONTROL",4,1,2,17,400,"floor_sqrt_p",5,12,3,0.921119592875318
"HEME_vs_CONTROL",4,1,2,17,400,"floor_sqrt_p",7,12,3,0.918575063613232
"HEME_vs_CONTROL",4,1,3,17,400,"floor_sqrt_p",2,12,3,0.936386768447837
"HEME_vs_CONTROL",4,1,3,17,400,"floor_sqrt_p",5,12,3,0.94147582697201
"HEME_vs_CONTROL",4,1,3,17,400,"floor_sqrt_p",7,12,3,0.938931297709924
"HEME_vs_CONTROL",4,1,4,17,400,"floor_sqrt_p",2,12,3,0.941326530612245
"HEME_vs_CONTROL",4,1,4,17,400,"floor_sqrt_p",5,12,3,0.941326530612245
"HEME_vs_CONTROL",4,1,4,17,400,"floor_sqrt_p",7,12,3,0.938775510204082
"HEME_vs_CONTROL",4,1,5,17,400,"floor_sqrt_p",2,12,3,0.933673469387755
"HEME_vs_CONTROL",4,1,5,17,400,"floor_sqrt_p",5,12,3,0.931122448979592
"HEME_vs_CONTROL",4,1,5,17,400,"floor_sqrt_p",7,12,3,0.938775510204082
"HEME_vs_CONTROL",4,1,1,18,400,"floor_sqrt_p",2,12,3,0.944020356234097
"HEME_vs_CONTROL",4,1,1,18,400,"floor_sqrt_p",5,12,3,0.931297709923664
"HEME_vs_CONTROL",4,1,1,18,400,"floor_sqrt_p",7,12,3,0.933842239185751
"HEME_vs_CONTROL",4,1,2,18,400,"floor_sqrt_p",2,13,3,0.918575063613232
"HEME_vs_CONTROL",4,1,2,18,400,"floor_sqrt_p",5,13,3,0.918575063613232
"HEME_vs_CONTROL",4,1,2,18,400,"floor_sqrt_p",7,13,3,0.921119592875318
"HEME_vs_CONTROL",4,1,3,18,400,"floor_sqrt_p",2,12,3,0.936386768447837
"HEME_vs_CONTROL",4,1,3,18,400,"floor_sqrt_p",5,12,3,0.933842239185751
"HEME_vs_CONTROL",4,1,3,18,400,"floor_sqrt_p",7,12,3,0.933842239185751
"HEME_vs_CONTROL",4,1,4,18,400,"floor_sqrt_p",2,13,3,0.938775510204082
"HEME_vs_CONTROL",4,1,4,18,400,"floor_sqrt_p",5,13,3,0.936224489795918
"HEME_vs_CONTROL",4,1,4,18,400,"floor_sqrt_p",7,13,3,0.938775510204082
"HEME_vs_CONTROL",4,1,5,18,400,"floor_sqrt_p",2,12,3,0.931122448979592
"HEME_vs_CONTROL",4,1,5,18,400,"floor_sqrt_p",5,12,3,0.936224489795918
"HEME_vs_CONTROL",4,1,5,18,400,"floor_sqrt_p",7,12,3,0.936224489795918
"HEME_vs_CONTROL",4,1,1,19,400,"floor_sqrt_p",2,13,3,0.933842239185751
"HEME_vs_CONTROL",4,1,1,19,400,"floor_sqrt_p",5,13,3,0.928753180661578
"HEME_vs_CONTROL",4,1,1,19,400,"floor_sqrt_p",7,13,3,0.931297709923664
"HEME_vs_CONTROL",4,1,2,19,400,"floor_sqrt_p",2,13,3,0.916030534351145
"HEME_vs_CONTROL",4,1,2,19,400,"floor_sqrt_p",5,13,3,0.910941475826972
"HEME_vs_CONTROL",4,1,2,19,400,"floor_sqrt_p",7,13,3,0.910941475826972
"HEME_vs_CONTROL",4,1,3,19,400,"floor_sqrt_p",2,12,3,0.926208651399491
"HEME_vs_CONTROL",4,1,3,19,400,"floor_sqrt_p",5,12,3,0.931297709923664
"HEME_vs_CONTROL",4,1,3,19,400,"floor_sqrt_p",7,12,3,0.933842239185751
"HEME_vs_CONTROL",4,1,4,19,400,"floor_sqrt_p",2,13,3,0.933673469387755
"HEME_vs_CONTROL",4,1,4,19,400,"floor_sqrt_p",5,13,3,0.928571428571429
"HEME_vs_CONTROL",4,1,4,19,400,"floor_sqrt_p",7,13,3,0.926020408163265
"HEME_vs_CONTROL",4,1,5,19,400,"floor_sqrt_p",2,12,3,0.936224489795918
"HEME_vs_CONTROL",4,1,5,19,400,"floor_sqrt_p",5,12,3,0.931122448979592
"HEME_vs_CONTROL",4,1,5,19,400,"floor_sqrt_p",7,12,3,0.928571428571429
"HEME_vs_CONTROL",4,1,1,20,400,"floor_sqrt_p",2,13,3,0.936386768447837
"HEME_vs_CONTROL",4,1,1,20,400,"floor_sqrt_p",5,13,3,0.933842239185751
"HEME_vs_CONTROL",4,1,1,20,400,"floor_sqrt_p",7,13,3,0.933842239185751
"HEME_vs_CONTROL",4,1,2,20,400,"floor_sqrt_p",2,13,3,0.910941475826972
"HEME_vs_CONTROL",4,1,2,20,400,"floor_sqrt_p",5,13,3,0.910941475826972
"HEME_vs_CONTROL",4,1,2,20,400,"floor_sqrt_p",7,13,3,0.910941475826972
"HEME_vs_CONTROL",4,1,3,20,400,"floor_sqrt_p",2,13,3,0.933842239185751
"HEME_vs_CONTROL",4,1,3,20,400,"floor_sqrt_p",5,13,3,0.938931297709924
"HEME_vs_CONTROL",4,1,3,20,400,"floor_sqrt_p",7,13,3,0.944020356234097
"HEME_vs_CONTROL",4,1,4,20,400,"floor_sqrt_p",2,13,3,0.926020408163265
"HEME_vs_CONTROL",4,1,4,20,400,"floor_sqrt_p",5,13,3,0.920918367346939
"HEME_vs_CONTROL",4,1,4,20,400,"floor_sqrt_p",7,13,3,0.920918367346939
"HEME_vs_CONTROL",4,1,5,20,400,"floor_sqrt_p",2,13,3,0.926020408163265
"HEME_vs_CONTROL",4,1,5,20,400,"floor_sqrt_p",5,13,3,0.933673469387755
"HEME_vs_CONTROL",4,1,5,20,400,"floor_sqrt_p",7,13,3,0.920918367346939
"HEME_vs_CONTROL",4,2,1,6,400,"floor_sqrt_p",2,6,2,0.936386768447837
"HEME_vs_CONTROL",4,2,1,6,400,"floor_sqrt_p",5,6,2,0.936386768447837
"HEME_vs_CONTROL",4,2,1,6,400,"floor_sqrt_p",7,6,2,0.933842239185751
"HEME_vs_CONTROL",4,2,2,6,400,"floor_sqrt_p",2,5,2,0.926208651399491
"HEME_vs_CONTROL",4,2,2,6,400,"floor_sqrt_p",5,5,2,0.921119592875318
"HEME_vs_CONTROL",4,2,2,6,400,"floor_sqrt_p",7,5,2,0.921119592875318
"HEME_vs_CONTROL",4,2,3,6,400,"floor_sqrt_p",2,6,2,0.926208651399491
"HEME_vs_CONTROL",4,2,3,6,400,"floor_sqrt_p",5,6,2,0.928753180661578
"HEME_vs_CONTROL",4,2,3,6,400,"floor_sqrt_p",7,6,2,0.926208651399491
"HEME_vs_CONTROL",4,2,4,6,400,"floor_sqrt_p",2,6,2,0.943877551020408
"HEME_vs_CONTROL",4,2,4,6,400,"floor_sqrt_p",5,6,2,0.938775510204082
"HEME_vs_CONTROL",4,2,4,6,400,"floor_sqrt_p",7,6,2,0.943877551020408
"HEME_vs_CONTROL",4,2,5,6,400,"floor_sqrt_p",2,6,2,0.926020408163265
"HEME_vs_CONTROL",4,2,5,6,400,"floor_sqrt_p",5,6,2,0.920918367346939
"HEME_vs_CONTROL",4,2,5,6,400,"floor_sqrt_p",7,6,2,0.926020408163265
"HEME_vs_CONTROL",4,2,1,7,400,"floor_sqrt_p",2,7,2,0.931297709923664
"HEME_vs_CONTROL",4,2,1,7,400,"floor_sqrt_p",5,7,2,0.936386768447837
"HEME_vs_CONTROL",4,2,1,7,400,"floor_sqrt_p",7,7,2,0.944020356234097
"HEME_vs_CONTROL",4,2,2,7,400,"floor_sqrt_p",2,7,2,0.94147582697201
"HEME_vs_CONTROL",4,2,2,7,400,"floor_sqrt_p",5,7,2,0.944020356234097
"HEME_vs_CONTROL",4,2,2,7,400,"floor_sqrt_p",7,7,2,0.94147582697201
"HEME_vs_CONTROL",4,2,3,7,400,"floor_sqrt_p",2,7,2,0.913486005089059
"HEME_vs_CONTROL",4,2,3,7,400,"floor_sqrt_p",5,7,2,0.908396946564885
"HEME_vs_CONTROL",4,2,3,7,400,"floor_sqrt_p",7,7,2,0.910941475826972
"HEME_vs_CONTROL",4,2,4,7,400,"floor_sqrt_p",2,7,2,0.938775510204082
"HEME_vs_CONTROL",4,2,4,7,400,"floor_sqrt_p",5,7,2,0.936224489795918
"HEME_vs_CONTROL",4,2,4,7,400,"floor_sqrt_p",7,7,2,0.941326530612245
"HEME_vs_CONTROL",4,2,5,7,400,"floor_sqrt_p",2,7,2,0.933673469387755
"HEME_vs_CONTROL",4,2,5,7,400,"floor_sqrt_p",5,7,2,0.931122448979592
"HEME_vs_CONTROL",4,2,5,7,400,"floor_sqrt_p",7,7,2,0.933673469387755
"HEME_vs_CONTROL",4,2,1,8,400,"floor_sqrt_p",2,7,2,0.938931297709924
"HEME_vs_CONTROL",4,2,1,8,400,"floor_sqrt_p",5,7,2,0.933842239185751
"HEME_vs_CONTROL",4,2,1,8,400,"floor_sqrt_p",7,7,2,0.933842239185751
"HEME_vs_CONTROL",4,2,2,8,400,"floor_sqrt_p",2,7,2,0.936386768447837
"HEME_vs_CONTROL",4,2,2,8,400,"floor_sqrt_p",5,7,2,0.933842239185751
"HEME_vs_CONTROL",4,2,2,8,400,"floor_sqrt_p",7,7,2,0.933842239185751
"HEME_vs_CONTROL",4,2,3,8,400,"floor_sqrt_p",2,8,2,0.921119592875318
"HEME_vs_CONTROL",4,2,3,8,400,"floor_sqrt_p",5,8,2,0.923664122137405
"HEME_vs_CONTROL",4,2,3,8,400,"floor_sqrt_p",7,8,2,0.926208651399491
"HEME_vs_CONTROL",4,2,4,8,400,"floor_sqrt_p",2,8,2,0.943877551020408
"HEME_vs_CONTROL",4,2,4,8,400,"floor_sqrt_p",5,8,2,0.941326530612245
"HEME_vs_CONTROL",4,2,4,8,400,"floor_sqrt_p",7,8,2,0.941326530612245
"HEME_vs_CONTROL",4,2,5,8,400,"floor_sqrt_p",2,8,2,0.938775510204082
"HEME_vs_CONTROL",4,2,5,8,400,"floor_sqrt_p",5,8,2,0.938775510204082
"HEME_vs_CONTROL",4,2,5,8,400,"floor_sqrt_p",7,8,2,0.941326530612245
"HEME_vs_CONTROL",4,2,1,9,400,"floor_sqrt_p",2,8,2,0.936386768447837
"HEME_vs_CONTROL",4,2,1,9,400,"floor_sqrt_p",5,8,2,0.933842239185751
"HEME_vs_CONTROL",4,2,1,9,400,"floor_sqrt_p",7,8,2,0.928753180661578
"HEME_vs_CONTROL",4,2,2,9,400,"floor_sqrt_p",2,8,2,0.94147582697201
"HEME_vs_CONTROL",4,2,2,9,400,"floor_sqrt_p",5,8,2,0.946564885496183
"HEME_vs_CONTROL",4,2,2,9,400,"floor_sqrt_p",7,8,2,0.946564885496183
"HEME_vs_CONTROL",4,2,3,9,400,"floor_sqrt_p",2,8,2,0.916030534351145
"HEME_vs_CONTROL",4,2,3,9,400,"floor_sqrt_p",5,8,2,0.918575063613232
"HEME_vs_CONTROL",4,2,3,9,400,"floor_sqrt_p",7,8,2,0.918575063613232
"HEME_vs_CONTROL",4,2,4,9,400,"floor_sqrt_p",2,8,2,0.938775510204082
"HEME_vs_CONTROL",4,2,4,9,400,"floor_sqrt_p",5,8,2,0.936224489795918
"HEME_vs_CONTROL",4,2,4,9,400,"floor_sqrt_p",7,8,2,0.941326530612245
"HEME_vs_CONTROL",4,2,5,9,400,"floor_sqrt_p",2,9,3,0.936224489795918
"HEME_vs_CONTROL",4,2,5,9,400,"floor_sqrt_p",5,9,3,0.936224489795918
"HEME_vs_CONTROL",4,2,5,9,400,"floor_sqrt_p",7,9,3,0.933673469387755
"HEME_vs_CONTROL",4,2,1,10,400,"floor_sqrt_p",2,9,3,0.94147582697201
"HEME_vs_CONTROL",4,2,1,10,400,"floor_sqrt_p",5,9,3,0.936386768447837
"HEME_vs_CONTROL",4,2,1,10,400,"floor_sqrt_p",7,9,3,0.933842239185751
"HEME_vs_CONTROL",4,2,2,10,400,"floor_sqrt_p",2,8,2,0.946564885496183
"HEME_vs_CONTROL",4,2,2,10,400,"floor_sqrt_p",5,8,2,0.94147582697201
"HEME_vs_CONTROL",4,2,2,10,400,"floor_sqrt_p",7,8,2,0.944020356234097
"HEME_vs_CONTROL",4,2,3,10,400,"floor_sqrt_p",2,9,3,0.926208651399491
"HEME_vs_CONTROL",4,2,3,10,400,"floor_sqrt_p",5,9,3,0.913486005089059
"HEME_vs_CONTROL",4,2,3,10,400,"floor_sqrt_p",7,9,3,0.910941475826972
"HEME_vs_CONTROL",4,2,4,10,400,"floor_sqrt_p",2,9,3,0.938775510204082
"HEME_vs_CONTROL",4,2,4,10,400,"floor_sqrt_p",5,9,3,0.936224489795918
"HEME_vs_CONTROL",4,2,4,10,400,"floor_sqrt_p",7,9,3,0.933673469387755
"HEME_vs_CONTROL",4,2,5,10,400,"floor_sqrt_p",2,9,3,0.931122448979592
"HEME_vs_CONTROL",4,2,5,10,400,"floor_sqrt_p",5,9,3,0.938775510204082
"HEME_vs_CONTROL",4,2,5,10,400,"floor_sqrt_p",7,9,3,0.938775510204082
"HEME_vs_CONTROL",4,2,1,11,400,"floor_sqrt_p",2,9,3,0.944020356234097
"HEME_vs_CONTROL",4,2,1,11,400,"floor_sqrt_p",5,9,3,0.946564885496183
"HEME_vs_CONTROL",4,2,1,11,400,"floor_sqrt_p",7,9,3,0.938931297709924
"HEME_vs_CONTROL",4,2,2,11,400,"floor_sqrt_p",2,9,3,0.946564885496183
"HEME_vs_CONTROL",4,2,2,11,400,"floor_sqrt_p",5,9,3,0.946564885496183
"HEME_vs_CONTROL",4,2,2,11,400,"floor_sqrt_p",7,9,3,0.944020356234097
"HEME_vs_CONTROL",4,2,3,11,400,"floor_sqrt_p",2,9,3,0.926208651399491
"HEME_vs_CONTROL",4,2,3,11,400,"floor_sqrt_p",5,9,3,0.921119592875318
"HEME_vs_CONTROL",4,2,3,11,400,"floor_sqrt_p",7,9,3,0.926208651399491
"HEME_vs_CONTROL",4,2,4,11,400,"floor_sqrt_p",2,10,3,0.954081632653061
"HEME_vs_CONTROL",4,2,4,11,400,"floor_sqrt_p",5,10,3,0.956632653061224
"HEME_vs_CONTROL",4,2,4,11,400,"floor_sqrt_p",7,10,3,0.954081632653061
"HEME_vs_CONTROL",4,2,5,11,400,"floor_sqrt_p",2,10,3,0.928571428571429
"HEME_vs_CONTROL",4,2,5,11,400,"floor_sqrt_p",5,10,3,0.928571428571429
"HEME_vs_CONTROL",4,2,5,11,400,"floor_sqrt_p",7,10,3,0.928571428571429
"HEME_vs_CONTROL",4,2,1,12,400,"floor_sqrt_p",2,10,3,0.94910941475827
"HEME_vs_CONTROL",4,2,1,12,400,"floor_sqrt_p",5,10,3,0.94910941475827
"HEME_vs_CONTROL",4,2,1,12,400,"floor_sqrt_p",7,10,3,0.94910941475827
"HEME_vs_CONTROL",4,2,2,12,400,"floor_sqrt_p",2,9,3,0.954198473282443
"HEME_vs_CONTROL",4,2,2,12,400,"floor_sqrt_p",5,9,3,0.954198473282443
"HEME_vs_CONTROL",4,2,2,12,400,"floor_sqrt_p",7,9,3,0.951653944020356
"HEME_vs_CONTROL",4,2,3,12,400,"floor_sqrt_p",2,10,3,0.933842239185751
"HEME_vs_CONTROL",4,2,3,12,400,"floor_sqrt_p",5,10,3,0.928753180661578
"HEME_vs_CONTROL",4,2,3,12,400,"floor_sqrt_p",7,10,3,0.926208651399491
"HEME_vs_CONTROL",4,2,4,12,400,"floor_sqrt_p",2,10,3,0.956632653061224
"HEME_vs_CONTROL",4,2,4,12,400,"floor_sqrt_p",5,10,3,0.959183673469388
"HEME_vs_CONTROL",4,2,4,12,400,"floor_sqrt_p",7,10,3,0.956632653061224
"HEME_vs_CONTROL",4,2,5,12,400,"floor_sqrt_p",2,10,3,0.933673469387755
"HEME_vs_CONTROL",4,2,5,12,400,"floor_sqrt_p",5,10,3,0.931122448979592
"HEME_vs_CONTROL",4,2,5,12,400,"floor_sqrt_p",7,10,3,0.933673469387755
"HEME_vs_CONTROL",4,2,1,13,400,"floor_sqrt_p",2,10,3,0.94147582697201
"HEME_vs_CONTROL",4,2,1,13,400,"floor_sqrt_p",5,10,3,0.94910941475827
"HEME_vs_CONTROL",4,2,1,13,400,"floor_sqrt_p",7,10,3,0.94147582697201
"HEME_vs_CONTROL",4,2,2,13,400,"floor_sqrt_p",2,10,3,0.94910941475827
"HEME_vs_CONTROL",4,2,2,13,400,"floor_sqrt_p",5,10,3,0.946564885496183
"HEME_vs_CONTROL",4,2,2,13,400,"floor_sqrt_p",7,10,3,0.944020356234097
"HEME_vs_CONTROL",4,2,3,13,400,"floor_sqrt_p",2,10,3,0.923664122137405
"HEME_vs_CONTROL",4,2,3,13,400,"floor_sqrt_p",5,10,3,0.926208651399491
"HEME_vs_CONTROL",4,2,3,13,400,"floor_sqrt_p",7,10,3,0.926208651399491
"HEME_vs_CONTROL",4,2,4,13,400,"floor_sqrt_p",2,11,3,0.956632653061224
"HEME_vs_CONTROL",4,2,4,13,400,"floor_sqrt_p",5,11,3,0.956632653061224
"HEME_vs_CONTROL",4,2,4,13,400,"floor_sqrt_p",7,11,3,0.959183673469388
"HEME_vs_CONTROL",4,2,5,13,400,"floor_sqrt_p",2,11,3,0.938775510204082
"HEME_vs_CONTROL",4,2,5,13,400,"floor_sqrt_p",5,11,3,0.936224489795918
"HEME_vs_CONTROL",4,2,5,13,400,"floor_sqrt_p",7,11,3,0.936224489795918
"HEME_vs_CONTROL",4,2,1,14,400,"floor_sqrt_p",2,11,3,0.944020356234097
"HEME_vs_CONTROL",4,2,1,14,400,"floor_sqrt_p",5,11,3,0.946564885496183
"HEME_vs_CONTROL",4,2,1,14,400,"floor_sqrt_p",7,11,3,0.946564885496183
"HEME_vs_CONTROL",4,2,2,14,400,"floor_sqrt_p",2,10,3,0.944020356234097
"HEME_vs_CONTROL",4,2,2,14,400,"floor_sqrt_p",5,10,3,0.954198473282443
"HEME_vs_CONTROL",4,2,2,14,400,"floor_sqrt_p",7,10,3,0.951653944020356
"HEME_vs_CONTROL",4,2,3,14,400,"floor_sqrt_p",2,11,3,0.918575063613232
"HEME_vs_CONTROL",4,2,3,14,400,"floor_sqrt_p",5,11,3,0.918575063613232
"HEME_vs_CONTROL",4,2,3,14,400,"floor_sqrt_p",7,11,3,0.918575063613232
"HEME_vs_CONTROL",4,2,4,14,400,"floor_sqrt_p",2,11,3,0.948979591836735
"HEME_vs_CONTROL",4,2,4,14,400,"floor_sqrt_p",5,11,3,0.954081632653061
"HEME_vs_CONTROL",4,2,4,14,400,"floor_sqrt_p",7,11,3,0.948979591836735
"HEME_vs_CONTROL",4,2,5,14,400,"floor_sqrt_p",2,11,3,0.938775510204082
"HEME_vs_CONTROL",4,2,5,14,400,"floor_sqrt_p",5,11,3,0.936224489795918
"HEME_vs_CONTROL",4,2,5,14,400,"floor_sqrt_p",7,11,3,0.938775510204082
"HEME_vs_CONTROL",4,2,1,15,400,"floor_sqrt_p",2,11,3,0.946564885496183
"HEME_vs_CONTROL",4,2,1,15,400,"floor_sqrt_p",5,11,3,0.954198473282443
"HEME_vs_CONTROL",4,2,1,15,400,"floor_sqrt_p",7,11,3,0.954198473282443
"HEME_vs_CONTROL",4,2,2,15,400,"floor_sqrt_p",2,11,3,0.959287531806616
"HEME_vs_CONTROL",4,2,2,15,400,"floor_sqrt_p",5,11,3,0.956743002544529
"HEME_vs_CONTROL",4,2,2,15,400,"floor_sqrt_p",7,11,3,0.961832061068702
"HEME_vs_CONTROL",4,2,3,15,400,"floor_sqrt_p",2,11,3,0.923664122137405
"HEME_vs_CONTROL",4,2,3,15,400,"floor_sqrt_p",5,11,3,0.926208651399491
"HEME_vs_CONTROL",4,2,3,15,400,"floor_sqrt_p",7,11,3,0.921119592875318
"HEME_vs_CONTROL",4,2,4,15,400,"floor_sqrt_p",2,11,3,0.948979591836735
"HEME_vs_CONTROL",4,2,4,15,400,"floor_sqrt_p",5,11,3,0.946428571428571
"HEME_vs_CONTROL",4,2,4,15,400,"floor_sqrt_p",7,11,3,0.951530612244898
"HEME_vs_CONTROL",4,2,5,15,400,"floor_sqrt_p",2,12,3,0.941326530612245
"HEME_vs_CONTROL",4,2,5,15,400,"floor_sqrt_p",5,12,3,0.943877551020408
"HEME_vs_CONTROL",4,2,5,15,400,"floor_sqrt_p",7,12,3,0.938775510204082
"HEME_vs_CONTROL",4,2,1,16,400,"floor_sqrt_p",2,12,3,0.944020356234097
"HEME_vs_CONTROL",4,2,1,16,400,"floor_sqrt_p",5,12,3,0.951653944020356
"HEME_vs_CONTROL",4,2,1,16,400,"floor_sqrt_p",7,12,3,0.944020356234097
"HEME_vs_CONTROL",4,2,2,16,400,"floor_sqrt_p",2,11,3,0.951653944020356
"HEME_vs_CONTROL",4,2,2,16,400,"floor_sqrt_p",5,11,3,0.954198473282443
"HEME_vs_CONTROL",4,2,2,16,400,"floor_sqrt_p",7,11,3,0.954198473282443
"HEME_vs_CONTROL",4,2,3,16,400,"floor_sqrt_p",2,12,3,0.918575063613232
"HEME_vs_CONTROL",4,2,3,16,400,"floor_sqrt_p",5,12,3,0.918575063613232
"HEME_vs_CONTROL",4,2,3,16,400,"floor_sqrt_p",7,12,3,0.916030534351145
"HEME_vs_CONTROL",4,2,4,16,400,"floor_sqrt_p",2,12,3,0.943877551020408
"HEME_vs_CONTROL",4,2,4,16,400,"floor_sqrt_p",5,12,3,0.931122448979592
"HEME_vs_CONTROL",4,2,4,16,400,"floor_sqrt_p",7,12,3,0.936224489795918
"HEME_vs_CONTROL",4,2,5,16,400,"floor_sqrt_p",2,12,3,0.936224489795918
"HEME_vs_CONTROL",4,2,5,16,400,"floor_sqrt_p",5,12,3,0.941326530612245
"HEME_vs_CONTROL",4,2,5,16,400,"floor_sqrt_p",7,12,3,0.936224489795918
"HEME_vs_CONTROL",4,2,1,17,400,"floor_sqrt_p",2,12,3,0.944020356234097
"HEME_vs_CONTROL",4,2,1,17,400,"floor_sqrt_p",5,12,3,0.94147582697201
"HEME_vs_CONTROL",4,2,1,17,400,"floor_sqrt_p",7,12,3,0.94147582697201
"HEME_vs_CONTROL",4,2,2,17,400,"floor_sqrt_p",2,12,3,0.938931297709924
"HEME_vs_CONTROL",4,2,2,17,400,"floor_sqrt_p",5,12,3,0.946564885496183
"HEME_vs_CONTROL",4,2,2,17,400,"floor_sqrt_p",7,12,3,0.94910941475827
"HEME_vs_CONTROL",4,2,3,17,400,"floor_sqrt_p",2,12,3,0.916030534351145
"HEME_vs_CONTROL",4,2,3,17,400,"floor_sqrt_p",5,12,3,0.913486005089059
"HEME_vs_CONTROL",4,2,3,17,400,"floor_sqrt_p",7,12,3,0.916030534351145
"HEME_vs_CONTROL",4,2,4,17,400,"floor_sqrt_p",2,12,3,0.931122448979592
"HEME_vs_CONTROL",4,2,4,17,400,"floor_sqrt_p",5,12,3,0.933673469387755
"HEME_vs_CONTROL",4,2,4,17,400,"floor_sqrt_p",7,12,3,0.931122448979592
"HEME_vs_CONTROL",4,2,5,17,400,"floor_sqrt_p",2,13,3,0.933673469387755
"HEME_vs_CONTROL",4,2,5,17,400,"floor_sqrt_p",5,13,3,0.928571428571429
"HEME_vs_CONTROL",4,2,5,17,400,"floor_sqrt_p",7,13,3,0.928571428571429
"HEME_vs_CONTROL",4,2,1,18,400,"floor_sqrt_p",2,12,3,0.938931297709924
"HEME_vs_CONTROL",4,2,1,18,400,"floor_sqrt_p",5,12,3,0.94147582697201
"HEME_vs_CONTROL",4,2,1,18,400,"floor_sqrt_p",7,12,3,0.936386768447837
"HEME_vs_CONTROL",4,2,2,18,400,"floor_sqrt_p",2,12,3,0.94147582697201
"HEME_vs_CONTROL",4,2,2,18,400,"floor_sqrt_p",5,12,3,0.946564885496183
"HEME_vs_CONTROL",4,2,2,18,400,"floor_sqrt_p",7,12,3,0.938931297709924
"HEME_vs_CONTROL",4,2,3,18,400,"floor_sqrt_p",2,12,3,0.921119592875318
"HEME_vs_CONTROL",4,2,3,18,400,"floor_sqrt_p",5,12,3,0.908396946564885
"HEME_vs_CONTROL",4,2,3,18,400,"floor_sqrt_p",7,12,3,0.916030534351145
"HEME_vs_CONTROL",4,2,4,18,400,"floor_sqrt_p",2,13,3,0.928571428571429
"HEME_vs_CONTROL",4,2,4,18,400,"floor_sqrt_p",5,13,3,0.923469387755102
"HEME_vs_CONTROL",4,2,4,18,400,"floor_sqrt_p",7,13,3,0.923469387755102
"HEME_vs_CONTROL",4,2,5,18,400,"floor_sqrt_p",2,13,3,0.918367346938776
"HEME_vs_CONTROL",4,2,5,18,400,"floor_sqrt_p",5,13,3,0.918367346938776
"HEME_vs_CONTROL",4,2,5,18,400,"floor_sqrt_p",7,13,3,0.918367346938776
"HEME_vs_CONTROL",4,2,1,19,400,"floor_sqrt_p",2,13,3,0.936386768447837
"HEME_vs_CONTROL",4,2,1,19,400,"floor_sqrt_p",5,13,3,0.936386768447837
"HEME_vs_CONTROL",4,2,1,19,400,"floor_sqrt_p",7,13,3,0.933842239185751
"HEME_vs_CONTROL",4,2,2,19,400,"floor_sqrt_p",2,12,3,0.933842239185751
"HEME_vs_CONTROL",4,2,2,19,400,"floor_sqrt_p",5,12,3,0.94147582697201
"HEME_vs_CONTROL",4,2,2,19,400,"floor_sqrt_p",7,12,3,0.933842239185751
"HEME_vs_CONTROL",4,2,3,19,400,"floor_sqrt_p",2,13,3,0.916030534351145
"HEME_vs_CONTROL",4,2,3,19,400,"floor_sqrt_p",5,13,3,0.913486005089059
"HEME_vs_CONTROL",4,2,3,19,400,"floor_sqrt_p",7,13,3,0.918575063613232
"HEME_vs_CONTROL",4,2,4,19,400,"floor_sqrt_p",2,13,3,0.926020408163265
"HEME_vs_CONTROL",4,2,4,19,400,"floor_sqrt_p",5,13,3,0.928571428571429
"HEME_vs_CONTROL",4,2,4,19,400,"floor_sqrt_p",7,13,3,0.933673469387755
"HEME_vs_CONTROL",4,2,5,19,400,"floor_sqrt_p",2,13,3,0.923469387755102
"HEME_vs_CONTROL",4,2,5,19,400,"floor_sqrt_p",5,13,3,0.923469387755102
"HEME_vs_CONTROL",4,2,5,19,400,"floor_sqrt_p",7,13,3,0.926020408163265
"HEME_vs_CONTROL",4,2,1,20,400,"floor_sqrt_p",2,13,3,0.923664122137405
"HEME_vs_CONTROL",4,2,1,20,400,"floor_sqrt_p",5,13,3,0.921119592875318
"HEME_vs_CONTROL",4,2,1,20,400,"floor_sqrt_p",7,13,3,0.928753180661578
"HEME_vs_CONTROL",4,2,2,20,400,"floor_sqrt_p",2,13,3,0.94910941475827
"HEME_vs_CONTROL",4,2,2,20,400,"floor_sqrt_p",5,13,3,0.944020356234097
"HEME_vs_CONTROL",4,2,2,20,400,"floor_sqrt_p",7,13,3,0.938931297709924
"HEME_vs_CONTROL",4,2,3,20,400,"floor_sqrt_p",2,13,3,0.913486005089059
"HEME_vs_CONTROL",4,2,3,20,400,"floor_sqrt_p",5,13,3,0.913486005089059
"HEME_vs_CONTROL",4,2,3,20,400,"floor_sqrt_p",7,13,3,0.921119592875318
"HEME_vs_CONTROL",4,2,4,20,400,"floor_sqrt_p",2,13,3,0.931122448979592
"HEME_vs_CONTROL",4,2,4,20,400,"floor_sqrt_p",5,13,3,0.931122448979592
"HEME_vs_CONTROL",4,2,4,20,400,"floor_sqrt_p",7,13,3,0.931122448979592
"HEME_vs_CONTROL",4,2,5,20,400,"floor_sqrt_p",2,14,3,0.926020408163265
"HEME_vs_CONTROL",4,2,5,20,400,"floor_sqrt_p",5,14,3,0.926020408163265
"HEME_vs_CONTROL",4,2,5,20,400,"floor_sqrt_p",7,14,3,0.926020408163265
"HEME_vs_CONTROL",4,3,1,6,400,"floor_sqrt_p",2,6,2,0.94910941475827
"HEME_vs_CONTROL",4,3,1,6,400,"floor_sqrt_p",5,6,2,0.951653944020356
"HEME_vs_CONTROL",4,3,1,6,400,"floor_sqrt_p",7,6,2,0.94910941475827
"HEME_vs_CONTROL",4,3,2,6,400,"floor_sqrt_p",2,5,2,0.918575063613232
"HEME_vs_CONTROL",4,3,2,6,400,"floor_sqrt_p",5,5,2,0.928753180661578
"HEME_vs_CONTROL",4,3,2,6,400,"floor_sqrt_p",7,5,2,0.931297709923664
"HEME_vs_CONTROL",4,3,3,6,400,"floor_sqrt_p",2,5,2,0.918575063613232
"HEME_vs_CONTROL",4,3,3,6,400,"floor_sqrt_p",5,5,2,0.923664122137405
"HEME_vs_CONTROL",4,3,3,6,400,"floor_sqrt_p",7,5,2,0.916030534351145
"HEME_vs_CONTROL",4,3,4,6,400,"floor_sqrt_p",2,5,2,0.918575063613232
"HEME_vs_CONTROL",4,3,4,6,400,"floor_sqrt_p",5,5,2,0.921119592875318
"HEME_vs_CONTROL",4,3,4,6,400,"floor_sqrt_p",7,5,2,0.916030534351145
"HEME_vs_CONTROL",4,3,5,6,400,"floor_sqrt_p",2,5,2,0.920918367346939
"HEME_vs_CONTROL",4,3,5,6,400,"floor_sqrt_p",5,5,2,0.915816326530612
"HEME_vs_CONTROL",4,3,5,6,400,"floor_sqrt_p",7,5,2,0.920918367346939
"HEME_vs_CONTROL",4,3,1,7,400,"floor_sqrt_p",2,7,2,0.938931297709924
"HEME_vs_CONTROL",4,3,1,7,400,"floor_sqrt_p",5,7,2,0.938931297709924
"HEME_vs_CONTROL",4,3,1,7,400,"floor_sqrt_p",7,7,2,0.938931297709924
"HEME_vs_CONTROL",4,3,2,7,400,"floor_sqrt_p",2,7,2,0.910941475826972
"HEME_vs_CONTROL",4,3,2,7,400,"floor_sqrt_p",5,7,2,0.910941475826972
"HEME_vs_CONTROL",4,3,2,7,400,"floor_sqrt_p",7,7,2,0.916030534351145
"HEME_vs_CONTROL",4,3,3,7,400,"floor_sqrt_p",2,6,2,0.928753180661578
"HEME_vs_CONTROL",4,3,3,7,400,"floor_sqrt_p",5,6,2,0.931297709923664
"HEME_vs_CONTROL",4,3,3,7,400,"floor_sqrt_p",7,6,2,0.931297709923664
"HEME_vs_CONTROL",4,3,4,7,400,"floor_sqrt_p",2,7,2,0.938931297709924
"HEME_vs_CONTROL",4,3,4,7,400,"floor_sqrt_p",5,7,2,0.938931297709924
"HEME_vs_CONTROL",4,3,4,7,400,"floor_sqrt_p",7,7,2,0.933842239185751
"HEME_vs_CONTROL",4,3,5,7,400,"floor_sqrt_p",2,6,2,0.933673469387755
"HEME_vs_CONTROL",4,3,5,7,400,"floor_sqrt_p",5,6,2,0.931122448979592
"HEME_vs_CONTROL",4,3,5,7,400,"floor_sqrt_p",7,6,2,0.933673469387755
"HEME_vs_CONTROL",4,3,1,8,400,"floor_sqrt_p",2,7,2,0.94147582697201
"HEME_vs_CONTROL",4,3,1,8,400,"floor_sqrt_p",5,7,2,0.94147582697201
"HEME_vs_CONTROL",4,3,1,8,400,"floor_sqrt_p",7,7,2,0.94147582697201
"HEME_vs_CONTROL",4,3,2,8,400,"floor_sqrt_p",2,7,2,0.913486005089059
"HEME_vs_CONTROL",4,3,2,8,400,"floor_sqrt_p",5,7,2,0.913486005089059
"HEME_vs_CONTROL",4,3,2,8,400,"floor_sqrt_p",7,7,2,0.918575063613232
"HEME_vs_CONTROL",4,3,3,8,400,"floor_sqrt_p",2,7,2,0.933842239185751
"HEME_vs_CONTROL",4,3,3,8,400,"floor_sqrt_p",5,7,2,0.933842239185751
"HEME_vs_CONTROL",4,3,3,8,400,"floor_sqrt_p",7,7,2,0.933842239185751
"HEME_vs_CONTROL",4,3,4,8,400,"floor_sqrt_p",2,7,2,0.926208651399491
"HEME_vs_CONTROL",4,3,4,8,400,"floor_sqrt_p",5,7,2,0.926208651399491
"HEME_vs_CONTROL",4,3,4,8,400,"floor_sqrt_p",7,7,2,0.928753180661578
"HEME_vs_CONTROL",4,3,5,8,400,"floor_sqrt_p",2,7,2,0.931122448979592
"HEME_vs_CONTROL",4,3,5,8,400,"floor_sqrt_p",5,7,2,0.926020408163265
"HEME_vs_CONTROL",4,3,5,8,400,"floor_sqrt_p",7,7,2,0.926020408163265
"HEME_vs_CONTROL",4,3,1,9,400,"floor_sqrt_p",2,8,2,0.94910941475827
"HEME_vs_CONTROL",4,3,1,9,400,"floor_sqrt_p",5,8,2,0.94910941475827
"HEME_vs_CONTROL",4,3,1,9,400,"floor_sqrt_p",7,8,2,0.946564885496183
"HEME_vs_CONTROL",4,3,2,9,400,"floor_sqrt_p",2,8,2,0.918575063613232
"HEME_vs_CONTROL",4,3,2,9,400,"floor_sqrt_p",5,8,2,0.908396946564885
"HEME_vs_CONTROL",4,3,2,9,400,"floor_sqrt_p",7,8,2,0.916030534351145
"HEME_vs_CONTROL",4,3,3,9,400,"floor_sqrt_p",2,8,2,0.94147582697201
"HEME_vs_CONTROL",4,3,3,9,400,"floor_sqrt_p",5,8,2,0.933842239185751
"HEME_vs_CONTROL",4,3,3,9,400,"floor_sqrt_p",7,8,2,0.944020356234097
"HEME_vs_CONTROL",4,3,4,9,400,"floor_sqrt_p",2,8,2,0.94147582697201
"HEME_vs_CONTROL",4,3,4,9,400,"floor_sqrt_p",5,8,2,0.938931297709924
"HEME_vs_CONTROL",4,3,4,9,400,"floor_sqrt_p",7,8,2,0.94147582697201
"HEME_vs_CONTROL",4,3,5,9,400,"floor_sqrt_p",2,8,2,0.926020408163265
"HEME_vs_CONTROL",4,3,5,9,400,"floor_sqrt_p",5,8,2,0.923469387755102
"HEME_vs_CONTROL",4,3,5,9,400,"floor_sqrt_p",7,8,2,0.928571428571429
"HEME_vs_CONTROL",4,3,1,10,400,"floor_sqrt_p",2,9,3,0.938931297709924
"HEME_vs_CONTROL",4,3,1,10,400,"floor_sqrt_p",5,9,3,0.94147582697201
"HEME_vs_CONTROL",4,3,1,10,400,"floor_sqrt_p",7,9,3,0.936386768447837
"HEME_vs_CONTROL",4,3,2,10,400,"floor_sqrt_p",2,9,3,0.908396946564885
"HEME_vs_CONTROL",4,3,2,10,400,"floor_sqrt_p",5,9,3,0.916030534351145
"HEME_vs_CONTROL",4,3,2,10,400,"floor_sqrt_p",7,9,3,0.910941475826972
"HEME_vs_CONTROL",4,3,3,10,400,"floor_sqrt_p",2,8,2,0.933842239185751
"HEME_vs_CONTROL",4,3,3,10,400,"floor_sqrt_p",5,8,2,0.928753180661578
"HEME_vs_CONTROL",4,3,3,10,400,"floor_sqrt_p",7,8,2,0.936386768447837
"HEME_vs_CONTROL",4,3,4,10,400,"floor_sqrt_p",2,9,3,0.938931297709924
"HEME_vs_CONTROL",4,3,4,10,400,"floor_sqrt_p",5,9,3,0.933842239185751
"HEME_vs_CONTROL",4,3,4,10,400,"floor_sqrt_p",7,9,3,0.933842239185751
"HEME_vs_CONTROL",4,3,5,10,400,"floor_sqrt_p",2,8,2,0.920918367346939
"HEME_vs_CONTROL",4,3,5,10,400,"floor_sqrt_p",5,8,2,0.920918367346939
"HEME_vs_CONTROL",4,3,5,10,400,"floor_sqrt_p",7,8,2,0.920918367346939
"HEME_vs_CONTROL",4,3,1,11,400,"floor_sqrt_p",2,9,3,0.946564885496183
"HEME_vs_CONTROL",4,3,1,11,400,"floor_sqrt_p",5,9,3,0.938931297709924
"HEME_vs_CONTROL",4,3,1,11,400,"floor_sqrt_p",7,9,3,0.946564885496183
"HEME_vs_CONTROL",4,3,2,11,400,"floor_sqrt_p",2,9,3,0.944020356234097
"HEME_vs_CONTROL",4,3,2,11,400,"floor_sqrt_p",5,9,3,0.944020356234097
"HEME_vs_CONTROL",4,3,2,11,400,"floor_sqrt_p",7,9,3,0.946564885496183
"HEME_vs_CONTROL",4,3,3,11,400,"floor_sqrt_p",2,9,3,0.946564885496183
"HEME_vs_CONTROL",4,3,3,11,400,"floor_sqrt_p",5,9,3,0.944020356234097
"HEME_vs_CONTROL",4,3,3,11,400,"floor_sqrt_p",7,9,3,0.944020356234097
"HEME_vs_CONTROL",4,3,4,11,400,"floor_sqrt_p",2,9,3,0.936386768447837
"HEME_vs_CONTROL",4,3,4,11,400,"floor_sqrt_p",5,9,3,0.938931297709924
"HEME_vs_CONTROL",4,3,4,11,400,"floor_sqrt_p",7,9,3,0.936386768447837
"HEME_vs_CONTROL",4,3,5,11,400,"floor_sqrt_p",2,9,3,0.941326530612245
"HEME_vs_CONTROL",4,3,5,11,400,"floor_sqrt_p",5,9,3,0.933673469387755
"HEME_vs_CONTROL",4,3,5,11,400,"floor_sqrt_p",7,9,3,0.936224489795918
"HEME_vs_CONTROL",4,3,1,12,400,"floor_sqrt_p",2,10,3,0.956743002544529
"HEME_vs_CONTROL",4,3,1,12,400,"floor_sqrt_p",5,10,3,0.961832061068702
"HEME_vs_CONTROL",4,3,1,12,400,"floor_sqrt_p",7,10,3,0.956743002544529
"HEME_vs_CONTROL",4,3,2,12,400,"floor_sqrt_p",2,10,3,0.946564885496183
"HEME_vs_CONTROL",4,3,2,12,400,"floor_sqrt_p",5,10,3,0.946564885496183
"HEME_vs_CONTROL",4,3,2,12,400,"floor_sqrt_p",7,10,3,0.946564885496183
"HEME_vs_CONTROL",4,3,3,12,400,"floor_sqrt_p",2,9,3,0.94910941475827
"HEME_vs_CONTROL",4,3,3,12,400,"floor_sqrt_p",5,9,3,0.94910941475827
"HEME_vs_CONTROL",4,3,3,12,400,"floor_sqrt_p",7,9,3,0.94910941475827
"HEME_vs_CONTROL",4,3,4,12,400,"floor_sqrt_p",2,10,3,0.931297709923664
"HEME_vs_CONTROL",4,3,4,12,400,"floor_sqrt_p",5,10,3,0.926208651399491
"HEME_vs_CONTROL",4,3,4,12,400,"floor_sqrt_p",7,10,3,0.926208651399491
"HEME_vs_CONTROL",4,3,5,12,400,"floor_sqrt_p",2,9,3,0.941326530612245
"HEME_vs_CONTROL",4,3,5,12,400,"floor_sqrt_p",5,9,3,0.941326530612245
"HEME_vs_CONTROL",4,3,5,12,400,"floor_sqrt_p",7,9,3,0.941326530612245
"HEME_vs_CONTROL",4,3,1,13,400,"floor_sqrt_p",2,10,3,0.961832061068702
"HEME_vs_CONTROL",4,3,1,13,400,"floor_sqrt_p",5,10,3,0.961832061068702
"HEME_vs_CONTROL",4,3,1,13,400,"floor_sqrt_p",7,10,3,0.961832061068702
"HEME_vs_CONTROL",4,3,2,13,400,"floor_sqrt_p",2,10,3,0.936386768447837
"HEME_vs_CONTROL",4,3,2,13,400,"floor_sqrt_p",5,10,3,0.94147582697201
"HEME_vs_CONTROL",4,3,2,13,400,"floor_sqrt_p",7,10,3,0.94147582697201
"HEME_vs_CONTROL",4,3,3,13,400,"floor_sqrt_p",2,10,3,0.94147582697201
"HEME_vs_CONTROL",4,3,3,13,400,"floor_sqrt_p",5,10,3,0.938931297709924
"HEME_vs_CONTROL",4,3,3,13,400,"floor_sqrt_p",7,10,3,0.946564885496183
"HEME_vs_CONTROL",4,3,4,13,400,"floor_sqrt_p",2,10,3,0.928753180661578
"HEME_vs_CONTROL",4,3,4,13,400,"floor_sqrt_p",5,10,3,0.928753180661578
"HEME_vs_CONTROL",4,3,4,13,400,"floor_sqrt_p",7,10,3,0.923664122137405
"HEME_vs_CONTROL",4,3,5,13,400,"floor_sqrt_p",2,10,3,0.933673469387755
"HEME_vs_CONTROL",4,3,5,13,400,"floor_sqrt_p",5,10,3,0.938775510204082
"HEME_vs_CONTROL",4,3,5,13,400,"floor_sqrt_p",7,10,3,0.941326530612245
"HEME_vs_CONTROL",4,3,1,14,400,"floor_sqrt_p",2,11,3,0.946564885496183
"HEME_vs_CONTROL",4,3,1,14,400,"floor_sqrt_p",5,11,3,0.951653944020356
"HEME_vs_CONTROL",4,3,1,14,400,"floor_sqrt_p",7,11,3,0.946564885496183
"HEME_vs_CONTROL",4,3,2,14,400,"floor_sqrt_p",2,11,3,0.951653944020356
"HEME_vs_CONTROL",4,3,2,14,400,"floor_sqrt_p",5,11,3,0.94910941475827
"HEME_vs_CONTROL",4,3,2,14,400,"floor_sqrt_p",7,11,3,0.94910941475827
"HEME_vs_CONTROL",4,3,3,14,400,"floor_sqrt_p",2,10,3,0.94910941475827
"HEME_vs_CONTROL",4,3,3,14,400,"floor_sqrt_p",5,10,3,0.94910941475827
"HEME_vs_CONTROL",4,3,3,14,400,"floor_sqrt_p",7,10,3,0.951653944020356
"HEME_vs_CONTROL",4,3,4,14,400,"floor_sqrt_p",2,11,3,0.933842239185751
"HEME_vs_CONTROL",4,3,4,14,400,"floor_sqrt_p",5,11,3,0.933842239185751
"HEME_vs_CONTROL",4,3,4,14,400,"floor_sqrt_p",7,11,3,0.933842239185751
"HEME_vs_CONTROL",4,3,5,14,400,"floor_sqrt_p",2,10,3,0.928571428571429
"HEME_vs_CONTROL",4,3,5,14,400,"floor_sqrt_p",5,10,3,0.926020408163265
"HEME_vs_CONTROL",4,3,5,14,400,"floor_sqrt_p",7,10,3,0.928571428571429
"HEME_vs_CONTROL",4,3,1,15,400,"floor_sqrt_p",2,12,3,0.956743002544529
"HEME_vs_CONTROL",4,3,1,15,400,"floor_sqrt_p",5,12,3,0.946564885496183
"HEME_vs_CONTROL",4,3,1,15,400,"floor_sqrt_p",7,12,3,0.94910941475827
"HEME_vs_CONTROL",4,3,2,15,400,"floor_sqrt_p",2,11,3,0.933842239185751
"HEME_vs_CONTROL",4,3,2,15,400,"floor_sqrt_p",5,11,3,0.936386768447837
"HEME_vs_CONTROL",4,3,2,15,400,"floor_sqrt_p",7,11,3,0.931297709923664
"HEME_vs_CONTROL",4,3,3,15,400,"floor_sqrt_p",2,11,3,0.94147582697201
"HEME_vs_CONTROL",4,3,3,15,400,"floor_sqrt_p",5,11,3,0.94147582697201
"HEME_vs_CONTROL",4,3,3,15,400,"floor_sqrt_p",7,11,3,0.94147582697201
"HEME_vs_CONTROL",4,3,4,15,400,"floor_sqrt_p",2,11,3,0.944020356234097
"HEME_vs_CONTROL",4,3,4,15,400,"floor_sqrt_p",5,11,3,0.94147582697201
"HEME_vs_CONTROL",4,3,4,15,400,"floor_sqrt_p",7,11,3,0.94147582697201
"HEME_vs_CONTROL",4,3,5,15,400,"floor_sqrt_p",2,11,3,0.928571428571429
"HEME_vs_CONTROL",4,3,5,15,400,"floor_sqrt_p",5,11,3,0.933673469387755
"HEME_vs_CONTROL",4,3,5,15,400,"floor_sqrt_p",7,11,3,0.933673469387755
"HEME_vs_CONTROL",4,3,1,16,400,"floor_sqrt_p",2,12,3,0.954198473282443
"HEME_vs_CONTROL",4,3,1,16,400,"floor_sqrt_p",5,12,3,0.946564885496183
"HEME_vs_CONTROL",4,3,1,16,400,"floor_sqrt_p",7,12,3,0.951653944020356
"HEME_vs_CONTROL",4,3,2,16,400,"floor_sqrt_p",2,12,3,0.931297709923664
"HEME_vs_CONTROL",4,3,2,16,400,"floor_sqrt_p",5,12,3,0.928753180661578
"HEME_vs_CONTROL",4,3,2,16,400,"floor_sqrt_p",7,12,3,0.931297709923664
"HEME_vs_CONTROL",4,3,3,16,400,"floor_sqrt_p",2,11,3,0.94910941475827
"HEME_vs_CONTROL",4,3,3,16,400,"floor_sqrt_p",5,11,3,0.94147582697201
"HEME_vs_CONTROL",4,3,3,16,400,"floor_sqrt_p",7,11,3,0.946564885496183
"HEME_vs_CONTROL",4,3,4,16,400,"floor_sqrt_p",2,12,3,0.94147582697201
"HEME_vs_CONTROL",4,3,4,16,400,"floor_sqrt_p",5,12,3,0.94147582697201
"HEME_vs_CONTROL",4,3,4,16,400,"floor_sqrt_p",7,12,3,0.94147582697201
"HEME_vs_CONTROL",4,3,5,16,400,"floor_sqrt_p",2,11,3,0.946428571428571
"HEME_vs_CONTROL",4,3,5,16,400,"floor_sqrt_p",5,11,3,0.943877551020408
"HEME_vs_CONTROL",4,3,5,16,400,"floor_sqrt_p",7,11,3,0.943877551020408
"HEME_vs_CONTROL",4,3,1,17,400,"floor_sqrt_p",2,12,3,0.956743002544529
"HEME_vs_CONTROL",4,3,1,17,400,"floor_sqrt_p",5,12,3,0.954198473282443
"HEME_vs_CONTROL",4,3,1,17,400,"floor_sqrt_p",7,12,3,0.951653944020356
"HEME_vs_CONTROL",4,3,2,17,400,"floor_sqrt_p",2,12,3,0.921119592875318
"HEME_vs_CONTROL",4,3,2,17,400,"floor_sqrt_p",5,12,3,0.913486005089059
"HEME_vs_CONTROL",4,3,2,17,400,"floor_sqrt_p",7,12,3,0.918575063613232
"HEME_vs_CONTROL",4,3,3,17,400,"floor_sqrt_p",2,12,3,0.936386768447837
"HEME_vs_CONTROL",4,3,3,17,400,"floor_sqrt_p",5,12,3,0.931297709923664
"HEME_vs_CONTROL",4,3,3,17,400,"floor_sqrt_p",7,12,3,0.931297709923664
"HEME_vs_CONTROL",4,3,4,17,400,"floor_sqrt_p",2,12,3,0.938931297709924
"HEME_vs_CONTROL",4,3,4,17,400,"floor_sqrt_p",5,12,3,0.938931297709924
"HEME_vs_CONTROL",4,3,4,17,400,"floor_sqrt_p",7,12,3,0.936386768447837
"HEME_vs_CONTROL",4,3,5,17,400,"floor_sqrt_p",2,12,3,0.936224489795918
"HEME_vs_CONTROL",4,3,5,17,400,"floor_sqrt_p",5,12,3,0.938775510204082
"HEME_vs_CONTROL",4,3,5,17,400,"floor_sqrt_p",7,12,3,0.933673469387755
"HEME_vs_CONTROL",4,3,1,18,400,"floor_sqrt_p",2,13,3,0.951653944020356
"HEME_vs_CONTROL",4,3,1,18,400,"floor_sqrt_p",5,13,3,0.954198473282443
"HEME_vs_CONTROL",4,3,1,18,400,"floor_sqrt_p",7,13,3,0.954198473282443
"HEME_vs_CONTROL",4,3,2,18,400,"floor_sqrt_p",2,13,3,0.921119592875318
"HEME_vs_CONTROL",4,3,2,18,400,"floor_sqrt_p",5,13,3,0.918575063613232
"HEME_vs_CONTROL",4,3,2,18,400,"floor_sqrt_p",7,13,3,0.913486005089059
"HEME_vs_CONTROL",4,3,3,18,400,"floor_sqrt_p",2,12,3,0.926208651399491
"HEME_vs_CONTROL",4,3,3,18,400,"floor_sqrt_p",5,12,3,0.918575063613232
"HEME_vs_CONTROL",4,3,3,18,400,"floor_sqrt_p",7,12,3,0.923664122137405
"HEME_vs_CONTROL",4,3,4,18,400,"floor_sqrt_p",2,12,3,0.938931297709924
"HEME_vs_CONTROL",4,3,4,18,400,"floor_sqrt_p",5,12,3,0.936386768447837
"HEME_vs_CONTROL",4,3,4,18,400,"floor_sqrt_p",7,12,3,0.933842239185751
"HEME_vs_CONTROL",4,3,5,18,400,"floor_sqrt_p",2,12,3,0.931122448979592
"HEME_vs_CONTROL",4,3,5,18,400,"floor_sqrt_p",5,12,3,0.931122448979592
"HEME_vs_CONTROL",4,3,5,18,400,"floor_sqrt_p",7,12,3,0.931122448979592
"HEME_vs_CONTROL",4,3,1,19,400,"floor_sqrt_p",2,13,3,0.956743002544529
"HEME_vs_CONTROL",4,3,1,19,400,"floor_sqrt_p",5,13,3,0.959287531806616
"HEME_vs_CONTROL",4,3,1,19,400,"floor_sqrt_p",7,13,3,0.956743002544529
"HEME_vs_CONTROL",4,3,2,19,400,"floor_sqrt_p",2,13,3,0.916030534351145
"HEME_vs_CONTROL",4,3,2,19,400,"floor_sqrt_p",5,13,3,0.918575063613232
"HEME_vs_CONTROL",4,3,2,19,400,"floor_sqrt_p",7,13,3,0.913486005089059
"HEME_vs_CONTROL",4,3,3,19,400,"floor_sqrt_p",2,12,3,0.931297709923664
"HEME_vs_CONTROL",4,3,3,19,400,"floor_sqrt_p",5,12,3,0.928753180661578
"HEME_vs_CONTROL",4,3,3,19,400,"floor_sqrt_p",7,12,3,0.928753180661578
"HEME_vs_CONTROL",4,3,4,19,400,"floor_sqrt_p",2,13,3,0.936386768447837
"HEME_vs_CONTROL",4,3,4,19,400,"floor_sqrt_p",5,13,3,0.928753180661578
"HEME_vs_CONTROL",4,3,4,19,400,"floor_sqrt_p",7,13,3,0.933842239185751
"HEME_vs_CONTROL",4,3,5,19,400,"floor_sqrt_p",2,12,3,0.931122448979592
"HEME_vs_CONTROL",4,3,5,19,400,"floor_sqrt_p",5,12,3,0.920918367346939
"HEME_vs_CONTROL",4,3,5,19,400,"floor_sqrt_p",7,12,3,0.928571428571429
"HEME_vs_CONTROL",4,3,1,20,400,"floor_sqrt_p",2,13,3,0.954198473282443
"HEME_vs_CONTROL",4,3,1,20,400,"floor_sqrt_p",5,13,3,0.959287531806616
"HEME_vs_CONTROL",4,3,1,20,400,"floor_sqrt_p",7,13,3,0.954198473282443
"HEME_vs_CONTROL",4,3,2,20,400,"floor_sqrt_p",2,13,3,0.918575063613232
"HEME_vs_CONTROL",4,3,2,20,400,"floor_sqrt_p",5,13,3,0.923664122137405
"HEME_vs_CONTROL",4,3,2,20,400,"floor_sqrt_p",7,13,3,0.916030534351145
"HEME_vs_CONTROL",4,3,3,20,400,"floor_sqrt_p",2,13,3,0.926208651399491
"HEME_vs_CONTROL",4,3,3,20,400,"floor_sqrt_p",5,13,3,0.923664122137405
"HEME_vs_CONTROL",4,3,3,20,400,"floor_sqrt_p",7,13,3,0.931297709923664
"HEME_vs_CONTROL",4,3,4,20,400,"floor_sqrt_p",2,13,3,0.931297709923664
"HEME_vs_CONTROL",4,3,4,20,400,"floor_sqrt_p",5,13,3,0.928753180661578
"HEME_vs_CONTROL",4,3,4,20,400,"floor_sqrt_p",7,13,3,0.936386768447837
"HEME_vs_CONTROL",4,3,5,20,400,"floor_sqrt_p",2,13,3,0.931122448979592
"HEME_vs_CONTROL",4,3,5,20,400,"floor_sqrt_p",5,13,3,0.931122448979592
"HEME_vs_CONTROL",4,3,5,20,400,"floor_sqrt_p",7,13,3,0.928571428571429
"HEME_vs_CONTROL",4,4,1,6,400,"floor_sqrt_p",2,5,2,0.936548223350254
"HEME_vs_CONTROL",4,4,1,6,400,"floor_sqrt_p",5,5,2,0.936548223350254
"HEME_vs_CONTROL",4,4,1,6,400,"floor_sqrt_p",7,5,2,0.936548223350254
"HEME_vs_CONTROL",4,4,2,6,400,"floor_sqrt_p",2,5,2,0.926208651399491
"HEME_vs_CONTROL",4,4,2,6,400,"floor_sqrt_p",5,5,2,0.923664122137405
"HEME_vs_CONTROL",4,4,2,6,400,"floor_sqrt_p",7,5,2,0.931297709923664
"HEME_vs_CONTROL",4,4,3,6,400,"floor_sqrt_p",2,6,2,0.944020356234097
"HEME_vs_CONTROL",4,4,3,6,400,"floor_sqrt_p",5,6,2,0.946564885496183
"HEME_vs_CONTROL",4,4,3,6,400,"floor_sqrt_p",7,6,2,0.944020356234097
"HEME_vs_CONTROL",4,4,4,6,400,"floor_sqrt_p",2,5,2,0.916030534351145
"HEME_vs_CONTROL",4,4,4,6,400,"floor_sqrt_p",5,5,2,0.916030534351145
"HEME_vs_CONTROL",4,4,4,6,400,"floor_sqrt_p",7,5,2,0.916030534351145
"HEME_vs_CONTROL",4,4,5,6,400,"floor_sqrt_p",2,5,2,0.918367346938776
"HEME_vs_CONTROL",4,4,5,6,400,"floor_sqrt_p",5,5,2,0.923469387755102
"HEME_vs_CONTROL",4,4,5,6,400,"floor_sqrt_p",7,5,2,0.920918367346939
"HEME_vs_CONTROL",4,4,1,7,400,"floor_sqrt_p",2,7,2,0.944162436548223
"HEME_vs_CONTROL",4,4,1,7,400,"floor_sqrt_p",5,7,2,0.949238578680203
"HEME_vs_CONTROL",4,4,1,7,400,"floor_sqrt_p",7,7,2,0.941624365482233
"HEME_vs_CONTROL",4,4,2,7,400,"floor_sqrt_p",2,7,2,0.936386768447837
"HEME_vs_CONTROL",4,4,2,7,400,"floor_sqrt_p",5,7,2,0.931297709923664
"HEME_vs_CONTROL",4,4,2,7,400,"floor_sqrt_p",7,7,2,0.928753180661578
"HEME_vs_CONTROL",4,4,3,7,400,"floor_sqrt_p",2,7,2,0.94147582697201
"HEME_vs_CONTROL",4,4,3,7,400,"floor_sqrt_p",5,7,2,0.928753180661578
"HEME_vs_CONTROL",4,4,3,7,400,"floor_sqrt_p",7,7,2,0.931297709923664
"HEME_vs_CONTROL",4,4,4,7,400,"floor_sqrt_p",2,6,2,0.923664122137405
"HEME_vs_CONTROL",4,4,4,7,400,"floor_sqrt_p",5,6,2,0.923664122137405
"HEME_vs_CONTROL",4,4,4,7,400,"floor_sqrt_p",7,6,2,0.926208651399491
"HEME_vs_CONTROL",4,4,5,7,400,"floor_sqrt_p",2,7,2,0.933673469387755
"HEME_vs_CONTROL",4,4,5,7,400,"floor_sqrt_p",5,7,2,0.931122448979592
"HEME_vs_CONTROL",4,4,5,7,400,"floor_sqrt_p",7,7,2,0.936224489795918
"HEME_vs_CONTROL",4,4,1,8,400,"floor_sqrt_p",2,7,2,0.944162436548223
"HEME_vs_CONTROL",4,4,1,8,400,"floor_sqrt_p",5,7,2,0.941624365482233
"HEME_vs_CONTROL",4,4,1,8,400,"floor_sqrt_p",7,7,2,0.939086294416244
"HEME_vs_CONTROL",4,4,2,8,400,"floor_sqrt_p",2,7,2,0.928753180661578
"HEME_vs_CONTROL",4,4,2,8,400,"floor_sqrt_p",5,7,2,0.928753180661578
"HEME_vs_CONTROL",4,4,2,8,400,"floor_sqrt_p",7,7,2,0.928753180661578
"HEME_vs_CONTROL",4,4,3,8,400,"floor_sqrt_p",2,8,2,0.938931297709924
"HEME_vs_CONTROL",4,4,3,8,400,"floor_sqrt_p",5,8,2,0.944020356234097
"HEME_vs_CONTROL",4,4,3,8,400,"floor_sqrt_p",7,8,2,0.938931297709924
"HEME_vs_CONTROL",4,4,4,8,400,"floor_sqrt_p",2,7,2,0.921119592875318
"HEME_vs_CONTROL",4,4,4,8,400,"floor_sqrt_p",5,7,2,0.923664122137405
"HEME_vs_CONTROL",4,4,4,8,400,"floor_sqrt_p",7,7,2,0.916030534351145
"HEME_vs_CONTROL",4,4,5,8,400,"floor_sqrt_p",2,7,2,0.941326530612245
"HEME_vs_CONTROL",4,4,5,8,400,"floor_sqrt_p",5,7,2,0.938775510204082
"HEME_vs_CONTROL",4,4,5,8,400,"floor_sqrt_p",7,7,2,0.941326530612245
"HEME_vs_CONTROL",4,4,1,9,400,"floor_sqrt_p",2,8,2,0.939086294416244
"HEME_vs_CONTROL",4,4,1,9,400,"floor_sqrt_p",5,8,2,0.939086294416244
"HEME_vs_CONTROL",4,4,1,9,400,"floor_sqrt_p",7,8,2,0.941624365482233
"HEME_vs_CONTROL",4,4,2,9,400,"floor_sqrt_p",2,8,2,0.936386768447837
"HEME_vs_CONTROL",4,4,2,9,400,"floor_sqrt_p",5,8,2,0.933842239185751
"HEME_vs_CONTROL",4,4,2,9,400,"floor_sqrt_p",7,8,2,0.936386768447837
"HEME_vs_CONTROL",4,4,3,9,400,"floor_sqrt_p",2,8,2,0.931297709923664
"HEME_vs_CONTROL",4,4,3,9,400,"floor_sqrt_p",5,8,2,0.926208651399491
"HEME_vs_CONTROL",4,4,3,9,400,"floor_sqrt_p",7,8,2,0.926208651399491
"HEME_vs_CONTROL",4,4,4,9,400,"floor_sqrt_p",2,8,2,0.918575063613232
"HEME_vs_CONTROL",4,4,4,9,400,"floor_sqrt_p",5,8,2,0.916030534351145
"HEME_vs_CONTROL",4,4,4,9,400,"floor_sqrt_p",7,8,2,0.916030534351145
"HEME_vs_CONTROL",4,4,5,9,400,"floor_sqrt_p",2,8,2,0.933673469387755
"HEME_vs_CONTROL",4,4,5,9,400,"floor_sqrt_p",5,8,2,0.933673469387755
"HEME_vs_CONTROL",4,4,5,9,400,"floor_sqrt_p",7,8,2,0.933673469387755
"HEME_vs_CONTROL",4,4,1,10,400,"floor_sqrt_p",2,9,3,0.944162436548223
"HEME_vs_CONTROL",4,4,1,10,400,"floor_sqrt_p",5,9,3,0.944162436548223
"HEME_vs_CONTROL",4,4,1,10,400,"floor_sqrt_p",7,9,3,0.944162436548223
"HEME_vs_CONTROL",4,4,2,10,400,"floor_sqrt_p",2,9,3,0.946564885496183
"HEME_vs_CONTROL",4,4,2,10,400,"floor_sqrt_p",5,9,3,0.944020356234097
"HEME_vs_CONTROL",4,4,2,10,400,"floor_sqrt_p",7,9,3,0.944020356234097
"HEME_vs_CONTROL",4,4,3,10,400,"floor_sqrt_p",2,9,3,0.938931297709924
"HEME_vs_CONTROL",4,4,3,10,400,"floor_sqrt_p",5,9,3,0.94147582697201
"HEME_vs_CONTROL",4,4,3,10,400,"floor_sqrt_p",7,9,3,0.94147582697201
"HEME_vs_CONTROL",4,4,4,10,400,"floor_sqrt_p",2,8,2,0.921119592875318
"HEME_vs_CONTROL",4,4,4,10,400,"floor_sqrt_p",5,8,2,0.921119592875318
"HEME_vs_CONTROL",4,4,4,10,400,"floor_sqrt_p",7,8,2,0.921119592875318
"HEME_vs_CONTROL",4,4,5,10,400,"floor_sqrt_p",2,9,3,0.936224489795918
"HEME_vs_CONTROL",4,4,5,10,400,"floor_sqrt_p",5,9,3,0.936224489795918
"HEME_vs_CONTROL",4,4,5,10,400,"floor_sqrt_p",7,9,3,0.938775510204082
"HEME_vs_CONTROL",4,4,1,11,400,"floor_sqrt_p",2,9,3,0.941624365482233
"HEME_vs_CONTROL",4,4,1,11,400,"floor_sqrt_p",5,9,3,0.939086294416244
"HEME_vs_CONTROL",4,4,1,11,400,"floor_sqrt_p",7,9,3,0.941624365482233
"HEME_vs_CONTROL",4,4,2,11,400,"floor_sqrt_p",2,9,3,0.94147582697201
"HEME_vs_CONTROL",4,4,2,11,400,"floor_sqrt_p",5,9,3,0.936386768447837
"HEME_vs_CONTROL",4,4,2,11,400,"floor_sqrt_p",7,9,3,0.938931297709924
"HEME_vs_CONTROL",4,4,3,11,400,"floor_sqrt_p",2,10,3,0.944020356234097
"HEME_vs_CONTROL",4,4,3,11,400,"floor_sqrt_p",5,10,3,0.954198473282443
"HEME_vs_CONTROL",4,4,3,11,400,"floor_sqrt_p",7,10,3,0.946564885496183
"HEME_vs_CONTROL",4,4,4,11,400,"floor_sqrt_p",2,9,3,0.921119592875318
"HEME_vs_CONTROL",4,4,4,11,400,"floor_sqrt_p",5,9,3,0.923664122137405
"HEME_vs_CONTROL",4,4,4,11,400,"floor_sqrt_p",7,9,3,0.926208651399491
"HEME_vs_CONTROL",4,4,5,11,400,"floor_sqrt_p",2,9,3,0.931122448979592
"HEME_vs_CONTROL",4,4,5,11,400,"floor_sqrt_p",5,9,3,0.931122448979592
"HEME_vs_CONTROL",4,4,5,11,400,"floor_sqrt_p",7,9,3,0.928571428571429
"HEME_vs_CONTROL",4,4,1,12,400,"floor_sqrt_p",2,10,3,0.944162436548223
"HEME_vs_CONTROL",4,4,1,12,400,"floor_sqrt_p",5,10,3,0.944162436548223
"HEME_vs_CONTROL",4,4,1,12,400,"floor_sqrt_p",7,10,3,0.944162436548223
"HEME_vs_CONTROL",4,4,2,12,400,"floor_sqrt_p",2,10,3,0.944020356234097
"HEME_vs_CONTROL",4,4,2,12,400,"floor_sqrt_p",5,10,3,0.94147582697201
"HEME_vs_CONTROL",4,4,2,12,400,"floor_sqrt_p",7,10,3,0.946564885496183
"HEME_vs_CONTROL",4,4,3,12,400,"floor_sqrt_p",2,10,3,0.956743002544529
"HEME_vs_CONTROL",4,4,3,12,400,"floor_sqrt_p",5,10,3,0.951653944020356
"HEME_vs_CONTROL",4,4,3,12,400,"floor_sqrt_p",7,10,3,0.954198473282443
"HEME_vs_CONTROL",4,4,4,12,400,"floor_sqrt_p",2,10,3,0.933842239185751
"HEME_vs_CONTROL",4,4,4,12,400,"floor_sqrt_p",5,10,3,0.933842239185751
"HEME_vs_CONTROL",4,4,4,12,400,"floor_sqrt_p",7,10,3,0.928753180661578
"HEME_vs_CONTROL",4,4,5,12,400,"floor_sqrt_p",2,10,3,0.946428571428571
"HEME_vs_CONTROL",4,4,5,12,400,"floor_sqrt_p",5,10,3,0.946428571428571
"HEME_vs_CONTROL",4,4,5,12,400,"floor_sqrt_p",7,10,3,0.946428571428571
"HEME_vs_CONTROL",4,4,1,13,400,"floor_sqrt_p",2,10,3,0.946700507614213
"HEME_vs_CONTROL",4,4,1,13,400,"floor_sqrt_p",5,10,3,0.944162436548223
"HEME_vs_CONTROL",4,4,1,13,400,"floor_sqrt_p",7,10,3,0.941624365482233
"HEME_vs_CONTROL",4,4,2,13,400,"floor_sqrt_p",2,10,3,0.951653944020356
"HEME_vs_CONTROL",4,4,2,13,400,"floor_sqrt_p",5,10,3,0.94147582697201
"HEME_vs_CONTROL",4,4,2,13,400,"floor_sqrt_p",7,10,3,0.946564885496183
"HEME_vs_CONTROL",4,4,3,13,400,"floor_sqrt_p",2,11,3,0.951653944020356
"HEME_vs_CONTROL",4,4,3,13,400,"floor_sqrt_p",5,11,3,0.954198473282443
"HEME_vs_CONTROL",4,4,3,13,400,"floor_sqrt_p",7,11,3,0.944020356234097
"HEME_vs_CONTROL",4,4,4,13,400,"floor_sqrt_p",2,10,3,0.933842239185751
"HEME_vs_CONTROL",4,4,4,13,400,"floor_sqrt_p",5,10,3,0.944020356234097
"HEME_vs_CONTROL",4,4,4,13,400,"floor_sqrt_p",7,10,3,0.933842239185751
"HEME_vs_CONTROL",4,4,5,13,400,"floor_sqrt_p",2,10,3,0.941326530612245
"HEME_vs_CONTROL",4,4,5,13,400,"floor_sqrt_p",5,10,3,0.941326530612245
"HEME_vs_CONTROL",4,4,5,13,400,"floor_sqrt_p",7,10,3,0.943877551020408
"HEME_vs_CONTROL",4,4,1,14,400,"floor_sqrt_p",2,11,3,0.946700507614213
"HEME_vs_CONTROL",4,4,1,14,400,"floor_sqrt_p",5,11,3,0.946700507614213
"HEME_vs_CONTROL",4,4,1,14,400,"floor_sqrt_p",7,11,3,0.949238578680203
"HEME_vs_CONTROL",4,4,2,14,400,"floor_sqrt_p",2,11,3,0.94910941475827
"HEME_vs_CONTROL",4,4,2,14,400,"floor_sqrt_p",5,11,3,0.94147582697201
"HEME_vs_CONTROL",4,4,2,14,400,"floor_sqrt_p",7,11,3,0.946564885496183
"HEME_vs_CONTROL",4,4,3,14,400,"floor_sqrt_p",2,11,3,0.946564885496183
"HEME_vs_CONTROL",4,4,3,14,400,"floor_sqrt_p",5,11,3,0.94147582697201
"HEME_vs_CONTROL",4,4,3,14,400,"floor_sqrt_p",7,11,3,0.944020356234097
"HEME_vs_CONTROL",4,4,4,14,400,"floor_sqrt_p",2,11,3,0.951653944020356
"HEME_vs_CONTROL",4,4,4,14,400,"floor_sqrt_p",5,11,3,0.951653944020356
"HEME_vs_CONTROL",4,4,4,14,400,"floor_sqrt_p",7,11,3,0.951653944020356
"HEME_vs_CONTROL",4,4,5,14,400,"floor_sqrt_p",2,11,3,0.946428571428571
"HEME_vs_CONTROL",4,4,5,14,400,"floor_sqrt_p",5,11,3,0.943877551020408
"HEME_vs_CONTROL",4,4,5,14,400,"floor_sqrt_p",7,11,3,0.943877551020408
"HEME_vs_CONTROL",4,4,1,15,400,"floor_sqrt_p",2,11,3,0.944162436548223
"HEME_vs_CONTROL",4,4,1,15,400,"floor_sqrt_p",5,11,3,0.946700507614213
"HEME_vs_CONTROL",4,4,1,15,400,"floor_sqrt_p",7,11,3,0.946700507614213
"HEME_vs_CONTROL",4,4,2,15,400,"floor_sqrt_p",2,11,3,0.944020356234097
"HEME_vs_CONTROL",4,4,2,15,400,"floor_sqrt_p",5,11,3,0.94147582697201
"HEME_vs_CONTROL",4,4,2,15,400,"floor_sqrt_p",7,11,3,0.944020356234097
"HEME_vs_CONTROL",4,4,3,15,400,"floor_sqrt_p",2,12,3,0.936386768447837
"HEME_vs_CONTROL",4,4,3,15,400,"floor_sqrt_p",5,12,3,0.94147582697201
"HEME_vs_CONTROL",4,4,3,15,400,"floor_sqrt_p",7,12,3,0.938931297709924
"HEME_vs_CONTROL",4,4,4,15,400,"floor_sqrt_p",2,11,3,0.938931297709924
"HEME_vs_CONTROL",4,4,4,15,400,"floor_sqrt_p",5,11,3,0.938931297709924
"HEME_vs_CONTROL",4,4,4,15,400,"floor_sqrt_p",7,11,3,0.94147582697201
"HEME_vs_CONTROL",4,4,5,15,400,"floor_sqrt_p",2,11,3,0.943877551020408
"HEME_vs_CONTROL",4,4,5,15,400,"floor_sqrt_p",5,11,3,0.938775510204082
"HEME_vs_CONTROL",4,4,5,15,400,"floor_sqrt_p",7,11,3,0.941326530612245
"HEME_vs_CONTROL",4,4,1,16,400,"floor_sqrt_p",2,12,3,0.939086294416244
"HEME_vs_CONTROL",4,4,1,16,400,"floor_sqrt_p",5,12,3,0.939086294416244
"HEME_vs_CONTROL",4,4,1,16,400,"floor_sqrt_p",7,12,3,0.944162436548223
"HEME_vs_CONTROL",4,4,2,16,400,"floor_sqrt_p",2,12,3,0.933842239185751
"HEME_vs_CONTROL",4,4,2,16,400,"floor_sqrt_p",5,12,3,0.936386768447837
"HEME_vs_CONTROL",4,4,2,16,400,"floor_sqrt_p",7,12,3,0.944020356234097
"HEME_vs_CONTROL",4,4,3,16,400,"floor_sqrt_p",2,12,3,0.946564885496183
"HEME_vs_CONTROL",4,4,3,16,400,"floor_sqrt_p",5,12,3,0.944020356234097
"HEME_vs_CONTROL",4,4,3,16,400,"floor_sqrt_p",7,12,3,0.94147582697201
"HEME_vs_CONTROL",4,4,4,16,400,"floor_sqrt_p",2,11,3,0.933842239185751
"HEME_vs_CONTROL",4,4,4,16,400,"floor_sqrt_p",5,11,3,0.936386768447837
"HEME_vs_CONTROL",4,4,4,16,400,"floor_sqrt_p",7,11,3,0.931297709923664
"HEME_vs_CONTROL",4,4,5,16,400,"floor_sqrt_p",2,12,3,0.931122448979592
"HEME_vs_CONTROL",4,4,5,16,400,"floor_sqrt_p",5,12,3,0.926020408163265
"HEME_vs_CONTROL",4,4,5,16,400,"floor_sqrt_p",7,12,3,0.928571428571429
"HEME_vs_CONTROL",4,4,1,17,400,"floor_sqrt_p",2,12,3,0.934010152284264
"HEME_vs_CONTROL",4,4,1,17,400,"floor_sqrt_p",5,12,3,0.939086294416244
"HEME_vs_CONTROL",4,4,1,17,400,"floor_sqrt_p",7,12,3,0.939086294416244
"HEME_vs_CONTROL",4,4,2,17,400,"floor_sqrt_p",2,12,3,0.933842239185751
"HEME_vs_CONTROL",4,4,2,17,400,"floor_sqrt_p",5,12,3,0.928753180661578
"HEME_vs_CONTROL",4,4,2,17,400,"floor_sqrt_p",7,12,3,0.926208651399491
"HEME_vs_CONTROL",4,4,3,17,400,"floor_sqrt_p",2,13,3,0.94147582697201
"HEME_vs_CONTROL",4,4,3,17,400,"floor_sqrt_p",5,13,3,0.94147582697201
"HEME_vs_CONTROL",4,4,3,17,400,"floor_sqrt_p",7,13,3,0.94147582697201
"HEME_vs_CONTROL",4,4,4,17,400,"floor_sqrt_p",2,12,3,0.94147582697201
"HEME_vs_CONTROL",4,4,4,17,400,"floor_sqrt_p",5,12,3,0.936386768447837
"HEME_vs_CONTROL",4,4,4,17,400,"floor_sqrt_p",7,12,3,0.936386768447837
"HEME_vs_CONTROL",4,4,5,17,400,"floor_sqrt_p",2,12,3,0.943877551020408
"HEME_vs_CONTROL",4,4,5,17,400,"floor_sqrt_p",5,12,3,0.941326530612245
"HEME_vs_CONTROL",4,4,5,17,400,"floor_sqrt_p",7,12,3,0.941326530612245
"HEME_vs_CONTROL",4,4,1,18,400,"floor_sqrt_p",2,12,3,0.931472081218274
"HEME_vs_CONTROL",4,4,1,18,400,"floor_sqrt_p",5,12,3,0.928934010152284
"HEME_vs_CONTROL",4,4,1,18,400,"floor_sqrt_p",7,12,3,0.931472081218274
"HEME_vs_CONTROL",4,4,2,18,400,"floor_sqrt_p",2,12,3,0.931297709923664
"HEME_vs_CONTROL",4,4,2,18,400,"floor_sqrt_p",5,12,3,0.931297709923664
"HEME_vs_CONTROL",4,4,2,18,400,"floor_sqrt_p",7,12,3,0.928753180661578
"HEME_vs_CONTROL",4,4,3,18,400,"floor_sqrt_p",2,13,3,0.94147582697201
"HEME_vs_CONTROL",4,4,3,18,400,"floor_sqrt_p",5,13,3,0.938931297709924
"HEME_vs_CONTROL",4,4,3,18,400,"floor_sqrt_p",7,13,3,0.938931297709924
"HEME_vs_CONTROL",4,4,4,18,400,"floor_sqrt_p",2,12,3,0.933842239185751
"HEME_vs_CONTROL",4,4,4,18,400,"floor_sqrt_p",5,12,3,0.928753180661578
"HEME_vs_CONTROL",4,4,4,18,400,"floor_sqrt_p",7,12,3,0.931297709923664
"HEME_vs_CONTROL",4,4,5,18,400,"floor_sqrt_p",2,12,3,0.933673469387755
"HEME_vs_CONTROL",4,4,5,18,400,"floor_sqrt_p",5,12,3,0.933673469387755
"HEME_vs_CONTROL",4,4,5,18,400,"floor_sqrt_p",7,12,3,0.928571428571429
"HEME_vs_CONTROL",4,4,1,19,400,"floor_sqrt_p",2,13,3,0.941624365482233
"HEME_vs_CONTROL",4,4,1,19,400,"floor_sqrt_p",5,13,3,0.944162436548223
"HEME_vs_CONTROL",4,4,1,19,400,"floor_sqrt_p",7,13,3,0.941624365482233
"HEME_vs_CONTROL",4,4,2,19,400,"floor_sqrt_p",2,13,3,0.931297709923664
"HEME_vs_CONTROL",4,4,2,19,400,"floor_sqrt_p",5,13,3,0.938931297709924
"HEME_vs_CONTROL",4,4,2,19,400,"floor_sqrt_p",7,13,3,0.931297709923664
"HEME_vs_CONTROL",4,4,3,19,400,"floor_sqrt_p",2,13,3,0.928753180661578
"HEME_vs_CONTROL",4,4,3,19,400,"floor_sqrt_p",5,13,3,0.938931297709924
"HEME_vs_CONTROL",4,4,3,19,400,"floor_sqrt_p",7,13,3,0.938931297709924
"HEME_vs_CONTROL",4,4,4,19,400,"floor_sqrt_p",2,13,3,0.933842239185751
"HEME_vs_CONTROL",4,4,4,19,400,"floor_sqrt_p",5,13,3,0.931297709923664
"HEME_vs_CONTROL",4,4,4,19,400,"floor_sqrt_p",7,13,3,0.933842239185751
"HEME_vs_CONTROL",4,4,5,19,400,"floor_sqrt_p",2,13,3,0.928571428571429
"HEME_vs_CONTROL",4,4,5,19,400,"floor_sqrt_p",5,13,3,0.933673469387755
"HEME_vs_CONTROL",4,4,5,19,400,"floor_sqrt_p",7,13,3,0.926020408163265
"HEME_vs_CONTROL",4,4,1,20,400,"floor_sqrt_p",2,13,3,0.939086294416244
"HEME_vs_CONTROL",4,4,1,20,400,"floor_sqrt_p",5,13,3,0.939086294416244
"HEME_vs_CONTROL",4,4,1,20,400,"floor_sqrt_p",7,13,3,0.939086294416244
"HEME_vs_CONTROL",4,4,2,20,400,"floor_sqrt_p",2,13,3,0.936386768447837
"HEME_vs_CONTROL",4,4,2,20,400,"floor_sqrt_p",5,13,3,0.931297709923664
"HEME_vs_CONTROL",4,4,2,20,400,"floor_sqrt_p",7,13,3,0.931297709923664
"HEME_vs_CONTROL",4,4,3,20,400,"floor_sqrt_p",2,13,3,0.936386768447837
"HEME_vs_CONTROL",4,4,3,20,400,"floor_sqrt_p",5,13,3,0.928753180661578
"HEME_vs_CONTROL",4,4,3,20,400,"floor_sqrt_p",7,13,3,0.928753180661578
"HEME_vs_CONTROL",4,4,4,20,400,"floor_sqrt_p",2,13,3,0.938931297709924
"HEME_vs_CONTROL",4,4,4,20,400,"floor_sqrt_p",5,13,3,0.936386768447837
"HEME_vs_CONTROL",4,4,4,20,400,"floor_sqrt_p",7,13,3,0.944020356234097
"HEME_vs_CONTROL",4,4,5,20,400,"floor_sqrt_p",2,13,3,0.928571428571429
"HEME_vs_CONTROL",4,4,5,20,400,"floor_sqrt_p",5,13,3,0.926020408163265
"HEME_vs_CONTROL",4,4,5,20,400,"floor_sqrt_p",7,13,3,0.923469387755102
"HEME_vs_CONTROL",4,5,1,6,400,"floor_sqrt_p",2,5,2,0.928934010152284
"HEME_vs_CONTROL",4,5,1,6,400,"floor_sqrt_p",5,5,2,0.931472081218274
"HEME_vs_CONTROL",4,5,1,6,400,"floor_sqrt_p",7,5,2,0.936548223350254
"HEME_vs_CONTROL",4,5,2,6,400,"floor_sqrt_p",2,5,2,0.921119592875318
"HEME_vs_CONTROL",4,5,2,6,400,"floor_sqrt_p",5,5,2,0.918575063613232
"HEME_vs_CONTROL",4,5,2,6,400,"floor_sqrt_p",7,5,2,0.916030534351145
"HEME_vs_CONTROL",4,5,3,6,400,"floor_sqrt_p",2,5,2,0.933842239185751
"HEME_vs_CONTROL",4,5,3,6,400,"floor_sqrt_p",5,5,2,0.933842239185751
"HEME_vs_CONTROL",4,5,3,6,400,"floor_sqrt_p",7,5,2,0.936386768447837
"HEME_vs_CONTROL",4,5,4,6,400,"floor_sqrt_p",2,5,2,0.89058524173028
"HEME_vs_CONTROL",4,5,4,6,400,"floor_sqrt_p",5,5,2,0.89058524173028
"HEME_vs_CONTROL",4,5,4,6,400,"floor_sqrt_p",7,5,2,0.89058524173028
"HEME_vs_CONTROL",4,5,5,6,400,"floor_sqrt_p",2,5,2,0.920918367346939
"HEME_vs_CONTROL",4,5,5,6,400,"floor_sqrt_p",5,5,2,0.923469387755102
"HEME_vs_CONTROL",4,5,5,6,400,"floor_sqrt_p",7,5,2,0.920918367346939
"HEME_vs_CONTROL",4,5,1,7,400,"floor_sqrt_p",2,7,2,0.941624365482233
"HEME_vs_CONTROL",4,5,1,7,400,"floor_sqrt_p",5,7,2,0.939086294416244
"HEME_vs_CONTROL",4,5,1,7,400,"floor_sqrt_p",7,7,2,0.944162436548223
"HEME_vs_CONTROL",4,5,2,7,400,"floor_sqrt_p",2,7,2,0.928753180661578
"HEME_vs_CONTROL",4,5,2,7,400,"floor_sqrt_p",5,7,2,0.931297709923664
"HEME_vs_CONTROL",4,5,2,7,400,"floor_sqrt_p",7,7,2,0.928753180661578
"HEME_vs_CONTROL",4,5,3,7,400,"floor_sqrt_p",2,6,2,0.951653944020356
"HEME_vs_CONTROL",4,5,3,7,400,"floor_sqrt_p",5,6,2,0.954198473282443
"HEME_vs_CONTROL",4,5,3,7,400,"floor_sqrt_p",7,6,2,0.951653944020356
"HEME_vs_CONTROL",4,5,4,7,400,"floor_sqrt_p",2,6,2,0.898218829516539
"HEME_vs_CONTROL",4,5,4,7,400,"floor_sqrt_p",5,6,2,0.900763358778626
"HEME_vs_CONTROL",4,5,4,7,400,"floor_sqrt_p",7,6,2,0.898218829516539
"HEME_vs_CONTROL",4,5,5,7,400,"floor_sqrt_p",2,6,2,0.948979591836735
"HEME_vs_CONTROL",4,5,5,7,400,"floor_sqrt_p",5,6,2,0.948979591836735
"HEME_vs_CONTROL",4,5,5,7,400,"floor_sqrt_p",7,6,2,0.948979591836735
"HEME_vs_CONTROL",4,5,1,8,400,"floor_sqrt_p",2,7,2,0.939086294416244
"HEME_vs_CONTROL",4,5,1,8,400,"floor_sqrt_p",5,7,2,0.941624365482233
"HEME_vs_CONTROL",4,5,1,8,400,"floor_sqrt_p",7,7,2,0.936548223350254
"HEME_vs_CONTROL",4,5,2,8,400,"floor_sqrt_p",2,7,2,0.928753180661578
"HEME_vs_CONTROL",4,5,2,8,400,"floor_sqrt_p",5,7,2,0.926208651399491
"HEME_vs_CONTROL",4,5,2,8,400,"floor_sqrt_p",7,7,2,0.928753180661578
"HEME_vs_CONTROL",4,5,3,8,400,"floor_sqrt_p",2,7,2,0.94147582697201
"HEME_vs_CONTROL",4,5,3,8,400,"floor_sqrt_p",5,7,2,0.944020356234097
"HEME_vs_CONTROL",4,5,3,8,400,"floor_sqrt_p",7,7,2,0.94147582697201
"HEME_vs_CONTROL",4,5,4,8,400,"floor_sqrt_p",2,7,2,0.893129770992366
"HEME_vs_CONTROL",4,5,4,8,400,"floor_sqrt_p",5,7,2,0.900763358778626
"HEME_vs_CONTROL",4,5,4,8,400,"floor_sqrt_p",7,7,2,0.895674300254453
"HEME_vs_CONTROL",4,5,5,8,400,"floor_sqrt_p",2,7,2,0.936224489795918
"HEME_vs_CONTROL",4,5,5,8,400,"floor_sqrt_p",5,7,2,0.936224489795918
"HEME_vs_CONTROL",4,5,5,8,400,"floor_sqrt_p",7,7,2,0.936224489795918
"HEME_vs_CONTROL",4,5,1,9,400,"floor_sqrt_p",2,8,2,0.946700507614213
"HEME_vs_CONTROL",4,5,1,9,400,"floor_sqrt_p",5,8,2,0.946700507614213
"HEME_vs_CONTROL",4,5,1,9,400,"floor_sqrt_p",7,8,2,0.944162436548223
"HEME_vs_CONTROL",4,5,2,9,400,"floor_sqrt_p",2,8,2,0.933842239185751
"HEME_vs_CONTROL",4,5,2,9,400,"floor_sqrt_p",5,8,2,0.933842239185751
"HEME_vs_CONTROL",4,5,2,9,400,"floor_sqrt_p",7,8,2,0.933842239185751
"HEME_vs_CONTROL",4,5,3,9,400,"floor_sqrt_p",2,8,2,0.931297709923664
"HEME_vs_CONTROL",4,5,3,9,400,"floor_sqrt_p",5,8,2,0.933842239185751
"HEME_vs_CONTROL",4,5,3,9,400,"floor_sqrt_p",7,8,2,0.936386768447837
"HEME_vs_CONTROL",4,5,4,9,400,"floor_sqrt_p",2,8,2,0.913486005089059
"HEME_vs_CONTROL",4,5,4,9,400,"floor_sqrt_p",5,8,2,0.910941475826972
"HEME_vs_CONTROL",4,5,4,9,400,"floor_sqrt_p",7,8,2,0.916030534351145
"HEME_vs_CONTROL",4,5,5,9,400,"floor_sqrt_p",2,7,2,0.938775510204082
"HEME_vs_CONTROL",4,5,5,9,400,"floor_sqrt_p",5,7,2,0.941326530612245
"HEME_vs_CONTROL",4,5,5,9,400,"floor_sqrt_p",7,7,2,0.941326530612245
"HEME_vs_CONTROL",4,5,1,10,400,"floor_sqrt_p",2,8,2,0.934010152284264
"HEME_vs_CONTROL",4,5,1,10,400,"floor_sqrt_p",5,8,2,0.934010152284264
"HEME_vs_CONTROL",4,5,1,10,400,"floor_sqrt_p",7,8,2,0.936548223350254
"HEME_vs_CONTROL",4,5,2,10,400,"floor_sqrt_p",2,9,3,0.928753180661578
"HEME_vs_CONTROL",4,5,2,10,400,"floor_sqrt_p",5,9,3,0.928753180661578
"HEME_vs_CONTROL",4,5,2,10,400,"floor_sqrt_p",7,9,3,0.928753180661578
"HEME_vs_CONTROL",4,5,3,10,400,"floor_sqrt_p",2,8,2,0.936386768447837
"HEME_vs_CONTROL",4,5,3,10,400,"floor_sqrt_p",5,8,2,0.944020356234097
"HEME_vs_CONTROL",4,5,3,10,400,"floor_sqrt_p",7,8,2,0.938931297709924
"HEME_vs_CONTROL",4,5,4,10,400,"floor_sqrt_p",2,8,2,0.900763358778626
"HEME_vs_CONTROL",4,5,4,10,400,"floor_sqrt_p",5,8,2,0.895674300254453
"HEME_vs_CONTROL",4,5,4,10,400,"floor_sqrt_p",7,8,2,0.898218829516539
"HEME_vs_CONTROL",4,5,5,10,400,"floor_sqrt_p",2,8,2,0.938775510204082
"HEME_vs_CONTROL",4,5,5,10,400,"floor_sqrt_p",5,8,2,0.933673469387755
"HEME_vs_CONTROL",4,5,5,10,400,"floor_sqrt_p",7,8,2,0.936224489795918
"HEME_vs_CONTROL",4,5,1,11,400,"floor_sqrt_p",2,9,3,0.944162436548223
"HEME_vs_CONTROL",4,5,1,11,400,"floor_sqrt_p",5,9,3,0.946700507614213
"HEME_vs_CONTROL",4,5,1,11,400,"floor_sqrt_p",7,9,3,0.949238578680203
"HEME_vs_CONTROL",4,5,2,11,400,"floor_sqrt_p",2,9,3,0.936386768447837
"HEME_vs_CONTROL",4,5,2,11,400,"floor_sqrt_p",5,9,3,0.936386768447837
"HEME_vs_CONTROL",4,5,2,11,400,"floor_sqrt_p",7,9,3,0.936386768447837
"HEME_vs_CONTROL",4,5,3,11,400,"floor_sqrt_p",2,9,3,0.933842239185751
"HEME_vs_CONTROL",4,5,3,11,400,"floor_sqrt_p",5,9,3,0.933842239185751
"HEME_vs_CONTROL",4,5,3,11,400,"floor_sqrt_p",7,9,3,0.933842239185751
"HEME_vs_CONTROL",4,5,4,11,400,"floor_sqrt_p",2,9,3,0.918575063613232
"HEME_vs_CONTROL",4,5,4,11,400,"floor_sqrt_p",5,9,3,0.921119592875318
"HEME_vs_CONTROL",4,5,4,11,400,"floor_sqrt_p",7,9,3,0.918575063613232
"HEME_vs_CONTROL",4,5,5,11,400,"floor_sqrt_p",2,9,3,0.946428571428571
"HEME_vs_CONTROL",4,5,5,11,400,"floor_sqrt_p",5,9,3,0.946428571428571
"HEME_vs_CONTROL",4,5,5,11,400,"floor_sqrt_p",7,9,3,0.943877551020408
"HEME_vs_CONTROL",4,5,1,12,400,"floor_sqrt_p",2,10,3,0.944162436548223
"HEME_vs_CONTROL",4,5,1,12,400,"floor_sqrt_p",5,10,3,0.946700507614213
"HEME_vs_CONTROL",4,5,1,12,400,"floor_sqrt_p",7,10,3,0.949238578680203
"HEME_vs_CONTROL",4,5,2,12,400,"floor_sqrt_p",2,10,3,0.94147582697201
"HEME_vs_CONTROL",4,5,2,12,400,"floor_sqrt_p",5,10,3,0.94147582697201
"HEME_vs_CONTROL",4,5,2,12,400,"floor_sqrt_p",7,10,3,0.944020356234097
"HEME_vs_CONTROL",4,5,3,12,400,"floor_sqrt_p",2,9,3,0.94910941475827
"HEME_vs_CONTROL",4,5,3,12,400,"floor_sqrt_p",5,9,3,0.946564885496183
"HEME_vs_CONTROL",4,5,3,12,400,"floor_sqrt_p",7,9,3,0.94910941475827
"HEME_vs_CONTROL",4,5,4,12,400,"floor_sqrt_p",2,9,3,0.928753180661578
"HEME_vs_CONTROL",4,5,4,12,400,"floor_sqrt_p",5,9,3,0.923664122137405
"HEME_vs_CONTROL",4,5,4,12,400,"floor_sqrt_p",7,9,3,0.928753180661578
"HEME_vs_CONTROL",4,5,5,12,400,"floor_sqrt_p",2,9,3,0.954081632653061
"HEME_vs_CONTROL",4,5,5,12,400,"floor_sqrt_p",5,9,3,0.948979591836735
"HEME_vs_CONTROL",4,5,5,12,400,"floor_sqrt_p",7,9,3,0.954081632653061
"HEME_vs_CONTROL",4,5,1,13,400,"floor_sqrt_p",2,10,3,0.949238578680203
"HEME_vs_CONTROL",4,5,1,13,400,"floor_sqrt_p",5,10,3,0.946700507614213
"HEME_vs_CONTROL",4,5,1,13,400,"floor_sqrt_p",7,10,3,0.946700507614213
"HEME_vs_CONTROL",4,5,2,13,400,"floor_sqrt_p",2,10,3,0.946564885496183
"HEME_vs_CONTROL",4,5,2,13,400,"floor_sqrt_p",5,10,3,0.946564885496183
"HEME_vs_CONTROL",4,5,2,13,400,"floor_sqrt_p",7,10,3,0.951653944020356
"HEME_vs_CONTROL",4,5,3,13,400,"floor_sqrt_p",2,10,3,0.951653944020356
"HEME_vs_CONTROL",4,5,3,13,400,"floor_sqrt_p",5,10,3,0.951653944020356
"HEME_vs_CONTROL",4,5,3,13,400,"floor_sqrt_p",7,10,3,0.94910941475827
"HEME_vs_CONTROL",4,5,4,13,400,"floor_sqrt_p",2,10,3,0.928753180661578
"HEME_vs_CONTROL",4,5,4,13,400,"floor_sqrt_p",5,10,3,0.928753180661578
"HEME_vs_CONTROL",4,5,4,13,400,"floor_sqrt_p",7,10,3,0.928753180661578
"HEME_vs_CONTROL",4,5,5,13,400,"floor_sqrt_p",2,10,3,0.956632653061224
"HEME_vs_CONTROL",4,5,5,13,400,"floor_sqrt_p",5,10,3,0.948979591836735
"HEME_vs_CONTROL",4,5,5,13,400,"floor_sqrt_p",7,10,3,0.943877551020408
"HEME_vs_CONTROL",4,5,1,14,400,"floor_sqrt_p",2,11,3,0.951776649746193
"HEME_vs_CONTROL",4,5,1,14,400,"floor_sqrt_p",5,11,3,0.949238578680203
"HEME_vs_CONTROL",4,5,1,14,400,"floor_sqrt_p",7,11,3,0.949238578680203
"HEME_vs_CONTROL",4,5,2,14,400,"floor_sqrt_p",2,11,3,0.944020356234097
"HEME_vs_CONTROL",4,5,2,14,400,"floor_sqrt_p",5,11,3,0.946564885496183
"HEME_vs_CONTROL",4,5,2,14,400,"floor_sqrt_p",7,11,3,0.946564885496183
"HEME_vs_CONTROL",4,5,3,14,400,"floor_sqrt_p",2,10,3,0.954198473282443
"HEME_vs_CONTROL",4,5,3,14,400,"floor_sqrt_p",5,10,3,0.954198473282443
"HEME_vs_CONTROL",4,5,3,14,400,"floor_sqrt_p",7,10,3,0.946564885496183
"HEME_vs_CONTROL",4,5,4,14,400,"floor_sqrt_p",2,11,3,0.928753180661578
"HEME_vs_CONTROL",4,5,4,14,400,"floor_sqrt_p",5,11,3,0.923664122137405
"HEME_vs_CONTROL",4,5,4,14,400,"floor_sqrt_p",7,11,3,0.923664122137405
"HEME_vs_CONTROL",4,5,5,14,400,"floor_sqrt_p",2,10,3,0.954081632653061
"HEME_vs_CONTROL",4,5,5,14,400,"floor_sqrt_p",5,10,3,0.954081632653061
"HEME_vs_CONTROL",4,5,5,14,400,"floor_sqrt_p",7,10,3,0.956632653061224
"HEME_vs_CONTROL",4,5,1,15,400,"floor_sqrt_p",2,11,3,0.946700507614213
"HEME_vs_CONTROL",4,5,1,15,400,"floor_sqrt_p",5,11,3,0.946700507614213
"HEME_vs_CONTROL",4,5,1,15,400,"floor_sqrt_p",7,11,3,0.946700507614213
"HEME_vs_CONTROL",4,5,2,15,400,"floor_sqrt_p",2,11,3,0.936386768447837
"HEME_vs_CONTROL",4,5,2,15,400,"floor_sqrt_p",5,11,3,0.946564885496183
"HEME_vs_CONTROL",4,5,2,15,400,"floor_sqrt_p",7,11,3,0.94147582697201
"HEME_vs_CONTROL",4,5,3,15,400,"floor_sqrt_p",2,11,3,0.94910941475827
"HEME_vs_CONTROL",4,5,3,15,400,"floor_sqrt_p",5,11,3,0.94910941475827
"HEME_vs_CONTROL",4,5,3,15,400,"floor_sqrt_p",7,11,3,0.94910941475827
"HEME_vs_CONTROL",4,5,4,15,400,"floor_sqrt_p",2,11,3,0.921119592875318
"HEME_vs_CONTROL",4,5,4,15,400,"floor_sqrt_p",5,11,3,0.916030534351145
"HEME_vs_CONTROL",4,5,4,15,400,"floor_sqrt_p",7,11,3,0.910941475826972
"HEME_vs_CONTROL",4,5,5,15,400,"floor_sqrt_p",2,11,3,0.948979591836735
"HEME_vs_CONTROL",4,5,5,15,400,"floor_sqrt_p",5,11,3,0.948979591836735
"HEME_vs_CONTROL",4,5,5,15,400,"floor_sqrt_p",7,11,3,0.948979591836735
"HEME_vs_CONTROL",4,5,1,16,400,"floor_sqrt_p",2,12,3,0.941624365482233
"HEME_vs_CONTROL",4,5,1,16,400,"floor_sqrt_p",5,12,3,0.939086294416244
"HEME_vs_CONTROL",4,5,1,16,400,"floor_sqrt_p",7,12,3,0.939086294416244
"HEME_vs_CONTROL",4,5,2,16,400,"floor_sqrt_p",2,12,3,0.94910941475827
"HEME_vs_CONTROL",4,5,2,16,400,"floor_sqrt_p",5,12,3,0.946564885496183
"HEME_vs_CONTROL",4,5,2,16,400,"floor_sqrt_p",7,12,3,0.94147582697201
"HEME_vs_CONTROL",4,5,3,16,400,"floor_sqrt_p",2,11,3,0.946564885496183
"HEME_vs_CONTROL",4,5,3,16,400,"floor_sqrt_p",5,11,3,0.946564885496183
"HEME_vs_CONTROL",4,5,3,16,400,"floor_sqrt_p",7,11,3,0.944020356234097
"HEME_vs_CONTROL",4,5,4,16,400,"floor_sqrt_p",2,12,3,0.916030534351145
"HEME_vs_CONTROL",4,5,4,16,400,"floor_sqrt_p",5,12,3,0.908396946564885
"HEME_vs_CONTROL",4,5,4,16,400,"floor_sqrt_p",7,12,3,0.921119592875318
"HEME_vs_CONTROL",4,5,5,16,400,"floor_sqrt_p",2,11,3,0.948979591836735
"HEME_vs_CONTROL",4,5,5,16,400,"floor_sqrt_p",5,11,3,0.943877551020408
"HEME_vs_CONTROL",4,5,5,16,400,"floor_sqrt_p",7,11,3,0.946428571428571
"HEME_vs_CONTROL",4,5,1,17,400,"floor_sqrt_p",2,12,3,0.931472081218274
"HEME_vs_CONTROL",4,5,1,17,400,"floor_sqrt_p",5,12,3,0.934010152284264
"HEME_vs_CONTROL",4,5,1,17,400,"floor_sqrt_p",7,12,3,0.931472081218274
"HEME_vs_CONTROL",4,5,2,17,400,"floor_sqrt_p",2,12,3,0.938931297709924
"HEME_vs_CONTROL",4,5,2,17,400,"floor_sqrt_p",5,12,3,0.931297709923664
"HEME_vs_CONTROL",4,5,2,17,400,"floor_sqrt_p",7,12,3,0.933842239185751
"HEME_vs_CONTROL",4,5,3,17,400,"floor_sqrt_p",2,12,3,0.944020356234097
"HEME_vs_CONTROL",4,5,3,17,400,"floor_sqrt_p",5,12,3,0.946564885496183
"HEME_vs_CONTROL",4,5,3,17,400,"floor_sqrt_p",7,12,3,0.94147582697201
"HEME_vs_CONTROL",4,5,4,17,400,"floor_sqrt_p",2,12,3,0.903307888040712
"HEME_vs_CONTROL",4,5,4,17,400,"floor_sqrt_p",5,12,3,0.903307888040712
"HEME_vs_CONTROL",4,5,4,17,400,"floor_sqrt_p",7,12,3,0.910941475826972
"HEME_vs_CONTROL",4,5,5,17,400,"floor_sqrt_p",2,12,3,0.943877551020408
"HEME_vs_CONTROL",4,5,5,17,400,"floor_sqrt_p",5,12,3,0.946428571428571
"HEME_vs_CONTROL",4,5,5,17,400,"floor_sqrt_p",7,12,3,0.943877551020408
"HEME_vs_CONTROL",4,5,1,18,400,"floor_sqrt_p",2,12,3,0.939086294416244
"HEME_vs_CONTROL",4,5,1,18,400,"floor_sqrt_p",5,12,3,0.934010152284264
"HEME_vs_CONTROL",4,5,1,18,400,"floor_sqrt_p",7,12,3,0.936548223350254
"HEME_vs_CONTROL",4,5,2,18,400,"floor_sqrt_p",2,12,3,0.923664122137405
"HEME_vs_CONTROL",4,5,2,18,400,"floor_sqrt_p",5,12,3,0.926208651399491
"HEME_vs_CONTROL",4,5,2,18,400,"floor_sqrt_p",7,12,3,0.923664122137405
"HEME_vs_CONTROL",4,5,3,18,400,"floor_sqrt_p",2,12,3,0.936386768447837
"HEME_vs_CONTROL",4,5,3,18,400,"floor_sqrt_p",5,12,3,0.933842239185751
"HEME_vs_CONTROL",4,5,3,18,400,"floor_sqrt_p",7,12,3,0.936386768447837
"HEME_vs_CONTROL",4,5,4,18,400,"floor_sqrt_p",2,12,3,0.916030534351145
"HEME_vs_CONTROL",4,5,4,18,400,"floor_sqrt_p",5,12,3,0.916030534351145
"HEME_vs_CONTROL",4,5,4,18,400,"floor_sqrt_p",7,12,3,0.913486005089059
"HEME_vs_CONTROL",4,5,5,18,400,"floor_sqrt_p",2,12,3,0.933673469387755
"HEME_vs_CONTROL",4,5,5,18,400,"floor_sqrt_p",5,12,3,0.933673469387755
"HEME_vs_CONTROL",4,5,5,18,400,"floor_sqrt_p",7,12,3,0.936224489795918
"HEME_vs_CONTROL",4,5,1,19,400,"floor_sqrt_p",2,13,3,0.936548223350254
"HEME_vs_CONTROL",4,5,1,19,400,"floor_sqrt_p",5,13,3,0.941624365482233
"HEME_vs_CONTROL",4,5,1,19,400,"floor_sqrt_p",7,13,3,0.936548223350254
"HEME_vs_CONTROL",4,5,2,19,400,"floor_sqrt_p",2,13,3,0.933842239185751
"HEME_vs_CONTROL",4,5,2,19,400,"floor_sqrt_p",5,13,3,0.926208651399491
"HEME_vs_CONTROL",4,5,2,19,400,"floor_sqrt_p",7,13,3,0.923664122137405
"HEME_vs_CONTROL",4,5,3,19,400,"floor_sqrt_p",2,12,3,0.938931297709924
"HEME_vs_CONTROL",4,5,3,19,400,"floor_sqrt_p",5,12,3,0.931297709923664
"HEME_vs_CONTROL",4,5,3,19,400,"floor_sqrt_p",7,12,3,0.931297709923664
"HEME_vs_CONTROL",4,5,4,19,400,"floor_sqrt_p",2,13,3,0.913486005089059
"HEME_vs_CONTROL",4,5,4,19,400,"floor_sqrt_p",5,13,3,0.921119592875318
"HEME_vs_CONTROL",4,5,4,19,400,"floor_sqrt_p",7,13,3,0.921119592875318
"HEME_vs_CONTROL",4,5,5,19,400,"floor_sqrt_p",2,12,3,0.933673469387755
"HEME_vs_CONTROL",4,5,5,19,400,"floor_sqrt_p",5,12,3,0.928571428571429
"HEME_vs_CONTROL",4,5,5,19,400,"floor_sqrt_p",7,12,3,0.926020408163265
"HEME_vs_CONTROL",4,5,1,20,400,"floor_sqrt_p",2,13,3,0.934010152284264
"HEME_vs_CONTROL",4,5,1,20,400,"floor_sqrt_p",5,13,3,0.934010152284264
"HEME_vs_CONTROL",4,5,1,20,400,"floor_sqrt_p",7,13,3,0.934010152284264
"HEME_vs_CONTROL",4,5,2,20,400,"floor_sqrt_p",2,13,3,0.928753180661578
"HEME_vs_CONTROL",4,5,2,20,400,"floor_sqrt_p",5,13,3,0.928753180661578
"HEME_vs_CONTROL",4,5,2,20,400,"floor_sqrt_p",7,13,3,0.928753180661578
"HEME_vs_CONTROL",4,5,3,20,400,"floor_sqrt_p",2,13,3,0.921119592875318
"HEME_vs_CONTROL",4,5,3,20,400,"floor_sqrt_p",5,13,3,0.921119592875318
"HEME_vs_CONTROL",4,5,3,20,400,"floor_sqrt_p",7,13,3,0.913486005089059
"HEME_vs_CONTROL",4,5,4,20,400,"floor_sqrt_p",2,13,3,0.923664122137405
"HEME_vs_CONTROL",4,5,4,20,400,"floor_sqrt_p",5,13,3,0.921119592875318
"HEME_vs_CONTROL",4,5,4,20,400,"floor_sqrt_p",7,13,3,0.918575063613232
"HEME_vs_CONTROL",4,5,5,20,400,"floor_sqrt_p",2,13,3,0.923469387755102
"HEME_vs_CONTROL",4,5,5,20,400,"floor_sqrt_p",5,13,3,0.926020408163265
"HEME_vs_CONTROL",4,5,5,20,400,"floor_sqrt_p",7,13,3,0.923469387755102
"HEME_vs_CONTROL",5,1,1,6,400,"floor_sqrt_p",2,5,2,0.931297709923664
"HEME_vs_CONTROL",5,1,1,6,400,"floor_sqrt_p",5,5,2,0.936386768447837
"HEME_vs_CONTROL",5,1,1,6,400,"floor_sqrt_p",7,5,2,0.936386768447837
"HEME_vs_CONTROL",5,1,2,6,400,"floor_sqrt_p",2,5,2,0.895674300254453
"HEME_vs_CONTROL",5,1,2,6,400,"floor_sqrt_p",5,5,2,0.895674300254453
"HEME_vs_CONTROL",5,1,2,6,400,"floor_sqrt_p",7,5,2,0.898218829516539
"HEME_vs_CONTROL",5,1,3,6,400,"floor_sqrt_p",2,6,2,0.931297709923664
"HEME_vs_CONTROL",5,1,3,6,400,"floor_sqrt_p",5,6,2,0.931297709923664
"HEME_vs_CONTROL",5,1,3,6,400,"floor_sqrt_p",7,6,2,0.931297709923664
"HEME_vs_CONTROL",5,1,4,6,400,"floor_sqrt_p",2,6,2,0.948979591836735
"HEME_vs_CONTROL",5,1,4,6,400,"floor_sqrt_p",5,6,2,0.946428571428571
"HEME_vs_CONTROL",5,1,4,6,400,"floor_sqrt_p",7,6,2,0.946428571428571
"HEME_vs_CONTROL",5,1,5,6,400,"floor_sqrt_p",2,6,2,0.948979591836735
"HEME_vs_CONTROL",5,1,5,6,400,"floor_sqrt_p",5,6,2,0.946428571428571
"HEME_vs_CONTROL",5,1,5,6,400,"floor_sqrt_p",7,6,2,0.943877551020408
"HEME_vs_CONTROL",5,1,1,7,400,"floor_sqrt_p",2,7,2,0.928753180661578
"HEME_vs_CONTROL",5,1,1,7,400,"floor_sqrt_p",5,7,2,0.931297709923664
"HEME_vs_CONTROL",5,1,1,7,400,"floor_sqrt_p",7,7,2,0.928753180661578
"HEME_vs_CONTROL",5,1,2,7,400,"floor_sqrt_p",2,7,2,0.913486005089059
"HEME_vs_CONTROL",5,1,2,7,400,"floor_sqrt_p",5,7,2,0.913486005089059
"HEME_vs_CONTROL",5,1,2,7,400,"floor_sqrt_p",7,7,2,0.918575063613232
"HEME_vs_CONTROL",5,1,3,7,400,"floor_sqrt_p",2,7,2,0.928753180661578
"HEME_vs_CONTROL",5,1,3,7,400,"floor_sqrt_p",5,7,2,0.928753180661578
"HEME_vs_CONTROL",5,1,3,7,400,"floor_sqrt_p",7,7,2,0.926208651399491
"HEME_vs_CONTROL",5,1,4,7,400,"floor_sqrt_p",2,7,2,0.956632653061224
"HEME_vs_CONTROL",5,1,4,7,400,"floor_sqrt_p",5,7,2,0.948979591836735
"HEME_vs_CONTROL",5,1,4,7,400,"floor_sqrt_p",7,7,2,0.951530612244898
"HEME_vs_CONTROL",5,1,5,7,400,"floor_sqrt_p",2,7,2,0.946428571428571
"HEME_vs_CONTROL",5,1,5,7,400,"floor_sqrt_p",5,7,2,0.948979591836735
"HEME_vs_CONTROL",5,1,5,7,400,"floor_sqrt_p",7,7,2,0.946428571428571
"HEME_vs_CONTROL",5,1,1,8,400,"floor_sqrt_p",2,7,2,0.928753180661578
"HEME_vs_CONTROL",5,1,1,8,400,"floor_sqrt_p",5,7,2,0.926208651399491
"HEME_vs_CONTROL",5,1,1,8,400,"floor_sqrt_p",7,7,2,0.926208651399491
"HEME_vs_CONTROL",5,1,2,8,400,"floor_sqrt_p",2,7,2,0.910941475826972
"HEME_vs_CONTROL",5,1,2,8,400,"floor_sqrt_p",5,7,2,0.916030534351145
"HEME_vs_CONTROL",5,1,2,8,400,"floor_sqrt_p",7,7,2,0.913486005089059
"HEME_vs_CONTROL",5,1,3,8,400,"floor_sqrt_p",2,8,2,0.933842239185751
"HEME_vs_CONTROL",5,1,3,8,400,"floor_sqrt_p",5,8,2,0.933842239185751
"HEME_vs_CONTROL",5,1,3,8,400,"floor_sqrt_p",7,8,2,0.936386768447837
"HEME_vs_CONTROL",5,1,4,8,400,"floor_sqrt_p",2,7,2,0.946428571428571
"HEME_vs_CONTROL",5,1,4,8,400,"floor_sqrt_p",5,7,2,0.946428571428571
"HEME_vs_CONTROL",5,1,4,8,400,"floor_sqrt_p",7,7,2,0.943877551020408
"HEME_vs_CONTROL",5,1,5,8,400,"floor_sqrt_p",2,8,2,0.938775510204082
"HEME_vs_CONTROL",5,1,5,8,400,"floor_sqrt_p",5,8,2,0.938775510204082
"HEME_vs_CONTROL",5,1,5,8,400,"floor_sqrt_p",7,8,2,0.943877551020408
"HEME_vs_CONTROL",5,1,1,9,400,"floor_sqrt_p",2,8,2,0.928753180661578
"HEME_vs_CONTROL",5,1,1,9,400,"floor_sqrt_p",5,8,2,0.928753180661578
"HEME_vs_CONTROL",5,1,1,9,400,"floor_sqrt_p",7,8,2,0.928753180661578
"HEME_vs_CONTROL",5,1,2,9,400,"floor_sqrt_p",2,8,2,0.926208651399491
"HEME_vs_CONTROL",5,1,2,9,400,"floor_sqrt_p",5,8,2,0.926208651399491
"HEME_vs_CONTROL",5,1,2,9,400,"floor_sqrt_p",7,8,2,0.926208651399491
"HEME_vs_CONTROL",5,1,3,9,400,"floor_sqrt_p",2,9,3,0.928753180661578
"HEME_vs_CONTROL",5,1,3,9,400,"floor_sqrt_p",5,9,3,0.928753180661578
"HEME_vs_CONTROL",5,1,3,9,400,"floor_sqrt_p",7,9,3,0.923664122137405
"HEME_vs_CONTROL",5,1,4,9,400,"floor_sqrt_p",2,8,2,0.943877551020408
"HEME_vs_CONTROL",5,1,4,9,400,"floor_sqrt_p",5,8,2,0.946428571428571
"HEME_vs_CONTROL",5,1,4,9,400,"floor_sqrt_p",7,8,2,0.946428571428571
"HEME_vs_CONTROL",5,1,5,9,400,"floor_sqrt_p",2,9,3,0.948979591836735
"HEME_vs_CONTROL",5,1,5,9,400,"floor_sqrt_p",5,9,3,0.951530612244898
"HEME_vs_CONTROL",5,1,5,9,400,"floor_sqrt_p",7,9,3,0.948979591836735
"HEME_vs_CONTROL",5,1,1,10,400,"floor_sqrt_p",2,9,3,0.936386768447837
"HEME_vs_CONTROL",5,1,1,10,400,"floor_sqrt_p",5,9,3,0.94147582697201
"HEME_vs_CONTROL",5,1,1,10,400,"floor_sqrt_p",7,9,3,0.933842239185751
"HEME_vs_CONTROL",5,1,2,10,400,"floor_sqrt_p",2,8,2,0.923664122137405
"HEME_vs_CONTROL",5,1,2,10,400,"floor_sqrt_p",5,8,2,0.918575063613232
"HEME_vs_CONTROL",5,1,2,10,400,"floor_sqrt_p",7,8,2,0.921119592875318
"HEME_vs_CONTROL",5,1,3,10,400,"floor_sqrt_p",2,9,3,0.94147582697201
"HEME_vs_CONTROL",5,1,3,10,400,"floor_sqrt_p",5,9,3,0.936386768447837
"HEME_vs_CONTROL",5,1,3,10,400,"floor_sqrt_p",7,9,3,0.94147582697201
"HEME_vs_CONTROL",5,1,4,10,400,"floor_sqrt_p",2,9,3,0.936224489795918
"HEME_vs_CONTROL",5,1,4,10,400,"floor_sqrt_p",5,9,3,0.941326530612245
"HEME_vs_CONTROL",5,1,4,10,400,"floor_sqrt_p",7,9,3,0.936224489795918
"HEME_vs_CONTROL",5,1,5,10,400,"floor_sqrt_p",2,9,3,0.931122448979592
"HEME_vs_CONTROL",5,1,5,10,400,"floor_sqrt_p",5,9,3,0.931122448979592
"HEME_vs_CONTROL",5,1,5,10,400,"floor_sqrt_p",7,9,3,0.926020408163265
"HEME_vs_CONTROL",5,1,1,11,400,"floor_sqrt_p",2,9,3,0.931297709923664
"HEME_vs_CONTROL",5,1,1,11,400,"floor_sqrt_p",5,9,3,0.931297709923664
"HEME_vs_CONTROL",5,1,1,11,400,"floor_sqrt_p",7,9,3,0.931297709923664
"HEME_vs_CONTROL",5,1,2,11,400,"floor_sqrt_p",2,9,3,0.928753180661578
"HEME_vs_CONTROL",5,1,2,11,400,"floor_sqrt_p",5,9,3,0.926208651399491
"HEME_vs_CONTROL",5,1,2,11,400,"floor_sqrt_p",7,9,3,0.926208651399491
"HEME_vs_CONTROL",5,1,3,11,400,"floor_sqrt_p",2,10,3,0.938931297709924
"HEME_vs_CONTROL",5,1,3,11,400,"floor_sqrt_p",5,10,3,0.938931297709924
"HEME_vs_CONTROL",5,1,3,11,400,"floor_sqrt_p",7,10,3,0.94147582697201
"HEME_vs_CONTROL",5,1,4,11,400,"floor_sqrt_p",2,9,3,0.946428571428571
"HEME_vs_CONTROL",5,1,4,11,400,"floor_sqrt_p",5,9,3,0.943877551020408
"HEME_vs_CONTROL",5,1,4,11,400,"floor_sqrt_p",7,9,3,0.948979591836735
"HEME_vs_CONTROL",5,1,5,11,400,"floor_sqrt_p",2,10,3,0.931122448979592
"HEME_vs_CONTROL",5,1,5,11,400,"floor_sqrt_p",5,10,3,0.936224489795918
"HEME_vs_CONTROL",5,1,5,11,400,"floor_sqrt_p",7,10,3,0.936224489795918
"HEME_vs_CONTROL",5,1,1,12,400,"floor_sqrt_p",2,10,3,0.944020356234097
"HEME_vs_CONTROL",5,1,1,12,400,"floor_sqrt_p",5,10,3,0.933842239185751
"HEME_vs_CONTROL",5,1,1,12,400,"floor_sqrt_p",7,10,3,0.944020356234097
"HEME_vs_CONTROL",5,1,2,12,400,"floor_sqrt_p",2,9,3,0.926208651399491
"HEME_vs_CONTROL",5,1,2,12,400,"floor_sqrt_p",5,9,3,0.921119592875318
"HEME_vs_CONTROL",5,1,2,12,400,"floor_sqrt_p",7,9,3,0.933842239185751
"HEME_vs_CONTROL",5,1,3,12,400,"floor_sqrt_p",2,10,3,0.951653944020356
"HEME_vs_CONTROL",5,1,3,12,400,"floor_sqrt_p",5,10,3,0.94910941475827
"HEME_vs_CONTROL",5,1,3,12,400,"floor_sqrt_p",7,10,3,0.951653944020356
"HEME_vs_CONTROL",5,1,4,12,400,"floor_sqrt_p",2,10,3,0.954081632653061
"HEME_vs_CONTROL",5,1,4,12,400,"floor_sqrt_p",5,10,3,0.954081632653061
"HEME_vs_CONTROL",5,1,4,12,400,"floor_sqrt_p",7,10,3,0.951530612244898
"HEME_vs_CONTROL",5,1,5,12,400,"floor_sqrt_p",2,10,3,0.946428571428571
"HEME_vs_CONTROL",5,1,5,12,400,"floor_sqrt_p",5,10,3,0.943877551020408
"HEME_vs_CONTROL",5,1,5,12,400,"floor_sqrt_p",7,10,3,0.948979591836735
"HEME_vs_CONTROL",5,1,1,13,400,"floor_sqrt_p",2,10,3,0.94147582697201
"HEME_vs_CONTROL",5,1,1,13,400,"floor_sqrt_p",5,10,3,0.936386768447837
"HEME_vs_CONTROL",5,1,1,13,400,"floor_sqrt_p",7,10,3,0.926208651399491
"HEME_vs_CONTROL",5,1,2,13,400,"floor_sqrt_p",2,10,3,0.936386768447837
"HEME_vs_CONTROL",5,1,2,13,400,"floor_sqrt_p",5,10,3,0.931297709923664
"HEME_vs_CONTROL",5,1,2,13,400,"floor_sqrt_p",7,10,3,0.936386768447837
"HEME_vs_CONTROL",5,1,3,13,400,"floor_sqrt_p",2,11,3,0.94147582697201
"HEME_vs_CONTROL",5,1,3,13,400,"floor_sqrt_p",5,11,3,0.946564885496183
"HEME_vs_CONTROL",5,1,3,13,400,"floor_sqrt_p",7,11,3,0.946564885496183
"HEME_vs_CONTROL",5,1,4,13,400,"floor_sqrt_p",2,10,3,0.954081632653061
"HEME_vs_CONTROL",5,1,4,13,400,"floor_sqrt_p",5,10,3,0.954081632653061
"HEME_vs_CONTROL",5,1,4,13,400,"floor_sqrt_p",7,10,3,0.951530612244898
"HEME_vs_CONTROL",5,1,5,13,400,"floor_sqrt_p",2,11,3,0.948979591836735
"HEME_vs_CONTROL",5,1,5,13,400,"floor_sqrt_p",5,11,3,0.943877551020408
"HEME_vs_CONTROL",5,1,5,13,400,"floor_sqrt_p",7,11,3,0.943877551020408
"HEME_vs_CONTROL",5,1,1,14,400,"floor_sqrt_p",2,11,3,0.931297709923664
"HEME_vs_CONTROL",5,1,1,14,400,"floor_sqrt_p",5,11,3,0.931297709923664
"HEME_vs_CONTROL",5,1,1,14,400,"floor_sqrt_p",7,11,3,0.931297709923664
"HEME_vs_CONTROL",5,1,2,14,400,"floor_sqrt_p",2,10,3,0.921119592875318
"HEME_vs_CONTROL",5,1,2,14,400,"floor_sqrt_p",5,10,3,0.926208651399491
"HEME_vs_CONTROL",5,1,2,14,400,"floor_sqrt_p",7,10,3,0.926208651399491
"HEME_vs_CONTROL",5,1,3,14,400,"floor_sqrt_p",2,11,3,0.944020356234097
"HEME_vs_CONTROL",5,1,3,14,400,"floor_sqrt_p",5,11,3,0.946564885496183
"HEME_vs_CONTROL",5,1,3,14,400,"floor_sqrt_p",7,11,3,0.946564885496183
"HEME_vs_CONTROL",5,1,4,14,400,"floor_sqrt_p",2,11,3,0.956632653061224
"HEME_vs_CONTROL",5,1,4,14,400,"floor_sqrt_p",5,11,3,0.951530612244898
"HEME_vs_CONTROL",5,1,4,14,400,"floor_sqrt_p",7,11,3,0.959183673469388
"HEME_vs_CONTROL",5,1,5,14,400,"floor_sqrt_p",2,11,3,0.938775510204082
"HEME_vs_CONTROL",5,1,5,14,400,"floor_sqrt_p",5,11,3,0.938775510204082
"HEME_vs_CONTROL",5,1,5,14,400,"floor_sqrt_p",7,11,3,0.938775510204082
"HEME_vs_CONTROL",5,1,1,15,400,"floor_sqrt_p",2,11,3,0.936386768447837
"HEME_vs_CONTROL",5,1,1,15,400,"floor_sqrt_p",5,11,3,0.933842239185751
"HEME_vs_CONTROL",5,1,1,15,400,"floor_sqrt_p",7,11,3,0.933842239185751
"HEME_vs_CONTROL",5,1,2,15,400,"floor_sqrt_p",2,11,3,0.931297709923664
"HEME_vs_CONTROL",5,1,2,15,400,"floor_sqrt_p",5,11,3,0.928753180661578
"HEME_vs_CONTROL",5,1,2,15,400,"floor_sqrt_p",7,11,3,0.928753180661578
"HEME_vs_CONTROL",5,1,3,15,400,"floor_sqrt_p",2,12,3,0.951653944020356
"HEME_vs_CONTROL",5,1,3,15,400,"floor_sqrt_p",5,12,3,0.946564885496183
"HEME_vs_CONTROL",5,1,3,15,400,"floor_sqrt_p",7,12,3,0.946564885496183
"HEME_vs_CONTROL",5,1,4,15,400,"floor_sqrt_p",2,11,3,0.948979591836735
"HEME_vs_CONTROL",5,1,4,15,400,"floor_sqrt_p",5,11,3,0.948979591836735
"HEME_vs_CONTROL",5,1,4,15,400,"floor_sqrt_p",7,11,3,0.951530612244898
"HEME_vs_CONTROL",5,1,5,15,400,"floor_sqrt_p",2,12,3,0.948979591836735
"HEME_vs_CONTROL",5,1,5,15,400,"floor_sqrt_p",5,12,3,0.943877551020408
"HEME_vs_CONTROL",5,1,5,15,400,"floor_sqrt_p",7,12,3,0.943877551020408
"HEME_vs_CONTROL",5,1,1,16,400,"floor_sqrt_p",2,12,3,0.936386768447837
"HEME_vs_CONTROL",5,1,1,16,400,"floor_sqrt_p",5,12,3,0.933842239185751
"HEME_vs_CONTROL",5,1,1,16,400,"floor_sqrt_p",7,12,3,0.936386768447837
"HEME_vs_CONTROL",5,1,2,16,400,"floor_sqrt_p",2,11,3,0.926208651399491
"HEME_vs_CONTROL",5,1,2,16,400,"floor_sqrt_p",5,11,3,0.926208651399491
"HEME_vs_CONTROL",5,1,2,16,400,"floor_sqrt_p",7,11,3,0.916030534351145
"HEME_vs_CONTROL",5,1,3,16,400,"floor_sqrt_p",2,12,3,0.94910941475827
"HEME_vs_CONTROL",5,1,3,16,400,"floor_sqrt_p",5,12,3,0.94147582697201
"HEME_vs_CONTROL",5,1,3,16,400,"floor_sqrt_p",7,12,3,0.94147582697201
"HEME_vs_CONTROL",5,1,4,16,400,"floor_sqrt_p",2,12,3,0.956632653061224
"HEME_vs_CONTROL",5,1,4,16,400,"floor_sqrt_p",5,12,3,0.951530612244898
"HEME_vs_CONTROL",5,1,4,16,400,"floor_sqrt_p",7,12,3,0.951530612244898
"HEME_vs_CONTROL",5,1,5,16,400,"floor_sqrt_p",2,12,3,0.938775510204082
"HEME_vs_CONTROL",5,1,5,16,400,"floor_sqrt_p",5,12,3,0.941326530612245
"HEME_vs_CONTROL",5,1,5,16,400,"floor_sqrt_p",7,12,3,0.941326530612245
"HEME_vs_CONTROL",5,1,1,17,400,"floor_sqrt_p",2,12,3,0.931297709923664
"HEME_vs_CONTROL",5,1,1,17,400,"floor_sqrt_p",5,12,3,0.928753180661578
"HEME_vs_CONTROL",5,1,1,17,400,"floor_sqrt_p",7,12,3,0.931297709923664
"HEME_vs_CONTROL",5,1,2,17,400,"floor_sqrt_p",2,12,3,0.926208651399491
"HEME_vs_CONTROL",5,1,2,17,400,"floor_sqrt_p",5,12,3,0.928753180661578
"HEME_vs_CONTROL",5,1,2,17,400,"floor_sqrt_p",7,12,3,0.926208651399491
"HEME_vs_CONTROL",5,1,3,17,400,"floor_sqrt_p",2,13,3,0.94147582697201
"HEME_vs_CONTROL",5,1,3,17,400,"floor_sqrt_p",5,13,3,0.938931297709924
"HEME_vs_CONTROL",5,1,3,17,400,"floor_sqrt_p",7,13,3,0.94147582697201
"HEME_vs_CONTROL",5,1,4,17,400,"floor_sqrt_p",2,12,3,0.948979591836735
"HEME_vs_CONTROL",5,1,4,17,400,"floor_sqrt_p",5,12,3,0.946428571428571
"HEME_vs_CONTROL",5,1,4,17,400,"floor_sqrt_p",7,12,3,0.948979591836735
"HEME_vs_CONTROL",5,1,5,17,400,"floor_sqrt_p",2,13,3,0.936224489795918
"HEME_vs_CONTROL",5,1,5,17,400,"floor_sqrt_p",5,13,3,0.931122448979592
"HEME_vs_CONTROL",5,1,5,17,400,"floor_sqrt_p",7,13,3,0.936224489795918
"HEME_vs_CONTROL",5,1,1,18,400,"floor_sqrt_p",2,12,3,0.928753180661578
"HEME_vs_CONTROL",5,1,1,18,400,"floor_sqrt_p",5,12,3,0.923664122137405
"HEME_vs_CONTROL",5,1,1,18,400,"floor_sqrt_p",7,12,3,0.928753180661578
"HEME_vs_CONTROL",5,1,2,18,400,"floor_sqrt_p",2,12,3,0.921119592875318
"HEME_vs_CONTROL",5,1,2,18,400,"floor_sqrt_p",5,12,3,0.921119592875318
"HEME_vs_CONTROL",5,1,2,18,400,"floor_sqrt_p",7,12,3,0.921119592875318
"HEME_vs_CONTROL",5,1,3,18,400,"floor_sqrt_p",2,13,3,0.928753180661578
"HEME_vs_CONTROL",5,1,3,18,400,"floor_sqrt_p",5,13,3,0.926208651399491
"HEME_vs_CONTROL",5,1,3,18,400,"floor_sqrt_p",7,13,3,0.921119592875318
"HEME_vs_CONTROL",5,1,4,18,400,"floor_sqrt_p",2,13,3,0.954081632653061
"HEME_vs_CONTROL",5,1,4,18,400,"floor_sqrt_p",5,13,3,0.948979591836735
"HEME_vs_CONTROL",5,1,4,18,400,"floor_sqrt_p",7,13,3,0.948979591836735
"HEME_vs_CONTROL",5,1,5,18,400,"floor_sqrt_p",2,13,3,0.931122448979592
"HEME_vs_CONTROL",5,1,5,18,400,"floor_sqrt_p",5,13,3,0.933673469387755
"HEME_vs_CONTROL",5,1,5,18,400,"floor_sqrt_p",7,13,3,0.936224489795918
"HEME_vs_CONTROL",5,1,1,19,400,"floor_sqrt_p",2,13,3,0.936386768447837
"HEME_vs_CONTROL",5,1,1,19,400,"floor_sqrt_p",5,13,3,0.931297709923664
"HEME_vs_CONTROL",5,1,1,19,400,"floor_sqrt_p",7,13,3,0.931297709923664
"HEME_vs_CONTROL",5,1,2,19,400,"floor_sqrt_p",2,12,3,0.918575063613232
"HEME_vs_CONTROL",5,1,2,19,400,"floor_sqrt_p",5,12,3,0.916030534351145
"HEME_vs_CONTROL",5,1,2,19,400,"floor_sqrt_p",7,12,3,0.918575063613232
"HEME_vs_CONTROL",5,1,3,19,400,"floor_sqrt_p",2,13,3,0.921119592875318
"HEME_vs_CONTROL",5,1,3,19,400,"floor_sqrt_p",5,13,3,0.921119592875318
"HEME_vs_CONTROL",5,1,3,19,400,"floor_sqrt_p",7,13,3,0.926208651399491
"HEME_vs_CONTROL",5,1,4,19,400,"floor_sqrt_p",2,13,3,0.946428571428571
"HEME_vs_CONTROL",5,1,4,19,400,"floor_sqrt_p",5,13,3,0.946428571428571
"HEME_vs_CONTROL",5,1,4,19,400,"floor_sqrt_p",7,13,3,0.941326530612245
"HEME_vs_CONTROL",5,1,5,19,400,"floor_sqrt_p",2,13,3,0.946428571428571
"HEME_vs_CONTROL",5,1,5,19,400,"floor_sqrt_p",5,13,3,0.948979591836735
"HEME_vs_CONTROL",5,1,5,19,400,"floor_sqrt_p",7,13,3,0.938775510204082
"HEME_vs_CONTROL",5,1,1,20,400,"floor_sqrt_p",2,13,3,0.926208651399491
"HEME_vs_CONTROL",5,1,1,20,400,"floor_sqrt_p",5,13,3,0.921119592875318
"HEME_vs_CONTROL",5,1,1,20,400,"floor_sqrt_p",7,13,3,0.921119592875318
"HEME_vs_CONTROL",5,1,2,20,400,"floor_sqrt_p",2,13,3,0.931297709923664
"HEME_vs_CONTROL",5,1,2,20,400,"floor_sqrt_p",5,13,3,0.926208651399491
"HEME_vs_CONTROL",5,1,2,20,400,"floor_sqrt_p",7,13,3,0.926208651399491
"HEME_vs_CONTROL",5,1,3,20,400,"floor_sqrt_p",2,14,3,0.916030534351145
"HEME_vs_CONTROL",5,1,3,20,400,"floor_sqrt_p",5,14,3,0.921119592875318
"HEME_vs_CONTROL",5,1,3,20,400,"floor_sqrt_p",7,14,3,0.913486005089059
"HEME_vs_CONTROL",5,1,4,20,400,"floor_sqrt_p",2,13,3,0.938775510204082
"HEME_vs_CONTROL",5,1,4,20,400,"floor_sqrt_p",5,13,3,0.943877551020408
"HEME_vs_CONTROL",5,1,4,20,400,"floor_sqrt_p",7,13,3,0.936224489795918
"HEME_vs_CONTROL",5,1,5,20,400,"floor_sqrt_p",2,13,3,0.936224489795918
"HEME_vs_CONTROL",5,1,5,20,400,"floor_sqrt_p",5,13,3,0.938775510204082
"HEME_vs_CONTROL",5,1,5,20,400,"floor_sqrt_p",7,13,3,0.948979591836735
"HEME_vs_CONTROL",5,2,1,6,400,"floor_sqrt_p",2,5,2,0.908396946564885
"HEME_vs_CONTROL",5,2,1,6,400,"floor_sqrt_p",5,5,2,0.908396946564885
"HEME_vs_CONTROL",5,2,1,6,400,"floor_sqrt_p",7,5,2,0.905852417302799
"HEME_vs_CONTROL",5,2,2,6,400,"floor_sqrt_p",2,5,2,0.928753180661578
"HEME_vs_CONTROL",5,2,2,6,400,"floor_sqrt_p",5,5,2,0.928753180661578
"HEME_vs_CONTROL",5,2,2,6,400,"floor_sqrt_p",7,5,2,0.933842239185751
"HEME_vs_CONTROL",5,2,3,6,400,"floor_sqrt_p",2,6,2,0.931297709923664
"HEME_vs_CONTROL",5,2,3,6,400,"floor_sqrt_p",5,6,2,0.936386768447837
"HEME_vs_CONTROL",5,2,3,6,400,"floor_sqrt_p",7,6,2,0.933842239185751
"HEME_vs_CONTROL",5,2,4,6,400,"floor_sqrt_p",2,5,2,0.931122448979592
"HEME_vs_CONTROL",5,2,4,6,400,"floor_sqrt_p",5,5,2,0.928571428571429
"HEME_vs_CONTROL",5,2,4,6,400,"floor_sqrt_p",7,5,2,0.933673469387755
"HEME_vs_CONTROL",5,2,5,6,400,"floor_sqrt_p",2,5,2,0.913265306122449
"HEME_vs_CONTROL",5,2,5,6,400,"floor_sqrt_p",5,5,2,0.913265306122449
"HEME_vs_CONTROL",5,2,5,6,400,"floor_sqrt_p",7,5,2,0.915816326530612
"HEME_vs_CONTROL",5,2,1,7,400,"floor_sqrt_p",2,6,2,0.928753180661578
"HEME_vs_CONTROL",5,2,1,7,400,"floor_sqrt_p",5,6,2,0.923664122137405
"HEME_vs_CONTROL",5,2,1,7,400,"floor_sqrt_p",7,6,2,0.926208651399491
"HEME_vs_CONTROL",5,2,2,7,400,"floor_sqrt_p",2,6,2,0.938931297709924
"HEME_vs_CONTROL",5,2,2,7,400,"floor_sqrt_p",5,6,2,0.938931297709924
"HEME_vs_CONTROL",5,2,2,7,400,"floor_sqrt_p",7,6,2,0.938931297709924
"HEME_vs_CONTROL",5,2,3,7,400,"floor_sqrt_p",2,7,2,0.94147582697201
"HEME_vs_CONTROL",5,2,3,7,400,"floor_sqrt_p",5,7,2,0.938931297709924
"HEME_vs_CONTROL",5,2,3,7,400,"floor_sqrt_p",7,7,2,0.94147582697201
"HEME_vs_CONTROL",5,2,4,7,400,"floor_sqrt_p",2,7,2,0.941326530612245
"HEME_vs_CONTROL",5,2,4,7,400,"floor_sqrt_p",5,7,2,0.936224489795918
"HEME_vs_CONTROL",5,2,4,7,400,"floor_sqrt_p",7,7,2,0.938775510204082
"HEME_vs_CONTROL",5,2,5,7,400,"floor_sqrt_p",2,7,2,0.928571428571429
"HEME_vs_CONTROL",5,2,5,7,400,"floor_sqrt_p",5,7,2,0.928571428571429
"HEME_vs_CONTROL",5,2,5,7,400,"floor_sqrt_p",7,7,2,0.928571428571429
"HEME_vs_CONTROL",5,2,1,8,400,"floor_sqrt_p",2,7,2,0.923664122137405
"HEME_vs_CONTROL",5,2,1,8,400,"floor_sqrt_p",5,7,2,0.918575063613232
"HEME_vs_CONTROL",5,2,1,8,400,"floor_sqrt_p",7,7,2,0.923664122137405
"HEME_vs_CONTROL",5,2,2,8,400,"floor_sqrt_p",2,7,2,0.944020356234097
"HEME_vs_CONTROL",5,2,2,8,400,"floor_sqrt_p",5,7,2,0.944020356234097
"HEME_vs_CONTROL",5,2,2,8,400,"floor_sqrt_p",7,7,2,0.938931297709924
"HEME_vs_CONTROL",5,2,3,8,400,"floor_sqrt_p",2,7,2,0.933842239185751
"HEME_vs_CONTROL",5,2,3,8,400,"floor_sqrt_p",5,7,2,0.926208651399491
"HEME_vs_CONTROL",5,2,3,8,400,"floor_sqrt_p",7,7,2,0.931297709923664
"HEME_vs_CONTROL",5,2,4,8,400,"floor_sqrt_p",2,7,2,0.936224489795918
"HEME_vs_CONTROL",5,2,4,8,400,"floor_sqrt_p",5,7,2,0.933673469387755
"HEME_vs_CONTROL",5,2,4,8,400,"floor_sqrt_p",7,7,2,0.936224489795918
"HEME_vs_CONTROL",5,2,5,8,400,"floor_sqrt_p",2,7,2,0.926020408163265
"HEME_vs_CONTROL",5,2,5,8,400,"floor_sqrt_p",5,7,2,0.928571428571429
"HEME_vs_CONTROL",5,2,5,8,400,"floor_sqrt_p",7,7,2,0.931122448979592
"HEME_vs_CONTROL",5,2,1,9,400,"floor_sqrt_p",2,8,2,0.928753180661578
"HEME_vs_CONTROL",5,2,1,9,400,"floor_sqrt_p",5,8,2,0.933842239185751
"HEME_vs_CONTROL",5,2,1,9,400,"floor_sqrt_p",7,8,2,0.928753180661578
"HEME_vs_CONTROL",5,2,2,9,400,"floor_sqrt_p",2,8,2,0.938931297709924
"HEME_vs_CONTROL",5,2,2,9,400,"floor_sqrt_p",5,8,2,0.944020356234097
"HEME_vs_CONTROL",5,2,2,9,400,"floor_sqrt_p",7,8,2,0.938931297709924
"HEME_vs_CONTROL",5,2,3,9,400,"floor_sqrt_p",2,8,2,0.938931297709924
"HEME_vs_CONTROL",5,2,3,9,400,"floor_sqrt_p",5,8,2,0.944020356234097
"HEME_vs_CONTROL",5,2,3,9,400,"floor_sqrt_p",7,8,2,0.944020356234097
"HEME_vs_CONTROL",5,2,4,9,400,"floor_sqrt_p",2,8,2,0.933673469387755
"HEME_vs_CONTROL",5,2,4,9,400,"floor_sqrt_p",5,8,2,0.936224489795918
"HEME_vs_CONTROL",5,2,4,9,400,"floor_sqrt_p",7,8,2,0.933673469387755
"HEME_vs_CONTROL",5,2,5,9,400,"floor_sqrt_p",2,8,2,0.931122448979592
"HEME_vs_CONTROL",5,2,5,9,400,"floor_sqrt_p",5,8,2,0.928571428571429
"HEME_vs_CONTROL",5,2,5,9,400,"floor_sqrt_p",7,8,2,0.931122448979592
"HEME_vs_CONTROL",5,2,1,10,400,"floor_sqrt_p",2,8,2,0.921119592875318
"HEME_vs_CONTROL",5,2,1,10,400,"floor_sqrt_p",5,8,2,0.923664122137405
"HEME_vs_CONTROL",5,2,1,10,400,"floor_sqrt_p",7,8,2,0.918575063613232
"HEME_vs_CONTROL",5,2,2,10,400,"floor_sqrt_p",2,8,2,0.931297709923664
"HEME_vs_CONTROL",5,2,2,10,400,"floor_sqrt_p",5,8,2,0.933842239185751
"HEME_vs_CONTROL",5,2,2,10,400,"floor_sqrt_p",7,8,2,0.936386768447837
"HEME_vs_CONTROL",5,2,3,10,400,"floor_sqrt_p",2,9,3,0.94910941475827
"HEME_vs_CONTROL",5,2,3,10,400,"floor_sqrt_p",5,9,3,0.94910941475827
"HEME_vs_CONTROL",5,2,3,10,400,"floor_sqrt_p",7,9,3,0.954198473282443
"HEME_vs_CONTROL",5,2,4,10,400,"floor_sqrt_p",2,9,3,0.938775510204082
"HEME_vs_CONTROL",5,2,4,10,400,"floor_sqrt_p",5,9,3,0.938775510204082
"HEME_vs_CONTROL",5,2,4,10,400,"floor_sqrt_p",7,9,3,0.938775510204082
"HEME_vs_CONTROL",5,2,5,10,400,"floor_sqrt_p",2,8,2,0.926020408163265
"HEME_vs_CONTROL",5,2,5,10,400,"floor_sqrt_p",5,8,2,0.920918367346939
"HEME_vs_CONTROL",5,2,5,10,400,"floor_sqrt_p",7,8,2,0.913265306122449
"HEME_vs_CONTROL",5,2,1,11,400,"floor_sqrt_p",2,9,3,0.928753180661578
"HEME_vs_CONTROL",5,2,1,11,400,"floor_sqrt_p",5,9,3,0.928753180661578
"HEME_vs_CONTROL",5,2,1,11,400,"floor_sqrt_p",7,9,3,0.931297709923664
"HEME_vs_CONTROL",5,2,2,11,400,"floor_sqrt_p",2,9,3,0.94147582697201
"HEME_vs_CONTROL",5,2,2,11,400,"floor_sqrt_p",5,9,3,0.94147582697201
"HEME_vs_CONTROL",5,2,2,11,400,"floor_sqrt_p",7,9,3,0.94147582697201
"HEME_vs_CONTROL",5,2,3,11,400,"floor_sqrt_p",2,9,3,0.938931297709924
"HEME_vs_CONTROL",5,2,3,11,400,"floor_sqrt_p",5,9,3,0.936386768447837
"HEME_vs_CONTROL",5,2,3,11,400,"floor_sqrt_p",7,9,3,0.936386768447837
"HEME_vs_CONTROL",5,2,4,11,400,"floor_sqrt_p",2,9,3,0.948979591836735
"HEME_vs_CONTROL",5,2,4,11,400,"floor_sqrt_p",5,9,3,0.948979591836735
"HEME_vs_CONTROL",5,2,4,11,400,"floor_sqrt_p",7,9,3,0.954081632653061
"HEME_vs_CONTROL",5,2,5,11,400,"floor_sqrt_p",2,9,3,0.928571428571429
"HEME_vs_CONTROL",5,2,5,11,400,"floor_sqrt_p",5,9,3,0.931122448979592
"HEME_vs_CONTROL",5,2,5,11,400,"floor_sqrt_p",7,9,3,0.933673469387755
"HEME_vs_CONTROL",5,2,1,12,400,"floor_sqrt_p",2,9,3,0.94147582697201
"HEME_vs_CONTROL",5,2,1,12,400,"floor_sqrt_p",5,9,3,0.946564885496183
"HEME_vs_CONTROL",5,2,1,12,400,"floor_sqrt_p",7,9,3,0.944020356234097
"HEME_vs_CONTROL",5,2,2,12,400,"floor_sqrt_p",2,9,3,0.938931297709924
"HEME_vs_CONTROL",5,2,2,12,400,"floor_sqrt_p",5,9,3,0.94147582697201
"HEME_vs_CONTROL",5,2,2,12,400,"floor_sqrt_p",7,9,3,0.933842239185751
"HEME_vs_CONTROL",5,2,3,12,400,"floor_sqrt_p",2,10,3,0.94147582697201
"HEME_vs_CONTROL",5,2,3,12,400,"floor_sqrt_p",5,10,3,0.938931297709924
"HEME_vs_CONTROL",5,2,3,12,400,"floor_sqrt_p",7,10,3,0.938931297709924
"HEME_vs_CONTROL",5,2,4,12,400,"floor_sqrt_p",2,10,3,0.954081632653061
"HEME_vs_CONTROL",5,2,4,12,400,"floor_sqrt_p",5,10,3,0.948979591836735
"HEME_vs_CONTROL",5,2,4,12,400,"floor_sqrt_p",7,10,3,0.951530612244898
"HEME_vs_CONTROL",5,2,5,12,400,"floor_sqrt_p",2,10,3,0.933673469387755
"HEME_vs_CONTROL",5,2,5,12,400,"floor_sqrt_p",5,10,3,0.931122448979592
"HEME_vs_CONTROL",5,2,5,12,400,"floor_sqrt_p",7,10,3,0.938775510204082
"HEME_vs_CONTROL",5,2,1,13,400,"floor_sqrt_p",2,10,3,0.936386768447837
"HEME_vs_CONTROL",5,2,1,13,400,"floor_sqrt_p",5,10,3,0.938931297709924
"HEME_vs_CONTROL",5,2,1,13,400,"floor_sqrt_p",7,10,3,0.936386768447837
"HEME_vs_CONTROL",5,2,2,13,400,"floor_sqrt_p",2,10,3,0.954198473282443
"HEME_vs_CONTROL",5,2,2,13,400,"floor_sqrt_p",5,10,3,0.94910941475827
"HEME_vs_CONTROL",5,2,2,13,400,"floor_sqrt_p",7,10,3,0.94910941475827
"HEME_vs_CONTROL",5,2,3,13,400,"floor_sqrt_p",2,10,3,0.946564885496183
"HEME_vs_CONTROL",5,2,3,13,400,"floor_sqrt_p",5,10,3,0.94147582697201
"HEME_vs_CONTROL",5,2,3,13,400,"floor_sqrt_p",7,10,3,0.944020356234097
"HEME_vs_CONTROL",5,2,4,13,400,"floor_sqrt_p",2,10,3,0.946428571428571
"HEME_vs_CONTROL",5,2,4,13,400,"floor_sqrt_p",5,10,3,0.954081632653061
"HEME_vs_CONTROL",5,2,4,13,400,"floor_sqrt_p",7,10,3,0.948979591836735
"HEME_vs_CONTROL",5,2,5,13,400,"floor_sqrt_p",2,10,3,0.933673469387755
"HEME_vs_CONTROL",5,2,5,13,400,"floor_sqrt_p",5,10,3,0.933673469387755
"HEME_vs_CONTROL",5,2,5,13,400,"floor_sqrt_p",7,10,3,0.933673469387755
"HEME_vs_CONTROL",5,2,1,14,400,"floor_sqrt_p",2,10,3,0.936386768447837
"HEME_vs_CONTROL",5,2,1,14,400,"floor_sqrt_p",5,10,3,0.933842239185751
"HEME_vs_CONTROL",5,2,1,14,400,"floor_sqrt_p",7,10,3,0.933842239185751
"HEME_vs_CONTROL",5,2,2,14,400,"floor_sqrt_p",2,11,3,0.954198473282443
"HEME_vs_CONTROL",5,2,2,14,400,"floor_sqrt_p",5,11,3,0.951653944020356
"HEME_vs_CONTROL",5,2,2,14,400,"floor_sqrt_p",7,11,3,0.956743002544529
"HEME_vs_CONTROL",5,2,3,14,400,"floor_sqrt_p",2,11,3,0.944020356234097
"HEME_vs_CONTROL",5,2,3,14,400,"floor_sqrt_p",5,11,3,0.94910941475827
"HEME_vs_CONTROL",5,2,3,14,400,"floor_sqrt_p",7,11,3,0.94910941475827
"HEME_vs_CONTROL",5,2,4,14,400,"floor_sqrt_p",2,11,3,0.954081632653061
"HEME_vs_CONTROL",5,2,4,14,400,"floor_sqrt_p",5,11,3,0.951530612244898
"HEME_vs_CONTROL",5,2,4,14,400,"floor_sqrt_p",7,11,3,0.943877551020408
"HEME_vs_CONTROL",5,2,5,14,400,"floor_sqrt_p",2,11,3,0.943877551020408
"HEME_vs_CONTROL",5,2,5,14,400,"floor_sqrt_p",5,11,3,0.941326530612245
"HEME_vs_CONTROL",5,2,5,14,400,"floor_sqrt_p",7,11,3,0.941326530612245
"HEME_vs_CONTROL",5,2,1,15,400,"floor_sqrt_p",2,11,3,0.923664122137405
"HEME_vs_CONTROL",5,2,1,15,400,"floor_sqrt_p",5,11,3,0.921119592875318
"HEME_vs_CONTROL",5,2,1,15,400,"floor_sqrt_p",7,11,3,0.916030534351145
"HEME_vs_CONTROL",5,2,2,15,400,"floor_sqrt_p",2,11,3,0.956743002544529
"HEME_vs_CONTROL",5,2,2,15,400,"floor_sqrt_p",5,11,3,0.954198473282443
"HEME_vs_CONTROL",5,2,2,15,400,"floor_sqrt_p",7,11,3,0.954198473282443
"HEME_vs_CONTROL",5,2,3,15,400,"floor_sqrt_p",2,11,3,0.936386768447837
"HEME_vs_CONTROL",5,2,3,15,400,"floor_sqrt_p",5,11,3,0.938931297709924
"HEME_vs_CONTROL",5,2,3,15,400,"floor_sqrt_p",7,11,3,0.938931297709924
"HEME_vs_CONTROL",5,2,4,15,400,"floor_sqrt_p",2,11,3,0.946428571428571
"HEME_vs_CONTROL",5,2,4,15,400,"floor_sqrt_p",5,11,3,0.943877551020408
"HEME_vs_CONTROL",5,2,4,15,400,"floor_sqrt_p",7,11,3,0.946428571428571
"HEME_vs_CONTROL",5,2,5,15,400,"floor_sqrt_p",2,11,3,0.951530612244898
"HEME_vs_CONTROL",5,2,5,15,400,"floor_sqrt_p",5,11,3,0.948979591836735
"HEME_vs_CONTROL",5,2,5,15,400,"floor_sqrt_p",7,11,3,0.948979591836735
"HEME_vs_CONTROL",5,2,1,16,400,"floor_sqrt_p",2,11,3,0.931297709923664
"HEME_vs_CONTROL",5,2,1,16,400,"floor_sqrt_p",5,11,3,0.933842239185751
"HEME_vs_CONTROL",5,2,1,16,400,"floor_sqrt_p",7,11,3,0.933842239185751
"HEME_vs_CONTROL",5,2,2,16,400,"floor_sqrt_p",2,11,3,0.94147582697201
"HEME_vs_CONTROL",5,2,2,16,400,"floor_sqrt_p",5,11,3,0.938931297709924
"HEME_vs_CONTROL",5,2,2,16,400,"floor_sqrt_p",7,11,3,0.944020356234097
"HEME_vs_CONTROL",5,2,3,16,400,"floor_sqrt_p",2,12,3,0.94910941475827
"HEME_vs_CONTROL",5,2,3,16,400,"floor_sqrt_p",5,12,3,0.94910941475827
"HEME_vs_CONTROL",5,2,3,16,400,"floor_sqrt_p",7,12,3,0.94910941475827
"HEME_vs_CONTROL",5,2,4,16,400,"floor_sqrt_p",2,12,3,0.954081632653061
"HEME_vs_CONTROL",5,2,4,16,400,"floor_sqrt_p",5,12,3,0.951530612244898
"HEME_vs_CONTROL",5,2,4,16,400,"floor_sqrt_p",7,12,3,0.951530612244898
"HEME_vs_CONTROL",5,2,5,16,400,"floor_sqrt_p",2,11,3,0.943877551020408
"HEME_vs_CONTROL",5,2,5,16,400,"floor_sqrt_p",5,11,3,0.943877551020408
"HEME_vs_CONTROL",5,2,5,16,400,"floor_sqrt_p",7,11,3,0.948979591836735
"HEME_vs_CONTROL",5,2,1,17,400,"floor_sqrt_p",2,12,3,0.936386768447837
"HEME_vs_CONTROL",5,2,1,17,400,"floor_sqrt_p",5,12,3,0.931297709923664
"HEME_vs_CONTROL",5,2,1,17,400,"floor_sqrt_p",7,12,3,0.936386768447837
"HEME_vs_CONTROL",5,2,2,17,400,"floor_sqrt_p",2,12,3,0.94147582697201
"HEME_vs_CONTROL",5,2,2,17,400,"floor_sqrt_p",5,12,3,0.94147582697201
"HEME_vs_CONTROL",5,2,2,17,400,"floor_sqrt_p",7,12,3,0.931297709923664
"HEME_vs_CONTROL",5,2,3,17,400,"floor_sqrt_p",2,12,3,0.951653944020356
"HEME_vs_CONTROL",5,2,3,17,400,"floor_sqrt_p",5,12,3,0.951653944020356
"HEME_vs_CONTROL",5,2,3,17,400,"floor_sqrt_p",7,12,3,0.951653944020356
"HEME_vs_CONTROL",5,2,4,17,400,"floor_sqrt_p",2,12,3,0.946428571428571
"HEME_vs_CONTROL",5,2,4,17,400,"floor_sqrt_p",5,12,3,0.948979591836735
"HEME_vs_CONTROL",5,2,4,17,400,"floor_sqrt_p",7,12,3,0.948979591836735
"HEME_vs_CONTROL",5,2,5,17,400,"floor_sqrt_p",2,12,3,0.928571428571429
"HEME_vs_CONTROL",5,2,5,17,400,"floor_sqrt_p",5,12,3,0.936224489795918
"HEME_vs_CONTROL",5,2,5,17,400,"floor_sqrt_p",7,12,3,0.926020408163265
"HEME_vs_CONTROL",5,2,1,18,400,"floor_sqrt_p",2,12,3,0.928753180661578
"HEME_vs_CONTROL",5,2,1,18,400,"floor_sqrt_p",5,12,3,0.926208651399491
"HEME_vs_CONTROL",5,2,1,18,400,"floor_sqrt_p",7,12,3,0.928753180661578
"HEME_vs_CONTROL",5,2,2,18,400,"floor_sqrt_p",2,12,3,0.931297709923664
"HEME_vs_CONTROL",5,2,2,18,400,"floor_sqrt_p",5,12,3,0.928753180661578
"HEME_vs_CONTROL",5,2,2,18,400,"floor_sqrt_p",7,12,3,0.931297709923664
"HEME_vs_CONTROL",5,2,3,18,400,"floor_sqrt_p",2,13,3,0.951653944020356
"HEME_vs_CONTROL",5,2,3,18,400,"floor_sqrt_p",5,13,3,0.954198473282443
"HEME_vs_CONTROL",5,2,3,18,400,"floor_sqrt_p",7,13,3,0.951653944020356
"HEME_vs_CONTROL",5,2,4,18,400,"floor_sqrt_p",2,12,3,0.943877551020408
"HEME_vs_CONTROL",5,2,4,18,400,"floor_sqrt_p",5,12,3,0.943877551020408
"HEME_vs_CONTROL",5,2,4,18,400,"floor_sqrt_p",7,12,3,0.948979591836735
"HEME_vs_CONTROL",5,2,5,18,400,"floor_sqrt_p",2,12,3,0.926020408163265
"HEME_vs_CONTROL",5,2,5,18,400,"floor_sqrt_p",5,12,3,0.918367346938776
"HEME_vs_CONTROL",5,2,5,18,400,"floor_sqrt_p",7,12,3,0.920918367346939
"HEME_vs_CONTROL",5,2,1,19,400,"floor_sqrt_p",2,12,3,0.933842239185751
"HEME_vs_CONTROL",5,2,1,19,400,"floor_sqrt_p",5,12,3,0.931297709923664
"HEME_vs_CONTROL",5,2,1,19,400,"floor_sqrt_p",7,12,3,0.933842239185751
"HEME_vs_CONTROL",5,2,2,19,400,"floor_sqrt_p",2,12,3,0.938931297709924
"HEME_vs_CONTROL",5,2,2,19,400,"floor_sqrt_p",5,12,3,0.94147582697201
"HEME_vs_CONTROL",5,2,2,19,400,"floor_sqrt_p",7,12,3,0.933842239185751
"HEME_vs_CONTROL",5,2,3,19,400,"floor_sqrt_p",2,13,3,0.94147582697201
"HEME_vs_CONTROL",5,2,3,19,400,"floor_sqrt_p",5,13,3,0.94147582697201
"HEME_vs_CONTROL",5,2,3,19,400,"floor_sqrt_p",7,13,3,0.938931297709924
"HEME_vs_CONTROL",5,2,4,19,400,"floor_sqrt_p",2,13,3,0.948979591836735
"HEME_vs_CONTROL",5,2,4,19,400,"floor_sqrt_p",5,13,3,0.946428571428571
"HEME_vs_CONTROL",5,2,4,19,400,"floor_sqrt_p",7,13,3,0.943877551020408
"HEME_vs_CONTROL",5,2,5,19,400,"floor_sqrt_p",2,13,3,0.923469387755102
"HEME_vs_CONTROL",5,2,5,19,400,"floor_sqrt_p",5,13,3,0.920918367346939
"HEME_vs_CONTROL",5,2,5,19,400,"floor_sqrt_p",7,13,3,0.918367346938776
"HEME_vs_CONTROL",5,2,1,20,400,"floor_sqrt_p",2,12,3,0.931297709923664
"HEME_vs_CONTROL",5,2,1,20,400,"floor_sqrt_p",5,12,3,0.926208651399491
"HEME_vs_CONTROL",5,2,1,20,400,"floor_sqrt_p",7,12,3,0.928753180661578
"HEME_vs_CONTROL",5,2,2,20,400,"floor_sqrt_p",2,13,3,0.923664122137405
"HEME_vs_CONTROL",5,2,2,20,400,"floor_sqrt_p",5,13,3,0.926208651399491
"HEME_vs_CONTROL",5,2,2,20,400,"floor_sqrt_p",7,13,3,0.921119592875318
"HEME_vs_CONTROL",5,2,3,20,400,"floor_sqrt_p",2,13,3,0.944020356234097
"HEME_vs_CONTROL",5,2,3,20,400,"floor_sqrt_p",5,13,3,0.94147582697201
"HEME_vs_CONTROL",5,2,3,20,400,"floor_sqrt_p",7,13,3,0.944020356234097
"HEME_vs_CONTROL",5,2,4,20,400,"floor_sqrt_p",2,13,3,0.936224489795918
"HEME_vs_CONTROL",5,2,4,20,400,"floor_sqrt_p",5,13,3,0.941326530612245
"HEME_vs_CONTROL",5,2,4,20,400,"floor_sqrt_p",7,13,3,0.943877551020408
"HEME_vs_CONTROL",5,2,5,20,400,"floor_sqrt_p",2,13,3,0.923469387755102
"HEME_vs_CONTROL",5,2,5,20,400,"floor_sqrt_p",5,13,3,0.918367346938776
"HEME_vs_CONTROL",5,2,5,20,400,"floor_sqrt_p",7,13,3,0.926020408163265
"HEME_vs_CONTROL",5,3,1,6,400,"floor_sqrt_p",2,5,2,0.916030534351145
"HEME_vs_CONTROL",5,3,1,6,400,"floor_sqrt_p",5,5,2,0.916030534351145
"HEME_vs_CONTROL",5,3,1,6,400,"floor_sqrt_p",7,5,2,0.916030534351145
"HEME_vs_CONTROL",5,3,2,6,400,"floor_sqrt_p",2,5,2,0.926208651399491
"HEME_vs_CONTROL",5,3,2,6,400,"floor_sqrt_p",5,5,2,0.931297709923664
"HEME_vs_CONTROL",5,3,2,6,400,"floor_sqrt_p",7,5,2,0.933842239185751
"HEME_vs_CONTROL",5,3,3,6,400,"floor_sqrt_p",2,5,2,0.926208651399491
"HEME_vs_CONTROL",5,3,3,6,400,"floor_sqrt_p",5,5,2,0.928753180661578
"HEME_vs_CONTROL",5,3,3,6,400,"floor_sqrt_p",7,5,2,0.933842239185751
"HEME_vs_CONTROL",5,3,4,6,400,"floor_sqrt_p",2,5,2,0.918575063613232
"HEME_vs_CONTROL",5,3,4,6,400,"floor_sqrt_p",5,5,2,0.913486005089059
"HEME_vs_CONTROL",5,3,4,6,400,"floor_sqrt_p",7,5,2,0.921119592875318
"HEME_vs_CONTROL",5,3,5,6,400,"floor_sqrt_p",2,6,2,0.931122448979592
"HEME_vs_CONTROL",5,3,5,6,400,"floor_sqrt_p",5,6,2,0.928571428571429
"HEME_vs_CONTROL",5,3,5,6,400,"floor_sqrt_p",7,6,2,0.923469387755102
"HEME_vs_CONTROL",5,3,1,7,400,"floor_sqrt_p",2,6,2,0.946564885496183
"HEME_vs_CONTROL",5,3,1,7,400,"floor_sqrt_p",5,6,2,0.944020356234097
"HEME_vs_CONTROL",5,3,1,7,400,"floor_sqrt_p",7,6,2,0.944020356234097
"HEME_vs_CONTROL",5,3,2,7,400,"floor_sqrt_p",2,7,2,0.926208651399491
"HEME_vs_CONTROL",5,3,2,7,400,"floor_sqrt_p",5,7,2,0.926208651399491
"HEME_vs_CONTROL",5,3,2,7,400,"floor_sqrt_p",7,7,2,0.923664122137405
"HEME_vs_CONTROL",5,3,3,7,400,"floor_sqrt_p",2,6,2,0.933842239185751
"HEME_vs_CONTROL",5,3,3,7,400,"floor_sqrt_p",5,6,2,0.931297709923664
"HEME_vs_CONTROL",5,3,3,7,400,"floor_sqrt_p",7,6,2,0.936386768447837
"HEME_vs_CONTROL",5,3,4,7,400,"floor_sqrt_p",2,6,2,0.94147582697201
"HEME_vs_CONTROL",5,3,4,7,400,"floor_sqrt_p",5,6,2,0.944020356234097
"HEME_vs_CONTROL",5,3,4,7,400,"floor_sqrt_p",7,6,2,0.94147582697201
"HEME_vs_CONTROL",5,3,5,7,400,"floor_sqrt_p",2,7,2,0.923469387755102
"HEME_vs_CONTROL",5,3,5,7,400,"floor_sqrt_p",5,7,2,0.915816326530612
"HEME_vs_CONTROL",5,3,5,7,400,"floor_sqrt_p",7,7,2,0.920918367346939
"HEME_vs_CONTROL",5,3,1,8,400,"floor_sqrt_p",2,7,2,0.933842239185751
"HEME_vs_CONTROL",5,3,1,8,400,"floor_sqrt_p",5,7,2,0.931297709923664
"HEME_vs_CONTROL",5,3,1,8,400,"floor_sqrt_p",7,7,2,0.936386768447837
"HEME_vs_CONTROL",5,3,2,8,400,"floor_sqrt_p",2,7,2,0.916030534351145
"HEME_vs_CONTROL",5,3,2,8,400,"floor_sqrt_p",5,7,2,0.921119592875318
"HEME_vs_CONTROL",5,3,2,8,400,"floor_sqrt_p",7,7,2,0.918575063613232
"HEME_vs_CONTROL",5,3,3,8,400,"floor_sqrt_p",2,7,2,0.938931297709924
"HEME_vs_CONTROL",5,3,3,8,400,"floor_sqrt_p",5,7,2,0.938931297709924
"HEME_vs_CONTROL",5,3,3,8,400,"floor_sqrt_p",7,7,2,0.933842239185751
"HEME_vs_CONTROL",5,3,4,8,400,"floor_sqrt_p",2,7,2,0.931297709923664
"HEME_vs_CONTROL",5,3,4,8,400,"floor_sqrt_p",5,7,2,0.931297709923664
"HEME_vs_CONTROL",5,3,4,8,400,"floor_sqrt_p",7,7,2,0.933842239185751
"HEME_vs_CONTROL",5,3,5,8,400,"floor_sqrt_p",2,8,2,0.910714285714286
"HEME_vs_CONTROL",5,3,5,8,400,"floor_sqrt_p",5,8,2,0.915816326530612
"HEME_vs_CONTROL",5,3,5,8,400,"floor_sqrt_p",7,8,2,0.918367346938776
"HEME_vs_CONTROL",5,3,1,9,400,"floor_sqrt_p",2,8,2,0.936386768447837
"HEME_vs_CONTROL",5,3,1,9,400,"floor_sqrt_p",5,8,2,0.936386768447837
"HEME_vs_CONTROL",5,3,1,9,400,"floor_sqrt_p",7,8,2,0.936386768447837
"HEME_vs_CONTROL",5,3,2,9,400,"floor_sqrt_p",2,8,2,0.918575063613232
"HEME_vs_CONTROL",5,3,2,9,400,"floor_sqrt_p",5,8,2,0.918575063613232
"HEME_vs_CONTROL",5,3,2,9,400,"floor_sqrt_p",7,8,2,0.921119592875318
"HEME_vs_CONTROL",5,3,3,9,400,"floor_sqrt_p",2,8,2,0.933842239185751
"HEME_vs_CONTROL",5,3,3,9,400,"floor_sqrt_p",5,8,2,0.933842239185751
"HEME_vs_CONTROL",5,3,3,9,400,"floor_sqrt_p",7,8,2,0.931297709923664
"HEME_vs_CONTROL",5,3,4,9,400,"floor_sqrt_p",2,8,2,0.933842239185751
"HEME_vs_CONTROL",5,3,4,9,400,"floor_sqrt_p",5,8,2,0.936386768447837
"HEME_vs_CONTROL",5,3,4,9,400,"floor_sqrt_p",7,8,2,0.936386768447837
"HEME_vs_CONTROL",5,3,5,9,400,"floor_sqrt_p",2,8,2,0.926020408163265
"HEME_vs_CONTROL",5,3,5,9,400,"floor_sqrt_p",5,8,2,0.926020408163265
"HEME_vs_CONTROL",5,3,5,9,400,"floor_sqrt_p",7,8,2,0.923469387755102
"HEME_vs_CONTROL",5,3,1,10,400,"floor_sqrt_p",2,8,2,0.933842239185751
"HEME_vs_CONTROL",5,3,1,10,400,"floor_sqrt_p",5,8,2,0.931297709923664
"HEME_vs_CONTROL",5,3,1,10,400,"floor_sqrt_p",7,8,2,0.928753180661578
"HEME_vs_CONTROL",5,3,2,10,400,"floor_sqrt_p",2,9,3,0.931297709923664
"HEME_vs_CONTROL",5,3,2,10,400,"floor_sqrt_p",5,9,3,0.928753180661578
"HEME_vs_CONTROL",5,3,2,10,400,"floor_sqrt_p",7,9,3,0.928753180661578
"HEME_vs_CONTROL",5,3,3,10,400,"floor_sqrt_p",2,8,2,0.926208651399491
"HEME_vs_CONTROL",5,3,3,10,400,"floor_sqrt_p",5,8,2,0.928753180661578
"HEME_vs_CONTROL",5,3,3,10,400,"floor_sqrt_p",7,8,2,0.928753180661578
"HEME_vs_CONTROL",5,3,4,10,400,"floor_sqrt_p",2,8,2,0.938931297709924
"HEME_vs_CONTROL",5,3,4,10,400,"floor_sqrt_p",5,8,2,0.938931297709924
"HEME_vs_CONTROL",5,3,4,10,400,"floor_sqrt_p",7,8,2,0.936386768447837
"HEME_vs_CONTROL",5,3,5,10,400,"floor_sqrt_p",2,9,3,0.926020408163265
"HEME_vs_CONTROL",5,3,5,10,400,"floor_sqrt_p",5,9,3,0.933673469387755
"HEME_vs_CONTROL",5,3,5,10,400,"floor_sqrt_p",7,9,3,0.923469387755102
"HEME_vs_CONTROL",5,3,1,11,400,"floor_sqrt_p",2,9,3,0.951653944020356
"HEME_vs_CONTROL",5,3,1,11,400,"floor_sqrt_p",5,9,3,0.956743002544529
"HEME_vs_CONTROL",5,3,1,11,400,"floor_sqrt_p",7,9,3,0.951653944020356
"HEME_vs_CONTROL",5,3,2,11,400,"floor_sqrt_p",2,9,3,0.926208651399491
"HEME_vs_CONTROL",5,3,2,11,400,"floor_sqrt_p",5,9,3,0.926208651399491
"HEME_vs_CONTROL",5,3,2,11,400,"floor_sqrt_p",7,9,3,0.926208651399491
"HEME_vs_CONTROL",5,3,3,11,400,"floor_sqrt_p",2,9,3,0.938931297709924
"HEME_vs_CONTROL",5,3,3,11,400,"floor_sqrt_p",5,9,3,0.938931297709924
"HEME_vs_CONTROL",5,3,3,11,400,"floor_sqrt_p",7,9,3,0.938931297709924
"HEME_vs_CONTROL",5,3,4,11,400,"floor_sqrt_p",2,9,3,0.956743002544529
"HEME_vs_CONTROL",5,3,4,11,400,"floor_sqrt_p",5,9,3,0.954198473282443
"HEME_vs_CONTROL",5,3,4,11,400,"floor_sqrt_p",7,9,3,0.956743002544529
"HEME_vs_CONTROL",5,3,5,11,400,"floor_sqrt_p",2,9,3,0.928571428571429
"HEME_vs_CONTROL",5,3,5,11,400,"floor_sqrt_p",5,9,3,0.933673469387755
"HEME_vs_CONTROL",5,3,5,11,400,"floor_sqrt_p",7,9,3,0.933673469387755
"HEME_vs_CONTROL",5,3,1,12,400,"floor_sqrt_p",2,9,3,0.944020356234097
"HEME_vs_CONTROL",5,3,1,12,400,"floor_sqrt_p",5,9,3,0.944020356234097
"HEME_vs_CONTROL",5,3,1,12,400,"floor_sqrt_p",7,9,3,0.946564885496183
"HEME_vs_CONTROL",5,3,2,12,400,"floor_sqrt_p",2,10,3,0.923664122137405
"HEME_vs_CONTROL",5,3,2,12,400,"floor_sqrt_p",5,10,3,0.926208651399491
"HEME_vs_CONTROL",5,3,2,12,400,"floor_sqrt_p",7,10,3,0.921119592875318
"HEME_vs_CONTROL",5,3,3,12,400,"floor_sqrt_p",2,9,3,0.938931297709924
"HEME_vs_CONTROL",5,3,3,12,400,"floor_sqrt_p",5,9,3,0.94147582697201
"HEME_vs_CONTROL",5,3,3,12,400,"floor_sqrt_p",7,9,3,0.94147582697201
"HEME_vs_CONTROL",5,3,4,12,400,"floor_sqrt_p",2,10,3,0.956743002544529
"HEME_vs_CONTROL",5,3,4,12,400,"floor_sqrt_p",5,10,3,0.956743002544529
"HEME_vs_CONTROL",5,3,4,12,400,"floor_sqrt_p",7,10,3,0.959287531806616
"HEME_vs_CONTROL",5,3,5,12,400,"floor_sqrt_p",2,10,3,0.933673469387755
"HEME_vs_CONTROL",5,3,5,12,400,"floor_sqrt_p",5,10,3,0.936224489795918
"HEME_vs_CONTROL",5,3,5,12,400,"floor_sqrt_p",7,10,3,0.928571428571429
"HEME_vs_CONTROL",5,3,1,13,400,"floor_sqrt_p",2,10,3,0.936386768447837
"HEME_vs_CONTROL",5,3,1,13,400,"floor_sqrt_p",5,10,3,0.936386768447837
"HEME_vs_CONTROL",5,3,1,13,400,"floor_sqrt_p",7,10,3,0.936386768447837
"HEME_vs_CONTROL",5,3,2,13,400,"floor_sqrt_p",2,10,3,0.933842239185751
"HEME_vs_CONTROL",5,3,2,13,400,"floor_sqrt_p",5,10,3,0.933842239185751
"HEME_vs_CONTROL",5,3,2,13,400,"floor_sqrt_p",7,10,3,0.936386768447837
"HEME_vs_CONTROL",5,3,3,13,400,"floor_sqrt_p",2,10,3,0.944020356234097
"HEME_vs_CONTROL",5,3,3,13,400,"floor_sqrt_p",5,10,3,0.946564885496183
"HEME_vs_CONTROL",5,3,3,13,400,"floor_sqrt_p",7,10,3,0.944020356234097
"HEME_vs_CONTROL",5,3,4,13,400,"floor_sqrt_p",2,10,3,0.94910941475827
"HEME_vs_CONTROL",5,3,4,13,400,"floor_sqrt_p",5,10,3,0.94910941475827
"HEME_vs_CONTROL",5,3,4,13,400,"floor_sqrt_p",7,10,3,0.94147582697201
"HEME_vs_CONTROL",5,3,5,13,400,"floor_sqrt_p",2,11,3,0.943877551020408
"HEME_vs_CONTROL",5,3,5,13,400,"floor_sqrt_p",5,11,3,0.948979591836735
"HEME_vs_CONTROL",5,3,5,13,400,"floor_sqrt_p",7,11,3,0.938775510204082
"HEME_vs_CONTROL",5,3,1,14,400,"floor_sqrt_p",2,10,3,0.944020356234097
"HEME_vs_CONTROL",5,3,1,14,400,"floor_sqrt_p",5,10,3,0.944020356234097
"HEME_vs_CONTROL",5,3,1,14,400,"floor_sqrt_p",7,10,3,0.944020356234097
"HEME_vs_CONTROL",5,3,2,14,400,"floor_sqrt_p",2,11,3,0.923664122137405
"HEME_vs_CONTROL",5,3,2,14,400,"floor_sqrt_p",5,11,3,0.933842239185751
"HEME_vs_CONTROL",5,3,2,14,400,"floor_sqrt_p",7,11,3,0.933842239185751
"HEME_vs_CONTROL",5,3,3,14,400,"floor_sqrt_p",2,10,3,0.938931297709924
"HEME_vs_CONTROL",5,3,3,14,400,"floor_sqrt_p",5,10,3,0.938931297709924
"HEME_vs_CONTROL",5,3,3,14,400,"floor_sqrt_p",7,10,3,0.938931297709924
"HEME_vs_CONTROL",5,3,4,14,400,"floor_sqrt_p",2,11,3,0.938931297709924
"HEME_vs_CONTROL",5,3,4,14,400,"floor_sqrt_p",5,11,3,0.933842239185751
"HEME_vs_CONTROL",5,3,4,14,400,"floor_sqrt_p",7,11,3,0.931297709923664
"HEME_vs_CONTROL",5,3,5,14,400,"floor_sqrt_p",2,11,3,0.933673469387755
"HEME_vs_CONTROL",5,3,5,14,400,"floor_sqrt_p",5,11,3,0.941326530612245
"HEME_vs_CONTROL",5,3,5,14,400,"floor_sqrt_p",7,11,3,0.936224489795918
"HEME_vs_CONTROL",5,3,1,15,400,"floor_sqrt_p",2,11,3,0.946564885496183
"HEME_vs_CONTROL",5,3,1,15,400,"floor_sqrt_p",5,11,3,0.944020356234097
"HEME_vs_CONTROL",5,3,1,15,400,"floor_sqrt_p",7,11,3,0.946564885496183
"HEME_vs_CONTROL",5,3,2,15,400,"floor_sqrt_p",2,11,3,0.936386768447837
"HEME_vs_CONTROL",5,3,2,15,400,"floor_sqrt_p",5,11,3,0.936386768447837
"HEME_vs_CONTROL",5,3,2,15,400,"floor_sqrt_p",7,11,3,0.926208651399491
"HEME_vs_CONTROL",5,3,3,15,400,"floor_sqrt_p",2,11,3,0.94147582697201
"HEME_vs_CONTROL",5,3,3,15,400,"floor_sqrt_p",5,11,3,0.94910941475827
"HEME_vs_CONTROL",5,3,3,15,400,"floor_sqrt_p",7,11,3,0.944020356234097
"HEME_vs_CONTROL",5,3,4,15,400,"floor_sqrt_p",2,11,3,0.94910941475827
"HEME_vs_CONTROL",5,3,4,15,400,"floor_sqrt_p",5,11,3,0.944020356234097
"HEME_vs_CONTROL",5,3,4,15,400,"floor_sqrt_p",7,11,3,0.94147582697201
"HEME_vs_CONTROL",5,3,5,15,400,"floor_sqrt_p",2,12,3,0.923469387755102
"HEME_vs_CONTROL",5,3,5,15,400,"floor_sqrt_p",5,12,3,0.928571428571429
"HEME_vs_CONTROL",5,3,5,15,400,"floor_sqrt_p",7,12,3,0.928571428571429
"HEME_vs_CONTROL",5,3,1,16,400,"floor_sqrt_p",2,11,3,0.938931297709924
"HEME_vs_CONTROL",5,3,1,16,400,"floor_sqrt_p",5,11,3,0.936386768447837
"HEME_vs_CONTROL",5,3,1,16,400,"floor_sqrt_p",7,11,3,0.938931297709924
"HEME_vs_CONTROL",5,3,2,16,400,"floor_sqrt_p",2,12,3,0.921119592875318
"HEME_vs_CONTROL",5,3,2,16,400,"floor_sqrt_p",5,12,3,0.933842239185751
"HEME_vs_CONTROL",5,3,2,16,400,"floor_sqrt_p",7,12,3,0.931297709923664
"HEME_vs_CONTROL",5,3,3,16,400,"floor_sqrt_p",2,11,3,0.94147582697201
"HEME_vs_CONTROL",5,3,3,16,400,"floor_sqrt_p",5,11,3,0.946564885496183
"HEME_vs_CONTROL",5,3,3,16,400,"floor_sqrt_p",7,11,3,0.94147582697201
"HEME_vs_CONTROL",5,3,4,16,400,"floor_sqrt_p",2,12,3,0.931297709923664
"HEME_vs_CONTROL",5,3,4,16,400,"floor_sqrt_p",5,12,3,0.944020356234097
"HEME_vs_CONTROL",5,3,4,16,400,"floor_sqrt_p",7,12,3,0.944020356234097
"HEME_vs_CONTROL",5,3,5,16,400,"floor_sqrt_p",2,12,3,0.915816326530612
"HEME_vs_CONTROL",5,3,5,16,400,"floor_sqrt_p",5,12,3,0.918367346938776
"HEME_vs_CONTROL",5,3,5,16,400,"floor_sqrt_p",7,12,3,0.920918367346939
"HEME_vs_CONTROL",5,3,1,17,400,"floor_sqrt_p",2,12,3,0.94147582697201
"HEME_vs_CONTROL",5,3,1,17,400,"floor_sqrt_p",5,12,3,0.938931297709924
"HEME_vs_CONTROL",5,3,1,17,400,"floor_sqrt_p",7,12,3,0.933842239185751
"HEME_vs_CONTROL",5,3,2,17,400,"floor_sqrt_p",2,12,3,0.933842239185751
"HEME_vs_CONTROL",5,3,2,17,400,"floor_sqrt_p",5,12,3,0.94147582697201
"HEME_vs_CONTROL",5,3,2,17,400,"floor_sqrt_p",7,12,3,0.933842239185751
"HEME_vs_CONTROL",5,3,3,17,400,"floor_sqrt_p",2,12,3,0.926208651399491
"HEME_vs_CONTROL",5,3,3,17,400,"floor_sqrt_p",5,12,3,0.928753180661578
"HEME_vs_CONTROL",5,3,3,17,400,"floor_sqrt_p",7,12,3,0.926208651399491
"HEME_vs_CONTROL",5,3,4,17,400,"floor_sqrt_p",2,12,3,0.931297709923664
"HEME_vs_CONTROL",5,3,4,17,400,"floor_sqrt_p",5,12,3,0.94147582697201
"HEME_vs_CONTROL",5,3,4,17,400,"floor_sqrt_p",7,12,3,0.936386768447837
"HEME_vs_CONTROL",5,3,5,17,400,"floor_sqrt_p",2,13,3,0.918367346938776
"HEME_vs_CONTROL",5,3,5,17,400,"floor_sqrt_p",5,13,3,0.915816326530612
"HEME_vs_CONTROL",5,3,5,17,400,"floor_sqrt_p",7,13,3,0.920918367346939
"HEME_vs_CONTROL",5,3,1,18,400,"floor_sqrt_p",2,12,3,0.946564885496183
"HEME_vs_CONTROL",5,3,1,18,400,"floor_sqrt_p",5,12,3,0.94910941475827
"HEME_vs_CONTROL",5,3,1,18,400,"floor_sqrt_p",7,12,3,0.946564885496183
"HEME_vs_CONTROL",5,3,2,18,400,"floor_sqrt_p",2,12,3,0.916030534351145
"HEME_vs_CONTROL",5,3,2,18,400,"floor_sqrt_p",5,12,3,0.913486005089059
"HEME_vs_CONTROL",5,3,2,18,400,"floor_sqrt_p",7,12,3,0.923664122137405
"HEME_vs_CONTROL",5,3,3,18,400,"floor_sqrt_p",2,12,3,0.923664122137405
"HEME_vs_CONTROL",5,3,3,18,400,"floor_sqrt_p",5,12,3,0.931297709923664
"HEME_vs_CONTROL",5,3,3,18,400,"floor_sqrt_p",7,12,3,0.931297709923664
"HEME_vs_CONTROL",5,3,4,18,400,"floor_sqrt_p",2,12,3,0.928753180661578
"HEME_vs_CONTROL",5,3,4,18,400,"floor_sqrt_p",5,12,3,0.928753180661578
"HEME_vs_CONTROL",5,3,4,18,400,"floor_sqrt_p",7,12,3,0.931297709923664
"HEME_vs_CONTROL",5,3,5,18,400,"floor_sqrt_p",2,13,3,0.920918367346939
"HEME_vs_CONTROL",5,3,5,18,400,"floor_sqrt_p",5,13,3,0.918367346938776
"HEME_vs_CONTROL",5,3,5,18,400,"floor_sqrt_p",7,13,3,0.920918367346939
"HEME_vs_CONTROL",5,3,1,19,400,"floor_sqrt_p",2,12,3,0.933842239185751
"HEME_vs_CONTROL",5,3,1,19,400,"floor_sqrt_p",5,12,3,0.936386768447837
"HEME_vs_CONTROL",5,3,1,19,400,"floor_sqrt_p",7,12,3,0.933842239185751
"HEME_vs_CONTROL",5,3,2,19,400,"floor_sqrt_p",2,13,3,0.928753180661578
"HEME_vs_CONTROL",5,3,2,19,400,"floor_sqrt_p",5,13,3,0.921119592875318
"HEME_vs_CONTROL",5,3,2,19,400,"floor_sqrt_p",7,13,3,0.918575063613232
"HEME_vs_CONTROL",5,3,3,19,400,"floor_sqrt_p",2,12,3,0.933842239185751
"HEME_vs_CONTROL",5,3,3,19,400,"floor_sqrt_p",5,12,3,0.931297709923664
"HEME_vs_CONTROL",5,3,3,19,400,"floor_sqrt_p",7,12,3,0.931297709923664
"HEME_vs_CONTROL",5,3,4,19,400,"floor_sqrt_p",2,13,3,0.926208651399491
"HEME_vs_CONTROL",5,3,4,19,400,"floor_sqrt_p",5,13,3,0.923664122137405
"HEME_vs_CONTROL",5,3,4,19,400,"floor_sqrt_p",7,13,3,0.923664122137405
"HEME_vs_CONTROL",5,3,5,19,400,"floor_sqrt_p",2,13,3,0.915816326530612
"HEME_vs_CONTROL",5,3,5,19,400,"floor_sqrt_p",5,13,3,0.913265306122449
"HEME_vs_CONTROL",5,3,5,19,400,"floor_sqrt_p",7,13,3,0.910714285714286
"HEME_vs_CONTROL",5,3,1,20,400,"floor_sqrt_p",2,13,3,0.931297709923664
"HEME_vs_CONTROL",5,3,1,20,400,"floor_sqrt_p",5,13,3,0.931297709923664
"HEME_vs_CONTROL",5,3,1,20,400,"floor_sqrt_p",7,13,3,0.928753180661578
"HEME_vs_CONTROL",5,3,2,20,400,"floor_sqrt_p",2,13,3,0.931297709923664
"HEME_vs_CONTROL",5,3,2,20,400,"floor_sqrt_p",5,13,3,0.926208651399491
"HEME_vs_CONTROL",5,3,2,20,400,"floor_sqrt_p",7,13,3,0.931297709923664
"HEME_vs_CONTROL",5,3,3,20,400,"floor_sqrt_p",2,13,3,0.926208651399491
"HEME_vs_CONTROL",5,3,3,20,400,"floor_sqrt_p",5,13,3,0.926208651399491
"HEME_vs_CONTROL",5,3,3,20,400,"floor_sqrt_p",7,13,3,0.928753180661578
"HEME_vs_CONTROL",5,3,4,20,400,"floor_sqrt_p",2,13,3,0.910941475826972
"HEME_vs_CONTROL",5,3,4,20,400,"floor_sqrt_p",5,13,3,0.913486005089059
"HEME_vs_CONTROL",5,3,4,20,400,"floor_sqrt_p",7,13,3,0.913486005089059
"HEME_vs_CONTROL",5,3,5,20,400,"floor_sqrt_p",2,14,3,0.923469387755102
"HEME_vs_CONTROL",5,3,5,20,400,"floor_sqrt_p",5,14,3,0.920918367346939
"HEME_vs_CONTROL",5,3,5,20,400,"floor_sqrt_p",7,14,3,0.920918367346939
"HEME_vs_CONTROL",5,4,1,6,400,"floor_sqrt_p",2,5,2,0.908629441624365
"HEME_vs_CONTROL",5,4,1,6,400,"floor_sqrt_p",5,5,2,0.911167512690355
"HEME_vs_CONTROL",5,4,1,6,400,"floor_sqrt_p",7,5,2,0.908629441624365
"HEME_vs_CONTROL",5,4,2,6,400,"floor_sqrt_p",2,5,2,0.931297709923664
"HEME_vs_CONTROL",5,4,2,6,400,"floor_sqrt_p",5,5,2,0.928753180661578
"HEME_vs_CONTROL",5,4,2,6,400,"floor_sqrt_p",7,5,2,0.928753180661578
"HEME_vs_CONTROL",5,4,3,6,400,"floor_sqrt_p",2,5,2,0.936386768447837
"HEME_vs_CONTROL",5,4,3,6,400,"floor_sqrt_p",5,5,2,0.94147582697201
"HEME_vs_CONTROL",5,4,3,6,400,"floor_sqrt_p",7,5,2,0.936386768447837
"HEME_vs_CONTROL",5,4,4,6,400,"floor_sqrt_p",2,5,2,0.908396946564885
"HEME_vs_CONTROL",5,4,4,6,400,"floor_sqrt_p",5,5,2,0.905852417302799
"HEME_vs_CONTROL",5,4,4,6,400,"floor_sqrt_p",7,5,2,0.905852417302799
"HEME_vs_CONTROL",5,4,5,6,400,"floor_sqrt_p",2,5,2,0.915816326530612
"HEME_vs_CONTROL",5,4,5,6,400,"floor_sqrt_p",5,5,2,0.920918367346939
"HEME_vs_CONTROL",5,4,5,6,400,"floor_sqrt_p",7,5,2,0.918367346938776
"HEME_vs_CONTROL",5,4,1,7,400,"floor_sqrt_p",2,6,2,0.921319796954315
"HEME_vs_CONTROL",5,4,1,7,400,"floor_sqrt_p",5,6,2,0.921319796954315
"HEME_vs_CONTROL",5,4,1,7,400,"floor_sqrt_p",7,6,2,0.918781725888325
"HEME_vs_CONTROL",5,4,2,7,400,"floor_sqrt_p",2,6,2,0.94147582697201
"HEME_vs_CONTROL",5,4,2,7,400,"floor_sqrt_p",5,6,2,0.938931297709924
"HEME_vs_CONTROL",5,4,2,7,400,"floor_sqrt_p",7,6,2,0.938931297709924
"HEME_vs_CONTROL",5,4,3,7,400,"floor_sqrt_p",2,6,2,0.944020356234097
"HEME_vs_CONTROL",5,4,3,7,400,"floor_sqrt_p",5,6,2,0.94147582697201
"HEME_vs_CONTROL",5,4,3,7,400,"floor_sqrt_p",7,6,2,0.944020356234097
"HEME_vs_CONTROL",5,4,4,7,400,"floor_sqrt_p",2,7,2,0.908396946564885
"HEME_vs_CONTROL",5,4,4,7,400,"floor_sqrt_p",5,7,2,0.903307888040712
"HEME_vs_CONTROL",5,4,4,7,400,"floor_sqrt_p",7,7,2,0.910941475826972
"HEME_vs_CONTROL",5,4,5,7,400,"floor_sqrt_p",2,7,2,0.915816326530612
"HEME_vs_CONTROL",5,4,5,7,400,"floor_sqrt_p",5,7,2,0.915816326530612
"HEME_vs_CONTROL",5,4,5,7,400,"floor_sqrt_p",7,7,2,0.915816326530612
"HEME_vs_CONTROL",5,4,1,8,400,"floor_sqrt_p",2,7,2,0.911167512690355
"HEME_vs_CONTROL",5,4,1,8,400,"floor_sqrt_p",5,7,2,0.911167512690355
"HEME_vs_CONTROL",5,4,1,8,400,"floor_sqrt_p",7,7,2,0.913705583756345
"HEME_vs_CONTROL",5,4,2,8,400,"floor_sqrt_p",2,7,2,0.94147582697201
"HEME_vs_CONTROL",5,4,2,8,400,"floor_sqrt_p",5,7,2,0.933842239185751
"HEME_vs_CONTROL",5,4,2,8,400,"floor_sqrt_p",7,7,2,0.936386768447837
"HEME_vs_CONTROL",5,4,3,8,400,"floor_sqrt_p",2,7,2,0.931297709923664
"HEME_vs_CONTROL",5,4,3,8,400,"floor_sqrt_p",5,7,2,0.936386768447837
"HEME_vs_CONTROL",5,4,3,8,400,"floor_sqrt_p",7,7,2,0.931297709923664
"HEME_vs_CONTROL",5,4,4,8,400,"floor_sqrt_p",2,7,2,0.921119592875318
"HEME_vs_CONTROL",5,4,4,8,400,"floor_sqrt_p",5,7,2,0.918575063613232
"HEME_vs_CONTROL",5,4,4,8,400,"floor_sqrt_p",7,7,2,0.923664122137405
"HEME_vs_CONTROL",5,4,5,8,400,"floor_sqrt_p",2,7,2,0.933673469387755
"HEME_vs_CONTROL",5,4,5,8,400,"floor_sqrt_p",5,7,2,0.933673469387755
"HEME_vs_CONTROL",5,4,5,8,400,"floor_sqrt_p",7,7,2,0.933673469387755
"HEME_vs_CONTROL",5,4,1,9,400,"floor_sqrt_p",2,8,2,0.926395939086294
"HEME_vs_CONTROL",5,4,1,9,400,"floor_sqrt_p",5,8,2,0.923857868020305
"HEME_vs_CONTROL",5,4,1,9,400,"floor_sqrt_p",7,8,2,0.926395939086294
"HEME_vs_CONTROL",5,4,2,9,400,"floor_sqrt_p",2,8,2,0.956743002544529
"HEME_vs_CONTROL",5,4,2,9,400,"floor_sqrt_p",5,8,2,0.951653944020356
"HEME_vs_CONTROL",5,4,2,9,400,"floor_sqrt_p",7,8,2,0.951653944020356
"HEME_vs_CONTROL",5,4,3,9,400,"floor_sqrt_p",2,8,2,0.94147582697201
"HEME_vs_CONTROL",5,4,3,9,400,"floor_sqrt_p",5,8,2,0.944020356234097
"HEME_vs_CONTROL",5,4,3,9,400,"floor_sqrt_p",7,8,2,0.94147582697201
"HEME_vs_CONTROL",5,4,4,9,400,"floor_sqrt_p",2,8,2,0.921119592875318
"HEME_vs_CONTROL",5,4,4,9,400,"floor_sqrt_p",5,8,2,0.921119592875318
"HEME_vs_CONTROL",5,4,4,9,400,"floor_sqrt_p",7,8,2,0.921119592875318
"HEME_vs_CONTROL",5,4,5,9,400,"floor_sqrt_p",2,8,2,0.928571428571429
"HEME_vs_CONTROL",5,4,5,9,400,"floor_sqrt_p",5,8,2,0.931122448979592
"HEME_vs_CONTROL",5,4,5,9,400,"floor_sqrt_p",7,8,2,0.928571428571429
"HEME_vs_CONTROL",5,4,1,10,400,"floor_sqrt_p",2,8,2,0.918781725888325
"HEME_vs_CONTROL",5,4,1,10,400,"floor_sqrt_p",5,8,2,0.923857868020305
"HEME_vs_CONTROL",5,4,1,10,400,"floor_sqrt_p",7,8,2,0.921319796954315
"HEME_vs_CONTROL",5,4,2,10,400,"floor_sqrt_p",2,8,2,0.936386768447837
"HEME_vs_CONTROL",5,4,2,10,400,"floor_sqrt_p",5,8,2,0.931297709923664
"HEME_vs_CONTROL",5,4,2,10,400,"floor_sqrt_p",7,8,2,0.933842239185751
"HEME_vs_CONTROL",5,4,3,10,400,"floor_sqrt_p",2,8,2,0.944020356234097
"HEME_vs_CONTROL",5,4,3,10,400,"floor_sqrt_p",5,8,2,0.946564885496183
"HEME_vs_CONTROL",5,4,3,10,400,"floor_sqrt_p",7,8,2,0.944020356234097
"HEME_vs_CONTROL",5,4,4,10,400,"floor_sqrt_p",2,8,2,0.913486005089059
"HEME_vs_CONTROL",5,4,4,10,400,"floor_sqrt_p",5,8,2,0.916030534351145
"HEME_vs_CONTROL",5,4,4,10,400,"floor_sqrt_p",7,8,2,0.913486005089059
"HEME_vs_CONTROL",5,4,5,10,400,"floor_sqrt_p",2,8,2,0.920918367346939
"HEME_vs_CONTROL",5,4,5,10,400,"floor_sqrt_p",5,8,2,0.920918367346939
"HEME_vs_CONTROL",5,4,5,10,400,"floor_sqrt_p",7,8,2,0.923469387755102
"HEME_vs_CONTROL",5,4,1,11,400,"floor_sqrt_p",2,9,3,0.928934010152284
"HEME_vs_CONTROL",5,4,1,11,400,"floor_sqrt_p",5,9,3,0.928934010152284
"HEME_vs_CONTROL",5,4,1,11,400,"floor_sqrt_p",7,9,3,0.926395939086294
"HEME_vs_CONTROL",5,4,2,11,400,"floor_sqrt_p",2,9,3,0.944020356234097
"HEME_vs_CONTROL",5,4,2,11,400,"floor_sqrt_p",5,9,3,0.946564885496183
"HEME_vs_CONTROL",5,4,2,11,400,"floor_sqrt_p",7,9,3,0.938931297709924
"HEME_vs_CONTROL",5,4,3,11,400,"floor_sqrt_p",2,9,3,0.946564885496183
"HEME_vs_CONTROL",5,4,3,11,400,"floor_sqrt_p",5,9,3,0.94147582697201
"HEME_vs_CONTROL",5,4,3,11,400,"floor_sqrt_p",7,9,3,0.94147582697201
"HEME_vs_CONTROL",5,4,4,11,400,"floor_sqrt_p",2,9,3,0.926208651399491
"HEME_vs_CONTROL",5,4,4,11,400,"floor_sqrt_p",5,9,3,0.928753180661578
"HEME_vs_CONTROL",5,4,4,11,400,"floor_sqrt_p",7,9,3,0.926208651399491
"HEME_vs_CONTROL",5,4,5,11,400,"floor_sqrt_p",2,9,3,0.920918367346939
"HEME_vs_CONTROL",5,4,5,11,400,"floor_sqrt_p",5,9,3,0.920918367346939
"HEME_vs_CONTROL",5,4,5,11,400,"floor_sqrt_p",7,9,3,0.926020408163265
"HEME_vs_CONTROL",5,4,1,12,400,"floor_sqrt_p",2,9,3,0.936548223350254
"HEME_vs_CONTROL",5,4,1,12,400,"floor_sqrt_p",5,9,3,0.936548223350254
"HEME_vs_CONTROL",5,4,1,12,400,"floor_sqrt_p",7,9,3,0.934010152284264
"HEME_vs_CONTROL",5,4,2,12,400,"floor_sqrt_p",2,9,3,0.944020356234097
"HEME_vs_CONTROL",5,4,2,12,400,"floor_sqrt_p",5,9,3,0.944020356234097
"HEME_vs_CONTROL",5,4,2,12,400,"floor_sqrt_p",7,9,3,0.944020356234097
"HEME_vs_CONTROL",5,4,3,12,400,"floor_sqrt_p",2,9,3,0.951653944020356
"HEME_vs_CONTROL",5,4,3,12,400,"floor_sqrt_p",5,9,3,0.961832061068702
"HEME_vs_CONTROL",5,4,3,12,400,"floor_sqrt_p",7,9,3,0.956743002544529
"HEME_vs_CONTROL",5,4,4,12,400,"floor_sqrt_p",2,10,3,0.933842239185751
"HEME_vs_CONTROL",5,4,4,12,400,"floor_sqrt_p",5,10,3,0.928753180661578
"HEME_vs_CONTROL",5,4,4,12,400,"floor_sqrt_p",7,10,3,0.926208651399491
"HEME_vs_CONTROL",5,4,5,12,400,"floor_sqrt_p",2,10,3,0.931122448979592
"HEME_vs_CONTROL",5,4,5,12,400,"floor_sqrt_p",5,10,3,0.933673469387755
"HEME_vs_CONTROL",5,4,5,12,400,"floor_sqrt_p",7,10,3,0.936224489795918
"HEME_vs_CONTROL",5,4,1,13,400,"floor_sqrt_p",2,10,3,0.939086294416244
"HEME_vs_CONTROL",5,4,1,13,400,"floor_sqrt_p",5,10,3,0.939086294416244
"HEME_vs_CONTROL",5,4,1,13,400,"floor_sqrt_p",7,10,3,0.939086294416244
"HEME_vs_CONTROL",5,4,2,13,400,"floor_sqrt_p",2,10,3,0.951653944020356
"HEME_vs_CONTROL",5,4,2,13,400,"floor_sqrt_p",5,10,3,0.954198473282443
"HEME_vs_CONTROL",5,4,2,13,400,"floor_sqrt_p",7,10,3,0.951653944020356
"HEME_vs_CONTROL",5,4,3,13,400,"floor_sqrt_p",2,10,3,0.951653944020356
"HEME_vs_CONTROL",5,4,3,13,400,"floor_sqrt_p",5,10,3,0.951653944020356
"HEME_vs_CONTROL",5,4,3,13,400,"floor_sqrt_p",7,10,3,0.951653944020356
"HEME_vs_CONTROL",5,4,4,13,400,"floor_sqrt_p",2,10,3,0.918575063613232
"HEME_vs_CONTROL",5,4,4,13,400,"floor_sqrt_p",5,10,3,0.923664122137405
"HEME_vs_CONTROL",5,4,4,13,400,"floor_sqrt_p",7,10,3,0.933842239185751
"HEME_vs_CONTROL",5,4,5,13,400,"floor_sqrt_p",2,10,3,0.936224489795918
"HEME_vs_CONTROL",5,4,5,13,400,"floor_sqrt_p",5,10,3,0.938775510204082
"HEME_vs_CONTROL",5,4,5,13,400,"floor_sqrt_p",7,10,3,0.936224489795918
"HEME_vs_CONTROL",5,4,1,14,400,"floor_sqrt_p",2,10,3,0.931472081218274
"HEME_vs_CONTROL",5,4,1,14,400,"floor_sqrt_p",5,10,3,0.928934010152284
"HEME_vs_CONTROL",5,4,1,14,400,"floor_sqrt_p",7,10,3,0.931472081218274
"HEME_vs_CONTROL",5,4,2,14,400,"floor_sqrt_p",2,10,3,0.946564885496183
"HEME_vs_CONTROL",5,4,2,14,400,"floor_sqrt_p",5,10,3,0.946564885496183
"HEME_vs_CONTROL",5,4,2,14,400,"floor_sqrt_p",7,10,3,0.94910941475827
"HEME_vs_CONTROL",5,4,3,14,400,"floor_sqrt_p",2,10,3,0.954198473282443
"HEME_vs_CONTROL",5,4,3,14,400,"floor_sqrt_p",5,10,3,0.954198473282443
"HEME_vs_CONTROL",5,4,3,14,400,"floor_sqrt_p",7,10,3,0.951653944020356
"HEME_vs_CONTROL",5,4,4,14,400,"floor_sqrt_p",2,11,3,0.928753180661578
"HEME_vs_CONTROL",5,4,4,14,400,"floor_sqrt_p",5,11,3,0.926208651399491
"HEME_vs_CONTROL",5,4,4,14,400,"floor_sqrt_p",7,11,3,0.923664122137405
"HEME_vs_CONTROL",5,4,5,14,400,"floor_sqrt_p",2,11,3,0.941326530612245
"HEME_vs_CONTROL",5,4,5,14,400,"floor_sqrt_p",5,11,3,0.936224489795918
"HEME_vs_CONTROL",5,4,5,14,400,"floor_sqrt_p",7,11,3,0.941326530612245
"HEME_vs_CONTROL",5,4,1,15,400,"floor_sqrt_p",2,11,3,0.939086294416244
"HEME_vs_CONTROL",5,4,1,15,400,"floor_sqrt_p",5,11,3,0.931472081218274
"HEME_vs_CONTROL",5,4,1,15,400,"floor_sqrt_p",7,11,3,0.941624365482233
"HEME_vs_CONTROL",5,4,2,15,400,"floor_sqrt_p",2,11,3,0.94910941475827
"HEME_vs_CONTROL",5,4,2,15,400,"floor_sqrt_p",5,11,3,0.94910941475827
"HEME_vs_CONTROL",5,4,2,15,400,"floor_sqrt_p",7,11,3,0.94910941475827
"HEME_vs_CONTROL",5,4,3,15,400,"floor_sqrt_p",2,11,3,0.956743002544529
"HEME_vs_CONTROL",5,4,3,15,400,"floor_sqrt_p",5,11,3,0.956743002544529
"HEME_vs_CONTROL",5,4,3,15,400,"floor_sqrt_p",7,11,3,0.954198473282443
"HEME_vs_CONTROL",5,4,4,15,400,"floor_sqrt_p",2,11,3,0.923664122137405
"HEME_vs_CONTROL",5,4,4,15,400,"floor_sqrt_p",5,11,3,0.913486005089059
"HEME_vs_CONTROL",5,4,4,15,400,"floor_sqrt_p",7,11,3,0.916030534351145
"HEME_vs_CONTROL",5,4,5,15,400,"floor_sqrt_p",2,11,3,0.936224489795918
"HEME_vs_CONTROL",5,4,5,15,400,"floor_sqrt_p",5,11,3,0.933673469387755
"HEME_vs_CONTROL",5,4,5,15,400,"floor_sqrt_p",7,11,3,0.933673469387755
"HEME_vs_CONTROL",5,4,1,16,400,"floor_sqrt_p",2,11,3,0.936548223350254
"HEME_vs_CONTROL",5,4,1,16,400,"floor_sqrt_p",5,11,3,0.928934010152284
"HEME_vs_CONTROL",5,4,1,16,400,"floor_sqrt_p",7,11,3,0.931472081218274
"HEME_vs_CONTROL",5,4,2,16,400,"floor_sqrt_p",2,11,3,0.944020356234097
"HEME_vs_CONTROL",5,4,2,16,400,"floor_sqrt_p",5,11,3,0.946564885496183
"HEME_vs_CONTROL",5,4,2,16,400,"floor_sqrt_p",7,11,3,0.94147582697201
"HEME_vs_CONTROL",5,4,3,16,400,"floor_sqrt_p",2,11,3,0.951653944020356
"HEME_vs_CONTROL",5,4,3,16,400,"floor_sqrt_p",5,11,3,0.954198473282443
"HEME_vs_CONTROL",5,4,3,16,400,"floor_sqrt_p",7,11,3,0.951653944020356
"HEME_vs_CONTROL",5,4,4,16,400,"floor_sqrt_p",2,11,3,0.926208651399491
"HEME_vs_CONTROL",5,4,4,16,400,"floor_sqrt_p",5,11,3,0.921119592875318
"HEME_vs_CONTROL",5,4,4,16,400,"floor_sqrt_p",7,11,3,0.916030534351145
"HEME_vs_CONTROL",5,4,5,16,400,"floor_sqrt_p",2,12,3,0.918367346938776
"HEME_vs_CONTROL",5,4,5,16,400,"floor_sqrt_p",5,12,3,0.918367346938776
"HEME_vs_CONTROL",5,4,5,16,400,"floor_sqrt_p",7,12,3,0.928571428571429
"HEME_vs_CONTROL",5,4,1,17,400,"floor_sqrt_p",2,12,3,0.916243654822335
"HEME_vs_CONTROL",5,4,1,17,400,"floor_sqrt_p",5,12,3,0.913705583756345
"HEME_vs_CONTROL",5,4,1,17,400,"floor_sqrt_p",7,12,3,0.923857868020305
"HEME_vs_CONTROL",5,4,2,17,400,"floor_sqrt_p",2,12,3,0.928753180661578
"HEME_vs_CONTROL",5,4,2,17,400,"floor_sqrt_p",5,12,3,0.928753180661578
"HEME_vs_CONTROL",5,4,2,17,400,"floor_sqrt_p",7,12,3,0.928753180661578
"HEME_vs_CONTROL",5,4,3,17,400,"floor_sqrt_p",2,12,3,0.946564885496183
"HEME_vs_CONTROL",5,4,3,17,400,"floor_sqrt_p",5,12,3,0.946564885496183
"HEME_vs_CONTROL",5,4,3,17,400,"floor_sqrt_p",7,12,3,0.944020356234097
"HEME_vs_CONTROL",5,4,4,17,400,"floor_sqrt_p",2,12,3,0.931297709923664
"HEME_vs_CONTROL",5,4,4,17,400,"floor_sqrt_p",5,12,3,0.931297709923664
"HEME_vs_CONTROL",5,4,4,17,400,"floor_sqrt_p",7,12,3,0.928753180661578
"HEME_vs_CONTROL",5,4,5,17,400,"floor_sqrt_p",2,12,3,0.920918367346939
"HEME_vs_CONTROL",5,4,5,17,400,"floor_sqrt_p",5,12,3,0.920918367346939
"HEME_vs_CONTROL",5,4,5,17,400,"floor_sqrt_p",7,12,3,0.920918367346939
"HEME_vs_CONTROL",5,4,1,18,400,"floor_sqrt_p",2,12,3,0.916243654822335
"HEME_vs_CONTROL",5,4,1,18,400,"floor_sqrt_p",5,12,3,0.921319796954315
"HEME_vs_CONTROL",5,4,1,18,400,"floor_sqrt_p",7,12,3,0.918781725888325
"HEME_vs_CONTROL",5,4,2,18,400,"floor_sqrt_p",2,12,3,0.928753180661578
"HEME_vs_CONTROL",5,4,2,18,400,"floor_sqrt_p",5,12,3,0.933842239185751
"HEME_vs_CONTROL",5,4,2,18,400,"floor_sqrt_p",7,12,3,0.923664122137405
"HEME_vs_CONTROL",5,4,3,18,400,"floor_sqrt_p",2,12,3,0.94147582697201
"HEME_vs_CONTROL",5,4,3,18,400,"floor_sqrt_p",5,12,3,0.94147582697201
"HEME_vs_CONTROL",5,4,3,18,400,"floor_sqrt_p",7,12,3,0.944020356234097
"HEME_vs_CONTROL",5,4,4,18,400,"floor_sqrt_p",2,12,3,0.933842239185751
"HEME_vs_CONTROL",5,4,4,18,400,"floor_sqrt_p",5,12,3,0.928753180661578
"HEME_vs_CONTROL",5,4,4,18,400,"floor_sqrt_p",7,12,3,0.928753180661578
"HEME_vs_CONTROL",5,4,5,18,400,"floor_sqrt_p",2,12,3,0.915816326530612
"HEME_vs_CONTROL",5,4,5,18,400,"floor_sqrt_p",5,12,3,0.920918367346939
"HEME_vs_CONTROL",5,4,5,18,400,"floor_sqrt_p",7,12,3,0.915816326530612
"HEME_vs_CONTROL",5,4,1,19,400,"floor_sqrt_p",2,12,3,0.908629441624365
"HEME_vs_CONTROL",5,4,1,19,400,"floor_sqrt_p",5,12,3,0.908629441624365
"HEME_vs_CONTROL",5,4,1,19,400,"floor_sqrt_p",7,12,3,0.911167512690355
"HEME_vs_CONTROL",5,4,2,19,400,"floor_sqrt_p",2,12,3,0.94910941475827
"HEME_vs_CONTROL",5,4,2,19,400,"floor_sqrt_p",5,12,3,0.94910941475827
"HEME_vs_CONTROL",5,4,2,19,400,"floor_sqrt_p",7,12,3,0.946564885496183
"HEME_vs_CONTROL",5,4,3,19,400,"floor_sqrt_p",2,13,3,0.936386768447837
"HEME_vs_CONTROL",5,4,3,19,400,"floor_sqrt_p",5,13,3,0.938931297709924
"HEME_vs_CONTROL",5,4,3,19,400,"floor_sqrt_p",7,13,3,0.944020356234097
"HEME_vs_CONTROL",5,4,4,19,400,"floor_sqrt_p",2,13,3,0.936386768447837
"HEME_vs_CONTROL",5,4,4,19,400,"floor_sqrt_p",5,13,3,0.931297709923664
"HEME_vs_CONTROL",5,4,4,19,400,"floor_sqrt_p",7,13,3,0.933842239185751
"HEME_vs_CONTROL",5,4,5,19,400,"floor_sqrt_p",2,13,3,0.905612244897959
"HEME_vs_CONTROL",5,4,5,19,400,"floor_sqrt_p",5,13,3,0.913265306122449
"HEME_vs_CONTROL",5,4,5,19,400,"floor_sqrt_p",7,13,3,0.905612244897959
"HEME_vs_CONTROL",5,4,1,20,400,"floor_sqrt_p",2,12,3,0.911167512690355
"HEME_vs_CONTROL",5,4,1,20,400,"floor_sqrt_p",5,12,3,0.908629441624365
"HEME_vs_CONTROL",5,4,1,20,400,"floor_sqrt_p",7,12,3,0.911167512690355
"HEME_vs_CONTROL",5,4,2,20,400,"floor_sqrt_p",2,12,3,0.944020356234097
"HEME_vs_CONTROL",5,4,2,20,400,"floor_sqrt_p",5,12,3,0.94147582697201
"HEME_vs_CONTROL",5,4,2,20,400,"floor_sqrt_p",7,12,3,0.944020356234097
"HEME_vs_CONTROL",5,4,3,20,400,"floor_sqrt_p",2,13,3,0.94147582697201
"HEME_vs_CONTROL",5,4,3,20,400,"floor_sqrt_p",5,13,3,0.933842239185751
"HEME_vs_CONTROL",5,4,3,20,400,"floor_sqrt_p",7,13,3,0.933842239185751
"HEME_vs_CONTROL",5,4,4,20,400,"floor_sqrt_p",2,13,3,0.94147582697201
"HEME_vs_CONTROL",5,4,4,20,400,"floor_sqrt_p",5,13,3,0.938931297709924
"HEME_vs_CONTROL",5,4,4,20,400,"floor_sqrt_p",7,13,3,0.938931297709924
"HEME_vs_CONTROL",5,4,5,20,400,"floor_sqrt_p",2,13,3,0.908163265306122
"HEME_vs_CONTROL",5,4,5,20,400,"floor_sqrt_p",5,13,3,0.910714285714286
"HEME_vs_CONTROL",5,4,5,20,400,"floor_sqrt_p",7,13,3,0.905612244897959
"HEME_vs_CONTROL",5,5,1,6,400,"floor_sqrt_p",2,6,2,0.936548223350254
"HEME_vs_CONTROL",5,5,1,6,400,"floor_sqrt_p",5,6,2,0.941624365482233
"HEME_vs_CONTROL",5,5,1,6,400,"floor_sqrt_p",7,6,2,0.946700507614213
"HEME_vs_CONTROL",5,5,2,6,400,"floor_sqrt_p",2,5,2,0.926208651399491
"HEME_vs_CONTROL",5,5,2,6,400,"floor_sqrt_p",5,5,2,0.926208651399491
"HEME_vs_CONTROL",5,5,2,6,400,"floor_sqrt_p",7,5,2,0.921119592875318
"HEME_vs_CONTROL",5,5,3,6,400,"floor_sqrt_p",2,5,2,0.94910941475827
"HEME_vs_CONTROL",5,5,3,6,400,"floor_sqrt_p",5,5,2,0.94910941475827
"HEME_vs_CONTROL",5,5,3,6,400,"floor_sqrt_p",7,5,2,0.946564885496183
"HEME_vs_CONTROL",5,5,4,6,400,"floor_sqrt_p",2,6,2,0.938931297709924
"HEME_vs_CONTROL",5,5,4,6,400,"floor_sqrt_p",5,6,2,0.938931297709924
"HEME_vs_CONTROL",5,5,4,6,400,"floor_sqrt_p",7,6,2,0.938931297709924
"HEME_vs_CONTROL",5,5,5,6,400,"floor_sqrt_p",2,5,2,0.913265306122449
"HEME_vs_CONTROL",5,5,5,6,400,"floor_sqrt_p",5,5,2,0.910714285714286
"HEME_vs_CONTROL",5,5,5,6,400,"floor_sqrt_p",7,5,2,0.913265306122449
"HEME_vs_CONTROL",5,5,1,7,400,"floor_sqrt_p",2,7,2,0.941624365482233
"HEME_vs_CONTROL",5,5,1,7,400,"floor_sqrt_p",5,7,2,0.934010152284264
"HEME_vs_CONTROL",5,5,1,7,400,"floor_sqrt_p",7,7,2,0.939086294416244
"HEME_vs_CONTROL",5,5,2,7,400,"floor_sqrt_p",2,7,2,0.938931297709924
"HEME_vs_CONTROL",5,5,2,7,400,"floor_sqrt_p",5,7,2,0.931297709923664
"HEME_vs_CONTROL",5,5,2,7,400,"floor_sqrt_p",7,7,2,0.944020356234097
"HEME_vs_CONTROL",5,5,3,7,400,"floor_sqrt_p",2,7,2,0.946564885496183
"HEME_vs_CONTROL",5,5,3,7,400,"floor_sqrt_p",5,7,2,0.94147582697201
"HEME_vs_CONTROL",5,5,3,7,400,"floor_sqrt_p",7,7,2,0.944020356234097
"HEME_vs_CONTROL",5,5,4,7,400,"floor_sqrt_p",2,7,2,0.913486005089059
"HEME_vs_CONTROL",5,5,4,7,400,"floor_sqrt_p",5,7,2,0.905852417302799
"HEME_vs_CONTROL",5,5,4,7,400,"floor_sqrt_p",7,7,2,0.910941475826972
"HEME_vs_CONTROL",5,5,5,7,400,"floor_sqrt_p",2,6,2,0.928571428571429
"HEME_vs_CONTROL",5,5,5,7,400,"floor_sqrt_p",5,6,2,0.928571428571429
"HEME_vs_CONTROL",5,5,5,7,400,"floor_sqrt_p",7,6,2,0.928571428571429
"HEME_vs_CONTROL",5,5,1,8,400,"floor_sqrt_p",2,8,2,0.954314720812183
"HEME_vs_CONTROL",5,5,1,8,400,"floor_sqrt_p",5,8,2,0.946700507614213
"HEME_vs_CONTROL",5,5,1,8,400,"floor_sqrt_p",7,8,2,0.946700507614213
"HEME_vs_CONTROL",5,5,2,8,400,"floor_sqrt_p",2,7,2,0.931297709923664
"HEME_vs_CONTROL",5,5,2,8,400,"floor_sqrt_p",5,7,2,0.926208651399491
"HEME_vs_CONTROL",5,5,2,8,400,"floor_sqrt_p",7,7,2,0.928753180661578
"HEME_vs_CONTROL",5,5,3,8,400,"floor_sqrt_p",2,7,2,0.944020356234097
"HEME_vs_CONTROL",5,5,3,8,400,"floor_sqrt_p",5,7,2,0.94147582697201
"HEME_vs_CONTROL",5,5,3,8,400,"floor_sqrt_p",7,7,2,0.94147582697201
"HEME_vs_CONTROL",5,5,4,8,400,"floor_sqrt_p",2,7,2,0.921119592875318
"HEME_vs_CONTROL",5,5,4,8,400,"floor_sqrt_p",5,7,2,0.923664122137405
"HEME_vs_CONTROL",5,5,4,8,400,"floor_sqrt_p",7,7,2,0.918575063613232
"HEME_vs_CONTROL",5,5,5,8,400,"floor_sqrt_p",2,7,2,0.920918367346939
"HEME_vs_CONTROL",5,5,5,8,400,"floor_sqrt_p",5,7,2,0.918367346938776
"HEME_vs_CONTROL",5,5,5,8,400,"floor_sqrt_p",7,7,2,0.913265306122449
"HEME_vs_CONTROL",5,5,1,9,400,"floor_sqrt_p",2,8,2,0.956852791878173
"HEME_vs_CONTROL",5,5,1,9,400,"floor_sqrt_p",5,8,2,0.956852791878173
"HEME_vs_CONTROL",5,5,1,9,400,"floor_sqrt_p",7,8,2,0.959390862944162
"HEME_vs_CONTROL",5,5,2,9,400,"floor_sqrt_p",2,8,2,0.938931297709924
"HEME_vs_CONTROL",5,5,2,9,400,"floor_sqrt_p",5,8,2,0.94147582697201
"HEME_vs_CONTROL",5,5,2,9,400,"floor_sqrt_p",7,8,2,0.94147582697201
"HEME_vs_CONTROL",5,5,3,9,400,"floor_sqrt_p",2,8,2,0.938931297709924
"HEME_vs_CONTROL",5,5,3,9,400,"floor_sqrt_p",5,8,2,0.938931297709924
"HEME_vs_CONTROL",5,5,3,9,400,"floor_sqrt_p",7,8,2,0.946564885496183
"HEME_vs_CONTROL",5,5,4,9,400,"floor_sqrt_p",2,8,2,0.921119592875318
"HEME_vs_CONTROL",5,5,4,9,400,"floor_sqrt_p",5,8,2,0.921119592875318
"HEME_vs_CONTROL",5,5,4,9,400,"floor_sqrt_p",7,8,2,0.916030534351145
"HEME_vs_CONTROL",5,5,5,9,400,"floor_sqrt_p",2,8,2,0.913265306122449
"HEME_vs_CONTROL",5,5,5,9,400,"floor_sqrt_p",5,8,2,0.913265306122449
"HEME_vs_CONTROL",5,5,5,9,400,"floor_sqrt_p",7,8,2,0.910714285714286
"HEME_vs_CONTROL",5,5,1,10,400,"floor_sqrt_p",2,9,3,0.964467005076142
"HEME_vs_CONTROL",5,5,1,10,400,"floor_sqrt_p",5,9,3,0.961928934010152
"HEME_vs_CONTROL",5,5,1,10,400,"floor_sqrt_p",7,9,3,0.959390862944162
"HEME_vs_CONTROL",5,5,2,10,400,"floor_sqrt_p",2,9,3,0.94910941475827
"HEME_vs_CONTROL",5,5,2,10,400,"floor_sqrt_p",5,9,3,0.94147582697201
"HEME_vs_CONTROL",5,5,2,10,400,"floor_sqrt_p",7,9,3,0.946564885496183
"HEME_vs_CONTROL",5,5,3,10,400,"floor_sqrt_p",2,9,3,0.933842239185751
"HEME_vs_CONTROL",5,5,3,10,400,"floor_sqrt_p",5,9,3,0.933842239185751
"HEME_vs_CONTROL",5,5,3,10,400,"floor_sqrt_p",7,9,3,0.938931297709924
"HEME_vs_CONTROL",5,5,4,10,400,"floor_sqrt_p",2,9,3,0.928753180661578
"HEME_vs_CONTROL",5,5,4,10,400,"floor_sqrt_p",5,9,3,0.928753180661578
"HEME_vs_CONTROL",5,5,4,10,400,"floor_sqrt_p",7,9,3,0.926208651399491
"HEME_vs_CONTROL",5,5,5,10,400,"floor_sqrt_p",2,8,2,0.910714285714286
"HEME_vs_CONTROL",5,5,5,10,400,"floor_sqrt_p",5,8,2,0.908163265306122
"HEME_vs_CONTROL",5,5,5,10,400,"floor_sqrt_p",7,8,2,0.910714285714286
"HEME_vs_CONTROL",5,5,1,11,400,"floor_sqrt_p",2,10,3,0.956852791878173
"HEME_vs_CONTROL",5,5,1,11,400,"floor_sqrt_p",5,10,3,0.956852791878173
"HEME_vs_CONTROL",5,5,1,11,400,"floor_sqrt_p",7,10,3,0.954314720812183
"HEME_vs_CONTROL",5,5,2,11,400,"floor_sqrt_p",2,9,3,0.944020356234097
"HEME_vs_CONTROL",5,5,2,11,400,"floor_sqrt_p",5,9,3,0.94147582697201
"HEME_vs_CONTROL",5,5,2,11,400,"floor_sqrt_p",7,9,3,0.944020356234097
"HEME_vs_CONTROL",5,5,3,11,400,"floor_sqrt_p",2,9,3,0.936386768447837
"HEME_vs_CONTROL",5,5,3,11,400,"floor_sqrt_p",5,9,3,0.936386768447837
"HEME_vs_CONTROL",5,5,3,11,400,"floor_sqrt_p",7,9,3,0.936386768447837
"HEME_vs_CONTROL",5,5,4,11,400,"floor_sqrt_p",2,9,3,0.933842239185751
"HEME_vs_CONTROL",5,5,4,11,400,"floor_sqrt_p",5,9,3,0.936386768447837
"HEME_vs_CONTROL",5,5,4,11,400,"floor_sqrt_p",7,9,3,0.936386768447837
"HEME_vs_CONTROL",5,5,5,11,400,"floor_sqrt_p",2,9,3,0.928571428571429
"HEME_vs_CONTROL",5,5,5,11,400,"floor_sqrt_p",5,9,3,0.915816326530612
"HEME_vs_CONTROL",5,5,5,11,400,"floor_sqrt_p",7,9,3,0.928571428571429
"HEME_vs_CONTROL",5,5,1,12,400,"floor_sqrt_p",2,10,3,0.977157360406091
"HEME_vs_CONTROL",5,5,1,12,400,"floor_sqrt_p",5,10,3,0.972081218274112
"HEME_vs_CONTROL",5,5,1,12,400,"floor_sqrt_p",7,10,3,0.977157360406091
"HEME_vs_CONTROL",5,5,2,12,400,"floor_sqrt_p",2,10,3,0.946564885496183
"HEME_vs_CONTROL",5,5,2,12,400,"floor_sqrt_p",5,10,3,0.946564885496183
"HEME_vs_CONTROL",5,5,2,12,400,"floor_sqrt_p",7,10,3,0.944020356234097
"HEME_vs_CONTROL",5,5,3,12,400,"floor_sqrt_p",2,10,3,0.951653944020356
"HEME_vs_CONTROL",5,5,3,12,400,"floor_sqrt_p",5,10,3,0.94910941475827
"HEME_vs_CONTROL",5,5,3,12,400,"floor_sqrt_p",7,10,3,0.94910941475827
"HEME_vs_CONTROL",5,5,4,12,400,"floor_sqrt_p",2,10,3,0.94147582697201
"HEME_vs_CONTROL",5,5,4,12,400,"floor_sqrt_p",5,10,3,0.933842239185751
"HEME_vs_CONTROL",5,5,4,12,400,"floor_sqrt_p",7,10,3,0.936386768447837
"HEME_vs_CONTROL",5,5,5,12,400,"floor_sqrt_p",2,10,3,0.926020408163265
"HEME_vs_CONTROL",5,5,5,12,400,"floor_sqrt_p",5,10,3,0.920918367346939
"HEME_vs_CONTROL",5,5,5,12,400,"floor_sqrt_p",7,10,3,0.915816326530612
"HEME_vs_CONTROL",5,5,1,13,400,"floor_sqrt_p",2,11,3,0.974619289340102
"HEME_vs_CONTROL",5,5,1,13,400,"floor_sqrt_p",5,11,3,0.972081218274112
"HEME_vs_CONTROL",5,5,1,13,400,"floor_sqrt_p",7,11,3,0.972081218274112
"HEME_vs_CONTROL",5,5,2,13,400,"floor_sqrt_p",2,10,3,0.944020356234097
"HEME_vs_CONTROL",5,5,2,13,400,"floor_sqrt_p",5,10,3,0.944020356234097
"HEME_vs_CONTROL",5,5,2,13,400,"floor_sqrt_p",7,10,3,0.94147582697201
"HEME_vs_CONTROL",5,5,3,13,400,"floor_sqrt_p",2,11,3,0.951653944020356
"HEME_vs_CONTROL",5,5,3,13,400,"floor_sqrt_p",5,11,3,0.946564885496183
"HEME_vs_CONTROL",5,5,3,13,400,"floor_sqrt_p",7,11,3,0.94910941475827
"HEME_vs_CONTROL",5,5,4,13,400,"floor_sqrt_p",2,10,3,0.926208651399491
"HEME_vs_CONTROL",5,5,4,13,400,"floor_sqrt_p",5,10,3,0.926208651399491
"HEME_vs_CONTROL",5,5,4,13,400,"floor_sqrt_p",7,10,3,0.921119592875318
"HEME_vs_CONTROL",5,5,5,13,400,"floor_sqrt_p",2,10,3,0.926020408163265
"HEME_vs_CONTROL",5,5,5,13,400,"floor_sqrt_p",5,10,3,0.923469387755102
"HEME_vs_CONTROL",5,5,5,13,400,"floor_sqrt_p",7,10,3,0.926020408163265
"HEME_vs_CONTROL",5,5,1,14,400,"floor_sqrt_p",2,11,3,0.974619289340102
"HEME_vs_CONTROL",5,5,1,14,400,"floor_sqrt_p",5,11,3,0.972081218274112
"HEME_vs_CONTROL",5,5,1,14,400,"floor_sqrt_p",7,11,3,0.972081218274112
"HEME_vs_CONTROL",5,5,2,14,400,"floor_sqrt_p",2,11,3,0.936386768447837
"HEME_vs_CONTROL",5,5,2,14,400,"floor_sqrt_p",5,11,3,0.936386768447837
"HEME_vs_CONTROL",5,5,2,14,400,"floor_sqrt_p",7,11,3,0.936386768447837
"HEME_vs_CONTROL",5,5,3,14,400,"floor_sqrt_p",2,11,3,0.946564885496183
"HEME_vs_CONTROL",5,5,3,14,400,"floor_sqrt_p",5,11,3,0.951653944020356
"HEME_vs_CONTROL",5,5,3,14,400,"floor_sqrt_p",7,11,3,0.946564885496183
"HEME_vs_CONTROL",5,5,4,14,400,"floor_sqrt_p",2,11,3,0.928753180661578
"HEME_vs_CONTROL",5,5,4,14,400,"floor_sqrt_p",5,11,3,0.936386768447837
"HEME_vs_CONTROL",5,5,4,14,400,"floor_sqrt_p",7,11,3,0.933842239185751
"HEME_vs_CONTROL",5,5,5,14,400,"floor_sqrt_p",2,11,3,0.933673469387755
"HEME_vs_CONTROL",5,5,5,14,400,"floor_sqrt_p",5,11,3,0.928571428571429
"HEME_vs_CONTROL",5,5,5,14,400,"floor_sqrt_p",7,11,3,0.931122448979592
"HEME_vs_CONTROL",5,5,1,15,400,"floor_sqrt_p",2,12,3,0.967005076142132
"HEME_vs_CONTROL",5,5,1,15,400,"floor_sqrt_p",5,12,3,0.964467005076142
"HEME_vs_CONTROL",5,5,1,15,400,"floor_sqrt_p",7,12,3,0.967005076142132
"HEME_vs_CONTROL",5,5,2,15,400,"floor_sqrt_p",2,12,3,0.923664122137405
"HEME_vs_CONTROL",5,5,2,15,400,"floor_sqrt_p",5,12,3,0.928753180661578
"HEME_vs_CONTROL",5,5,2,15,400,"floor_sqrt_p",7,12,3,0.923664122137405
"HEME_vs_CONTROL",5,5,3,15,400,"floor_sqrt_p",2,11,3,0.94147582697201
"HEME_vs_CONTROL",5,5,3,15,400,"floor_sqrt_p",5,11,3,0.936386768447837
"HEME_vs_CONTROL",5,5,3,15,400,"floor_sqrt_p",7,11,3,0.936386768447837
"HEME_vs_CONTROL",5,5,4,15,400,"floor_sqrt_p",2,12,3,0.944020356234097
"HEME_vs_CONTROL",5,5,4,15,400,"floor_sqrt_p",5,12,3,0.938931297709924
"HEME_vs_CONTROL",5,5,4,15,400,"floor_sqrt_p",7,12,3,0.946564885496183
"HEME_vs_CONTROL",5,5,5,15,400,"floor_sqrt_p",2,11,3,0.931122448979592
"HEME_vs_CONTROL",5,5,5,15,400,"floor_sqrt_p",5,11,3,0.926020408163265
"HEME_vs_CONTROL",5,5,5,15,400,"floor_sqrt_p",7,11,3,0.928571428571429
"HEME_vs_CONTROL",5,5,1,16,400,"floor_sqrt_p",2,12,3,0.964467005076142
"HEME_vs_CONTROL",5,5,1,16,400,"floor_sqrt_p",5,12,3,0.959390862944162
"HEME_vs_CONTROL",5,5,1,16,400,"floor_sqrt_p",7,12,3,0.959390862944162
"HEME_vs_CONTROL",5,5,2,16,400,"floor_sqrt_p",2,12,3,0.923664122137405
"HEME_vs_CONTROL",5,5,2,16,400,"floor_sqrt_p",5,12,3,0.921119592875318
"HEME_vs_CONTROL",5,5,2,16,400,"floor_sqrt_p",7,12,3,0.916030534351145
"HEME_vs_CONTROL",5,5,3,16,400,"floor_sqrt_p",2,12,3,0.946564885496183
"HEME_vs_CONTROL",5,5,3,16,400,"floor_sqrt_p",5,12,3,0.944020356234097
"HEME_vs_CONTROL",5,5,3,16,400,"floor_sqrt_p",7,12,3,0.946564885496183
"HEME_vs_CONTROL",5,5,4,16,400,"floor_sqrt_p",2,12,3,0.944020356234097
"HEME_vs_CONTROL",5,5,4,16,400,"floor_sqrt_p",5,12,3,0.94147582697201
"HEME_vs_CONTROL",5,5,4,16,400,"floor_sqrt_p",7,12,3,0.94147582697201
"HEME_vs_CONTROL",5,5,5,16,400,"floor_sqrt_p",2,12,3,0.926020408163265
"HEME_vs_CONTROL",5,5,5,16,400,"floor_sqrt_p",5,12,3,0.926020408163265
"HEME_vs_CONTROL",5,5,5,16,400,"floor_sqrt_p",7,12,3,0.920918367346939
"HEME_vs_CONTROL",5,5,1,17,400,"floor_sqrt_p",2,13,3,0.959390862944162
"HEME_vs_CONTROL",5,5,1,17,400,"floor_sqrt_p",5,13,3,0.959390862944162
"HEME_vs_CONTROL",5,5,1,17,400,"floor_sqrt_p",7,13,3,0.959390862944162
"HEME_vs_CONTROL",5,5,2,17,400,"floor_sqrt_p",2,12,3,0.918575063613232
"HEME_vs_CONTROL",5,5,2,17,400,"floor_sqrt_p",5,12,3,0.921119592875318
"HEME_vs_CONTROL",5,5,2,17,400,"floor_sqrt_p",7,12,3,0.916030534351145
"HEME_vs_CONTROL",5,5,3,17,400,"floor_sqrt_p",2,12,3,0.936386768447837
"HEME_vs_CONTROL",5,5,3,17,400,"floor_sqrt_p",5,12,3,0.931297709923664
"HEME_vs_CONTROL",5,5,3,17,400,"floor_sqrt_p",7,12,3,0.938931297709924
"HEME_vs_CONTROL",5,5,4,17,400,"floor_sqrt_p",2,12,3,0.933842239185751
"HEME_vs_CONTROL",5,5,4,17,400,"floor_sqrt_p",5,12,3,0.936386768447837
"HEME_vs_CONTROL",5,5,4,17,400,"floor_sqrt_p",7,12,3,0.938931297709924
"HEME_vs_CONTROL",5,5,5,17,400,"floor_sqrt_p",2,12,3,0.920918367346939
"HEME_vs_CONTROL",5,5,5,17,400,"floor_sqrt_p",5,12,3,0.926020408163265
"HEME_vs_CONTROL",5,5,5,17,400,"floor_sqrt_p",7,12,3,0.923469387755102
"HEME_vs_CONTROL",5,5,1,18,400,"floor_sqrt_p",2,13,3,0.956852791878173
"HEME_vs_CONTROL",5,5,1,18,400,"floor_sqrt_p",5,13,3,0.959390862944162
"HEME_vs_CONTROL",5,5,1,18,400,"floor_sqrt_p",7,13,3,0.959390862944162
"HEME_vs_CONTROL",5,5,2,18,400,"floor_sqrt_p",2,13,3,0.921119592875318
"HEME_vs_CONTROL",5,5,2,18,400,"floor_sqrt_p",5,13,3,0.916030534351145
"HEME_vs_CONTROL",5,5,2,18,400,"floor_sqrt_p",7,13,3,0.923664122137405
"HEME_vs_CONTROL",5,5,3,18,400,"floor_sqrt_p",2,13,3,0.936386768447837
"HEME_vs_CONTROL",5,5,3,18,400,"floor_sqrt_p",5,13,3,0.938931297709924
"HEME_vs_CONTROL",5,5,3,18,400,"floor_sqrt_p",7,13,3,0.938931297709924
"HEME_vs_CONTROL",5,5,4,18,400,"floor_sqrt_p",2,13,3,0.926208651399491
"HEME_vs_CONTROL",5,5,4,18,400,"floor_sqrt_p",5,13,3,0.928753180661578
"HEME_vs_CONTROL",5,5,4,18,400,"floor_sqrt_p",7,13,3,0.926208651399491
"HEME_vs_CONTROL",5,5,5,18,400,"floor_sqrt_p",2,12,3,0.920918367346939
"HEME_vs_CONTROL",5,5,5,18,400,"floor_sqrt_p",5,12,3,0.918367346938776
"HEME_vs_CONTROL",5,5,5,18,400,"floor_sqrt_p",7,12,3,0.913265306122449
"HEME_vs_CONTROL",5,5,1,19,400,"floor_sqrt_p",2,13,3,0.954314720812183
"HEME_vs_CONTROL",5,5,1,19,400,"floor_sqrt_p",5,13,3,0.967005076142132
"HEME_vs_CONTROL",5,5,1,19,400,"floor_sqrt_p",7,13,3,0.959390862944162
"HEME_vs_CONTROL",5,5,2,19,400,"floor_sqrt_p",2,13,3,0.916030534351145
"HEME_vs_CONTROL",5,5,2,19,400,"floor_sqrt_p",5,13,3,0.916030534351145
"HEME_vs_CONTROL",5,5,2,19,400,"floor_sqrt_p",7,13,3,0.918575063613232
"HEME_vs_CONTROL",5,5,3,19,400,"floor_sqrt_p",2,13,3,0.931297709923664
"HEME_vs_CONTROL",5,5,3,19,400,"floor_sqrt_p",5,13,3,0.933842239185751
"HEME_vs_CONTROL",5,5,3,19,400,"floor_sqrt_p",7,13,3,0.933842239185751
"HEME_vs_CONTROL",5,5,4,19,400,"floor_sqrt_p",2,13,3,0.928753180661578
"HEME_vs_CONTROL",5,5,4,19,400,"floor_sqrt_p",5,13,3,0.926208651399491
"HEME_vs_CONTROL",5,5,4,19,400,"floor_sqrt_p",7,13,3,0.926208651399491
"HEME_vs_CONTROL",5,5,5,19,400,"floor_sqrt_p",2,13,3,0.918367346938776
"HEME_vs_CONTROL",5,5,5,19,400,"floor_sqrt_p",5,13,3,0.908163265306122
"HEME_vs_CONTROL",5,5,5,19,400,"floor_sqrt_p",7,13,3,0.918367346938776
"HEME_vs_CONTROL",5,5,1,20,400,"floor_sqrt_p",2,14,3,0.951776649746193
"HEME_vs_CONTROL",5,5,1,20,400,"floor_sqrt_p",5,14,3,0.951776649746193
"HEME_vs_CONTROL",5,5,1,20,400,"floor_sqrt_p",7,14,3,0.946700507614213
"HEME_vs_CONTROL",5,5,2,20,400,"floor_sqrt_p",2,13,3,0.923664122137405
"HEME_vs_CONTROL",5,5,2,20,400,"floor_sqrt_p",5,13,3,0.921119592875318
"HEME_vs_CONTROL",5,5,2,20,400,"floor_sqrt_p",7,13,3,0.923664122137405
"HEME_vs_CONTROL",5,5,3,20,400,"floor_sqrt_p",2,13,3,0.933842239185751
"HEME_vs_CONTROL",5,5,3,20,400,"floor_sqrt_p",5,13,3,0.931297709923664
"HEME_vs_CONTROL",5,5,3,20,400,"floor_sqrt_p",7,13,3,0.931297709923664
"HEME_vs_CONTROL",5,5,4,20,400,"floor_sqrt_p",2,13,3,0.931297709923664
"HEME_vs_CONTROL",5,5,4,20,400,"floor_sqrt_p",5,13,3,0.926208651399491
"HEME_vs_CONTROL",5,5,4,20,400,"floor_sqrt_p",7,13,3,0.926208651399491
"HEME_vs_CONTROL",5,5,5,20,400,"floor_sqrt_p",2,13,3,0.920918367346939
"HEME_vs_CONTROL",5,5,5,20,400,"floor_sqrt_p",5,13,3,0.926020408163265
"HEME_vs_CONTROL",5,5,5,20,400,"floor_sqrt_p",7,13,3,0.920918367346939
