"site_index","site_id","label","threshold","total_atoms","n_non_CON","pct_non_CON","elements_non_CON_present"
1,"13pkA","NUC",10,448,5,1.11607142857143,"S"
2,"1a0iA","NUC",10,378,1,0.264550264550265,"S"
3,"1a49C","NUC",10,480,3,0.625,"S"
4,"1a6eA","NUC",10,486,1,0.205761316872428,"S"
5,"1a6eB","NUC",10,500,1,0.2,"S"
6,"1a82A","NUC",10,392,1,0.255102040816327,"S"
7,"1a8rC","NUC",10,224,2,0.892857142857143,"S"
8,"1agrB","NUC",10,459,2,0.435729847494553,"S"
9,"1aszC","NUC",10,441,3,0.680272108843537,"S"
10,"1b0uA","NUC",10,253,1,0.395256916996047,"S"
11,"1b4sA","NUC",10,295,0,0,""
12,"1b62A","NUC",10,414,1,0.241545893719807,"S"
13,"1b6sB","NUC",10,401,0,0,""
14,"1b76A","NUC",10,451,2,0.443458980044346,"S"
15,"1b8aB","NUC",10,435,0,0,""
16,"1bcpE","NUC",10,193,3,1.55440414507772,"S"
17,"1bi9D","NUC",10,369,2,0.5420054200542,"S"
18,"1bofA","NUC",10,419,2,0.477326968973747,"S"
19,"1br1A","NUC",10,432,2,0.462962962962963,"S"
20,"1br2A","NUC",10,452,2,0.442477876106195,"S"
21,"1byuB","NUC",10,307,2,0.651465798045603,"S"
22,"1c4kA","NUC",10,335,1,0.298507462686567,"S"
23,"1ckmA","NUC",10,434,3,0.691244239631336,"S"
24,"1clqC","NUC",10,363,2,0.550964187327824,"S"
25,"1cm8A","NUC",10,378,3,0.793650793650794,"S"
26,"1cnfA","NUC",10,302,3,0.993377483443709,"S"
27,"1cozA","NUC",10,384,1,0.260416666666667,"S"
28,"1csnA","NUC",10,423,1,0.236406619385343,"S"
29,"1cz7D","NUC",10,353,1,0.28328611898017,"S"
30,"1d2eA","NUC",10,368,2,0.543478260869565,"S"
31,"1d5cA","NUC",10,377,0,0,""
32,"1dawA","NUC",10,457,2,0.437636761487965,"S"
33,"1dflA","NUC",10,417,1,0.239808153477218,"S"
34,"1dj2A","NUC",10,454,0,0,""
35,"1dj3B","NUC",10,461,1,0.216919739696312,"S"
36,"1djnB","NUC",10,447,1,0.223713646532438,"S"
37,"1dv2B","NUC",10,435,2,0.459770114942529,"S"
38,"1dy3A","NUC",10,385,3,0.779220779220779,"S"
39,"1e0jA","NUC",10,391,3,0.767263427109974,"S"
40,"1e19A","NUC",10,358,1,0.279329608938547,"S"
41,"1e22A","NUC",10,435,3,0.689655172413793,"S"
42,"1e2fA","NUC",10,334,0,0,""
43,"1e8xA","NUC",10,413,3,0.726392251815981,"S"
44,"1e94F","NUC",10,436,1,0.229357798165138,"S"
45,"1ei1B","NUC",10,509,2,0.392927308447937,"S"
46,"1ej1B","NUC",10,322,1,0.31055900621118,"S"
47,"1esqC","NUC",10,368,0,0,""
48,"1eyzA","NUC",10,441,2,0.453514739229025,"S"
49,"1f1hA","NUC",10,404,2,0.495049504950495,"S"
50,"1f6bB","NUC",10,362,3,0.828729281767956,"S"
51,"1f7qA","NUC",10,213,1,0.469483568075117,"S"
52,"1f9aA","NUC",10,397,1,0.251889168765743,"S"
53,"1finA","NUC",10,380,0,0,""
54,"1fnnA","NUC",10,441,0,0,""
55,"1fp6A","NUC",10,371,1,0.269541778975741,"S"
56,"1frwA","NUC",10,346,3,0.867052023121387,"S"
57,"1fwkA","NUC",10,429,1,0.233100233100233,"S"
58,"1g2vA","NUC",10,328,3,0.914634146341463,"S"
59,"1g3iV","NUC",10,426,1,0.234741784037559,"S"
60,"1g3qA","NUC",10,382,3,0.785340314136126,"S"
61,"1g41A","NUC",10,402,1,0.248756218905473,"S"
62,"1g4aA","NUC",10,392,1,0.255102040816327,"S"
63,"1g6oB","NUC",10,394,0,0,""
64,"1gc5A","NUC",10,401,1,0.249376558603491,"S"
65,"1gkzA","NUC",10,414,2,0.483091787439614,"S"
66,"1gl7B","NUC",10,200,0,0,""
67,"1glfA","NUC",10,469,3,0.639658848614073,"S"
68,"1gn8A","NUC",10,438,1,0.228310502283105,"S"
69,"1gq9A","NUC",10,337,1,0.29673590504451,"S"
70,"1gqyB","NUC",10,468,2,0.427350427350427,"S"
71,"1grnA","NUC",10,358,3,0.837988826815642,"S"
72,"1gs5A","NUC",10,427,3,0.702576112412178,"S"
73,"1gsaA","NUC",10,462,2,0.432900432900433,"S"
74,"1gzfC","NUC",10,328,0,0,""
75,"1h3eA","NUC",10,470,4,0.851063829787234,"S"
76,"1h4qA","NUC",10,453,0,0,""
77,"1h65B","NUC",10,345,1,0.289855072463768,"S"
78,"1h79A","NUC",10,352,4,1.13636363636364,"S"
79,"1h7uA","NUC",10,352,2,0.568181818181818,"S"
80,"1hi5A","NUC",10,308,5,1.62337662337662,"S"
81,"1honA","NUC",10,395,1,0.253164556962025,"S"
82,"1hp1A","NUC",10,224,2,0.892857142857143,"S"
83,"1htwA","NUC",10,309,1,0.323624595469256,"S"
84,"1hurA","NUC",10,298,2,0.671140939597315,"S"
85,"1huxA","NUC",10,389,1,0.25706940874036,"S"
86,"1hwkD","NUC",10,284,6,2.11267605633803,"S"
87,"1i52A","NUC",10,357,1,0.280112044817927,"S"
88,"1i7lB","NUC",10,431,2,0.464037122969838,"S"
89,"1ia9B","NUC",10,392,3,0.76530612244898,"S"
90,"1id0A","NUC",10,379,3,0.79155672823219,"S"
91,"1ii0B","NUC",10,435,2,0.459770114942529,"S"
92,"1in5A","NUC",10,421,0,0,""
93,"1iowA","NUC",10,464,3,0.646551724137931,"S"
94,"1iqpA","NUC",10,401,1,0.249376558603491,"S"
95,"1isgA","NUC",10,386,1,0.259067357512953,"S"
96,"1ixsB","NUC",10,405,1,0.246913580246914,"S"
97,"1j09A","NUC",10,368,2,0.543478260869565,"S"
98,"1j1bB","NUC",10,417,2,0.479616306954436,"S"
99,"1j1zB","NUC",10,451,2,0.443458980044346,"S"
100,"1j7lA","NUC",10,409,3,0.733496332518337,"S"
101,"1jcgA","NUC",10,489,2,0.408997955010225,"S"
102,"1jedB","NUC",10,467,4,0.856531049250535,"S"
103,"1ji0A","NUC",10,258,0,0,""
104,"1jjvA","NUC",10,303,1,0.33003300330033,"S"
105,"1jlrB","NUC",10,261,3,1.14942528735632,"S"
106,"1jqhA","NUC",10,384,4,1.04166666666667,"S"
107,"1ju9A","NUC",10,394,2,0.50761421319797,"S"
108,"1jwaA","NUC",10,382,2,0.523560209424084,"S"
109,"1jwhA","NUC",10,400,1,0.25,"S"
110,"1k3cA","NUC",10,436,1,0.229357798165138,"S"
111,"1kaoA","NUC",10,344,1,0.290697674418605,"S"
112,"1kf0A","NUC",10,333,4,1.2012012012012,"S"
113,"1kfdA","NUC",10,304,0,0,""
114,"1kk3A","NUC",10,294,1,0.340136054421769,"S"
115,"1kmnB","NUC",10,447,3,0.671140939597315,"S"
116,"1kmnC","NUC",10,436,3,0.688073394495413,"S"
117,"1ko5A","NUC",10,320,2,0.625,"S"
118,"1kp2A","NUC",10,457,3,0.656455142231947,"S"
119,"1ksfA","NUC",10,390,2,0.512820512820513,"S"
120,"1kv3F","NUC",10,263,1,0.380228136882129,"S"
121,"1kvkA","NUC",10,396,2,0.505050505050505,"S"
122,"1kyqA","NUC",10,277,1,0.36101083032491,"S"
123,"1l0oA","NUC",10,413,2,0.484261501210654,"S"
124,"1lkxC","NUC",10,413,2,0.484261501210654,"S"
125,"1looA","NUC",10,458,2,0.436681222707424,"S"
126,"1m74A","NUC",10,362,4,1.10497237569061,"S"
127,"1m7gB","NUC",10,313,0,0,""
128,"1m83A","NUC",10,487,3,0.616016427104723,"S"
129,"1mabB","NUC",10,353,2,0.56657223796034,"S"
130,"1miyA","NUC",10,386,2,0.518134715025907,"S"
131,"1mjhB","NUC",10,425,2,0.470588235294118,"S"
132,"1mkjA","NUC",10,341,2,0.586510263929619,"S"
133,"1mozB","NUC",10,309,0,0,""
134,"1mx0C","NUC",10,481,0,0,""
135,"1n06B","NUC",10,325,2,0.615384615384615,"S"
136,"1n6lA","NUC",10,410,1,0.24390243902439,"S"
137,"1nb6A","NUC",10,390,4,1.02564102564103,"S"
138,"1nksF","NUC",10,300,0,0,""
139,"1nktB","NUC",10,433,4,0.92378752886836,"S"
140,"1nlkA","NUC",10,290,2,0.689655172413793,"S"
141,"1nm5B","NUC",10,266,0,0,""
142,"1nneC","NUC",10,324,1,0.308641975308642,"S"
143,"1nqtC","NUC",10,280,2,0.714285714285714,"S"
144,"1nrjB","NUC",10,375,1,0.266666666666667,"S"
145,"1nueA","NUC",10,297,2,0.673400673400673,"S"
146,"1nvfC","NUC",10,415,1,0.240963855421687,"S"
147,"1ny5B","NUC",10,395,1,0.253164556962025,"S"
148,"1nyrA","NUC",10,460,4,0.869565217391304,"S"
149,"1nzxA","NUC",10,391,3,0.767263427109974,"S"
150,"1o0hA","NUC",10,291,4,1.3745704467354,"S"
151,"1o51A","NUC",10,191,0,0,""
152,"1o6bA","NUC",10,418,1,0.239234449760766,"S"
153,"1oe0B","NUC",10,530,4,0.754716981132076,"S"
154,"1ojlE","NUC",10,358,3,0.837988826815642,"S"
155,"1osnC","NUC",10,278,1,0.359712230215827,"S"
156,"1oxuA","NUC",10,255,1,0.392156862745098,"S"
157,"1p16B","NUC",10,347,1,0.288184438040346,"S"
158,"1p39A","NUC",10,355,2,0.563380281690141,"S"
159,"1p50A","NUC",10,478,3,0.627615062761506,"S"
160,"1p72B","NUC",10,337,2,0.593471810089021,"S"
161,"1p7lA","NUC",10,338,1,0.29585798816568,"S"
162,"1pfkA","NUC",10,344,4,1.16279069767442,"S"
163,"1phpA","NUC",10,379,3,0.79155672823219,"S"
164,"1pk8D","NUC",10,434,1,0.230414746543779,"S"
165,"1pkgA","NUC",10,434,3,0.691244239631336,"S"
166,"1pvoI","NUC",10,312,2,0.641025641025641,"S"
167,"1q1kA","NUC",10,404,2,0.495049504950495,"S"
168,"1q3sB","NUC",10,508,3,0.590551181102362,"S"
169,"1q99A","NUC",10,398,1,0.251256281407035,"S"
170,"1q9sA","NUC",10,332,2,0.602409638554217,"S"
171,"1qhgA","NUC",10,358,0,0,""
172,"1qhyA","NUC",10,327,4,1.22324159021407,"S"
173,"1ql6A","NUC",10,423,3,0.709219858156028,"S"
174,"1qpcA","NUC",10,336,3,0.892857142857143,"S"
175,"1qpgA","NUC",10,405,1,0.246913580246914,"S"
176,"1qssC","NUC",10,387,2,0.516795865633075,"S"
177,"1qvrA","NUC",10,383,0,0,""
178,"1qzrA","NUC",10,489,4,0.81799591002045,"S"
179,"1r0zA","NUC",10,379,1,0.263852242744063,"S"
180,"1r5nA","NUC",10,314,1,0.318471337579618,"S"
181,"1ra7A","NUC",10,371,1,0.269541778975741,"S"
182,"1raaB","NUC",10,314,0,0,""
183,"1rf8A","NUC",10,325,0,0,""
184,"1rfuD","NUC",10,447,5,1.11856823266219,"S"
185,"1ri1A","NUC",10,399,3,0.75187969924812,"S"
186,"1rk2B","NUC",10,402,0,0,""
187,"1rluA","NUC",10,460,1,0.217391304347826,"S"
188,"1ryaA","NUC",10,389,1,0.25706940874036,"S"
189,"1rzuA","NUC",10,325,2,0.615384615384615,"S"
190,"1s16A","NUC",10,506,1,0.197628458498024,"S"
191,"1s4eF","NUC",10,391,1,0.255754475703325,"S"
192,"1s4oA","NUC",10,414,2,0.483091787439614,"S"
193,"1s59A","NUC",10,303,0,0,""
194,"1s5gA","NUC",10,365,1,0.273972602739726,"S"
195,"1s8fB","NUC",10,350,1,0.285714285714286,"S"
196,"1sazA","NUC",10,325,0,0,""
197,"1sdmA","NUC",10,389,2,0.51413881748072,"S"
198,"1skqA","NUC",10,295,2,0.677966101694915,"S"
199,"1smcB","NUC",10,239,0,0,""
200,"1svlA","NUC",10,349,0,0,""
201,"1svwA","NUC",10,414,0,0,""
202,"1sx3A","NUC",10,437,3,0.68649885583524,"S"
203,"1sxjA","NUC",10,407,2,0.491400491400491,"S"
204,"1sxjB","NUC",10,421,4,0.950118764845606,"S"
205,"1sxjC","NUC",10,446,1,0.224215246636771,"S"
206,"1sxjD","NUC",10,430,2,0.465116279069767,"S"
207,"1sxjE","NUC",10,404,4,0.99009900990099,"S"
208,"1sylA","NUC",10,241,3,1.2448132780083,"S"
209,"1t5cA","NUC",10,306,1,0.326797385620915,"S"
210,"1t6xB","NUC",10,243,0,0,""
211,"1t7pC","NUC",10,356,2,0.561797752808989,"S"
212,"1t8eC","NUC",10,340,3,0.88235294117647,"S"
213,"1tc0B","NUC",10,341,1,0.293255131964809,"S"
214,"1tuiA","NUC",10,339,2,0.589970501474926,"S"
215,"1tuuA","NUC",10,326,1,0.306748466257669,"S"
216,"1ty8A","NUC",10,429,5,1.16550116550117,"S"
217,"1tz6B","NUC",10,387,1,0.258397932816537,"S"
218,"1u0hC","NUC",10,497,3,0.603621730382294,"S"
219,"1u0jA","NUC",10,265,0,0,""
220,"1u3gA","NUC",10,266,1,0.37593984962406,"S"
221,"1u54A","NUC",10,367,2,0.544959128065395,"S"
222,"1u5rA","NUC",10,400,4,1,"S"
223,"1u6rA","NUC",10,365,2,0.547945205479452,"S"
224,"1u7wC","NUC",10,356,3,0.842696629213483,"S"
225,"1ua2A","NUC",10,463,1,0.215982721382289,"S"
226,"1uf9C","NUC",10,317,0,0,""
227,"1uj2A","NUC",10,307,2,0.651465798045603,"S"
228,"1ukvB","NUC",10,376,2,0.531914893617021,"S"
229,"1ukyA","NUC",10,465,2,0.43010752688172,"S"
230,"1un9A","NUC",10,347,4,1.15273775216138,"S"
231,"1v1aA","NUC",10,371,0,0,""
232,"1v25B","NUC",10,517,0,0,""
233,"1v34A","NUC",10,391,1,0.255754475703325,"S"
234,"1v3sA","NUC",10,230,0,0,""
235,"1v8kA","NUC",10,363,2,0.550964187327824,"S"
236,"1v9pA","NUC",10,385,1,0.25974025974026,"S"
237,"1vc8A","NUC",10,363,2,0.550964187327824,"S"
238,"1vfvA","NUC",10,388,1,0.257731958762887,"S"
239,"1vfzA","NUC",10,353,1,0.28328611898017,"S"
240,"1vj7A","NUC",10,388,0,0,""
241,"1vpaA","NUC",10,370,1,0.27027027027027,"S"
242,"1vtkA","NUC",10,325,3,0.923076923076923,"S"
243,"1w1wD","NUC",10,327,2,0.611620795107034,"S"
244,"1w2cA","NUC",10,365,1,0.273972602739726,"S"
245,"1w4rA","NUC",10,452,2,0.442477876106195,"S"
246,"1w5aB","NUC",10,454,4,0.881057268722467,"S"
247,"1w5tB","NUC",10,474,0,0,""
248,"1w78A","NUC",10,467,2,0.428265524625268,"S"
249,"1w7iA","NUC",10,357,1,0.280112044817927,"S"
250,"1wbpA","NUC",10,336,1,0.297619047619048,"S"
251,"1wc6C","NUC",10,272,1,0.367647058823529,"S"
252,"1wdtA","NUC",10,437,0,0,""
253,"1wkkA","NUC",10,325,2,0.615384615384615,"S"
254,"1wnlA","NUC",10,369,0,0,""
255,"1wpgB","NUC",10,338,4,1.18343195266272,"S"
256,"1wurA","NUC",10,236,3,1.27118644067797,"S"
257,"1wuuC","NUC",10,457,2,0.437636761487965,"S"
258,"1wvcA","NUC",10,374,4,1.06951871657754,"S"
259,"1x3mA","NUC",10,317,1,0.315457413249211,"S"
260,"1xdnA","NUC",10,386,1,0.259067357512953,"S"
261,"1xexA","NUC",10,262,0,0,""
262,"1xfvA","NUC",10,396,0,0,""
263,"1xjeA","NUC",10,461,6,1.30151843817787,"S"
264,"1xjqA","NUC",10,451,3,0.665188470066519,"S"
265,"1xmiD","NUC",10,262,2,0.763358778625954,"S"
266,"1xmmD","NUC",10,429,0,0,""
267,"1xmsA","NUC",10,354,0,0,""
268,"1xp8A","NUC",10,335,0,0,""
269,"1xr1A","NUC",10,411,0,0,""
270,"1xs1A","NUC",10,397,1,0.251889168765743,"S"
271,"1xscA","NUC",10,314,1,0.318471337579618,"S"
272,"1xtsA","NUC",10,386,0,0,""
273,"1xu4A","NUC",10,348,2,0.574712643678161,"S"
274,"1xx6A","NUC",10,295,1,0.338983050847458,"S"
275,"1y56A","NUC",10,538,1,0.185873605947955,"S"
276,"1y8qD","NUC",10,443,2,0.451467268623025,"S"
277,"1yfrA","NUC",10,437,4,0.91533180778032,"S"
278,"1yhnA","NUC",10,408,1,0.245098039215686,"S"
279,"1yp3C","NUC",10,471,1,0.212314225053079,"S"
280,"1yrbA","NUC",10,321,1,0.311526479750779,"S"
281,"1ytmA","NUC",10,510,2,0.392156862745098,"S"
282,"1yunB","NUC",10,374,3,0.802139037433155,"S"
283,"1z0fA","NUC",10,339,3,0.884955752212389,"S"
284,"1z0iA","NUC",10,353,1,0.28328611898017,"S"
285,"1z0jA","NUC",10,399,2,0.50125313283208,"S"
286,"1z22A","NUC",10,345,1,0.289855072463768,"S"
287,"1z2nA","NUC",10,471,1,0.212314225053079,"S"
288,"1z6yA","NUC",10,281,4,1.42348754448399,"S"
289,"1z7eB","NUC",10,478,0,0,""
290,"1z84A","NUC",10,325,4,1.23076923076923,"S"
291,"1zaoA","NUC",10,465,3,0.645161290322581,"S"
292,"1zauA","NUC",10,378,1,0.264550264550265,"S"
293,"1zfnA","NUC",10,401,1,0.249376558603491,"S"
294,"1zmcE","NUC",10,353,2,0.56657223796034,"S"
295,"1znyA","NUC",10,293,0,0,""
296,"1zp9B","NUC",10,421,0,0,""
297,"1zs6A","NUC",10,302,2,0.662251655629139,"S"
298,"1zxnC","NUC",10,443,4,0.90293453724605,"S"
299,"1zy5A","NUC",10,366,3,0.819672131147541,"S"
300,"2a00A","NUC",10,335,1,0.298507462686567,"S"
301,"2a19B","NUC",10,372,2,0.53763440860215,"S"
302,"2a19C","NUC",10,328,2,0.609756097560976,"S"
303,"2a5jA","NUC",10,342,2,0.584795321637427,"S"
304,"2a8sA","NUC",10,427,3,0.702576112412178,"S"
305,"2a9zA","NUC",10,387,2,0.516795865633075,"S"
306,"2acxA","NUC",10,388,5,1.28865979381443,"S"
307,"2akoA","NUC",10,358,0,0,""
308,"2an9A","NUC",10,421,0,0,""
309,"2aqxA","NUC",10,437,2,0.45766590389016,"S"
310,"2atvA","NUC",10,349,2,0.573065902578797,"S"
311,"2awnA","NUC",10,239,2,0.836820083682008,"S"
312,"2b51A","NUC",10,456,6,1.31578947368421,"S"
313,"2b92B","NUC",10,429,1,0.233100233100233,"S"
314,"2b9iA","NUC",10,418,3,0.717703349282297,"S"
315,"2be9B","NUC",10,264,1,0.378787878787879,"S"
316,"2bejA","NUC",10,367,1,0.272479564032698,"S"
317,"2bfrA","NUC",10,368,2,0.543478260869565,"S"
318,"2biyA","NUC",10,383,1,0.261096605744125,"S"
319,"2bjaB","NUC",10,385,2,0.519480519480519,"S"
320,"2bm1A","NUC",10,303,1,0.33003300330033,"S"
321,"2bmdA","NUC",10,318,1,0.314465408805031,"S"
322,"2bnfA","NUC",10,385,0,0,""
323,"2bovA","NUC",10,357,1,0.280112044817927,"S"
324,"2bq1B","NUC",10,248,1,0.403225806451613,"S"
325,"2briA","NUC",10,412,0,0,""
326,"2btqA","NUC",10,460,0,0,""
327,"2bufC","NUC",10,326,3,0.920245398773006,"S"
328,"2bvcA","NUC",10,431,2,0.464037122969838,"S"
329,"2c03B","NUC",10,310,2,0.645161290322581,"S"
330,"2c39D","NUC",10,365,3,0.821917808219178,"S"
331,"2c49A","NUC",10,453,2,0.441501103752759,"S"
332,"2c98A","NUC",10,330,1,0.303030303030303,"S"
333,"2c9oA","NUC",10,445,1,0.224719101123595,"S"
334,"2cdnA","NUC",10,331,2,0.604229607250755,"S"
335,"2cduB","NUC",10,393,2,0.508905852417303,"S"
336,"2ce7C","NUC",10,373,0,0,""
337,"2ch4A","NUC",10,423,2,0.472813238770686,"S"
338,"2ch6A","NUC",10,360,2,0.555555555555556,"S"
339,"2chqA","NUC",10,422,2,0.4739336492891,"S"
340,"2cjaB","NUC",10,420,3,0.714285714285714,"S"
341,"2cjwA","NUC",10,282,0,0,""
342,"2ckpA","NUC",10,354,2,0.564971751412429,"S"
343,"2clsA","NUC",10,420,4,0.952380952380952,"S"
344,"2cn5A","NUC",10,381,2,0.5249343832021,"S"
345,"2cnqA","NUC",10,400,0,0,""
346,"2cnwD","NUC",10,344,0,0,""
347,"2cxxA","NUC",10,321,0,0,""
348,"2d0oC","NUC",10,401,0,0,""
349,"2d32A","NUC",10,427,3,0.702576112412178,"S"
350,"2d3aA","NUC",10,386,2,0.518134715025907,"S"
351,"2db3E","NUC",10,521,1,0.191938579654511,"S"
352,"2dcnA","NUC",10,408,2,0.490196078431373,"S"
353,"2dejA","NUC",10,414,1,0.241545893719807,"S"
354,"2dhrA","NUC",10,362,0,0,""
355,"2dr3E","NUC",10,272,0,0,""
356,"2dvoA","NUC",10,493,1,0.202839756592292,"S"
357,"2dwcB","NUC",10,377,1,0.26525198938992,"S"
358,"2dyaB","NUC",10,310,1,0.32258064516129,"S"
359,"2dykB","NUC",10,297,0,0,""
360,"2e21C","NUC",10,476,1,0.210084033613445,"S"
361,"2e2pA","NUC",10,309,1,0.323624595469256,"S"
362,"2e5yB","NUC",10,283,0,0,""
363,"2e87A","NUC",10,320,1,0.3125,"S"
364,"2e9rC","NUC",10,349,2,0.573065902578797,"S"
365,"2efcB","NUC",10,316,0,0,""
366,"2eg2A","NUC",10,202,0,0,""
367,"2eryB","NUC",10,357,1,0.280112044817927,"S"
368,"2f02A","NUC",10,374,0,0,""
369,"2fahA","NUC",10,468,3,0.641025641025641,"S"
370,"2faqA","NUC",10,359,2,0.557103064066852,"S"
371,"2fb3A","NUC",10,472,5,1.05932203389831,"S"
372,"2ff7A","NUC",10,258,1,0.387596899224806,"S"
373,"2fh5B","NUC",10,395,2,0.506329113924051,"S"
374,"2fn4A","NUC",10,342,0,0,""
375,"2fnaA","NUC",10,449,0,0,""
376,"2fp4B","NUC",10,398,1,0.251256281407035,"S"
377,"2fsnB","NUC",10,384,0,0,""
378,"2g2fA","NUC",10,391,1,0.255754475703325,"S"
379,"2g5iB","NUC",10,361,1,0.277008310249307,"S"
380,"2g77B","NUC",10,349,2,0.573065902578797,"S"
381,"2g88A","NUC",10,316,1,0.316455696202532,"S"
382,"2ga9B","NUC",10,428,5,1.16822429906542,"S"
383,"2gekA","NUC",10,383,1,0.261096605744125,"S"
384,"2gf0B","NUC",10,347,2,0.576368876080692,"S"
385,"2gjaA","NUC",10,359,1,0.278551532033426,"S"
386,"2gjkA","NUC",10,458,1,0.218340611353712,"S"
387,"2gksB","NUC",10,444,4,0.900900900900901,"S"
388,"2gm1A","NUC",10,325,2,0.615384615384615,"S"
389,"2grjA","NUC",10,297,1,0.336700336700337,"S"
390,"2gryA","NUC",10,318,1,0.314465408805031,"S"
391,"2gvzB","NUC",10,225,1,0.444444444444444,"S"
392,"2gxaG","NUC",10,298,3,1.00671140939597,"S"
393,"2h1fA","NUC",10,342,2,0.584795321637427,"S"
394,"2h57B","NUC",10,406,3,0.738916256157635,"S"
395,"2h5eA","NUC",10,311,0,0,""
396,"2hcbD","NUC",10,396,0,0,""
397,"2hf9A","NUC",10,362,2,0.552486187845304,"S"
398,"2hixA","NUC",10,378,3,0.793650793650794,"S"
399,"2hldK","NUC",10,323,0,0,""
400,"2hryA","NUC",10,486,8,1.64609053497942,"S"
401,"2hs4A","NUC",10,508,7,1.37795275590551,"S"
402,"2hupA","NUC",10,296,1,0.337837837837838,"S"
403,"2hv7B","NUC",10,273,1,0.366300366300366,"S"
404,"2hvwA","NUC",10,249,1,0.401606425702811,"S"
405,"2hw1A","NUC",10,445,3,0.674157303370786,"S"
406,"2hyiE","NUC",10,454,1,0.220264317180617,"S"
407,"2i4oA","NUC",10,434,2,0.460829493087558,"S"
408,"2i5bA","NUC",10,408,3,0.735294117647059,"S"
409,"2icxB","NUC",10,406,3,0.738916256157635,"S"
410,"2idvA","NUC",10,299,0,0,""
411,"2if8A","NUC",10,369,1,0.2710027100271,"S"
412,"2ijmB","NUC",10,388,5,1.28865979381443,"S"
413,"2imwC","NUC",10,320,2,0.625,"S"
414,"2iopA","NUC",10,353,1,0.28328611898017,"S"
415,"2iryA","NUC",10,337,0,0,""
416,"2is6C","NUC",10,378,2,0.529100529100529,"S"
417,"2itxA","NUC",10,379,4,1.05540897097625,"S"
418,"2iutA","NUC",10,319,2,0.626959247648903,"S"
419,"2ivpA","NUC",10,477,3,0.628930817610063,"S"
420,"2ixfB","NUC",10,263,0,0,""
421,"2iyvA","NUC",10,291,0,0,""
422,"2j0vB","NUC",10,349,4,1.14613180515759,"S"
423,"2j0wA","NUC",10,413,1,0.242130750605327,"S"
424,"2j1lA","NUC",10,272,5,1.83823529411765,"S"
425,"2j3eA","NUC",10,350,1,0.285714285714286,"S"
426,"2j3mB","NUC",10,471,4,0.849256900212314,"S"
427,"2j4eB","NUC",10,463,3,0.647948164146868,"S"
428,"2j4lF","NUC",10,441,0,0,""
429,"2j4lH","NUC",10,428,0,0,""
430,"2j87D","NUC",10,430,2,0.465116279069767,"S"
431,"2j9eB","NUC",10,222,0,0,""
432,"2j9lC","NUC",10,310,1,0.32258064516129,"S"
433,"2ja1A","NUC",10,356,2,0.561797752808989,"S"
434,"2jasC","NUC",10,516,3,0.581395348837209,"S"
435,"2jfgA","NUC",10,451,0,0,""
436,"2jg1A","NUC",10,392,0,0,""
437,"2jgbA","NUC",10,389,2,0.51413881748072,"S"
438,"2jibA","NUC",10,474,7,1.47679324894515,"S"
439,"2jjxB","NUC",10,178,1,0.561797752808989,"S"
440,"2jkiB","NUC",10,384,2,0.520833333333333,"S"
441,"2jlgC","NUC",10,417,3,0.719424460431655,"S"
442,"2jlxB","NUC",10,365,4,1.0958904109589,"S"
443,"2kmxA","NUC",10,309,3,0.970873786407767,"S"
444,"2ksqA","NUC",10,380,2,0.526315789473684,"S"
445,"2lkdA","NUC",10,276,1,0.36231884057971,"S"
446,"2mjpA","NUC",10,369,0,0,""
447,"2mscC","NUC",10,347,1,0.288184438040346,"S"
448,"2nmvB","NUC",10,337,0,0,""
449,"2no0A","NUC",10,341,1,0.293255131964809,"S"
450,"2npfB","NUC",10,280,0,0,""
451,"2ns1B","NUC",10,228,0,0,""
452,"2nt8A","NUC",10,263,0,0,""
453,"2nunA","NUC",10,390,4,1.02564102564103,"S"
454,"2nzjC","NUC",10,276,1,0.36231884057971,"S"
455,"2o08B","NUC",10,430,0,0,""
456,"2o8cD","NUC",10,275,4,1.45454545454545,"S"
457,"2oapB","NUC",10,452,0,0,""
458,"2obmA","NUC",10,273,1,0.366300366300366,"S"
459,"2ocpA","NUC",10,509,2,0.392927308447937,"S"
460,"2ogiB","NUC",10,403,0,0,""
461,"2oidB","NUC",10,406,2,0.492610837438424,"S"
462,"2oilA","NUC",10,337,0,0,""
463,"2ojwC","NUC",10,393,6,1.52671755725191,"S"
464,"2ooyF","NUC",10,439,2,0.455580865603645,"S"
465,"2owmC","NUC",10,363,2,0.550964187327824,"S"
466,"2oxcA","NUC",10,286,1,0.34965034965035,"S"
467,"2ozeA","NUC",10,386,2,0.518134715025907,"S"
468,"2p09A","NUC",10,245,4,1.63265306122449,"S"
469,"2p5sB","NUC",10,325,1,0.307692307692308,"S"
470,"2p9kA","NUC",10,459,2,0.435729847494553,"S"
471,"2pbzA","NUC",10,415,0,0,""
472,"2pc9B","NUC",10,465,2,0.43010752688172,"S"
473,"2peyB","NUC",10,290,4,1.37931034482759,"S"
474,"2phnB","NUC",10,383,2,0.522193211488251,"S"
475,"2pknA","NUC",10,395,0,0,""
476,"2pmdA","NUC",10,349,0,0,""
477,"2pmlA","NUC",10,420,1,0.238095238095238,"S"
478,"2po0A","NUC",10,361,2,0.554016620498615,"S"
479,"2pulA","NUC",10,437,1,0.22883295194508,"S"
480,"2pyjH","NUC",10,360,1,0.277777777777778,"S"
481,"2pywA","NUC",10,450,3,0.666666666666667,"S"
482,"2q0eA","NUC",10,477,2,0.419287211740042,"S"
483,"2q16A","NUC",10,487,1,0.205338809034908,"S"
484,"2q28A","NUC",10,484,3,0.619834710743802,"S"
485,"2q2rA","NUC",10,356,1,0.280898876404494,"S"
486,"2q2tD","NUC",10,394,3,0.761421319796954,"S"
487,"2q3hA","NUC",10,296,2,0.675675675675676,"S"
488,"2qbyC","NUC",10,444,0,0,""
489,"2qbyD","NUC",10,437,0,0,""
490,"2qenA","NUC",10,429,0,0,""
491,"2qg4E","NUC",10,361,4,1.10803324099723,"S"
492,"2qkmB","NUC",10,262,2,0.763358778625954,"S"
493,"2qo7A","NUC",10,334,3,0.898203592814371,"S"
494,"2qq0A","NUC",10,350,2,0.571428571428571,"S"
495,"2qsyA","NUC",10,316,1,0.316455696202532,"S"
496,"2qthA","NUC",10,364,0,0,""
497,"2qu8A","NUC",10,316,2,0.632911392405063,"S"
498,"2qxxA","NUC",10,383,0,0,""
499,"2qz4A","NUC",10,368,3,0.815217391304348,"S"
500,"2r65A","NUC",10,339,1,0.294985250737463,"S"
501,"2r6fA","NUC",10,388,0,0,""
502,"2r6gB","NUC",10,259,3,1.15830115830116,"S"
503,"2r6rA","NUC",10,454,2,0.440528634361233,"S"
504,"2r7kA","NUC",10,427,2,0.468384074941452,"S"
505,"2r86A","NUC",10,364,0,0,""
506,"2r8fA","NUC",10,376,1,0.265957446808511,"S"
507,"2r9vA","NUC",10,361,0,0,""
508,"2rd5D","NUC",10,264,0,0,""
509,"2rhlB","NUC",10,437,1,0.22883295194508,"S"
510,"2rsfA","NUC",10,241,1,0.4149377593361,"S"
511,"2shkB","NUC",10,300,3,1,"S"
512,"2srcA","NUC",10,427,3,0.702576112412178,"S"
513,"2uz3B","NUC",10,475,2,0.421052631578947,"S"
514,"2v1uA","NUC",10,453,0,0,""
515,"2v2zB","NUC",10,389,0,0,""
516,"2v55C","NUC",10,443,4,0.90293453724605,"S"
517,"2v55D","NUC",10,402,4,0.995024875621891,"S"
518,"2v7yA","NUC",10,421,1,0.237529691211401,"S"
519,"2varA","NUC",10,463,2,0.431965442764579,"S"
520,"2vawA","NUC",10,432,3,0.694444444444444,"S"
521,"2vb6A","NUC",10,409,2,0.488997555012225,"S"
522,"2vedA","NUC",10,369,2,0.5420054200542,"S"
523,"2vf7C","NUC",10,377,0,0,""
524,"2vhqC","NUC",10,262,0,0,""
525,"2vpqB","NUC",10,493,3,0.608519269776876,"S"
526,"2vt3B","NUC",10,260,0,0,""
527,"2vugA","NUC",10,402,1,0.248756218905473,"S"
528,"2vvgB","NUC",10,329,4,1.21580547112462,"S"
529,"2vwbA","NUC",10,458,5,1.09170305676856,"S"
530,"2vwiA","NUC",10,320,1,0.3125,"S"
531,"2w41B","NUC",10,309,3,0.970873786407767,"S"
532,"2w4kA","NUC",10,383,2,0.522193211488251,"S"
533,"2w58A","NUC",10,298,1,0.335570469798658,"S"
534,"2w6dB","NUC",10,324,1,0.308641975308642,"S"
535,"2wbeC","NUC",10,370,1,0.27027027027027,"S"
536,"2we3A","NUC",10,367,1,0.272479564032698,"S"
537,"2we5A","NUC",10,354,2,0.564971751412429,"S"
538,"2wepA","NUC",10,378,1,0.264550264550265,"S"
539,"2wjgA","NUC",10,295,2,0.677966101694915,"S"
540,"2wkpA","NUC",10,398,3,0.753768844221106,"S"
541,"2wmcA","NUC",10,280,2,0.714285714285714,"S"
542,"2wojD","NUC",10,363,3,0.826446280991736,"S"
543,"2wpdF","NUC",10,358,1,0.279329608938547,"S"
544,"2wqeA","NUC",10,199,0,0,""
545,"2wqnA","NUC",10,322,2,0.62111801242236,"S"
546,"2wssA","NUC",10,344,0,0,""
547,"2wtkC","NUC",10,392,4,1.02040816326531,"S"
548,"2wtuA","NUC",10,313,2,0.638977635782748,"S"
549,"2ww4A","NUC",10,352,2,0.568181818181818,"S"
550,"2wwfC","NUC",10,319,0,0,""
551,"2wwwD","NUC",10,269,0,0,""
552,"2x2eA","NUC",10,375,0,0,""
553,"2x60B","NUC",10,483,3,0.62111801242236,"S"
554,"2x6tB","NUC",10,446,1,0.224215246636771,"S"
555,"2xd4A","NUC",10,409,2,0.488997555012225,"S"
556,"2xelA","NUC",10,434,1,0.230414746543779,"S"
557,"2xj9A","NUC",10,367,0,0,""
558,"2xjaA","NUC",10,474,1,0.210970464135021,"S"
559,"2xkaF","NUC",10,455,2,0.43956043956044,"S"
560,"2xs0A","NUC",10,375,5,1.33333333333333,"S"
561,"2xszC","NUC",10,453,0,0,""
562,"2xszF","NUC",10,438,0,0,""
563,"2xtiB","NUC",10,437,3,0.68649885583524,"S"
564,"2xtoA","NUC",10,343,0,0,""
565,"2xwlB","NUC",10,365,0,0,""
566,"2xwnB","NUC",10,351,0,0,""
567,"2xzlA","NUC",10,393,1,0.254452926208651,"S"
568,"2xzwC","NUC",10,227,2,0.881057268722467,"S"
569,"2y4kA","NUC",10,430,4,0.930232558139535,"S"
570,"2y65D","NUC",10,330,2,0.606060606060606,"S"
571,"2y6pC","NUC",10,335,0,0,""
572,"2y83E","NUC",10,478,5,1.04602510460251,"S"
573,"2y9qA","NUC",10,460,3,0.652173913043478,"S"
574,"2yaaA","NUC",10,401,2,0.498753117206983,"S"
575,"2yhyA","NUC",10,348,1,0.28735632183908,"S"
576,"2ynmA","NUC",10,368,0,0,""
577,"2yw2B","NUC",10,458,1,0.218340611353712,"S"
578,"2ywvB","NUC",10,390,0,0,""
579,"2ywwA","NUC",10,271,1,0.3690036900369,"S"
580,"2z02A","NUC",10,422,1,0.23696682464455,"S"
581,"2z09A","NUC",10,418,1,0.239234449760766,"S"
582,"2z1mA","NUC",10,431,1,0.232018561484919,"S"
583,"2z4rA","NUC",10,436,2,0.458715596330275,"S"
584,"2z7qA","NUC",10,375,0,0,""
585,"2zanA","NUC",10,397,1,0.251889168765743,"S"
586,"2zdgC","NUC",10,462,1,0.216450216450216,"S"
587,"2zejB","NUC",10,156,0,0,""
588,"2zetA","NUC",10,392,0,0,""
589,"2zs8A","NUC",10,394,1,0.253807106598985,"S"
590,"2ztsA","NUC",10,280,0,0,""
591,"2zu9B","NUC",10,412,0,0,""
592,"3a0tA","NUC",10,375,1,0.266666666666667,"S"
593,"3a1eB","NUC",10,476,1,0.210084033613445,"S"
594,"3a37A","NUC",10,343,3,0.87463556851312,"S"
595,"3a4lB","NUC",10,330,1,0.303030303030303,"S"
596,"3a5cA","NUC",10,315,1,0.317460317460317,"S"
597,"3a7hB","NUC",10,348,1,0.28735632183908,"S"
598,"3ab3A","NUC",10,457,0,0,""
599,"3ab8A","NUC",10,396,0,0,""
600,"3acaA","NUC",10,275,2,0.727272727272727,"S"
601,"3ajeA","NUC",10,473,0,0,""
602,"3akkA","NUC",10,387,4,1.03359173126615,"S"
603,"3alnA","NUC",10,414,4,0.966183574879227,"S"
604,"3alnC","NUC",10,299,4,1.33779264214047,"S"
605,"3aloA","NUC",10,407,3,0.737100737100737,"S"
606,"3amtA","NUC",10,488,2,0.40983606557377,"S"
607,"3auyA","NUC",10,330,1,0.303030303030303,"S"
608,"3ax6B","NUC",10,300,0,0,""
609,"3b0xA","NUC",10,360,2,0.555555555555556,"S"
610,"3b6vA","NUC",10,309,2,0.647249190938511,"S"
611,"3bf1A","NUC",10,299,2,0.668896321070234,"S"
612,"3bfkB","NUC",10,360,0,0,""
613,"3bh7A","NUC",10,378,1,0.264550264550265,"S"
614,"3bjuA","NUC",10,431,3,0.696055684454756,"S"
615,"3brbB","NUC",10,324,4,1.23456790123457,"S"
616,"3bsnA","NUC",10,367,0,0,""
617,"3bwdA","NUC",10,300,2,0.666666666666667,"S"
618,"3c23B","NUC",10,315,0,0,""
619,"3c3eA","NUC",10,447,0,0,""
620,"3c41A","NUC",10,259,2,0.772200772200772,"S"
621,"3c4wB","NUC",10,411,3,0.72992700729927,"S"
622,"3c5cB","NUC",10,365,2,0.547945205479452,"S"
623,"3c5eA","NUC",10,464,3,0.646551724137931,"S"
624,"3c7nA","NUC",10,430,0,0,""
625,"3c7nB","NUC",10,386,2,0.518134715025907,"S"
626,"3c9uB","NUC",10,344,1,0.290697674418605,"S"
627,"3cb2A","NUC",10,465,2,0.43010752688172,"S"
628,"3cisG","NUC",10,391,1,0.255754475703325,"S"
629,"3clvA","NUC",10,360,0,0,""
630,"3cnnA","NUC",10,339,0,0,""
631,"3cokA","NUC",10,365,3,0.821917808219178,"S"
632,"3cphB","NUC",10,387,2,0.516795865633075,"S"
633,"3cr3A","NUC",10,389,0,0,""
634,"3crcB","NUC",10,245,1,0.408163265306122,"S"
635,"3crlA","NUC",10,399,1,0.25062656641604,"S"
636,"3cwqA","NUC",10,376,0,0,""
637,"3cwzA","NUC",10,403,0,0,""
638,"3d2rB","NUC",10,438,0,0,""
639,"3d5wA","NUC",10,376,4,1.06382978723404,"S"
640,"3d8bB","NUC",10,352,2,0.568181818181818,"S"
641,"3dcbA","NUC",10,331,4,1.20845921450151,"S"
642,"3dinA","NUC",10,425,4,0.941176470588235,"S"
643,"3dkcA","NUC",10,434,6,1.38248847926267,"S"
644,"3dkpA","NUC",10,299,2,0.668896321070234,"S"
645,"3dlsA","NUC",10,386,1,0.259067357512953,"S"
646,"3dm5A","NUC",10,349,2,0.573065902578797,"S"
647,"3doeA","NUC",10,399,2,0.50125313283208,"S"
648,"3drbB","NUC",10,452,2,0.442477876106195,"S"
649,"3dsrA","NUC",10,269,2,0.743494423791822,"S"
650,"3dt7A","NUC",10,512,4,0.78125,"S"
651,"3dwlG","NUC",10,420,2,0.476190476190476,"S"
652,"3dz8A","NUC",10,321,3,0.934579439252336,"S"
653,"3dzdA","NUC",10,359,0,0,""
654,"3dzhA","NUC",10,395,0,0,""
655,"3dzvA","NUC",10,366,1,0.273224043715847,"S"
656,"3e70A","NUC",10,329,1,0.303951367781155,"S"
657,"3ea0B","NUC",10,399,1,0.25062656641604,"S"
658,"3eanD","NUC",10,352,2,0.568181818181818,"S"
659,"3eccA","NUC",10,332,0,0,""
660,"3efsA","NUC",10,434,0,0,""
661,"3egiB","NUC",10,252,2,0.793650793650794,"S"
662,"3eihA","NUC",10,374,1,0.267379679144385,"S"
663,"3ejmA","NUC",10,308,2,0.649350649350649,"S"
664,"3emdA","NUC",10,266,2,0.75187969924812,"S"
665,"3epsA","NUC",10,494,5,1.01214574898785,"S"
666,"3eujA","NUC",10,323,1,0.309597523219814,"S"
667,"3ewsA","NUC",10,388,2,0.515463917525773,"S"
668,"3ez2B","NUC",10,198,1,0.505050505050505,"S"
669,"3f2dC","NUC",10,375,1,0.266666666666667,"S"
670,"3f8pD","NUC",10,428,3,0.700934579439252,"S"
671,"3fceA","NUC",10,462,2,0.432900432900433,"S"
672,"3fd6B","NUC",10,306,2,0.65359477124183,"S"
673,"3fdxA","NUC",10,395,0,0,""
674,"3fe2A","NUC",10,303,0,0,""
675,"3ffuA","NUC",10,408,1,0.245098039215686,"S"
676,"3fpiA","NUC",10,254,0,0,""
677,"3fvqB","NUC",10,265,3,1.13207547169811,"S"
678,"3fwrB","NUC",10,296,4,1.35135135135135,"S"
679,"3fwyA","NUC",10,380,1,0.263157894736842,"S"
680,"3fzpA","NUC",10,413,3,0.726392251815981,"S"
681,"3g2fA","NUC",10,425,1,0.235294117647059,"S"
682,"3g59A","NUC",10,514,3,0.583657587548638,"S"
683,"3gbjA","NUC",10,348,2,0.574712643678161,"S"
684,"3ge1B","NUC",10,450,0,0,""
685,"3glfG","NUC",10,411,0,0,""
686,"3gniB","NUC",10,456,3,0.657894736842105,"S"
687,"3go6B","NUC",10,338,2,0.591715976331361,"S"
688,"3gonA","NUC",10,437,5,1.1441647597254,"S"
689,"3gplA","NUC",10,402,1,0.248756218905473,"S"
690,"3gqcA","NUC",10,365,4,1.0958904109589,"S"
691,"3gqkA","NUC",10,249,0,0,""
692,"3gucA","NUC",10,405,2,0.493827160493827,"S"
693,"3gviB","NUC",10,338,2,0.591715976331361,"S"
694,"3gx9A","NUC",10,273,1,0.366300366300366,"S"
695,"3h0lB","NUC",10,326,1,0.306748466257669,"S"
696,"3h3aB","NUC",10,384,0,0,""
697,"3h4lB","NUC",10,382,2,0.523560209424084,"S"
698,"3h4mA","NUC",10,375,2,0.533333333333333,"S"
699,"3h5nA","NUC",10,415,1,0.240963855421687,"S"
700,"3hfwA","NUC",10,373,5,1.34048257372654,"S"
701,"3hgmA","NUC",10,397,2,0.503778337531486,"S"
702,"3hj1B","NUC",10,437,2,0.45766590389016,"S"
703,"3hjnA","NUC",10,287,0,0,""
704,"3hkoA","NUC",10,390,5,1.28205128205128,"S"
705,"3hmnA","NUC",10,350,4,1.14285714285714,"S"
706,"3hqdA","NUC",10,436,3,0.688073394495413,"S"
707,"3hqoD","NUC",10,376,3,0.797872340425532,"S"
708,"3hwsA","NUC",10,376,1,0.265957446808511,"S"
709,"3hx4A","NUC",10,342,2,0.584795321637427,"S"
710,"3hxxA","NUC",10,498,5,1.00401606425703,"S"
711,"3hyoA","NUC",10,398,2,0.50251256281407,"S"
712,"3hz6A","NUC",10,290,1,0.344827586206897,"S"
713,"3hziA","NUC",10,497,2,0.402414486921529,"S"
714,"3i0oA","NUC",10,366,0,0,""
715,"3i12D","NUC",10,385,1,0.25974025974026,"S"
716,"3i4lA","NUC",10,405,0,0,""
717,"3i5xA","NUC",10,463,2,0.431965442764579,"S"
718,"3i7vA","NUC",10,342,0,0,""
719,"3i8xA","NUC",10,287,1,0.348432055749129,"S"
720,"3iayC","NUC",10,334,2,0.598802395209581,"S"
721,"3ibgB","NUC",10,350,3,0.857142857142857,"S"
722,"3ie7A","NUC",10,405,0,0,""
723,"3iedA","NUC",10,376,3,0.797872340425532,"S"
724,"3iewA","NUC",10,279,0,0,""
725,"3ig8A","NUC",10,423,1,0.236406619385343,"S"
726,"3ih0A","NUC",10,379,0,0,""
727,"3ihlA","NUC",10,273,0,0,""
728,"3ikhA","NUC",10,377,1,0.26525198938992,"S"
729,"3in1A","NUC",10,340,1,0.294117647058824,"S"
730,"3innD","NUC",10,476,3,0.630252100840336,"S"
731,"3io3A","NUC",10,369,2,0.5420054200542,"S"
732,"3iq0A","NUC",10,406,2,0.492610837438424,"S"
733,"3iqxA","NUC",10,345,3,0.869565217391304,"S"
734,"3is5F","NUC",10,331,2,0.604229607250755,"S"
735,"3iwjA","NUC",10,370,3,0.810810810810811,"S"
736,"3j15B","NUC",10,310,0,0,""
737,"3j5vA","NUC",10,411,4,0.97323600973236,"S"
738,"3j94A","NUC",10,383,1,0.261096605744125,"S"
739,"3j9lG","NUC",10,454,0,0,""
740,"3jbzA","NUC",10,358,3,0.837988826815642,"S"
741,"3jq3A","NUC",10,356,2,0.561797752808989,"S"
742,"3jqmI","NUC",10,208,3,1.44230769230769,"S"
743,"3ju6A","NUC",10,397,2,0.503778337531486,"S"
744,"3jvvA","NUC",10,340,1,0.294117647058824,"S"
745,"3k09F","NUC",10,330,2,0.606060606060606,"S"
746,"3k1jA","NUC",10,413,3,0.726392251815981,"S"
747,"3k30A","NUC",10,440,1,0.227272727272727,"S"
748,"3k58A","NUC",10,320,2,0.625,"S"
749,"3k5iA","NUC",10,439,4,0.911161731207289,"S"
750,"3k60A","NUC",10,367,1,0.272479564032698,"S"
751,"3k8dA","NUC",10,392,2,0.510204081632653,"S"
752,"3kalA","NUC",10,460,3,0.652173913043478,"S"
753,"3karA","NUC",10,378,1,0.264550264550265,"S"
754,"3kb1A","NUC",10,369,0,0,""
755,"3ke5B","NUC",10,252,0,0,""
756,"3kexA","NUC",10,417,1,0.239808153477218,"S"
757,"3kfeH","NUC",10,488,1,0.204918032786885,"S"
758,"3kgdD","NUC",10,346,1,0.289017341040462,"S"
759,"3kh5A","NUC",10,350,3,0.857142857142857,"S"
760,"3kjgA","NUC",10,385,1,0.25974025974026,"S"
761,"3kkqA","NUC",10,366,0,0,""
762,"3kmwA","NUC",10,431,2,0.464037122969838,"S"
763,"3kn5B","NUC",10,345,3,0.869565217391304,"S"
764,"3kvgB","NUC",10,481,1,0.207900207900208,"S"
765,"3kx2A","NUC",10,437,2,0.45766590389016,"S"
766,"3l2pA","NUC",10,388,2,0.515463917525773,"S"
767,"3l86A","NUC",10,347,2,0.576368876080692,"S"
768,"3l8kA","NUC",10,471,5,1.06157112526539,"S"
769,"3la6B","NUC",10,410,2,0.48780487804878,"S"
770,"3lduA","NUC",10,424,1,0.235849056603774,"S"
771,"3lf0B","NUC",10,236,0,0,""
772,"3lgxC","NUC",10,498,1,0.200803212851406,"S"
773,"3lj0A","NUC",10,402,2,0.497512437810945,"S"
774,"3lkiB","NUC",10,400,1,0.25,"S"
775,"3lkkB","NUC",10,413,3,0.726392251815981,"S"
776,"3ll3A","NUC",10,346,1,0.289017341040462,"S"
777,"3ll9B","NUC",10,346,0,0,""
778,"3llmB","NUC",10,258,1,0.387596899224806,"S"
779,"3lltA","NUC",10,437,2,0.45766590389016,"S"
780,"3lq3A","NUC",10,349,1,0.286532951289398,"S"
781,"3lreB","NUC",10,345,1,0.289855072463768,"S"
782,"3lrpA","NUC",10,307,2,0.651465798045603,"S"
783,"3lssB","NUC",10,439,6,1.36674259681093,"S"
784,"3lv8A","NUC",10,272,0,0,""
785,"3lvqA","NUC",10,455,5,1.0989010989011,"S"
786,"3lxxA","NUC",10,312,0,0,""
787,"3lzzA","NUC",10,290,1,0.344827586206897,"S"
788,"3m6aA","NUC",10,384,0,0,""
789,"3m93A","NUC",10,269,2,0.743494423791822,"S"
790,"3mbiA","NUC",10,323,0,0,""
791,"3meyB","NUC",10,422,7,1.65876777251185,"S"
792,"3mfsA","NUC",10,397,4,1.00755667506297,"S"
793,"3mhyB","NUC",10,243,1,0.411522633744856,"S"
794,"3miaA","NUC",10,371,1,0.269541778975741,"S"
795,"3mleB","NUC",10,287,1,0.348432055749129,"S"
796,"3mufA","NUC",10,331,3,0.906344410876133,"S"
797,"3mwyA","NUC",10,370,1,0.27027027027027,"S"
798,"3n6mA","NUC",10,354,2,0.564971751412429,"S"
799,"3n8dB","NUC",10,327,2,0.611620795107034,"S"
800,"3nbfC","NUC",10,236,2,0.847457627118644,"S"
801,"3ncrC","NUC",10,201,0,0,""
802,"3nd6A","NUC",10,412,0,0,""
803,"3ng0A","NUC",10,440,0,0,""
804,"3nhbA","NUC",10,256,0,0,""
805,"3nieA","NUC",10,460,2,0.434782608695652,"S"
806,"3nizA","NUC",10,414,1,0.241545893719807,"S"
807,"3nl6A","NUC",10,411,3,0.72992700729927,"S"
808,"3o3pB","NUC",10,423,2,0.472813238770686,"S"
809,"3o6xA","NUC",10,370,3,0.810810810810811,"S"
810,"3o8dA","NUC",10,361,1,0.277008310249307,"S"
811,"3o8lA","NUC",10,363,3,0.826446280991736,"S"
812,"3o98A","NUC",10,493,4,0.811359026369168,"S"
813,"3oaaD","NUC",10,350,3,0.857142857142857,"S"
814,"3oaaI","NUC",10,341,0,0,""
815,"3ocmA","NUC",10,330,1,0.303030303030303,"S"
816,"3ohaA","NUC",10,323,3,0.928792569659443,"S"
817,"3ohrA","NUC",10,265,0,0,""
818,"3okaA","NUC",10,350,4,1.14285714285714,"S"
819,"3opyD","NUC",10,348,2,0.574712643678161,"S"
820,"3orkA","NUC",10,414,4,0.966183574879227,"S"
821,"3otbA","NUC",10,321,3,0.934579439252336,"S"
822,"3ouuA","NUC",10,445,1,0.224719101123595,"S"
823,"3ozxB","NUC",10,295,0,0,""
824,"3p23C","NUC",10,384,3,0.78125,"S"
825,"3peyA","NUC",10,422,2,0.4739336492891,"S"
826,"3pfiA","NUC",10,381,0,0,""
827,"3pfqA","NUC",10,382,5,1.30890052356021,"S"
828,"3pkpA","NUC",10,360,1,0.277777777777778,"S"
829,"3plsA","NUC",10,384,4,1.04166666666667,"S"
830,"3pnlB","NUC",10,406,3,0.738916256157635,"S"
831,"3pqcA","NUC",10,337,1,0.29673590504451,"S"
832,"3px0A","NUC",10,308,0,0,""
833,"3px6B","NUC",10,343,0,0,""
834,"3pyfA","NUC",10,388,1,0.257731958762887,"S"
835,"3pyzA","NUC",10,477,3,0.628930817610063,"S"
836,"3pzpB","NUC",10,327,3,0.91743119266055,"S"
837,"3q4pA","NUC",10,359,1,0.278551532033426,"S"
838,"3q53A","NUC",10,348,3,0.862068965517241,"S"
839,"3q5iA","NUC",10,380,0,0,""
840,"3q86A","NUC",10,325,1,0.307692307692308,"S"
841,"3q9lA","NUC",10,385,0,0,""
842,"3qf7B","NUC",10,335,0,0,""
843,"3qfuA","NUC",10,442,1,0.226244343891403,"S"
844,"3qktA","NUC",10,335,0,0,""
845,"3qktD","NUC",10,341,0,0,""
846,"3qo7A","NUC",10,449,5,1.11358574610245,"S"
847,"3qpwA","NUC",10,445,2,0.449438202247191,"S"
848,"3qttB","NUC",10,456,1,0.219298245614035,"S"
849,"3qvfA","NUC",10,404,1,0.247524752475248,"S"
850,"3qx9C","NUC",10,233,1,0.429184549356223,"S"
851,"3r03A","NUC",10,300,0,0,""
852,"3r5xA","NUC",10,387,1,0.258397932816537,"S"
853,"3refA","NUC",10,347,2,0.576368876080692,"S"
854,"3reuA","NUC",10,490,0,0,""
855,"3rfxA","NUC",10,356,4,1.12359550561798,"S"
856,"3rq6A","NUC",10,236,0,0,""
857,"3rs9A","NUC",10,365,1,0.273972602739726,"S"
858,"3rsbB","NUC",10,340,1,0.294117647058824,"S"
859,"3ruqC","NUC",10,495,1,0.202020202020202,"S"
860,"3rwoA","NUC",10,354,0,0,""
861,"3ryfB","NUC",10,491,7,1.42566191446029,"S"
862,"3s3tA","NUC",10,396,0,0,""
863,"3s6aA","NUC",10,399,1,0.25062656641604,"S"
864,"3s8cA","NUC",10,223,2,0.896860986547085,"S"
865,"3se7D","NUC",10,438,1,0.228310502283105,"S"
866,"3sfvA","NUC",10,361,2,0.554016620498615,"S"
867,"3siwA","NUC",10,378,6,1.58730158730159,"S"
868,"3sl2A","NUC",10,379,0,0,""
869,"3ss8A","NUC",10,368,1,0.271739130434783,"S"
870,"3synA","NUC",10,347,1,0.288184438040346,"S"
871,"3t1oA","NUC",10,328,0,0,""
872,"3t35A","NUC",10,383,1,0.261096605744125,"S"
873,"3t4nC","NUC",10,366,4,1.09289617486339,"S"
874,"3t5dA","NUC",10,289,1,0.346020761245675,"S"
875,"3t99A","NUC",10,447,2,0.447427293064877,"S"
876,"3ta1D","NUC",10,226,0,0,""
877,"3tdwA","NUC",10,406,0,0,""
878,"3thzA","NUC",10,320,2,0.625,"S"
879,"3tifB","NUC",10,256,2,0.78125,"S"
880,"3tiiB","NUC",10,375,1,0.266666666666667,"S"
881,"3tk1A","NUC",10,260,1,0.384615384615385,"S"
882,"3tk1B","NUC",10,251,1,0.398406374501992,"S"
883,"3tr5B","NUC",10,324,0,0,""
884,"3ttcA","NUC",10,460,2,0.434782608695652,"S"
885,"3tuiC","NUC",10,266,1,0.37593984962406,"S"
886,"3ty5A","NUC",10,427,5,1.17096018735363,"S"
887,"3tzlB","NUC",10,291,0,0,""
888,"3u06B","NUC",10,350,1,0.285714285714286,"S"
889,"3u5zA","NUC",10,425,3,0.705882352941177,"S"
890,"3u67A","NUC",10,373,2,0.536193029490617,"S"
891,"3uboB","NUC",10,394,0,0,""
892,"3ubtB","NUC",10,294,1,0.340136054421769,"S"
893,"3uc5A","NUC",10,416,2,0.480769230769231,"S"
894,"3uf6A","NUC",10,312,1,0.320512820512821,"S"
895,"3ufgA","NUC",10,466,0,0,""
896,"3ufxB","NUC",10,353,0,0,""
897,"3ug6B","NUC",10,332,1,0.301204819277108,"S"
898,"3uieB","NUC",10,334,4,1.19760479041916,"S"
899,"3uimA","NUC",10,405,2,0.493827160493827,"S"
900,"3uk6G","NUC",10,440,2,0.454545454545455,"S"
901,"3uk6L","NUC",10,299,1,0.334448160535117,"S"
902,"3ukdA","NUC",10,354,3,0.847457627118644,"S"
903,"3umoA","NUC",10,393,3,0.763358778625954,"S"
904,"3ungA","NUC",10,377,1,0.26525198938992,"S"
905,"3uq8A","NUC",10,359,2,0.557103064066852,"S"
906,"3v00B","NUC",10,446,2,0.448430493273543,"S"
907,"3v2uC","NUC",10,497,6,1.20724346076459,"S"
908,"3v4sA","NUC",10,393,0,0,""
909,"3veyA","NUC",10,420,3,0.714285714285714,"S"
910,"3vmmA","NUC",10,454,2,0.440528634361233,"S"
911,"3vn9A","NUC",10,457,6,1.31291028446389,"S"
912,"3votA","NUC",10,419,0,0,""
913,"3vpbC","NUC",10,469,0,0,""
914,"3vqtA","NUC",10,325,1,0.307692307692308,"S"
915,"3vr6B","NUC",10,362,0,0,""
916,"3vx4B","NUC",10,257,1,0.389105058365759,"S"
917,"3vzuA","NUC",10,354,0,0,""
918,"3w0sA","NUC",10,366,1,0.273224043715847,"S"
919,"3w1gA","NUC",10,377,4,1.06100795755968,"S"
920,"3w6nB","NUC",10,388,0,0,""
921,"3w8qA","NUC",10,444,4,0.900900900900901,"S"
922,"3wbzE","NUC",10,348,2,0.574712643678161,"S"
923,"3wfrE","NUC",10,429,0,0,""
924,"3whkA","NUC",10,400,2,0.5,"S"
925,"3wjpA","NUC",10,409,2,0.488997555012225,"S"
926,"3wqtB","NUC",10,486,1,0.205761316872428,"S"
927,"3wryB","NUC",10,281,2,0.711743772241993,"S"
928,"3wryC","NUC",10,381,4,1.0498687664042,"S"
929,"3wt0C","NUC",10,486,1,0.205761316872428,"S"
930,"3wv9A","NUC",10,343,0,0,""
931,"3wwmA","NUC",10,357,1,0.280112044817927,"S"
932,"3wxmA","NUC",10,513,1,0.194931773879142,"S"
933,"3x03A","NUC",10,349,0,0,""
934,"3x1kD","NUC",10,432,0,0,""
935,"3zbqA","NUC",10,427,3,0.702576112412178,"S"
936,"3zc7A","NUC",10,385,4,1.03896103896104,"S"
937,"3zecB","NUC",10,453,2,0.441501103752759,"S"
938,"3zf8A","NUC",10,403,2,0.496277915632754,"S"
939,"3zfdA","NUC",10,435,4,0.919540229885057,"S"
940,"3zidA","NUC",10,462,3,0.649350649350649,"S"
941,"3zkdC","NUC",10,502,1,0.199203187250996,"S"
942,"3zlbA","NUC",10,410,3,0.731707317073171,"S"
943,"3zm7A","NUC",10,365,1,0.273972602739726,"S"
944,"3zq6B","NUC",10,353,1,0.28328611898017,"S"
945,"3zq6D","NUC",10,352,1,0.284090909090909,"S"
946,"3zvmA","NUC",10,446,2,0.448430493273543,"S"
947,"3zy3A","NUC",10,463,5,1.07991360691145,"S"
948,"3zznA","NUC",10,337,1,0.29673590504451,"S"
949,"4a36A","NUC",10,373,1,0.268096514745308,"S"
950,"4a5aD","NUC",10,428,3,0.700934579439252,"S"
951,"4a5lA","NUC",10,289,2,0.692041522491349,"S"
952,"4a6jA","NUC",10,520,3,0.576923076923077,"S"
953,"4a9xA","NUC",10,366,1,0.273224043715847,"S"
954,"4ag5A","NUC",10,275,2,0.727272727272727,"S"
955,"4am7B","NUC",10,434,0,0,""
956,"4anjA","NUC",10,465,2,0.43010752688172,"S"
957,"4arzA","NUC",10,421,4,0.950118764845606,"S"
958,"4arzB","NUC",10,275,2,0.727272727272727,"S"
959,"4atbA","NUC",10,368,2,0.543478260869565,"S"
960,"4auiA","NUC",10,357,0,0,""
961,"4ax8A","NUC",10,441,2,0.453514739229025,"S"
962,"4axeA","NUC",10,426,2,0.469483568075117,"S"
963,"4b45A","NUC",10,461,1,0.216919739696312,"S"
964,"4b46A","NUC",10,474,0,0,""
965,"4b47A","NUC",10,269,0,0,""
966,"4b6uA","NUC",10,353,2,0.56657223796034,"S"
967,"4b8wB","NUC",10,406,1,0.246305418719212,"S"
968,"4bebA","NUC",10,525,2,0.380952380952381,"S"
969,"4bfmA","NUC",10,405,4,0.987654320987654,"S"
970,"4bg4A","NUC",10,483,4,0.82815734989648,"S"
971,"4bgaC","NUC",10,311,1,0.321543408360129,"S"
972,"4bivA","NUC",10,447,0,0,""
973,"4bjrA","NUC",10,468,4,0.854700854700855,"S"
974,"4bloL","NUC",10,214,1,0.467289719626168,"S"
975,"4bqlB","NUC",10,422,1,0.23696682464455,"S"
976,"4br5A","NUC",10,441,2,0.453514739229025,"S"
977,"4brdA","NUC",10,466,1,0.214592274678112,"S"
978,"4btjB","NUC",10,412,2,0.485436893203884,"S"
979,"4bwpA","NUC",10,384,2,0.520833333333333,"S"
980,"4byfA","NUC",10,440,1,0.227272727272727,"S"
981,"4bzqB","NUC",10,319,3,0.940438871473354,"S"
982,"4c0sB","NUC",10,357,2,0.560224089635854,"S"
983,"4c2wA","NUC",10,358,1,0.279329608938547,"S"
984,"4c30A","NUC",10,417,2,0.479616306954436,"S"
985,"4c5kB","NUC",10,440,3,0.681818181818182,"S"
986,"4c7oC","NUC",10,335,2,0.597014925373134,"S"
987,"4cdgA","NUC",10,424,3,0.707547169811321,"S"
988,"4cf7B","NUC",10,490,1,0.204081632653061,"S"
989,"4cidA","NUC",10,390,1,0.256410256410256,"S"
990,"4ciuA","NUC",10,371,0,0,""
991,"4cojB","NUC",10,208,0,0,""
992,"4cqmC","NUC",10,394,1,0.253807106598985,"S"
993,"4cr8D","NUC",10,372,2,0.53763440860215,"S"
994,"4crsA","NUC",10,457,3,0.656455142231947,"S"
995,"4ctaB","NUC",10,376,1,0.265957446808511,"S"
996,"4cvnA","NUC",10,302,0,0,""
997,"4cxaA","NUC",10,462,2,0.432900432900433,"S"
998,"4cyjB","NUC",10,408,2,0.490196078431373,"S"
999,"4czlA","NUC",10,423,5,1.18203309692671,"S"
1000,"4czyB","NUC",10,440,3,0.681818181818182,"S"
1001,"4d05A","NUC",10,330,0,0,""
1002,"4d2iA","NUC",10,321,1,0.311526479750779,"S"
1003,"4d79C","NUC",10,412,3,0.728155339805825,"S"
1004,"4d82B","NUC",10,361,2,0.554016620498615,"S"
1005,"4d86A","NUC",10,387,2,0.516795865633075,"S"
1006,"4dbqA","NUC",10,416,2,0.480769230769231,"S"
1007,"4dcaA","NUC",10,344,0,0,""
1008,"4deeA","NUC",10,428,0,0,""
1009,"4djtB","NUC",10,339,0,0,""
1010,"4dpuA","NUC",10,444,2,0.45045045045045,"S"
1011,"4dqwA","NUC",10,302,2,0.662251655629139,"S"
1012,"4dtfA","NUC",10,462,5,1.08225108225108,"S"
1013,"4dx2A","NUC",10,271,0,0,""
1014,"4dxaA","NUC",10,379,1,0.263852242744063,"S"
1015,"4dxlA","NUC",10,432,1,0.231481481481481,"S"
1016,"4dz6A","NUC",10,376,1,0.265957446808511,"S"
1017,"4e80C","NUC",10,418,0,0,""
1018,"4e84A","NUC",10,336,0,0,""
1019,"4ebuA","NUC",10,365,0,0,""
1020,"4edgA","NUC",10,337,2,0.593471810089021,"S"
1021,"4edhA","NUC",10,289,0,0,""
1022,"4ehtA","NUC",10,404,1,0.247524752475248,"S"
1023,"4ei9A","NUC",10,463,3,0.647948164146868,"S"
1024,"4ej7A","NUC",10,404,1,0.247524752475248,"S"
1025,"4ekkA","NUC",10,463,3,0.647948164146868,"S"
1026,"4eqmA","NUC",10,334,2,0.598802395209581,"S"
1027,"4erpD","NUC",10,364,0,0,""
1028,"4esvE","NUC",10,341,2,0.586510263929619,"S"
1029,"4f1mA","NUC",10,379,4,1.05540897097625,"S"
1030,"4f6tA","NUC",10,456,3,0.657894736842105,"S"
1031,"4f7wA","NUC",10,407,1,0.245700245700246,"S"
1032,"4f96A","NUC",10,384,2,0.520833333333333,"S"
1033,"4f9aC","NUC",10,390,2,0.512820512820513,"S"
1034,"4fe2B","NUC",10,414,0,0,""
1035,"4feyA","NUC",10,373,1,0.268096514745308,"S"
1036,"4ffbA","NUC",10,494,4,0.809716599190283,"S"
1037,"4ffbB","NUC",10,459,5,1.08932461873638,"S"
1038,"4fflA","NUC",10,362,3,0.828729281767956,"S"
1039,"4fg9B","NUC",10,387,2,0.516795865633075,"S"
1040,"4fidA","NUC",10,409,2,0.488997555012225,"S"
1041,"4fkyA","NUC",10,292,1,0.342465753424658,"S"
1042,"4fl2A","NUC",10,458,3,0.655021834061135,"S"
1043,"4frzA","NUC",10,347,1,0.288184438040346,"S"
1044,"4fs1C","NUC",10,304,3,0.986842105263158,"S"
1045,"4fu0B","NUC",10,421,1,0.237529691211401,"S"
1046,"4fvqA","NUC",10,448,1,0.223214285714286,"S"
1047,"4fydA","NUC",10,339,1,0.294985250737463,"S"
1048,"4g5yA","NUC",10,457,2,0.437636761487965,"S"
1049,"4gczA","NUC",10,368,0,0,""
1050,"4gkrB","NUC",10,341,1,0.293255131964809,"S"
1051,"4gl2A","NUC",10,367,3,0.817438692098093,"S"
1052,"4gnkA","NUC",10,451,1,0.221729490022173,"S"
1053,"4gqtA","NUC",10,376,1,0.265957446808511,"S"
1054,"4gt8A","NUC",10,320,2,0.625,"S"
1055,"4gvjA","NUC",10,414,1,0.241545893719807,"S"
1056,"4gx1A","NUC",10,362,1,0.276243093922652,"S"
1057,"4gx1B","NUC",10,352,1,0.284090909090909,"S"
1058,"4gxqB","NUC",10,460,5,1.08695652173913,"S"
1059,"4h1gA","NUC",10,299,1,0.334448160535117,"S"
1060,"4h2uB","NUC",10,452,7,1.54867256637168,"S"
1061,"4h4kB","NUC",10,394,2,0.50761421319797,"S"
1062,"4hdgA","NUC",10,469,4,0.852878464818763,"S"
1063,"4hluC","NUC",10,271,0,0,""
1064,"4hndA","NUC",10,342,0,0,""
1065,"4ho9A","NUC",10,318,3,0.943396226415094,"S"
1066,"4hqjD","NUC",10,483,5,1.0351966873706,"S"
1067,"4hr2A","NUC",10,300,2,0.666666666666667,"S"
1068,"4hseA","NUC",10,367,0,0,""
1069,"4hutA","NUC",10,316,0,0,""
1070,"4hvcB","NUC",10,454,0,0,""
1071,"4i1vA","NUC",10,292,1,0.342465753424658,"S"
1072,"4i2iA","NUC",10,380,3,0.789473684210526,"S"
1073,"4i3vA","NUC",10,366,4,1.09289617486339,"S"
1074,"4i4tA","NUC",10,500,2,0.4,"S"
1075,"4i81E","NUC",10,414,1,0.241545893719807,"S"
1076,"4i94B","NUC",10,489,3,0.613496932515337,"S"
1077,"4i9bA","NUC",10,367,2,0.544959128065395,"S"
1078,"4ic7A","NUC",10,392,2,0.510204081632653,"S"
1079,"4idoB","NUC",10,459,1,0.217864923747277,"S"
1080,"4ieeA","NUC",10,356,0,0,""
1081,"4ienA","NUC",10,303,3,0.99009900990099,"S"
1082,"4ifcB","NUC",10,416,3,0.721153846153846,"S"
1083,"4ig8A","NUC",10,404,0,0,""
1084,"4ii3A","NUC",10,459,2,0.435729847494553,"S"
1085,"4ileA","NUC",10,301,1,0.332225913621262,"S"
1086,"4irkA","NUC",10,308,2,0.649350649350649,"S"
1087,"4iszA","NUC",10,558,5,0.896057347670251,"S"
1088,"4itmA","NUC",10,407,5,1.22850122850123,"S"
1089,"4iw3B","NUC",10,300,2,0.666666666666667,"S"
1090,"4ix4B","NUC",10,372,2,0.53763440860215,"S"
1091,"4iy0A","NUC",10,296,3,1.01351351351351,"S"
1092,"4iynB","NUC",10,452,1,0.221238938053097,"S"
1093,"4j5sA","NUC",10,409,6,1.46699266503667,"S"
1094,"4j7cB","NUC",10,345,0,0,""
1095,"4j95D","NUC",10,407,2,0.491400491400491,"S"
1096,"4j96B","NUC",10,393,2,0.508905852417303,"S"
1097,"4j9vA","NUC",10,296,1,0.337837837837838,"S"
1098,"4javA","NUC",10,440,1,0.227272727272727,"S"
1099,"4jd2B","NUC",10,484,4,0.826446280991736,"S"
1100,"4jdcA","NUC",10,409,0,0,""
1101,"4jkiA","NUC",10,352,0,0,""
1102,"4jn4A","NUC",10,491,2,0.407331975560081,"S"
1103,"4jyzA","NUC",10,443,3,0.677200902934537,"S"
1104,"4jz7A","NUC",10,392,3,0.76530612244898,"S"
1105,"4jz7C","NUC",10,388,3,0.77319587628866,"S"
1106,"4jztA","NUC",10,326,1,0.306748466257669,"S"
1107,"4k2rA","NUC",10,410,3,0.731707317073171,"S"
1108,"4k4hI","NUC",10,343,3,0.87463556851312,"S"
1109,"4k9aA","NUC",10,348,2,0.574712643678161,"S"
1110,"4kgmA","NUC",10,341,3,0.879765395894428,"S"
1111,"4klzA","NUC",10,345,4,1.15942028985507,"S"
1112,"4kp4A","NUC",10,449,1,0.22271714922049,"S"
1113,"4kqbA","NUC",10,402,3,0.746268656716418,"S"
1114,"4kr7A","NUC",10,405,1,0.246913580246914,"S"
1115,"4krcA","NUC",10,452,2,0.442477876106195,"S"
1116,"4ku4A","NUC",10,322,2,0.62111801242236,"S"
1117,"4kvaB","NUC",10,327,3,0.91743119266055,"S"
1118,"4kxfB","NUC",10,479,3,0.626304801670146,"S"
1119,"4kxfH","NUC",10,475,3,0.631578947368421,"S"
1120,"4kyuA","NUC",10,298,2,0.671140939597315,"S"
1121,"4l16A","NUC",10,361,4,1.10803324099723,"S"
1122,"4l1kA","NUC",10,353,2,0.56657223796034,"S"
1123,"4l2iB","NUC",10,285,2,0.701754385964912,"S"
1124,"4lc1A","NUC",10,269,1,0.371747211895911,"S"
1125,"4lgdA","NUC",10,382,4,1.04712041884817,"S"
1126,"4lhyA","NUC",10,339,2,0.589970501474926,"S"
1127,"4lniA","NUC",10,421,1,0.237529691211401,"S"
1128,"4lpsA","NUC",10,314,3,0.955414012738854,"S"
1129,"4lrjA","NUC",10,353,1,0.28328611898017,"S"
1130,"4lrlC","NUC",10,183,1,0.546448087431694,"S"
1131,"4lt6A","NUC",10,429,2,0.466200466200466,"S"
1132,"4lv5B","NUC",10,347,0,0,""
1133,"4lv8A","NUC",10,406,4,0.985221674876847,"S"
1134,"4m15A","NUC",10,352,2,0.568181818181818,"S"
1135,"4m69A","NUC",10,406,1,0.246305418719212,"S"
1136,"4m7xA","NUC",10,364,0,0,""
1137,"4m8iA","NUC",10,434,3,0.691244239631336,"S"
1138,"4m9xC","NUC",10,475,5,1.05263157894737,"S"
1139,"4mb2B","NUC",10,424,1,0.235849056603774,"S"
1140,"4mdeA","NUC",10,314,1,0.318471337579618,"S"
1141,"4mitC","NUC",10,408,3,0.735294117647059,"S"
1142,"4mo4C","NUC",10,351,4,1.13960113960114,"S"
1143,"4mobA","NUC",10,323,2,0.619195046439629,"S"
1144,"4mwdB","NUC",10,399,0,0,""
1145,"4mwhA","NUC",10,458,1,0.218340611353712,"S"
1146,"4mz7B","NUC",10,213,1,0.469483568075117,"S"
1147,"4n57B","NUC",10,395,2,0.506329113924051,"S"
1148,"4n67A","NUC",10,405,7,1.7283950617284,"S"
1149,"4nahB","NUC",10,392,2,0.510204081632653,"S"
1150,"4ncfB","NUC",10,291,1,0.343642611683849,"S"
1151,"4ncnB","NUC",10,433,1,0.23094688221709,"S"
1152,"4ndoB","NUC",10,456,1,0.219298245614035,"S"
1153,"4ng4B","NUC",10,380,0,0,""
1154,"4nh0B","NUC",10,335,3,0.895522388059702,"S"
1155,"4nl0A","NUC",10,289,0,0,""
1156,"4nl4A","NUC",10,273,0,0,""
1157,"4nlgA","NUC",10,317,1,0.315457413249211,"S"
1158,"4nmjB","NUC",10,387,1,0.258397932816537,"S"
1159,"4nxuC","NUC",10,402,1,0.248756218905473,"S"
1160,"4o1pC","NUC",10,428,1,0.233644859813084,"S"
1161,"4o4eA","NUC",10,408,3,0.735294117647059,"S"
1162,"4o4jF","NUC",10,379,3,0.79155672823219,"S"
1163,"4o7lA","NUC",10,388,3,0.77319587628866,"S"
1164,"4oauA","NUC",10,425,1,0.235294117647059,"S"
1165,"4oe4B","NUC",10,398,1,0.251256281407035,"S"
1166,"4oh4A","NUC",10,408,2,0.490196078431373,"S"
1167,"4ohxA","NUC",10,429,2,0.466200466200466,"S"
1168,"4oi4B","NUC",10,479,1,0.208768267223382,"S"
1169,"4orkB","NUC",10,408,0,0,""
1170,"4otpA","NUC",10,385,2,0.519480519480519,"S"
1171,"4oznA","NUC",10,218,1,0.458715596330275,"S"
1172,"4p33A","NUC",10,273,1,0.366300366300366,"S"
1173,"4p4tA","NUC",10,350,1,0.285714285714286,"S"
1174,"4p7aA","NUC",10,389,3,0.77120822622108,"S"
1175,"4p9dA","NUC",10,254,2,0.78740157480315,"S"
1176,"4pdsA","NUC",10,324,3,0.925925925925926,"S"
1177,"4pfkA","NUC",10,312,2,0.641025641025641,"S"
1178,"4phgA","NUC",10,399,2,0.50125313283208,"S"
1179,"4phtF","NUC",10,325,2,0.615384615384615,"S"
1180,"4pj1B","NUC",10,483,4,0.82815734989648,"S"
1181,"4pl9A","NUC",10,315,1,0.317460317460317,"S"
1182,"4pxaA","NUC",10,364,0,0,""
1183,"4q5hA","NUC",10,393,2,0.508905852417303,"S"
1184,"4qclA","NUC",10,323,0,0,""
1185,"4qdiA","NUC",10,430,2,0.465116279069767,"S"
1186,"4qhtC","NUC",10,388,2,0.515463917525773,"S"
1187,"4qjiB","NUC",10,351,2,0.56980056980057,"S"
1188,"4qnyB","NUC",10,437,3,0.68649885583524,"S"
1189,"4qqxC","NUC",10,369,2,0.5420054200542,"S"
1190,"4qreA","NUC",10,431,3,0.696055684454756,"S"
1191,"4qzbA","NUC",10,346,3,0.867052023121387,"S"
1192,"4r2iA","NUC",10,279,0,0,""
1193,"4r2lA","NUC",10,414,1,0.241545893719807,"S"
1194,"4r39A","NUC",10,393,1,0.254452926208651,"S"
1195,"4r3aB","NUC",10,354,1,0.282485875706215,"S"
1196,"4r7yB","NUC",10,327,0,0,""
1197,"4r7zA","NUC",10,322,0,0,""
1198,"4r8qA","NUC",10,407,1,0.245700245700246,"S"
1199,"4r9uD","NUC",10,224,1,0.446428571428571,"S"
1200,"4rf8A","NUC",10,318,2,0.628930817610063,"S"
1201,"4rkzA","NUC",10,381,0,0,""
1202,"4rqeA","NUC",10,424,3,0.707547169811321,"S"
1203,"4rv7C","NUC",10,340,0,0,""
1204,"4rvoB","NUC",10,423,0,0,""
1205,"4rx6B","NUC",10,211,1,0.4739336492891,"S"
1206,"4rz3A","NUC",10,343,0,0,""
1207,"4rzqA","NUC",10,351,0,0,""
1208,"4s0fB","NUC",10,317,1,0.315457413249211,"S"
1209,"4s1hA","NUC",10,425,1,0.235294117647059,"S"
1210,"4s35A","NUC",10,351,0,0,""
1211,"4ts7A","NUC",10,416,1,0.240384615384615,"S"
1212,"4u0mA","NUC",10,453,4,0.883002207505519,"S"
1213,"4u0uA","NUC",10,408,2,0.490196078431373,"S"
1214,"4u40A","NUC",10,435,4,0.919540229885057,"S"
1215,"4u98A","NUC",10,377,2,0.530503978779841,"S"
1216,"4uczA","NUC",10,404,1,0.247524752475248,"S"
1217,"4ueuA","NUC",10,356,2,0.561797752808989,"S"
1218,"4uofA","NUC",10,294,4,1.36054421768707,"S"
1219,"4uqoB","NUC",10,311,0,0,""
1220,"4usjA","NUC",10,392,4,1.02040816326531,"S"
1221,"4usjC","NUC",10,255,0,0,""
1222,"4utgA","NUC",10,360,2,0.555555555555556,"S"
1223,"4uxjC","NUC",10,409,4,0.97799511002445,"S"
1224,"4uxxC","NUC",10,250,0,0,""
1225,"4uyaA","NUC",10,355,0,0,""
1226,"4v02A","NUC",10,400,1,0.25,"S"
1227,"4v0lA","NUC",10,396,1,0.252525252525253,"S"
1228,"4v1tB","NUC",10,476,1,0.210084033613445,"S"
1229,"4v4oY","NUC",10,491,1,0.203665987780041,"S"
1230,"4v81A","NUC",10,493,2,0.405679513184584,"S"
1231,"4v81X","NUC",10,519,5,0.963391136801541,"S"
1232,"4v8rL","NUC",10,494,2,0.404858299595142,"S"
1233,"4v94A","NUC",10,473,2,0.422832980972516,"S"
1234,"4v94C","NUC",10,495,1,0.202020202020202,"S"
1235,"4v94E","NUC",10,485,2,0.412371134020619,"S"
1236,"4v94F","NUC",10,494,0,0,""
1237,"4v94H","NUC",10,488,2,0.40983606557377,"S"
1238,"4w7sB","NUC",10,266,0,0,""
1239,"4wb7B","NUC",10,471,3,0.636942675159236,"S"
1240,"4wbdA","NUC",10,374,0,0,""
1241,"4wc0B","NUC",10,391,0,0,""
1242,"4wgjA","NUC",10,424,7,1.65094339622642,"S"
1243,"4wh3A","NUC",10,404,0,0,""
1244,"4wjmA","NUC",10,388,1,0.257731958762887,"S"
1245,"4wnrA","NUC",10,380,1,0.263157894736842,"S"
1246,"4woeA","NUC",10,422,3,0.710900473933649,"S"
1247,"4wopA","NUC",10,347,2,0.576368876080692,"S"
1248,"4wpuA","NUC",10,397,2,0.503778337531486,"S"
1249,"4wtiC","NUC",10,331,3,0.906344410876133,"S"
1250,"4wvyA","NUC",10,456,2,0.43859649122807,"S"
1251,"4ww0B","NUC",10,377,1,0.26525198938992,"S"
1252,"4ww4B","NUC",10,437,1,0.22883295194508,"S"
1253,"4ww9A","NUC",10,375,0,0,""
1254,"4x2dA","NUC",10,403,2,0.496277915632754,"S"
1255,"4x3vB","NUC",10,249,4,1.60642570281124,"S"
1256,"4x4oC","NUC",10,465,2,0.43010752688172,"S"
1257,"4xbrA","NUC",10,480,5,1.04166666666667,"S"
1258,"4xcdA","NUC",10,440,1,0.227272727272727,"S"
1259,"4xckB","NUC",10,387,0,0,""
1260,"4xcqA","NUC",10,449,4,0.89086859688196,"S"
1261,"4xd8A","NUC",10,370,2,0.540540540540541,"S"
1262,"4xf6B","NUC",10,428,0,0,""
1263,"4xgxB","NUC",10,425,3,0.705882352941177,"S"
1264,"4xhgA","NUC",10,340,1,0.294117647058824,"S"
1265,"4xhoA","NUC",10,480,3,0.625,"S"
1266,"4xivB","NUC",10,377,2,0.530503978779841,"S"
1267,"4xj3A","NUC",10,467,4,0.856531049250535,"S"
1268,"4xjcA","NUC",10,375,1,0.266666666666667,"S"
1269,"4xlvA","NUC",10,468,7,1.4957264957265,"S"
1270,"4xruB","NUC",10,490,4,0.816326530612245,"S"
1271,"4xruD","NUC",10,217,0,0,""
1272,"4xsvA","NUC",10,362,4,1.10497237569061,"S"
1273,"4xulA","NUC",10,463,2,0.431965442764579,"S"
1274,"4xyjA","NUC",10,388,5,1.28865979381443,"S"
1275,"4y0vA","NUC",10,302,2,0.662251655629139,"S"
1276,"4y0xA","NUC",10,352,2,0.568181818181818,"S"
1277,"4y8vD","NUC",10,342,0,0,""
1278,"4y9dA","NUC",10,355,2,0.563380281690141,"S"
1279,"4yacA","NUC",10,367,0,0,""
1280,"4yb7A","NUC",10,315,2,0.634920634920635,"S"
1281,"4ydqA","NUC",10,462,2,0.432900432900433,"S"
1282,"4ydsA","NUC",10,331,1,0.302114803625378,"S"
1283,"4yduB","NUC",10,442,5,1.13122171945701,"S"
1284,"4yduC","NUC",10,186,2,1.0752688172043,"S"
1285,"4yhjA","NUC",10,398,4,1.00502512562814,"S"
1286,"4yj1A","NUC",10,313,1,0.319488817891374,"S"
1287,"4ymuA","NUC",10,282,2,0.709219858156028,"S"
1288,"4yplB","NUC",10,392,0,0,""
1289,"4z1iD","NUC",10,500,1,0.2,"S"
1290,"4z54A","NUC",10,353,1,0.28328611898017,"S"
1291,"4z87A","NUC",10,340,2,0.588235294117647,"S"
1292,"4z9mD","NUC",10,396,2,0.505050505050505,"S"
1293,"4zclA","NUC",10,279,2,0.716845878136201,"S"
1294,"4zdjA","NUC",10,343,0,0,""
1295,"4zdqA","NUC",10,344,2,0.581395348837209,"S"
1296,"4zg4B","NUC",10,423,1,0.236406619385343,"S"
1297,"4zgnA","NUC",10,467,2,0.428265524625268,"S"
1298,"4zirB","NUC",10,257,0,0,""
1299,"4zkeA","NUC",10,462,3,0.649350649350649,"S"
1300,"4znlB","NUC",10,315,0,0,""
1301,"4zqxA","NUC",10,195,2,1.02564102564103,"S"
1302,"4zs4B","NUC",10,363,0,0,""
1303,"4zukA","NUC",10,361,4,1.10803324099723,"S"
1304,"4zvfA","NUC",10,280,0,0,""
1305,"5a07A","NUC",10,410,2,0.48780487804878,"S"
1306,"5a2wA","NUC",10,421,4,0.950118764845606,"S"
1307,"5a8aA","NUC",10,342,1,0.292397660818713,"S"
1308,"5afuP","NUC",10,401,5,1.24688279301746,"S"
1309,"5aupD","NUC",10,384,1,0.260416666666667,"S"
1310,"5awmA","NUC",10,365,5,1.36986301369863,"S"
1311,"5axlA","NUC",10,342,1,0.292397660818713,"S"
1312,"5b0oB","NUC",10,284,1,0.352112676056338,"S"
1313,"5bk4A","NUC",10,237,0,0,""
1314,"5bn3A","NUC",10,350,0,0,""
1315,"5bo7A","NUC",10,440,2,0.454545454545455,"S"
1316,"5bpfC","NUC",10,458,3,0.655021834061135,"S"
1317,"5bq5B","NUC",10,350,0,0,""
1318,"5bu2B","NUC",10,448,3,0.669642857142857,"S"
1319,"5burA","NUC",10,447,3,0.671140939597315,"S"
1320,"5c03A","NUC",10,437,2,0.45766590389016,"S"
1321,"5c1tA","NUC",10,255,4,1.56862745098039,"S"
1322,"5c2kA","NUC",10,412,5,1.21359223300971,"S"
1323,"5c3vA","NUC",10,409,2,0.488997555012225,"S"
1324,"5c41A","NUC",10,386,3,0.77720207253886,"S"
1325,"5c46B","NUC",10,420,0,0,""
1326,"5c93A","NUC",10,420,2,0.476190476190476,"S"
1327,"5ca9A","NUC",10,410,1,0.24390243902439,"S"
1328,"5cb6A","NUC",10,357,2,0.560224089635854,"S"
1329,"5ce3B","NUC",10,389,1,0.25706940874036,"S"
1330,"5ck3B","NUC",10,393,0,0,""
1331,"5ck3D","NUC",10,387,0,0,""
1332,"5ck3F","NUC",10,375,0,0,""
1333,"5cm7A","NUC",10,281,1,0.355871886120996,"S"
1334,"5cmsE","NUC",10,351,1,0.284900284900285,"S"
1335,"5cyoA","NUC",10,351,1,0.284900284900285,"S"
1336,"5d0eB","NUC",10,237,1,0.421940928270042,"S"
1337,"5d0uA","NUC",10,425,2,0.470588235294118,"S"
1338,"5d1oA","NUC",10,403,3,0.744416873449132,"S"
1339,"5d3mA","NUC",10,273,1,0.366300366300366,"S"
1340,"5d4oA","NUC",10,211,2,0.947867298578199,"S"
1341,"5d4wA","NUC",10,368,0,0,""
1342,"5d6jA","NUC",10,503,1,0.198807157057654,"S"
1343,"5d9hB","NUC",10,396,2,0.505050505050505,"S"
1344,"5dacA","NUC",10,375,1,0.266666666666667,"S"
1345,"5db4A","NUC",10,408,2,0.490196078431373,"S"
1346,"5dgkB","NUC",10,258,0,0,""
1347,"5dgxA","NUC",10,229,1,0.436681222707424,"S"
1348,"5dm3C","NUC",10,295,4,1.35593220338983,"S"
1349,"5dn6F","NUC",10,347,0,0,""
1350,"5dn6G","NUC",10,384,3,0.78125,"S"
1351,"5dn8A","NUC",10,320,1,0.3125,"S"
1352,"5dqwA","NUC",10,378,3,0.793650793650794,"S"
1353,"5dtuA","NUC",10,303,1,0.33003300330033,"S"
1354,"5dzcA","NUC",10,416,2,0.480769230769231,"S"
1355,"5e26B","NUC",10,400,2,0.5,"S"
1356,"5e3iB","NUC",10,434,4,0.921658986175115,"S"
1357,"5e84B","NUC",10,493,1,0.202839756592292,"S"
1358,"5e92A","NUC",10,449,2,0.44543429844098,"S"
1359,"5ec0A","NUC",10,389,2,0.51413881748072,"S"
1360,"5eckD","NUC",10,550,1,0.181818181818182,"S"
1361,"5efaA","NUC",10,338,1,0.29585798816568,"S"
1362,"5ekdB","NUC",10,450,4,0.888888888888889,"S"
1363,"5eomB","NUC",10,375,2,0.533333333333333,"S"
1364,"5ep4A","NUC",10,375,4,1.06666666666667,"S"
1365,"5epvA","NUC",10,422,1,0.23696682464455,"S"
1366,"5eq6A","NUC",10,434,1,0.230414746543779,"S"
1367,"5eqtA","NUC",10,365,2,0.547945205479452,"S"
1368,"5errA","NUC",10,338,1,0.29585798816568,"S"
1369,"5exsA","NUC",10,416,2,0.480769230769231,"S"
1370,"5ey1B","NUC",10,317,1,0.315457413249211,"S"
1371,"5f0zA","NUC",10,393,2,0.508905852417303,"S"
1372,"5f1cB","NUC",10,228,2,0.87719298245614,"S"
1373,"5f1fA","NUC",10,346,1,0.289017341040462,"S"
1374,"5f1gA","NUC",10,310,0,0,""
1375,"5f9zB","NUC",10,439,0,0,""
1376,"5fbsA","NUC",10,422,3,0.710900473933649,"S"
1377,"5fg3A","NUC",10,297,1,0.336700336700337,"S"
1378,"5fg8A","NUC",10,408,2,0.490196078431373,"S"
1379,"5fhhA","NUC",10,389,2,0.51413881748072,"S"
1380,"5fmqA","NUC",10,439,2,0.455580865603645,"S"
1381,"5foeB","NUC",10,481,2,0.415800415800416,"S"
1382,"5fsxA","NUC",10,336,4,1.19047619047619,"S"
1383,"5ftbA","NUC",10,396,2,0.505050505050505,"S"
1384,"5ftnA","NUC",10,351,2,0.56980056980057,"S"
1385,"5fv0A","NUC",10,364,2,0.54945054945055,"S"
1386,"5fwmA","NUC",10,502,3,0.597609561752988,"S"
1387,"5g3yA","NUC",10,477,2,0.419287211740042,"S"
1388,"5g5xA","NUC",10,261,3,1.14942528735632,"S"
1389,"5gg6B","NUC",10,348,0,0,""
1390,"5ghiA","NUC",10,462,3,0.649350649350649,"S"
1391,"5gmdA","NUC",10,448,3,0.669642857142857,"S"
1392,"5goeA","NUC",10,363,0,0,""
1393,"5gomA","NUC",10,385,0,0,""
1394,"5grbB","NUC",10,240,0,0,""
1395,"5grfB","NUC",10,303,0,0,""
1396,"5gufA","NUC",10,377,1,0.26525198938992,"S"
1397,"5gyzA","NUC",10,329,1,0.303951367781155,"S"
1398,"5gz9A","NUC",10,440,3,0.681818181818182,"S"
1399,"5gzaA","NUC",10,428,1,0.233644859813084,"S"
1400,"5h3tD","NUC",10,366,2,0.546448087431694,"S"
1401,"5h67A","NUC",10,278,1,0.359712230215827,"S"
1402,"5h68A","NUC",10,380,1,0.263157894736842,"S"
1403,"5h70A","NUC",10,325,0,0,""
1404,"5hkkK","NUC",10,321,0,0,""
1405,"5hnvA","NUC",10,337,1,0.29673590504451,"S"
1406,"5hrfA","NUC",10,332,2,0.602409638554217,"S"
1407,"5hs2A","NUC",10,368,1,0.271739130434783,"S"
1408,"5htvA","NUC",10,329,0,0,""
1409,"5huxA","NUC",10,292,0,0,""
1410,"5hvkA","NUC",10,384,2,0.520833333333333,"S"
1411,"5hzhA","NUC",10,382,3,0.785340314136126,"S"
1412,"5i0iB","NUC",10,415,1,0.240963855421687,"S"
1413,"5i0nA","NUC",10,235,1,0.425531914893617,"S"
1414,"5i9eA","NUC",10,494,2,0.404858299595142,"S"
1415,"5i9wA","NUC",10,347,2,0.576368876080692,"S"
1416,"5idjA","NUC",10,379,1,0.263852242744063,"S"
1417,"5idoA","NUC",10,373,1,0.268096514745308,"S"
1418,"5if9A","NUC",10,342,2,0.584795321637427,"S"
1419,"5ifwB","NUC",10,348,2,0.574712643678161,"S"
1420,"5ih0A","NUC",10,370,2,0.540540540540541,"S"
1421,"5ik2E","NUC",10,314,2,0.636942675159236,"S"
1422,"5im3B","NUC",10,324,0,0,""
1423,"5in4B","NUC",10,446,1,0.224215246636771,"S"
1424,"5irnA","NUC",10,433,2,0.46189376443418,"S"
1425,"5irrB","NUC",10,395,1,0.253164556962025,"S"
1426,"5it5A","NUC",10,438,1,0.228310502283105,"S"
1427,"5iunE","NUC",10,307,2,0.651465798045603,"S"
1428,"5ix2B","NUC",10,475,3,0.631578947368421,"S"
1429,"5iz4A","NUC",10,386,3,0.77720207253886,"S"
1430,"5j1jA","NUC",10,387,2,0.516795865633075,"S"
1431,"5j1sA","NUC",10,397,3,0.755667506297229,"S"
1432,"5j2mA","NUC",10,371,3,0.808625336927224,"S"
1433,"5j5cA","NUC",10,407,2,0.491400491400491,"S"
1434,"5j5pB","NUC",10,494,1,0.202429149797571,"S"
1435,"5jb2A","NUC",10,368,0,0,""
1436,"5jbqA","NUC",10,342,3,0.87719298245614,"S"
1437,"5jc3A","NUC",10,343,0,0,""
1438,"5ji3E","NUC",10,394,1,0.253807106598985,"S"
1439,"5jioA","NUC",10,475,3,0.631578947368421,"S"
1440,"5jqwA","NUC",10,398,0,0,""
1441,"5jrjA","NUC",10,352,0,0,""
1442,"5jwqA","NUC",10,277,0,0,""
1443,"5jzjA","NUC",10,392,2,0.510204081632653,"S"
1444,"5jzvA","NUC",10,331,0,0,""
1445,"5k1pA","NUC",10,404,5,1.23762376237624,"S"
1446,"5k2mB","NUC",10,474,0,0,""
1447,"5k5zD","NUC",10,378,0,0,""
1448,"5k7xE","NUC",10,514,1,0.194552529182879,"S"
1449,"5kg6A","NUC",10,314,3,0.955414012738854,"S"
1450,"5khwA","NUC",10,422,1,0.23696682464455,"S"
1451,"5kk8B","NUC",10,299,2,0.668896321070234,"S"
1452,"5kq5C","NUC",10,422,2,0.4739336492891,"S"
1453,"5ksdA","NUC",10,490,2,0.408163265306122,"S"
1454,"5ku1A","NUC",10,332,3,0.903614457831325,"S"
1455,"5kutA","NUC",10,272,3,1.10294117647059,"S"
1456,"5kwaB","NUC",10,372,1,0.268817204301075,"S"
1457,"5kwkB","NUC",10,423,1,0.236406619385343,"S"
1458,"5kwvA","NUC",10,439,3,0.683371298405467,"S"
1459,"5kxqC","NUC",10,419,3,0.71599045346062,"S"
1460,"5ky2A","NUC",10,453,4,0.883002207505519,"S"
1461,"5l22B","NUC",10,265,1,0.377358490566038,"S"
1462,"5l2xA","NUC",10,368,0,0,""
1463,"5l3wA","NUC",10,339,1,0.294985250737463,"S"
1464,"5l9nA","NUC",10,212,0,0,""
1465,"5l9qA","NUC",10,358,1,0.279329608938547,"S"
1466,"5lb5B","NUC",10,287,2,0.696864111498258,"S"
1467,"5ld1D","NUC",10,144,0,0,""
1468,"5ldkB","NUC",10,327,0,0,""
1469,"5li9A","NUC",10,441,1,0.226757369614512,"S"
1470,"5ljwA","NUC",10,405,2,0.493827160493827,"S"
1471,"5lrtA","NUC",10,497,3,0.603621730382294,"S"
1472,"5lxtF","NUC",10,483,2,0.41407867494824,"S"
1473,"5m04A","NUC",10,267,2,0.749063670411985,"S"
1474,"5m06B","NUC",10,328,4,1.21951219512195,"S"
1475,"5m7gF","NUC",10,497,3,0.603621730382294,"S"
1476,"5m7nA","NUC",10,397,1,0.251889168765743,"S"
1477,"5mb9B","NUC",10,507,0,0,""
1478,"5mcpE","NUC",10,256,2,0.78125,"S"
1479,"5mcpH","NUC",10,204,2,0.980392156862745,"S"
1480,"5me6A","NUC",10,269,2,0.743494423791822,"S"
1481,"5mioC","NUC",10,432,1,0.231481481481481,"S"
1482,"5mlzA","NUC",10,412,1,0.242718446601942,"S"
1483,"5mtvA","NUC",10,413,1,0.242130750605327,"S"
1484,"5mvrA","NUC",10,302,0,0,""
1485,"5mwlA","NUC",10,455,6,1.31868131868132,"S"
1486,"5mznA","NUC",10,309,1,0.323624595469256,"S"
1487,"5n9xA","NUC",10,492,1,0.203252032520325,"S"
1488,"5ng0B","NUC",10,397,1,0.251889168765743,"S"
1489,"5o8iB","NUC",10,304,0,0,""
1490,"5oeaB","NUC",10,398,6,1.50753768844221,"S"
1491,"5ofoA","NUC",10,374,2,0.53475935828877,"S"
1492,"5ofrB","NUC",10,287,0,0,""
1493,"5oopA","NUC",10,382,1,0.261780104712042,"S"
1494,"5ovoA","NUC",10,311,3,0.964630225080386,"S"
1495,"5supB","NUC",10,407,2,0.491400491400491,"S"
1496,"5svmA","NUC",10,195,0,0,""
1497,"5t48A","NUC",10,326,3,0.920245398773006,"S"
1498,"5tb8A","NUC",10,356,3,0.842696629213483,"S"
1499,"5tefA","NUC",10,370,2,0.540540540540541,"S"
1500,"5tgcD","NUC",10,472,2,0.423728813559322,"S"
1501,"5tjrA","NUC",10,324,0,0,""
1502,"5tk7A","NUC",10,379,0,0,""
1503,"5tkyA","NUC",10,488,1,0.204918032786885,"S"
1504,"5trdB","NUC",10,319,2,0.626959247648903,"S"
1505,"5tsgA","NUC",10,401,0,0,""
1506,"5tthA","NUC",10,459,1,0.217864923747277,"S"
1507,"5tvkB","NUC",10,404,0,0,""
1508,"5txxA","NUC",10,335,0,0,""
1509,"5u03A","NUC",10,386,2,0.518134715025907,"S"
1510,"5u1gB","NUC",10,384,0,0,""
1511,"5u3cA","NUC",10,325,0,0,""
1512,"5ub8A","NUC",10,345,0,0,""
1513,"5udbI","NUC",10,393,0,0,""
1514,"5udsA","NUC",10,410,3,0.731707317073171,"S"
1515,"5uivA","NUC",10,289,0,0,""
1516,"5uj7A","NUC",10,377,3,0.795755968169761,"S"
1517,"5uj7B","NUC",10,411,3,0.72992700729927,"S"
1518,"5uj7C","NUC",10,370,1,0.27027027027027,"S"
1519,"5ulsA","NUC",10,503,2,0.397614314115308,"S"
1520,"5uv4A","NUC",10,409,4,0.97799511002445,"S"
1521,"5uxcA","NUC",10,403,0,0,""
1522,"5uyxD","NUC",10,408,4,0.980392156862745,"S"
1523,"5v2lA","NUC",10,385,1,0.25974025974026,"S"
1524,"5vcuA","NUC",10,361,3,0.831024930747922,"S"
1525,"5ve7A","NUC",10,365,1,0.273972602739726,"S"
1526,"5vgrA","NUC",10,395,0,0,""
1527,"5vk4B","NUC",10,287,2,0.696864111498258,"S"
1528,"5vqaA","NUC",10,393,2,0.508905852417303,"S"
1529,"5vy9A","NUC",10,385,1,0.25974025974026,"S"
1530,"5vytD","NUC",10,323,1,0.309597523219814,"S"
1531,"5w2iA","NUC",10,382,0,0,""
1532,"5wdeA","NUC",10,333,1,0.3003003003003,"S"
1533,"5wdsA","NUC",10,367,1,0.272479564032698,"S"
1534,"5we8B","NUC",10,328,2,0.609756097560976,"S"
1535,"5wm1C","NUC",10,366,2,0.546448087431694,"S"
1536,"5wu3B","NUC",10,444,1,0.225225225225225,"S"
1537,"5x17A","NUC",10,426,2,0.469483568075117,"S"
1538,"5x40A","NUC",10,261,0,0,""
1539,"5x9hA","NUC",10,280,2,0.714285714285714,"S"
1540,"5x9uD","NUC",10,408,2,0.490196078431373,"S"
1541,"5xc3A","NUC",10,330,0,0,""
1542,"5xdrA","NUC",10,430,2,0.465116279069767,"S"
1543,"5xhcF","NUC",10,461,3,0.650759219088937,"S"
1544,"5xoxA","NUC",10,309,2,0.647249190938511,"S"
1545,"5xvuA","NUC",10,435,2,0.459770114942529,"S"
1546,"5xzvA","NUC",10,417,2,0.479616306954436,"S"
1547,"5y4zA","NUC",10,358,2,0.558659217877095,"S"
1548,"101mA","HEME",10,453,1,0.22075055187638,"S"
1549,"1a2sA","HEME",10,457,3,0.656455142231947,"S"
1550,"1a4eD","HEME",10,617,0,0,""
1551,"1a4fA","HEME",10,461,2,0.433839479392625,"S"
1552,"1a4fB","HEME",10,443,2,0.451467268623025,"S"
1553,"1a56A","HEME",10,407,3,0.737100737100737,"S"
1554,"1a7vA","HEME",10,495,3,0.606060606060606,"S"
1555,"1a9wB","HEME",10,431,1,0.232018561484919,"S"
1556,"1akkA","HEME",10,496,3,0.604838709677419,"S"
1557,"1allA","HEME",10,417,5,1.19904076738609,"S"
1558,"1aqeA","HEME",10,344,9,2.61627906976744,"S"
1559,"1ashA","HEME",10,485,3,0.618556701030928,"S"
1560,"1b7vA","HEME",10,366,3,0.819672131147541,"S"
1561,"1b82A","HEME",10,622,3,0.482315112540193,"S"
1562,"1b8dA","HEME",10,265,3,1.13207547169811,"S"
1563,"1bbhA","HEME",10,498,6,1.20481927710843,"S"
1564,"1bbpA","HEME",10,547,1,0.182815356489945,"S"
1565,"1bccD","HEME",10,479,5,1.04384133611691,"S"
1566,"1be3C","HEME",10,578,3,0.519031141868512,"S"
1567,"1binA","HEME",10,436,0,0,""
1568,"1bvbA","HEME",10,475,7,1.47368421052632,"S"
1569,"1bz1A","HEME",10,449,3,0.66815144766147,"S"
1570,"1c2nA","HEME",10,526,3,0.570342205323194,"S"
1571,"1c52A","HEME",10,530,3,0.566037735849057,"S"
1572,"1c6oA","HEME",10,456,4,0.87719298245614,"S"
1573,"1c6sA","HEME",10,469,6,1.27931769722815,"S"
1574,"1c7dA","HEME",10,448,3,0.669642857142857,"S"
1575,"1cc5A","HEME",10,435,6,1.37931034482759,"S"
1576,"1cchA","HEME",10,411,4,0.97323600973236,"S"
1577,"1ccrA","HEME",10,517,3,0.58027079303675,"S"
1578,"1cg5A","HEME",10,439,2,0.455580865603645,"S"
1579,"1cg5B","HEME",10,463,0,0,""
1580,"1ci3A","HEME",10,515,3,0.58252427184466,"S"
1581,"1cl6A","HEME",10,604,7,1.15894039735099,"S"
1582,"1cnoG","HEME",10,405,3,0.740740740740741,"S"
1583,"1co6A","HEME",10,501,3,0.598802395209581,"S"
1584,"1cpcA","HEME",10,487,2,0.410677618069815,"S"
1585,"1cpcB","HEME",10,409,5,1.22249388753056,"S"
1586,"1cpqA","HEME",10,483,6,1.24223602484472,"S"
1587,"1ctmA","HEME",10,506,2,0.395256916996047,"S"
1588,"1cxaA","HEME",10,520,4,0.769230769230769,"S"
1589,"1cxyA","HEME",10,394,5,1.26903553299492,"S"
1590,"1cyfA","HEME",10,609,4,0.656814449917898,"S"
1591,"1cyjA","HEME",10,463,4,0.863930885529158,"S"
1592,"1d06A","HEME",10,524,3,0.572519083969466,"S"
1593,"1d1vA","HEME",10,541,3,0.55452865064695,"S"
1594,"1d4cA","HEME",10,356,6,1.68539325842697,"S"
1595,"1d7cA","HEME",10,356,1,0.280898876404494,"S"
1596,"1d8uA","HEME",10,477,3,0.628930817610063,"S"
1597,"1dlwA","HEME",10,476,2,0.420168067226891,"S"
1598,"1dm1A","HEME",10,436,1,0.229357798165138,"S"
1599,"1drmA","HEME",10,506,3,0.592885375494071,"S"
1600,"1dvhA","HEME",10,424,7,1.65094339622642,"S"
1601,"1dvvA","HEME",10,424,5,1.17924528301887,"S"
1602,"1dw0A","HEME",10,502,4,0.796812749003984,"S"
1603,"1dxtB","HEME",10,430,0,0,""
1604,"1e29A","HEME",10,518,3,0.579150579150579,"S"
1605,"1ebtA","HEME",10,424,3,0.707547169811321,"S"
1606,"1ecaA","HEME",10,428,1,0.233644859813084,"S"
1607,"1egyA","HEME",10,584,3,0.513698630136986,"S"
1608,"1etpA","HEME",10,559,4,0.715563506261181,"S"
1609,"1euoA","HEME",10,529,2,0.378071833648393,"S"
1610,"1ew6A","HEME",10,454,4,0.881057268722467,"S"
1611,"1ezvC","HEME",10,577,7,1.21317157712305,"S"
1612,"1f1cA","HEME",10,527,3,0.569259962049336,"S"
1613,"1f4uA","HEME",10,637,2,0.313971742543171,"S"
1614,"1f5oA","HEME",10,479,2,0.417536534446764,"S"
1615,"1f99A","HEME",10,476,4,0.840336134453782,"S"
1616,"1f99B","HEME",10,417,5,1.19904076738609,"S"
1617,"1fcbA","HEME",10,584,2,0.342465753424658,"S"
1618,"1fcdD","HEME",10,502,6,1.19521912350598,"S"
1619,"1fdhB","HEME",10,432,1,0.231481481481481,"S"
1620,"1fftE","HEME",10,637,3,0.470957613814757,"S"
1621,"1fhfA","HEME",10,579,4,0.690846286701209,"S"
1622,"1fj0A","HEME",10,520,5,0.961538461538462,"S"
1623,"1fs7A","HEME",10,515,6,1.16504854368932,"S"
1624,"1ft9A","HEME",10,275,6,2.18181818181818,"S"
1625,"1gcvA","HEME",10,440,4,0.909090909090909,"S"
1626,"1gcvB","HEME",10,476,2,0.420168067226891,"S"
1627,"1gdiA","HEME",10,458,1,0.218340611353712,"S"
1628,"1gdvA","HEME",10,436,5,1.14678899082569,"S"
1629,"1gjqA","HEME",10,424,4,0.943396226415094,"S"
1630,"1gksA","HEME",10,427,4,0.936768149882904,"S"
1631,"1gm4A","HEME",10,375,6,1.6,"S"
1632,"1gqaA","HEME",10,467,2,0.428265524625268,"S"
1633,"1gu2A","HEME",10,467,4,0.856531049250535,"S"
1634,"1gu6B","HEME",10,539,6,1.11317254174397,"S"
1635,"1gwsA","HEME",10,314,5,1.59235668789809,"S"
1636,"1gyoA","HEME",10,390,6,1.53846153846154,"S"
1637,"1h1oB","HEME",10,561,6,1.06951871657754,"S"
1638,"1h21A","HEME",10,265,7,2.64150943396226,"S"
1639,"1h31A","HEME",10,597,2,0.33500837520938,"S"
1640,"1h31B","HEME",10,439,8,1.82232346241458,"S"
1641,"1h97A","HEME",10,502,3,0.597609561752988,"S"
1642,"1hbgA","HEME",10,425,4,0.941176470588235,"S"
1643,"1hbhA","HEME",10,457,3,0.656455142231947,"S"
1644,"1hbhB","HEME",10,431,2,0.464037122969838,"S"
1645,"1hbrA","HEME",10,444,3,0.675675675675676,"S"
1646,"1he2A","HEME",10,300,3,1,"S"
1647,"1hlbA","HEME",10,435,3,0.689655172413793,"S"
1648,"1hlmA","HEME",10,437,3,0.68649885583524,"S"
1649,"1hroA","HEME",10,524,3,0.572519083969466,"S"
1650,"1i7yA","HEME",10,479,4,0.835073068893528,"S"
1651,"1iqcB","HEME",10,612,4,0.65359477124183,"S"
1652,"1it2A","HEME",10,469,1,0.213219616204691,"S"
1653,"1ithA","HEME",10,431,3,0.696055684454756,"S"
1654,"1iw1A","HEME",10,463,2,0.431965442764579,"S"
1655,"1ix3A","HEME",10,472,2,0.423728813559322,"S"
1656,"1izoA","HEME",10,646,5,0.773993808049536,"S"
1657,"1j0pA","HEME",10,365,8,2.19178082191781,"S"
1658,"1j77A","HEME",10,472,3,0.635593220338983,"S"
1659,"1jdlA","HEME",10,520,3,0.576923076923077,"S"
1660,"1jebA","HEME",10,466,1,0.214592274678112,"S"
1661,"1jjuA","HEME",10,554,5,0.902527075812274,"S"
1662,"1jmxA","HEME",10,464,5,1.07758620689655,"S"
1663,"1jniA","HEME",10,286,5,1.74825174825175,"S"
1664,"1jrxA","HEME",10,401,6,1.49625935162095,"S"
1665,"1kibA","HEME",10,453,3,0.662251655629139,"S"
1666,"1kn1B","HEME",10,430,3,0.697674418604651,"S"
1667,"1kqgC","HEME",10,503,2,0.397614314115308,"S"
1668,"1kr7A","HEME",10,454,2,0.440528634361233,"S"
1669,"1kwjA","HEME",10,256,4,1.5625,"S"
1670,"1kx2A","HEME",10,389,7,1.79948586118252,"S"
1671,"1lhsA","HEME",10,462,2,0.432900432900433,"S"
1672,"1liaB","HEME",10,412,6,1.45631067961165,"S"
1673,"1ls9A","HEME",10,464,3,0.646551724137931,"S"
1674,"1ly8B","HEME",10,621,5,0.805152979066023,"S"
1675,"1m1pA","HEME",10,243,4,1.64609053497942,"S"
1676,"1m56A","HEME",10,679,4,0.589101620029455,"S"
1677,"1m7sA","HEME",10,613,3,0.489396411092985,"S"
1678,"1mg2D","HEME",10,408,7,1.7156862745098,"S"
1679,"1mhlB","HEME",10,498,3,0.602409638554217,"S"
1680,"1mj4A","HEME",10,359,1,0.278551532033426,"S"
1681,"1mjtA","HEME",10,549,3,0.546448087431694,"S"
1682,"1mqfA","HEME",10,622,2,0.321543408360129,"S"
1683,"1mytA","HEME",10,435,1,0.229885057471264,"S"
1684,"1n5uA","HEME",10,500,3,0.6,"S"
1685,"1ngkB","HEME",10,529,4,0.756143667296786,"S"
1686,"1nr6A","HEME",10,635,4,0.62992125984252,"S"
1687,"1ntfA","HEME",10,464,1,0.21551724137931,"S"
1688,"1oagA","HEME",10,584,3,0.513698630136986,"S"
1689,"1oahB","HEME",10,507,10,1.9723865877712,"S"
1690,"1ofwA","HEME",10,343,7,2.04081632653061,"S"
1691,"1ogyB","HEME",10,352,6,1.70454545454545,"S"
1692,"1oj6B","HEME",10,449,2,0.44543429844098,"S"
1693,"1or4A","HEME",10,466,4,0.858369098712446,"S"
1694,"1os6A","HEME",10,270,4,1.48148148148148,"S"
1695,"1outA","HEME",10,427,3,0.702576112412178,"S"
1696,"1outB","HEME",10,436,3,0.688073394495413,"S"
1697,"1prhA","HEME",10,558,1,0.17921146953405,"S"
1698,"1q90A","HEME",10,519,4,0.770712909441233,"S"
1699,"1qdbC","HEME",10,370,5,1.35135135135135,"S"
1700,"1qgwA","HEME",10,218,3,1.37614678899083,"S"
1701,"1qgwD","HEME",10,412,6,1.45631067961165,"S"
1702,"1qjsA","HEME",10,432,1,0.231481481481481,"S"
1703,"1qksA","HEME",10,511,3,0.587084148727984,"S"
1704,"1qn1A","HEME",10,298,4,1.34228187919463,"S"
1705,"1qn2A","HEME",10,494,3,0.607287449392713,"S"
1706,"1qwlA","HEME",10,620,2,0.32258064516129,"S"
1707,"1r3qA","HEME",10,602,6,0.996677740863787,"S"
1708,"1rz6A","HEME",10,591,4,0.676818950930626,"S"
1709,"1s56B","HEME",10,476,3,0.630252100840336,"S"
1710,"1s5lP","HEME",10,501,4,0.798403193612774,"S"
1711,"1s66A","HEME",10,485,1,0.206185567010309,"S"
1712,"1schB","HEME",10,616,5,0.811688311688312,"S"
1713,"1si8A","HEME",10,610,1,0.163934426229508,"S"
1714,"1sk7A","HEME",10,437,0,0,""
1715,"1soxA","HEME",10,413,0,0,""
1716,"1sp3A","HEME",10,413,4,0.968523002421308,"S"
1717,"1spgA","HEME",10,440,2,0.454545454545455,"S"
1718,"1spgB","HEME",10,452,1,0.221238938053097,"S"
1719,"1suoA","HEME",10,636,3,0.471698113207547,"S"
1720,"1sy7B","HEME",10,614,2,0.325732899022801,"S"
1721,"1t88A","HEME",10,657,4,0.60882800608828,"S"
1722,"1tguC","HEME",10,634,1,0.157728706624606,"S"
1723,"1tu9A","HEME",10,455,2,0.43956043956044,"S"
1724,"1u17A","HEME",10,526,3,0.570342205323194,"S"
1725,"1uvxA","HEME",10,485,3,0.618556701030928,"S"
1726,"1ux8A","HEME",10,532,4,0.75187969924812,"S"
1727,"1v4uA","HEME",10,449,5,1.11358574610245,"S"
1728,"1v4wB","HEME",10,451,2,0.443458980044346,"S"
1729,"1v75A","HEME",10,471,2,0.424628450106157,"S"
1730,"1w2lA","HEME",10,497,3,0.603621730382294,"S"
1731,"1w5cB","HEME",10,261,1,0.383141762452107,"S"
1732,"1w7oA","HEME",10,380,6,1.57894736842105,"S"
1733,"1we1A","HEME",10,453,4,0.883002207505519,"S"
1734,"1wmuB","HEME",10,454,1,0.220264317180617,"S"
1735,"1woxB","HEME",10,546,2,0.366300366300366,"S"
1736,"1wveB","HEME",10,378,3,0.793650793650794,"S"
1737,"1x3kA","HEME",10,453,3,0.662251655629139,"S"
1738,"1x3xA","HEME",10,354,2,0.564971751412429,"S"
1739,"1x9fA","HEME",10,485,0,0,""
1740,"1x9fB","HEME",10,480,0,0,""
1741,"1x9fD","HEME",10,476,0,0,""
1742,"1x9fG","HEME",10,480,0,0,""
1743,"1xbnA","HEME",10,547,5,0.914076782449726,"S"
1744,"1xf6B","HEME",10,223,3,1.34529147982063,"S"
1745,"1xq5A","HEME",10,450,3,0.666666666666667,"S"
1746,"1xq5B","HEME",10,450,3,0.666666666666667,"S"
1747,"1yeaA","HEME",10,518,5,0.965250965250965,"S"
1748,"1yhuA","HEME",10,456,0,0,""
1749,"1yhuB","HEME",10,462,3,0.649350649350649,"S"
1750,"1yhuC","HEME",10,460,3,0.652173913043478,"S"
1751,"1yiqA","HEME",10,556,6,1.07913669064748,"S"
1752,"1yq4D","HEME",10,230,0,0,""
1753,"1z1nA","HEME",10,341,5,1.46627565982405,"S"
1754,"1z24A","HEME",10,579,5,0.863557858376511,"S"
1755,"1zrtB","HEME",10,467,7,1.49892933618844,"S"
1756,"1zzhB","HEME",10,596,3,0.503355704697987,"S"
1757,"2a3mA","HEME",10,367,8,2.17983651226158,"S"
1758,"2amoB","HEME",10,554,3,0.541516245487365,"S"
1759,"2bh4A","HEME",10,521,3,0.575815738963532,"S"
1760,"2bk9A","HEME",10,448,0,0,""
1761,"2bkmA","HEME",10,549,4,0.728597449908925,"S"
1762,"2blfB","HEME",10,346,3,0.867052023121387,"S"
1763,"2bq4B","HEME",10,389,6,1.54241645244216,"S"
1764,"2bz9A","HEME",10,524,8,1.52671755725191,"S"
1765,"2c0kA","HEME",10,466,2,0.429184549356223,"S"
1766,"2c1dA","HEME",10,413,11,2.6634382566586,"S"
1767,"2c1dB","HEME",10,433,4,0.92378752886836,"S"
1768,"2c1vA","HEME",10,621,3,0.483091787439614,"S"
1769,"2c2cA","HEME",10,510,4,0.784313725490196,"S"
1770,"2c7jA","HEME",10,459,2,0.435729847494553,"S"
1771,"2c7jB","HEME",10,228,2,0.87719298245614,"S"
1772,"2c8sA","HEME",10,400,5,1.25,"S"
1773,"2ccyA","HEME",10,488,4,0.819672131147541,"S"
1774,"2civA","HEME",10,681,3,0.440528634361233,"S"
1775,"2czsA","HEME",10,332,5,1.50602409638554,"S"
1776,"2d09A","HEME",10,633,3,0.4739336492891,"S"
1777,"2d0sA","HEME",10,424,4,0.943396226415094,"S"
1778,"2d0wA","HEME",10,411,5,1.21654501216545,"S"
1779,"2d1eA","HEME",10,561,5,0.89126559714795,"S"
1780,"2d2mA","HEME",10,462,1,0.216450216450216,"S"
1781,"2d2mB","HEME",10,465,4,0.860215053763441,"S"
1782,"2d2mD","HEME",10,441,2,0.453514739229025,"S"
1783,"2dc3A","HEME",10,463,1,0.215982721382289,"S"
1784,"2dgeA","HEME",10,468,3,0.641025641025641,"S"
1785,"2e74A","HEME",10,510,6,1.17647058823529,"S"
1786,"2e84A","HEME",10,312,7,2.24358974358974,"S"
1787,"2eimA","HEME",10,697,2,0.286944045911047,"S"
1788,"2flqB","HEME",10,566,4,0.706713780918728,"S"
1789,"2fmyA","HEME",10,320,2,0.625,"S"
1790,"2fw5A","HEME",10,429,6,1.3986013986014,"S"
1791,"2fynA","HEME",10,583,4,0.686106346483705,"S"
1792,"2fynB","HEME",10,460,6,1.30434782608696,"S"
1793,"2hpdB","HEME",10,627,7,1.11642743221691,"S"
1794,"2hreA","HEME",10,647,2,0.309119010819165,"S"
1795,"2i89A","HEME",10,345,2,0.579710144927536,"S"
1796,"2i96A","HEME",10,337,1,0.29673590504451,"S"
1797,"2ibjA","HEME",10,357,2,0.560224089635854,"S"
1798,"2ig3A","HEME",10,512,2,0.390625,"S"
1799,"2iufA","HEME",10,609,1,0.164203612479475,"S"
1800,"2ivfC","HEME",10,484,5,1.03305785123967,"S"
1801,"2j0pA","HEME",10,497,3,0.603621730382294,"S"
1802,"2j8wA","HEME",10,492,2,0.40650406504065,"S"
1803,"2je2A","HEME",10,446,3,0.672645739910314,"S"
1804,"2jxmB","HEME",10,515,4,0.776699029126214,"S"
1805,"2k2nA","HEME",10,479,2,0.417536534446764,"S"
1806,"2k3vA","HEME",10,226,3,1.32743362831858,"S"
1807,"2k78A","HEME",10,341,1,0.293255131964809,"S"
1808,"2l4dA","HEME",10,464,4,0.862068965517241,"S"
1809,"2noxB","HEME",10,528,5,0.946969696969697,"S"
1810,"2nwbA","HEME",10,628,2,0.318471337579618,"S"
1811,"2nzaA","HEME",10,605,3,0.495867768595041,"S"
1812,"2olpA","HEME",10,465,5,1.0752688172043,"S"
1813,"2oolA","HEME",10,580,7,1.20689655172414,"S"
1814,"2oyyA","HEME",10,284,0,0,""
1815,"2ozyA","HEME",10,320,4,1.25,"S"
1816,"2pbjD","HEME",10,459,4,0.871459694989107,"S"
1817,"2q2oA","HEME",10,348,2,0.574712643678161,"S"
1818,"2q7aA","HEME",10,352,4,1.13636363636364,"S"
1819,"2q8qA","HEME",10,430,6,1.3953488372093,"S"
1820,"2qppB","HEME",10,444,3,0.675675675675676,"S"
1821,"2r1hA","HEME",10,462,3,0.649350649350649,"S"
1822,"2r1hB","HEME",10,447,3,0.671140939597315,"S"
1823,"2r4zB","HEME",10,475,2,0.421052631578947,"S"
1824,"2r79A","HEME",10,323,0,0,""
1825,"2rfbA","HEME",10,637,5,0.784929356357928,"S"
1826,"2ri4D","HEME",10,436,0,0,""
1827,"2uulA","HEME",10,472,4,0.847457627118644,"S"
1828,"2uulB","HEME",10,416,5,1.20192307692308,"S"
1829,"2uydA","HEME",10,356,1,0.280898876404494,"S"
1830,"2v7iA","HEME",10,581,4,0.688468158347676,"S"
1831,"2vgrC","HEME",10,463,3,0.647948164146868,"S"
1832,"2vhdA","HEME",10,645,4,0.62015503875969,"S"
1833,"2vjhA","HEME",10,262,3,1.14503816793893,"S"
1834,"2vjhB","HEME",10,273,2,0.732600732600733,"S"
1835,"2vjrA","HEME",10,446,3,0.672645739910314,"S"
1836,"2vjrB","HEME",10,230,1,0.434782608695652,"S"
1837,"2vjtB","HEME",10,405,4,0.987654320987654,"S"
1838,"2vr0A","HEME",10,232,3,1.29310344827586,"S"
1839,"2vr0F","HEME",10,398,7,1.75879396984925,"S"
1840,"2vywA","HEME",10,507,2,0.394477317554241,"S"
1841,"2vzwB","HEME",10,459,1,0.217864923747277,"S"
1842,"2w31A","HEME",10,451,2,0.443458980044346,"S"
1843,"2wh8B","HEME",10,650,7,1.07692307692308,"S"
1844,"2wtgA","HEME",10,495,2,0.404040404040404,"S"
1845,"2wy4A","HEME",10,496,6,1.20967741935484,"S"
1846,"2x9oA","HEME",10,552,0,0,""
1847,"2xkrA","HEME",10,650,8,1.23076923076923,"S"
1848,"2xleA","HEME",10,477,3,0.628930817610063,"S"
1849,"2xq1O","HEME",10,634,1,0.157728706624606,"S"
1850,"2xtsB","HEME",10,394,3,0.761421319796954,"S"
1851,"2xykB","HEME",10,523,4,0.764818355640535,"S"
1852,"2y4eB","HEME",10,619,3,0.484652665589661,"S"
1853,"2y8hA","HEME",10,457,1,0.218818380743982,"S"
1854,"2ybqA","HEME",10,354,1,0.282485875706215,"S"
1855,"2yevB","HEME",10,586,6,1.02389078498294,"S"
1856,"2yiuB","HEME",10,426,6,1.40845070422535,"S"
1857,"2yk3A","HEME",10,496,4,0.806451612903226,"S"
1858,"2ynmC","HEME",10,305,4,1.31147540983607,"S"
1859,"2yp1C","HEME",10,679,2,0.294550810014728,"S"
1860,"2zboA","HEME",10,452,5,1.10619469026549,"S"
1861,"2zdoD","HEME",10,469,2,0.426439232409382,"S"
1862,"2zdpA","HEME",10,463,2,0.431965442764579,"S"
1863,"2zfoC","HEME",10,466,2,0.429184549356223,"S"
1864,"2zonD","HEME",10,408,5,1.22549019607843,"S"
1865,"2zooA","HEME",10,478,4,0.836820083682008,"S"
1866,"2zt9C","HEME",10,523,3,0.573613766730402,"S"
1867,"2zzsA","HEME",10,403,3,0.744416873449132,"S"
1868,"3a15B","HEME",10,652,4,0.613496932515337,"S"
1869,"3a4hA","HEME",10,616,6,0.974025974025974,"S"
1870,"3a9fA","HEME",10,357,3,0.840336134453782,"S"
1871,"3ae3D","HEME",10,236,0,0,""
1872,"3aeqA","HEME",10,283,2,0.706713780918728,"S"
1873,"3aq5A","HEME",10,503,5,0.99403578528827,"S"
1874,"3at5A","HEME",10,448,0,0,""
1875,"3at5B","HEME",10,444,0,0,""
1876,"3awmA","HEME",10,637,6,0.941915227629513,"S"
1877,"3ayfA","HEME",10,658,3,0.455927051671733,"S"
1878,"3b42A","HEME",10,243,2,0.823045267489712,"S"
1879,"3bcqA","HEME",10,433,2,0.46189376443418,"S"
1880,"3bcqB","HEME",10,447,3,0.671140939597315,"S"
1881,"3bk9A","HEME",10,560,1,0.178571428571429,"S"
1882,"3bxuB","HEME",10,279,6,2.1505376344086,"S"
1883,"3caoA","HEME",10,330,7,2.12121212121212,"S"
1884,"3cp5A","HEME",10,499,9,1.80360721442886,"S"
1885,"3cslB","HEME",10,462,1,0.216450216450216,"S"
1886,"3cwbC","HEME",10,605,4,0.661157024793388,"S"
1887,"3cx5D","HEME",10,474,5,1.05485232067511,"S"
1888,"3czhA","HEME",10,632,2,0.316455696202532,"S"
1889,"3dbmA","HEME",10,646,3,0.464396284829721,"S"
1890,"3dmiA","HEME",10,467,4,0.856531049250535,"S"
1891,"3dp5A","HEME",10,426,4,0.938967136150235,"S"
1892,"3dr0A","HEME",10,455,4,0.879120879120879,"S"
1893,"3dsjA","HEME",10,637,3,0.470957613814757,"S"
1894,"3e4wA","HEME",10,648,2,0.308641975308642,"S"
1895,"3e65B","HEME",10,556,6,1.07913669064748,"S"
1896,"3egwC","HEME",10,446,3,0.672645739910314,"S"
1897,"3ej6B","HEME",10,622,0,0,""
1898,"3ejeH","HEME",10,638,5,0.783699059561129,"S"
1899,"3ellA","HEME",10,380,1,0.263157894736842,"S"
1900,"3emmA","HEME",10,458,2,0.436681222707424,"S"
1901,"3fjwA","HEME",10,633,5,0.789889415481833,"S"
1902,"3gasA","HEME",10,338,0,0,""
1903,"3gm6A","HEME",10,521,9,1.7274472168906,"S"
1904,"3gw9A","HEME",10,581,6,1.03270223752151,"S"
1905,"3h4nB","HEME",10,283,6,2.12014134275618,"S"
1906,"3h8tA","HEME",10,357,2,0.560224089635854,"S"
1907,"3hf4A","HEME",10,441,2,0.453514739229025,"S"
1908,"3hq8A","HEME",10,598,3,0.501672240802676,"S"
1909,"3hx9A","HEME",10,328,0,0,""
1910,"3hyuA","HEME",10,458,2,0.436681222707424,"S"
1911,"3hyuB","HEME",10,439,1,0.227790432801822,"S"
1912,"3ia8A","HEME",10,475,0,0,""
1913,"3jbbI","HEME",10,452,4,0.884955752212389,"S"
1914,"3lf5A","HEME",10,317,5,1.57728706624606,"S"
1915,"3lxiB","HEME",10,660,4,0.606060606060606,"S"
1916,"3m5qA","HEME",10,599,4,0.667779632721202,"S"
1917,"3m97A","HEME",10,492,4,0.813008130081301,"S"
1918,"3mgxA","HEME",10,652,6,0.920245398773006,"S"
1919,"3mk7A","HEME",10,598,4,0.668896321070234,"S"
1920,"3mk7B","HEME",10,465,5,1.0752688172043,"S"
1921,"3mk7C","HEME",10,537,3,0.558659217877095,"S"
1922,"3mkbB","HEME",10,455,1,0.21978021978022,"S"
1923,"3ml1B","HEME",10,314,7,2.22929936305732,"S"
1924,"3mvcA","HEME",10,486,5,1.02880658436214,"S"
1925,"3nerB","HEME",10,354,1,0.282485875706215,"S"
1926,"3nn2B","HEME",10,581,2,0.344234079173838,"S"
1927,"3notA","HEME",10,642,6,0.934579439252336,"S"
1928,"3nu1A","HEME",10,338,5,1.4792899408284,"S"
1929,"3o0rC","HEME",10,556,6,1.07913669064748,"S"
1930,"3o0rD","HEME",10,449,4,0.89086859688196,"S"
1931,"3o5cA","HEME",10,633,4,0.631911532385466,"S"
1932,"3oa8B","HEME",10,427,4,0.936768149882904,"S"
1933,"3ocdA","HEME",10,488,8,1.63934426229508,"S"
1934,"3ov0A","HEME",10,343,5,1.45772594752187,"S"
1935,"3p3zA","HEME",10,626,3,0.479233226837061,"S"
1936,"3pc3A","HEME",10,371,2,0.539083557951482,"S"
1937,"3ph2A","HEME",10,430,4,0.930232558139535,"S"
1938,"3pmqA","HEME",10,270,5,1.85185185185185,"S"
1939,"3pt7B","HEME",10,464,6,1.29310344827586,"S"
1940,"3q08A","HEME",10,579,3,0.518134715025907,"S"
1941,"3qjtA","HEME",10,666,3,0.45045045045045,"S"
1942,"3qnsA","HEME",10,578,3,0.519031141868512,"S"
1943,"3qpiB","HEME",10,617,2,0.324149108589951,"S"
1944,"3qqrB","HEME",10,469,2,0.426439232409382,"S"
1945,"3qugA","HEME",10,337,2,0.593471810089021,"S"
1946,"3qzpB","HEME",10,344,2,0.581395348837209,"S"
1947,"3r9cA","HEME",10,574,3,0.522648083623693,"S"
1948,"3rivA","HEME",10,625,5,0.8,"S"
1949,"3rtlB","HEME",10,338,2,0.591715976331361,"S"
1950,"3rwlA","HEME",10,654,6,0.91743119266055,"S"
1951,"3s1iA","HEME",10,456,2,0.43859649122807,"S"
1952,"3sikB","HEME",10,307,1,0.325732899022801,"S"
1953,"3t3zB","HEME",10,627,1,0.159489633173844,"S"
1954,"3t6dA","HEME",10,570,10,1.75438596491228,"S"
1955,"3tf8B","HEME",10,565,5,0.884955752212389,"S"
1956,"3tktA","HEME",10,666,4,0.600600600600601,"S"
1957,"3tm9A","HEME",10,423,1,0.236406619385343,"S"
1958,"3u8pB","HEME",10,586,4,0.68259385665529,"S"
1959,"3ubrA","HEME",10,493,7,1.41987829614604,"S"
1960,"3ucpA","HEME",10,516,6,1.16279069767442,"S"
1961,"3ut2A","HEME",10,653,4,0.612557427258805,"S"
1962,"3vliA","HEME",10,675,5,0.740740740740741,"S"
1963,"3vlmA","HEME",10,657,4,0.60882800608828,"S"
1964,"3volA","HEME",10,486,3,0.617283950617284,"S"
1965,"3vp5A","HEME",10,528,0,0,""
1966,"3vreB","HEME",10,450,0,0,""
1967,"3w2zA","HEME",10,444,1,0.225225225225225,"S"
1968,"3wctA","HEME",10,451,0,0,""
1969,"3wctB","HEME",10,458,3,0.655021834061135,"S"
1970,"3wctC","HEME",10,473,1,0.211416490486258,"S"
1971,"3wcuD","HEME",10,471,2,0.424628450106157,"S"
1972,"3wfxA","HEME",10,247,1,0.404858299595142,"S"
1973,"3wmmA","HEME",10,435,5,1.14942528735632,"S"
1974,"3x15A","HEME",10,275,2,0.727272727272727,"S"
1975,"3zbyB","HEME",10,655,5,0.763358778625954,"S"
1976,"3zhwA","HEME",10,486,4,0.823045267489712,"S"
1977,"3ziyA","HEME",10,487,4,0.82135523613963,"S"
1978,"3zjhB","HEME",10,662,1,0.151057401812689,"S"
1979,"4aamA","HEME",10,647,3,0.463678516228748,"S"
1980,"4atjB","HEME",10,614,5,0.814332247557003,"S"
1981,"4b2nA","HEME",10,717,3,0.418410041841004,"S"
1982,"4b2yA","HEME",10,619,2,0.323101777059774,"S"
1983,"4b4yA","HEME",10,442,5,1.13122171945701,"S"
1984,"4b7fA","HEME",10,621,1,0.161030595813205,"S"
1985,"4b8nB","HEME",10,338,2,0.591715976331361,"S"
1986,"4bf4D","HEME",10,622,5,0.803858520900322,"S"
1987,"4bjaA","HEME",10,478,2,0.418410041841004,"S"
1988,"4bwiA","HEME",10,557,2,0.359066427289048,"S"
1989,"4c0nA","HEME",10,542,3,0.553505535055351,"S"
1990,"4cabA","HEME",10,614,2,0.325732899022801,"S"
1991,"4cdpA","HEME",10,499,3,0.601202404809619,"S"
1992,"4cx9A","HEME",10,504,4,0.793650793650794,"S"
1993,"4czoA","HEME",10,631,3,0.475435816164818,"S"
1994,"4d1nC","HEME",10,550,5,0.909090909090909,"S"
1995,"4e04B","HEME",10,595,6,1.00840336134454,"S"
1996,"4e37B","HEME",10,621,2,0.322061191626409,"S"
1997,"4egnB","HEME",10,662,5,0.755287009063444,"S"
1998,"4eieA","HEME",10,448,4,0.892857142857143,"S"
1999,"4ejgE","HEME",10,612,2,0.326797385620915,"S"
2000,"4f0tB","HEME",10,241,1,0.4149377593361,"S"
2001,"4fa4B","HEME",10,662,4,0.604229607250755,"S"
2002,"4fofA","HEME",10,459,2,0.435729847494553,"S"
2003,"4g1bA","HEME",10,563,2,0.355239786856128,"S"
2004,"4g1xA","HEME",10,591,4,0.676818950930626,"S"
2005,"4gd3I","HEME",10,485,9,1.85567010309278,"S"
2006,"4gl5A","HEME",10,637,17,2.66875981161695,"S"
2007,"4gu7A","HEME",10,571,3,0.525394045534151,"S"
2008,"4gydA","HEME",10,456,4,0.87719298245614,"S"
2009,"4h0mA","HEME",10,135,0,0,""
2010,"4h2lB","HEME",10,448,0,0,""
2011,"4h8qA","HEME",10,330,4,1.21212121212121,"S"
2012,"4hkaA","HEME",10,613,3,0.489396411092985,"S"
2013,"4hrrA","HEME",10,472,2,0.423728813559322,"S"
2014,"4hrrB","HEME",10,466,2,0.429184549356223,"S"
2015,"4i3bA","HEME",10,659,1,0.151745068285281,"S"
2016,"4i8vC","HEME",10,624,4,0.641025641025641,"S"
2017,"4i91A","HEME",10,625,2,0.32,"S"
2018,"4j20A","HEME",10,455,8,1.75824175824176,"S"
2019,"4j6dB","HEME",10,623,4,0.642054574638844,"S"
2020,"4jetA","HEME",10,339,5,1.47492625368732,"S"
2021,"4jj0A","HEME",10,309,4,1.29449838187702,"S"
2022,"4jouA","HEME",10,403,0,0,""
2023,"4kmgA","HEME",10,430,3,0.697674418604651,"S"
2024,"4l0dA","HEME",10,373,1,0.268096514745308,"S"
2025,"4l2mA","HEME",10,510,3,0.588235294117647,"S"
2026,"4l6gA","HEME",10,624,3,0.480769230769231,"S"
2027,"4l6vS","HEME",10,321,1,0.311526479750779,"S"
2028,"4ljiA","HEME",10,493,3,0.608519269776876,"S"
2029,"4lm6A","HEME",10,208,2,0.961538461538462,"S"
2030,"4lm6B","HEME",10,277,2,0.72202166064982,"S"
2031,"4lm8A","HEME",10,274,5,1.82481751824818,"S"
2032,"4lmhD","HEME",10,288,3,1.04166666666667,"S"
2033,"4lmsA","HEME",10,221,2,0.904977375565611,"S"
2034,"4lmsC","HEME",10,231,3,1.2987012987013,"S"
2035,"4lmxC","HEME",10,197,2,1.01522842639594,"S"
2036,"4n4jA","HEME",10,493,9,1.82555780933063,"S"
2037,"4n4oA","HEME",10,240,6,2.5,"S"
2038,"4n73A","HEME",10,503,6,1.19284294234592,"S"
2039,"4nk2A","HEME",10,525,6,1.14285714285714,"S"
2040,"4o1wA","HEME",10,386,6,1.55440414507772,"S"
2041,"4o4sG","HEME",10,495,2,0.404040404040404,"S"
2042,"4o7gB","HEME",10,542,3,0.553505535055351,"S"
2043,"4oqrA","HEME",10,599,5,0.834724540901502,"S"
2044,"4ourB","HEME",10,643,7,1.08864696734059,"S"
2045,"4pwaD","HEME",10,379,3,0.79155672823219,"S"
2046,"4pwvA","HEME",10,622,1,0.160771704180064,"S"
2047,"4qi3A","HEME",10,351,5,1.42450142450142,"S"
2048,"4qi7A","HEME",10,339,5,1.47492625368732,"S"
2049,"4qoqA","HEME",10,621,3,0.483091787439614,"S"
2050,"4r1zA","HEME",10,603,2,0.33167495854063,"S"
2051,"4rknA","HEME",10,436,5,1.14678899082569,"S"
2052,"4rlrA","HEME",10,433,6,1.38568129330254,"S"
2053,"4rm4A","HEME",10,626,4,0.638977635782748,"S"
2054,"4tx3A","HEME",10,605,6,0.991735537190083,"S"
2055,"4u72A","HEME",10,615,3,0.48780487804878,"S"
2056,"4u8uA","HEME",10,505,0,0,""
2057,"4u8uB","HEME",10,480,0,0,""
2058,"4u8uC","HEME",10,489,1,0.204498977505112,"S"
2059,"4u8uD","HEME",10,485,1,0.206185567010309,"S"
2060,"4u99A","HEME",10,593,5,0.843170320404722,"S"
2061,"4ubsA","HEME",10,611,3,0.490998363338789,"S"
2062,"4uc1A","HEME",10,434,3,0.691244239631336,"S"
2063,"4uiiA","HEME",10,336,3,0.892857142857143,"S"
2064,"4uiqA","HEME",10,459,3,0.65359477124183,"S"
2065,"4uurA","HEME",10,509,6,1.17878192534381,"S"
2066,"4uylB","HEME",10,592,5,0.844594594594595,"S"
2067,"4uzvA","HEME",10,518,4,0.772200772200772,"S"
2068,"4v2kA","HEME",10,518,5,0.965250965250965,"S"
2069,"4w7jC","HEME",10,658,3,0.455927051671733,"S"
2070,"4wnuB","HEME",10,619,2,0.323101777059774,"S"
2071,"4x8yA","HEME",10,261,2,0.766283524904215,"S"
2072,"4xdiA","HEME",10,511,2,0.391389432485323,"S"
2073,"4xe3A","HEME",10,578,2,0.346020761245675,"S"
2074,"4xkbA","HEME",10,302,1,0.33112582781457,"S"
2075,"4xmhA","HEME",10,520,2,0.384615384615385,"S"
2076,"4xtqA","HEME",10,521,5,0.959692898272553,"S"
2077,"4xxiA","HEME",10,380,2,0.526315789473684,"S"
2078,"4xxlA","HEME",10,453,2,0.441501103752759,"S"
2079,"4xydB","HEME",10,450,6,1.33333333333333,"S"
2080,"4y7sA","HEME",10,264,4,1.51515151515152,"S"
2081,"4ympB","HEME",10,305,2,0.655737704918033,"S"
2082,"4yt3A","HEME",10,594,4,0.673400673400673,"S"
2083,"4zgxJ","HEME",10,599,3,0.500834724540901,"S"
2084,"4zvbA","HEME",10,497,4,0.804828973843058,"S"
2085,"5a13B","HEME",10,580,1,0.172413793103448,"S"
2086,"5akpA","HEME",10,559,4,0.715563506261181,"S"
2087,"5aqdA","HEME",10,265,3,1.13207547169811,"S"
2088,"5aqdM","HEME",10,338,5,1.4792899408284,"S"
2089,"5aurA","HEME",10,341,1,0.293255131964809,"S"
2090,"5b3iA","HEME",10,527,5,0.94876660341556,"S"
2091,"5b3vB","HEME",10,409,2,0.488997555012225,"S"
2092,"5b50A","HEME",10,350,1,0.285714285714286,"S"
2093,"5b6qA","HEME",10,428,7,1.63551401869159,"S"
2094,"5bv2B","HEME",10,619,0,0,""
2095,"5bv5A","HEME",10,524,0,0,""
2096,"5c2vC","HEME",10,613,4,0.65252854812398,"S"
2097,"5d1vA","HEME",10,563,3,0.532859680284192,"S"
2098,"5de0C","HEME",10,579,5,0.863557858376511,"S"
2099,"5dfxA","HEME",10,469,1,0.213219616204691,"S"
2100,"5f1aA","HEME",10,567,3,0.529100529100529,"S"
2101,"5f6zA","HEME",10,534,3,0.561797752808989,"S"
2102,"5ff1B","HEME",10,671,2,0.29806259314456,"S"
2103,"5foiA","HEME",10,618,6,0.970873786407767,"S"
2104,"5fujA","HEME",10,655,3,0.458015267175573,"S"
2105,"5fygA","HEME",10,653,10,1.53139356814701,"S"
2106,"5gj3A","HEME",10,293,1,0.341296928327645,"S"
2107,"5gweA","HEME",10,638,3,0.470219435736677,"S"
2108,"5hh3B","HEME",10,617,4,0.648298217179903,"S"
2109,"5irvC","HEME",10,602,4,0.664451827242525,"S"
2110,"5jggA","HEME",10,464,1,0.21551724137931,"S"
2111,"5jnzB","HEME",10,444,1,0.225225225225225,"S"
2112,"5k8zB","HEME",10,589,2,0.33955857385399,"S"
2113,"5kyoA","HEME",10,631,7,1.10935023771791,"S"
2114,"5kzlA","HEME",10,456,1,0.219298245614035,"S"
2115,"5l8rE","HEME",10,346,0,0,""
2116,"5l91A","HEME",10,640,5,0.78125,"S"
2117,"5llyC","HEME",10,695,7,1.00719424460432,"S"
2118,"5lo9A","HEME",10,629,8,1.27186009538951,"S"
2119,"5loqC","HEME",10,550,4,0.727272727272727,"S"
2120,"5lthA","HEME",10,603,6,0.995024875621891,"S"
2121,"5mapB","HEME",10,611,5,0.818330605564648,"S"
2122,"5mg1A","HEME",10,668,6,0.898203592814371,"S"
2123,"5o0tA","HEME",10,424,4,0.943396226415094,"S"
2124,"5o1lB","HEME",10,585,3,0.512820512820513,"S"
2125,"5oheF","HEME",10,461,4,0.86767895878525,"S"
2126,"5t2kB","HEME",10,543,6,1.10497237569061,"S"
2127,"5ti9C","HEME",10,559,4,0.715563506261181,"S"
2128,"5tiaD","HEME",10,605,4,0.661157024793388,"S"
2129,"5v3uA","HEME",10,503,3,0.596421471172962,"S"
2130,"5vbuA","HEME",10,614,5,0.814332247557003,"S"
2131,"5vcgA","HEME",10,596,5,0.838926174496644,"S"
2132,"5x24A","HEME",10,600,2,0.333333333333333,"S"
2133,"5xnlC","HEME",10,316,3,0.949367088607595,"S"
2134,"5xnlD","HEME",10,393,1,0.254452926208651,"S"
2135,"5xnlV","HEME",10,262,1,0.381679389312977,"S"
2136,"5xnlW","HEME",10,296,1,0.337837837837838,"S"
2137,"5xnmA","HEME",10,309,2,0.647249190938511,"S"
2138,"5y1iA","HEME",10,601,4,0.665557404326123,"S"
2139,"5y8aA","HEME",10,240,1,0.416666666666667,"S"
2140,"154lA","CONTROL",10,334,1,0.29940119760479,"S"
2141,"1a3gB","CONTROL",10,364,1,0.274725274725275,"S"
2142,"1a4iB","CONTROL",10,377,5,1.3262599469496,"S"
2143,"1a5iA","CONTROL",10,382,4,1.04712041884817,"S"
2144,"1a8tA","CONTROL",10,329,2,0.60790273556231,"S"
2145,"1af7A","CONTROL",10,492,2,0.40650406504065,"S"
2146,"1aimA","CONTROL",10,300,4,1.33333333333333,"S"
2147,"1alwB","CONTROL",10,238,1,0.420168067226891,"S"
2148,"1apuA","CONTROL",10,473,0,0,""
2149,"1aqcC","CONTROL",10,392,0,0,""
2150,"1avpA","CONTROL",10,464,5,1.07758620689655,"S"
2151,"1awbA","CONTROL",10,359,1,0.278551532033426,"S"
2152,"1aymA","CONTROL",10,444,3,0.675675675675676,"S"
2153,"1ayxA","CONTROL",10,314,0,0,""
2154,"1b25C","CONTROL",10,477,6,1.25786163522013,"S"
2155,"1b2iA","CONTROL",10,175,0,0,""
2156,"1b4uB","CONTROL",10,254,0,0,""
2157,"1b5jA","CONTROL",10,583,3,0.514579759862779,"S"
2158,"1b8hB","CONTROL",10,354,2,0.564971751412429,"S"
2159,"1bagA","CONTROL",10,500,0,0,""
2160,"1bckA","CONTROL",10,354,3,0.847457627118644,"S"
2161,"1bdaA","CONTROL",10,418,5,1.19617224880383,"S"
2162,"1be9A","CONTROL",10,307,0,0,""
2163,"1bevA","CONTROL",10,445,5,1.12359550561798,"S"
2164,"1bh6A","CONTROL",10,430,2,0.465116279069767,"S"
2165,"1bkcA","CONTROL",10,324,2,0.617283950617284,"S"
2166,"1bobA","CONTROL",10,442,1,0.226244343891403,"S"
2167,"1booA","CONTROL",10,431,3,0.696055684454756,"S"
2168,"1c21A","CONTROL",10,344,5,1.45348837209302,"S"
2169,"1c3sA","CONTROL",10,368,2,0.543478260869565,"S"
2170,"1c3xA","CONTROL",10,281,2,0.711743772241993,"S"
2171,"1c5fA","CONTROL",10,349,3,0.859598853868195,"S"
2172,"1c7sA","CONTROL",10,502,0,0,""
2173,"1cebA","CONTROL",10,209,1,0.478468899521531,"S"
2174,"1cguA","CONTROL",10,392,1,0.255102040816327,"S"
2175,"1chmB","CONTROL",10,291,1,0.343642611683849,"S"
2176,"1cm0A","CONTROL",10,363,4,1.10192837465565,"S"
2177,"1ctuA","CONTROL",10,296,5,1.68918918918919,"S"
2178,"1cvrA","CONTROL",10,324,4,1.23456790123457,"S"
2179,"1cy6A","CONTROL",10,334,0,0,""
2180,"1cynA","CONTROL",10,354,2,0.564971751412429,"S"
2181,"1cziA","CONTROL",10,490,0,0,""
2182,"1d00D","CONTROL",10,328,3,0.914634146341463,"S"
2183,"1d9uA","CONTROL",10,386,0,0,""
2184,"1ddlC","CONTROL",10,301,0,0,""
2185,"1dl5A","CONTROL",10,501,4,0.798403193612774,"S"
2186,"1dppC","CONTROL",10,347,2,0.576368876080692,"S"
2187,"1ds1A","CONTROL",10,351,2,0.56980056980057,"S"
2188,"1dtdA","CONTROL",10,321,2,0.623052959501558,"S"
2189,"1dtpA","CONTROL",10,458,0,0,""
2190,"1e4nB","CONTROL",10,364,1,0.274725274725275,"S"
2191,"1e5iA","CONTROL",10,343,3,0.87463556851312,"S"
2192,"1e6aB","CONTROL",10,308,0,0,""
2193,"1ecqD","CONTROL",10,394,3,0.761421319796954,"S"
2194,"1ef9A","CONTROL",10,414,2,0.483091787439614,"S"
2195,"1ei6D","CONTROL",10,289,2,0.692041522491349,"S"
2196,"1ejeA","CONTROL",10,451,2,0.443458980044346,"S"
2197,"1ek2A","CONTROL",10,514,5,0.972762645914397,"S"
2198,"1emjC","CONTROL",10,302,1,0.33112582781457,"S"
2199,"1eobB","CONTROL",10,257,1,0.389105058365759,"S"
2200,"1eseA","CONTROL",10,327,3,0.91743119266055,"S"
2201,"1ev1A","CONTROL",10,479,4,0.835073068893528,"S"
2202,"1f0xB","CONTROL",10,720,5,0.694444444444444,"S"
2203,"1f1vA","CONTROL",10,401,0,0,""
2204,"1f2pA","CONTROL",10,303,1,0.33003300330033,"S"
2205,"1f3lA","CONTROL",10,502,4,0.796812749003984,"S"
2206,"1f4cB","CONTROL",10,355,4,1.12676056338028,"S"
2207,"1f8iC","CONTROL",10,302,1,0.33112582781457,"S"
2208,"1fayH","CONTROL",10,234,0,0,""
2209,"1fbdA","CONTROL",10,338,1,0.29585798816568,"S"
2210,"1fboA","CONTROL",10,404,3,0.742574257425743,"S"
2211,"1ffvC","CONTROL",10,635,4,0.62992125984252,"S"
2212,"1fnzA","CONTROL",10,238,1,0.420168067226891,"S"
2213,"1fo0A","CONTROL",10,683,3,0.439238653001464,"S"
2214,"1fo2A","CONTROL",10,342,0,0,""
2215,"1fpnA","CONTROL",10,451,3,0.665188470066519,"S"
2216,"1fpqA","CONTROL",10,349,2,0.573065902578797,"S"
2217,"1furB","CONTROL",10,203,2,0.985221674876847,"S"
2218,"1fvgA","CONTROL",10,198,3,1.51515151515152,"S"
2219,"1fw9A","CONTROL",10,327,2,0.611620795107034,"S"
2220,"1fy7A","CONTROL",10,442,3,0.678733031674208,"S"
2221,"1g0hB","CONTROL",10,334,2,0.598802395209581,"S"
2222,"1g1rC","CONTROL",10,157,0,0,""
2223,"1g60B","CONTROL",10,441,6,1.36054421768707,"S"
2224,"1gecA","CONTROL",10,358,3,0.837988826815642,"S"
2225,"1gffA","CONTROL",10,580,2,0.344827586206897,"S"
2226,"1gklA","CONTROL",10,243,2,0.823045267489712,"S"
2227,"1gnyA","CONTROL",10,264,0,0,""
2228,"1gq2K","CONTROL",10,599,0,0,""
2229,"1gt6A","CONTROL",10,365,0,0,""
2230,"1gxbC","CONTROL",10,299,0,0,""
2231,"1h2cA","CONTROL",10,173,0,0,""
2232,"1h41B","CONTROL",10,325,0,0,""
2233,"1h4hC","CONTROL",10,368,1,0.271739130434783,"S"
2234,"1h6eA","CONTROL",10,385,1,0.25974025974026,"S"
2235,"1h6hA","CONTROL",10,226,1,0.442477876106195,"S"
2236,"1h6wA","CONTROL",10,406,5,1.23152709359606,"S"
2237,"1h8pA","CONTROL",10,197,4,2.03045685279188,"S"
2238,"1ho3B","CONTROL",10,249,4,1.60642570281124,"S"
2239,"1horB","CONTROL",10,378,3,0.793650793650794,"S"
2240,"1hshA","CONTROL",10,229,1,0.436681222707424,"S"
2241,"1hyiA","CONTROL",10,207,1,0.483091787439614,"S"
2242,"1i0rA","CONTROL",10,436,4,0.91743119266055,"S"
2243,"1i19B","CONTROL",10,720,5,0.694444444444444,"S"
2244,"1i1qA","CONTROL",10,354,2,0.564971751412429,"S"
2245,"1i2kA","CONTROL",10,348,7,2.01149425287356,"S"
2246,"1i3sB","CONTROL",10,263,5,1.90114068441065,"S"
2247,"1i7sC","CONTROL",10,337,4,1.18694362017804,"S"
2248,"1ia7A","CONTROL",10,283,0,0,""
2249,"1ib1G","CONTROL",10,515,5,0.970873786407767,"S"
2250,"1iktA","CONTROL",10,386,3,0.77720207253886,"S"
2251,"1iooA","CONTROL",10,218,1,0.458715596330275,"S"
2252,"1issB","CONTROL",10,291,0,0,""
2253,"1it7A","CONTROL",10,315,1,0.317460317460317,"S"
2254,"1j0kA","CONTROL",10,385,3,0.779220779220779,"S"
2255,"1j0nA","CONTROL",10,316,1,0.316455696202532,"S"
2256,"1j12C","CONTROL",10,398,4,1.00502512562814,"S"
2257,"1j1wB","CONTROL",10,605,2,0.330578512396694,"S"
2258,"1j2qL","CONTROL",10,289,1,0.346020761245675,"S"
2259,"1j36B","CONTROL",10,481,1,0.207900207900208,"S"
2260,"1j71A","CONTROL",10,315,0,0,""
2261,"1jdxA","CONTROL",10,315,5,1.58730158730159,"S"
2262,"1jgiA","CONTROL",10,463,2,0.431965442764579,"S"
2263,"1jibB","CONTROL",10,432,3,0.694444444444444,"S"
2264,"1jmuB","CONTROL",10,250,1,0.4,"S"
2265,"1js4A","CONTROL",10,397,0,0,""
2266,"1jslB","CONTROL",10,279,3,1.0752688172043,"S"
2267,"1jxnD","CONTROL",10,250,0,0,""
2268,"1jxzC","CONTROL",10,431,5,1.16009280742459,"S"
2269,"1k0eB","CONTROL",10,388,1,0.257731958762887,"S"
2270,"1k0gA","CONTROL",10,400,2,0.5,"S"
2271,"1k1wA","CONTROL",10,325,0,0,""
2272,"1k1yA","CONTROL",10,522,2,0.383141762452107,"S"
2273,"1k39C","CONTROL",10,499,0,0,""
2274,"1k9fA","CONTROL",10,407,2,0.491400491400491,"S"
2275,"1k9iH","CONTROL",10,278,0,0,""
2276,"1kapA","CONTROL",10,383,1,0.261096605744125,"S"
2277,"1kdzA","CONTROL",10,491,2,0.407331975560081,"S"
2278,"1kecB","CONTROL",10,287,1,0.348432055749129,"S"
2279,"1kkrB","CONTROL",10,332,1,0.301204819277108,"S"
2280,"1knfA","CONTROL",10,336,3,0.892857142857143,"S"
2281,"1kq0A","CONTROL",10,336,3,0.892857142857143,"S"
2282,"1kxhA","CONTROL",10,405,0,0,""
2283,"1kyfA","CONTROL",10,215,0,0,""
2284,"1l1yE","CONTROL",10,411,0,0,""
2285,"1la3A","CONTROL",10,371,0,0,""
2286,"1lbzA","CONTROL",10,335,1,0.298507462686567,"S"
2287,"1lf9A","CONTROL",10,474,0,0,""
2288,"1lmpA","CONTROL",10,351,4,1.13960113960114,"S"
2289,"1lopA","CONTROL",10,278,2,0.719424460431655,"S"
2290,"1lqyA","CONTROL",10,381,4,1.0498687664042,"S"
2291,"1lryA","CONTROL",10,368,5,1.35869565217391,"S"
2292,"1ltmA","CONTROL",10,269,2,0.743494423791822,"S"
2293,"1lu2B","CONTROL",10,242,0,0,""
2294,"1lv8B","CONTROL",10,340,4,1.17647058823529,"S"
2295,"1lwuB","CONTROL",10,345,4,1.15942028985507,"S"
2296,"1lwwC","CONTROL",10,319,4,1.25391849529781,"S"
2297,"1lxkA","CONTROL",10,506,1,0.197628458498024,"S"
2298,"1lxmA","CONTROL",10,578,1,0.173010380622837,"S"
2299,"1ly2A","CONTROL",10,186,1,0.53763440860215,"S"
2300,"1lzyA","CONTROL",10,306,4,1.30718954248366,"S"
2301,"1m01A","CONTROL",10,385,2,0.519480519480519,"S"
2302,"1m0sB","CONTROL",10,285,3,1.05263157894737,"S"
2303,"1m21A","CONTROL",10,505,2,0.396039603960396,"S"
2304,"1m2xA","CONTROL",10,247,2,0.809716599190283,"S"
2305,"1m4uA","CONTROL",10,215,7,3.25581395348837,"S"
2306,"1m6dA","CONTROL",10,342,7,2.04678362573099,"S"
2307,"1m72A","CONTROL",10,453,4,0.883002207505519,"S"
2308,"1m7eA","CONTROL",10,419,1,0.238663484486873,"S"
2309,"1maaC","CONTROL",10,436,1,0.229357798165138,"S"
2310,"1mc0A","CONTROL",10,409,2,0.488997555012225,"S"
2311,"1mhcA","CONTROL",10,654,4,0.611620795107034,"S"
2312,"1mskA","CONTROL",10,377,2,0.530503978779841,"S"
2313,"1n1yA","CONTROL",10,378,2,0.529100529100529,"S"
2314,"1n24A","CONTROL",10,475,1,0.210526315789474,"S"
2315,"1n2xA","CONTROL",10,496,1,0.201612903225806,"S"
2316,"1n3qB","CONTROL",10,234,0,0,""
2317,"1n47A","CONTROL",10,230,0,0,""
2318,"1n61C","CONTROL",10,622,4,0.643086816720257,"S"
2319,"1n6cA","CONTROL",10,376,0,0,""
2320,"1n71B","CONTROL",10,414,2,0.483091787439614,"S"
2321,"1n73F","CONTROL",10,375,3,0.8,"S"
2322,"1nh6A","CONTROL",10,753,1,0.132802124833997,"S"
2323,"1njuC","CONTROL",10,408,2,0.490196078431373,"S"
2324,"1nltA","CONTROL",10,289,0,0,""
2325,"1nopD","CONTROL",10,327,1,0.305810397553517,"S"
2326,"1npzA","CONTROL",10,378,4,1.05820105820106,"S"
2327,"1ns8B","CONTROL",10,306,0,0,""
2328,"1nw7A","CONTROL",10,371,4,1.07816711590296,"S"
2329,"1nx8A","CONTROL",10,340,1,0.294117647058824,"S"
2330,"1o5wA","CONTROL",10,1062,11,1.03578154425612,"S"
2331,"1o70A","CONTROL",10,238,2,0.840336134453782,"S"
2332,"1o8bB","CONTROL",10,302,1,0.33112582781457,"S"
2333,"1o8sA","CONTROL",10,198,0,0,""
2334,"1oa3A","CONTROL",10,193,0,0,""
2335,"1oc1A","CONTROL",10,503,1,0.198807157057654,"S"
2336,"1oclA","CONTROL",10,316,1,0.316455696202532,"S"
2337,"1ocuA","CONTROL",10,229,0,0,""
2338,"1of4A","CONTROL",10,282,1,0.354609929078014,"S"
2339,"1ofiD","CONTROL",10,307,3,0.977198697068404,"S"
2340,"1ogoA","CONTROL",10,299,0,0,""
2341,"1oijC","CONTROL",10,276,0,0,""
2342,"1olmB","CONTROL",10,626,3,0.479233226837061,"S"
2343,"1onxA","CONTROL",10,323,0,0,""
2344,"1oopA","CONTROL",10,489,5,1.02249488752556,"S"
2345,"1otjB","CONTROL",10,314,0,0,""
2346,"1ox5A","CONTROL",10,494,3,0.607287449392713,"S"
2347,"1p0yC","CONTROL",10,402,0,0,""
2348,"1p42B","CONTROL",10,377,0,0,""
2349,"1p5rB","CONTROL",10,496,4,0.806451612903226,"S"
2350,"1p6eA","CONTROL",10,409,1,0.244498777506112,"S"
2351,"1p7wA","CONTROL",10,435,2,0.459770114942529,"S"
2352,"1padA","CONTROL",10,308,3,0.974025974025974,"S"
2353,"1pcmA","CONTROL",10,371,2,0.539083557951482,"S"
2354,"1pegA","CONTROL",10,382,4,1.04712041884817,"S"
2355,"1pgoA","CONTROL",10,460,4,0.869565217391304,"S"
2356,"1pnfA","CONTROL",10,339,0,0,""
2357,"1ppiA","CONTROL",10,534,2,0.374531835205993,"S"
2358,"1pq7A","CONTROL",10,324,6,1.85185185185185,"S"
2359,"1pqpA","CONTROL",10,267,2,0.749063670411985,"S"
2360,"1psoA","CONTROL",10,482,2,0.4149377593361,"S"
2361,"1pz2A","CONTROL",10,321,2,0.623052959501558,"S"
2362,"1pz4A","CONTROL",10,423,5,1.18203309692671,"S"
2363,"1q33A","CONTROL",10,276,1,0.36231884057971,"S"
2364,"1q51G","CONTROL",10,384,1,0.260416666666667,"S"
2365,"1q6iB","CONTROL",10,336,0,0,""
2366,"1q8aB","CONTROL",10,287,3,1.04529616724739,"S"
2367,"1qapB","CONTROL",10,246,1,0.40650406504065,"S"
2368,"1qd1A","CONTROL",10,550,2,0.363636363636364,"S"
2369,"1qdqA","CONTROL",10,422,6,1.4218009478673,"S"
2370,"1qf1A","CONTROL",10,407,1,0.245700245700246,"S"
2371,"1qltA","CONTROL",10,760,5,0.657894736842105,"S"
2372,"1qngA","CONTROL",10,373,3,0.804289544235925,"S"
2373,"1qooD","CONTROL",10,241,1,0.4149377593361,"S"
2374,"1qpqA","CONTROL",10,264,0,0,""
2375,"1qs0A","CONTROL",10,337,0,0,""
2376,"1qs8A","CONTROL",10,504,3,0.595238095238095,"S"
2377,"1qsrA","CONTROL",10,404,4,0.99009900990099,"S"
2378,"1qu2B","CONTROL",10,503,3,0.596421471172962,"S"
2379,"1qxwA","CONTROL",10,394,2,0.50761421319797,"S"
2380,"1qzzA","CONTROL",10,453,5,1.1037527593819,"S"
2381,"1r17A","CONTROL",10,635,1,0.15748031496063,"S"
2382,"1r1aA","CONTROL",10,402,2,0.497512437810945,"S"
2383,"1r4wB","CONTROL",10,336,4,1.19047619047619,"S"
2384,"1rakA","CONTROL",10,371,0,0,""
2385,"1redB","CONTROL",10,330,0,0,""
2386,"1remA","CONTROL",10,293,4,1.36518771331058,"S"
2387,"1rm6E","CONTROL",10,607,1,0.164744645799012,"S"
2388,"1rq5A","CONTROL",10,532,2,0.37593984962406,"S"
2389,"1rr2A","CONTROL",10,257,2,0.778210116731518,"S"
2390,"1rs0A","CONTROL",10,270,5,1.85185185185185,"S"
2391,"1rtvA","CONTROL",10,280,1,0.357142857142857,"S"
2392,"1rwcA","CONTROL",10,389,0,0,""
2393,"1rxuF","CONTROL",10,339,4,1.17994100294985,"S"
2394,"1rxzA","CONTROL",10,382,2,0.523560209424084,"S"
2395,"1rz0F","CONTROL",10,437,0,0,""
2396,"1s0iA","CONTROL",10,449,0,0,""
2397,"1s4vB","CONTROL",10,308,5,1.62337662337662,"S"
2398,"1s7lA","CONTROL",10,424,2,0.471698113207547,"S"
2399,"1sbfA","CONTROL",10,214,0,0,""
2400,"1sfqD","CONTROL",10,460,6,1.30434782608696,"S"
2401,"1sftB","CONTROL",10,359,4,1.1142061281337,"S"
2402,"1sfyC","CONTROL",10,232,0,0,""
2403,"1sg4B","CONTROL",10,552,5,0.905797101449275,"S"
2404,"1sioC","CONTROL",10,377,0,0,""
2405,"1siqA","CONTROL",10,495,2,0.404040404040404,"S"
2406,"1smrC","CONTROL",10,679,1,0.147275405007364,"S"
2407,"1so0A","CONTROL",10,313,1,0.319488817891374,"S"
2408,"1sojB","CONTROL",10,371,1,0.269541778975741,"S"
2409,"1sqfA","CONTROL",10,418,5,1.19617224880383,"S"
2410,"1szoE","CONTROL",10,342,1,0.292397660818713,"S"
2411,"1szzA","CONTROL",10,429,2,0.466200466200466,"S"
2412,"1t2wA","CONTROL",10,375,0,0,""
2413,"1t3qF","CONTROL",10,593,3,0.505902192242833,"S"
2414,"1t47B","CONTROL",10,436,2,0.458715596330275,"S"
2415,"1t7oA","CONTROL",10,316,1,0.316455696202532,"S"
2416,"1tg6A","CONTROL",10,268,3,1.11940298507463,"S"
2417,"1ti1A","CONTROL",10,307,4,1.30293159609121,"S"
2418,"1tj4A","CONTROL",10,348,0,0,""
2419,"1tk2A","CONTROL",10,370,1,0.27027027027027,"S"
2420,"1tl9A","CONTROL",10,362,3,0.828729281767956,"S"
2421,"1tveB","CONTROL",10,374,0,0,""
2422,"1twiC","CONTROL",10,362,2,0.552486187845304,"S"
2423,"1tywA","CONTROL",10,552,0,0,""
2424,"1u1xA","CONTROL",10,365,3,0.821917808219178,"S"
2425,"1u2zB","CONTROL",10,486,3,0.617283950617284,"S"
2426,"1u4gA","CONTROL",10,411,2,0.48661800486618,"S"
2427,"1u5bA","CONTROL",10,365,3,0.821917808219178,"S"
2428,"1ucaA","CONTROL",10,288,2,0.694444444444444,"S"
2429,"1uefA","CONTROL",10,359,2,0.557103064066852,"S"
2430,"1ugyC","CONTROL",10,192,0,0,""
2431,"1uhvD","CONTROL",10,318,1,0.314465408805031,"S"
2432,"1ukmB","CONTROL",10,134,2,1.49253731343284,"S"
2433,"1umbA","CONTROL",10,375,1,0.266666666666667,"S"
2434,"1uqsA","CONTROL",10,861,6,0.696864111498258,"S"
2435,"1uscB","CONTROL",10,465,1,0.21505376344086,"S"
2436,"1uu5A","CONTROL",10,436,3,0.688073394495413,"S"
2437,"1uwsB","CONTROL",10,353,1,0.28328611898017,"S"
2438,"1uy2A","CONTROL",10,213,0,0,""
2439,"1uz0A","CONTROL",10,229,0,0,""
2440,"1v2bB","CONTROL",10,226,0,0,""
2441,"1v30A","CONTROL",10,365,0,0,""
2442,"1v3hA","CONTROL",10,612,5,0.816993464052288,"S"
2443,"1v3lB","CONTROL",10,482,1,0.20746887966805,"S"
2444,"1v6jC","CONTROL",10,219,0,0,""
2445,"1v9nA","CONTROL",10,548,0,0,""
2446,"1v9tB","CONTROL",10,323,2,0.619195046439629,"S"
2447,"1vbpA","CONTROL",10,212,0,0,""
2448,"1vd3A","CONTROL",10,291,2,0.687285223367698,"S"
2449,"1vdnA","CONTROL",10,332,3,0.903614457831325,"S"
2450,"1vfhA","CONTROL",10,362,2,0.552486187845304,"S"
2451,"1vmkA","CONTROL",10,243,4,1.64609053497942,"S"
2452,"1vrlC","CONTROL",10,324,0,0,""
2453,"1vsgA","CONTROL",10,372,1,0.268817204301075,"S"
2454,"1vz5B","CONTROL",10,299,0,0,""
2455,"1vzbA","CONTROL",10,341,1,0.293255131964809,"S"
2456,"1w1pB","CONTROL",10,322,2,0.62111801242236,"S"
2457,"1w2tD","CONTROL",10,432,1,0.231481481481481,"S"
2458,"1w61A","CONTROL",10,339,4,1.17994100294985,"S"
2459,"1w6fA","CONTROL",10,324,1,0.308641975308642,"S"
2460,"1w7vC","CONTROL",10,286,1,0.34965034965035,"S"
2461,"1w88A","CONTROL",10,308,1,0.324675324675325,"S"
2462,"1w9oB","CONTROL",10,290,1,0.344827586206897,"S"
2463,"1w9wA","CONTROL",10,275,1,0.363636363636364,"S"
2464,"1w9xA","CONTROL",10,699,1,0.143061516452074,"S"
2465,"1wcqA","CONTROL",10,367,0,0,""
2466,"1wdaA","CONTROL",10,347,0,0,""
2467,"1wdiA","CONTROL",10,288,1,0.347222222222222,"S"
2468,"1wkmA","CONTROL",10,347,1,0.288184438040346,"S"
2469,"1wmzC","CONTROL",10,229,0,0,""
2470,"1wnzA","CONTROL",10,367,0,0,""
2471,"1wogA","CONTROL",10,316,0,0,""
2472,"1ws1A","CONTROL",10,386,3,0.77720207253886,"S"
2473,"1wtaA","CONTROL",10,301,4,1.32890365448505,"S"
2474,"1wu5A","CONTROL",10,297,1,0.336700336700337,"S"
2475,"1wvmA","CONTROL",10,444,2,0.45045045045045,"S"
2476,"1wzuA","CONTROL",10,291,4,1.3745704467354,"S"
2477,"1x1dA","CONTROL",10,446,4,0.896860986547085,"S"
2478,"1x2hA","CONTROL",10,289,0,0,""
2479,"1x7pA","CONTROL",10,319,2,0.626959247648903,"S"
2480,"1x7wA","CONTROL",10,332,3,0.903614457831325,"S"
2481,"1x9iB","CONTROL",10,344,1,0.290697674418605,"S"
2482,"1xa8B","CONTROL",10,252,4,1.58730158730159,"S"
2483,"1xdhB","CONTROL",10,518,4,0.772200772200772,"S"
2484,"1xocA","CONTROL",10,810,4,0.493827160493827,"S"
2485,"1xpyD","CONTROL",10,411,5,1.21654501216545,"S"
2486,"1xq7A","CONTROL",10,350,2,0.571428571428571,"S"
2487,"1xrmA","CONTROL",10,381,4,1.0498687664042,"S"
2488,"1xskA","CONTROL",10,350,2,0.571428571428571,"S"
2489,"1xtbA","CONTROL",10,322,0,0,""
2490,"1xu3B","CONTROL",10,293,2,0.68259385665529,"S"
2491,"1xvuA","CONTROL",10,528,1,0.189393939393939,"S"
2492,"1xwqA","CONTROL",10,397,1,0.251889168765743,"S"
2493,"1xxrD","CONTROL",10,203,0,0,""
2494,"1y0gD","CONTROL",10,843,0,0,""
2495,"1y0yA","CONTROL",10,377,0,0,""
2496,"1y9qA","CONTROL",10,337,0,0,""
2497,"1yatA","CONTROL",10,339,1,0.294985250737463,"S"
2498,"1yg6H","CONTROL",10,286,5,1.74825174825175,"S"
2499,"1yk3G","CONTROL",10,272,1,0.367647058823529,"S"
2500,"1ynhC","CONTROL",10,462,3,0.649350649350649,"S"
2501,"1yquB","CONTROL",10,225,3,1.33333333333333,"S"
2502,"1yreB","CONTROL",10,410,1,0.24390243902439,"S"
2503,"1ywhA","CONTROL",10,216,2,0.925925925925926,"S"
2504,"1yy5B","CONTROL",10,817,5,0.611995104039168,"S"
2505,"1z8gA","CONTROL",10,475,6,1.26315789473684,"S"
2506,"1zapA","CONTROL",10,498,0,0,""
2507,"1zb7A","CONTROL",10,261,0,0,""
2508,"1zg9C","CONTROL",10,396,1,0.252525252525253,"S"
2509,"1zhfA","CONTROL",10,340,2,0.588235294117647,"S"
2510,"1zsqA","CONTROL",10,410,2,0.48780487804878,"S"
2511,"1zt4A","CONTROL",10,834,4,0.479616306954436,"S"
2512,"1zy1B","CONTROL",10,401,2,0.498753117206983,"S"
2513,"1zz1D","CONTROL",10,327,3,0.91743119266055,"S"
2514,"2a1xA","CONTROL",10,323,5,1.54798761609907,"S"
2515,"2a9gA","CONTROL",10,385,5,1.2987012987013,"S"
2516,"2aa9A","CONTROL",10,373,3,0.804289544235925,"S"
2517,"2aacA","CONTROL",10,353,2,0.56657223796034,"S"
2518,"2afxB","CONTROL",10,276,0,0,""
2519,"2agwA","CONTROL",10,190,2,1.05263157894737,"S"
2520,"2ahgB","CONTROL",10,395,1,0.253164556962025,"S"
2521,"2ahvA","CONTROL",10,511,4,0.782778864970646,"S"
2522,"2ai7A","CONTROL",10,346,4,1.15606936416185,"S"
2523,"2aijA","CONTROL",10,495,2,0.404040404040404,"S"
2524,"2ajhA","CONTROL",10,293,2,0.68259385665529,"S"
2525,"2aphA","CONTROL",10,389,1,0.25706940874036,"S"
2526,"2au9A","CONTROL",10,309,2,0.647249190938511,"S"
2527,"2b13B","CONTROL",10,235,1,0.425531914893617,"S"
2528,"2b2wA","CONTROL",10,347,1,0.288184438040346,"S"
2529,"2b4kA","CONTROL",10,311,4,1.28617363344051,"S"
2530,"2b5uC","CONTROL",10,216,0,0,""
2531,"2b7pC","CONTROL",10,252,2,0.793650793650794,"S"
2532,"2bdzB","CONTROL",10,320,3,0.9375,"S"
2533,"2bfgF","CONTROL",10,344,2,0.581395348837209,"S"
2534,"2bgcA","CONTROL",10,275,0,0,""
2535,"2bh2B","CONTROL",10,405,5,1.23456790123457,"S"
2536,"2bj0A","CONTROL",10,147,2,1.36054421768707,"S"
2537,"2bkvB","CONTROL",10,258,0,0,""
2538,"2bnnA","CONTROL",10,277,3,1.08303249097473,"S"
2539,"2bqyA","CONTROL",10,279,1,0.3584229390681,"S"
2540,"2braA","CONTROL",10,648,3,0.462962962962963,"S"
2541,"2bu3A","CONTROL",10,336,1,0.297619047619048,"S"
2542,"2bvfA","CONTROL",10,711,4,0.562587904360056,"S"
2543,"2bwaB","CONTROL",10,381,1,0.26246719160105,"S"
2544,"2c2lA","CONTROL",10,401,2,0.498753117206983,"S"
2545,"2c4mC","CONTROL",10,381,2,0.5249343832021,"S"
2546,"2c53A","CONTROL",10,327,0,0,""
2547,"2c8nB","CONTROL",10,355,2,0.563380281690141,"S"
2548,"2c9kA","CONTROL",10,202,0,0,""
2549,"2cdpA","CONTROL",10,228,0,0,""
2550,"2cfeA","CONTROL",10,220,2,0.909090909090909,"S"
2551,"2cftA","CONTROL",10,385,3,0.779220779220779,"S"
2552,"2cfwA","CONTROL",10,350,0,0,""
2553,"2cgnA","CONTROL",10,332,1,0.301204819277108,"S"
2554,"2cicA","CONTROL",10,430,2,0.465116279069767,"S"
2555,"2cirA","CONTROL",10,303,3,0.99009900990099,"S"
2556,"2cntB","CONTROL",10,400,2,0.5,"S"
2557,"2cwwB","CONTROL",10,387,1,0.258397932816537,"S"
2558,"2cy2A","CONTROL",10,456,0,0,""
2559,"2d0hA","CONTROL",10,514,0,0,""
2560,"2d0qB","CONTROL",10,153,1,0.65359477124183,"S"
2561,"2d29A","CONTROL",10,447,2,0.447427293064877,"S"
2562,"2d5nB","CONTROL",10,552,1,0.181159420289855,"S"
2563,"2d5wA","CONTROL",10,622,0,0,""
2564,"2dd4F","CONTROL",10,193,3,1.55440414507772,"S"
2565,"2dd8C","CONTROL",10,148,0,0,""
2566,"2df8A","CONTROL",10,354,3,0.847457627118644,"S"
2567,"2dg5D","CONTROL",10,238,0,0,""
2568,"2djhA","CONTROL",10,379,0,0,""
2569,"2dkdA","CONTROL",10,346,1,0.289017341040462,"S"
2570,"2e1tA","CONTROL",10,532,3,0.56390977443609,"S"
2571,"2e2xA","CONTROL",10,665,1,0.150375939849624,"S"
2572,"2e4gA","CONTROL",10,394,1,0.253807106598985,"S"
2573,"2e4vA","CONTROL",10,412,1,0.242718446601942,"S"
2574,"2e50B","CONTROL",10,234,0,0,""
2575,"2e8zA","CONTROL",10,288,0,0,""
2576,"2eacB","CONTROL",10,294,1,0.340136054421769,"S"
2577,"2egwA","CONTROL",10,330,0,0,""
2578,"2ek9A","CONTROL",10,340,1,0.294117647058824,"S"
2579,"2eo7A","CONTROL",10,419,1,0.238663484486873,"S"
2580,"2erpB","CONTROL",10,291,1,0.343642611683849,"S"
2581,"2eugA","CONTROL",10,285,1,0.350877192982456,"S"
2582,"2ew5A","CONTROL",10,343,3,0.87463556851312,"S"
2583,"2eweA","CONTROL",10,402,0,0,""
2584,"2exkC","CONTROL",10,407,1,0.245700245700246,"S"
2585,"2exrA","CONTROL",10,704,0,0,""
2586,"2exuA","CONTROL",10,190,0,0,""
2587,"2f5tA","CONTROL",10,310,3,0.967741935483871,"S"
2588,"2f8gA","CONTROL",10,214,0,0,""
2589,"2fapA","CONTROL",10,317,1,0.315457413249211,"S"
2590,"2fcvB","CONTROL",10,391,3,0.767263427109974,"S"
2591,"2fg6A","CONTROL",10,328,2,0.609756097560976,"S"
2592,"2fgeA","CONTROL",10,527,3,0.569259962049336,"S"
2593,"2fiwA","CONTROL",10,482,0,0,""
2594,"2fmbA","CONTROL",10,210,0,0,""
2595,"2fn1A","CONTROL",10,359,0,0,""
2596,"2fo5B","CONTROL",10,317,5,1.57728706624606,"S"
2597,"2fp2B","CONTROL",10,351,1,0.284900284900285,"S"
2598,"2fr0A","CONTROL",10,546,3,0.54945054945055,"S"
2599,"2ft0A","CONTROL",10,358,1,0.279329608938547,"S"
2600,"2fugI","CONTROL",10,502,5,0.99601593625498,"S"
2601,"2fvkD","CONTROL",10,288,3,1.04166666666667,"S"
2602,"2fy5A","CONTROL",10,604,7,1.15894039735099,"S"
2603,"2fzmA","CONTROL",10,724,3,0.414364640883978,"S"
2604,"2g0bA","CONTROL",10,564,1,0.177304964539007,"S"
2605,"2g3nA","CONTROL",10,287,2,0.696864111498258,"S"
2606,"2g9uA","CONTROL",10,399,2,0.50125313283208,"S"
2607,"2gamB","CONTROL",10,312,2,0.641025641025641,"S"
2608,"2gbbD","CONTROL",10,325,0,0,""
2609,"2gd2D","CONTROL",10,448,3,0.669642857142857,"S"
2610,"2gduA","CONTROL",10,459,1,0.217864923747277,"S"
2611,"2gfjB","CONTROL",10,328,1,0.304878048780488,"S"
2612,"2gh4A","CONTROL",10,370,2,0.540540540540541,"S"
2613,"2gkeA","CONTROL",10,415,8,1.92771084337349,"S"
2614,"2gmjB","CONTROL",10,831,8,0.962695547533093,"S"
2615,"2gqtA","CONTROL",10,624,3,0.480769230769231,"S"
2616,"2h1tA","CONTROL",10,219,0,0,""
2617,"2h3qA","CONTROL",10,259,0,0,""
2618,"2h42A","CONTROL",10,450,4,0.888888888888889,"S"
2619,"2h5zB","CONTROL",10,332,4,1.20481927710843,"S"
2620,"2h6tA","CONTROL",10,435,0,0,""
2621,"2h8gA","CONTROL",10,292,4,1.36986301369863,"S"
2622,"2hbmA","CONTROL",10,302,3,0.993377483443709,"S"
2623,"2hbuA","CONTROL",10,388,1,0.257731958762887,"S"
2624,"2hd0B","CONTROL",10,194,1,0.515463917525773,"S"
2625,"2hfkB","CONTROL",10,357,1,0.280112044817927,"S"
2626,"2hgxA","CONTROL",10,371,2,0.539083557951482,"S"
2627,"2hmaA","CONTROL",10,467,2,0.428265524625268,"S"
2628,"2hnuA","CONTROL",10,251,6,2.39043824701195,"S"
2629,"2hu7B","CONTROL",10,329,1,0.303951367781155,"S"
2630,"2hxuA","CONTROL",10,391,2,0.51150895140665,"S"
2631,"2i4gA","CONTROL",10,356,3,0.842696629213483,"S"
2632,"2i54C","CONTROL",10,308,2,0.649350649350649,"S"
2633,"2i9uB","CONTROL",10,373,4,1.07238605898123,"S"
2634,"2ichA","CONTROL",10,357,0,0,""
2635,"2igqA","CONTROL",10,387,6,1.55038759689922,"S"
2636,"2imlD","CONTROL",10,397,0,0,""
2637,"2iuwA","CONTROL",10,349,2,0.573065902578797,"S"
2638,"2ix9A","CONTROL",10,261,2,0.766283524904215,"S"
2639,"2ixcA","CONTROL",10,369,1,0.2710027100271,"S"
2640,"2iyoA","CONTROL",10,314,4,1.27388535031847,"S"
2641,"2j1vA","CONTROL",10,160,0,0,""
2642,"2j5sA","CONTROL",10,336,2,0.595238095238095,"S"
2643,"2j61A","CONTROL",10,289,3,1.03806228373702,"S"
2644,"2j66A","CONTROL",10,347,0,0,""
2645,"2j7qA","CONTROL",10,209,2,0.956937799043062,"S"
2646,"2j83A","CONTROL",10,372,2,0.53763440860215,"S"
2647,"2j9pB","CONTROL",10,315,1,0.317460317460317,"S"
2648,"2jf4A","CONTROL",10,522,0,0,""
2649,"2jgrA","CONTROL",10,203,0,0,""
2650,"2jigA","CONTROL",10,388,2,0.515463917525773,"S"
2651,"2jihB","CONTROL",10,333,5,1.5015015015015,"S"
2652,"2jjqA","CONTROL",10,379,3,0.79155672823219,"S"
2653,"2jk0G","CONTROL",10,223,2,0.896860986547085,"S"
2654,"2jkpA","CONTROL",10,366,2,0.546448087431694,"S"
2655,"2m0vA","CONTROL",10,310,1,0.32258064516129,"S"
2656,"2mnzA","CONTROL",10,277,2,0.72202166064982,"S"
2657,"2mtzA","CONTROL",10,253,1,0.395256916996047,"S"
2658,"2nr4A","CONTROL",10,418,0,0,""
2659,"2nspB","CONTROL",10,414,1,0.241545893719807,"S"
2660,"2nv4A","CONTROL",10,339,1,0.294985250737463,"S"
2661,"2nv9B","CONTROL",10,380,1,0.263157894736842,"S"
2662,"2nx5P","CONTROL",10,714,3,0.420168067226891,"S"
2663,"2o0vA","CONTROL",10,453,1,0.22075055187638,"S"
2664,"2o0zA","CONTROL",10,472,3,0.635593220338983,"S"
2665,"2o12A","CONTROL",10,394,3,0.761421319796954,"S"
2666,"2o1oB","CONTROL",10,361,3,0.831024930747922,"S"
2667,"2o1xA","CONTROL",10,517,3,0.58027079303675,"S"
2668,"2o1xC","CONTROL",10,482,3,0.622406639004149,"S"
2669,"2o2dC","CONTROL",10,291,0,0,""
2670,"2o74B","CONTROL",10,346,3,0.867052023121387,"S"
2671,"2o7bG","CONTROL",10,252,0,0,""
2672,"2o7iA","CONTROL",10,454,4,0.881057268722467,"S"
2673,"2o7pB","CONTROL",10,495,0,0,""
2674,"2o7vA","CONTROL",10,320,2,0.625,"S"
2675,"2o8jB","CONTROL",10,403,5,1.24069478908189,"S"
2676,"2oa6D","CONTROL",10,322,1,0.31055900621118,"S"
2677,"2og7A","CONTROL",10,328,0,0,""
2678,"2ogzA","CONTROL",10,408,1,0.245098039215686,"S"
2679,"2ojuB","CONTROL",10,340,2,0.588235294117647,"S"
2680,"2okcA","CONTROL",10,490,3,0.612244897959184,"S"
2681,"2opzA","CONTROL",10,254,1,0.393700787401575,"S"
2682,"2os3A","CONTROL",10,420,3,0.714285714285714,"S"
2683,"2otcA","CONTROL",10,382,4,1.04712041884817,"S"
2684,"2ou2A","CONTROL",10,458,2,0.436681222707424,"S"
2685,"2ou3A","CONTROL",10,273,1,0.366300366300366,"S"
2686,"2owxA","CONTROL",10,212,1,0.471698113207547,"S"
2687,"2p0rB","CONTROL",10,329,3,0.911854103343465,"S"
2688,"2p0wA","CONTROL",10,430,2,0.465116279069767,"S"
2689,"2p18A","CONTROL",10,244,3,1.22950819672131,"S"
2690,"2p34D","CONTROL",10,233,0,0,""
2691,"2p3dB","CONTROL",10,247,0,0,""
2692,"2p3vD","CONTROL",10,219,0,0,""
2693,"2p6eC","CONTROL",10,712,2,0.280898876404494,"S"
2694,"2pcuA","CONTROL",10,339,1,0.294985250737463,"S"
2695,"2pfrA","CONTROL",10,426,4,0.938967136150235,"S"
2696,"2pgzA","CONTROL",10,192,2,1.04166666666667,"S"
2697,"2phlA","CONTROL",10,162,1,0.617283950617284,"S"
2698,"2pi8C","CONTROL",10,626,0,0,""
2699,"2pk4A","CONTROL",10,211,2,0.947867298578199,"S"
2700,"2plmA","CONTROL",10,488,3,0.614754098360656,"S"
2701,"2poyB","CONTROL",10,363,3,0.826446280991736,"S"
2702,"2pp3B","CONTROL",10,398,1,0.251256281407035,"S"
2703,"2preA","CONTROL",10,297,3,1.01010101010101,"S"
2704,"2ps8B","CONTROL",10,328,3,0.914634146341463,"S"
2705,"2puwB","CONTROL",10,279,3,1.0752688172043,"S"
2706,"2puzB","CONTROL",10,321,0,0,""
2707,"2pv3A","CONTROL",10,310,1,0.32258064516129,"S"
2708,"2pyhB","CONTROL",10,330,1,0.303030303030303,"S"
2709,"2q09A","CONTROL",10,357,0,0,""
2710,"2q0jA","CONTROL",10,321,2,0.623052959501558,"S"
2711,"2q1aA","CONTROL",10,291,1,0.343642611683849,"S"
2712,"2q37A","CONTROL",10,285,1,0.350877192982456,"S"
2713,"2q5yA","CONTROL",10,352,0,0,""
2714,"2q6gB","CONTROL",10,442,6,1.35746606334842,"S"
2715,"2q7bA","CONTROL",10,326,1,0.306748466257669,"S"
2716,"2qa1A","CONTROL",10,666,6,0.900900900900901,"S"
2717,"2qa2A","CONTROL",10,653,4,0.612557427258805,"S"
2718,"2qbwA","CONTROL",10,502,0,0,""
2719,"2qbxA","CONTROL",10,442,7,1.58371040723982,"S"
2720,"2qdsA","CONTROL",10,316,1,0.316455696202532,"S"
2721,"2qeoB","CONTROL",10,346,7,2.02312138728324,"S"
2722,"2qguA","CONTROL",10,566,0,0,""
2723,"2qiaA","CONTROL",10,322,2,0.62111801242236,"S"
2724,"2qicA","CONTROL",10,274,4,1.45985401459854,"S"
2725,"2qikA","CONTROL",10,342,1,0.292397660818713,"S"
2726,"2qjnA","CONTROL",10,313,1,0.319488817891374,"S"
2727,"2qm2B","CONTROL",10,156,0,0,""
2728,"2qmcB","CONTROL",10,292,2,0.684931506849315,"S"
2729,"2qmxB","CONTROL",10,172,0,0,""
2730,"2qo3A","CONTROL",10,265,2,0.754716981132076,"S"
2731,"2qqoA","CONTROL",10,239,0,0,""
2732,"2qs8B","CONTROL",10,358,0,0,""
2733,"2qt5A","CONTROL",10,268,0,0,""
2734,"2qtlA","CONTROL",10,488,5,1.02459016393443,"S"
2735,"2qxfA","CONTROL",10,285,0,0,""
2736,"2qyqA","CONTROL",10,340,0,0,""
2737,"2qzxA","CONTROL",10,476,0,0,""
2738,"2r05A","CONTROL",10,420,1,0.238095238095238,"S"
2739,"2r2iA","CONTROL",10,403,3,0.744416873449132,"S"
2740,"2r4pA","CONTROL",10,468,0,0,""
2741,"2r58A","CONTROL",10,205,2,0.975609756097561,"S"
2742,"2r5vA","CONTROL",10,363,2,0.550964187327824,"S"
2743,"2r6sA","CONTROL",10,272,3,1.10294117647059,"S"
2744,"2r8qB","CONTROL",10,331,2,0.604229607250755,"S"
2745,"2r9eA","CONTROL",10,522,1,0.191570881226054,"S"
2746,"2rc4A","CONTROL",10,505,3,0.594059405940594,"S"
2747,"2rcuB","CONTROL",10,556,4,0.719424460431655,"S"
2748,"2rdbB","CONTROL",10,279,2,0.716845878136201,"S"
2749,"2rdeB","CONTROL",10,386,2,0.518134715025907,"S"
2750,"2rdqA","CONTROL",10,347,1,0.288184438040346,"S"
2751,"2rfyA","CONTROL",10,415,3,0.72289156626506,"S"
2752,"2rghA","CONTROL",10,733,0,0,""
2753,"2rgoA","CONTROL",10,739,4,0.54127198917456,"S"
2754,"2rjpB","CONTROL",10,509,4,0.785854616895874,"S"
2755,"2rkgA","CONTROL",10,219,1,0.45662100456621,"S"
2756,"2rl1A","CONTROL",10,506,2,0.395256916996047,"S"
2757,"2rmcE","CONTROL",10,342,2,0.584795321637427,"S"
2758,"2shpB","CONTROL",10,382,2,0.523560209424084,"S"
2759,"2uvfA","CONTROL",10,373,2,0.536193029490617,"S"
2760,"2uzfA","CONTROL",10,345,2,0.579710144927536,"S"
2761,"2uzjA","CONTROL",10,364,2,0.54945054945055,"S"
2762,"2v0gC","CONTROL",10,305,2,0.655737704918033,"S"
2763,"2v10B","CONTROL",10,578,2,0.346020761245675,"S"
2764,"2v4vA","CONTROL",10,200,1,0.5,"S"
2765,"2v64C","CONTROL",10,478,0,0,""
2766,"2v74A","CONTROL",10,480,6,1.25,"S"
2767,"2v89B","CONTROL",10,343,2,0.583090379008746,"S"
2768,"2v8kA","CONTROL",10,374,0,0,""
2769,"2v9gC","CONTROL",10,260,1,0.384615384615385,"S"
2770,"2vaxK","CONTROL",10,404,5,1.23762376237624,"S"
2771,"2vcdA","CONTROL",10,344,0,0,""
2772,"2vf5A","CONTROL",10,336,3,0.892857142857143,"S"
2773,"2vfcA","CONTROL",10,535,4,0.747663551401869,"S"
2774,"2vfrA","CONTROL",10,743,0,0,""
2775,"2vkhC","CONTROL",10,460,1,0.217391304347826,"S"
2776,"2vl4A","CONTROL",10,348,1,0.28735632183908,"S"
2777,"2vnfC","CONTROL",10,284,6,2.11267605633803,"S"
2778,"2vngA","CONTROL",10,270,0,0,""
2779,"2vr3A","CONTROL",10,621,2,0.322061191626409,"S"
2780,"2vraA","CONTROL",10,172,1,0.581395348837209,"S"
2781,"2vrqB","CONTROL",10,446,4,0.896860986547085,"S"
2782,"2vssB","CONTROL",10,350,3,0.857142857142857,"S"
2783,"2vu9A","CONTROL",10,293,1,0.341296928327645,"S"
2784,"2vurB","CONTROL",10,368,2,0.543478260869565,"S"
2785,"2vvlH","CONTROL",10,817,8,0.979192166462668,"S"
2786,"2vxjE","CONTROL",10,197,1,0.50761421319797,"S"
2787,"2vy0B","CONTROL",10,314,2,0.636942675159236,"S"
2788,"2vyaB","CONTROL",10,446,4,0.896860986547085,"S"
2789,"2vytA","CONTROL",10,194,1,0.515463917525773,"S"
2790,"2vzsB","CONTROL",10,344,4,1.16279069767442,"S"
2791,"2vzzA","CONTROL",10,485,2,0.412371134020619,"S"
2792,"2w2iC","CONTROL",10,368,1,0.271739130434783,"S"
2793,"2w39A","CONTROL",10,331,0,0,""
2794,"2w3yB","CONTROL",10,465,2,0.43010752688172,"S"
2795,"2w47A","CONTROL",10,212,0,0,""
2796,"2w48A","CONTROL",10,265,2,0.754716981132076,"S"
2797,"2w55E","CONTROL",10,650,7,1.07692307692308,"S"
2798,"2w90A","CONTROL",10,281,5,1.77935943060498,"S"
2799,"2wabA","CONTROL",10,339,2,0.589970501474926,"S"
2800,"2walA","CONTROL",10,257,1,0.389105058365759,"S"
2801,"2wbqA","CONTROL",10,352,0,0,""
2802,"2wcoA","CONTROL",10,395,0,0,""
2803,"2wcuA","CONTROL",10,234,1,0.427350427350427,"S"
2804,"2wcvB","CONTROL",10,242,2,0.826446280991736,"S"
2805,"2wdwB","CONTROL",10,683,4,0.585651537335286,"S"
2806,"2weuB","CONTROL",10,388,2,0.515463917525773,"S"
2807,"2wfjA","CONTROL",10,361,2,0.554016620498615,"S"
2808,"2witC","CONTROL",10,312,0,0,""
2809,"2wl9B","CONTROL",10,340,1,0.294117647058824,"S"
2810,"2wmgA","CONTROL",10,464,4,0.862068965517241,"S"
2811,"2wnuF","CONTROL",10,190,0,0,""
2812,"2wpxA","CONTROL",10,416,1,0.240384615384615,"S"
2813,"2wr8A","CONTROL",10,261,1,0.383141762452107,"S"
2814,"2wv4A","CONTROL",10,437,4,0.91533180778032,"S"
2815,"2wvtA","CONTROL",10,335,2,0.597014925373134,"S"
2816,"2ww0H","CONTROL",10,324,2,0.617283950617284,"S"
2817,"2ww2B","CONTROL",10,287,2,0.696864111498258,"S"
2818,"2wzgA","CONTROL",10,469,2,0.426439232409382,"S"
2819,"2x1eA","CONTROL",10,280,0,0,""
2820,"2x1nD","CONTROL",10,243,2,0.823045267489712,"S"
2821,"2x34B","CONTROL",10,861,0,0,""
2822,"2x4yI","CONTROL",10,419,4,0.954653937947494,"S"
2823,"2x5iA","CONTROL",10,422,4,0.947867298578199,"S"
2824,"2x6yA","CONTROL",10,673,4,0.594353640416048,"S"
2825,"2x7kA","CONTROL",10,348,2,0.574712643678161,"S"
2826,"2x8tB","CONTROL",10,275,1,0.363636363636364,"S"
2827,"2xe4A","CONTROL",10,558,3,0.53763440860215,"S"
2828,"2xfyA","CONTROL",10,389,4,1.02827763496144,"S"
2829,"2xhkB","CONTROL",10,303,0,0,""
2830,"2xlcF","CONTROL",10,281,0,0,""
2831,"2xm1A","CONTROL",10,363,2,0.550964187327824,"S"
2832,"2xm7A","CONTROL",10,368,6,1.6304347826087,"S"
2833,"2xn1A","CONTROL",10,287,2,0.696864111498258,"S"
2834,"2xonA","CONTROL",10,225,0,0,""
2835,"2xq0A","CONTROL",10,432,2,0.462962962962963,"S"
2836,"2xryA","CONTROL",10,636,3,0.471698113207547,"S"
2837,"2xt9A","CONTROL",10,360,3,0.833333333333333,"S"
2838,"2xu4A","CONTROL",10,342,5,1.46198830409357,"S"
2839,"2xvkA","CONTROL",10,351,0,0,""
2840,"2y08B","CONTROL",10,664,5,0.753012048192771,"S"
2841,"2y0mA","CONTROL",10,498,0,0,""
2842,"2y1fB","CONTROL",10,489,2,0.408997955010225,"S"
2843,"2y2lA","CONTROL",10,285,2,0.701754385964912,"S"
2844,"2y55C","CONTROL",10,293,3,1.02389078498294,"S"
2845,"2y5yB","CONTROL",10,322,5,1.5527950310559,"S"
2846,"2y6gA","CONTROL",10,287,0,0,""
2847,"2y7hB","CONTROL",10,521,1,0.191938579654511,"S"
2848,"2y7lA","CONTROL",10,470,0,0,""
2849,"2y9xA","CONTROL",10,266,3,1.12781954887218,"S"
2850,"2yb0D","CONTROL",10,361,3,0.831024930747922,"S"
2851,"2yb9A","CONTROL",10,482,3,0.622406639004149,"S"
2852,"2yd8A","CONTROL",10,142,0,0,""
2853,"2yepC","CONTROL",10,166,2,1.20481927710843,"S"
2854,"2yfoA","CONTROL",10,346,2,0.578034682080925,"S"
2855,"2yftA","CONTROL",10,420,1,0.238095238095238,"S"
2856,"2yhgA","CONTROL",10,386,1,0.259067357512953,"S"
2857,"2ylzA","CONTROL",10,719,2,0.278164116828929,"S"
2858,"2ynbB","CONTROL",10,488,7,1.4344262295082,"S"
2859,"2yoeC","CONTROL",10,296,0,0,""
2860,"2yr4B","CONTROL",10,760,2,0.263157894736842,"S"
2861,"2ytzB","CONTROL",10,425,3,0.705882352941177,"S"
2862,"2yvwA","CONTROL",10,546,2,0.366300366300366,"S"
2863,"2yx1B","CONTROL",10,416,0,0,""
2864,"2yyiA","CONTROL",10,443,3,0.677200902934537,"S"
2865,"2yzoB","CONTROL",10,319,1,0.313479623824451,"S"
2866,"2z23A","CONTROL",10,596,4,0.671140939597315,"S"
2867,"2z4eF","CONTROL",10,354,3,0.847457627118644,"S"
2868,"2z52A","CONTROL",10,463,1,0.215982721382289,"S"
2869,"2z5sA","CONTROL",10,306,4,1.30718954248366,"S"
2870,"2z6vA","CONTROL",10,415,6,1.44578313253012,"S"
2871,"2z70B","CONTROL",10,500,6,1.2,"S"
2872,"2z71B","CONTROL",10,295,2,0.677966101694915,"S"
2873,"2zblB","CONTROL",10,358,1,0.279329608938547,"S"
2874,"2zecC","CONTROL",10,315,6,1.9047619047619,"S"
2875,"2zfnA","CONTROL",10,476,1,0.210084033613445,"S"
2876,"2zi8B","CONTROL",10,387,5,1.29198966408269,"S"
2877,"2zicA","CONTROL",10,327,1,0.305810397553517,"S"
2878,"2zifB","CONTROL",10,397,0,0,""
2879,"2zj3A","CONTROL",10,340,2,0.588235294117647,"S"
2880,"2zjdC","CONTROL",10,378,1,0.264550264550265,"S"
2881,"2zjfA","CONTROL",10,403,1,0.248138957816377,"S"
2882,"2zjlA","CONTROL",10,426,1,0.234741784037559,"S"
2883,"2zl4G","CONTROL",10,278,3,1.07913669064748,"S"
2884,"2zmlD","CONTROL",10,266,0,0,""
2885,"2zneB","CONTROL",10,380,2,0.526315789473684,"S"
2886,"2zofB","CONTROL",10,415,0,0,""
2887,"2zokE","CONTROL",10,695,4,0.575539568345324,"S"
2888,"2zpaB","CONTROL",10,444,2,0.45045045045045,"S"
2889,"2zpyA","CONTROL",10,317,3,0.946372239747634,"S"
2890,"2zsiA","CONTROL",10,433,1,0.23094688221709,"S"
2891,"2zu2A","CONTROL",10,191,2,1.04712041884817,"S"
2892,"2zuwB","CONTROL",10,311,1,0.321543408360129,"S"
2893,"2zvwD","CONTROL",10,343,2,0.583090379008746,"S"
2894,"2zw5B","CONTROL",10,455,3,0.659340659340659,"S"
2895,"2zw9B","CONTROL",10,488,4,0.819672131147541,"S"
2896,"2zxdB","CONTROL",10,368,1,0.271739130434783,"S"
2897,"2zyaA","CONTROL",10,295,4,1.35593220338983,"S"
2898,"2zyiB","CONTROL",10,530,6,1.13207547169811,"S"
2899,"2zzgA","CONTROL",10,505,4,0.792079207920792,"S"
2900,"2zznA","CONTROL",10,474,1,0.210970464135021,"S"
2901,"3a06B","CONTROL",10,526,3,0.570342205323194,"S"
2902,"3a1iA","CONTROL",10,339,3,0.884955752212389,"S"
2903,"3a35A","CONTROL",10,300,1,0.333333333333333,"S"
2904,"3a3iB","CONTROL",10,326,2,0.613496932515337,"S"
2905,"3a4aA","CONTROL",10,371,1,0.269541778975741,"S"
2906,"3a6jE","CONTROL",10,336,1,0.297619047619048,"S"
2907,"3a75D","CONTROL",10,235,1,0.425531914893617,"S"
2908,"3a8iA","CONTROL",10,489,5,1.02249488752556,"S"
2909,"3ac0C","CONTROL",10,377,2,0.530503978779841,"S"
2910,"3afjA","CONTROL",10,280,2,0.714285714285714,"S"
2911,"3aflA","CONTROL",10,463,1,0.215982721382289,"S"
2912,"3ageA","CONTROL",10,314,2,0.636942675159236,"S"
2913,"3agoA","CONTROL",10,299,0,0,""
2914,"3ah1B","CONTROL",10,192,1,0.520833333333333,"S"
2915,"3ahrA","CONTROL",10,575,3,0.521739130434783,"S"
2916,"3ahyA","CONTROL",10,327,1,0.305810397553517,"S"
2917,"3aiqA","CONTROL",10,357,2,0.560224089635854,"S"
2918,"3al6B","CONTROL",10,373,1,0.268096514745308,"S"
2919,"3aluD","CONTROL",10,202,0,0,""
2920,"3amqD","CONTROL",10,409,2,0.488997555012225,"S"
2921,"3ankA","CONTROL",10,404,2,0.495049504950495,"S"
2922,"3au8A","CONTROL",10,475,3,0.631578947368421,"S"
2923,"3awiB","CONTROL",10,725,7,0.96551724137931,"S"
2924,"3axtA","CONTROL",10,428,3,0.700934579439252,"S"
2925,"3b00D","CONTROL",10,380,2,0.526315789473684,"S"
2926,"3b07B","CONTROL",10,208,0,0,""
2927,"3b3wA","CONTROL",10,306,4,1.30718954248366,"S"
2928,"3b5iA","CONTROL",10,368,1,0.271739130434783,"S"
2929,"3b7qA","CONTROL",10,788,6,0.761421319796954,"S"
2930,"3b8yB","CONTROL",10,319,2,0.626959247648903,"S"
2931,"3b9aA","CONTROL",10,751,2,0.266311584553928,"S"
2932,"3b9oA","CONTROL",10,444,3,0.675675675675676,"S"
2933,"3bbhA","CONTROL",10,353,4,1.13314447592068,"S"
2934,"3be7G","CONTROL",10,388,4,1.03092783505155,"S"
2935,"3bg3B","CONTROL",10,351,1,0.284900284900285,"S"
2936,"3bk2A","CONTROL",10,416,0,0,""
2937,"3bksA","CONTROL",10,392,0,0,""
2938,"3bkvA","CONTROL",10,428,0,0,""
2939,"3blqB","CONTROL",10,204,0,0,""
2940,"3bo5A","CONTROL",10,424,4,0.943396226415094,"S"
2941,"3bo7B","CONTROL",10,333,3,0.900900900900901,"S"
2942,"3bpfC","CONTROL",10,307,3,0.977198697068404,"S"
2943,"3bpmA","CONTROL",10,309,3,0.970873786407767,"S"
2944,"3breB","CONTROL",10,187,2,1.06951871657754,"S"
2945,"3bsfB","CONTROL",10,285,4,1.40350877192982,"S"
2946,"3bu0A","CONTROL",10,357,2,0.560224089635854,"S"
2947,"3buaD","CONTROL",10,457,5,1.09409190371991,"S"
2948,"3bxdA","CONTROL",10,359,1,0.278551532033426,"S"
2949,"3bxhB","CONTROL",10,380,2,0.526315789473684,"S"
2950,"3c0oA","CONTROL",10,220,1,0.454545454545455,"S"
2951,"3c0zB","CONTROL",10,298,2,0.671140939597315,"S"
2952,"3c1hA","CONTROL",10,521,5,0.959692898272553,"S"
2953,"3c2rB","CONTROL",10,242,4,1.65289256198347,"S"
2954,"3c2uB","CONTROL",10,407,2,0.491400491400491,"S"
2955,"3c49A","CONTROL",10,424,3,0.707547169811321,"S"
2956,"3c7fA","CONTROL",10,282,1,0.354609929078014,"S"
2957,"3c8wB","CONTROL",10,189,0,0,""
2958,"3cdgA","CONTROL",10,724,4,0.552486187845304,"S"
2959,"3ckbB","CONTROL",10,270,2,0.740740740740741,"S"
2960,"3claA","CONTROL",10,279,0,0,""
2961,"3cnvC","CONTROL",10,284,0,0,""
2962,"3co8A","CONTROL",10,332,0,0,""
2963,"3cpaA","CONTROL",10,385,0,0,""
2964,"3ct5A","CONTROL",10,307,1,0.325732899022801,"S"
2965,"3cvuC","CONTROL",10,669,2,0.298953662182362,"S"
2966,"3czkA","CONTROL",10,449,3,0.66815144766147,"S"
2967,"3d1rA","CONTROL",10,345,3,0.869565217391304,"S"
2968,"3d2sH","CONTROL",10,194,3,1.54639175257732,"S"
2969,"3d2zA","CONTROL",10,276,0,0,""
2970,"3d3hA","CONTROL",10,410,0,0,""
2971,"3d3xA","CONTROL",10,390,1,0.256410256410256,"S"
2972,"3d44A","CONTROL",10,310,4,1.29032258064516,"S"
2973,"3d46D","CONTROL",10,364,2,0.54945054945055,"S"
2974,"3d6nA","CONTROL",10,340,2,0.588235294117647,"S"
2975,"3d75A","CONTROL",10,355,5,1.40845070422535,"S"
2976,"3dddA","CONTROL",10,365,1,0.273972602739726,"S"
2977,"3dktC","CONTROL",10,424,1,0.235849056603774,"S"
2978,"3dmfA","CONTROL",10,509,0,0,""
2979,"3doiB","CONTROL",10,270,3,1.11111111111111,"S"
2980,"3dowA","CONTROL",10,376,1,0.265957446808511,"S"
2981,"3dr8B","CONTROL",10,428,0,0,""
2982,"3e0mB","CONTROL",10,304,3,0.986842105263158,"S"
2983,"3e4pA","CONTROL",10,261,1,0.383141762452107,"S"
2984,"3e4vA","CONTROL",10,386,1,0.259067357512953,"S"
2985,"3e6bB","CONTROL",10,259,1,0.386100386100386,"S"
2986,"3e78A","CONTROL",10,428,0,0,""
2987,"3e7jB","CONTROL",10,477,0,0,""
2988,"3e9sA","CONTROL",10,250,2,0.8,"S"
2989,"3eb9A","CONTROL",10,322,1,0.31055900621118,"S"
2990,"3ebhA","CONTROL",10,450,3,0.666666666666667,"S"
2991,"3ecnB","CONTROL",10,338,4,1.18343195266272,"S"
2992,"3edjA","CONTROL",10,485,4,0.824742268041237,"S"
2993,"3ekgB","CONTROL",10,331,1,0.302114803625378,"S"
2994,"3ekmA","CONTROL",10,410,10,2.4390243902439,"S"
2995,"3emwA","CONTROL",10,205,1,0.48780487804878,"S"
2996,"3emyA","CONTROL",10,410,0,0,""
2997,"3engA","CONTROL",10,265,2,0.754716981132076,"S"
2998,"3envA","CONTROL",10,231,2,0.865800865800866,"S"
2999,"3eonC","CONTROL",10,317,2,0.630914826498423,"S"
3000,"3eovB","CONTROL",10,348,2,0.574712643678161,"S"
3001,"3ephA","CONTROL",10,284,2,0.704225352112676,"S"
3002,"3eq9A","CONTROL",10,460,4,0.869565217391304,"S"
3003,"3eryB","CONTROL",10,590,3,0.508474576271186,"S"
3004,"3es7A","CONTROL",10,355,0,0,""
3005,"3etrE","CONTROL",10,598,2,0.334448160535117,"S"
3006,"3euvB","CONTROL",10,500,6,1.2,"S"
3007,"3exhC","CONTROL",10,335,5,1.49253731343284,"S"
3008,"3exhE","CONTROL",10,245,3,1.22448979591837,"S"
3009,"3f70A","CONTROL",10,224,2,0.892857142857143,"S"
3010,"3f7tA","CONTROL",10,321,3,0.934579439252336,"S"
3011,"3f9cB","CONTROL",10,291,0,0,""
3012,"3fbuA","CONTROL",10,436,4,0.91743119266055,"S"
3013,"3fg4B","CONTROL",10,281,2,0.711743772241993,"S"
3014,"3fhvA","CONTROL",10,169,1,0.591715976331361,"S"
3015,"3fmqA","CONTROL",10,410,1,0.24390243902439,"S"
3016,"3fmwA","CONTROL",10,658,1,0.151975683890578,"S"
3017,"3fnuA","CONTROL",10,455,4,0.879120879120879,"S"
3018,"3fr8B","CONTROL",10,579,4,0.690846286701209,"S"
3019,"3fssA","CONTROL",10,215,0,0,""
3020,"3fv3G","CONTROL",10,488,0,0,""
3021,"3fvlB","CONTROL",10,387,0,0,""
3022,"3fxlA","CONTROL",10,225,2,0.888888888888889,"S"
3023,"3fxrA","CONTROL",10,216,1,0.462962962962963,"S"
3024,"3fz5A","CONTROL",10,278,0,0,""
3025,"3g3uB","CONTROL",10,268,0,0,""
3026,"3g5kA","CONTROL",10,449,7,1.55902004454343,"S"
3027,"3g68B","CONTROL",10,238,1,0.420168067226891,"S"
3028,"3g6nA","CONTROL",10,310,2,0.645161290322581,"S"
3029,"3gd9A","CONTROL",10,415,2,0.481927710843373,"S"
3030,"3gf3A","CONTROL",10,358,2,0.558659217877095,"S"
3031,"3gguB","CONTROL",10,215,1,0.465116279069767,"S"
3032,"3gh5A","CONTROL",10,379,2,0.527704485488127,"S"
3033,"3ghgE","CONTROL",10,338,4,1.18343195266272,"S"
3034,"3gjbB","CONTROL",10,295,0,0,""
3035,"3gm5A","CONTROL",10,386,2,0.518134715025907,"S"
3036,"3gmvA","CONTROL",10,146,0,0,""
3037,"3goyA","CONTROL",10,253,0,0,""
3038,"3gyhA","CONTROL",10,217,1,0.460829493087558,"S"
3039,"3gyqB","CONTROL",10,321,1,0.311526479750779,"S"
3040,"3h0mJ","CONTROL",10,372,2,0.53763440860215,"S"
3041,"3h3lB","CONTROL",10,252,1,0.396825396825397,"S"
3042,"3h5zA","CONTROL",10,647,3,0.463678516228748,"S"
3043,"3h62A","CONTROL",10,301,4,1.32890365448505,"S"
3044,"3h7jB","CONTROL",10,353,7,1.98300283286119,"S"
3045,"3h8gC","CONTROL",10,393,3,0.763358778625954,"S"
3046,"3h9kD","CONTROL",10,314,2,0.636942675159236,"S"
3047,"3hhiB","CONTROL",10,419,5,1.19331742243437,"S"
3048,"3hhwC","CONTROL",10,163,0,0,""
3049,"3hi0B","CONTROL",10,225,0,0,""
3050,"3hk9E","CONTROL",10,337,1,0.29673590504451,"S"
3051,"3hklB","CONTROL",10,163,2,1.22699386503067,"S"
3052,"3hkvA","CONTROL",10,305,1,0.327868852459016,"S"
3053,"3hmzA","CONTROL",10,405,2,0.493827160493827,"S"
3054,"3hpyB","CONTROL",10,317,1,0.315457413249211,"S"
3055,"3hrdC","CONTROL",10,605,2,0.330578512396694,"S"
3056,"3ht5A","CONTROL",10,359,3,0.835654596100279,"S"
3057,"3htxD","CONTROL",10,387,3,0.775193798449612,"S"
3058,"3hw4D","CONTROL",10,389,3,0.77120822622108,"S"
3059,"3hwkE","CONTROL",10,265,0,0,""
3060,"3hwoB","CONTROL",10,412,1,0.242718446601942,"S"
3061,"3hxfB","CONTROL",10,524,7,1.33587786259542,"S"
3062,"3i0uA","CONTROL",10,179,2,1.11731843575419,"S"
3063,"3i3aB","CONTROL",10,260,2,0.769230769230769,"S"
3064,"3i3lA","CONTROL",10,730,2,0.273972602739726,"S"
3065,"3i45A","CONTROL",10,331,1,0.302114803625378,"S"
3066,"3i53A","CONTROL",10,436,2,0.458715596330275,"S"
3067,"3i5aA","CONTROL",10,206,2,0.970873786407767,"S"
3068,"3i6mA","CONTROL",10,491,3,0.610997963340122,"S"
3069,"3i99A","CONTROL",10,696,1,0.14367816091954,"S"
3070,"3ie1B","CONTROL",10,713,4,0.561009817671809,"S"
3071,"3ihzA","CONTROL",10,325,1,0.307692307692308,"S"
3072,"3ikbB","CONTROL",10,314,0,0,""
3073,"3ilfA","CONTROL",10,415,0,0,""
3074,"3ioqA","CONTROL",10,318,3,0.943396226415094,"S"
3075,"3it3A","CONTROL",10,369,1,0.2710027100271,"S"
3076,"3it6A","CONTROL",10,136,1,0.735294117647059,"S"
3077,"3it7B","CONTROL",10,248,0,0,""
3078,"3itcA","CONTROL",10,311,0,0,""
3079,"3iuqA","CONTROL",10,282,1,0.354609929078014,"S"
3080,"3iylR","CONTROL",10,310,3,0.967741935483871,"S"
3081,"3jbeA","CONTROL",10,479,3,0.626304801670146,"S"
3082,"3jtkB","CONTROL",10,679,2,0.294550810014728,"S"
3083,"3jucA","CONTROL",10,319,1,0.313479623824451,"S"
3084,"3jyjA","CONTROL",10,324,3,0.925925925925926,"S"
3085,"3k3oA","CONTROL",10,344,1,0.290697674418605,"S"
3086,"3k4dB","CONTROL",10,376,1,0.265957446808511,"S"
3087,"3k6lA","CONTROL",10,354,3,0.847457627118644,"S"
3088,"3k7vB","CONTROL",10,371,4,1.07816711590296,"S"
3089,"3k87B","CONTROL",10,391,3,0.767263427109974,"S"
3090,"3k8gB","CONTROL",10,286,3,1.04895104895105,"S"
3091,"3kb4C","CONTROL",10,526,1,0.190114068441065,"S"
3092,"3kdzB","CONTROL",10,295,1,0.338983050847458,"S"
3093,"3kgyA","CONTROL",10,466,0,0,""
3094,"3khsD","CONTROL",10,223,2,0.896860986547085,"S"
3095,"3ki6A","CONTROL",10,340,1,0.294117647058824,"S"
3096,"3kjrB","CONTROL",10,495,0,0,""
3097,"3kqiA","CONTROL",10,321,3,0.934579439252336,"S"
3098,"3kt7A","CONTROL",10,335,0,0,""
3099,"3kvaA","CONTROL",10,365,1,0.273972602739726,"S"
3100,"3kvnB","CONTROL",10,497,1,0.201207243460765,"S"
3101,"3kw0A","CONTROL",10,308,2,0.649350649350649,"S"
3102,"3kw5A","CONTROL",10,239,2,0.836820083682008,"S"
3103,"3kxaD","CONTROL",10,100,2,2,"S"
3104,"3kyqA","CONTROL",10,357,3,0.840336134453782,"S"
3105,"3kz7A","CONTROL",10,316,1,0.316455696202532,"S"
3106,"3l11A","CONTROL",10,175,5,2.85714285714286,"S"
3107,"3l4kA","CONTROL",10,226,0,0,""
3108,"3l4lA","CONTROL",10,314,4,1.27388535031847,"S"
3109,"3l95C","CONTROL",10,195,1,0.512820512820513,"S"
3110,"3la7A","CONTROL",10,384,3,0.78125,"S"
3111,"3lbaA","CONTROL",10,276,1,0.36231884057971,"S"
3112,"3ld4A","CONTROL",10,235,1,0.425531914893617,"S"
3113,"3ldbA","CONTROL",10,328,0,0,""
3114,"3ldfA","CONTROL",10,436,2,0.458715596330275,"S"
3115,"3ldrA","CONTROL",10,469,2,0.426439232409382,"S"
3116,"3legA","CONTROL",10,184,0,0,""
3117,"3lhlA","CONTROL",10,227,3,1.3215859030837,"S"
3118,"3liaA","CONTROL",10,316,1,0.316455696202532,"S"
3119,"3livA","CONTROL",10,267,1,0.374531835205993,"S"
3120,"3lkbA","CONTROL",10,324,1,0.308641975308642,"S"
3121,"3llrC","CONTROL",10,217,1,0.460829493087558,"S"
3122,"3lm1A","CONTROL",10,201,0,0,""
3123,"3lmkB","CONTROL",10,357,1,0.280112044817927,"S"
3124,"3lqiA","CONTROL",10,384,4,1.04166666666667,"S"
3125,"3lstA","CONTROL",10,378,0,0,""
3126,"3luyA","CONTROL",10,154,0,0,""
3127,"3m34A","CONTROL",10,362,1,0.276243093922652,"S"
3128,"3m4fC","CONTROL",10,250,0,0,""
3129,"3m5cA","CONTROL",10,372,4,1.0752688172043,"S"
3130,"3m5hE","CONTROL",10,282,1,0.354609929078014,"S"
3131,"3m5pA","CONTROL",10,316,0,0,""
3132,"3m6rA","CONTROL",10,389,4,1.02827763496144,"S"
3133,"3m6sC","CONTROL",10,217,4,1.84331797235023,"S"
3134,"3m6vA","CONTROL",10,389,4,1.02827763496144,"S"
3135,"3m8tA","CONTROL",10,253,3,1.18577075098814,"S"
3136,"3maxA","CONTROL",10,445,4,0.898876404494382,"S"
3137,"3meaA","CONTROL",10,326,1,0.306748466257669,"S"
3138,"3mi0C","CONTROL",10,301,0,0,""
3139,"3mjeA","CONTROL",10,547,3,0.548446069469835,"S"
3140,"3mosA","CONTROL",10,373,2,0.536193029490617,"S"
3141,"3mpbB","CONTROL",10,378,3,0.793650793650794,"S"
3142,"3msuA","CONTROL",10,297,4,1.34680134680135,"S"
3143,"3mvyA","CONTROL",10,371,2,0.539083557951482,"S"
3144,"3mwsB","CONTROL",10,228,0,0,""
3145,"3mx6A","CONTROL",10,347,3,0.864553314121037,"S"
3146,"3n0sA","CONTROL",10,454,0,0,""
3147,"3n0tB","CONTROL",10,363,5,1.37741046831956,"S"
3148,"3n10B","CONTROL",10,366,3,0.819672131147541,"S"
3149,"3n2cF","CONTROL",10,370,4,1.08108108108108,"S"
3150,"3nbqD","CONTROL",10,284,4,1.40845070422535,"S"
3151,"3nf4A","CONTROL",10,431,1,0.232018561484919,"S"
3152,"3nfzA","CONTROL",10,391,3,0.767263427109974,"S"
3153,"3nhiA","CONTROL",10,511,3,0.587084148727984,"S"
3154,"3nihA","CONTROL",10,275,5,1.81818181818182,"S"
3155,"3njzA","CONTROL",10,310,1,0.32258064516129,"S"
3156,"3nk7A","CONTROL",10,334,1,0.29940119760479,"S"
3157,"3nnbA","CONTROL",10,281,0,0,""
3158,"3nnlA","CONTROL",10,379,1,0.263852242744063,"S"
3159,"3nsnA","CONTROL",10,434,4,0.921658986175115,"S"
3160,"3nzpB","CONTROL",10,338,0,0,""
3161,"3o14A","CONTROL",10,253,1,0.395256916996047,"S"
3162,"3o3nC","CONTROL",10,582,9,1.54639175257732,"S"
3163,"3o7qA","CONTROL",10,470,2,0.425531914893617,"S"
3164,"3o9mA","CONTROL",10,278,0,0,""
3165,"3o9pA","CONTROL",10,575,0,0,""
3166,"3ob6A","CONTROL",10,365,4,1.0958904109589,"S"
3167,"3obxA","CONTROL",10,293,1,0.341296928327645,"S"
3168,"3obzA","CONTROL",10,359,2,0.557103064066852,"S"
3169,"3ocxA","CONTROL",10,403,1,0.248138957816377,"S"
3170,"3odmE","CONTROL",10,286,6,2.0979020979021,"S"
3171,"3ognB","CONTROL",10,436,6,1.37614678899083,"S"
3172,"3oijB","CONTROL",10,328,4,1.21951219512195,"S"
3173,"3okxB","CONTROL",10,351,2,0.56980056980057,"S"
3174,"3olrD","CONTROL",10,386,4,1.03626943005181,"S"
3175,"3omgA","CONTROL",10,336,2,0.595238095238095,"S"
3176,"3ooiA","CONTROL",10,438,7,1.59817351598174,"S"
3177,"3optA","CONTROL",10,346,1,0.289017341040462,"S"
3178,"3otpD","CONTROL",10,318,2,0.628930817610063,"S"
3179,"3owcB","CONTROL",10,387,1,0.258397932816537,"S"
3180,"3oxoG","CONTROL",10,519,5,0.963391136801541,"S"
3181,"3ozbE","CONTROL",10,267,3,1.12359550561798,"S"
3182,"3ozmF","CONTROL",10,370,0,0,""
3183,"3p0fA","CONTROL",10,313,5,1.59744408945687,"S"
3184,"3p0jA","CONTROL",10,279,5,1.7921146953405,"S"
3185,"3p0wC","CONTROL",10,340,2,0.588235294117647,"S"
3186,"3p0xA","CONTROL",10,368,2,0.543478260869565,"S"
3187,"3p37C","CONTROL",10,432,1,0.231481481481481,"S"
3188,"3p73A","CONTROL",10,508,4,0.78740157480315,"S"
3189,"3p87G","CONTROL",10,359,1,0.278551532033426,"S"
3190,"3p8eA","CONTROL",10,389,4,1.02827763496144,"S"
3191,"3p8hA","CONTROL",10,220,2,0.909090909090909,"S"
3192,"3pb9A","CONTROL",10,277,0,0,""
3193,"3pboA","CONTROL",10,399,0,0,""
3194,"3pcnF","CONTROL",10,274,1,0.364963503649635,"S"
3195,"3pcsB","CONTROL",10,463,4,0.863930885529158,"S"
3196,"3pf7B","CONTROL",10,325,3,0.923076923076923,"S"
3197,"3pfpB","CONTROL",10,407,3,0.737100737100737,"S"
3198,"3pfrC","CONTROL",10,330,0,0,""
3199,"3pg6C","CONTROL",10,230,0,0,""
3200,"3phcD","CONTROL",10,348,5,1.4367816091954,"S"
3201,"3phdB","CONTROL",10,269,2,0.743494423791822,"S"
3202,"3pijB","CONTROL",10,376,4,1.06382978723404,"S"
3203,"3pkdA","CONTROL",10,453,4,0.883002207505519,"S"
3204,"3pkoA","CONTROL",10,286,0,0,""
3205,"3pkxA","CONTROL",10,302,0,0,""
3206,"3pmpB","CONTROL",10,346,2,0.578034682080925,"S"
3207,"3pocA","CONTROL",10,349,2,0.573065902578797,"S"
3208,"3popB","CONTROL",10,695,7,1.00719424460432,"S"
3209,"3pp9C","CONTROL",10,470,2,0.425531914893617,"S"
3210,"3pr3B","CONTROL",10,311,1,0.321543408360129,"S"
3211,"3pt1A","CONTROL",10,366,1,0.273224043715847,"S"
3212,"3pt9A","CONTROL",10,462,4,0.865800865800866,"S"
3213,"3ptkB","CONTROL",10,352,0,0,""
3214,"3pu3B","CONTROL",10,330,3,0.909090909090909,"S"
3215,"3puqB","CONTROL",10,343,0,0,""
3216,"3pvcA","CONTROL",10,730,6,0.821917808219178,"S"
3217,"3pvrA","CONTROL",10,695,6,0.863309352517986,"S"
3218,"3pwvD","CONTROL",10,668,4,0.598802395209581,"S"
3219,"3pxpC","CONTROL",10,474,0,0,""
3220,"3q0gF","CONTROL",10,340,3,0.88235294117647,"S"
3221,"3q34A","CONTROL",10,896,0,0,""
3222,"3q35A","CONTROL",10,486,2,0.411522633744856,"S"
3223,"3q3mE","CONTROL",10,329,0,0,""
3224,"3q4kA","CONTROL",10,360,2,0.555555555555556,"S"
3225,"3q5rA","CONTROL",10,359,2,0.557103064066852,"S"
3226,"3q7jA","CONTROL",10,505,1,0.198019801980198,"S"
3227,"3q9cE","CONTROL",10,361,2,0.554016620498615,"S"
3228,"3qazZ","CONTROL",10,142,2,1.40845070422535,"S"
3229,"3qb8A","CONTROL",10,417,4,0.959232613908873,"S"
3230,"3qd9B","CONTROL",10,664,5,0.753012048192771,"S"
3231,"3qk8C","CONTROL",10,340,1,0.294117647058824,"S"
3232,"3qkjD","CONTROL",10,205,0,0,""
3233,"3qmkA","CONTROL",10,335,2,0.597014925373134,"S"
3234,"3qoxA","CONTROL",10,427,1,0.234192037470726,"S"
3235,"3qq3A","CONTROL",10,685,4,0.583941605839416,"S"
3236,"3qryB","CONTROL",10,350,0,0,""
3237,"3qs1C","CONTROL",10,457,3,0.656455142231947,"S"
3238,"3qw8A","CONTROL",10,491,1,0.203665987780041,"S"
3239,"3qxqC","CONTROL",10,364,0,0,""
3240,"3qxyA","CONTROL",10,432,2,0.462962962962963,"S"
3241,"3qzyA","CONTROL",10,526,6,1.14068441064639,"S"
3242,"3r0qA","CONTROL",10,466,5,1.07296137339056,"S"
3243,"3r52A","CONTROL",10,199,0,0,""
3244,"3r75A","CONTROL",10,340,1,0.294117647058824,"S"
3245,"3r95A","CONTROL",10,449,3,0.66815144766147,"S"
3246,"3r97A","CONTROL",10,344,3,0.872093023255814,"S"
3247,"3r9tB","CONTROL",10,276,2,0.72463768115942,"S"
3248,"3rceA","CONTROL",10,579,3,0.518134715025907,"S"
3249,"3rh7D","CONTROL",10,423,1,0.236406619385343,"S"
3250,"3ribB","CONTROL",10,385,8,2.07792207792208,"S"
3251,"3rpnB","CONTROL",10,417,4,0.959232613908873,"S"
3252,"3rq4A","CONTROL",10,461,9,1.95227765726681,"S"
3253,"3rsjC","CONTROL",10,254,1,0.393700787401575,"S"
3254,"3rt3A","CONTROL",10,191,0,0,""
3255,"3rv8B","CONTROL",10,383,0,0,""
3256,"3rx6A","CONTROL",10,177,0,0,""
3257,"3rybA","CONTROL",10,591,3,0.50761421319797,"S"
3258,"3rywC","CONTROL",10,487,2,0.410677618069815,"S"
3259,"3rznA","CONTROL",10,674,2,0.29673590504451,"S"
3260,"3s1sA","CONTROL",10,460,1,0.217391304347826,"S"
3261,"3s3nA","CONTROL",10,255,0,0,""
3262,"3s6fA","CONTROL",10,337,1,0.29673590504451,"S"
3263,"3s6yC","CONTROL",10,165,0,0,""
3264,"3s99A","CONTROL",10,324,0,0,""
3265,"3s9zA","CONTROL",10,393,3,0.763358778625954,"S"
3266,"3sbcC","CONTROL",10,178,0,0,""
3267,"3sbfD","CONTROL",10,293,1,0.341296928327645,"S"
3268,"3sczB","CONTROL",10,303,1,0.33003300330033,"S"
3269,"3sf6A","CONTROL",10,498,4,0.803212851405622,"S"
3270,"3sieA","CONTROL",10,365,5,1.36986301369863,"S"
3271,"3sl0A","CONTROL",10,289,1,0.346020761245675,"S"
3272,"3sm2B","CONTROL",10,269,1,0.371747211895911,"S"
3273,"3smaA","CONTROL",10,432,4,0.925925925925926,"S"
3274,"3sn4A","CONTROL",10,362,0,0,""
3275,"3so6A","CONTROL",10,395,1,0.253164556962025,"S"
3276,"3souA","CONTROL",10,280,10,3.57142857142857,"S"
3277,"3sqmA","CONTROL",10,363,0,0,""
3278,"3sraB","CONTROL",10,393,1,0.254452926208651,"S"
3279,"3srzA","CONTROL",10,500,1,0.2,"S"
3280,"3ssoC","CONTROL",10,405,2,0.493827160493827,"S"
3281,"3su9A","CONTROL",10,528,2,0.378787878787879,"S"
3282,"3sw5D","CONTROL",10,153,1,0.65359477124183,"S"
3283,"3sxnD","CONTROL",10,358,1,0.279329608938547,"S"
3284,"3symA","CONTROL",10,436,2,0.458715596330275,"S"
3285,"3sz5A","CONTROL",10,517,3,0.58027079303675,"S"
3286,"3t1uA","CONTROL",10,378,2,0.529100529100529,"S"
3287,"3t3cB","CONTROL",10,227,0,0,""
3288,"3t4jB","CONTROL",10,416,3,0.721153846153846,"S"
3289,"3t58A","CONTROL",10,689,6,0.870827285921626,"S"
3290,"3t89F","CONTROL",10,200,4,2,"S"
3291,"3tb5B","CONTROL",10,335,5,1.49253731343284,"S"
3292,"3td7A","CONTROL",10,586,3,0.511945392491468,"S"
3293,"3te4A","CONTROL",10,458,4,0.873362445414847,"S"
3294,"3tegA","CONTROL",10,354,3,0.847457627118644,"S"
3295,"3tehB","CONTROL",10,356,4,1.12359550561798,"S"
3296,"3thtB","CONTROL",10,341,3,0.879765395894428,"S"
3297,"3tlbA","CONTROL",10,420,1,0.238095238095238,"S"
3298,"3topA","CONTROL",10,468,3,0.641025641025641,"S"
3299,"3tt7B","CONTROL",10,271,3,1.1070110701107,"S"
3300,"3ttyF","CONTROL",10,311,3,0.964630225080386,"S"
3301,"3u04A","CONTROL",10,393,4,1.01781170483461,"S"
3302,"3u1tA","CONTROL",10,230,0,0,""
3303,"3u2sC","CONTROL",10,151,2,1.32450331125828,"S"
3304,"3u7mA","CONTROL",10,398,2,0.50251256281407,"S"
3305,"3u86A","CONTROL",10,650,6,0.923076923076923,"S"
3306,"3u9wA","CONTROL",10,530,3,0.566037735849057,"S"
3307,"3ua3B","CONTROL",10,472,1,0.211864406779661,"S"
3308,"3ubmC","CONTROL",10,514,3,0.583657587548638,"S"
3309,"3ucbA","CONTROL",10,219,0,0,""
3310,"3udiB","CONTROL",10,336,0,0,""
3311,"3uerA","CONTROL",10,419,2,0.477326968973747,"S"
3312,"3uesA","CONTROL",10,304,0,0,""
3313,"3ufmA","CONTROL",10,298,0,0,""
3314,"3ujhB","CONTROL",10,330,1,0.303030303030303,"S"
3315,"3ul2D","CONTROL",10,213,0,0,""
3316,"3umvB","CONTROL",10,627,6,0.956937799043062,"S"
3317,"3unbH","CONTROL",10,317,2,0.630914826498423,"S"
3318,"3unfH","CONTROL",10,319,2,0.626959247648903,"S"
3319,"3unfK","CONTROL",10,320,5,1.5625,"S"
3320,"3unfN","CONTROL",10,316,2,0.632911392405063,"S"
3321,"3unvB","CONTROL",10,287,1,0.348432055749129,"S"
3322,"3uoaB","CONTROL",10,411,5,1.21654501216545,"S"
3323,"3uoxB","CONTROL",10,726,5,0.68870523415978,"S"
3324,"3upoB","CONTROL",10,375,1,0.266666666666667,"S"
3325,"3uqiA","CONTROL",10,238,1,0.420168067226891,"S"
3326,"3uriA","CONTROL",10,545,0,0,""
3327,"3usoB","CONTROL",10,372,1,0.268817204301075,"S"
3328,"3usuG","CONTROL",10,238,0,0,""
3329,"3uthD","CONTROL",10,730,2,0.273972602739726,"S"
3330,"3uwbA","CONTROL",10,343,1,0.291545189504373,"S"
3331,"3uyyB","CONTROL",10,374,1,0.267379679144385,"S"
3332,"3v17C","CONTROL",10,334,1,0.29940119760479,"S"
3333,"3v1kA","CONTROL",10,307,3,0.977198697068404,"S"
3334,"3v3wA","CONTROL",10,207,1,0.483091787439614,"S"
3335,"3v56B","CONTROL",10,197,4,2.03045685279188,"S"
3336,"3v68A","CONTROL",10,210,0,0,""
3337,"3v77F","CONTROL",10,324,1,0.308641975308642,"S"
3338,"3v8hC","CONTROL",10,214,1,0.467289719626168,"S"
3339,"3valA","CONTROL",10,306,1,0.326797385620915,"S"
3340,"3vbhA","CONTROL",10,508,9,1.77165354330709,"S"
3341,"3veuA","CONTROL",10,505,0,0,""
3342,"3vgdA","CONTROL",10,204,0,0,""
3343,"3vikA","CONTROL",10,421,1,0.237529691211401,"S"
3344,"3vivA","CONTROL",10,329,3,0.911854103343465,"S"
3345,"3vj6A","CONTROL",10,715,5,0.699300699300699,"S"
3346,"3vjcE","CONTROL",10,549,7,1.27504553734062,"S"
3347,"3vl9A","CONTROL",10,394,1,0.253807106598985,"S"
3348,"3vmpA","CONTROL",10,371,1,0.269541778975741,"S"
3349,"3vmtA","CONTROL",10,356,1,0.280898876404494,"S"
3350,"3vmwA","CONTROL",10,311,0,0,""
3351,"3vnzA","CONTROL",10,363,1,0.275482093663912,"S"
3352,"3vseA","CONTROL",10,439,3,0.683371298405467,"S"
3353,"3vslB","CONTROL",10,370,1,0.27027027027027,"S"
3354,"3vsuC","CONTROL",10,355,1,0.28169014084507,"S"
3355,"3vt0A","CONTROL",10,201,0,0,""
3356,"3vwdA","CONTROL",10,448,1,0.223214285714286,"S"
3357,"3vywA","CONTROL",10,520,0,0,""
3358,"3vzoA","CONTROL",10,341,0,0,""
3359,"3w21A","CONTROL",10,300,2,0.666666666666667,"S"
3360,"3w54C","CONTROL",10,421,3,0.712589073634204,"S"
3361,"3w6dC","CONTROL",10,427,2,0.468384074941452,"S"
3362,"3w7xA","CONTROL",10,328,0,0,""
3363,"3wbaA","CONTROL",10,351,0,0,""
3364,"3wdyA","CONTROL",10,311,1,0.321543408360129,"S"
3365,"3we0A","CONTROL",10,792,5,0.631313131313131,"S"
3366,"3we7B","CONTROL",10,213,1,0.469483568075117,"S"
3367,"3wevA","CONTROL",10,275,4,1.45454545454545,"S"
3368,"3wh1A","CONTROL",10,485,2,0.412371134020619,"S"
3369,"3wiqA","CONTROL",10,425,2,0.470588235294118,"S"
3370,"3wj1A","CONTROL",10,361,1,0.277008310249307,"S"
3371,"3wkgA","CONTROL",10,381,1,0.26246719160105,"S"
3372,"3wl6B","CONTROL",10,273,2,0.732600732600733,"S"
3373,"3woqA","CONTROL",10,612,5,0.816993464052288,"S"
3374,"3wpmB","CONTROL",10,255,1,0.392156862745098,"S"
3375,"3wqzA","CONTROL",10,491,6,1.22199592668024,"S"
3376,"3wrgA","CONTROL",10,364,5,1.37362637362637,"S"
3377,"3wsgA","CONTROL",10,267,0,0,""
3378,"3ww1A","CONTROL",10,340,6,1.76470588235294,"S"
3379,"3wwjF","CONTROL",10,384,2,0.520833333333333,"S"
3380,"3wy4A","CONTROL",10,483,1,0.20703933747412,"S"
3381,"3x0dA","CONTROL",10,461,3,0.650759219088937,"S"
3382,"3x3eA","CONTROL",10,307,0,0,""
3383,"3zdaA","CONTROL",10,191,1,0.523560209424084,"S"
3384,"3zg8B","CONTROL",10,355,0,0,""
3385,"3zgeA","CONTROL",10,297,2,0.673400673400673,"S"
3386,"3zgjA","CONTROL",10,353,3,0.84985835694051,"S"
3387,"3zgpA","CONTROL",10,322,1,0.31055900621118,"S"
3388,"3zj0A","CONTROL",10,438,4,0.91324200913242,"S"
3389,"3zjxD","CONTROL",10,287,1,0.348432055749129,"S"
3390,"3zkgA","CONTROL",10,386,0,0,""
3391,"3zmbB","CONTROL",10,187,1,0.53475935828877,"S"
3392,"3zseA","CONTROL",10,357,0,0,""
3393,"3zt5C","CONTROL",10,445,0,0,""
3394,"3zupB","CONTROL",10,374,0,0,""
3395,"3zvxA","CONTROL",10,239,0,0,""
3396,"3zwbB","CONTROL",10,511,2,0.391389432485323,"S"
3397,"3zxlA","CONTROL",10,356,1,0.280898876404494,"S"
3398,"3zzmA","CONTROL",10,366,1,0.273224043715847,"S"
3399,"4a39A","CONTROL",10,343,3,0.87463556851312,"S"
3400,"4a3rD","CONTROL",10,327,2,0.611620795107034,"S"
3401,"4a4aA","CONTROL",10,428,4,0.934579439252336,"S"
3402,"4a6dA","CONTROL",10,479,4,0.835073068893528,"S"
3403,"4a6kC","CONTROL",10,150,0,0,""
3404,"4ac7C","CONTROL",10,305,3,0.983606557377049,"S"
3405,"4ag7B","CONTROL",10,351,2,0.56980056980057,"S"
3406,"4am8E","CONTROL",10,357,4,1.12044817927171,"S"
3407,"4aoxA","CONTROL",10,779,2,0.256739409499358,"S"
3408,"4aq0A","CONTROL",10,251,1,0.398406374501992,"S"
3409,"4aqlA","CONTROL",10,441,5,1.13378684807256,"S"
3410,"4atfC","CONTROL",10,602,1,0.166112956810631,"S"
3411,"4autA","CONTROL",10,718,6,0.835654596100279,"S"
3412,"4aw7A","CONTROL",10,425,1,0.235294117647059,"S"
3413,"4awhB","CONTROL",10,334,3,0.898203592814371,"S"
3414,"4ayoA","CONTROL",10,347,0,0,""
3415,"4b10C","CONTROL",10,684,3,0.43859649122807,"S"
3416,"4b17A","CONTROL",10,338,4,1.18343195266272,"S"
3417,"4b4fA","CONTROL",10,805,5,0.62111801242236,"S"
3418,"4b8pA","CONTROL",10,505,2,0.396039603960396,"S"
3419,"4b95C","CONTROL",10,307,0,0,""
3420,"4b9wB","CONTROL",10,406,3,0.738916256157635,"S"
3421,"4bb9A","CONTROL",10,420,1,0.238095238095238,"S"
3422,"4bcaA","CONTROL",10,748,6,0.802139037433155,"S"
3423,"4be3A","CONTROL",10,270,0,0,""
3424,"4beuA","CONTROL",10,355,3,0.845070422535211,"S"
3425,"4bj6E","CONTROL",10,348,3,0.862068965517241,"S"
3426,"4bosA","CONTROL",10,185,0,0,""
3427,"4bp9F","CONTROL",10,554,4,0.72202166064982,"S"
3428,"4bpsA","CONTROL",10,393,2,0.508905852417303,"S"
3429,"4bpzB","CONTROL",10,433,1,0.23094688221709,"S"
3430,"4bq3C","CONTROL",10,335,1,0.298507462686567,"S"
3431,"4bq6D","CONTROL",10,535,5,0.934579439252336,"S"
3432,"4bqoB","CONTROL",10,494,4,0.809716599190283,"S"
3433,"4bt3A","CONTROL",10,348,2,0.574712643678161,"S"
3434,"4btvB","CONTROL",10,249,3,1.20481927710843,"S"
3435,"4bu0A","CONTROL",10,266,2,0.75187969924812,"S"
3436,"4bu2A","CONTROL",10,357,1,0.280112044817927,"S"
3437,"4bupA","CONTROL",10,451,8,1.77383592017738,"S"
3438,"4bvsA","CONTROL",10,365,4,1.0958904109589,"S"
3439,"4bvvA","CONTROL",10,221,1,0.452488687782805,"S"
3440,"4bvwB","CONTROL",10,205,2,0.975609756097561,"S"
3441,"4bxrA","CONTROL",10,472,0,0,""
3442,"4bxwA","CONTROL",10,375,5,1.33333333333333,"S"
3443,"4bz6A","CONTROL",10,324,3,0.925925925925926,"S"
3444,"4c03B","CONTROL",10,480,5,1.04166666666667,"S"
3445,"4c0pD","CONTROL",10,217,5,2.30414746543779,"S"
3446,"4c1eB","CONTROL",10,289,1,0.346020761245675,"S"
3447,"4c1hA","CONTROL",10,251,1,0.398406374501992,"S"
3448,"4c2gA","CONTROL",10,379,1,0.263852242744063,"S"
3449,"4c5rA","CONTROL",10,289,2,0.692041522491349,"S"
3450,"4c6lA","CONTROL",10,327,2,0.611620795107034,"S"
3451,"4c8dA","CONTROL",10,332,3,0.903614457831325,"S"
3452,"4ce5A","CONTROL",10,382,3,0.785340314136126,"S"
3453,"4cevA","CONTROL",10,301,1,0.332225913621262,"S"
3454,"4cfoA","CONTROL",10,474,2,0.421940928270042,"S"
3455,"4chiA","CONTROL",10,380,3,0.789473684210526,"S"
3456,"4ci2B","CONTROL",10,284,0,0,""
3457,"4cp0A","CONTROL",10,267,3,1.12359550561798,"S"
3458,"4cp8A","CONTROL",10,311,1,0.321543408360129,"S"
3459,"4cpkB","CONTROL",10,317,1,0.315457413249211,"S"
3460,"4cq6B","CONTROL",10,390,1,0.256410256410256,"S"
3461,"4cqbB","CONTROL",10,326,1,0.306748466257669,"S"
3462,"4ctsA","CONTROL",10,267,0,0,""
3463,"4cubB","CONTROL",10,217,0,0,""
3464,"4cxtA","CONTROL",10,210,3,1.42857142857143,"S"
3465,"4cy8D","CONTROL",10,689,5,0.725689404934688,"S"
3466,"4czzA","CONTROL",10,779,3,0.385109114249037,"S"
3467,"4d0dJ","CONTROL",10,659,3,0.455235204855842,"S"
3468,"4d1aA","CONTROL",10,426,4,0.938967136150235,"S"
3469,"4d1jD","CONTROL",10,283,0,0,""
3470,"4d6eA","CONTROL",10,483,0,0,""
3471,"4daaB","CONTROL",10,358,1,0.279329608938547,"S"
3472,"4dlcA","CONTROL",10,403,2,0.496277915632754,"S"
3473,"4dmgB","CONTROL",10,424,1,0.235849056603774,"S"
3474,"4dolA","CONTROL",10,395,2,0.506329113924051,"S"
3475,"4dpdB","CONTROL",10,328,3,0.914634146341463,"S"
3476,"4dr9B","CONTROL",10,369,4,1.0840108401084,"S"
3477,"4driA","CONTROL",10,325,1,0.307692307692308,"S"
3478,"4drjA","CONTROL",10,321,1,0.311526479750779,"S"
3479,"4dunA","CONTROL",10,279,3,1.0752688172043,"S"
3480,"4dz2B","CONTROL",10,331,1,0.302114803625378,"S"
3481,"4e0fA","CONTROL",10,315,2,0.634920634920635,"S"
3482,"4e0vB","CONTROL",10,770,6,0.779220779220779,"S"
3483,"4e2sO","CONTROL",10,318,2,0.628930817610063,"S"
3484,"4e6tB","CONTROL",10,212,2,0.943396226415094,"S"
3485,"4e8cA","CONTROL",10,345,3,0.869565217391304,"S"
3486,"4ehiA","CONTROL",10,247,1,0.404858299595142,"S"
3487,"4eiqB","CONTROL",10,459,2,0.435729847494553,"S"
3488,"4eoyA","CONTROL",10,363,3,0.826446280991736,"S"
3489,"4etzA","CONTROL",10,262,1,0.381679389312977,"S"
3490,"4ev5F","CONTROL",10,295,3,1.01694915254237,"S"
3491,"4ev6E","CONTROL",10,311,0,0,""
3492,"4evrA","CONTROL",10,336,0,0,""
3493,"4evsA","CONTROL",10,330,0,0,""
3494,"4eyfB","CONTROL",10,335,4,1.19402985074627,"S"
3495,"4ezhB","CONTROL",10,371,3,0.808625336927224,"S"
3496,"4f07G","CONTROL",10,367,3,0.817438692098093,"S"
3497,"4f0wA","CONTROL",10,221,2,0.904977375565611,"S"
3498,"4f13B","CONTROL",10,296,0,0,""
3499,"4f27A","CONTROL",10,564,0,0,""
3500,"4f35C","CONTROL",10,304,0,0,""
3501,"4f3zC","CONTROL",10,215,1,0.465116279069767,"S"
3502,"4f5zA","CONTROL",10,339,2,0.589970501474926,"S"
3503,"4f66B","CONTROL",10,387,4,1.03359173126615,"S"
3504,"4fchA","CONTROL",10,236,1,0.423728813559322,"S"
3505,"4fe7A","CONTROL",10,296,1,0.337837837837838,"S"
3506,"4fh1A","CONTROL",10,162,0,0,""
3507,"4fivA","CONTROL",10,262,3,1.14503816793893,"S"
3508,"4flnC","CONTROL",10,317,1,0.315457413249211,"S"
3509,"4fnbA","CONTROL",10,386,5,1.29533678756477,"S"
3510,"4fnsA","CONTROL",10,345,1,0.289855072463768,"S"
3511,"4fo8A","CONTROL",10,342,4,1.16959064327485,"S"
3512,"4foaA","CONTROL",10,293,2,0.68259385665529,"S"
3513,"4fp9A","CONTROL",10,441,5,1.13378684807256,"S"
3514,"4fsxB","CONTROL",10,415,3,0.72289156626506,"S"
3515,"4ft2A","CONTROL",10,453,5,1.1037527593819,"S"
3516,"4fw7C","CONTROL",10,432,2,0.462962962962963,"S"
3517,"4fwjB","CONTROL",10,754,2,0.26525198938992,"S"
3518,"4g32A","CONTROL",10,717,3,0.418410041841004,"S"
3519,"4g4jA","CONTROL",10,260,2,0.769230769230769,"S"
3520,"4g56C","CONTROL",10,476,1,0.210084033613445,"S"
3521,"4g67A","CONTROL",10,456,3,0.657894736842105,"S"
3522,"4g8cA","CONTROL",10,390,4,1.02564102564103,"S"
3523,"4g8jF","CONTROL",10,313,2,0.638977635782748,"S"
3524,"4gaoA","CONTROL",10,349,3,0.859598853868195,"S"
3525,"4gbaB","CONTROL",10,396,4,1.01010101010101,"S"
3526,"4gbdB","CONTROL",10,466,5,1.07296137339056,"S"
3527,"4gc9A","CONTROL",10,432,0,0,""
3528,"4ggmA","CONTROL",10,427,1,0.234192037470726,"S"
3529,"4gikB","CONTROL",10,353,2,0.56657223796034,"S"
3530,"4gjzA","CONTROL",10,362,0,0,""
3531,"4gl8A","CONTROL",10,464,1,0.21551724137931,"S"
3532,"4gmeB","CONTROL",10,373,1,0.268096514745308,"S"
3533,"4gn1B","CONTROL",10,295,1,0.338983050847458,"S"
3534,"4go8A","CONTROL",10,334,0,0,""
3535,"4gplB","CONTROL",10,378,1,0.264550264550265,"S"
3536,"4gpsA","CONTROL",10,261,4,1.53256704980843,"S"
3537,"4gsuA","CONTROL",10,306,3,0.980392156862745,"S"
3538,"4gsvB","CONTROL",10,303,0,0,""
3539,"4gu5B","CONTROL",10,628,3,0.477707006369427,"S"
3540,"4gvqB","CONTROL",10,509,7,1.37524557956778,"S"
3541,"4gx7B","CONTROL",10,204,0,0,""
3542,"4gz6B","CONTROL",10,559,7,1.25223613595707,"S"
3543,"4h04A","CONTROL",10,429,3,0.699300699300699,"S"
3544,"4h0uA","CONTROL",10,288,3,1.04166666666667,"S"
3545,"4h12A","CONTROL",10,431,6,1.39211136890951,"S"
3546,"4h3yA","CONTROL",10,299,5,1.67224080267559,"S"
3547,"4h69F","CONTROL",10,379,1,0.263852242744063,"S"
3548,"4h6uA","CONTROL",10,402,2,0.497512437810945,"S"
3549,"4hbmB","CONTROL",10,356,4,1.12359550561798,"S"
3550,"4hevA","CONTROL",10,331,1,0.302114803625378,"S"
3551,"4hgdC","CONTROL",10,475,0,0,""
3552,"4hh0A","CONTROL",10,404,2,0.495049504950495,"S"
3553,"4hhzA","CONTROL",10,520,2,0.384615384615385,"S"
3554,"4hjhA","CONTROL",10,395,0,0,""
3555,"4hmeA","CONTROL",10,456,1,0.219298245614035,"S"
3556,"4hotA","CONTROL",10,784,2,0.255102040816327,"S"
3557,"4hp5A","CONTROL",10,376,0,0,""
3558,"4hrcH","CONTROL",10,300,1,0.333333333333333,"S"
3559,"4hsrB","CONTROL",10,294,1,0.340136054421769,"S"
3560,"4hxgL","CONTROL",10,325,1,0.307692307692308,"S"
3561,"4hxyA","CONTROL",10,523,2,0.382409177820268,"S"
3562,"4hy7A","CONTROL",10,363,4,1.10192837465565,"S"
3563,"4hzeA","CONTROL",10,301,0,0,""
3564,"4i1rA","CONTROL",10,372,1,0.268817204301075,"S"
3565,"4i52D","CONTROL",10,453,2,0.441501103752759,"S"
3566,"4i6gA","CONTROL",10,588,2,0.340136054421769,"S"
3567,"4i75A","CONTROL",10,332,1,0.301204819277108,"S"
3568,"4ialA","CONTROL",10,264,0,0,""
3569,"4iavA","CONTROL",10,372,0,0,""
3570,"4icsA","CONTROL",10,365,1,0.273972602739726,"S"
3571,"4icyA","CONTROL",10,661,5,0.75642965204236,"S"
3572,"4iczA","CONTROL",10,415,3,0.72289156626506,"S"
3573,"4ie5A","CONTROL",10,395,3,0.759493670886076,"S"
3574,"4ig6A","CONTROL",10,306,1,0.326797385620915,"S"
3575,"4ig7A","CONTROL",10,245,2,0.816326530612245,"S"
3576,"4igqA","CONTROL",10,357,2,0.560224089635854,"S"
3577,"4ij8A","CONTROL",10,348,1,0.28735632183908,"S"
3578,"4iknA","CONTROL",10,262,2,0.763358778625954,"S"
3579,"4il0H","CONTROL",10,381,1,0.26246719160105,"S"
3580,"4impC","CONTROL",10,540,4,0.740740740740741,"S"
3581,"4inqA","CONTROL",10,599,2,0.333889816360601,"S"
3582,"4inwA","CONTROL",10,484,7,1.44628099173554,"S"
3583,"4io0A","CONTROL",10,417,3,0.719424460431655,"S"
3584,"4issA","CONTROL",10,321,2,0.623052959501558,"S"
3585,"4it1C","CONTROL",10,330,1,0.303030303030303,"S"
3586,"4iu0A","CONTROL",10,287,1,0.348432055749129,"S"
3587,"4iuwA","CONTROL",10,313,1,0.319488817891374,"S"
3588,"4izdB","CONTROL",10,427,2,0.468384074941452,"S"
3589,"4j0jB","CONTROL",10,312,2,0.641025641025641,"S"
3590,"4j25C","CONTROL",10,315,2,0.634920634920635,"S"
3591,"4j25F","CONTROL",10,357,2,0.560224089635854,"S"
3592,"4j3tA","CONTROL",10,422,1,0.23696682464455,"S"
3593,"4j4vC","CONTROL",10,345,2,0.579710144927536,"S"
3594,"4j5dA","CONTROL",10,344,4,1.16279069767442,"S"
3595,"4j5hA","CONTROL",10,419,4,0.954653937947494,"S"
3596,"4j9xA","CONTROL",10,341,4,1.17302052785924,"S"
3597,"4jbwG","CONTROL",10,268,2,0.746268656716418,"S"
3598,"4jd6C","CONTROL",10,345,3,0.869565217391304,"S"
3599,"4jgxB","CONTROL",10,336,1,0.297619047619048,"S"
3600,"4jmgA","CONTROL",10,539,0,0,""
3601,"4jmxA","CONTROL",10,340,2,0.588235294117647,"S"
3602,"4jn7A","CONTROL",10,297,1,0.336700336700337,"S"
3603,"4josB","CONTROL",10,292,0,0,""
3604,"4jpxA","CONTROL",10,271,1,0.3690036900369,"S"
3605,"4juuB","CONTROL",10,318,4,1.25786163522013,"S"
3606,"4jvtA","CONTROL",10,311,1,0.321543408360129,"S"
3607,"4jwlA","CONTROL",10,300,3,1,"S"
3608,"4jwtA","CONTROL",10,276,0,0,""
3609,"4jyxB","CONTROL",10,244,0,0,""
3610,"4k2sB","CONTROL",10,327,1,0.305810397553517,"S"
3611,"4k2xB","CONTROL",10,660,2,0.303030303030303,"S"
3612,"4k30A","CONTROL",10,363,0,0,""
3613,"4k6nA","CONTROL",10,392,5,1.27551020408163,"S"
3614,"4kc8A","CONTROL",10,293,1,0.341296928327645,"S"
3615,"4kf6B","CONTROL",10,363,1,0.275482093663912,"S"
3616,"4kn0A","CONTROL",10,463,3,0.647948164146868,"S"
3617,"4koxA","CONTROL",10,375,6,1.6,"S"
3618,"4kpsA","CONTROL",10,299,2,0.668896321070234,"S"
3619,"4kqqB","CONTROL",10,489,0,0,""
3620,"4krhB","CONTROL",10,527,3,0.569259962049336,"S"
3621,"4ksiA","CONTROL",10,288,1,0.347222222222222,"S"
3622,"4kwwF","CONTROL",10,261,1,0.383141762452107,"S"
3623,"4l0mA","CONTROL",10,288,0,0,""
3624,"4l1uB","CONTROL",10,264,0,0,""
3625,"4l4tA","CONTROL",10,337,4,1.18694362017804,"S"
3626,"4l4xA","CONTROL",10,503,2,0.397614314115308,"S"
3627,"4l51A","CONTROL",10,339,1,0.294985250737463,"S"
3628,"4l5cD","CONTROL",10,312,5,1.6025641025641,"S"
3629,"4l82B","CONTROL",10,321,1,0.311526479750779,"S"
3630,"4lb0B","CONTROL",10,352,6,1.70454545454545,"S"
3631,"4lc9A","CONTROL",10,406,4,0.985221674876847,"S"
3632,"4lfdA","CONTROL",10,325,1,0.307692307692308,"S"
3633,"4lhkA","CONTROL",10,264,0,0,""
3634,"4lhnA","CONTROL",10,245,0,0,""
3635,"4livA","CONTROL",10,309,2,0.647249190938511,"S"
3636,"4lksB","CONTROL",10,194,0,0,""
3637,"4lo3C","CONTROL",10,173,0,0,""
3638,"4lq4A","CONTROL",10,159,1,0.628930817610063,"S"
3639,"4lvdA","CONTROL",10,271,0,0,""
3640,"4lxrB","CONTROL",10,134,5,3.73134328358209,"S"
3641,"4lzcA","CONTROL",10,343,1,0.291545189504373,"S"
3642,"4lzjD","CONTROL",10,339,1,0.294985250737463,"S"
3643,"4m0rB","CONTROL",10,370,5,1.35135135135135,"S"
3644,"4m1cA","CONTROL",10,497,1,0.201207243460765,"S"
3645,"4m26B","CONTROL",10,334,2,0.598802395209581,"S"
3646,"4m2cC","CONTROL",10,361,2,0.554016620498615,"S"
3647,"4m38A","CONTROL",10,439,6,1.36674259681093,"S"
3648,"4m7fB","CONTROL",10,219,2,0.91324200913242,"S"
3649,"4m8dE","CONTROL",10,311,0,0,""
3650,"4m8uA","CONTROL",10,319,0,0,""
3651,"4mc3A","CONTROL",10,369,2,0.5420054200542,"S"
3652,"4mdkB","CONTROL",10,376,1,0.265957446808511,"S"
3653,"4mdtD","CONTROL",10,527,5,0.94876660341556,"S"
3654,"4mfkA","CONTROL",10,548,2,0.364963503649635,"S"
3655,"4mfzA","CONTROL",10,548,0,0,""
3656,"4mgkA","CONTROL",10,429,1,0.233100233100233,"S"
3657,"4ml8C","CONTROL",10,717,2,0.278940027894003,"S"
3658,"4mloA","CONTROL",10,446,3,0.672645739910314,"S"
3659,"4mrfA","CONTROL",10,195,2,1.02564102564103,"S"
3660,"4mrtB","CONTROL",10,424,1,0.235849056603774,"S"
3661,"4ms4A","CONTROL",10,412,4,0.970873786407767,"S"
3662,"4mxeA","CONTROL",10,427,3,0.702576112412178,"S"
3663,"4mymA","CONTROL",10,193,1,0.518134715025907,"S"
3664,"4mzvA","CONTROL",10,417,0,0,""
3665,"4n03A","CONTROL",10,477,0,0,""
3666,"4n0iA","CONTROL",10,349,1,0.286532951289398,"S"
3667,"4n5fB","CONTROL",10,418,3,0.717703349282297,"S"
3668,"4n76B","CONTROL",10,278,0,0,""
3669,"4n8iA","CONTROL",10,548,5,0.912408759124088,"S"
3670,"4nf1C","CONTROL",10,357,1,0.280112044817927,"S"
3671,"4nf9B","CONTROL",10,311,1,0.321543408360129,"S"
3672,"4nftC","CONTROL",10,282,2,0.709219858156028,"S"
3673,"4nhyC","CONTROL",10,355,1,0.28169014084507,"S"
3674,"4nidA","CONTROL",10,361,3,0.831024930747922,"S"
3675,"4nmlA","CONTROL",10,230,0,0,""
3676,"4nnbA","CONTROL",10,327,1,0.305810397553517,"S"
3677,"4nndC","CONTROL",10,405,3,0.740740740740741,"S"
3678,"4nnrB","CONTROL",10,338,1,0.29585798816568,"S"
3679,"4nq3B","CONTROL",10,339,3,0.884955752212389,"S"
3680,"4ns1A","CONTROL",10,297,0,0,""
3681,"4nt8A","CONTROL",10,347,2,0.576368876080692,"S"
3682,"4nv5B","CONTROL",10,573,6,1.04712041884817,"S"
3683,"4nv7A","CONTROL",10,555,2,0.36036036036036,"S"
3684,"4nx0B","CONTROL",10,238,1,0.420168067226891,"S"
3685,"4nymC","CONTROL",10,273,1,0.366300366300366,"S"
3686,"4nz3A","CONTROL",10,545,3,0.55045871559633,"S"
3687,"4nz6B","CONTROL",10,322,5,1.5527950310559,"S"
3688,"4o48B","CONTROL",10,291,3,1.03092783505155,"S"
3689,"4o61A","CONTROL",10,355,2,0.563380281690141,"S"
3690,"4o7uD","CONTROL",10,411,1,0.24330900243309,"S"
3691,"4odoA","CONTROL",10,324,0,0,""
3692,"4odrA","CONTROL",10,330,0,0,""
3693,"4oesA","CONTROL",10,298,2,0.671140939597315,"S"
3694,"4ojvA","CONTROL",10,263,0,0,""
3695,"4ojzA","CONTROL",10,429,1,0.233100233100233,"S"
3696,"4okmB","CONTROL",10,307,1,0.325732899022801,"S"
3697,"4omcD","CONTROL",10,521,4,0.767754318618042,"S"
3698,"4omfC","CONTROL",10,631,7,1.10935023771791,"S"
3699,"4omgB","CONTROL",10,166,0,0,""
3700,"4onjA","CONTROL",10,417,0,0,""
3701,"4ontC","CONTROL",10,237,3,1.26582278481013,"S"
3702,"4oo6A","CONTROL",10,591,6,1.01522842639594,"S"
3703,"4oqqB","CONTROL",10,298,1,0.335570469798658,"S"
3704,"4oxdA","CONTROL",10,424,1,0.235849056603774,"S"
3705,"4oz9A","CONTROL",10,303,0,0,""
3706,"4ozvA","CONTROL",10,300,1,0.333333333333333,"S"
3707,"4p04B","CONTROL",10,365,1,0.273972602739726,"S"
3708,"4p1wC","CONTROL",10,311,2,0.643086816720257,"S"
3709,"4p56C","CONTROL",10,366,0,0,""
3710,"4p5hJ","CONTROL",10,300,1,0.333333333333333,"S"
3711,"4p6rA","CONTROL",10,310,3,0.967741935483871,"S"
3712,"4pahA","CONTROL",10,280,1,0.357142857142857,"S"
3713,"4pehG","CONTROL",10,481,2,0.415800415800416,"S"
3714,"4pfuB","CONTROL",10,433,7,1.61662817551963,"S"
3715,"4pfyB","CONTROL",10,550,3,0.545454545454545,"S"
3716,"4pghC","CONTROL",10,381,4,1.0498687664042,"S"
3717,"4pgnB","CONTROL",10,400,6,1.5,"S"
3718,"4ph7B","CONTROL",10,886,7,0.790067720090293,"S"
3719,"4pinB","CONTROL",10,351,2,0.56980056980057,"S"
3720,"4piqA","CONTROL",10,370,3,0.810810810810811,"S"
3721,"4pj5A","CONTROL",10,370,4,1.08108108108108,"S"
3722,"4pq9B","CONTROL",10,317,1,0.315457413249211,"S"
3723,"4pqaA","CONTROL",10,278,2,0.719424460431655,"S"
3724,"4pr3B","CONTROL",10,213,0,0,""
3725,"4prhA","CONTROL",10,708,3,0.423728813559322,"S"
3726,"4pv6K","CONTROL",10,441,3,0.680272108843537,"S"
3727,"4pvrA","CONTROL",10,300,3,1,"S"
3728,"4pw4A","CONTROL",10,361,1,0.277008310249307,"S"
3729,"4pwcA","CONTROL",10,716,4,0.558659217877095,"S"
3730,"4px7A","CONTROL",10,372,0,0,""
3731,"4pxbB","CONTROL",10,291,3,1.03092783505155,"S"
3732,"4pxdB","CONTROL",10,338,2,0.591715976331361,"S"
3733,"4pyhA","CONTROL",10,429,4,0.932400932400932,"S"
3734,"4pytA","CONTROL",10,644,6,0.93167701863354,"S"
3735,"4q2gA","CONTROL",10,398,2,0.50251256281407,"S"
3736,"4q42B","CONTROL",10,287,2,0.696864111498258,"S"
3737,"4q4iA","CONTROL",10,514,3,0.583657587548638,"S"
3738,"4q60A","CONTROL",10,297,3,1.01010101010101,"S"
3739,"4q72A","CONTROL",10,690,2,0.289855072463768,"S"
3740,"4q7gA","CONTROL",10,222,1,0.45045045045045,"S"
3741,"4q9oA","CONTROL",10,483,4,0.82815734989648,"S"
3742,"4qa4A","CONTROL",10,306,3,0.980392156862745,"S"
3743,"4qbbA","CONTROL",10,294,1,0.340136054421769,"S"
3744,"4qenA","CONTROL",10,378,4,1.05820105820106,"S"
3745,"4qfhA","CONTROL",10,313,0,0,""
3746,"4qflA","CONTROL",10,352,1,0.284090909090909,"S"
3747,"4qjkA","CONTROL",10,579,3,0.518134715025907,"S"
3748,"4qkdB","CONTROL",10,315,2,0.634920634920635,"S"
3749,"4qt9B","CONTROL",10,268,1,0.373134328358209,"S"
3750,"4qu2A","CONTROL",10,376,1,0.265957446808511,"S"
3751,"4qwiL","CONTROL",10,213,0,0,""
3752,"4qwiN","CONTROL",10,317,1,0.315457413249211,"S"
3753,"4qwmA","CONTROL",10,320,4,1.25,"S"
3754,"4r29D","CONTROL",10,428,4,0.934579439252336,"S"
3755,"4r4nQ","CONTROL",10,248,3,1.20967741935484,"S"
3756,"4r4yA","CONTROL",10,354,2,0.564971751412429,"S"
3757,"4r67L","CONTROL",10,315,3,0.952380952380952,"S"
3758,"4r67V","CONTROL",10,292,2,0.684931506849315,"S"
3759,"4r6iA","CONTROL",10,354,0,0,""
3760,"4r84A","CONTROL",10,436,1,0.229357798165138,"S"
3761,"4r88A","CONTROL",10,373,2,0.536193029490617,"S"
3762,"4ra0A","CONTROL",10,207,0,0,""
3763,"4reoA","CONTROL",10,275,0,0,""
3764,"4rg2B","CONTROL",10,196,2,1.02040816326531,"S"
3765,"4ri1A","CONTROL",10,430,2,0.465116279069767,"S"
3766,"4rl6B","CONTROL",10,511,2,0.391389432485323,"S"
3767,"4rm0A","CONTROL",10,226,0,0,""
3768,"4rnhA","CONTROL",10,520,0,0,""
3769,"4rp8A","CONTROL",10,328,5,1.52439024390244,"S"
3770,"4rs2B","CONTROL",10,347,2,0.576368876080692,"S"
3771,"4rtbA","CONTROL",10,481,4,0.831600831600832,"S"
3772,"4rubE","CONTROL",10,351,2,0.56980056980057,"S"
3773,"4rvdA","CONTROL",10,480,1,0.208333333333333,"S"
3774,"4rxdB","CONTROL",10,399,3,0.75187969924812,"S"
3775,"4ryfJ","CONTROL",10,294,6,2.04081632653061,"S"
3776,"4rzbA","CONTROL",10,370,4,1.08108108108108,"S"
3777,"4rzmB","CONTROL",10,429,6,1.3986013986014,"S"
3778,"4s0gA","CONTROL",10,377,3,0.795755968169761,"S"
3779,"4s2tB","CONTROL",10,476,1,0.210084033613445,"S"
3780,"4s3rA","CONTROL",10,718,0,0,""
3781,"4tglA","CONTROL",10,290,0,0,""
3782,"4tkgA","CONTROL",10,457,2,0.437636761487965,"S"
3783,"4tkxA","CONTROL",10,309,2,0.647249190938511,"S"
3784,"4tsnC","CONTROL",10,258,0,0,""
3785,"4tsrA","CONTROL",10,422,2,0.4739336492891,"S"
3786,"4tszQ","CONTROL",10,389,3,0.77120822622108,"S"
3787,"4tvmA","CONTROL",10,245,1,0.408163265306122,"S"
3788,"4tvuC","CONTROL",10,332,0,0,""
3789,"4txjB","CONTROL",10,338,5,1.4792899408284,"S"
3790,"4tyvB","CONTROL",10,326,0,0,""
3791,"4u0vA","CONTROL",10,397,1,0.251889168765743,"S"
3792,"4u33D","CONTROL",10,452,0,0,""
3793,"4u62B","CONTROL",10,166,0,0,""
3794,"4u6jA","CONTROL",10,364,4,1.0989010989011,"S"
3795,"4u9vA","CONTROL",10,467,4,0.856531049250535,"S"
3796,"4ua3B","CONTROL",10,399,0,0,""
3797,"4uamC","CONTROL",10,272,1,0.367647058823529,"S"
3798,"4ucbB","CONTROL",10,201,2,0.995024875621891,"S"
3799,"4ufcA","CONTROL",10,320,2,0.625,"S"
3800,"4uuqA","CONTROL",10,414,3,0.72463768115942,"S"
3801,"4uybA","CONTROL",10,414,5,1.20772946859903,"S"
3802,"4uzlA","CONTROL",10,412,2,0.485436893203884,"S"
3803,"4v08B","CONTROL",10,241,1,0.4149377593361,"S"
3804,"4v1cI","CONTROL",10,347,0,0,""
3805,"4w50B","CONTROL",10,382,7,1.83246073298429,"S"
3806,"4wclA","CONTROL",10,362,2,0.552486187845304,"S"
3807,"4wcxB","CONTROL",10,494,4,0.809716599190283,"S"
3808,"4wdaA","CONTROL",10,321,3,0.934579439252336,"S"
3809,"4wgxC","CONTROL",10,337,4,1.18694362017804,"S"
3810,"4wkrA","CONTROL",10,381,1,0.26246719160105,"S"
3811,"4wlkA","CONTROL",10,302,0,0,""
3812,"4wm8A","CONTROL",10,394,4,1.01522842639594,"S"
3813,"4wrcA","CONTROL",10,192,2,1.04166666666667,"S"
3814,"4wriA","CONTROL",10,656,4,0.609756097560976,"S"
3815,"4ws0A","CONTROL",10,303,0,0,""
3816,"4wswF","CONTROL",10,124,0,0,""
3817,"4wv8A","CONTROL",10,230,0,0,""
3818,"4wxlB","CONTROL",10,382,3,0.785340314136126,"S"
3819,"4wymE","CONTROL",10,330,1,0.303030303030303,"S"
3820,"4wyuA","CONTROL",10,384,0,0,""
3821,"4x1dA","CONTROL",10,284,0,0,""
3822,"4x2tF","CONTROL",10,365,3,0.821917808219178,"S"
3823,"4x3qD","CONTROL",10,469,0,0,""
3824,"4x6cC","CONTROL",10,669,2,0.298953662182362,"S"
3825,"4x6jA","CONTROL",10,300,4,1.33333333333333,"S"
3826,"4x84A","CONTROL",10,280,1,0.357142857142857,"S"
3827,"4x8eB","CONTROL",10,344,3,0.872093023255814,"S"
3828,"4xb5A","CONTROL",10,786,8,1.01781170483461,"S"
3829,"4xboB","CONTROL",10,336,3,0.892857142857143,"S"
3830,"4xcaD","CONTROL",10,332,1,0.301204819277108,"S"
3831,"4xg0A","CONTROL",10,228,0,0,""
3832,"4xhcA","CONTROL",10,350,1,0.285714285714286,"S"
3833,"4xlyA","CONTROL",10,482,3,0.622406639004149,"S"
3834,"4xmaA","CONTROL",10,322,0,0,""
3835,"4xmrA","CONTROL",10,314,0,0,""
3836,"4xnwA","CONTROL",10,481,6,1.24740124740125,"S"
3837,"4xruC","CONTROL",10,346,3,0.867052023121387,"S"
3838,"4xsdA","CONTROL",10,304,3,0.986842105263158,"S"
3839,"4xwtA","CONTROL",10,354,0,0,""
3840,"4y33B","CONTROL",10,348,1,0.28735632183908,"S"
3841,"4y5sB","CONTROL",10,315,1,0.317460317460317,"S"
3842,"4y6kC","CONTROL",10,384,3,0.78125,"S"
3843,"4y6qA","CONTROL",10,684,5,0.730994152046784,"S"
3844,"4yfaC","CONTROL",10,348,1,0.28735632183908,"S"
3845,"4yicB","CONTROL",10,333,3,0.900900900900901,"S"
3846,"4yjkB","CONTROL",10,269,2,0.743494423791822,"S"
3847,"4ylhI","CONTROL",10,510,4,0.784313725490196,"S"
3848,"4ylqB","CONTROL",10,417,6,1.43884892086331,"S"
3849,"4ymwC","CONTROL",10,225,1,0.444444444444444,"S"
3850,"4yn2A","CONTROL",10,178,0,0,""
3851,"4ynnA","CONTROL",10,274,1,0.364963503649635,"S"
3852,"4yoyC","CONTROL",10,525,2,0.380952380952381,"S"
3853,"4yp1A","CONTROL",10,296,0,0,""
3854,"4ypaB","CONTROL",10,390,5,1.28205128205128,"S"
3855,"4yutB","CONTROL",10,373,2,0.536193029490617,"S"
3856,"4yvgA","CONTROL",10,303,2,0.66006600660066,"S"
3857,"4yx6A","CONTROL",10,498,2,0.401606425702811,"S"
3858,"4yx9A","CONTROL",10,380,1,0.263157894736842,"S"
3859,"4yz3B","CONTROL",10,395,1,0.253164556962025,"S"
3860,"4z2tB","CONTROL",10,677,4,0.590841949778434,"S"
3861,"4z44A","CONTROL",10,716,4,0.558659217877095,"S"
3862,"4z4pA","CONTROL",10,376,5,1.32978723404255,"S"
3863,"4z73L","CONTROL",10,267,1,0.374531835205993,"S"
3864,"4z7fB","CONTROL",10,443,2,0.451467268623025,"S"
3865,"4za4A","CONTROL",10,585,7,1.1965811965812,"S"
3866,"4zacB","CONTROL",10,587,4,0.681431005110733,"S"
3867,"4zadA","CONTROL",10,590,3,0.508474576271186,"S"
3868,"4zbgA","CONTROL",10,410,2,0.48780487804878,"S"
3869,"4zc6B","CONTROL",10,208,2,0.961538461538462,"S"
3870,"4ze9A","CONTROL",10,465,0,0,""
3871,"4zevA","CONTROL",10,407,1,0.245700245700246,"S"
3872,"4zfkB","CONTROL",10,322,2,0.62111801242236,"S"
3873,"4zl4A","CONTROL",10,523,1,0.191204588910134,"S"
3874,"4zlaD","CONTROL",10,407,3,0.737100737100737,"S"
3875,"4zlfA","CONTROL",10,414,4,0.966183574879227,"S"
3876,"4zm6A","CONTROL",10,589,4,0.67911714770798,"S"
3877,"4zo3B","CONTROL",10,389,2,0.51413881748072,"S"
3878,"4zocB","CONTROL",10,175,3,1.71428571428571,"S"
3879,"4zowA","CONTROL",10,439,3,0.683371298405467,"S"
3880,"4zraA","CONTROL",10,605,2,0.330578512396694,"S"
3881,"4zrtA","CONTROL",10,350,2,0.571428571428571,"S"
3882,"4zwbA","CONTROL",10,486,1,0.205761316872428,"S"
3883,"4zxaF","CONTROL",10,352,3,0.852272727272727,"S"
3884,"4zzxA","CONTROL",10,405,2,0.493827160493827,"S"
3885,"5a01B","CONTROL",10,551,7,1.27041742286751,"S"
3886,"5a0jA","CONTROL",10,301,0,0,""
3887,"5a2cA","CONTROL",10,383,1,0.261096605744125,"S"
3888,"5a3kA","CONTROL",10,346,2,0.578034682080925,"S"
3889,"5a60A","CONTROL",10,356,0,0,""
3890,"5a63B","CONTROL",10,259,2,0.772200772200772,"S"
3891,"5a65B","CONTROL",10,405,2,0.493827160493827,"S"
3892,"5a66A","CONTROL",10,358,0,0,""
3893,"5aa5L","CONTROL",10,165,3,1.81818181818182,"S"
3894,"5abaB","CONTROL",10,209,2,0.956937799043062,"S"
3895,"5ac5A","CONTROL",10,336,3,0.892857142857143,"S"
3896,"5afpA","CONTROL",10,635,3,0.47244094488189,"S"
3897,"5agdB","CONTROL",10,434,1,0.230414746543779,"S"
3898,"5ai9A","CONTROL",10,452,5,1.10619469026549,"S"
3899,"5apaA","CONTROL",10,363,3,0.826446280991736,"S"
3900,"5aprA","CONTROL",10,541,0,0,""
3901,"5axrA","CONTROL",10,213,0,0,""
3902,"5b8iC","CONTROL",10,358,2,0.558659217877095,"S"
3903,"5bntC","CONTROL",10,501,4,0.798403193612774,"S"
3904,"5boaE","CONTROL",10,253,0,0,""
3905,"5bp0J","CONTROL",10,179,2,1.11731843575419,"S"
3906,"5bq2D","CONTROL",10,538,2,0.371747211895911,"S"
3907,"5btxA","CONTROL",10,223,2,0.896860986547085,"S"
3908,"5bugD","CONTROL",10,271,4,1.4760147601476,"S"
3909,"5bx2A","CONTROL",10,383,3,0.783289817232376,"S"
3910,"5by6B","CONTROL",10,320,4,1.25,"S"
3911,"5c11A","CONTROL",10,275,4,1.45454545454545,"S"
3912,"5c17A","CONTROL",10,318,4,1.25786163522013,"S"
3913,"5c3pC","CONTROL",10,340,0,0,""
3914,"5c3pD","CONTROL",10,335,0,0,""
3915,"5c5tA","CONTROL",10,357,1,0.280112044817927,"S"
3916,"5c6vC","CONTROL",10,392,1,0.255102040816327,"S"
3917,"5c8tB","CONTROL",10,391,5,1.27877237851662,"S"
3918,"5c90G","CONTROL",10,304,2,0.657894736842105,"S"
3919,"5c9aA","CONTROL",10,489,9,1.84049079754601,"S"
3920,"5ce8A","CONTROL",10,401,1,0.249376558603491,"S"
3921,"5cedA","CONTROL",10,279,0,0,""
3922,"5cfyB","CONTROL",10,317,2,0.630914826498423,"S"
3923,"5cg0B","CONTROL",10,330,0,0,""
3924,"5cg5A","CONTROL",10,397,2,0.503778337531486,"S"
3925,"5cg9A","CONTROL",10,350,0,0,""
3926,"5cimB","CONTROL",10,447,0,0,""
3927,"5cltC","CONTROL",10,264,1,0.378787878787879,"S"
3928,"5cniB","CONTROL",10,371,0,0,""
3929,"5cr2B","CONTROL",10,223,1,0.448430493273543,"S"
3930,"5crwA","CONTROL",10,221,1,0.452488687782805,"S"
3931,"5ct2A","CONTROL",10,213,3,1.40845070422535,"S"
3932,"5ctoA","CONTROL",10,397,1,0.251889168765743,"S"
3933,"5cuyD","CONTROL",10,227,3,1.3215859030837,"S"
3934,"5cvvB","CONTROL",10,470,6,1.27659574468085,"S"
3935,"5czyA","CONTROL",10,418,1,0.239234449760766,"S"
3936,"5d2kA","CONTROL",10,399,4,1.00250626566416,"S"
3937,"5d9yA","CONTROL",10,358,3,0.837988826815642,"S"
3938,"5dapA","CONTROL",10,346,5,1.44508670520231,"S"
3939,"5dgrA","CONTROL",10,385,2,0.519480519480519,"S"
3940,"5dj4E","CONTROL",10,280,2,0.714285714285714,"S"
3941,"5dk6A","CONTROL",10,277,0,0,""
3942,"5dkiY","CONTROL",10,286,2,0.699300699300699,"S"
3943,"5dkxA","CONTROL",10,353,3,0.84985835694051,"S"
3944,"5dlbA","CONTROL",10,244,2,0.819672131147541,"S"
3945,"5dqrD","CONTROL",10,682,9,1.31964809384164,"S"
3946,"5dstG","CONTROL",10,439,5,1.13895216400911,"S"
3947,"5duaA","CONTROL",10,337,4,1.18694362017804,"S"
3948,"5dulA","CONTROL",10,450,5,1.11111111111111,"S"
3949,"5dulC","CONTROL",10,441,5,1.13378684807256,"S"
3950,"5dw5B","CONTROL",10,573,5,0.87260034904014,"S"
3951,"5dw8A","CONTROL",10,319,0,0,""
3952,"5dwfD","CONTROL",10,148,1,0.675675675675676,"S"
3953,"5dwnC","CONTROL",10,453,1,0.22075055187638,"S"
3954,"5dz2A","CONTROL",10,387,0,0,""
3955,"5dzkC","CONTROL",10,301,3,0.996677740863787,"S"
3956,"5dzkS","CONTROL",10,338,4,1.18343195266272,"S"
3957,"5e3aA","CONTROL",10,620,2,0.32258064516129,"S"
3958,"5e4wD","CONTROL",10,410,1,0.24390243902439,"S"
3959,"5e6oB","CONTROL",10,341,4,1.17302052785924,"S"
3960,"5ec5F","CONTROL",10,166,2,1.20481927710843,"S"
3961,"5eegB","CONTROL",10,458,3,0.655021834061135,"S"
3962,"5elhB","CONTROL",10,343,3,0.87463556851312,"S"
3963,"5ep9B","CONTROL",10,348,3,0.862068965517241,"S"
3964,"5epaF","CONTROL",10,367,2,0.544959128065395,"S"
3965,"5eq9B","CONTROL",10,307,2,0.651465798045603,"S"
3966,"5eqiA","CONTROL",10,503,1,0.198807157057654,"S"
3967,"5er8A","CONTROL",10,413,2,0.484261501210654,"S"
3968,"5ermB","CONTROL",10,364,1,0.274725274725275,"S"
3969,"5eroC","CONTROL",10,333,1,0.3003003003003,"S"
3970,"5exdL","CONTROL",10,343,5,1.45772594752187,"S"
3971,"5eyhA","CONTROL",10,424,3,0.707547169811321,"S"
3972,"5ezsA","CONTROL",10,307,2,0.651465798045603,"S"
3973,"5f2tB","CONTROL",10,506,5,0.988142292490119,"S"
3974,"5f4zC","CONTROL",10,295,0,0,""
3975,"5f6uA","CONTROL",10,192,1,0.520833333333333,"S"
3976,"5fc3B","CONTROL",10,452,5,1.10619469026549,"S"
3977,"5fd8B","CONTROL",10,373,1,0.268096514745308,"S"
3978,"5fjwF","CONTROL",10,347,0,0,""
3979,"5fmgI","CONTROL",10,315,2,0.634920634920635,"S"
3980,"5fobA","CONTROL",10,255,1,0.392156862745098,"S"
3981,"5fqhA","CONTROL",10,372,2,0.53763440860215,"S"
3982,"5fusB","CONTROL",10,443,5,1.12866817155756,"S"
3983,"5fy7A","CONTROL",10,331,2,0.604229607250755,"S"
3984,"5fy8A","CONTROL",10,379,1,0.263852242744063,"S"
3985,"5fyzA","CONTROL",10,360,1,0.277777777777778,"S"
3986,"5hguA","CONTROL",10,449,3,0.66815144766147,"S"
3987,"5hh7A","CONTROL",10,467,5,1.07066381156317,"S"
3988,"5hkpA","CONTROL",10,431,3,0.696055684454756,"S"
3989,"5hq8A","CONTROL",10,389,6,1.54241645244216,"S"
3990,"5hr4A","CONTROL",10,535,4,0.747663551401869,"S"
3991,"5hv4A","CONTROL",10,344,0,0,""
3992,"5hyoA","CONTROL",10,252,2,0.793650793650794,"S"
3993,"5i2bA","CONTROL",10,421,2,0.475059382422803,"S"
3994,"5i70A","CONTROL",10,501,3,0.598802395209581,"S"
3995,"5i91A","CONTROL",10,355,2,0.563380281690141,"S"
3996,"5ij7A","CONTROL",10,377,3,0.795755968169761,"S"
3997,"5im2A","CONTROL",10,343,3,0.87463556851312,"S"
3998,"5iwsA","CONTROL",10,434,0,0,""
3999,"5jd4E","CONTROL",10,313,1,0.319488817891374,"S"
4000,"5jjuA","CONTROL",10,519,2,0.385356454720617,"S"
4001,"5jp4A","CONTROL",10,277,0,0,""
4002,"7acnA","CONTROL",10,391,3,0.767263427109974,"S"
