"task","repeat_id","outer_fold","inner_fold","t_end","num.trees","mtry_rule","min.node.size","k_use","mtry","accuracy"
"NUC_vs_CONTROL",1,1,1,6,400,"floor_sqrt_p",2,6,2,0.815018315018315
"NUC_vs_CONTROL",1,1,1,6,400,"floor_sqrt_p",5,6,2,0.816849816849817
"NUC_vs_CONTROL",1,1,1,6,400,"floor_sqrt_p",7,6,2,0.822344322344322
"NUC_vs_CONTROL",1,1,2,6,400,"floor_sqrt_p",2,6,2,0.811355311355311
"NUC_vs_CONTROL",1,1,2,6,400,"floor_sqrt_p",5,6,2,0.804029304029304
"NUC_vs_CONTROL",1,1,2,6,400,"floor_sqrt_p",7,6,2,0.8003663003663
"NUC_vs_CONTROL",1,1,3,6,400,"floor_sqrt_p",2,6,2,0.838532110091743
"NUC_vs_CONTROL",1,1,3,6,400,"floor_sqrt_p",5,6,2,0.834862385321101
"NUC_vs_CONTROL",1,1,3,6,400,"floor_sqrt_p",7,6,2,0.834862385321101
"NUC_vs_CONTROL",1,1,4,6,400,"floor_sqrt_p",2,6,2,0.831192660550459
"NUC_vs_CONTROL",1,1,4,6,400,"floor_sqrt_p",5,6,2,0.825688073394495
"NUC_vs_CONTROL",1,1,4,6,400,"floor_sqrt_p",7,6,2,0.823853211009174
"NUC_vs_CONTROL",1,1,5,6,400,"floor_sqrt_p",2,6,2,0.840366972477064
"NUC_vs_CONTROL",1,1,5,6,400,"floor_sqrt_p",5,6,2,0.838532110091743
"NUC_vs_CONTROL",1,1,5,6,400,"floor_sqrt_p",7,6,2,0.845871559633028
"NUC_vs_CONTROL",1,1,1,7,400,"floor_sqrt_p",2,7,2,0.831501831501832
"NUC_vs_CONTROL",1,1,1,7,400,"floor_sqrt_p",5,7,2,0.827838827838828
"NUC_vs_CONTROL",1,1,1,7,400,"floor_sqrt_p",7,7,2,0.824175824175824
"NUC_vs_CONTROL",1,1,2,7,400,"floor_sqrt_p",2,8,2,0.842490842490842
"NUC_vs_CONTROL",1,1,2,7,400,"floor_sqrt_p",5,8,2,0.838827838827839
"NUC_vs_CONTROL",1,1,2,7,400,"floor_sqrt_p",7,8,2,0.838827838827839
"NUC_vs_CONTROL",1,1,3,7,400,"floor_sqrt_p",2,7,2,0.820183486238532
"NUC_vs_CONTROL",1,1,3,7,400,"floor_sqrt_p",5,7,2,0.825688073394495
"NUC_vs_CONTROL",1,1,3,7,400,"floor_sqrt_p",7,7,2,0.823853211009174
"NUC_vs_CONTROL",1,1,4,7,400,"floor_sqrt_p",2,7,2,0.836697247706422
"NUC_vs_CONTROL",1,1,4,7,400,"floor_sqrt_p",5,7,2,0.844036697247706
"NUC_vs_CONTROL",1,1,4,7,400,"floor_sqrt_p",7,7,2,0.836697247706422
"NUC_vs_CONTROL",1,1,5,7,400,"floor_sqrt_p",2,8,2,0.831192660550459
"NUC_vs_CONTROL",1,1,5,7,400,"floor_sqrt_p",5,8,2,0.836697247706422
"NUC_vs_CONTROL",1,1,5,7,400,"floor_sqrt_p",7,8,2,0.842201834862385
"NUC_vs_CONTROL",1,1,1,8,400,"floor_sqrt_p",2,8,2,0.857142857142857
"NUC_vs_CONTROL",1,1,1,8,400,"floor_sqrt_p",5,8,2,0.855311355311355
"NUC_vs_CONTROL",1,1,1,8,400,"floor_sqrt_p",7,8,2,0.857142857142857
"NUC_vs_CONTROL",1,1,2,8,400,"floor_sqrt_p",2,9,3,0.844322344322344
"NUC_vs_CONTROL",1,1,2,8,400,"floor_sqrt_p",5,9,3,0.835164835164835
"NUC_vs_CONTROL",1,1,2,8,400,"floor_sqrt_p",7,9,3,0.840659340659341
"NUC_vs_CONTROL",1,1,3,8,400,"floor_sqrt_p",2,8,2,0.845871559633028
"NUC_vs_CONTROL",1,1,3,8,400,"floor_sqrt_p",5,8,2,0.836697247706422
"NUC_vs_CONTROL",1,1,3,8,400,"floor_sqrt_p",7,8,2,0.84954128440367
"NUC_vs_CONTROL",1,1,4,8,400,"floor_sqrt_p",2,8,2,0.83302752293578
"NUC_vs_CONTROL",1,1,4,8,400,"floor_sqrt_p",5,8,2,0.840366972477064
"NUC_vs_CONTROL",1,1,4,8,400,"floor_sqrt_p",7,8,2,0.840366972477064
"NUC_vs_CONTROL",1,1,5,8,400,"floor_sqrt_p",2,9,3,0.840366972477064
"NUC_vs_CONTROL",1,1,5,8,400,"floor_sqrt_p",5,9,3,0.847706422018349
"NUC_vs_CONTROL",1,1,5,8,400,"floor_sqrt_p",7,9,3,0.840366972477064
"NUC_vs_CONTROL",1,1,1,9,400,"floor_sqrt_p",2,9,3,0.858974358974359
"NUC_vs_CONTROL",1,1,1,9,400,"floor_sqrt_p",5,9,3,0.858974358974359
"NUC_vs_CONTROL",1,1,1,9,400,"floor_sqrt_p",7,9,3,0.858974358974359
"NUC_vs_CONTROL",1,1,2,9,400,"floor_sqrt_p",2,9,3,0.847985347985348
"NUC_vs_CONTROL",1,1,2,9,400,"floor_sqrt_p",5,9,3,0.84981684981685
"NUC_vs_CONTROL",1,1,2,9,400,"floor_sqrt_p",7,9,3,0.84981684981685
"NUC_vs_CONTROL",1,1,3,9,400,"floor_sqrt_p",2,9,3,0.858715596330275
"NUC_vs_CONTROL",1,1,3,9,400,"floor_sqrt_p",5,9,3,0.860550458715596
"NUC_vs_CONTROL",1,1,3,9,400,"floor_sqrt_p",7,9,3,0.858715596330275
"NUC_vs_CONTROL",1,1,4,9,400,"floor_sqrt_p",2,9,3,0.836697247706422
"NUC_vs_CONTROL",1,1,4,9,400,"floor_sqrt_p",5,9,3,0.831192660550459
"NUC_vs_CONTROL",1,1,4,9,400,"floor_sqrt_p",7,9,3,0.83302752293578
"NUC_vs_CONTROL",1,1,5,9,400,"floor_sqrt_p",2,10,3,0.84954128440367
"NUC_vs_CONTROL",1,1,5,9,400,"floor_sqrt_p",5,10,3,0.851376146788991
"NUC_vs_CONTROL",1,1,5,9,400,"floor_sqrt_p",7,10,3,0.856880733944954
"NUC_vs_CONTROL",1,1,1,10,400,"floor_sqrt_p",2,10,3,0.838827838827839
"NUC_vs_CONTROL",1,1,1,10,400,"floor_sqrt_p",5,10,3,0.835164835164835
"NUC_vs_CONTROL",1,1,1,10,400,"floor_sqrt_p",7,10,3,0.826007326007326
"NUC_vs_CONTROL",1,1,2,10,400,"floor_sqrt_p",2,10,3,0.860805860805861
"NUC_vs_CONTROL",1,1,2,10,400,"floor_sqrt_p",5,10,3,0.864468864468865
"NUC_vs_CONTROL",1,1,2,10,400,"floor_sqrt_p",7,10,3,0.860805860805861
"NUC_vs_CONTROL",1,1,3,10,400,"floor_sqrt_p",2,10,3,0.856880733944954
"NUC_vs_CONTROL",1,1,3,10,400,"floor_sqrt_p",5,10,3,0.844036697247706
"NUC_vs_CONTROL",1,1,3,10,400,"floor_sqrt_p",7,10,3,0.847706422018349
"NUC_vs_CONTROL",1,1,4,10,400,"floor_sqrt_p",2,10,3,0.845871559633028
"NUC_vs_CONTROL",1,1,4,10,400,"floor_sqrt_p",5,10,3,0.842201834862385
"NUC_vs_CONTROL",1,1,4,10,400,"floor_sqrt_p",7,10,3,0.845871559633028
"NUC_vs_CONTROL",1,1,5,10,400,"floor_sqrt_p",2,10,3,0.856880733944954
"NUC_vs_CONTROL",1,1,5,10,400,"floor_sqrt_p",5,10,3,0.845871559633028
"NUC_vs_CONTROL",1,1,5,10,400,"floor_sqrt_p",7,10,3,0.858715596330275
"NUC_vs_CONTROL",1,1,1,11,400,"floor_sqrt_p",2,11,3,0.847985347985348
"NUC_vs_CONTROL",1,1,1,11,400,"floor_sqrt_p",5,11,3,0.838827838827839
"NUC_vs_CONTROL",1,1,1,11,400,"floor_sqrt_p",7,11,3,0.833333333333333
"NUC_vs_CONTROL",1,1,2,11,400,"floor_sqrt_p",2,11,3,0.858974358974359
"NUC_vs_CONTROL",1,1,2,11,400,"floor_sqrt_p",5,11,3,0.851648351648352
"NUC_vs_CONTROL",1,1,2,11,400,"floor_sqrt_p",7,11,3,0.866300366300366
"NUC_vs_CONTROL",1,1,3,11,400,"floor_sqrt_p",2,10,3,0.871559633027523
"NUC_vs_CONTROL",1,1,3,11,400,"floor_sqrt_p",5,10,3,0.873394495412844
"NUC_vs_CONTROL",1,1,3,11,400,"floor_sqrt_p",7,10,3,0.869724770642202
"NUC_vs_CONTROL",1,1,4,11,400,"floor_sqrt_p",2,10,3,0.845871559633028
"NUC_vs_CONTROL",1,1,4,11,400,"floor_sqrt_p",5,10,3,0.838532110091743
"NUC_vs_CONTROL",1,1,4,11,400,"floor_sqrt_p",7,10,3,0.842201834862385
"NUC_vs_CONTROL",1,1,5,11,400,"floor_sqrt_p",2,11,3,0.871559633027523
"NUC_vs_CONTROL",1,1,5,11,400,"floor_sqrt_p",5,11,3,0.864220183486239
"NUC_vs_CONTROL",1,1,5,11,400,"floor_sqrt_p",7,11,3,0.873394495412844
"NUC_vs_CONTROL",1,1,1,12,400,"floor_sqrt_p",2,11,3,0.824175824175824
"NUC_vs_CONTROL",1,1,1,12,400,"floor_sqrt_p",5,11,3,0.827838827838828
"NUC_vs_CONTROL",1,1,1,12,400,"floor_sqrt_p",7,11,3,0.833333333333333
"NUC_vs_CONTROL",1,1,2,12,400,"floor_sqrt_p",2,12,3,0.846153846153846
"NUC_vs_CONTROL",1,1,2,12,400,"floor_sqrt_p",5,12,3,0.857142857142857
"NUC_vs_CONTROL",1,1,2,12,400,"floor_sqrt_p",7,12,3,0.855311355311355
"NUC_vs_CONTROL",1,1,3,12,400,"floor_sqrt_p",2,11,3,0.858715596330275
"NUC_vs_CONTROL",1,1,3,12,400,"floor_sqrt_p",5,11,3,0.858715596330275
"NUC_vs_CONTROL",1,1,3,12,400,"floor_sqrt_p",7,11,3,0.862385321100917
"NUC_vs_CONTROL",1,1,4,12,400,"floor_sqrt_p",2,11,3,0.840366972477064
"NUC_vs_CONTROL",1,1,4,12,400,"floor_sqrt_p",5,11,3,0.851376146788991
"NUC_vs_CONTROL",1,1,4,12,400,"floor_sqrt_p",7,11,3,0.842201834862385
"NUC_vs_CONTROL",1,1,5,12,400,"floor_sqrt_p",2,12,3,0.862385321100917
"NUC_vs_CONTROL",1,1,5,12,400,"floor_sqrt_p",5,12,3,0.858715596330275
"NUC_vs_CONTROL",1,1,5,12,400,"floor_sqrt_p",7,12,3,0.869724770642202
"NUC_vs_CONTROL",1,1,1,13,400,"floor_sqrt_p",2,12,3,0.851648351648352
"NUC_vs_CONTROL",1,1,1,13,400,"floor_sqrt_p",5,12,3,0.855311355311355
"NUC_vs_CONTROL",1,1,1,13,400,"floor_sqrt_p",7,12,3,0.846153846153846
"NUC_vs_CONTROL",1,1,2,13,400,"floor_sqrt_p",2,12,3,0.866300366300366
"NUC_vs_CONTROL",1,1,2,13,400,"floor_sqrt_p",5,12,3,0.858974358974359
"NUC_vs_CONTROL",1,1,2,13,400,"floor_sqrt_p",7,12,3,0.858974358974359
"NUC_vs_CONTROL",1,1,3,13,400,"floor_sqrt_p",2,12,3,0.864220183486239
"NUC_vs_CONTROL",1,1,3,13,400,"floor_sqrt_p",5,12,3,0.867889908256881
"NUC_vs_CONTROL",1,1,3,13,400,"floor_sqrt_p",7,12,3,0.862385321100917
"NUC_vs_CONTROL",1,1,4,13,400,"floor_sqrt_p",2,12,3,0.845871559633028
"NUC_vs_CONTROL",1,1,4,13,400,"floor_sqrt_p",5,12,3,0.847706422018349
"NUC_vs_CONTROL",1,1,4,13,400,"floor_sqrt_p",7,12,3,0.844036697247706
"NUC_vs_CONTROL",1,1,5,13,400,"floor_sqrt_p",2,12,3,0.860550458715596
"NUC_vs_CONTROL",1,1,5,13,400,"floor_sqrt_p",5,12,3,0.860550458715596
"NUC_vs_CONTROL",1,1,5,13,400,"floor_sqrt_p",7,12,3,0.860550458715596
"NUC_vs_CONTROL",1,1,1,14,400,"floor_sqrt_p",2,12,3,0.853479853479853
"NUC_vs_CONTROL",1,1,1,14,400,"floor_sqrt_p",5,12,3,0.851648351648352
"NUC_vs_CONTROL",1,1,1,14,400,"floor_sqrt_p",7,12,3,0.853479853479853
"NUC_vs_CONTROL",1,1,2,14,400,"floor_sqrt_p",2,13,3,0.862637362637363
"NUC_vs_CONTROL",1,1,2,14,400,"floor_sqrt_p",5,13,3,0.868131868131868
"NUC_vs_CONTROL",1,1,2,14,400,"floor_sqrt_p",7,13,3,0.858974358974359
"NUC_vs_CONTROL",1,1,3,14,400,"floor_sqrt_p",2,12,3,0.862385321100917
"NUC_vs_CONTROL",1,1,3,14,400,"floor_sqrt_p",5,12,3,0.858715596330275
"NUC_vs_CONTROL",1,1,3,14,400,"floor_sqrt_p",7,12,3,0.855045871559633
"NUC_vs_CONTROL",1,1,4,14,400,"floor_sqrt_p",2,12,3,0.845871559633028
"NUC_vs_CONTROL",1,1,4,14,400,"floor_sqrt_p",5,12,3,0.853211009174312
"NUC_vs_CONTROL",1,1,4,14,400,"floor_sqrt_p",7,12,3,0.845871559633028
"NUC_vs_CONTROL",1,1,5,14,400,"floor_sqrt_p",2,13,3,0.860550458715596
"NUC_vs_CONTROL",1,1,5,14,400,"floor_sqrt_p",5,13,3,0.855045871559633
"NUC_vs_CONTROL",1,1,5,14,400,"floor_sqrt_p",7,13,3,0.860550458715596
"NUC_vs_CONTROL",1,1,1,15,400,"floor_sqrt_p",2,13,3,0.836996336996337
"NUC_vs_CONTROL",1,1,1,15,400,"floor_sqrt_p",5,13,3,0.842490842490842
"NUC_vs_CONTROL",1,1,1,15,400,"floor_sqrt_p",7,13,3,0.840659340659341
"NUC_vs_CONTROL",1,1,2,15,400,"floor_sqrt_p",2,14,3,0.866300366300366
"NUC_vs_CONTROL",1,1,2,15,400,"floor_sqrt_p",5,14,3,0.866300366300366
"NUC_vs_CONTROL",1,1,2,15,400,"floor_sqrt_p",7,14,3,0.862637362637363
"NUC_vs_CONTROL",1,1,3,15,400,"floor_sqrt_p",2,13,3,0.856880733944954
"NUC_vs_CONTROL",1,1,3,15,400,"floor_sqrt_p",5,13,3,0.855045871559633
"NUC_vs_CONTROL",1,1,3,15,400,"floor_sqrt_p",7,13,3,0.851376146788991
"NUC_vs_CONTROL",1,1,4,15,400,"floor_sqrt_p",2,13,3,0.84954128440367
"NUC_vs_CONTROL",1,1,4,15,400,"floor_sqrt_p",5,13,3,0.851376146788991
"NUC_vs_CONTROL",1,1,4,15,400,"floor_sqrt_p",7,13,3,0.842201834862385
"NUC_vs_CONTROL",1,1,5,15,400,"floor_sqrt_p",2,13,3,0.860550458715596
"NUC_vs_CONTROL",1,1,5,15,400,"floor_sqrt_p",5,13,3,0.856880733944954
"NUC_vs_CONTROL",1,1,5,15,400,"floor_sqrt_p",7,13,3,0.855045871559633
"NUC_vs_CONTROL",1,1,1,16,400,"floor_sqrt_p",2,14,3,0.847985347985348
"NUC_vs_CONTROL",1,1,1,16,400,"floor_sqrt_p",5,14,3,0.853479853479853
"NUC_vs_CONTROL",1,1,1,16,400,"floor_sqrt_p",7,14,3,0.846153846153846
"NUC_vs_CONTROL",1,1,2,16,400,"floor_sqrt_p",2,14,3,0.860805860805861
"NUC_vs_CONTROL",1,1,2,16,400,"floor_sqrt_p",5,14,3,0.853479853479853
"NUC_vs_CONTROL",1,1,2,16,400,"floor_sqrt_p",7,14,3,0.862637362637363
"NUC_vs_CONTROL",1,1,3,16,400,"floor_sqrt_p",2,14,3,0.855045871559633
"NUC_vs_CONTROL",1,1,3,16,400,"floor_sqrt_p",5,14,3,0.851376146788991
"NUC_vs_CONTROL",1,1,3,16,400,"floor_sqrt_p",7,14,3,0.858715596330275
"NUC_vs_CONTROL",1,1,4,16,400,"floor_sqrt_p",2,13,3,0.855045871559633
"NUC_vs_CONTROL",1,1,4,16,400,"floor_sqrt_p",5,13,3,0.851376146788991
"NUC_vs_CONTROL",1,1,4,16,400,"floor_sqrt_p",7,13,3,0.84954128440367
"NUC_vs_CONTROL",1,1,5,16,400,"floor_sqrt_p",2,14,3,0.860550458715596
"NUC_vs_CONTROL",1,1,5,16,400,"floor_sqrt_p",5,14,3,0.856880733944954
"NUC_vs_CONTROL",1,1,5,16,400,"floor_sqrt_p",7,14,3,0.851376146788991
"NUC_vs_CONTROL",1,1,1,17,400,"floor_sqrt_p",2,14,3,0.846153846153846
"NUC_vs_CONTROL",1,1,1,17,400,"floor_sqrt_p",5,14,3,0.833333333333333
"NUC_vs_CONTROL",1,1,1,17,400,"floor_sqrt_p",7,14,3,0.840659340659341
"NUC_vs_CONTROL",1,1,2,17,400,"floor_sqrt_p",2,15,3,0.855311355311355
"NUC_vs_CONTROL",1,1,2,17,400,"floor_sqrt_p",5,15,3,0.853479853479853
"NUC_vs_CONTROL",1,1,2,17,400,"floor_sqrt_p",7,15,3,0.860805860805861
"NUC_vs_CONTROL",1,1,3,17,400,"floor_sqrt_p",2,14,3,0.88256880733945
"NUC_vs_CONTROL",1,1,3,17,400,"floor_sqrt_p",5,14,3,0.884403669724771
"NUC_vs_CONTROL",1,1,3,17,400,"floor_sqrt_p",7,14,3,0.877064220183486
"NUC_vs_CONTROL",1,1,4,17,400,"floor_sqrt_p",2,14,3,0.851376146788991
"NUC_vs_CONTROL",1,1,4,17,400,"floor_sqrt_p",5,14,3,0.851376146788991
"NUC_vs_CONTROL",1,1,4,17,400,"floor_sqrt_p",7,14,3,0.844036697247706
"NUC_vs_CONTROL",1,1,5,17,400,"floor_sqrt_p",2,15,3,0.864220183486239
"NUC_vs_CONTROL",1,1,5,17,400,"floor_sqrt_p",5,15,3,0.856880733944954
"NUC_vs_CONTROL",1,1,5,17,400,"floor_sqrt_p",7,15,3,0.862385321100917
"NUC_vs_CONTROL",1,1,1,18,400,"floor_sqrt_p",2,15,3,0.836996336996337
"NUC_vs_CONTROL",1,1,1,18,400,"floor_sqrt_p",5,15,3,0.831501831501832
"NUC_vs_CONTROL",1,1,1,18,400,"floor_sqrt_p",7,15,3,0.836996336996337
"NUC_vs_CONTROL",1,1,2,18,400,"floor_sqrt_p",2,15,3,0.862637362637363
"NUC_vs_CONTROL",1,1,2,18,400,"floor_sqrt_p",5,15,3,0.862637362637363
"NUC_vs_CONTROL",1,1,2,18,400,"floor_sqrt_p",7,15,3,0.860805860805861
"NUC_vs_CONTROL",1,1,3,18,400,"floor_sqrt_p",2,15,3,0.880733944954128
"NUC_vs_CONTROL",1,1,3,18,400,"floor_sqrt_p",5,15,3,0.877064220183486
"NUC_vs_CONTROL",1,1,3,18,400,"floor_sqrt_p",7,15,3,0.877064220183486
"NUC_vs_CONTROL",1,1,4,18,400,"floor_sqrt_p",2,15,3,0.862385321100917
"NUC_vs_CONTROL",1,1,4,18,400,"floor_sqrt_p",5,15,3,0.858715596330275
"NUC_vs_CONTROL",1,1,4,18,400,"floor_sqrt_p",7,15,3,0.847706422018349
"NUC_vs_CONTROL",1,1,5,18,400,"floor_sqrt_p",2,15,3,0.851376146788991
"NUC_vs_CONTROL",1,1,5,18,400,"floor_sqrt_p",5,15,3,0.858715596330275
"NUC_vs_CONTROL",1,1,5,18,400,"floor_sqrt_p",7,15,3,0.845871559633028
"NUC_vs_CONTROL",1,1,1,19,400,"floor_sqrt_p",2,15,3,0.822344322344322
"NUC_vs_CONTROL",1,1,1,19,400,"floor_sqrt_p",5,15,3,0.826007326007326
"NUC_vs_CONTROL",1,1,1,19,400,"floor_sqrt_p",7,15,3,0.827838827838828
"NUC_vs_CONTROL",1,1,2,19,400,"floor_sqrt_p",2,16,4,0.873626373626374
"NUC_vs_CONTROL",1,1,2,19,400,"floor_sqrt_p",5,16,4,0.875457875457875
"NUC_vs_CONTROL",1,1,2,19,400,"floor_sqrt_p",7,16,4,0.86996336996337
"NUC_vs_CONTROL",1,1,3,19,400,"floor_sqrt_p",2,15,3,0.884403669724771
"NUC_vs_CONTROL",1,1,3,19,400,"floor_sqrt_p",5,15,3,0.88256880733945
"NUC_vs_CONTROL",1,1,3,19,400,"floor_sqrt_p",7,15,3,0.880733944954128
"NUC_vs_CONTROL",1,1,4,19,400,"floor_sqrt_p",2,15,3,0.851376146788991
"NUC_vs_CONTROL",1,1,4,19,400,"floor_sqrt_p",5,15,3,0.84954128440367
"NUC_vs_CONTROL",1,1,4,19,400,"floor_sqrt_p",7,15,3,0.845871559633028
"NUC_vs_CONTROL",1,1,5,19,400,"floor_sqrt_p",2,16,4,0.840366972477064
"NUC_vs_CONTROL",1,1,5,19,400,"floor_sqrt_p",5,16,4,0.845871559633028
"NUC_vs_CONTROL",1,1,5,19,400,"floor_sqrt_p",7,16,4,0.847706422018349
"NUC_vs_CONTROL",1,1,1,20,400,"floor_sqrt_p",2,15,3,0.833333333333333
"NUC_vs_CONTROL",1,1,1,20,400,"floor_sqrt_p",5,15,3,0.822344322344322
"NUC_vs_CONTROL",1,1,1,20,400,"floor_sqrt_p",7,15,3,0.833333333333333
"NUC_vs_CONTROL",1,1,2,20,400,"floor_sqrt_p",2,16,4,0.871794871794872
"NUC_vs_CONTROL",1,1,2,20,400,"floor_sqrt_p",5,16,4,0.868131868131868
"NUC_vs_CONTROL",1,1,2,20,400,"floor_sqrt_p",7,16,4,0.862637362637363
"NUC_vs_CONTROL",1,1,3,20,400,"floor_sqrt_p",2,15,3,0.869724770642202
"NUC_vs_CONTROL",1,1,3,20,400,"floor_sqrt_p",5,15,3,0.86605504587156
"NUC_vs_CONTROL",1,1,3,20,400,"floor_sqrt_p",7,15,3,0.858715596330275
"NUC_vs_CONTROL",1,1,4,20,400,"floor_sqrt_p",2,15,3,0.853211009174312
"NUC_vs_CONTROL",1,1,4,20,400,"floor_sqrt_p",5,15,3,0.864220183486239
"NUC_vs_CONTROL",1,1,4,20,400,"floor_sqrt_p",7,15,3,0.844036697247706
"NUC_vs_CONTROL",1,1,5,20,400,"floor_sqrt_p",2,16,4,0.829357798165138
"NUC_vs_CONTROL",1,1,5,20,400,"floor_sqrt_p",5,16,4,0.827522935779817
"NUC_vs_CONTROL",1,1,5,20,400,"floor_sqrt_p",7,16,4,0.827522935779817
"NUC_vs_CONTROL",1,2,1,6,400,"floor_sqrt_p",2,6,2,0.8003663003663
"NUC_vs_CONTROL",1,2,1,6,400,"floor_sqrt_p",5,6,2,0.807692307692308
"NUC_vs_CONTROL",1,2,1,6,400,"floor_sqrt_p",7,6,2,0.80952380952381
"NUC_vs_CONTROL",1,2,2,6,400,"floor_sqrt_p",2,6,2,0.811355311355311
"NUC_vs_CONTROL",1,2,2,6,400,"floor_sqrt_p",5,6,2,0.824175824175824
"NUC_vs_CONTROL",1,2,2,6,400,"floor_sqrt_p",7,6,2,0.822344322344322
"NUC_vs_CONTROL",1,2,3,6,400,"floor_sqrt_p",2,6,2,0.785321100917431
"NUC_vs_CONTROL",1,2,3,6,400,"floor_sqrt_p",5,6,2,0.790825688073394
"NUC_vs_CONTROL",1,2,3,6,400,"floor_sqrt_p",7,6,2,0.792660550458716
"NUC_vs_CONTROL",1,2,4,6,400,"floor_sqrt_p",2,6,2,0.836697247706422
"NUC_vs_CONTROL",1,2,4,6,400,"floor_sqrt_p",5,6,2,0.838532110091743
"NUC_vs_CONTROL",1,2,4,6,400,"floor_sqrt_p",7,6,2,0.838532110091743
"NUC_vs_CONTROL",1,2,5,6,400,"floor_sqrt_p",2,6,2,0.851376146788991
"NUC_vs_CONTROL",1,2,5,6,400,"floor_sqrt_p",5,6,2,0.844036697247706
"NUC_vs_CONTROL",1,2,5,6,400,"floor_sqrt_p",7,6,2,0.845871559633028
"NUC_vs_CONTROL",1,2,1,7,400,"floor_sqrt_p",2,7,2,0.840659340659341
"NUC_vs_CONTROL",1,2,1,7,400,"floor_sqrt_p",5,7,2,0.838827838827839
"NUC_vs_CONTROL",1,2,1,7,400,"floor_sqrt_p",7,7,2,0.838827838827839
"NUC_vs_CONTROL",1,2,2,7,400,"floor_sqrt_p",2,7,2,0.805860805860806
"NUC_vs_CONTROL",1,2,2,7,400,"floor_sqrt_p",5,7,2,0.815018315018315
"NUC_vs_CONTROL",1,2,2,7,400,"floor_sqrt_p",7,7,2,0.807692307692308
"NUC_vs_CONTROL",1,2,3,7,400,"floor_sqrt_p",2,7,2,0.805504587155963
"NUC_vs_CONTROL",1,2,3,7,400,"floor_sqrt_p",5,7,2,0.794495412844037
"NUC_vs_CONTROL",1,2,3,7,400,"floor_sqrt_p",7,7,2,0.798165137614679
"NUC_vs_CONTROL",1,2,4,7,400,"floor_sqrt_p",2,8,2,0.845871559633028
"NUC_vs_CONTROL",1,2,4,7,400,"floor_sqrt_p",5,8,2,0.84954128440367
"NUC_vs_CONTROL",1,2,4,7,400,"floor_sqrt_p",7,8,2,0.840366972477064
"NUC_vs_CONTROL",1,2,5,7,400,"floor_sqrt_p",2,7,2,0.825688073394495
"NUC_vs_CONTROL",1,2,5,7,400,"floor_sqrt_p",5,7,2,0.827522935779817
"NUC_vs_CONTROL",1,2,5,7,400,"floor_sqrt_p",7,7,2,0.836697247706422
"NUC_vs_CONTROL",1,2,1,8,400,"floor_sqrt_p",2,8,2,0.838827838827839
"NUC_vs_CONTROL",1,2,1,8,400,"floor_sqrt_p",5,8,2,0.835164835164835
"NUC_vs_CONTROL",1,2,1,8,400,"floor_sqrt_p",7,8,2,0.835164835164835
"NUC_vs_CONTROL",1,2,2,8,400,"floor_sqrt_p",2,8,2,0.835164835164835
"NUC_vs_CONTROL",1,2,2,8,400,"floor_sqrt_p",5,8,2,0.840659340659341
"NUC_vs_CONTROL",1,2,2,8,400,"floor_sqrt_p",7,8,2,0.836996336996337
"NUC_vs_CONTROL",1,2,3,8,400,"floor_sqrt_p",2,8,2,0.840366972477064
"NUC_vs_CONTROL",1,2,3,8,400,"floor_sqrt_p",5,8,2,0.836697247706422
"NUC_vs_CONTROL",1,2,3,8,400,"floor_sqrt_p",7,8,2,0.844036697247706
"NUC_vs_CONTROL",1,2,4,8,400,"floor_sqrt_p",2,8,2,0.856880733944954
"NUC_vs_CONTROL",1,2,4,8,400,"floor_sqrt_p",5,8,2,0.856880733944954
"NUC_vs_CONTROL",1,2,4,8,400,"floor_sqrt_p",7,8,2,0.851376146788991
"NUC_vs_CONTROL",1,2,5,8,400,"floor_sqrt_p",2,8,2,0.823853211009174
"NUC_vs_CONTROL",1,2,5,8,400,"floor_sqrt_p",5,8,2,0.814678899082569
"NUC_vs_CONTROL",1,2,5,8,400,"floor_sqrt_p",7,8,2,0.81651376146789
"NUC_vs_CONTROL",1,2,1,9,400,"floor_sqrt_p",2,9,3,0.838827838827839
"NUC_vs_CONTROL",1,2,1,9,400,"floor_sqrt_p",5,9,3,0.835164835164835
"NUC_vs_CONTROL",1,2,1,9,400,"floor_sqrt_p",7,9,3,0.836996336996337
"NUC_vs_CONTROL",1,2,2,9,400,"floor_sqrt_p",2,9,3,0.844322344322344
"NUC_vs_CONTROL",1,2,2,9,400,"floor_sqrt_p",5,9,3,0.842490842490842
"NUC_vs_CONTROL",1,2,2,9,400,"floor_sqrt_p",7,9,3,0.840659340659341
"NUC_vs_CONTROL",1,2,3,9,400,"floor_sqrt_p",2,9,3,0.831192660550459
"NUC_vs_CONTROL",1,2,3,9,400,"floor_sqrt_p",5,9,3,0.827522935779817
"NUC_vs_CONTROL",1,2,3,9,400,"floor_sqrt_p",7,9,3,0.820183486238532
"NUC_vs_CONTROL",1,2,4,9,400,"floor_sqrt_p",2,9,3,0.853211009174312
"NUC_vs_CONTROL",1,2,4,9,400,"floor_sqrt_p",5,9,3,0.858715596330275
"NUC_vs_CONTROL",1,2,4,9,400,"floor_sqrt_p",7,9,3,0.860550458715596
"NUC_vs_CONTROL",1,2,5,9,400,"floor_sqrt_p",2,9,3,0.836697247706422
"NUC_vs_CONTROL",1,2,5,9,400,"floor_sqrt_p",5,9,3,0.829357798165138
"NUC_vs_CONTROL",1,2,5,9,400,"floor_sqrt_p",7,9,3,0.838532110091743
"NUC_vs_CONTROL",1,2,1,10,400,"floor_sqrt_p",2,10,3,0.840659340659341
"NUC_vs_CONTROL",1,2,1,10,400,"floor_sqrt_p",5,10,3,0.835164835164835
"NUC_vs_CONTROL",1,2,1,10,400,"floor_sqrt_p",7,10,3,0.836996336996337
"NUC_vs_CONTROL",1,2,2,10,400,"floor_sqrt_p",2,10,3,0.840659340659341
"NUC_vs_CONTROL",1,2,2,10,400,"floor_sqrt_p",5,10,3,0.836996336996337
"NUC_vs_CONTROL",1,2,2,10,400,"floor_sqrt_p",7,10,3,0.835164835164835
"NUC_vs_CONTROL",1,2,3,10,400,"floor_sqrt_p",2,10,3,0.831192660550459
"NUC_vs_CONTROL",1,2,3,10,400,"floor_sqrt_p",5,10,3,0.831192660550459
"NUC_vs_CONTROL",1,2,3,10,400,"floor_sqrt_p",7,10,3,0.83302752293578
"NUC_vs_CONTROL",1,2,4,10,400,"floor_sqrt_p",2,10,3,0.84954128440367
"NUC_vs_CONTROL",1,2,4,10,400,"floor_sqrt_p",5,10,3,0.84954128440367
"NUC_vs_CONTROL",1,2,4,10,400,"floor_sqrt_p",7,10,3,0.855045871559633
"NUC_vs_CONTROL",1,2,5,10,400,"floor_sqrt_p",2,10,3,0.842201834862385
"NUC_vs_CONTROL",1,2,5,10,400,"floor_sqrt_p",5,10,3,0.840366972477064
"NUC_vs_CONTROL",1,2,5,10,400,"floor_sqrt_p",7,10,3,0.83302752293578
"NUC_vs_CONTROL",1,2,1,11,400,"floor_sqrt_p",2,11,3,0.844322344322344
"NUC_vs_CONTROL",1,2,1,11,400,"floor_sqrt_p",5,11,3,0.840659340659341
"NUC_vs_CONTROL",1,2,1,11,400,"floor_sqrt_p",7,11,3,0.836996336996337
"NUC_vs_CONTROL",1,2,2,11,400,"floor_sqrt_p",2,10,3,0.847985347985348
"NUC_vs_CONTROL",1,2,2,11,400,"floor_sqrt_p",5,10,3,0.846153846153846
"NUC_vs_CONTROL",1,2,2,11,400,"floor_sqrt_p",7,10,3,0.844322344322344
"NUC_vs_CONTROL",1,2,3,11,400,"floor_sqrt_p",2,11,3,0.842201834862385
"NUC_vs_CONTROL",1,2,3,11,400,"floor_sqrt_p",5,11,3,0.842201834862385
"NUC_vs_CONTROL",1,2,3,11,400,"floor_sqrt_p",7,11,3,0.83302752293578
"NUC_vs_CONTROL",1,2,4,11,400,"floor_sqrt_p",2,11,3,0.853211009174312
"NUC_vs_CONTROL",1,2,4,11,400,"floor_sqrt_p",5,11,3,0.860550458715596
"NUC_vs_CONTROL",1,2,4,11,400,"floor_sqrt_p",7,11,3,0.853211009174312
"NUC_vs_CONTROL",1,2,5,11,400,"floor_sqrt_p",2,11,3,0.856880733944954
"NUC_vs_CONTROL",1,2,5,11,400,"floor_sqrt_p",5,11,3,0.84954128440367
"NUC_vs_CONTROL",1,2,5,11,400,"floor_sqrt_p",7,11,3,0.862385321100917
"NUC_vs_CONTROL",1,2,1,12,400,"floor_sqrt_p",2,11,3,0.82967032967033
"NUC_vs_CONTROL",1,2,1,12,400,"floor_sqrt_p",5,11,3,0.827838827838828
"NUC_vs_CONTROL",1,2,1,12,400,"floor_sqrt_p",7,11,3,0.826007326007326
"NUC_vs_CONTROL",1,2,2,12,400,"floor_sqrt_p",2,11,3,0.851648351648352
"NUC_vs_CONTROL",1,2,2,12,400,"floor_sqrt_p",5,11,3,0.858974358974359
"NUC_vs_CONTROL",1,2,2,12,400,"floor_sqrt_p",7,11,3,0.844322344322344
"NUC_vs_CONTROL",1,2,3,12,400,"floor_sqrt_p",2,11,3,0.840366972477064
"NUC_vs_CONTROL",1,2,3,12,400,"floor_sqrt_p",5,11,3,0.842201834862385
"NUC_vs_CONTROL",1,2,3,12,400,"floor_sqrt_p",7,11,3,0.842201834862385
"NUC_vs_CONTROL",1,2,4,12,400,"floor_sqrt_p",2,11,3,0.842201834862385
"NUC_vs_CONTROL",1,2,4,12,400,"floor_sqrt_p",5,11,3,0.84954128440367
"NUC_vs_CONTROL",1,2,4,12,400,"floor_sqrt_p",7,11,3,0.847706422018349
"NUC_vs_CONTROL",1,2,5,12,400,"floor_sqrt_p",2,11,3,0.845871559633028
"NUC_vs_CONTROL",1,2,5,12,400,"floor_sqrt_p",5,11,3,0.851376146788991
"NUC_vs_CONTROL",1,2,5,12,400,"floor_sqrt_p",7,11,3,0.840366972477064
"NUC_vs_CONTROL",1,2,1,13,400,"floor_sqrt_p",2,12,3,0.836996336996337
"NUC_vs_CONTROL",1,2,1,13,400,"floor_sqrt_p",5,12,3,0.833333333333333
"NUC_vs_CONTROL",1,2,1,13,400,"floor_sqrt_p",7,12,3,0.824175824175824
"NUC_vs_CONTROL",1,2,2,13,400,"floor_sqrt_p",2,12,3,0.844322344322344
"NUC_vs_CONTROL",1,2,2,13,400,"floor_sqrt_p",5,12,3,0.857142857142857
"NUC_vs_CONTROL",1,2,2,13,400,"floor_sqrt_p",7,12,3,0.853479853479853
"NUC_vs_CONTROL",1,2,3,13,400,"floor_sqrt_p",2,12,3,0.827522935779817
"NUC_vs_CONTROL",1,2,3,13,400,"floor_sqrt_p",5,12,3,0.83302752293578
"NUC_vs_CONTROL",1,2,3,13,400,"floor_sqrt_p",7,12,3,0.83302752293578
"NUC_vs_CONTROL",1,2,4,13,400,"floor_sqrt_p",2,12,3,0.853211009174312
"NUC_vs_CONTROL",1,2,4,13,400,"floor_sqrt_p",5,12,3,0.851376146788991
"NUC_vs_CONTROL",1,2,4,13,400,"floor_sqrt_p",7,12,3,0.847706422018349
"NUC_vs_CONTROL",1,2,5,13,400,"floor_sqrt_p",2,12,3,0.844036697247706
"NUC_vs_CONTROL",1,2,5,13,400,"floor_sqrt_p",5,12,3,0.834862385321101
"NUC_vs_CONTROL",1,2,5,13,400,"floor_sqrt_p",7,12,3,0.834862385321101
"NUC_vs_CONTROL",1,2,1,14,400,"floor_sqrt_p",2,12,3,0.847985347985348
"NUC_vs_CONTROL",1,2,1,14,400,"floor_sqrt_p",5,12,3,0.847985347985348
"NUC_vs_CONTROL",1,2,1,14,400,"floor_sqrt_p",7,12,3,0.844322344322344
"NUC_vs_CONTROL",1,2,2,14,400,"floor_sqrt_p",2,12,3,0.857142857142857
"NUC_vs_CONTROL",1,2,2,14,400,"floor_sqrt_p",5,12,3,0.860805860805861
"NUC_vs_CONTROL",1,2,2,14,400,"floor_sqrt_p",7,12,3,0.855311355311355
"NUC_vs_CONTROL",1,2,3,14,400,"floor_sqrt_p",2,12,3,0.829357798165138
"NUC_vs_CONTROL",1,2,3,14,400,"floor_sqrt_p",5,12,3,0.83302752293578
"NUC_vs_CONTROL",1,2,3,14,400,"floor_sqrt_p",7,12,3,0.840366972477064
"NUC_vs_CONTROL",1,2,4,14,400,"floor_sqrt_p",2,12,3,0.847706422018349
"NUC_vs_CONTROL",1,2,4,14,400,"floor_sqrt_p",5,12,3,0.858715596330275
"NUC_vs_CONTROL",1,2,4,14,400,"floor_sqrt_p",7,12,3,0.84954128440367
"NUC_vs_CONTROL",1,2,5,14,400,"floor_sqrt_p",2,12,3,0.844036697247706
"NUC_vs_CONTROL",1,2,5,14,400,"floor_sqrt_p",5,12,3,0.84954128440367
"NUC_vs_CONTROL",1,2,5,14,400,"floor_sqrt_p",7,12,3,0.844036697247706
"NUC_vs_CONTROL",1,2,1,15,400,"floor_sqrt_p",2,13,3,0.835164835164835
"NUC_vs_CONTROL",1,2,1,15,400,"floor_sqrt_p",5,13,3,0.836996336996337
"NUC_vs_CONTROL",1,2,1,15,400,"floor_sqrt_p",7,13,3,0.831501831501832
"NUC_vs_CONTROL",1,2,2,15,400,"floor_sqrt_p",2,13,3,0.847985347985348
"NUC_vs_CONTROL",1,2,2,15,400,"floor_sqrt_p",5,13,3,0.847985347985348
"NUC_vs_CONTROL",1,2,2,15,400,"floor_sqrt_p",7,13,3,0.844322344322344
"NUC_vs_CONTROL",1,2,3,15,400,"floor_sqrt_p",2,13,3,0.838532110091743
"NUC_vs_CONTROL",1,2,3,15,400,"floor_sqrt_p",5,13,3,0.836697247706422
"NUC_vs_CONTROL",1,2,3,15,400,"floor_sqrt_p",7,13,3,0.83302752293578
"NUC_vs_CONTROL",1,2,4,15,400,"floor_sqrt_p",2,13,3,0.842201834862385
"NUC_vs_CONTROL",1,2,4,15,400,"floor_sqrt_p",5,13,3,0.844036697247706
"NUC_vs_CONTROL",1,2,4,15,400,"floor_sqrt_p",7,13,3,0.847706422018349
"NUC_vs_CONTROL",1,2,5,15,400,"floor_sqrt_p",2,13,3,0.858715596330275
"NUC_vs_CONTROL",1,2,5,15,400,"floor_sqrt_p",5,13,3,0.851376146788991
"NUC_vs_CONTROL",1,2,5,15,400,"floor_sqrt_p",7,13,3,0.847706422018349
"NUC_vs_CONTROL",1,2,1,16,400,"floor_sqrt_p",2,13,3,0.831501831501832
"NUC_vs_CONTROL",1,2,1,16,400,"floor_sqrt_p",5,13,3,0.831501831501832
"NUC_vs_CONTROL",1,2,1,16,400,"floor_sqrt_p",7,13,3,0.822344322344322
"NUC_vs_CONTROL",1,2,2,16,400,"floor_sqrt_p",2,13,3,0.835164835164835
"NUC_vs_CONTROL",1,2,2,16,400,"floor_sqrt_p",5,13,3,0.836996336996337
"NUC_vs_CONTROL",1,2,2,16,400,"floor_sqrt_p",7,13,3,0.833333333333333
"NUC_vs_CONTROL",1,2,3,16,400,"floor_sqrt_p",2,13,3,0.836697247706422
"NUC_vs_CONTROL",1,2,3,16,400,"floor_sqrt_p",5,13,3,0.834862385321101
"NUC_vs_CONTROL",1,2,3,16,400,"floor_sqrt_p",7,13,3,0.831192660550459
"NUC_vs_CONTROL",1,2,4,16,400,"floor_sqrt_p",2,14,3,0.860550458715596
"NUC_vs_CONTROL",1,2,4,16,400,"floor_sqrt_p",5,14,3,0.862385321100917
"NUC_vs_CONTROL",1,2,4,16,400,"floor_sqrt_p",7,14,3,0.853211009174312
"NUC_vs_CONTROL",1,2,5,16,400,"floor_sqrt_p",2,13,3,0.842201834862385
"NUC_vs_CONTROL",1,2,5,16,400,"floor_sqrt_p",5,13,3,0.84954128440367
"NUC_vs_CONTROL",1,2,5,16,400,"floor_sqrt_p",7,13,3,0.845871559633028
"NUC_vs_CONTROL",1,2,1,17,400,"floor_sqrt_p",2,14,3,0.835164835164835
"NUC_vs_CONTROL",1,2,1,17,400,"floor_sqrt_p",5,14,3,0.82967032967033
"NUC_vs_CONTROL",1,2,1,17,400,"floor_sqrt_p",7,14,3,0.831501831501832
"NUC_vs_CONTROL",1,2,2,17,400,"floor_sqrt_p",2,14,3,0.847985347985348
"NUC_vs_CONTROL",1,2,2,17,400,"floor_sqrt_p",5,14,3,0.82967032967033
"NUC_vs_CONTROL",1,2,2,17,400,"floor_sqrt_p",7,14,3,0.827838827838828
"NUC_vs_CONTROL",1,2,3,17,400,"floor_sqrt_p",2,14,3,0.847706422018349
"NUC_vs_CONTROL",1,2,3,17,400,"floor_sqrt_p",5,14,3,0.840366972477064
"NUC_vs_CONTROL",1,2,3,17,400,"floor_sqrt_p",7,14,3,0.847706422018349
"NUC_vs_CONTROL",1,2,4,17,400,"floor_sqrt_p",2,14,3,0.851376146788991
"NUC_vs_CONTROL",1,2,4,17,400,"floor_sqrt_p",5,14,3,0.856880733944954
"NUC_vs_CONTROL",1,2,4,17,400,"floor_sqrt_p",7,14,3,0.856880733944954
"NUC_vs_CONTROL",1,2,5,17,400,"floor_sqrt_p",2,14,3,0.860550458715596
"NUC_vs_CONTROL",1,2,5,17,400,"floor_sqrt_p",5,14,3,0.862385321100917
"NUC_vs_CONTROL",1,2,5,17,400,"floor_sqrt_p",7,14,3,0.855045871559633
"NUC_vs_CONTROL",1,2,1,18,400,"floor_sqrt_p",2,15,3,0.84981684981685
"NUC_vs_CONTROL",1,2,1,18,400,"floor_sqrt_p",5,15,3,0.836996336996337
"NUC_vs_CONTROL",1,2,1,18,400,"floor_sqrt_p",7,15,3,0.836996336996337
"NUC_vs_CONTROL",1,2,2,18,400,"floor_sqrt_p",2,15,3,0.851648351648352
"NUC_vs_CONTROL",1,2,2,18,400,"floor_sqrt_p",5,15,3,0.851648351648352
"NUC_vs_CONTROL",1,2,2,18,400,"floor_sqrt_p",7,15,3,0.864468864468865
"NUC_vs_CONTROL",1,2,3,18,400,"floor_sqrt_p",2,15,3,0.84954128440367
"NUC_vs_CONTROL",1,2,3,18,400,"floor_sqrt_p",5,15,3,0.845871559633028
"NUC_vs_CONTROL",1,2,3,18,400,"floor_sqrt_p",7,15,3,0.842201834862385
"NUC_vs_CONTROL",1,2,4,18,400,"floor_sqrt_p",2,15,3,0.86605504587156
"NUC_vs_CONTROL",1,2,4,18,400,"floor_sqrt_p",5,15,3,0.864220183486239
"NUC_vs_CONTROL",1,2,4,18,400,"floor_sqrt_p",7,15,3,0.862385321100917
"NUC_vs_CONTROL",1,2,5,18,400,"floor_sqrt_p",2,15,3,0.875229357798165
"NUC_vs_CONTROL",1,2,5,18,400,"floor_sqrt_p",5,15,3,0.860550458715596
"NUC_vs_CONTROL",1,2,5,18,400,"floor_sqrt_p",7,15,3,0.867889908256881
"NUC_vs_CONTROL",1,2,1,19,400,"floor_sqrt_p",2,15,3,0.831501831501832
"NUC_vs_CONTROL",1,2,1,19,400,"floor_sqrt_p",5,15,3,0.842490842490842
"NUC_vs_CONTROL",1,2,1,19,400,"floor_sqrt_p",7,15,3,0.82967032967033
"NUC_vs_CONTROL",1,2,2,19,400,"floor_sqrt_p",2,15,3,0.858974358974359
"NUC_vs_CONTROL",1,2,2,19,400,"floor_sqrt_p",5,15,3,0.84981684981685
"NUC_vs_CONTROL",1,2,2,19,400,"floor_sqrt_p",7,15,3,0.853479853479853
"NUC_vs_CONTROL",1,2,3,19,400,"floor_sqrt_p",2,15,3,0.84954128440367
"NUC_vs_CONTROL",1,2,3,19,400,"floor_sqrt_p",5,15,3,0.845871559633028
"NUC_vs_CONTROL",1,2,3,19,400,"floor_sqrt_p",7,15,3,0.845871559633028
"NUC_vs_CONTROL",1,2,4,19,400,"floor_sqrt_p",2,15,3,0.873394495412844
"NUC_vs_CONTROL",1,2,4,19,400,"floor_sqrt_p",5,15,3,0.86605504587156
"NUC_vs_CONTROL",1,2,4,19,400,"floor_sqrt_p",7,15,3,0.86605504587156
"NUC_vs_CONTROL",1,2,5,19,400,"floor_sqrt_p",2,15,3,0.858715596330275
"NUC_vs_CONTROL",1,2,5,19,400,"floor_sqrt_p",5,15,3,0.860550458715596
"NUC_vs_CONTROL",1,2,5,19,400,"floor_sqrt_p",7,15,3,0.84954128440367
"NUC_vs_CONTROL",1,2,1,20,400,"floor_sqrt_p",2,15,3,0.835164835164835
"NUC_vs_CONTROL",1,2,1,20,400,"floor_sqrt_p",5,15,3,0.831501831501832
"NUC_vs_CONTROL",1,2,1,20,400,"floor_sqrt_p",7,15,3,0.836996336996337
"NUC_vs_CONTROL",1,2,2,20,400,"floor_sqrt_p",2,15,3,0.840659340659341
"NUC_vs_CONTROL",1,2,2,20,400,"floor_sqrt_p",5,15,3,0.844322344322344
"NUC_vs_CONTROL",1,2,2,20,400,"floor_sqrt_p",7,15,3,0.838827838827839
"NUC_vs_CONTROL",1,2,3,20,400,"floor_sqrt_p",2,15,3,0.845871559633028
"NUC_vs_CONTROL",1,2,3,20,400,"floor_sqrt_p",5,15,3,0.838532110091743
"NUC_vs_CONTROL",1,2,3,20,400,"floor_sqrt_p",7,15,3,0.840366972477064
"NUC_vs_CONTROL",1,2,4,20,400,"floor_sqrt_p",2,16,4,0.862385321100917
"NUC_vs_CONTROL",1,2,4,20,400,"floor_sqrt_p",5,16,4,0.851376146788991
"NUC_vs_CONTROL",1,2,4,20,400,"floor_sqrt_p",7,16,4,0.855045871559633
"NUC_vs_CONTROL",1,2,5,20,400,"floor_sqrt_p",2,15,3,0.844036697247706
"NUC_vs_CONTROL",1,2,5,20,400,"floor_sqrt_p",5,15,3,0.844036697247706
"NUC_vs_CONTROL",1,2,5,20,400,"floor_sqrt_p",7,15,3,0.847706422018349
"NUC_vs_CONTROL",1,3,1,6,400,"floor_sqrt_p",2,6,2,0.805860805860806
"NUC_vs_CONTROL",1,3,1,6,400,"floor_sqrt_p",5,6,2,0.802197802197802
"NUC_vs_CONTROL",1,3,1,6,400,"floor_sqrt_p",7,6,2,0.802197802197802
"NUC_vs_CONTROL",1,3,2,6,400,"floor_sqrt_p",2,6,2,0.824175824175824
"NUC_vs_CONTROL",1,3,2,6,400,"floor_sqrt_p",5,6,2,0.831501831501832
"NUC_vs_CONTROL",1,3,2,6,400,"floor_sqrt_p",7,6,2,0.824175824175824
"NUC_vs_CONTROL",1,3,3,6,400,"floor_sqrt_p",2,6,2,0.860805860805861
"NUC_vs_CONTROL",1,3,3,6,400,"floor_sqrt_p",5,6,2,0.860805860805861
"NUC_vs_CONTROL",1,3,3,6,400,"floor_sqrt_p",7,6,2,0.858974358974359
"NUC_vs_CONTROL",1,3,4,6,400,"floor_sqrt_p",2,6,2,0.818348623853211
"NUC_vs_CONTROL",1,3,4,6,400,"floor_sqrt_p",5,6,2,0.812844036697248
"NUC_vs_CONTROL",1,3,4,6,400,"floor_sqrt_p",7,6,2,0.820183486238532
"NUC_vs_CONTROL",1,3,5,6,400,"floor_sqrt_p",2,6,2,0.834862385321101
"NUC_vs_CONTROL",1,3,5,6,400,"floor_sqrt_p",5,6,2,0.840366972477064
"NUC_vs_CONTROL",1,3,5,6,400,"floor_sqrt_p",7,6,2,0.838532110091743
"NUC_vs_CONTROL",1,3,1,7,400,"floor_sqrt_p",2,7,2,0.805860805860806
"NUC_vs_CONTROL",1,3,1,7,400,"floor_sqrt_p",5,7,2,0.798534798534799
"NUC_vs_CONTROL",1,3,1,7,400,"floor_sqrt_p",7,7,2,0.815018315018315
"NUC_vs_CONTROL",1,3,2,7,400,"floor_sqrt_p",2,8,2,0.840659340659341
"NUC_vs_CONTROL",1,3,2,7,400,"floor_sqrt_p",5,8,2,0.838827838827839
"NUC_vs_CONTROL",1,3,2,7,400,"floor_sqrt_p",7,8,2,0.836996336996337
"NUC_vs_CONTROL",1,3,3,7,400,"floor_sqrt_p",2,8,2,0.844322344322344
"NUC_vs_CONTROL",1,3,3,7,400,"floor_sqrt_p",5,8,2,0.846153846153846
"NUC_vs_CONTROL",1,3,3,7,400,"floor_sqrt_p",7,8,2,0.851648351648352
"NUC_vs_CONTROL",1,3,4,7,400,"floor_sqrt_p",2,7,2,0.805504587155963
"NUC_vs_CONTROL",1,3,4,7,400,"floor_sqrt_p",5,7,2,0.811009174311927
"NUC_vs_CONTROL",1,3,4,7,400,"floor_sqrt_p",7,7,2,0.807339449541284
"NUC_vs_CONTROL",1,3,5,7,400,"floor_sqrt_p",2,7,2,0.844036697247706
"NUC_vs_CONTROL",1,3,5,7,400,"floor_sqrt_p",5,7,2,0.855045871559633
"NUC_vs_CONTROL",1,3,5,7,400,"floor_sqrt_p",7,7,2,0.847706422018349
"NUC_vs_CONTROL",1,3,1,8,400,"floor_sqrt_p",2,8,2,0.818681318681319
"NUC_vs_CONTROL",1,3,1,8,400,"floor_sqrt_p",5,8,2,0.824175824175824
"NUC_vs_CONTROL",1,3,1,8,400,"floor_sqrt_p",7,8,2,0.816849816849817
"NUC_vs_CONTROL",1,3,2,8,400,"floor_sqrt_p",2,8,2,0.846153846153846
"NUC_vs_CONTROL",1,3,2,8,400,"floor_sqrt_p",5,8,2,0.84981684981685
"NUC_vs_CONTROL",1,3,2,8,400,"floor_sqrt_p",7,8,2,0.847985347985348
"NUC_vs_CONTROL",1,3,3,8,400,"floor_sqrt_p",2,9,3,0.84981684981685
"NUC_vs_CONTROL",1,3,3,8,400,"floor_sqrt_p",5,9,3,0.855311355311355
"NUC_vs_CONTROL",1,3,3,8,400,"floor_sqrt_p",7,9,3,0.846153846153846
"NUC_vs_CONTROL",1,3,4,8,400,"floor_sqrt_p",2,8,2,0.842201834862385
"NUC_vs_CONTROL",1,3,4,8,400,"floor_sqrt_p",5,8,2,0.829357798165138
"NUC_vs_CONTROL",1,3,4,8,400,"floor_sqrt_p",7,8,2,0.831192660550459
"NUC_vs_CONTROL",1,3,5,8,400,"floor_sqrt_p",2,8,2,0.86605504587156
"NUC_vs_CONTROL",1,3,5,8,400,"floor_sqrt_p",5,8,2,0.860550458715596
"NUC_vs_CONTROL",1,3,5,8,400,"floor_sqrt_p",7,8,2,0.851376146788991
"NUC_vs_CONTROL",1,3,1,9,400,"floor_sqrt_p",2,9,3,0.82051282051282
"NUC_vs_CONTROL",1,3,1,9,400,"floor_sqrt_p",5,9,3,0.818681318681319
"NUC_vs_CONTROL",1,3,1,9,400,"floor_sqrt_p",7,9,3,0.815018315018315
"NUC_vs_CONTROL",1,3,2,9,400,"floor_sqrt_p",2,9,3,0.853479853479853
"NUC_vs_CONTROL",1,3,2,9,400,"floor_sqrt_p",5,9,3,0.855311355311355
"NUC_vs_CONTROL",1,3,2,9,400,"floor_sqrt_p",7,9,3,0.851648351648352
"NUC_vs_CONTROL",1,3,3,9,400,"floor_sqrt_p",2,9,3,0.860805860805861
"NUC_vs_CONTROL",1,3,3,9,400,"floor_sqrt_p",5,9,3,0.853479853479853
"NUC_vs_CONTROL",1,3,3,9,400,"floor_sqrt_p",7,9,3,0.846153846153846
"NUC_vs_CONTROL",1,3,4,9,400,"floor_sqrt_p",2,9,3,0.834862385321101
"NUC_vs_CONTROL",1,3,4,9,400,"floor_sqrt_p",5,9,3,0.836697247706422
"NUC_vs_CONTROL",1,3,4,9,400,"floor_sqrt_p",7,9,3,0.836697247706422
"NUC_vs_CONTROL",1,3,5,9,400,"floor_sqrt_p",2,9,3,0.867889908256881
"NUC_vs_CONTROL",1,3,5,9,400,"floor_sqrt_p",5,9,3,0.853211009174312
"NUC_vs_CONTROL",1,3,5,9,400,"floor_sqrt_p",7,9,3,0.86605504587156
"NUC_vs_CONTROL",1,3,1,10,400,"floor_sqrt_p",2,10,3,0.836996336996337
"NUC_vs_CONTROL",1,3,1,10,400,"floor_sqrt_p",5,10,3,0.835164835164835
"NUC_vs_CONTROL",1,3,1,10,400,"floor_sqrt_p",7,10,3,0.836996336996337
"NUC_vs_CONTROL",1,3,2,10,400,"floor_sqrt_p",2,10,3,0.840659340659341
"NUC_vs_CONTROL",1,3,2,10,400,"floor_sqrt_p",5,10,3,0.838827838827839
"NUC_vs_CONTROL",1,3,2,10,400,"floor_sqrt_p",7,10,3,0.840659340659341
"NUC_vs_CONTROL",1,3,3,10,400,"floor_sqrt_p",2,10,3,0.838827838827839
"NUC_vs_CONTROL",1,3,3,10,400,"floor_sqrt_p",5,10,3,0.840659340659341
"NUC_vs_CONTROL",1,3,3,10,400,"floor_sqrt_p",7,10,3,0.833333333333333
"NUC_vs_CONTROL",1,3,4,10,400,"floor_sqrt_p",2,10,3,0.834862385321101
"NUC_vs_CONTROL",1,3,4,10,400,"floor_sqrt_p",5,10,3,0.838532110091743
"NUC_vs_CONTROL",1,3,4,10,400,"floor_sqrt_p",7,10,3,0.831192660550459
"NUC_vs_CONTROL",1,3,5,10,400,"floor_sqrt_p",2,10,3,0.858715596330275
"NUC_vs_CONTROL",1,3,5,10,400,"floor_sqrt_p",5,10,3,0.860550458715596
"NUC_vs_CONTROL",1,3,5,10,400,"floor_sqrt_p",7,10,3,0.858715596330275
"NUC_vs_CONTROL",1,3,1,11,400,"floor_sqrt_p",2,10,3,0.840659340659341
"NUC_vs_CONTROL",1,3,1,11,400,"floor_sqrt_p",5,10,3,0.847985347985348
"NUC_vs_CONTROL",1,3,1,11,400,"floor_sqrt_p",7,10,3,0.842490842490842
"NUC_vs_CONTROL",1,3,2,11,400,"floor_sqrt_p",2,11,3,0.853479853479853
"NUC_vs_CONTROL",1,3,2,11,400,"floor_sqrt_p",5,11,3,0.84981684981685
"NUC_vs_CONTROL",1,3,2,11,400,"floor_sqrt_p",7,11,3,0.851648351648352
"NUC_vs_CONTROL",1,3,3,11,400,"floor_sqrt_p",2,11,3,0.851648351648352
"NUC_vs_CONTROL",1,3,3,11,400,"floor_sqrt_p",5,11,3,0.842490842490842
"NUC_vs_CONTROL",1,3,3,11,400,"floor_sqrt_p",7,11,3,0.847985347985348
"NUC_vs_CONTROL",1,3,4,11,400,"floor_sqrt_p",2,11,3,0.838532110091743
"NUC_vs_CONTROL",1,3,4,11,400,"floor_sqrt_p",5,11,3,0.844036697247706
"NUC_vs_CONTROL",1,3,4,11,400,"floor_sqrt_p",7,11,3,0.845871559633028
"NUC_vs_CONTROL",1,3,5,11,400,"floor_sqrt_p",2,11,3,0.853211009174312
"NUC_vs_CONTROL",1,3,5,11,400,"floor_sqrt_p",5,11,3,0.860550458715596
"NUC_vs_CONTROL",1,3,5,11,400,"floor_sqrt_p",7,11,3,0.860550458715596
"NUC_vs_CONTROL",1,3,1,12,400,"floor_sqrt_p",2,11,3,0.842490842490842
"NUC_vs_CONTROL",1,3,1,12,400,"floor_sqrt_p",5,11,3,0.847985347985348
"NUC_vs_CONTROL",1,3,1,12,400,"floor_sqrt_p",7,11,3,0.835164835164835
"NUC_vs_CONTROL",1,3,2,12,400,"floor_sqrt_p",2,11,3,0.838827838827839
"NUC_vs_CONTROL",1,3,2,12,400,"floor_sqrt_p",5,11,3,0.836996336996337
"NUC_vs_CONTROL",1,3,2,12,400,"floor_sqrt_p",7,11,3,0.835164835164835
"NUC_vs_CONTROL",1,3,3,12,400,"floor_sqrt_p",2,12,3,0.847985347985348
"NUC_vs_CONTROL",1,3,3,12,400,"floor_sqrt_p",5,12,3,0.855311355311355
"NUC_vs_CONTROL",1,3,3,12,400,"floor_sqrt_p",7,12,3,0.84981684981685
"NUC_vs_CONTROL",1,3,4,12,400,"floor_sqrt_p",2,11,3,0.840366972477064
"NUC_vs_CONTROL",1,3,4,12,400,"floor_sqrt_p",5,11,3,0.840366972477064
"NUC_vs_CONTROL",1,3,4,12,400,"floor_sqrt_p",7,11,3,0.840366972477064
"NUC_vs_CONTROL",1,3,5,12,400,"floor_sqrt_p",2,11,3,0.853211009174312
"NUC_vs_CONTROL",1,3,5,12,400,"floor_sqrt_p",5,11,3,0.84954128440367
"NUC_vs_CONTROL",1,3,5,12,400,"floor_sqrt_p",7,11,3,0.855045871559633
"NUC_vs_CONTROL",1,3,1,13,400,"floor_sqrt_p",2,12,3,0.844322344322344
"NUC_vs_CONTROL",1,3,1,13,400,"floor_sqrt_p",5,12,3,0.844322344322344
"NUC_vs_CONTROL",1,3,1,13,400,"floor_sqrt_p",7,12,3,0.840659340659341
"NUC_vs_CONTROL",1,3,2,13,400,"floor_sqrt_p",2,12,3,0.836996336996337
"NUC_vs_CONTROL",1,3,2,13,400,"floor_sqrt_p",5,12,3,0.831501831501832
"NUC_vs_CONTROL",1,3,2,13,400,"floor_sqrt_p",7,12,3,0.836996336996337
"NUC_vs_CONTROL",1,3,3,13,400,"floor_sqrt_p",2,12,3,0.847985347985348
"NUC_vs_CONTROL",1,3,3,13,400,"floor_sqrt_p",5,12,3,0.838827838827839
"NUC_vs_CONTROL",1,3,3,13,400,"floor_sqrt_p",7,12,3,0.853479853479853
"NUC_vs_CONTROL",1,3,4,13,400,"floor_sqrt_p",2,12,3,0.838532110091743
"NUC_vs_CONTROL",1,3,4,13,400,"floor_sqrt_p",5,12,3,0.84954128440367
"NUC_vs_CONTROL",1,3,4,13,400,"floor_sqrt_p",7,12,3,0.842201834862385
"NUC_vs_CONTROL",1,3,5,13,400,"floor_sqrt_p",2,12,3,0.864220183486239
"NUC_vs_CONTROL",1,3,5,13,400,"floor_sqrt_p",5,12,3,0.853211009174312
"NUC_vs_CONTROL",1,3,5,13,400,"floor_sqrt_p",7,12,3,0.860550458715596
"NUC_vs_CONTROL",1,3,1,14,400,"floor_sqrt_p",2,12,3,0.838827838827839
"NUC_vs_CONTROL",1,3,1,14,400,"floor_sqrt_p",5,12,3,0.836996336996337
"NUC_vs_CONTROL",1,3,1,14,400,"floor_sqrt_p",7,12,3,0.831501831501832
"NUC_vs_CONTROL",1,3,2,14,400,"floor_sqrt_p",2,12,3,0.836996336996337
"NUC_vs_CONTROL",1,3,2,14,400,"floor_sqrt_p",5,12,3,0.835164835164835
"NUC_vs_CONTROL",1,3,2,14,400,"floor_sqrt_p",7,12,3,0.838827838827839
"NUC_vs_CONTROL",1,3,3,14,400,"floor_sqrt_p",2,13,3,0.842490842490842
"NUC_vs_CONTROL",1,3,3,14,400,"floor_sqrt_p",5,13,3,0.846153846153846
"NUC_vs_CONTROL",1,3,3,14,400,"floor_sqrt_p",7,13,3,0.851648351648352
"NUC_vs_CONTROL",1,3,4,14,400,"floor_sqrt_p",2,12,3,0.856880733944954
"NUC_vs_CONTROL",1,3,4,14,400,"floor_sqrt_p",5,12,3,0.856880733944954
"NUC_vs_CONTROL",1,3,4,14,400,"floor_sqrt_p",7,12,3,0.853211009174312
"NUC_vs_CONTROL",1,3,5,14,400,"floor_sqrt_p",2,12,3,0.86605504587156
"NUC_vs_CONTROL",1,3,5,14,400,"floor_sqrt_p",5,12,3,0.867889908256881
"NUC_vs_CONTROL",1,3,5,14,400,"floor_sqrt_p",7,12,3,0.860550458715596
"NUC_vs_CONTROL",1,3,1,15,400,"floor_sqrt_p",2,13,3,0.840659340659341
"NUC_vs_CONTROL",1,3,1,15,400,"floor_sqrt_p",5,13,3,0.844322344322344
"NUC_vs_CONTROL",1,3,1,15,400,"floor_sqrt_p",7,13,3,0.840659340659341
"NUC_vs_CONTROL",1,3,2,15,400,"floor_sqrt_p",2,13,3,0.827838827838828
"NUC_vs_CONTROL",1,3,2,15,400,"floor_sqrt_p",5,13,3,0.831501831501832
"NUC_vs_CONTROL",1,3,2,15,400,"floor_sqrt_p",7,13,3,0.815018315018315
"NUC_vs_CONTROL",1,3,3,15,400,"floor_sqrt_p",2,13,3,0.844322344322344
"NUC_vs_CONTROL",1,3,3,15,400,"floor_sqrt_p",5,13,3,0.835164835164835
"NUC_vs_CONTROL",1,3,3,15,400,"floor_sqrt_p",7,13,3,0.847985347985348
"NUC_vs_CONTROL",1,3,4,15,400,"floor_sqrt_p",2,13,3,0.867889908256881
"NUC_vs_CONTROL",1,3,4,15,400,"floor_sqrt_p",5,13,3,0.858715596330275
"NUC_vs_CONTROL",1,3,4,15,400,"floor_sqrt_p",7,13,3,0.858715596330275
"NUC_vs_CONTROL",1,3,5,15,400,"floor_sqrt_p",2,13,3,0.851376146788991
"NUC_vs_CONTROL",1,3,5,15,400,"floor_sqrt_p",5,13,3,0.84954128440367
"NUC_vs_CONTROL",1,3,5,15,400,"floor_sqrt_p",7,13,3,0.851376146788991
"NUC_vs_CONTROL",1,3,1,16,400,"floor_sqrt_p",2,13,3,0.833333333333333
"NUC_vs_CONTROL",1,3,1,16,400,"floor_sqrt_p",5,13,3,0.844322344322344
"NUC_vs_CONTROL",1,3,1,16,400,"floor_sqrt_p",7,13,3,0.833333333333333
"NUC_vs_CONTROL",1,3,2,16,400,"floor_sqrt_p",2,14,3,0.831501831501832
"NUC_vs_CONTROL",1,3,2,16,400,"floor_sqrt_p",5,14,3,0.824175824175824
"NUC_vs_CONTROL",1,3,2,16,400,"floor_sqrt_p",7,14,3,0.836996336996337
"NUC_vs_CONTROL",1,3,3,16,400,"floor_sqrt_p",2,14,3,0.840659340659341
"NUC_vs_CONTROL",1,3,3,16,400,"floor_sqrt_p",5,14,3,0.853479853479853
"NUC_vs_CONTROL",1,3,3,16,400,"floor_sqrt_p",7,14,3,0.836996336996337
"NUC_vs_CONTROL",1,3,4,16,400,"floor_sqrt_p",2,14,3,0.878899082568807
"NUC_vs_CONTROL",1,3,4,16,400,"floor_sqrt_p",5,14,3,0.853211009174312
"NUC_vs_CONTROL",1,3,4,16,400,"floor_sqrt_p",7,14,3,0.867889908256881
"NUC_vs_CONTROL",1,3,5,16,400,"floor_sqrt_p",2,14,3,0.858715596330275
"NUC_vs_CONTROL",1,3,5,16,400,"floor_sqrt_p",5,14,3,0.855045871559633
"NUC_vs_CONTROL",1,3,5,16,400,"floor_sqrt_p",7,14,3,0.853211009174312
"NUC_vs_CONTROL",1,3,1,17,400,"floor_sqrt_p",2,14,3,0.847985347985348
"NUC_vs_CONTROL",1,3,1,17,400,"floor_sqrt_p",5,14,3,0.847985347985348
"NUC_vs_CONTROL",1,3,1,17,400,"floor_sqrt_p",7,14,3,0.844322344322344
"NUC_vs_CONTROL",1,3,2,17,400,"floor_sqrt_p",2,14,3,0.842490842490842
"NUC_vs_CONTROL",1,3,2,17,400,"floor_sqrt_p",5,14,3,0.836996336996337
"NUC_vs_CONTROL",1,3,2,17,400,"floor_sqrt_p",7,14,3,0.833333333333333
"NUC_vs_CONTROL",1,3,3,17,400,"floor_sqrt_p",2,15,3,0.851648351648352
"NUC_vs_CONTROL",1,3,3,17,400,"floor_sqrt_p",5,15,3,0.847985347985348
"NUC_vs_CONTROL",1,3,3,17,400,"floor_sqrt_p",7,15,3,0.84981684981685
"NUC_vs_CONTROL",1,3,4,17,400,"floor_sqrt_p",2,14,3,0.869724770642202
"NUC_vs_CONTROL",1,3,4,17,400,"floor_sqrt_p",5,14,3,0.862385321100917
"NUC_vs_CONTROL",1,3,4,17,400,"floor_sqrt_p",7,14,3,0.855045871559633
"NUC_vs_CONTROL",1,3,5,17,400,"floor_sqrt_p",2,15,3,0.838532110091743
"NUC_vs_CONTROL",1,3,5,17,400,"floor_sqrt_p",5,15,3,0.853211009174312
"NUC_vs_CONTROL",1,3,5,17,400,"floor_sqrt_p",7,15,3,0.844036697247706
"NUC_vs_CONTROL",1,3,1,18,400,"floor_sqrt_p",2,15,3,0.84981684981685
"NUC_vs_CONTROL",1,3,1,18,400,"floor_sqrt_p",5,15,3,0.84981684981685
"NUC_vs_CONTROL",1,3,1,18,400,"floor_sqrt_p",7,15,3,0.840659340659341
"NUC_vs_CONTROL",1,3,2,18,400,"floor_sqrt_p",2,15,3,0.846153846153846
"NUC_vs_CONTROL",1,3,2,18,400,"floor_sqrt_p",5,15,3,0.84981684981685
"NUC_vs_CONTROL",1,3,2,18,400,"floor_sqrt_p",7,15,3,0.846153846153846
"NUC_vs_CONTROL",1,3,3,18,400,"floor_sqrt_p",2,15,3,0.853479853479853
"NUC_vs_CONTROL",1,3,3,18,400,"floor_sqrt_p",5,15,3,0.842490842490842
"NUC_vs_CONTROL",1,3,3,18,400,"floor_sqrt_p",7,15,3,0.855311355311355
"NUC_vs_CONTROL",1,3,4,18,400,"floor_sqrt_p",2,15,3,0.869724770642202
"NUC_vs_CONTROL",1,3,4,18,400,"floor_sqrt_p",5,15,3,0.860550458715596
"NUC_vs_CONTROL",1,3,4,18,400,"floor_sqrt_p",7,15,3,0.867889908256881
"NUC_vs_CONTROL",1,3,5,18,400,"floor_sqrt_p",2,15,3,0.860550458715596
"NUC_vs_CONTROL",1,3,5,18,400,"floor_sqrt_p",5,15,3,0.862385321100917
"NUC_vs_CONTROL",1,3,5,18,400,"floor_sqrt_p",7,15,3,0.856880733944954
"NUC_vs_CONTROL",1,3,1,19,400,"floor_sqrt_p",2,15,3,0.855311355311355
"NUC_vs_CONTROL",1,3,1,19,400,"floor_sqrt_p",5,15,3,0.84981684981685
"NUC_vs_CONTROL",1,3,1,19,400,"floor_sqrt_p",7,15,3,0.84981684981685
"NUC_vs_CONTROL",1,3,2,19,400,"floor_sqrt_p",2,15,3,0.842490842490842
"NUC_vs_CONTROL",1,3,2,19,400,"floor_sqrt_p",5,15,3,0.826007326007326
"NUC_vs_CONTROL",1,3,2,19,400,"floor_sqrt_p",7,15,3,0.827838827838828
"NUC_vs_CONTROL",1,3,3,19,400,"floor_sqrt_p",2,16,4,0.868131868131868
"NUC_vs_CONTROL",1,3,3,19,400,"floor_sqrt_p",5,16,4,0.864468864468865
"NUC_vs_CONTROL",1,3,3,19,400,"floor_sqrt_p",7,16,4,0.858974358974359
"NUC_vs_CONTROL",1,3,4,19,400,"floor_sqrt_p",2,15,3,0.875229357798165
"NUC_vs_CONTROL",1,3,4,19,400,"floor_sqrt_p",5,15,3,0.873394495412844
"NUC_vs_CONTROL",1,3,4,19,400,"floor_sqrt_p",7,15,3,0.873394495412844
"NUC_vs_CONTROL",1,3,5,19,400,"floor_sqrt_p",2,16,4,0.851376146788991
"NUC_vs_CONTROL",1,3,5,19,400,"floor_sqrt_p",5,16,4,0.856880733944954
"NUC_vs_CONTROL",1,3,5,19,400,"floor_sqrt_p",7,16,4,0.855045871559633
"NUC_vs_CONTROL",1,3,1,20,400,"floor_sqrt_p",2,15,3,0.851648351648352
"NUC_vs_CONTROL",1,3,1,20,400,"floor_sqrt_p",5,15,3,0.842490842490842
"NUC_vs_CONTROL",1,3,1,20,400,"floor_sqrt_p",7,15,3,0.842490842490842
"NUC_vs_CONTROL",1,3,2,20,400,"floor_sqrt_p",2,16,4,0.833333333333333
"NUC_vs_CONTROL",1,3,2,20,400,"floor_sqrt_p",5,16,4,0.831501831501832
"NUC_vs_CONTROL",1,3,2,20,400,"floor_sqrt_p",7,16,4,0.827838827838828
"NUC_vs_CONTROL",1,3,3,20,400,"floor_sqrt_p",2,16,4,0.862637362637363
"NUC_vs_CONTROL",1,3,3,20,400,"floor_sqrt_p",5,16,4,0.858974358974359
"NUC_vs_CONTROL",1,3,3,20,400,"floor_sqrt_p",7,16,4,0.860805860805861
"NUC_vs_CONTROL",1,3,4,20,400,"floor_sqrt_p",2,16,4,0.877064220183486
"NUC_vs_CONTROL",1,3,4,20,400,"floor_sqrt_p",5,16,4,0.88256880733945
"NUC_vs_CONTROL",1,3,4,20,400,"floor_sqrt_p",7,16,4,0.873394495412844
"NUC_vs_CONTROL",1,3,5,20,400,"floor_sqrt_p",2,16,4,0.860550458715596
"NUC_vs_CONTROL",1,3,5,20,400,"floor_sqrt_p",5,16,4,0.871559633027523
"NUC_vs_CONTROL",1,3,5,20,400,"floor_sqrt_p",7,16,4,0.869724770642202
"NUC_vs_CONTROL",1,4,1,6,400,"floor_sqrt_p",2,6,2,0.829981718464351
"NUC_vs_CONTROL",1,4,1,6,400,"floor_sqrt_p",5,6,2,0.837294332723949
"NUC_vs_CONTROL",1,4,1,6,400,"floor_sqrt_p",7,6,2,0.826325411334552
"NUC_vs_CONTROL",1,4,2,6,400,"floor_sqrt_p",2,6,2,0.80952380952381
"NUC_vs_CONTROL",1,4,2,6,400,"floor_sqrt_p",5,6,2,0.813186813186813
"NUC_vs_CONTROL",1,4,2,6,400,"floor_sqrt_p",7,6,2,0.816849816849817
"NUC_vs_CONTROL",1,4,3,6,400,"floor_sqrt_p",2,6,2,0.813186813186813
"NUC_vs_CONTROL",1,4,3,6,400,"floor_sqrt_p",5,6,2,0.818681318681319
"NUC_vs_CONTROL",1,4,3,6,400,"floor_sqrt_p",7,6,2,0.822344322344322
"NUC_vs_CONTROL",1,4,4,6,400,"floor_sqrt_p",2,6,2,0.844036697247706
"NUC_vs_CONTROL",1,4,4,6,400,"floor_sqrt_p",5,6,2,0.838532110091743
"NUC_vs_CONTROL",1,4,4,6,400,"floor_sqrt_p",7,6,2,0.834862385321101
"NUC_vs_CONTROL",1,4,5,6,400,"floor_sqrt_p",2,6,2,0.818348623853211
"NUC_vs_CONTROL",1,4,5,6,400,"floor_sqrt_p",5,6,2,0.814678899082569
"NUC_vs_CONTROL",1,4,5,6,400,"floor_sqrt_p",7,6,2,0.805504587155963
"NUC_vs_CONTROL",1,4,1,7,400,"floor_sqrt_p",2,7,2,0.83180987202925
"NUC_vs_CONTROL",1,4,1,7,400,"floor_sqrt_p",5,7,2,0.839122486288848
"NUC_vs_CONTROL",1,4,1,7,400,"floor_sqrt_p",7,7,2,0.837294332723949
"NUC_vs_CONTROL",1,4,2,7,400,"floor_sqrt_p",2,8,2,0.815018315018315
"NUC_vs_CONTROL",1,4,2,7,400,"floor_sqrt_p",5,8,2,0.816849816849817
"NUC_vs_CONTROL",1,4,2,7,400,"floor_sqrt_p",7,8,2,0.822344322344322
"NUC_vs_CONTROL",1,4,3,7,400,"floor_sqrt_p",2,7,2,0.855311355311355
"NUC_vs_CONTROL",1,4,3,7,400,"floor_sqrt_p",5,7,2,0.844322344322344
"NUC_vs_CONTROL",1,4,3,7,400,"floor_sqrt_p",7,7,2,0.836996336996337
"NUC_vs_CONTROL",1,4,4,7,400,"floor_sqrt_p",2,7,2,0.844036697247706
"NUC_vs_CONTROL",1,4,4,7,400,"floor_sqrt_p",5,7,2,0.845871559633028
"NUC_vs_CONTROL",1,4,4,7,400,"floor_sqrt_p",7,7,2,0.838532110091743
"NUC_vs_CONTROL",1,4,5,7,400,"floor_sqrt_p",2,7,2,0.822018348623853
"NUC_vs_CONTROL",1,4,5,7,400,"floor_sqrt_p",5,7,2,0.822018348623853
"NUC_vs_CONTROL",1,4,5,7,400,"floor_sqrt_p",7,7,2,0.822018348623853
"NUC_vs_CONTROL",1,4,1,8,400,"floor_sqrt_p",2,8,2,0.861060329067642
"NUC_vs_CONTROL",1,4,1,8,400,"floor_sqrt_p",5,8,2,0.861060329067642
"NUC_vs_CONTROL",1,4,1,8,400,"floor_sqrt_p",7,8,2,0.861060329067642
"NUC_vs_CONTROL",1,4,2,8,400,"floor_sqrt_p",2,9,3,0.818681318681319
"NUC_vs_CONTROL",1,4,2,8,400,"floor_sqrt_p",5,9,3,0.824175824175824
"NUC_vs_CONTROL",1,4,2,8,400,"floor_sqrt_p",7,9,3,0.82051282051282
"NUC_vs_CONTROL",1,4,3,8,400,"floor_sqrt_p",2,8,2,0.836996336996337
"NUC_vs_CONTROL",1,4,3,8,400,"floor_sqrt_p",5,8,2,0.847985347985348
"NUC_vs_CONTROL",1,4,3,8,400,"floor_sqrt_p",7,8,2,0.836996336996337
"NUC_vs_CONTROL",1,4,4,8,400,"floor_sqrt_p",2,8,2,0.834862385321101
"NUC_vs_CONTROL",1,4,4,8,400,"floor_sqrt_p",5,8,2,0.827522935779817
"NUC_vs_CONTROL",1,4,4,8,400,"floor_sqrt_p",7,8,2,0.831192660550459
"NUC_vs_CONTROL",1,4,5,8,400,"floor_sqrt_p",2,8,2,0.842201834862385
"NUC_vs_CONTROL",1,4,5,8,400,"floor_sqrt_p",5,8,2,0.844036697247706
"NUC_vs_CONTROL",1,4,5,8,400,"floor_sqrt_p",7,8,2,0.834862385321101
"NUC_vs_CONTROL",1,4,1,9,400,"floor_sqrt_p",2,9,3,0.873857404021938
"NUC_vs_CONTROL",1,4,1,9,400,"floor_sqrt_p",5,9,3,0.870201096892139
"NUC_vs_CONTROL",1,4,1,9,400,"floor_sqrt_p",7,9,3,0.875685557586837
"NUC_vs_CONTROL",1,4,2,9,400,"floor_sqrt_p",2,10,3,0.833333333333333
"NUC_vs_CONTROL",1,4,2,9,400,"floor_sqrt_p",5,10,3,0.827838827838828
"NUC_vs_CONTROL",1,4,2,9,400,"floor_sqrt_p",7,10,3,0.838827838827839
"NUC_vs_CONTROL",1,4,3,9,400,"floor_sqrt_p",2,9,3,0.844322344322344
"NUC_vs_CONTROL",1,4,3,9,400,"floor_sqrt_p",5,9,3,0.84981684981685
"NUC_vs_CONTROL",1,4,3,9,400,"floor_sqrt_p",7,9,3,0.858974358974359
"NUC_vs_CONTROL",1,4,4,9,400,"floor_sqrt_p",2,9,3,0.844036697247706
"NUC_vs_CONTROL",1,4,4,9,400,"floor_sqrt_p",5,9,3,0.847706422018349
"NUC_vs_CONTROL",1,4,4,9,400,"floor_sqrt_p",7,9,3,0.842201834862385
"NUC_vs_CONTROL",1,4,5,9,400,"floor_sqrt_p",2,9,3,0.858715596330275
"NUC_vs_CONTROL",1,4,5,9,400,"floor_sqrt_p",5,9,3,0.855045871559633
"NUC_vs_CONTROL",1,4,5,9,400,"floor_sqrt_p",7,9,3,0.858715596330275
"NUC_vs_CONTROL",1,4,1,10,400,"floor_sqrt_p",2,10,3,0.857404021937843
"NUC_vs_CONTROL",1,4,1,10,400,"floor_sqrt_p",5,10,3,0.859232175502742
"NUC_vs_CONTROL",1,4,1,10,400,"floor_sqrt_p",7,10,3,0.855575868372943
"NUC_vs_CONTROL",1,4,2,10,400,"floor_sqrt_p",2,10,3,0.835164835164835
"NUC_vs_CONTROL",1,4,2,10,400,"floor_sqrt_p",5,10,3,0.82051282051282
"NUC_vs_CONTROL",1,4,2,10,400,"floor_sqrt_p",7,10,3,0.826007326007326
"NUC_vs_CONTROL",1,4,3,10,400,"floor_sqrt_p",2,10,3,0.860805860805861
"NUC_vs_CONTROL",1,4,3,10,400,"floor_sqrt_p",5,10,3,0.858974358974359
"NUC_vs_CONTROL",1,4,3,10,400,"floor_sqrt_p",7,10,3,0.851648351648352
"NUC_vs_CONTROL",1,4,4,10,400,"floor_sqrt_p",2,10,3,0.856880733944954
"NUC_vs_CONTROL",1,4,4,10,400,"floor_sqrt_p",5,10,3,0.855045871559633
"NUC_vs_CONTROL",1,4,4,10,400,"floor_sqrt_p",7,10,3,0.860550458715596
"NUC_vs_CONTROL",1,4,5,10,400,"floor_sqrt_p",2,10,3,0.855045871559633
"NUC_vs_CONTROL",1,4,5,10,400,"floor_sqrt_p",5,10,3,0.858715596330275
"NUC_vs_CONTROL",1,4,5,10,400,"floor_sqrt_p",7,10,3,0.853211009174312
"NUC_vs_CONTROL",1,4,1,11,400,"floor_sqrt_p",2,11,3,0.861060329067642
"NUC_vs_CONTROL",1,4,1,11,400,"floor_sqrt_p",5,11,3,0.850091407678245
"NUC_vs_CONTROL",1,4,1,11,400,"floor_sqrt_p",7,11,3,0.855575868372943
"NUC_vs_CONTROL",1,4,2,11,400,"floor_sqrt_p",2,11,3,0.842490842490842
"NUC_vs_CONTROL",1,4,2,11,400,"floor_sqrt_p",5,11,3,0.835164835164835
"NUC_vs_CONTROL",1,4,2,11,400,"floor_sqrt_p",7,11,3,0.831501831501832
"NUC_vs_CONTROL",1,4,3,11,400,"floor_sqrt_p",2,11,3,0.84981684981685
"NUC_vs_CONTROL",1,4,3,11,400,"floor_sqrt_p",5,11,3,0.853479853479853
"NUC_vs_CONTROL",1,4,3,11,400,"floor_sqrt_p",7,11,3,0.84981684981685
"NUC_vs_CONTROL",1,4,4,11,400,"floor_sqrt_p",2,10,3,0.860550458715596
"NUC_vs_CONTROL",1,4,4,11,400,"floor_sqrt_p",5,10,3,0.851376146788991
"NUC_vs_CONTROL",1,4,4,11,400,"floor_sqrt_p",7,10,3,0.855045871559633
"NUC_vs_CONTROL",1,4,5,11,400,"floor_sqrt_p",2,11,3,0.871559633027523
"NUC_vs_CONTROL",1,4,5,11,400,"floor_sqrt_p",5,11,3,0.875229357798165
"NUC_vs_CONTROL",1,4,5,11,400,"floor_sqrt_p",7,11,3,0.869724770642202
"NUC_vs_CONTROL",1,4,1,12,400,"floor_sqrt_p",2,11,3,0.846435100548446
"NUC_vs_CONTROL",1,4,1,12,400,"floor_sqrt_p",5,11,3,0.846435100548446
"NUC_vs_CONTROL",1,4,1,12,400,"floor_sqrt_p",7,11,3,0.851919561243144
"NUC_vs_CONTROL",1,4,2,12,400,"floor_sqrt_p",2,12,3,0.840659340659341
"NUC_vs_CONTROL",1,4,2,12,400,"floor_sqrt_p",5,12,3,0.833333333333333
"NUC_vs_CONTROL",1,4,2,12,400,"floor_sqrt_p",7,12,3,0.838827838827839
"NUC_vs_CONTROL",1,4,3,12,400,"floor_sqrt_p",2,11,3,0.862637362637363
"NUC_vs_CONTROL",1,4,3,12,400,"floor_sqrt_p",5,11,3,0.857142857142857
"NUC_vs_CONTROL",1,4,3,12,400,"floor_sqrt_p",7,11,3,0.857142857142857
"NUC_vs_CONTROL",1,4,4,12,400,"floor_sqrt_p",2,11,3,0.853211009174312
"NUC_vs_CONTROL",1,4,4,12,400,"floor_sqrt_p",5,11,3,0.844036697247706
"NUC_vs_CONTROL",1,4,4,12,400,"floor_sqrt_p",7,11,3,0.845871559633028
"NUC_vs_CONTROL",1,4,5,12,400,"floor_sqrt_p",2,11,3,0.862385321100917
"NUC_vs_CONTROL",1,4,5,12,400,"floor_sqrt_p",5,11,3,0.864220183486239
"NUC_vs_CONTROL",1,4,5,12,400,"floor_sqrt_p",7,11,3,0.86605504587156
"NUC_vs_CONTROL",1,4,1,13,400,"floor_sqrt_p",2,12,3,0.857404021937843
"NUC_vs_CONTROL",1,4,1,13,400,"floor_sqrt_p",5,12,3,0.861060329067642
"NUC_vs_CONTROL",1,4,1,13,400,"floor_sqrt_p",7,12,3,0.870201096892139
"NUC_vs_CONTROL",1,4,2,13,400,"floor_sqrt_p",2,12,3,0.831501831501832
"NUC_vs_CONTROL",1,4,2,13,400,"floor_sqrt_p",5,12,3,0.82967032967033
"NUC_vs_CONTROL",1,4,2,13,400,"floor_sqrt_p",7,12,3,0.82967032967033
"NUC_vs_CONTROL",1,4,3,13,400,"floor_sqrt_p",2,12,3,0.851648351648352
"NUC_vs_CONTROL",1,4,3,13,400,"floor_sqrt_p",5,12,3,0.84981684981685
"NUC_vs_CONTROL",1,4,3,13,400,"floor_sqrt_p",7,12,3,0.84981684981685
"NUC_vs_CONTROL",1,4,4,13,400,"floor_sqrt_p",2,12,3,0.862385321100917
"NUC_vs_CONTROL",1,4,4,13,400,"floor_sqrt_p",5,12,3,0.855045871559633
"NUC_vs_CONTROL",1,4,4,13,400,"floor_sqrt_p",7,12,3,0.858715596330275
"NUC_vs_CONTROL",1,4,5,13,400,"floor_sqrt_p",2,12,3,0.856880733944954
"NUC_vs_CONTROL",1,4,5,13,400,"floor_sqrt_p",5,12,3,0.851376146788991
"NUC_vs_CONTROL",1,4,5,13,400,"floor_sqrt_p",7,12,3,0.853211009174312
"NUC_vs_CONTROL",1,4,1,14,400,"floor_sqrt_p",2,12,3,0.857404021937843
"NUC_vs_CONTROL",1,4,1,14,400,"floor_sqrt_p",5,12,3,0.86654478976234
"NUC_vs_CONTROL",1,4,1,14,400,"floor_sqrt_p",7,12,3,0.855575868372943
"NUC_vs_CONTROL",1,4,2,14,400,"floor_sqrt_p",2,13,3,0.82967032967033
"NUC_vs_CONTROL",1,4,2,14,400,"floor_sqrt_p",5,13,3,0.827838827838828
"NUC_vs_CONTROL",1,4,2,14,400,"floor_sqrt_p",7,13,3,0.833333333333333
"NUC_vs_CONTROL",1,4,3,14,400,"floor_sqrt_p",2,12,3,0.862637362637363
"NUC_vs_CONTROL",1,4,3,14,400,"floor_sqrt_p",5,12,3,0.862637362637363
"NUC_vs_CONTROL",1,4,3,14,400,"floor_sqrt_p",7,12,3,0.864468864468865
"NUC_vs_CONTROL",1,4,4,14,400,"floor_sqrt_p",2,12,3,0.856880733944954
"NUC_vs_CONTROL",1,4,4,14,400,"floor_sqrt_p",5,12,3,0.856880733944954
"NUC_vs_CONTROL",1,4,4,14,400,"floor_sqrt_p",7,12,3,0.853211009174312
"NUC_vs_CONTROL",1,4,5,14,400,"floor_sqrt_p",2,12,3,0.860550458715596
"NUC_vs_CONTROL",1,4,5,14,400,"floor_sqrt_p",5,12,3,0.86605504587156
"NUC_vs_CONTROL",1,4,5,14,400,"floor_sqrt_p",7,12,3,0.860550458715596
"NUC_vs_CONTROL",1,4,1,15,400,"floor_sqrt_p",2,13,3,0.840950639853748
"NUC_vs_CONTROL",1,4,1,15,400,"floor_sqrt_p",5,13,3,0.853747714808044
"NUC_vs_CONTROL",1,4,1,15,400,"floor_sqrt_p",7,13,3,0.853747714808044
"NUC_vs_CONTROL",1,4,2,15,400,"floor_sqrt_p",2,13,3,0.833333333333333
"NUC_vs_CONTROL",1,4,2,15,400,"floor_sqrt_p",5,13,3,0.827838827838828
"NUC_vs_CONTROL",1,4,2,15,400,"floor_sqrt_p",7,13,3,0.826007326007326
"NUC_vs_CONTROL",1,4,3,15,400,"floor_sqrt_p",2,13,3,0.868131868131868
"NUC_vs_CONTROL",1,4,3,15,400,"floor_sqrt_p",5,13,3,0.857142857142857
"NUC_vs_CONTROL",1,4,3,15,400,"floor_sqrt_p",7,13,3,0.857142857142857
"NUC_vs_CONTROL",1,4,4,15,400,"floor_sqrt_p",2,13,3,0.853211009174312
"NUC_vs_CONTROL",1,4,4,15,400,"floor_sqrt_p",5,13,3,0.847706422018349
"NUC_vs_CONTROL",1,4,4,15,400,"floor_sqrt_p",7,13,3,0.844036697247706
"NUC_vs_CONTROL",1,4,5,15,400,"floor_sqrt_p",2,13,3,0.86605504587156
"NUC_vs_CONTROL",1,4,5,15,400,"floor_sqrt_p",5,13,3,0.858715596330275
"NUC_vs_CONTROL",1,4,5,15,400,"floor_sqrt_p",7,13,3,0.867889908256881
"NUC_vs_CONTROL",1,4,1,16,400,"floor_sqrt_p",2,14,3,0.862888482632541
"NUC_vs_CONTROL",1,4,1,16,400,"floor_sqrt_p",5,14,3,0.859232175502742
"NUC_vs_CONTROL",1,4,1,16,400,"floor_sqrt_p",7,14,3,0.853747714808044
"NUC_vs_CONTROL",1,4,2,16,400,"floor_sqrt_p",2,14,3,0.840659340659341
"NUC_vs_CONTROL",1,4,2,16,400,"floor_sqrt_p",5,14,3,0.838827838827839
"NUC_vs_CONTROL",1,4,2,16,400,"floor_sqrt_p",7,14,3,0.838827838827839
"NUC_vs_CONTROL",1,4,3,16,400,"floor_sqrt_p",2,13,3,0.857142857142857
"NUC_vs_CONTROL",1,4,3,16,400,"floor_sqrt_p",5,13,3,0.857142857142857
"NUC_vs_CONTROL",1,4,3,16,400,"floor_sqrt_p",7,13,3,0.853479853479853
"NUC_vs_CONTROL",1,4,4,16,400,"floor_sqrt_p",2,13,3,0.855045871559633
"NUC_vs_CONTROL",1,4,4,16,400,"floor_sqrt_p",5,13,3,0.856880733944954
"NUC_vs_CONTROL",1,4,4,16,400,"floor_sqrt_p",7,13,3,0.855045871559633
"NUC_vs_CONTROL",1,4,5,16,400,"floor_sqrt_p",2,14,3,0.867889908256881
"NUC_vs_CONTROL",1,4,5,16,400,"floor_sqrt_p",5,14,3,0.867889908256881
"NUC_vs_CONTROL",1,4,5,16,400,"floor_sqrt_p",7,14,3,0.86605504587156
"NUC_vs_CONTROL",1,4,1,17,400,"floor_sqrt_p",2,14,3,0.859232175502742
"NUC_vs_CONTROL",1,4,1,17,400,"floor_sqrt_p",5,14,3,0.86654478976234
"NUC_vs_CONTROL",1,4,1,17,400,"floor_sqrt_p",7,14,3,0.86837294332724
"NUC_vs_CONTROL",1,4,2,17,400,"floor_sqrt_p",2,15,3,0.838827838827839
"NUC_vs_CONTROL",1,4,2,17,400,"floor_sqrt_p",5,15,3,0.831501831501832
"NUC_vs_CONTROL",1,4,2,17,400,"floor_sqrt_p",7,15,3,0.838827838827839
"NUC_vs_CONTROL",1,4,3,17,400,"floor_sqrt_p",2,14,3,0.853479853479853
"NUC_vs_CONTROL",1,4,3,17,400,"floor_sqrt_p",5,14,3,0.851648351648352
"NUC_vs_CONTROL",1,4,3,17,400,"floor_sqrt_p",7,14,3,0.840659340659341
"NUC_vs_CONTROL",1,4,4,17,400,"floor_sqrt_p",2,14,3,0.858715596330275
"NUC_vs_CONTROL",1,4,4,17,400,"floor_sqrt_p",5,14,3,0.855045871559633
"NUC_vs_CONTROL",1,4,4,17,400,"floor_sqrt_p",7,14,3,0.853211009174312
"NUC_vs_CONTROL",1,4,5,17,400,"floor_sqrt_p",2,14,3,0.858715596330275
"NUC_vs_CONTROL",1,4,5,17,400,"floor_sqrt_p",5,14,3,0.858715596330275
"NUC_vs_CONTROL",1,4,5,17,400,"floor_sqrt_p",7,14,3,0.860550458715596
"NUC_vs_CONTROL",1,4,1,18,400,"floor_sqrt_p",2,15,3,0.853747714808044
"NUC_vs_CONTROL",1,4,1,18,400,"floor_sqrt_p",5,15,3,0.844606946983547
"NUC_vs_CONTROL",1,4,1,18,400,"floor_sqrt_p",7,15,3,0.850091407678245
"NUC_vs_CONTROL",1,4,2,18,400,"floor_sqrt_p",2,15,3,0.842490842490842
"NUC_vs_CONTROL",1,4,2,18,400,"floor_sqrt_p",5,15,3,0.846153846153846
"NUC_vs_CONTROL",1,4,2,18,400,"floor_sqrt_p",7,15,3,0.844322344322344
"NUC_vs_CONTROL",1,4,3,18,400,"floor_sqrt_p",2,14,3,0.851648351648352
"NUC_vs_CONTROL",1,4,3,18,400,"floor_sqrt_p",5,14,3,0.868131868131868
"NUC_vs_CONTROL",1,4,3,18,400,"floor_sqrt_p",7,14,3,0.873626373626374
"NUC_vs_CONTROL",1,4,4,18,400,"floor_sqrt_p",2,14,3,0.858715596330275
"NUC_vs_CONTROL",1,4,4,18,400,"floor_sqrt_p",5,14,3,0.858715596330275
"NUC_vs_CONTROL",1,4,4,18,400,"floor_sqrt_p",7,14,3,0.858715596330275
"NUC_vs_CONTROL",1,4,5,18,400,"floor_sqrt_p",2,15,3,0.864220183486239
"NUC_vs_CONTROL",1,4,5,18,400,"floor_sqrt_p",5,15,3,0.871559633027523
"NUC_vs_CONTROL",1,4,5,18,400,"floor_sqrt_p",7,15,3,0.862385321100917
"NUC_vs_CONTROL",1,4,1,19,400,"floor_sqrt_p",2,15,3,0.857404021937843
"NUC_vs_CONTROL",1,4,1,19,400,"floor_sqrt_p",5,15,3,0.855575868372943
"NUC_vs_CONTROL",1,4,1,19,400,"floor_sqrt_p",7,15,3,0.857404021937843
"NUC_vs_CONTROL",1,4,2,19,400,"floor_sqrt_p",2,16,4,0.853479853479853
"NUC_vs_CONTROL",1,4,2,19,400,"floor_sqrt_p",5,16,4,0.84981684981685
"NUC_vs_CONTROL",1,4,2,19,400,"floor_sqrt_p",7,16,4,0.851648351648352
"NUC_vs_CONTROL",1,4,3,19,400,"floor_sqrt_p",2,15,3,0.868131868131868
"NUC_vs_CONTROL",1,4,3,19,400,"floor_sqrt_p",5,15,3,0.866300366300366
"NUC_vs_CONTROL",1,4,3,19,400,"floor_sqrt_p",7,15,3,0.866300366300366
"NUC_vs_CONTROL",1,4,4,19,400,"floor_sqrt_p",2,15,3,0.864220183486239
"NUC_vs_CONTROL",1,4,4,19,400,"floor_sqrt_p",5,15,3,0.856880733944954
"NUC_vs_CONTROL",1,4,4,19,400,"floor_sqrt_p",7,15,3,0.853211009174312
"NUC_vs_CONTROL",1,4,5,19,400,"floor_sqrt_p",2,15,3,0.869724770642202
"NUC_vs_CONTROL",1,4,5,19,400,"floor_sqrt_p",5,15,3,0.855045871559633
"NUC_vs_CONTROL",1,4,5,19,400,"floor_sqrt_p",7,15,3,0.867889908256881
"NUC_vs_CONTROL",1,4,1,20,400,"floor_sqrt_p",2,15,3,0.853747714808044
"NUC_vs_CONTROL",1,4,1,20,400,"floor_sqrt_p",5,15,3,0.850091407678245
"NUC_vs_CONTROL",1,4,1,20,400,"floor_sqrt_p",7,15,3,0.840950639853748
"NUC_vs_CONTROL",1,4,2,20,400,"floor_sqrt_p",2,16,4,0.860805860805861
"NUC_vs_CONTROL",1,4,2,20,400,"floor_sqrt_p",5,16,4,0.866300366300366
"NUC_vs_CONTROL",1,4,2,20,400,"floor_sqrt_p",7,16,4,0.84981684981685
"NUC_vs_CONTROL",1,4,3,20,400,"floor_sqrt_p",2,15,3,0.858974358974359
"NUC_vs_CONTROL",1,4,3,20,400,"floor_sqrt_p",5,15,3,0.864468864468865
"NUC_vs_CONTROL",1,4,3,20,400,"floor_sqrt_p",7,15,3,0.864468864468865
"NUC_vs_CONTROL",1,4,4,20,400,"floor_sqrt_p",2,15,3,0.858715596330275
"NUC_vs_CONTROL",1,4,4,20,400,"floor_sqrt_p",5,15,3,0.858715596330275
"NUC_vs_CONTROL",1,4,4,20,400,"floor_sqrt_p",7,15,3,0.858715596330275
"NUC_vs_CONTROL",1,4,5,20,400,"floor_sqrt_p",2,15,3,0.867889908256881
"NUC_vs_CONTROL",1,4,5,20,400,"floor_sqrt_p",5,15,3,0.864220183486239
"NUC_vs_CONTROL",1,4,5,20,400,"floor_sqrt_p",7,15,3,0.86605504587156
"NUC_vs_CONTROL",1,5,1,6,400,"floor_sqrt_p",2,6,2,0.828153564899452
"NUC_vs_CONTROL",1,5,1,6,400,"floor_sqrt_p",5,6,2,0.835466179159049
"NUC_vs_CONTROL",1,5,1,6,400,"floor_sqrt_p",7,6,2,0.842778793418647
"NUC_vs_CONTROL",1,5,2,6,400,"floor_sqrt_p",2,7,2,0.833333333333333
"NUC_vs_CONTROL",1,5,2,6,400,"floor_sqrt_p",5,7,2,0.82967032967033
"NUC_vs_CONTROL",1,5,2,6,400,"floor_sqrt_p",7,7,2,0.831501831501832
"NUC_vs_CONTROL",1,5,3,6,400,"floor_sqrt_p",2,6,2,0.798534798534799
"NUC_vs_CONTROL",1,5,3,6,400,"floor_sqrt_p",5,6,2,0.798534798534799
"NUC_vs_CONTROL",1,5,3,6,400,"floor_sqrt_p",7,6,2,0.794871794871795
"NUC_vs_CONTROL",1,5,4,6,400,"floor_sqrt_p",2,6,2,0.811009174311927
"NUC_vs_CONTROL",1,5,4,6,400,"floor_sqrt_p",5,6,2,0.809174311926605
"NUC_vs_CONTROL",1,5,4,6,400,"floor_sqrt_p",7,6,2,0.805504587155963
"NUC_vs_CONTROL",1,5,5,6,400,"floor_sqrt_p",2,6,2,0.814678899082569
"NUC_vs_CONTROL",1,5,5,6,400,"floor_sqrt_p",5,6,2,0.820183486238532
"NUC_vs_CONTROL",1,5,5,6,400,"floor_sqrt_p",7,6,2,0.805504587155963
"NUC_vs_CONTROL",1,5,1,7,400,"floor_sqrt_p",2,7,2,0.851919561243144
"NUC_vs_CONTROL",1,5,1,7,400,"floor_sqrt_p",5,7,2,0.851919561243144
"NUC_vs_CONTROL",1,5,1,7,400,"floor_sqrt_p",7,7,2,0.850091407678245
"NUC_vs_CONTROL",1,5,2,7,400,"floor_sqrt_p",2,8,2,0.858974358974359
"NUC_vs_CONTROL",1,5,2,7,400,"floor_sqrt_p",5,8,2,0.868131868131868
"NUC_vs_CONTROL",1,5,2,7,400,"floor_sqrt_p",7,8,2,0.853479853479853
"NUC_vs_CONTROL",1,5,3,7,400,"floor_sqrt_p",2,7,2,0.80952380952381
"NUC_vs_CONTROL",1,5,3,7,400,"floor_sqrt_p",5,7,2,0.816849816849817
"NUC_vs_CONTROL",1,5,3,7,400,"floor_sqrt_p",7,7,2,0.811355311355311
"NUC_vs_CONTROL",1,5,4,7,400,"floor_sqrt_p",2,7,2,0.820183486238532
"NUC_vs_CONTROL",1,5,4,7,400,"floor_sqrt_p",5,7,2,0.818348623853211
"NUC_vs_CONTROL",1,5,4,7,400,"floor_sqrt_p",7,7,2,0.814678899082569
"NUC_vs_CONTROL",1,5,5,7,400,"floor_sqrt_p",2,7,2,0.83302752293578
"NUC_vs_CONTROL",1,5,5,7,400,"floor_sqrt_p",5,7,2,0.829357798165138
"NUC_vs_CONTROL",1,5,5,7,400,"floor_sqrt_p",7,7,2,0.829357798165138
"NUC_vs_CONTROL",1,5,1,8,400,"floor_sqrt_p",2,8,2,0.855575868372943
"NUC_vs_CONTROL",1,5,1,8,400,"floor_sqrt_p",5,8,2,0.853747714808044
"NUC_vs_CONTROL",1,5,1,8,400,"floor_sqrt_p",7,8,2,0.844606946983547
"NUC_vs_CONTROL",1,5,2,8,400,"floor_sqrt_p",2,9,3,0.846153846153846
"NUC_vs_CONTROL",1,5,2,8,400,"floor_sqrt_p",5,9,3,0.851648351648352
"NUC_vs_CONTROL",1,5,2,8,400,"floor_sqrt_p",7,9,3,0.857142857142857
"NUC_vs_CONTROL",1,5,3,8,400,"floor_sqrt_p",2,8,2,0.826007326007326
"NUC_vs_CONTROL",1,5,3,8,400,"floor_sqrt_p",5,8,2,0.822344322344322
"NUC_vs_CONTROL",1,5,3,8,400,"floor_sqrt_p",7,8,2,0.815018315018315
"NUC_vs_CONTROL",1,5,4,8,400,"floor_sqrt_p",2,8,2,0.83302752293578
"NUC_vs_CONTROL",1,5,4,8,400,"floor_sqrt_p",5,8,2,0.834862385321101
"NUC_vs_CONTROL",1,5,4,8,400,"floor_sqrt_p",7,8,2,0.827522935779817
"NUC_vs_CONTROL",1,5,5,8,400,"floor_sqrt_p",2,8,2,0.822018348623853
"NUC_vs_CONTROL",1,5,5,8,400,"floor_sqrt_p",5,8,2,0.822018348623853
"NUC_vs_CONTROL",1,5,5,8,400,"floor_sqrt_p",7,8,2,0.820183486238532
"NUC_vs_CONTROL",1,5,1,9,400,"floor_sqrt_p",2,9,3,0.857404021937843
"NUC_vs_CONTROL",1,5,1,9,400,"floor_sqrt_p",5,9,3,0.86654478976234
"NUC_vs_CONTROL",1,5,1,9,400,"floor_sqrt_p",7,9,3,0.86654478976234
"NUC_vs_CONTROL",1,5,2,9,400,"floor_sqrt_p",2,10,3,0.862637362637363
"NUC_vs_CONTROL",1,5,2,9,400,"floor_sqrt_p",5,10,3,0.866300366300366
"NUC_vs_CONTROL",1,5,2,9,400,"floor_sqrt_p",7,10,3,0.860805860805861
"NUC_vs_CONTROL",1,5,3,9,400,"floor_sqrt_p",2,9,3,0.827838827838828
"NUC_vs_CONTROL",1,5,3,9,400,"floor_sqrt_p",5,9,3,0.827838827838828
"NUC_vs_CONTROL",1,5,3,9,400,"floor_sqrt_p",7,9,3,0.827838827838828
"NUC_vs_CONTROL",1,5,4,9,400,"floor_sqrt_p",2,9,3,0.829357798165138
"NUC_vs_CONTROL",1,5,4,9,400,"floor_sqrt_p",5,9,3,0.836697247706422
"NUC_vs_CONTROL",1,5,4,9,400,"floor_sqrt_p",7,9,3,0.831192660550459
"NUC_vs_CONTROL",1,5,5,9,400,"floor_sqrt_p",2,9,3,0.847706422018349
"NUC_vs_CONTROL",1,5,5,9,400,"floor_sqrt_p",5,9,3,0.853211009174312
"NUC_vs_CONTROL",1,5,5,9,400,"floor_sqrt_p",7,9,3,0.842201834862385
"NUC_vs_CONTROL",1,5,1,10,400,"floor_sqrt_p",2,10,3,0.873857404021938
"NUC_vs_CONTROL",1,5,1,10,400,"floor_sqrt_p",5,10,3,0.86654478976234
"NUC_vs_CONTROL",1,5,1,10,400,"floor_sqrt_p",7,10,3,0.873857404021938
"NUC_vs_CONTROL",1,5,2,10,400,"floor_sqrt_p",2,11,3,0.857142857142857
"NUC_vs_CONTROL",1,5,2,10,400,"floor_sqrt_p",5,11,3,0.866300366300366
"NUC_vs_CONTROL",1,5,2,10,400,"floor_sqrt_p",7,11,3,0.862637362637363
"NUC_vs_CONTROL",1,5,3,10,400,"floor_sqrt_p",2,9,3,0.824175824175824
"NUC_vs_CONTROL",1,5,3,10,400,"floor_sqrt_p",5,9,3,0.82051282051282
"NUC_vs_CONTROL",1,5,3,10,400,"floor_sqrt_p",7,9,3,0.824175824175824
"NUC_vs_CONTROL",1,5,4,10,400,"floor_sqrt_p",2,10,3,0.844036697247706
"NUC_vs_CONTROL",1,5,4,10,400,"floor_sqrt_p",5,10,3,0.838532110091743
"NUC_vs_CONTROL",1,5,4,10,400,"floor_sqrt_p",7,10,3,0.836697247706422
"NUC_vs_CONTROL",1,5,5,10,400,"floor_sqrt_p",2,10,3,0.858715596330275
"NUC_vs_CONTROL",1,5,5,10,400,"floor_sqrt_p",5,10,3,0.844036697247706
"NUC_vs_CONTROL",1,5,5,10,400,"floor_sqrt_p",7,10,3,0.851376146788991
"NUC_vs_CONTROL",1,5,1,11,400,"floor_sqrt_p",2,10,3,0.877513711151737
"NUC_vs_CONTROL",1,5,1,11,400,"floor_sqrt_p",5,10,3,0.875685557586837
"NUC_vs_CONTROL",1,5,1,11,400,"floor_sqrt_p",7,10,3,0.872029250457038
"NUC_vs_CONTROL",1,5,2,11,400,"floor_sqrt_p",2,11,3,0.86996336996337
"NUC_vs_CONTROL",1,5,2,11,400,"floor_sqrt_p",5,11,3,0.879120879120879
"NUC_vs_CONTROL",1,5,2,11,400,"floor_sqrt_p",7,11,3,0.875457875457875
"NUC_vs_CONTROL",1,5,3,11,400,"floor_sqrt_p",2,10,3,0.831501831501832
"NUC_vs_CONTROL",1,5,3,11,400,"floor_sqrt_p",5,10,3,0.827838827838828
"NUC_vs_CONTROL",1,5,3,11,400,"floor_sqrt_p",7,10,3,0.833333333333333
"NUC_vs_CONTROL",1,5,4,11,400,"floor_sqrt_p",2,10,3,0.851376146788991
"NUC_vs_CONTROL",1,5,4,11,400,"floor_sqrt_p",5,10,3,0.844036697247706
"NUC_vs_CONTROL",1,5,4,11,400,"floor_sqrt_p",7,10,3,0.845871559633028
"NUC_vs_CONTROL",1,5,5,11,400,"floor_sqrt_p",2,10,3,0.864220183486239
"NUC_vs_CONTROL",1,5,5,11,400,"floor_sqrt_p",5,10,3,0.864220183486239
"NUC_vs_CONTROL",1,5,5,11,400,"floor_sqrt_p",7,10,3,0.860550458715596
"NUC_vs_CONTROL",1,5,1,12,400,"floor_sqrt_p",2,11,3,0.844606946983547
"NUC_vs_CONTROL",1,5,1,12,400,"floor_sqrt_p",5,11,3,0.853747714808044
"NUC_vs_CONTROL",1,5,1,12,400,"floor_sqrt_p",7,11,3,0.846435100548446
"NUC_vs_CONTROL",1,5,2,12,400,"floor_sqrt_p",2,12,3,0.862637362637363
"NUC_vs_CONTROL",1,5,2,12,400,"floor_sqrt_p",5,12,3,0.864468864468865
"NUC_vs_CONTROL",1,5,2,12,400,"floor_sqrt_p",7,12,3,0.858974358974359
"NUC_vs_CONTROL",1,5,3,12,400,"floor_sqrt_p",2,11,3,0.831501831501832
"NUC_vs_CONTROL",1,5,3,12,400,"floor_sqrt_p",5,11,3,0.840659340659341
"NUC_vs_CONTROL",1,5,3,12,400,"floor_sqrt_p",7,11,3,0.835164835164835
"NUC_vs_CONTROL",1,5,4,12,400,"floor_sqrt_p",2,11,3,0.834862385321101
"NUC_vs_CONTROL",1,5,4,12,400,"floor_sqrt_p",5,11,3,0.840366972477064
"NUC_vs_CONTROL",1,5,4,12,400,"floor_sqrt_p",7,11,3,0.847706422018349
"NUC_vs_CONTROL",1,5,5,12,400,"floor_sqrt_p",2,11,3,0.858715596330275
"NUC_vs_CONTROL",1,5,5,12,400,"floor_sqrt_p",5,11,3,0.851376146788991
"NUC_vs_CONTROL",1,5,5,12,400,"floor_sqrt_p",7,11,3,0.856880733944954
"NUC_vs_CONTROL",1,5,1,13,400,"floor_sqrt_p",2,12,3,0.855575868372943
"NUC_vs_CONTROL",1,5,1,13,400,"floor_sqrt_p",5,12,3,0.861060329067642
"NUC_vs_CONTROL",1,5,1,13,400,"floor_sqrt_p",7,12,3,0.850091407678245
"NUC_vs_CONTROL",1,5,2,13,400,"floor_sqrt_p",2,13,3,0.857142857142857
"NUC_vs_CONTROL",1,5,2,13,400,"floor_sqrt_p",5,13,3,0.860805860805861
"NUC_vs_CONTROL",1,5,2,13,400,"floor_sqrt_p",7,13,3,0.857142857142857
"NUC_vs_CONTROL",1,5,3,13,400,"floor_sqrt_p",2,11,3,0.818681318681319
"NUC_vs_CONTROL",1,5,3,13,400,"floor_sqrt_p",5,11,3,0.822344322344322
"NUC_vs_CONTROL",1,5,3,13,400,"floor_sqrt_p",7,11,3,0.824175824175824
"NUC_vs_CONTROL",1,5,4,13,400,"floor_sqrt_p",2,12,3,0.838532110091743
"NUC_vs_CONTROL",1,5,4,13,400,"floor_sqrt_p",5,12,3,0.838532110091743
"NUC_vs_CONTROL",1,5,4,13,400,"floor_sqrt_p",7,12,3,0.834862385321101
"NUC_vs_CONTROL",1,5,5,13,400,"floor_sqrt_p",2,11,3,0.834862385321101
"NUC_vs_CONTROL",1,5,5,13,400,"floor_sqrt_p",5,11,3,0.844036697247706
"NUC_vs_CONTROL",1,5,5,13,400,"floor_sqrt_p",7,11,3,0.836697247706422
"NUC_vs_CONTROL",1,5,1,14,400,"floor_sqrt_p",2,12,3,0.861060329067642
"NUC_vs_CONTROL",1,5,1,14,400,"floor_sqrt_p",5,12,3,0.861060329067642
"NUC_vs_CONTROL",1,5,1,14,400,"floor_sqrt_p",7,12,3,0.86654478976234
"NUC_vs_CONTROL",1,5,2,14,400,"floor_sqrt_p",2,13,3,0.853479853479853
"NUC_vs_CONTROL",1,5,2,14,400,"floor_sqrt_p",5,13,3,0.858974358974359
"NUC_vs_CONTROL",1,5,2,14,400,"floor_sqrt_p",7,13,3,0.858974358974359
"NUC_vs_CONTROL",1,5,3,14,400,"floor_sqrt_p",2,12,3,0.838827838827839
"NUC_vs_CONTROL",1,5,3,14,400,"floor_sqrt_p",5,12,3,0.831501831501832
"NUC_vs_CONTROL",1,5,3,14,400,"floor_sqrt_p",7,12,3,0.824175824175824
"NUC_vs_CONTROL",1,5,4,14,400,"floor_sqrt_p",2,12,3,0.829357798165138
"NUC_vs_CONTROL",1,5,4,14,400,"floor_sqrt_p",5,12,3,0.823853211009174
"NUC_vs_CONTROL",1,5,4,14,400,"floor_sqrt_p",7,12,3,0.827522935779817
"NUC_vs_CONTROL",1,5,5,14,400,"floor_sqrt_p",2,12,3,0.844036697247706
"NUC_vs_CONTROL",1,5,5,14,400,"floor_sqrt_p",5,12,3,0.842201834862385
"NUC_vs_CONTROL",1,5,5,14,400,"floor_sqrt_p",7,12,3,0.836697247706422
"NUC_vs_CONTROL",1,5,1,15,400,"floor_sqrt_p",2,13,3,0.859232175502742
"NUC_vs_CONTROL",1,5,1,15,400,"floor_sqrt_p",5,13,3,0.846435100548446
"NUC_vs_CONTROL",1,5,1,15,400,"floor_sqrt_p",7,13,3,0.857404021937843
"NUC_vs_CONTROL",1,5,2,15,400,"floor_sqrt_p",2,14,3,0.858974358974359
"NUC_vs_CONTROL",1,5,2,15,400,"floor_sqrt_p",5,14,3,0.857142857142857
"NUC_vs_CONTROL",1,5,2,15,400,"floor_sqrt_p",7,14,3,0.860805860805861
"NUC_vs_CONTROL",1,5,3,15,400,"floor_sqrt_p",2,12,3,0.82967032967033
"NUC_vs_CONTROL",1,5,3,15,400,"floor_sqrt_p",5,12,3,0.82967032967033
"NUC_vs_CONTROL",1,5,3,15,400,"floor_sqrt_p",7,12,3,0.831501831501832
"NUC_vs_CONTROL",1,5,4,15,400,"floor_sqrt_p",2,13,3,0.831192660550459
"NUC_vs_CONTROL",1,5,4,15,400,"floor_sqrt_p",5,13,3,0.825688073394495
"NUC_vs_CONTROL",1,5,4,15,400,"floor_sqrt_p",7,13,3,0.831192660550459
"NUC_vs_CONTROL",1,5,5,15,400,"floor_sqrt_p",2,12,3,0.845871559633028
"NUC_vs_CONTROL",1,5,5,15,400,"floor_sqrt_p",5,12,3,0.845871559633028
"NUC_vs_CONTROL",1,5,5,15,400,"floor_sqrt_p",7,12,3,0.840366972477064
"NUC_vs_CONTROL",1,5,1,16,400,"floor_sqrt_p",2,14,3,0.86471663619744
"NUC_vs_CONTROL",1,5,1,16,400,"floor_sqrt_p",5,14,3,0.86837294332724
"NUC_vs_CONTROL",1,5,1,16,400,"floor_sqrt_p",7,14,3,0.86654478976234
"NUC_vs_CONTROL",1,5,2,16,400,"floor_sqrt_p",2,15,3,0.858974358974359
"NUC_vs_CONTROL",1,5,2,16,400,"floor_sqrt_p",5,15,3,0.847985347985348
"NUC_vs_CONTROL",1,5,2,16,400,"floor_sqrt_p",7,15,3,0.851648351648352
"NUC_vs_CONTROL",1,5,3,16,400,"floor_sqrt_p",2,13,3,0.840659340659341
"NUC_vs_CONTROL",1,5,3,16,400,"floor_sqrt_p",5,13,3,0.84981684981685
"NUC_vs_CONTROL",1,5,3,16,400,"floor_sqrt_p",7,13,3,0.847985347985348
"NUC_vs_CONTROL",1,5,4,16,400,"floor_sqrt_p",2,13,3,0.836697247706422
"NUC_vs_CONTROL",1,5,4,16,400,"floor_sqrt_p",5,13,3,0.834862385321101
"NUC_vs_CONTROL",1,5,4,16,400,"floor_sqrt_p",7,13,3,0.83302752293578
"NUC_vs_CONTROL",1,5,5,16,400,"floor_sqrt_p",2,13,3,0.847706422018349
"NUC_vs_CONTROL",1,5,5,16,400,"floor_sqrt_p",5,13,3,0.83302752293578
"NUC_vs_CONTROL",1,5,5,16,400,"floor_sqrt_p",7,13,3,0.831192660550459
"NUC_vs_CONTROL",1,5,1,17,400,"floor_sqrt_p",2,14,3,0.873857404021938
"NUC_vs_CONTROL",1,5,1,17,400,"floor_sqrt_p",5,14,3,0.86837294332724
"NUC_vs_CONTROL",1,5,1,17,400,"floor_sqrt_p",7,14,3,0.875685557586837
"NUC_vs_CONTROL",1,5,2,17,400,"floor_sqrt_p",2,15,3,0.84981684981685
"NUC_vs_CONTROL",1,5,2,17,400,"floor_sqrt_p",5,15,3,0.853479853479853
"NUC_vs_CONTROL",1,5,2,17,400,"floor_sqrt_p",7,15,3,0.855311355311355
"NUC_vs_CONTROL",1,5,3,17,400,"floor_sqrt_p",2,14,3,0.853479853479853
"NUC_vs_CONTROL",1,5,3,17,400,"floor_sqrt_p",5,14,3,0.846153846153846
"NUC_vs_CONTROL",1,5,3,17,400,"floor_sqrt_p",7,14,3,0.833333333333333
"NUC_vs_CONTROL",1,5,4,17,400,"floor_sqrt_p",2,14,3,0.845871559633028
"NUC_vs_CONTROL",1,5,4,17,400,"floor_sqrt_p",5,14,3,0.844036697247706
"NUC_vs_CONTROL",1,5,4,17,400,"floor_sqrt_p",7,14,3,0.836697247706422
"NUC_vs_CONTROL",1,5,5,17,400,"floor_sqrt_p",2,14,3,0.851376146788991
"NUC_vs_CONTROL",1,5,5,17,400,"floor_sqrt_p",5,14,3,0.847706422018349
"NUC_vs_CONTROL",1,5,5,17,400,"floor_sqrt_p",7,14,3,0.847706422018349
"NUC_vs_CONTROL",1,5,1,18,400,"floor_sqrt_p",2,15,3,0.86654478976234
"NUC_vs_CONTROL",1,5,1,18,400,"floor_sqrt_p",5,15,3,0.872029250457038
"NUC_vs_CONTROL",1,5,1,18,400,"floor_sqrt_p",7,15,3,0.859232175502742
"NUC_vs_CONTROL",1,5,2,18,400,"floor_sqrt_p",2,16,4,0.866300366300366
"NUC_vs_CONTROL",1,5,2,18,400,"floor_sqrt_p",5,16,4,0.862637362637363
"NUC_vs_CONTROL",1,5,2,18,400,"floor_sqrt_p",7,16,4,0.864468864468865
"NUC_vs_CONTROL",1,5,3,18,400,"floor_sqrt_p",2,14,3,0.855311355311355
"NUC_vs_CONTROL",1,5,3,18,400,"floor_sqrt_p",5,14,3,0.864468864468865
"NUC_vs_CONTROL",1,5,3,18,400,"floor_sqrt_p",7,14,3,0.857142857142857
"NUC_vs_CONTROL",1,5,4,18,400,"floor_sqrt_p",2,15,3,0.84954128440367
"NUC_vs_CONTROL",1,5,4,18,400,"floor_sqrt_p",5,15,3,0.856880733944954
"NUC_vs_CONTROL",1,5,4,18,400,"floor_sqrt_p",7,15,3,0.84954128440367
"NUC_vs_CONTROL",1,5,5,18,400,"floor_sqrt_p",2,14,3,0.844036697247706
"NUC_vs_CONTROL",1,5,5,18,400,"floor_sqrt_p",5,14,3,0.842201834862385
"NUC_vs_CONTROL",1,5,5,18,400,"floor_sqrt_p",7,14,3,0.847706422018349
"NUC_vs_CONTROL",1,5,1,19,400,"floor_sqrt_p",2,15,3,0.872029250457038
"NUC_vs_CONTROL",1,5,1,19,400,"floor_sqrt_p",5,15,3,0.875685557586837
"NUC_vs_CONTROL",1,5,1,19,400,"floor_sqrt_p",7,15,3,0.870201096892139
"NUC_vs_CONTROL",1,5,2,19,400,"floor_sqrt_p",2,16,4,0.866300366300366
"NUC_vs_CONTROL",1,5,2,19,400,"floor_sqrt_p",5,16,4,0.864468864468865
"NUC_vs_CONTROL",1,5,2,19,400,"floor_sqrt_p",7,16,4,0.868131868131868
"NUC_vs_CONTROL",1,5,3,19,400,"floor_sqrt_p",2,15,3,0.851648351648352
"NUC_vs_CONTROL",1,5,3,19,400,"floor_sqrt_p",5,15,3,0.847985347985348
"NUC_vs_CONTROL",1,5,3,19,400,"floor_sqrt_p",7,15,3,0.840659340659341
"NUC_vs_CONTROL",1,5,4,19,400,"floor_sqrt_p",2,15,3,0.834862385321101
"NUC_vs_CONTROL",1,5,4,19,400,"floor_sqrt_p",5,15,3,0.853211009174312
"NUC_vs_CONTROL",1,5,4,19,400,"floor_sqrt_p",7,15,3,0.842201834862385
"NUC_vs_CONTROL",1,5,5,19,400,"floor_sqrt_p",2,15,3,0.856880733944954
"NUC_vs_CONTROL",1,5,5,19,400,"floor_sqrt_p",5,15,3,0.856880733944954
"NUC_vs_CONTROL",1,5,5,19,400,"floor_sqrt_p",7,15,3,0.856880733944954
"NUC_vs_CONTROL",1,5,1,20,400,"floor_sqrt_p",2,15,3,0.86471663619744
"NUC_vs_CONTROL",1,5,1,20,400,"floor_sqrt_p",5,15,3,0.86654478976234
"NUC_vs_CONTROL",1,5,1,20,400,"floor_sqrt_p",7,15,3,0.86654478976234
"NUC_vs_CONTROL",1,5,2,20,400,"floor_sqrt_p",2,16,4,0.864468864468865
"NUC_vs_CONTROL",1,5,2,20,400,"floor_sqrt_p",5,16,4,0.86996336996337
"NUC_vs_CONTROL",1,5,2,20,400,"floor_sqrt_p",7,16,4,0.855311355311355
"NUC_vs_CONTROL",1,5,3,20,400,"floor_sqrt_p",2,15,3,0.847985347985348
"NUC_vs_CONTROL",1,5,3,20,400,"floor_sqrt_p",5,15,3,0.844322344322344
"NUC_vs_CONTROL",1,5,3,20,400,"floor_sqrt_p",7,15,3,0.846153846153846
"NUC_vs_CONTROL",1,5,4,20,400,"floor_sqrt_p",2,15,3,0.847706422018349
"NUC_vs_CONTROL",1,5,4,20,400,"floor_sqrt_p",5,15,3,0.838532110091743
"NUC_vs_CONTROL",1,5,4,20,400,"floor_sqrt_p",7,15,3,0.842201834862385
"NUC_vs_CONTROL",1,5,5,20,400,"floor_sqrt_p",2,15,3,0.845871559633028
"NUC_vs_CONTROL",1,5,5,20,400,"floor_sqrt_p",5,15,3,0.853211009174312
"NUC_vs_CONTROL",1,5,5,20,400,"floor_sqrt_p",7,15,3,0.856880733944954
"NUC_vs_CONTROL",2,1,1,6,400,"floor_sqrt_p",2,6,2,0.813186813186813
"NUC_vs_CONTROL",2,1,1,6,400,"floor_sqrt_p",5,6,2,0.827838827838828
"NUC_vs_CONTROL",2,1,1,6,400,"floor_sqrt_p",7,6,2,0.824175824175824
"NUC_vs_CONTROL",2,1,2,6,400,"floor_sqrt_p",2,6,2,0.80952380952381
"NUC_vs_CONTROL",2,1,2,6,400,"floor_sqrt_p",5,6,2,0.80952380952381
"NUC_vs_CONTROL",2,1,2,6,400,"floor_sqrt_p",7,6,2,0.815018315018315
"NUC_vs_CONTROL",2,1,3,6,400,"floor_sqrt_p",2,6,2,0.818348623853211
"NUC_vs_CONTROL",2,1,3,6,400,"floor_sqrt_p",5,6,2,0.81651376146789
"NUC_vs_CONTROL",2,1,3,6,400,"floor_sqrt_p",7,6,2,0.820183486238532
"NUC_vs_CONTROL",2,1,4,6,400,"floor_sqrt_p",2,6,2,0.834862385321101
"NUC_vs_CONTROL",2,1,4,6,400,"floor_sqrt_p",5,6,2,0.820183486238532
"NUC_vs_CONTROL",2,1,4,6,400,"floor_sqrt_p",7,6,2,0.831192660550459
"NUC_vs_CONTROL",2,1,5,6,400,"floor_sqrt_p",2,6,2,0.809174311926605
"NUC_vs_CONTROL",2,1,5,6,400,"floor_sqrt_p",5,6,2,0.814678899082569
"NUC_vs_CONTROL",2,1,5,6,400,"floor_sqrt_p",7,6,2,0.814678899082569
"NUC_vs_CONTROL",2,1,1,7,400,"floor_sqrt_p",2,8,2,0.824175824175824
"NUC_vs_CONTROL",2,1,1,7,400,"floor_sqrt_p",5,8,2,0.826007326007326
"NUC_vs_CONTROL",2,1,1,7,400,"floor_sqrt_p",7,8,2,0.82967032967033
"NUC_vs_CONTROL",2,1,2,7,400,"floor_sqrt_p",2,8,2,0.846153846153846
"NUC_vs_CONTROL",2,1,2,7,400,"floor_sqrt_p",5,8,2,0.851648351648352
"NUC_vs_CONTROL",2,1,2,7,400,"floor_sqrt_p",7,8,2,0.847985347985348
"NUC_vs_CONTROL",2,1,3,7,400,"floor_sqrt_p",2,7,2,0.818348623853211
"NUC_vs_CONTROL",2,1,3,7,400,"floor_sqrt_p",5,7,2,0.822018348623853
"NUC_vs_CONTROL",2,1,3,7,400,"floor_sqrt_p",7,7,2,0.822018348623853
"NUC_vs_CONTROL",2,1,4,7,400,"floor_sqrt_p",2,7,2,0.829357798165138
"NUC_vs_CONTROL",2,1,4,7,400,"floor_sqrt_p",5,7,2,0.83302752293578
"NUC_vs_CONTROL",2,1,4,7,400,"floor_sqrt_p",7,7,2,0.83302752293578
"NUC_vs_CONTROL",2,1,5,7,400,"floor_sqrt_p",2,8,2,0.814678899082569
"NUC_vs_CONTROL",2,1,5,7,400,"floor_sqrt_p",5,8,2,0.81651376146789
"NUC_vs_CONTROL",2,1,5,7,400,"floor_sqrt_p",7,8,2,0.814678899082569
"NUC_vs_CONTROL",2,1,1,8,400,"floor_sqrt_p",2,9,3,0.84981684981685
"NUC_vs_CONTROL",2,1,1,8,400,"floor_sqrt_p",5,9,3,0.833333333333333
"NUC_vs_CONTROL",2,1,1,8,400,"floor_sqrt_p",7,9,3,0.844322344322344
"NUC_vs_CONTROL",2,1,2,8,400,"floor_sqrt_p",2,9,3,0.847985347985348
"NUC_vs_CONTROL",2,1,2,8,400,"floor_sqrt_p",5,9,3,0.853479853479853
"NUC_vs_CONTROL",2,1,2,8,400,"floor_sqrt_p",7,9,3,0.847985347985348
"NUC_vs_CONTROL",2,1,3,8,400,"floor_sqrt_p",2,8,2,0.825688073394495
"NUC_vs_CONTROL",2,1,3,8,400,"floor_sqrt_p",5,8,2,0.831192660550459
"NUC_vs_CONTROL",2,1,3,8,400,"floor_sqrt_p",7,8,2,0.834862385321101
"NUC_vs_CONTROL",2,1,4,8,400,"floor_sqrt_p",2,8,2,0.842201834862385
"NUC_vs_CONTROL",2,1,4,8,400,"floor_sqrt_p",5,8,2,0.842201834862385
"NUC_vs_CONTROL",2,1,4,8,400,"floor_sqrt_p",7,8,2,0.842201834862385
"NUC_vs_CONTROL",2,1,5,8,400,"floor_sqrt_p",2,8,2,0.825688073394495
"NUC_vs_CONTROL",2,1,5,8,400,"floor_sqrt_p",5,8,2,0.829357798165138
"NUC_vs_CONTROL",2,1,5,8,400,"floor_sqrt_p",7,8,2,0.823853211009174
"NUC_vs_CONTROL",2,1,1,9,400,"floor_sqrt_p",2,10,3,0.857142857142857
"NUC_vs_CONTROL",2,1,1,9,400,"floor_sqrt_p",5,10,3,0.853479853479853
"NUC_vs_CONTROL",2,1,1,9,400,"floor_sqrt_p",7,10,3,0.858974358974359
"NUC_vs_CONTROL",2,1,2,9,400,"floor_sqrt_p",2,10,3,0.855311355311355
"NUC_vs_CONTROL",2,1,2,9,400,"floor_sqrt_p",5,10,3,0.855311355311355
"NUC_vs_CONTROL",2,1,2,9,400,"floor_sqrt_p",7,10,3,0.855311355311355
"NUC_vs_CONTROL",2,1,3,9,400,"floor_sqrt_p",2,9,3,0.842201834862385
"NUC_vs_CONTROL",2,1,3,9,400,"floor_sqrt_p",5,9,3,0.845871559633028
"NUC_vs_CONTROL",2,1,3,9,400,"floor_sqrt_p",7,9,3,0.836697247706422
"NUC_vs_CONTROL",2,1,4,9,400,"floor_sqrt_p",2,9,3,0.838532110091743
"NUC_vs_CONTROL",2,1,4,9,400,"floor_sqrt_p",5,9,3,0.840366972477064
"NUC_vs_CONTROL",2,1,4,9,400,"floor_sqrt_p",7,9,3,0.844036697247706
"NUC_vs_CONTROL",2,1,5,9,400,"floor_sqrt_p",2,9,3,0.838532110091743
"NUC_vs_CONTROL",2,1,5,9,400,"floor_sqrt_p",5,9,3,0.838532110091743
"NUC_vs_CONTROL",2,1,5,9,400,"floor_sqrt_p",7,9,3,0.836697247706422
"NUC_vs_CONTROL",2,1,1,10,400,"floor_sqrt_p",2,10,3,0.866300366300366
"NUC_vs_CONTROL",2,1,1,10,400,"floor_sqrt_p",5,10,3,0.855311355311355
"NUC_vs_CONTROL",2,1,1,10,400,"floor_sqrt_p",7,10,3,0.855311355311355
"NUC_vs_CONTROL",2,1,2,10,400,"floor_sqrt_p",2,10,3,0.860805860805861
"NUC_vs_CONTROL",2,1,2,10,400,"floor_sqrt_p",5,10,3,0.860805860805861
"NUC_vs_CONTROL",2,1,2,10,400,"floor_sqrt_p",7,10,3,0.860805860805861
"NUC_vs_CONTROL",2,1,3,10,400,"floor_sqrt_p",2,10,3,0.845871559633028
"NUC_vs_CONTROL",2,1,3,10,400,"floor_sqrt_p",5,10,3,0.84954128440367
"NUC_vs_CONTROL",2,1,3,10,400,"floor_sqrt_p",7,10,3,0.845871559633028
"NUC_vs_CONTROL",2,1,4,10,400,"floor_sqrt_p",2,10,3,0.842201834862385
"NUC_vs_CONTROL",2,1,4,10,400,"floor_sqrt_p",5,10,3,0.840366972477064
"NUC_vs_CONTROL",2,1,4,10,400,"floor_sqrt_p",7,10,3,0.840366972477064
"NUC_vs_CONTROL",2,1,5,10,400,"floor_sqrt_p",2,10,3,0.853211009174312
"NUC_vs_CONTROL",2,1,5,10,400,"floor_sqrt_p",5,10,3,0.845871559633028
"NUC_vs_CONTROL",2,1,5,10,400,"floor_sqrt_p",7,10,3,0.844036697247706
"NUC_vs_CONTROL",2,1,1,11,400,"floor_sqrt_p",2,11,3,0.864468864468865
"NUC_vs_CONTROL",2,1,1,11,400,"floor_sqrt_p",5,11,3,0.858974358974359
"NUC_vs_CONTROL",2,1,1,11,400,"floor_sqrt_p",7,11,3,0.851648351648352
"NUC_vs_CONTROL",2,1,2,11,400,"floor_sqrt_p",2,11,3,0.871794871794872
"NUC_vs_CONTROL",2,1,2,11,400,"floor_sqrt_p",5,11,3,0.868131868131868
"NUC_vs_CONTROL",2,1,2,11,400,"floor_sqrt_p",7,11,3,0.855311355311355
"NUC_vs_CONTROL",2,1,3,11,400,"floor_sqrt_p",2,11,3,0.858715596330275
"NUC_vs_CONTROL",2,1,3,11,400,"floor_sqrt_p",5,11,3,0.84954128440367
"NUC_vs_CONTROL",2,1,3,11,400,"floor_sqrt_p",7,11,3,0.858715596330275
"NUC_vs_CONTROL",2,1,4,11,400,"floor_sqrt_p",2,11,3,0.84954128440367
"NUC_vs_CONTROL",2,1,4,11,400,"floor_sqrt_p",5,11,3,0.847706422018349
"NUC_vs_CONTROL",2,1,4,11,400,"floor_sqrt_p",7,11,3,0.853211009174312
"NUC_vs_CONTROL",2,1,5,11,400,"floor_sqrt_p",2,11,3,0.847706422018349
"NUC_vs_CONTROL",2,1,5,11,400,"floor_sqrt_p",5,11,3,0.858715596330275
"NUC_vs_CONTROL",2,1,5,11,400,"floor_sqrt_p",7,11,3,0.853211009174312
"NUC_vs_CONTROL",2,1,1,12,400,"floor_sqrt_p",2,11,3,0.846153846153846
"NUC_vs_CONTROL",2,1,1,12,400,"floor_sqrt_p",5,11,3,0.847985347985348
"NUC_vs_CONTROL",2,1,1,12,400,"floor_sqrt_p",7,11,3,0.847985347985348
"NUC_vs_CONTROL",2,1,2,12,400,"floor_sqrt_p",2,12,3,0.868131868131868
"NUC_vs_CONTROL",2,1,2,12,400,"floor_sqrt_p",5,12,3,0.868131868131868
"NUC_vs_CONTROL",2,1,2,12,400,"floor_sqrt_p",7,12,3,0.862637362637363
"NUC_vs_CONTROL",2,1,3,12,400,"floor_sqrt_p",2,11,3,0.856880733944954
"NUC_vs_CONTROL",2,1,3,12,400,"floor_sqrt_p",5,11,3,0.847706422018349
"NUC_vs_CONTROL",2,1,3,12,400,"floor_sqrt_p",7,11,3,0.856880733944954
"NUC_vs_CONTROL",2,1,4,12,400,"floor_sqrt_p",2,11,3,0.845871559633028
"NUC_vs_CONTROL",2,1,4,12,400,"floor_sqrt_p",5,11,3,0.842201834862385
"NUC_vs_CONTROL",2,1,4,12,400,"floor_sqrt_p",7,11,3,0.847706422018349
"NUC_vs_CONTROL",2,1,5,12,400,"floor_sqrt_p",2,11,3,0.829357798165138
"NUC_vs_CONTROL",2,1,5,12,400,"floor_sqrt_p",5,11,3,0.831192660550459
"NUC_vs_CONTROL",2,1,5,12,400,"floor_sqrt_p",7,11,3,0.829357798165138
"NUC_vs_CONTROL",2,1,1,13,400,"floor_sqrt_p",2,12,3,0.846153846153846
"NUC_vs_CONTROL",2,1,1,13,400,"floor_sqrt_p",5,12,3,0.847985347985348
"NUC_vs_CONTROL",2,1,1,13,400,"floor_sqrt_p",7,12,3,0.853479853479853
"NUC_vs_CONTROL",2,1,2,13,400,"floor_sqrt_p",2,12,3,0.857142857142857
"NUC_vs_CONTROL",2,1,2,13,400,"floor_sqrt_p",5,12,3,0.847985347985348
"NUC_vs_CONTROL",2,1,2,13,400,"floor_sqrt_p",7,12,3,0.851648351648352
"NUC_vs_CONTROL",2,1,3,13,400,"floor_sqrt_p",2,12,3,0.856880733944954
"NUC_vs_CONTROL",2,1,3,13,400,"floor_sqrt_p",5,12,3,0.851376146788991
"NUC_vs_CONTROL",2,1,3,13,400,"floor_sqrt_p",7,12,3,0.851376146788991
"NUC_vs_CONTROL",2,1,4,13,400,"floor_sqrt_p",2,12,3,0.845871559633028
"NUC_vs_CONTROL",2,1,4,13,400,"floor_sqrt_p",5,12,3,0.845871559633028
"NUC_vs_CONTROL",2,1,4,13,400,"floor_sqrt_p",7,12,3,0.845871559633028
"NUC_vs_CONTROL",2,1,5,13,400,"floor_sqrt_p",2,12,3,0.825688073394495
"NUC_vs_CONTROL",2,1,5,13,400,"floor_sqrt_p",5,12,3,0.834862385321101
"NUC_vs_CONTROL",2,1,5,13,400,"floor_sqrt_p",7,12,3,0.834862385321101
"NUC_vs_CONTROL",2,1,1,14,400,"floor_sqrt_p",2,12,3,0.858974358974359
"NUC_vs_CONTROL",2,1,1,14,400,"floor_sqrt_p",5,12,3,0.862637362637363
"NUC_vs_CONTROL",2,1,1,14,400,"floor_sqrt_p",7,12,3,0.853479853479853
"NUC_vs_CONTROL",2,1,2,14,400,"floor_sqrt_p",2,13,3,0.860805860805861
"NUC_vs_CONTROL",2,1,2,14,400,"floor_sqrt_p",5,13,3,0.858974358974359
"NUC_vs_CONTROL",2,1,2,14,400,"floor_sqrt_p",7,13,3,0.84981684981685
"NUC_vs_CONTROL",2,1,3,14,400,"floor_sqrt_p",2,12,3,0.858715596330275
"NUC_vs_CONTROL",2,1,3,14,400,"floor_sqrt_p",5,12,3,0.86605504587156
"NUC_vs_CONTROL",2,1,3,14,400,"floor_sqrt_p",7,12,3,0.858715596330275
"NUC_vs_CONTROL",2,1,4,14,400,"floor_sqrt_p",2,12,3,0.853211009174312
"NUC_vs_CONTROL",2,1,4,14,400,"floor_sqrt_p",5,12,3,0.851376146788991
"NUC_vs_CONTROL",2,1,4,14,400,"floor_sqrt_p",7,12,3,0.858715596330275
"NUC_vs_CONTROL",2,1,5,14,400,"floor_sqrt_p",2,12,3,0.840366972477064
"NUC_vs_CONTROL",2,1,5,14,400,"floor_sqrt_p",5,12,3,0.845871559633028
"NUC_vs_CONTROL",2,1,5,14,400,"floor_sqrt_p",7,12,3,0.840366972477064
"NUC_vs_CONTROL",2,1,1,15,400,"floor_sqrt_p",2,13,3,0.855311355311355
"NUC_vs_CONTROL",2,1,1,15,400,"floor_sqrt_p",5,13,3,0.853479853479853
"NUC_vs_CONTROL",2,1,1,15,400,"floor_sqrt_p",7,13,3,0.847985347985348
"NUC_vs_CONTROL",2,1,2,15,400,"floor_sqrt_p",2,14,3,0.851648351648352
"NUC_vs_CONTROL",2,1,2,15,400,"floor_sqrt_p",5,14,3,0.847985347985348
"NUC_vs_CONTROL",2,1,2,15,400,"floor_sqrt_p",7,14,3,0.847985347985348
"NUC_vs_CONTROL",2,1,3,15,400,"floor_sqrt_p",2,13,3,0.867889908256881
"NUC_vs_CONTROL",2,1,3,15,400,"floor_sqrt_p",5,13,3,0.862385321100917
"NUC_vs_CONTROL",2,1,3,15,400,"floor_sqrt_p",7,13,3,0.862385321100917
"NUC_vs_CONTROL",2,1,4,15,400,"floor_sqrt_p",2,13,3,0.862385321100917
"NUC_vs_CONTROL",2,1,4,15,400,"floor_sqrt_p",5,13,3,0.860550458715596
"NUC_vs_CONTROL",2,1,4,15,400,"floor_sqrt_p",7,13,3,0.855045871559633
"NUC_vs_CONTROL",2,1,5,15,400,"floor_sqrt_p",2,13,3,0.84954128440367
"NUC_vs_CONTROL",2,1,5,15,400,"floor_sqrt_p",5,13,3,0.844036697247706
"NUC_vs_CONTROL",2,1,5,15,400,"floor_sqrt_p",7,13,3,0.834862385321101
"NUC_vs_CONTROL",2,1,1,16,400,"floor_sqrt_p",2,14,3,0.858974358974359
"NUC_vs_CONTROL",2,1,1,16,400,"floor_sqrt_p",5,14,3,0.857142857142857
"NUC_vs_CONTROL",2,1,1,16,400,"floor_sqrt_p",7,14,3,0.858974358974359
"NUC_vs_CONTROL",2,1,2,16,400,"floor_sqrt_p",2,14,3,0.862637362637363
"NUC_vs_CONTROL",2,1,2,16,400,"floor_sqrt_p",5,14,3,0.846153846153846
"NUC_vs_CONTROL",2,1,2,16,400,"floor_sqrt_p",7,14,3,0.860805860805861
"NUC_vs_CONTROL",2,1,3,16,400,"floor_sqrt_p",2,14,3,0.860550458715596
"NUC_vs_CONTROL",2,1,3,16,400,"floor_sqrt_p",5,14,3,0.858715596330275
"NUC_vs_CONTROL",2,1,3,16,400,"floor_sqrt_p",7,14,3,0.860550458715596
"NUC_vs_CONTROL",2,1,4,16,400,"floor_sqrt_p",2,14,3,0.844036697247706
"NUC_vs_CONTROL",2,1,4,16,400,"floor_sqrt_p",5,14,3,0.844036697247706
"NUC_vs_CONTROL",2,1,4,16,400,"floor_sqrt_p",7,14,3,0.840366972477064
"NUC_vs_CONTROL",2,1,5,16,400,"floor_sqrt_p",2,14,3,0.834862385321101
"NUC_vs_CONTROL",2,1,5,16,400,"floor_sqrt_p",5,14,3,0.825688073394495
"NUC_vs_CONTROL",2,1,5,16,400,"floor_sqrt_p",7,14,3,0.827522935779817
"NUC_vs_CONTROL",2,1,1,17,400,"floor_sqrt_p",2,15,3,0.875457875457875
"NUC_vs_CONTROL",2,1,1,17,400,"floor_sqrt_p",5,15,3,0.851648351648352
"NUC_vs_CONTROL",2,1,1,17,400,"floor_sqrt_p",7,15,3,0.853479853479853
"NUC_vs_CONTROL",2,1,2,17,400,"floor_sqrt_p",2,15,3,0.860805860805861
"NUC_vs_CONTROL",2,1,2,17,400,"floor_sqrt_p",5,15,3,0.855311355311355
"NUC_vs_CONTROL",2,1,2,17,400,"floor_sqrt_p",7,15,3,0.860805860805861
"NUC_vs_CONTROL",2,1,3,17,400,"floor_sqrt_p",2,15,3,0.862385321100917
"NUC_vs_CONTROL",2,1,3,17,400,"floor_sqrt_p",5,15,3,0.862385321100917
"NUC_vs_CONTROL",2,1,3,17,400,"floor_sqrt_p",7,15,3,0.862385321100917
"NUC_vs_CONTROL",2,1,4,17,400,"floor_sqrt_p",2,14,3,0.851376146788991
"NUC_vs_CONTROL",2,1,4,17,400,"floor_sqrt_p",5,14,3,0.855045871559633
"NUC_vs_CONTROL",2,1,4,17,400,"floor_sqrt_p",7,14,3,0.844036697247706
"NUC_vs_CONTROL",2,1,5,17,400,"floor_sqrt_p",2,14,3,0.851376146788991
"NUC_vs_CONTROL",2,1,5,17,400,"floor_sqrt_p",5,14,3,0.845871559633028
"NUC_vs_CONTROL",2,1,5,17,400,"floor_sqrt_p",7,14,3,0.844036697247706
"NUC_vs_CONTROL",2,1,1,18,400,"floor_sqrt_p",2,15,3,0.86996336996337
"NUC_vs_CONTROL",2,1,1,18,400,"floor_sqrt_p",5,15,3,0.864468864468865
"NUC_vs_CONTROL",2,1,1,18,400,"floor_sqrt_p",7,15,3,0.86996336996337
"NUC_vs_CONTROL",2,1,2,18,400,"floor_sqrt_p",2,15,3,0.84981684981685
"NUC_vs_CONTROL",2,1,2,18,400,"floor_sqrt_p",5,15,3,0.858974358974359
"NUC_vs_CONTROL",2,1,2,18,400,"floor_sqrt_p",7,15,3,0.84981684981685
"NUC_vs_CONTROL",2,1,3,18,400,"floor_sqrt_p",2,15,3,0.86605504587156
"NUC_vs_CONTROL",2,1,3,18,400,"floor_sqrt_p",5,15,3,0.875229357798165
"NUC_vs_CONTROL",2,1,3,18,400,"floor_sqrt_p",7,15,3,0.862385321100917
"NUC_vs_CONTROL",2,1,4,18,400,"floor_sqrt_p",2,15,3,0.860550458715596
"NUC_vs_CONTROL",2,1,4,18,400,"floor_sqrt_p",5,15,3,0.873394495412844
"NUC_vs_CONTROL",2,1,4,18,400,"floor_sqrt_p",7,15,3,0.86605504587156
"NUC_vs_CONTROL",2,1,5,18,400,"floor_sqrt_p",2,15,3,0.831192660550459
"NUC_vs_CONTROL",2,1,5,18,400,"floor_sqrt_p",5,15,3,0.836697247706422
"NUC_vs_CONTROL",2,1,5,18,400,"floor_sqrt_p",7,15,3,0.822018348623853
"NUC_vs_CONTROL",2,1,1,19,400,"floor_sqrt_p",2,15,3,0.864468864468865
"NUC_vs_CONTROL",2,1,1,19,400,"floor_sqrt_p",5,15,3,0.855311355311355
"NUC_vs_CONTROL",2,1,1,19,400,"floor_sqrt_p",7,15,3,0.866300366300366
"NUC_vs_CONTROL",2,1,2,19,400,"floor_sqrt_p",2,16,4,0.864468864468865
"NUC_vs_CONTROL",2,1,2,19,400,"floor_sqrt_p",5,16,4,0.846153846153846
"NUC_vs_CONTROL",2,1,2,19,400,"floor_sqrt_p",7,16,4,0.855311355311355
"NUC_vs_CONTROL",2,1,3,19,400,"floor_sqrt_p",2,15,3,0.864220183486239
"NUC_vs_CONTROL",2,1,3,19,400,"floor_sqrt_p",5,15,3,0.864220183486239
"NUC_vs_CONTROL",2,1,3,19,400,"floor_sqrt_p",7,15,3,0.867889908256881
"NUC_vs_CONTROL",2,1,4,19,400,"floor_sqrt_p",2,15,3,0.851376146788991
"NUC_vs_CONTROL",2,1,4,19,400,"floor_sqrt_p",5,15,3,0.853211009174312
"NUC_vs_CONTROL",2,1,4,19,400,"floor_sqrt_p",7,15,3,0.847706422018349
"NUC_vs_CONTROL",2,1,5,19,400,"floor_sqrt_p",2,15,3,0.823853211009174
"NUC_vs_CONTROL",2,1,5,19,400,"floor_sqrt_p",5,15,3,0.825688073394495
"NUC_vs_CONTROL",2,1,5,19,400,"floor_sqrt_p",7,15,3,0.827522935779817
"NUC_vs_CONTROL",2,1,1,20,400,"floor_sqrt_p",2,16,4,0.858974358974359
"NUC_vs_CONTROL",2,1,1,20,400,"floor_sqrt_p",5,16,4,0.864468864468865
"NUC_vs_CONTROL",2,1,1,20,400,"floor_sqrt_p",7,16,4,0.860805860805861
"NUC_vs_CONTROL",2,1,2,20,400,"floor_sqrt_p",2,16,4,0.857142857142857
"NUC_vs_CONTROL",2,1,2,20,400,"floor_sqrt_p",5,16,4,0.855311355311355
"NUC_vs_CONTROL",2,1,2,20,400,"floor_sqrt_p",7,16,4,0.851648351648352
"NUC_vs_CONTROL",2,1,3,20,400,"floor_sqrt_p",2,16,4,0.856880733944954
"NUC_vs_CONTROL",2,1,3,20,400,"floor_sqrt_p",5,16,4,0.851376146788991
"NUC_vs_CONTROL",2,1,3,20,400,"floor_sqrt_p",7,16,4,0.847706422018349
"NUC_vs_CONTROL",2,1,4,20,400,"floor_sqrt_p",2,15,3,0.847706422018349
"NUC_vs_CONTROL",2,1,4,20,400,"floor_sqrt_p",5,15,3,0.842201834862385
"NUC_vs_CONTROL",2,1,4,20,400,"floor_sqrt_p",7,15,3,0.844036697247706
"NUC_vs_CONTROL",2,1,5,20,400,"floor_sqrt_p",2,16,4,0.836697247706422
"NUC_vs_CONTROL",2,1,5,20,400,"floor_sqrt_p",5,16,4,0.822018348623853
"NUC_vs_CONTROL",2,1,5,20,400,"floor_sqrt_p",7,16,4,0.825688073394495
"NUC_vs_CONTROL",2,2,1,6,400,"floor_sqrt_p",2,6,2,0.80952380952381
"NUC_vs_CONTROL",2,2,1,6,400,"floor_sqrt_p",5,6,2,0.82051282051282
"NUC_vs_CONTROL",2,2,1,6,400,"floor_sqrt_p",7,6,2,0.82051282051282
"NUC_vs_CONTROL",2,2,2,6,400,"floor_sqrt_p",2,6,2,0.851648351648352
"NUC_vs_CONTROL",2,2,2,6,400,"floor_sqrt_p",5,6,2,0.846153846153846
"NUC_vs_CONTROL",2,2,2,6,400,"floor_sqrt_p",7,6,2,0.838827838827839
"NUC_vs_CONTROL",2,2,3,6,400,"floor_sqrt_p",2,6,2,0.823853211009174
"NUC_vs_CONTROL",2,2,3,6,400,"floor_sqrt_p",5,6,2,0.831192660550459
"NUC_vs_CONTROL",2,2,3,6,400,"floor_sqrt_p",7,6,2,0.829357798165138
"NUC_vs_CONTROL",2,2,4,6,400,"floor_sqrt_p",2,6,2,0.814678899082569
"NUC_vs_CONTROL",2,2,4,6,400,"floor_sqrt_p",5,6,2,0.812844036697248
"NUC_vs_CONTROL",2,2,4,6,400,"floor_sqrt_p",7,6,2,0.822018348623853
"NUC_vs_CONTROL",2,2,5,6,400,"floor_sqrt_p",2,6,2,0.84954128440367
"NUC_vs_CONTROL",2,2,5,6,400,"floor_sqrt_p",5,6,2,0.845871559633028
"NUC_vs_CONTROL",2,2,5,6,400,"floor_sqrt_p",7,6,2,0.840366972477064
"NUC_vs_CONTROL",2,2,1,7,400,"floor_sqrt_p",2,7,2,0.831501831501832
"NUC_vs_CONTROL",2,2,1,7,400,"floor_sqrt_p",5,7,2,0.827838827838828
"NUC_vs_CONTROL",2,2,1,7,400,"floor_sqrt_p",7,7,2,0.831501831501832
"NUC_vs_CONTROL",2,2,2,7,400,"floor_sqrt_p",2,7,2,0.860805860805861
"NUC_vs_CONTROL",2,2,2,7,400,"floor_sqrt_p",5,7,2,0.844322344322344
"NUC_vs_CONTROL",2,2,2,7,400,"floor_sqrt_p",7,7,2,0.847985347985348
"NUC_vs_CONTROL",2,2,3,7,400,"floor_sqrt_p",2,8,2,0.838532110091743
"NUC_vs_CONTROL",2,2,3,7,400,"floor_sqrt_p",5,8,2,0.842201834862385
"NUC_vs_CONTROL",2,2,3,7,400,"floor_sqrt_p",7,8,2,0.840366972477064
"NUC_vs_CONTROL",2,2,4,7,400,"floor_sqrt_p",2,7,2,0.829357798165138
"NUC_vs_CONTROL",2,2,4,7,400,"floor_sqrt_p",5,7,2,0.829357798165138
"NUC_vs_CONTROL",2,2,4,7,400,"floor_sqrt_p",7,7,2,0.827522935779817
"NUC_vs_CONTROL",2,2,5,7,400,"floor_sqrt_p",2,7,2,0.842201834862385
"NUC_vs_CONTROL",2,2,5,7,400,"floor_sqrt_p",5,7,2,0.83302752293578
"NUC_vs_CONTROL",2,2,5,7,400,"floor_sqrt_p",7,7,2,0.831192660550459
"NUC_vs_CONTROL",2,2,1,8,400,"floor_sqrt_p",2,8,2,0.822344322344322
"NUC_vs_CONTROL",2,2,1,8,400,"floor_sqrt_p",5,8,2,0.822344322344322
"NUC_vs_CONTROL",2,2,1,8,400,"floor_sqrt_p",7,8,2,0.826007326007326
"NUC_vs_CONTROL",2,2,2,8,400,"floor_sqrt_p",2,8,2,0.855311355311355
"NUC_vs_CONTROL",2,2,2,8,400,"floor_sqrt_p",5,8,2,0.851648351648352
"NUC_vs_CONTROL",2,2,2,8,400,"floor_sqrt_p",7,8,2,0.853479853479853
"NUC_vs_CONTROL",2,2,3,8,400,"floor_sqrt_p",2,9,3,0.851376146788991
"NUC_vs_CONTROL",2,2,3,8,400,"floor_sqrt_p",5,9,3,0.860550458715596
"NUC_vs_CONTROL",2,2,3,8,400,"floor_sqrt_p",7,9,3,0.860550458715596
"NUC_vs_CONTROL",2,2,4,8,400,"floor_sqrt_p",2,8,2,0.83302752293578
"NUC_vs_CONTROL",2,2,4,8,400,"floor_sqrt_p",5,8,2,0.814678899082569
"NUC_vs_CONTROL",2,2,4,8,400,"floor_sqrt_p",7,8,2,0.823853211009174
"NUC_vs_CONTROL",2,2,5,8,400,"floor_sqrt_p",2,8,2,0.840366972477064
"NUC_vs_CONTROL",2,2,5,8,400,"floor_sqrt_p",5,8,2,0.845871559633028
"NUC_vs_CONTROL",2,2,5,8,400,"floor_sqrt_p",7,8,2,0.840366972477064
"NUC_vs_CONTROL",2,2,1,9,400,"floor_sqrt_p",2,9,3,0.840659340659341
"NUC_vs_CONTROL",2,2,1,9,400,"floor_sqrt_p",5,9,3,0.840659340659341
"NUC_vs_CONTROL",2,2,1,9,400,"floor_sqrt_p",7,9,3,0.842490842490842
"NUC_vs_CONTROL",2,2,2,9,400,"floor_sqrt_p",2,9,3,0.866300366300366
"NUC_vs_CONTROL",2,2,2,9,400,"floor_sqrt_p",5,9,3,0.875457875457875
"NUC_vs_CONTROL",2,2,2,9,400,"floor_sqrt_p",7,9,3,0.862637362637363
"NUC_vs_CONTROL",2,2,3,9,400,"floor_sqrt_p",2,10,3,0.864220183486239
"NUC_vs_CONTROL",2,2,3,9,400,"floor_sqrt_p",5,10,3,0.86605504587156
"NUC_vs_CONTROL",2,2,3,9,400,"floor_sqrt_p",7,10,3,0.862385321100917
"NUC_vs_CONTROL",2,2,4,9,400,"floor_sqrt_p",2,9,3,0.834862385321101
"NUC_vs_CONTROL",2,2,4,9,400,"floor_sqrt_p",5,9,3,0.836697247706422
"NUC_vs_CONTROL",2,2,4,9,400,"floor_sqrt_p",7,9,3,0.831192660550459
"NUC_vs_CONTROL",2,2,5,9,400,"floor_sqrt_p",2,9,3,0.836697247706422
"NUC_vs_CONTROL",2,2,5,9,400,"floor_sqrt_p",5,9,3,0.829357798165138
"NUC_vs_CONTROL",2,2,5,9,400,"floor_sqrt_p",7,9,3,0.83302752293578
"NUC_vs_CONTROL",2,2,1,10,400,"floor_sqrt_p",2,10,3,0.860805860805861
"NUC_vs_CONTROL",2,2,1,10,400,"floor_sqrt_p",5,10,3,0.855311355311355
"NUC_vs_CONTROL",2,2,1,10,400,"floor_sqrt_p",7,10,3,0.862637362637363
"NUC_vs_CONTROL",2,2,2,10,400,"floor_sqrt_p",2,10,3,0.858974358974359
"NUC_vs_CONTROL",2,2,2,10,400,"floor_sqrt_p",5,10,3,0.860805860805861
"NUC_vs_CONTROL",2,2,2,10,400,"floor_sqrt_p",7,10,3,0.851648351648352
"NUC_vs_CONTROL",2,2,3,10,400,"floor_sqrt_p",2,10,3,0.860550458715596
"NUC_vs_CONTROL",2,2,3,10,400,"floor_sqrt_p",5,10,3,0.855045871559633
"NUC_vs_CONTROL",2,2,3,10,400,"floor_sqrt_p",7,10,3,0.84954128440367
"NUC_vs_CONTROL",2,2,4,10,400,"floor_sqrt_p",2,10,3,0.834862385321101
"NUC_vs_CONTROL",2,2,4,10,400,"floor_sqrt_p",5,10,3,0.836697247706422
"NUC_vs_CONTROL",2,2,4,10,400,"floor_sqrt_p",7,10,3,0.842201834862385
"NUC_vs_CONTROL",2,2,5,10,400,"floor_sqrt_p",2,10,3,0.851376146788991
"NUC_vs_CONTROL",2,2,5,10,400,"floor_sqrt_p",5,10,3,0.84954128440367
"NUC_vs_CONTROL",2,2,5,10,400,"floor_sqrt_p",7,10,3,0.845871559633028
"NUC_vs_CONTROL",2,2,1,11,400,"floor_sqrt_p",2,10,3,0.838827838827839
"NUC_vs_CONTROL",2,2,1,11,400,"floor_sqrt_p",5,10,3,0.844322344322344
"NUC_vs_CONTROL",2,2,1,11,400,"floor_sqrt_p",7,10,3,0.842490842490842
"NUC_vs_CONTROL",2,2,2,11,400,"floor_sqrt_p",2,10,3,0.862637362637363
"NUC_vs_CONTROL",2,2,2,11,400,"floor_sqrt_p",5,10,3,0.858974358974359
"NUC_vs_CONTROL",2,2,2,11,400,"floor_sqrt_p",7,10,3,0.866300366300366
"NUC_vs_CONTROL",2,2,3,11,400,"floor_sqrt_p",2,11,3,0.844036697247706
"NUC_vs_CONTROL",2,2,3,11,400,"floor_sqrt_p",5,11,3,0.842201834862385
"NUC_vs_CONTROL",2,2,3,11,400,"floor_sqrt_p",7,11,3,0.84954128440367
"NUC_vs_CONTROL",2,2,4,11,400,"floor_sqrt_p",2,11,3,0.827522935779817
"NUC_vs_CONTROL",2,2,4,11,400,"floor_sqrt_p",5,11,3,0.834862385321101
"NUC_vs_CONTROL",2,2,4,11,400,"floor_sqrt_p",7,11,3,0.83302752293578
"NUC_vs_CONTROL",2,2,5,11,400,"floor_sqrt_p",2,11,3,0.853211009174312
"NUC_vs_CONTROL",2,2,5,11,400,"floor_sqrt_p",5,11,3,0.847706422018349
"NUC_vs_CONTROL",2,2,5,11,400,"floor_sqrt_p",7,11,3,0.856880733944954
"NUC_vs_CONTROL",2,2,1,12,400,"floor_sqrt_p",2,11,3,0.840659340659341
"NUC_vs_CONTROL",2,2,1,12,400,"floor_sqrt_p",5,11,3,0.842490842490842
"NUC_vs_CONTROL",2,2,1,12,400,"floor_sqrt_p",7,11,3,0.831501831501832
"NUC_vs_CONTROL",2,2,2,12,400,"floor_sqrt_p",2,11,3,0.853479853479853
"NUC_vs_CONTROL",2,2,2,12,400,"floor_sqrt_p",5,11,3,0.860805860805861
"NUC_vs_CONTROL",2,2,2,12,400,"floor_sqrt_p",7,11,3,0.851648351648352
"NUC_vs_CONTROL",2,2,3,12,400,"floor_sqrt_p",2,12,3,0.862385321100917
"NUC_vs_CONTROL",2,2,3,12,400,"floor_sqrt_p",5,12,3,0.853211009174312
"NUC_vs_CONTROL",2,2,3,12,400,"floor_sqrt_p",7,12,3,0.860550458715596
"NUC_vs_CONTROL",2,2,4,12,400,"floor_sqrt_p",2,11,3,0.845871559633028
"NUC_vs_CONTROL",2,2,4,12,400,"floor_sqrt_p",5,11,3,0.838532110091743
"NUC_vs_CONTROL",2,2,4,12,400,"floor_sqrt_p",7,11,3,0.827522935779817
"NUC_vs_CONTROL",2,2,5,12,400,"floor_sqrt_p",2,11,3,0.84954128440367
"NUC_vs_CONTROL",2,2,5,12,400,"floor_sqrt_p",5,11,3,0.844036697247706
"NUC_vs_CONTROL",2,2,5,12,400,"floor_sqrt_p",7,11,3,0.84954128440367
"NUC_vs_CONTROL",2,2,1,13,400,"floor_sqrt_p",2,11,3,0.846153846153846
"NUC_vs_CONTROL",2,2,1,13,400,"floor_sqrt_p",5,11,3,0.842490842490842
"NUC_vs_CONTROL",2,2,1,13,400,"floor_sqrt_p",7,11,3,0.836996336996337
"NUC_vs_CONTROL",2,2,2,13,400,"floor_sqrt_p",2,12,3,0.858974358974359
"NUC_vs_CONTROL",2,2,2,13,400,"floor_sqrt_p",5,12,3,0.857142857142857
"NUC_vs_CONTROL",2,2,2,13,400,"floor_sqrt_p",7,12,3,0.857142857142857
"NUC_vs_CONTROL",2,2,3,13,400,"floor_sqrt_p",2,12,3,0.851376146788991
"NUC_vs_CONTROL",2,2,3,13,400,"floor_sqrt_p",5,12,3,0.855045871559633
"NUC_vs_CONTROL",2,2,3,13,400,"floor_sqrt_p",7,12,3,0.855045871559633
"NUC_vs_CONTROL",2,2,4,13,400,"floor_sqrt_p",2,12,3,0.818348623853211
"NUC_vs_CONTROL",2,2,4,13,400,"floor_sqrt_p",5,12,3,0.81651376146789
"NUC_vs_CONTROL",2,2,4,13,400,"floor_sqrt_p",7,12,3,0.83302752293578
"NUC_vs_CONTROL",2,2,5,13,400,"floor_sqrt_p",2,12,3,0.840366972477064
"NUC_vs_CONTROL",2,2,5,13,400,"floor_sqrt_p",5,12,3,0.836697247706422
"NUC_vs_CONTROL",2,2,5,13,400,"floor_sqrt_p",7,12,3,0.834862385321101
"NUC_vs_CONTROL",2,2,1,14,400,"floor_sqrt_p",2,12,3,0.831501831501832
"NUC_vs_CONTROL",2,2,1,14,400,"floor_sqrt_p",5,12,3,0.835164835164835
"NUC_vs_CONTROL",2,2,1,14,400,"floor_sqrt_p",7,12,3,0.831501831501832
"NUC_vs_CONTROL",2,2,2,14,400,"floor_sqrt_p",2,12,3,0.853479853479853
"NUC_vs_CONTROL",2,2,2,14,400,"floor_sqrt_p",5,12,3,0.84981684981685
"NUC_vs_CONTROL",2,2,2,14,400,"floor_sqrt_p",7,12,3,0.851648351648352
"NUC_vs_CONTROL",2,2,3,14,400,"floor_sqrt_p",2,13,3,0.853211009174312
"NUC_vs_CONTROL",2,2,3,14,400,"floor_sqrt_p",5,13,3,0.856880733944954
"NUC_vs_CONTROL",2,2,3,14,400,"floor_sqrt_p",7,13,3,0.858715596330275
"NUC_vs_CONTROL",2,2,4,14,400,"floor_sqrt_p",2,12,3,0.831192660550459
"NUC_vs_CONTROL",2,2,4,14,400,"floor_sqrt_p",5,12,3,0.831192660550459
"NUC_vs_CONTROL",2,2,4,14,400,"floor_sqrt_p",7,12,3,0.836697247706422
"NUC_vs_CONTROL",2,2,5,14,400,"floor_sqrt_p",2,12,3,0.855045871559633
"NUC_vs_CONTROL",2,2,5,14,400,"floor_sqrt_p",5,12,3,0.851376146788991
"NUC_vs_CONTROL",2,2,5,14,400,"floor_sqrt_p",7,12,3,0.853211009174312
"NUC_vs_CONTROL",2,2,1,15,400,"floor_sqrt_p",2,12,3,0.840659340659341
"NUC_vs_CONTROL",2,2,1,15,400,"floor_sqrt_p",5,12,3,0.835164835164835
"NUC_vs_CONTROL",2,2,1,15,400,"floor_sqrt_p",7,12,3,0.842490842490842
"NUC_vs_CONTROL",2,2,2,15,400,"floor_sqrt_p",2,13,3,0.846153846153846
"NUC_vs_CONTROL",2,2,2,15,400,"floor_sqrt_p",5,13,3,0.855311355311355
"NUC_vs_CONTROL",2,2,2,15,400,"floor_sqrt_p",7,13,3,0.860805860805861
"NUC_vs_CONTROL",2,2,3,15,400,"floor_sqrt_p",2,14,3,0.856880733944954
"NUC_vs_CONTROL",2,2,3,15,400,"floor_sqrt_p",5,14,3,0.847706422018349
"NUC_vs_CONTROL",2,2,3,15,400,"floor_sqrt_p",7,14,3,0.845871559633028
"NUC_vs_CONTROL",2,2,4,15,400,"floor_sqrt_p",2,13,3,0.829357798165138
"NUC_vs_CONTROL",2,2,4,15,400,"floor_sqrt_p",5,13,3,0.831192660550459
"NUC_vs_CONTROL",2,2,4,15,400,"floor_sqrt_p",7,13,3,0.83302752293578
"NUC_vs_CONTROL",2,2,5,15,400,"floor_sqrt_p",2,13,3,0.851376146788991
"NUC_vs_CONTROL",2,2,5,15,400,"floor_sqrt_p",5,13,3,0.851376146788991
"NUC_vs_CONTROL",2,2,5,15,400,"floor_sqrt_p",7,13,3,0.84954128440367
"NUC_vs_CONTROL",2,2,1,16,400,"floor_sqrt_p",2,13,3,0.842490842490842
"NUC_vs_CONTROL",2,2,1,16,400,"floor_sqrt_p",5,13,3,0.836996336996337
"NUC_vs_CONTROL",2,2,1,16,400,"floor_sqrt_p",7,13,3,0.836996336996337
"NUC_vs_CONTROL",2,2,2,16,400,"floor_sqrt_p",2,13,3,0.838827838827839
"NUC_vs_CONTROL",2,2,2,16,400,"floor_sqrt_p",5,13,3,0.851648351648352
"NUC_vs_CONTROL",2,2,2,16,400,"floor_sqrt_p",7,13,3,0.838827838827839
"NUC_vs_CONTROL",2,2,3,16,400,"floor_sqrt_p",2,14,3,0.847706422018349
"NUC_vs_CONTROL",2,2,3,16,400,"floor_sqrt_p",5,14,3,0.845871559633028
"NUC_vs_CONTROL",2,2,3,16,400,"floor_sqrt_p",7,14,3,0.84954128440367
"NUC_vs_CONTROL",2,2,4,16,400,"floor_sqrt_p",2,13,3,0.812844036697248
"NUC_vs_CONTROL",2,2,4,16,400,"floor_sqrt_p",5,13,3,0.81651376146789
"NUC_vs_CONTROL",2,2,4,16,400,"floor_sqrt_p",7,13,3,0.81651376146789
"NUC_vs_CONTROL",2,2,5,16,400,"floor_sqrt_p",2,14,3,0.856880733944954
"NUC_vs_CONTROL",2,2,5,16,400,"floor_sqrt_p",5,14,3,0.858715596330275
"NUC_vs_CONTROL",2,2,5,16,400,"floor_sqrt_p",7,14,3,0.856880733944954
"NUC_vs_CONTROL",2,2,1,17,400,"floor_sqrt_p",2,14,3,0.840659340659341
"NUC_vs_CONTROL",2,2,1,17,400,"floor_sqrt_p",5,14,3,0.838827838827839
"NUC_vs_CONTROL",2,2,1,17,400,"floor_sqrt_p",7,14,3,0.835164835164835
"NUC_vs_CONTROL",2,2,2,17,400,"floor_sqrt_p",2,14,3,0.853479853479853
"NUC_vs_CONTROL",2,2,2,17,400,"floor_sqrt_p",5,14,3,0.855311355311355
"NUC_vs_CONTROL",2,2,2,17,400,"floor_sqrt_p",7,14,3,0.858974358974359
"NUC_vs_CONTROL",2,2,3,17,400,"floor_sqrt_p",2,15,3,0.867889908256881
"NUC_vs_CONTROL",2,2,3,17,400,"floor_sqrt_p",5,15,3,0.851376146788991
"NUC_vs_CONTROL",2,2,3,17,400,"floor_sqrt_p",7,15,3,0.860550458715596
"NUC_vs_CONTROL",2,2,4,17,400,"floor_sqrt_p",2,14,3,0.827522935779817
"NUC_vs_CONTROL",2,2,4,17,400,"floor_sqrt_p",5,14,3,0.823853211009174
"NUC_vs_CONTROL",2,2,4,17,400,"floor_sqrt_p",7,14,3,0.829357798165138
"NUC_vs_CONTROL",2,2,5,17,400,"floor_sqrt_p",2,14,3,0.844036697247706
"NUC_vs_CONTROL",2,2,5,17,400,"floor_sqrt_p",5,14,3,0.847706422018349
"NUC_vs_CONTROL",2,2,5,17,400,"floor_sqrt_p",7,14,3,0.842201834862385
"NUC_vs_CONTROL",2,2,1,18,400,"floor_sqrt_p",2,14,3,0.84981684981685
"NUC_vs_CONTROL",2,2,1,18,400,"floor_sqrt_p",5,14,3,0.853479853479853
"NUC_vs_CONTROL",2,2,1,18,400,"floor_sqrt_p",7,14,3,0.847985347985348
"NUC_vs_CONTROL",2,2,2,18,400,"floor_sqrt_p",2,14,3,0.858974358974359
"NUC_vs_CONTROL",2,2,2,18,400,"floor_sqrt_p",5,14,3,0.862637362637363
"NUC_vs_CONTROL",2,2,2,18,400,"floor_sqrt_p",7,14,3,0.868131868131868
"NUC_vs_CONTROL",2,2,3,18,400,"floor_sqrt_p",2,15,3,0.862385321100917
"NUC_vs_CONTROL",2,2,3,18,400,"floor_sqrt_p",5,15,3,0.856880733944954
"NUC_vs_CONTROL",2,2,3,18,400,"floor_sqrt_p",7,15,3,0.864220183486239
"NUC_vs_CONTROL",2,2,4,18,400,"floor_sqrt_p",2,15,3,0.834862385321101
"NUC_vs_CONTROL",2,2,4,18,400,"floor_sqrt_p",5,15,3,0.836697247706422
"NUC_vs_CONTROL",2,2,4,18,400,"floor_sqrt_p",7,15,3,0.831192660550459
"NUC_vs_CONTROL",2,2,5,18,400,"floor_sqrt_p",2,15,3,0.871559633027523
"NUC_vs_CONTROL",2,2,5,18,400,"floor_sqrt_p",5,15,3,0.86605504587156
"NUC_vs_CONTROL",2,2,5,18,400,"floor_sqrt_p",7,15,3,0.869724770642202
"NUC_vs_CONTROL",2,2,1,19,400,"floor_sqrt_p",2,15,3,0.855311355311355
"NUC_vs_CONTROL",2,2,1,19,400,"floor_sqrt_p",5,15,3,0.84981684981685
"NUC_vs_CONTROL",2,2,1,19,400,"floor_sqrt_p",7,15,3,0.847985347985348
"NUC_vs_CONTROL",2,2,2,19,400,"floor_sqrt_p",2,15,3,0.858974358974359
"NUC_vs_CONTROL",2,2,2,19,400,"floor_sqrt_p",5,15,3,0.860805860805861
"NUC_vs_CONTROL",2,2,2,19,400,"floor_sqrt_p",7,15,3,0.862637362637363
"NUC_vs_CONTROL",2,2,3,19,400,"floor_sqrt_p",2,16,4,0.855045871559633
"NUC_vs_CONTROL",2,2,3,19,400,"floor_sqrt_p",5,16,4,0.858715596330275
"NUC_vs_CONTROL",2,2,3,19,400,"floor_sqrt_p",7,16,4,0.862385321100917
"NUC_vs_CONTROL",2,2,4,19,400,"floor_sqrt_p",2,15,3,0.831192660550459
"NUC_vs_CONTROL",2,2,4,19,400,"floor_sqrt_p",5,15,3,0.829357798165138
"NUC_vs_CONTROL",2,2,4,19,400,"floor_sqrt_p",7,15,3,0.820183486238532
"NUC_vs_CONTROL",2,2,5,19,400,"floor_sqrt_p",2,15,3,0.856880733944954
"NUC_vs_CONTROL",2,2,5,19,400,"floor_sqrt_p",5,15,3,0.855045871559633
"NUC_vs_CONTROL",2,2,5,19,400,"floor_sqrt_p",7,15,3,0.851376146788991
"NUC_vs_CONTROL",2,2,1,20,400,"floor_sqrt_p",2,15,3,0.855311355311355
"NUC_vs_CONTROL",2,2,1,20,400,"floor_sqrt_p",5,15,3,0.847985347985348
"NUC_vs_CONTROL",2,2,1,20,400,"floor_sqrt_p",7,15,3,0.844322344322344
"NUC_vs_CONTROL",2,2,2,20,400,"floor_sqrt_p",2,15,3,0.864468864468865
"NUC_vs_CONTROL",2,2,2,20,400,"floor_sqrt_p",5,15,3,0.862637362637363
"NUC_vs_CONTROL",2,2,2,20,400,"floor_sqrt_p",7,15,3,0.860805860805861
"NUC_vs_CONTROL",2,2,3,20,400,"floor_sqrt_p",2,16,4,0.86605504587156
"NUC_vs_CONTROL",2,2,3,20,400,"floor_sqrt_p",5,16,4,0.855045871559633
"NUC_vs_CONTROL",2,2,3,20,400,"floor_sqrt_p",7,16,4,0.847706422018349
"NUC_vs_CONTROL",2,2,4,20,400,"floor_sqrt_p",2,15,3,0.83302752293578
"NUC_vs_CONTROL",2,2,4,20,400,"floor_sqrt_p",5,15,3,0.838532110091743
"NUC_vs_CONTROL",2,2,4,20,400,"floor_sqrt_p",7,15,3,0.84954128440367
"NUC_vs_CONTROL",2,2,5,20,400,"floor_sqrt_p",2,16,4,0.862385321100917
"NUC_vs_CONTROL",2,2,5,20,400,"floor_sqrt_p",5,16,4,0.867889908256881
"NUC_vs_CONTROL",2,2,5,20,400,"floor_sqrt_p",7,16,4,0.862385321100917
"NUC_vs_CONTROL",2,3,1,6,400,"floor_sqrt_p",2,6,2,0.791208791208791
"NUC_vs_CONTROL",2,3,1,6,400,"floor_sqrt_p",5,6,2,0.791208791208791
"NUC_vs_CONTROL",2,3,1,6,400,"floor_sqrt_p",7,6,2,0.793040293040293
"NUC_vs_CONTROL",2,3,2,6,400,"floor_sqrt_p",2,6,2,0.791208791208791
"NUC_vs_CONTROL",2,3,2,6,400,"floor_sqrt_p",5,6,2,0.802197802197802
"NUC_vs_CONTROL",2,3,2,6,400,"floor_sqrt_p",7,6,2,0.802197802197802
"NUC_vs_CONTROL",2,3,3,6,400,"floor_sqrt_p",2,6,2,0.826007326007326
"NUC_vs_CONTROL",2,3,3,6,400,"floor_sqrt_p",5,6,2,0.836996336996337
"NUC_vs_CONTROL",2,3,3,6,400,"floor_sqrt_p",7,6,2,0.833333333333333
"NUC_vs_CONTROL",2,3,4,6,400,"floor_sqrt_p",2,6,2,0.836697247706422
"NUC_vs_CONTROL",2,3,4,6,400,"floor_sqrt_p",5,6,2,0.827522935779817
"NUC_vs_CONTROL",2,3,4,6,400,"floor_sqrt_p",7,6,2,0.827522935779817
"NUC_vs_CONTROL",2,3,5,6,400,"floor_sqrt_p",2,6,2,0.823853211009174
"NUC_vs_CONTROL",2,3,5,6,400,"floor_sqrt_p",5,6,2,0.825688073394495
"NUC_vs_CONTROL",2,3,5,6,400,"floor_sqrt_p",7,6,2,0.829357798165138
"NUC_vs_CONTROL",2,3,1,7,400,"floor_sqrt_p",2,7,2,0.818681318681319
"NUC_vs_CONTROL",2,3,1,7,400,"floor_sqrt_p",5,7,2,0.805860805860806
"NUC_vs_CONTROL",2,3,1,7,400,"floor_sqrt_p",7,7,2,0.813186813186813
"NUC_vs_CONTROL",2,3,2,7,400,"floor_sqrt_p",2,7,2,0.794871794871795
"NUC_vs_CONTROL",2,3,2,7,400,"floor_sqrt_p",5,7,2,0.798534798534799
"NUC_vs_CONTROL",2,3,2,7,400,"floor_sqrt_p",7,7,2,0.794871794871795
"NUC_vs_CONTROL",2,3,3,7,400,"floor_sqrt_p",2,7,2,0.846153846153846
"NUC_vs_CONTROL",2,3,3,7,400,"floor_sqrt_p",5,7,2,0.842490842490842
"NUC_vs_CONTROL",2,3,3,7,400,"floor_sqrt_p",7,7,2,0.842490842490842
"NUC_vs_CONTROL",2,3,4,7,400,"floor_sqrt_p",2,7,2,0.812844036697248
"NUC_vs_CONTROL",2,3,4,7,400,"floor_sqrt_p",5,7,2,0.812844036697248
"NUC_vs_CONTROL",2,3,4,7,400,"floor_sqrt_p",7,7,2,0.820183486238532
"NUC_vs_CONTROL",2,3,5,7,400,"floor_sqrt_p",2,7,2,0.84954128440367
"NUC_vs_CONTROL",2,3,5,7,400,"floor_sqrt_p",5,7,2,0.853211009174312
"NUC_vs_CONTROL",2,3,5,7,400,"floor_sqrt_p",7,7,2,0.856880733944954
"NUC_vs_CONTROL",2,3,1,8,400,"floor_sqrt_p",2,8,2,0.794871794871795
"NUC_vs_CONTROL",2,3,1,8,400,"floor_sqrt_p",5,8,2,0.798534798534799
"NUC_vs_CONTROL",2,3,1,8,400,"floor_sqrt_p",7,8,2,0.794871794871795
"NUC_vs_CONTROL",2,3,2,8,400,"floor_sqrt_p",2,8,2,0.835164835164835
"NUC_vs_CONTROL",2,3,2,8,400,"floor_sqrt_p",5,8,2,0.82051282051282
"NUC_vs_CONTROL",2,3,2,8,400,"floor_sqrt_p",7,8,2,0.82967032967033
"NUC_vs_CONTROL",2,3,3,8,400,"floor_sqrt_p",2,8,2,0.846153846153846
"NUC_vs_CONTROL",2,3,3,8,400,"floor_sqrt_p",5,8,2,0.84981684981685
"NUC_vs_CONTROL",2,3,3,8,400,"floor_sqrt_p",7,8,2,0.84981684981685
"NUC_vs_CONTROL",2,3,4,8,400,"floor_sqrt_p",2,8,2,0.853211009174312
"NUC_vs_CONTROL",2,3,4,8,400,"floor_sqrt_p",5,8,2,0.856880733944954
"NUC_vs_CONTROL",2,3,4,8,400,"floor_sqrt_p",7,8,2,0.84954128440367
"NUC_vs_CONTROL",2,3,5,8,400,"floor_sqrt_p",2,8,2,0.860550458715596
"NUC_vs_CONTROL",2,3,5,8,400,"floor_sqrt_p",5,8,2,0.856880733944954
"NUC_vs_CONTROL",2,3,5,8,400,"floor_sqrt_p",7,8,2,0.851376146788991
"NUC_vs_CONTROL",2,3,1,9,400,"floor_sqrt_p",2,9,3,0.791208791208791
"NUC_vs_CONTROL",2,3,1,9,400,"floor_sqrt_p",5,9,3,0.793040293040293
"NUC_vs_CONTROL",2,3,1,9,400,"floor_sqrt_p",7,9,3,0.787545787545788
"NUC_vs_CONTROL",2,3,2,9,400,"floor_sqrt_p",2,9,3,0.816849816849817
"NUC_vs_CONTROL",2,3,2,9,400,"floor_sqrt_p",5,9,3,0.82051282051282
"NUC_vs_CONTROL",2,3,2,9,400,"floor_sqrt_p",7,9,3,0.826007326007326
"NUC_vs_CONTROL",2,3,3,9,400,"floor_sqrt_p",2,9,3,0.846153846153846
"NUC_vs_CONTROL",2,3,3,9,400,"floor_sqrt_p",5,9,3,0.842490842490842
"NUC_vs_CONTROL",2,3,3,9,400,"floor_sqrt_p",7,9,3,0.851648351648352
"NUC_vs_CONTROL",2,3,4,9,400,"floor_sqrt_p",2,9,3,0.86605504587156
"NUC_vs_CONTROL",2,3,4,9,400,"floor_sqrt_p",5,9,3,0.871559633027523
"NUC_vs_CONTROL",2,3,4,9,400,"floor_sqrt_p",7,9,3,0.86605504587156
"NUC_vs_CONTROL",2,3,5,9,400,"floor_sqrt_p",2,9,3,0.878899082568807
"NUC_vs_CONTROL",2,3,5,9,400,"floor_sqrt_p",5,9,3,0.871559633027523
"NUC_vs_CONTROL",2,3,5,9,400,"floor_sqrt_p",7,9,3,0.873394495412844
"NUC_vs_CONTROL",2,3,1,10,400,"floor_sqrt_p",2,10,3,0.818681318681319
"NUC_vs_CONTROL",2,3,1,10,400,"floor_sqrt_p",5,10,3,0.818681318681319
"NUC_vs_CONTROL",2,3,1,10,400,"floor_sqrt_p",7,10,3,0.813186813186813
"NUC_vs_CONTROL",2,3,2,10,400,"floor_sqrt_p",2,10,3,0.835164835164835
"NUC_vs_CONTROL",2,3,2,10,400,"floor_sqrt_p",5,10,3,0.826007326007326
"NUC_vs_CONTROL",2,3,2,10,400,"floor_sqrt_p",7,10,3,0.833333333333333
"NUC_vs_CONTROL",2,3,3,10,400,"floor_sqrt_p",2,10,3,0.840659340659341
"NUC_vs_CONTROL",2,3,3,10,400,"floor_sqrt_p",5,10,3,0.84981684981685
"NUC_vs_CONTROL",2,3,3,10,400,"floor_sqrt_p",7,10,3,0.846153846153846
"NUC_vs_CONTROL",2,3,4,10,400,"floor_sqrt_p",2,10,3,0.845871559633028
"NUC_vs_CONTROL",2,3,4,10,400,"floor_sqrt_p",5,10,3,0.842201834862385
"NUC_vs_CONTROL",2,3,4,10,400,"floor_sqrt_p",7,10,3,0.836697247706422
"NUC_vs_CONTROL",2,3,5,10,400,"floor_sqrt_p",2,10,3,0.871559633027523
"NUC_vs_CONTROL",2,3,5,10,400,"floor_sqrt_p",5,10,3,0.869724770642202
"NUC_vs_CONTROL",2,3,5,10,400,"floor_sqrt_p",7,10,3,0.86605504587156
"NUC_vs_CONTROL",2,3,1,11,400,"floor_sqrt_p",2,10,3,0.826007326007326
"NUC_vs_CONTROL",2,3,1,11,400,"floor_sqrt_p",5,10,3,0.826007326007326
"NUC_vs_CONTROL",2,3,1,11,400,"floor_sqrt_p",7,10,3,0.826007326007326
"NUC_vs_CONTROL",2,3,2,11,400,"floor_sqrt_p",2,11,3,0.824175824175824
"NUC_vs_CONTROL",2,3,2,11,400,"floor_sqrt_p",5,11,3,0.82967032967033
"NUC_vs_CONTROL",2,3,2,11,400,"floor_sqrt_p",7,11,3,0.818681318681319
"NUC_vs_CONTROL",2,3,3,11,400,"floor_sqrt_p",2,11,3,0.860805860805861
"NUC_vs_CONTROL",2,3,3,11,400,"floor_sqrt_p",5,11,3,0.851648351648352
"NUC_vs_CONTROL",2,3,3,11,400,"floor_sqrt_p",7,11,3,0.862637362637363
"NUC_vs_CONTROL",2,3,4,11,400,"floor_sqrt_p",2,11,3,0.875229357798165
"NUC_vs_CONTROL",2,3,4,11,400,"floor_sqrt_p",5,11,3,0.869724770642202
"NUC_vs_CONTROL",2,3,4,11,400,"floor_sqrt_p",7,11,3,0.86605504587156
"NUC_vs_CONTROL",2,3,5,11,400,"floor_sqrt_p",2,10,3,0.858715596330275
"NUC_vs_CONTROL",2,3,5,11,400,"floor_sqrt_p",5,10,3,0.860550458715596
"NUC_vs_CONTROL",2,3,5,11,400,"floor_sqrt_p",7,10,3,0.860550458715596
"NUC_vs_CONTROL",2,3,1,12,400,"floor_sqrt_p",2,11,3,0.816849816849817
"NUC_vs_CONTROL",2,3,1,12,400,"floor_sqrt_p",5,11,3,0.826007326007326
"NUC_vs_CONTROL",2,3,1,12,400,"floor_sqrt_p",7,11,3,0.818681318681319
"NUC_vs_CONTROL",2,3,2,12,400,"floor_sqrt_p",2,11,3,0.822344322344322
"NUC_vs_CONTROL",2,3,2,12,400,"floor_sqrt_p",5,11,3,0.815018315018315
"NUC_vs_CONTROL",2,3,2,12,400,"floor_sqrt_p",7,11,3,0.813186813186813
"NUC_vs_CONTROL",2,3,3,12,400,"floor_sqrt_p",2,11,3,0.853479853479853
"NUC_vs_CONTROL",2,3,3,12,400,"floor_sqrt_p",5,11,3,0.855311355311355
"NUC_vs_CONTROL",2,3,3,12,400,"floor_sqrt_p",7,11,3,0.846153846153846
"NUC_vs_CONTROL",2,3,4,12,400,"floor_sqrt_p",2,11,3,0.873394495412844
"NUC_vs_CONTROL",2,3,4,12,400,"floor_sqrt_p",5,11,3,0.867889908256881
"NUC_vs_CONTROL",2,3,4,12,400,"floor_sqrt_p",7,11,3,0.858715596330275
"NUC_vs_CONTROL",2,3,5,12,400,"floor_sqrt_p",2,11,3,0.869724770642202
"NUC_vs_CONTROL",2,3,5,12,400,"floor_sqrt_p",5,11,3,0.86605504587156
"NUC_vs_CONTROL",2,3,5,12,400,"floor_sqrt_p",7,11,3,0.864220183486239
"NUC_vs_CONTROL",2,3,1,13,400,"floor_sqrt_p",2,12,3,0.8003663003663
"NUC_vs_CONTROL",2,3,1,13,400,"floor_sqrt_p",5,12,3,0.805860805860806
"NUC_vs_CONTROL",2,3,1,13,400,"floor_sqrt_p",7,12,3,0.798534798534799
"NUC_vs_CONTROL",2,3,2,13,400,"floor_sqrt_p",2,12,3,0.815018315018315
"NUC_vs_CONTROL",2,3,2,13,400,"floor_sqrt_p",5,12,3,0.827838827838828
"NUC_vs_CONTROL",2,3,2,13,400,"floor_sqrt_p",7,12,3,0.824175824175824
"NUC_vs_CONTROL",2,3,3,13,400,"floor_sqrt_p",2,12,3,0.862637362637363
"NUC_vs_CONTROL",2,3,3,13,400,"floor_sqrt_p",5,12,3,0.855311355311355
"NUC_vs_CONTROL",2,3,3,13,400,"floor_sqrt_p",7,12,3,0.868131868131868
"NUC_vs_CONTROL",2,3,4,13,400,"floor_sqrt_p",2,12,3,0.855045871559633
"NUC_vs_CONTROL",2,3,4,13,400,"floor_sqrt_p",5,12,3,0.855045871559633
"NUC_vs_CONTROL",2,3,4,13,400,"floor_sqrt_p",7,12,3,0.86605504587156
"NUC_vs_CONTROL",2,3,5,13,400,"floor_sqrt_p",2,11,3,0.873394495412844
"NUC_vs_CONTROL",2,3,5,13,400,"floor_sqrt_p",5,11,3,0.873394495412844
"NUC_vs_CONTROL",2,3,5,13,400,"floor_sqrt_p",7,11,3,0.869724770642202
"NUC_vs_CONTROL",2,3,1,14,400,"floor_sqrt_p",2,12,3,0.82051282051282
"NUC_vs_CONTROL",2,3,1,14,400,"floor_sqrt_p",5,12,3,0.815018315018315
"NUC_vs_CONTROL",2,3,1,14,400,"floor_sqrt_p",7,12,3,0.818681318681319
"NUC_vs_CONTROL",2,3,2,14,400,"floor_sqrt_p",2,12,3,0.838827838827839
"NUC_vs_CONTROL",2,3,2,14,400,"floor_sqrt_p",5,12,3,0.835164835164835
"NUC_vs_CONTROL",2,3,2,14,400,"floor_sqrt_p",7,12,3,0.827838827838828
"NUC_vs_CONTROL",2,3,3,14,400,"floor_sqrt_p",2,12,3,0.862637362637363
"NUC_vs_CONTROL",2,3,3,14,400,"floor_sqrt_p",5,12,3,0.857142857142857
"NUC_vs_CONTROL",2,3,3,14,400,"floor_sqrt_p",7,12,3,0.864468864468865
"NUC_vs_CONTROL",2,3,4,14,400,"floor_sqrt_p",2,12,3,0.840366972477064
"NUC_vs_CONTROL",2,3,4,14,400,"floor_sqrt_p",5,12,3,0.840366972477064
"NUC_vs_CONTROL",2,3,4,14,400,"floor_sqrt_p",7,12,3,0.851376146788991
"NUC_vs_CONTROL",2,3,5,14,400,"floor_sqrt_p",2,12,3,0.869724770642202
"NUC_vs_CONTROL",2,3,5,14,400,"floor_sqrt_p",5,12,3,0.867889908256881
"NUC_vs_CONTROL",2,3,5,14,400,"floor_sqrt_p",7,12,3,0.869724770642202
"NUC_vs_CONTROL",2,3,1,15,400,"floor_sqrt_p",2,13,3,0.831501831501832
"NUC_vs_CONTROL",2,3,1,15,400,"floor_sqrt_p",5,13,3,0.827838827838828
"NUC_vs_CONTROL",2,3,1,15,400,"floor_sqrt_p",7,13,3,0.827838827838828
"NUC_vs_CONTROL",2,3,2,15,400,"floor_sqrt_p",2,13,3,0.835164835164835
"NUC_vs_CONTROL",2,3,2,15,400,"floor_sqrt_p",5,13,3,0.836996336996337
"NUC_vs_CONTROL",2,3,2,15,400,"floor_sqrt_p",7,13,3,0.826007326007326
"NUC_vs_CONTROL",2,3,3,15,400,"floor_sqrt_p",2,13,3,0.860805860805861
"NUC_vs_CONTROL",2,3,3,15,400,"floor_sqrt_p",5,13,3,0.855311355311355
"NUC_vs_CONTROL",2,3,3,15,400,"floor_sqrt_p",7,13,3,0.851648351648352
"NUC_vs_CONTROL",2,3,4,15,400,"floor_sqrt_p",2,13,3,0.838532110091743
"NUC_vs_CONTROL",2,3,4,15,400,"floor_sqrt_p",5,13,3,0.840366972477064
"NUC_vs_CONTROL",2,3,4,15,400,"floor_sqrt_p",7,13,3,0.831192660550459
"NUC_vs_CONTROL",2,3,5,15,400,"floor_sqrt_p",2,12,3,0.864220183486239
"NUC_vs_CONTROL",2,3,5,15,400,"floor_sqrt_p",5,12,3,0.853211009174312
"NUC_vs_CONTROL",2,3,5,15,400,"floor_sqrt_p",7,12,3,0.862385321100917
"NUC_vs_CONTROL",2,3,1,16,400,"floor_sqrt_p",2,13,3,0.835164835164835
"NUC_vs_CONTROL",2,3,1,16,400,"floor_sqrt_p",5,13,3,0.824175824175824
"NUC_vs_CONTROL",2,3,1,16,400,"floor_sqrt_p",7,13,3,0.82967032967033
"NUC_vs_CONTROL",2,3,2,16,400,"floor_sqrt_p",2,14,3,0.816849816849817
"NUC_vs_CONTROL",2,3,2,16,400,"floor_sqrt_p",5,14,3,0.818681318681319
"NUC_vs_CONTROL",2,3,2,16,400,"floor_sqrt_p",7,14,3,0.815018315018315
"NUC_vs_CONTROL",2,3,3,16,400,"floor_sqrt_p",2,14,3,0.864468864468865
"NUC_vs_CONTROL",2,3,3,16,400,"floor_sqrt_p",5,14,3,0.866300366300366
"NUC_vs_CONTROL",2,3,3,16,400,"floor_sqrt_p",7,14,3,0.853479853479853
"NUC_vs_CONTROL",2,3,4,16,400,"floor_sqrt_p",2,14,3,0.844036697247706
"NUC_vs_CONTROL",2,3,4,16,400,"floor_sqrt_p",5,14,3,0.838532110091743
"NUC_vs_CONTROL",2,3,4,16,400,"floor_sqrt_p",7,14,3,0.853211009174312
"NUC_vs_CONTROL",2,3,5,16,400,"floor_sqrt_p",2,13,3,0.864220183486239
"NUC_vs_CONTROL",2,3,5,16,400,"floor_sqrt_p",5,13,3,0.853211009174312
"NUC_vs_CONTROL",2,3,5,16,400,"floor_sqrt_p",7,13,3,0.86605504587156
"NUC_vs_CONTROL",2,3,1,17,400,"floor_sqrt_p",2,14,3,0.844322344322344
"NUC_vs_CONTROL",2,3,1,17,400,"floor_sqrt_p",5,14,3,0.840659340659341
"NUC_vs_CONTROL",2,3,1,17,400,"floor_sqrt_p",7,14,3,0.846153846153846
"NUC_vs_CONTROL",2,3,2,17,400,"floor_sqrt_p",2,14,3,0.836996336996337
"NUC_vs_CONTROL",2,3,2,17,400,"floor_sqrt_p",5,14,3,0.824175824175824
"NUC_vs_CONTROL",2,3,2,17,400,"floor_sqrt_p",7,14,3,0.831501831501832
"NUC_vs_CONTROL",2,3,3,17,400,"floor_sqrt_p",2,14,3,0.862637362637363
"NUC_vs_CONTROL",2,3,3,17,400,"floor_sqrt_p",5,14,3,0.860805860805861
"NUC_vs_CONTROL",2,3,3,17,400,"floor_sqrt_p",7,14,3,0.862637362637363
"NUC_vs_CONTROL",2,3,4,17,400,"floor_sqrt_p",2,14,3,0.844036697247706
"NUC_vs_CONTROL",2,3,4,17,400,"floor_sqrt_p",5,14,3,0.855045871559633
"NUC_vs_CONTROL",2,3,4,17,400,"floor_sqrt_p",7,14,3,0.853211009174312
"NUC_vs_CONTROL",2,3,5,17,400,"floor_sqrt_p",2,14,3,0.873394495412844
"NUC_vs_CONTROL",2,3,5,17,400,"floor_sqrt_p",5,14,3,0.869724770642202
"NUC_vs_CONTROL",2,3,5,17,400,"floor_sqrt_p",7,14,3,0.880733944954128
"NUC_vs_CONTROL",2,3,1,18,400,"floor_sqrt_p",2,15,3,0.842490842490842
"NUC_vs_CONTROL",2,3,1,18,400,"floor_sqrt_p",5,15,3,0.831501831501832
"NUC_vs_CONTROL",2,3,1,18,400,"floor_sqrt_p",7,15,3,0.838827838827839
"NUC_vs_CONTROL",2,3,2,18,400,"floor_sqrt_p",2,15,3,0.833333333333333
"NUC_vs_CONTROL",2,3,2,18,400,"floor_sqrt_p",5,15,3,0.82967032967033
"NUC_vs_CONTROL",2,3,2,18,400,"floor_sqrt_p",7,15,3,0.835164835164835
"NUC_vs_CONTROL",2,3,3,18,400,"floor_sqrt_p",2,15,3,0.860805860805861
"NUC_vs_CONTROL",2,3,3,18,400,"floor_sqrt_p",5,15,3,0.858974358974359
"NUC_vs_CONTROL",2,3,3,18,400,"floor_sqrt_p",7,15,3,0.858974358974359
"NUC_vs_CONTROL",2,3,4,18,400,"floor_sqrt_p",2,15,3,0.864220183486239
"NUC_vs_CONTROL",2,3,4,18,400,"floor_sqrt_p",5,15,3,0.853211009174312
"NUC_vs_CONTROL",2,3,4,18,400,"floor_sqrt_p",7,15,3,0.869724770642202
"NUC_vs_CONTROL",2,3,5,18,400,"floor_sqrt_p",2,14,3,0.862385321100917
"NUC_vs_CONTROL",2,3,5,18,400,"floor_sqrt_p",5,14,3,0.864220183486239
"NUC_vs_CONTROL",2,3,5,18,400,"floor_sqrt_p",7,14,3,0.871559633027523
"NUC_vs_CONTROL",2,3,1,19,400,"floor_sqrt_p",2,15,3,0.831501831501832
"NUC_vs_CONTROL",2,3,1,19,400,"floor_sqrt_p",5,15,3,0.831501831501832
"NUC_vs_CONTROL",2,3,1,19,400,"floor_sqrt_p",7,15,3,0.836996336996337
"NUC_vs_CONTROL",2,3,2,19,400,"floor_sqrt_p",2,15,3,0.824175824175824
"NUC_vs_CONTROL",2,3,2,19,400,"floor_sqrt_p",5,15,3,0.818681318681319
"NUC_vs_CONTROL",2,3,2,19,400,"floor_sqrt_p",7,15,3,0.824175824175824
"NUC_vs_CONTROL",2,3,3,19,400,"floor_sqrt_p",2,15,3,0.858974358974359
"NUC_vs_CONTROL",2,3,3,19,400,"floor_sqrt_p",5,15,3,0.858974358974359
"NUC_vs_CONTROL",2,3,3,19,400,"floor_sqrt_p",7,15,3,0.857142857142857
"NUC_vs_CONTROL",2,3,4,19,400,"floor_sqrt_p",2,15,3,0.875229357798165
"NUC_vs_CONTROL",2,3,4,19,400,"floor_sqrt_p",5,15,3,0.851376146788991
"NUC_vs_CONTROL",2,3,4,19,400,"floor_sqrt_p",7,15,3,0.862385321100917
"NUC_vs_CONTROL",2,3,5,19,400,"floor_sqrt_p",2,15,3,0.862385321100917
"NUC_vs_CONTROL",2,3,5,19,400,"floor_sqrt_p",5,15,3,0.864220183486239
"NUC_vs_CONTROL",2,3,5,19,400,"floor_sqrt_p",7,15,3,0.862385321100917
"NUC_vs_CONTROL",2,3,1,20,400,"floor_sqrt_p",2,15,3,0.831501831501832
"NUC_vs_CONTROL",2,3,1,20,400,"floor_sqrt_p",5,15,3,0.82967032967033
"NUC_vs_CONTROL",2,3,1,20,400,"floor_sqrt_p",7,15,3,0.82051282051282
"NUC_vs_CONTROL",2,3,2,20,400,"floor_sqrt_p",2,15,3,0.824175824175824
"NUC_vs_CONTROL",2,3,2,20,400,"floor_sqrt_p",5,15,3,0.815018315018315
"NUC_vs_CONTROL",2,3,2,20,400,"floor_sqrt_p",7,15,3,0.82051282051282
"NUC_vs_CONTROL",2,3,3,20,400,"floor_sqrt_p",2,16,4,0.868131868131868
"NUC_vs_CONTROL",2,3,3,20,400,"floor_sqrt_p",5,16,4,0.855311355311355
"NUC_vs_CONTROL",2,3,3,20,400,"floor_sqrt_p",7,16,4,0.866300366300366
"NUC_vs_CONTROL",2,3,4,20,400,"floor_sqrt_p",2,16,4,0.862385321100917
"NUC_vs_CONTROL",2,3,4,20,400,"floor_sqrt_p",5,16,4,0.867889908256881
"NUC_vs_CONTROL",2,3,4,20,400,"floor_sqrt_p",7,16,4,0.862385321100917
"NUC_vs_CONTROL",2,3,5,20,400,"floor_sqrt_p",2,15,3,0.853211009174312
"NUC_vs_CONTROL",2,3,5,20,400,"floor_sqrt_p",5,15,3,0.851376146788991
"NUC_vs_CONTROL",2,3,5,20,400,"floor_sqrt_p",7,15,3,0.853211009174312
"NUC_vs_CONTROL",2,4,1,6,400,"floor_sqrt_p",2,6,2,0.835466179159049
"NUC_vs_CONTROL",2,4,1,6,400,"floor_sqrt_p",5,6,2,0.837294332723949
"NUC_vs_CONTROL",2,4,1,6,400,"floor_sqrt_p",7,6,2,0.839122486288848
"NUC_vs_CONTROL",2,4,2,6,400,"floor_sqrt_p",2,6,2,0.82967032967033
"NUC_vs_CONTROL",2,4,2,6,400,"floor_sqrt_p",5,6,2,0.82967032967033
"NUC_vs_CONTROL",2,4,2,6,400,"floor_sqrt_p",7,6,2,0.827838827838828
"NUC_vs_CONTROL",2,4,3,6,400,"floor_sqrt_p",2,6,2,0.796703296703297
"NUC_vs_CONTROL",2,4,3,6,400,"floor_sqrt_p",5,6,2,0.798534798534799
"NUC_vs_CONTROL",2,4,3,6,400,"floor_sqrt_p",7,6,2,0.805860805860806
"NUC_vs_CONTROL",2,4,4,6,400,"floor_sqrt_p",2,6,2,0.834862385321101
"NUC_vs_CONTROL",2,4,4,6,400,"floor_sqrt_p",5,6,2,0.834862385321101
"NUC_vs_CONTROL",2,4,4,6,400,"floor_sqrt_p",7,6,2,0.834862385321101
"NUC_vs_CONTROL",2,4,5,6,400,"floor_sqrt_p",2,6,2,0.814678899082569
"NUC_vs_CONTROL",2,4,5,6,400,"floor_sqrt_p",5,6,2,0.822018348623853
"NUC_vs_CONTROL",2,4,5,6,400,"floor_sqrt_p",7,6,2,0.814678899082569
"NUC_vs_CONTROL",2,4,1,7,400,"floor_sqrt_p",2,8,2,0.837294332723949
"NUC_vs_CONTROL",2,4,1,7,400,"floor_sqrt_p",5,8,2,0.846435100548446
"NUC_vs_CONTROL",2,4,1,7,400,"floor_sqrt_p",7,8,2,0.839122486288848
"NUC_vs_CONTROL",2,4,2,7,400,"floor_sqrt_p",2,7,2,0.835164835164835
"NUC_vs_CONTROL",2,4,2,7,400,"floor_sqrt_p",5,7,2,0.833333333333333
"NUC_vs_CONTROL",2,4,2,7,400,"floor_sqrt_p",7,7,2,0.840659340659341
"NUC_vs_CONTROL",2,4,3,7,400,"floor_sqrt_p",2,8,2,0.840659340659341
"NUC_vs_CONTROL",2,4,3,7,400,"floor_sqrt_p",5,8,2,0.835164835164835
"NUC_vs_CONTROL",2,4,3,7,400,"floor_sqrt_p",7,8,2,0.824175824175824
"NUC_vs_CONTROL",2,4,4,7,400,"floor_sqrt_p",2,7,2,0.855045871559633
"NUC_vs_CONTROL",2,4,4,7,400,"floor_sqrt_p",5,7,2,0.844036697247706
"NUC_vs_CONTROL",2,4,4,7,400,"floor_sqrt_p",7,7,2,0.842201834862385
"NUC_vs_CONTROL",2,4,5,7,400,"floor_sqrt_p",2,8,2,0.836697247706422
"NUC_vs_CONTROL",2,4,5,7,400,"floor_sqrt_p",5,8,2,0.836697247706422
"NUC_vs_CONTROL",2,4,5,7,400,"floor_sqrt_p",7,8,2,0.840366972477064
"NUC_vs_CONTROL",2,4,1,8,400,"floor_sqrt_p",2,9,3,0.846435100548446
"NUC_vs_CONTROL",2,4,1,8,400,"floor_sqrt_p",5,9,3,0.829981718464351
"NUC_vs_CONTROL",2,4,1,8,400,"floor_sqrt_p",7,9,3,0.83363802559415
"NUC_vs_CONTROL",2,4,2,8,400,"floor_sqrt_p",2,8,2,0.836996336996337
"NUC_vs_CONTROL",2,4,2,8,400,"floor_sqrt_p",5,8,2,0.842490842490842
"NUC_vs_CONTROL",2,4,2,8,400,"floor_sqrt_p",7,8,2,0.842490842490842
"NUC_vs_CONTROL",2,4,3,8,400,"floor_sqrt_p",2,9,3,0.835164835164835
"NUC_vs_CONTROL",2,4,3,8,400,"floor_sqrt_p",5,9,3,0.835164835164835
"NUC_vs_CONTROL",2,4,3,8,400,"floor_sqrt_p",7,9,3,0.82967032967033
"NUC_vs_CONTROL",2,4,4,8,400,"floor_sqrt_p",2,8,2,0.860550458715596
"NUC_vs_CONTROL",2,4,4,8,400,"floor_sqrt_p",5,8,2,0.851376146788991
"NUC_vs_CONTROL",2,4,4,8,400,"floor_sqrt_p",7,8,2,0.855045871559633
"NUC_vs_CONTROL",2,4,5,8,400,"floor_sqrt_p",2,9,3,0.845871559633028
"NUC_vs_CONTROL",2,4,5,8,400,"floor_sqrt_p",5,9,3,0.842201834862385
"NUC_vs_CONTROL",2,4,5,8,400,"floor_sqrt_p",7,9,3,0.838532110091743
"NUC_vs_CONTROL",2,4,1,9,400,"floor_sqrt_p",2,10,3,0.857404021937843
"NUC_vs_CONTROL",2,4,1,9,400,"floor_sqrt_p",5,10,3,0.840950639853748
"NUC_vs_CONTROL",2,4,1,9,400,"floor_sqrt_p",7,10,3,0.839122486288848
"NUC_vs_CONTROL",2,4,2,9,400,"floor_sqrt_p",2,9,3,0.857142857142857
"NUC_vs_CONTROL",2,4,2,9,400,"floor_sqrt_p",5,9,3,0.853479853479853
"NUC_vs_CONTROL",2,4,2,9,400,"floor_sqrt_p",7,9,3,0.855311355311355
"NUC_vs_CONTROL",2,4,3,9,400,"floor_sqrt_p",2,10,3,0.840659340659341
"NUC_vs_CONTROL",2,4,3,9,400,"floor_sqrt_p",5,10,3,0.847985347985348
"NUC_vs_CONTROL",2,4,3,9,400,"floor_sqrt_p",7,10,3,0.846153846153846
"NUC_vs_CONTROL",2,4,4,9,400,"floor_sqrt_p",2,9,3,0.864220183486239
"NUC_vs_CONTROL",2,4,4,9,400,"floor_sqrt_p",5,9,3,0.862385321100917
"NUC_vs_CONTROL",2,4,4,9,400,"floor_sqrt_p",7,9,3,0.86605504587156
"NUC_vs_CONTROL",2,4,5,9,400,"floor_sqrt_p",2,9,3,0.844036697247706
"NUC_vs_CONTROL",2,4,5,9,400,"floor_sqrt_p",5,9,3,0.847706422018349
"NUC_vs_CONTROL",2,4,5,9,400,"floor_sqrt_p",7,9,3,0.844036697247706
"NUC_vs_CONTROL",2,4,1,10,400,"floor_sqrt_p",2,11,3,0.853747714808044
"NUC_vs_CONTROL",2,4,1,10,400,"floor_sqrt_p",5,11,3,0.850091407678245
"NUC_vs_CONTROL",2,4,1,10,400,"floor_sqrt_p",7,11,3,0.851919561243144
"NUC_vs_CONTROL",2,4,2,10,400,"floor_sqrt_p",2,10,3,0.857142857142857
"NUC_vs_CONTROL",2,4,2,10,400,"floor_sqrt_p",5,10,3,0.855311355311355
"NUC_vs_CONTROL",2,4,2,10,400,"floor_sqrt_p",7,10,3,0.851648351648352
"NUC_vs_CONTROL",2,4,3,10,400,"floor_sqrt_p",2,10,3,0.836996336996337
"NUC_vs_CONTROL",2,4,3,10,400,"floor_sqrt_p",5,10,3,0.838827838827839
"NUC_vs_CONTROL",2,4,3,10,400,"floor_sqrt_p",7,10,3,0.842490842490842
"NUC_vs_CONTROL",2,4,4,10,400,"floor_sqrt_p",2,10,3,0.858715596330275
"NUC_vs_CONTROL",2,4,4,10,400,"floor_sqrt_p",5,10,3,0.853211009174312
"NUC_vs_CONTROL",2,4,4,10,400,"floor_sqrt_p",7,10,3,0.860550458715596
"NUC_vs_CONTROL",2,4,5,10,400,"floor_sqrt_p",2,10,3,0.840366972477064
"NUC_vs_CONTROL",2,4,5,10,400,"floor_sqrt_p",5,10,3,0.840366972477064
"NUC_vs_CONTROL",2,4,5,10,400,"floor_sqrt_p",7,10,3,0.847706422018349
"NUC_vs_CONTROL",2,4,1,11,400,"floor_sqrt_p",2,11,3,0.862888482632541
"NUC_vs_CONTROL",2,4,1,11,400,"floor_sqrt_p",5,11,3,0.859232175502742
"NUC_vs_CONTROL",2,4,1,11,400,"floor_sqrt_p",7,11,3,0.862888482632541
"NUC_vs_CONTROL",2,4,2,11,400,"floor_sqrt_p",2,10,3,0.84981684981685
"NUC_vs_CONTROL",2,4,2,11,400,"floor_sqrt_p",5,10,3,0.851648351648352
"NUC_vs_CONTROL",2,4,2,11,400,"floor_sqrt_p",7,10,3,0.847985347985348
"NUC_vs_CONTROL",2,4,3,11,400,"floor_sqrt_p",2,11,3,0.853479853479853
"NUC_vs_CONTROL",2,4,3,11,400,"floor_sqrt_p",5,11,3,0.855311355311355
"NUC_vs_CONTROL",2,4,3,11,400,"floor_sqrt_p",7,11,3,0.846153846153846
"NUC_vs_CONTROL",2,4,4,11,400,"floor_sqrt_p",2,11,3,0.869724770642202
"NUC_vs_CONTROL",2,4,4,11,400,"floor_sqrt_p",5,11,3,0.864220183486239
"NUC_vs_CONTROL",2,4,4,11,400,"floor_sqrt_p",7,11,3,0.867889908256881
"NUC_vs_CONTROL",2,4,5,11,400,"floor_sqrt_p",2,11,3,0.845871559633028
"NUC_vs_CONTROL",2,4,5,11,400,"floor_sqrt_p",5,11,3,0.844036697247706
"NUC_vs_CONTROL",2,4,5,11,400,"floor_sqrt_p",7,11,3,0.840366972477064
"NUC_vs_CONTROL",2,4,1,12,400,"floor_sqrt_p",2,12,3,0.859232175502742
"NUC_vs_CONTROL",2,4,1,12,400,"floor_sqrt_p",5,12,3,0.859232175502742
"NUC_vs_CONTROL",2,4,1,12,400,"floor_sqrt_p",7,12,3,0.848263254113345
"NUC_vs_CONTROL",2,4,2,12,400,"floor_sqrt_p",2,11,3,0.84981684981685
"NUC_vs_CONTROL",2,4,2,12,400,"floor_sqrt_p",5,11,3,0.860805860805861
"NUC_vs_CONTROL",2,4,2,12,400,"floor_sqrt_p",7,11,3,0.855311355311355
"NUC_vs_CONTROL",2,4,3,12,400,"floor_sqrt_p",2,12,3,0.824175824175824
"NUC_vs_CONTROL",2,4,3,12,400,"floor_sqrt_p",5,12,3,0.827838827838828
"NUC_vs_CONTROL",2,4,3,12,400,"floor_sqrt_p",7,12,3,0.82967032967033
"NUC_vs_CONTROL",2,4,4,12,400,"floor_sqrt_p",2,11,3,0.86605504587156
"NUC_vs_CONTROL",2,4,4,12,400,"floor_sqrt_p",5,11,3,0.864220183486239
"NUC_vs_CONTROL",2,4,4,12,400,"floor_sqrt_p",7,11,3,0.858715596330275
"NUC_vs_CONTROL",2,4,5,12,400,"floor_sqrt_p",2,11,3,0.847706422018349
"NUC_vs_CONTROL",2,4,5,12,400,"floor_sqrt_p",5,11,3,0.840366972477064
"NUC_vs_CONTROL",2,4,5,12,400,"floor_sqrt_p",7,11,3,0.838532110091743
"NUC_vs_CONTROL",2,4,1,13,400,"floor_sqrt_p",2,12,3,0.855575868372943
"NUC_vs_CONTROL",2,4,1,13,400,"floor_sqrt_p",5,12,3,0.861060329067642
"NUC_vs_CONTROL",2,4,1,13,400,"floor_sqrt_p",7,12,3,0.851919561243144
"NUC_vs_CONTROL",2,4,2,13,400,"floor_sqrt_p",2,12,3,0.853479853479853
"NUC_vs_CONTROL",2,4,2,13,400,"floor_sqrt_p",5,12,3,0.84981684981685
"NUC_vs_CONTROL",2,4,2,13,400,"floor_sqrt_p",7,12,3,0.84981684981685
"NUC_vs_CONTROL",2,4,3,13,400,"floor_sqrt_p",2,12,3,0.838827838827839
"NUC_vs_CONTROL",2,4,3,13,400,"floor_sqrt_p",5,12,3,0.846153846153846
"NUC_vs_CONTROL",2,4,3,13,400,"floor_sqrt_p",7,12,3,0.842490842490842
"NUC_vs_CONTROL",2,4,4,13,400,"floor_sqrt_p",2,12,3,0.86605504587156
"NUC_vs_CONTROL",2,4,4,13,400,"floor_sqrt_p",5,12,3,0.860550458715596
"NUC_vs_CONTROL",2,4,4,13,400,"floor_sqrt_p",7,12,3,0.856880733944954
"NUC_vs_CONTROL",2,4,5,13,400,"floor_sqrt_p",2,12,3,0.840366972477064
"NUC_vs_CONTROL",2,4,5,13,400,"floor_sqrt_p",5,12,3,0.829357798165138
"NUC_vs_CONTROL",2,4,5,13,400,"floor_sqrt_p",7,12,3,0.83302752293578
"NUC_vs_CONTROL",2,4,1,14,400,"floor_sqrt_p",2,13,3,0.861060329067642
"NUC_vs_CONTROL",2,4,1,14,400,"floor_sqrt_p",5,13,3,0.86471663619744
"NUC_vs_CONTROL",2,4,1,14,400,"floor_sqrt_p",7,13,3,0.86471663619744
"NUC_vs_CONTROL",2,4,2,14,400,"floor_sqrt_p",2,12,3,0.858974358974359
"NUC_vs_CONTROL",2,4,2,14,400,"floor_sqrt_p",5,12,3,0.860805860805861
"NUC_vs_CONTROL",2,4,2,14,400,"floor_sqrt_p",7,12,3,0.860805860805861
"NUC_vs_CONTROL",2,4,3,14,400,"floor_sqrt_p",2,13,3,0.855311355311355
"NUC_vs_CONTROL",2,4,3,14,400,"floor_sqrt_p",5,13,3,0.857142857142857
"NUC_vs_CONTROL",2,4,3,14,400,"floor_sqrt_p",7,13,3,0.855311355311355
"NUC_vs_CONTROL",2,4,4,14,400,"floor_sqrt_p",2,12,3,0.853211009174312
"NUC_vs_CONTROL",2,4,4,14,400,"floor_sqrt_p",5,12,3,0.853211009174312
"NUC_vs_CONTROL",2,4,4,14,400,"floor_sqrt_p",7,12,3,0.856880733944954
"NUC_vs_CONTROL",2,4,5,14,400,"floor_sqrt_p",2,12,3,0.84954128440367
"NUC_vs_CONTROL",2,4,5,14,400,"floor_sqrt_p",5,12,3,0.845871559633028
"NUC_vs_CONTROL",2,4,5,14,400,"floor_sqrt_p",7,12,3,0.845871559633028
"NUC_vs_CONTROL",2,4,1,15,400,"floor_sqrt_p",2,14,3,0.850091407678245
"NUC_vs_CONTROL",2,4,1,15,400,"floor_sqrt_p",5,14,3,0.851919561243144
"NUC_vs_CONTROL",2,4,1,15,400,"floor_sqrt_p",7,14,3,0.851919561243144
"NUC_vs_CONTROL",2,4,2,15,400,"floor_sqrt_p",2,13,3,0.847985347985348
"NUC_vs_CONTROL",2,4,2,15,400,"floor_sqrt_p",5,13,3,0.847985347985348
"NUC_vs_CONTROL",2,4,2,15,400,"floor_sqrt_p",7,13,3,0.844322344322344
"NUC_vs_CONTROL",2,4,3,15,400,"floor_sqrt_p",2,13,3,0.84981684981685
"NUC_vs_CONTROL",2,4,3,15,400,"floor_sqrt_p",5,13,3,0.846153846153846
"NUC_vs_CONTROL",2,4,3,15,400,"floor_sqrt_p",7,13,3,0.846153846153846
"NUC_vs_CONTROL",2,4,4,15,400,"floor_sqrt_p",2,13,3,0.855045871559633
"NUC_vs_CONTROL",2,4,4,15,400,"floor_sqrt_p",5,13,3,0.860550458715596
"NUC_vs_CONTROL",2,4,4,15,400,"floor_sqrt_p",7,13,3,0.862385321100917
"NUC_vs_CONTROL",2,4,5,15,400,"floor_sqrt_p",2,13,3,0.860550458715596
"NUC_vs_CONTROL",2,4,5,15,400,"floor_sqrt_p",5,13,3,0.853211009174312
"NUC_vs_CONTROL",2,4,5,15,400,"floor_sqrt_p",7,13,3,0.847706422018349
"NUC_vs_CONTROL",2,4,1,16,400,"floor_sqrt_p",2,14,3,0.861060329067642
"NUC_vs_CONTROL",2,4,1,16,400,"floor_sqrt_p",5,14,3,0.86654478976234
"NUC_vs_CONTROL",2,4,1,16,400,"floor_sqrt_p",7,14,3,0.851919561243144
"NUC_vs_CONTROL",2,4,2,16,400,"floor_sqrt_p",2,14,3,0.844322344322344
"NUC_vs_CONTROL",2,4,2,16,400,"floor_sqrt_p",5,14,3,0.851648351648352
"NUC_vs_CONTROL",2,4,2,16,400,"floor_sqrt_p",7,14,3,0.851648351648352
"NUC_vs_CONTROL",2,4,3,16,400,"floor_sqrt_p",2,14,3,0.847985347985348
"NUC_vs_CONTROL",2,4,3,16,400,"floor_sqrt_p",5,14,3,0.846153846153846
"NUC_vs_CONTROL",2,4,3,16,400,"floor_sqrt_p",7,14,3,0.851648351648352
"NUC_vs_CONTROL",2,4,4,16,400,"floor_sqrt_p",2,14,3,0.869724770642202
"NUC_vs_CONTROL",2,4,4,16,400,"floor_sqrt_p",5,14,3,0.858715596330275
"NUC_vs_CONTROL",2,4,4,16,400,"floor_sqrt_p",7,14,3,0.845871559633028
"NUC_vs_CONTROL",2,4,5,16,400,"floor_sqrt_p",2,14,3,0.840366972477064
"NUC_vs_CONTROL",2,4,5,16,400,"floor_sqrt_p",5,14,3,0.838532110091743
"NUC_vs_CONTROL",2,4,5,16,400,"floor_sqrt_p",7,14,3,0.83302752293578
"NUC_vs_CONTROL",2,4,1,17,400,"floor_sqrt_p",2,15,3,0.86471663619744
"NUC_vs_CONTROL",2,4,1,17,400,"floor_sqrt_p",5,15,3,0.862888482632541
"NUC_vs_CONTROL",2,4,1,17,400,"floor_sqrt_p",7,15,3,0.861060329067642
"NUC_vs_CONTROL",2,4,2,17,400,"floor_sqrt_p",2,14,3,0.853479853479853
"NUC_vs_CONTROL",2,4,2,17,400,"floor_sqrt_p",5,14,3,0.847985347985348
"NUC_vs_CONTROL",2,4,2,17,400,"floor_sqrt_p",7,14,3,0.847985347985348
"NUC_vs_CONTROL",2,4,3,17,400,"floor_sqrt_p",2,15,3,0.853479853479853
"NUC_vs_CONTROL",2,4,3,17,400,"floor_sqrt_p",5,15,3,0.860805860805861
"NUC_vs_CONTROL",2,4,3,17,400,"floor_sqrt_p",7,15,3,0.851648351648352
"NUC_vs_CONTROL",2,4,4,17,400,"floor_sqrt_p",2,14,3,0.878899082568807
"NUC_vs_CONTROL",2,4,4,17,400,"floor_sqrt_p",5,14,3,0.888073394495413
"NUC_vs_CONTROL",2,4,4,17,400,"floor_sqrt_p",7,14,3,0.877064220183486
"NUC_vs_CONTROL",2,4,5,17,400,"floor_sqrt_p",2,14,3,0.83302752293578
"NUC_vs_CONTROL",2,4,5,17,400,"floor_sqrt_p",5,14,3,0.838532110091743
"NUC_vs_CONTROL",2,4,5,17,400,"floor_sqrt_p",7,14,3,0.840366972477064
"NUC_vs_CONTROL",2,4,1,18,400,"floor_sqrt_p",2,15,3,0.859232175502742
"NUC_vs_CONTROL",2,4,1,18,400,"floor_sqrt_p",5,15,3,0.851919561243144
"NUC_vs_CONTROL",2,4,1,18,400,"floor_sqrt_p",7,15,3,0.859232175502742
"NUC_vs_CONTROL",2,4,2,18,400,"floor_sqrt_p",2,15,3,0.858974358974359
"NUC_vs_CONTROL",2,4,2,18,400,"floor_sqrt_p",5,15,3,0.853479853479853
"NUC_vs_CONTROL",2,4,2,18,400,"floor_sqrt_p",7,15,3,0.862637362637363
"NUC_vs_CONTROL",2,4,3,18,400,"floor_sqrt_p",2,15,3,0.864468864468865
"NUC_vs_CONTROL",2,4,3,18,400,"floor_sqrt_p",5,15,3,0.857142857142857
"NUC_vs_CONTROL",2,4,3,18,400,"floor_sqrt_p",7,15,3,0.858974358974359
"NUC_vs_CONTROL",2,4,4,18,400,"floor_sqrt_p",2,15,3,0.884403669724771
"NUC_vs_CONTROL",2,4,4,18,400,"floor_sqrt_p",5,15,3,0.886238532110092
"NUC_vs_CONTROL",2,4,4,18,400,"floor_sqrt_p",7,15,3,0.878899082568807
"NUC_vs_CONTROL",2,4,5,18,400,"floor_sqrt_p",2,15,3,0.847706422018349
"NUC_vs_CONTROL",2,4,5,18,400,"floor_sqrt_p",5,15,3,0.842201834862385
"NUC_vs_CONTROL",2,4,5,18,400,"floor_sqrt_p",7,15,3,0.838532110091743
"NUC_vs_CONTROL",2,4,1,19,400,"floor_sqrt_p",2,16,4,0.86837294332724
"NUC_vs_CONTROL",2,4,1,19,400,"floor_sqrt_p",5,16,4,0.872029250457038
"NUC_vs_CONTROL",2,4,1,19,400,"floor_sqrt_p",7,16,4,0.86654478976234
"NUC_vs_CONTROL",2,4,2,19,400,"floor_sqrt_p",2,15,3,0.853479853479853
"NUC_vs_CONTROL",2,4,2,19,400,"floor_sqrt_p",5,15,3,0.847985347985348
"NUC_vs_CONTROL",2,4,2,19,400,"floor_sqrt_p",7,15,3,0.857142857142857
"NUC_vs_CONTROL",2,4,3,19,400,"floor_sqrt_p",2,15,3,0.857142857142857
"NUC_vs_CONTROL",2,4,3,19,400,"floor_sqrt_p",5,15,3,0.857142857142857
"NUC_vs_CONTROL",2,4,3,19,400,"floor_sqrt_p",7,15,3,0.847985347985348
"NUC_vs_CONTROL",2,4,4,19,400,"floor_sqrt_p",2,15,3,0.875229357798165
"NUC_vs_CONTROL",2,4,4,19,400,"floor_sqrt_p",5,15,3,0.889908256880734
"NUC_vs_CONTROL",2,4,4,19,400,"floor_sqrt_p",7,15,3,0.873394495412844
"NUC_vs_CONTROL",2,4,5,19,400,"floor_sqrt_p",2,15,3,0.838532110091743
"NUC_vs_CONTROL",2,4,5,19,400,"floor_sqrt_p",5,15,3,0.842201834862385
"NUC_vs_CONTROL",2,4,5,19,400,"floor_sqrt_p",7,15,3,0.836697247706422
"NUC_vs_CONTROL",2,4,1,20,400,"floor_sqrt_p",2,16,4,0.873857404021938
"NUC_vs_CONTROL",2,4,1,20,400,"floor_sqrt_p",5,16,4,0.862888482632541
"NUC_vs_CONTROL",2,4,1,20,400,"floor_sqrt_p",7,16,4,0.879341864716636
"NUC_vs_CONTROL",2,4,2,20,400,"floor_sqrt_p",2,15,3,0.862637362637363
"NUC_vs_CONTROL",2,4,2,20,400,"floor_sqrt_p",5,15,3,0.847985347985348
"NUC_vs_CONTROL",2,4,2,20,400,"floor_sqrt_p",7,15,3,0.855311355311355
"NUC_vs_CONTROL",2,4,3,20,400,"floor_sqrt_p",2,16,4,0.857142857142857
"NUC_vs_CONTROL",2,4,3,20,400,"floor_sqrt_p",5,16,4,0.84981684981685
"NUC_vs_CONTROL",2,4,3,20,400,"floor_sqrt_p",7,16,4,0.860805860805861
"NUC_vs_CONTROL",2,4,4,20,400,"floor_sqrt_p",2,16,4,0.864220183486239
"NUC_vs_CONTROL",2,4,4,20,400,"floor_sqrt_p",5,16,4,0.877064220183486
"NUC_vs_CONTROL",2,4,4,20,400,"floor_sqrt_p",7,16,4,0.862385321100917
"NUC_vs_CONTROL",2,4,5,20,400,"floor_sqrt_p",2,16,4,0.840366972477064
"NUC_vs_CONTROL",2,4,5,20,400,"floor_sqrt_p",5,16,4,0.845871559633028
"NUC_vs_CONTROL",2,4,5,20,400,"floor_sqrt_p",7,16,4,0.845871559633028
"NUC_vs_CONTROL",2,5,1,6,400,"floor_sqrt_p",2,6,2,0.820840950639854
"NUC_vs_CONTROL",2,5,1,6,400,"floor_sqrt_p",5,6,2,0.828153564899452
"NUC_vs_CONTROL",2,5,1,6,400,"floor_sqrt_p",7,6,2,0.824497257769653
"NUC_vs_CONTROL",2,5,2,6,400,"floor_sqrt_p",2,6,2,0.80952380952381
"NUC_vs_CONTROL",2,5,2,6,400,"floor_sqrt_p",5,6,2,0.802197802197802
"NUC_vs_CONTROL",2,5,2,6,400,"floor_sqrt_p",7,6,2,0.807692307692308
"NUC_vs_CONTROL",2,5,3,6,400,"floor_sqrt_p",2,6,2,0.807692307692308
"NUC_vs_CONTROL",2,5,3,6,400,"floor_sqrt_p",5,6,2,0.811355311355311
"NUC_vs_CONTROL",2,5,3,6,400,"floor_sqrt_p",7,6,2,0.813186813186813
"NUC_vs_CONTROL",2,5,4,6,400,"floor_sqrt_p",2,6,2,0.834862385321101
"NUC_vs_CONTROL",2,5,4,6,400,"floor_sqrt_p",5,6,2,0.831192660550459
"NUC_vs_CONTROL",2,5,4,6,400,"floor_sqrt_p",7,6,2,0.834862385321101
"NUC_vs_CONTROL",2,5,5,6,400,"floor_sqrt_p",2,6,2,0.820183486238532
"NUC_vs_CONTROL",2,5,5,6,400,"floor_sqrt_p",5,6,2,0.822018348623853
"NUC_vs_CONTROL",2,5,5,6,400,"floor_sqrt_p",7,6,2,0.811009174311927
"NUC_vs_CONTROL",2,5,1,7,400,"floor_sqrt_p",2,7,2,0.835466179159049
"NUC_vs_CONTROL",2,5,1,7,400,"floor_sqrt_p",5,7,2,0.835466179159049
"NUC_vs_CONTROL",2,5,1,7,400,"floor_sqrt_p",7,7,2,0.839122486288848
"NUC_vs_CONTROL",2,5,2,7,400,"floor_sqrt_p",2,7,2,0.818681318681319
"NUC_vs_CONTROL",2,5,2,7,400,"floor_sqrt_p",5,7,2,0.824175824175824
"NUC_vs_CONTROL",2,5,2,7,400,"floor_sqrt_p",7,7,2,0.818681318681319
"NUC_vs_CONTROL",2,5,3,7,400,"floor_sqrt_p",2,8,2,0.80952380952381
"NUC_vs_CONTROL",2,5,3,7,400,"floor_sqrt_p",5,8,2,0.818681318681319
"NUC_vs_CONTROL",2,5,3,7,400,"floor_sqrt_p",7,8,2,0.813186813186813
"NUC_vs_CONTROL",2,5,4,7,400,"floor_sqrt_p",2,7,2,0.838532110091743
"NUC_vs_CONTROL",2,5,4,7,400,"floor_sqrt_p",5,7,2,0.836697247706422
"NUC_vs_CONTROL",2,5,4,7,400,"floor_sqrt_p",7,7,2,0.836697247706422
"NUC_vs_CONTROL",2,5,5,7,400,"floor_sqrt_p",2,7,2,0.803669724770642
"NUC_vs_CONTROL",2,5,5,7,400,"floor_sqrt_p",5,7,2,0.796330275229358
"NUC_vs_CONTROL",2,5,5,7,400,"floor_sqrt_p",7,7,2,0.8
"NUC_vs_CONTROL",2,5,1,8,400,"floor_sqrt_p",2,8,2,0.86654478976234
"NUC_vs_CONTROL",2,5,1,8,400,"floor_sqrt_p",5,8,2,0.859232175502742
"NUC_vs_CONTROL",2,5,1,8,400,"floor_sqrt_p",7,8,2,0.86837294332724
"NUC_vs_CONTROL",2,5,2,8,400,"floor_sqrt_p",2,8,2,0.833333333333333
"NUC_vs_CONTROL",2,5,2,8,400,"floor_sqrt_p",5,8,2,0.831501831501832
"NUC_vs_CONTROL",2,5,2,8,400,"floor_sqrt_p",7,8,2,0.838827838827839
"NUC_vs_CONTROL",2,5,3,8,400,"floor_sqrt_p",2,8,2,0.827838827838828
"NUC_vs_CONTROL",2,5,3,8,400,"floor_sqrt_p",5,8,2,0.836996336996337
"NUC_vs_CONTROL",2,5,3,8,400,"floor_sqrt_p",7,8,2,0.826007326007326
"NUC_vs_CONTROL",2,5,4,8,400,"floor_sqrt_p",2,8,2,0.845871559633028
"NUC_vs_CONTROL",2,5,4,8,400,"floor_sqrt_p",5,8,2,0.844036697247706
"NUC_vs_CONTROL",2,5,4,8,400,"floor_sqrt_p",7,8,2,0.838532110091743
"NUC_vs_CONTROL",2,5,5,8,400,"floor_sqrt_p",2,8,2,0.847706422018349
"NUC_vs_CONTROL",2,5,5,8,400,"floor_sqrt_p",5,8,2,0.840366972477064
"NUC_vs_CONTROL",2,5,5,8,400,"floor_sqrt_p",7,8,2,0.845871559633028
"NUC_vs_CONTROL",2,5,1,9,400,"floor_sqrt_p",2,9,3,0.857404021937843
"NUC_vs_CONTROL",2,5,1,9,400,"floor_sqrt_p",5,9,3,0.848263254113345
"NUC_vs_CONTROL",2,5,1,9,400,"floor_sqrt_p",7,9,3,0.851919561243144
"NUC_vs_CONTROL",2,5,2,9,400,"floor_sqrt_p",2,9,3,0.822344322344322
"NUC_vs_CONTROL",2,5,2,9,400,"floor_sqrt_p",5,9,3,0.826007326007326
"NUC_vs_CONTROL",2,5,2,9,400,"floor_sqrt_p",7,9,3,0.827838827838828
"NUC_vs_CONTROL",2,5,3,9,400,"floor_sqrt_p",2,9,3,0.82051282051282
"NUC_vs_CONTROL",2,5,3,9,400,"floor_sqrt_p",5,9,3,0.818681318681319
"NUC_vs_CONTROL",2,5,3,9,400,"floor_sqrt_p",7,9,3,0.82051282051282
"NUC_vs_CONTROL",2,5,4,9,400,"floor_sqrt_p",2,9,3,0.834862385321101
"NUC_vs_CONTROL",2,5,4,9,400,"floor_sqrt_p",5,9,3,0.829357798165138
"NUC_vs_CONTROL",2,5,4,9,400,"floor_sqrt_p",7,9,3,0.831192660550459
"NUC_vs_CONTROL",2,5,5,9,400,"floor_sqrt_p",2,9,3,0.84954128440367
"NUC_vs_CONTROL",2,5,5,9,400,"floor_sqrt_p",5,9,3,0.847706422018349
"NUC_vs_CONTROL",2,5,5,9,400,"floor_sqrt_p",7,9,3,0.845871559633028
"NUC_vs_CONTROL",2,5,1,10,400,"floor_sqrt_p",2,10,3,0.813528336380256
"NUC_vs_CONTROL",2,5,1,10,400,"floor_sqrt_p",5,10,3,0.829981718464351
"NUC_vs_CONTROL",2,5,1,10,400,"floor_sqrt_p",7,10,3,0.835466179159049
"NUC_vs_CONTROL",2,5,2,10,400,"floor_sqrt_p",2,10,3,0.847985347985348
"NUC_vs_CONTROL",2,5,2,10,400,"floor_sqrt_p",5,10,3,0.835164835164835
"NUC_vs_CONTROL",2,5,2,10,400,"floor_sqrt_p",7,10,3,0.827838827838828
"NUC_vs_CONTROL",2,5,3,10,400,"floor_sqrt_p",2,10,3,0.82967032967033
"NUC_vs_CONTROL",2,5,3,10,400,"floor_sqrt_p",5,10,3,0.82967032967033
"NUC_vs_CONTROL",2,5,3,10,400,"floor_sqrt_p",7,10,3,0.822344322344322
"NUC_vs_CONTROL",2,5,4,10,400,"floor_sqrt_p",2,10,3,0.860550458715596
"NUC_vs_CONTROL",2,5,4,10,400,"floor_sqrt_p",5,10,3,0.862385321100917
"NUC_vs_CONTROL",2,5,4,10,400,"floor_sqrt_p",7,10,3,0.855045871559633
"NUC_vs_CONTROL",2,5,5,10,400,"floor_sqrt_p",2,10,3,0.842201834862385
"NUC_vs_CONTROL",2,5,5,10,400,"floor_sqrt_p",5,10,3,0.840366972477064
"NUC_vs_CONTROL",2,5,5,10,400,"floor_sqrt_p",7,10,3,0.840366972477064
"NUC_vs_CONTROL",2,5,1,11,400,"floor_sqrt_p",2,11,3,0.86471663619744
"NUC_vs_CONTROL",2,5,1,11,400,"floor_sqrt_p",5,11,3,0.862888482632541
"NUC_vs_CONTROL",2,5,1,11,400,"floor_sqrt_p",7,11,3,0.857404021937843
"NUC_vs_CONTROL",2,5,2,11,400,"floor_sqrt_p",2,10,3,0.847985347985348
"NUC_vs_CONTROL",2,5,2,11,400,"floor_sqrt_p",5,10,3,0.842490842490842
"NUC_vs_CONTROL",2,5,2,11,400,"floor_sqrt_p",7,10,3,0.846153846153846
"NUC_vs_CONTROL",2,5,3,11,400,"floor_sqrt_p",2,11,3,0.813186813186813
"NUC_vs_CONTROL",2,5,3,11,400,"floor_sqrt_p",5,11,3,0.816849816849817
"NUC_vs_CONTROL",2,5,3,11,400,"floor_sqrt_p",7,11,3,0.805860805860806
"NUC_vs_CONTROL",2,5,4,11,400,"floor_sqrt_p",2,11,3,0.860550458715596
"NUC_vs_CONTROL",2,5,4,11,400,"floor_sqrt_p",5,11,3,0.867889908256881
"NUC_vs_CONTROL",2,5,4,11,400,"floor_sqrt_p",7,11,3,0.867889908256881
"NUC_vs_CONTROL",2,5,5,11,400,"floor_sqrt_p",2,10,3,0.844036697247706
"NUC_vs_CONTROL",2,5,5,11,400,"floor_sqrt_p",5,10,3,0.836697247706422
"NUC_vs_CONTROL",2,5,5,11,400,"floor_sqrt_p",7,10,3,0.844036697247706
"NUC_vs_CONTROL",2,5,1,12,400,"floor_sqrt_p",2,11,3,0.846435100548446
"NUC_vs_CONTROL",2,5,1,12,400,"floor_sqrt_p",5,11,3,0.853747714808044
"NUC_vs_CONTROL",2,5,1,12,400,"floor_sqrt_p",7,11,3,0.844606946983547
"NUC_vs_CONTROL",2,5,2,12,400,"floor_sqrt_p",2,11,3,0.831501831501832
"NUC_vs_CONTROL",2,5,2,12,400,"floor_sqrt_p",5,11,3,0.844322344322344
"NUC_vs_CONTROL",2,5,2,12,400,"floor_sqrt_p",7,11,3,0.835164835164835
"NUC_vs_CONTROL",2,5,3,12,400,"floor_sqrt_p",2,11,3,0.805860805860806
"NUC_vs_CONTROL",2,5,3,12,400,"floor_sqrt_p",5,11,3,0.798534798534799
"NUC_vs_CONTROL",2,5,3,12,400,"floor_sqrt_p",7,11,3,0.805860805860806
"NUC_vs_CONTROL",2,5,4,12,400,"floor_sqrt_p",2,11,3,0.853211009174312
"NUC_vs_CONTROL",2,5,4,12,400,"floor_sqrt_p",5,11,3,0.856880733944954
"NUC_vs_CONTROL",2,5,4,12,400,"floor_sqrt_p",7,11,3,0.867889908256881
"NUC_vs_CONTROL",2,5,5,12,400,"floor_sqrt_p",2,11,3,0.84954128440367
"NUC_vs_CONTROL",2,5,5,12,400,"floor_sqrt_p",5,11,3,0.847706422018349
"NUC_vs_CONTROL",2,5,5,12,400,"floor_sqrt_p",7,11,3,0.847706422018349
"NUC_vs_CONTROL",2,5,1,13,400,"floor_sqrt_p",2,12,3,0.851919561243144
"NUC_vs_CONTROL",2,5,1,13,400,"floor_sqrt_p",5,12,3,0.850091407678245
"NUC_vs_CONTROL",2,5,1,13,400,"floor_sqrt_p",7,12,3,0.853747714808044
"NUC_vs_CONTROL",2,5,2,13,400,"floor_sqrt_p",2,12,3,0.84981684981685
"NUC_vs_CONTROL",2,5,2,13,400,"floor_sqrt_p",5,12,3,0.840659340659341
"NUC_vs_CONTROL",2,5,2,13,400,"floor_sqrt_p",7,12,3,0.847985347985348
"NUC_vs_CONTROL",2,5,3,13,400,"floor_sqrt_p",2,12,3,0.833333333333333
"NUC_vs_CONTROL",2,5,3,13,400,"floor_sqrt_p",5,12,3,0.826007326007326
"NUC_vs_CONTROL",2,5,3,13,400,"floor_sqrt_p",7,12,3,0.826007326007326
"NUC_vs_CONTROL",2,5,4,13,400,"floor_sqrt_p",2,12,3,0.84954128440367
"NUC_vs_CONTROL",2,5,4,13,400,"floor_sqrt_p",5,12,3,0.851376146788991
"NUC_vs_CONTROL",2,5,4,13,400,"floor_sqrt_p",7,12,3,0.851376146788991
"NUC_vs_CONTROL",2,5,5,13,400,"floor_sqrt_p",2,11,3,0.831192660550459
"NUC_vs_CONTROL",2,5,5,13,400,"floor_sqrt_p",5,11,3,0.829357798165138
"NUC_vs_CONTROL",2,5,5,13,400,"floor_sqrt_p",7,11,3,0.831192660550459
"NUC_vs_CONTROL",2,5,1,14,400,"floor_sqrt_p",2,12,3,0.862888482632541
"NUC_vs_CONTROL",2,5,1,14,400,"floor_sqrt_p",5,12,3,0.86471663619744
"NUC_vs_CONTROL",2,5,1,14,400,"floor_sqrt_p",7,12,3,0.853747714808044
"NUC_vs_CONTROL",2,5,2,14,400,"floor_sqrt_p",2,12,3,0.847985347985348
"NUC_vs_CONTROL",2,5,2,14,400,"floor_sqrt_p",5,12,3,0.862637362637363
"NUC_vs_CONTROL",2,5,2,14,400,"floor_sqrt_p",7,12,3,0.857142857142857
"NUC_vs_CONTROL",2,5,3,14,400,"floor_sqrt_p",2,12,3,0.827838827838828
"NUC_vs_CONTROL",2,5,3,14,400,"floor_sqrt_p",5,12,3,0.826007326007326
"NUC_vs_CONTROL",2,5,3,14,400,"floor_sqrt_p",7,12,3,0.833333333333333
"NUC_vs_CONTROL",2,5,4,14,400,"floor_sqrt_p",2,12,3,0.84954128440367
"NUC_vs_CONTROL",2,5,4,14,400,"floor_sqrt_p",5,12,3,0.853211009174312
"NUC_vs_CONTROL",2,5,4,14,400,"floor_sqrt_p",7,12,3,0.84954128440367
"NUC_vs_CONTROL",2,5,5,14,400,"floor_sqrt_p",2,12,3,0.84954128440367
"NUC_vs_CONTROL",2,5,5,14,400,"floor_sqrt_p",5,12,3,0.844036697247706
"NUC_vs_CONTROL",2,5,5,14,400,"floor_sqrt_p",7,12,3,0.855045871559633
"NUC_vs_CONTROL",2,5,1,15,400,"floor_sqrt_p",2,13,3,0.846435100548446
"NUC_vs_CONTROL",2,5,1,15,400,"floor_sqrt_p",5,13,3,0.842778793418647
"NUC_vs_CONTROL",2,5,1,15,400,"floor_sqrt_p",7,13,3,0.842778793418647
"NUC_vs_CONTROL",2,5,2,15,400,"floor_sqrt_p",2,13,3,0.860805860805861
"NUC_vs_CONTROL",2,5,2,15,400,"floor_sqrt_p",5,13,3,0.847985347985348
"NUC_vs_CONTROL",2,5,2,15,400,"floor_sqrt_p",7,13,3,0.851648351648352
"NUC_vs_CONTROL",2,5,3,15,400,"floor_sqrt_p",2,13,3,0.824175824175824
"NUC_vs_CONTROL",2,5,3,15,400,"floor_sqrt_p",5,13,3,0.827838827838828
"NUC_vs_CONTROL",2,5,3,15,400,"floor_sqrt_p",7,13,3,0.824175824175824
"NUC_vs_CONTROL",2,5,4,15,400,"floor_sqrt_p",2,13,3,0.853211009174312
"NUC_vs_CONTROL",2,5,4,15,400,"floor_sqrt_p",5,13,3,0.858715596330275
"NUC_vs_CONTROL",2,5,4,15,400,"floor_sqrt_p",7,13,3,0.858715596330275
"NUC_vs_CONTROL",2,5,5,15,400,"floor_sqrt_p",2,12,3,0.84954128440367
"NUC_vs_CONTROL",2,5,5,15,400,"floor_sqrt_p",5,12,3,0.856880733944954
"NUC_vs_CONTROL",2,5,5,15,400,"floor_sqrt_p",7,12,3,0.855045871559633
"NUC_vs_CONTROL",2,5,1,16,400,"floor_sqrt_p",2,13,3,0.850091407678245
"NUC_vs_CONTROL",2,5,1,16,400,"floor_sqrt_p",5,13,3,0.842778793418647
"NUC_vs_CONTROL",2,5,1,16,400,"floor_sqrt_p",7,13,3,0.846435100548446
"NUC_vs_CONTROL",2,5,2,16,400,"floor_sqrt_p",2,13,3,0.822344322344322
"NUC_vs_CONTROL",2,5,2,16,400,"floor_sqrt_p",5,13,3,0.833333333333333
"NUC_vs_CONTROL",2,5,2,16,400,"floor_sqrt_p",7,13,3,0.822344322344322
"NUC_vs_CONTROL",2,5,3,16,400,"floor_sqrt_p",2,14,3,0.82967032967033
"NUC_vs_CONTROL",2,5,3,16,400,"floor_sqrt_p",5,14,3,0.822344322344322
"NUC_vs_CONTROL",2,5,3,16,400,"floor_sqrt_p",7,14,3,0.82051282051282
"NUC_vs_CONTROL",2,5,4,16,400,"floor_sqrt_p",2,14,3,0.853211009174312
"NUC_vs_CONTROL",2,5,4,16,400,"floor_sqrt_p",5,14,3,0.856880733944954
"NUC_vs_CONTROL",2,5,4,16,400,"floor_sqrt_p",7,14,3,0.853211009174312
"NUC_vs_CONTROL",2,5,5,16,400,"floor_sqrt_p",2,13,3,0.855045871559633
"NUC_vs_CONTROL",2,5,5,16,400,"floor_sqrt_p",5,13,3,0.84954128440367
"NUC_vs_CONTROL",2,5,5,16,400,"floor_sqrt_p",7,13,3,0.845871559633028
"NUC_vs_CONTROL",2,5,1,17,400,"floor_sqrt_p",2,14,3,0.846435100548446
"NUC_vs_CONTROL",2,5,1,17,400,"floor_sqrt_p",5,14,3,0.840950639853748
"NUC_vs_CONTROL",2,5,1,17,400,"floor_sqrt_p",7,14,3,0.842778793418647
"NUC_vs_CONTROL",2,5,2,17,400,"floor_sqrt_p",2,14,3,0.842490842490842
"NUC_vs_CONTROL",2,5,2,17,400,"floor_sqrt_p",5,14,3,0.840659340659341
"NUC_vs_CONTROL",2,5,2,17,400,"floor_sqrt_p",7,14,3,0.838827838827839
"NUC_vs_CONTROL",2,5,3,17,400,"floor_sqrt_p",2,15,3,0.838827838827839
"NUC_vs_CONTROL",2,5,3,17,400,"floor_sqrt_p",5,15,3,0.844322344322344
"NUC_vs_CONTROL",2,5,3,17,400,"floor_sqrt_p",7,15,3,0.838827838827839
"NUC_vs_CONTROL",2,5,4,17,400,"floor_sqrt_p",2,14,3,0.855045871559633
"NUC_vs_CONTROL",2,5,4,17,400,"floor_sqrt_p",5,14,3,0.855045871559633
"NUC_vs_CONTROL",2,5,4,17,400,"floor_sqrt_p",7,14,3,0.862385321100917
"NUC_vs_CONTROL",2,5,5,17,400,"floor_sqrt_p",2,14,3,0.871559633027523
"NUC_vs_CONTROL",2,5,5,17,400,"floor_sqrt_p",5,14,3,0.873394495412844
"NUC_vs_CONTROL",2,5,5,17,400,"floor_sqrt_p",7,14,3,0.871559633027523
"NUC_vs_CONTROL",2,5,1,18,400,"floor_sqrt_p",2,15,3,0.861060329067642
"NUC_vs_CONTROL",2,5,1,18,400,"floor_sqrt_p",5,15,3,0.855575868372943
"NUC_vs_CONTROL",2,5,1,18,400,"floor_sqrt_p",7,15,3,0.862888482632541
"NUC_vs_CONTROL",2,5,2,18,400,"floor_sqrt_p",2,15,3,0.851648351648352
"NUC_vs_CONTROL",2,5,2,18,400,"floor_sqrt_p",5,15,3,0.84981684981685
"NUC_vs_CONTROL",2,5,2,18,400,"floor_sqrt_p",7,15,3,0.842490842490842
"NUC_vs_CONTROL",2,5,3,18,400,"floor_sqrt_p",2,15,3,0.842490842490842
"NUC_vs_CONTROL",2,5,3,18,400,"floor_sqrt_p",5,15,3,0.840659340659341
"NUC_vs_CONTROL",2,5,3,18,400,"floor_sqrt_p",7,15,3,0.838827838827839
"NUC_vs_CONTROL",2,5,4,18,400,"floor_sqrt_p",2,15,3,0.86605504587156
"NUC_vs_CONTROL",2,5,4,18,400,"floor_sqrt_p",5,15,3,0.869724770642202
"NUC_vs_CONTROL",2,5,4,18,400,"floor_sqrt_p",7,15,3,0.860550458715596
"NUC_vs_CONTROL",2,5,5,18,400,"floor_sqrt_p",2,14,3,0.86605504587156
"NUC_vs_CONTROL",2,5,5,18,400,"floor_sqrt_p",5,14,3,0.864220183486239
"NUC_vs_CONTROL",2,5,5,18,400,"floor_sqrt_p",7,14,3,0.864220183486239
"NUC_vs_CONTROL",2,5,1,19,400,"floor_sqrt_p",2,15,3,0.875685557586837
"NUC_vs_CONTROL",2,5,1,19,400,"floor_sqrt_p",5,15,3,0.86654478976234
"NUC_vs_CONTROL",2,5,1,19,400,"floor_sqrt_p",7,15,3,0.870201096892139
"NUC_vs_CONTROL",2,5,2,19,400,"floor_sqrt_p",2,15,3,0.846153846153846
"NUC_vs_CONTROL",2,5,2,19,400,"floor_sqrt_p",5,15,3,0.846153846153846
"NUC_vs_CONTROL",2,5,2,19,400,"floor_sqrt_p",7,15,3,0.858974358974359
"NUC_vs_CONTROL",2,5,3,19,400,"floor_sqrt_p",2,16,4,0.82967032967033
"NUC_vs_CONTROL",2,5,3,19,400,"floor_sqrt_p",5,16,4,0.82051282051282
"NUC_vs_CONTROL",2,5,3,19,400,"floor_sqrt_p",7,16,4,0.824175824175824
"NUC_vs_CONTROL",2,5,4,19,400,"floor_sqrt_p",2,15,3,0.858715596330275
"NUC_vs_CONTROL",2,5,4,19,400,"floor_sqrt_p",5,15,3,0.858715596330275
"NUC_vs_CONTROL",2,5,4,19,400,"floor_sqrt_p",7,15,3,0.860550458715596
"NUC_vs_CONTROL",2,5,5,19,400,"floor_sqrt_p",2,15,3,0.869724770642202
"NUC_vs_CONTROL",2,5,5,19,400,"floor_sqrt_p",5,15,3,0.860550458715596
"NUC_vs_CONTROL",2,5,5,19,400,"floor_sqrt_p",7,15,3,0.867889908256881
"NUC_vs_CONTROL",2,5,1,20,400,"floor_sqrt_p",2,15,3,0.879341864716636
"NUC_vs_CONTROL",2,5,1,20,400,"floor_sqrt_p",5,15,3,0.872029250457038
"NUC_vs_CONTROL",2,5,1,20,400,"floor_sqrt_p",7,15,3,0.857404021937843
"NUC_vs_CONTROL",2,5,2,20,400,"floor_sqrt_p",2,15,3,0.864468864468865
"NUC_vs_CONTROL",2,5,2,20,400,"floor_sqrt_p",5,15,3,0.868131868131868
"NUC_vs_CONTROL",2,5,2,20,400,"floor_sqrt_p",7,15,3,0.873626373626374
"NUC_vs_CONTROL",2,5,3,20,400,"floor_sqrt_p",2,16,4,0.838827838827839
"NUC_vs_CONTROL",2,5,3,20,400,"floor_sqrt_p",5,16,4,0.833333333333333
"NUC_vs_CONTROL",2,5,3,20,400,"floor_sqrt_p",7,16,4,0.827838827838828
"NUC_vs_CONTROL",2,5,4,20,400,"floor_sqrt_p",2,15,3,0.856880733944954
"NUC_vs_CONTROL",2,5,4,20,400,"floor_sqrt_p",5,15,3,0.855045871559633
"NUC_vs_CONTROL",2,5,4,20,400,"floor_sqrt_p",7,15,3,0.851376146788991
"NUC_vs_CONTROL",2,5,5,20,400,"floor_sqrt_p",2,15,3,0.864220183486239
"NUC_vs_CONTROL",2,5,5,20,400,"floor_sqrt_p",5,15,3,0.858715596330275
"NUC_vs_CONTROL",2,5,5,20,400,"floor_sqrt_p",7,15,3,0.855045871559633
"NUC_vs_CONTROL",3,1,1,6,400,"floor_sqrt_p",2,6,2,0.838827838827839
"NUC_vs_CONTROL",3,1,1,6,400,"floor_sqrt_p",5,6,2,0.838827838827839
"NUC_vs_CONTROL",3,1,1,6,400,"floor_sqrt_p",7,6,2,0.831501831501832
"NUC_vs_CONTROL",3,1,2,6,400,"floor_sqrt_p",2,6,2,0.82051282051282
"NUC_vs_CONTROL",3,1,2,6,400,"floor_sqrt_p",5,6,2,0.811355311355311
"NUC_vs_CONTROL",3,1,2,6,400,"floor_sqrt_p",7,6,2,0.818681318681319
"NUC_vs_CONTROL",3,1,3,6,400,"floor_sqrt_p",2,6,2,0.838532110091743
"NUC_vs_CONTROL",3,1,3,6,400,"floor_sqrt_p",5,6,2,0.836697247706422
"NUC_vs_CONTROL",3,1,3,6,400,"floor_sqrt_p",7,6,2,0.83302752293578
"NUC_vs_CONTROL",3,1,4,6,400,"floor_sqrt_p",2,6,2,0.792660550458716
"NUC_vs_CONTROL",3,1,4,6,400,"floor_sqrt_p",5,6,2,0.798165137614679
"NUC_vs_CONTROL",3,1,4,6,400,"floor_sqrt_p",7,6,2,0.792660550458716
"NUC_vs_CONTROL",3,1,5,6,400,"floor_sqrt_p",2,6,2,0.827522935779817
"NUC_vs_CONTROL",3,1,5,6,400,"floor_sqrt_p",5,6,2,0.823853211009174
"NUC_vs_CONTROL",3,1,5,6,400,"floor_sqrt_p",7,6,2,0.827522935779817
"NUC_vs_CONTROL",3,1,1,7,400,"floor_sqrt_p",2,7,2,0.844322344322344
"NUC_vs_CONTROL",3,1,1,7,400,"floor_sqrt_p",5,7,2,0.836996336996337
"NUC_vs_CONTROL",3,1,1,7,400,"floor_sqrt_p",7,7,2,0.838827838827839
"NUC_vs_CONTROL",3,1,2,7,400,"floor_sqrt_p",2,7,2,0.822344322344322
"NUC_vs_CONTROL",3,1,2,7,400,"floor_sqrt_p",5,7,2,0.827838827838828
"NUC_vs_CONTROL",3,1,2,7,400,"floor_sqrt_p",7,7,2,0.822344322344322
"NUC_vs_CONTROL",3,1,3,7,400,"floor_sqrt_p",2,8,2,0.836697247706422
"NUC_vs_CONTROL",3,1,3,7,400,"floor_sqrt_p",5,8,2,0.838532110091743
"NUC_vs_CONTROL",3,1,3,7,400,"floor_sqrt_p",7,8,2,0.836697247706422
"NUC_vs_CONTROL",3,1,4,7,400,"floor_sqrt_p",2,8,2,0.805504587155963
"NUC_vs_CONTROL",3,1,4,7,400,"floor_sqrt_p",5,8,2,0.811009174311927
"NUC_vs_CONTROL",3,1,4,7,400,"floor_sqrt_p",7,8,2,0.805504587155963
"NUC_vs_CONTROL",3,1,5,7,400,"floor_sqrt_p",2,7,2,0.851376146788991
"NUC_vs_CONTROL",3,1,5,7,400,"floor_sqrt_p",5,7,2,0.853211009174312
"NUC_vs_CONTROL",3,1,5,7,400,"floor_sqrt_p",7,7,2,0.845871559633028
"NUC_vs_CONTROL",3,1,1,8,400,"floor_sqrt_p",2,8,2,0.868131868131868
"NUC_vs_CONTROL",3,1,1,8,400,"floor_sqrt_p",5,8,2,0.862637362637363
"NUC_vs_CONTROL",3,1,1,8,400,"floor_sqrt_p",7,8,2,0.858974358974359
"NUC_vs_CONTROL",3,1,2,8,400,"floor_sqrt_p",2,8,2,0.831501831501832
"NUC_vs_CONTROL",3,1,2,8,400,"floor_sqrt_p",5,8,2,0.82967032967033
"NUC_vs_CONTROL",3,1,2,8,400,"floor_sqrt_p",7,8,2,0.838827838827839
"NUC_vs_CONTROL",3,1,3,8,400,"floor_sqrt_p",2,9,3,0.844036697247706
"NUC_vs_CONTROL",3,1,3,8,400,"floor_sqrt_p",5,9,3,0.834862385321101
"NUC_vs_CONTROL",3,1,3,8,400,"floor_sqrt_p",7,9,3,0.838532110091743
"NUC_vs_CONTROL",3,1,4,8,400,"floor_sqrt_p",2,8,2,0.803669724770642
"NUC_vs_CONTROL",3,1,4,8,400,"floor_sqrt_p",5,8,2,0.798165137614679
"NUC_vs_CONTROL",3,1,4,8,400,"floor_sqrt_p",7,8,2,0.8
"NUC_vs_CONTROL",3,1,5,8,400,"floor_sqrt_p",2,8,2,0.871559633027523
"NUC_vs_CONTROL",3,1,5,8,400,"floor_sqrt_p",5,8,2,0.869724770642202
"NUC_vs_CONTROL",3,1,5,8,400,"floor_sqrt_p",7,8,2,0.86605504587156
"NUC_vs_CONTROL",3,1,1,9,400,"floor_sqrt_p",2,9,3,0.873626373626374
"NUC_vs_CONTROL",3,1,1,9,400,"floor_sqrt_p",5,9,3,0.873626373626374
"NUC_vs_CONTROL",3,1,1,9,400,"floor_sqrt_p",7,9,3,0.86996336996337
"NUC_vs_CONTROL",3,1,2,9,400,"floor_sqrt_p",2,9,3,0.827838827838828
"NUC_vs_CONTROL",3,1,2,9,400,"floor_sqrt_p",5,9,3,0.818681318681319
"NUC_vs_CONTROL",3,1,2,9,400,"floor_sqrt_p",7,9,3,0.82051282051282
"NUC_vs_CONTROL",3,1,3,9,400,"floor_sqrt_p",2,9,3,0.851376146788991
"NUC_vs_CONTROL",3,1,3,9,400,"floor_sqrt_p",5,9,3,0.838532110091743
"NUC_vs_CONTROL",3,1,3,9,400,"floor_sqrt_p",7,9,3,0.847706422018349
"NUC_vs_CONTROL",3,1,4,9,400,"floor_sqrt_p",2,9,3,0.812844036697248
"NUC_vs_CONTROL",3,1,4,9,400,"floor_sqrt_p",5,9,3,0.807339449541284
"NUC_vs_CONTROL",3,1,4,9,400,"floor_sqrt_p",7,9,3,0.814678899082569
"NUC_vs_CONTROL",3,1,5,9,400,"floor_sqrt_p",2,9,3,0.891743119266055
"NUC_vs_CONTROL",3,1,5,9,400,"floor_sqrt_p",5,9,3,0.884403669724771
"NUC_vs_CONTROL",3,1,5,9,400,"floor_sqrt_p",7,9,3,0.877064220183486
"NUC_vs_CONTROL",3,1,1,10,400,"floor_sqrt_p",2,10,3,0.875457875457875
"NUC_vs_CONTROL",3,1,1,10,400,"floor_sqrt_p",5,10,3,0.873626373626374
"NUC_vs_CONTROL",3,1,1,10,400,"floor_sqrt_p",7,10,3,0.868131868131868
"NUC_vs_CONTROL",3,1,2,10,400,"floor_sqrt_p",2,10,3,0.822344322344322
"NUC_vs_CONTROL",3,1,2,10,400,"floor_sqrt_p",5,10,3,0.826007326007326
"NUC_vs_CONTROL",3,1,2,10,400,"floor_sqrt_p",7,10,3,0.816849816849817
"NUC_vs_CONTROL",3,1,3,10,400,"floor_sqrt_p",2,10,3,0.847706422018349
"NUC_vs_CONTROL",3,1,3,10,400,"floor_sqrt_p",5,10,3,0.84954128440367
"NUC_vs_CONTROL",3,1,3,10,400,"floor_sqrt_p",7,10,3,0.838532110091743
"NUC_vs_CONTROL",3,1,4,10,400,"floor_sqrt_p",2,10,3,0.809174311926605
"NUC_vs_CONTROL",3,1,4,10,400,"floor_sqrt_p",5,10,3,0.803669724770642
"NUC_vs_CONTROL",3,1,4,10,400,"floor_sqrt_p",7,10,3,0.809174311926605
"NUC_vs_CONTROL",3,1,5,10,400,"floor_sqrt_p",2,10,3,0.90091743119266
"NUC_vs_CONTROL",3,1,5,10,400,"floor_sqrt_p",5,10,3,0.884403669724771
"NUC_vs_CONTROL",3,1,5,10,400,"floor_sqrt_p",7,10,3,0.888073394495413
"NUC_vs_CONTROL",3,1,1,11,400,"floor_sqrt_p",2,11,3,0.884615384615385
"NUC_vs_CONTROL",3,1,1,11,400,"floor_sqrt_p",5,11,3,0.888278388278388
"NUC_vs_CONTROL",3,1,1,11,400,"floor_sqrt_p",7,11,3,0.880952380952381
"NUC_vs_CONTROL",3,1,2,11,400,"floor_sqrt_p",2,11,3,0.833333333333333
"NUC_vs_CONTROL",3,1,2,11,400,"floor_sqrt_p",5,11,3,0.826007326007326
"NUC_vs_CONTROL",3,1,2,11,400,"floor_sqrt_p",7,11,3,0.822344322344322
"NUC_vs_CONTROL",3,1,3,11,400,"floor_sqrt_p",2,11,3,0.844036697247706
"NUC_vs_CONTROL",3,1,3,11,400,"floor_sqrt_p",5,11,3,0.844036697247706
"NUC_vs_CONTROL",3,1,3,11,400,"floor_sqrt_p",7,11,3,0.845871559633028
"NUC_vs_CONTROL",3,1,4,11,400,"floor_sqrt_p",2,11,3,0.812844036697248
"NUC_vs_CONTROL",3,1,4,11,400,"floor_sqrt_p",5,11,3,0.822018348623853
"NUC_vs_CONTROL",3,1,4,11,400,"floor_sqrt_p",7,11,3,0.81651376146789
"NUC_vs_CONTROL",3,1,5,11,400,"floor_sqrt_p",2,10,3,0.886238532110092
"NUC_vs_CONTROL",3,1,5,11,400,"floor_sqrt_p",5,10,3,0.88256880733945
"NUC_vs_CONTROL",3,1,5,11,400,"floor_sqrt_p",7,10,3,0.886238532110092
"NUC_vs_CONTROL",3,1,1,12,400,"floor_sqrt_p",2,11,3,0.875457875457875
"NUC_vs_CONTROL",3,1,1,12,400,"floor_sqrt_p",5,11,3,0.868131868131868
"NUC_vs_CONTROL",3,1,1,12,400,"floor_sqrt_p",7,11,3,0.86996336996337
"NUC_vs_CONTROL",3,1,2,12,400,"floor_sqrt_p",2,11,3,0.816849816849817
"NUC_vs_CONTROL",3,1,2,12,400,"floor_sqrt_p",5,11,3,0.813186813186813
"NUC_vs_CONTROL",3,1,2,12,400,"floor_sqrt_p",7,11,3,0.818681318681319
"NUC_vs_CONTROL",3,1,3,12,400,"floor_sqrt_p",2,11,3,0.845871559633028
"NUC_vs_CONTROL",3,1,3,12,400,"floor_sqrt_p",5,11,3,0.840366972477064
"NUC_vs_CONTROL",3,1,3,12,400,"floor_sqrt_p",7,11,3,0.838532110091743
"NUC_vs_CONTROL",3,1,4,12,400,"floor_sqrt_p",2,11,3,0.836697247706422
"NUC_vs_CONTROL",3,1,4,12,400,"floor_sqrt_p",5,11,3,0.838532110091743
"NUC_vs_CONTROL",3,1,4,12,400,"floor_sqrt_p",7,11,3,0.827522935779817
"NUC_vs_CONTROL",3,1,5,12,400,"floor_sqrt_p",2,11,3,0.875229357798165
"NUC_vs_CONTROL",3,1,5,12,400,"floor_sqrt_p",5,11,3,0.873394495412844
"NUC_vs_CONTROL",3,1,5,12,400,"floor_sqrt_p",7,11,3,0.880733944954128
"NUC_vs_CONTROL",3,1,1,13,400,"floor_sqrt_p",2,12,3,0.875457875457875
"NUC_vs_CONTROL",3,1,1,13,400,"floor_sqrt_p",5,12,3,0.873626373626374
"NUC_vs_CONTROL",3,1,1,13,400,"floor_sqrt_p",7,12,3,0.871794871794872
"NUC_vs_CONTROL",3,1,2,13,400,"floor_sqrt_p",2,12,3,0.811355311355311
"NUC_vs_CONTROL",3,1,2,13,400,"floor_sqrt_p",5,12,3,0.813186813186813
"NUC_vs_CONTROL",3,1,2,13,400,"floor_sqrt_p",7,12,3,0.80952380952381
"NUC_vs_CONTROL",3,1,3,13,400,"floor_sqrt_p",2,12,3,0.836697247706422
"NUC_vs_CONTROL",3,1,3,13,400,"floor_sqrt_p",5,12,3,0.834862385321101
"NUC_vs_CONTROL",3,1,3,13,400,"floor_sqrt_p",7,12,3,0.840366972477064
"NUC_vs_CONTROL",3,1,4,13,400,"floor_sqrt_p",2,12,3,0.831192660550459
"NUC_vs_CONTROL",3,1,4,13,400,"floor_sqrt_p",5,12,3,0.829357798165138
"NUC_vs_CONTROL",3,1,4,13,400,"floor_sqrt_p",7,12,3,0.823853211009174
"NUC_vs_CONTROL",3,1,5,13,400,"floor_sqrt_p",2,12,3,0.88256880733945
"NUC_vs_CONTROL",3,1,5,13,400,"floor_sqrt_p",5,12,3,0.877064220183486
"NUC_vs_CONTROL",3,1,5,13,400,"floor_sqrt_p",7,12,3,0.875229357798165
"NUC_vs_CONTROL",3,1,1,14,400,"floor_sqrt_p",2,12,3,0.868131868131868
"NUC_vs_CONTROL",3,1,1,14,400,"floor_sqrt_p",5,12,3,0.873626373626374
"NUC_vs_CONTROL",3,1,1,14,400,"floor_sqrt_p",7,12,3,0.864468864468865
"NUC_vs_CONTROL",3,1,2,14,400,"floor_sqrt_p",2,12,3,0.805860805860806
"NUC_vs_CONTROL",3,1,2,14,400,"floor_sqrt_p",5,12,3,0.811355311355311
"NUC_vs_CONTROL",3,1,2,14,400,"floor_sqrt_p",7,12,3,0.813186813186813
"NUC_vs_CONTROL",3,1,3,14,400,"floor_sqrt_p",2,12,3,0.84954128440367
"NUC_vs_CONTROL",3,1,3,14,400,"floor_sqrt_p",5,12,3,0.853211009174312
"NUC_vs_CONTROL",3,1,3,14,400,"floor_sqrt_p",7,12,3,0.847706422018349
"NUC_vs_CONTROL",3,1,4,14,400,"floor_sqrt_p",2,12,3,0.812844036697248
"NUC_vs_CONTROL",3,1,4,14,400,"floor_sqrt_p",5,12,3,0.818348623853211
"NUC_vs_CONTROL",3,1,4,14,400,"floor_sqrt_p",7,12,3,0.820183486238532
"NUC_vs_CONTROL",3,1,5,14,400,"floor_sqrt_p",2,12,3,0.886238532110092
"NUC_vs_CONTROL",3,1,5,14,400,"floor_sqrt_p",5,12,3,0.880733944954128
"NUC_vs_CONTROL",3,1,5,14,400,"floor_sqrt_p",7,12,3,0.877064220183486
"NUC_vs_CONTROL",3,1,1,15,400,"floor_sqrt_p",2,13,3,0.875457875457875
"NUC_vs_CONTROL",3,1,1,15,400,"floor_sqrt_p",5,13,3,0.877289377289377
"NUC_vs_CONTROL",3,1,1,15,400,"floor_sqrt_p",7,13,3,0.877289377289377
"NUC_vs_CONTROL",3,1,2,15,400,"floor_sqrt_p",2,13,3,0.826007326007326
"NUC_vs_CONTROL",3,1,2,15,400,"floor_sqrt_p",5,13,3,0.82967032967033
"NUC_vs_CONTROL",3,1,2,15,400,"floor_sqrt_p",7,13,3,0.822344322344322
"NUC_vs_CONTROL",3,1,3,15,400,"floor_sqrt_p",2,13,3,0.856880733944954
"NUC_vs_CONTROL",3,1,3,15,400,"floor_sqrt_p",5,13,3,0.844036697247706
"NUC_vs_CONTROL",3,1,3,15,400,"floor_sqrt_p",7,13,3,0.84954128440367
"NUC_vs_CONTROL",3,1,4,15,400,"floor_sqrt_p",2,13,3,0.822018348623853
"NUC_vs_CONTROL",3,1,4,15,400,"floor_sqrt_p",5,13,3,0.820183486238532
"NUC_vs_CONTROL",3,1,4,15,400,"floor_sqrt_p",7,13,3,0.820183486238532
"NUC_vs_CONTROL",3,1,5,15,400,"floor_sqrt_p",2,13,3,0.880733944954128
"NUC_vs_CONTROL",3,1,5,15,400,"floor_sqrt_p",5,13,3,0.880733944954128
"NUC_vs_CONTROL",3,1,5,15,400,"floor_sqrt_p",7,13,3,0.886238532110092
"NUC_vs_CONTROL",3,1,1,16,400,"floor_sqrt_p",2,14,3,0.855311355311355
"NUC_vs_CONTROL",3,1,1,16,400,"floor_sqrt_p",5,14,3,0.864468864468865
"NUC_vs_CONTROL",3,1,1,16,400,"floor_sqrt_p",7,14,3,0.858974358974359
"NUC_vs_CONTROL",3,1,2,16,400,"floor_sqrt_p",2,14,3,0.824175824175824
"NUC_vs_CONTROL",3,1,2,16,400,"floor_sqrt_p",5,14,3,0.827838827838828
"NUC_vs_CONTROL",3,1,2,16,400,"floor_sqrt_p",7,14,3,0.815018315018315
"NUC_vs_CONTROL",3,1,3,16,400,"floor_sqrt_p",2,14,3,0.84954128440367
"NUC_vs_CONTROL",3,1,3,16,400,"floor_sqrt_p",5,14,3,0.851376146788991
"NUC_vs_CONTROL",3,1,3,16,400,"floor_sqrt_p",7,14,3,0.844036697247706
"NUC_vs_CONTROL",3,1,4,16,400,"floor_sqrt_p",2,14,3,0.829357798165138
"NUC_vs_CONTROL",3,1,4,16,400,"floor_sqrt_p",5,14,3,0.823853211009174
"NUC_vs_CONTROL",3,1,4,16,400,"floor_sqrt_p",7,14,3,0.827522935779817
"NUC_vs_CONTROL",3,1,5,16,400,"floor_sqrt_p",2,13,3,0.875229357798165
"NUC_vs_CONTROL",3,1,5,16,400,"floor_sqrt_p",5,13,3,0.88256880733945
"NUC_vs_CONTROL",3,1,5,16,400,"floor_sqrt_p",7,13,3,0.873394495412844
"NUC_vs_CONTROL",3,1,1,17,400,"floor_sqrt_p",2,14,3,0.84981684981685
"NUC_vs_CONTROL",3,1,1,17,400,"floor_sqrt_p",5,14,3,0.858974358974359
"NUC_vs_CONTROL",3,1,1,17,400,"floor_sqrt_p",7,14,3,0.847985347985348
"NUC_vs_CONTROL",3,1,2,17,400,"floor_sqrt_p",2,14,3,0.82967032967033
"NUC_vs_CONTROL",3,1,2,17,400,"floor_sqrt_p",5,14,3,0.822344322344322
"NUC_vs_CONTROL",3,1,2,17,400,"floor_sqrt_p",7,14,3,0.818681318681319
"NUC_vs_CONTROL",3,1,3,17,400,"floor_sqrt_p",2,15,3,0.853211009174312
"NUC_vs_CONTROL",3,1,3,17,400,"floor_sqrt_p",5,15,3,0.847706422018349
"NUC_vs_CONTROL",3,1,3,17,400,"floor_sqrt_p",7,15,3,0.845871559633028
"NUC_vs_CONTROL",3,1,4,17,400,"floor_sqrt_p",2,14,3,0.825688073394495
"NUC_vs_CONTROL",3,1,4,17,400,"floor_sqrt_p",5,14,3,0.829357798165138
"NUC_vs_CONTROL",3,1,4,17,400,"floor_sqrt_p",7,14,3,0.822018348623853
"NUC_vs_CONTROL",3,1,5,17,400,"floor_sqrt_p",2,14,3,0.886238532110092
"NUC_vs_CONTROL",3,1,5,17,400,"floor_sqrt_p",5,14,3,0.895412844036697
"NUC_vs_CONTROL",3,1,5,17,400,"floor_sqrt_p",7,14,3,0.877064220183486
"NUC_vs_CONTROL",3,1,1,18,400,"floor_sqrt_p",2,15,3,0.858974358974359
"NUC_vs_CONTROL",3,1,1,18,400,"floor_sqrt_p",5,15,3,0.862637362637363
"NUC_vs_CONTROL",3,1,1,18,400,"floor_sqrt_p",7,15,3,0.860805860805861
"NUC_vs_CONTROL",3,1,2,18,400,"floor_sqrt_p",2,15,3,0.822344322344322
"NUC_vs_CONTROL",3,1,2,18,400,"floor_sqrt_p",5,15,3,0.815018315018315
"NUC_vs_CONTROL",3,1,2,18,400,"floor_sqrt_p",7,15,3,0.811355311355311
"NUC_vs_CONTROL",3,1,3,18,400,"floor_sqrt_p",2,15,3,0.842201834862385
"NUC_vs_CONTROL",3,1,3,18,400,"floor_sqrt_p",5,15,3,0.84954128440367
"NUC_vs_CONTROL",3,1,3,18,400,"floor_sqrt_p",7,15,3,0.84954128440367
"NUC_vs_CONTROL",3,1,4,18,400,"floor_sqrt_p",2,15,3,0.829357798165138
"NUC_vs_CONTROL",3,1,4,18,400,"floor_sqrt_p",5,15,3,0.834862385321101
"NUC_vs_CONTROL",3,1,4,18,400,"floor_sqrt_p",7,15,3,0.836697247706422
"NUC_vs_CONTROL",3,1,5,18,400,"floor_sqrt_p",2,15,3,0.895412844036697
"NUC_vs_CONTROL",3,1,5,18,400,"floor_sqrt_p",5,15,3,0.888073394495413
"NUC_vs_CONTROL",3,1,5,18,400,"floor_sqrt_p",7,15,3,0.888073394495413
"NUC_vs_CONTROL",3,1,1,19,400,"floor_sqrt_p",2,15,3,0.846153846153846
"NUC_vs_CONTROL",3,1,1,19,400,"floor_sqrt_p",5,15,3,0.853479853479853
"NUC_vs_CONTROL",3,1,1,19,400,"floor_sqrt_p",7,15,3,0.844322344322344
"NUC_vs_CONTROL",3,1,2,19,400,"floor_sqrt_p",2,15,3,0.827838827838828
"NUC_vs_CONTROL",3,1,2,19,400,"floor_sqrt_p",5,15,3,0.822344322344322
"NUC_vs_CONTROL",3,1,2,19,400,"floor_sqrt_p",7,15,3,0.826007326007326
"NUC_vs_CONTROL",3,1,3,19,400,"floor_sqrt_p",2,15,3,0.831192660550459
"NUC_vs_CONTROL",3,1,3,19,400,"floor_sqrt_p",5,15,3,0.836697247706422
"NUC_vs_CONTROL",3,1,3,19,400,"floor_sqrt_p",7,15,3,0.845871559633028
"NUC_vs_CONTROL",3,1,4,19,400,"floor_sqrt_p",2,15,3,0.834862385321101
"NUC_vs_CONTROL",3,1,4,19,400,"floor_sqrt_p",5,15,3,0.83302752293578
"NUC_vs_CONTROL",3,1,4,19,400,"floor_sqrt_p",7,15,3,0.834862385321101
"NUC_vs_CONTROL",3,1,5,19,400,"floor_sqrt_p",2,15,3,0.878899082568807
"NUC_vs_CONTROL",3,1,5,19,400,"floor_sqrt_p",5,15,3,0.88256880733945
"NUC_vs_CONTROL",3,1,5,19,400,"floor_sqrt_p",7,15,3,0.88256880733945
"NUC_vs_CONTROL",3,1,1,20,400,"floor_sqrt_p",2,16,4,0.831501831501832
"NUC_vs_CONTROL",3,1,1,20,400,"floor_sqrt_p",5,16,4,0.827838827838828
"NUC_vs_CONTROL",3,1,1,20,400,"floor_sqrt_p",7,16,4,0.831501831501832
"NUC_vs_CONTROL",3,1,2,20,400,"floor_sqrt_p",2,15,3,0.822344322344322
"NUC_vs_CONTROL",3,1,2,20,400,"floor_sqrt_p",5,15,3,0.827838827838828
"NUC_vs_CONTROL",3,1,2,20,400,"floor_sqrt_p",7,15,3,0.816849816849817
"NUC_vs_CONTROL",3,1,3,20,400,"floor_sqrt_p",2,16,4,0.845871559633028
"NUC_vs_CONTROL",3,1,3,20,400,"floor_sqrt_p",5,16,4,0.842201834862385
"NUC_vs_CONTROL",3,1,3,20,400,"floor_sqrt_p",7,16,4,0.83302752293578
"NUC_vs_CONTROL",3,1,4,20,400,"floor_sqrt_p",2,15,3,0.840366972477064
"NUC_vs_CONTROL",3,1,4,20,400,"floor_sqrt_p",5,15,3,0.834862385321101
"NUC_vs_CONTROL",3,1,4,20,400,"floor_sqrt_p",7,15,3,0.831192660550459
"NUC_vs_CONTROL",3,1,5,20,400,"floor_sqrt_p",2,15,3,0.877064220183486
"NUC_vs_CONTROL",3,1,5,20,400,"floor_sqrt_p",5,15,3,0.880733944954128
"NUC_vs_CONTROL",3,1,5,20,400,"floor_sqrt_p",7,15,3,0.873394495412844
"NUC_vs_CONTROL",3,2,1,6,400,"floor_sqrt_p",2,6,2,0.82967032967033
"NUC_vs_CONTROL",3,2,1,6,400,"floor_sqrt_p",5,6,2,0.827838827838828
"NUC_vs_CONTROL",3,2,1,6,400,"floor_sqrt_p",7,6,2,0.822344322344322
"NUC_vs_CONTROL",3,2,2,6,400,"floor_sqrt_p",2,6,2,0.82051282051282
"NUC_vs_CONTROL",3,2,2,6,400,"floor_sqrt_p",5,6,2,0.82051282051282
"NUC_vs_CONTROL",3,2,2,6,400,"floor_sqrt_p",7,6,2,0.827838827838828
"NUC_vs_CONTROL",3,2,3,6,400,"floor_sqrt_p",2,6,2,0.827522935779817
"NUC_vs_CONTROL",3,2,3,6,400,"floor_sqrt_p",5,6,2,0.822018348623853
"NUC_vs_CONTROL",3,2,3,6,400,"floor_sqrt_p",7,6,2,0.822018348623853
"NUC_vs_CONTROL",3,2,4,6,400,"floor_sqrt_p",2,6,2,0.807339449541284
"NUC_vs_CONTROL",3,2,4,6,400,"floor_sqrt_p",5,6,2,0.8
"NUC_vs_CONTROL",3,2,4,6,400,"floor_sqrt_p",7,6,2,0.807339449541284
"NUC_vs_CONTROL",3,2,5,6,400,"floor_sqrt_p",2,6,2,0.8
"NUC_vs_CONTROL",3,2,5,6,400,"floor_sqrt_p",5,6,2,0.798165137614679
"NUC_vs_CONTROL",3,2,5,6,400,"floor_sqrt_p",7,6,2,0.805504587155963
"NUC_vs_CONTROL",3,2,1,7,400,"floor_sqrt_p",2,8,2,0.838827838827839
"NUC_vs_CONTROL",3,2,1,7,400,"floor_sqrt_p",5,8,2,0.840659340659341
"NUC_vs_CONTROL",3,2,1,7,400,"floor_sqrt_p",7,8,2,0.847985347985348
"NUC_vs_CONTROL",3,2,2,7,400,"floor_sqrt_p",2,8,2,0.855311355311355
"NUC_vs_CONTROL",3,2,2,7,400,"floor_sqrt_p",5,8,2,0.853479853479853
"NUC_vs_CONTROL",3,2,2,7,400,"floor_sqrt_p",7,8,2,0.858974358974359
"NUC_vs_CONTROL",3,2,3,7,400,"floor_sqrt_p",2,8,2,0.845871559633028
"NUC_vs_CONTROL",3,2,3,7,400,"floor_sqrt_p",5,8,2,0.838532110091743
"NUC_vs_CONTROL",3,2,3,7,400,"floor_sqrt_p",7,8,2,0.836697247706422
"NUC_vs_CONTROL",3,2,4,7,400,"floor_sqrt_p",2,8,2,0.83302752293578
"NUC_vs_CONTROL",3,2,4,7,400,"floor_sqrt_p",5,8,2,0.838532110091743
"NUC_vs_CONTROL",3,2,4,7,400,"floor_sqrt_p",7,8,2,0.844036697247706
"NUC_vs_CONTROL",3,2,5,7,400,"floor_sqrt_p",2,7,2,0.803669724770642
"NUC_vs_CONTROL",3,2,5,7,400,"floor_sqrt_p",5,7,2,0.812844036697248
"NUC_vs_CONTROL",3,2,5,7,400,"floor_sqrt_p",7,7,2,0.814678899082569
"NUC_vs_CONTROL",3,2,1,8,400,"floor_sqrt_p",2,9,3,0.847985347985348
"NUC_vs_CONTROL",3,2,1,8,400,"floor_sqrt_p",5,9,3,0.847985347985348
"NUC_vs_CONTROL",3,2,1,8,400,"floor_sqrt_p",7,9,3,0.84981684981685
"NUC_vs_CONTROL",3,2,2,8,400,"floor_sqrt_p",2,9,3,0.853479853479853
"NUC_vs_CONTROL",3,2,2,8,400,"floor_sqrt_p",5,9,3,0.847985347985348
"NUC_vs_CONTROL",3,2,2,8,400,"floor_sqrt_p",7,9,3,0.855311355311355
"NUC_vs_CONTROL",3,2,3,8,400,"floor_sqrt_p",2,8,2,0.844036697247706
"NUC_vs_CONTROL",3,2,3,8,400,"floor_sqrt_p",5,8,2,0.853211009174312
"NUC_vs_CONTROL",3,2,3,8,400,"floor_sqrt_p",7,8,2,0.853211009174312
"NUC_vs_CONTROL",3,2,4,8,400,"floor_sqrt_p",2,9,3,0.847706422018349
"NUC_vs_CONTROL",3,2,4,8,400,"floor_sqrt_p",5,9,3,0.842201834862385
"NUC_vs_CONTROL",3,2,4,8,400,"floor_sqrt_p",7,9,3,0.840366972477064
"NUC_vs_CONTROL",3,2,5,8,400,"floor_sqrt_p",2,8,2,0.842201834862385
"NUC_vs_CONTROL",3,2,5,8,400,"floor_sqrt_p",5,8,2,0.838532110091743
"NUC_vs_CONTROL",3,2,5,8,400,"floor_sqrt_p",7,8,2,0.836697247706422
"NUC_vs_CONTROL",3,2,1,9,400,"floor_sqrt_p",2,9,3,0.857142857142857
"NUC_vs_CONTROL",3,2,1,9,400,"floor_sqrt_p",5,9,3,0.857142857142857
"NUC_vs_CONTROL",3,2,1,9,400,"floor_sqrt_p",7,9,3,0.858974358974359
"NUC_vs_CONTROL",3,2,2,9,400,"floor_sqrt_p",2,9,3,0.842490842490842
"NUC_vs_CONTROL",3,2,2,9,400,"floor_sqrt_p",5,9,3,0.855311355311355
"NUC_vs_CONTROL",3,2,2,9,400,"floor_sqrt_p",7,9,3,0.842490842490842
"NUC_vs_CONTROL",3,2,3,9,400,"floor_sqrt_p",2,9,3,0.856880733944954
"NUC_vs_CONTROL",3,2,3,9,400,"floor_sqrt_p",5,9,3,0.858715596330275
"NUC_vs_CONTROL",3,2,3,9,400,"floor_sqrt_p",7,9,3,0.847706422018349
"NUC_vs_CONTROL",3,2,4,9,400,"floor_sqrt_p",2,10,3,0.847706422018349
"NUC_vs_CONTROL",3,2,4,9,400,"floor_sqrt_p",5,10,3,0.84954128440367
"NUC_vs_CONTROL",3,2,4,9,400,"floor_sqrt_p",7,10,3,0.84954128440367
"NUC_vs_CONTROL",3,2,5,9,400,"floor_sqrt_p",2,9,3,0.853211009174312
"NUC_vs_CONTROL",3,2,5,9,400,"floor_sqrt_p",5,9,3,0.853211009174312
"NUC_vs_CONTROL",3,2,5,9,400,"floor_sqrt_p",7,9,3,0.84954128440367
"NUC_vs_CONTROL",3,2,1,10,400,"floor_sqrt_p",2,10,3,0.858974358974359
"NUC_vs_CONTROL",3,2,1,10,400,"floor_sqrt_p",5,10,3,0.84981684981685
"NUC_vs_CONTROL",3,2,1,10,400,"floor_sqrt_p",7,10,3,0.851648351648352
"NUC_vs_CONTROL",3,2,2,10,400,"floor_sqrt_p",2,10,3,0.853479853479853
"NUC_vs_CONTROL",3,2,2,10,400,"floor_sqrt_p",5,10,3,0.860805860805861
"NUC_vs_CONTROL",3,2,2,10,400,"floor_sqrt_p",7,10,3,0.851648351648352
"NUC_vs_CONTROL",3,2,3,10,400,"floor_sqrt_p",2,10,3,0.853211009174312
"NUC_vs_CONTROL",3,2,3,10,400,"floor_sqrt_p",5,10,3,0.851376146788991
"NUC_vs_CONTROL",3,2,3,10,400,"floor_sqrt_p",7,10,3,0.845871559633028
"NUC_vs_CONTROL",3,2,4,10,400,"floor_sqrt_p",2,10,3,0.847706422018349
"NUC_vs_CONTROL",3,2,4,10,400,"floor_sqrt_p",5,10,3,0.840366972477064
"NUC_vs_CONTROL",3,2,4,10,400,"floor_sqrt_p",7,10,3,0.836697247706422
"NUC_vs_CONTROL",3,2,5,10,400,"floor_sqrt_p",2,10,3,0.856880733944954
"NUC_vs_CONTROL",3,2,5,10,400,"floor_sqrt_p",5,10,3,0.84954128440367
"NUC_vs_CONTROL",3,2,5,10,400,"floor_sqrt_p",7,10,3,0.847706422018349
"NUC_vs_CONTROL",3,2,1,11,400,"floor_sqrt_p",2,11,3,0.86996336996337
"NUC_vs_CONTROL",3,2,1,11,400,"floor_sqrt_p",5,11,3,0.868131868131868
"NUC_vs_CONTROL",3,2,1,11,400,"floor_sqrt_p",7,11,3,0.868131868131868
"NUC_vs_CONTROL",3,2,2,11,400,"floor_sqrt_p",2,11,3,0.855311355311355
"NUC_vs_CONTROL",3,2,2,11,400,"floor_sqrt_p",5,11,3,0.857142857142857
"NUC_vs_CONTROL",3,2,2,11,400,"floor_sqrt_p",7,11,3,0.858974358974359
"NUC_vs_CONTROL",3,2,3,11,400,"floor_sqrt_p",2,11,3,0.86605504587156
"NUC_vs_CONTROL",3,2,3,11,400,"floor_sqrt_p",5,11,3,0.856880733944954
"NUC_vs_CONTROL",3,2,3,11,400,"floor_sqrt_p",7,11,3,0.855045871559633
"NUC_vs_CONTROL",3,2,4,11,400,"floor_sqrt_p",2,11,3,0.851376146788991
"NUC_vs_CONTROL",3,2,4,11,400,"floor_sqrt_p",5,11,3,0.840366972477064
"NUC_vs_CONTROL",3,2,4,11,400,"floor_sqrt_p",7,11,3,0.845871559633028
"NUC_vs_CONTROL",3,2,5,11,400,"floor_sqrt_p",2,10,3,0.864220183486239
"NUC_vs_CONTROL",3,2,5,11,400,"floor_sqrt_p",5,10,3,0.853211009174312
"NUC_vs_CONTROL",3,2,5,11,400,"floor_sqrt_p",7,10,3,0.858715596330275
"NUC_vs_CONTROL",3,2,1,12,400,"floor_sqrt_p",2,12,3,0.858974358974359
"NUC_vs_CONTROL",3,2,1,12,400,"floor_sqrt_p",5,12,3,0.84981684981685
"NUC_vs_CONTROL",3,2,1,12,400,"floor_sqrt_p",7,12,3,0.857142857142857
"NUC_vs_CONTROL",3,2,2,12,400,"floor_sqrt_p",2,11,3,0.842490842490842
"NUC_vs_CONTROL",3,2,2,12,400,"floor_sqrt_p",5,11,3,0.827838827838828
"NUC_vs_CONTROL",3,2,2,12,400,"floor_sqrt_p",7,11,3,0.836996336996337
"NUC_vs_CONTROL",3,2,3,12,400,"floor_sqrt_p",2,11,3,0.84954128440367
"NUC_vs_CONTROL",3,2,3,12,400,"floor_sqrt_p",5,11,3,0.860550458715596
"NUC_vs_CONTROL",3,2,3,12,400,"floor_sqrt_p",7,11,3,0.851376146788991
"NUC_vs_CONTROL",3,2,4,12,400,"floor_sqrt_p",2,12,3,0.83302752293578
"NUC_vs_CONTROL",3,2,4,12,400,"floor_sqrt_p",5,12,3,0.831192660550459
"NUC_vs_CONTROL",3,2,4,12,400,"floor_sqrt_p",7,12,3,0.825688073394495
"NUC_vs_CONTROL",3,2,5,12,400,"floor_sqrt_p",2,11,3,0.860550458715596
"NUC_vs_CONTROL",3,2,5,12,400,"floor_sqrt_p",5,11,3,0.862385321100917
"NUC_vs_CONTROL",3,2,5,12,400,"floor_sqrt_p",7,11,3,0.860550458715596
"NUC_vs_CONTROL",3,2,1,13,400,"floor_sqrt_p",2,12,3,0.844322344322344
"NUC_vs_CONTROL",3,2,1,13,400,"floor_sqrt_p",5,12,3,0.847985347985348
"NUC_vs_CONTROL",3,2,1,13,400,"floor_sqrt_p",7,12,3,0.844322344322344
"NUC_vs_CONTROL",3,2,2,13,400,"floor_sqrt_p",2,12,3,0.842490842490842
"NUC_vs_CONTROL",3,2,2,13,400,"floor_sqrt_p",5,12,3,0.851648351648352
"NUC_vs_CONTROL",3,2,2,13,400,"floor_sqrt_p",7,12,3,0.842490842490842
"NUC_vs_CONTROL",3,2,3,13,400,"floor_sqrt_p",2,12,3,0.860550458715596
"NUC_vs_CONTROL",3,2,3,13,400,"floor_sqrt_p",5,12,3,0.853211009174312
"NUC_vs_CONTROL",3,2,3,13,400,"floor_sqrt_p",7,12,3,0.856880733944954
"NUC_vs_CONTROL",3,2,4,13,400,"floor_sqrt_p",2,12,3,0.825688073394495
"NUC_vs_CONTROL",3,2,4,13,400,"floor_sqrt_p",5,12,3,0.823853211009174
"NUC_vs_CONTROL",3,2,4,13,400,"floor_sqrt_p",7,12,3,0.825688073394495
"NUC_vs_CONTROL",3,2,5,13,400,"floor_sqrt_p",2,12,3,0.869724770642202
"NUC_vs_CONTROL",3,2,5,13,400,"floor_sqrt_p",5,12,3,0.869724770642202
"NUC_vs_CONTROL",3,2,5,13,400,"floor_sqrt_p",7,12,3,0.855045871559633
"NUC_vs_CONTROL",3,2,1,14,400,"floor_sqrt_p",2,12,3,0.864468864468865
"NUC_vs_CONTROL",3,2,1,14,400,"floor_sqrt_p",5,12,3,0.855311355311355
"NUC_vs_CONTROL",3,2,1,14,400,"floor_sqrt_p",7,12,3,0.860805860805861
"NUC_vs_CONTROL",3,2,2,14,400,"floor_sqrt_p",2,12,3,0.853479853479853
"NUC_vs_CONTROL",3,2,2,14,400,"floor_sqrt_p",5,12,3,0.847985347985348
"NUC_vs_CONTROL",3,2,2,14,400,"floor_sqrt_p",7,12,3,0.842490842490842
"NUC_vs_CONTROL",3,2,3,14,400,"floor_sqrt_p",2,12,3,0.845871559633028
"NUC_vs_CONTROL",3,2,3,14,400,"floor_sqrt_p",5,12,3,0.845871559633028
"NUC_vs_CONTROL",3,2,3,14,400,"floor_sqrt_p",7,12,3,0.845871559633028
"NUC_vs_CONTROL",3,2,4,14,400,"floor_sqrt_p",2,13,3,0.827522935779817
"NUC_vs_CONTROL",3,2,4,14,400,"floor_sqrt_p",5,13,3,0.844036697247706
"NUC_vs_CONTROL",3,2,4,14,400,"floor_sqrt_p",7,13,3,0.829357798165138
"NUC_vs_CONTROL",3,2,5,14,400,"floor_sqrt_p",2,12,3,0.880733944954128
"NUC_vs_CONTROL",3,2,5,14,400,"floor_sqrt_p",5,12,3,0.875229357798165
"NUC_vs_CONTROL",3,2,5,14,400,"floor_sqrt_p",7,12,3,0.880733944954128
"NUC_vs_CONTROL",3,2,1,15,400,"floor_sqrt_p",2,13,3,0.858974358974359
"NUC_vs_CONTROL",3,2,1,15,400,"floor_sqrt_p",5,13,3,0.858974358974359
"NUC_vs_CONTROL",3,2,1,15,400,"floor_sqrt_p",7,13,3,0.857142857142857
"NUC_vs_CONTROL",3,2,2,15,400,"floor_sqrt_p",2,13,3,0.827838827838828
"NUC_vs_CONTROL",3,2,2,15,400,"floor_sqrt_p",5,13,3,0.833333333333333
"NUC_vs_CONTROL",3,2,2,15,400,"floor_sqrt_p",7,13,3,0.835164835164835
"NUC_vs_CONTROL",3,2,3,15,400,"floor_sqrt_p",2,13,3,0.829357798165138
"NUC_vs_CONTROL",3,2,3,15,400,"floor_sqrt_p",5,13,3,0.834862385321101
"NUC_vs_CONTROL",3,2,3,15,400,"floor_sqrt_p",7,13,3,0.831192660550459
"NUC_vs_CONTROL",3,2,4,15,400,"floor_sqrt_p",2,14,3,0.858715596330275
"NUC_vs_CONTROL",3,2,4,15,400,"floor_sqrt_p",5,14,3,0.853211009174312
"NUC_vs_CONTROL",3,2,4,15,400,"floor_sqrt_p",7,14,3,0.855045871559633
"NUC_vs_CONTROL",3,2,5,15,400,"floor_sqrt_p",2,13,3,0.855045871559633
"NUC_vs_CONTROL",3,2,5,15,400,"floor_sqrt_p",5,13,3,0.855045871559633
"NUC_vs_CONTROL",3,2,5,15,400,"floor_sqrt_p",7,13,3,0.847706422018349
"NUC_vs_CONTROL",3,2,1,16,400,"floor_sqrt_p",2,14,3,0.864468864468865
"NUC_vs_CONTROL",3,2,1,16,400,"floor_sqrt_p",5,14,3,0.871794871794872
"NUC_vs_CONTROL",3,2,1,16,400,"floor_sqrt_p",7,14,3,0.864468864468865
"NUC_vs_CONTROL",3,2,2,16,400,"floor_sqrt_p",2,14,3,0.826007326007326
"NUC_vs_CONTROL",3,2,2,16,400,"floor_sqrt_p",5,14,3,0.836996336996337
"NUC_vs_CONTROL",3,2,2,16,400,"floor_sqrt_p",7,14,3,0.82967032967033
"NUC_vs_CONTROL",3,2,3,16,400,"floor_sqrt_p",2,14,3,0.844036697247706
"NUC_vs_CONTROL",3,2,3,16,400,"floor_sqrt_p",5,14,3,0.855045871559633
"NUC_vs_CONTROL",3,2,3,16,400,"floor_sqrt_p",7,14,3,0.844036697247706
"NUC_vs_CONTROL",3,2,4,16,400,"floor_sqrt_p",2,14,3,0.840366972477064
"NUC_vs_CONTROL",3,2,4,16,400,"floor_sqrt_p",5,14,3,0.834862385321101
"NUC_vs_CONTROL",3,2,4,16,400,"floor_sqrt_p",7,14,3,0.840366972477064
"NUC_vs_CONTROL",3,2,5,16,400,"floor_sqrt_p",2,13,3,0.860550458715596
"NUC_vs_CONTROL",3,2,5,16,400,"floor_sqrt_p",5,13,3,0.858715596330275
"NUC_vs_CONTROL",3,2,5,16,400,"floor_sqrt_p",7,13,3,0.858715596330275
"NUC_vs_CONTROL",3,2,1,17,400,"floor_sqrt_p",2,15,3,0.864468864468865
"NUC_vs_CONTROL",3,2,1,17,400,"floor_sqrt_p",5,15,3,0.864468864468865
"NUC_vs_CONTROL",3,2,1,17,400,"floor_sqrt_p",7,15,3,0.868131868131868
"NUC_vs_CONTROL",3,2,2,17,400,"floor_sqrt_p",2,14,3,0.860805860805861
"NUC_vs_CONTROL",3,2,2,17,400,"floor_sqrt_p",5,14,3,0.857142857142857
"NUC_vs_CONTROL",3,2,2,17,400,"floor_sqrt_p",7,14,3,0.858974358974359
"NUC_vs_CONTROL",3,2,3,17,400,"floor_sqrt_p",2,14,3,0.855045871559633
"NUC_vs_CONTROL",3,2,3,17,400,"floor_sqrt_p",5,14,3,0.853211009174312
"NUC_vs_CONTROL",3,2,3,17,400,"floor_sqrt_p",7,14,3,0.858715596330275
"NUC_vs_CONTROL",3,2,4,17,400,"floor_sqrt_p",2,15,3,0.829357798165138
"NUC_vs_CONTROL",3,2,4,17,400,"floor_sqrt_p",5,15,3,0.836697247706422
"NUC_vs_CONTROL",3,2,4,17,400,"floor_sqrt_p",7,15,3,0.825688073394495
"NUC_vs_CONTROL",3,2,5,17,400,"floor_sqrt_p",2,14,3,0.856880733944954
"NUC_vs_CONTROL",3,2,5,17,400,"floor_sqrt_p",5,14,3,0.858715596330275
"NUC_vs_CONTROL",3,2,5,17,400,"floor_sqrt_p",7,14,3,0.860550458715596
"NUC_vs_CONTROL",3,2,1,18,400,"floor_sqrt_p",2,15,3,0.86996336996337
"NUC_vs_CONTROL",3,2,1,18,400,"floor_sqrt_p",5,15,3,0.871794871794872
"NUC_vs_CONTROL",3,2,1,18,400,"floor_sqrt_p",7,15,3,0.871794871794872
"NUC_vs_CONTROL",3,2,2,18,400,"floor_sqrt_p",2,15,3,0.851648351648352
"NUC_vs_CONTROL",3,2,2,18,400,"floor_sqrt_p",5,15,3,0.836996336996337
"NUC_vs_CONTROL",3,2,2,18,400,"floor_sqrt_p",7,15,3,0.836996336996337
"NUC_vs_CONTROL",3,2,3,18,400,"floor_sqrt_p",2,15,3,0.856880733944954
"NUC_vs_CONTROL",3,2,3,18,400,"floor_sqrt_p",5,15,3,0.84954128440367
"NUC_vs_CONTROL",3,2,3,18,400,"floor_sqrt_p",7,15,3,0.856880733944954
"NUC_vs_CONTROL",3,2,4,18,400,"floor_sqrt_p",2,15,3,0.840366972477064
"NUC_vs_CONTROL",3,2,4,18,400,"floor_sqrt_p",5,15,3,0.838532110091743
"NUC_vs_CONTROL",3,2,4,18,400,"floor_sqrt_p",7,15,3,0.834862385321101
"NUC_vs_CONTROL",3,2,5,18,400,"floor_sqrt_p",2,14,3,0.860550458715596
"NUC_vs_CONTROL",3,2,5,18,400,"floor_sqrt_p",5,14,3,0.867889908256881
"NUC_vs_CONTROL",3,2,5,18,400,"floor_sqrt_p",7,14,3,0.858715596330275
"NUC_vs_CONTROL",3,2,1,19,400,"floor_sqrt_p",2,15,3,0.871794871794872
"NUC_vs_CONTROL",3,2,1,19,400,"floor_sqrt_p",5,15,3,0.860805860805861
"NUC_vs_CONTROL",3,2,1,19,400,"floor_sqrt_p",7,15,3,0.858974358974359
"NUC_vs_CONTROL",3,2,2,19,400,"floor_sqrt_p",2,15,3,0.838827838827839
"NUC_vs_CONTROL",3,2,2,19,400,"floor_sqrt_p",5,15,3,0.833333333333333
"NUC_vs_CONTROL",3,2,2,19,400,"floor_sqrt_p",7,15,3,0.833333333333333
"NUC_vs_CONTROL",3,2,3,19,400,"floor_sqrt_p",2,15,3,0.855045871559633
"NUC_vs_CONTROL",3,2,3,19,400,"floor_sqrt_p",5,15,3,0.851376146788991
"NUC_vs_CONTROL",3,2,3,19,400,"floor_sqrt_p",7,15,3,0.858715596330275
"NUC_vs_CONTROL",3,2,4,19,400,"floor_sqrt_p",2,16,4,0.844036697247706
"NUC_vs_CONTROL",3,2,4,19,400,"floor_sqrt_p",5,16,4,0.842201834862385
"NUC_vs_CONTROL",3,2,4,19,400,"floor_sqrt_p",7,16,4,0.847706422018349
"NUC_vs_CONTROL",3,2,5,19,400,"floor_sqrt_p",2,15,3,0.86605504587156
"NUC_vs_CONTROL",3,2,5,19,400,"floor_sqrt_p",5,15,3,0.862385321100917
"NUC_vs_CONTROL",3,2,5,19,400,"floor_sqrt_p",7,15,3,0.858715596330275
"NUC_vs_CONTROL",3,2,1,20,400,"floor_sqrt_p",2,16,4,0.868131868131868
"NUC_vs_CONTROL",3,2,1,20,400,"floor_sqrt_p",5,16,4,0.862637362637363
"NUC_vs_CONTROL",3,2,1,20,400,"floor_sqrt_p",7,16,4,0.871794871794872
"NUC_vs_CONTROL",3,2,2,20,400,"floor_sqrt_p",2,16,4,0.836996336996337
"NUC_vs_CONTROL",3,2,2,20,400,"floor_sqrt_p",5,16,4,0.827838827838828
"NUC_vs_CONTROL",3,2,2,20,400,"floor_sqrt_p",7,16,4,0.838827838827839
"NUC_vs_CONTROL",3,2,3,20,400,"floor_sqrt_p",2,16,4,0.856880733944954
"NUC_vs_CONTROL",3,2,3,20,400,"floor_sqrt_p",5,16,4,0.862385321100917
"NUC_vs_CONTROL",3,2,3,20,400,"floor_sqrt_p",7,16,4,0.864220183486239
"NUC_vs_CONTROL",3,2,4,20,400,"floor_sqrt_p",2,16,4,0.853211009174312
"NUC_vs_CONTROL",3,2,4,20,400,"floor_sqrt_p",5,16,4,0.844036697247706
"NUC_vs_CONTROL",3,2,4,20,400,"floor_sqrt_p",7,16,4,0.84954128440367
"NUC_vs_CONTROL",3,2,5,20,400,"floor_sqrt_p",2,15,3,0.864220183486239
"NUC_vs_CONTROL",3,2,5,20,400,"floor_sqrt_p",5,15,3,0.862385321100917
"NUC_vs_CONTROL",3,2,5,20,400,"floor_sqrt_p",7,15,3,0.860550458715596
"NUC_vs_CONTROL",3,3,1,6,400,"floor_sqrt_p",2,6,2,0.816849816849817
"NUC_vs_CONTROL",3,3,1,6,400,"floor_sqrt_p",5,6,2,0.815018315018315
"NUC_vs_CONTROL",3,3,1,6,400,"floor_sqrt_p",7,6,2,0.815018315018315
"NUC_vs_CONTROL",3,3,2,6,400,"floor_sqrt_p",2,6,2,0.844322344322344
"NUC_vs_CONTROL",3,3,2,6,400,"floor_sqrt_p",5,6,2,0.847985347985348
"NUC_vs_CONTROL",3,3,2,6,400,"floor_sqrt_p",7,6,2,0.844322344322344
"NUC_vs_CONTROL",3,3,3,6,400,"floor_sqrt_p",2,6,2,0.851648351648352
"NUC_vs_CONTROL",3,3,3,6,400,"floor_sqrt_p",5,6,2,0.836996336996337
"NUC_vs_CONTROL",3,3,3,6,400,"floor_sqrt_p",7,6,2,0.844322344322344
"NUC_vs_CONTROL",3,3,4,6,400,"floor_sqrt_p",2,7,2,0.801834862385321
"NUC_vs_CONTROL",3,3,4,6,400,"floor_sqrt_p",5,7,2,0.811009174311927
"NUC_vs_CONTROL",3,3,4,6,400,"floor_sqrt_p",7,7,2,0.809174311926605
"NUC_vs_CONTROL",3,3,5,6,400,"floor_sqrt_p",2,6,2,0.822018348623853
"NUC_vs_CONTROL",3,3,5,6,400,"floor_sqrt_p",5,6,2,0.820183486238532
"NUC_vs_CONTROL",3,3,5,6,400,"floor_sqrt_p",7,6,2,0.81651376146789
"NUC_vs_CONTROL",3,3,1,7,400,"floor_sqrt_p",2,7,2,0.82967032967033
"NUC_vs_CONTROL",3,3,1,7,400,"floor_sqrt_p",5,7,2,0.822344322344322
"NUC_vs_CONTROL",3,3,1,7,400,"floor_sqrt_p",7,7,2,0.80952380952381
"NUC_vs_CONTROL",3,3,2,7,400,"floor_sqrt_p",2,8,2,0.831501831501832
"NUC_vs_CONTROL",3,3,2,7,400,"floor_sqrt_p",5,8,2,0.835164835164835
"NUC_vs_CONTROL",3,3,2,7,400,"floor_sqrt_p",7,8,2,0.82051282051282
"NUC_vs_CONTROL",3,3,3,7,400,"floor_sqrt_p",2,7,2,0.827838827838828
"NUC_vs_CONTROL",3,3,3,7,400,"floor_sqrt_p",5,7,2,0.826007326007326
"NUC_vs_CONTROL",3,3,3,7,400,"floor_sqrt_p",7,7,2,0.827838827838828
"NUC_vs_CONTROL",3,3,4,7,400,"floor_sqrt_p",2,8,2,0.829357798165138
"NUC_vs_CONTROL",3,3,4,7,400,"floor_sqrt_p",5,8,2,0.83302752293578
"NUC_vs_CONTROL",3,3,4,7,400,"floor_sqrt_p",7,8,2,0.836697247706422
"NUC_vs_CONTROL",3,3,5,7,400,"floor_sqrt_p",2,8,2,0.851376146788991
"NUC_vs_CONTROL",3,3,5,7,400,"floor_sqrt_p",5,8,2,0.853211009174312
"NUC_vs_CONTROL",3,3,5,7,400,"floor_sqrt_p",7,8,2,0.853211009174312
"NUC_vs_CONTROL",3,3,1,8,400,"floor_sqrt_p",2,8,2,0.835164835164835
"NUC_vs_CONTROL",3,3,1,8,400,"floor_sqrt_p",5,8,2,0.833333333333333
"NUC_vs_CONTROL",3,3,1,8,400,"floor_sqrt_p",7,8,2,0.82967032967033
"NUC_vs_CONTROL",3,3,2,8,400,"floor_sqrt_p",2,9,3,0.842490842490842
"NUC_vs_CONTROL",3,3,2,8,400,"floor_sqrt_p",5,9,3,0.836996336996337
"NUC_vs_CONTROL",3,3,2,8,400,"floor_sqrt_p",7,9,3,0.836996336996337
"NUC_vs_CONTROL",3,3,3,8,400,"floor_sqrt_p",2,8,2,0.847985347985348
"NUC_vs_CONTROL",3,3,3,8,400,"floor_sqrt_p",5,8,2,0.847985347985348
"NUC_vs_CONTROL",3,3,3,8,400,"floor_sqrt_p",7,8,2,0.844322344322344
"NUC_vs_CONTROL",3,3,4,8,400,"floor_sqrt_p",2,9,3,0.856880733944954
"NUC_vs_CONTROL",3,3,4,8,400,"floor_sqrt_p",5,9,3,0.840366972477064
"NUC_vs_CONTROL",3,3,4,8,400,"floor_sqrt_p",7,9,3,0.840366972477064
"NUC_vs_CONTROL",3,3,5,8,400,"floor_sqrt_p",2,9,3,0.855045871559633
"NUC_vs_CONTROL",3,3,5,8,400,"floor_sqrt_p",5,9,3,0.853211009174312
"NUC_vs_CONTROL",3,3,5,8,400,"floor_sqrt_p",7,9,3,0.864220183486239
"NUC_vs_CONTROL",3,3,1,9,400,"floor_sqrt_p",2,9,3,0.838827838827839
"NUC_vs_CONTROL",3,3,1,9,400,"floor_sqrt_p",5,9,3,0.842490842490842
"NUC_vs_CONTROL",3,3,1,9,400,"floor_sqrt_p",7,9,3,0.858974358974359
"NUC_vs_CONTROL",3,3,2,9,400,"floor_sqrt_p",2,9,3,0.846153846153846
"NUC_vs_CONTROL",3,3,2,9,400,"floor_sqrt_p",5,9,3,0.842490842490842
"NUC_vs_CONTROL",3,3,2,9,400,"floor_sqrt_p",7,9,3,0.84981684981685
"NUC_vs_CONTROL",3,3,3,9,400,"floor_sqrt_p",2,9,3,0.851648351648352
"NUC_vs_CONTROL",3,3,3,9,400,"floor_sqrt_p",5,9,3,0.846153846153846
"NUC_vs_CONTROL",3,3,3,9,400,"floor_sqrt_p",7,9,3,0.831501831501832
"NUC_vs_CONTROL",3,3,4,9,400,"floor_sqrt_p",2,10,3,0.842201834862385
"NUC_vs_CONTROL",3,3,4,9,400,"floor_sqrt_p",5,10,3,0.844036697247706
"NUC_vs_CONTROL",3,3,4,9,400,"floor_sqrt_p",7,10,3,0.840366972477064
"NUC_vs_CONTROL",3,3,5,9,400,"floor_sqrt_p",2,10,3,0.860550458715596
"NUC_vs_CONTROL",3,3,5,9,400,"floor_sqrt_p",5,10,3,0.860550458715596
"NUC_vs_CONTROL",3,3,5,9,400,"floor_sqrt_p",7,10,3,0.860550458715596
"NUC_vs_CONTROL",3,3,1,10,400,"floor_sqrt_p",2,10,3,0.847985347985348
"NUC_vs_CONTROL",3,3,1,10,400,"floor_sqrt_p",5,10,3,0.84981684981685
"NUC_vs_CONTROL",3,3,1,10,400,"floor_sqrt_p",7,10,3,0.860805860805861
"NUC_vs_CONTROL",3,3,2,10,400,"floor_sqrt_p",2,10,3,0.846153846153846
"NUC_vs_CONTROL",3,3,2,10,400,"floor_sqrt_p",5,10,3,0.840659340659341
"NUC_vs_CONTROL",3,3,2,10,400,"floor_sqrt_p",7,10,3,0.846153846153846
"NUC_vs_CONTROL",3,3,3,10,400,"floor_sqrt_p",2,10,3,0.840659340659341
"NUC_vs_CONTROL",3,3,3,10,400,"floor_sqrt_p",5,10,3,0.846153846153846
"NUC_vs_CONTROL",3,3,3,10,400,"floor_sqrt_p",7,10,3,0.846153846153846
"NUC_vs_CONTROL",3,3,4,10,400,"floor_sqrt_p",2,10,3,0.856880733944954
"NUC_vs_CONTROL",3,3,4,10,400,"floor_sqrt_p",5,10,3,0.856880733944954
"NUC_vs_CONTROL",3,3,4,10,400,"floor_sqrt_p",7,10,3,0.84954128440367
"NUC_vs_CONTROL",3,3,5,10,400,"floor_sqrt_p",2,10,3,0.855045871559633
"NUC_vs_CONTROL",3,3,5,10,400,"floor_sqrt_p",5,10,3,0.856880733944954
"NUC_vs_CONTROL",3,3,5,10,400,"floor_sqrt_p",7,10,3,0.84954128440367
"NUC_vs_CONTROL",3,3,1,11,400,"floor_sqrt_p",2,11,3,0.853479853479853
"NUC_vs_CONTROL",3,3,1,11,400,"floor_sqrt_p",5,11,3,0.855311355311355
"NUC_vs_CONTROL",3,3,1,11,400,"floor_sqrt_p",7,11,3,0.851648351648352
"NUC_vs_CONTROL",3,3,2,11,400,"floor_sqrt_p",2,11,3,0.835164835164835
"NUC_vs_CONTROL",3,3,2,11,400,"floor_sqrt_p",5,11,3,0.835164835164835
"NUC_vs_CONTROL",3,3,2,11,400,"floor_sqrt_p",7,11,3,0.836996336996337
"NUC_vs_CONTROL",3,3,3,11,400,"floor_sqrt_p",2,11,3,0.847985347985348
"NUC_vs_CONTROL",3,3,3,11,400,"floor_sqrt_p",5,11,3,0.846153846153846
"NUC_vs_CONTROL",3,3,3,11,400,"floor_sqrt_p",7,11,3,0.844322344322344
"NUC_vs_CONTROL",3,3,4,11,400,"floor_sqrt_p",2,11,3,0.86605504587156
"NUC_vs_CONTROL",3,3,4,11,400,"floor_sqrt_p",5,11,3,0.856880733944954
"NUC_vs_CONTROL",3,3,4,11,400,"floor_sqrt_p",7,11,3,0.858715596330275
"NUC_vs_CONTROL",3,3,5,11,400,"floor_sqrt_p",2,11,3,0.856880733944954
"NUC_vs_CONTROL",3,3,5,11,400,"floor_sqrt_p",5,11,3,0.84954128440367
"NUC_vs_CONTROL",3,3,5,11,400,"floor_sqrt_p",7,11,3,0.851376146788991
"NUC_vs_CONTROL",3,3,1,12,400,"floor_sqrt_p",2,11,3,0.836996336996337
"NUC_vs_CONTROL",3,3,1,12,400,"floor_sqrt_p",5,11,3,0.838827838827839
"NUC_vs_CONTROL",3,3,1,12,400,"floor_sqrt_p",7,11,3,0.82967032967033
"NUC_vs_CONTROL",3,3,2,12,400,"floor_sqrt_p",2,11,3,0.827838827838828
"NUC_vs_CONTROL",3,3,2,12,400,"floor_sqrt_p",5,11,3,0.827838827838828
"NUC_vs_CONTROL",3,3,2,12,400,"floor_sqrt_p",7,11,3,0.82051282051282
"NUC_vs_CONTROL",3,3,3,12,400,"floor_sqrt_p",2,11,3,0.851648351648352
"NUC_vs_CONTROL",3,3,3,12,400,"floor_sqrt_p",5,11,3,0.84981684981685
"NUC_vs_CONTROL",3,3,3,12,400,"floor_sqrt_p",7,11,3,0.857142857142857
"NUC_vs_CONTROL",3,3,4,12,400,"floor_sqrt_p",2,12,3,0.853211009174312
"NUC_vs_CONTROL",3,3,4,12,400,"floor_sqrt_p",5,12,3,0.84954128440367
"NUC_vs_CONTROL",3,3,4,12,400,"floor_sqrt_p",7,12,3,0.851376146788991
"NUC_vs_CONTROL",3,3,5,12,400,"floor_sqrt_p",2,12,3,0.851376146788991
"NUC_vs_CONTROL",3,3,5,12,400,"floor_sqrt_p",5,12,3,0.858715596330275
"NUC_vs_CONTROL",3,3,5,12,400,"floor_sqrt_p",7,12,3,0.844036697247706
"NUC_vs_CONTROL",3,3,1,13,400,"floor_sqrt_p",2,12,3,0.855311355311355
"NUC_vs_CONTROL",3,3,1,13,400,"floor_sqrt_p",5,12,3,0.84981684981685
"NUC_vs_CONTROL",3,3,1,13,400,"floor_sqrt_p",7,12,3,0.844322344322344
"NUC_vs_CONTROL",3,3,2,13,400,"floor_sqrt_p",2,12,3,0.816849816849817
"NUC_vs_CONTROL",3,3,2,13,400,"floor_sqrt_p",5,12,3,0.822344322344322
"NUC_vs_CONTROL",3,3,2,13,400,"floor_sqrt_p",7,12,3,0.815018315018315
"NUC_vs_CONTROL",3,3,3,13,400,"floor_sqrt_p",2,12,3,0.855311355311355
"NUC_vs_CONTROL",3,3,3,13,400,"floor_sqrt_p",5,12,3,0.851648351648352
"NUC_vs_CONTROL",3,3,3,13,400,"floor_sqrt_p",7,12,3,0.853479853479853
"NUC_vs_CONTROL",3,3,4,13,400,"floor_sqrt_p",2,12,3,0.856880733944954
"NUC_vs_CONTROL",3,3,4,13,400,"floor_sqrt_p",5,12,3,0.867889908256881
"NUC_vs_CONTROL",3,3,4,13,400,"floor_sqrt_p",7,12,3,0.867889908256881
"NUC_vs_CONTROL",3,3,5,13,400,"floor_sqrt_p",2,12,3,0.853211009174312
"NUC_vs_CONTROL",3,3,5,13,400,"floor_sqrt_p",5,12,3,0.855045871559633
"NUC_vs_CONTROL",3,3,5,13,400,"floor_sqrt_p",7,12,3,0.853211009174312
"NUC_vs_CONTROL",3,3,1,14,400,"floor_sqrt_p",2,12,3,0.84981684981685
"NUC_vs_CONTROL",3,3,1,14,400,"floor_sqrt_p",5,12,3,0.846153846153846
"NUC_vs_CONTROL",3,3,1,14,400,"floor_sqrt_p",7,12,3,0.84981684981685
"NUC_vs_CONTROL",3,3,2,14,400,"floor_sqrt_p",2,12,3,0.842490842490842
"NUC_vs_CONTROL",3,3,2,14,400,"floor_sqrt_p",5,12,3,0.838827838827839
"NUC_vs_CONTROL",3,3,2,14,400,"floor_sqrt_p",7,12,3,0.831501831501832
"NUC_vs_CONTROL",3,3,3,14,400,"floor_sqrt_p",2,12,3,0.855311355311355
"NUC_vs_CONTROL",3,3,3,14,400,"floor_sqrt_p",5,12,3,0.853479853479853
"NUC_vs_CONTROL",3,3,3,14,400,"floor_sqrt_p",7,12,3,0.857142857142857
"NUC_vs_CONTROL",3,3,4,14,400,"floor_sqrt_p",2,13,3,0.864220183486239
"NUC_vs_CONTROL",3,3,4,14,400,"floor_sqrt_p",5,13,3,0.858715596330275
"NUC_vs_CONTROL",3,3,4,14,400,"floor_sqrt_p",7,13,3,0.862385321100917
"NUC_vs_CONTROL",3,3,5,14,400,"floor_sqrt_p",2,13,3,0.869724770642202
"NUC_vs_CONTROL",3,3,5,14,400,"floor_sqrt_p",5,13,3,0.867889908256881
"NUC_vs_CONTROL",3,3,5,14,400,"floor_sqrt_p",7,13,3,0.867889908256881
"NUC_vs_CONTROL",3,3,1,15,400,"floor_sqrt_p",2,13,3,0.82967032967033
"NUC_vs_CONTROL",3,3,1,15,400,"floor_sqrt_p",5,13,3,0.831501831501832
"NUC_vs_CONTROL",3,3,1,15,400,"floor_sqrt_p",7,13,3,0.827838827838828
"NUC_vs_CONTROL",3,3,2,15,400,"floor_sqrt_p",2,13,3,0.82967032967033
"NUC_vs_CONTROL",3,3,2,15,400,"floor_sqrt_p",5,13,3,0.835164835164835
"NUC_vs_CONTROL",3,3,2,15,400,"floor_sqrt_p",7,13,3,0.827838827838828
"NUC_vs_CONTROL",3,3,3,15,400,"floor_sqrt_p",2,13,3,0.855311355311355
"NUC_vs_CONTROL",3,3,3,15,400,"floor_sqrt_p",5,13,3,0.84981684981685
"NUC_vs_CONTROL",3,3,3,15,400,"floor_sqrt_p",7,13,3,0.857142857142857
"NUC_vs_CONTROL",3,3,4,15,400,"floor_sqrt_p",2,14,3,0.84954128440367
"NUC_vs_CONTROL",3,3,4,15,400,"floor_sqrt_p",5,14,3,0.851376146788991
"NUC_vs_CONTROL",3,3,4,15,400,"floor_sqrt_p",7,14,3,0.853211009174312
"NUC_vs_CONTROL",3,3,5,15,400,"floor_sqrt_p",2,13,3,0.862385321100917
"NUC_vs_CONTROL",3,3,5,15,400,"floor_sqrt_p",5,13,3,0.844036697247706
"NUC_vs_CONTROL",3,3,5,15,400,"floor_sqrt_p",7,13,3,0.855045871559633
"NUC_vs_CONTROL",3,3,1,16,400,"floor_sqrt_p",2,14,3,0.836996336996337
"NUC_vs_CONTROL",3,3,1,16,400,"floor_sqrt_p",5,14,3,0.82967032967033
"NUC_vs_CONTROL",3,3,1,16,400,"floor_sqrt_p",7,14,3,0.835164835164835
"NUC_vs_CONTROL",3,3,2,16,400,"floor_sqrt_p",2,14,3,0.82967032967033
"NUC_vs_CONTROL",3,3,2,16,400,"floor_sqrt_p",5,14,3,0.822344322344322
"NUC_vs_CONTROL",3,3,2,16,400,"floor_sqrt_p",7,14,3,0.824175824175824
"NUC_vs_CONTROL",3,3,3,16,400,"floor_sqrt_p",2,14,3,0.860805860805861
"NUC_vs_CONTROL",3,3,3,16,400,"floor_sqrt_p",5,14,3,0.866300366300366
"NUC_vs_CONTROL",3,3,3,16,400,"floor_sqrt_p",7,14,3,0.860805860805861
"NUC_vs_CONTROL",3,3,4,16,400,"floor_sqrt_p",2,14,3,0.844036697247706
"NUC_vs_CONTROL",3,3,4,16,400,"floor_sqrt_p",5,14,3,0.853211009174312
"NUC_vs_CONTROL",3,3,4,16,400,"floor_sqrt_p",7,14,3,0.84954128440367
"NUC_vs_CONTROL",3,3,5,16,400,"floor_sqrt_p",2,14,3,0.84954128440367
"NUC_vs_CONTROL",3,3,5,16,400,"floor_sqrt_p",5,14,3,0.853211009174312
"NUC_vs_CONTROL",3,3,5,16,400,"floor_sqrt_p",7,14,3,0.851376146788991
"NUC_vs_CONTROL",3,3,1,17,400,"floor_sqrt_p",2,14,3,0.853479853479853
"NUC_vs_CONTROL",3,3,1,17,400,"floor_sqrt_p",5,14,3,0.847985347985348
"NUC_vs_CONTROL",3,3,1,17,400,"floor_sqrt_p",7,14,3,0.844322344322344
"NUC_vs_CONTROL",3,3,2,17,400,"floor_sqrt_p",2,15,3,0.840659340659341
"NUC_vs_CONTROL",3,3,2,17,400,"floor_sqrt_p",5,15,3,0.844322344322344
"NUC_vs_CONTROL",3,3,2,17,400,"floor_sqrt_p",7,15,3,0.842490842490842
"NUC_vs_CONTROL",3,3,3,17,400,"floor_sqrt_p",2,14,3,0.855311355311355
"NUC_vs_CONTROL",3,3,3,17,400,"floor_sqrt_p",5,14,3,0.857142857142857
"NUC_vs_CONTROL",3,3,3,17,400,"floor_sqrt_p",7,14,3,0.846153846153846
"NUC_vs_CONTROL",3,3,4,17,400,"floor_sqrt_p",2,15,3,0.84954128440367
"NUC_vs_CONTROL",3,3,4,17,400,"floor_sqrt_p",5,15,3,0.845871559633028
"NUC_vs_CONTROL",3,3,4,17,400,"floor_sqrt_p",7,15,3,0.842201834862385
"NUC_vs_CONTROL",3,3,5,17,400,"floor_sqrt_p",2,15,3,0.862385321100917
"NUC_vs_CONTROL",3,3,5,17,400,"floor_sqrt_p",5,15,3,0.875229357798165
"NUC_vs_CONTROL",3,3,5,17,400,"floor_sqrt_p",7,15,3,0.86605504587156
"NUC_vs_CONTROL",3,3,1,18,400,"floor_sqrt_p",2,15,3,0.846153846153846
"NUC_vs_CONTROL",3,3,1,18,400,"floor_sqrt_p",5,15,3,0.844322344322344
"NUC_vs_CONTROL",3,3,1,18,400,"floor_sqrt_p",7,15,3,0.846153846153846
"NUC_vs_CONTROL",3,3,2,18,400,"floor_sqrt_p",2,15,3,0.847985347985348
"NUC_vs_CONTROL",3,3,2,18,400,"floor_sqrt_p",5,15,3,0.853479853479853
"NUC_vs_CONTROL",3,3,2,18,400,"floor_sqrt_p",7,15,3,0.847985347985348
"NUC_vs_CONTROL",3,3,3,18,400,"floor_sqrt_p",2,15,3,0.84981684981685
"NUC_vs_CONTROL",3,3,3,18,400,"floor_sqrt_p",5,15,3,0.847985347985348
"NUC_vs_CONTROL",3,3,3,18,400,"floor_sqrt_p",7,15,3,0.838827838827839
"NUC_vs_CONTROL",3,3,4,18,400,"floor_sqrt_p",2,15,3,0.840366972477064
"NUC_vs_CONTROL",3,3,4,18,400,"floor_sqrt_p",5,15,3,0.840366972477064
"NUC_vs_CONTROL",3,3,4,18,400,"floor_sqrt_p",7,15,3,0.836697247706422
"NUC_vs_CONTROL",3,3,5,18,400,"floor_sqrt_p",2,15,3,0.88256880733945
"NUC_vs_CONTROL",3,3,5,18,400,"floor_sqrt_p",5,15,3,0.877064220183486
"NUC_vs_CONTROL",3,3,5,18,400,"floor_sqrt_p",7,15,3,0.873394495412844
"NUC_vs_CONTROL",3,3,1,19,400,"floor_sqrt_p",2,15,3,0.838827838827839
"NUC_vs_CONTROL",3,3,1,19,400,"floor_sqrt_p",5,15,3,0.840659340659341
"NUC_vs_CONTROL",3,3,1,19,400,"floor_sqrt_p",7,15,3,0.840659340659341
"NUC_vs_CONTROL",3,3,2,19,400,"floor_sqrt_p",2,15,3,0.862637362637363
"NUC_vs_CONTROL",3,3,2,19,400,"floor_sqrt_p",5,15,3,0.860805860805861
"NUC_vs_CONTROL",3,3,2,19,400,"floor_sqrt_p",7,15,3,0.862637362637363
"NUC_vs_CONTROL",3,3,3,19,400,"floor_sqrt_p",2,15,3,0.858974358974359
"NUC_vs_CONTROL",3,3,3,19,400,"floor_sqrt_p",5,15,3,0.860805860805861
"NUC_vs_CONTROL",3,3,3,19,400,"floor_sqrt_p",7,15,3,0.851648351648352
"NUC_vs_CONTROL",3,3,4,19,400,"floor_sqrt_p",2,16,4,0.838532110091743
"NUC_vs_CONTROL",3,3,4,19,400,"floor_sqrt_p",5,16,4,0.838532110091743
"NUC_vs_CONTROL",3,3,4,19,400,"floor_sqrt_p",7,16,4,0.834862385321101
"NUC_vs_CONTROL",3,3,5,19,400,"floor_sqrt_p",2,16,4,0.869724770642202
"NUC_vs_CONTROL",3,3,5,19,400,"floor_sqrt_p",5,16,4,0.877064220183486
"NUC_vs_CONTROL",3,3,5,19,400,"floor_sqrt_p",7,16,4,0.871559633027523
"NUC_vs_CONTROL",3,3,1,20,400,"floor_sqrt_p",2,16,4,0.84981684981685
"NUC_vs_CONTROL",3,3,1,20,400,"floor_sqrt_p",5,16,4,0.84981684981685
"NUC_vs_CONTROL",3,3,1,20,400,"floor_sqrt_p",7,16,4,0.847985347985348
"NUC_vs_CONTROL",3,3,2,20,400,"floor_sqrt_p",2,16,4,0.866300366300366
"NUC_vs_CONTROL",3,3,2,20,400,"floor_sqrt_p",5,16,4,0.860805860805861
"NUC_vs_CONTROL",3,3,2,20,400,"floor_sqrt_p",7,16,4,0.871794871794872
"NUC_vs_CONTROL",3,3,3,20,400,"floor_sqrt_p",2,15,3,0.844322344322344
"NUC_vs_CONTROL",3,3,3,20,400,"floor_sqrt_p",5,15,3,0.842490842490842
"NUC_vs_CONTROL",3,3,3,20,400,"floor_sqrt_p",7,15,3,0.844322344322344
"NUC_vs_CONTROL",3,3,4,20,400,"floor_sqrt_p",2,16,4,0.83302752293578
"NUC_vs_CONTROL",3,3,4,20,400,"floor_sqrt_p",5,16,4,0.838532110091743
"NUC_vs_CONTROL",3,3,4,20,400,"floor_sqrt_p",7,16,4,0.840366972477064
"NUC_vs_CONTROL",3,3,5,20,400,"floor_sqrt_p",2,16,4,0.855045871559633
"NUC_vs_CONTROL",3,3,5,20,400,"floor_sqrt_p",5,16,4,0.84954128440367
"NUC_vs_CONTROL",3,3,5,20,400,"floor_sqrt_p",7,16,4,0.853211009174312
"NUC_vs_CONTROL",3,4,1,6,400,"floor_sqrt_p",2,6,2,0.813528336380256
"NUC_vs_CONTROL",3,4,1,6,400,"floor_sqrt_p",5,6,2,0.811700182815356
"NUC_vs_CONTROL",3,4,1,6,400,"floor_sqrt_p",7,6,2,0.815356489945155
"NUC_vs_CONTROL",3,4,2,6,400,"floor_sqrt_p",2,6,2,0.816849816849817
"NUC_vs_CONTROL",3,4,2,6,400,"floor_sqrt_p",5,6,2,0.80952380952381
"NUC_vs_CONTROL",3,4,2,6,400,"floor_sqrt_p",7,6,2,0.813186813186813
"NUC_vs_CONTROL",3,4,3,6,400,"floor_sqrt_p",2,6,2,0.833333333333333
"NUC_vs_CONTROL",3,4,3,6,400,"floor_sqrt_p",5,6,2,0.827838827838828
"NUC_vs_CONTROL",3,4,3,6,400,"floor_sqrt_p",7,6,2,0.838827838827839
"NUC_vs_CONTROL",3,4,4,6,400,"floor_sqrt_p",2,6,2,0.840366972477064
"NUC_vs_CONTROL",3,4,4,6,400,"floor_sqrt_p",5,6,2,0.834862385321101
"NUC_vs_CONTROL",3,4,4,6,400,"floor_sqrt_p",7,6,2,0.83302752293578
"NUC_vs_CONTROL",3,4,5,6,400,"floor_sqrt_p",2,6,2,0.836697247706422
"NUC_vs_CONTROL",3,4,5,6,400,"floor_sqrt_p",5,6,2,0.836697247706422
"NUC_vs_CONTROL",3,4,5,6,400,"floor_sqrt_p",7,6,2,0.840366972477064
"NUC_vs_CONTROL",3,4,1,7,400,"floor_sqrt_p",2,7,2,0.813528336380256
"NUC_vs_CONTROL",3,4,1,7,400,"floor_sqrt_p",5,7,2,0.817184643510055
"NUC_vs_CONTROL",3,4,1,7,400,"floor_sqrt_p",7,7,2,0.822669104204753
"NUC_vs_CONTROL",3,4,2,7,400,"floor_sqrt_p",2,7,2,0.813186813186813
"NUC_vs_CONTROL",3,4,2,7,400,"floor_sqrt_p",5,7,2,0.82967032967033
"NUC_vs_CONTROL",3,4,2,7,400,"floor_sqrt_p",7,7,2,0.818681318681319
"NUC_vs_CONTROL",3,4,3,7,400,"floor_sqrt_p",2,7,2,0.833333333333333
"NUC_vs_CONTROL",3,4,3,7,400,"floor_sqrt_p",5,7,2,0.833333333333333
"NUC_vs_CONTROL",3,4,3,7,400,"floor_sqrt_p",7,7,2,0.827838827838828
"NUC_vs_CONTROL",3,4,4,7,400,"floor_sqrt_p",2,8,2,0.851376146788991
"NUC_vs_CONTROL",3,4,4,7,400,"floor_sqrt_p",5,8,2,0.855045871559633
"NUC_vs_CONTROL",3,4,4,7,400,"floor_sqrt_p",7,8,2,0.855045871559633
"NUC_vs_CONTROL",3,4,5,7,400,"floor_sqrt_p",2,7,2,0.840366972477064
"NUC_vs_CONTROL",3,4,5,7,400,"floor_sqrt_p",5,7,2,0.83302752293578
"NUC_vs_CONTROL",3,4,5,7,400,"floor_sqrt_p",7,7,2,0.840366972477064
"NUC_vs_CONTROL",3,4,1,8,400,"floor_sqrt_p",2,8,2,0.839122486288848
"NUC_vs_CONTROL",3,4,1,8,400,"floor_sqrt_p",5,8,2,0.828153564899452
"NUC_vs_CONTROL",3,4,1,8,400,"floor_sqrt_p",7,8,2,0.837294332723949
"NUC_vs_CONTROL",3,4,2,8,400,"floor_sqrt_p",2,8,2,0.855311355311355
"NUC_vs_CONTROL",3,4,2,8,400,"floor_sqrt_p",5,8,2,0.860805860805861
"NUC_vs_CONTROL",3,4,2,8,400,"floor_sqrt_p",7,8,2,0.862637362637363
"NUC_vs_CONTROL",3,4,3,8,400,"floor_sqrt_p",2,8,2,0.82967032967033
"NUC_vs_CONTROL",3,4,3,8,400,"floor_sqrt_p",5,8,2,0.835164835164835
"NUC_vs_CONTROL",3,4,3,8,400,"floor_sqrt_p",7,8,2,0.836996336996337
"NUC_vs_CONTROL",3,4,4,8,400,"floor_sqrt_p",2,9,3,0.869724770642202
"NUC_vs_CONTROL",3,4,4,8,400,"floor_sqrt_p",5,9,3,0.873394495412844
"NUC_vs_CONTROL",3,4,4,8,400,"floor_sqrt_p",7,9,3,0.867889908256881
"NUC_vs_CONTROL",3,4,5,8,400,"floor_sqrt_p",2,8,2,0.829357798165138
"NUC_vs_CONTROL",3,4,5,8,400,"floor_sqrt_p",5,8,2,0.823853211009174
"NUC_vs_CONTROL",3,4,5,8,400,"floor_sqrt_p",7,8,2,0.829357798165138
"NUC_vs_CONTROL",3,4,1,9,400,"floor_sqrt_p",2,9,3,0.837294332723949
"NUC_vs_CONTROL",3,4,1,9,400,"floor_sqrt_p",5,9,3,0.844606946983547
"NUC_vs_CONTROL",3,4,1,9,400,"floor_sqrt_p",7,9,3,0.842778793418647
"NUC_vs_CONTROL",3,4,2,9,400,"floor_sqrt_p",2,9,3,0.862637362637363
"NUC_vs_CONTROL",3,4,2,9,400,"floor_sqrt_p",5,9,3,0.857142857142857
"NUC_vs_CONTROL",3,4,2,9,400,"floor_sqrt_p",7,9,3,0.868131868131868
"NUC_vs_CONTROL",3,4,3,9,400,"floor_sqrt_p",2,9,3,0.857142857142857
"NUC_vs_CONTROL",3,4,3,9,400,"floor_sqrt_p",5,9,3,0.84981684981685
"NUC_vs_CONTROL",3,4,3,9,400,"floor_sqrt_p",7,9,3,0.84981684981685
"NUC_vs_CONTROL",3,4,4,9,400,"floor_sqrt_p",2,10,3,0.877064220183486
"NUC_vs_CONTROL",3,4,4,9,400,"floor_sqrt_p",5,10,3,0.871559633027523
"NUC_vs_CONTROL",3,4,4,9,400,"floor_sqrt_p",7,10,3,0.864220183486239
"NUC_vs_CONTROL",3,4,5,9,400,"floor_sqrt_p",2,9,3,0.829357798165138
"NUC_vs_CONTROL",3,4,5,9,400,"floor_sqrt_p",5,9,3,0.834862385321101
"NUC_vs_CONTROL",3,4,5,9,400,"floor_sqrt_p",7,9,3,0.83302752293578
"NUC_vs_CONTROL",3,4,1,10,400,"floor_sqrt_p",2,10,3,0.859232175502742
"NUC_vs_CONTROL",3,4,1,10,400,"floor_sqrt_p",5,10,3,0.855575868372943
"NUC_vs_CONTROL",3,4,1,10,400,"floor_sqrt_p",7,10,3,0.862888482632541
"NUC_vs_CONTROL",3,4,2,10,400,"floor_sqrt_p",2,10,3,0.842490842490842
"NUC_vs_CONTROL",3,4,2,10,400,"floor_sqrt_p",5,10,3,0.84981684981685
"NUC_vs_CONTROL",3,4,2,10,400,"floor_sqrt_p",7,10,3,0.84981684981685
"NUC_vs_CONTROL",3,4,3,10,400,"floor_sqrt_p",2,10,3,0.86996336996337
"NUC_vs_CONTROL",3,4,3,10,400,"floor_sqrt_p",5,10,3,0.864468864468865
"NUC_vs_CONTROL",3,4,3,10,400,"floor_sqrt_p",7,10,3,0.858974358974359
"NUC_vs_CONTROL",3,4,4,10,400,"floor_sqrt_p",2,10,3,0.856880733944954
"NUC_vs_CONTROL",3,4,4,10,400,"floor_sqrt_p",5,10,3,0.858715596330275
"NUC_vs_CONTROL",3,4,4,10,400,"floor_sqrt_p",7,10,3,0.860550458715596
"NUC_vs_CONTROL",3,4,5,10,400,"floor_sqrt_p",2,10,3,0.836697247706422
"NUC_vs_CONTROL",3,4,5,10,400,"floor_sqrt_p",5,10,3,0.834862385321101
"NUC_vs_CONTROL",3,4,5,10,400,"floor_sqrt_p",7,10,3,0.842201834862385
"NUC_vs_CONTROL",3,4,1,11,400,"floor_sqrt_p",2,10,3,0.853747714808044
"NUC_vs_CONTROL",3,4,1,11,400,"floor_sqrt_p",5,10,3,0.853747714808044
"NUC_vs_CONTROL",3,4,1,11,400,"floor_sqrt_p",7,10,3,0.850091407678245
"NUC_vs_CONTROL",3,4,2,11,400,"floor_sqrt_p",2,11,3,0.858974358974359
"NUC_vs_CONTROL",3,4,2,11,400,"floor_sqrt_p",5,11,3,0.860805860805861
"NUC_vs_CONTROL",3,4,2,11,400,"floor_sqrt_p",7,11,3,0.862637362637363
"NUC_vs_CONTROL",3,4,3,11,400,"floor_sqrt_p",2,10,3,0.862637362637363
"NUC_vs_CONTROL",3,4,3,11,400,"floor_sqrt_p",5,10,3,0.860805860805861
"NUC_vs_CONTROL",3,4,3,11,400,"floor_sqrt_p",7,10,3,0.857142857142857
"NUC_vs_CONTROL",3,4,4,11,400,"floor_sqrt_p",2,11,3,0.86605504587156
"NUC_vs_CONTROL",3,4,4,11,400,"floor_sqrt_p",5,11,3,0.864220183486239
"NUC_vs_CONTROL",3,4,4,11,400,"floor_sqrt_p",7,11,3,0.869724770642202
"NUC_vs_CONTROL",3,4,5,11,400,"floor_sqrt_p",2,10,3,0.855045871559633
"NUC_vs_CONTROL",3,4,5,11,400,"floor_sqrt_p",5,10,3,0.84954128440367
"NUC_vs_CONTROL",3,4,5,11,400,"floor_sqrt_p",7,10,3,0.851376146788991
"NUC_vs_CONTROL",3,4,1,12,400,"floor_sqrt_p",2,11,3,0.859232175502742
"NUC_vs_CONTROL",3,4,1,12,400,"floor_sqrt_p",5,11,3,0.853747714808044
"NUC_vs_CONTROL",3,4,1,12,400,"floor_sqrt_p",7,11,3,0.861060329067642
"NUC_vs_CONTROL",3,4,2,12,400,"floor_sqrt_p",2,11,3,0.851648351648352
"NUC_vs_CONTROL",3,4,2,12,400,"floor_sqrt_p",5,11,3,0.844322344322344
"NUC_vs_CONTROL",3,4,2,12,400,"floor_sqrt_p",7,11,3,0.846153846153846
"NUC_vs_CONTROL",3,4,3,12,400,"floor_sqrt_p",2,11,3,0.842490842490842
"NUC_vs_CONTROL",3,4,3,12,400,"floor_sqrt_p",5,11,3,0.842490842490842
"NUC_vs_CONTROL",3,4,3,12,400,"floor_sqrt_p",7,11,3,0.851648351648352
"NUC_vs_CONTROL",3,4,4,12,400,"floor_sqrt_p",2,12,3,0.860550458715596
"NUC_vs_CONTROL",3,4,4,12,400,"floor_sqrt_p",5,12,3,0.856880733944954
"NUC_vs_CONTROL",3,4,4,12,400,"floor_sqrt_p",7,12,3,0.86605504587156
"NUC_vs_CONTROL",3,4,5,12,400,"floor_sqrt_p",2,11,3,0.842201834862385
"NUC_vs_CONTROL",3,4,5,12,400,"floor_sqrt_p",5,11,3,0.840366972477064
"NUC_vs_CONTROL",3,4,5,12,400,"floor_sqrt_p",7,11,3,0.836697247706422
"NUC_vs_CONTROL",3,4,1,13,400,"floor_sqrt_p",2,11,3,0.851919561243144
"NUC_vs_CONTROL",3,4,1,13,400,"floor_sqrt_p",5,11,3,0.853747714808044
"NUC_vs_CONTROL",3,4,1,13,400,"floor_sqrt_p",7,11,3,0.859232175502742
"NUC_vs_CONTROL",3,4,2,13,400,"floor_sqrt_p",2,12,3,0.842490842490842
"NUC_vs_CONTROL",3,4,2,13,400,"floor_sqrt_p",5,12,3,0.842490842490842
"NUC_vs_CONTROL",3,4,2,13,400,"floor_sqrt_p",7,12,3,0.835164835164835
"NUC_vs_CONTROL",3,4,3,13,400,"floor_sqrt_p",2,12,3,0.846153846153846
"NUC_vs_CONTROL",3,4,3,13,400,"floor_sqrt_p",5,12,3,0.842490842490842
"NUC_vs_CONTROL",3,4,3,13,400,"floor_sqrt_p",7,12,3,0.846153846153846
"NUC_vs_CONTROL",3,4,4,13,400,"floor_sqrt_p",2,12,3,0.84954128440367
"NUC_vs_CONTROL",3,4,4,13,400,"floor_sqrt_p",5,12,3,0.84954128440367
"NUC_vs_CONTROL",3,4,4,13,400,"floor_sqrt_p",7,12,3,0.851376146788991
"NUC_vs_CONTROL",3,4,5,13,400,"floor_sqrt_p",2,11,3,0.845871559633028
"NUC_vs_CONTROL",3,4,5,13,400,"floor_sqrt_p",5,11,3,0.847706422018349
"NUC_vs_CONTROL",3,4,5,13,400,"floor_sqrt_p",7,11,3,0.84954128440367
"NUC_vs_CONTROL",3,4,1,14,400,"floor_sqrt_p",2,12,3,0.848263254113345
"NUC_vs_CONTROL",3,4,1,14,400,"floor_sqrt_p",5,12,3,0.848263254113345
"NUC_vs_CONTROL",3,4,1,14,400,"floor_sqrt_p",7,12,3,0.844606946983547
"NUC_vs_CONTROL",3,4,2,14,400,"floor_sqrt_p",2,12,3,0.873626373626374
"NUC_vs_CONTROL",3,4,2,14,400,"floor_sqrt_p",5,12,3,0.860805860805861
"NUC_vs_CONTROL",3,4,2,14,400,"floor_sqrt_p",7,12,3,0.868131868131868
"NUC_vs_CONTROL",3,4,3,14,400,"floor_sqrt_p",2,12,3,0.866300366300366
"NUC_vs_CONTROL",3,4,3,14,400,"floor_sqrt_p",5,12,3,0.858974358974359
"NUC_vs_CONTROL",3,4,3,14,400,"floor_sqrt_p",7,12,3,0.862637362637363
"NUC_vs_CONTROL",3,4,4,14,400,"floor_sqrt_p",2,13,3,0.867889908256881
"NUC_vs_CONTROL",3,4,4,14,400,"floor_sqrt_p",5,13,3,0.867889908256881
"NUC_vs_CONTROL",3,4,4,14,400,"floor_sqrt_p",7,13,3,0.86605504587156
"NUC_vs_CONTROL",3,4,5,14,400,"floor_sqrt_p",2,12,3,0.840366972477064
"NUC_vs_CONTROL",3,4,5,14,400,"floor_sqrt_p",5,12,3,0.840366972477064
"NUC_vs_CONTROL",3,4,5,14,400,"floor_sqrt_p",7,12,3,0.838532110091743
"NUC_vs_CONTROL",3,4,1,15,400,"floor_sqrt_p",2,12,3,0.844606946983547
"NUC_vs_CONTROL",3,4,1,15,400,"floor_sqrt_p",5,12,3,0.848263254113345
"NUC_vs_CONTROL",3,4,1,15,400,"floor_sqrt_p",7,12,3,0.839122486288848
"NUC_vs_CONTROL",3,4,2,15,400,"floor_sqrt_p",2,13,3,0.847985347985348
"NUC_vs_CONTROL",3,4,2,15,400,"floor_sqrt_p",5,13,3,0.842490842490842
"NUC_vs_CONTROL",3,4,2,15,400,"floor_sqrt_p",7,13,3,0.846153846153846
"NUC_vs_CONTROL",3,4,3,15,400,"floor_sqrt_p",2,13,3,0.858974358974359
"NUC_vs_CONTROL",3,4,3,15,400,"floor_sqrt_p",5,13,3,0.857142857142857
"NUC_vs_CONTROL",3,4,3,15,400,"floor_sqrt_p",7,13,3,0.847985347985348
"NUC_vs_CONTROL",3,4,4,15,400,"floor_sqrt_p",2,14,3,0.871559633027523
"NUC_vs_CONTROL",3,4,4,15,400,"floor_sqrt_p",5,14,3,0.86605504587156
"NUC_vs_CONTROL",3,4,4,15,400,"floor_sqrt_p",7,14,3,0.86605504587156
"NUC_vs_CONTROL",3,4,5,15,400,"floor_sqrt_p",2,12,3,0.838532110091743
"NUC_vs_CONTROL",3,4,5,15,400,"floor_sqrt_p",5,12,3,0.834862385321101
"NUC_vs_CONTROL",3,4,5,15,400,"floor_sqrt_p",7,12,3,0.831192660550459
"NUC_vs_CONTROL",3,4,1,16,400,"floor_sqrt_p",2,13,3,0.819012797074954
"NUC_vs_CONTROL",3,4,1,16,400,"floor_sqrt_p",5,13,3,0.820840950639854
"NUC_vs_CONTROL",3,4,1,16,400,"floor_sqrt_p",7,13,3,0.819012797074954
"NUC_vs_CONTROL",3,4,2,16,400,"floor_sqrt_p",2,14,3,0.860805860805861
"NUC_vs_CONTROL",3,4,2,16,400,"floor_sqrt_p",5,14,3,0.847985347985348
"NUC_vs_CONTROL",3,4,2,16,400,"floor_sqrt_p",7,14,3,0.858974358974359
"NUC_vs_CONTROL",3,4,3,16,400,"floor_sqrt_p",2,13,3,0.857142857142857
"NUC_vs_CONTROL",3,4,3,16,400,"floor_sqrt_p",5,13,3,0.84981684981685
"NUC_vs_CONTROL",3,4,3,16,400,"floor_sqrt_p",7,13,3,0.858974358974359
"NUC_vs_CONTROL",3,4,4,16,400,"floor_sqrt_p",2,14,3,0.86605504587156
"NUC_vs_CONTROL",3,4,4,16,400,"floor_sqrt_p",5,14,3,0.855045871559633
"NUC_vs_CONTROL",3,4,4,16,400,"floor_sqrt_p",7,14,3,0.86605504587156
"NUC_vs_CONTROL",3,4,5,16,400,"floor_sqrt_p",2,13,3,0.829357798165138
"NUC_vs_CONTROL",3,4,5,16,400,"floor_sqrt_p",5,13,3,0.840366972477064
"NUC_vs_CONTROL",3,4,5,16,400,"floor_sqrt_p",7,13,3,0.845871559633028
"NUC_vs_CONTROL",3,4,1,17,400,"floor_sqrt_p",2,14,3,0.842778793418647
"NUC_vs_CONTROL",3,4,1,17,400,"floor_sqrt_p",5,14,3,0.840950639853748
"NUC_vs_CONTROL",3,4,1,17,400,"floor_sqrt_p",7,14,3,0.837294332723949
"NUC_vs_CONTROL",3,4,2,17,400,"floor_sqrt_p",2,14,3,0.868131868131868
"NUC_vs_CONTROL",3,4,2,17,400,"floor_sqrt_p",5,14,3,0.866300366300366
"NUC_vs_CONTROL",3,4,2,17,400,"floor_sqrt_p",7,14,3,0.86996336996337
"NUC_vs_CONTROL",3,4,3,17,400,"floor_sqrt_p",2,14,3,0.862637362637363
"NUC_vs_CONTROL",3,4,3,17,400,"floor_sqrt_p",5,14,3,0.853479853479853
"NUC_vs_CONTROL",3,4,3,17,400,"floor_sqrt_p",7,14,3,0.857142857142857
"NUC_vs_CONTROL",3,4,4,17,400,"floor_sqrt_p",2,15,3,0.860550458715596
"NUC_vs_CONTROL",3,4,4,17,400,"floor_sqrt_p",5,15,3,0.855045871559633
"NUC_vs_CONTROL",3,4,4,17,400,"floor_sqrt_p",7,15,3,0.855045871559633
"NUC_vs_CONTROL",3,4,5,17,400,"floor_sqrt_p",2,14,3,0.855045871559633
"NUC_vs_CONTROL",3,4,5,17,400,"floor_sqrt_p",5,14,3,0.84954128440367
"NUC_vs_CONTROL",3,4,5,17,400,"floor_sqrt_p",7,14,3,0.844036697247706
"NUC_vs_CONTROL",3,4,1,18,400,"floor_sqrt_p",2,14,3,0.859232175502742
"NUC_vs_CONTROL",3,4,1,18,400,"floor_sqrt_p",5,14,3,0.853747714808044
"NUC_vs_CONTROL",3,4,1,18,400,"floor_sqrt_p",7,14,3,0.86471663619744
"NUC_vs_CONTROL",3,4,2,18,400,"floor_sqrt_p",2,15,3,0.868131868131868
"NUC_vs_CONTROL",3,4,2,18,400,"floor_sqrt_p",5,15,3,0.858974358974359
"NUC_vs_CONTROL",3,4,2,18,400,"floor_sqrt_p",7,15,3,0.860805860805861
"NUC_vs_CONTROL",3,4,3,18,400,"floor_sqrt_p",2,14,3,0.866300366300366
"NUC_vs_CONTROL",3,4,3,18,400,"floor_sqrt_p",5,14,3,0.862637362637363
"NUC_vs_CONTROL",3,4,3,18,400,"floor_sqrt_p",7,14,3,0.864468864468865
"NUC_vs_CONTROL",3,4,4,18,400,"floor_sqrt_p",2,15,3,0.855045871559633
"NUC_vs_CONTROL",3,4,4,18,400,"floor_sqrt_p",5,15,3,0.853211009174312
"NUC_vs_CONTROL",3,4,4,18,400,"floor_sqrt_p",7,15,3,0.858715596330275
"NUC_vs_CONTROL",3,4,5,18,400,"floor_sqrt_p",2,14,3,0.836697247706422
"NUC_vs_CONTROL",3,4,5,18,400,"floor_sqrt_p",5,14,3,0.838532110091743
"NUC_vs_CONTROL",3,4,5,18,400,"floor_sqrt_p",7,14,3,0.844036697247706
"NUC_vs_CONTROL",3,4,1,19,400,"floor_sqrt_p",2,15,3,0.850091407678245
"NUC_vs_CONTROL",3,4,1,19,400,"floor_sqrt_p",5,15,3,0.848263254113345
"NUC_vs_CONTROL",3,4,1,19,400,"floor_sqrt_p",7,15,3,0.851919561243144
"NUC_vs_CONTROL",3,4,2,19,400,"floor_sqrt_p",2,15,3,0.868131868131868
"NUC_vs_CONTROL",3,4,2,19,400,"floor_sqrt_p",5,15,3,0.862637362637363
"NUC_vs_CONTROL",3,4,2,19,400,"floor_sqrt_p",7,15,3,0.868131868131868
"NUC_vs_CONTROL",3,4,3,19,400,"floor_sqrt_p",2,15,3,0.873626373626374
"NUC_vs_CONTROL",3,4,3,19,400,"floor_sqrt_p",5,15,3,0.875457875457875
"NUC_vs_CONTROL",3,4,3,19,400,"floor_sqrt_p",7,15,3,0.871794871794872
"NUC_vs_CONTROL",3,4,4,19,400,"floor_sqrt_p",2,16,4,0.84954128440367
"NUC_vs_CONTROL",3,4,4,19,400,"floor_sqrt_p",5,16,4,0.851376146788991
"NUC_vs_CONTROL",3,4,4,19,400,"floor_sqrt_p",7,16,4,0.851376146788991
"NUC_vs_CONTROL",3,4,5,19,400,"floor_sqrt_p",2,15,3,0.847706422018349
"NUC_vs_CONTROL",3,4,5,19,400,"floor_sqrt_p",5,15,3,0.838532110091743
"NUC_vs_CONTROL",3,4,5,19,400,"floor_sqrt_p",7,15,3,0.845871559633028
"NUC_vs_CONTROL",3,4,1,20,400,"floor_sqrt_p",2,15,3,0.850091407678245
"NUC_vs_CONTROL",3,4,1,20,400,"floor_sqrt_p",5,15,3,0.848263254113345
"NUC_vs_CONTROL",3,4,1,20,400,"floor_sqrt_p",7,15,3,0.848263254113345
"NUC_vs_CONTROL",3,4,2,20,400,"floor_sqrt_p",2,16,4,0.873626373626374
"NUC_vs_CONTROL",3,4,2,20,400,"floor_sqrt_p",5,16,4,0.875457875457875
"NUC_vs_CONTROL",3,4,2,20,400,"floor_sqrt_p",7,16,4,0.866300366300366
"NUC_vs_CONTROL",3,4,3,20,400,"floor_sqrt_p",2,15,3,0.860805860805861
"NUC_vs_CONTROL",3,4,3,20,400,"floor_sqrt_p",5,15,3,0.864468864468865
"NUC_vs_CONTROL",3,4,3,20,400,"floor_sqrt_p",7,15,3,0.860805860805861
"NUC_vs_CONTROL",3,4,4,20,400,"floor_sqrt_p",2,16,4,0.860550458715596
"NUC_vs_CONTROL",3,4,4,20,400,"floor_sqrt_p",5,16,4,0.858715596330275
"NUC_vs_CONTROL",3,4,4,20,400,"floor_sqrt_p",7,16,4,0.860550458715596
"NUC_vs_CONTROL",3,4,5,20,400,"floor_sqrt_p",2,15,3,0.838532110091743
"NUC_vs_CONTROL",3,4,5,20,400,"floor_sqrt_p",5,15,3,0.836697247706422
"NUC_vs_CONTROL",3,4,5,20,400,"floor_sqrt_p",7,15,3,0.844036697247706
"NUC_vs_CONTROL",3,5,1,6,400,"floor_sqrt_p",2,6,2,0.811700182815356
"NUC_vs_CONTROL",3,5,1,6,400,"floor_sqrt_p",5,6,2,0.809872029250457
"NUC_vs_CONTROL",3,5,1,6,400,"floor_sqrt_p",7,6,2,0.79890310786106
"NUC_vs_CONTROL",3,5,2,6,400,"floor_sqrt_p",2,6,2,0.80952380952381
"NUC_vs_CONTROL",3,5,2,6,400,"floor_sqrt_p",5,6,2,0.813186813186813
"NUC_vs_CONTROL",3,5,2,6,400,"floor_sqrt_p",7,6,2,0.818681318681319
"NUC_vs_CONTROL",3,5,3,6,400,"floor_sqrt_p",2,6,2,0.827838827838828
"NUC_vs_CONTROL",3,5,3,6,400,"floor_sqrt_p",5,6,2,0.813186813186813
"NUC_vs_CONTROL",3,5,3,6,400,"floor_sqrt_p",7,6,2,0.818681318681319
"NUC_vs_CONTROL",3,5,4,6,400,"floor_sqrt_p",2,6,2,0.81651376146789
"NUC_vs_CONTROL",3,5,4,6,400,"floor_sqrt_p",5,6,2,0.820183486238532
"NUC_vs_CONTROL",3,5,4,6,400,"floor_sqrt_p",7,6,2,0.820183486238532
"NUC_vs_CONTROL",3,5,5,6,400,"floor_sqrt_p",2,6,2,0.818348623853211
"NUC_vs_CONTROL",3,5,5,6,400,"floor_sqrt_p",5,6,2,0.818348623853211
"NUC_vs_CONTROL",3,5,5,6,400,"floor_sqrt_p",7,6,2,0.81651376146789
"NUC_vs_CONTROL",3,5,1,7,400,"floor_sqrt_p",2,7,2,0.819012797074954
"NUC_vs_CONTROL",3,5,1,7,400,"floor_sqrt_p",5,7,2,0.815356489945155
"NUC_vs_CONTROL",3,5,1,7,400,"floor_sqrt_p",7,7,2,0.819012797074954
"NUC_vs_CONTROL",3,5,2,7,400,"floor_sqrt_p",2,7,2,0.826007326007326
"NUC_vs_CONTROL",3,5,2,7,400,"floor_sqrt_p",5,7,2,0.831501831501832
"NUC_vs_CONTROL",3,5,2,7,400,"floor_sqrt_p",7,7,2,0.833333333333333
"NUC_vs_CONTROL",3,5,3,7,400,"floor_sqrt_p",2,7,2,0.842490842490842
"NUC_vs_CONTROL",3,5,3,7,400,"floor_sqrt_p",5,7,2,0.831501831501832
"NUC_vs_CONTROL",3,5,3,7,400,"floor_sqrt_p",7,7,2,0.835164835164835
"NUC_vs_CONTROL",3,5,4,7,400,"floor_sqrt_p",2,7,2,0.834862385321101
"NUC_vs_CONTROL",3,5,4,7,400,"floor_sqrt_p",5,7,2,0.829357798165138
"NUC_vs_CONTROL",3,5,4,7,400,"floor_sqrt_p",7,7,2,0.829357798165138
"NUC_vs_CONTROL",3,5,5,7,400,"floor_sqrt_p",2,7,2,0.818348623853211
"NUC_vs_CONTROL",3,5,5,7,400,"floor_sqrt_p",5,7,2,0.822018348623853
"NUC_vs_CONTROL",3,5,5,7,400,"floor_sqrt_p",7,7,2,0.81651376146789
"NUC_vs_CONTROL",3,5,1,8,400,"floor_sqrt_p",2,8,2,0.846435100548446
"NUC_vs_CONTROL",3,5,1,8,400,"floor_sqrt_p",5,8,2,0.846435100548446
"NUC_vs_CONTROL",3,5,1,8,400,"floor_sqrt_p",7,8,2,0.844606946983547
"NUC_vs_CONTROL",3,5,2,8,400,"floor_sqrt_p",2,8,2,0.836996336996337
"NUC_vs_CONTROL",3,5,2,8,400,"floor_sqrt_p",5,8,2,0.833333333333333
"NUC_vs_CONTROL",3,5,2,8,400,"floor_sqrt_p",7,8,2,0.838827838827839
"NUC_vs_CONTROL",3,5,3,8,400,"floor_sqrt_p",2,8,2,0.840659340659341
"NUC_vs_CONTROL",3,5,3,8,400,"floor_sqrt_p",5,8,2,0.838827838827839
"NUC_vs_CONTROL",3,5,3,8,400,"floor_sqrt_p",7,8,2,0.836996336996337
"NUC_vs_CONTROL",3,5,4,8,400,"floor_sqrt_p",2,8,2,0.851376146788991
"NUC_vs_CONTROL",3,5,4,8,400,"floor_sqrt_p",5,8,2,0.838532110091743
"NUC_vs_CONTROL",3,5,4,8,400,"floor_sqrt_p",7,8,2,0.858715596330275
"NUC_vs_CONTROL",3,5,5,8,400,"floor_sqrt_p",2,8,2,0.842201834862385
"NUC_vs_CONTROL",3,5,5,8,400,"floor_sqrt_p",5,8,2,0.845871559633028
"NUC_vs_CONTROL",3,5,5,8,400,"floor_sqrt_p",7,8,2,0.838532110091743
"NUC_vs_CONTROL",3,5,1,9,400,"floor_sqrt_p",2,9,3,0.850091407678245
"NUC_vs_CONTROL",3,5,1,9,400,"floor_sqrt_p",5,9,3,0.859232175502742
"NUC_vs_CONTROL",3,5,1,9,400,"floor_sqrt_p",7,9,3,0.853747714808044
"NUC_vs_CONTROL",3,5,2,9,400,"floor_sqrt_p",2,9,3,0.831501831501832
"NUC_vs_CONTROL",3,5,2,9,400,"floor_sqrt_p",5,9,3,0.826007326007326
"NUC_vs_CONTROL",3,5,2,9,400,"floor_sqrt_p",7,9,3,0.827838827838828
"NUC_vs_CONTROL",3,5,3,9,400,"floor_sqrt_p",2,9,3,0.833333333333333
"NUC_vs_CONTROL",3,5,3,9,400,"floor_sqrt_p",5,9,3,0.833333333333333
"NUC_vs_CONTROL",3,5,3,9,400,"floor_sqrt_p",7,9,3,0.836996336996337
"NUC_vs_CONTROL",3,5,4,9,400,"floor_sqrt_p",2,9,3,0.853211009174312
"NUC_vs_CONTROL",3,5,4,9,400,"floor_sqrt_p",5,9,3,0.851376146788991
"NUC_vs_CONTROL",3,5,4,9,400,"floor_sqrt_p",7,9,3,0.851376146788991
"NUC_vs_CONTROL",3,5,5,9,400,"floor_sqrt_p",2,9,3,0.845871559633028
"NUC_vs_CONTROL",3,5,5,9,400,"floor_sqrt_p",5,9,3,0.842201834862385
"NUC_vs_CONTROL",3,5,5,9,400,"floor_sqrt_p",7,9,3,0.845871559633028
"NUC_vs_CONTROL",3,5,1,10,400,"floor_sqrt_p",2,10,3,0.850091407678245
"NUC_vs_CONTROL",3,5,1,10,400,"floor_sqrt_p",5,10,3,0.857404021937843
"NUC_vs_CONTROL",3,5,1,10,400,"floor_sqrt_p",7,10,3,0.853747714808044
"NUC_vs_CONTROL",3,5,2,10,400,"floor_sqrt_p",2,10,3,0.835164835164835
"NUC_vs_CONTROL",3,5,2,10,400,"floor_sqrt_p",5,10,3,0.827838827838828
"NUC_vs_CONTROL",3,5,2,10,400,"floor_sqrt_p",7,10,3,0.82967032967033
"NUC_vs_CONTROL",3,5,3,10,400,"floor_sqrt_p",2,9,3,0.835164835164835
"NUC_vs_CONTROL",3,5,3,10,400,"floor_sqrt_p",5,9,3,0.831501831501832
"NUC_vs_CONTROL",3,5,3,10,400,"floor_sqrt_p",7,9,3,0.833333333333333
"NUC_vs_CONTROL",3,5,4,10,400,"floor_sqrt_p",2,10,3,0.860550458715596
"NUC_vs_CONTROL",3,5,4,10,400,"floor_sqrt_p",5,10,3,0.856880733944954
"NUC_vs_CONTROL",3,5,4,10,400,"floor_sqrt_p",7,10,3,0.855045871559633
"NUC_vs_CONTROL",3,5,5,10,400,"floor_sqrt_p",2,10,3,0.853211009174312
"NUC_vs_CONTROL",3,5,5,10,400,"floor_sqrt_p",5,10,3,0.847706422018349
"NUC_vs_CONTROL",3,5,5,10,400,"floor_sqrt_p",7,10,3,0.84954128440367
"NUC_vs_CONTROL",3,5,1,11,400,"floor_sqrt_p",2,10,3,0.872029250457038
"NUC_vs_CONTROL",3,5,1,11,400,"floor_sqrt_p",5,10,3,0.870201096892139
"NUC_vs_CONTROL",3,5,1,11,400,"floor_sqrt_p",7,10,3,0.873857404021938
"NUC_vs_CONTROL",3,5,2,11,400,"floor_sqrt_p",2,10,3,0.835164835164835
"NUC_vs_CONTROL",3,5,2,11,400,"floor_sqrt_p",5,10,3,0.836996336996337
"NUC_vs_CONTROL",3,5,2,11,400,"floor_sqrt_p",7,10,3,0.831501831501832
"NUC_vs_CONTROL",3,5,3,11,400,"floor_sqrt_p",2,10,3,0.838827838827839
"NUC_vs_CONTROL",3,5,3,11,400,"floor_sqrt_p",5,10,3,0.842490842490842
"NUC_vs_CONTROL",3,5,3,11,400,"floor_sqrt_p",7,10,3,0.846153846153846
"NUC_vs_CONTROL",3,5,4,11,400,"floor_sqrt_p",2,11,3,0.845871559633028
"NUC_vs_CONTROL",3,5,4,11,400,"floor_sqrt_p",5,11,3,0.838532110091743
"NUC_vs_CONTROL",3,5,4,11,400,"floor_sqrt_p",7,11,3,0.847706422018349
"NUC_vs_CONTROL",3,5,5,11,400,"floor_sqrt_p",2,10,3,0.847706422018349
"NUC_vs_CONTROL",3,5,5,11,400,"floor_sqrt_p",5,10,3,0.845871559633028
"NUC_vs_CONTROL",3,5,5,11,400,"floor_sqrt_p",7,10,3,0.851376146788991
"NUC_vs_CONTROL",3,5,1,12,400,"floor_sqrt_p",2,11,3,0.857404021937843
"NUC_vs_CONTROL",3,5,1,12,400,"floor_sqrt_p",5,11,3,0.853747714808044
"NUC_vs_CONTROL",3,5,1,12,400,"floor_sqrt_p",7,11,3,0.844606946983547
"NUC_vs_CONTROL",3,5,2,12,400,"floor_sqrt_p",2,11,3,0.82051282051282
"NUC_vs_CONTROL",3,5,2,12,400,"floor_sqrt_p",5,11,3,0.822344322344322
"NUC_vs_CONTROL",3,5,2,12,400,"floor_sqrt_p",7,11,3,0.822344322344322
"NUC_vs_CONTROL",3,5,3,12,400,"floor_sqrt_p",2,11,3,0.835164835164835
"NUC_vs_CONTROL",3,5,3,12,400,"floor_sqrt_p",5,11,3,0.844322344322344
"NUC_vs_CONTROL",3,5,3,12,400,"floor_sqrt_p",7,11,3,0.833333333333333
"NUC_vs_CONTROL",3,5,4,12,400,"floor_sqrt_p",2,11,3,0.860550458715596
"NUC_vs_CONTROL",3,5,4,12,400,"floor_sqrt_p",5,11,3,0.856880733944954
"NUC_vs_CONTROL",3,5,4,12,400,"floor_sqrt_p",7,11,3,0.858715596330275
"NUC_vs_CONTROL",3,5,5,12,400,"floor_sqrt_p",2,11,3,0.851376146788991
"NUC_vs_CONTROL",3,5,5,12,400,"floor_sqrt_p",5,11,3,0.847706422018349
"NUC_vs_CONTROL",3,5,5,12,400,"floor_sqrt_p",7,11,3,0.845871559633028
"NUC_vs_CONTROL",3,5,1,13,400,"floor_sqrt_p",2,12,3,0.853747714808044
"NUC_vs_CONTROL",3,5,1,13,400,"floor_sqrt_p",5,12,3,0.855575868372943
"NUC_vs_CONTROL",3,5,1,13,400,"floor_sqrt_p",7,12,3,0.850091407678245
"NUC_vs_CONTROL",3,5,2,13,400,"floor_sqrt_p",2,11,3,0.826007326007326
"NUC_vs_CONTROL",3,5,2,13,400,"floor_sqrt_p",5,11,3,0.82967032967033
"NUC_vs_CONTROL",3,5,2,13,400,"floor_sqrt_p",7,11,3,0.822344322344322
"NUC_vs_CONTROL",3,5,3,13,400,"floor_sqrt_p",2,11,3,0.824175824175824
"NUC_vs_CONTROL",3,5,3,13,400,"floor_sqrt_p",5,11,3,0.816849816849817
"NUC_vs_CONTROL",3,5,3,13,400,"floor_sqrt_p",7,11,3,0.824175824175824
"NUC_vs_CONTROL",3,5,4,13,400,"floor_sqrt_p",2,12,3,0.847706422018349
"NUC_vs_CONTROL",3,5,4,13,400,"floor_sqrt_p",5,12,3,0.847706422018349
"NUC_vs_CONTROL",3,5,4,13,400,"floor_sqrt_p",7,12,3,0.847706422018349
"NUC_vs_CONTROL",3,5,5,13,400,"floor_sqrt_p",2,11,3,0.853211009174312
"NUC_vs_CONTROL",3,5,5,13,400,"floor_sqrt_p",5,11,3,0.851376146788991
"NUC_vs_CONTROL",3,5,5,13,400,"floor_sqrt_p",7,11,3,0.853211009174312
"NUC_vs_CONTROL",3,5,1,14,400,"floor_sqrt_p",2,12,3,0.857404021937843
"NUC_vs_CONTROL",3,5,1,14,400,"floor_sqrt_p",5,12,3,0.859232175502742
"NUC_vs_CONTROL",3,5,1,14,400,"floor_sqrt_p",7,12,3,0.850091407678245
"NUC_vs_CONTROL",3,5,2,14,400,"floor_sqrt_p",2,12,3,0.855311355311355
"NUC_vs_CONTROL",3,5,2,14,400,"floor_sqrt_p",5,12,3,0.846153846153846
"NUC_vs_CONTROL",3,5,2,14,400,"floor_sqrt_p",7,12,3,0.842490842490842
"NUC_vs_CONTROL",3,5,3,14,400,"floor_sqrt_p",2,12,3,0.824175824175824
"NUC_vs_CONTROL",3,5,3,14,400,"floor_sqrt_p",5,12,3,0.833333333333333
"NUC_vs_CONTROL",3,5,3,14,400,"floor_sqrt_p",7,12,3,0.833333333333333
"NUC_vs_CONTROL",3,5,4,14,400,"floor_sqrt_p",2,12,3,0.844036697247706
"NUC_vs_CONTROL",3,5,4,14,400,"floor_sqrt_p",5,12,3,0.851376146788991
"NUC_vs_CONTROL",3,5,4,14,400,"floor_sqrt_p",7,12,3,0.845871559633028
"NUC_vs_CONTROL",3,5,5,14,400,"floor_sqrt_p",2,12,3,0.840366972477064
"NUC_vs_CONTROL",3,5,5,14,400,"floor_sqrt_p",5,12,3,0.840366972477064
"NUC_vs_CONTROL",3,5,5,14,400,"floor_sqrt_p",7,12,3,0.84954128440367
"NUC_vs_CONTROL",3,5,1,15,400,"floor_sqrt_p",2,13,3,0.851919561243144
"NUC_vs_CONTROL",3,5,1,15,400,"floor_sqrt_p",5,13,3,0.844606946983547
"NUC_vs_CONTROL",3,5,1,15,400,"floor_sqrt_p",7,13,3,0.851919561243144
"NUC_vs_CONTROL",3,5,2,15,400,"floor_sqrt_p",2,12,3,0.842490842490842
"NUC_vs_CONTROL",3,5,2,15,400,"floor_sqrt_p",5,12,3,0.840659340659341
"NUC_vs_CONTROL",3,5,2,15,400,"floor_sqrt_p",7,12,3,0.844322344322344
"NUC_vs_CONTROL",3,5,3,15,400,"floor_sqrt_p",2,12,3,0.844322344322344
"NUC_vs_CONTROL",3,5,3,15,400,"floor_sqrt_p",5,12,3,0.846153846153846
"NUC_vs_CONTROL",3,5,3,15,400,"floor_sqrt_p",7,12,3,0.840659340659341
"NUC_vs_CONTROL",3,5,4,15,400,"floor_sqrt_p",2,13,3,0.84954128440367
"NUC_vs_CONTROL",3,5,4,15,400,"floor_sqrt_p",5,13,3,0.845871559633028
"NUC_vs_CONTROL",3,5,4,15,400,"floor_sqrt_p",7,13,3,0.855045871559633
"NUC_vs_CONTROL",3,5,5,15,400,"floor_sqrt_p",2,12,3,0.845871559633028
"NUC_vs_CONTROL",3,5,5,15,400,"floor_sqrt_p",5,12,3,0.845871559633028
"NUC_vs_CONTROL",3,5,5,15,400,"floor_sqrt_p",7,12,3,0.847706422018349
"NUC_vs_CONTROL",3,5,1,16,400,"floor_sqrt_p",2,14,3,0.848263254113345
"NUC_vs_CONTROL",3,5,1,16,400,"floor_sqrt_p",5,14,3,0.846435100548446
"NUC_vs_CONTROL",3,5,1,16,400,"floor_sqrt_p",7,14,3,0.848263254113345
"NUC_vs_CONTROL",3,5,2,16,400,"floor_sqrt_p",2,13,3,0.857142857142857
"NUC_vs_CONTROL",3,5,2,16,400,"floor_sqrt_p",5,13,3,0.866300366300366
"NUC_vs_CONTROL",3,5,2,16,400,"floor_sqrt_p",7,13,3,0.864468864468865
"NUC_vs_CONTROL",3,5,3,16,400,"floor_sqrt_p",2,13,3,0.838827838827839
"NUC_vs_CONTROL",3,5,3,16,400,"floor_sqrt_p",5,13,3,0.831501831501832
"NUC_vs_CONTROL",3,5,3,16,400,"floor_sqrt_p",7,13,3,0.840659340659341
"NUC_vs_CONTROL",3,5,4,16,400,"floor_sqrt_p",2,14,3,0.84954128440367
"NUC_vs_CONTROL",3,5,4,16,400,"floor_sqrt_p",5,14,3,0.829357798165138
"NUC_vs_CONTROL",3,5,4,16,400,"floor_sqrt_p",7,14,3,0.842201834862385
"NUC_vs_CONTROL",3,5,5,16,400,"floor_sqrt_p",2,13,3,0.860550458715596
"NUC_vs_CONTROL",3,5,5,16,400,"floor_sqrt_p",5,13,3,0.860550458715596
"NUC_vs_CONTROL",3,5,5,16,400,"floor_sqrt_p",7,13,3,0.862385321100917
"NUC_vs_CONTROL",3,5,1,17,400,"floor_sqrt_p",2,14,3,0.846435100548446
"NUC_vs_CONTROL",3,5,1,17,400,"floor_sqrt_p",5,14,3,0.853747714808044
"NUC_vs_CONTROL",3,5,1,17,400,"floor_sqrt_p",7,14,3,0.855575868372943
"NUC_vs_CONTROL",3,5,2,17,400,"floor_sqrt_p",2,14,3,0.84981684981685
"NUC_vs_CONTROL",3,5,2,17,400,"floor_sqrt_p",5,14,3,0.855311355311355
"NUC_vs_CONTROL",3,5,2,17,400,"floor_sqrt_p",7,14,3,0.851648351648352
"NUC_vs_CONTROL",3,5,3,17,400,"floor_sqrt_p",2,14,3,0.842490842490842
"NUC_vs_CONTROL",3,5,3,17,400,"floor_sqrt_p",5,14,3,0.833333333333333
"NUC_vs_CONTROL",3,5,3,17,400,"floor_sqrt_p",7,14,3,0.82967032967033
"NUC_vs_CONTROL",3,5,4,17,400,"floor_sqrt_p",2,14,3,0.855045871559633
"NUC_vs_CONTROL",3,5,4,17,400,"floor_sqrt_p",5,14,3,0.860550458715596
"NUC_vs_CONTROL",3,5,4,17,400,"floor_sqrt_p",7,14,3,0.856880733944954
"NUC_vs_CONTROL",3,5,5,17,400,"floor_sqrt_p",2,14,3,0.869724770642202
"NUC_vs_CONTROL",3,5,5,17,400,"floor_sqrt_p",5,14,3,0.862385321100917
"NUC_vs_CONTROL",3,5,5,17,400,"floor_sqrt_p",7,14,3,0.864220183486239
"NUC_vs_CONTROL",3,5,1,18,400,"floor_sqrt_p",2,15,3,0.857404021937843
"NUC_vs_CONTROL",3,5,1,18,400,"floor_sqrt_p",5,15,3,0.86471663619744
"NUC_vs_CONTROL",3,5,1,18,400,"floor_sqrt_p",7,15,3,0.859232175502742
"NUC_vs_CONTROL",3,5,2,18,400,"floor_sqrt_p",2,14,3,0.866300366300366
"NUC_vs_CONTROL",3,5,2,18,400,"floor_sqrt_p",5,14,3,0.862637362637363
"NUC_vs_CONTROL",3,5,2,18,400,"floor_sqrt_p",7,14,3,0.860805860805861
"NUC_vs_CONTROL",3,5,3,18,400,"floor_sqrt_p",2,14,3,0.836996336996337
"NUC_vs_CONTROL",3,5,3,18,400,"floor_sqrt_p",5,14,3,0.844322344322344
"NUC_vs_CONTROL",3,5,3,18,400,"floor_sqrt_p",7,14,3,0.831501831501832
"NUC_vs_CONTROL",3,5,4,18,400,"floor_sqrt_p",2,15,3,0.856880733944954
"NUC_vs_CONTROL",3,5,4,18,400,"floor_sqrt_p",5,15,3,0.860550458715596
"NUC_vs_CONTROL",3,5,4,18,400,"floor_sqrt_p",7,15,3,0.853211009174312
"NUC_vs_CONTROL",3,5,5,18,400,"floor_sqrt_p",2,14,3,0.856880733944954
"NUC_vs_CONTROL",3,5,5,18,400,"floor_sqrt_p",5,14,3,0.851376146788991
"NUC_vs_CONTROL",3,5,5,18,400,"floor_sqrt_p",7,14,3,0.853211009174312
"NUC_vs_CONTROL",3,5,1,19,400,"floor_sqrt_p",2,15,3,0.850091407678245
"NUC_vs_CONTROL",3,5,1,19,400,"floor_sqrt_p",5,15,3,0.850091407678245
"NUC_vs_CONTROL",3,5,1,19,400,"floor_sqrt_p",7,15,3,0.848263254113345
"NUC_vs_CONTROL",3,5,2,19,400,"floor_sqrt_p",2,15,3,0.857142857142857
"NUC_vs_CONTROL",3,5,2,19,400,"floor_sqrt_p",5,15,3,0.847985347985348
"NUC_vs_CONTROL",3,5,2,19,400,"floor_sqrt_p",7,15,3,0.846153846153846
"NUC_vs_CONTROL",3,5,3,19,400,"floor_sqrt_p",2,15,3,0.851648351648352
"NUC_vs_CONTROL",3,5,3,19,400,"floor_sqrt_p",5,15,3,0.858974358974359
"NUC_vs_CONTROL",3,5,3,19,400,"floor_sqrt_p",7,15,3,0.840659340659341
"NUC_vs_CONTROL",3,5,4,19,400,"floor_sqrt_p",2,15,3,0.853211009174312
"NUC_vs_CONTROL",3,5,4,19,400,"floor_sqrt_p",5,15,3,0.845871559633028
"NUC_vs_CONTROL",3,5,4,19,400,"floor_sqrt_p",7,15,3,0.851376146788991
"NUC_vs_CONTROL",3,5,5,19,400,"floor_sqrt_p",2,15,3,0.851376146788991
"NUC_vs_CONTROL",3,5,5,19,400,"floor_sqrt_p",5,15,3,0.844036697247706
"NUC_vs_CONTROL",3,5,5,19,400,"floor_sqrt_p",7,15,3,0.853211009174312
"NUC_vs_CONTROL",3,5,1,20,400,"floor_sqrt_p",2,15,3,0.855575868372943
"NUC_vs_CONTROL",3,5,1,20,400,"floor_sqrt_p",5,15,3,0.848263254113345
"NUC_vs_CONTROL",3,5,1,20,400,"floor_sqrt_p",7,15,3,0.850091407678245
"NUC_vs_CONTROL",3,5,2,20,400,"floor_sqrt_p",2,15,3,0.855311355311355
"NUC_vs_CONTROL",3,5,2,20,400,"floor_sqrt_p",5,15,3,0.853479853479853
"NUC_vs_CONTROL",3,5,2,20,400,"floor_sqrt_p",7,15,3,0.862637362637363
"NUC_vs_CONTROL",3,5,3,20,400,"floor_sqrt_p",2,15,3,0.838827838827839
"NUC_vs_CONTROL",3,5,3,20,400,"floor_sqrt_p",5,15,3,0.838827838827839
"NUC_vs_CONTROL",3,5,3,20,400,"floor_sqrt_p",7,15,3,0.847985347985348
"NUC_vs_CONTROL",3,5,4,20,400,"floor_sqrt_p",2,16,4,0.851376146788991
"NUC_vs_CONTROL",3,5,4,20,400,"floor_sqrt_p",5,16,4,0.844036697247706
"NUC_vs_CONTROL",3,5,4,20,400,"floor_sqrt_p",7,16,4,0.860550458715596
"NUC_vs_CONTROL",3,5,5,20,400,"floor_sqrt_p",2,15,3,0.853211009174312
"NUC_vs_CONTROL",3,5,5,20,400,"floor_sqrt_p",5,15,3,0.853211009174312
"NUC_vs_CONTROL",3,5,5,20,400,"floor_sqrt_p",7,15,3,0.84954128440367
"NUC_vs_CONTROL",4,1,1,6,400,"floor_sqrt_p",2,6,2,0.822344322344322
"NUC_vs_CONTROL",4,1,1,6,400,"floor_sqrt_p",5,6,2,0.827838827838828
"NUC_vs_CONTROL",4,1,1,6,400,"floor_sqrt_p",7,6,2,0.831501831501832
"NUC_vs_CONTROL",4,1,2,6,400,"floor_sqrt_p",2,6,2,0.846153846153846
"NUC_vs_CONTROL",4,1,2,6,400,"floor_sqrt_p",5,6,2,0.835164835164835
"NUC_vs_CONTROL",4,1,2,6,400,"floor_sqrt_p",7,6,2,0.836996336996337
"NUC_vs_CONTROL",4,1,3,6,400,"floor_sqrt_p",2,6,2,0.812844036697248
"NUC_vs_CONTROL",4,1,3,6,400,"floor_sqrt_p",5,6,2,0.805504587155963
"NUC_vs_CONTROL",4,1,3,6,400,"floor_sqrt_p",7,6,2,0.807339449541284
"NUC_vs_CONTROL",4,1,4,6,400,"floor_sqrt_p",2,6,2,0.823853211009174
"NUC_vs_CONTROL",4,1,4,6,400,"floor_sqrt_p",5,6,2,0.814678899082569
"NUC_vs_CONTROL",4,1,4,6,400,"floor_sqrt_p",7,6,2,0.820183486238532
"NUC_vs_CONTROL",4,1,5,6,400,"floor_sqrt_p",2,6,2,0.820183486238532
"NUC_vs_CONTROL",4,1,5,6,400,"floor_sqrt_p",5,6,2,0.825688073394495
"NUC_vs_CONTROL",4,1,5,6,400,"floor_sqrt_p",7,6,2,0.825688073394495
"NUC_vs_CONTROL",4,1,1,7,400,"floor_sqrt_p",2,7,2,0.835164835164835
"NUC_vs_CONTROL",4,1,1,7,400,"floor_sqrt_p",5,7,2,0.842490842490842
"NUC_vs_CONTROL",4,1,1,7,400,"floor_sqrt_p",7,7,2,0.844322344322344
"NUC_vs_CONTROL",4,1,2,7,400,"floor_sqrt_p",2,8,2,0.827838827838828
"NUC_vs_CONTROL",4,1,2,7,400,"floor_sqrt_p",5,8,2,0.82967032967033
"NUC_vs_CONTROL",4,1,2,7,400,"floor_sqrt_p",7,8,2,0.831501831501832
"NUC_vs_CONTROL",4,1,3,7,400,"floor_sqrt_p",2,7,2,0.822018348623853
"NUC_vs_CONTROL",4,1,3,7,400,"floor_sqrt_p",5,7,2,0.814678899082569
"NUC_vs_CONTROL",4,1,3,7,400,"floor_sqrt_p",7,7,2,0.811009174311927
"NUC_vs_CONTROL",4,1,4,7,400,"floor_sqrt_p",2,8,2,0.842201834862385
"NUC_vs_CONTROL",4,1,4,7,400,"floor_sqrt_p",5,8,2,0.838532110091743
"NUC_vs_CONTROL",4,1,4,7,400,"floor_sqrt_p",7,8,2,0.838532110091743
"NUC_vs_CONTROL",4,1,5,7,400,"floor_sqrt_p",2,7,2,0.81651376146789
"NUC_vs_CONTROL",4,1,5,7,400,"floor_sqrt_p",5,7,2,0.823853211009174
"NUC_vs_CONTROL",4,1,5,7,400,"floor_sqrt_p",7,7,2,0.822018348623853
"NUC_vs_CONTROL",4,1,1,8,400,"floor_sqrt_p",2,8,2,0.84981684981685
"NUC_vs_CONTROL",4,1,1,8,400,"floor_sqrt_p",5,8,2,0.853479853479853
"NUC_vs_CONTROL",4,1,1,8,400,"floor_sqrt_p",7,8,2,0.853479853479853
"NUC_vs_CONTROL",4,1,2,8,400,"floor_sqrt_p",2,9,3,0.844322344322344
"NUC_vs_CONTROL",4,1,2,8,400,"floor_sqrt_p",5,9,3,0.836996336996337
"NUC_vs_CONTROL",4,1,2,8,400,"floor_sqrt_p",7,9,3,0.836996336996337
"NUC_vs_CONTROL",4,1,3,8,400,"floor_sqrt_p",2,8,2,0.845871559633028
"NUC_vs_CONTROL",4,1,3,8,400,"floor_sqrt_p",5,8,2,0.845871559633028
"NUC_vs_CONTROL",4,1,3,8,400,"floor_sqrt_p",7,8,2,0.851376146788991
"NUC_vs_CONTROL",4,1,4,8,400,"floor_sqrt_p",2,9,3,0.829357798165138
"NUC_vs_CONTROL",4,1,4,8,400,"floor_sqrt_p",5,9,3,0.829357798165138
"NUC_vs_CONTROL",4,1,4,8,400,"floor_sqrt_p",7,9,3,0.83302752293578
"NUC_vs_CONTROL",4,1,5,8,400,"floor_sqrt_p",2,8,2,0.840366972477064
"NUC_vs_CONTROL",4,1,5,8,400,"floor_sqrt_p",5,8,2,0.840366972477064
"NUC_vs_CONTROL",4,1,5,8,400,"floor_sqrt_p",7,8,2,0.831192660550459
"NUC_vs_CONTROL",4,1,1,9,400,"floor_sqrt_p",2,9,3,0.84981684981685
"NUC_vs_CONTROL",4,1,1,9,400,"floor_sqrt_p",5,9,3,0.853479853479853
"NUC_vs_CONTROL",4,1,1,9,400,"floor_sqrt_p",7,9,3,0.853479853479853
"NUC_vs_CONTROL",4,1,2,9,400,"floor_sqrt_p",2,10,3,0.840659340659341
"NUC_vs_CONTROL",4,1,2,9,400,"floor_sqrt_p",5,10,3,0.835164835164835
"NUC_vs_CONTROL",4,1,2,9,400,"floor_sqrt_p",7,10,3,0.836996336996337
"NUC_vs_CONTROL",4,1,3,9,400,"floor_sqrt_p",2,9,3,0.860550458715596
"NUC_vs_CONTROL",4,1,3,9,400,"floor_sqrt_p",5,9,3,0.860550458715596
"NUC_vs_CONTROL",4,1,3,9,400,"floor_sqrt_p",7,9,3,0.858715596330275
"NUC_vs_CONTROL",4,1,4,9,400,"floor_sqrt_p",2,10,3,0.847706422018349
"NUC_vs_CONTROL",4,1,4,9,400,"floor_sqrt_p",5,10,3,0.84954128440367
"NUC_vs_CONTROL",4,1,4,9,400,"floor_sqrt_p",7,10,3,0.84954128440367
"NUC_vs_CONTROL",4,1,5,9,400,"floor_sqrt_p",2,9,3,0.829357798165138
"NUC_vs_CONTROL",4,1,5,9,400,"floor_sqrt_p",5,9,3,0.827522935779817
"NUC_vs_CONTROL",4,1,5,9,400,"floor_sqrt_p",7,9,3,0.831192660550459
"NUC_vs_CONTROL",4,1,1,10,400,"floor_sqrt_p",2,10,3,0.858974358974359
"NUC_vs_CONTROL",4,1,1,10,400,"floor_sqrt_p",5,10,3,0.847985347985348
"NUC_vs_CONTROL",4,1,1,10,400,"floor_sqrt_p",7,10,3,0.851648351648352
"NUC_vs_CONTROL",4,1,2,10,400,"floor_sqrt_p",2,10,3,0.84981684981685
"NUC_vs_CONTROL",4,1,2,10,400,"floor_sqrt_p",5,10,3,0.857142857142857
"NUC_vs_CONTROL",4,1,2,10,400,"floor_sqrt_p",7,10,3,0.853479853479853
"NUC_vs_CONTROL",4,1,3,10,400,"floor_sqrt_p",2,10,3,0.844036697247706
"NUC_vs_CONTROL",4,1,3,10,400,"floor_sqrt_p",5,10,3,0.844036697247706
"NUC_vs_CONTROL",4,1,3,10,400,"floor_sqrt_p",7,10,3,0.838532110091743
"NUC_vs_CONTROL",4,1,4,10,400,"floor_sqrt_p",2,10,3,0.840366972477064
"NUC_vs_CONTROL",4,1,4,10,400,"floor_sqrt_p",5,10,3,0.842201834862385
"NUC_vs_CONTROL",4,1,4,10,400,"floor_sqrt_p",7,10,3,0.840366972477064
"NUC_vs_CONTROL",4,1,5,10,400,"floor_sqrt_p",2,10,3,0.834862385321101
"NUC_vs_CONTROL",4,1,5,10,400,"floor_sqrt_p",5,10,3,0.827522935779817
"NUC_vs_CONTROL",4,1,5,10,400,"floor_sqrt_p",7,10,3,0.83302752293578
"NUC_vs_CONTROL",4,1,1,11,400,"floor_sqrt_p",2,11,3,0.855311355311355
"NUC_vs_CONTROL",4,1,1,11,400,"floor_sqrt_p",5,11,3,0.855311355311355
"NUC_vs_CONTROL",4,1,1,11,400,"floor_sqrt_p",7,11,3,0.846153846153846
"NUC_vs_CONTROL",4,1,2,11,400,"floor_sqrt_p",2,11,3,0.860805860805861
"NUC_vs_CONTROL",4,1,2,11,400,"floor_sqrt_p",5,11,3,0.844322344322344
"NUC_vs_CONTROL",4,1,2,11,400,"floor_sqrt_p",7,11,3,0.853479853479853
"NUC_vs_CONTROL",4,1,3,11,400,"floor_sqrt_p",2,10,3,0.862385321100917
"NUC_vs_CONTROL",4,1,3,11,400,"floor_sqrt_p",5,10,3,0.864220183486239
"NUC_vs_CONTROL",4,1,3,11,400,"floor_sqrt_p",7,10,3,0.862385321100917
"NUC_vs_CONTROL",4,1,4,11,400,"floor_sqrt_p",2,11,3,0.869724770642202
"NUC_vs_CONTROL",4,1,4,11,400,"floor_sqrt_p",5,11,3,0.86605504587156
"NUC_vs_CONTROL",4,1,4,11,400,"floor_sqrt_p",7,11,3,0.864220183486239
"NUC_vs_CONTROL",4,1,5,11,400,"floor_sqrt_p",2,10,3,0.845871559633028
"NUC_vs_CONTROL",4,1,5,11,400,"floor_sqrt_p",5,10,3,0.842201834862385
"NUC_vs_CONTROL",4,1,5,11,400,"floor_sqrt_p",7,10,3,0.836697247706422
"NUC_vs_CONTROL",4,1,1,12,400,"floor_sqrt_p",2,11,3,0.84981684981685
"NUC_vs_CONTROL",4,1,1,12,400,"floor_sqrt_p",5,11,3,0.847985347985348
"NUC_vs_CONTROL",4,1,1,12,400,"floor_sqrt_p",7,11,3,0.846153846153846
"NUC_vs_CONTROL",4,1,2,12,400,"floor_sqrt_p",2,11,3,0.82967032967033
"NUC_vs_CONTROL",4,1,2,12,400,"floor_sqrt_p",5,11,3,0.813186813186813
"NUC_vs_CONTROL",4,1,2,12,400,"floor_sqrt_p",7,11,3,0.818681318681319
"NUC_vs_CONTROL",4,1,3,12,400,"floor_sqrt_p",2,11,3,0.840366972477064
"NUC_vs_CONTROL",4,1,3,12,400,"floor_sqrt_p",5,11,3,0.840366972477064
"NUC_vs_CONTROL",4,1,3,12,400,"floor_sqrt_p",7,11,3,0.842201834862385
"NUC_vs_CONTROL",4,1,4,12,400,"floor_sqrt_p",2,12,3,0.871559633027523
"NUC_vs_CONTROL",4,1,4,12,400,"floor_sqrt_p",5,12,3,0.869724770642202
"NUC_vs_CONTROL",4,1,4,12,400,"floor_sqrt_p",7,12,3,0.86605504587156
"NUC_vs_CONTROL",4,1,5,12,400,"floor_sqrt_p",2,11,3,0.836697247706422
"NUC_vs_CONTROL",4,1,5,12,400,"floor_sqrt_p",5,11,3,0.836697247706422
"NUC_vs_CONTROL",4,1,5,12,400,"floor_sqrt_p",7,11,3,0.838532110091743
"NUC_vs_CONTROL",4,1,1,13,400,"floor_sqrt_p",2,12,3,0.860805860805861
"NUC_vs_CONTROL",4,1,1,13,400,"floor_sqrt_p",5,12,3,0.857142857142857
"NUC_vs_CONTROL",4,1,1,13,400,"floor_sqrt_p",7,12,3,0.862637362637363
"NUC_vs_CONTROL",4,1,2,13,400,"floor_sqrt_p",2,12,3,0.82967032967033
"NUC_vs_CONTROL",4,1,2,13,400,"floor_sqrt_p",5,12,3,0.827838827838828
"NUC_vs_CONTROL",4,1,2,13,400,"floor_sqrt_p",7,12,3,0.824175824175824
"NUC_vs_CONTROL",4,1,3,13,400,"floor_sqrt_p",2,12,3,0.842201834862385
"NUC_vs_CONTROL",4,1,3,13,400,"floor_sqrt_p",5,12,3,0.836697247706422
"NUC_vs_CONTROL",4,1,3,13,400,"floor_sqrt_p",7,12,3,0.840366972477064
"NUC_vs_CONTROL",4,1,4,13,400,"floor_sqrt_p",2,12,3,0.864220183486239
"NUC_vs_CONTROL",4,1,4,13,400,"floor_sqrt_p",5,12,3,0.858715596330275
"NUC_vs_CONTROL",4,1,4,13,400,"floor_sqrt_p",7,12,3,0.856880733944954
"NUC_vs_CONTROL",4,1,5,13,400,"floor_sqrt_p",2,11,3,0.844036697247706
"NUC_vs_CONTROL",4,1,5,13,400,"floor_sqrt_p",5,11,3,0.844036697247706
"NUC_vs_CONTROL",4,1,5,13,400,"floor_sqrt_p",7,11,3,0.842201834862385
"NUC_vs_CONTROL",4,1,1,14,400,"floor_sqrt_p",2,12,3,0.877289377289377
"NUC_vs_CONTROL",4,1,1,14,400,"floor_sqrt_p",5,12,3,0.866300366300366
"NUC_vs_CONTROL",4,1,1,14,400,"floor_sqrt_p",7,12,3,0.879120879120879
"NUC_vs_CONTROL",4,1,2,14,400,"floor_sqrt_p",2,13,3,0.835164835164835
"NUC_vs_CONTROL",4,1,2,14,400,"floor_sqrt_p",5,13,3,0.836996336996337
"NUC_vs_CONTROL",4,1,2,14,400,"floor_sqrt_p",7,13,3,0.835164835164835
"NUC_vs_CONTROL",4,1,3,14,400,"floor_sqrt_p",2,12,3,0.84954128440367
"NUC_vs_CONTROL",4,1,3,14,400,"floor_sqrt_p",5,12,3,0.853211009174312
"NUC_vs_CONTROL",4,1,3,14,400,"floor_sqrt_p",7,12,3,0.847706422018349
"NUC_vs_CONTROL",4,1,4,14,400,"floor_sqrt_p",2,13,3,0.877064220183486
"NUC_vs_CONTROL",4,1,4,14,400,"floor_sqrt_p",5,13,3,0.878899082568807
"NUC_vs_CONTROL",4,1,4,14,400,"floor_sqrt_p",7,13,3,0.873394495412844
"NUC_vs_CONTROL",4,1,5,14,400,"floor_sqrt_p",2,12,3,0.840366972477064
"NUC_vs_CONTROL",4,1,5,14,400,"floor_sqrt_p",5,12,3,0.838532110091743
"NUC_vs_CONTROL",4,1,5,14,400,"floor_sqrt_p",7,12,3,0.834862385321101
"NUC_vs_CONTROL",4,1,1,15,400,"floor_sqrt_p",2,13,3,0.862637362637363
"NUC_vs_CONTROL",4,1,1,15,400,"floor_sqrt_p",5,13,3,0.864468864468865
"NUC_vs_CONTROL",4,1,1,15,400,"floor_sqrt_p",7,13,3,0.864468864468865
"NUC_vs_CONTROL",4,1,2,15,400,"floor_sqrt_p",2,13,3,0.833333333333333
"NUC_vs_CONTROL",4,1,2,15,400,"floor_sqrt_p",5,13,3,0.846153846153846
"NUC_vs_CONTROL",4,1,2,15,400,"floor_sqrt_p",7,13,3,0.831501831501832
"NUC_vs_CONTROL",4,1,3,15,400,"floor_sqrt_p",2,13,3,0.858715596330275
"NUC_vs_CONTROL",4,1,3,15,400,"floor_sqrt_p",5,13,3,0.851376146788991
"NUC_vs_CONTROL",4,1,3,15,400,"floor_sqrt_p",7,13,3,0.860550458715596
"NUC_vs_CONTROL",4,1,4,15,400,"floor_sqrt_p",2,13,3,0.856880733944954
"NUC_vs_CONTROL",4,1,4,15,400,"floor_sqrt_p",5,13,3,0.862385321100917
"NUC_vs_CONTROL",4,1,4,15,400,"floor_sqrt_p",7,13,3,0.856880733944954
"NUC_vs_CONTROL",4,1,5,15,400,"floor_sqrt_p",2,12,3,0.829357798165138
"NUC_vs_CONTROL",4,1,5,15,400,"floor_sqrt_p",5,12,3,0.840366972477064
"NUC_vs_CONTROL",4,1,5,15,400,"floor_sqrt_p",7,12,3,0.845871559633028
"NUC_vs_CONTROL",4,1,1,16,400,"floor_sqrt_p",2,14,3,0.871794871794872
"NUC_vs_CONTROL",4,1,1,16,400,"floor_sqrt_p",5,14,3,0.864468864468865
"NUC_vs_CONTROL",4,1,1,16,400,"floor_sqrt_p",7,14,3,0.858974358974359
"NUC_vs_CONTROL",4,1,2,16,400,"floor_sqrt_p",2,14,3,0.827838827838828
"NUC_vs_CONTROL",4,1,2,16,400,"floor_sqrt_p",5,14,3,0.826007326007326
"NUC_vs_CONTROL",4,1,2,16,400,"floor_sqrt_p",7,14,3,0.822344322344322
"NUC_vs_CONTROL",4,1,3,16,400,"floor_sqrt_p",2,13,3,0.860550458715596
"NUC_vs_CONTROL",4,1,3,16,400,"floor_sqrt_p",5,13,3,0.856880733944954
"NUC_vs_CONTROL",4,1,3,16,400,"floor_sqrt_p",7,13,3,0.858715596330275
"NUC_vs_CONTROL",4,1,4,16,400,"floor_sqrt_p",2,14,3,0.871559633027523
"NUC_vs_CONTROL",4,1,4,16,400,"floor_sqrt_p",5,14,3,0.878899082568807
"NUC_vs_CONTROL",4,1,4,16,400,"floor_sqrt_p",7,14,3,0.867889908256881
"NUC_vs_CONTROL",4,1,5,16,400,"floor_sqrt_p",2,13,3,0.827522935779817
"NUC_vs_CONTROL",4,1,5,16,400,"floor_sqrt_p",5,13,3,0.840366972477064
"NUC_vs_CONTROL",4,1,5,16,400,"floor_sqrt_p",7,13,3,0.834862385321101
"NUC_vs_CONTROL",4,1,1,17,400,"floor_sqrt_p",2,14,3,0.857142857142857
"NUC_vs_CONTROL",4,1,1,17,400,"floor_sqrt_p",5,14,3,0.840659340659341
"NUC_vs_CONTROL",4,1,1,17,400,"floor_sqrt_p",7,14,3,0.844322344322344
"NUC_vs_CONTROL",4,1,2,17,400,"floor_sqrt_p",2,15,3,0.844322344322344
"NUC_vs_CONTROL",4,1,2,17,400,"floor_sqrt_p",5,15,3,0.844322344322344
"NUC_vs_CONTROL",4,1,2,17,400,"floor_sqrt_p",7,15,3,0.838827838827839
"NUC_vs_CONTROL",4,1,3,17,400,"floor_sqrt_p",2,14,3,0.86605504587156
"NUC_vs_CONTROL",4,1,3,17,400,"floor_sqrt_p",5,14,3,0.862385321100917
"NUC_vs_CONTROL",4,1,3,17,400,"floor_sqrt_p",7,14,3,0.856880733944954
"NUC_vs_CONTROL",4,1,4,17,400,"floor_sqrt_p",2,15,3,0.886238532110092
"NUC_vs_CONTROL",4,1,4,17,400,"floor_sqrt_p",5,15,3,0.875229357798165
"NUC_vs_CONTROL",4,1,4,17,400,"floor_sqrt_p",7,15,3,0.88256880733945
"NUC_vs_CONTROL",4,1,5,17,400,"floor_sqrt_p",2,14,3,0.840366972477064
"NUC_vs_CONTROL",4,1,5,17,400,"floor_sqrt_p",5,14,3,0.838532110091743
"NUC_vs_CONTROL",4,1,5,17,400,"floor_sqrt_p",7,14,3,0.836697247706422
"NUC_vs_CONTROL",4,1,1,18,400,"floor_sqrt_p",2,15,3,0.862637362637363
"NUC_vs_CONTROL",4,1,1,18,400,"floor_sqrt_p",5,15,3,0.847985347985348
"NUC_vs_CONTROL",4,1,1,18,400,"floor_sqrt_p",7,15,3,0.842490842490842
"NUC_vs_CONTROL",4,1,2,18,400,"floor_sqrt_p",2,15,3,0.842490842490842
"NUC_vs_CONTROL",4,1,2,18,400,"floor_sqrt_p",5,15,3,0.838827838827839
"NUC_vs_CONTROL",4,1,2,18,400,"floor_sqrt_p",7,15,3,0.847985347985348
"NUC_vs_CONTROL",4,1,3,18,400,"floor_sqrt_p",2,14,3,0.867889908256881
"NUC_vs_CONTROL",4,1,3,18,400,"floor_sqrt_p",5,14,3,0.858715596330275
"NUC_vs_CONTROL",4,1,3,18,400,"floor_sqrt_p",7,14,3,0.86605504587156
"NUC_vs_CONTROL",4,1,4,18,400,"floor_sqrt_p",2,15,3,0.884403669724771
"NUC_vs_CONTROL",4,1,4,18,400,"floor_sqrt_p",5,15,3,0.878899082568807
"NUC_vs_CONTROL",4,1,4,18,400,"floor_sqrt_p",7,15,3,0.877064220183486
"NUC_vs_CONTROL",4,1,5,18,400,"floor_sqrt_p",2,14,3,0.838532110091743
"NUC_vs_CONTROL",4,1,5,18,400,"floor_sqrt_p",5,14,3,0.829357798165138
"NUC_vs_CONTROL",4,1,5,18,400,"floor_sqrt_p",7,14,3,0.840366972477064
"NUC_vs_CONTROL",4,1,1,19,400,"floor_sqrt_p",2,15,3,0.840659340659341
"NUC_vs_CONTROL",4,1,1,19,400,"floor_sqrt_p",5,15,3,0.840659340659341
"NUC_vs_CONTROL",4,1,1,19,400,"floor_sqrt_p",7,15,3,0.827838827838828
"NUC_vs_CONTROL",4,1,2,19,400,"floor_sqrt_p",2,15,3,0.851648351648352
"NUC_vs_CONTROL",4,1,2,19,400,"floor_sqrt_p",5,15,3,0.84981684981685
"NUC_vs_CONTROL",4,1,2,19,400,"floor_sqrt_p",7,15,3,0.858974358974359
"NUC_vs_CONTROL",4,1,3,19,400,"floor_sqrt_p",2,15,3,0.860550458715596
"NUC_vs_CONTROL",4,1,3,19,400,"floor_sqrt_p",5,15,3,0.869724770642202
"NUC_vs_CONTROL",4,1,3,19,400,"floor_sqrt_p",7,15,3,0.860550458715596
"NUC_vs_CONTROL",4,1,4,19,400,"floor_sqrt_p",2,15,3,0.86605504587156
"NUC_vs_CONTROL",4,1,4,19,400,"floor_sqrt_p",5,15,3,0.869724770642202
"NUC_vs_CONTROL",4,1,4,19,400,"floor_sqrt_p",7,15,3,0.864220183486239
"NUC_vs_CONTROL",4,1,5,19,400,"floor_sqrt_p",2,15,3,0.853211009174312
"NUC_vs_CONTROL",4,1,5,19,400,"floor_sqrt_p",5,15,3,0.844036697247706
"NUC_vs_CONTROL",4,1,5,19,400,"floor_sqrt_p",7,15,3,0.845871559633028
"NUC_vs_CONTROL",4,1,1,20,400,"floor_sqrt_p",2,16,4,0.844322344322344
"NUC_vs_CONTROL",4,1,1,20,400,"floor_sqrt_p",5,16,4,0.833333333333333
"NUC_vs_CONTROL",4,1,1,20,400,"floor_sqrt_p",7,16,4,0.82967032967033
"NUC_vs_CONTROL",4,1,2,20,400,"floor_sqrt_p",2,16,4,0.842490842490842
"NUC_vs_CONTROL",4,1,2,20,400,"floor_sqrt_p",5,16,4,0.838827838827839
"NUC_vs_CONTROL",4,1,2,20,400,"floor_sqrt_p",7,16,4,0.82967032967033
"NUC_vs_CONTROL",4,1,3,20,400,"floor_sqrt_p",2,15,3,0.877064220183486
"NUC_vs_CONTROL",4,1,3,20,400,"floor_sqrt_p",5,15,3,0.864220183486239
"NUC_vs_CONTROL",4,1,3,20,400,"floor_sqrt_p",7,15,3,0.867889908256881
"NUC_vs_CONTROL",4,1,4,20,400,"floor_sqrt_p",2,16,4,0.873394495412844
"NUC_vs_CONTROL",4,1,4,20,400,"floor_sqrt_p",5,16,4,0.86605504587156
"NUC_vs_CONTROL",4,1,4,20,400,"floor_sqrt_p",7,16,4,0.871559633027523
"NUC_vs_CONTROL",4,1,5,20,400,"floor_sqrt_p",2,15,3,0.847706422018349
"NUC_vs_CONTROL",4,1,5,20,400,"floor_sqrt_p",5,15,3,0.851376146788991
"NUC_vs_CONTROL",4,1,5,20,400,"floor_sqrt_p",7,15,3,0.844036697247706
"NUC_vs_CONTROL",4,2,1,6,400,"floor_sqrt_p",2,6,2,0.840659340659341
"NUC_vs_CONTROL",4,2,1,6,400,"floor_sqrt_p",5,6,2,0.842490842490842
"NUC_vs_CONTROL",4,2,1,6,400,"floor_sqrt_p",7,6,2,0.842490842490842
"NUC_vs_CONTROL",4,2,2,6,400,"floor_sqrt_p",2,6,2,0.82051282051282
"NUC_vs_CONTROL",4,2,2,6,400,"floor_sqrt_p",5,6,2,0.815018315018315
"NUC_vs_CONTROL",4,2,2,6,400,"floor_sqrt_p",7,6,2,0.818681318681319
"NUC_vs_CONTROL",4,2,3,6,400,"floor_sqrt_p",2,6,2,0.8
"NUC_vs_CONTROL",4,2,3,6,400,"floor_sqrt_p",5,6,2,0.796330275229358
"NUC_vs_CONTROL",4,2,3,6,400,"floor_sqrt_p",7,6,2,0.794495412844037
"NUC_vs_CONTROL",4,2,4,6,400,"floor_sqrt_p",2,6,2,0.825688073394495
"NUC_vs_CONTROL",4,2,4,6,400,"floor_sqrt_p",5,6,2,0.820183486238532
"NUC_vs_CONTROL",4,2,4,6,400,"floor_sqrt_p",7,6,2,0.825688073394495
"NUC_vs_CONTROL",4,2,5,6,400,"floor_sqrt_p",2,7,2,0.820183486238532
"NUC_vs_CONTROL",4,2,5,6,400,"floor_sqrt_p",5,7,2,0.81651376146789
"NUC_vs_CONTROL",4,2,5,6,400,"floor_sqrt_p",7,7,2,0.820183486238532
"NUC_vs_CONTROL",4,2,1,7,400,"floor_sqrt_p",2,8,2,0.858974358974359
"NUC_vs_CONTROL",4,2,1,7,400,"floor_sqrt_p",5,8,2,0.851648351648352
"NUC_vs_CONTROL",4,2,1,7,400,"floor_sqrt_p",7,8,2,0.851648351648352
"NUC_vs_CONTROL",4,2,2,7,400,"floor_sqrt_p",2,7,2,0.833333333333333
"NUC_vs_CONTROL",4,2,2,7,400,"floor_sqrt_p",5,7,2,0.833333333333333
"NUC_vs_CONTROL",4,2,2,7,400,"floor_sqrt_p",7,7,2,0.831501831501832
"NUC_vs_CONTROL",4,2,3,7,400,"floor_sqrt_p",2,8,2,0.823853211009174
"NUC_vs_CONTROL",4,2,3,7,400,"floor_sqrt_p",5,8,2,0.820183486238532
"NUC_vs_CONTROL",4,2,3,7,400,"floor_sqrt_p",7,8,2,0.818348623853211
"NUC_vs_CONTROL",4,2,4,7,400,"floor_sqrt_p",2,8,2,0.834862385321101
"NUC_vs_CONTROL",4,2,4,7,400,"floor_sqrt_p",5,8,2,0.838532110091743
"NUC_vs_CONTROL",4,2,4,7,400,"floor_sqrt_p",7,8,2,0.83302752293578
"NUC_vs_CONTROL",4,2,5,7,400,"floor_sqrt_p",2,8,2,0.844036697247706
"NUC_vs_CONTROL",4,2,5,7,400,"floor_sqrt_p",5,8,2,0.845871559633028
"NUC_vs_CONTROL",4,2,5,7,400,"floor_sqrt_p",7,8,2,0.847706422018349
"NUC_vs_CONTROL",4,2,1,8,400,"floor_sqrt_p",2,8,2,0.858974358974359
"NUC_vs_CONTROL",4,2,1,8,400,"floor_sqrt_p",5,8,2,0.860805860805861
"NUC_vs_CONTROL",4,2,1,8,400,"floor_sqrt_p",7,8,2,0.864468864468865
"NUC_vs_CONTROL",4,2,2,8,400,"floor_sqrt_p",2,8,2,0.853479853479853
"NUC_vs_CONTROL",4,2,2,8,400,"floor_sqrt_p",5,8,2,0.851648351648352
"NUC_vs_CONTROL",4,2,2,8,400,"floor_sqrt_p",7,8,2,0.846153846153846
"NUC_vs_CONTROL",4,2,3,8,400,"floor_sqrt_p",2,9,3,0.83302752293578
"NUC_vs_CONTROL",4,2,3,8,400,"floor_sqrt_p",5,9,3,0.818348623853211
"NUC_vs_CONTROL",4,2,3,8,400,"floor_sqrt_p",7,9,3,0.822018348623853
"NUC_vs_CONTROL",4,2,4,8,400,"floor_sqrt_p",2,9,3,0.83302752293578
"NUC_vs_CONTROL",4,2,4,8,400,"floor_sqrt_p",5,9,3,0.829357798165138
"NUC_vs_CONTROL",4,2,4,8,400,"floor_sqrt_p",7,9,3,0.831192660550459
"NUC_vs_CONTROL",4,2,5,8,400,"floor_sqrt_p",2,9,3,0.860550458715596
"NUC_vs_CONTROL",4,2,5,8,400,"floor_sqrt_p",5,9,3,0.855045871559633
"NUC_vs_CONTROL",4,2,5,8,400,"floor_sqrt_p",7,9,3,0.842201834862385
"NUC_vs_CONTROL",4,2,1,9,400,"floor_sqrt_p",2,9,3,0.864468864468865
"NUC_vs_CONTROL",4,2,1,9,400,"floor_sqrt_p",5,9,3,0.858974358974359
"NUC_vs_CONTROL",4,2,1,9,400,"floor_sqrt_p",7,9,3,0.862637362637363
"NUC_vs_CONTROL",4,2,2,9,400,"floor_sqrt_p",2,9,3,0.846153846153846
"NUC_vs_CONTROL",4,2,2,9,400,"floor_sqrt_p",5,9,3,0.842490842490842
"NUC_vs_CONTROL",4,2,2,9,400,"floor_sqrt_p",7,9,3,0.846153846153846
"NUC_vs_CONTROL",4,2,3,9,400,"floor_sqrt_p",2,10,3,0.818348623853211
"NUC_vs_CONTROL",4,2,3,9,400,"floor_sqrt_p",5,10,3,0.811009174311927
"NUC_vs_CONTROL",4,2,3,9,400,"floor_sqrt_p",7,10,3,0.81651376146789
"NUC_vs_CONTROL",4,2,4,9,400,"floor_sqrt_p",2,10,3,0.842201834862385
"NUC_vs_CONTROL",4,2,4,9,400,"floor_sqrt_p",5,10,3,0.845871559633028
"NUC_vs_CONTROL",4,2,4,9,400,"floor_sqrt_p",7,10,3,0.84954128440367
"NUC_vs_CONTROL",4,2,5,9,400,"floor_sqrt_p",2,10,3,0.862385321100917
"NUC_vs_CONTROL",4,2,5,9,400,"floor_sqrt_p",5,10,3,0.853211009174312
"NUC_vs_CONTROL",4,2,5,9,400,"floor_sqrt_p",7,10,3,0.847706422018349
"NUC_vs_CONTROL",4,2,1,10,400,"floor_sqrt_p",2,10,3,0.855311355311355
"NUC_vs_CONTROL",4,2,1,10,400,"floor_sqrt_p",5,10,3,0.851648351648352
"NUC_vs_CONTROL",4,2,1,10,400,"floor_sqrt_p",7,10,3,0.846153846153846
"NUC_vs_CONTROL",4,2,2,10,400,"floor_sqrt_p",2,10,3,0.858974358974359
"NUC_vs_CONTROL",4,2,2,10,400,"floor_sqrt_p",5,10,3,0.862637362637363
"NUC_vs_CONTROL",4,2,2,10,400,"floor_sqrt_p",7,10,3,0.858974358974359
"NUC_vs_CONTROL",4,2,3,10,400,"floor_sqrt_p",2,10,3,0.842201834862385
"NUC_vs_CONTROL",4,2,3,10,400,"floor_sqrt_p",5,10,3,0.825688073394495
"NUC_vs_CONTROL",4,2,3,10,400,"floor_sqrt_p",7,10,3,0.829357798165138
"NUC_vs_CONTROL",4,2,4,10,400,"floor_sqrt_p",2,10,3,0.860550458715596
"NUC_vs_CONTROL",4,2,4,10,400,"floor_sqrt_p",5,10,3,0.851376146788991
"NUC_vs_CONTROL",4,2,4,10,400,"floor_sqrt_p",7,10,3,0.853211009174312
"NUC_vs_CONTROL",4,2,5,10,400,"floor_sqrt_p",2,11,3,0.851376146788991
"NUC_vs_CONTROL",4,2,5,10,400,"floor_sqrt_p",5,11,3,0.855045871559633
"NUC_vs_CONTROL",4,2,5,10,400,"floor_sqrt_p",7,11,3,0.855045871559633
"NUC_vs_CONTROL",4,2,1,11,400,"floor_sqrt_p",2,11,3,0.862637362637363
"NUC_vs_CONTROL",4,2,1,11,400,"floor_sqrt_p",5,11,3,0.864468864468865
"NUC_vs_CONTROL",4,2,1,11,400,"floor_sqrt_p",7,11,3,0.857142857142857
"NUC_vs_CONTROL",4,2,2,11,400,"floor_sqrt_p",2,10,3,0.871794871794872
"NUC_vs_CONTROL",4,2,2,11,400,"floor_sqrt_p",5,10,3,0.858974358974359
"NUC_vs_CONTROL",4,2,2,11,400,"floor_sqrt_p",7,10,3,0.868131868131868
"NUC_vs_CONTROL",4,2,3,11,400,"floor_sqrt_p",2,11,3,0.834862385321101
"NUC_vs_CONTROL",4,2,3,11,400,"floor_sqrt_p",5,11,3,0.838532110091743
"NUC_vs_CONTROL",4,2,3,11,400,"floor_sqrt_p",7,11,3,0.829357798165138
"NUC_vs_CONTROL",4,2,4,11,400,"floor_sqrt_p",2,11,3,0.855045871559633
"NUC_vs_CONTROL",4,2,4,11,400,"floor_sqrt_p",5,11,3,0.856880733944954
"NUC_vs_CONTROL",4,2,4,11,400,"floor_sqrt_p",7,11,3,0.855045871559633
"NUC_vs_CONTROL",4,2,5,11,400,"floor_sqrt_p",2,11,3,0.86605504587156
"NUC_vs_CONTROL",4,2,5,11,400,"floor_sqrt_p",5,11,3,0.856880733944954
"NUC_vs_CONTROL",4,2,5,11,400,"floor_sqrt_p",7,11,3,0.862385321100917
"NUC_vs_CONTROL",4,2,1,12,400,"floor_sqrt_p",2,11,3,0.860805860805861
"NUC_vs_CONTROL",4,2,1,12,400,"floor_sqrt_p",5,11,3,0.853479853479853
"NUC_vs_CONTROL",4,2,1,12,400,"floor_sqrt_p",7,11,3,0.860805860805861
"NUC_vs_CONTROL",4,2,2,12,400,"floor_sqrt_p",2,11,3,0.858974358974359
"NUC_vs_CONTROL",4,2,2,12,400,"floor_sqrt_p",5,11,3,0.858974358974359
"NUC_vs_CONTROL",4,2,2,12,400,"floor_sqrt_p",7,11,3,0.857142857142857
"NUC_vs_CONTROL",4,2,3,12,400,"floor_sqrt_p",2,12,3,0.822018348623853
"NUC_vs_CONTROL",4,2,3,12,400,"floor_sqrt_p",5,12,3,0.818348623853211
"NUC_vs_CONTROL",4,2,3,12,400,"floor_sqrt_p",7,12,3,0.818348623853211
"NUC_vs_CONTROL",4,2,4,12,400,"floor_sqrt_p",2,12,3,0.845871559633028
"NUC_vs_CONTROL",4,2,4,12,400,"floor_sqrt_p",5,12,3,0.84954128440367
"NUC_vs_CONTROL",4,2,4,12,400,"floor_sqrt_p",7,12,3,0.840366972477064
"NUC_vs_CONTROL",4,2,5,12,400,"floor_sqrt_p",2,12,3,0.862385321100917
"NUC_vs_CONTROL",4,2,5,12,400,"floor_sqrt_p",5,12,3,0.858715596330275
"NUC_vs_CONTROL",4,2,5,12,400,"floor_sqrt_p",7,12,3,0.864220183486239
"NUC_vs_CONTROL",4,2,1,13,400,"floor_sqrt_p",2,12,3,0.84981684981685
"NUC_vs_CONTROL",4,2,1,13,400,"floor_sqrt_p",5,12,3,0.84981684981685
"NUC_vs_CONTROL",4,2,1,13,400,"floor_sqrt_p",7,12,3,0.860805860805861
"NUC_vs_CONTROL",4,2,2,13,400,"floor_sqrt_p",2,12,3,0.846153846153846
"NUC_vs_CONTROL",4,2,2,13,400,"floor_sqrt_p",5,12,3,0.84981684981685
"NUC_vs_CONTROL",4,2,2,13,400,"floor_sqrt_p",7,12,3,0.84981684981685
"NUC_vs_CONTROL",4,2,3,13,400,"floor_sqrt_p",2,12,3,0.822018348623853
"NUC_vs_CONTROL",4,2,3,13,400,"floor_sqrt_p",5,12,3,0.822018348623853
"NUC_vs_CONTROL",4,2,3,13,400,"floor_sqrt_p",7,12,3,0.829357798165138
"NUC_vs_CONTROL",4,2,4,13,400,"floor_sqrt_p",2,12,3,0.844036697247706
"NUC_vs_CONTROL",4,2,4,13,400,"floor_sqrt_p",5,12,3,0.851376146788991
"NUC_vs_CONTROL",4,2,4,13,400,"floor_sqrt_p",7,12,3,0.840366972477064
"NUC_vs_CONTROL",4,2,5,13,400,"floor_sqrt_p",2,12,3,0.858715596330275
"NUC_vs_CONTROL",4,2,5,13,400,"floor_sqrt_p",5,12,3,0.858715596330275
"NUC_vs_CONTROL",4,2,5,13,400,"floor_sqrt_p",7,12,3,0.84954128440367
"NUC_vs_CONTROL",4,2,1,14,400,"floor_sqrt_p",2,12,3,0.857142857142857
"NUC_vs_CONTROL",4,2,1,14,400,"floor_sqrt_p",5,12,3,0.851648351648352
"NUC_vs_CONTROL",4,2,1,14,400,"floor_sqrt_p",7,12,3,0.858974358974359
"NUC_vs_CONTROL",4,2,2,14,400,"floor_sqrt_p",2,12,3,0.86996336996337
"NUC_vs_CONTROL",4,2,2,14,400,"floor_sqrt_p",5,12,3,0.858974358974359
"NUC_vs_CONTROL",4,2,2,14,400,"floor_sqrt_p",7,12,3,0.858974358974359
"NUC_vs_CONTROL",4,2,3,14,400,"floor_sqrt_p",2,12,3,0.836697247706422
"NUC_vs_CONTROL",4,2,3,14,400,"floor_sqrt_p",5,12,3,0.83302752293578
"NUC_vs_CONTROL",4,2,3,14,400,"floor_sqrt_p",7,12,3,0.836697247706422
"NUC_vs_CONTROL",4,2,4,14,400,"floor_sqrt_p",2,12,3,0.862385321100917
"NUC_vs_CONTROL",4,2,4,14,400,"floor_sqrt_p",5,12,3,0.853211009174312
"NUC_vs_CONTROL",4,2,4,14,400,"floor_sqrt_p",7,12,3,0.855045871559633
"NUC_vs_CONTROL",4,2,5,14,400,"floor_sqrt_p",2,13,3,0.856880733944954
"NUC_vs_CONTROL",4,2,5,14,400,"floor_sqrt_p",5,13,3,0.858715596330275
"NUC_vs_CONTROL",4,2,5,14,400,"floor_sqrt_p",7,13,3,0.862385321100917
"NUC_vs_CONTROL",4,2,1,15,400,"floor_sqrt_p",2,13,3,0.855311355311355
"NUC_vs_CONTROL",4,2,1,15,400,"floor_sqrt_p",5,13,3,0.853479853479853
"NUC_vs_CONTROL",4,2,1,15,400,"floor_sqrt_p",7,13,3,0.851648351648352
"NUC_vs_CONTROL",4,2,2,15,400,"floor_sqrt_p",2,13,3,0.851648351648352
"NUC_vs_CONTROL",4,2,2,15,400,"floor_sqrt_p",5,13,3,0.857142857142857
"NUC_vs_CONTROL",4,2,2,15,400,"floor_sqrt_p",7,13,3,0.851648351648352
"NUC_vs_CONTROL",4,2,3,15,400,"floor_sqrt_p",2,13,3,0.827522935779817
"NUC_vs_CONTROL",4,2,3,15,400,"floor_sqrt_p",5,13,3,0.822018348623853
"NUC_vs_CONTROL",4,2,3,15,400,"floor_sqrt_p",7,13,3,0.829357798165138
"NUC_vs_CONTROL",4,2,4,15,400,"floor_sqrt_p",2,13,3,0.856880733944954
"NUC_vs_CONTROL",4,2,4,15,400,"floor_sqrt_p",5,13,3,0.853211009174312
"NUC_vs_CONTROL",4,2,4,15,400,"floor_sqrt_p",7,13,3,0.847706422018349
"NUC_vs_CONTROL",4,2,5,15,400,"floor_sqrt_p",2,14,3,0.864220183486239
"NUC_vs_CONTROL",4,2,5,15,400,"floor_sqrt_p",5,14,3,0.858715596330275
"NUC_vs_CONTROL",4,2,5,15,400,"floor_sqrt_p",7,14,3,0.851376146788991
"NUC_vs_CONTROL",4,2,1,16,400,"floor_sqrt_p",2,14,3,0.857142857142857
"NUC_vs_CONTROL",4,2,1,16,400,"floor_sqrt_p",5,14,3,0.855311355311355
"NUC_vs_CONTROL",4,2,1,16,400,"floor_sqrt_p",7,14,3,0.857142857142857
"NUC_vs_CONTROL",4,2,2,16,400,"floor_sqrt_p",2,13,3,0.855311355311355
"NUC_vs_CONTROL",4,2,2,16,400,"floor_sqrt_p",5,13,3,0.847985347985348
"NUC_vs_CONTROL",4,2,2,16,400,"floor_sqrt_p",7,13,3,0.847985347985348
"NUC_vs_CONTROL",4,2,3,16,400,"floor_sqrt_p",2,14,3,0.818348623853211
"NUC_vs_CONTROL",4,2,3,16,400,"floor_sqrt_p",5,14,3,0.829357798165138
"NUC_vs_CONTROL",4,2,3,16,400,"floor_sqrt_p",7,14,3,0.820183486238532
"NUC_vs_CONTROL",4,2,4,16,400,"floor_sqrt_p",2,14,3,0.84954128440367
"NUC_vs_CONTROL",4,2,4,16,400,"floor_sqrt_p",5,14,3,0.860550458715596
"NUC_vs_CONTROL",4,2,4,16,400,"floor_sqrt_p",7,14,3,0.856880733944954
"NUC_vs_CONTROL",4,2,5,16,400,"floor_sqrt_p",2,15,3,0.847706422018349
"NUC_vs_CONTROL",4,2,5,16,400,"floor_sqrt_p",5,15,3,0.845871559633028
"NUC_vs_CONTROL",4,2,5,16,400,"floor_sqrt_p",7,15,3,0.847706422018349
"NUC_vs_CONTROL",4,2,1,17,400,"floor_sqrt_p",2,14,3,0.873626373626374
"NUC_vs_CONTROL",4,2,1,17,400,"floor_sqrt_p",5,14,3,0.871794871794872
"NUC_vs_CONTROL",4,2,1,17,400,"floor_sqrt_p",7,14,3,0.866300366300366
"NUC_vs_CONTROL",4,2,2,17,400,"floor_sqrt_p",2,14,3,0.871794871794872
"NUC_vs_CONTROL",4,2,2,17,400,"floor_sqrt_p",5,14,3,0.866300366300366
"NUC_vs_CONTROL",4,2,2,17,400,"floor_sqrt_p",7,14,3,0.86996336996337
"NUC_vs_CONTROL",4,2,3,17,400,"floor_sqrt_p",2,14,3,0.829357798165138
"NUC_vs_CONTROL",4,2,3,17,400,"floor_sqrt_p",5,14,3,0.831192660550459
"NUC_vs_CONTROL",4,2,3,17,400,"floor_sqrt_p",7,14,3,0.827522935779817
"NUC_vs_CONTROL",4,2,4,17,400,"floor_sqrt_p",2,15,3,0.858715596330275
"NUC_vs_CONTROL",4,2,4,17,400,"floor_sqrt_p",5,15,3,0.858715596330275
"NUC_vs_CONTROL",4,2,4,17,400,"floor_sqrt_p",7,15,3,0.855045871559633
"NUC_vs_CONTROL",4,2,5,17,400,"floor_sqrt_p",2,15,3,0.858715596330275
"NUC_vs_CONTROL",4,2,5,17,400,"floor_sqrt_p",5,15,3,0.858715596330275
"NUC_vs_CONTROL",4,2,5,17,400,"floor_sqrt_p",7,15,3,0.86605504587156
"NUC_vs_CONTROL",4,2,1,18,400,"floor_sqrt_p",2,15,3,0.873626373626374
"NUC_vs_CONTROL",4,2,1,18,400,"floor_sqrt_p",5,15,3,0.880952380952381
"NUC_vs_CONTROL",4,2,1,18,400,"floor_sqrt_p",7,15,3,0.873626373626374
"NUC_vs_CONTROL",4,2,2,18,400,"floor_sqrt_p",2,14,3,0.866300366300366
"NUC_vs_CONTROL",4,2,2,18,400,"floor_sqrt_p",5,14,3,0.868131868131868
"NUC_vs_CONTROL",4,2,2,18,400,"floor_sqrt_p",7,14,3,0.868131868131868
"NUC_vs_CONTROL",4,2,3,18,400,"floor_sqrt_p",2,15,3,0.838532110091743
"NUC_vs_CONTROL",4,2,3,18,400,"floor_sqrt_p",5,15,3,0.836697247706422
"NUC_vs_CONTROL",4,2,3,18,400,"floor_sqrt_p",7,15,3,0.838532110091743
"NUC_vs_CONTROL",4,2,4,18,400,"floor_sqrt_p",2,15,3,0.871559633027523
"NUC_vs_CONTROL",4,2,4,18,400,"floor_sqrt_p",5,15,3,0.862385321100917
"NUC_vs_CONTROL",4,2,4,18,400,"floor_sqrt_p",7,15,3,0.869724770642202
"NUC_vs_CONTROL",4,2,5,18,400,"floor_sqrt_p",2,16,4,0.842201834862385
"NUC_vs_CONTROL",4,2,5,18,400,"floor_sqrt_p",5,16,4,0.844036697247706
"NUC_vs_CONTROL",4,2,5,18,400,"floor_sqrt_p",7,16,4,0.842201834862385
"NUC_vs_CONTROL",4,2,1,19,400,"floor_sqrt_p",2,15,3,0.877289377289377
"NUC_vs_CONTROL",4,2,1,19,400,"floor_sqrt_p",5,15,3,0.871794871794872
"NUC_vs_CONTROL",4,2,1,19,400,"floor_sqrt_p",7,15,3,0.880952380952381
"NUC_vs_CONTROL",4,2,2,19,400,"floor_sqrt_p",2,15,3,0.855311355311355
"NUC_vs_CONTROL",4,2,2,19,400,"floor_sqrt_p",5,15,3,0.862637362637363
"NUC_vs_CONTROL",4,2,2,19,400,"floor_sqrt_p",7,15,3,0.858974358974359
"NUC_vs_CONTROL",4,2,3,19,400,"floor_sqrt_p",2,15,3,0.836697247706422
"NUC_vs_CONTROL",4,2,3,19,400,"floor_sqrt_p",5,15,3,0.822018348623853
"NUC_vs_CONTROL",4,2,3,19,400,"floor_sqrt_p",7,15,3,0.825688073394495
"NUC_vs_CONTROL",4,2,4,19,400,"floor_sqrt_p",2,15,3,0.873394495412844
"NUC_vs_CONTROL",4,2,4,19,400,"floor_sqrt_p",5,15,3,0.878899082568807
"NUC_vs_CONTROL",4,2,4,19,400,"floor_sqrt_p",7,15,3,0.869724770642202
"NUC_vs_CONTROL",4,2,5,19,400,"floor_sqrt_p",2,16,4,0.844036697247706
"NUC_vs_CONTROL",4,2,5,19,400,"floor_sqrt_p",5,16,4,0.84954128440367
"NUC_vs_CONTROL",4,2,5,19,400,"floor_sqrt_p",7,16,4,0.840366972477064
"NUC_vs_CONTROL",4,2,1,20,400,"floor_sqrt_p",2,16,4,0.873626373626374
"NUC_vs_CONTROL",4,2,1,20,400,"floor_sqrt_p",5,16,4,0.871794871794872
"NUC_vs_CONTROL",4,2,1,20,400,"floor_sqrt_p",7,16,4,0.860805860805861
"NUC_vs_CONTROL",4,2,2,20,400,"floor_sqrt_p",2,15,3,0.847985347985348
"NUC_vs_CONTROL",4,2,2,20,400,"floor_sqrt_p",5,15,3,0.851648351648352
"NUC_vs_CONTROL",4,2,2,20,400,"floor_sqrt_p",7,15,3,0.847985347985348
"NUC_vs_CONTROL",4,2,3,20,400,"floor_sqrt_p",2,16,4,0.827522935779817
"NUC_vs_CONTROL",4,2,3,20,400,"floor_sqrt_p",5,16,4,0.829357798165138
"NUC_vs_CONTROL",4,2,3,20,400,"floor_sqrt_p",7,16,4,0.825688073394495
"NUC_vs_CONTROL",4,2,4,20,400,"floor_sqrt_p",2,16,4,0.871559633027523
"NUC_vs_CONTROL",4,2,4,20,400,"floor_sqrt_p",5,16,4,0.873394495412844
"NUC_vs_CONTROL",4,2,4,20,400,"floor_sqrt_p",7,16,4,0.875229357798165
"NUC_vs_CONTROL",4,2,5,20,400,"floor_sqrt_p",2,16,4,0.840366972477064
"NUC_vs_CONTROL",4,2,5,20,400,"floor_sqrt_p",5,16,4,0.836697247706422
"NUC_vs_CONTROL",4,2,5,20,400,"floor_sqrt_p",7,16,4,0.840366972477064
"NUC_vs_CONTROL",4,3,1,6,400,"floor_sqrt_p",2,6,2,0.836996336996337
"NUC_vs_CONTROL",4,3,1,6,400,"floor_sqrt_p",5,6,2,0.838827838827839
"NUC_vs_CONTROL",4,3,1,6,400,"floor_sqrt_p",7,6,2,0.835164835164835
"NUC_vs_CONTROL",4,3,2,6,400,"floor_sqrt_p",2,6,2,0.804029304029304
"NUC_vs_CONTROL",4,3,2,6,400,"floor_sqrt_p",5,6,2,0.798534798534799
"NUC_vs_CONTROL",4,3,2,6,400,"floor_sqrt_p",7,6,2,0.794871794871795
"NUC_vs_CONTROL",4,3,3,6,400,"floor_sqrt_p",2,6,2,0.851648351648352
"NUC_vs_CONTROL",4,3,3,6,400,"floor_sqrt_p",5,6,2,0.844322344322344
"NUC_vs_CONTROL",4,3,3,6,400,"floor_sqrt_p",7,6,2,0.844322344322344
"NUC_vs_CONTROL",4,3,4,6,400,"floor_sqrt_p",2,6,2,0.822018348623853
"NUC_vs_CONTROL",4,3,4,6,400,"floor_sqrt_p",5,6,2,0.820183486238532
"NUC_vs_CONTROL",4,3,4,6,400,"floor_sqrt_p",7,6,2,0.820183486238532
"NUC_vs_CONTROL",4,3,5,6,400,"floor_sqrt_p",2,6,2,0.820183486238532
"NUC_vs_CONTROL",4,3,5,6,400,"floor_sqrt_p",5,6,2,0.814678899082569
"NUC_vs_CONTROL",4,3,5,6,400,"floor_sqrt_p",7,6,2,0.814678899082569
"NUC_vs_CONTROL",4,3,1,7,400,"floor_sqrt_p",2,8,2,0.824175824175824
"NUC_vs_CONTROL",4,3,1,7,400,"floor_sqrt_p",5,8,2,0.824175824175824
"NUC_vs_CONTROL",4,3,1,7,400,"floor_sqrt_p",7,8,2,0.816849816849817
"NUC_vs_CONTROL",4,3,2,7,400,"floor_sqrt_p",2,7,2,0.826007326007326
"NUC_vs_CONTROL",4,3,2,7,400,"floor_sqrt_p",5,7,2,0.815018315018315
"NUC_vs_CONTROL",4,3,2,7,400,"floor_sqrt_p",7,7,2,0.824175824175824
"NUC_vs_CONTROL",4,3,3,7,400,"floor_sqrt_p",2,7,2,0.84981684981685
"NUC_vs_CONTROL",4,3,3,7,400,"floor_sqrt_p",5,7,2,0.844322344322344
"NUC_vs_CONTROL",4,3,3,7,400,"floor_sqrt_p",7,7,2,0.840659340659341
"NUC_vs_CONTROL",4,3,4,7,400,"floor_sqrt_p",2,7,2,0.83302752293578
"NUC_vs_CONTROL",4,3,4,7,400,"floor_sqrt_p",5,7,2,0.823853211009174
"NUC_vs_CONTROL",4,3,4,7,400,"floor_sqrt_p",7,7,2,0.825688073394495
"NUC_vs_CONTROL",4,3,5,7,400,"floor_sqrt_p",2,7,2,0.81651376146789
"NUC_vs_CONTROL",4,3,5,7,400,"floor_sqrt_p",5,7,2,0.812844036697248
"NUC_vs_CONTROL",4,3,5,7,400,"floor_sqrt_p",7,7,2,0.805504587155963
"NUC_vs_CONTROL",4,3,1,8,400,"floor_sqrt_p",2,9,3,0.857142857142857
"NUC_vs_CONTROL",4,3,1,8,400,"floor_sqrt_p",5,9,3,0.844322344322344
"NUC_vs_CONTROL",4,3,1,8,400,"floor_sqrt_p",7,9,3,0.84981684981685
"NUC_vs_CONTROL",4,3,2,8,400,"floor_sqrt_p",2,8,2,0.836996336996337
"NUC_vs_CONTROL",4,3,2,8,400,"floor_sqrt_p",5,8,2,0.840659340659341
"NUC_vs_CONTROL",4,3,2,8,400,"floor_sqrt_p",7,8,2,0.835164835164835
"NUC_vs_CONTROL",4,3,3,8,400,"floor_sqrt_p",2,8,2,0.833333333333333
"NUC_vs_CONTROL",4,3,3,8,400,"floor_sqrt_p",5,8,2,0.842490842490842
"NUC_vs_CONTROL",4,3,3,8,400,"floor_sqrt_p",7,8,2,0.844322344322344
"NUC_vs_CONTROL",4,3,4,8,400,"floor_sqrt_p",2,8,2,0.836697247706422
"NUC_vs_CONTROL",4,3,4,8,400,"floor_sqrt_p",5,8,2,0.836697247706422
"NUC_vs_CONTROL",4,3,4,8,400,"floor_sqrt_p",7,8,2,0.827522935779817
"NUC_vs_CONTROL",4,3,5,8,400,"floor_sqrt_p",2,8,2,0.851376146788991
"NUC_vs_CONTROL",4,3,5,8,400,"floor_sqrt_p",5,8,2,0.851376146788991
"NUC_vs_CONTROL",4,3,5,8,400,"floor_sqrt_p",7,8,2,0.845871559633028
"NUC_vs_CONTROL",4,3,1,9,400,"floor_sqrt_p",2,9,3,0.844322344322344
"NUC_vs_CONTROL",4,3,1,9,400,"floor_sqrt_p",5,9,3,0.851648351648352
"NUC_vs_CONTROL",4,3,1,9,400,"floor_sqrt_p",7,9,3,0.84981684981685
"NUC_vs_CONTROL",4,3,2,9,400,"floor_sqrt_p",2,9,3,0.833333333333333
"NUC_vs_CONTROL",4,3,2,9,400,"floor_sqrt_p",5,9,3,0.833333333333333
"NUC_vs_CONTROL",4,3,2,9,400,"floor_sqrt_p",7,9,3,0.82967032967033
"NUC_vs_CONTROL",4,3,3,9,400,"floor_sqrt_p",2,9,3,0.853479853479853
"NUC_vs_CONTROL",4,3,3,9,400,"floor_sqrt_p",5,9,3,0.855311355311355
"NUC_vs_CONTROL",4,3,3,9,400,"floor_sqrt_p",7,9,3,0.855311355311355
"NUC_vs_CONTROL",4,3,4,9,400,"floor_sqrt_p",2,9,3,0.812844036697248
"NUC_vs_CONTROL",4,3,4,9,400,"floor_sqrt_p",5,9,3,0.825688073394495
"NUC_vs_CONTROL",4,3,4,9,400,"floor_sqrt_p",7,9,3,0.818348623853211
"NUC_vs_CONTROL",4,3,5,9,400,"floor_sqrt_p",2,9,3,0.853211009174312
"NUC_vs_CONTROL",4,3,5,9,400,"floor_sqrt_p",5,9,3,0.847706422018349
"NUC_vs_CONTROL",4,3,5,9,400,"floor_sqrt_p",7,9,3,0.844036697247706
"NUC_vs_CONTROL",4,3,1,10,400,"floor_sqrt_p",2,10,3,0.846153846153846
"NUC_vs_CONTROL",4,3,1,10,400,"floor_sqrt_p",5,10,3,0.84981684981685
"NUC_vs_CONTROL",4,3,1,10,400,"floor_sqrt_p",7,10,3,0.840659340659341
"NUC_vs_CONTROL",4,3,2,10,400,"floor_sqrt_p",2,10,3,0.840659340659341
"NUC_vs_CONTROL",4,3,2,10,400,"floor_sqrt_p",5,10,3,0.840659340659341
"NUC_vs_CONTROL",4,3,2,10,400,"floor_sqrt_p",7,10,3,0.844322344322344
"NUC_vs_CONTROL",4,3,3,10,400,"floor_sqrt_p",2,10,3,0.862637362637363
"NUC_vs_CONTROL",4,3,3,10,400,"floor_sqrt_p",5,10,3,0.855311355311355
"NUC_vs_CONTROL",4,3,3,10,400,"floor_sqrt_p",7,10,3,0.855311355311355
"NUC_vs_CONTROL",4,3,4,10,400,"floor_sqrt_p",2,10,3,0.814678899082569
"NUC_vs_CONTROL",4,3,4,10,400,"floor_sqrt_p",5,10,3,0.812844036697248
"NUC_vs_CONTROL",4,3,4,10,400,"floor_sqrt_p",7,10,3,0.812844036697248
"NUC_vs_CONTROL",4,3,5,10,400,"floor_sqrt_p",2,10,3,0.827522935779817
"NUC_vs_CONTROL",4,3,5,10,400,"floor_sqrt_p",5,10,3,0.834862385321101
"NUC_vs_CONTROL",4,3,5,10,400,"floor_sqrt_p",7,10,3,0.83302752293578
"NUC_vs_CONTROL",4,3,1,11,400,"floor_sqrt_p",2,11,3,0.853479853479853
"NUC_vs_CONTROL",4,3,1,11,400,"floor_sqrt_p",5,11,3,0.860805860805861
"NUC_vs_CONTROL",4,3,1,11,400,"floor_sqrt_p",7,11,3,0.857142857142857
"NUC_vs_CONTROL",4,3,2,11,400,"floor_sqrt_p",2,11,3,0.853479853479853
"NUC_vs_CONTROL",4,3,2,11,400,"floor_sqrt_p",5,11,3,0.844322344322344
"NUC_vs_CONTROL",4,3,2,11,400,"floor_sqrt_p",7,11,3,0.84981684981685
"NUC_vs_CONTROL",4,3,3,11,400,"floor_sqrt_p",2,10,3,0.857142857142857
"NUC_vs_CONTROL",4,3,3,11,400,"floor_sqrt_p",5,10,3,0.84981684981685
"NUC_vs_CONTROL",4,3,3,11,400,"floor_sqrt_p",7,10,3,0.847985347985348
"NUC_vs_CONTROL",4,3,4,11,400,"floor_sqrt_p",2,11,3,0.823853211009174
"NUC_vs_CONTROL",4,3,4,11,400,"floor_sqrt_p",5,11,3,0.829357798165138
"NUC_vs_CONTROL",4,3,4,11,400,"floor_sqrt_p",7,11,3,0.822018348623853
"NUC_vs_CONTROL",4,3,5,11,400,"floor_sqrt_p",2,10,3,0.858715596330275
"NUC_vs_CONTROL",4,3,5,11,400,"floor_sqrt_p",5,10,3,0.855045871559633
"NUC_vs_CONTROL",4,3,5,11,400,"floor_sqrt_p",7,10,3,0.858715596330275
"NUC_vs_CONTROL",4,3,1,12,400,"floor_sqrt_p",2,11,3,0.857142857142857
"NUC_vs_CONTROL",4,3,1,12,400,"floor_sqrt_p",5,11,3,0.851648351648352
"NUC_vs_CONTROL",4,3,1,12,400,"floor_sqrt_p",7,11,3,0.84981684981685
"NUC_vs_CONTROL",4,3,2,12,400,"floor_sqrt_p",2,11,3,0.822344322344322
"NUC_vs_CONTROL",4,3,2,12,400,"floor_sqrt_p",5,11,3,0.824175824175824
"NUC_vs_CONTROL",4,3,2,12,400,"floor_sqrt_p",7,11,3,0.82967032967033
"NUC_vs_CONTROL",4,3,3,12,400,"floor_sqrt_p",2,11,3,0.853479853479853
"NUC_vs_CONTROL",4,3,3,12,400,"floor_sqrt_p",5,11,3,0.858974358974359
"NUC_vs_CONTROL",4,3,3,12,400,"floor_sqrt_p",7,11,3,0.855311355311355
"NUC_vs_CONTROL",4,3,4,12,400,"floor_sqrt_p",2,11,3,0.818348623853211
"NUC_vs_CONTROL",4,3,4,12,400,"floor_sqrt_p",5,11,3,0.820183486238532
"NUC_vs_CONTROL",4,3,4,12,400,"floor_sqrt_p",7,11,3,0.818348623853211
"NUC_vs_CONTROL",4,3,5,12,400,"floor_sqrt_p",2,11,3,0.855045871559633
"NUC_vs_CONTROL",4,3,5,12,400,"floor_sqrt_p",5,11,3,0.840366972477064
"NUC_vs_CONTROL",4,3,5,12,400,"floor_sqrt_p",7,11,3,0.840366972477064
"NUC_vs_CONTROL",4,3,1,13,400,"floor_sqrt_p",2,12,3,0.842490842490842
"NUC_vs_CONTROL",4,3,1,13,400,"floor_sqrt_p",5,12,3,0.860805860805861
"NUC_vs_CONTROL",4,3,1,13,400,"floor_sqrt_p",7,12,3,0.860805860805861
"NUC_vs_CONTROL",4,3,2,13,400,"floor_sqrt_p",2,12,3,0.836996336996337
"NUC_vs_CONTROL",4,3,2,13,400,"floor_sqrt_p",5,12,3,0.827838827838828
"NUC_vs_CONTROL",4,3,2,13,400,"floor_sqrt_p",7,12,3,0.827838827838828
"NUC_vs_CONTROL",4,3,3,13,400,"floor_sqrt_p",2,11,3,0.84981684981685
"NUC_vs_CONTROL",4,3,3,13,400,"floor_sqrt_p",5,11,3,0.844322344322344
"NUC_vs_CONTROL",4,3,3,13,400,"floor_sqrt_p",7,11,3,0.847985347985348
"NUC_vs_CONTROL",4,3,4,13,400,"floor_sqrt_p",2,12,3,0.83302752293578
"NUC_vs_CONTROL",4,3,4,13,400,"floor_sqrt_p",5,12,3,0.831192660550459
"NUC_vs_CONTROL",4,3,4,13,400,"floor_sqrt_p",7,12,3,0.825688073394495
"NUC_vs_CONTROL",4,3,5,13,400,"floor_sqrt_p",2,11,3,0.853211009174312
"NUC_vs_CONTROL",4,3,5,13,400,"floor_sqrt_p",5,11,3,0.845871559633028
"NUC_vs_CONTROL",4,3,5,13,400,"floor_sqrt_p",7,11,3,0.858715596330275
"NUC_vs_CONTROL",4,3,1,14,400,"floor_sqrt_p",2,13,3,0.840659340659341
"NUC_vs_CONTROL",4,3,1,14,400,"floor_sqrt_p",5,13,3,0.842490842490842
"NUC_vs_CONTROL",4,3,1,14,400,"floor_sqrt_p",7,13,3,0.846153846153846
"NUC_vs_CONTROL",4,3,2,14,400,"floor_sqrt_p",2,12,3,0.842490842490842
"NUC_vs_CONTROL",4,3,2,14,400,"floor_sqrt_p",5,12,3,0.827838827838828
"NUC_vs_CONTROL",4,3,2,14,400,"floor_sqrt_p",7,12,3,0.827838827838828
"NUC_vs_CONTROL",4,3,3,14,400,"floor_sqrt_p",2,12,3,0.860805860805861
"NUC_vs_CONTROL",4,3,3,14,400,"floor_sqrt_p",5,12,3,0.858974358974359
"NUC_vs_CONTROL",4,3,3,14,400,"floor_sqrt_p",7,12,3,0.857142857142857
"NUC_vs_CONTROL",4,3,4,14,400,"floor_sqrt_p",2,12,3,0.840366972477064
"NUC_vs_CONTROL",4,3,4,14,400,"floor_sqrt_p",5,12,3,0.825688073394495
"NUC_vs_CONTROL",4,3,4,14,400,"floor_sqrt_p",7,12,3,0.831192660550459
"NUC_vs_CONTROL",4,3,5,14,400,"floor_sqrt_p",2,12,3,0.847706422018349
"NUC_vs_CONTROL",4,3,5,14,400,"floor_sqrt_p",5,12,3,0.84954128440367
"NUC_vs_CONTROL",4,3,5,14,400,"floor_sqrt_p",7,12,3,0.853211009174312
"NUC_vs_CONTROL",4,3,1,15,400,"floor_sqrt_p",2,13,3,0.846153846153846
"NUC_vs_CONTROL",4,3,1,15,400,"floor_sqrt_p",5,13,3,0.851648351648352
"NUC_vs_CONTROL",4,3,1,15,400,"floor_sqrt_p",7,13,3,0.847985347985348
"NUC_vs_CONTROL",4,3,2,15,400,"floor_sqrt_p",2,13,3,0.82967032967033
"NUC_vs_CONTROL",4,3,2,15,400,"floor_sqrt_p",5,13,3,0.838827838827839
"NUC_vs_CONTROL",4,3,2,15,400,"floor_sqrt_p",7,13,3,0.833333333333333
"NUC_vs_CONTROL",4,3,3,15,400,"floor_sqrt_p",2,12,3,0.875457875457875
"NUC_vs_CONTROL",4,3,3,15,400,"floor_sqrt_p",5,12,3,0.880952380952381
"NUC_vs_CONTROL",4,3,3,15,400,"floor_sqrt_p",7,12,3,0.868131868131868
"NUC_vs_CONTROL",4,3,4,15,400,"floor_sqrt_p",2,13,3,0.825688073394495
"NUC_vs_CONTROL",4,3,4,15,400,"floor_sqrt_p",5,13,3,0.812844036697248
"NUC_vs_CONTROL",4,3,4,15,400,"floor_sqrt_p",7,13,3,0.820183486238532
"NUC_vs_CONTROL",4,3,5,15,400,"floor_sqrt_p",2,12,3,0.834862385321101
"NUC_vs_CONTROL",4,3,5,15,400,"floor_sqrt_p",5,12,3,0.834862385321101
"NUC_vs_CONTROL",4,3,5,15,400,"floor_sqrt_p",7,12,3,0.842201834862385
"NUC_vs_CONTROL",4,3,1,16,400,"floor_sqrt_p",2,14,3,0.840659340659341
"NUC_vs_CONTROL",4,3,1,16,400,"floor_sqrt_p",5,14,3,0.84981684981685
"NUC_vs_CONTROL",4,3,1,16,400,"floor_sqrt_p",7,14,3,0.840659340659341
"NUC_vs_CONTROL",4,3,2,16,400,"floor_sqrt_p",2,14,3,0.853479853479853
"NUC_vs_CONTROL",4,3,2,16,400,"floor_sqrt_p",5,14,3,0.853479853479853
"NUC_vs_CONTROL",4,3,2,16,400,"floor_sqrt_p",7,14,3,0.840659340659341
"NUC_vs_CONTROL",4,3,3,16,400,"floor_sqrt_p",2,13,3,0.858974358974359
"NUC_vs_CONTROL",4,3,3,16,400,"floor_sqrt_p",5,13,3,0.858974358974359
"NUC_vs_CONTROL",4,3,3,16,400,"floor_sqrt_p",7,13,3,0.860805860805861
"NUC_vs_CONTROL",4,3,4,16,400,"floor_sqrt_p",2,14,3,0.805504587155963
"NUC_vs_CONTROL",4,3,4,16,400,"floor_sqrt_p",5,14,3,0.801834862385321
"NUC_vs_CONTROL",4,3,4,16,400,"floor_sqrt_p",7,14,3,0.812844036697248
"NUC_vs_CONTROL",4,3,5,16,400,"floor_sqrt_p",2,13,3,0.842201834862385
"NUC_vs_CONTROL",4,3,5,16,400,"floor_sqrt_p",5,13,3,0.847706422018349
"NUC_vs_CONTROL",4,3,5,16,400,"floor_sqrt_p",7,13,3,0.84954128440367
"NUC_vs_CONTROL",4,3,1,17,400,"floor_sqrt_p",2,15,3,0.851648351648352
"NUC_vs_CONTROL",4,3,1,17,400,"floor_sqrt_p",5,15,3,0.844322344322344
"NUC_vs_CONTROL",4,3,1,17,400,"floor_sqrt_p",7,15,3,0.836996336996337
"NUC_vs_CONTROL",4,3,2,17,400,"floor_sqrt_p",2,14,3,0.862637362637363
"NUC_vs_CONTROL",4,3,2,17,400,"floor_sqrt_p",5,14,3,0.864468864468865
"NUC_vs_CONTROL",4,3,2,17,400,"floor_sqrt_p",7,14,3,0.855311355311355
"NUC_vs_CONTROL",4,3,3,17,400,"floor_sqrt_p",2,14,3,0.866300366300366
"NUC_vs_CONTROL",4,3,3,17,400,"floor_sqrt_p",5,14,3,0.864468864468865
"NUC_vs_CONTROL",4,3,3,17,400,"floor_sqrt_p",7,14,3,0.862637362637363
"NUC_vs_CONTROL",4,3,4,17,400,"floor_sqrt_p",2,14,3,0.814678899082569
"NUC_vs_CONTROL",4,3,4,17,400,"floor_sqrt_p",5,14,3,0.823853211009174
"NUC_vs_CONTROL",4,3,4,17,400,"floor_sqrt_p",7,14,3,0.818348623853211
"NUC_vs_CONTROL",4,3,5,17,400,"floor_sqrt_p",2,14,3,0.862385321100917
"NUC_vs_CONTROL",4,3,5,17,400,"floor_sqrt_p",5,14,3,0.84954128440367
"NUC_vs_CONTROL",4,3,5,17,400,"floor_sqrt_p",7,14,3,0.851376146788991
"NUC_vs_CONTROL",4,3,1,18,400,"floor_sqrt_p",2,15,3,0.866300366300366
"NUC_vs_CONTROL",4,3,1,18,400,"floor_sqrt_p",5,15,3,0.846153846153846
"NUC_vs_CONTROL",4,3,1,18,400,"floor_sqrt_p",7,15,3,0.846153846153846
"NUC_vs_CONTROL",4,3,2,18,400,"floor_sqrt_p",2,15,3,0.864468864468865
"NUC_vs_CONTROL",4,3,2,18,400,"floor_sqrt_p",5,15,3,0.851648351648352
"NUC_vs_CONTROL",4,3,2,18,400,"floor_sqrt_p",7,15,3,0.858974358974359
"NUC_vs_CONTROL",4,3,3,18,400,"floor_sqrt_p",2,14,3,0.858974358974359
"NUC_vs_CONTROL",4,3,3,18,400,"floor_sqrt_p",5,14,3,0.864468864468865
"NUC_vs_CONTROL",4,3,3,18,400,"floor_sqrt_p",7,14,3,0.858974358974359
"NUC_vs_CONTROL",4,3,4,18,400,"floor_sqrt_p",2,15,3,0.812844036697248
"NUC_vs_CONTROL",4,3,4,18,400,"floor_sqrt_p",5,15,3,0.81651376146789
"NUC_vs_CONTROL",4,3,4,18,400,"floor_sqrt_p",7,15,3,0.81651376146789
"NUC_vs_CONTROL",4,3,5,18,400,"floor_sqrt_p",2,14,3,0.860550458715596
"NUC_vs_CONTROL",4,3,5,18,400,"floor_sqrt_p",5,14,3,0.853211009174312
"NUC_vs_CONTROL",4,3,5,18,400,"floor_sqrt_p",7,14,3,0.851376146788991
"NUC_vs_CONTROL",4,3,1,19,400,"floor_sqrt_p",2,16,4,0.847985347985348
"NUC_vs_CONTROL",4,3,1,19,400,"floor_sqrt_p",5,16,4,0.835164835164835
"NUC_vs_CONTROL",4,3,1,19,400,"floor_sqrt_p",7,16,4,0.846153846153846
"NUC_vs_CONTROL",4,3,2,19,400,"floor_sqrt_p",2,15,3,0.860805860805861
"NUC_vs_CONTROL",4,3,2,19,400,"floor_sqrt_p",5,15,3,0.864468864468865
"NUC_vs_CONTROL",4,3,2,19,400,"floor_sqrt_p",7,15,3,0.857142857142857
"NUC_vs_CONTROL",4,3,3,19,400,"floor_sqrt_p",2,15,3,0.860805860805861
"NUC_vs_CONTROL",4,3,3,19,400,"floor_sqrt_p",5,15,3,0.855311355311355
"NUC_vs_CONTROL",4,3,3,19,400,"floor_sqrt_p",7,15,3,0.864468864468865
"NUC_vs_CONTROL",4,3,4,19,400,"floor_sqrt_p",2,15,3,0.823853211009174
"NUC_vs_CONTROL",4,3,4,19,400,"floor_sqrt_p",5,15,3,0.805504587155963
"NUC_vs_CONTROL",4,3,4,19,400,"floor_sqrt_p",7,15,3,0.814678899082569
"NUC_vs_CONTROL",4,3,5,19,400,"floor_sqrt_p",2,15,3,0.844036697247706
"NUC_vs_CONTROL",4,3,5,19,400,"floor_sqrt_p",5,15,3,0.847706422018349
"NUC_vs_CONTROL",4,3,5,19,400,"floor_sqrt_p",7,15,3,0.858715596330275
"NUC_vs_CONTROL",4,3,1,20,400,"floor_sqrt_p",2,16,4,0.858974358974359
"NUC_vs_CONTROL",4,3,1,20,400,"floor_sqrt_p",5,16,4,0.855311355311355
"NUC_vs_CONTROL",4,3,1,20,400,"floor_sqrt_p",7,16,4,0.851648351648352
"NUC_vs_CONTROL",4,3,2,20,400,"floor_sqrt_p",2,16,4,0.855311355311355
"NUC_vs_CONTROL",4,3,2,20,400,"floor_sqrt_p",5,16,4,0.857142857142857
"NUC_vs_CONTROL",4,3,2,20,400,"floor_sqrt_p",7,16,4,0.857142857142857
"NUC_vs_CONTROL",4,3,3,20,400,"floor_sqrt_p",2,15,3,0.860805860805861
"NUC_vs_CONTROL",4,3,3,20,400,"floor_sqrt_p",5,15,3,0.857142857142857
"NUC_vs_CONTROL",4,3,3,20,400,"floor_sqrt_p",7,15,3,0.855311355311355
"NUC_vs_CONTROL",4,3,4,20,400,"floor_sqrt_p",2,16,4,0.844036697247706
"NUC_vs_CONTROL",4,3,4,20,400,"floor_sqrt_p",5,16,4,0.825688073394495
"NUC_vs_CONTROL",4,3,4,20,400,"floor_sqrt_p",7,16,4,0.825688073394495
"NUC_vs_CONTROL",4,3,5,20,400,"floor_sqrt_p",2,15,3,0.853211009174312
"NUC_vs_CONTROL",4,3,5,20,400,"floor_sqrt_p",5,15,3,0.845871559633028
"NUC_vs_CONTROL",4,3,5,20,400,"floor_sqrt_p",7,15,3,0.851376146788991
"NUC_vs_CONTROL",4,4,1,6,400,"floor_sqrt_p",2,6,2,0.822669104204753
"NUC_vs_CONTROL",4,4,1,6,400,"floor_sqrt_p",5,6,2,0.820840950639854
"NUC_vs_CONTROL",4,4,1,6,400,"floor_sqrt_p",7,6,2,0.822669104204753
"NUC_vs_CONTROL",4,4,2,6,400,"floor_sqrt_p",2,6,2,0.831501831501832
"NUC_vs_CONTROL",4,4,2,6,400,"floor_sqrt_p",5,6,2,0.836996336996337
"NUC_vs_CONTROL",4,4,2,6,400,"floor_sqrt_p",7,6,2,0.82967032967033
"NUC_vs_CONTROL",4,4,3,6,400,"floor_sqrt_p",2,6,2,0.836996336996337
"NUC_vs_CONTROL",4,4,3,6,400,"floor_sqrt_p",5,6,2,0.840659340659341
"NUC_vs_CONTROL",4,4,3,6,400,"floor_sqrt_p",7,6,2,0.831501831501832
"NUC_vs_CONTROL",4,4,4,6,400,"floor_sqrt_p",2,6,2,0.801834862385321
"NUC_vs_CONTROL",4,4,4,6,400,"floor_sqrt_p",5,6,2,0.805504587155963
"NUC_vs_CONTROL",4,4,4,6,400,"floor_sqrt_p",7,6,2,0.796330275229358
"NUC_vs_CONTROL",4,4,5,6,400,"floor_sqrt_p",2,6,2,0.834862385321101
"NUC_vs_CONTROL",4,4,5,6,400,"floor_sqrt_p",5,6,2,0.838532110091743
"NUC_vs_CONTROL",4,4,5,6,400,"floor_sqrt_p",7,6,2,0.834862385321101
"NUC_vs_CONTROL",4,4,1,7,400,"floor_sqrt_p",2,7,2,0.851919561243144
"NUC_vs_CONTROL",4,4,1,7,400,"floor_sqrt_p",5,7,2,0.846435100548446
"NUC_vs_CONTROL",4,4,1,7,400,"floor_sqrt_p",7,7,2,0.846435100548446
"NUC_vs_CONTROL",4,4,2,7,400,"floor_sqrt_p",2,7,2,0.826007326007326
"NUC_vs_CONTROL",4,4,2,7,400,"floor_sqrt_p",5,7,2,0.82967032967033
"NUC_vs_CONTROL",4,4,2,7,400,"floor_sqrt_p",7,7,2,0.827838827838828
"NUC_vs_CONTROL",4,4,3,7,400,"floor_sqrt_p",2,8,2,0.846153846153846
"NUC_vs_CONTROL",4,4,3,7,400,"floor_sqrt_p",5,8,2,0.844322344322344
"NUC_vs_CONTROL",4,4,3,7,400,"floor_sqrt_p",7,8,2,0.842490842490842
"NUC_vs_CONTROL",4,4,4,7,400,"floor_sqrt_p",2,7,2,0.814678899082569
"NUC_vs_CONTROL",4,4,4,7,400,"floor_sqrt_p",5,7,2,0.812844036697248
"NUC_vs_CONTROL",4,4,4,7,400,"floor_sqrt_p",7,7,2,0.805504587155963
"NUC_vs_CONTROL",4,4,5,7,400,"floor_sqrt_p",2,8,2,0.836697247706422
"NUC_vs_CONTROL",4,4,5,7,400,"floor_sqrt_p",5,8,2,0.845871559633028
"NUC_vs_CONTROL",4,4,5,7,400,"floor_sqrt_p",7,8,2,0.844036697247706
"NUC_vs_CONTROL",4,4,1,8,400,"floor_sqrt_p",2,8,2,0.861060329067642
"NUC_vs_CONTROL",4,4,1,8,400,"floor_sqrt_p",5,8,2,0.86471663619744
"NUC_vs_CONTROL",4,4,1,8,400,"floor_sqrt_p",7,8,2,0.86471663619744
"NUC_vs_CONTROL",4,4,2,8,400,"floor_sqrt_p",2,8,2,0.847985347985348
"NUC_vs_CONTROL",4,4,2,8,400,"floor_sqrt_p",5,8,2,0.84981684981685
"NUC_vs_CONTROL",4,4,2,8,400,"floor_sqrt_p",7,8,2,0.855311355311355
"NUC_vs_CONTROL",4,4,3,8,400,"floor_sqrt_p",2,9,3,0.858974358974359
"NUC_vs_CONTROL",4,4,3,8,400,"floor_sqrt_p",5,9,3,0.864468864468865
"NUC_vs_CONTROL",4,4,3,8,400,"floor_sqrt_p",7,9,3,0.860805860805861
"NUC_vs_CONTROL",4,4,4,8,400,"floor_sqrt_p",2,8,2,0.836697247706422
"NUC_vs_CONTROL",4,4,4,8,400,"floor_sqrt_p",5,8,2,0.827522935779817
"NUC_vs_CONTROL",4,4,4,8,400,"floor_sqrt_p",7,8,2,0.825688073394495
"NUC_vs_CONTROL",4,4,5,8,400,"floor_sqrt_p",2,8,2,0.844036697247706
"NUC_vs_CONTROL",4,4,5,8,400,"floor_sqrt_p",5,8,2,0.853211009174312
"NUC_vs_CONTROL",4,4,5,8,400,"floor_sqrt_p",7,8,2,0.847706422018349
"NUC_vs_CONTROL",4,4,1,9,400,"floor_sqrt_p",2,9,3,0.853747714808044
"NUC_vs_CONTROL",4,4,1,9,400,"floor_sqrt_p",5,9,3,0.853747714808044
"NUC_vs_CONTROL",4,4,1,9,400,"floor_sqrt_p",7,9,3,0.850091407678245
"NUC_vs_CONTROL",4,4,2,9,400,"floor_sqrt_p",2,9,3,0.864468864468865
"NUC_vs_CONTROL",4,4,2,9,400,"floor_sqrt_p",5,9,3,0.860805860805861
"NUC_vs_CONTROL",4,4,2,9,400,"floor_sqrt_p",7,9,3,0.868131868131868
"NUC_vs_CONTROL",4,4,3,9,400,"floor_sqrt_p",2,10,3,0.862637362637363
"NUC_vs_CONTROL",4,4,3,9,400,"floor_sqrt_p",5,10,3,0.866300366300366
"NUC_vs_CONTROL",4,4,3,9,400,"floor_sqrt_p",7,10,3,0.857142857142857
"NUC_vs_CONTROL",4,4,4,9,400,"floor_sqrt_p",2,9,3,0.820183486238532
"NUC_vs_CONTROL",4,4,4,9,400,"floor_sqrt_p",5,9,3,0.834862385321101
"NUC_vs_CONTROL",4,4,4,9,400,"floor_sqrt_p",7,9,3,0.820183486238532
"NUC_vs_CONTROL",4,4,5,9,400,"floor_sqrt_p",2,9,3,0.84954128440367
"NUC_vs_CONTROL",4,4,5,9,400,"floor_sqrt_p",5,9,3,0.862385321100917
"NUC_vs_CONTROL",4,4,5,9,400,"floor_sqrt_p",7,9,3,0.858715596330275
"NUC_vs_CONTROL",4,4,1,10,400,"floor_sqrt_p",2,10,3,0.862888482632541
"NUC_vs_CONTROL",4,4,1,10,400,"floor_sqrt_p",5,10,3,0.86654478976234
"NUC_vs_CONTROL",4,4,1,10,400,"floor_sqrt_p",7,10,3,0.861060329067642
"NUC_vs_CONTROL",4,4,2,10,400,"floor_sqrt_p",2,10,3,0.875457875457875
"NUC_vs_CONTROL",4,4,2,10,400,"floor_sqrt_p",5,10,3,0.873626373626374
"NUC_vs_CONTROL",4,4,2,10,400,"floor_sqrt_p",7,10,3,0.873626373626374
"NUC_vs_CONTROL",4,4,3,10,400,"floor_sqrt_p",2,10,3,0.84981684981685
"NUC_vs_CONTROL",4,4,3,10,400,"floor_sqrt_p",5,10,3,0.84981684981685
"NUC_vs_CONTROL",4,4,3,10,400,"floor_sqrt_p",7,10,3,0.842490842490842
"NUC_vs_CONTROL",4,4,4,10,400,"floor_sqrt_p",2,10,3,0.838532110091743
"NUC_vs_CONTROL",4,4,4,10,400,"floor_sqrt_p",5,10,3,0.842201834862385
"NUC_vs_CONTROL",4,4,4,10,400,"floor_sqrt_p",7,10,3,0.831192660550459
"NUC_vs_CONTROL",4,4,5,10,400,"floor_sqrt_p",2,10,3,0.867889908256881
"NUC_vs_CONTROL",4,4,5,10,400,"floor_sqrt_p",5,10,3,0.864220183486239
"NUC_vs_CONTROL",4,4,5,10,400,"floor_sqrt_p",7,10,3,0.858715596330275
"NUC_vs_CONTROL",4,4,1,11,400,"floor_sqrt_p",2,11,3,0.86654478976234
"NUC_vs_CONTROL",4,4,1,11,400,"floor_sqrt_p",5,11,3,0.86471663619744
"NUC_vs_CONTROL",4,4,1,11,400,"floor_sqrt_p",7,11,3,0.86837294332724
"NUC_vs_CONTROL",4,4,2,11,400,"floor_sqrt_p",2,11,3,0.875457875457875
"NUC_vs_CONTROL",4,4,2,11,400,"floor_sqrt_p",5,11,3,0.875457875457875
"NUC_vs_CONTROL",4,4,2,11,400,"floor_sqrt_p",7,11,3,0.871794871794872
"NUC_vs_CONTROL",4,4,3,11,400,"floor_sqrt_p",2,11,3,0.855311355311355
"NUC_vs_CONTROL",4,4,3,11,400,"floor_sqrt_p",5,11,3,0.857142857142857
"NUC_vs_CONTROL",4,4,3,11,400,"floor_sqrt_p",7,11,3,0.860805860805861
"NUC_vs_CONTROL",4,4,4,11,400,"floor_sqrt_p",2,10,3,0.838532110091743
"NUC_vs_CONTROL",4,4,4,11,400,"floor_sqrt_p",5,10,3,0.83302752293578
"NUC_vs_CONTROL",4,4,4,11,400,"floor_sqrt_p",7,10,3,0.834862385321101
"NUC_vs_CONTROL",4,4,5,11,400,"floor_sqrt_p",2,11,3,0.860550458715596
"NUC_vs_CONTROL",4,4,5,11,400,"floor_sqrt_p",5,11,3,0.84954128440367
"NUC_vs_CONTROL",4,4,5,11,400,"floor_sqrt_p",7,11,3,0.84954128440367
"NUC_vs_CONTROL",4,4,1,12,400,"floor_sqrt_p",2,11,3,0.86471663619744
"NUC_vs_CONTROL",4,4,1,12,400,"floor_sqrt_p",5,11,3,0.872029250457038
"NUC_vs_CONTROL",4,4,1,12,400,"floor_sqrt_p",7,11,3,0.872029250457038
"NUC_vs_CONTROL",4,4,2,12,400,"floor_sqrt_p",2,11,3,0.875457875457875
"NUC_vs_CONTROL",4,4,2,12,400,"floor_sqrt_p",5,11,3,0.862637362637363
"NUC_vs_CONTROL",4,4,2,12,400,"floor_sqrt_p",7,11,3,0.875457875457875
"NUC_vs_CONTROL",4,4,3,12,400,"floor_sqrt_p",2,12,3,0.847985347985348
"NUC_vs_CONTROL",4,4,3,12,400,"floor_sqrt_p",5,12,3,0.840659340659341
"NUC_vs_CONTROL",4,4,3,12,400,"floor_sqrt_p",7,12,3,0.847985347985348
"NUC_vs_CONTROL",4,4,4,12,400,"floor_sqrt_p",2,11,3,0.825688073394495
"NUC_vs_CONTROL",4,4,4,12,400,"floor_sqrt_p",5,11,3,0.83302752293578
"NUC_vs_CONTROL",4,4,4,12,400,"floor_sqrt_p",7,11,3,0.823853211009174
"NUC_vs_CONTROL",4,4,5,12,400,"floor_sqrt_p",2,11,3,0.851376146788991
"NUC_vs_CONTROL",4,4,5,12,400,"floor_sqrt_p",5,11,3,0.855045871559633
"NUC_vs_CONTROL",4,4,5,12,400,"floor_sqrt_p",7,11,3,0.84954128440367
"NUC_vs_CONTROL",4,4,1,13,400,"floor_sqrt_p",2,12,3,0.875685557586837
"NUC_vs_CONTROL",4,4,1,13,400,"floor_sqrt_p",5,12,3,0.881170018281536
"NUC_vs_CONTROL",4,4,1,13,400,"floor_sqrt_p",7,12,3,0.86837294332724
"NUC_vs_CONTROL",4,4,2,13,400,"floor_sqrt_p",2,12,3,0.86996336996337
"NUC_vs_CONTROL",4,4,2,13,400,"floor_sqrt_p",5,12,3,0.875457875457875
"NUC_vs_CONTROL",4,4,2,13,400,"floor_sqrt_p",7,12,3,0.864468864468865
"NUC_vs_CONTROL",4,4,3,13,400,"floor_sqrt_p",2,12,3,0.838827838827839
"NUC_vs_CONTROL",4,4,3,13,400,"floor_sqrt_p",5,12,3,0.844322344322344
"NUC_vs_CONTROL",4,4,3,13,400,"floor_sqrt_p",7,12,3,0.842490842490842
"NUC_vs_CONTROL",4,4,4,13,400,"floor_sqrt_p",2,12,3,0.831192660550459
"NUC_vs_CONTROL",4,4,4,13,400,"floor_sqrt_p",5,12,3,0.829357798165138
"NUC_vs_CONTROL",4,4,4,13,400,"floor_sqrt_p",7,12,3,0.829357798165138
"NUC_vs_CONTROL",4,4,5,13,400,"floor_sqrt_p",2,12,3,0.855045871559633
"NUC_vs_CONTROL",4,4,5,13,400,"floor_sqrt_p",5,12,3,0.855045871559633
"NUC_vs_CONTROL",4,4,5,13,400,"floor_sqrt_p",7,12,3,0.853211009174312
"NUC_vs_CONTROL",4,4,1,14,400,"floor_sqrt_p",2,12,3,0.886654478976234
"NUC_vs_CONTROL",4,4,1,14,400,"floor_sqrt_p",5,12,3,0.882998171846435
"NUC_vs_CONTROL",4,4,1,14,400,"floor_sqrt_p",7,12,3,0.877513711151737
"NUC_vs_CONTROL",4,4,2,14,400,"floor_sqrt_p",2,12,3,0.860805860805861
"NUC_vs_CONTROL",4,4,2,14,400,"floor_sqrt_p",5,12,3,0.862637362637363
"NUC_vs_CONTROL",4,4,2,14,400,"floor_sqrt_p",7,12,3,0.853479853479853
"NUC_vs_CONTROL",4,4,3,14,400,"floor_sqrt_p",2,13,3,0.853479853479853
"NUC_vs_CONTROL",4,4,3,14,400,"floor_sqrt_p",5,13,3,0.847985347985348
"NUC_vs_CONTROL",4,4,3,14,400,"floor_sqrt_p",7,13,3,0.84981684981685
"NUC_vs_CONTROL",4,4,4,14,400,"floor_sqrt_p",2,12,3,0.834862385321101
"NUC_vs_CONTROL",4,4,4,14,400,"floor_sqrt_p",5,12,3,0.842201834862385
"NUC_vs_CONTROL",4,4,4,14,400,"floor_sqrt_p",7,12,3,0.840366972477064
"NUC_vs_CONTROL",4,4,5,14,400,"floor_sqrt_p",2,12,3,0.851376146788991
"NUC_vs_CONTROL",4,4,5,14,400,"floor_sqrt_p",5,12,3,0.855045871559633
"NUC_vs_CONTROL",4,4,5,14,400,"floor_sqrt_p",7,12,3,0.860550458715596
"NUC_vs_CONTROL",4,4,1,15,400,"floor_sqrt_p",2,13,3,0.877513711151737
"NUC_vs_CONTROL",4,4,1,15,400,"floor_sqrt_p",5,13,3,0.893967093235832
"NUC_vs_CONTROL",4,4,1,15,400,"floor_sqrt_p",7,13,3,0.884826325411335
"NUC_vs_CONTROL",4,4,2,15,400,"floor_sqrt_p",2,13,3,0.868131868131868
"NUC_vs_CONTROL",4,4,2,15,400,"floor_sqrt_p",5,13,3,0.864468864468865
"NUC_vs_CONTROL",4,4,2,15,400,"floor_sqrt_p",7,13,3,0.866300366300366
"NUC_vs_CONTROL",4,4,3,15,400,"floor_sqrt_p",2,14,3,0.831501831501832
"NUC_vs_CONTROL",4,4,3,15,400,"floor_sqrt_p",5,14,3,0.836996336996337
"NUC_vs_CONTROL",4,4,3,15,400,"floor_sqrt_p",7,14,3,0.833333333333333
"NUC_vs_CONTROL",4,4,4,15,400,"floor_sqrt_p",2,13,3,0.83302752293578
"NUC_vs_CONTROL",4,4,4,15,400,"floor_sqrt_p",5,13,3,0.831192660550459
"NUC_vs_CONTROL",4,4,4,15,400,"floor_sqrt_p",7,13,3,0.825688073394495
"NUC_vs_CONTROL",4,4,5,15,400,"floor_sqrt_p",2,13,3,0.845871559633028
"NUC_vs_CONTROL",4,4,5,15,400,"floor_sqrt_p",5,13,3,0.834862385321101
"NUC_vs_CONTROL",4,4,5,15,400,"floor_sqrt_p",7,13,3,0.845871559633028
"NUC_vs_CONTROL",4,4,1,16,400,"floor_sqrt_p",2,14,3,0.877513711151737
"NUC_vs_CONTROL",4,4,1,16,400,"floor_sqrt_p",5,14,3,0.879341864716636
"NUC_vs_CONTROL",4,4,1,16,400,"floor_sqrt_p",7,14,3,0.884826325411335
"NUC_vs_CONTROL",4,4,2,16,400,"floor_sqrt_p",2,14,3,0.858974358974359
"NUC_vs_CONTROL",4,4,2,16,400,"floor_sqrt_p",5,14,3,0.851648351648352
"NUC_vs_CONTROL",4,4,2,16,400,"floor_sqrt_p",7,14,3,0.847985347985348
"NUC_vs_CONTROL",4,4,3,16,400,"floor_sqrt_p",2,14,3,0.833333333333333
"NUC_vs_CONTROL",4,4,3,16,400,"floor_sqrt_p",5,14,3,0.831501831501832
"NUC_vs_CONTROL",4,4,3,16,400,"floor_sqrt_p",7,14,3,0.827838827838828
"NUC_vs_CONTROL",4,4,4,16,400,"floor_sqrt_p",2,14,3,0.84954128440367
"NUC_vs_CONTROL",4,4,4,16,400,"floor_sqrt_p",5,14,3,0.845871559633028
"NUC_vs_CONTROL",4,4,4,16,400,"floor_sqrt_p",7,14,3,0.842201834862385
"NUC_vs_CONTROL",4,4,5,16,400,"floor_sqrt_p",2,14,3,0.855045871559633
"NUC_vs_CONTROL",4,4,5,16,400,"floor_sqrt_p",5,14,3,0.853211009174312
"NUC_vs_CONTROL",4,4,5,16,400,"floor_sqrt_p",7,14,3,0.860550458715596
"NUC_vs_CONTROL",4,4,1,17,400,"floor_sqrt_p",2,14,3,0.877513711151737
"NUC_vs_CONTROL",4,4,1,17,400,"floor_sqrt_p",5,14,3,0.872029250457038
"NUC_vs_CONTROL",4,4,1,17,400,"floor_sqrt_p",7,14,3,0.86837294332724
"NUC_vs_CONTROL",4,4,2,17,400,"floor_sqrt_p",2,14,3,0.864468864468865
"NUC_vs_CONTROL",4,4,2,17,400,"floor_sqrt_p",5,14,3,0.866300366300366
"NUC_vs_CONTROL",4,4,2,17,400,"floor_sqrt_p",7,14,3,0.866300366300366
"NUC_vs_CONTROL",4,4,3,17,400,"floor_sqrt_p",2,15,3,0.844322344322344
"NUC_vs_CONTROL",4,4,3,17,400,"floor_sqrt_p",5,15,3,0.840659340659341
"NUC_vs_CONTROL",4,4,3,17,400,"floor_sqrt_p",7,15,3,0.840659340659341
"NUC_vs_CONTROL",4,4,4,17,400,"floor_sqrt_p",2,14,3,0.844036697247706
"NUC_vs_CONTROL",4,4,4,17,400,"floor_sqrt_p",5,14,3,0.842201834862385
"NUC_vs_CONTROL",4,4,4,17,400,"floor_sqrt_p",7,14,3,0.84954128440367
"NUC_vs_CONTROL",4,4,5,17,400,"floor_sqrt_p",2,14,3,0.867889908256881
"NUC_vs_CONTROL",4,4,5,17,400,"floor_sqrt_p",5,14,3,0.860550458715596
"NUC_vs_CONTROL",4,4,5,17,400,"floor_sqrt_p",7,14,3,0.856880733944954
"NUC_vs_CONTROL",4,4,1,18,400,"floor_sqrt_p",2,15,3,0.873857404021938
"NUC_vs_CONTROL",4,4,1,18,400,"floor_sqrt_p",5,15,3,0.873857404021938
"NUC_vs_CONTROL",4,4,1,18,400,"floor_sqrt_p",7,15,3,0.86471663619744
"NUC_vs_CONTROL",4,4,2,18,400,"floor_sqrt_p",2,15,3,0.860805860805861
"NUC_vs_CONTROL",4,4,2,18,400,"floor_sqrt_p",5,15,3,0.864468864468865
"NUC_vs_CONTROL",4,4,2,18,400,"floor_sqrt_p",7,15,3,0.853479853479853
"NUC_vs_CONTROL",4,4,3,18,400,"floor_sqrt_p",2,15,3,0.844322344322344
"NUC_vs_CONTROL",4,4,3,18,400,"floor_sqrt_p",5,15,3,0.836996336996337
"NUC_vs_CONTROL",4,4,3,18,400,"floor_sqrt_p",7,15,3,0.840659340659341
"NUC_vs_CONTROL",4,4,4,18,400,"floor_sqrt_p",2,15,3,0.856880733944954
"NUC_vs_CONTROL",4,4,4,18,400,"floor_sqrt_p",5,15,3,0.856880733944954
"NUC_vs_CONTROL",4,4,4,18,400,"floor_sqrt_p",7,15,3,0.855045871559633
"NUC_vs_CONTROL",4,4,5,18,400,"floor_sqrt_p",2,15,3,0.86605504587156
"NUC_vs_CONTROL",4,4,5,18,400,"floor_sqrt_p",5,15,3,0.86605504587156
"NUC_vs_CONTROL",4,4,5,18,400,"floor_sqrt_p",7,15,3,0.858715596330275
"NUC_vs_CONTROL",4,4,1,19,400,"floor_sqrt_p",2,15,3,0.873857404021938
"NUC_vs_CONTROL",4,4,1,19,400,"floor_sqrt_p",5,15,3,0.873857404021938
"NUC_vs_CONTROL",4,4,1,19,400,"floor_sqrt_p",7,15,3,0.879341864716636
"NUC_vs_CONTROL",4,4,2,19,400,"floor_sqrt_p",2,15,3,0.857142857142857
"NUC_vs_CONTROL",4,4,2,19,400,"floor_sqrt_p",5,15,3,0.864468864468865
"NUC_vs_CONTROL",4,4,2,19,400,"floor_sqrt_p",7,15,3,0.857142857142857
"NUC_vs_CONTROL",4,4,3,19,400,"floor_sqrt_p",2,16,4,0.827838827838828
"NUC_vs_CONTROL",4,4,3,19,400,"floor_sqrt_p",5,16,4,0.838827838827839
"NUC_vs_CONTROL",4,4,3,19,400,"floor_sqrt_p",7,16,4,0.840659340659341
"NUC_vs_CONTROL",4,4,4,19,400,"floor_sqrt_p",2,15,3,0.856880733944954
"NUC_vs_CONTROL",4,4,4,19,400,"floor_sqrt_p",5,15,3,0.853211009174312
"NUC_vs_CONTROL",4,4,4,19,400,"floor_sqrt_p",7,15,3,0.856880733944954
"NUC_vs_CONTROL",4,4,5,19,400,"floor_sqrt_p",2,15,3,0.845871559633028
"NUC_vs_CONTROL",4,4,5,19,400,"floor_sqrt_p",5,15,3,0.845871559633028
"NUC_vs_CONTROL",4,4,5,19,400,"floor_sqrt_p",7,15,3,0.845871559633028
"NUC_vs_CONTROL",4,4,1,20,400,"floor_sqrt_p",2,16,4,0.888482632541133
"NUC_vs_CONTROL",4,4,1,20,400,"floor_sqrt_p",5,16,4,0.884826325411335
"NUC_vs_CONTROL",4,4,1,20,400,"floor_sqrt_p",7,16,4,0.877513711151737
"NUC_vs_CONTROL",4,4,2,20,400,"floor_sqrt_p",2,15,3,0.866300366300366
"NUC_vs_CONTROL",4,4,2,20,400,"floor_sqrt_p",5,15,3,0.860805860805861
"NUC_vs_CONTROL",4,4,2,20,400,"floor_sqrt_p",7,15,3,0.855311355311355
"NUC_vs_CONTROL",4,4,3,20,400,"floor_sqrt_p",2,16,4,0.842490842490842
"NUC_vs_CONTROL",4,4,3,20,400,"floor_sqrt_p",5,16,4,0.842490842490842
"NUC_vs_CONTROL",4,4,3,20,400,"floor_sqrt_p",7,16,4,0.842490842490842
"NUC_vs_CONTROL",4,4,4,20,400,"floor_sqrt_p",2,15,3,0.858715596330275
"NUC_vs_CONTROL",4,4,4,20,400,"floor_sqrt_p",5,15,3,0.845871559633028
"NUC_vs_CONTROL",4,4,4,20,400,"floor_sqrt_p",7,15,3,0.851376146788991
"NUC_vs_CONTROL",4,4,5,20,400,"floor_sqrt_p",2,15,3,0.845871559633028
"NUC_vs_CONTROL",4,4,5,20,400,"floor_sqrt_p",5,15,3,0.853211009174312
"NUC_vs_CONTROL",4,4,5,20,400,"floor_sqrt_p",7,15,3,0.856880733944954
"NUC_vs_CONTROL",4,5,1,6,400,"floor_sqrt_p",2,6,2,0.842778793418647
"NUC_vs_CONTROL",4,5,1,6,400,"floor_sqrt_p",5,6,2,0.842778793418647
"NUC_vs_CONTROL",4,5,1,6,400,"floor_sqrt_p",7,6,2,0.840950639853748
"NUC_vs_CONTROL",4,5,2,6,400,"floor_sqrt_p",2,6,2,0.818681318681319
"NUC_vs_CONTROL",4,5,2,6,400,"floor_sqrt_p",5,6,2,0.815018315018315
"NUC_vs_CONTROL",4,5,2,6,400,"floor_sqrt_p",7,6,2,0.80952380952381
"NUC_vs_CONTROL",4,5,3,6,400,"floor_sqrt_p",2,6,2,0.811355311355311
"NUC_vs_CONTROL",4,5,3,6,400,"floor_sqrt_p",5,6,2,0.816849816849817
"NUC_vs_CONTROL",4,5,3,6,400,"floor_sqrt_p",7,6,2,0.82051282051282
"NUC_vs_CONTROL",4,5,4,6,400,"floor_sqrt_p",2,6,2,0.823853211009174
"NUC_vs_CONTROL",4,5,4,6,400,"floor_sqrt_p",5,6,2,0.831192660550459
"NUC_vs_CONTROL",4,5,4,6,400,"floor_sqrt_p",7,6,2,0.829357798165138
"NUC_vs_CONTROL",4,5,5,6,400,"floor_sqrt_p",2,6,2,0.834862385321101
"NUC_vs_CONTROL",4,5,5,6,400,"floor_sqrt_p",5,6,2,0.829357798165138
"NUC_vs_CONTROL",4,5,5,6,400,"floor_sqrt_p",7,6,2,0.827522935779817
"NUC_vs_CONTROL",4,5,1,7,400,"floor_sqrt_p",2,7,2,0.862888482632541
"NUC_vs_CONTROL",4,5,1,7,400,"floor_sqrt_p",5,7,2,0.855575868372943
"NUC_vs_CONTROL",4,5,1,7,400,"floor_sqrt_p",7,7,2,0.853747714808044
"NUC_vs_CONTROL",4,5,2,7,400,"floor_sqrt_p",2,7,2,0.826007326007326
"NUC_vs_CONTROL",4,5,2,7,400,"floor_sqrt_p",5,7,2,0.824175824175824
"NUC_vs_CONTROL",4,5,2,7,400,"floor_sqrt_p",7,7,2,0.824175824175824
"NUC_vs_CONTROL",4,5,3,7,400,"floor_sqrt_p",2,7,2,0.818681318681319
"NUC_vs_CONTROL",4,5,3,7,400,"floor_sqrt_p",5,7,2,0.824175824175824
"NUC_vs_CONTROL",4,5,3,7,400,"floor_sqrt_p",7,7,2,0.815018315018315
"NUC_vs_CONTROL",4,5,4,7,400,"floor_sqrt_p",2,7,2,0.823853211009174
"NUC_vs_CONTROL",4,5,4,7,400,"floor_sqrt_p",5,7,2,0.814678899082569
"NUC_vs_CONTROL",4,5,4,7,400,"floor_sqrt_p",7,7,2,0.818348623853211
"NUC_vs_CONTROL",4,5,5,7,400,"floor_sqrt_p",2,7,2,0.84954128440367
"NUC_vs_CONTROL",4,5,5,7,400,"floor_sqrt_p",5,7,2,0.845871559633028
"NUC_vs_CONTROL",4,5,5,7,400,"floor_sqrt_p",7,7,2,0.84954128440367
"NUC_vs_CONTROL",4,5,1,8,400,"floor_sqrt_p",2,8,2,0.822669104204753
"NUC_vs_CONTROL",4,5,1,8,400,"floor_sqrt_p",5,8,2,0.822669104204753
"NUC_vs_CONTROL",4,5,1,8,400,"floor_sqrt_p",7,8,2,0.83180987202925
"NUC_vs_CONTROL",4,5,2,8,400,"floor_sqrt_p",2,8,2,0.842490842490842
"NUC_vs_CONTROL",4,5,2,8,400,"floor_sqrt_p",5,8,2,0.840659340659341
"NUC_vs_CONTROL",4,5,2,8,400,"floor_sqrt_p",7,8,2,0.847985347985348
"NUC_vs_CONTROL",4,5,3,8,400,"floor_sqrt_p",2,8,2,0.846153846153846
"NUC_vs_CONTROL",4,5,3,8,400,"floor_sqrt_p",5,8,2,0.836996336996337
"NUC_vs_CONTROL",4,5,3,8,400,"floor_sqrt_p",7,8,2,0.838827838827839
"NUC_vs_CONTROL",4,5,4,8,400,"floor_sqrt_p",2,8,2,0.83302752293578
"NUC_vs_CONTROL",4,5,4,8,400,"floor_sqrt_p",5,8,2,0.836697247706422
"NUC_vs_CONTROL",4,5,4,8,400,"floor_sqrt_p",7,8,2,0.823853211009174
"NUC_vs_CONTROL",4,5,5,8,400,"floor_sqrt_p",2,8,2,0.834862385321101
"NUC_vs_CONTROL",4,5,5,8,400,"floor_sqrt_p",5,8,2,0.834862385321101
"NUC_vs_CONTROL",4,5,5,8,400,"floor_sqrt_p",7,8,2,0.83302752293578
"NUC_vs_CONTROL",4,5,1,9,400,"floor_sqrt_p",2,9,3,0.846435100548446
"NUC_vs_CONTROL",4,5,1,9,400,"floor_sqrt_p",5,9,3,0.844606946983547
"NUC_vs_CONTROL",4,5,1,9,400,"floor_sqrt_p",7,9,3,0.83363802559415
"NUC_vs_CONTROL",4,5,2,9,400,"floor_sqrt_p",2,9,3,0.840659340659341
"NUC_vs_CONTROL",4,5,2,9,400,"floor_sqrt_p",5,9,3,0.842490842490842
"NUC_vs_CONTROL",4,5,2,9,400,"floor_sqrt_p",7,9,3,0.842490842490842
"NUC_vs_CONTROL",4,5,3,9,400,"floor_sqrt_p",2,9,3,0.833333333333333
"NUC_vs_CONTROL",4,5,3,9,400,"floor_sqrt_p",5,9,3,0.840659340659341
"NUC_vs_CONTROL",4,5,3,9,400,"floor_sqrt_p",7,9,3,0.833333333333333
"NUC_vs_CONTROL",4,5,4,9,400,"floor_sqrt_p",2,9,3,0.829357798165138
"NUC_vs_CONTROL",4,5,4,9,400,"floor_sqrt_p",5,9,3,0.83302752293578
"NUC_vs_CONTROL",4,5,4,9,400,"floor_sqrt_p",7,9,3,0.829357798165138
"NUC_vs_CONTROL",4,5,5,9,400,"floor_sqrt_p",2,9,3,0.842201834862385
"NUC_vs_CONTROL",4,5,5,9,400,"floor_sqrt_p",5,9,3,0.83302752293578
"NUC_vs_CONTROL",4,5,5,9,400,"floor_sqrt_p",7,9,3,0.834862385321101
"NUC_vs_CONTROL",4,5,1,10,400,"floor_sqrt_p",2,10,3,0.853747714808044
"NUC_vs_CONTROL",4,5,1,10,400,"floor_sqrt_p",5,10,3,0.842778793418647
"NUC_vs_CONTROL",4,5,1,10,400,"floor_sqrt_p",7,10,3,0.848263254113345
"NUC_vs_CONTROL",4,5,2,10,400,"floor_sqrt_p",2,10,3,0.871794871794872
"NUC_vs_CONTROL",4,5,2,10,400,"floor_sqrt_p",5,10,3,0.873626373626374
"NUC_vs_CONTROL",4,5,2,10,400,"floor_sqrt_p",7,10,3,0.875457875457875
"NUC_vs_CONTROL",4,5,3,10,400,"floor_sqrt_p",2,10,3,0.831501831501832
"NUC_vs_CONTROL",4,5,3,10,400,"floor_sqrt_p",5,10,3,0.835164835164835
"NUC_vs_CONTROL",4,5,3,10,400,"floor_sqrt_p",7,10,3,0.827838827838828
"NUC_vs_CONTROL",4,5,4,10,400,"floor_sqrt_p",2,10,3,0.820183486238532
"NUC_vs_CONTROL",4,5,4,10,400,"floor_sqrt_p",5,10,3,0.822018348623853
"NUC_vs_CONTROL",4,5,4,10,400,"floor_sqrt_p",7,10,3,0.829357798165138
"NUC_vs_CONTROL",4,5,5,10,400,"floor_sqrt_p",2,10,3,0.838532110091743
"NUC_vs_CONTROL",4,5,5,10,400,"floor_sqrt_p",5,10,3,0.838532110091743
"NUC_vs_CONTROL",4,5,5,10,400,"floor_sqrt_p",7,10,3,0.838532110091743
"NUC_vs_CONTROL",4,5,1,11,400,"floor_sqrt_p",2,11,3,0.86471663619744
"NUC_vs_CONTROL",4,5,1,11,400,"floor_sqrt_p",5,11,3,0.857404021937843
"NUC_vs_CONTROL",4,5,1,11,400,"floor_sqrt_p",7,11,3,0.853747714808044
"NUC_vs_CONTROL",4,5,2,11,400,"floor_sqrt_p",2,11,3,0.895604395604396
"NUC_vs_CONTROL",4,5,2,11,400,"floor_sqrt_p",5,11,3,0.882783882783883
"NUC_vs_CONTROL",4,5,2,11,400,"floor_sqrt_p",7,11,3,0.884615384615385
"NUC_vs_CONTROL",4,5,3,11,400,"floor_sqrt_p",2,10,3,0.826007326007326
"NUC_vs_CONTROL",4,5,3,11,400,"floor_sqrt_p",5,10,3,0.822344322344322
"NUC_vs_CONTROL",4,5,3,11,400,"floor_sqrt_p",7,10,3,0.82051282051282
"NUC_vs_CONTROL",4,5,4,11,400,"floor_sqrt_p",2,11,3,0.836697247706422
"NUC_vs_CONTROL",4,5,4,11,400,"floor_sqrt_p",5,11,3,0.834862385321101
"NUC_vs_CONTROL",4,5,4,11,400,"floor_sqrt_p",7,11,3,0.840366972477064
"NUC_vs_CONTROL",4,5,5,11,400,"floor_sqrt_p",2,10,3,0.864220183486239
"NUC_vs_CONTROL",4,5,5,11,400,"floor_sqrt_p",5,10,3,0.851376146788991
"NUC_vs_CONTROL",4,5,5,11,400,"floor_sqrt_p",7,10,3,0.847706422018349
"NUC_vs_CONTROL",4,5,1,12,400,"floor_sqrt_p",2,11,3,0.855575868372943
"NUC_vs_CONTROL",4,5,1,12,400,"floor_sqrt_p",5,11,3,0.851919561243144
"NUC_vs_CONTROL",4,5,1,12,400,"floor_sqrt_p",7,11,3,0.857404021937843
"NUC_vs_CONTROL",4,5,2,12,400,"floor_sqrt_p",2,11,3,0.862637362637363
"NUC_vs_CONTROL",4,5,2,12,400,"floor_sqrt_p",5,11,3,0.86996336996337
"NUC_vs_CONTROL",4,5,2,12,400,"floor_sqrt_p",7,11,3,0.866300366300366
"NUC_vs_CONTROL",4,5,3,12,400,"floor_sqrt_p",2,11,3,0.835164835164835
"NUC_vs_CONTROL",4,5,3,12,400,"floor_sqrt_p",5,11,3,0.815018315018315
"NUC_vs_CONTROL",4,5,3,12,400,"floor_sqrt_p",7,11,3,0.816849816849817
"NUC_vs_CONTROL",4,5,4,12,400,"floor_sqrt_p",2,11,3,0.842201834862385
"NUC_vs_CONTROL",4,5,4,12,400,"floor_sqrt_p",5,11,3,0.845871559633028
"NUC_vs_CONTROL",4,5,4,12,400,"floor_sqrt_p",7,11,3,0.836697247706422
"NUC_vs_CONTROL",4,5,5,12,400,"floor_sqrt_p",2,11,3,0.847706422018349
"NUC_vs_CONTROL",4,5,5,12,400,"floor_sqrt_p",5,11,3,0.851376146788991
"NUC_vs_CONTROL",4,5,5,12,400,"floor_sqrt_p",7,11,3,0.856880733944954
"NUC_vs_CONTROL",4,5,1,13,400,"floor_sqrt_p",2,12,3,0.851919561243144
"NUC_vs_CONTROL",4,5,1,13,400,"floor_sqrt_p",5,12,3,0.848263254113345
"NUC_vs_CONTROL",4,5,1,13,400,"floor_sqrt_p",7,12,3,0.851919561243144
"NUC_vs_CONTROL",4,5,2,13,400,"floor_sqrt_p",2,12,3,0.864468864468865
"NUC_vs_CONTROL",4,5,2,13,400,"floor_sqrt_p",5,12,3,0.853479853479853
"NUC_vs_CONTROL",4,5,2,13,400,"floor_sqrt_p",7,12,3,0.864468864468865
"NUC_vs_CONTROL",4,5,3,13,400,"floor_sqrt_p",2,12,3,0.833333333333333
"NUC_vs_CONTROL",4,5,3,13,400,"floor_sqrt_p",5,12,3,0.827838827838828
"NUC_vs_CONTROL",4,5,3,13,400,"floor_sqrt_p",7,12,3,0.82967032967033
"NUC_vs_CONTROL",4,5,4,13,400,"floor_sqrt_p",2,12,3,0.836697247706422
"NUC_vs_CONTROL",4,5,4,13,400,"floor_sqrt_p",5,12,3,0.844036697247706
"NUC_vs_CONTROL",4,5,4,13,400,"floor_sqrt_p",7,12,3,0.840366972477064
"NUC_vs_CONTROL",4,5,5,13,400,"floor_sqrt_p",2,11,3,0.856880733944954
"NUC_vs_CONTROL",4,5,5,13,400,"floor_sqrt_p",5,11,3,0.855045871559633
"NUC_vs_CONTROL",4,5,5,13,400,"floor_sqrt_p",7,11,3,0.851376146788991
"NUC_vs_CONTROL",4,5,1,14,400,"floor_sqrt_p",2,12,3,0.859232175502742
"NUC_vs_CONTROL",4,5,1,14,400,"floor_sqrt_p",5,12,3,0.848263254113345
"NUC_vs_CONTROL",4,5,1,14,400,"floor_sqrt_p",7,12,3,0.857404021937843
"NUC_vs_CONTROL",4,5,2,14,400,"floor_sqrt_p",2,12,3,0.866300366300366
"NUC_vs_CONTROL",4,5,2,14,400,"floor_sqrt_p",5,12,3,0.868131868131868
"NUC_vs_CONTROL",4,5,2,14,400,"floor_sqrt_p",7,12,3,0.855311355311355
"NUC_vs_CONTROL",4,5,3,14,400,"floor_sqrt_p",2,12,3,0.813186813186813
"NUC_vs_CONTROL",4,5,3,14,400,"floor_sqrt_p",5,12,3,0.816849816849817
"NUC_vs_CONTROL",4,5,3,14,400,"floor_sqrt_p",7,12,3,0.822344322344322
"NUC_vs_CONTROL",4,5,4,14,400,"floor_sqrt_p",2,12,3,0.840366972477064
"NUC_vs_CONTROL",4,5,4,14,400,"floor_sqrt_p",5,12,3,0.845871559633028
"NUC_vs_CONTROL",4,5,4,14,400,"floor_sqrt_p",7,12,3,0.840366972477064
"NUC_vs_CONTROL",4,5,5,14,400,"floor_sqrt_p",2,12,3,0.862385321100917
"NUC_vs_CONTROL",4,5,5,14,400,"floor_sqrt_p",5,12,3,0.855045871559633
"NUC_vs_CONTROL",4,5,5,14,400,"floor_sqrt_p",7,12,3,0.84954128440367
"NUC_vs_CONTROL",4,5,1,15,400,"floor_sqrt_p",2,13,3,0.86654478976234
"NUC_vs_CONTROL",4,5,1,15,400,"floor_sqrt_p",5,13,3,0.86471663619744
"NUC_vs_CONTROL",4,5,1,15,400,"floor_sqrt_p",7,13,3,0.859232175502742
"NUC_vs_CONTROL",4,5,2,15,400,"floor_sqrt_p",2,13,3,0.86996336996337
"NUC_vs_CONTROL",4,5,2,15,400,"floor_sqrt_p",5,13,3,0.866300366300366
"NUC_vs_CONTROL",4,5,2,15,400,"floor_sqrt_p",7,13,3,0.860805860805861
"NUC_vs_CONTROL",4,5,3,15,400,"floor_sqrt_p",2,13,3,0.822344322344322
"NUC_vs_CONTROL",4,5,3,15,400,"floor_sqrt_p",5,13,3,0.822344322344322
"NUC_vs_CONTROL",4,5,3,15,400,"floor_sqrt_p",7,13,3,0.805860805860806
"NUC_vs_CONTROL",4,5,4,15,400,"floor_sqrt_p",2,13,3,0.838532110091743
"NUC_vs_CONTROL",4,5,4,15,400,"floor_sqrt_p",5,13,3,0.844036697247706
"NUC_vs_CONTROL",4,5,4,15,400,"floor_sqrt_p",7,13,3,0.840366972477064
"NUC_vs_CONTROL",4,5,5,15,400,"floor_sqrt_p",2,12,3,0.853211009174312
"NUC_vs_CONTROL",4,5,5,15,400,"floor_sqrt_p",5,12,3,0.840366972477064
"NUC_vs_CONTROL",4,5,5,15,400,"floor_sqrt_p",7,12,3,0.844036697247706
"NUC_vs_CONTROL",4,5,1,16,400,"floor_sqrt_p",2,14,3,0.86837294332724
"NUC_vs_CONTROL",4,5,1,16,400,"floor_sqrt_p",5,14,3,0.875685557586837
"NUC_vs_CONTROL",4,5,1,16,400,"floor_sqrt_p",7,14,3,0.86471663619744
"NUC_vs_CONTROL",4,5,2,16,400,"floor_sqrt_p",2,14,3,0.855311355311355
"NUC_vs_CONTROL",4,5,2,16,400,"floor_sqrt_p",5,14,3,0.858974358974359
"NUC_vs_CONTROL",4,5,2,16,400,"floor_sqrt_p",7,14,3,0.84981684981685
"NUC_vs_CONTROL",4,5,3,16,400,"floor_sqrt_p",2,13,3,0.840659340659341
"NUC_vs_CONTROL",4,5,3,16,400,"floor_sqrt_p",5,13,3,0.824175824175824
"NUC_vs_CONTROL",4,5,3,16,400,"floor_sqrt_p",7,13,3,0.822344322344322
"NUC_vs_CONTROL",4,5,4,16,400,"floor_sqrt_p",2,14,3,0.83302752293578
"NUC_vs_CONTROL",4,5,4,16,400,"floor_sqrt_p",5,14,3,0.836697247706422
"NUC_vs_CONTROL",4,5,4,16,400,"floor_sqrt_p",7,14,3,0.831192660550459
"NUC_vs_CONTROL",4,5,5,16,400,"floor_sqrt_p",2,13,3,0.847706422018349
"NUC_vs_CONTROL",4,5,5,16,400,"floor_sqrt_p",5,13,3,0.844036697247706
"NUC_vs_CONTROL",4,5,5,16,400,"floor_sqrt_p",7,13,3,0.845871559633028
"NUC_vs_CONTROL",4,5,1,17,400,"floor_sqrt_p",2,14,3,0.853747714808044
"NUC_vs_CONTROL",4,5,1,17,400,"floor_sqrt_p",5,14,3,0.86837294332724
"NUC_vs_CONTROL",4,5,1,17,400,"floor_sqrt_p",7,14,3,0.86471663619744
"NUC_vs_CONTROL",4,5,2,17,400,"floor_sqrt_p",2,14,3,0.864468864468865
"NUC_vs_CONTROL",4,5,2,17,400,"floor_sqrt_p",5,14,3,0.864468864468865
"NUC_vs_CONTROL",4,5,2,17,400,"floor_sqrt_p",7,14,3,0.860805860805861
"NUC_vs_CONTROL",4,5,3,17,400,"floor_sqrt_p",2,14,3,0.831501831501832
"NUC_vs_CONTROL",4,5,3,17,400,"floor_sqrt_p",5,14,3,0.826007326007326
"NUC_vs_CONTROL",4,5,3,17,400,"floor_sqrt_p",7,14,3,0.816849816849817
"NUC_vs_CONTROL",4,5,4,17,400,"floor_sqrt_p",2,14,3,0.84954128440367
"NUC_vs_CONTROL",4,5,4,17,400,"floor_sqrt_p",5,14,3,0.847706422018349
"NUC_vs_CONTROL",4,5,4,17,400,"floor_sqrt_p",7,14,3,0.838532110091743
"NUC_vs_CONTROL",4,5,5,17,400,"floor_sqrt_p",2,14,3,0.864220183486239
"NUC_vs_CONTROL",4,5,5,17,400,"floor_sqrt_p",5,14,3,0.867889908256881
"NUC_vs_CONTROL",4,5,5,17,400,"floor_sqrt_p",7,14,3,0.86605504587156
"NUC_vs_CONTROL",4,5,1,18,400,"floor_sqrt_p",2,15,3,0.862888482632541
"NUC_vs_CONTROL",4,5,1,18,400,"floor_sqrt_p",5,15,3,0.877513711151737
"NUC_vs_CONTROL",4,5,1,18,400,"floor_sqrt_p",7,15,3,0.86471663619744
"NUC_vs_CONTROL",4,5,2,18,400,"floor_sqrt_p",2,15,3,0.857142857142857
"NUC_vs_CONTROL",4,5,2,18,400,"floor_sqrt_p",5,15,3,0.862637362637363
"NUC_vs_CONTROL",4,5,2,18,400,"floor_sqrt_p",7,15,3,0.857142857142857
"NUC_vs_CONTROL",4,5,3,18,400,"floor_sqrt_p",2,14,3,0.831501831501832
"NUC_vs_CONTROL",4,5,3,18,400,"floor_sqrt_p",5,14,3,0.822344322344322
"NUC_vs_CONTROL",4,5,3,18,400,"floor_sqrt_p",7,14,3,0.826007326007326
"NUC_vs_CONTROL",4,5,4,18,400,"floor_sqrt_p",2,15,3,0.840366972477064
"NUC_vs_CONTROL",4,5,4,18,400,"floor_sqrt_p",5,15,3,0.84954128440367
"NUC_vs_CONTROL",4,5,4,18,400,"floor_sqrt_p",7,15,3,0.836697247706422
"NUC_vs_CONTROL",4,5,5,18,400,"floor_sqrt_p",2,14,3,0.855045871559633
"NUC_vs_CONTROL",4,5,5,18,400,"floor_sqrt_p",5,14,3,0.847706422018349
"NUC_vs_CONTROL",4,5,5,18,400,"floor_sqrt_p",7,14,3,0.847706422018349
"NUC_vs_CONTROL",4,5,1,19,400,"floor_sqrt_p",2,15,3,0.862888482632541
"NUC_vs_CONTROL",4,5,1,19,400,"floor_sqrt_p",5,15,3,0.862888482632541
"NUC_vs_CONTROL",4,5,1,19,400,"floor_sqrt_p",7,15,3,0.86837294332724
"NUC_vs_CONTROL",4,5,2,19,400,"floor_sqrt_p",2,15,3,0.84981684981685
"NUC_vs_CONTROL",4,5,2,19,400,"floor_sqrt_p",5,15,3,0.846153846153846
"NUC_vs_CONTROL",4,5,2,19,400,"floor_sqrt_p",7,15,3,0.847985347985348
"NUC_vs_CONTROL",4,5,3,19,400,"floor_sqrt_p",2,15,3,0.838827838827839
"NUC_vs_CONTROL",4,5,3,19,400,"floor_sqrt_p",5,15,3,0.836996336996337
"NUC_vs_CONTROL",4,5,3,19,400,"floor_sqrt_p",7,15,3,0.836996336996337
"NUC_vs_CONTROL",4,5,4,19,400,"floor_sqrt_p",2,15,3,0.844036697247706
"NUC_vs_CONTROL",4,5,4,19,400,"floor_sqrt_p",5,15,3,0.842201834862385
"NUC_vs_CONTROL",4,5,4,19,400,"floor_sqrt_p",7,15,3,0.840366972477064
"NUC_vs_CONTROL",4,5,5,19,400,"floor_sqrt_p",2,15,3,0.844036697247706
"NUC_vs_CONTROL",4,5,5,19,400,"floor_sqrt_p",5,15,3,0.842201834862385
"NUC_vs_CONTROL",4,5,5,19,400,"floor_sqrt_p",7,15,3,0.840366972477064
"NUC_vs_CONTROL",4,5,1,20,400,"floor_sqrt_p",2,15,3,0.86471663619744
"NUC_vs_CONTROL",4,5,1,20,400,"floor_sqrt_p",5,15,3,0.86654478976234
"NUC_vs_CONTROL",4,5,1,20,400,"floor_sqrt_p",7,15,3,0.86654478976234
"NUC_vs_CONTROL",4,5,2,20,400,"floor_sqrt_p",2,16,4,0.857142857142857
"NUC_vs_CONTROL",4,5,2,20,400,"floor_sqrt_p",5,16,4,0.855311355311355
"NUC_vs_CONTROL",4,5,2,20,400,"floor_sqrt_p",7,16,4,0.844322344322344
"NUC_vs_CONTROL",4,5,3,20,400,"floor_sqrt_p",2,15,3,0.847985347985348
"NUC_vs_CONTROL",4,5,3,20,400,"floor_sqrt_p",5,15,3,0.844322344322344
"NUC_vs_CONTROL",4,5,3,20,400,"floor_sqrt_p",7,15,3,0.847985347985348
"NUC_vs_CONTROL",4,5,4,20,400,"floor_sqrt_p",2,15,3,0.836697247706422
"NUC_vs_CONTROL",4,5,4,20,400,"floor_sqrt_p",5,15,3,0.827522935779817
"NUC_vs_CONTROL",4,5,4,20,400,"floor_sqrt_p",7,15,3,0.83302752293578
"NUC_vs_CONTROL",4,5,5,20,400,"floor_sqrt_p",2,15,3,0.847706422018349
"NUC_vs_CONTROL",4,5,5,20,400,"floor_sqrt_p",5,15,3,0.842201834862385
"NUC_vs_CONTROL",4,5,5,20,400,"floor_sqrt_p",7,15,3,0.84954128440367
"NUC_vs_CONTROL",5,1,1,6,400,"floor_sqrt_p",2,6,2,0.813186813186813
"NUC_vs_CONTROL",5,1,1,6,400,"floor_sqrt_p",5,6,2,0.815018315018315
"NUC_vs_CONTROL",5,1,1,6,400,"floor_sqrt_p",7,6,2,0.818681318681319
"NUC_vs_CONTROL",5,1,2,6,400,"floor_sqrt_p",2,6,2,0.802197802197802
"NUC_vs_CONTROL",5,1,2,6,400,"floor_sqrt_p",5,6,2,0.811355311355311
"NUC_vs_CONTROL",5,1,2,6,400,"floor_sqrt_p",7,6,2,0.813186813186813
"NUC_vs_CONTROL",5,1,3,6,400,"floor_sqrt_p",2,6,2,0.836697247706422
"NUC_vs_CONTROL",5,1,3,6,400,"floor_sqrt_p",5,6,2,0.831192660550459
"NUC_vs_CONTROL",5,1,3,6,400,"floor_sqrt_p",7,6,2,0.825688073394495
"NUC_vs_CONTROL",5,1,4,6,400,"floor_sqrt_p",2,6,2,0.790825688073394
"NUC_vs_CONTROL",5,1,4,6,400,"floor_sqrt_p",5,6,2,0.803669724770642
"NUC_vs_CONTROL",5,1,4,6,400,"floor_sqrt_p",7,6,2,0.803669724770642
"NUC_vs_CONTROL",5,1,5,6,400,"floor_sqrt_p",2,7,2,0.820183486238532
"NUC_vs_CONTROL",5,1,5,6,400,"floor_sqrt_p",5,7,2,0.827522935779817
"NUC_vs_CONTROL",5,1,5,6,400,"floor_sqrt_p",7,7,2,0.823853211009174
"NUC_vs_CONTROL",5,1,1,7,400,"floor_sqrt_p",2,7,2,0.813186813186813
"NUC_vs_CONTROL",5,1,1,7,400,"floor_sqrt_p",5,7,2,0.813186813186813
"NUC_vs_CONTROL",5,1,1,7,400,"floor_sqrt_p",7,7,2,0.811355311355311
"NUC_vs_CONTROL",5,1,2,7,400,"floor_sqrt_p",2,7,2,0.796703296703297
"NUC_vs_CONTROL",5,1,2,7,400,"floor_sqrt_p",5,7,2,0.796703296703297
"NUC_vs_CONTROL",5,1,2,7,400,"floor_sqrt_p",7,7,2,0.796703296703297
"NUC_vs_CONTROL",5,1,3,7,400,"floor_sqrt_p",2,8,2,0.827522935779817
"NUC_vs_CONTROL",5,1,3,7,400,"floor_sqrt_p",5,8,2,0.829357798165138
"NUC_vs_CONTROL",5,1,3,7,400,"floor_sqrt_p",7,8,2,0.823853211009174
"NUC_vs_CONTROL",5,1,4,7,400,"floor_sqrt_p",2,8,2,0.81651376146789
"NUC_vs_CONTROL",5,1,4,7,400,"floor_sqrt_p",5,8,2,0.812844036697248
"NUC_vs_CONTROL",5,1,4,7,400,"floor_sqrt_p",7,8,2,0.81651376146789
"NUC_vs_CONTROL",5,1,5,7,400,"floor_sqrt_p",2,8,2,0.83302752293578
"NUC_vs_CONTROL",5,1,5,7,400,"floor_sqrt_p",5,8,2,0.83302752293578
"NUC_vs_CONTROL",5,1,5,7,400,"floor_sqrt_p",7,8,2,0.834862385321101
"NUC_vs_CONTROL",5,1,1,8,400,"floor_sqrt_p",2,8,2,0.824175824175824
"NUC_vs_CONTROL",5,1,1,8,400,"floor_sqrt_p",5,8,2,0.826007326007326
"NUC_vs_CONTROL",5,1,1,8,400,"floor_sqrt_p",7,8,2,0.835164835164835
"NUC_vs_CONTROL",5,1,2,8,400,"floor_sqrt_p",2,8,2,0.833333333333333
"NUC_vs_CONTROL",5,1,2,8,400,"floor_sqrt_p",5,8,2,0.827838827838828
"NUC_vs_CONTROL",5,1,2,8,400,"floor_sqrt_p",7,8,2,0.826007326007326
"NUC_vs_CONTROL",5,1,3,8,400,"floor_sqrt_p",2,9,3,0.858715596330275
"NUC_vs_CONTROL",5,1,3,8,400,"floor_sqrt_p",5,9,3,0.856880733944954
"NUC_vs_CONTROL",5,1,3,8,400,"floor_sqrt_p",7,9,3,0.84954128440367
"NUC_vs_CONTROL",5,1,4,8,400,"floor_sqrt_p",2,9,3,0.822018348623853
"NUC_vs_CONTROL",5,1,4,8,400,"floor_sqrt_p",5,9,3,0.822018348623853
"NUC_vs_CONTROL",5,1,4,8,400,"floor_sqrt_p",7,9,3,0.822018348623853
"NUC_vs_CONTROL",5,1,5,8,400,"floor_sqrt_p",2,9,3,0.855045871559633
"NUC_vs_CONTROL",5,1,5,8,400,"floor_sqrt_p",5,9,3,0.856880733944954
"NUC_vs_CONTROL",5,1,5,8,400,"floor_sqrt_p",7,9,3,0.860550458715596
"NUC_vs_CONTROL",5,1,1,9,400,"floor_sqrt_p",2,9,3,0.846153846153846
"NUC_vs_CONTROL",5,1,1,9,400,"floor_sqrt_p",5,9,3,0.84981684981685
"NUC_vs_CONTROL",5,1,1,9,400,"floor_sqrt_p",7,9,3,0.851648351648352
"NUC_vs_CONTROL",5,1,2,9,400,"floor_sqrt_p",2,9,3,0.84981684981685
"NUC_vs_CONTROL",5,1,2,9,400,"floor_sqrt_p",5,9,3,0.838827838827839
"NUC_vs_CONTROL",5,1,2,9,400,"floor_sqrt_p",7,9,3,0.844322344322344
"NUC_vs_CONTROL",5,1,3,9,400,"floor_sqrt_p",2,10,3,0.844036697247706
"NUC_vs_CONTROL",5,1,3,9,400,"floor_sqrt_p",5,10,3,0.842201834862385
"NUC_vs_CONTROL",5,1,3,9,400,"floor_sqrt_p",7,10,3,0.847706422018349
"NUC_vs_CONTROL",5,1,4,9,400,"floor_sqrt_p",2,9,3,0.829357798165138
"NUC_vs_CONTROL",5,1,4,9,400,"floor_sqrt_p",5,9,3,0.829357798165138
"NUC_vs_CONTROL",5,1,4,9,400,"floor_sqrt_p",7,9,3,0.825688073394495
"NUC_vs_CONTROL",5,1,5,9,400,"floor_sqrt_p",2,10,3,0.853211009174312
"NUC_vs_CONTROL",5,1,5,9,400,"floor_sqrt_p",5,10,3,0.855045871559633
"NUC_vs_CONTROL",5,1,5,9,400,"floor_sqrt_p",7,10,3,0.858715596330275
"NUC_vs_CONTROL",5,1,1,10,400,"floor_sqrt_p",2,10,3,0.857142857142857
"NUC_vs_CONTROL",5,1,1,10,400,"floor_sqrt_p",5,10,3,0.84981684981685
"NUC_vs_CONTROL",5,1,1,10,400,"floor_sqrt_p",7,10,3,0.851648351648352
"NUC_vs_CONTROL",5,1,2,10,400,"floor_sqrt_p",2,10,3,0.831501831501832
"NUC_vs_CONTROL",5,1,2,10,400,"floor_sqrt_p",5,10,3,0.826007326007326
"NUC_vs_CONTROL",5,1,2,10,400,"floor_sqrt_p",7,10,3,0.833333333333333
"NUC_vs_CONTROL",5,1,3,10,400,"floor_sqrt_p",2,11,3,0.84954128440367
"NUC_vs_CONTROL",5,1,3,10,400,"floor_sqrt_p",5,11,3,0.855045871559633
"NUC_vs_CONTROL",5,1,3,10,400,"floor_sqrt_p",7,11,3,0.847706422018349
"NUC_vs_CONTROL",5,1,4,10,400,"floor_sqrt_p",2,10,3,0.820183486238532
"NUC_vs_CONTROL",5,1,4,10,400,"floor_sqrt_p",5,10,3,0.822018348623853
"NUC_vs_CONTROL",5,1,4,10,400,"floor_sqrt_p",7,10,3,0.823853211009174
"NUC_vs_CONTROL",5,1,5,10,400,"floor_sqrt_p",2,11,3,0.847706422018349
"NUC_vs_CONTROL",5,1,5,10,400,"floor_sqrt_p",5,11,3,0.847706422018349
"NUC_vs_CONTROL",5,1,5,10,400,"floor_sqrt_p",7,11,3,0.847706422018349
"NUC_vs_CONTROL",5,1,1,11,400,"floor_sqrt_p",2,11,3,0.860805860805861
"NUC_vs_CONTROL",5,1,1,11,400,"floor_sqrt_p",5,11,3,0.855311355311355
"NUC_vs_CONTROL",5,1,1,11,400,"floor_sqrt_p",7,11,3,0.84981684981685
"NUC_vs_CONTROL",5,1,2,11,400,"floor_sqrt_p",2,10,3,0.835164835164835
"NUC_vs_CONTROL",5,1,2,11,400,"floor_sqrt_p",5,10,3,0.82967032967033
"NUC_vs_CONTROL",5,1,2,11,400,"floor_sqrt_p",7,10,3,0.840659340659341
"NUC_vs_CONTROL",5,1,3,11,400,"floor_sqrt_p",2,11,3,0.858715596330275
"NUC_vs_CONTROL",5,1,3,11,400,"floor_sqrt_p",5,11,3,0.858715596330275
"NUC_vs_CONTROL",5,1,3,11,400,"floor_sqrt_p",7,11,3,0.845871559633028
"NUC_vs_CONTROL",5,1,4,11,400,"floor_sqrt_p",2,11,3,0.836697247706422
"NUC_vs_CONTROL",5,1,4,11,400,"floor_sqrt_p",5,11,3,0.834862385321101
"NUC_vs_CONTROL",5,1,4,11,400,"floor_sqrt_p",7,11,3,0.842201834862385
"NUC_vs_CONTROL",5,1,5,11,400,"floor_sqrt_p",2,11,3,0.851376146788991
"NUC_vs_CONTROL",5,1,5,11,400,"floor_sqrt_p",5,11,3,0.851376146788991
"NUC_vs_CONTROL",5,1,5,11,400,"floor_sqrt_p",7,11,3,0.853211009174312
"NUC_vs_CONTROL",5,1,1,12,400,"floor_sqrt_p",2,11,3,0.858974358974359
"NUC_vs_CONTROL",5,1,1,12,400,"floor_sqrt_p",5,11,3,0.857142857142857
"NUC_vs_CONTROL",5,1,1,12,400,"floor_sqrt_p",7,11,3,0.857142857142857
"NUC_vs_CONTROL",5,1,2,12,400,"floor_sqrt_p",2,11,3,0.82967032967033
"NUC_vs_CONTROL",5,1,2,12,400,"floor_sqrt_p",5,11,3,0.831501831501832
"NUC_vs_CONTROL",5,1,2,12,400,"floor_sqrt_p",7,11,3,0.826007326007326
"NUC_vs_CONTROL",5,1,3,12,400,"floor_sqrt_p",2,12,3,0.851376146788991
"NUC_vs_CONTROL",5,1,3,12,400,"floor_sqrt_p",5,12,3,0.856880733944954
"NUC_vs_CONTROL",5,1,3,12,400,"floor_sqrt_p",7,12,3,0.845871559633028
"NUC_vs_CONTROL",5,1,4,12,400,"floor_sqrt_p",2,11,3,0.842201834862385
"NUC_vs_CONTROL",5,1,4,12,400,"floor_sqrt_p",5,11,3,0.842201834862385
"NUC_vs_CONTROL",5,1,4,12,400,"floor_sqrt_p",7,11,3,0.847706422018349
"NUC_vs_CONTROL",5,1,5,12,400,"floor_sqrt_p",2,12,3,0.840366972477064
"NUC_vs_CONTROL",5,1,5,12,400,"floor_sqrt_p",5,12,3,0.847706422018349
"NUC_vs_CONTROL",5,1,5,12,400,"floor_sqrt_p",7,12,3,0.851376146788991
"NUC_vs_CONTROL",5,1,1,13,400,"floor_sqrt_p",2,12,3,0.862637362637363
"NUC_vs_CONTROL",5,1,1,13,400,"floor_sqrt_p",5,12,3,0.858974358974359
"NUC_vs_CONTROL",5,1,1,13,400,"floor_sqrt_p",7,12,3,0.858974358974359
"NUC_vs_CONTROL",5,1,2,13,400,"floor_sqrt_p",2,12,3,0.842490842490842
"NUC_vs_CONTROL",5,1,2,13,400,"floor_sqrt_p",5,12,3,0.844322344322344
"NUC_vs_CONTROL",5,1,2,13,400,"floor_sqrt_p",7,12,3,0.844322344322344
"NUC_vs_CONTROL",5,1,3,13,400,"floor_sqrt_p",2,12,3,0.838532110091743
"NUC_vs_CONTROL",5,1,3,13,400,"floor_sqrt_p",5,12,3,0.842201834862385
"NUC_vs_CONTROL",5,1,3,13,400,"floor_sqrt_p",7,12,3,0.83302752293578
"NUC_vs_CONTROL",5,1,4,13,400,"floor_sqrt_p",2,12,3,0.844036697247706
"NUC_vs_CONTROL",5,1,4,13,400,"floor_sqrt_p",5,12,3,0.83302752293578
"NUC_vs_CONTROL",5,1,4,13,400,"floor_sqrt_p",7,12,3,0.831192660550459
"NUC_vs_CONTROL",5,1,5,13,400,"floor_sqrt_p",2,12,3,0.847706422018349
"NUC_vs_CONTROL",5,1,5,13,400,"floor_sqrt_p",5,12,3,0.844036697247706
"NUC_vs_CONTROL",5,1,5,13,400,"floor_sqrt_p",7,12,3,0.840366972477064
"NUC_vs_CONTROL",5,1,1,14,400,"floor_sqrt_p",2,12,3,0.875457875457875
"NUC_vs_CONTROL",5,1,1,14,400,"floor_sqrt_p",5,12,3,0.862637362637363
"NUC_vs_CONTROL",5,1,1,14,400,"floor_sqrt_p",7,12,3,0.873626373626374
"NUC_vs_CONTROL",5,1,2,14,400,"floor_sqrt_p",2,12,3,0.846153846153846
"NUC_vs_CONTROL",5,1,2,14,400,"floor_sqrt_p",5,12,3,0.851648351648352
"NUC_vs_CONTROL",5,1,2,14,400,"floor_sqrt_p",7,12,3,0.844322344322344
"NUC_vs_CONTROL",5,1,3,14,400,"floor_sqrt_p",2,13,3,0.84954128440367
"NUC_vs_CONTROL",5,1,3,14,400,"floor_sqrt_p",5,13,3,0.842201834862385
"NUC_vs_CONTROL",5,1,3,14,400,"floor_sqrt_p",7,13,3,0.838532110091743
"NUC_vs_CONTROL",5,1,4,14,400,"floor_sqrt_p",2,12,3,0.829357798165138
"NUC_vs_CONTROL",5,1,4,14,400,"floor_sqrt_p",5,12,3,0.825688073394495
"NUC_vs_CONTROL",5,1,4,14,400,"floor_sqrt_p",7,12,3,0.823853211009174
"NUC_vs_CONTROL",5,1,5,14,400,"floor_sqrt_p",2,13,3,0.851376146788991
"NUC_vs_CONTROL",5,1,5,14,400,"floor_sqrt_p",5,13,3,0.845871559633028
"NUC_vs_CONTROL",5,1,5,14,400,"floor_sqrt_p",7,13,3,0.851376146788991
"NUC_vs_CONTROL",5,1,1,15,400,"floor_sqrt_p",2,13,3,0.873626373626374
"NUC_vs_CONTROL",5,1,1,15,400,"floor_sqrt_p",5,13,3,0.873626373626374
"NUC_vs_CONTROL",5,1,1,15,400,"floor_sqrt_p",7,13,3,0.871794871794872
"NUC_vs_CONTROL",5,1,2,15,400,"floor_sqrt_p",2,13,3,0.847985347985348
"NUC_vs_CONTROL",5,1,2,15,400,"floor_sqrt_p",5,13,3,0.833333333333333
"NUC_vs_CONTROL",5,1,2,15,400,"floor_sqrt_p",7,13,3,0.833333333333333
"NUC_vs_CONTROL",5,1,3,15,400,"floor_sqrt_p",2,14,3,0.845871559633028
"NUC_vs_CONTROL",5,1,3,15,400,"floor_sqrt_p",5,14,3,0.844036697247706
"NUC_vs_CONTROL",5,1,3,15,400,"floor_sqrt_p",7,14,3,0.827522935779817
"NUC_vs_CONTROL",5,1,4,15,400,"floor_sqrt_p",2,13,3,0.83302752293578
"NUC_vs_CONTROL",5,1,4,15,400,"floor_sqrt_p",5,13,3,0.825688073394495
"NUC_vs_CONTROL",5,1,4,15,400,"floor_sqrt_p",7,13,3,0.823853211009174
"NUC_vs_CONTROL",5,1,5,15,400,"floor_sqrt_p",2,14,3,0.847706422018349
"NUC_vs_CONTROL",5,1,5,15,400,"floor_sqrt_p",5,14,3,0.845871559633028
"NUC_vs_CONTROL",5,1,5,15,400,"floor_sqrt_p",7,14,3,0.842201834862385
"NUC_vs_CONTROL",5,1,1,16,400,"floor_sqrt_p",2,14,3,0.858974358974359
"NUC_vs_CONTROL",5,1,1,16,400,"floor_sqrt_p",5,14,3,0.84981684981685
"NUC_vs_CONTROL",5,1,1,16,400,"floor_sqrt_p",7,14,3,0.84981684981685
"NUC_vs_CONTROL",5,1,2,16,400,"floor_sqrt_p",2,13,3,0.824175824175824
"NUC_vs_CONTROL",5,1,2,16,400,"floor_sqrt_p",5,13,3,0.822344322344322
"NUC_vs_CONTROL",5,1,2,16,400,"floor_sqrt_p",7,13,3,0.826007326007326
"NUC_vs_CONTROL",5,1,3,16,400,"floor_sqrt_p",2,14,3,0.847706422018349
"NUC_vs_CONTROL",5,1,3,16,400,"floor_sqrt_p",5,14,3,0.831192660550459
"NUC_vs_CONTROL",5,1,3,16,400,"floor_sqrt_p",7,14,3,0.829357798165138
"NUC_vs_CONTROL",5,1,4,16,400,"floor_sqrt_p",2,14,3,0.836697247706422
"NUC_vs_CONTROL",5,1,4,16,400,"floor_sqrt_p",5,14,3,0.83302752293578
"NUC_vs_CONTROL",5,1,4,16,400,"floor_sqrt_p",7,14,3,0.827522935779817
"NUC_vs_CONTROL",5,1,5,16,400,"floor_sqrt_p",2,14,3,0.860550458715596
"NUC_vs_CONTROL",5,1,5,16,400,"floor_sqrt_p",5,14,3,0.851376146788991
"NUC_vs_CONTROL",5,1,5,16,400,"floor_sqrt_p",7,14,3,0.853211009174312
"NUC_vs_CONTROL",5,1,1,17,400,"floor_sqrt_p",2,14,3,0.844322344322344
"NUC_vs_CONTROL",5,1,1,17,400,"floor_sqrt_p",5,14,3,0.853479853479853
"NUC_vs_CONTROL",5,1,1,17,400,"floor_sqrt_p",7,14,3,0.857142857142857
"NUC_vs_CONTROL",5,1,2,17,400,"floor_sqrt_p",2,14,3,0.836996336996337
"NUC_vs_CONTROL",5,1,2,17,400,"floor_sqrt_p",5,14,3,0.838827838827839
"NUC_vs_CONTROL",5,1,2,17,400,"floor_sqrt_p",7,14,3,0.838827838827839
"NUC_vs_CONTROL",5,1,3,17,400,"floor_sqrt_p",2,15,3,0.836697247706422
"NUC_vs_CONTROL",5,1,3,17,400,"floor_sqrt_p",5,15,3,0.834862385321101
"NUC_vs_CONTROL",5,1,3,17,400,"floor_sqrt_p",7,15,3,0.838532110091743
"NUC_vs_CONTROL",5,1,4,17,400,"floor_sqrt_p",2,14,3,0.847706422018349
"NUC_vs_CONTROL",5,1,4,17,400,"floor_sqrt_p",5,14,3,0.840366972477064
"NUC_vs_CONTROL",5,1,4,17,400,"floor_sqrt_p",7,14,3,0.842201834862385
"NUC_vs_CONTROL",5,1,5,17,400,"floor_sqrt_p",2,15,3,0.867889908256881
"NUC_vs_CONTROL",5,1,5,17,400,"floor_sqrt_p",5,15,3,0.862385321100917
"NUC_vs_CONTROL",5,1,5,17,400,"floor_sqrt_p",7,15,3,0.862385321100917
"NUC_vs_CONTROL",5,1,1,18,400,"floor_sqrt_p",2,15,3,0.855311355311355
"NUC_vs_CONTROL",5,1,1,18,400,"floor_sqrt_p",5,15,3,0.857142857142857
"NUC_vs_CONTROL",5,1,1,18,400,"floor_sqrt_p",7,15,3,0.844322344322344
"NUC_vs_CONTROL",5,1,2,18,400,"floor_sqrt_p",2,14,3,0.847985347985348
"NUC_vs_CONTROL",5,1,2,18,400,"floor_sqrt_p",5,14,3,0.840659340659341
"NUC_vs_CONTROL",5,1,2,18,400,"floor_sqrt_p",7,14,3,0.851648351648352
"NUC_vs_CONTROL",5,1,3,18,400,"floor_sqrt_p",2,15,3,0.838532110091743
"NUC_vs_CONTROL",5,1,3,18,400,"floor_sqrt_p",5,15,3,0.836697247706422
"NUC_vs_CONTROL",5,1,3,18,400,"floor_sqrt_p",7,15,3,0.836697247706422
"NUC_vs_CONTROL",5,1,4,18,400,"floor_sqrt_p",2,15,3,0.838532110091743
"NUC_vs_CONTROL",5,1,4,18,400,"floor_sqrt_p",5,15,3,0.829357798165138
"NUC_vs_CONTROL",5,1,4,18,400,"floor_sqrt_p",7,15,3,0.842201834862385
"NUC_vs_CONTROL",5,1,5,18,400,"floor_sqrt_p",2,15,3,0.84954128440367
"NUC_vs_CONTROL",5,1,5,18,400,"floor_sqrt_p",5,15,3,0.851376146788991
"NUC_vs_CONTROL",5,1,5,18,400,"floor_sqrt_p",7,15,3,0.84954128440367
"NUC_vs_CONTROL",5,1,1,19,400,"floor_sqrt_p",2,15,3,0.846153846153846
"NUC_vs_CONTROL",5,1,1,19,400,"floor_sqrt_p",5,15,3,0.858974358974359
"NUC_vs_CONTROL",5,1,1,19,400,"floor_sqrt_p",7,15,3,0.864468864468865
"NUC_vs_CONTROL",5,1,2,19,400,"floor_sqrt_p",2,15,3,0.836996336996337
"NUC_vs_CONTROL",5,1,2,19,400,"floor_sqrt_p",5,15,3,0.847985347985348
"NUC_vs_CONTROL",5,1,2,19,400,"floor_sqrt_p",7,15,3,0.84981684981685
"NUC_vs_CONTROL",5,1,3,19,400,"floor_sqrt_p",2,16,4,0.84954128440367
"NUC_vs_CONTROL",5,1,3,19,400,"floor_sqrt_p",5,16,4,0.847706422018349
"NUC_vs_CONTROL",5,1,3,19,400,"floor_sqrt_p",7,16,4,0.851376146788991
"NUC_vs_CONTROL",5,1,4,19,400,"floor_sqrt_p",2,15,3,0.823853211009174
"NUC_vs_CONTROL",5,1,4,19,400,"floor_sqrt_p",5,15,3,0.834862385321101
"NUC_vs_CONTROL",5,1,4,19,400,"floor_sqrt_p",7,15,3,0.822018348623853
"NUC_vs_CONTROL",5,1,5,19,400,"floor_sqrt_p",2,16,4,0.853211009174312
"NUC_vs_CONTROL",5,1,5,19,400,"floor_sqrt_p",5,16,4,0.855045871559633
"NUC_vs_CONTROL",5,1,5,19,400,"floor_sqrt_p",7,16,4,0.851376146788991
"NUC_vs_CONTROL",5,1,1,20,400,"floor_sqrt_p",2,15,3,0.86996336996337
"NUC_vs_CONTROL",5,1,1,20,400,"floor_sqrt_p",5,15,3,0.864468864468865
"NUC_vs_CONTROL",5,1,1,20,400,"floor_sqrt_p",7,15,3,0.862637362637363
"NUC_vs_CONTROL",5,1,2,20,400,"floor_sqrt_p",2,15,3,0.838827838827839
"NUC_vs_CONTROL",5,1,2,20,400,"floor_sqrt_p",5,15,3,0.840659340659341
"NUC_vs_CONTROL",5,1,2,20,400,"floor_sqrt_p",7,15,3,0.835164835164835
"NUC_vs_CONTROL",5,1,3,20,400,"floor_sqrt_p",2,16,4,0.840366972477064
"NUC_vs_CONTROL",5,1,3,20,400,"floor_sqrt_p",5,16,4,0.840366972477064
"NUC_vs_CONTROL",5,1,3,20,400,"floor_sqrt_p",7,16,4,0.840366972477064
"NUC_vs_CONTROL",5,1,4,20,400,"floor_sqrt_p",2,16,4,0.827522935779817
"NUC_vs_CONTROL",5,1,4,20,400,"floor_sqrt_p",5,16,4,0.818348623853211
"NUC_vs_CONTROL",5,1,4,20,400,"floor_sqrt_p",7,16,4,0.823853211009174
"NUC_vs_CONTROL",5,1,5,20,400,"floor_sqrt_p",2,16,4,0.851376146788991
"NUC_vs_CONTROL",5,1,5,20,400,"floor_sqrt_p",5,16,4,0.862385321100917
"NUC_vs_CONTROL",5,1,5,20,400,"floor_sqrt_p",7,16,4,0.851376146788991
"NUC_vs_CONTROL",5,2,1,6,400,"floor_sqrt_p",2,6,2,0.858974358974359
"NUC_vs_CONTROL",5,2,1,6,400,"floor_sqrt_p",5,6,2,0.864468864468865
"NUC_vs_CONTROL",5,2,1,6,400,"floor_sqrt_p",7,6,2,0.853479853479853
"NUC_vs_CONTROL",5,2,2,6,400,"floor_sqrt_p",2,6,2,0.82967032967033
"NUC_vs_CONTROL",5,2,2,6,400,"floor_sqrt_p",5,6,2,0.816849816849817
"NUC_vs_CONTROL",5,2,2,6,400,"floor_sqrt_p",7,6,2,0.816849816849817
"NUC_vs_CONTROL",5,2,3,6,400,"floor_sqrt_p",2,6,2,0.838532110091743
"NUC_vs_CONTROL",5,2,3,6,400,"floor_sqrt_p",5,6,2,0.834862385321101
"NUC_vs_CONTROL",5,2,3,6,400,"floor_sqrt_p",7,6,2,0.838532110091743
"NUC_vs_CONTROL",5,2,4,6,400,"floor_sqrt_p",2,6,2,0.836697247706422
"NUC_vs_CONTROL",5,2,4,6,400,"floor_sqrt_p",5,6,2,0.831192660550459
"NUC_vs_CONTROL",5,2,4,6,400,"floor_sqrt_p",7,6,2,0.838532110091743
"NUC_vs_CONTROL",5,2,5,6,400,"floor_sqrt_p",2,6,2,0.792660550458716
"NUC_vs_CONTROL",5,2,5,6,400,"floor_sqrt_p",5,6,2,0.790825688073394
"NUC_vs_CONTROL",5,2,5,6,400,"floor_sqrt_p",7,6,2,0.788990825688073
"NUC_vs_CONTROL",5,2,1,7,400,"floor_sqrt_p",2,7,2,0.871794871794872
"NUC_vs_CONTROL",5,2,1,7,400,"floor_sqrt_p",5,7,2,0.868131868131868
"NUC_vs_CONTROL",5,2,1,7,400,"floor_sqrt_p",7,7,2,0.866300366300366
"NUC_vs_CONTROL",5,2,2,7,400,"floor_sqrt_p",2,7,2,0.807692307692308
"NUC_vs_CONTROL",5,2,2,7,400,"floor_sqrt_p",5,7,2,0.805860805860806
"NUC_vs_CONTROL",5,2,2,7,400,"floor_sqrt_p",7,7,2,0.8003663003663
"NUC_vs_CONTROL",5,2,3,7,400,"floor_sqrt_p",2,8,2,0.844036697247706
"NUC_vs_CONTROL",5,2,3,7,400,"floor_sqrt_p",5,8,2,0.845871559633028
"NUC_vs_CONTROL",5,2,3,7,400,"floor_sqrt_p",7,8,2,0.856880733944954
"NUC_vs_CONTROL",5,2,4,7,400,"floor_sqrt_p",2,7,2,0.829357798165138
"NUC_vs_CONTROL",5,2,4,7,400,"floor_sqrt_p",5,7,2,0.831192660550459
"NUC_vs_CONTROL",5,2,4,7,400,"floor_sqrt_p",7,7,2,0.836697247706422
"NUC_vs_CONTROL",5,2,5,7,400,"floor_sqrt_p",2,7,2,0.809174311926605
"NUC_vs_CONTROL",5,2,5,7,400,"floor_sqrt_p",5,7,2,0.81651376146789
"NUC_vs_CONTROL",5,2,5,7,400,"floor_sqrt_p",7,7,2,0.81651376146789
"NUC_vs_CONTROL",5,2,1,8,400,"floor_sqrt_p",2,8,2,0.873626373626374
"NUC_vs_CONTROL",5,2,1,8,400,"floor_sqrt_p",5,8,2,0.877289377289377
"NUC_vs_CONTROL",5,2,1,8,400,"floor_sqrt_p",7,8,2,0.86996336996337
"NUC_vs_CONTROL",5,2,2,8,400,"floor_sqrt_p",2,8,2,0.82967032967033
"NUC_vs_CONTROL",5,2,2,8,400,"floor_sqrt_p",5,8,2,0.833333333333333
"NUC_vs_CONTROL",5,2,2,8,400,"floor_sqrt_p",7,8,2,0.831501831501832
"NUC_vs_CONTROL",5,2,3,8,400,"floor_sqrt_p",2,8,2,0.855045871559633
"NUC_vs_CONTROL",5,2,3,8,400,"floor_sqrt_p",5,8,2,0.84954128440367
"NUC_vs_CONTROL",5,2,3,8,400,"floor_sqrt_p",7,8,2,0.836697247706422
"NUC_vs_CONTROL",5,2,4,8,400,"floor_sqrt_p",2,8,2,0.840366972477064
"NUC_vs_CONTROL",5,2,4,8,400,"floor_sqrt_p",5,8,2,0.844036697247706
"NUC_vs_CONTROL",5,2,4,8,400,"floor_sqrt_p",7,8,2,0.834862385321101
"NUC_vs_CONTROL",5,2,5,8,400,"floor_sqrt_p",2,8,2,0.805504587155963
"NUC_vs_CONTROL",5,2,5,8,400,"floor_sqrt_p",5,8,2,0.803669724770642
"NUC_vs_CONTROL",5,2,5,8,400,"floor_sqrt_p",7,8,2,0.803669724770642
"NUC_vs_CONTROL",5,2,1,9,400,"floor_sqrt_p",2,9,3,0.891941391941392
"NUC_vs_CONTROL",5,2,1,9,400,"floor_sqrt_p",5,9,3,0.89010989010989
"NUC_vs_CONTROL",5,2,1,9,400,"floor_sqrt_p",7,9,3,0.89010989010989
"NUC_vs_CONTROL",5,2,2,9,400,"floor_sqrt_p",2,9,3,0.835164835164835
"NUC_vs_CONTROL",5,2,2,9,400,"floor_sqrt_p",5,9,3,0.840659340659341
"NUC_vs_CONTROL",5,2,2,9,400,"floor_sqrt_p",7,9,3,0.827838827838828
"NUC_vs_CONTROL",5,2,3,9,400,"floor_sqrt_p",2,9,3,0.847706422018349
"NUC_vs_CONTROL",5,2,3,9,400,"floor_sqrt_p",5,9,3,0.853211009174312
"NUC_vs_CONTROL",5,2,3,9,400,"floor_sqrt_p",7,9,3,0.856880733944954
"NUC_vs_CONTROL",5,2,4,9,400,"floor_sqrt_p",2,9,3,0.84954128440367
"NUC_vs_CONTROL",5,2,4,9,400,"floor_sqrt_p",5,9,3,0.851376146788991
"NUC_vs_CONTROL",5,2,4,9,400,"floor_sqrt_p",7,9,3,0.834862385321101
"NUC_vs_CONTROL",5,2,5,9,400,"floor_sqrt_p",2,9,3,0.81651376146789
"NUC_vs_CONTROL",5,2,5,9,400,"floor_sqrt_p",5,9,3,0.820183486238532
"NUC_vs_CONTROL",5,2,5,9,400,"floor_sqrt_p",7,9,3,0.809174311926605
"NUC_vs_CONTROL",5,2,1,10,400,"floor_sqrt_p",2,10,3,0.888278388278388
"NUC_vs_CONTROL",5,2,1,10,400,"floor_sqrt_p",5,10,3,0.884615384615385
"NUC_vs_CONTROL",5,2,1,10,400,"floor_sqrt_p",7,10,3,0.893772893772894
"NUC_vs_CONTROL",5,2,2,10,400,"floor_sqrt_p",2,10,3,0.827838827838828
"NUC_vs_CONTROL",5,2,2,10,400,"floor_sqrt_p",5,10,3,0.82967032967033
"NUC_vs_CONTROL",5,2,2,10,400,"floor_sqrt_p",7,10,3,0.822344322344322
"NUC_vs_CONTROL",5,2,3,10,400,"floor_sqrt_p",2,10,3,0.851376146788991
"NUC_vs_CONTROL",5,2,3,10,400,"floor_sqrt_p",5,10,3,0.84954128440367
"NUC_vs_CONTROL",5,2,3,10,400,"floor_sqrt_p",7,10,3,0.856880733944954
"NUC_vs_CONTROL",5,2,4,10,400,"floor_sqrt_p",2,10,3,0.858715596330275
"NUC_vs_CONTROL",5,2,4,10,400,"floor_sqrt_p",5,10,3,0.86605504587156
"NUC_vs_CONTROL",5,2,4,10,400,"floor_sqrt_p",7,10,3,0.858715596330275
"NUC_vs_CONTROL",5,2,5,10,400,"floor_sqrt_p",2,10,3,0.81651376146789
"NUC_vs_CONTROL",5,2,5,10,400,"floor_sqrt_p",5,10,3,0.820183486238532
"NUC_vs_CONTROL",5,2,5,10,400,"floor_sqrt_p",7,10,3,0.81651376146789
"NUC_vs_CONTROL",5,2,1,11,400,"floor_sqrt_p",2,10,3,0.868131868131868
"NUC_vs_CONTROL",5,2,1,11,400,"floor_sqrt_p",5,10,3,0.89010989010989
"NUC_vs_CONTROL",5,2,1,11,400,"floor_sqrt_p",7,10,3,0.893772893772894
"NUC_vs_CONTROL",5,2,2,11,400,"floor_sqrt_p",2,10,3,0.833333333333333
"NUC_vs_CONTROL",5,2,2,11,400,"floor_sqrt_p",5,10,3,0.838827838827839
"NUC_vs_CONTROL",5,2,2,11,400,"floor_sqrt_p",7,10,3,0.826007326007326
"NUC_vs_CONTROL",5,2,3,11,400,"floor_sqrt_p",2,11,3,0.88256880733945
"NUC_vs_CONTROL",5,2,3,11,400,"floor_sqrt_p",5,11,3,0.884403669724771
"NUC_vs_CONTROL",5,2,3,11,400,"floor_sqrt_p",7,11,3,0.889908256880734
"NUC_vs_CONTROL",5,2,4,11,400,"floor_sqrt_p",2,11,3,0.869724770642202
"NUC_vs_CONTROL",5,2,4,11,400,"floor_sqrt_p",5,11,3,0.862385321100917
"NUC_vs_CONTROL",5,2,4,11,400,"floor_sqrt_p",7,11,3,0.862385321100917
"NUC_vs_CONTROL",5,2,5,11,400,"floor_sqrt_p",2,11,3,0.81651376146789
"NUC_vs_CONTROL",5,2,5,11,400,"floor_sqrt_p",5,11,3,0.818348623853211
"NUC_vs_CONTROL",5,2,5,11,400,"floor_sqrt_p",7,11,3,0.81651376146789
"NUC_vs_CONTROL",5,2,1,12,400,"floor_sqrt_p",2,11,3,0.866300366300366
"NUC_vs_CONTROL",5,2,1,12,400,"floor_sqrt_p",5,11,3,0.866300366300366
"NUC_vs_CONTROL",5,2,1,12,400,"floor_sqrt_p",7,11,3,0.860805860805861
"NUC_vs_CONTROL",5,2,2,12,400,"floor_sqrt_p",2,11,3,0.826007326007326
"NUC_vs_CONTROL",5,2,2,12,400,"floor_sqrt_p",5,11,3,0.822344322344322
"NUC_vs_CONTROL",5,2,2,12,400,"floor_sqrt_p",7,11,3,0.824175824175824
"NUC_vs_CONTROL",5,2,3,12,400,"floor_sqrt_p",2,11,3,0.860550458715596
"NUC_vs_CONTROL",5,2,3,12,400,"floor_sqrt_p",5,11,3,0.858715596330275
"NUC_vs_CONTROL",5,2,3,12,400,"floor_sqrt_p",7,11,3,0.858715596330275
"NUC_vs_CONTROL",5,2,4,12,400,"floor_sqrt_p",2,11,3,0.869724770642202
"NUC_vs_CONTROL",5,2,4,12,400,"floor_sqrt_p",5,11,3,0.858715596330275
"NUC_vs_CONTROL",5,2,4,12,400,"floor_sqrt_p",7,11,3,0.864220183486239
"NUC_vs_CONTROL",5,2,5,12,400,"floor_sqrt_p",2,11,3,0.823853211009174
"NUC_vs_CONTROL",5,2,5,12,400,"floor_sqrt_p",5,11,3,0.820183486238532
"NUC_vs_CONTROL",5,2,5,12,400,"floor_sqrt_p",7,11,3,0.814678899082569
"NUC_vs_CONTROL",5,2,1,13,400,"floor_sqrt_p",2,11,3,0.875457875457875
"NUC_vs_CONTROL",5,2,1,13,400,"floor_sqrt_p",5,11,3,0.875457875457875
"NUC_vs_CONTROL",5,2,1,13,400,"floor_sqrt_p",7,11,3,0.882783882783883
"NUC_vs_CONTROL",5,2,2,13,400,"floor_sqrt_p",2,12,3,0.833333333333333
"NUC_vs_CONTROL",5,2,2,13,400,"floor_sqrt_p",5,12,3,0.826007326007326
"NUC_vs_CONTROL",5,2,2,13,400,"floor_sqrt_p",7,12,3,0.82967032967033
"NUC_vs_CONTROL",5,2,3,13,400,"floor_sqrt_p",2,12,3,0.873394495412844
"NUC_vs_CONTROL",5,2,3,13,400,"floor_sqrt_p",5,12,3,0.869724770642202
"NUC_vs_CONTROL",5,2,3,13,400,"floor_sqrt_p",7,12,3,0.867889908256881
"NUC_vs_CONTROL",5,2,4,13,400,"floor_sqrt_p",2,12,3,0.867889908256881
"NUC_vs_CONTROL",5,2,4,13,400,"floor_sqrt_p",5,12,3,0.86605504587156
"NUC_vs_CONTROL",5,2,4,13,400,"floor_sqrt_p",7,12,3,0.86605504587156
"NUC_vs_CONTROL",5,2,5,13,400,"floor_sqrt_p",2,12,3,0.822018348623853
"NUC_vs_CONTROL",5,2,5,13,400,"floor_sqrt_p",5,12,3,0.820183486238532
"NUC_vs_CONTROL",5,2,5,13,400,"floor_sqrt_p",7,12,3,0.818348623853211
"NUC_vs_CONTROL",5,2,1,14,400,"floor_sqrt_p",2,12,3,0.86996336996337
"NUC_vs_CONTROL",5,2,1,14,400,"floor_sqrt_p",5,12,3,0.873626373626374
"NUC_vs_CONTROL",5,2,1,14,400,"floor_sqrt_p",7,12,3,0.875457875457875
"NUC_vs_CONTROL",5,2,2,14,400,"floor_sqrt_p",2,12,3,0.836996336996337
"NUC_vs_CONTROL",5,2,2,14,400,"floor_sqrt_p",5,12,3,0.842490842490842
"NUC_vs_CONTROL",5,2,2,14,400,"floor_sqrt_p",7,12,3,0.835164835164835
"NUC_vs_CONTROL",5,2,3,14,400,"floor_sqrt_p",2,12,3,0.871559633027523
"NUC_vs_CONTROL",5,2,3,14,400,"floor_sqrt_p",5,12,3,0.877064220183486
"NUC_vs_CONTROL",5,2,3,14,400,"floor_sqrt_p",7,12,3,0.880733944954128
"NUC_vs_CONTROL",5,2,4,14,400,"floor_sqrt_p",2,12,3,0.875229357798165
"NUC_vs_CONTROL",5,2,4,14,400,"floor_sqrt_p",5,12,3,0.860550458715596
"NUC_vs_CONTROL",5,2,4,14,400,"floor_sqrt_p",7,12,3,0.867889908256881
"NUC_vs_CONTROL",5,2,5,14,400,"floor_sqrt_p",2,12,3,0.823853211009174
"NUC_vs_CONTROL",5,2,5,14,400,"floor_sqrt_p",5,12,3,0.823853211009174
"NUC_vs_CONTROL",5,2,5,14,400,"floor_sqrt_p",7,12,3,0.823853211009174
"NUC_vs_CONTROL",5,2,1,15,400,"floor_sqrt_p",2,12,3,0.873626373626374
"NUC_vs_CONTROL",5,2,1,15,400,"floor_sqrt_p",5,12,3,0.875457875457875
"NUC_vs_CONTROL",5,2,1,15,400,"floor_sqrt_p",7,12,3,0.875457875457875
"NUC_vs_CONTROL",5,2,2,15,400,"floor_sqrt_p",2,13,3,0.842490842490842
"NUC_vs_CONTROL",5,2,2,15,400,"floor_sqrt_p",5,13,3,0.836996336996337
"NUC_vs_CONTROL",5,2,2,15,400,"floor_sqrt_p",7,13,3,0.842490842490842
"NUC_vs_CONTROL",5,2,3,15,400,"floor_sqrt_p",2,13,3,0.860550458715596
"NUC_vs_CONTROL",5,2,3,15,400,"floor_sqrt_p",5,13,3,0.869724770642202
"NUC_vs_CONTROL",5,2,3,15,400,"floor_sqrt_p",7,13,3,0.862385321100917
"NUC_vs_CONTROL",5,2,4,15,400,"floor_sqrt_p",2,13,3,0.856880733944954
"NUC_vs_CONTROL",5,2,4,15,400,"floor_sqrt_p",5,13,3,0.856880733944954
"NUC_vs_CONTROL",5,2,4,15,400,"floor_sqrt_p",7,13,3,0.856880733944954
"NUC_vs_CONTROL",5,2,5,15,400,"floor_sqrt_p",2,13,3,0.83302752293578
"NUC_vs_CONTROL",5,2,5,15,400,"floor_sqrt_p",5,13,3,0.83302752293578
"NUC_vs_CONTROL",5,2,5,15,400,"floor_sqrt_p",7,13,3,0.831192660550459
"NUC_vs_CONTROL",5,2,1,16,400,"floor_sqrt_p",2,13,3,0.866300366300366
"NUC_vs_CONTROL",5,2,1,16,400,"floor_sqrt_p",5,13,3,0.862637362637363
"NUC_vs_CONTROL",5,2,1,16,400,"floor_sqrt_p",7,13,3,0.860805860805861
"NUC_vs_CONTROL",5,2,2,16,400,"floor_sqrt_p",2,13,3,0.838827838827839
"NUC_vs_CONTROL",5,2,2,16,400,"floor_sqrt_p",5,13,3,0.82967032967033
"NUC_vs_CONTROL",5,2,2,16,400,"floor_sqrt_p",7,13,3,0.838827838827839
"NUC_vs_CONTROL",5,2,3,16,400,"floor_sqrt_p",2,14,3,0.875229357798165
"NUC_vs_CONTROL",5,2,3,16,400,"floor_sqrt_p",5,14,3,0.860550458715596
"NUC_vs_CONTROL",5,2,3,16,400,"floor_sqrt_p",7,14,3,0.860550458715596
"NUC_vs_CONTROL",5,2,4,16,400,"floor_sqrt_p",2,14,3,0.847706422018349
"NUC_vs_CONTROL",5,2,4,16,400,"floor_sqrt_p",5,14,3,0.853211009174312
"NUC_vs_CONTROL",5,2,4,16,400,"floor_sqrt_p",7,14,3,0.853211009174312
"NUC_vs_CONTROL",5,2,5,16,400,"floor_sqrt_p",2,13,3,0.851376146788991
"NUC_vs_CONTROL",5,2,5,16,400,"floor_sqrt_p",5,13,3,0.842201834862385
"NUC_vs_CONTROL",5,2,5,16,400,"floor_sqrt_p",7,13,3,0.851376146788991
"NUC_vs_CONTROL",5,2,1,17,400,"floor_sqrt_p",2,14,3,0.855311355311355
"NUC_vs_CONTROL",5,2,1,17,400,"floor_sqrt_p",5,14,3,0.860805860805861
"NUC_vs_CONTROL",5,2,1,17,400,"floor_sqrt_p",7,14,3,0.866300366300366
"NUC_vs_CONTROL",5,2,2,17,400,"floor_sqrt_p",2,14,3,0.82051282051282
"NUC_vs_CONTROL",5,2,2,17,400,"floor_sqrt_p",5,14,3,0.818681318681319
"NUC_vs_CONTROL",5,2,2,17,400,"floor_sqrt_p",7,14,3,0.826007326007326
"NUC_vs_CONTROL",5,2,3,17,400,"floor_sqrt_p",2,14,3,0.871559633027523
"NUC_vs_CONTROL",5,2,3,17,400,"floor_sqrt_p",5,14,3,0.862385321100917
"NUC_vs_CONTROL",5,2,3,17,400,"floor_sqrt_p",7,14,3,0.867889908256881
"NUC_vs_CONTROL",5,2,4,17,400,"floor_sqrt_p",2,14,3,0.862385321100917
"NUC_vs_CONTROL",5,2,4,17,400,"floor_sqrt_p",5,14,3,0.86605504587156
"NUC_vs_CONTROL",5,2,4,17,400,"floor_sqrt_p",7,14,3,0.873394495412844
"NUC_vs_CONTROL",5,2,5,17,400,"floor_sqrt_p",2,14,3,0.860550458715596
"NUC_vs_CONTROL",5,2,5,17,400,"floor_sqrt_p",5,14,3,0.860550458715596
"NUC_vs_CONTROL",5,2,5,17,400,"floor_sqrt_p",7,14,3,0.84954128440367
"NUC_vs_CONTROL",5,2,1,18,400,"floor_sqrt_p",2,14,3,0.866300366300366
"NUC_vs_CONTROL",5,2,1,18,400,"floor_sqrt_p",5,14,3,0.862637362637363
"NUC_vs_CONTROL",5,2,1,18,400,"floor_sqrt_p",7,14,3,0.862637362637363
"NUC_vs_CONTROL",5,2,2,18,400,"floor_sqrt_p",2,15,3,0.838827838827839
"NUC_vs_CONTROL",5,2,2,18,400,"floor_sqrt_p",5,15,3,0.838827838827839
"NUC_vs_CONTROL",5,2,2,18,400,"floor_sqrt_p",7,15,3,0.835164835164835
"NUC_vs_CONTROL",5,2,3,18,400,"floor_sqrt_p",2,15,3,0.877064220183486
"NUC_vs_CONTROL",5,2,3,18,400,"floor_sqrt_p",5,15,3,0.871559633027523
"NUC_vs_CONTROL",5,2,3,18,400,"floor_sqrt_p",7,15,3,0.877064220183486
"NUC_vs_CONTROL",5,2,4,18,400,"floor_sqrt_p",2,15,3,0.862385321100917
"NUC_vs_CONTROL",5,2,4,18,400,"floor_sqrt_p",5,15,3,0.856880733944954
"NUC_vs_CONTROL",5,2,4,18,400,"floor_sqrt_p",7,15,3,0.855045871559633
"NUC_vs_CONTROL",5,2,5,18,400,"floor_sqrt_p",2,15,3,0.844036697247706
"NUC_vs_CONTROL",5,2,5,18,400,"floor_sqrt_p",5,15,3,0.842201834862385
"NUC_vs_CONTROL",5,2,5,18,400,"floor_sqrt_p",7,15,3,0.838532110091743
"NUC_vs_CONTROL",5,2,1,19,400,"floor_sqrt_p",2,15,3,0.879120879120879
"NUC_vs_CONTROL",5,2,1,19,400,"floor_sqrt_p",5,15,3,0.877289377289377
"NUC_vs_CONTROL",5,2,1,19,400,"floor_sqrt_p",7,15,3,0.866300366300366
"NUC_vs_CONTROL",5,2,2,19,400,"floor_sqrt_p",2,15,3,0.840659340659341
"NUC_vs_CONTROL",5,2,2,19,400,"floor_sqrt_p",5,15,3,0.838827838827839
"NUC_vs_CONTROL",5,2,2,19,400,"floor_sqrt_p",7,15,3,0.844322344322344
"NUC_vs_CONTROL",5,2,3,19,400,"floor_sqrt_p",2,15,3,0.860550458715596
"NUC_vs_CONTROL",5,2,3,19,400,"floor_sqrt_p",5,15,3,0.86605504587156
"NUC_vs_CONTROL",5,2,3,19,400,"floor_sqrt_p",7,15,3,0.871559633027523
"NUC_vs_CONTROL",5,2,4,19,400,"floor_sqrt_p",2,15,3,0.851376146788991
"NUC_vs_CONTROL",5,2,4,19,400,"floor_sqrt_p",5,15,3,0.853211009174312
"NUC_vs_CONTROL",5,2,4,19,400,"floor_sqrt_p",7,15,3,0.84954128440367
"NUC_vs_CONTROL",5,2,5,19,400,"floor_sqrt_p",2,15,3,0.847706422018349
"NUC_vs_CONTROL",5,2,5,19,400,"floor_sqrt_p",5,15,3,0.855045871559633
"NUC_vs_CONTROL",5,2,5,19,400,"floor_sqrt_p",7,15,3,0.851376146788991
"NUC_vs_CONTROL",5,2,1,20,400,"floor_sqrt_p",2,15,3,0.868131868131868
"NUC_vs_CONTROL",5,2,1,20,400,"floor_sqrt_p",5,15,3,0.858974358974359
"NUC_vs_CONTROL",5,2,1,20,400,"floor_sqrt_p",7,15,3,0.858974358974359
"NUC_vs_CONTROL",5,2,2,20,400,"floor_sqrt_p",2,15,3,0.84981684981685
"NUC_vs_CONTROL",5,2,2,20,400,"floor_sqrt_p",5,15,3,0.835164835164835
"NUC_vs_CONTROL",5,2,2,20,400,"floor_sqrt_p",7,15,3,0.842490842490842
"NUC_vs_CONTROL",5,2,3,20,400,"floor_sqrt_p",2,16,4,0.858715596330275
"NUC_vs_CONTROL",5,2,3,20,400,"floor_sqrt_p",5,16,4,0.860550458715596
"NUC_vs_CONTROL",5,2,3,20,400,"floor_sqrt_p",7,16,4,0.862385321100917
"NUC_vs_CONTROL",5,2,4,20,400,"floor_sqrt_p",2,15,3,0.856880733944954
"NUC_vs_CONTROL",5,2,4,20,400,"floor_sqrt_p",5,15,3,0.858715596330275
"NUC_vs_CONTROL",5,2,4,20,400,"floor_sqrt_p",7,15,3,0.845871559633028
"NUC_vs_CONTROL",5,2,5,20,400,"floor_sqrt_p",2,15,3,0.851376146788991
"NUC_vs_CONTROL",5,2,5,20,400,"floor_sqrt_p",5,15,3,0.845871559633028
"NUC_vs_CONTROL",5,2,5,20,400,"floor_sqrt_p",7,15,3,0.847706422018349
"NUC_vs_CONTROL",5,3,1,6,400,"floor_sqrt_p",2,6,2,0.824175824175824
"NUC_vs_CONTROL",5,3,1,6,400,"floor_sqrt_p",5,6,2,0.82967032967033
"NUC_vs_CONTROL",5,3,1,6,400,"floor_sqrt_p",7,6,2,0.827838827838828
"NUC_vs_CONTROL",5,3,2,6,400,"floor_sqrt_p",2,6,2,0.824175824175824
"NUC_vs_CONTROL",5,3,2,6,400,"floor_sqrt_p",5,6,2,0.835164835164835
"NUC_vs_CONTROL",5,3,2,6,400,"floor_sqrt_p",7,6,2,0.833333333333333
"NUC_vs_CONTROL",5,3,3,6,400,"floor_sqrt_p",2,6,2,0.796703296703297
"NUC_vs_CONTROL",5,3,3,6,400,"floor_sqrt_p",5,6,2,0.816849816849817
"NUC_vs_CONTROL",5,3,3,6,400,"floor_sqrt_p",7,6,2,0.807692307692308
"NUC_vs_CONTROL",5,3,4,6,400,"floor_sqrt_p",2,6,2,0.856880733944954
"NUC_vs_CONTROL",5,3,4,6,400,"floor_sqrt_p",5,6,2,0.860550458715596
"NUC_vs_CONTROL",5,3,4,6,400,"floor_sqrt_p",7,6,2,0.855045871559633
"NUC_vs_CONTROL",5,3,5,6,400,"floor_sqrt_p",2,6,2,0.811009174311927
"NUC_vs_CONTROL",5,3,5,6,400,"floor_sqrt_p",5,6,2,0.818348623853211
"NUC_vs_CONTROL",5,3,5,6,400,"floor_sqrt_p",7,6,2,0.812844036697248
"NUC_vs_CONTROL",5,3,1,7,400,"floor_sqrt_p",2,7,2,0.824175824175824
"NUC_vs_CONTROL",5,3,1,7,400,"floor_sqrt_p",5,7,2,0.822344322344322
"NUC_vs_CONTROL",5,3,1,7,400,"floor_sqrt_p",7,7,2,0.818681318681319
"NUC_vs_CONTROL",5,3,2,7,400,"floor_sqrt_p",2,7,2,0.826007326007326
"NUC_vs_CONTROL",5,3,2,7,400,"floor_sqrt_p",5,7,2,0.82051282051282
"NUC_vs_CONTROL",5,3,2,7,400,"floor_sqrt_p",7,7,2,0.818681318681319
"NUC_vs_CONTROL",5,3,3,7,400,"floor_sqrt_p",2,7,2,0.833333333333333
"NUC_vs_CONTROL",5,3,3,7,400,"floor_sqrt_p",5,7,2,0.82967032967033
"NUC_vs_CONTROL",5,3,3,7,400,"floor_sqrt_p",7,7,2,0.82967032967033
"NUC_vs_CONTROL",5,3,4,7,400,"floor_sqrt_p",2,7,2,0.856880733944954
"NUC_vs_CONTROL",5,3,4,7,400,"floor_sqrt_p",5,7,2,0.858715596330275
"NUC_vs_CONTROL",5,3,4,7,400,"floor_sqrt_p",7,7,2,0.86605504587156
"NUC_vs_CONTROL",5,3,5,7,400,"floor_sqrt_p",2,8,2,0.847706422018349
"NUC_vs_CONTROL",5,3,5,7,400,"floor_sqrt_p",5,8,2,0.847706422018349
"NUC_vs_CONTROL",5,3,5,7,400,"floor_sqrt_p",7,8,2,0.844036697247706
"NUC_vs_CONTROL",5,3,1,8,400,"floor_sqrt_p",2,8,2,0.844322344322344
"NUC_vs_CONTROL",5,3,1,8,400,"floor_sqrt_p",5,8,2,0.840659340659341
"NUC_vs_CONTROL",5,3,1,8,400,"floor_sqrt_p",7,8,2,0.842490842490842
"NUC_vs_CONTROL",5,3,2,8,400,"floor_sqrt_p",2,8,2,0.847985347985348
"NUC_vs_CONTROL",5,3,2,8,400,"floor_sqrt_p",5,8,2,0.846153846153846
"NUC_vs_CONTROL",5,3,2,8,400,"floor_sqrt_p",7,8,2,0.851648351648352
"NUC_vs_CONTROL",5,3,3,8,400,"floor_sqrt_p",2,8,2,0.826007326007326
"NUC_vs_CONTROL",5,3,3,8,400,"floor_sqrt_p",5,8,2,0.824175824175824
"NUC_vs_CONTROL",5,3,3,8,400,"floor_sqrt_p",7,8,2,0.822344322344322
"NUC_vs_CONTROL",5,3,4,8,400,"floor_sqrt_p",2,8,2,0.875229357798165
"NUC_vs_CONTROL",5,3,4,8,400,"floor_sqrt_p",5,8,2,0.869724770642202
"NUC_vs_CONTROL",5,3,4,8,400,"floor_sqrt_p",7,8,2,0.869724770642202
"NUC_vs_CONTROL",5,3,5,8,400,"floor_sqrt_p",2,9,3,0.86605504587156
"NUC_vs_CONTROL",5,3,5,8,400,"floor_sqrt_p",5,9,3,0.86605504587156
"NUC_vs_CONTROL",5,3,5,8,400,"floor_sqrt_p",7,9,3,0.862385321100917
"NUC_vs_CONTROL",5,3,1,9,400,"floor_sqrt_p",2,9,3,0.851648351648352
"NUC_vs_CONTROL",5,3,1,9,400,"floor_sqrt_p",5,9,3,0.847985347985348
"NUC_vs_CONTROL",5,3,1,9,400,"floor_sqrt_p",7,9,3,0.844322344322344
"NUC_vs_CONTROL",5,3,2,9,400,"floor_sqrt_p",2,9,3,0.862637362637363
"NUC_vs_CONTROL",5,3,2,9,400,"floor_sqrt_p",5,9,3,0.855311355311355
"NUC_vs_CONTROL",5,3,2,9,400,"floor_sqrt_p",7,9,3,0.851648351648352
"NUC_vs_CONTROL",5,3,3,9,400,"floor_sqrt_p",2,9,3,0.844322344322344
"NUC_vs_CONTROL",5,3,3,9,400,"floor_sqrt_p",5,9,3,0.840659340659341
"NUC_vs_CONTROL",5,3,3,9,400,"floor_sqrt_p",7,9,3,0.833333333333333
"NUC_vs_CONTROL",5,3,4,9,400,"floor_sqrt_p",2,9,3,0.873394495412844
"NUC_vs_CONTROL",5,3,4,9,400,"floor_sqrt_p",5,9,3,0.867889908256881
"NUC_vs_CONTROL",5,3,4,9,400,"floor_sqrt_p",7,9,3,0.867889908256881
"NUC_vs_CONTROL",5,3,5,9,400,"floor_sqrt_p",2,9,3,0.860550458715596
"NUC_vs_CONTROL",5,3,5,9,400,"floor_sqrt_p",5,9,3,0.853211009174312
"NUC_vs_CONTROL",5,3,5,9,400,"floor_sqrt_p",7,9,3,0.847706422018349
"NUC_vs_CONTROL",5,3,1,10,400,"floor_sqrt_p",2,10,3,0.853479853479853
"NUC_vs_CONTROL",5,3,1,10,400,"floor_sqrt_p",5,10,3,0.853479853479853
"NUC_vs_CONTROL",5,3,1,10,400,"floor_sqrt_p",7,10,3,0.857142857142857
"NUC_vs_CONTROL",5,3,2,10,400,"floor_sqrt_p",2,10,3,0.851648351648352
"NUC_vs_CONTROL",5,3,2,10,400,"floor_sqrt_p",5,10,3,0.857142857142857
"NUC_vs_CONTROL",5,3,2,10,400,"floor_sqrt_p",7,10,3,0.842490842490842
"NUC_vs_CONTROL",5,3,3,10,400,"floor_sqrt_p",2,10,3,0.847985347985348
"NUC_vs_CONTROL",5,3,3,10,400,"floor_sqrt_p",5,10,3,0.84981684981685
"NUC_vs_CONTROL",5,3,3,10,400,"floor_sqrt_p",7,10,3,0.844322344322344
"NUC_vs_CONTROL",5,3,4,10,400,"floor_sqrt_p",2,10,3,0.86605504587156
"NUC_vs_CONTROL",5,3,4,10,400,"floor_sqrt_p",5,10,3,0.86605504587156
"NUC_vs_CONTROL",5,3,4,10,400,"floor_sqrt_p",7,10,3,0.862385321100917
"NUC_vs_CONTROL",5,3,5,10,400,"floor_sqrt_p",2,10,3,0.855045871559633
"NUC_vs_CONTROL",5,3,5,10,400,"floor_sqrt_p",5,10,3,0.860550458715596
"NUC_vs_CONTROL",5,3,5,10,400,"floor_sqrt_p",7,10,3,0.855045871559633
"NUC_vs_CONTROL",5,3,1,11,400,"floor_sqrt_p",2,10,3,0.86996336996337
"NUC_vs_CONTROL",5,3,1,11,400,"floor_sqrt_p",5,10,3,0.868131868131868
"NUC_vs_CONTROL",5,3,1,11,400,"floor_sqrt_p",7,10,3,0.868131868131868
"NUC_vs_CONTROL",5,3,2,11,400,"floor_sqrt_p",2,11,3,0.862637362637363
"NUC_vs_CONTROL",5,3,2,11,400,"floor_sqrt_p",5,11,3,0.855311355311355
"NUC_vs_CONTROL",5,3,2,11,400,"floor_sqrt_p",7,11,3,0.851648351648352
"NUC_vs_CONTROL",5,3,3,11,400,"floor_sqrt_p",2,10,3,0.844322344322344
"NUC_vs_CONTROL",5,3,3,11,400,"floor_sqrt_p",5,10,3,0.851648351648352
"NUC_vs_CONTROL",5,3,3,11,400,"floor_sqrt_p",7,10,3,0.851648351648352
"NUC_vs_CONTROL",5,3,4,11,400,"floor_sqrt_p",2,11,3,0.875229357798165
"NUC_vs_CONTROL",5,3,4,11,400,"floor_sqrt_p",5,11,3,0.869724770642202
"NUC_vs_CONTROL",5,3,4,11,400,"floor_sqrt_p",7,11,3,0.867889908256881
"NUC_vs_CONTROL",5,3,5,11,400,"floor_sqrt_p",2,11,3,0.86605504587156
"NUC_vs_CONTROL",5,3,5,11,400,"floor_sqrt_p",5,11,3,0.864220183486239
"NUC_vs_CONTROL",5,3,5,11,400,"floor_sqrt_p",7,11,3,0.858715596330275
"NUC_vs_CONTROL",5,3,1,12,400,"floor_sqrt_p",2,11,3,0.862637362637363
"NUC_vs_CONTROL",5,3,1,12,400,"floor_sqrt_p",5,11,3,0.857142857142857
"NUC_vs_CONTROL",5,3,1,12,400,"floor_sqrt_p",7,11,3,0.853479853479853
"NUC_vs_CONTROL",5,3,2,12,400,"floor_sqrt_p",2,11,3,0.858974358974359
"NUC_vs_CONTROL",5,3,2,12,400,"floor_sqrt_p",5,11,3,0.858974358974359
"NUC_vs_CONTROL",5,3,2,12,400,"floor_sqrt_p",7,11,3,0.84981684981685
"NUC_vs_CONTROL",5,3,3,12,400,"floor_sqrt_p",2,11,3,0.858974358974359
"NUC_vs_CONTROL",5,3,3,12,400,"floor_sqrt_p",5,11,3,0.84981684981685
"NUC_vs_CONTROL",5,3,3,12,400,"floor_sqrt_p",7,11,3,0.860805860805861
"NUC_vs_CONTROL",5,3,4,12,400,"floor_sqrt_p",2,11,3,0.877064220183486
"NUC_vs_CONTROL",5,3,4,12,400,"floor_sqrt_p",5,11,3,0.877064220183486
"NUC_vs_CONTROL",5,3,4,12,400,"floor_sqrt_p",7,11,3,0.862385321100917
"NUC_vs_CONTROL",5,3,5,12,400,"floor_sqrt_p",2,12,3,0.847706422018349
"NUC_vs_CONTROL",5,3,5,12,400,"floor_sqrt_p",5,12,3,0.840366972477064
"NUC_vs_CONTROL",5,3,5,12,400,"floor_sqrt_p",7,12,3,0.844036697247706
"NUC_vs_CONTROL",5,3,1,13,400,"floor_sqrt_p",2,11,3,0.838827838827839
"NUC_vs_CONTROL",5,3,1,13,400,"floor_sqrt_p",5,11,3,0.840659340659341
"NUC_vs_CONTROL",5,3,1,13,400,"floor_sqrt_p",7,11,3,0.847985347985348
"NUC_vs_CONTROL",5,3,2,13,400,"floor_sqrt_p",2,12,3,0.851648351648352
"NUC_vs_CONTROL",5,3,2,13,400,"floor_sqrt_p",5,12,3,0.846153846153846
"NUC_vs_CONTROL",5,3,2,13,400,"floor_sqrt_p",7,12,3,0.842490842490842
"NUC_vs_CONTROL",5,3,3,13,400,"floor_sqrt_p",2,12,3,0.842490842490842
"NUC_vs_CONTROL",5,3,3,13,400,"floor_sqrt_p",5,12,3,0.840659340659341
"NUC_vs_CONTROL",5,3,3,13,400,"floor_sqrt_p",7,12,3,0.855311355311355
"NUC_vs_CONTROL",5,3,4,13,400,"floor_sqrt_p",2,12,3,0.880733944954128
"NUC_vs_CONTROL",5,3,4,13,400,"floor_sqrt_p",5,12,3,0.869724770642202
"NUC_vs_CONTROL",5,3,4,13,400,"floor_sqrt_p",7,12,3,0.867889908256881
"NUC_vs_CONTROL",5,3,5,13,400,"floor_sqrt_p",2,12,3,0.858715596330275
"NUC_vs_CONTROL",5,3,5,13,400,"floor_sqrt_p",5,12,3,0.84954128440367
"NUC_vs_CONTROL",5,3,5,13,400,"floor_sqrt_p",7,12,3,0.851376146788991
"NUC_vs_CONTROL",5,3,1,14,400,"floor_sqrt_p",2,12,3,0.858974358974359
"NUC_vs_CONTROL",5,3,1,14,400,"floor_sqrt_p",5,12,3,0.84981684981685
"NUC_vs_CONTROL",5,3,1,14,400,"floor_sqrt_p",7,12,3,0.858974358974359
"NUC_vs_CONTROL",5,3,2,14,400,"floor_sqrt_p",2,12,3,0.857142857142857
"NUC_vs_CONTROL",5,3,2,14,400,"floor_sqrt_p",5,12,3,0.84981684981685
"NUC_vs_CONTROL",5,3,2,14,400,"floor_sqrt_p",7,12,3,0.846153846153846
"NUC_vs_CONTROL",5,3,3,14,400,"floor_sqrt_p",2,12,3,0.86996336996337
"NUC_vs_CONTROL",5,3,3,14,400,"floor_sqrt_p",5,12,3,0.871794871794872
"NUC_vs_CONTROL",5,3,3,14,400,"floor_sqrt_p",7,12,3,0.873626373626374
"NUC_vs_CONTROL",5,3,4,14,400,"floor_sqrt_p",2,12,3,0.869724770642202
"NUC_vs_CONTROL",5,3,4,14,400,"floor_sqrt_p",5,12,3,0.867889908256881
"NUC_vs_CONTROL",5,3,4,14,400,"floor_sqrt_p",7,12,3,0.867889908256881
"NUC_vs_CONTROL",5,3,5,14,400,"floor_sqrt_p",2,13,3,0.853211009174312
"NUC_vs_CONTROL",5,3,5,14,400,"floor_sqrt_p",5,13,3,0.847706422018349
"NUC_vs_CONTROL",5,3,5,14,400,"floor_sqrt_p",7,13,3,0.851376146788991
"NUC_vs_CONTROL",5,3,1,15,400,"floor_sqrt_p",2,12,3,0.844322344322344
"NUC_vs_CONTROL",5,3,1,15,400,"floor_sqrt_p",5,12,3,0.842490842490842
"NUC_vs_CONTROL",5,3,1,15,400,"floor_sqrt_p",7,12,3,0.844322344322344
"NUC_vs_CONTROL",5,3,2,15,400,"floor_sqrt_p",2,13,3,0.846153846153846
"NUC_vs_CONTROL",5,3,2,15,400,"floor_sqrt_p",5,13,3,0.840659340659341
"NUC_vs_CONTROL",5,3,2,15,400,"floor_sqrt_p",7,13,3,0.842490842490842
"NUC_vs_CONTROL",5,3,3,15,400,"floor_sqrt_p",2,13,3,0.853479853479853
"NUC_vs_CONTROL",5,3,3,15,400,"floor_sqrt_p",5,13,3,0.858974358974359
"NUC_vs_CONTROL",5,3,3,15,400,"floor_sqrt_p",7,13,3,0.855311355311355
"NUC_vs_CONTROL",5,3,4,15,400,"floor_sqrt_p",2,13,3,0.858715596330275
"NUC_vs_CONTROL",5,3,4,15,400,"floor_sqrt_p",5,13,3,0.869724770642202
"NUC_vs_CONTROL",5,3,4,15,400,"floor_sqrt_p",7,13,3,0.875229357798165
"NUC_vs_CONTROL",5,3,5,15,400,"floor_sqrt_p",2,13,3,0.840366972477064
"NUC_vs_CONTROL",5,3,5,15,400,"floor_sqrt_p",5,13,3,0.855045871559633
"NUC_vs_CONTROL",5,3,5,15,400,"floor_sqrt_p",7,13,3,0.842201834862385
"NUC_vs_CONTROL",5,3,1,16,400,"floor_sqrt_p",2,13,3,0.857142857142857
"NUC_vs_CONTROL",5,3,1,16,400,"floor_sqrt_p",5,13,3,0.857142857142857
"NUC_vs_CONTROL",5,3,1,16,400,"floor_sqrt_p",7,13,3,0.864468864468865
"NUC_vs_CONTROL",5,3,2,16,400,"floor_sqrt_p",2,14,3,0.833333333333333
"NUC_vs_CONTROL",5,3,2,16,400,"floor_sqrt_p",5,14,3,0.835164835164835
"NUC_vs_CONTROL",5,3,2,16,400,"floor_sqrt_p",7,14,3,0.82967032967033
"NUC_vs_CONTROL",5,3,3,16,400,"floor_sqrt_p",2,13,3,0.857142857142857
"NUC_vs_CONTROL",5,3,3,16,400,"floor_sqrt_p",5,13,3,0.855311355311355
"NUC_vs_CONTROL",5,3,3,16,400,"floor_sqrt_p",7,13,3,0.851648351648352
"NUC_vs_CONTROL",5,3,4,16,400,"floor_sqrt_p",2,14,3,0.84954128440367
"NUC_vs_CONTROL",5,3,4,16,400,"floor_sqrt_p",5,14,3,0.862385321100917
"NUC_vs_CONTROL",5,3,4,16,400,"floor_sqrt_p",7,14,3,0.855045871559633
"NUC_vs_CONTROL",5,3,5,16,400,"floor_sqrt_p",2,14,3,0.871559633027523
"NUC_vs_CONTROL",5,3,5,16,400,"floor_sqrt_p",5,14,3,0.875229357798165
"NUC_vs_CONTROL",5,3,5,16,400,"floor_sqrt_p",7,14,3,0.867889908256881
"NUC_vs_CONTROL",5,3,1,17,400,"floor_sqrt_p",2,14,3,0.860805860805861
"NUC_vs_CONTROL",5,3,1,17,400,"floor_sqrt_p",5,14,3,0.862637362637363
"NUC_vs_CONTROL",5,3,1,17,400,"floor_sqrt_p",7,14,3,0.868131868131868
"NUC_vs_CONTROL",5,3,2,17,400,"floor_sqrt_p",2,15,3,0.840659340659341
"NUC_vs_CONTROL",5,3,2,17,400,"floor_sqrt_p",5,15,3,0.840659340659341
"NUC_vs_CONTROL",5,3,2,17,400,"floor_sqrt_p",7,15,3,0.840659340659341
"NUC_vs_CONTROL",5,3,3,17,400,"floor_sqrt_p",2,14,3,0.862637362637363
"NUC_vs_CONTROL",5,3,3,17,400,"floor_sqrt_p",5,14,3,0.847985347985348
"NUC_vs_CONTROL",5,3,3,17,400,"floor_sqrt_p",7,14,3,0.853479853479853
"NUC_vs_CONTROL",5,3,4,17,400,"floor_sqrt_p",2,14,3,0.86605504587156
"NUC_vs_CONTROL",5,3,4,17,400,"floor_sqrt_p",5,14,3,0.867889908256881
"NUC_vs_CONTROL",5,3,4,17,400,"floor_sqrt_p",7,14,3,0.862385321100917
"NUC_vs_CONTROL",5,3,5,17,400,"floor_sqrt_p",2,15,3,0.862385321100917
"NUC_vs_CONTROL",5,3,5,17,400,"floor_sqrt_p",5,15,3,0.86605504587156
"NUC_vs_CONTROL",5,3,5,17,400,"floor_sqrt_p",7,15,3,0.867889908256881
"NUC_vs_CONTROL",5,3,1,18,400,"floor_sqrt_p",2,14,3,0.858974358974359
"NUC_vs_CONTROL",5,3,1,18,400,"floor_sqrt_p",5,14,3,0.851648351648352
"NUC_vs_CONTROL",5,3,1,18,400,"floor_sqrt_p",7,14,3,0.860805860805861
"NUC_vs_CONTROL",5,3,2,18,400,"floor_sqrt_p",2,15,3,0.847985347985348
"NUC_vs_CONTROL",5,3,2,18,400,"floor_sqrt_p",5,15,3,0.840659340659341
"NUC_vs_CONTROL",5,3,2,18,400,"floor_sqrt_p",7,15,3,0.842490842490842
"NUC_vs_CONTROL",5,3,3,18,400,"floor_sqrt_p",2,15,3,0.858974358974359
"NUC_vs_CONTROL",5,3,3,18,400,"floor_sqrt_p",5,15,3,0.860805860805861
"NUC_vs_CONTROL",5,3,3,18,400,"floor_sqrt_p",7,15,3,0.84981684981685
"NUC_vs_CONTROL",5,3,4,18,400,"floor_sqrt_p",2,15,3,0.856880733944954
"NUC_vs_CONTROL",5,3,4,18,400,"floor_sqrt_p",5,15,3,0.853211009174312
"NUC_vs_CONTROL",5,3,4,18,400,"floor_sqrt_p",7,15,3,0.853211009174312
"NUC_vs_CONTROL",5,3,5,18,400,"floor_sqrt_p",2,15,3,0.860550458715596
"NUC_vs_CONTROL",5,3,5,18,400,"floor_sqrt_p",5,15,3,0.867889908256881
"NUC_vs_CONTROL",5,3,5,18,400,"floor_sqrt_p",7,15,3,0.864220183486239
"NUC_vs_CONTROL",5,3,1,19,400,"floor_sqrt_p",2,15,3,0.846153846153846
"NUC_vs_CONTROL",5,3,1,19,400,"floor_sqrt_p",5,15,3,0.851648351648352
"NUC_vs_CONTROL",5,3,1,19,400,"floor_sqrt_p",7,15,3,0.842490842490842
"NUC_vs_CONTROL",5,3,2,19,400,"floor_sqrt_p",2,15,3,0.840659340659341
"NUC_vs_CONTROL",5,3,2,19,400,"floor_sqrt_p",5,15,3,0.838827838827839
"NUC_vs_CONTROL",5,3,2,19,400,"floor_sqrt_p",7,15,3,0.838827838827839
"NUC_vs_CONTROL",5,3,3,19,400,"floor_sqrt_p",2,15,3,0.858974358974359
"NUC_vs_CONTROL",5,3,3,19,400,"floor_sqrt_p",5,15,3,0.857142857142857
"NUC_vs_CONTROL",5,3,3,19,400,"floor_sqrt_p",7,15,3,0.860805860805861
"NUC_vs_CONTROL",5,3,4,19,400,"floor_sqrt_p",2,15,3,0.842201834862385
"NUC_vs_CONTROL",5,3,4,19,400,"floor_sqrt_p",5,15,3,0.840366972477064
"NUC_vs_CONTROL",5,3,4,19,400,"floor_sqrt_p",7,15,3,0.840366972477064
"NUC_vs_CONTROL",5,3,5,19,400,"floor_sqrt_p",2,16,4,0.862385321100917
"NUC_vs_CONTROL",5,3,5,19,400,"floor_sqrt_p",5,16,4,0.86605504587156
"NUC_vs_CONTROL",5,3,5,19,400,"floor_sqrt_p",7,16,4,0.864220183486239
"NUC_vs_CONTROL",5,3,1,20,400,"floor_sqrt_p",2,15,3,0.851648351648352
"NUC_vs_CONTROL",5,3,1,20,400,"floor_sqrt_p",5,15,3,0.84981684981685
"NUC_vs_CONTROL",5,3,1,20,400,"floor_sqrt_p",7,15,3,0.846153846153846
"NUC_vs_CONTROL",5,3,2,20,400,"floor_sqrt_p",2,16,4,0.842490842490842
"NUC_vs_CONTROL",5,3,2,20,400,"floor_sqrt_p",5,16,4,0.851648351648352
"NUC_vs_CONTROL",5,3,2,20,400,"floor_sqrt_p",7,16,4,0.846153846153846
"NUC_vs_CONTROL",5,3,3,20,400,"floor_sqrt_p",2,15,3,0.844322344322344
"NUC_vs_CONTROL",5,3,3,20,400,"floor_sqrt_p",5,15,3,0.836996336996337
"NUC_vs_CONTROL",5,3,3,20,400,"floor_sqrt_p",7,15,3,0.842490842490842
"NUC_vs_CONTROL",5,3,4,20,400,"floor_sqrt_p",2,16,4,0.851376146788991
"NUC_vs_CONTROL",5,3,4,20,400,"floor_sqrt_p",5,16,4,0.842201834862385
"NUC_vs_CONTROL",5,3,4,20,400,"floor_sqrt_p",7,16,4,0.853211009174312
"NUC_vs_CONTROL",5,3,5,20,400,"floor_sqrt_p",2,16,4,0.864220183486239
"NUC_vs_CONTROL",5,3,5,20,400,"floor_sqrt_p",5,16,4,0.875229357798165
"NUC_vs_CONTROL",5,3,5,20,400,"floor_sqrt_p",7,16,4,0.867889908256881
"NUC_vs_CONTROL",5,4,1,6,400,"floor_sqrt_p",2,6,2,0.811700182815356
"NUC_vs_CONTROL",5,4,1,6,400,"floor_sqrt_p",5,6,2,0.813528336380256
"NUC_vs_CONTROL",5,4,1,6,400,"floor_sqrt_p",7,6,2,0.809872029250457
"NUC_vs_CONTROL",5,4,2,6,400,"floor_sqrt_p",2,6,2,0.802197802197802
"NUC_vs_CONTROL",5,4,2,6,400,"floor_sqrt_p",5,6,2,0.802197802197802
"NUC_vs_CONTROL",5,4,2,6,400,"floor_sqrt_p",7,6,2,0.8003663003663
"NUC_vs_CONTROL",5,4,3,6,400,"floor_sqrt_p",2,6,2,0.831501831501832
"NUC_vs_CONTROL",5,4,3,6,400,"floor_sqrt_p",5,6,2,0.82051282051282
"NUC_vs_CONTROL",5,4,3,6,400,"floor_sqrt_p",7,6,2,0.824175824175824
"NUC_vs_CONTROL",5,4,4,6,400,"floor_sqrt_p",2,6,2,0.798165137614679
"NUC_vs_CONTROL",5,4,4,6,400,"floor_sqrt_p",5,6,2,0.811009174311927
"NUC_vs_CONTROL",5,4,4,6,400,"floor_sqrt_p",7,6,2,0.801834862385321
"NUC_vs_CONTROL",5,4,5,6,400,"floor_sqrt_p",2,6,2,0.822018348623853
"NUC_vs_CONTROL",5,4,5,6,400,"floor_sqrt_p",5,6,2,0.822018348623853
"NUC_vs_CONTROL",5,4,5,6,400,"floor_sqrt_p",7,6,2,0.820183486238532
"NUC_vs_CONTROL",5,4,1,7,400,"floor_sqrt_p",2,7,2,0.83363802559415
"NUC_vs_CONTROL",5,4,1,7,400,"floor_sqrt_p",5,7,2,0.840950639853748
"NUC_vs_CONTROL",5,4,1,7,400,"floor_sqrt_p",7,7,2,0.840950639853748
"NUC_vs_CONTROL",5,4,2,7,400,"floor_sqrt_p",2,7,2,0.835164835164835
"NUC_vs_CONTROL",5,4,2,7,400,"floor_sqrt_p",5,7,2,0.827838827838828
"NUC_vs_CONTROL",5,4,2,7,400,"floor_sqrt_p",7,7,2,0.822344322344322
"NUC_vs_CONTROL",5,4,3,7,400,"floor_sqrt_p",2,7,2,0.804029304029304
"NUC_vs_CONTROL",5,4,3,7,400,"floor_sqrt_p",5,7,2,0.8003663003663
"NUC_vs_CONTROL",5,4,3,7,400,"floor_sqrt_p",7,7,2,0.804029304029304
"NUC_vs_CONTROL",5,4,4,7,400,"floor_sqrt_p",2,7,2,0.829357798165138
"NUC_vs_CONTROL",5,4,4,7,400,"floor_sqrt_p",5,7,2,0.822018348623853
"NUC_vs_CONTROL",5,4,4,7,400,"floor_sqrt_p",7,7,2,0.827522935779817
"NUC_vs_CONTROL",5,4,5,7,400,"floor_sqrt_p",2,7,2,0.847706422018349
"NUC_vs_CONTROL",5,4,5,7,400,"floor_sqrt_p",5,7,2,0.836697247706422
"NUC_vs_CONTROL",5,4,5,7,400,"floor_sqrt_p",7,7,2,0.831192660550459
"NUC_vs_CONTROL",5,4,1,8,400,"floor_sqrt_p",2,8,2,0.83363802559415
"NUC_vs_CONTROL",5,4,1,8,400,"floor_sqrt_p",5,8,2,0.835466179159049
"NUC_vs_CONTROL",5,4,1,8,400,"floor_sqrt_p",7,8,2,0.83180987202925
"NUC_vs_CONTROL",5,4,2,8,400,"floor_sqrt_p",2,8,2,0.855311355311355
"NUC_vs_CONTROL",5,4,2,8,400,"floor_sqrt_p",5,8,2,0.853479853479853
"NUC_vs_CONTROL",5,4,2,8,400,"floor_sqrt_p",7,8,2,0.857142857142857
"NUC_vs_CONTROL",5,4,3,8,400,"floor_sqrt_p",2,8,2,0.811355311355311
"NUC_vs_CONTROL",5,4,3,8,400,"floor_sqrt_p",5,8,2,0.811355311355311
"NUC_vs_CONTROL",5,4,3,8,400,"floor_sqrt_p",7,8,2,0.813186813186813
"NUC_vs_CONTROL",5,4,4,8,400,"floor_sqrt_p",2,8,2,0.84954128440367
"NUC_vs_CONTROL",5,4,4,8,400,"floor_sqrt_p",5,8,2,0.844036697247706
"NUC_vs_CONTROL",5,4,4,8,400,"floor_sqrt_p",7,8,2,0.838532110091743
"NUC_vs_CONTROL",5,4,5,8,400,"floor_sqrt_p",2,8,2,0.842201834862385
"NUC_vs_CONTROL",5,4,5,8,400,"floor_sqrt_p",5,8,2,0.840366972477064
"NUC_vs_CONTROL",5,4,5,8,400,"floor_sqrt_p",7,8,2,0.845871559633028
"NUC_vs_CONTROL",5,4,1,9,400,"floor_sqrt_p",2,9,3,0.844606946983547
"NUC_vs_CONTROL",5,4,1,9,400,"floor_sqrt_p",5,9,3,0.839122486288848
"NUC_vs_CONTROL",5,4,1,9,400,"floor_sqrt_p",7,9,3,0.846435100548446
"NUC_vs_CONTROL",5,4,2,9,400,"floor_sqrt_p",2,9,3,0.853479853479853
"NUC_vs_CONTROL",5,4,2,9,400,"floor_sqrt_p",5,9,3,0.853479853479853
"NUC_vs_CONTROL",5,4,2,9,400,"floor_sqrt_p",7,9,3,0.846153846153846
"NUC_vs_CONTROL",5,4,3,9,400,"floor_sqrt_p",2,9,3,0.826007326007326
"NUC_vs_CONTROL",5,4,3,9,400,"floor_sqrt_p",5,9,3,0.826007326007326
"NUC_vs_CONTROL",5,4,3,9,400,"floor_sqrt_p",7,9,3,0.827838827838828
"NUC_vs_CONTROL",5,4,4,9,400,"floor_sqrt_p",2,9,3,0.856880733944954
"NUC_vs_CONTROL",5,4,4,9,400,"floor_sqrt_p",5,9,3,0.860550458715596
"NUC_vs_CONTROL",5,4,4,9,400,"floor_sqrt_p",7,9,3,0.856880733944954
"NUC_vs_CONTROL",5,4,5,9,400,"floor_sqrt_p",2,9,3,0.845871559633028
"NUC_vs_CONTROL",5,4,5,9,400,"floor_sqrt_p",5,9,3,0.853211009174312
"NUC_vs_CONTROL",5,4,5,9,400,"floor_sqrt_p",7,9,3,0.845871559633028
"NUC_vs_CONTROL",5,4,1,10,400,"floor_sqrt_p",2,10,3,0.846435100548446
"NUC_vs_CONTROL",5,4,1,10,400,"floor_sqrt_p",5,10,3,0.842778793418647
"NUC_vs_CONTROL",5,4,1,10,400,"floor_sqrt_p",7,10,3,0.844606946983547
"NUC_vs_CONTROL",5,4,2,10,400,"floor_sqrt_p",2,10,3,0.851648351648352
"NUC_vs_CONTROL",5,4,2,10,400,"floor_sqrt_p",5,10,3,0.858974358974359
"NUC_vs_CONTROL",5,4,2,10,400,"floor_sqrt_p",7,10,3,0.860805860805861
"NUC_vs_CONTROL",5,4,3,10,400,"floor_sqrt_p",2,10,3,0.831501831501832
"NUC_vs_CONTROL",5,4,3,10,400,"floor_sqrt_p",5,10,3,0.827838827838828
"NUC_vs_CONTROL",5,4,3,10,400,"floor_sqrt_p",7,10,3,0.826007326007326
"NUC_vs_CONTROL",5,4,4,10,400,"floor_sqrt_p",2,10,3,0.851376146788991
"NUC_vs_CONTROL",5,4,4,10,400,"floor_sqrt_p",5,10,3,0.842201834862385
"NUC_vs_CONTROL",5,4,4,10,400,"floor_sqrt_p",7,10,3,0.840366972477064
"NUC_vs_CONTROL",5,4,5,10,400,"floor_sqrt_p",2,10,3,0.853211009174312
"NUC_vs_CONTROL",5,4,5,10,400,"floor_sqrt_p",5,10,3,0.853211009174312
"NUC_vs_CONTROL",5,4,5,10,400,"floor_sqrt_p",7,10,3,0.84954128440367
"NUC_vs_CONTROL",5,4,1,11,400,"floor_sqrt_p",2,10,3,0.857404021937843
"NUC_vs_CONTROL",5,4,1,11,400,"floor_sqrt_p",5,10,3,0.850091407678245
"NUC_vs_CONTROL",5,4,1,11,400,"floor_sqrt_p",7,10,3,0.846435100548446
"NUC_vs_CONTROL",5,4,2,11,400,"floor_sqrt_p",2,10,3,0.866300366300366
"NUC_vs_CONTROL",5,4,2,11,400,"floor_sqrt_p",5,10,3,0.857142857142857
"NUC_vs_CONTROL",5,4,2,11,400,"floor_sqrt_p",7,10,3,0.860805860805861
"NUC_vs_CONTROL",5,4,3,11,400,"floor_sqrt_p",2,10,3,0.844322344322344
"NUC_vs_CONTROL",5,4,3,11,400,"floor_sqrt_p",5,10,3,0.835164835164835
"NUC_vs_CONTROL",5,4,3,11,400,"floor_sqrt_p",7,10,3,0.831501831501832
"NUC_vs_CONTROL",5,4,4,11,400,"floor_sqrt_p",2,10,3,0.864220183486239
"NUC_vs_CONTROL",5,4,4,11,400,"floor_sqrt_p",5,10,3,0.860550458715596
"NUC_vs_CONTROL",5,4,4,11,400,"floor_sqrt_p",7,10,3,0.860550458715596
"NUC_vs_CONTROL",5,4,5,11,400,"floor_sqrt_p",2,11,3,0.845871559633028
"NUC_vs_CONTROL",5,4,5,11,400,"floor_sqrt_p",5,11,3,0.853211009174312
"NUC_vs_CONTROL",5,4,5,11,400,"floor_sqrt_p",7,11,3,0.855045871559633
"NUC_vs_CONTROL",5,4,1,12,400,"floor_sqrt_p",2,11,3,0.839122486288848
"NUC_vs_CONTROL",5,4,1,12,400,"floor_sqrt_p",5,11,3,0.840950639853748
"NUC_vs_CONTROL",5,4,1,12,400,"floor_sqrt_p",7,11,3,0.840950639853748
"NUC_vs_CONTROL",5,4,2,12,400,"floor_sqrt_p",2,11,3,0.862637362637363
"NUC_vs_CONTROL",5,4,2,12,400,"floor_sqrt_p",5,11,3,0.846153846153846
"NUC_vs_CONTROL",5,4,2,12,400,"floor_sqrt_p",7,11,3,0.853479853479853
"NUC_vs_CONTROL",5,4,3,12,400,"floor_sqrt_p",2,11,3,0.835164835164835
"NUC_vs_CONTROL",5,4,3,12,400,"floor_sqrt_p",5,11,3,0.827838827838828
"NUC_vs_CONTROL",5,4,3,12,400,"floor_sqrt_p",7,11,3,0.824175824175824
"NUC_vs_CONTROL",5,4,4,12,400,"floor_sqrt_p",2,11,3,0.836697247706422
"NUC_vs_CONTROL",5,4,4,12,400,"floor_sqrt_p",5,11,3,0.84954128440367
"NUC_vs_CONTROL",5,4,4,12,400,"floor_sqrt_p",7,11,3,0.840366972477064
"NUC_vs_CONTROL",5,4,5,12,400,"floor_sqrt_p",2,11,3,0.844036697247706
"NUC_vs_CONTROL",5,4,5,12,400,"floor_sqrt_p",5,11,3,0.827522935779817
"NUC_vs_CONTROL",5,4,5,12,400,"floor_sqrt_p",7,11,3,0.83302752293578
"NUC_vs_CONTROL",5,4,1,13,400,"floor_sqrt_p",2,11,3,0.840950639853748
"NUC_vs_CONTROL",5,4,1,13,400,"floor_sqrt_p",5,11,3,0.846435100548446
"NUC_vs_CONTROL",5,4,1,13,400,"floor_sqrt_p",7,11,3,0.837294332723949
"NUC_vs_CONTROL",5,4,2,13,400,"floor_sqrt_p",2,11,3,0.853479853479853
"NUC_vs_CONTROL",5,4,2,13,400,"floor_sqrt_p",5,11,3,0.844322344322344
"NUC_vs_CONTROL",5,4,2,13,400,"floor_sqrt_p",7,11,3,0.855311355311355
"NUC_vs_CONTROL",5,4,3,13,400,"floor_sqrt_p",2,11,3,0.82967032967033
"NUC_vs_CONTROL",5,4,3,13,400,"floor_sqrt_p",5,11,3,0.826007326007326
"NUC_vs_CONTROL",5,4,3,13,400,"floor_sqrt_p",7,11,3,0.831501831501832
"NUC_vs_CONTROL",5,4,4,13,400,"floor_sqrt_p",2,12,3,0.851376146788991
"NUC_vs_CONTROL",5,4,4,13,400,"floor_sqrt_p",5,12,3,0.845871559633028
"NUC_vs_CONTROL",5,4,4,13,400,"floor_sqrt_p",7,12,3,0.851376146788991
"NUC_vs_CONTROL",5,4,5,13,400,"floor_sqrt_p",2,12,3,0.842201834862385
"NUC_vs_CONTROL",5,4,5,13,400,"floor_sqrt_p",5,12,3,0.834862385321101
"NUC_vs_CONTROL",5,4,5,13,400,"floor_sqrt_p",7,12,3,0.836697247706422
"NUC_vs_CONTROL",5,4,1,14,400,"floor_sqrt_p",2,12,3,0.840950639853748
"NUC_vs_CONTROL",5,4,1,14,400,"floor_sqrt_p",5,12,3,0.83363802559415
"NUC_vs_CONTROL",5,4,1,14,400,"floor_sqrt_p",7,12,3,0.840950639853748
"NUC_vs_CONTROL",5,4,2,14,400,"floor_sqrt_p",2,12,3,0.86996336996337
"NUC_vs_CONTROL",5,4,2,14,400,"floor_sqrt_p",5,12,3,0.857142857142857
"NUC_vs_CONTROL",5,4,2,14,400,"floor_sqrt_p",7,12,3,0.86996336996337
"NUC_vs_CONTROL",5,4,3,14,400,"floor_sqrt_p",2,12,3,0.833333333333333
"NUC_vs_CONTROL",5,4,3,14,400,"floor_sqrt_p",5,12,3,0.836996336996337
"NUC_vs_CONTROL",5,4,3,14,400,"floor_sqrt_p",7,12,3,0.835164835164835
"NUC_vs_CONTROL",5,4,4,14,400,"floor_sqrt_p",2,12,3,0.842201834862385
"NUC_vs_CONTROL",5,4,4,14,400,"floor_sqrt_p",5,12,3,0.847706422018349
"NUC_vs_CONTROL",5,4,4,14,400,"floor_sqrt_p",7,12,3,0.844036697247706
"NUC_vs_CONTROL",5,4,5,14,400,"floor_sqrt_p",2,12,3,0.840366972477064
"NUC_vs_CONTROL",5,4,5,14,400,"floor_sqrt_p",5,12,3,0.834862385321101
"NUC_vs_CONTROL",5,4,5,14,400,"floor_sqrt_p",7,12,3,0.834862385321101
"NUC_vs_CONTROL",5,4,1,15,400,"floor_sqrt_p",2,12,3,0.840950639853748
"NUC_vs_CONTROL",5,4,1,15,400,"floor_sqrt_p",5,12,3,0.840950639853748
"NUC_vs_CONTROL",5,4,1,15,400,"floor_sqrt_p",7,12,3,0.83363802559415
"NUC_vs_CONTROL",5,4,2,15,400,"floor_sqrt_p",2,12,3,0.864468864468865
"NUC_vs_CONTROL",5,4,2,15,400,"floor_sqrt_p",5,12,3,0.860805860805861
"NUC_vs_CONTROL",5,4,2,15,400,"floor_sqrt_p",7,12,3,0.855311355311355
"NUC_vs_CONTROL",5,4,3,15,400,"floor_sqrt_p",2,12,3,0.844322344322344
"NUC_vs_CONTROL",5,4,3,15,400,"floor_sqrt_p",5,12,3,0.855311355311355
"NUC_vs_CONTROL",5,4,3,15,400,"floor_sqrt_p",7,12,3,0.842490842490842
"NUC_vs_CONTROL",5,4,4,15,400,"floor_sqrt_p",2,13,3,0.847706422018349
"NUC_vs_CONTROL",5,4,4,15,400,"floor_sqrt_p",5,13,3,0.842201834862385
"NUC_vs_CONTROL",5,4,4,15,400,"floor_sqrt_p",7,13,3,0.842201834862385
"NUC_vs_CONTROL",5,4,5,15,400,"floor_sqrt_p",2,13,3,0.847706422018349
"NUC_vs_CONTROL",5,4,5,15,400,"floor_sqrt_p",5,13,3,0.84954128440367
"NUC_vs_CONTROL",5,4,5,15,400,"floor_sqrt_p",7,13,3,0.844036697247706
"NUC_vs_CONTROL",5,4,1,16,400,"floor_sqrt_p",2,13,3,0.824497257769653
"NUC_vs_CONTROL",5,4,1,16,400,"floor_sqrt_p",5,13,3,0.842778793418647
"NUC_vs_CONTROL",5,4,1,16,400,"floor_sqrt_p",7,13,3,0.835466179159049
"NUC_vs_CONTROL",5,4,2,16,400,"floor_sqrt_p",2,13,3,0.868131868131868
"NUC_vs_CONTROL",5,4,2,16,400,"floor_sqrt_p",5,13,3,0.868131868131868
"NUC_vs_CONTROL",5,4,2,16,400,"floor_sqrt_p",7,13,3,0.862637362637363
"NUC_vs_CONTROL",5,4,3,16,400,"floor_sqrt_p",2,13,3,0.844322344322344
"NUC_vs_CONTROL",5,4,3,16,400,"floor_sqrt_p",5,13,3,0.836996336996337
"NUC_vs_CONTROL",5,4,3,16,400,"floor_sqrt_p",7,13,3,0.833333333333333
"NUC_vs_CONTROL",5,4,4,16,400,"floor_sqrt_p",2,14,3,0.84954128440367
"NUC_vs_CONTROL",5,4,4,16,400,"floor_sqrt_p",5,14,3,0.84954128440367
"NUC_vs_CONTROL",5,4,4,16,400,"floor_sqrt_p",7,14,3,0.855045871559633
"NUC_vs_CONTROL",5,4,5,16,400,"floor_sqrt_p",2,14,3,0.855045871559633
"NUC_vs_CONTROL",5,4,5,16,400,"floor_sqrt_p",5,14,3,0.851376146788991
"NUC_vs_CONTROL",5,4,5,16,400,"floor_sqrt_p",7,14,3,0.851376146788991
"NUC_vs_CONTROL",5,4,1,17,400,"floor_sqrt_p",2,14,3,0.83363802559415
"NUC_vs_CONTROL",5,4,1,17,400,"floor_sqrt_p",5,14,3,0.837294332723949
"NUC_vs_CONTROL",5,4,1,17,400,"floor_sqrt_p",7,14,3,0.839122486288848
"NUC_vs_CONTROL",5,4,2,17,400,"floor_sqrt_p",2,14,3,0.886446886446886
"NUC_vs_CONTROL",5,4,2,17,400,"floor_sqrt_p",5,14,3,0.879120879120879
"NUC_vs_CONTROL",5,4,2,17,400,"floor_sqrt_p",7,14,3,0.888278388278388
"NUC_vs_CONTROL",5,4,3,17,400,"floor_sqrt_p",2,14,3,0.846153846153846
"NUC_vs_CONTROL",5,4,3,17,400,"floor_sqrt_p",5,14,3,0.842490842490842
"NUC_vs_CONTROL",5,4,3,17,400,"floor_sqrt_p",7,14,3,0.836996336996337
"NUC_vs_CONTROL",5,4,4,17,400,"floor_sqrt_p",2,14,3,0.844036697247706
"NUC_vs_CONTROL",5,4,4,17,400,"floor_sqrt_p",5,14,3,0.838532110091743
"NUC_vs_CONTROL",5,4,4,17,400,"floor_sqrt_p",7,14,3,0.844036697247706
"NUC_vs_CONTROL",5,4,5,17,400,"floor_sqrt_p",2,14,3,0.844036697247706
"NUC_vs_CONTROL",5,4,5,17,400,"floor_sqrt_p",5,14,3,0.845871559633028
"NUC_vs_CONTROL",5,4,5,17,400,"floor_sqrt_p",7,14,3,0.845871559633028
"NUC_vs_CONTROL",5,4,1,18,400,"floor_sqrt_p",2,14,3,0.846435100548446
"NUC_vs_CONTROL",5,4,1,18,400,"floor_sqrt_p",5,14,3,0.846435100548446
"NUC_vs_CONTROL",5,4,1,18,400,"floor_sqrt_p",7,14,3,0.848263254113345
"NUC_vs_CONTROL",5,4,2,18,400,"floor_sqrt_p",2,14,3,0.895604395604396
"NUC_vs_CONTROL",5,4,2,18,400,"floor_sqrt_p",5,14,3,0.895604395604396
"NUC_vs_CONTROL",5,4,2,18,400,"floor_sqrt_p",7,14,3,0.886446886446886
"NUC_vs_CONTROL",5,4,3,18,400,"floor_sqrt_p",2,14,3,0.833333333333333
"NUC_vs_CONTROL",5,4,3,18,400,"floor_sqrt_p",5,14,3,0.816849816849817
"NUC_vs_CONTROL",5,4,3,18,400,"floor_sqrt_p",7,14,3,0.824175824175824
"NUC_vs_CONTROL",5,4,4,18,400,"floor_sqrt_p",2,15,3,0.851376146788991
"NUC_vs_CONTROL",5,4,4,18,400,"floor_sqrt_p",5,15,3,0.851376146788991
"NUC_vs_CONTROL",5,4,4,18,400,"floor_sqrt_p",7,15,3,0.842201834862385
"NUC_vs_CONTROL",5,4,5,18,400,"floor_sqrt_p",2,15,3,0.842201834862385
"NUC_vs_CONTROL",5,4,5,18,400,"floor_sqrt_p",5,15,3,0.840366972477064
"NUC_vs_CONTROL",5,4,5,18,400,"floor_sqrt_p",7,15,3,0.842201834862385
"NUC_vs_CONTROL",5,4,1,19,400,"floor_sqrt_p",2,15,3,0.840950639853748
"NUC_vs_CONTROL",5,4,1,19,400,"floor_sqrt_p",5,15,3,0.842778793418647
"NUC_vs_CONTROL",5,4,1,19,400,"floor_sqrt_p",7,15,3,0.844606946983547
"NUC_vs_CONTROL",5,4,2,19,400,"floor_sqrt_p",2,15,3,0.89010989010989
"NUC_vs_CONTROL",5,4,2,19,400,"floor_sqrt_p",5,15,3,0.882783882783883
"NUC_vs_CONTROL",5,4,2,19,400,"floor_sqrt_p",7,15,3,0.888278388278388
"NUC_vs_CONTROL",5,4,3,19,400,"floor_sqrt_p",2,15,3,0.838827838827839
"NUC_vs_CONTROL",5,4,3,19,400,"floor_sqrt_p",5,15,3,0.836996336996337
"NUC_vs_CONTROL",5,4,3,19,400,"floor_sqrt_p",7,15,3,0.836996336996337
"NUC_vs_CONTROL",5,4,4,19,400,"floor_sqrt_p",2,15,3,0.845871559633028
"NUC_vs_CONTROL",5,4,4,19,400,"floor_sqrt_p",5,15,3,0.838532110091743
"NUC_vs_CONTROL",5,4,4,19,400,"floor_sqrt_p",7,15,3,0.855045871559633
"NUC_vs_CONTROL",5,4,5,19,400,"floor_sqrt_p",2,15,3,0.856880733944954
"NUC_vs_CONTROL",5,4,5,19,400,"floor_sqrt_p",5,15,3,0.860550458715596
"NUC_vs_CONTROL",5,4,5,19,400,"floor_sqrt_p",7,15,3,0.856880733944954
"NUC_vs_CONTROL",5,4,1,20,400,"floor_sqrt_p",2,15,3,0.853747714808044
"NUC_vs_CONTROL",5,4,1,20,400,"floor_sqrt_p",5,15,3,0.844606946983547
"NUC_vs_CONTROL",5,4,1,20,400,"floor_sqrt_p",7,15,3,0.846435100548446
"NUC_vs_CONTROL",5,4,2,20,400,"floor_sqrt_p",2,15,3,0.893772893772894
"NUC_vs_CONTROL",5,4,2,20,400,"floor_sqrt_p",5,15,3,0.895604395604396
"NUC_vs_CONTROL",5,4,2,20,400,"floor_sqrt_p",7,15,3,0.884615384615385
"NUC_vs_CONTROL",5,4,3,20,400,"floor_sqrt_p",2,15,3,0.833333333333333
"NUC_vs_CONTROL",5,4,3,20,400,"floor_sqrt_p",5,15,3,0.824175824175824
"NUC_vs_CONTROL",5,4,3,20,400,"floor_sqrt_p",7,15,3,0.827838827838828
"NUC_vs_CONTROL",5,4,4,20,400,"floor_sqrt_p",2,15,3,0.83302752293578
"NUC_vs_CONTROL",5,4,4,20,400,"floor_sqrt_p",5,15,3,0.829357798165138
"NUC_vs_CONTROL",5,4,4,20,400,"floor_sqrt_p",7,15,3,0.840366972477064
"NUC_vs_CONTROL",5,4,5,20,400,"floor_sqrt_p",2,15,3,0.853211009174312
"NUC_vs_CONTROL",5,4,5,20,400,"floor_sqrt_p",5,15,3,0.842201834862385
"NUC_vs_CONTROL",5,4,5,20,400,"floor_sqrt_p",7,15,3,0.851376146788991
"NUC_vs_CONTROL",5,5,1,6,400,"floor_sqrt_p",2,6,2,0.815356489945155
"NUC_vs_CONTROL",5,5,1,6,400,"floor_sqrt_p",5,6,2,0.811700182815356
"NUC_vs_CONTROL",5,5,1,6,400,"floor_sqrt_p",7,6,2,0.809872029250457
"NUC_vs_CONTROL",5,5,2,6,400,"floor_sqrt_p",2,6,2,0.835164835164835
"NUC_vs_CONTROL",5,5,2,6,400,"floor_sqrt_p",5,6,2,0.827838827838828
"NUC_vs_CONTROL",5,5,2,6,400,"floor_sqrt_p",7,6,2,0.835164835164835
"NUC_vs_CONTROL",5,5,3,6,400,"floor_sqrt_p",2,6,2,0.868131868131868
"NUC_vs_CONTROL",5,5,3,6,400,"floor_sqrt_p",5,6,2,0.868131868131868
"NUC_vs_CONTROL",5,5,3,6,400,"floor_sqrt_p",7,6,2,0.866300366300366
"NUC_vs_CONTROL",5,5,4,6,400,"floor_sqrt_p",2,6,2,0.825688073394495
"NUC_vs_CONTROL",5,5,4,6,400,"floor_sqrt_p",5,6,2,0.834862385321101
"NUC_vs_CONTROL",5,5,4,6,400,"floor_sqrt_p",7,6,2,0.829357798165138
"NUC_vs_CONTROL",5,5,5,6,400,"floor_sqrt_p",2,6,2,0.807339449541284
"NUC_vs_CONTROL",5,5,5,6,400,"floor_sqrt_p",5,6,2,0.8
"NUC_vs_CONTROL",5,5,5,6,400,"floor_sqrt_p",7,6,2,0.811009174311927
"NUC_vs_CONTROL",5,5,1,7,400,"floor_sqrt_p",2,8,2,0.80073126142596
"NUC_vs_CONTROL",5,5,1,7,400,"floor_sqrt_p",5,8,2,0.795246800731261
"NUC_vs_CONTROL",5,5,1,7,400,"floor_sqrt_p",7,8,2,0.795246800731261
"NUC_vs_CONTROL",5,5,2,7,400,"floor_sqrt_p",2,8,2,0.853479853479853
"NUC_vs_CONTROL",5,5,2,7,400,"floor_sqrt_p",5,8,2,0.851648351648352
"NUC_vs_CONTROL",5,5,2,7,400,"floor_sqrt_p",7,8,2,0.851648351648352
"NUC_vs_CONTROL",5,5,3,7,400,"floor_sqrt_p",2,8,2,0.853479853479853
"NUC_vs_CONTROL",5,5,3,7,400,"floor_sqrt_p",5,8,2,0.84981684981685
"NUC_vs_CONTROL",5,5,3,7,400,"floor_sqrt_p",7,8,2,0.84981684981685
"NUC_vs_CONTROL",5,5,4,7,400,"floor_sqrt_p",2,8,2,0.83302752293578
"NUC_vs_CONTROL",5,5,4,7,400,"floor_sqrt_p",5,8,2,0.83302752293578
"NUC_vs_CONTROL",5,5,4,7,400,"floor_sqrt_p",7,8,2,0.83302752293578
"NUC_vs_CONTROL",5,5,5,7,400,"floor_sqrt_p",2,7,2,0.809174311926605
"NUC_vs_CONTROL",5,5,5,7,400,"floor_sqrt_p",5,7,2,0.803669724770642
"NUC_vs_CONTROL",5,5,5,7,400,"floor_sqrt_p",7,7,2,0.801834862385321
"NUC_vs_CONTROL",5,5,1,8,400,"floor_sqrt_p",2,9,3,0.802559414990859
"NUC_vs_CONTROL",5,5,1,8,400,"floor_sqrt_p",5,9,3,0.79890310786106
"NUC_vs_CONTROL",5,5,1,8,400,"floor_sqrt_p",7,9,3,0.80073126142596
"NUC_vs_CONTROL",5,5,2,8,400,"floor_sqrt_p",2,8,2,0.866300366300366
"NUC_vs_CONTROL",5,5,2,8,400,"floor_sqrt_p",5,8,2,0.860805860805861
"NUC_vs_CONTROL",5,5,2,8,400,"floor_sqrt_p",7,8,2,0.864468864468865
"NUC_vs_CONTROL",5,5,3,8,400,"floor_sqrt_p",2,9,3,0.871794871794872
"NUC_vs_CONTROL",5,5,3,8,400,"floor_sqrt_p",5,9,3,0.866300366300366
"NUC_vs_CONTROL",5,5,3,8,400,"floor_sqrt_p",7,9,3,0.862637362637363
"NUC_vs_CONTROL",5,5,4,8,400,"floor_sqrt_p",2,9,3,0.840366972477064
"NUC_vs_CONTROL",5,5,4,8,400,"floor_sqrt_p",5,9,3,0.836697247706422
"NUC_vs_CONTROL",5,5,4,8,400,"floor_sqrt_p",7,9,3,0.827522935779817
"NUC_vs_CONTROL",5,5,5,8,400,"floor_sqrt_p",2,8,2,0.831192660550459
"NUC_vs_CONTROL",5,5,5,8,400,"floor_sqrt_p",5,8,2,0.840366972477064
"NUC_vs_CONTROL",5,5,5,8,400,"floor_sqrt_p",7,8,2,0.834862385321101
"NUC_vs_CONTROL",5,5,1,9,400,"floor_sqrt_p",2,10,3,0.822669104204753
"NUC_vs_CONTROL",5,5,1,9,400,"floor_sqrt_p",5,10,3,0.828153564899452
"NUC_vs_CONTROL",5,5,1,9,400,"floor_sqrt_p",7,10,3,0.829981718464351
"NUC_vs_CONTROL",5,5,2,9,400,"floor_sqrt_p",2,9,3,0.871794871794872
"NUC_vs_CONTROL",5,5,2,9,400,"floor_sqrt_p",5,9,3,0.866300366300366
"NUC_vs_CONTROL",5,5,2,9,400,"floor_sqrt_p",7,9,3,0.864468864468865
"NUC_vs_CONTROL",5,5,3,9,400,"floor_sqrt_p",2,10,3,0.855311355311355
"NUC_vs_CONTROL",5,5,3,9,400,"floor_sqrt_p",5,10,3,0.851648351648352
"NUC_vs_CONTROL",5,5,3,9,400,"floor_sqrt_p",7,10,3,0.851648351648352
"NUC_vs_CONTROL",5,5,4,9,400,"floor_sqrt_p",2,9,3,0.855045871559633
"NUC_vs_CONTROL",5,5,4,9,400,"floor_sqrt_p",5,9,3,0.845871559633028
"NUC_vs_CONTROL",5,5,4,9,400,"floor_sqrt_p",7,9,3,0.844036697247706
"NUC_vs_CONTROL",5,5,5,9,400,"floor_sqrt_p",2,9,3,0.853211009174312
"NUC_vs_CONTROL",5,5,5,9,400,"floor_sqrt_p",5,9,3,0.853211009174312
"NUC_vs_CONTROL",5,5,5,9,400,"floor_sqrt_p",7,9,3,0.853211009174312
"NUC_vs_CONTROL",5,5,1,10,400,"floor_sqrt_p",2,10,3,0.811700182815356
"NUC_vs_CONTROL",5,5,1,10,400,"floor_sqrt_p",5,10,3,0.817184643510055
"NUC_vs_CONTROL",5,5,1,10,400,"floor_sqrt_p",7,10,3,0.819012797074954
"NUC_vs_CONTROL",5,5,2,10,400,"floor_sqrt_p",2,10,3,0.879120879120879
"NUC_vs_CONTROL",5,5,2,10,400,"floor_sqrt_p",5,10,3,0.871794871794872
"NUC_vs_CONTROL",5,5,2,10,400,"floor_sqrt_p",7,10,3,0.877289377289377
"NUC_vs_CONTROL",5,5,3,10,400,"floor_sqrt_p",2,10,3,0.857142857142857
"NUC_vs_CONTROL",5,5,3,10,400,"floor_sqrt_p",5,10,3,0.858974358974359
"NUC_vs_CONTROL",5,5,3,10,400,"floor_sqrt_p",7,10,3,0.862637362637363
"NUC_vs_CONTROL",5,5,4,10,400,"floor_sqrt_p",2,10,3,0.845871559633028
"NUC_vs_CONTROL",5,5,4,10,400,"floor_sqrt_p",5,10,3,0.855045871559633
"NUC_vs_CONTROL",5,5,4,10,400,"floor_sqrt_p",7,10,3,0.855045871559633
"NUC_vs_CONTROL",5,5,5,10,400,"floor_sqrt_p",2,10,3,0.836697247706422
"NUC_vs_CONTROL",5,5,5,10,400,"floor_sqrt_p",5,10,3,0.836697247706422
"NUC_vs_CONTROL",5,5,5,10,400,"floor_sqrt_p",7,10,3,0.844036697247706
"NUC_vs_CONTROL",5,5,1,11,400,"floor_sqrt_p",2,11,3,0.83180987202925
"NUC_vs_CONTROL",5,5,1,11,400,"floor_sqrt_p",5,11,3,0.83363802559415
"NUC_vs_CONTROL",5,5,1,11,400,"floor_sqrt_p",7,11,3,0.840950639853748
"NUC_vs_CONTROL",5,5,2,11,400,"floor_sqrt_p",2,11,3,0.877289377289377
"NUC_vs_CONTROL",5,5,2,11,400,"floor_sqrt_p",5,11,3,0.880952380952381
"NUC_vs_CONTROL",5,5,2,11,400,"floor_sqrt_p",7,11,3,0.882783882783883
"NUC_vs_CONTROL",5,5,3,11,400,"floor_sqrt_p",2,11,3,0.858974358974359
"NUC_vs_CONTROL",5,5,3,11,400,"floor_sqrt_p",5,11,3,0.855311355311355
"NUC_vs_CONTROL",5,5,3,11,400,"floor_sqrt_p",7,11,3,0.858974358974359
"NUC_vs_CONTROL",5,5,4,11,400,"floor_sqrt_p",2,11,3,0.836697247706422
"NUC_vs_CONTROL",5,5,4,11,400,"floor_sqrt_p",5,11,3,0.840366972477064
"NUC_vs_CONTROL",5,5,4,11,400,"floor_sqrt_p",7,11,3,0.834862385321101
"NUC_vs_CONTROL",5,5,5,11,400,"floor_sqrt_p",2,11,3,0.851376146788991
"NUC_vs_CONTROL",5,5,5,11,400,"floor_sqrt_p",5,11,3,0.847706422018349
"NUC_vs_CONTROL",5,5,5,11,400,"floor_sqrt_p",7,11,3,0.851376146788991
"NUC_vs_CONTROL",5,5,1,12,400,"floor_sqrt_p",2,12,3,0.820840950639854
"NUC_vs_CONTROL",5,5,1,12,400,"floor_sqrt_p",5,12,3,0.822669104204753
"NUC_vs_CONTROL",5,5,1,12,400,"floor_sqrt_p",7,12,3,0.820840950639854
"NUC_vs_CONTROL",5,5,2,12,400,"floor_sqrt_p",2,11,3,0.866300366300366
"NUC_vs_CONTROL",5,5,2,12,400,"floor_sqrt_p",5,11,3,0.880952380952381
"NUC_vs_CONTROL",5,5,2,12,400,"floor_sqrt_p",7,11,3,0.875457875457875
"NUC_vs_CONTROL",5,5,3,12,400,"floor_sqrt_p",2,12,3,0.855311355311355
"NUC_vs_CONTROL",5,5,3,12,400,"floor_sqrt_p",5,12,3,0.855311355311355
"NUC_vs_CONTROL",5,5,3,12,400,"floor_sqrt_p",7,12,3,0.847985347985348
"NUC_vs_CONTROL",5,5,4,12,400,"floor_sqrt_p",2,12,3,0.836697247706422
"NUC_vs_CONTROL",5,5,4,12,400,"floor_sqrt_p",5,12,3,0.834862385321101
"NUC_vs_CONTROL",5,5,4,12,400,"floor_sqrt_p",7,12,3,0.842201834862385
"NUC_vs_CONTROL",5,5,5,12,400,"floor_sqrt_p",2,11,3,0.842201834862385
"NUC_vs_CONTROL",5,5,5,12,400,"floor_sqrt_p",5,11,3,0.844036697247706
"NUC_vs_CONTROL",5,5,5,12,400,"floor_sqrt_p",7,11,3,0.847706422018349
"NUC_vs_CONTROL",5,5,1,13,400,"floor_sqrt_p",2,12,3,0.826325411334552
"NUC_vs_CONTROL",5,5,1,13,400,"floor_sqrt_p",5,12,3,0.817184643510055
"NUC_vs_CONTROL",5,5,1,13,400,"floor_sqrt_p",7,12,3,0.819012797074954
"NUC_vs_CONTROL",5,5,2,13,400,"floor_sqrt_p",2,12,3,0.880952380952381
"NUC_vs_CONTROL",5,5,2,13,400,"floor_sqrt_p",5,12,3,0.86996336996337
"NUC_vs_CONTROL",5,5,2,13,400,"floor_sqrt_p",7,12,3,0.86996336996337
"NUC_vs_CONTROL",5,5,3,13,400,"floor_sqrt_p",2,12,3,0.827838827838828
"NUC_vs_CONTROL",5,5,3,13,400,"floor_sqrt_p",5,12,3,0.846153846153846
"NUC_vs_CONTROL",5,5,3,13,400,"floor_sqrt_p",7,12,3,0.840659340659341
"NUC_vs_CONTROL",5,5,4,13,400,"floor_sqrt_p",2,12,3,0.836697247706422
"NUC_vs_CONTROL",5,5,4,13,400,"floor_sqrt_p",5,12,3,0.838532110091743
"NUC_vs_CONTROL",5,5,4,13,400,"floor_sqrt_p",7,12,3,0.834862385321101
"NUC_vs_CONTROL",5,5,5,13,400,"floor_sqrt_p",2,12,3,0.853211009174312
"NUC_vs_CONTROL",5,5,5,13,400,"floor_sqrt_p",5,12,3,0.845871559633028
"NUC_vs_CONTROL",5,5,5,13,400,"floor_sqrt_p",7,12,3,0.842201834862385
"NUC_vs_CONTROL",5,5,1,14,400,"floor_sqrt_p",2,13,3,0.846435100548446
"NUC_vs_CONTROL",5,5,1,14,400,"floor_sqrt_p",5,13,3,0.850091407678245
"NUC_vs_CONTROL",5,5,1,14,400,"floor_sqrt_p",7,13,3,0.837294332723949
"NUC_vs_CONTROL",5,5,2,14,400,"floor_sqrt_p",2,13,3,0.875457875457875
"NUC_vs_CONTROL",5,5,2,14,400,"floor_sqrt_p",5,13,3,0.868131868131868
"NUC_vs_CONTROL",5,5,2,14,400,"floor_sqrt_p",7,13,3,0.871794871794872
"NUC_vs_CONTROL",5,5,3,14,400,"floor_sqrt_p",2,13,3,0.835164835164835
"NUC_vs_CONTROL",5,5,3,14,400,"floor_sqrt_p",5,13,3,0.833333333333333
"NUC_vs_CONTROL",5,5,3,14,400,"floor_sqrt_p",7,13,3,0.840659340659341
"NUC_vs_CONTROL",5,5,4,14,400,"floor_sqrt_p",2,13,3,0.862385321100917
"NUC_vs_CONTROL",5,5,4,14,400,"floor_sqrt_p",5,13,3,0.858715596330275
"NUC_vs_CONTROL",5,5,4,14,400,"floor_sqrt_p",7,13,3,0.855045871559633
"NUC_vs_CONTROL",5,5,5,14,400,"floor_sqrt_p",2,12,3,0.853211009174312
"NUC_vs_CONTROL",5,5,5,14,400,"floor_sqrt_p",5,12,3,0.842201834862385
"NUC_vs_CONTROL",5,5,5,14,400,"floor_sqrt_p",7,12,3,0.84954128440367
"NUC_vs_CONTROL",5,5,1,15,400,"floor_sqrt_p",2,14,3,0.851919561243144
"NUC_vs_CONTROL",5,5,1,15,400,"floor_sqrt_p",5,14,3,0.848263254113345
"NUC_vs_CONTROL",5,5,1,15,400,"floor_sqrt_p",7,14,3,0.839122486288848
"NUC_vs_CONTROL",5,5,2,15,400,"floor_sqrt_p",2,13,3,0.851648351648352
"NUC_vs_CONTROL",5,5,2,15,400,"floor_sqrt_p",5,13,3,0.855311355311355
"NUC_vs_CONTROL",5,5,2,15,400,"floor_sqrt_p",7,13,3,0.844322344322344
"NUC_vs_CONTROL",5,5,3,15,400,"floor_sqrt_p",2,13,3,0.835164835164835
"NUC_vs_CONTROL",5,5,3,15,400,"floor_sqrt_p",5,13,3,0.844322344322344
"NUC_vs_CONTROL",5,5,3,15,400,"floor_sqrt_p",7,13,3,0.842490842490842
"NUC_vs_CONTROL",5,5,4,15,400,"floor_sqrt_p",2,13,3,0.851376146788991
"NUC_vs_CONTROL",5,5,4,15,400,"floor_sqrt_p",5,13,3,0.858715596330275
"NUC_vs_CONTROL",5,5,4,15,400,"floor_sqrt_p",7,13,3,0.856880733944954
"NUC_vs_CONTROL",5,5,5,15,400,"floor_sqrt_p",2,13,3,0.853211009174312
"NUC_vs_CONTROL",5,5,5,15,400,"floor_sqrt_p",5,13,3,0.856880733944954
"NUC_vs_CONTROL",5,5,5,15,400,"floor_sqrt_p",7,13,3,0.855045871559633
"NUC_vs_CONTROL",5,5,1,16,400,"floor_sqrt_p",2,14,3,0.842778793418647
"NUC_vs_CONTROL",5,5,1,16,400,"floor_sqrt_p",5,14,3,0.826325411334552
"NUC_vs_CONTROL",5,5,1,16,400,"floor_sqrt_p",7,14,3,0.840950639853748
"NUC_vs_CONTROL",5,5,2,16,400,"floor_sqrt_p",2,14,3,0.866300366300366
"NUC_vs_CONTROL",5,5,2,16,400,"floor_sqrt_p",5,14,3,0.862637362637363
"NUC_vs_CONTROL",5,5,2,16,400,"floor_sqrt_p",7,14,3,0.857142857142857
"NUC_vs_CONTROL",5,5,3,16,400,"floor_sqrt_p",2,14,3,0.851648351648352
"NUC_vs_CONTROL",5,5,3,16,400,"floor_sqrt_p",5,14,3,0.851648351648352
"NUC_vs_CONTROL",5,5,3,16,400,"floor_sqrt_p",7,14,3,0.840659340659341
"NUC_vs_CONTROL",5,5,4,16,400,"floor_sqrt_p",2,14,3,0.84954128440367
"NUC_vs_CONTROL",5,5,4,16,400,"floor_sqrt_p",5,14,3,0.853211009174312
"NUC_vs_CONTROL",5,5,4,16,400,"floor_sqrt_p",7,14,3,0.858715596330275
"NUC_vs_CONTROL",5,5,5,16,400,"floor_sqrt_p",2,14,3,0.858715596330275
"NUC_vs_CONTROL",5,5,5,16,400,"floor_sqrt_p",5,14,3,0.845871559633028
"NUC_vs_CONTROL",5,5,5,16,400,"floor_sqrt_p",7,14,3,0.844036697247706
"NUC_vs_CONTROL",5,5,1,17,400,"floor_sqrt_p",2,15,3,0.846435100548446
"NUC_vs_CONTROL",5,5,1,17,400,"floor_sqrt_p",5,15,3,0.851919561243144
"NUC_vs_CONTROL",5,5,1,17,400,"floor_sqrt_p",7,15,3,0.853747714808044
"NUC_vs_CONTROL",5,5,2,17,400,"floor_sqrt_p",2,15,3,0.866300366300366
"NUC_vs_CONTROL",5,5,2,17,400,"floor_sqrt_p",5,15,3,0.857142857142857
"NUC_vs_CONTROL",5,5,2,17,400,"floor_sqrt_p",7,15,3,0.847985347985348
"NUC_vs_CONTROL",5,5,3,17,400,"floor_sqrt_p",2,15,3,0.84981684981685
"NUC_vs_CONTROL",5,5,3,17,400,"floor_sqrt_p",5,15,3,0.846153846153846
"NUC_vs_CONTROL",5,5,3,17,400,"floor_sqrt_p",7,15,3,0.840659340659341
"NUC_vs_CONTROL",5,5,4,17,400,"floor_sqrt_p",2,15,3,0.860550458715596
"NUC_vs_CONTROL",5,5,4,17,400,"floor_sqrt_p",5,15,3,0.86605504587156
"NUC_vs_CONTROL",5,5,4,17,400,"floor_sqrt_p",7,15,3,0.864220183486239
"NUC_vs_CONTROL",5,5,5,17,400,"floor_sqrt_p",2,14,3,0.847706422018349
"NUC_vs_CONTROL",5,5,5,17,400,"floor_sqrt_p",5,14,3,0.842201834862385
"NUC_vs_CONTROL",5,5,5,17,400,"floor_sqrt_p",7,14,3,0.84954128440367
"NUC_vs_CONTROL",5,5,1,18,400,"floor_sqrt_p",2,15,3,0.850091407678245
"NUC_vs_CONTROL",5,5,1,18,400,"floor_sqrt_p",5,15,3,0.850091407678245
"NUC_vs_CONTROL",5,5,1,18,400,"floor_sqrt_p",7,15,3,0.844606946983547
"NUC_vs_CONTROL",5,5,2,18,400,"floor_sqrt_p",2,15,3,0.866300366300366
"NUC_vs_CONTROL",5,5,2,18,400,"floor_sqrt_p",5,15,3,0.864468864468865
"NUC_vs_CONTROL",5,5,2,18,400,"floor_sqrt_p",7,15,3,0.877289377289377
"NUC_vs_CONTROL",5,5,3,18,400,"floor_sqrt_p",2,15,3,0.851648351648352
"NUC_vs_CONTROL",5,5,3,18,400,"floor_sqrt_p",5,15,3,0.860805860805861
"NUC_vs_CONTROL",5,5,3,18,400,"floor_sqrt_p",7,15,3,0.846153846153846
"NUC_vs_CONTROL",5,5,4,18,400,"floor_sqrt_p",2,15,3,0.858715596330275
"NUC_vs_CONTROL",5,5,4,18,400,"floor_sqrt_p",5,15,3,0.862385321100917
"NUC_vs_CONTROL",5,5,4,18,400,"floor_sqrt_p",7,15,3,0.856880733944954
"NUC_vs_CONTROL",5,5,5,18,400,"floor_sqrt_p",2,15,3,0.856880733944954
"NUC_vs_CONTROL",5,5,5,18,400,"floor_sqrt_p",5,15,3,0.856880733944954
"NUC_vs_CONTROL",5,5,5,18,400,"floor_sqrt_p",7,15,3,0.856880733944954
"NUC_vs_CONTROL",5,5,1,19,400,"floor_sqrt_p",2,16,4,0.851919561243144
"NUC_vs_CONTROL",5,5,1,19,400,"floor_sqrt_p",5,16,4,0.861060329067642
"NUC_vs_CONTROL",5,5,1,19,400,"floor_sqrt_p",7,16,4,0.855575868372943
"NUC_vs_CONTROL",5,5,2,19,400,"floor_sqrt_p",2,16,4,0.875457875457875
"NUC_vs_CONTROL",5,5,2,19,400,"floor_sqrt_p",5,16,4,0.866300366300366
"NUC_vs_CONTROL",5,5,2,19,400,"floor_sqrt_p",7,16,4,0.866300366300366
"NUC_vs_CONTROL",5,5,3,19,400,"floor_sqrt_p",2,16,4,0.86996336996337
"NUC_vs_CONTROL",5,5,3,19,400,"floor_sqrt_p",5,16,4,0.86996336996337
"NUC_vs_CONTROL",5,5,3,19,400,"floor_sqrt_p",7,16,4,0.864468864468865
"NUC_vs_CONTROL",5,5,4,19,400,"floor_sqrt_p",2,15,3,0.867889908256881
"NUC_vs_CONTROL",5,5,4,19,400,"floor_sqrt_p",5,15,3,0.858715596330275
"NUC_vs_CONTROL",5,5,4,19,400,"floor_sqrt_p",7,15,3,0.851376146788991
"NUC_vs_CONTROL",5,5,5,19,400,"floor_sqrt_p",2,15,3,0.860550458715596
"NUC_vs_CONTROL",5,5,5,19,400,"floor_sqrt_p",5,15,3,0.844036697247706
"NUC_vs_CONTROL",5,5,5,19,400,"floor_sqrt_p",7,15,3,0.855045871559633
"NUC_vs_CONTROL",5,5,1,20,400,"floor_sqrt_p",2,16,4,0.839122486288848
"NUC_vs_CONTROL",5,5,1,20,400,"floor_sqrt_p",5,16,4,0.840950639853748
"NUC_vs_CONTROL",5,5,1,20,400,"floor_sqrt_p",7,16,4,0.839122486288848
"NUC_vs_CONTROL",5,5,2,20,400,"floor_sqrt_p",2,16,4,0.862637362637363
"NUC_vs_CONTROL",5,5,2,20,400,"floor_sqrt_p",5,16,4,0.857142857142857
"NUC_vs_CONTROL",5,5,2,20,400,"floor_sqrt_p",7,16,4,0.853479853479853
"NUC_vs_CONTROL",5,5,3,20,400,"floor_sqrt_p",2,16,4,0.866300366300366
"NUC_vs_CONTROL",5,5,3,20,400,"floor_sqrt_p",5,16,4,0.868131868131868
"NUC_vs_CONTROL",5,5,3,20,400,"floor_sqrt_p",7,16,4,0.868131868131868
"NUC_vs_CONTROL",5,5,4,20,400,"floor_sqrt_p",2,16,4,0.858715596330275
"NUC_vs_CONTROL",5,5,4,20,400,"floor_sqrt_p",5,16,4,0.862385321100917
"NUC_vs_CONTROL",5,5,4,20,400,"floor_sqrt_p",7,16,4,0.858715596330275
"NUC_vs_CONTROL",5,5,5,20,400,"floor_sqrt_p",2,15,3,0.856880733944954
"NUC_vs_CONTROL",5,5,5,20,400,"floor_sqrt_p",5,15,3,0.858715596330275
"NUC_vs_CONTROL",5,5,5,20,400,"floor_sqrt_p",7,15,3,0.856880733944954
