"site_index","site_id","label","threshold","element","count","total_atoms","proportion"
1,"13pkA","NUC",10,"C",280,448,0.625
1,"13pkA","NUC",10,"N",82,448,0.183035714285714
1,"13pkA","NUC",10,"O",81,448,0.180803571428571
1,"13pkA","NUC",10,"P",0,448,0
1,"13pkA","NUC",10,"S",5,448,0.0111607142857143
2,"1a0iA","NUC",10,"C",238,378,0.62962962962963
2,"1a0iA","NUC",10,"N",68,378,0.17989417989418
2,"1a0iA","NUC",10,"O",71,378,0.187830687830688
2,"1a0iA","NUC",10,"P",0,378,0
2,"1a0iA","NUC",10,"S",1,378,0.00264550264550265
3,"1a49C","NUC",10,"C",289,480,0.602083333333333
3,"1a49C","NUC",10,"N",87,480,0.18125
3,"1a49C","NUC",10,"O",101,480,0.210416666666667
3,"1a49C","NUC",10,"P",0,480,0
3,"1a49C","NUC",10,"S",3,480,0.00625
4,"1a6eA","NUC",10,"C",296,486,0.609053497942387
4,"1a6eA","NUC",10,"N",85,486,0.174897119341564
4,"1a6eA","NUC",10,"O",104,486,0.213991769547325
4,"1a6eA","NUC",10,"P",0,486,0
4,"1a6eA","NUC",10,"S",1,486,0.00205761316872428
5,"1a6eB","NUC",10,"C",306,500,0.612
5,"1a6eB","NUC",10,"N",90,500,0.18
5,"1a6eB","NUC",10,"O",103,500,0.206
5,"1a6eB","NUC",10,"P",0,500,0
5,"1a6eB","NUC",10,"S",1,500,0.002
6,"1a82A","NUC",10,"C",244,392,0.622448979591837
6,"1a82A","NUC",10,"N",66,392,0.168367346938776
6,"1a82A","NUC",10,"O",81,392,0.206632653061224
6,"1a82A","NUC",10,"P",0,392,0
6,"1a82A","NUC",10,"S",1,392,0.00255102040816327
7,"1a8rC","NUC",10,"C",135,224,0.602678571428571
7,"1a8rC","NUC",10,"N",46,224,0.205357142857143
7,"1a8rC","NUC",10,"O",41,224,0.183035714285714
7,"1a8rC","NUC",10,"P",0,224,0
7,"1a8rC","NUC",10,"S",2,224,0.00892857142857143
8,"1agrB","NUC",10,"C",277,459,0.603485838779956
8,"1agrB","NUC",10,"N",84,459,0.183006535947712
8,"1agrB","NUC",10,"O",96,459,0.209150326797386
8,"1agrB","NUC",10,"P",0,459,0
8,"1agrB","NUC",10,"S",2,459,0.00435729847494553
9,"1aszC","NUC",10,"C",278,441,0.630385487528345
9,"1aszC","NUC",10,"N",78,441,0.17687074829932
9,"1aszC","NUC",10,"O",82,441,0.1859410430839
9,"1aszC","NUC",10,"P",0,441,0
9,"1aszC","NUC",10,"S",3,441,0.00680272108843537
10,"1b0uA","NUC",10,"C",156,253,0.616600790513834
10,"1b0uA","NUC",10,"N",49,253,0.193675889328063
10,"1b0uA","NUC",10,"O",47,253,0.185770750988142
10,"1b0uA","NUC",10,"P",0,253,0
10,"1b0uA","NUC",10,"S",1,253,0.00395256916996047
11,"1b4sA","NUC",10,"C",184,295,0.623728813559322
11,"1b4sA","NUC",10,"N",59,295,0.2
11,"1b4sA","NUC",10,"O",52,295,0.176271186440678
11,"1b4sA","NUC",10,"P",0,295,0
11,"1b4sA","NUC",10,"S",0,295,0
12,"1b62A","NUC",10,"C",256,414,0.618357487922705
12,"1b62A","NUC",10,"N",72,414,0.173913043478261
12,"1b62A","NUC",10,"O",85,414,0.205314009661836
12,"1b62A","NUC",10,"P",0,414,0
12,"1b62A","NUC",10,"S",1,414,0.00241545893719807
13,"1b6sB","NUC",10,"C",250,401,0.623441396508728
13,"1b6sB","NUC",10,"N",77,401,0.192019950124688
13,"1b6sB","NUC",10,"O",74,401,0.184538653366584
13,"1b6sB","NUC",10,"P",0,401,0
13,"1b6sB","NUC",10,"S",0,401,0
14,"1b76A","NUC",10,"C",287,451,0.636363636363636
14,"1b76A","NUC",10,"N",82,451,0.181818181818182
14,"1b76A","NUC",10,"O",80,451,0.177383592017738
14,"1b76A","NUC",10,"P",0,451,0
14,"1b76A","NUC",10,"S",2,451,0.00443458980044346
15,"1b8aB","NUC",10,"C",271,435,0.622988505747126
15,"1b8aB","NUC",10,"N",81,435,0.186206896551724
15,"1b8aB","NUC",10,"O",83,435,0.190804597701149
15,"1b8aB","NUC",10,"P",0,435,0
15,"1b8aB","NUC",10,"S",0,435,0
16,"1bcpE","NUC",10,"C",124,193,0.642487046632124
16,"1bcpE","NUC",10,"N",31,193,0.160621761658031
16,"1bcpE","NUC",10,"O",35,193,0.181347150259067
16,"1bcpE","NUC",10,"P",0,193,0
16,"1bcpE","NUC",10,"S",3,193,0.0155440414507772
17,"1bi9D","NUC",10,"C",244,369,0.661246612466125
17,"1bi9D","NUC",10,"N",61,369,0.165311653116531
17,"1bi9D","NUC",10,"O",62,369,0.168021680216802
17,"1bi9D","NUC",10,"P",0,369,0
17,"1bi9D","NUC",10,"S",2,369,0.00542005420054201
18,"1bofA","NUC",10,"C",256,419,0.610978520286396
18,"1bofA","NUC",10,"N",76,419,0.181384248210024
18,"1bofA","NUC",10,"O",85,419,0.202863961813842
18,"1bofA","NUC",10,"P",0,419,0
18,"1bofA","NUC",10,"S",2,419,0.00477326968973747
19,"1br1A","NUC",10,"C",267,432,0.618055555555556
19,"1br1A","NUC",10,"N",80,432,0.185185185185185
19,"1br1A","NUC",10,"O",83,432,0.19212962962963
19,"1br1A","NUC",10,"P",0,432,0
19,"1br1A","NUC",10,"S",2,432,0.00462962962962963
20,"1br2A","NUC",10,"C",285,452,0.630530973451327
20,"1br2A","NUC",10,"N",78,452,0.172566371681416
20,"1br2A","NUC",10,"O",87,452,0.192477876106195
20,"1br2A","NUC",10,"P",0,452,0
20,"1br2A","NUC",10,"S",2,452,0.00442477876106195
21,"1byuB","NUC",10,"C",189,307,0.615635179153095
21,"1byuB","NUC",10,"N",54,307,0.175895765472313
21,"1byuB","NUC",10,"O",62,307,0.201954397394137
21,"1byuB","NUC",10,"P",0,307,0
21,"1byuB","NUC",10,"S",2,307,0.00651465798045603
22,"1c4kA","NUC",10,"C",212,335,0.632835820895522
22,"1c4kA","NUC",10,"N",65,335,0.194029850746269
22,"1c4kA","NUC",10,"O",57,335,0.170149253731343
22,"1c4kA","NUC",10,"P",0,335,0
22,"1c4kA","NUC",10,"S",1,335,0.00298507462686567
23,"1ckmA","NUC",10,"C",272,434,0.626728110599078
23,"1ckmA","NUC",10,"N",80,434,0.184331797235023
23,"1ckmA","NUC",10,"O",79,434,0.182027649769585
23,"1ckmA","NUC",10,"P",0,434,0
23,"1ckmA","NUC",10,"S",3,434,0.00691244239631336
24,"1clqC","NUC",10,"C",242,363,0.666666666666667
24,"1clqC","NUC",10,"N",56,363,0.154269972451791
24,"1clqC","NUC",10,"O",63,363,0.173553719008264
24,"1clqC","NUC",10,"P",0,363,0
24,"1clqC","NUC",10,"S",2,363,0.00550964187327824
25,"1cm8A","NUC",10,"C",246,378,0.650793650793651
25,"1cm8A","NUC",10,"N",65,378,0.171957671957672
25,"1cm8A","NUC",10,"O",64,378,0.169312169312169
25,"1cm8A","NUC",10,"P",0,378,0
25,"1cm8A","NUC",10,"S",3,378,0.00793650793650794
26,"1cnfA","NUC",10,"C",195,302,0.645695364238411
26,"1cnfA","NUC",10,"N",50,302,0.165562913907285
26,"1cnfA","NUC",10,"O",54,302,0.178807947019868
26,"1cnfA","NUC",10,"P",0,302,0
26,"1cnfA","NUC",10,"S",3,302,0.00993377483443709
27,"1cozA","NUC",10,"C",251,384,0.653645833333333
27,"1cozA","NUC",10,"N",69,384,0.1796875
27,"1cozA","NUC",10,"O",63,384,0.1640625
27,"1cozA","NUC",10,"P",0,384,0
27,"1cozA","NUC",10,"S",1,384,0.00260416666666667
28,"1csnA","NUC",10,"C",273,423,0.645390070921986
28,"1csnA","NUC",10,"N",65,423,0.153664302600473
28,"1csnA","NUC",10,"O",84,423,0.198581560283688
28,"1csnA","NUC",10,"P",0,423,0
28,"1csnA","NUC",10,"S",1,423,0.00236406619385343
29,"1cz7D","NUC",10,"C",208,353,0.589235127478754
29,"1cz7D","NUC",10,"N",67,353,0.189801699716714
29,"1cz7D","NUC",10,"O",77,353,0.218130311614731
29,"1cz7D","NUC",10,"P",0,353,0
29,"1cz7D","NUC",10,"S",1,353,0.0028328611898017
30,"1d2eA","NUC",10,"C",225,368,0.611413043478261
30,"1d2eA","NUC",10,"N",66,368,0.179347826086957
30,"1d2eA","NUC",10,"O",75,368,0.203804347826087
30,"1d2eA","NUC",10,"P",0,368,0
30,"1d2eA","NUC",10,"S",2,368,0.00543478260869565
31,"1d5cA","NUC",10,"C",231,377,0.612732095490716
31,"1d5cA","NUC",10,"N",68,377,0.180371352785146
31,"1d5cA","NUC",10,"O",78,377,0.206896551724138
31,"1d5cA","NUC",10,"P",0,377,0
31,"1d5cA","NUC",10,"S",0,377,0
32,"1dawA","NUC",10,"C",293,457,0.641137855579869
32,"1dawA","NUC",10,"N",82,457,0.179431072210066
32,"1dawA","NUC",10,"O",80,457,0.175054704595186
32,"1dawA","NUC",10,"P",0,457,0
32,"1dawA","NUC",10,"S",2,457,0.00437636761487965
33,"1dflA","NUC",10,"C",256,417,0.613908872901679
33,"1dflA","NUC",10,"N",78,417,0.18705035971223
33,"1dflA","NUC",10,"O",82,417,0.196642685851319
33,"1dflA","NUC",10,"P",0,417,0
33,"1dflA","NUC",10,"S",1,417,0.00239808153477218
34,"1dj2A","NUC",10,"C",280,454,0.616740088105727
34,"1dj2A","NUC",10,"N",84,454,0.185022026431718
34,"1dj2A","NUC",10,"O",90,454,0.198237885462555
34,"1dj2A","NUC",10,"P",0,454,0
34,"1dj2A","NUC",10,"S",0,454,0
35,"1dj3B","NUC",10,"C",284,461,0.616052060737527
35,"1dj3B","NUC",10,"N",86,461,0.186550976138829
35,"1dj3B","NUC",10,"O",90,461,0.195227765726681
35,"1dj3B","NUC",10,"P",0,461,0
35,"1dj3B","NUC",10,"S",1,461,0.00216919739696312
36,"1djnB","NUC",10,"C",278,447,0.621923937360179
36,"1djnB","NUC",10,"N",84,447,0.187919463087248
36,"1djnB","NUC",10,"O",84,447,0.187919463087248
36,"1djnB","NUC",10,"P",0,447,0
36,"1djnB","NUC",10,"S",1,447,0.00223713646532438
37,"1dv2B","NUC",10,"C",272,435,0.625287356321839
37,"1dv2B","NUC",10,"N",83,435,0.190804597701149
37,"1dv2B","NUC",10,"O",78,435,0.179310344827586
37,"1dv2B","NUC",10,"P",0,435,0
37,"1dv2B","NUC",10,"S",2,435,0.00459770114942529
38,"1dy3A","NUC",10,"C",244,385,0.633766233766234
38,"1dy3A","NUC",10,"N",74,385,0.192207792207792
38,"1dy3A","NUC",10,"O",64,385,0.166233766233766
38,"1dy3A","NUC",10,"P",0,385,0
38,"1dy3A","NUC",10,"S",3,385,0.00779220779220779
39,"1e0jA","NUC",10,"C",237,391,0.60613810741688
39,"1e0jA","NUC",10,"N",78,391,0.199488491048593
39,"1e0jA","NUC",10,"O",73,391,0.186700767263427
39,"1e0jA","NUC",10,"P",0,391,0
39,"1e0jA","NUC",10,"S",3,391,0.00767263427109974
40,"1e19A","NUC",10,"C",233,358,0.650837988826816
40,"1e19A","NUC",10,"N",64,358,0.17877094972067
40,"1e19A","NUC",10,"O",60,358,0.167597765363128
40,"1e19A","NUC",10,"P",0,358,0
40,"1e19A","NUC",10,"S",1,358,0.00279329608938547
41,"1e22A","NUC",10,"C",276,435,0.63448275862069
41,"1e22A","NUC",10,"N",76,435,0.174712643678161
41,"1e22A","NUC",10,"O",80,435,0.183908045977011
41,"1e22A","NUC",10,"P",0,435,0
41,"1e22A","NUC",10,"S",3,435,0.00689655172413793
42,"1e2fA","NUC",10,"C",206,334,0.616766467065868
42,"1e2fA","NUC",10,"N",64,334,0.191616766467066
42,"1e2fA","NUC",10,"O",64,334,0.191616766467066
42,"1e2fA","NUC",10,"P",0,334,0
42,"1e2fA","NUC",10,"S",0,334,0
43,"1e8xA","NUC",10,"C",270,413,0.653753026634383
43,"1e8xA","NUC",10,"N",69,413,0.167070217917676
43,"1e8xA","NUC",10,"O",71,413,0.171912832929782
43,"1e8xA","NUC",10,"P",0,413,0
43,"1e8xA","NUC",10,"S",3,413,0.00726392251815981
44,"1e94F","NUC",10,"C",272,436,0.623853211009174
44,"1e94F","NUC",10,"N",86,436,0.197247706422018
44,"1e94F","NUC",10,"O",77,436,0.176605504587156
44,"1e94F","NUC",10,"P",0,436,0
44,"1e94F","NUC",10,"S",1,436,0.00229357798165138
45,"1ei1B","NUC",10,"C",327,509,0.642436149312377
45,"1ei1B","NUC",10,"N",88,509,0.172888015717092
45,"1ei1B","NUC",10,"O",92,509,0.180746561886051
45,"1ei1B","NUC",10,"P",0,509,0
45,"1ei1B","NUC",10,"S",2,509,0.00392927308447937
46,"1ej1B","NUC",10,"C",203,322,0.630434782608696
46,"1ej1B","NUC",10,"N",63,322,0.195652173913043
46,"1ej1B","NUC",10,"O",55,322,0.170807453416149
46,"1ej1B","NUC",10,"P",0,322,0
46,"1ej1B","NUC",10,"S",1,322,0.0031055900621118
47,"1esqC","NUC",10,"C",233,368,0.633152173913043
47,"1esqC","NUC",10,"N",65,368,0.176630434782609
47,"1esqC","NUC",10,"O",70,368,0.190217391304348
47,"1esqC","NUC",10,"P",0,368,0
47,"1esqC","NUC",10,"S",0,368,0
48,"1eyzA","NUC",10,"C",273,441,0.619047619047619
48,"1eyzA","NUC",10,"N",81,441,0.183673469387755
48,"1eyzA","NUC",10,"O",85,441,0.192743764172336
48,"1eyzA","NUC",10,"P",0,441,0
48,"1eyzA","NUC",10,"S",2,441,0.00453514739229025
49,"1f1hA","NUC",10,"C",257,404,0.636138613861386
49,"1f1hA","NUC",10,"N",78,404,0.193069306930693
49,"1f1hA","NUC",10,"O",67,404,0.165841584158416
49,"1f1hA","NUC",10,"P",0,404,0
49,"1f1hA","NUC",10,"S",2,404,0.00495049504950495
50,"1f6bB","NUC",10,"C",225,362,0.621546961325967
50,"1f6bB","NUC",10,"N",67,362,0.185082872928177
50,"1f6bB","NUC",10,"O",67,362,0.185082872928177
50,"1f6bB","NUC",10,"P",0,362,0
50,"1f6bB","NUC",10,"S",3,362,0.00828729281767956
51,"1f7qA","NUC",10,"C",143,213,0.671361502347418
51,"1f7qA","NUC",10,"N",33,213,0.154929577464789
51,"1f7qA","NUC",10,"O",36,213,0.169014084507042
51,"1f7qA","NUC",10,"P",0,213,0
51,"1f7qA","NUC",10,"S",1,213,0.00469483568075117
52,"1f9aA","NUC",10,"C",260,397,0.654911838790932
52,"1f9aA","NUC",10,"N",73,397,0.183879093198992
52,"1f9aA","NUC",10,"O",63,397,0.158690176322418
52,"1f9aA","NUC",10,"P",0,397,0
52,"1f9aA","NUC",10,"S",1,397,0.00251889168765743
53,"1finA","NUC",10,"C",248,380,0.652631578947368
53,"1finA","NUC",10,"N",64,380,0.168421052631579
53,"1finA","NUC",10,"O",68,380,0.178947368421053
53,"1finA","NUC",10,"P",0,380,0
53,"1finA","NUC",10,"S",0,380,0
54,"1fnnA","NUC",10,"C",277,441,0.6281179138322
54,"1fnnA","NUC",10,"N",86,441,0.195011337868481
54,"1fnnA","NUC",10,"O",78,441,0.17687074829932
54,"1fnnA","NUC",10,"P",0,441,0
54,"1fnnA","NUC",10,"S",0,441,0
55,"1fp6A","NUC",10,"C",227,371,0.611859838274933
55,"1fp6A","NUC",10,"N",70,371,0.188679245283019
55,"1fp6A","NUC",10,"O",73,371,0.196765498652291
55,"1fp6A","NUC",10,"P",0,371,0
55,"1fp6A","NUC",10,"S",1,371,0.00269541778975741
56,"1frwA","NUC",10,"C",218,346,0.630057803468208
56,"1frwA","NUC",10,"N",61,346,0.176300578034682
56,"1frwA","NUC",10,"O",64,346,0.184971098265896
56,"1frwA","NUC",10,"P",0,346,0
56,"1frwA","NUC",10,"S",3,346,0.00867052023121387
57,"1fwkA","NUC",10,"C",256,429,0.596736596736597
57,"1fwkA","NUC",10,"N",81,429,0.188811188811189
57,"1fwkA","NUC",10,"O",91,429,0.212121212121212
57,"1fwkA","NUC",10,"P",0,429,0
57,"1fwkA","NUC",10,"S",1,429,0.00233100233100233
58,"1g2vA","NUC",10,"C",224,328,0.682926829268293
58,"1g2vA","NUC",10,"N",48,328,0.146341463414634
58,"1g2vA","NUC",10,"O",53,328,0.161585365853659
58,"1g2vA","NUC",10,"P",0,328,0
58,"1g2vA","NUC",10,"S",3,328,0.00914634146341463
59,"1g3iV","NUC",10,"C",266,426,0.624413145539906
59,"1g3iV","NUC",10,"N",83,426,0.194835680751174
59,"1g3iV","NUC",10,"O",76,426,0.178403755868545
59,"1g3iV","NUC",10,"P",0,426,0
59,"1g3iV","NUC",10,"S",1,426,0.00234741784037559
60,"1g3qA","NUC",10,"C",232,382,0.607329842931937
60,"1g3qA","NUC",10,"N",73,382,0.191099476439791
60,"1g3qA","NUC",10,"O",74,382,0.193717277486911
60,"1g3qA","NUC",10,"P",0,382,0
60,"1g3qA","NUC",10,"S",3,382,0.00785340314136126
61,"1g41A","NUC",10,"C",252,402,0.626865671641791
61,"1g41A","NUC",10,"N",76,402,0.189054726368159
61,"1g41A","NUC",10,"O",73,402,0.181592039800995
61,"1g41A","NUC",10,"P",0,402,0
61,"1g41A","NUC",10,"S",1,402,0.00248756218905473
62,"1g4aA","NUC",10,"C",243,392,0.619897959183674
62,"1g4aA","NUC",10,"N",77,392,0.196428571428571
62,"1g4aA","NUC",10,"O",71,392,0.181122448979592
62,"1g4aA","NUC",10,"P",0,392,0
62,"1g4aA","NUC",10,"S",1,392,0.00255102040816327
63,"1g6oB","NUC",10,"C",246,394,0.624365482233503
63,"1g6oB","NUC",10,"N",71,394,0.180203045685279
63,"1g6oB","NUC",10,"O",77,394,0.195431472081218
63,"1g6oB","NUC",10,"P",0,394,0
63,"1g6oB","NUC",10,"S",0,394,0
64,"1gc5A","NUC",10,"C",247,401,0.615960099750623
64,"1gc5A","NUC",10,"N",73,401,0.182044887780549
64,"1gc5A","NUC",10,"O",80,401,0.199501246882793
64,"1gc5A","NUC",10,"P",0,401,0
64,"1gc5A","NUC",10,"S",1,401,0.00249376558603491
65,"1gkzA","NUC",10,"C",263,414,0.635265700483092
65,"1gkzA","NUC",10,"N",70,414,0.169082125603865
65,"1gkzA","NUC",10,"O",79,414,0.190821256038647
65,"1gkzA","NUC",10,"P",0,414,0
65,"1gkzA","NUC",10,"S",2,414,0.00483091787439614
66,"1gl7B","NUC",10,"C",124,200,0.62
66,"1gl7B","NUC",10,"N",35,200,0.175
66,"1gl7B","NUC",10,"O",41,200,0.205
66,"1gl7B","NUC",10,"P",0,200,0
66,"1gl7B","NUC",10,"S",0,200,0
67,"1glfA","NUC",10,"C",284,469,0.605543710021322
67,"1glfA","NUC",10,"N",83,469,0.176972281449893
67,"1glfA","NUC",10,"O",99,469,0.211087420042644
67,"1glfA","NUC",10,"P",0,469,0
67,"1glfA","NUC",10,"S",3,469,0.00639658848614072
68,"1gn8A","NUC",10,"C",288,438,0.657534246575342
68,"1gn8A","NUC",10,"N",73,438,0.166666666666667
68,"1gn8A","NUC",10,"O",76,438,0.17351598173516
68,"1gn8A","NUC",10,"P",0,438,0
68,"1gn8A","NUC",10,"S",1,438,0.00228310502283105
69,"1gq9A","NUC",10,"C",205,337,0.608308605341246
69,"1gq9A","NUC",10,"N",61,337,0.181008902077151
69,"1gq9A","NUC",10,"O",70,337,0.207715133531157
69,"1gq9A","NUC",10,"P",0,337,0
69,"1gq9A","NUC",10,"S",1,337,0.0029673590504451
70,"1gqyB","NUC",10,"C",288,468,0.615384615384615
70,"1gqyB","NUC",10,"N",91,468,0.194444444444444
70,"1gqyB","NUC",10,"O",87,468,0.185897435897436
70,"1gqyB","NUC",10,"P",0,468,0
70,"1gqyB","NUC",10,"S",2,468,0.00427350427350427
71,"1grnA","NUC",10,"C",227,358,0.634078212290503
71,"1grnA","NUC",10,"N",57,358,0.159217877094972
71,"1grnA","NUC",10,"O",71,358,0.198324022346369
71,"1grnA","NUC",10,"P",0,358,0
71,"1grnA","NUC",10,"S",3,358,0.00837988826815642
72,"1gs5A","NUC",10,"C",274,427,0.641686182669789
72,"1gs5A","NUC",10,"N",74,427,0.173302107728337
72,"1gs5A","NUC",10,"O",76,427,0.177985948477752
72,"1gs5A","NUC",10,"P",0,427,0
72,"1gs5A","NUC",10,"S",3,427,0.00702576112412178
73,"1gsaA","NUC",10,"C",281,462,0.608225108225108
73,"1gsaA","NUC",10,"N",91,462,0.196969696969697
73,"1gsaA","NUC",10,"O",88,462,0.19047619047619
73,"1gsaA","NUC",10,"P",0,462,0
73,"1gsaA","NUC",10,"S",2,462,0.00432900432900433
74,"1gzfC","NUC",10,"C",210,328,0.640243902439024
74,"1gzfC","NUC",10,"N",55,328,0.167682926829268
74,"1gzfC","NUC",10,"O",63,328,0.192073170731707
74,"1gzfC","NUC",10,"P",0,328,0
74,"1gzfC","NUC",10,"S",0,328,0
75,"1h3eA","NUC",10,"C",297,470,0.631914893617021
75,"1h3eA","NUC",10,"N",86,470,0.182978723404255
75,"1h3eA","NUC",10,"O",83,470,0.176595744680851
75,"1h3eA","NUC",10,"P",0,470,0
75,"1h3eA","NUC",10,"S",4,470,0.00851063829787234
76,"1h4qA","NUC",10,"C",296,453,0.653421633554084
76,"1h4qA","NUC",10,"N",78,453,0.172185430463576
76,"1h4qA","NUC",10,"O",79,453,0.17439293598234
76,"1h4qA","NUC",10,"P",0,453,0
76,"1h4qA","NUC",10,"S",0,453,0
77,"1h65B","NUC",10,"C",211,345,0.611594202898551
77,"1h65B","NUC",10,"N",65,345,0.188405797101449
77,"1h65B","NUC",10,"O",68,345,0.197101449275362
77,"1h65B","NUC",10,"P",0,345,0
77,"1h65B","NUC",10,"S",1,345,0.00289855072463768
78,"1h79A","NUC",10,"C",226,352,0.642045454545455
78,"1h79A","NUC",10,"N",62,352,0.176136363636364
78,"1h79A","NUC",10,"O",60,352,0.170454545454545
78,"1h79A","NUC",10,"P",0,352,0
78,"1h79A","NUC",10,"S",4,352,0.0113636363636364
79,"1h7uA","NUC",10,"C",213,352,0.605113636363636
79,"1h7uA","NUC",10,"N",65,352,0.184659090909091
79,"1h7uA","NUC",10,"O",72,352,0.204545454545455
79,"1h7uA","NUC",10,"P",0,352,0
79,"1h7uA","NUC",10,"S",2,352,0.00568181818181818
80,"1hi5A","NUC",10,"C",202,308,0.655844155844156
80,"1hi5A","NUC",10,"N",54,308,0.175324675324675
80,"1hi5A","NUC",10,"O",47,308,0.152597402597403
80,"1hi5A","NUC",10,"P",0,308,0
80,"1hi5A","NUC",10,"S",5,308,0.0162337662337662
81,"1honA","NUC",10,"C",240,395,0.607594936708861
81,"1honA","NUC",10,"N",72,395,0.182278481012658
81,"1honA","NUC",10,"O",82,395,0.207594936708861
81,"1honA","NUC",10,"P",0,395,0
81,"1honA","NUC",10,"S",1,395,0.00253164556962025
82,"1hp1A","NUC",10,"C",133,224,0.59375
82,"1hp1A","NUC",10,"N",45,224,0.200892857142857
82,"1hp1A","NUC",10,"O",44,224,0.196428571428571
82,"1hp1A","NUC",10,"P",0,224,0
82,"1hp1A","NUC",10,"S",2,224,0.00892857142857143
83,"1htwA","NUC",10,"C",195,309,0.631067961165049
83,"1htwA","NUC",10,"N",52,309,0.168284789644013
83,"1htwA","NUC",10,"O",61,309,0.197411003236246
83,"1htwA","NUC",10,"P",0,309,0
83,"1htwA","NUC",10,"S",1,309,0.00323624595469256
84,"1hurA","NUC",10,"C",185,298,0.620805369127517
84,"1hurA","NUC",10,"N",51,298,0.171140939597315
84,"1hurA","NUC",10,"O",60,298,0.201342281879195
84,"1hurA","NUC",10,"P",0,298,0
84,"1hurA","NUC",10,"S",2,298,0.00671140939597315
85,"1huxA","NUC",10,"C",236,389,0.606683804627249
85,"1huxA","NUC",10,"N",69,389,0.177377892030848
85,"1huxA","NUC",10,"O",83,389,0.213367609254499
85,"1huxA","NUC",10,"P",0,389,0
85,"1huxA","NUC",10,"S",1,389,0.0025706940874036
86,"1hwkD","NUC",10,"C",162,284,0.570422535211268
86,"1hwkD","NUC",10,"N",59,284,0.207746478873239
86,"1hwkD","NUC",10,"O",57,284,0.200704225352113
86,"1hwkD","NUC",10,"P",0,284,0
86,"1hwkD","NUC",10,"S",6,284,0.0211267605633803
87,"1i52A","NUC",10,"C",219,357,0.61344537815126
87,"1i52A","NUC",10,"N",69,357,0.19327731092437
87,"1i52A","NUC",10,"O",68,357,0.19047619047619
87,"1i52A","NUC",10,"P",0,357,0
87,"1i52A","NUC",10,"S",1,357,0.00280112044817927
88,"1i7lB","NUC",10,"C",271,431,0.62877030162413
88,"1i7lB","NUC",10,"N",81,431,0.187935034802784
88,"1i7lB","NUC",10,"O",77,431,0.178654292343387
88,"1i7lB","NUC",10,"P",0,431,0
88,"1i7lB","NUC",10,"S",2,431,0.00464037122969838
89,"1ia9B","NUC",10,"C",248,392,0.63265306122449
89,"1ia9B","NUC",10,"N",69,392,0.176020408163265
89,"1ia9B","NUC",10,"O",72,392,0.183673469387755
89,"1ia9B","NUC",10,"P",0,392,0
89,"1ia9B","NUC",10,"S",3,392,0.0076530612244898
90,"1id0A","NUC",10,"C",236,379,0.62269129287599
90,"1id0A","NUC",10,"N",72,379,0.189973614775726
90,"1id0A","NUC",10,"O",68,379,0.179419525065963
90,"1id0A","NUC",10,"P",0,379,0
90,"1id0A","NUC",10,"S",3,379,0.0079155672823219
91,"1ii0B","NUC",10,"C",272,435,0.625287356321839
91,"1ii0B","NUC",10,"N",77,435,0.177011494252874
91,"1ii0B","NUC",10,"O",84,435,0.193103448275862
91,"1ii0B","NUC",10,"P",0,435,0
91,"1ii0B","NUC",10,"S",2,435,0.00459770114942529
92,"1in5A","NUC",10,"C",276,421,0.655581947743468
92,"1in5A","NUC",10,"N",76,421,0.180522565320665
92,"1in5A","NUC",10,"O",69,421,0.163895486935867
92,"1in5A","NUC",10,"P",0,421,0
92,"1in5A","NUC",10,"S",0,421,0
93,"1iowA","NUC",10,"C",302,464,0.650862068965517
93,"1iowA","NUC",10,"N",74,464,0.15948275862069
93,"1iowA","NUC",10,"O",85,464,0.183189655172414
93,"1iowA","NUC",10,"P",0,464,0
93,"1iowA","NUC",10,"S",3,464,0.00646551724137931
94,"1iqpA","NUC",10,"C",253,401,0.630922693266833
94,"1iqpA","NUC",10,"N",72,401,0.179551122194514
94,"1iqpA","NUC",10,"O",75,401,0.187032418952618
94,"1iqpA","NUC",10,"P",0,401,0
94,"1iqpA","NUC",10,"S",1,401,0.00249376558603491
95,"1isgA","NUC",10,"C",248,386,0.642487046632124
95,"1isgA","NUC",10,"N",63,386,0.163212435233161
95,"1isgA","NUC",10,"O",74,386,0.191709844559585
95,"1isgA","NUC",10,"P",0,386,0
95,"1isgA","NUC",10,"S",1,386,0.00259067357512953
96,"1ixsB","NUC",10,"C",261,405,0.644444444444444
96,"1ixsB","NUC",10,"N",73,405,0.180246913580247
96,"1ixsB","NUC",10,"O",70,405,0.17283950617284
96,"1ixsB","NUC",10,"P",0,405,0
96,"1ixsB","NUC",10,"S",1,405,0.00246913580246914
97,"1j09A","NUC",10,"C",231,368,0.627717391304348
97,"1j09A","NUC",10,"N",68,368,0.184782608695652
97,"1j09A","NUC",10,"O",67,368,0.182065217391304
97,"1j09A","NUC",10,"P",0,368,0
97,"1j09A","NUC",10,"S",2,368,0.00543478260869565
98,"1j1bB","NUC",10,"C",266,417,0.6378896882494
98,"1j1bB","NUC",10,"N",75,417,0.179856115107914
98,"1j1bB","NUC",10,"O",74,417,0.177458033573141
98,"1j1bB","NUC",10,"P",0,417,0
98,"1j1bB","NUC",10,"S",2,417,0.00479616306954436
99,"1j1zB","NUC",10,"C",290,451,0.643015521064302
99,"1j1zB","NUC",10,"N",80,451,0.177383592017738
99,"1j1zB","NUC",10,"O",79,451,0.175166297117517
99,"1j1zB","NUC",10,"P",0,451,0
99,"1j1zB","NUC",10,"S",2,451,0.00443458980044346
100,"1j7lA","NUC",10,"C",256,409,0.625916870415648
100,"1j7lA","NUC",10,"N",66,409,0.161369193154034
100,"1j7lA","NUC",10,"O",84,409,0.205378973105134
100,"1j7lA","NUC",10,"P",0,409,0
100,"1j7lA","NUC",10,"S",3,409,0.00733496332518337
101,"1jcgA","NUC",10,"C",298,489,0.609406952965235
101,"1jcgA","NUC",10,"N",87,489,0.177914110429448
101,"1jcgA","NUC",10,"O",102,489,0.208588957055215
101,"1jcgA","NUC",10,"P",0,489,0
101,"1jcgA","NUC",10,"S",2,489,0.00408997955010225
102,"1jedB","NUC",10,"C",296,467,0.633832976445396
102,"1jedB","NUC",10,"N",91,467,0.194860813704497
102,"1jedB","NUC",10,"O",76,467,0.162740899357602
102,"1jedB","NUC",10,"P",0,467,0
102,"1jedB","NUC",10,"S",4,467,0.00856531049250535
103,"1ji0A","NUC",10,"C",161,258,0.624031007751938
103,"1ji0A","NUC",10,"N",47,258,0.182170542635659
103,"1ji0A","NUC",10,"O",50,258,0.193798449612403
103,"1ji0A","NUC",10,"P",0,258,0
103,"1ji0A","NUC",10,"S",0,258,0
104,"1jjvA","NUC",10,"C",188,303,0.62046204620462
104,"1jjvA","NUC",10,"N",55,303,0.181518151815182
104,"1jjvA","NUC",10,"O",59,303,0.194719471947195
104,"1jjvA","NUC",10,"P",0,303,0
104,"1jjvA","NUC",10,"S",1,303,0.0033003300330033
105,"1jlrB","NUC",10,"C",167,261,0.639846743295019
105,"1jlrB","NUC",10,"N",50,261,0.191570881226054
105,"1jlrB","NUC",10,"O",41,261,0.157088122605364
105,"1jlrB","NUC",10,"P",0,261,0
105,"1jlrB","NUC",10,"S",3,261,0.0114942528735632
106,"1jqhA","NUC",10,"C",234,384,0.609375
106,"1jqhA","NUC",10,"N",70,384,0.182291666666667
106,"1jqhA","NUC",10,"O",76,384,0.197916666666667
106,"1jqhA","NUC",10,"P",0,384,0
106,"1jqhA","NUC",10,"S",4,384,0.0104166666666667
107,"1ju9A","NUC",10,"C",242,394,0.614213197969543
107,"1ju9A","NUC",10,"N",75,394,0.190355329949239
107,"1ju9A","NUC",10,"O",75,394,0.190355329949239
107,"1ju9A","NUC",10,"P",0,394,0
107,"1ju9A","NUC",10,"S",2,394,0.0050761421319797
108,"1jwaA","NUC",10,"C",239,382,0.62565445026178
108,"1jwaA","NUC",10,"N",70,382,0.183246073298429
108,"1jwaA","NUC",10,"O",71,382,0.18586387434555
108,"1jwaA","NUC",10,"P",0,382,0
108,"1jwaA","NUC",10,"S",2,382,0.00523560209424084
109,"1jwhA","NUC",10,"C",260,400,0.65
109,"1jwhA","NUC",10,"N",72,400,0.18
109,"1jwhA","NUC",10,"O",67,400,0.1675
109,"1jwhA","NUC",10,"P",0,400,0
109,"1jwhA","NUC",10,"S",1,400,0.0025
110,"1k3cA","NUC",10,"C",273,436,0.626146788990826
110,"1k3cA","NUC",10,"N",76,436,0.174311926605505
110,"1k3cA","NUC",10,"O",86,436,0.197247706422018
110,"1k3cA","NUC",10,"P",0,436,0
110,"1k3cA","NUC",10,"S",1,436,0.00229357798165138
111,"1kaoA","NUC",10,"C",217,344,0.630813953488372
111,"1kaoA","NUC",10,"N",58,344,0.168604651162791
111,"1kaoA","NUC",10,"O",68,344,0.197674418604651
111,"1kaoA","NUC",10,"P",0,344,0
111,"1kaoA","NUC",10,"S",1,344,0.00290697674418605
112,"1kf0A","NUC",10,"C",216,333,0.648648648648649
112,"1kf0A","NUC",10,"N",53,333,0.159159159159159
112,"1kf0A","NUC",10,"O",60,333,0.18018018018018
112,"1kf0A","NUC",10,"P",0,333,0
112,"1kf0A","NUC",10,"S",4,333,0.012012012012012
113,"1kfdA","NUC",10,"C",191,304,0.62828947368421
113,"1kfdA","NUC",10,"N",59,304,0.194078947368421
113,"1kfdA","NUC",10,"O",54,304,0.177631578947368
113,"1kfdA","NUC",10,"P",0,304,0
113,"1kfdA","NUC",10,"S",0,304,0
114,"1kk3A","NUC",10,"C",183,294,0.622448979591837
114,"1kk3A","NUC",10,"N",56,294,0.19047619047619
114,"1kk3A","NUC",10,"O",54,294,0.183673469387755
114,"1kk3A","NUC",10,"P",0,294,0
114,"1kk3A","NUC",10,"S",1,294,0.00340136054421769
115,"1kmnB","NUC",10,"C",287,447,0.642058165548098
115,"1kmnB","NUC",10,"N",78,447,0.174496644295302
115,"1kmnB","NUC",10,"O",79,447,0.176733780760626
115,"1kmnB","NUC",10,"P",0,447,0
115,"1kmnB","NUC",10,"S",3,447,0.00671140939597315
116,"1kmnC","NUC",10,"C",280,436,0.642201834862385
116,"1kmnC","NUC",10,"N",78,436,0.178899082568807
116,"1kmnC","NUC",10,"O",75,436,0.172018348623853
116,"1kmnC","NUC",10,"P",0,436,0
116,"1kmnC","NUC",10,"S",3,436,0.00688073394495413
117,"1ko5A","NUC",10,"C",202,320,0.63125
117,"1ko5A","NUC",10,"N",56,320,0.175
117,"1ko5A","NUC",10,"O",60,320,0.1875
117,"1ko5A","NUC",10,"P",0,320,0
117,"1ko5A","NUC",10,"S",2,320,0.00625
118,"1kp2A","NUC",10,"C",286,457,0.62582056892779
118,"1kp2A","NUC",10,"N",82,457,0.179431072210066
118,"1kp2A","NUC",10,"O",86,457,0.188183807439825
118,"1kp2A","NUC",10,"P",0,457,0
118,"1kp2A","NUC",10,"S",3,457,0.00656455142231947
119,"1ksfA","NUC",10,"C",251,390,0.643589743589744
119,"1ksfA","NUC",10,"N",66,390,0.169230769230769
119,"1ksfA","NUC",10,"O",71,390,0.182051282051282
119,"1ksfA","NUC",10,"P",0,390,0
119,"1ksfA","NUC",10,"S",2,390,0.00512820512820513
120,"1kv3F","NUC",10,"C",170,263,0.64638783269962
120,"1kv3F","NUC",10,"N",49,263,0.186311787072243
120,"1kv3F","NUC",10,"O",43,263,0.163498098859316
120,"1kv3F","NUC",10,"P",0,263,0
120,"1kv3F","NUC",10,"S",1,263,0.00380228136882129
121,"1kvkA","NUC",10,"C",250,396,0.631313131313131
121,"1kvkA","NUC",10,"N",71,396,0.179292929292929
121,"1kvkA","NUC",10,"O",73,396,0.184343434343434
121,"1kvkA","NUC",10,"P",0,396,0
121,"1kvkA","NUC",10,"S",2,396,0.00505050505050505
122,"1kyqA","NUC",10,"C",178,277,0.642599277978339
122,"1kyqA","NUC",10,"N",46,277,0.166064981949458
122,"1kyqA","NUC",10,"O",52,277,0.187725631768953
122,"1kyqA","NUC",10,"P",0,277,0
122,"1kyqA","NUC",10,"S",1,277,0.0036101083032491
123,"1l0oA","NUC",10,"C",259,413,0.627118644067797
123,"1l0oA","NUC",10,"N",70,413,0.169491525423729
123,"1l0oA","NUC",10,"O",82,413,0.198547215496368
123,"1l0oA","NUC",10,"P",0,413,0
123,"1l0oA","NUC",10,"S",2,413,0.00484261501210654
124,"1lkxC","NUC",10,"C",252,413,0.610169491525424
124,"1lkxC","NUC",10,"N",78,413,0.188861985472155
124,"1lkxC","NUC",10,"O",81,413,0.196125907990315
124,"1lkxC","NUC",10,"P",0,413,0
124,"1lkxC","NUC",10,"S",2,413,0.00484261501210654
125,"1looA","NUC",10,"C",280,458,0.611353711790393
125,"1looA","NUC",10,"N",86,458,0.187772925764192
125,"1looA","NUC",10,"O",90,458,0.196506550218341
125,"1looA","NUC",10,"P",0,458,0
125,"1looA","NUC",10,"S",2,458,0.00436681222707424
126,"1m74A","NUC",10,"C",219,362,0.604972375690608
126,"1m74A","NUC",10,"N",67,362,0.185082872928177
126,"1m74A","NUC",10,"O",72,362,0.198895027624309
126,"1m74A","NUC",10,"P",0,362,0
126,"1m74A","NUC",10,"S",4,362,0.0110497237569061
127,"1m7gB","NUC",10,"C",202,313,0.645367412140575
127,"1m7gB","NUC",10,"N",51,313,0.162939297124601
127,"1m7gB","NUC",10,"O",60,313,0.191693290734824
127,"1m7gB","NUC",10,"P",0,313,0
127,"1m7gB","NUC",10,"S",0,313,0
128,"1m83A","NUC",10,"C",316,487,0.648870636550308
128,"1m83A","NUC",10,"N",84,487,0.172484599589322
128,"1m83A","NUC",10,"O",84,487,0.172484599589322
128,"1m83A","NUC",10,"P",0,487,0
128,"1m83A","NUC",10,"S",3,487,0.00616016427104723
129,"1mabB","NUC",10,"C",221,353,0.626062322946176
129,"1mabB","NUC",10,"N",65,353,0.18413597733711
129,"1mabB","NUC",10,"O",65,353,0.18413597733711
129,"1mabB","NUC",10,"P",0,353,0
129,"1mabB","NUC",10,"S",2,353,0.0056657223796034
130,"1miyA","NUC",10,"C",234,386,0.606217616580311
130,"1miyA","NUC",10,"N",76,386,0.196891191709845
130,"1miyA","NUC",10,"O",74,386,0.191709844559585
130,"1miyA","NUC",10,"P",0,386,0
130,"1miyA","NUC",10,"S",2,386,0.00518134715025907
131,"1mjhB","NUC",10,"C",275,425,0.647058823529412
131,"1mjhB","NUC",10,"N",74,425,0.174117647058824
131,"1mjhB","NUC",10,"O",74,425,0.174117647058824
131,"1mjhB","NUC",10,"P",0,425,0
131,"1mjhB","NUC",10,"S",2,425,0.00470588235294118
132,"1mkjA","NUC",10,"C",194,341,0.56891495601173
132,"1mkjA","NUC",10,"N",69,341,0.202346041055718
132,"1mkjA","NUC",10,"O",76,341,0.222873900293255
132,"1mkjA","NUC",10,"P",0,341,0
132,"1mkjA","NUC",10,"S",2,341,0.00586510263929619
133,"1mozB","NUC",10,"C",193,309,0.624595469255663
133,"1mozB","NUC",10,"N",52,309,0.168284789644013
133,"1mozB","NUC",10,"O",64,309,0.207119741100324
133,"1mozB","NUC",10,"P",0,309,0
133,"1mozB","NUC",10,"S",0,309,0
134,"1mx0C","NUC",10,"C",313,481,0.650727650727651
134,"1mx0C","NUC",10,"N",78,481,0.162162162162162
134,"1mx0C","NUC",10,"O",90,481,0.187110187110187
134,"1mx0C","NUC",10,"P",0,481,0
134,"1mx0C","NUC",10,"S",0,481,0
135,"1n06B","NUC",10,"C",207,325,0.636923076923077
135,"1n06B","NUC",10,"N",58,325,0.178461538461538
135,"1n06B","NUC",10,"O",58,325,0.178461538461538
135,"1n06B","NUC",10,"P",0,325,0
135,"1n06B","NUC",10,"S",2,325,0.00615384615384615
136,"1n6lA","NUC",10,"C",255,410,0.621951219512195
136,"1n6lA","NUC",10,"N",74,410,0.180487804878049
136,"1n6lA","NUC",10,"O",80,410,0.195121951219512
136,"1n6lA","NUC",10,"P",0,410,0
136,"1n6lA","NUC",10,"S",1,410,0.0024390243902439
137,"1nb6A","NUC",10,"C",229,390,0.587179487179487
137,"1nb6A","NUC",10,"N",77,390,0.197435897435897
137,"1nb6A","NUC",10,"O",80,390,0.205128205128205
137,"1nb6A","NUC",10,"P",0,390,0
137,"1nb6A","NUC",10,"S",4,390,0.0102564102564103
138,"1nksF","NUC",10,"C",183,300,0.61
138,"1nksF","NUC",10,"N",62,300,0.206666666666667
138,"1nksF","NUC",10,"O",55,300,0.183333333333333
138,"1nksF","NUC",10,"P",0,300,0
138,"1nksF","NUC",10,"S",0,300,0
139,"1nktB","NUC",10,"C",274,433,0.632794457274827
139,"1nktB","NUC",10,"N",77,433,0.177829099307159
139,"1nktB","NUC",10,"O",78,433,0.18013856812933
139,"1nktB","NUC",10,"P",0,433,0
139,"1nktB","NUC",10,"S",4,433,0.0092378752886836
140,"1nlkA","NUC",10,"C",182,290,0.627586206896552
140,"1nlkA","NUC",10,"N",55,290,0.189655172413793
140,"1nlkA","NUC",10,"O",51,290,0.175862068965517
140,"1nlkA","NUC",10,"P",0,290,0
140,"1nlkA","NUC",10,"S",2,290,0.00689655172413793
141,"1nm5B","NUC",10,"C",171,266,0.642857142857143
141,"1nm5B","NUC",10,"N",46,266,0.172932330827068
141,"1nm5B","NUC",10,"O",49,266,0.184210526315789
141,"1nm5B","NUC",10,"P",0,266,0
141,"1nm5B","NUC",10,"S",0,266,0
142,"1nneC","NUC",10,"C",204,324,0.62962962962963
142,"1nneC","NUC",10,"N",63,324,0.194444444444444
142,"1nneC","NUC",10,"O",56,324,0.17283950617284
142,"1nneC","NUC",10,"P",0,324,0
142,"1nneC","NUC",10,"S",1,324,0.00308641975308642
143,"1nqtC","NUC",10,"C",184,280,0.657142857142857
143,"1nqtC","NUC",10,"N",45,280,0.160714285714286
143,"1nqtC","NUC",10,"O",49,280,0.175
143,"1nqtC","NUC",10,"P",0,280,0
143,"1nqtC","NUC",10,"S",2,280,0.00714285714285714
144,"1nrjB","NUC",10,"C",237,375,0.632
144,"1nrjB","NUC",10,"N",67,375,0.178666666666667
144,"1nrjB","NUC",10,"O",70,375,0.186666666666667
144,"1nrjB","NUC",10,"P",0,375,0
144,"1nrjB","NUC",10,"S",1,375,0.00266666666666667
145,"1nueA","NUC",10,"C",183,297,0.616161616161616
145,"1nueA","NUC",10,"N",59,297,0.198653198653199
145,"1nueA","NUC",10,"O",53,297,0.178451178451178
145,"1nueA","NUC",10,"P",0,297,0
145,"1nueA","NUC",10,"S",2,297,0.00673400673400673
146,"1nvfC","NUC",10,"C",256,415,0.616867469879518
146,"1nvfC","NUC",10,"N",73,415,0.175903614457831
146,"1nvfC","NUC",10,"O",85,415,0.204819277108434
146,"1nvfC","NUC",10,"P",0,415,0
146,"1nvfC","NUC",10,"S",1,415,0.00240963855421687
147,"1ny5B","NUC",10,"C",255,395,0.645569620253165
147,"1ny5B","NUC",10,"N",69,395,0.174683544303797
147,"1ny5B","NUC",10,"O",70,395,0.177215189873418
147,"1ny5B","NUC",10,"P",0,395,0
147,"1ny5B","NUC",10,"S",1,395,0.00253164556962025
148,"1nyrA","NUC",10,"C",283,460,0.615217391304348
148,"1nyrA","NUC",10,"N",85,460,0.184782608695652
148,"1nyrA","NUC",10,"O",88,460,0.191304347826087
148,"1nyrA","NUC",10,"P",0,460,0
148,"1nyrA","NUC",10,"S",4,460,0.00869565217391304
149,"1nzxA","NUC",10,"C",251,391,0.641943734015345
149,"1nzxA","NUC",10,"N",66,391,0.168797953964194
149,"1nzxA","NUC",10,"O",71,391,0.181585677749361
149,"1nzxA","NUC",10,"P",0,391,0
149,"1nzxA","NUC",10,"S",3,391,0.00767263427109974
150,"1o0hA","NUC",10,"C",176,291,0.604810996563574
150,"1o0hA","NUC",10,"N",56,291,0.192439862542955
150,"1o0hA","NUC",10,"O",55,291,0.189003436426117
150,"1o0hA","NUC",10,"P",0,291,0
150,"1o0hA","NUC",10,"S",4,291,0.013745704467354
151,"1o51A","NUC",10,"C",128,191,0.670157068062827
151,"1o51A","NUC",10,"N",29,191,0.151832460732984
151,"1o51A","NUC",10,"O",34,191,0.178010471204188
151,"1o51A","NUC",10,"P",0,191,0
151,"1o51A","NUC",10,"S",0,191,0
152,"1o6bA","NUC",10,"C",274,418,0.655502392344498
152,"1o6bA","NUC",10,"N",73,418,0.174641148325359
152,"1o6bA","NUC",10,"O",70,418,0.167464114832536
152,"1o6bA","NUC",10,"P",0,418,0
152,"1o6bA","NUC",10,"S",1,418,0.00239234449760766
153,"1oe0B","NUC",10,"C",340,530,0.641509433962264
153,"1oe0B","NUC",10,"N",96,530,0.181132075471698
153,"1oe0B","NUC",10,"O",90,530,0.169811320754717
153,"1oe0B","NUC",10,"P",0,530,0
153,"1oe0B","NUC",10,"S",4,530,0.00754716981132075
154,"1ojlE","NUC",10,"C",219,358,0.611731843575419
154,"1ojlE","NUC",10,"N",71,358,0.198324022346369
154,"1ojlE","NUC",10,"O",65,358,0.181564245810056
154,"1ojlE","NUC",10,"P",0,358,0
154,"1ojlE","NUC",10,"S",3,358,0.00837988826815642
155,"1osnC","NUC",10,"C",173,278,0.622302158273381
155,"1osnC","NUC",10,"N",48,278,0.172661870503597
155,"1osnC","NUC",10,"O",56,278,0.201438848920863
155,"1osnC","NUC",10,"P",0,278,0
155,"1osnC","NUC",10,"S",1,278,0.00359712230215827
156,"1oxuA","NUC",10,"C",163,255,0.63921568627451
156,"1oxuA","NUC",10,"N",47,255,0.184313725490196
156,"1oxuA","NUC",10,"O",44,255,0.172549019607843
156,"1oxuA","NUC",10,"P",0,255,0
156,"1oxuA","NUC",10,"S",1,255,0.00392156862745098
157,"1p16B","NUC",10,"C",213,347,0.613832853025937
157,"1p16B","NUC",10,"N",62,347,0.178674351585014
157,"1p16B","NUC",10,"O",71,347,0.204610951008646
157,"1p16B","NUC",10,"P",0,347,0
157,"1p16B","NUC",10,"S",1,347,0.00288184438040346
158,"1p39A","NUC",10,"C",219,355,0.616901408450704
158,"1p39A","NUC",10,"N",64,355,0.180281690140845
158,"1p39A","NUC",10,"O",70,355,0.197183098591549
158,"1p39A","NUC",10,"P",0,355,0
158,"1p39A","NUC",10,"S",2,355,0.00563380281690141
159,"1p50A","NUC",10,"C",291,478,0.608786610878661
159,"1p50A","NUC",10,"N",92,478,0.192468619246862
159,"1p50A","NUC",10,"O",92,478,0.192468619246862
159,"1p50A","NUC",10,"P",0,478,0
159,"1p50A","NUC",10,"S",3,478,0.00627615062761506
160,"1p72B","NUC",10,"C",210,337,0.623145400593472
160,"1p72B","NUC",10,"N",61,337,0.181008902077151
160,"1p72B","NUC",10,"O",64,337,0.189910979228487
160,"1p72B","NUC",10,"P",0,337,0
160,"1p72B","NUC",10,"S",2,337,0.00593471810089021
161,"1p7lA","NUC",10,"C",212,338,0.627218934911243
161,"1p7lA","NUC",10,"N",61,338,0.180473372781065
161,"1p7lA","NUC",10,"O",64,338,0.189349112426035
161,"1p7lA","NUC",10,"P",0,338,0
161,"1p7lA","NUC",10,"S",1,338,0.0029585798816568
162,"1pfkA","NUC",10,"C",218,344,0.633720930232558
162,"1pfkA","NUC",10,"N",63,344,0.183139534883721
162,"1pfkA","NUC",10,"O",59,344,0.171511627906977
162,"1pfkA","NUC",10,"P",0,344,0
162,"1pfkA","NUC",10,"S",4,344,0.0116279069767442
163,"1phpA","NUC",10,"C",243,379,0.641160949868074
163,"1phpA","NUC",10,"N",65,379,0.171503957783641
163,"1phpA","NUC",10,"O",68,379,0.179419525065963
163,"1phpA","NUC",10,"P",0,379,0
163,"1phpA","NUC",10,"S",3,379,0.0079155672823219
164,"1pk8D","NUC",10,"C",269,434,0.619815668202765
164,"1pk8D","NUC",10,"N",84,434,0.193548387096774
164,"1pk8D","NUC",10,"O",80,434,0.184331797235023
164,"1pk8D","NUC",10,"P",0,434,0
164,"1pk8D","NUC",10,"S",1,434,0.00230414746543779
165,"1pkgA","NUC",10,"C",280,434,0.645161290322581
165,"1pkgA","NUC",10,"N",75,434,0.172811059907834
165,"1pkgA","NUC",10,"O",76,434,0.175115207373272
165,"1pkgA","NUC",10,"P",0,434,0
165,"1pkgA","NUC",10,"S",3,434,0.00691244239631336
166,"1pvoI","NUC",10,"C",192,312,0.615384615384615
166,"1pvoI","NUC",10,"N",54,312,0.173076923076923
166,"1pvoI","NUC",10,"O",64,312,0.205128205128205
166,"1pvoI","NUC",10,"P",0,312,0
166,"1pvoI","NUC",10,"S",2,312,0.00641025641025641
167,"1q1kA","NUC",10,"C",247,404,0.611386138613861
167,"1q1kA","NUC",10,"N",70,404,0.173267326732673
167,"1q1kA","NUC",10,"O",85,404,0.21039603960396
167,"1q1kA","NUC",10,"P",0,404,0
167,"1q1kA","NUC",10,"S",2,404,0.00495049504950495
168,"1q3sB","NUC",10,"C",317,508,0.624015748031496
168,"1q3sB","NUC",10,"N",84,508,0.165354330708661
168,"1q3sB","NUC",10,"O",104,508,0.204724409448819
168,"1q3sB","NUC",10,"P",0,508,0
168,"1q3sB","NUC",10,"S",3,508,0.00590551181102362
169,"1q99A","NUC",10,"C",250,398,0.628140703517588
169,"1q99A","NUC",10,"N",72,398,0.180904522613065
169,"1q99A","NUC",10,"O",75,398,0.188442211055276
169,"1q99A","NUC",10,"P",0,398,0
169,"1q99A","NUC",10,"S",1,398,0.00251256281407035
170,"1q9sA","NUC",10,"C",210,332,0.632530120481928
170,"1q9sA","NUC",10,"N",59,332,0.177710843373494
170,"1q9sA","NUC",10,"O",61,332,0.183734939759036
170,"1q9sA","NUC",10,"P",0,332,0
170,"1q9sA","NUC",10,"S",2,332,0.00602409638554217
171,"1qhgA","NUC",10,"C",216,358,0.603351955307263
171,"1qhgA","NUC",10,"N",67,358,0.187150837988827
171,"1qhgA","NUC",10,"O",75,358,0.209497206703911
171,"1qhgA","NUC",10,"P",0,358,0
171,"1qhgA","NUC",10,"S",0,358,0
172,"1qhyA","NUC",10,"C",195,327,0.596330275229358
172,"1qhyA","NUC",10,"N",64,327,0.195718654434251
172,"1qhyA","NUC",10,"O",64,327,0.195718654434251
172,"1qhyA","NUC",10,"P",0,327,0
172,"1qhyA","NUC",10,"S",4,327,0.0122324159021407
173,"1ql6A","NUC",10,"C",275,423,0.650118203309693
173,"1ql6A","NUC",10,"N",69,423,0.163120567375887
173,"1ql6A","NUC",10,"O",76,423,0.179669030732861
173,"1ql6A","NUC",10,"P",0,423,0
173,"1ql6A","NUC",10,"S",3,423,0.00709219858156028
174,"1qpcA","NUC",10,"C",206,336,0.613095238095238
174,"1qpcA","NUC",10,"N",59,336,0.175595238095238
174,"1qpcA","NUC",10,"O",68,336,0.202380952380952
174,"1qpcA","NUC",10,"P",0,336,0
174,"1qpcA","NUC",10,"S",3,336,0.00892857142857143
175,"1qpgA","NUC",10,"C",263,405,0.649382716049383
175,"1qpgA","NUC",10,"N",70,405,0.17283950617284
175,"1qpgA","NUC",10,"O",71,405,0.175308641975309
175,"1qpgA","NUC",10,"P",0,405,0
175,"1qpgA","NUC",10,"S",1,405,0.00246913580246914
176,"1qssC","NUC",10,"C",243,387,0.627906976744186
176,"1qssC","NUC",10,"N",76,387,0.196382428940568
176,"1qssC","NUC",10,"O",66,387,0.170542635658915
176,"1qssC","NUC",10,"P",0,387,0
176,"1qssC","NUC",10,"S",2,387,0.00516795865633075
177,"1qvrA","NUC",10,"C",239,383,0.62402088772846
177,"1qvrA","NUC",10,"N",65,383,0.169712793733681
177,"1qvrA","NUC",10,"O",79,383,0.206266318537859
177,"1qvrA","NUC",10,"P",0,383,0
177,"1qvrA","NUC",10,"S",0,383,0
178,"1qzrA","NUC",10,"C",313,489,0.640081799591002
178,"1qzrA","NUC",10,"N",82,489,0.167689161554192
178,"1qzrA","NUC",10,"O",90,489,0.184049079754601
178,"1qzrA","NUC",10,"P",0,489,0
178,"1qzrA","NUC",10,"S",4,489,0.0081799591002045
179,"1r0zA","NUC",10,"C",244,379,0.643799472295514
179,"1r0zA","NUC",10,"N",60,379,0.158311345646438
179,"1r0zA","NUC",10,"O",74,379,0.195250659630607
179,"1r0zA","NUC",10,"P",0,379,0
179,"1r0zA","NUC",10,"S",1,379,0.00263852242744063
180,"1r5nA","NUC",10,"C",197,314,0.627388535031847
180,"1r5nA","NUC",10,"N",55,314,0.17515923566879
180,"1r5nA","NUC",10,"O",61,314,0.194267515923567
180,"1r5nA","NUC",10,"P",0,314,0
180,"1r5nA","NUC",10,"S",1,314,0.00318471337579618
181,"1ra7A","NUC",10,"C",229,371,0.617250673854447
181,"1ra7A","NUC",10,"N",64,371,0.172506738544474
181,"1ra7A","NUC",10,"O",77,371,0.207547169811321
181,"1ra7A","NUC",10,"P",0,371,0
181,"1ra7A","NUC",10,"S",1,371,0.00269541778975741
182,"1raaB","NUC",10,"C",195,314,0.621019108280255
182,"1raaB","NUC",10,"N",56,314,0.178343949044586
182,"1raaB","NUC",10,"O",63,314,0.200636942675159
182,"1raaB","NUC",10,"P",0,314,0
182,"1raaB","NUC",10,"S",0,314,0
183,"1rf8A","NUC",10,"C",207,325,0.636923076923077
183,"1rf8A","NUC",10,"N",58,325,0.178461538461538
183,"1rf8A","NUC",10,"O",60,325,0.184615384615385
183,"1rf8A","NUC",10,"P",0,325,0
183,"1rf8A","NUC",10,"S",0,325,0
184,"1rfuD","NUC",10,"C",291,447,0.651006711409396
184,"1rfuD","NUC",10,"N",70,447,0.156599552572707
184,"1rfuD","NUC",10,"O",81,447,0.181208053691275
184,"1rfuD","NUC",10,"P",0,447,0
184,"1rfuD","NUC",10,"S",5,447,0.0111856823266219
185,"1ri1A","NUC",10,"C",254,399,0.636591478696742
185,"1ri1A","NUC",10,"N",71,399,0.177944862155388
185,"1ri1A","NUC",10,"O",71,399,0.177944862155388
185,"1ri1A","NUC",10,"P",0,399,0
185,"1ri1A","NUC",10,"S",3,399,0.0075187969924812
186,"1rk2B","NUC",10,"C",258,402,0.641791044776119
186,"1rk2B","NUC",10,"N",70,402,0.174129353233831
186,"1rk2B","NUC",10,"O",74,402,0.18407960199005
186,"1rk2B","NUC",10,"P",0,402,0
186,"1rk2B","NUC",10,"S",0,402,0
187,"1rluA","NUC",10,"C",285,460,0.619565217391304
187,"1rluA","NUC",10,"N",82,460,0.178260869565217
187,"1rluA","NUC",10,"O",92,460,0.2
187,"1rluA","NUC",10,"P",0,460,0
187,"1rluA","NUC",10,"S",1,460,0.00217391304347826
188,"1ryaA","NUC",10,"C",252,389,0.647814910025707
188,"1ryaA","NUC",10,"N",68,389,0.174807197943445
188,"1ryaA","NUC",10,"O",68,389,0.174807197943445
188,"1ryaA","NUC",10,"P",0,389,0
188,"1ryaA","NUC",10,"S",1,389,0.0025706940874036
189,"1rzuA","NUC",10,"C",215,325,0.661538461538462
189,"1rzuA","NUC",10,"N",57,325,0.175384615384615
189,"1rzuA","NUC",10,"O",51,325,0.156923076923077
189,"1rzuA","NUC",10,"P",0,325,0
189,"1rzuA","NUC",10,"S",2,325,0.00615384615384615
190,"1s16A","NUC",10,"C",321,506,0.634387351778656
190,"1s16A","NUC",10,"N",89,506,0.175889328063241
190,"1s16A","NUC",10,"O",95,506,0.187747035573123
190,"1s16A","NUC",10,"P",0,506,0
190,"1s16A","NUC",10,"S",1,506,0.00197628458498024
191,"1s4eF","NUC",10,"C",252,391,0.644501278772379
191,"1s4eF","NUC",10,"N",63,391,0.161125319693095
191,"1s4eF","NUC",10,"O",75,391,0.191815856777494
191,"1s4eF","NUC",10,"P",0,391,0
191,"1s4eF","NUC",10,"S",1,391,0.00255754475703325
192,"1s4oA","NUC",10,"C",268,414,0.647342995169082
192,"1s4oA","NUC",10,"N",69,414,0.166666666666667
192,"1s4oA","NUC",10,"O",75,414,0.181159420289855
192,"1s4oA","NUC",10,"P",0,414,0
192,"1s4oA","NUC",10,"S",2,414,0.00483091787439614
193,"1s59A","NUC",10,"C",185,303,0.61056105610561
193,"1s59A","NUC",10,"N",57,303,0.188118811881188
193,"1s59A","NUC",10,"O",61,303,0.201320132013201
193,"1s59A","NUC",10,"P",0,303,0
193,"1s59A","NUC",10,"S",0,303,0
194,"1s5gA","NUC",10,"C",233,365,0.638356164383562
194,"1s5gA","NUC",10,"N",69,365,0.189041095890411
194,"1s5gA","NUC",10,"O",62,365,0.16986301369863
194,"1s5gA","NUC",10,"P",0,365,0
194,"1s5gA","NUC",10,"S",1,365,0.00273972602739726
195,"1s8fB","NUC",10,"C",211,350,0.602857142857143
195,"1s8fB","NUC",10,"N",61,350,0.174285714285714
195,"1s8fB","NUC",10,"O",77,350,0.22
195,"1s8fB","NUC",10,"P",0,350,0
195,"1s8fB","NUC",10,"S",1,350,0.00285714285714286
196,"1sazA","NUC",10,"C",195,325,0.6
196,"1sazA","NUC",10,"N",70,325,0.215384615384615
196,"1sazA","NUC",10,"O",60,325,0.184615384615385
196,"1sazA","NUC",10,"P",0,325,0
196,"1sazA","NUC",10,"S",0,325,0
197,"1sdmA","NUC",10,"C",225,389,0.57840616966581
197,"1sdmA","NUC",10,"N",77,389,0.197943444730077
197,"1sdmA","NUC",10,"O",85,389,0.218508997429306
197,"1sdmA","NUC",10,"P",0,389,0
197,"1sdmA","NUC",10,"S",2,389,0.0051413881748072
198,"1skqA","NUC",10,"C",188,295,0.63728813559322
198,"1skqA","NUC",10,"N",49,295,0.166101694915254
198,"1skqA","NUC",10,"O",56,295,0.189830508474576
198,"1skqA","NUC",10,"P",0,295,0
198,"1skqA","NUC",10,"S",2,295,0.00677966101694915
199,"1smcB","NUC",10,"C",158,239,0.661087866108787
199,"1smcB","NUC",10,"N",38,239,0.158995815899582
199,"1smcB","NUC",10,"O",43,239,0.179916317991632
199,"1smcB","NUC",10,"P",0,239,0
199,"1smcB","NUC",10,"S",0,239,0
200,"1svlA","NUC",10,"C",227,349,0.650429799426934
200,"1svlA","NUC",10,"N",58,349,0.166189111747851
200,"1svlA","NUC",10,"O",64,349,0.183381088825215
200,"1svlA","NUC",10,"P",0,349,0
200,"1svlA","NUC",10,"S",0,349,0
201,"1svwA","NUC",10,"C",256,414,0.618357487922705
201,"1svwA","NUC",10,"N",76,414,0.183574879227053
201,"1svwA","NUC",10,"O",82,414,0.198067632850242
201,"1svwA","NUC",10,"P",0,414,0
201,"1svwA","NUC",10,"S",0,414,0
202,"1sx3A","NUC",10,"C",270,437,0.617848970251716
202,"1sx3A","NUC",10,"N",76,437,0.173913043478261
202,"1sx3A","NUC",10,"O",88,437,0.20137299771167
202,"1sx3A","NUC",10,"P",0,437,0
202,"1sx3A","NUC",10,"S",3,437,0.0068649885583524
203,"1sxjA","NUC",10,"C",261,407,0.641277641277641
203,"1sxjA","NUC",10,"N",74,407,0.181818181818182
203,"1sxjA","NUC",10,"O",70,407,0.171990171990172
203,"1sxjA","NUC",10,"P",0,407,0
203,"1sxjA","NUC",10,"S",2,407,0.00491400491400491
204,"1sxjB","NUC",10,"C",262,421,0.622327790973872
204,"1sxjB","NUC",10,"N",78,421,0.185273159144893
204,"1sxjB","NUC",10,"O",77,421,0.182897862232779
204,"1sxjB","NUC",10,"P",0,421,0
204,"1sxjB","NUC",10,"S",4,421,0.00950118764845606
205,"1sxjC","NUC",10,"C",283,446,0.634529147982063
205,"1sxjC","NUC",10,"N",80,446,0.179372197309417
205,"1sxjC","NUC",10,"O",82,446,0.183856502242152
205,"1sxjC","NUC",10,"P",0,446,0
205,"1sxjC","NUC",10,"S",1,446,0.00224215246636771
206,"1sxjD","NUC",10,"C",272,430,0.632558139534884
206,"1sxjD","NUC",10,"N",77,430,0.17906976744186
206,"1sxjD","NUC",10,"O",79,430,0.183720930232558
206,"1sxjD","NUC",10,"P",0,430,0
206,"1sxjD","NUC",10,"S",2,430,0.00465116279069767
207,"1sxjE","NUC",10,"C",256,404,0.633663366336634
207,"1sxjE","NUC",10,"N",74,404,0.183168316831683
207,"1sxjE","NUC",10,"O",70,404,0.173267326732673
207,"1sxjE","NUC",10,"P",0,404,0
207,"1sxjE","NUC",10,"S",4,404,0.0099009900990099
208,"1sylA","NUC",10,"C",159,241,0.659751037344398
208,"1sylA","NUC",10,"N",39,241,0.161825726141079
208,"1sylA","NUC",10,"O",40,241,0.16597510373444
208,"1sylA","NUC",10,"P",0,241,0
208,"1sylA","NUC",10,"S",3,241,0.012448132780083
209,"1t5cA","NUC",10,"C",179,306,0.584967320261438
209,"1t5cA","NUC",10,"N",60,306,0.196078431372549
209,"1t5cA","NUC",10,"O",66,306,0.215686274509804
209,"1t5cA","NUC",10,"P",0,306,0
209,"1t5cA","NUC",10,"S",1,306,0.00326797385620915
210,"1t6xB","NUC",10,"C",166,243,0.683127572016461
210,"1t6xB","NUC",10,"N",37,243,0.152263374485597
210,"1t6xB","NUC",10,"O",40,243,0.164609053497942
210,"1t6xB","NUC",10,"P",0,243,0
210,"1t6xB","NUC",10,"S",0,243,0
211,"1t7pC","NUC",10,"C",217,356,0.609550561797753
211,"1t7pC","NUC",10,"N",72,356,0.202247191011236
211,"1t7pC","NUC",10,"O",65,356,0.182584269662921
211,"1t7pC","NUC",10,"P",0,356,0
211,"1t7pC","NUC",10,"S",2,356,0.00561797752808989
212,"1t8eC","NUC",10,"C",204,340,0.6
212,"1t8eC","NUC",10,"N",70,340,0.205882352941176
212,"1t8eC","NUC",10,"O",63,340,0.185294117647059
212,"1t8eC","NUC",10,"P",0,340,0
212,"1t8eC","NUC",10,"S",3,340,0.00882352941176471
213,"1tc0B","NUC",10,"C",214,341,0.627565982404692
213,"1tc0B","NUC",10,"N",55,341,0.161290322580645
213,"1tc0B","NUC",10,"O",71,341,0.208211143695015
213,"1tc0B","NUC",10,"P",0,341,0
213,"1tc0B","NUC",10,"S",1,341,0.00293255131964809
214,"1tuiA","NUC",10,"C",217,339,0.640117994100295
214,"1tuiA","NUC",10,"N",58,339,0.171091445427729
214,"1tuiA","NUC",10,"O",62,339,0.182890855457227
214,"1tuiA","NUC",10,"P",0,339,0
214,"1tuiA","NUC",10,"S",2,339,0.00589970501474926
215,"1tuuA","NUC",10,"C",191,326,0.585889570552147
215,"1tuuA","NUC",10,"N",68,326,0.208588957055215
215,"1tuuA","NUC",10,"O",66,326,0.202453987730061
215,"1tuuA","NUC",10,"P",0,326,0
215,"1tuuA","NUC",10,"S",1,326,0.00306748466257669
216,"1ty8A","NUC",10,"C",273,429,0.636363636363636
216,"1ty8A","NUC",10,"N",77,429,0.17948717948718
216,"1ty8A","NUC",10,"O",74,429,0.172494172494172
216,"1ty8A","NUC",10,"P",0,429,0
216,"1ty8A","NUC",10,"S",5,429,0.0116550116550117
217,"1tz6B","NUC",10,"C",241,387,0.622739018087855
217,"1tz6B","NUC",10,"N",71,387,0.183462532299742
217,"1tz6B","NUC",10,"O",74,387,0.191214470284238
217,"1tz6B","NUC",10,"P",0,387,0
217,"1tz6B","NUC",10,"S",1,387,0.00258397932816537
218,"1u0hC","NUC",10,"C",302,497,0.607645875251509
218,"1u0hC","NUC",10,"N",96,497,0.193158953722334
218,"1u0hC","NUC",10,"O",96,497,0.193158953722334
218,"1u0hC","NUC",10,"P",0,497,0
218,"1u0hC","NUC",10,"S",3,497,0.00603621730382294
219,"1u0jA","NUC",10,"C",165,265,0.622641509433962
219,"1u0jA","NUC",10,"N",48,265,0.181132075471698
219,"1u0jA","NUC",10,"O",52,265,0.19622641509434
219,"1u0jA","NUC",10,"P",0,265,0
219,"1u0jA","NUC",10,"S",0,265,0
220,"1u3gA","NUC",10,"C",177,266,0.665413533834586
220,"1u3gA","NUC",10,"N",45,266,0.169172932330827
220,"1u3gA","NUC",10,"O",43,266,0.161654135338346
220,"1u3gA","NUC",10,"P",0,266,0
220,"1u3gA","NUC",10,"S",1,266,0.0037593984962406
221,"1u54A","NUC",10,"C",232,367,0.632152588555858
221,"1u54A","NUC",10,"N",65,367,0.177111716621253
221,"1u54A","NUC",10,"O",68,367,0.185286103542234
221,"1u54A","NUC",10,"P",0,367,0
221,"1u54A","NUC",10,"S",2,367,0.00544959128065395
222,"1u5rA","NUC",10,"C",255,400,0.6375
222,"1u5rA","NUC",10,"N",65,400,0.1625
222,"1u5rA","NUC",10,"O",76,400,0.19
222,"1u5rA","NUC",10,"P",0,400,0
222,"1u5rA","NUC",10,"S",4,400,0.01
223,"1u6rA","NUC",10,"C",227,365,0.621917808219178
223,"1u6rA","NUC",10,"N",71,365,0.194520547945205
223,"1u6rA","NUC",10,"O",65,365,0.178082191780822
223,"1u6rA","NUC",10,"P",0,365,0
223,"1u6rA","NUC",10,"S",2,365,0.00547945205479452
224,"1u7wC","NUC",10,"C",228,356,0.640449438202247
224,"1u7wC","NUC",10,"N",56,356,0.157303370786517
224,"1u7wC","NUC",10,"O",69,356,0.193820224719101
224,"1u7wC","NUC",10,"P",0,356,0
224,"1u7wC","NUC",10,"S",3,356,0.00842696629213483
225,"1ua2A","NUC",10,"C",292,463,0.630669546436285
225,"1ua2A","NUC",10,"N",83,463,0.1792656587473
225,"1ua2A","NUC",10,"O",87,463,0.187904967602592
225,"1ua2A","NUC",10,"P",0,463,0
225,"1ua2A","NUC",10,"S",1,463,0.00215982721382289
226,"1uf9C","NUC",10,"C",186,317,0.586750788643533
226,"1uf9C","NUC",10,"N",63,317,0.198738170347003
226,"1uf9C","NUC",10,"O",68,317,0.214511041009464
226,"1uf9C","NUC",10,"P",0,317,0
226,"1uf9C","NUC",10,"S",0,317,0
227,"1uj2A","NUC",10,"C",182,307,0.592833876221498
227,"1uj2A","NUC",10,"N",62,307,0.201954397394137
227,"1uj2A","NUC",10,"O",61,307,0.198697068403909
227,"1uj2A","NUC",10,"P",0,307,0
227,"1uj2A","NUC",10,"S",2,307,0.00651465798045603
228,"1ukvB","NUC",10,"C",231,376,0.61436170212766
228,"1ukvB","NUC",10,"N",65,376,0.172872340425532
228,"1ukvB","NUC",10,"O",78,376,0.207446808510638
228,"1ukvB","NUC",10,"P",0,376,0
228,"1ukvB","NUC",10,"S",2,376,0.00531914893617021
229,"1ukyA","NUC",10,"C",300,465,0.645161290322581
229,"1ukyA","NUC",10,"N",85,465,0.182795698924731
229,"1ukyA","NUC",10,"O",78,465,0.167741935483871
229,"1ukyA","NUC",10,"P",0,465,0
229,"1ukyA","NUC",10,"S",2,465,0.0043010752688172
230,"1un9A","NUC",10,"C",215,347,0.619596541786744
230,"1un9A","NUC",10,"N",56,347,0.161383285302594
230,"1un9A","NUC",10,"O",72,347,0.207492795389049
230,"1un9A","NUC",10,"P",0,347,0
230,"1un9A","NUC",10,"S",4,347,0.0115273775216138
231,"1v1aA","NUC",10,"C",229,371,0.617250673854447
231,"1v1aA","NUC",10,"N",66,371,0.177897574123989
231,"1v1aA","NUC",10,"O",76,371,0.204851752021563
231,"1v1aA","NUC",10,"P",0,371,0
231,"1v1aA","NUC",10,"S",0,371,0
232,"1v25B","NUC",10,"C",334,517,0.646034816247582
232,"1v25B","NUC",10,"N",89,517,0.172147001934236
232,"1v25B","NUC",10,"O",94,517,0.181818181818182
232,"1v25B","NUC",10,"P",0,517,0
232,"1v25B","NUC",10,"S",0,517,0
233,"1v34A","NUC",10,"C",239,391,0.611253196930946
233,"1v34A","NUC",10,"N",75,391,0.191815856777494
233,"1v34A","NUC",10,"O",76,391,0.194373401534527
233,"1v34A","NUC",10,"P",0,391,0
233,"1v34A","NUC",10,"S",1,391,0.00255754475703325
234,"1v3sA","NUC",10,"C",144,230,0.626086956521739
234,"1v3sA","NUC",10,"N",46,230,0.2
234,"1v3sA","NUC",10,"O",40,230,0.173913043478261
234,"1v3sA","NUC",10,"P",0,230,0
234,"1v3sA","NUC",10,"S",0,230,0
235,"1v8kA","NUC",10,"C",209,363,0.575757575757576
235,"1v8kA","NUC",10,"N",76,363,0.209366391184573
235,"1v8kA","NUC",10,"O",76,363,0.209366391184573
235,"1v8kA","NUC",10,"P",0,363,0
235,"1v8kA","NUC",10,"S",2,363,0.00550964187327824
236,"1v9pA","NUC",10,"C",252,385,0.654545454545455
236,"1v9pA","NUC",10,"N",66,385,0.171428571428571
236,"1v9pA","NUC",10,"O",66,385,0.171428571428571
236,"1v9pA","NUC",10,"P",0,385,0
236,"1v9pA","NUC",10,"S",1,385,0.0025974025974026
237,"1vc8A","NUC",10,"C",230,363,0.633608815426997
237,"1vc8A","NUC",10,"N",62,363,0.170798898071625
237,"1vc8A","NUC",10,"O",69,363,0.190082644628099
237,"1vc8A","NUC",10,"P",0,363,0
237,"1vc8A","NUC",10,"S",2,363,0.00550964187327824
238,"1vfvA","NUC",10,"C",229,388,0.59020618556701
238,"1vfvA","NUC",10,"N",75,388,0.193298969072165
238,"1vfvA","NUC",10,"O",83,388,0.213917525773196
238,"1vfvA","NUC",10,"P",0,388,0
238,"1vfvA","NUC",10,"S",1,388,0.00257731958762887
239,"1vfzA","NUC",10,"C",208,353,0.589235127478754
239,"1vfzA","NUC",10,"N",69,353,0.195467422096317
239,"1vfzA","NUC",10,"O",75,353,0.212464589235127
239,"1vfzA","NUC",10,"P",0,353,0
239,"1vfzA","NUC",10,"S",1,353,0.0028328611898017
240,"1vj7A","NUC",10,"C",240,388,0.618556701030928
240,"1vj7A","NUC",10,"N",81,388,0.208762886597938
240,"1vj7A","NUC",10,"O",67,388,0.172680412371134
240,"1vj7A","NUC",10,"P",0,388,0
240,"1vj7A","NUC",10,"S",0,388,0
241,"1vpaA","NUC",10,"C",227,370,0.613513513513513
241,"1vpaA","NUC",10,"N",69,370,0.186486486486486
241,"1vpaA","NUC",10,"O",73,370,0.197297297297297
241,"1vpaA","NUC",10,"P",0,370,0
241,"1vpaA","NUC",10,"S",1,370,0.0027027027027027
242,"1vtkA","NUC",10,"C",198,325,0.609230769230769
242,"1vtkA","NUC",10,"N",64,325,0.196923076923077
242,"1vtkA","NUC",10,"O",60,325,0.184615384615385
242,"1vtkA","NUC",10,"P",0,325,0
242,"1vtkA","NUC",10,"S",3,325,0.00923076923076923
243,"1w1wD","NUC",10,"C",201,327,0.614678899082569
243,"1w1wD","NUC",10,"N",57,327,0.174311926605505
243,"1w1wD","NUC",10,"O",67,327,0.204892966360856
243,"1w1wD","NUC",10,"P",0,327,0
243,"1w1wD","NUC",10,"S",2,327,0.00611620795107034
244,"1w2cA","NUC",10,"C",238,365,0.652054794520548
244,"1w2cA","NUC",10,"N",63,365,0.172602739726027
244,"1w2cA","NUC",10,"O",63,365,0.172602739726027
244,"1w2cA","NUC",10,"P",0,365,0
244,"1w2cA","NUC",10,"S",1,365,0.00273972602739726
245,"1w4rA","NUC",10,"C",286,452,0.632743362831858
245,"1w4rA","NUC",10,"N",74,452,0.163716814159292
245,"1w4rA","NUC",10,"O",90,452,0.199115044247788
245,"1w4rA","NUC",10,"P",0,452,0
245,"1w4rA","NUC",10,"S",2,452,0.00442477876106195
246,"1w5aB","NUC",10,"C",276,454,0.607929515418502
246,"1w5aB","NUC",10,"N",82,454,0.180616740088106
246,"1w5aB","NUC",10,"O",92,454,0.202643171806167
246,"1w5aB","NUC",10,"P",0,454,0
246,"1w5aB","NUC",10,"S",4,454,0.00881057268722467
247,"1w5tB","NUC",10,"C",304,474,0.641350210970464
247,"1w5tB","NUC",10,"N",86,474,0.181434599156118
247,"1w5tB","NUC",10,"O",84,474,0.177215189873418
247,"1w5tB","NUC",10,"P",0,474,0
247,"1w5tB","NUC",10,"S",0,474,0
248,"1w78A","NUC",10,"C",288,467,0.616702355460385
248,"1w78A","NUC",10,"N",92,467,0.197002141327623
248,"1w78A","NUC",10,"O",85,467,0.182012847965739
248,"1w78A","NUC",10,"P",0,467,0
248,"1w78A","NUC",10,"S",2,467,0.00428265524625268
249,"1w7iA","NUC",10,"C",224,357,0.627450980392157
249,"1w7iA","NUC",10,"N",62,357,0.173669467787115
249,"1w7iA","NUC",10,"O",70,357,0.196078431372549
249,"1w7iA","NUC",10,"P",0,357,0
249,"1w7iA","NUC",10,"S",1,357,0.00280112044817927
250,"1wbpA","NUC",10,"C",224,336,0.666666666666667
250,"1wbpA","NUC",10,"N",56,336,0.166666666666667
250,"1wbpA","NUC",10,"O",55,336,0.163690476190476
250,"1wbpA","NUC",10,"P",0,336,0
250,"1wbpA","NUC",10,"S",1,336,0.00297619047619048
251,"1wc6C","NUC",10,"C",176,272,0.647058823529412
251,"1wc6C","NUC",10,"N",50,272,0.183823529411765
251,"1wc6C","NUC",10,"O",45,272,0.165441176470588
251,"1wc6C","NUC",10,"P",0,272,0
251,"1wc6C","NUC",10,"S",1,272,0.00367647058823529
252,"1wdtA","NUC",10,"C",269,437,0.615560640732265
252,"1wdtA","NUC",10,"N",80,437,0.183066361556064
252,"1wdtA","NUC",10,"O",88,437,0.20137299771167
252,"1wdtA","NUC",10,"P",0,437,0
252,"1wdtA","NUC",10,"S",0,437,0
253,"1wkkA","NUC",10,"C",204,325,0.627692307692308
253,"1wkkA","NUC",10,"N",63,325,0.193846153846154
253,"1wkkA","NUC",10,"O",56,325,0.172307692307692
253,"1wkkA","NUC",10,"P",0,325,0
253,"1wkkA","NUC",10,"S",2,325,0.00615384615384615
254,"1wnlA","NUC",10,"C",230,369,0.623306233062331
254,"1wnlA","NUC",10,"N",75,369,0.203252032520325
254,"1wnlA","NUC",10,"O",64,369,0.173441734417344
254,"1wnlA","NUC",10,"P",0,369,0
254,"1wnlA","NUC",10,"S",0,369,0
255,"1wpgB","NUC",10,"C",205,338,0.606508875739645
255,"1wpgB","NUC",10,"N",69,338,0.20414201183432
255,"1wpgB","NUC",10,"O",60,338,0.177514792899408
255,"1wpgB","NUC",10,"P",0,338,0
255,"1wpgB","NUC",10,"S",4,338,0.0118343195266272
256,"1wurA","NUC",10,"C",145,236,0.614406779661017
256,"1wurA","NUC",10,"N",48,236,0.203389830508475
256,"1wurA","NUC",10,"O",40,236,0.169491525423729
256,"1wurA","NUC",10,"P",0,236,0
256,"1wurA","NUC",10,"S",3,236,0.0127118644067797
257,"1wuuC","NUC",10,"C",276,457,0.603938730853392
257,"1wuuC","NUC",10,"N",83,457,0.181619256017505
257,"1wuuC","NUC",10,"O",96,457,0.210065645514223
257,"1wuuC","NUC",10,"P",0,457,0
257,"1wuuC","NUC",10,"S",2,457,0.00437636761487965
258,"1wvcA","NUC",10,"C",236,374,0.631016042780749
258,"1wvcA","NUC",10,"N",61,374,0.163101604278075
258,"1wvcA","NUC",10,"O",73,374,0.195187165775401
258,"1wvcA","NUC",10,"P",0,374,0
258,"1wvcA","NUC",10,"S",4,374,0.0106951871657754
259,"1x3mA","NUC",10,"C",192,317,0.605678233438486
259,"1x3mA","NUC",10,"N",64,317,0.201892744479495
259,"1x3mA","NUC",10,"O",60,317,0.189274447949527
259,"1x3mA","NUC",10,"P",0,317,0
259,"1x3mA","NUC",10,"S",1,317,0.00315457413249211
260,"1xdnA","NUC",10,"C",254,386,0.658031088082902
260,"1xdnA","NUC",10,"N",66,386,0.170984455958549
260,"1xdnA","NUC",10,"O",65,386,0.16839378238342
260,"1xdnA","NUC",10,"P",0,386,0
260,"1xdnA","NUC",10,"S",1,386,0.00259067357512953
261,"1xexA","NUC",10,"C",160,262,0.610687022900763
261,"1xexA","NUC",10,"N",47,262,0.179389312977099
261,"1xexA","NUC",10,"O",55,262,0.209923664122137
261,"1xexA","NUC",10,"P",0,262,0
261,"1xexA","NUC",10,"S",0,262,0
262,"1xfvA","NUC",10,"C",241,396,0.608585858585859
262,"1xfvA","NUC",10,"N",72,396,0.181818181818182
262,"1xfvA","NUC",10,"O",83,396,0.20959595959596
262,"1xfvA","NUC",10,"P",0,396,0
262,"1xfvA","NUC",10,"S",0,396,0
263,"1xjeA","NUC",10,"C",292,461,0.633405639913232
263,"1xjeA","NUC",10,"N",80,461,0.17353579175705
263,"1xjeA","NUC",10,"O",83,461,0.180043383947939
263,"1xjeA","NUC",10,"P",0,461,0
263,"1xjeA","NUC",10,"S",6,461,0.0130151843817787
264,"1xjqA","NUC",10,"C",297,451,0.658536585365854
264,"1xjqA","NUC",10,"N",83,451,0.184035476718404
264,"1xjqA","NUC",10,"O",68,451,0.150776053215078
264,"1xjqA","NUC",10,"P",0,451,0
264,"1xjqA","NUC",10,"S",3,451,0.00665188470066519
265,"1xmiD","NUC",10,"C",160,262,0.610687022900763
265,"1xmiD","NUC",10,"N",45,262,0.17175572519084
265,"1xmiD","NUC",10,"O",55,262,0.209923664122137
265,"1xmiD","NUC",10,"P",0,262,0
265,"1xmiD","NUC",10,"S",2,262,0.00763358778625954
266,"1xmmD","NUC",10,"C",285,429,0.664335664335664
266,"1xmmD","NUC",10,"N",79,429,0.184149184149184
266,"1xmmD","NUC",10,"O",65,429,0.151515151515152
266,"1xmmD","NUC",10,"P",0,429,0
266,"1xmmD","NUC",10,"S",0,429,0
267,"1xmsA","NUC",10,"C",227,354,0.641242937853107
267,"1xmsA","NUC",10,"N",59,354,0.166666666666667
267,"1xmsA","NUC",10,"O",68,354,0.192090395480226
267,"1xmsA","NUC",10,"P",0,354,0
267,"1xmsA","NUC",10,"S",0,354,0
268,"1xp8A","NUC",10,"C",219,335,0.653731343283582
268,"1xp8A","NUC",10,"N",54,335,0.161194029850746
268,"1xp8A","NUC",10,"O",62,335,0.185074626865672
268,"1xp8A","NUC",10,"P",0,335,0
268,"1xp8A","NUC",10,"S",0,335,0
269,"1xr1A","NUC",10,"C",265,411,0.644768856447689
269,"1xr1A","NUC",10,"N",67,411,0.16301703163017
269,"1xr1A","NUC",10,"O",79,411,0.192214111922141
269,"1xr1A","NUC",10,"P",0,411,0
269,"1xr1A","NUC",10,"S",0,411,0
270,"1xs1A","NUC",10,"C",251,397,0.632241813602015
270,"1xs1A","NUC",10,"N",72,397,0.181360201511335
270,"1xs1A","NUC",10,"O",73,397,0.183879093198992
270,"1xs1A","NUC",10,"P",0,397,0
270,"1xs1A","NUC",10,"S",1,397,0.00251889168765743
271,"1xscA","NUC",10,"C",205,314,0.652866242038217
271,"1xscA","NUC",10,"N",57,314,0.181528662420382
271,"1xscA","NUC",10,"O",51,314,0.162420382165605
271,"1xscA","NUC",10,"P",0,314,0
271,"1xscA","NUC",10,"S",1,314,0.00318471337579618
272,"1xtsA","NUC",10,"C",244,386,0.632124352331606
272,"1xtsA","NUC",10,"N",64,386,0.16580310880829
272,"1xtsA","NUC",10,"O",78,386,0.202072538860104
272,"1xtsA","NUC",10,"P",0,386,0
272,"1xtsA","NUC",10,"S",0,386,0
273,"1xu4A","NUC",10,"C",211,348,0.60632183908046
273,"1xu4A","NUC",10,"N",68,348,0.195402298850575
273,"1xu4A","NUC",10,"O",67,348,0.192528735632184
273,"1xu4A","NUC",10,"P",0,348,0
273,"1xu4A","NUC",10,"S",2,348,0.00574712643678161
274,"1xx6A","NUC",10,"C",184,295,0.623728813559322
274,"1xx6A","NUC",10,"N",52,295,0.176271186440678
274,"1xx6A","NUC",10,"O",58,295,0.196610169491525
274,"1xx6A","NUC",10,"P",0,295,0
274,"1xx6A","NUC",10,"S",1,295,0.00338983050847458
275,"1y56A","NUC",10,"C",340,538,0.631970260223048
275,"1y56A","NUC",10,"N",96,538,0.178438661710037
275,"1y56A","NUC",10,"O",101,538,0.187732342007435
275,"1y56A","NUC",10,"P",0,538,0
275,"1y56A","NUC",10,"S",1,538,0.00185873605947955
276,"1y8qD","NUC",10,"C",270,443,0.609480812641084
276,"1y8qD","NUC",10,"N",85,443,0.191873589164786
276,"1y8qD","NUC",10,"O",86,443,0.194130925507901
276,"1y8qD","NUC",10,"P",0,443,0
276,"1y8qD","NUC",10,"S",2,443,0.00451467268623025
277,"1yfrA","NUC",10,"C",273,437,0.624713958810069
277,"1yfrA","NUC",10,"N",81,437,0.185354691075515
277,"1yfrA","NUC",10,"O",79,437,0.180778032036613
277,"1yfrA","NUC",10,"P",0,437,0
277,"1yfrA","NUC",10,"S",4,437,0.0091533180778032
278,"1yhnA","NUC",10,"C",255,408,0.625
278,"1yhnA","NUC",10,"N",70,408,0.17156862745098
278,"1yhnA","NUC",10,"O",82,408,0.200980392156863
278,"1yhnA","NUC",10,"P",0,408,0
278,"1yhnA","NUC",10,"S",1,408,0.00245098039215686
279,"1yp3C","NUC",10,"C",315,471,0.668789808917197
279,"1yp3C","NUC",10,"N",73,471,0.154989384288747
279,"1yp3C","NUC",10,"O",82,471,0.174097664543524
279,"1yp3C","NUC",10,"P",0,471,0
279,"1yp3C","NUC",10,"S",1,471,0.00212314225053079
280,"1yrbA","NUC",10,"C",201,321,0.626168224299065
280,"1yrbA","NUC",10,"N",55,321,0.171339563862928
280,"1yrbA","NUC",10,"O",64,321,0.199376947040498
280,"1yrbA","NUC",10,"P",0,321,0
280,"1yrbA","NUC",10,"S",1,321,0.00311526479750779
281,"1ytmA","NUC",10,"C",322,510,0.631372549019608
281,"1ytmA","NUC",10,"N",89,510,0.174509803921569
281,"1ytmA","NUC",10,"O",97,510,0.190196078431373
281,"1ytmA","NUC",10,"P",0,510,0
281,"1ytmA","NUC",10,"S",2,510,0.00392156862745098
282,"1yunB","NUC",10,"C",237,374,0.633689839572192
282,"1yunB","NUC",10,"N",71,374,0.189839572192513
282,"1yunB","NUC",10,"O",63,374,0.168449197860963
282,"1yunB","NUC",10,"P",0,374,0
282,"1yunB","NUC",10,"S",3,374,0.00802139037433155
283,"1z0fA","NUC",10,"C",209,339,0.616519174041298
283,"1z0fA","NUC",10,"N",64,339,0.188790560471976
283,"1z0fA","NUC",10,"O",63,339,0.185840707964602
283,"1z0fA","NUC",10,"P",0,339,0
283,"1z0fA","NUC",10,"S",3,339,0.00884955752212389
284,"1z0iA","NUC",10,"C",221,353,0.626062322946176
284,"1z0iA","NUC",10,"N",61,353,0.172804532577904
284,"1z0iA","NUC",10,"O",70,353,0.198300283286119
284,"1z0iA","NUC",10,"P",0,353,0
284,"1z0iA","NUC",10,"S",1,353,0.0028328611898017
285,"1z0jA","NUC",10,"C",251,399,0.629072681704261
285,"1z0jA","NUC",10,"N",71,399,0.177944862155388
285,"1z0jA","NUC",10,"O",75,399,0.18796992481203
285,"1z0jA","NUC",10,"P",0,399,0
285,"1z0jA","NUC",10,"S",2,399,0.0050125313283208
286,"1z22A","NUC",10,"C",214,345,0.620289855072464
286,"1z22A","NUC",10,"N",61,345,0.176811594202899
286,"1z22A","NUC",10,"O",69,345,0.2
286,"1z22A","NUC",10,"P",0,345,0
286,"1z22A","NUC",10,"S",1,345,0.00289855072463768
287,"1z2nA","NUC",10,"C",294,471,0.624203821656051
287,"1z2nA","NUC",10,"N",89,471,0.18895966029724
287,"1z2nA","NUC",10,"O",87,471,0.184713375796178
287,"1z2nA","NUC",10,"P",0,471,0
287,"1z2nA","NUC",10,"S",1,471,0.00212314225053079
288,"1z6yA","NUC",10,"C",174,281,0.619217081850534
288,"1z6yA","NUC",10,"N",47,281,0.167259786476868
288,"1z6yA","NUC",10,"O",56,281,0.199288256227758
288,"1z6yA","NUC",10,"P",0,281,0
288,"1z6yA","NUC",10,"S",4,281,0.0142348754448399
289,"1z7eB","NUC",10,"C",311,478,0.650627615062761
289,"1z7eB","NUC",10,"N",80,478,0.167364016736402
289,"1z7eB","NUC",10,"O",87,478,0.182008368200837
289,"1z7eB","NUC",10,"P",0,478,0
289,"1z7eB","NUC",10,"S",0,478,0
290,"1z84A","NUC",10,"C",200,325,0.615384615384615
290,"1z84A","NUC",10,"N",61,325,0.187692307692308
290,"1z84A","NUC",10,"O",60,325,0.184615384615385
290,"1z84A","NUC",10,"P",0,325,0
290,"1z84A","NUC",10,"S",4,325,0.0123076923076923
291,"1zaoA","NUC",10,"C",295,465,0.634408602150538
291,"1zaoA","NUC",10,"N",85,465,0.182795698924731
291,"1zaoA","NUC",10,"O",82,465,0.176344086021505
291,"1zaoA","NUC",10,"P",0,465,0
291,"1zaoA","NUC",10,"S",3,465,0.00645161290322581
292,"1zauA","NUC",10,"C",240,378,0.634920634920635
292,"1zauA","NUC",10,"N",69,378,0.182539682539683
292,"1zauA","NUC",10,"O",68,378,0.17989417989418
292,"1zauA","NUC",10,"P",0,378,0
292,"1zauA","NUC",10,"S",1,378,0.00264550264550265
293,"1zfnA","NUC",10,"C",237,401,0.591022443890274
293,"1zfnA","NUC",10,"N",81,401,0.201995012468828
293,"1zfnA","NUC",10,"O",82,401,0.204488778054863
293,"1zfnA","NUC",10,"P",0,401,0
293,"1zfnA","NUC",10,"S",1,401,0.00249376558603491
294,"1zmcE","NUC",10,"C",230,353,0.651558073654391
294,"1zmcE","NUC",10,"N",61,353,0.172804532577904
294,"1zmcE","NUC",10,"O",60,353,0.169971671388102
294,"1zmcE","NUC",10,"P",0,353,0
294,"1zmcE","NUC",10,"S",2,353,0.0056657223796034
295,"1znyA","NUC",10,"C",189,293,0.645051194539249
295,"1znyA","NUC",10,"N",52,293,0.177474402730375
295,"1znyA","NUC",10,"O",52,293,0.177474402730375
295,"1znyA","NUC",10,"P",0,293,0
295,"1znyA","NUC",10,"S",0,293,0
296,"1zp9B","NUC",10,"C",274,421,0.65083135391924
296,"1zp9B","NUC",10,"N",66,421,0.156769596199525
296,"1zp9B","NUC",10,"O",81,421,0.192399049881235
296,"1zp9B","NUC",10,"P",0,421,0
296,"1zp9B","NUC",10,"S",0,421,0
297,"1zs6A","NUC",10,"C",189,302,0.625827814569536
297,"1zs6A","NUC",10,"N",59,302,0.195364238410596
297,"1zs6A","NUC",10,"O",52,302,0.172185430463576
297,"1zs6A","NUC",10,"P",0,302,0
297,"1zs6A","NUC",10,"S",2,302,0.00662251655629139
298,"1zxnC","NUC",10,"C",281,443,0.63431151241535
298,"1zxnC","NUC",10,"N",76,443,0.171557562076749
298,"1zxnC","NUC",10,"O",82,443,0.18510158013544
298,"1zxnC","NUC",10,"P",0,443,0
298,"1zxnC","NUC",10,"S",4,443,0.0090293453724605
299,"1zy5A","NUC",10,"C",236,366,0.644808743169399
299,"1zy5A","NUC",10,"N",59,366,0.16120218579235
299,"1zy5A","NUC",10,"O",68,366,0.185792349726776
299,"1zy5A","NUC",10,"P",0,366,0
299,"1zy5A","NUC",10,"S",3,366,0.00819672131147541
300,"2a00A","NUC",10,"C",208,335,0.62089552238806
300,"2a00A","NUC",10,"N",64,335,0.191044776119403
300,"2a00A","NUC",10,"O",62,335,0.185074626865672
300,"2a00A","NUC",10,"P",0,335,0
300,"2a00A","NUC",10,"S",1,335,0.00298507462686567
301,"2a19B","NUC",10,"C",244,372,0.655913978494624
301,"2a19B","NUC",10,"N",59,372,0.158602150537634
301,"2a19B","NUC",10,"O",67,372,0.18010752688172
301,"2a19B","NUC",10,"P",0,372,0
301,"2a19B","NUC",10,"S",2,372,0.00537634408602151
302,"2a19C","NUC",10,"C",208,328,0.634146341463415
302,"2a19C","NUC",10,"N",55,328,0.167682926829268
302,"2a19C","NUC",10,"O",63,328,0.192073170731707
302,"2a19C","NUC",10,"P",0,328,0
302,"2a19C","NUC",10,"S",2,328,0.00609756097560976
303,"2a5jA","NUC",10,"C",214,342,0.625730994152047
303,"2a5jA","NUC",10,"N",61,342,0.178362573099415
303,"2a5jA","NUC",10,"O",65,342,0.190058479532164
303,"2a5jA","NUC",10,"P",0,342,0
303,"2a5jA","NUC",10,"S",2,342,0.00584795321637427
304,"2a8sA","NUC",10,"C",267,427,0.625292740046838
304,"2a8sA","NUC",10,"N",79,427,0.185011709601874
304,"2a8sA","NUC",10,"O",78,427,0.182669789227166
304,"2a8sA","NUC",10,"P",0,427,0
304,"2a8sA","NUC",10,"S",3,427,0.00702576112412178
305,"2a9zA","NUC",10,"C",241,387,0.622739018087855
305,"2a9zA","NUC",10,"N",68,387,0.175710594315245
305,"2a9zA","NUC",10,"O",76,387,0.196382428940568
305,"2a9zA","NUC",10,"P",0,387,0
305,"2a9zA","NUC",10,"S",2,387,0.00516795865633075
306,"2acxA","NUC",10,"C",235,388,0.605670103092783
306,"2acxA","NUC",10,"N",75,388,0.193298969072165
306,"2acxA","NUC",10,"O",73,388,0.188144329896907
306,"2acxA","NUC",10,"P",0,388,0
306,"2acxA","NUC",10,"S",5,388,0.0128865979381443
307,"2akoA","NUC",10,"C",231,358,0.645251396648045
307,"2akoA","NUC",10,"N",53,358,0.14804469273743
307,"2akoA","NUC",10,"O",74,358,0.206703910614525
307,"2akoA","NUC",10,"P",0,358,0
307,"2akoA","NUC",10,"S",0,358,0
308,"2an9A","NUC",10,"C",272,421,0.646080760095012
308,"2an9A","NUC",10,"N",74,421,0.175771971496437
308,"2an9A","NUC",10,"O",75,421,0.178147268408551
308,"2an9A","NUC",10,"P",0,421,0
308,"2an9A","NUC",10,"S",0,421,0
309,"2aqxA","NUC",10,"C",280,437,0.640732265446224
309,"2aqxA","NUC",10,"N",74,437,0.169336384439359
309,"2aqxA","NUC",10,"O",81,437,0.185354691075515
309,"2aqxA","NUC",10,"P",0,437,0
309,"2aqxA","NUC",10,"S",2,437,0.0045766590389016
310,"2atvA","NUC",10,"C",214,349,0.613180515759312
310,"2atvA","NUC",10,"N",60,349,0.171919770773639
310,"2atvA","NUC",10,"O",73,349,0.209169054441261
310,"2atvA","NUC",10,"P",0,349,0
310,"2atvA","NUC",10,"S",2,349,0.00573065902578797
311,"2awnA","NUC",10,"C",148,239,0.619246861924686
311,"2awnA","NUC",10,"N",43,239,0.179916317991632
311,"2awnA","NUC",10,"O",46,239,0.192468619246862
311,"2awnA","NUC",10,"P",0,239,0
311,"2awnA","NUC",10,"S",2,239,0.00836820083682008
312,"2b51A","NUC",10,"C",291,456,0.638157894736842
312,"2b51A","NUC",10,"N",77,456,0.168859649122807
312,"2b51A","NUC",10,"O",82,456,0.179824561403509
312,"2b51A","NUC",10,"P",0,456,0
312,"2b51A","NUC",10,"S",6,456,0.0131578947368421
313,"2b92B","NUC",10,"C",274,429,0.638694638694639
313,"2b92B","NUC",10,"N",75,429,0.174825174825175
313,"2b92B","NUC",10,"O",79,429,0.184149184149184
313,"2b92B","NUC",10,"P",0,429,0
313,"2b92B","NUC",10,"S",1,429,0.00233100233100233
314,"2b9iA","NUC",10,"C",270,418,0.645933014354067
314,"2b9iA","NUC",10,"N",71,418,0.169856459330144
314,"2b9iA","NUC",10,"O",74,418,0.177033492822967
314,"2b9iA","NUC",10,"P",0,418,0
314,"2b9iA","NUC",10,"S",3,418,0.00717703349282297
315,"2be9B","NUC",10,"C",169,264,0.640151515151515
315,"2be9B","NUC",10,"N",46,264,0.174242424242424
315,"2be9B","NUC",10,"O",48,264,0.181818181818182
315,"2be9B","NUC",10,"P",0,264,0
315,"2be9B","NUC",10,"S",1,264,0.00378787878787879
316,"2bejA","NUC",10,"C",228,367,0.62125340599455
316,"2bejA","NUC",10,"N",65,367,0.177111716621253
316,"2bejA","NUC",10,"O",73,367,0.198910081743869
316,"2bejA","NUC",10,"P",0,367,0
316,"2bejA","NUC",10,"S",1,367,0.00272479564032698
317,"2bfrA","NUC",10,"C",240,368,0.652173913043478
317,"2bfrA","NUC",10,"N",64,368,0.173913043478261
317,"2bfrA","NUC",10,"O",62,368,0.168478260869565
317,"2bfrA","NUC",10,"P",0,368,0
317,"2bfrA","NUC",10,"S",2,368,0.00543478260869565
318,"2biyA","NUC",10,"C",250,383,0.652741514360313
318,"2biyA","NUC",10,"N",61,383,0.159268929503916
318,"2biyA","NUC",10,"O",71,383,0.185378590078329
318,"2biyA","NUC",10,"P",0,383,0
318,"2biyA","NUC",10,"S",1,383,0.00261096605744125
319,"2bjaB","NUC",10,"C",247,385,0.641558441558442
319,"2bjaB","NUC",10,"N",63,385,0.163636363636364
319,"2bjaB","NUC",10,"O",73,385,0.18961038961039
319,"2bjaB","NUC",10,"P",0,385,0
319,"2bjaB","NUC",10,"S",2,385,0.0051948051948052
320,"2bm1A","NUC",10,"C",186,303,0.613861386138614
320,"2bm1A","NUC",10,"N",53,303,0.174917491749175
320,"2bm1A","NUC",10,"O",63,303,0.207920792079208
320,"2bm1A","NUC",10,"P",0,303,0
320,"2bm1A","NUC",10,"S",1,303,0.0033003300330033
321,"2bmdA","NUC",10,"C",196,318,0.616352201257862
321,"2bmdA","NUC",10,"N",56,318,0.176100628930818
321,"2bmdA","NUC",10,"O",65,318,0.20440251572327
321,"2bmdA","NUC",10,"P",0,318,0
321,"2bmdA","NUC",10,"S",1,318,0.00314465408805031
322,"2bnfA","NUC",10,"C",236,385,0.612987012987013
322,"2bnfA","NUC",10,"N",78,385,0.202597402597403
322,"2bnfA","NUC",10,"O",71,385,0.184415584415584
322,"2bnfA","NUC",10,"P",0,385,0
322,"2bnfA","NUC",10,"S",0,385,0
323,"2bovA","NUC",10,"C",223,357,0.624649859943978
323,"2bovA","NUC",10,"N",61,357,0.170868347338936
323,"2bovA","NUC",10,"O",72,357,0.201680672268908
323,"2bovA","NUC",10,"P",0,357,0
323,"2bovA","NUC",10,"S",1,357,0.00280112044817927
324,"2bq1B","NUC",10,"C",153,248,0.616935483870968
324,"2bq1B","NUC",10,"N",45,248,0.181451612903226
324,"2bq1B","NUC",10,"O",49,248,0.19758064516129
324,"2bq1B","NUC",10,"P",0,248,0
324,"2bq1B","NUC",10,"S",1,248,0.00403225806451613
325,"2briA","NUC",10,"C",256,412,0.621359223300971
325,"2briA","NUC",10,"N",70,412,0.169902912621359
325,"2briA","NUC",10,"O",86,412,0.20873786407767
325,"2briA","NUC",10,"P",0,412,0
325,"2briA","NUC",10,"S",0,412,0
326,"2btqA","NUC",10,"C",285,460,0.619565217391304
326,"2btqA","NUC",10,"N",84,460,0.182608695652174
326,"2btqA","NUC",10,"O",91,460,0.197826086956522
326,"2btqA","NUC",10,"P",0,460,0
326,"2btqA","NUC",10,"S",0,460,0
327,"2bufC","NUC",10,"C",210,326,0.644171779141104
327,"2bufC","NUC",10,"N",55,326,0.168711656441718
327,"2bufC","NUC",10,"O",58,326,0.177914110429448
327,"2bufC","NUC",10,"P",0,326,0
327,"2bufC","NUC",10,"S",3,326,0.00920245398773006
328,"2bvcA","NUC",10,"C",274,431,0.635730858468677
328,"2bvcA","NUC",10,"N",76,431,0.176334106728538
328,"2bvcA","NUC",10,"O",79,431,0.183294663573086
328,"2bvcA","NUC",10,"P",0,431,0
328,"2bvcA","NUC",10,"S",2,431,0.00464037122969838
329,"2c03B","NUC",10,"C",193,310,0.62258064516129
329,"2c03B","NUC",10,"N",54,310,0.174193548387097
329,"2c03B","NUC",10,"O",61,310,0.196774193548387
329,"2c03B","NUC",10,"P",0,310,0
329,"2c03B","NUC",10,"S",2,310,0.00645161290322581
330,"2c39D","NUC",10,"C",214,365,0.586301369863014
330,"2c39D","NUC",10,"N",68,365,0.186301369863014
330,"2c39D","NUC",10,"O",80,365,0.219178082191781
330,"2c39D","NUC",10,"P",0,365,0
330,"2c39D","NUC",10,"S",3,365,0.00821917808219178
331,"2c49A","NUC",10,"C",278,453,0.613686534216336
331,"2c49A","NUC",10,"N",84,453,0.185430463576159
331,"2c49A","NUC",10,"O",89,453,0.196467991169978
331,"2c49A","NUC",10,"P",0,453,0
331,"2c49A","NUC",10,"S",2,453,0.00441501103752759
332,"2c98A","NUC",10,"C",214,330,0.648484848484848
332,"2c98A","NUC",10,"N",60,330,0.181818181818182
332,"2c98A","NUC",10,"O",55,330,0.166666666666667
332,"2c98A","NUC",10,"P",0,330,0
332,"2c98A","NUC",10,"S",1,330,0.00303030303030303
333,"2c9oA","NUC",10,"C",275,445,0.617977528089888
333,"2c9oA","NUC",10,"N",83,445,0.186516853932584
333,"2c9oA","NUC",10,"O",86,445,0.193258426966292
333,"2c9oA","NUC",10,"P",0,445,0
333,"2c9oA","NUC",10,"S",1,445,0.00224719101123596
334,"2cdnA","NUC",10,"C",198,331,0.598187311178248
334,"2cdnA","NUC",10,"N",70,331,0.211480362537764
334,"2cdnA","NUC",10,"O",61,331,0.18429003021148
334,"2cdnA","NUC",10,"P",0,331,0
334,"2cdnA","NUC",10,"S",2,331,0.00604229607250755
335,"2cduB","NUC",10,"C",264,393,0.67175572519084
335,"2cduB","NUC",10,"N",63,393,0.16030534351145
335,"2cduB","NUC",10,"O",64,393,0.162849872773537
335,"2cduB","NUC",10,"P",0,393,0
335,"2cduB","NUC",10,"S",2,393,0.00508905852417303
336,"2ce7C","NUC",10,"C",233,373,0.624664879356568
336,"2ce7C","NUC",10,"N",70,373,0.187667560321716
336,"2ce7C","NUC",10,"O",70,373,0.187667560321716
336,"2ce7C","NUC",10,"P",0,373,0
336,"2ce7C","NUC",10,"S",0,373,0
337,"2ch4A","NUC",10,"C",265,423,0.626477541371158
337,"2ch4A","NUC",10,"N",80,423,0.189125295508274
337,"2ch4A","NUC",10,"O",76,423,0.179669030732861
337,"2ch4A","NUC",10,"P",0,423,0
337,"2ch4A","NUC",10,"S",2,423,0.00472813238770686
338,"2ch6A","NUC",10,"C",225,360,0.625
338,"2ch6A","NUC",10,"N",63,360,0.175
338,"2ch6A","NUC",10,"O",70,360,0.194444444444444
338,"2ch6A","NUC",10,"P",0,360,0
338,"2ch6A","NUC",10,"S",2,360,0.00555555555555556
339,"2chqA","NUC",10,"C",271,422,0.64218009478673
339,"2chqA","NUC",10,"N",74,422,0.175355450236967
339,"2chqA","NUC",10,"O",75,422,0.177725118483412
339,"2chqA","NUC",10,"P",0,422,0
339,"2chqA","NUC",10,"S",2,422,0.004739336492891
340,"2cjaB","NUC",10,"C",260,420,0.619047619047619
340,"2cjaB","NUC",10,"N",78,420,0.185714285714286
340,"2cjaB","NUC",10,"O",79,420,0.188095238095238
340,"2cjaB","NUC",10,"P",0,420,0
340,"2cjaB","NUC",10,"S",3,420,0.00714285714285714
341,"2cjwA","NUC",10,"C",175,282,0.620567375886525
341,"2cjwA","NUC",10,"N",48,282,0.170212765957447
341,"2cjwA","NUC",10,"O",59,282,0.209219858156028
341,"2cjwA","NUC",10,"P",0,282,0
341,"2cjwA","NUC",10,"S",0,282,0
342,"2ckpA","NUC",10,"C",220,354,0.621468926553672
342,"2ckpA","NUC",10,"N",68,354,0.192090395480226
342,"2ckpA","NUC",10,"O",64,354,0.180790960451977
342,"2ckpA","NUC",10,"P",0,354,0
342,"2ckpA","NUC",10,"S",2,354,0.00564971751412429
343,"2clsA","NUC",10,"C",268,420,0.638095238095238
343,"2clsA","NUC",10,"N",66,420,0.157142857142857
343,"2clsA","NUC",10,"O",82,420,0.195238095238095
343,"2clsA","NUC",10,"P",0,420,0
343,"2clsA","NUC",10,"S",4,420,0.00952380952380952
344,"2cn5A","NUC",10,"C",243,381,0.637795275590551
344,"2cn5A","NUC",10,"N",64,381,0.167979002624672
344,"2cn5A","NUC",10,"O",72,381,0.188976377952756
344,"2cn5A","NUC",10,"P",0,381,0
344,"2cn5A","NUC",10,"S",2,381,0.005249343832021
345,"2cnqA","NUC",10,"C",248,400,0.62
345,"2cnqA","NUC",10,"N",74,400,0.185
345,"2cnqA","NUC",10,"O",78,400,0.195
345,"2cnqA","NUC",10,"P",0,400,0
345,"2cnqA","NUC",10,"S",0,400,0
346,"2cnwD","NUC",10,"C",211,344,0.613372093023256
346,"2cnwD","NUC",10,"N",62,344,0.180232558139535
346,"2cnwD","NUC",10,"O",71,344,0.206395348837209
346,"2cnwD","NUC",10,"P",0,344,0
346,"2cnwD","NUC",10,"S",0,344,0
347,"2cxxA","NUC",10,"C",203,321,0.632398753894081
347,"2cxxA","NUC",10,"N",62,321,0.193146417445483
347,"2cxxA","NUC",10,"O",56,321,0.174454828660436
347,"2cxxA","NUC",10,"P",0,321,0
347,"2cxxA","NUC",10,"S",0,321,0
348,"2d0oC","NUC",10,"C",250,401,0.623441396508728
348,"2d0oC","NUC",10,"N",68,401,0.169576059850374
348,"2d0oC","NUC",10,"O",83,401,0.206982543640898
348,"2d0oC","NUC",10,"P",0,401,0
348,"2d0oC","NUC",10,"S",0,401,0
349,"2d32A","NUC",10,"C",266,427,0.622950819672131
349,"2d32A","NUC",10,"N",72,427,0.168618266978923
349,"2d32A","NUC",10,"O",86,427,0.201405152224824
349,"2d32A","NUC",10,"P",0,427,0
349,"2d32A","NUC",10,"S",3,427,0.00702576112412178
350,"2d3aA","NUC",10,"C",235,386,0.60880829015544
350,"2d3aA","NUC",10,"N",68,386,0.176165803108808
350,"2d3aA","NUC",10,"O",81,386,0.209844559585492
350,"2d3aA","NUC",10,"P",0,386,0
350,"2d3aA","NUC",10,"S",2,386,0.00518134715025907
351,"2db3E","NUC",10,"C",329,521,0.63147792706334
351,"2db3E","NUC",10,"N",92,521,0.17658349328215
351,"2db3E","NUC",10,"O",99,521,0.190019193857965
351,"2db3E","NUC",10,"P",0,521,0
351,"2db3E","NUC",10,"S",1,521,0.00191938579654511
352,"2dcnA","NUC",10,"C",255,408,0.625
352,"2dcnA","NUC",10,"N",67,408,0.16421568627451
352,"2dcnA","NUC",10,"O",84,408,0.205882352941176
352,"2dcnA","NUC",10,"P",0,408,0
352,"2dcnA","NUC",10,"S",2,408,0.00490196078431373
353,"2dejA","NUC",10,"C",262,414,0.632850241545894
353,"2dejA","NUC",10,"N",71,414,0.171497584541063
353,"2dejA","NUC",10,"O",80,414,0.193236714975845
353,"2dejA","NUC",10,"P",0,414,0
353,"2dejA","NUC",10,"S",1,414,0.00241545893719807
354,"2dhrA","NUC",10,"C",222,362,0.613259668508287
354,"2dhrA","NUC",10,"N",71,362,0.196132596685083
354,"2dhrA","NUC",10,"O",69,362,0.19060773480663
354,"2dhrA","NUC",10,"P",0,362,0
354,"2dhrA","NUC",10,"S",0,362,0
355,"2dr3E","NUC",10,"C",173,272,0.636029411764706
355,"2dr3E","NUC",10,"N",43,272,0.158088235294118
355,"2dr3E","NUC",10,"O",56,272,0.205882352941176
355,"2dr3E","NUC",10,"P",0,272,0
355,"2dr3E","NUC",10,"S",0,272,0
356,"2dvoA","NUC",10,"C",325,493,0.659229208924949
356,"2dvoA","NUC",10,"N",79,493,0.160243407707911
356,"2dvoA","NUC",10,"O",88,493,0.178498985801217
356,"2dvoA","NUC",10,"P",0,493,0
356,"2dvoA","NUC",10,"S",1,493,0.00202839756592292
357,"2dwcB","NUC",10,"C",233,377,0.618037135278515
357,"2dwcB","NUC",10,"N",68,377,0.180371352785146
357,"2dwcB","NUC",10,"O",75,377,0.19893899204244
357,"2dwcB","NUC",10,"P",0,377,0
357,"2dwcB","NUC",10,"S",1,377,0.0026525198938992
358,"2dyaB","NUC",10,"C",194,310,0.625806451612903
358,"2dyaB","NUC",10,"N",58,310,0.187096774193548
358,"2dyaB","NUC",10,"O",57,310,0.183870967741935
358,"2dyaB","NUC",10,"P",0,310,0
358,"2dyaB","NUC",10,"S",1,310,0.0032258064516129
359,"2dykB","NUC",10,"C",177,297,0.595959595959596
359,"2dykB","NUC",10,"N",63,297,0.212121212121212
359,"2dykB","NUC",10,"O",57,297,0.191919191919192
359,"2dykB","NUC",10,"P",0,297,0
359,"2dykB","NUC",10,"S",0,297,0
360,"2e21C","NUC",10,"C",298,476,0.626050420168067
360,"2e21C","NUC",10,"N",93,476,0.195378151260504
360,"2e21C","NUC",10,"O",84,476,0.176470588235294
360,"2e21C","NUC",10,"P",0,476,0
360,"2e21C","NUC",10,"S",1,476,0.00210084033613445
361,"2e2pA","NUC",10,"C",188,309,0.608414239482201
361,"2e2pA","NUC",10,"N",53,309,0.171521035598705
361,"2e2pA","NUC",10,"O",67,309,0.216828478964401
361,"2e2pA","NUC",10,"P",0,309,0
361,"2e2pA","NUC",10,"S",1,309,0.00323624595469256
362,"2e5yB","NUC",10,"C",172,283,0.607773851590106
362,"2e5yB","NUC",10,"N",60,283,0.212014134275618
362,"2e5yB","NUC",10,"O",51,283,0.180212014134276
362,"2e5yB","NUC",10,"P",0,283,0
362,"2e5yB","NUC",10,"S",0,283,0
363,"2e87A","NUC",10,"C",199,320,0.621875
363,"2e87A","NUC",10,"N",58,320,0.18125
363,"2e87A","NUC",10,"O",62,320,0.19375
363,"2e87A","NUC",10,"P",0,320,0
363,"2e87A","NUC",10,"S",1,320,0.003125
364,"2e9rC","NUC",10,"C",216,349,0.6189111747851
364,"2e9rC","NUC",10,"N",61,349,0.174785100286533
364,"2e9rC","NUC",10,"O",70,349,0.200573065902579
364,"2e9rC","NUC",10,"P",0,349,0
364,"2e9rC","NUC",10,"S",2,349,0.00573065902578797
365,"2efcB","NUC",10,"C",198,316,0.626582278481013
365,"2efcB","NUC",10,"N",54,316,0.170886075949367
365,"2efcB","NUC",10,"O",64,316,0.20253164556962
365,"2efcB","NUC",10,"P",0,316,0
365,"2efcB","NUC",10,"S",0,316,0
366,"2eg2A","NUC",10,"C",138,202,0.683168316831683
366,"2eg2A","NUC",10,"N",32,202,0.158415841584158
366,"2eg2A","NUC",10,"O",32,202,0.158415841584158
366,"2eg2A","NUC",10,"P",0,202,0
366,"2eg2A","NUC",10,"S",0,202,0
367,"2eryB","NUC",10,"C",224,357,0.627450980392157
367,"2eryB","NUC",10,"N",58,357,0.162464985994398
367,"2eryB","NUC",10,"O",74,357,0.207282913165266
367,"2eryB","NUC",10,"P",0,357,0
367,"2eryB","NUC",10,"S",1,357,0.00280112044817927
368,"2f02A","NUC",10,"C",230,374,0.614973262032086
368,"2f02A","NUC",10,"N",69,374,0.184491978609626
368,"2f02A","NUC",10,"O",75,374,0.200534759358289
368,"2f02A","NUC",10,"P",0,374,0
368,"2f02A","NUC",10,"S",0,374,0
369,"2fahA","NUC",10,"C",298,468,0.636752136752137
369,"2fahA","NUC",10,"N",87,468,0.185897435897436
369,"2fahA","NUC",10,"O",80,468,0.170940170940171
369,"2fahA","NUC",10,"P",0,468,0
369,"2fahA","NUC",10,"S",3,468,0.00641025641025641
370,"2faqA","NUC",10,"C",217,359,0.604456824512535
370,"2faqA","NUC",10,"N",73,359,0.203342618384401
370,"2faqA","NUC",10,"O",67,359,0.186629526462396
370,"2faqA","NUC",10,"P",0,359,0
370,"2faqA","NUC",10,"S",2,359,0.00557103064066852
371,"2fb3A","NUC",10,"C",293,472,0.620762711864407
371,"2fb3A","NUC",10,"N",87,472,0.184322033898305
371,"2fb3A","NUC",10,"O",87,472,0.184322033898305
371,"2fb3A","NUC",10,"P",0,472,0
371,"2fb3A","NUC",10,"S",5,472,0.010593220338983
372,"2ff7A","NUC",10,"C",167,258,0.647286821705426
372,"2ff7A","NUC",10,"N",40,258,0.155038759689922
372,"2ff7A","NUC",10,"O",50,258,0.193798449612403
372,"2ff7A","NUC",10,"P",0,258,0
372,"2ff7A","NUC",10,"S",1,258,0.00387596899224806
373,"2fh5B","NUC",10,"C",247,395,0.625316455696203
373,"2fh5B","NUC",10,"N",69,395,0.174683544303797
373,"2fh5B","NUC",10,"O",77,395,0.19493670886076
373,"2fh5B","NUC",10,"P",0,395,0
373,"2fh5B","NUC",10,"S",2,395,0.00506329113924051
374,"2fn4A","NUC",10,"C",217,342,0.634502923976608
374,"2fn4A","NUC",10,"N",58,342,0.169590643274854
374,"2fn4A","NUC",10,"O",67,342,0.195906432748538
374,"2fn4A","NUC",10,"P",0,342,0
374,"2fn4A","NUC",10,"S",0,342,0
375,"2fnaA","NUC",10,"C",290,449,0.645879732739421
375,"2fnaA","NUC",10,"N",77,449,0.171492204899777
375,"2fnaA","NUC",10,"O",82,449,0.182628062360802
375,"2fnaA","NUC",10,"P",0,449,0
375,"2fnaA","NUC",10,"S",0,449,0
376,"2fp4B","NUC",10,"C",244,398,0.613065326633166
376,"2fp4B","NUC",10,"N",74,398,0.185929648241206
376,"2fp4B","NUC",10,"O",79,398,0.198492462311558
376,"2fp4B","NUC",10,"P",0,398,0
376,"2fp4B","NUC",10,"S",1,398,0.00251256281407035
377,"2fsnB","NUC",10,"C",237,384,0.6171875
377,"2fsnB","NUC",10,"N",68,384,0.177083333333333
377,"2fsnB","NUC",10,"O",79,384,0.205729166666667
377,"2fsnB","NUC",10,"P",0,384,0
377,"2fsnB","NUC",10,"S",0,384,0
378,"2g2fA","NUC",10,"C",244,391,0.624040920716113
378,"2g2fA","NUC",10,"N",69,391,0.176470588235294
378,"2g2fA","NUC",10,"O",77,391,0.19693094629156
378,"2g2fA","NUC",10,"P",0,391,0
378,"2g2fA","NUC",10,"S",1,391,0.00255754475703325
379,"2g5iB","NUC",10,"C",229,361,0.634349030470914
379,"2g5iB","NUC",10,"N",59,361,0.163434903047091
379,"2g5iB","NUC",10,"O",72,361,0.199445983379501
379,"2g5iB","NUC",10,"P",0,361,0
379,"2g5iB","NUC",10,"S",1,361,0.00277008310249307
380,"2g77B","NUC",10,"C",210,349,0.601719197707736
380,"2g77B","NUC",10,"N",64,349,0.183381088825215
380,"2g77B","NUC",10,"O",73,349,0.209169054441261
380,"2g77B","NUC",10,"P",0,349,0
380,"2g77B","NUC",10,"S",2,349,0.00573065902578797
381,"2g88A","NUC",10,"C",204,316,0.645569620253165
381,"2g88A","NUC",10,"N",54,316,0.170886075949367
381,"2g88A","NUC",10,"O",57,316,0.180379746835443
381,"2g88A","NUC",10,"P",0,316,0
381,"2g88A","NUC",10,"S",1,316,0.00316455696202532
382,"2ga9B","NUC",10,"C",273,428,0.63785046728972
382,"2ga9B","NUC",10,"N",71,428,0.16588785046729
382,"2ga9B","NUC",10,"O",79,428,0.184579439252336
382,"2ga9B","NUC",10,"P",0,428,0
382,"2ga9B","NUC",10,"S",5,428,0.0116822429906542
383,"2gekA","NUC",10,"C",249,383,0.650130548302872
383,"2gekA","NUC",10,"N",65,383,0.169712793733681
383,"2gekA","NUC",10,"O",68,383,0.177545691906005
383,"2gekA","NUC",10,"P",0,383,0
383,"2gekA","NUC",10,"S",1,383,0.00261096605744125
384,"2gf0B","NUC",10,"C",211,347,0.60806916426513
384,"2gf0B","NUC",10,"N",64,347,0.184438040345821
384,"2gf0B","NUC",10,"O",70,347,0.201729106628242
384,"2gf0B","NUC",10,"P",0,347,0
384,"2gf0B","NUC",10,"S",2,347,0.00576368876080692
385,"2gjaA","NUC",10,"C",219,359,0.610027855153203
385,"2gjaA","NUC",10,"N",64,359,0.178272980501393
385,"2gjaA","NUC",10,"O",75,359,0.20891364902507
385,"2gjaA","NUC",10,"P",0,359,0
385,"2gjaA","NUC",10,"S",1,359,0.00278551532033426
386,"2gjkA","NUC",10,"C",276,458,0.602620087336245
386,"2gjkA","NUC",10,"N",86,458,0.187772925764192
386,"2gjkA","NUC",10,"O",95,458,0.207423580786026
386,"2gjkA","NUC",10,"P",0,458,0
386,"2gjkA","NUC",10,"S",1,458,0.00218340611353712
387,"2gksB","NUC",10,"C",288,444,0.648648648648649
387,"2gksB","NUC",10,"N",80,444,0.18018018018018
387,"2gksB","NUC",10,"O",72,444,0.162162162162162
387,"2gksB","NUC",10,"P",0,444,0
387,"2gksB","NUC",10,"S",4,444,0.00900900900900901
388,"2gm1A","NUC",10,"C",189,325,0.581538461538462
388,"2gm1A","NUC",10,"N",61,325,0.187692307692308
388,"2gm1A","NUC",10,"O",73,325,0.224615384615385
388,"2gm1A","NUC",10,"P",0,325,0
388,"2gm1A","NUC",10,"S",2,325,0.00615384615384615
389,"2grjA","NUC",10,"C",182,297,0.612794612794613
389,"2grjA","NUC",10,"N",54,297,0.181818181818182
389,"2grjA","NUC",10,"O",60,297,0.202020202020202
389,"2grjA","NUC",10,"P",0,297,0
389,"2grjA","NUC",10,"S",1,297,0.00336700336700337
390,"2gryA","NUC",10,"C",185,318,0.581761006289308
390,"2gryA","NUC",10,"N",64,318,0.20125786163522
390,"2gryA","NUC",10,"O",68,318,0.213836477987421
390,"2gryA","NUC",10,"P",0,318,0
390,"2gryA","NUC",10,"S",1,318,0.00314465408805031
391,"2gvzB","NUC",10,"C",143,225,0.635555555555556
391,"2gvzB","NUC",10,"N",40,225,0.177777777777778
391,"2gvzB","NUC",10,"O",41,225,0.182222222222222
391,"2gvzB","NUC",10,"P",0,225,0
391,"2gvzB","NUC",10,"S",1,225,0.00444444444444444
392,"2gxaG","NUC",10,"C",179,298,0.600671140939597
392,"2gxaG","NUC",10,"N",49,298,0.164429530201342
392,"2gxaG","NUC",10,"O",67,298,0.224832214765101
392,"2gxaG","NUC",10,"P",0,298,0
392,"2gxaG","NUC",10,"S",3,298,0.0100671140939597
393,"2h1fA","NUC",10,"C",224,342,0.654970760233918
393,"2h1fA","NUC",10,"N",62,342,0.181286549707602
393,"2h1fA","NUC",10,"O",54,342,0.157894736842105
393,"2h1fA","NUC",10,"P",0,342,0
393,"2h1fA","NUC",10,"S",2,342,0.00584795321637427
394,"2h57B","NUC",10,"C",250,406,0.61576354679803
394,"2h57B","NUC",10,"N",71,406,0.17487684729064
394,"2h57B","NUC",10,"O",82,406,0.201970443349754
394,"2h57B","NUC",10,"P",0,406,0
394,"2h57B","NUC",10,"S",3,406,0.00738916256157635
395,"2h5eA","NUC",10,"C",188,311,0.604501607717042
395,"2h5eA","NUC",10,"N",61,311,0.196141479099678
395,"2h5eA","NUC",10,"O",62,311,0.19935691318328
395,"2h5eA","NUC",10,"P",0,311,0
395,"2h5eA","NUC",10,"S",0,311,0
396,"2hcbD","NUC",10,"C",252,396,0.636363636363636
396,"2hcbD","NUC",10,"N",68,396,0.171717171717172
396,"2hcbD","NUC",10,"O",76,396,0.191919191919192
396,"2hcbD","NUC",10,"P",0,396,0
396,"2hcbD","NUC",10,"S",0,396,0
397,"2hf9A","NUC",10,"C",229,362,0.632596685082873
397,"2hf9A","NUC",10,"N",64,362,0.176795580110497
397,"2hf9A","NUC",10,"O",67,362,0.185082872928177
397,"2hf9A","NUC",10,"P",0,362,0
397,"2hf9A","NUC",10,"S",2,362,0.00552486187845304
398,"2hixA","NUC",10,"C",243,378,0.642857142857143
398,"2hixA","NUC",10,"N",72,378,0.19047619047619
398,"2hixA","NUC",10,"O",60,378,0.158730158730159
398,"2hixA","NUC",10,"P",0,378,0
398,"2hixA","NUC",10,"S",3,378,0.00793650793650794
399,"2hldK","NUC",10,"C",201,323,0.622291021671827
399,"2hldK","NUC",10,"N",58,323,0.179566563467492
399,"2hldK","NUC",10,"O",64,323,0.198142414860681
399,"2hldK","NUC",10,"P",0,323,0
399,"2hldK","NUC",10,"S",0,323,0
400,"2hryA","NUC",10,"C",291,486,0.598765432098765
400,"2hryA","NUC",10,"N",87,486,0.179012345679012
400,"2hryA","NUC",10,"O",100,486,0.205761316872428
400,"2hryA","NUC",10,"P",0,486,0
400,"2hryA","NUC",10,"S",8,486,0.0164609053497942
401,"2hs4A","NUC",10,"C",297,508,0.584645669291339
401,"2hs4A","NUC",10,"N",93,508,0.183070866141732
401,"2hs4A","NUC",10,"O",111,508,0.218503937007874
401,"2hs4A","NUC",10,"P",0,508,0
401,"2hs4A","NUC",10,"S",7,508,0.0137795275590551
402,"2hupA","NUC",10,"C",182,296,0.614864864864865
402,"2hupA","NUC",10,"N",53,296,0.179054054054054
402,"2hupA","NUC",10,"O",60,296,0.202702702702703
402,"2hupA","NUC",10,"P",0,296,0
402,"2hupA","NUC",10,"S",1,296,0.00337837837837838
403,"2hv7B","NUC",10,"C",168,273,0.615384615384615
403,"2hv7B","NUC",10,"N",48,273,0.175824175824176
403,"2hv7B","NUC",10,"O",56,273,0.205128205128205
403,"2hv7B","NUC",10,"P",0,273,0
403,"2hv7B","NUC",10,"S",1,273,0.00366300366300366
404,"2hvwA","NUC",10,"C",148,249,0.594377510040161
404,"2hvwA","NUC",10,"N",46,249,0.184738955823293
404,"2hvwA","NUC",10,"O",54,249,0.216867469879518
404,"2hvwA","NUC",10,"P",0,249,0
404,"2hvwA","NUC",10,"S",1,249,0.00401606425702811
405,"2hw1A","NUC",10,"C",276,445,0.620224719101124
405,"2hw1A","NUC",10,"N",78,445,0.175280898876404
405,"2hw1A","NUC",10,"O",88,445,0.197752808988764
405,"2hw1A","NUC",10,"P",0,445,0
405,"2hw1A","NUC",10,"S",3,445,0.00674157303370787
406,"2hyiE","NUC",10,"C",292,454,0.643171806167401
406,"2hyiE","NUC",10,"N",82,454,0.180616740088106
406,"2hyiE","NUC",10,"O",79,454,0.174008810572687
406,"2hyiE","NUC",10,"P",0,454,0
406,"2hyiE","NUC",10,"S",1,454,0.00220264317180617
407,"2i4oA","NUC",10,"C",280,434,0.645161290322581
407,"2i4oA","NUC",10,"N",71,434,0.163594470046083
407,"2i4oA","NUC",10,"O",81,434,0.186635944700461
407,"2i4oA","NUC",10,"P",0,434,0
407,"2i4oA","NUC",10,"S",2,434,0.00460829493087558
408,"2i5bA","NUC",10,"C",258,408,0.63235294117647
408,"2i5bA","NUC",10,"N",70,408,0.17156862745098
408,"2i5bA","NUC",10,"O",77,408,0.188725490196078
408,"2i5bA","NUC",10,"P",0,408,0
408,"2i5bA","NUC",10,"S",3,408,0.00735294117647059
409,"2icxB","NUC",10,"C",251,406,0.618226600985222
409,"2icxB","NUC",10,"N",69,406,0.169950738916256
409,"2icxB","NUC",10,"O",83,406,0.204433497536946
409,"2icxB","NUC",10,"P",0,406,0
409,"2icxB","NUC",10,"S",3,406,0.00738916256157635
410,"2idvA","NUC",10,"C",191,299,0.638795986622074
410,"2idvA","NUC",10,"N",59,299,0.197324414715719
410,"2idvA","NUC",10,"O",49,299,0.163879598662207
410,"2idvA","NUC",10,"P",0,299,0
410,"2idvA","NUC",10,"S",0,299,0
411,"2if8A","NUC",10,"C",245,369,0.663956639566396
411,"2if8A","NUC",10,"N",59,369,0.159891598915989
411,"2if8A","NUC",10,"O",64,369,0.173441734417344
411,"2if8A","NUC",10,"P",0,369,0
411,"2if8A","NUC",10,"S",1,369,0.002710027100271
412,"2ijmB","NUC",10,"C",242,388,0.623711340206186
412,"2ijmB","NUC",10,"N",67,388,0.172680412371134
412,"2ijmB","NUC",10,"O",74,388,0.190721649484536
412,"2ijmB","NUC",10,"P",0,388,0
412,"2ijmB","NUC",10,"S",5,388,0.0128865979381443
413,"2imwC","NUC",10,"C",208,320,0.65
413,"2imwC","NUC",10,"N",53,320,0.165625
413,"2imwC","NUC",10,"O",57,320,0.178125
413,"2imwC","NUC",10,"P",0,320,0
413,"2imwC","NUC",10,"S",2,320,0.00625
414,"2iopA","NUC",10,"C",222,353,0.628895184135977
414,"2iopA","NUC",10,"N",61,353,0.172804532577904
414,"2iopA","NUC",10,"O",69,353,0.195467422096317
414,"2iopA","NUC",10,"P",0,353,0
414,"2iopA","NUC",10,"S",1,353,0.0028328611898017
415,"2iryA","NUC",10,"C",206,337,0.611275964391691
415,"2iryA","NUC",10,"N",63,337,0.186943620178042
415,"2iryA","NUC",10,"O",68,337,0.201780415430267
415,"2iryA","NUC",10,"P",0,337,0
415,"2iryA","NUC",10,"S",0,337,0
416,"2is6C","NUC",10,"C",228,378,0.603174603174603
416,"2is6C","NUC",10,"N",75,378,0.198412698412698
416,"2is6C","NUC",10,"O",73,378,0.193121693121693
416,"2is6C","NUC",10,"P",0,378,0
416,"2is6C","NUC",10,"S",2,378,0.00529100529100529
417,"2itxA","NUC",10,"C",239,379,0.630606860158311
417,"2itxA","NUC",10,"N",65,379,0.171503957783641
417,"2itxA","NUC",10,"O",71,379,0.187335092348285
417,"2itxA","NUC",10,"P",0,379,0
417,"2itxA","NUC",10,"S",4,379,0.0105540897097625
418,"2iutA","NUC",10,"C",198,319,0.620689655172414
418,"2iutA","NUC",10,"N",56,319,0.175548589341693
418,"2iutA","NUC",10,"O",63,319,0.197492163009404
418,"2iutA","NUC",10,"P",0,319,0
418,"2iutA","NUC",10,"S",2,319,0.00626959247648903
419,"2ivpA","NUC",10,"C",303,477,0.635220125786163
419,"2ivpA","NUC",10,"N",88,477,0.184486373165618
419,"2ivpA","NUC",10,"O",83,477,0.174004192872117
419,"2ivpA","NUC",10,"P",0,477,0
419,"2ivpA","NUC",10,"S",3,477,0.00628930817610063
420,"2ixfB","NUC",10,"C",168,263,0.638783269961977
420,"2ixfB","NUC",10,"N",46,263,0.174904942965779
420,"2ixfB","NUC",10,"O",49,263,0.186311787072243
420,"2ixfB","NUC",10,"P",0,263,0
420,"2ixfB","NUC",10,"S",0,263,0
421,"2iyvA","NUC",10,"C",181,291,0.621993127147766
421,"2iyvA","NUC",10,"N",58,291,0.199312714776632
421,"2iyvA","NUC",10,"O",52,291,0.178694158075601
421,"2iyvA","NUC",10,"P",0,291,0
421,"2iyvA","NUC",10,"S",0,291,0
422,"2j0vB","NUC",10,"C",224,349,0.641833810888252
422,"2j0vB","NUC",10,"N",54,349,0.154727793696275
422,"2j0vB","NUC",10,"O",67,349,0.191977077363897
422,"2j0vB","NUC",10,"P",0,349,0
422,"2j0vB","NUC",10,"S",4,349,0.0114613180515759
423,"2j0wA","NUC",10,"C",255,413,0.617433414043584
423,"2j0wA","NUC",10,"N",73,413,0.176755447941889
423,"2j0wA","NUC",10,"O",84,413,0.203389830508475
423,"2j0wA","NUC",10,"P",0,413,0
423,"2j0wA","NUC",10,"S",1,413,0.00242130750605327
424,"2j1lA","NUC",10,"C",166,272,0.610294117647059
424,"2j1lA","NUC",10,"N",47,272,0.172794117647059
424,"2j1lA","NUC",10,"O",54,272,0.198529411764706
424,"2j1lA","NUC",10,"P",0,272,0
424,"2j1lA","NUC",10,"S",5,272,0.0183823529411765
425,"2j3eA","NUC",10,"C",216,350,0.617142857142857
425,"2j3eA","NUC",10,"N",67,350,0.191428571428571
425,"2j3eA","NUC",10,"O",66,350,0.188571428571429
425,"2j3eA","NUC",10,"P",0,350,0
425,"2j3eA","NUC",10,"S",1,350,0.00285714285714286
426,"2j3mB","NUC",10,"C",303,471,0.643312101910828
426,"2j3mB","NUC",10,"N",78,471,0.165605095541401
426,"2j3mB","NUC",10,"O",86,471,0.182590233545648
426,"2j3mB","NUC",10,"P",0,471,0
426,"2j3mB","NUC",10,"S",4,471,0.00849256900212314
427,"2j4eB","NUC",10,"C",303,463,0.654427645788337
427,"2j4eB","NUC",10,"N",77,463,0.166306695464363
427,"2j4eB","NUC",10,"O",80,463,0.172786177105832
427,"2j4eB","NUC",10,"P",0,463,0
427,"2j4eB","NUC",10,"S",3,463,0.00647948164146868
428,"2j4lF","NUC",10,"C",278,441,0.630385487528345
428,"2j4lF","NUC",10,"N",81,441,0.183673469387755
428,"2j4lF","NUC",10,"O",82,441,0.1859410430839
428,"2j4lF","NUC",10,"P",0,441,0
428,"2j4lF","NUC",10,"S",0,441,0
429,"2j4lH","NUC",10,"C",270,428,0.630841121495327
429,"2j4lH","NUC",10,"N",79,428,0.184579439252336
429,"2j4lH","NUC",10,"O",79,428,0.184579439252336
429,"2j4lH","NUC",10,"P",0,428,0
429,"2j4lH","NUC",10,"S",0,428,0
430,"2j87D","NUC",10,"C",273,430,0.634883720930233
430,"2j87D","NUC",10,"N",70,430,0.162790697674419
430,"2j87D","NUC",10,"O",85,430,0.197674418604651
430,"2j87D","NUC",10,"P",0,430,0
430,"2j87D","NUC",10,"S",2,430,0.00465116279069767
431,"2j9eB","NUC",10,"C",143,222,0.644144144144144
431,"2j9eB","NUC",10,"N",42,222,0.189189189189189
431,"2j9eB","NUC",10,"O",37,222,0.166666666666667
431,"2j9eB","NUC",10,"P",0,222,0
431,"2j9eB","NUC",10,"S",0,222,0
432,"2j9lC","NUC",10,"C",211,310,0.680645161290323
432,"2j9lC","NUC",10,"N",53,310,0.170967741935484
432,"2j9lC","NUC",10,"O",45,310,0.145161290322581
432,"2j9lC","NUC",10,"P",0,310,0
432,"2j9lC","NUC",10,"S",1,310,0.0032258064516129
433,"2ja1A","NUC",10,"C",223,356,0.626404494382023
433,"2ja1A","NUC",10,"N",61,356,0.171348314606742
433,"2ja1A","NUC",10,"O",70,356,0.196629213483146
433,"2ja1A","NUC",10,"P",0,356,0
433,"2ja1A","NUC",10,"S",2,356,0.00561797752808989
434,"2jasC","NUC",10,"C",339,516,0.656976744186046
434,"2jasC","NUC",10,"N",88,516,0.170542635658915
434,"2jasC","NUC",10,"O",86,516,0.166666666666667
434,"2jasC","NUC",10,"P",0,516,0
434,"2jasC","NUC",10,"S",3,516,0.00581395348837209
435,"2jfgA","NUC",10,"C",278,451,0.616407982261641
435,"2jfgA","NUC",10,"N",81,451,0.17960088691796
435,"2jfgA","NUC",10,"O",92,451,0.203991130820399
435,"2jfgA","NUC",10,"P",0,451,0
435,"2jfgA","NUC",10,"S",0,451,0
436,"2jg1A","NUC",10,"C",239,392,0.60969387755102
436,"2jg1A","NUC",10,"N",73,392,0.186224489795918
436,"2jg1A","NUC",10,"O",80,392,0.204081632653061
436,"2jg1A","NUC",10,"P",0,392,0
436,"2jg1A","NUC",10,"S",0,392,0
437,"2jgbA","NUC",10,"C",242,389,0.622107969151671
437,"2jgbA","NUC",10,"N",74,389,0.190231362467866
437,"2jgbA","NUC",10,"O",71,389,0.182519280205656
437,"2jgbA","NUC",10,"P",0,389,0
437,"2jgbA","NUC",10,"S",2,389,0.0051413881748072
438,"2jibA","NUC",10,"C",300,474,0.632911392405063
438,"2jibA","NUC",10,"N",82,474,0.172995780590717
438,"2jibA","NUC",10,"O",85,474,0.179324894514768
438,"2jibA","NUC",10,"P",0,474,0
438,"2jibA","NUC",10,"S",7,474,0.0147679324894515
439,"2jjxB","NUC",10,"C",108,178,0.606741573033708
439,"2jjxB","NUC",10,"N",38,178,0.213483146067416
439,"2jjxB","NUC",10,"O",31,178,0.174157303370787
439,"2jjxB","NUC",10,"P",0,178,0
439,"2jjxB","NUC",10,"S",1,178,0.00561797752808989
440,"2jkiB","NUC",10,"C",245,384,0.638020833333333
440,"2jkiB","NUC",10,"N",66,384,0.171875
440,"2jkiB","NUC",10,"O",71,384,0.184895833333333
440,"2jkiB","NUC",10,"P",0,384,0
440,"2jkiB","NUC",10,"S",2,384,0.00520833333333333
441,"2jlgC","NUC",10,"C",250,417,0.599520383693046
441,"2jlgC","NUC",10,"N",80,417,0.191846522781775
441,"2jlgC","NUC",10,"O",84,417,0.201438848920863
441,"2jlgC","NUC",10,"P",0,417,0
441,"2jlgC","NUC",10,"S",3,417,0.00719424460431655
442,"2jlxB","NUC",10,"C",215,365,0.589041095890411
442,"2jlxB","NUC",10,"N",75,365,0.205479452054795
442,"2jlxB","NUC",10,"O",71,365,0.194520547945205
442,"2jlxB","NUC",10,"P",0,365,0
442,"2jlxB","NUC",10,"S",4,365,0.010958904109589
443,"2kmxA","NUC",10,"C",205,309,0.663430420711974
443,"2kmxA","NUC",10,"N",50,309,0.161812297734628
443,"2kmxA","NUC",10,"O",51,309,0.16504854368932
443,"2kmxA","NUC",10,"P",0,309,0
443,"2kmxA","NUC",10,"S",3,309,0.00970873786407767
444,"2ksqA","NUC",10,"C",241,380,0.63421052631579
444,"2ksqA","NUC",10,"N",66,380,0.173684210526316
444,"2ksqA","NUC",10,"O",71,380,0.186842105263158
444,"2ksqA","NUC",10,"P",0,380,0
444,"2ksqA","NUC",10,"S",2,380,0.00526315789473684
445,"2lkdA","NUC",10,"C",174,276,0.630434782608696
445,"2lkdA","NUC",10,"N",48,276,0.173913043478261
445,"2lkdA","NUC",10,"O",53,276,0.192028985507246
445,"2lkdA","NUC",10,"P",0,276,0
445,"2lkdA","NUC",10,"S",1,276,0.0036231884057971
446,"2mjpA","NUC",10,"C",244,369,0.661246612466125
446,"2mjpA","NUC",10,"N",62,369,0.168021680216802
446,"2mjpA","NUC",10,"O",63,369,0.170731707317073
446,"2mjpA","NUC",10,"P",0,369,0
446,"2mjpA","NUC",10,"S",0,369,0
447,"2mscC","NUC",10,"C",216,347,0.622478386167147
447,"2mscC","NUC",10,"N",59,347,0.170028818443804
447,"2mscC","NUC",10,"O",71,347,0.204610951008646
447,"2mscC","NUC",10,"P",0,347,0
447,"2mscC","NUC",10,"S",1,347,0.00288184438040346
448,"2nmvB","NUC",10,"C",214,337,0.635014836795252
448,"2nmvB","NUC",10,"N",58,337,0.172106824925816
448,"2nmvB","NUC",10,"O",65,337,0.192878338278932
448,"2nmvB","NUC",10,"P",0,337,0
448,"2nmvB","NUC",10,"S",0,337,0
449,"2no0A","NUC",10,"C",216,341,0.633431085043988
449,"2no0A","NUC",10,"N",62,341,0.181818181818182
449,"2no0A","NUC",10,"O",62,341,0.181818181818182
449,"2no0A","NUC",10,"P",0,341,0
449,"2no0A","NUC",10,"S",1,341,0.00293255131964809
450,"2npfB","NUC",10,"C",175,280,0.625
450,"2npfB","NUC",10,"N",53,280,0.189285714285714
450,"2npfB","NUC",10,"O",52,280,0.185714285714286
450,"2npfB","NUC",10,"P",0,280,0
450,"2npfB","NUC",10,"S",0,280,0
451,"2ns1B","NUC",10,"C",153,228,0.671052631578947
451,"2ns1B","NUC",10,"N",40,228,0.175438596491228
451,"2ns1B","NUC",10,"O",35,228,0.153508771929825
451,"2ns1B","NUC",10,"P",0,228,0
451,"2ns1B","NUC",10,"S",0,228,0
452,"2nt8A","NUC",10,"C",168,263,0.638783269961977
452,"2nt8A","NUC",10,"N",44,263,0.167300380228137
452,"2nt8A","NUC",10,"O",51,263,0.193916349809886
452,"2nt8A","NUC",10,"P",0,263,0
452,"2nt8A","NUC",10,"S",0,263,0
453,"2nunA","NUC",10,"C",246,390,0.630769230769231
453,"2nunA","NUC",10,"N",71,390,0.182051282051282
453,"2nunA","NUC",10,"O",69,390,0.176923076923077
453,"2nunA","NUC",10,"P",0,390,0
453,"2nunA","NUC",10,"S",4,390,0.0102564102564103
454,"2nzjC","NUC",10,"C",173,276,0.626811594202899
454,"2nzjC","NUC",10,"N",45,276,0.16304347826087
454,"2nzjC","NUC",10,"O",57,276,0.206521739130435
454,"2nzjC","NUC",10,"P",0,276,0
454,"2nzjC","NUC",10,"S",1,276,0.0036231884057971
455,"2o08B","NUC",10,"C",273,430,0.634883720930233
455,"2o08B","NUC",10,"N",78,430,0.181395348837209
455,"2o08B","NUC",10,"O",79,430,0.183720930232558
455,"2o08B","NUC",10,"P",0,430,0
455,"2o08B","NUC",10,"S",0,430,0
456,"2o8cD","NUC",10,"C",171,275,0.621818181818182
456,"2o8cD","NUC",10,"N",49,275,0.178181818181818
456,"2o8cD","NUC",10,"O",51,275,0.185454545454545
456,"2o8cD","NUC",10,"P",0,275,0
456,"2o8cD","NUC",10,"S",4,275,0.0145454545454545
457,"2oapB","NUC",10,"C",264,452,0.584070796460177
457,"2oapB","NUC",10,"N",89,452,0.196902654867257
457,"2oapB","NUC",10,"O",99,452,0.219026548672566
457,"2oapB","NUC",10,"P",0,452,0
457,"2oapB","NUC",10,"S",0,452,0
458,"2obmA","NUC",10,"C",171,273,0.626373626373626
458,"2obmA","NUC",10,"N",49,273,0.17948717948718
458,"2obmA","NUC",10,"O",52,273,0.19047619047619
458,"2obmA","NUC",10,"P",0,273,0
458,"2obmA","NUC",10,"S",1,273,0.00366300366300366
459,"2ocpA","NUC",10,"C",328,509,0.644400785854617
459,"2ocpA","NUC",10,"N",89,509,0.174852652259332
459,"2ocpA","NUC",10,"O",90,509,0.176817288801572
459,"2ocpA","NUC",10,"P",0,509,0
459,"2ocpA","NUC",10,"S",2,509,0.00392927308447937
460,"2ogiB","NUC",10,"C",253,403,0.627791563275434
460,"2ogiB","NUC",10,"N",75,403,0.186104218362283
460,"2ogiB","NUC",10,"O",75,403,0.186104218362283
460,"2ogiB","NUC",10,"P",0,403,0
460,"2ogiB","NUC",10,"S",0,403,0
461,"2oidB","NUC",10,"C",266,406,0.655172413793103
461,"2oidB","NUC",10,"N",67,406,0.165024630541872
461,"2oidB","NUC",10,"O",71,406,0.17487684729064
461,"2oidB","NUC",10,"P",0,406,0
461,"2oidB","NUC",10,"S",2,406,0.00492610837438424
462,"2oilA","NUC",10,"C",205,337,0.608308605341246
462,"2oilA","NUC",10,"N",60,337,0.178041543026706
462,"2oilA","NUC",10,"O",72,337,0.213649851632047
462,"2oilA","NUC",10,"P",0,337,0
462,"2oilA","NUC",10,"S",0,337,0
463,"2ojwC","NUC",10,"C",246,393,0.625954198473282
463,"2ojwC","NUC",10,"N",71,393,0.180661577608142
463,"2ojwC","NUC",10,"O",70,393,0.178117048346056
463,"2ojwC","NUC",10,"P",0,393,0
463,"2ojwC","NUC",10,"S",6,393,0.0152671755725191
464,"2ooyF","NUC",10,"C",285,439,0.649202733485194
464,"2ooyF","NUC",10,"N",78,439,0.177676537585421
464,"2ooyF","NUC",10,"O",74,439,0.168564920273349
464,"2ooyF","NUC",10,"P",0,439,0
464,"2ooyF","NUC",10,"S",2,439,0.00455580865603645
465,"2owmC","NUC",10,"C",219,363,0.603305785123967
465,"2owmC","NUC",10,"N",69,363,0.190082644628099
465,"2owmC","NUC",10,"O",73,363,0.201101928374656
465,"2owmC","NUC",10,"P",0,363,0
465,"2owmC","NUC",10,"S",2,363,0.00550964187327824
466,"2oxcA","NUC",10,"C",188,286,0.657342657342657
466,"2oxcA","NUC",10,"N",45,286,0.157342657342657
466,"2oxcA","NUC",10,"O",52,286,0.181818181818182
466,"2oxcA","NUC",10,"P",0,286,0
466,"2oxcA","NUC",10,"S",1,286,0.0034965034965035
467,"2ozeA","NUC",10,"C",242,386,0.626943005181347
467,"2ozeA","NUC",10,"N",67,386,0.173575129533679
467,"2ozeA","NUC",10,"O",75,386,0.194300518134715
467,"2ozeA","NUC",10,"P",0,386,0
467,"2ozeA","NUC",10,"S",2,386,0.00518134715025907
468,"2p09A","NUC",10,"C",148,245,0.604081632653061
468,"2p09A","NUC",10,"N",49,245,0.2
468,"2p09A","NUC",10,"O",44,245,0.179591836734694
468,"2p09A","NUC",10,"P",0,245,0
468,"2p09A","NUC",10,"S",4,245,0.0163265306122449
469,"2p5sB","NUC",10,"C",201,325,0.618461538461539
469,"2p5sB","NUC",10,"N",57,325,0.175384615384615
469,"2p5sB","NUC",10,"O",66,325,0.203076923076923
469,"2p5sB","NUC",10,"P",0,325,0
469,"2p5sB","NUC",10,"S",1,325,0.00307692307692308
470,"2p9kA","NUC",10,"C",282,459,0.61437908496732
470,"2p9kA","NUC",10,"N",85,459,0.185185185185185
470,"2p9kA","NUC",10,"O",90,459,0.196078431372549
470,"2p9kA","NUC",10,"P",0,459,0
470,"2p9kA","NUC",10,"S",2,459,0.00435729847494553
471,"2pbzA","NUC",10,"C",263,415,0.633734939759036
471,"2pbzA","NUC",10,"N",75,415,0.180722891566265
471,"2pbzA","NUC",10,"O",77,415,0.185542168674699
471,"2pbzA","NUC",10,"P",0,415,0
471,"2pbzA","NUC",10,"S",0,415,0
472,"2pc9B","NUC",10,"C",294,465,0.632258064516129
472,"2pc9B","NUC",10,"N",86,465,0.18494623655914
472,"2pc9B","NUC",10,"O",83,465,0.178494623655914
472,"2pc9B","NUC",10,"P",0,465,0
472,"2pc9B","NUC",10,"S",2,465,0.0043010752688172
473,"2peyB","NUC",10,"C",174,290,0.6
473,"2peyB","NUC",10,"N",49,290,0.168965517241379
473,"2peyB","NUC",10,"O",63,290,0.217241379310345
473,"2peyB","NUC",10,"P",0,290,0
473,"2peyB","NUC",10,"S",4,290,0.0137931034482759
474,"2phnB","NUC",10,"C",242,383,0.631853785900783
474,"2phnB","NUC",10,"N",63,383,0.164490861618799
474,"2phnB","NUC",10,"O",76,383,0.198433420365535
474,"2phnB","NUC",10,"P",0,383,0
474,"2phnB","NUC",10,"S",2,383,0.00522193211488251
475,"2pknA","NUC",10,"C",252,395,0.637974683544304
475,"2pknA","NUC",10,"N",67,395,0.169620253164557
475,"2pknA","NUC",10,"O",76,395,0.192405063291139
475,"2pknA","NUC",10,"P",0,395,0
475,"2pknA","NUC",10,"S",0,395,0
476,"2pmdA","NUC",10,"C",220,349,0.630372492836676
476,"2pmdA","NUC",10,"N",65,349,0.186246418338109
476,"2pmdA","NUC",10,"O",64,349,0.183381088825215
476,"2pmdA","NUC",10,"P",0,349,0
476,"2pmdA","NUC",10,"S",0,349,0
477,"2pmlA","NUC",10,"C",266,420,0.633333333333333
477,"2pmlA","NUC",10,"N",72,420,0.171428571428571
477,"2pmlA","NUC",10,"O",81,420,0.192857142857143
477,"2pmlA","NUC",10,"P",0,420,0
477,"2pmlA","NUC",10,"S",1,420,0.00238095238095238
478,"2po0A","NUC",10,"C",214,361,0.592797783933518
478,"2po0A","NUC",10,"N",70,361,0.193905817174515
478,"2po0A","NUC",10,"O",75,361,0.207756232686981
478,"2po0A","NUC",10,"P",0,361,0
478,"2po0A","NUC",10,"S",2,361,0.00554016620498615
479,"2pulA","NUC",10,"C",280,437,0.640732265446224
479,"2pulA","NUC",10,"N",78,437,0.178489702517162
479,"2pulA","NUC",10,"O",78,437,0.178489702517162
479,"2pulA","NUC",10,"P",0,437,0
479,"2pulA","NUC",10,"S",1,437,0.0022883295194508
480,"2pyjH","NUC",10,"C",223,360,0.619444444444444
480,"2pyjH","NUC",10,"N",60,360,0.166666666666667
480,"2pyjH","NUC",10,"O",76,360,0.211111111111111
480,"2pyjH","NUC",10,"P",0,360,0
480,"2pyjH","NUC",10,"S",1,360,0.00277777777777778
481,"2pywA","NUC",10,"C",285,450,0.633333333333333
481,"2pywA","NUC",10,"N",83,450,0.184444444444444
481,"2pywA","NUC",10,"O",79,450,0.175555555555556
481,"2pywA","NUC",10,"P",0,450,0
481,"2pywA","NUC",10,"S",3,450,0.00666666666666667
482,"2q0eA","NUC",10,"C",299,477,0.626834381551363
482,"2q0eA","NUC",10,"N",87,477,0.182389937106918
482,"2q0eA","NUC",10,"O",89,477,0.186582809224319
482,"2q0eA","NUC",10,"P",0,477,0
482,"2q0eA","NUC",10,"S",2,477,0.00419287211740042
483,"2q16A","NUC",10,"C",311,487,0.638603696098563
483,"2q16A","NUC",10,"N",89,487,0.182751540041068
483,"2q16A","NUC",10,"O",86,487,0.176591375770021
483,"2q16A","NUC",10,"P",0,487,0
483,"2q16A","NUC",10,"S",1,487,0.00205338809034908
484,"2q28A","NUC",10,"C",309,484,0.638429752066116
484,"2q28A","NUC",10,"N",83,484,0.171487603305785
484,"2q28A","NUC",10,"O",89,484,0.183884297520661
484,"2q28A","NUC",10,"P",0,484,0
484,"2q28A","NUC",10,"S",3,484,0.00619834710743802
485,"2q2rA","NUC",10,"C",215,356,0.603932584269663
485,"2q2rA","NUC",10,"N",66,356,0.185393258426966
485,"2q2rA","NUC",10,"O",74,356,0.207865168539326
485,"2q2rA","NUC",10,"P",0,356,0
485,"2q2rA","NUC",10,"S",1,356,0.00280898876404494
486,"2q2tD","NUC",10,"C",264,394,0.67005076142132
486,"2q2tD","NUC",10,"N",66,394,0.16751269035533
486,"2q2tD","NUC",10,"O",61,394,0.154822335025381
486,"2q2tD","NUC",10,"P",0,394,0
486,"2q2tD","NUC",10,"S",3,394,0.00761421319796954
487,"2q3hA","NUC",10,"C",182,296,0.614864864864865
487,"2q3hA","NUC",10,"N",51,296,0.172297297297297
487,"2q3hA","NUC",10,"O",61,296,0.206081081081081
487,"2q3hA","NUC",10,"P",0,296,0
487,"2q3hA","NUC",10,"S",2,296,0.00675675675675676
488,"2qbyC","NUC",10,"C",284,444,0.63963963963964
488,"2qbyC","NUC",10,"N",80,444,0.18018018018018
488,"2qbyC","NUC",10,"O",80,444,0.18018018018018
488,"2qbyC","NUC",10,"P",0,444,0
488,"2qbyC","NUC",10,"S",0,444,0
489,"2qbyD","NUC",10,"C",290,437,0.663615560640732
489,"2qbyD","NUC",10,"N",71,437,0.162471395881007
489,"2qbyD","NUC",10,"O",76,437,0.173913043478261
489,"2qbyD","NUC",10,"P",0,437,0
489,"2qbyD","NUC",10,"S",0,437,0
490,"2qenA","NUC",10,"C",277,429,0.645687645687646
490,"2qenA","NUC",10,"N",80,429,0.186480186480186
490,"2qenA","NUC",10,"O",72,429,0.167832167832168
490,"2qenA","NUC",10,"P",0,429,0
490,"2qenA","NUC",10,"S",0,429,0
491,"2qg4E","NUC",10,"C",230,361,0.637119113573407
491,"2qg4E","NUC",10,"N",64,361,0.177285318559557
491,"2qg4E","NUC",10,"O",63,361,0.174515235457064
491,"2qg4E","NUC",10,"P",0,361,0
491,"2qg4E","NUC",10,"S",4,361,0.0110803324099723
492,"2qkmB","NUC",10,"C",165,262,0.629770992366412
492,"2qkmB","NUC",10,"N",48,262,0.183206106870229
492,"2qkmB","NUC",10,"O",47,262,0.179389312977099
492,"2qkmB","NUC",10,"P",0,262,0
492,"2qkmB","NUC",10,"S",2,262,0.00763358778625954
493,"2qo7A","NUC",10,"C",202,334,0.604790419161677
493,"2qo7A","NUC",10,"N",57,334,0.170658682634731
493,"2qo7A","NUC",10,"O",72,334,0.215568862275449
493,"2qo7A","NUC",10,"P",0,334,0
493,"2qo7A","NUC",10,"S",3,334,0.00898203592814371
494,"2qq0A","NUC",10,"C",221,350,0.631428571428571
494,"2qq0A","NUC",10,"N",59,350,0.168571428571429
494,"2qq0A","NUC",10,"O",68,350,0.194285714285714
494,"2qq0A","NUC",10,"P",0,350,0
494,"2qq0A","NUC",10,"S",2,350,0.00571428571428571
495,"2qsyA","NUC",10,"C",192,316,0.607594936708861
495,"2qsyA","NUC",10,"N",59,316,0.186708860759494
495,"2qsyA","NUC",10,"O",64,316,0.20253164556962
495,"2qsyA","NUC",10,"P",0,316,0
495,"2qsyA","NUC",10,"S",1,316,0.00316455696202532
496,"2qthA","NUC",10,"C",224,364,0.615384615384615
496,"2qthA","NUC",10,"N",66,364,0.181318681318681
496,"2qthA","NUC",10,"O",74,364,0.203296703296703
496,"2qthA","NUC",10,"P",0,364,0
496,"2qthA","NUC",10,"S",0,364,0
497,"2qu8A","NUC",10,"C",195,316,0.617088607594937
497,"2qu8A","NUC",10,"N",55,316,0.174050632911392
497,"2qu8A","NUC",10,"O",64,316,0.20253164556962
497,"2qu8A","NUC",10,"P",0,316,0
497,"2qu8A","NUC",10,"S",2,316,0.00632911392405063
498,"2qxxA","NUC",10,"C",237,383,0.618798955613577
498,"2qxxA","NUC",10,"N",65,383,0.169712793733681
498,"2qxxA","NUC",10,"O",81,383,0.211488250652742
498,"2qxxA","NUC",10,"P",0,383,0
498,"2qxxA","NUC",10,"S",0,383,0
499,"2qz4A","NUC",10,"C",227,368,0.616847826086957
499,"2qz4A","NUC",10,"N",67,368,0.182065217391304
499,"2qz4A","NUC",10,"O",71,368,0.192934782608696
499,"2qz4A","NUC",10,"P",0,368,0
499,"2qz4A","NUC",10,"S",3,368,0.00815217391304348
500,"2r65A","NUC",10,"C",209,339,0.616519174041298
500,"2r65A","NUC",10,"N",60,339,0.176991150442478
500,"2r65A","NUC",10,"O",69,339,0.20353982300885
500,"2r65A","NUC",10,"P",0,339,0
500,"2r65A","NUC",10,"S",1,339,0.00294985250737463
501,"2r6fA","NUC",10,"C",237,388,0.610824742268041
501,"2r6fA","NUC",10,"N",72,388,0.185567010309278
501,"2r6fA","NUC",10,"O",79,388,0.20360824742268
501,"2r6fA","NUC",10,"P",0,388,0
501,"2r6fA","NUC",10,"S",0,388,0
502,"2r6gB","NUC",10,"C",161,259,0.621621621621622
502,"2r6gB","NUC",10,"N",47,259,0.181467181467181
502,"2r6gB","NUC",10,"O",48,259,0.185328185328185
502,"2r6gB","NUC",10,"P",0,259,0
502,"2r6gB","NUC",10,"S",3,259,0.0115830115830116
503,"2r6rA","NUC",10,"C",286,454,0.629955947136564
503,"2r6rA","NUC",10,"N",84,454,0.185022026431718
503,"2r6rA","NUC",10,"O",82,454,0.180616740088106
503,"2r6rA","NUC",10,"P",0,454,0
503,"2r6rA","NUC",10,"S",2,454,0.00440528634361234
504,"2r7kA","NUC",10,"C",272,427,0.637002341920375
504,"2r7kA","NUC",10,"N",76,427,0.177985948477752
504,"2r7kA","NUC",10,"O",77,427,0.180327868852459
504,"2r7kA","NUC",10,"P",0,427,0
504,"2r7kA","NUC",10,"S",2,427,0.00468384074941452
505,"2r86A","NUC",10,"C",232,364,0.637362637362637
505,"2r86A","NUC",10,"N",65,364,0.178571428571429
505,"2r86A","NUC",10,"O",67,364,0.184065934065934
505,"2r86A","NUC",10,"P",0,364,0
505,"2r86A","NUC",10,"S",0,364,0
506,"2r8fA","NUC",10,"C",235,376,0.625
506,"2r8fA","NUC",10,"N",78,376,0.207446808510638
506,"2r8fA","NUC",10,"O",62,376,0.164893617021277
506,"2r8fA","NUC",10,"P",0,376,0
506,"2r8fA","NUC",10,"S",1,376,0.00265957446808511
507,"2r9vA","NUC",10,"C",223,361,0.617728531855956
507,"2r9vA","NUC",10,"N",69,361,0.191135734072022
507,"2r9vA","NUC",10,"O",69,361,0.191135734072022
507,"2r9vA","NUC",10,"P",0,361,0
507,"2r9vA","NUC",10,"S",0,361,0
508,"2rd5D","NUC",10,"C",168,264,0.636363636363636
508,"2rd5D","NUC",10,"N",48,264,0.181818181818182
508,"2rd5D","NUC",10,"O",48,264,0.181818181818182
508,"2rd5D","NUC",10,"P",0,264,0
508,"2rd5D","NUC",10,"S",0,264,0
509,"2rhlB","NUC",10,"C",265,437,0.606407322654462
509,"2rhlB","NUC",10,"N",86,437,0.196796338672769
509,"2rhlB","NUC",10,"O",85,437,0.194508009153318
509,"2rhlB","NUC",10,"P",0,437,0
509,"2rhlB","NUC",10,"S",1,437,0.0022883295194508
510,"2rsfA","NUC",10,"C",156,241,0.647302904564315
510,"2rsfA","NUC",10,"N",44,241,0.182572614107884
510,"2rsfA","NUC",10,"O",40,241,0.16597510373444
510,"2rsfA","NUC",10,"P",0,241,0
510,"2rsfA","NUC",10,"S",1,241,0.004149377593361
511,"2shkB","NUC",10,"C",185,300,0.616666666666667
511,"2shkB","NUC",10,"N",55,300,0.183333333333333
511,"2shkB","NUC",10,"O",57,300,0.19
511,"2shkB","NUC",10,"P",0,300,0
511,"2shkB","NUC",10,"S",3,300,0.01
512,"2srcA","NUC",10,"C",273,427,0.639344262295082
512,"2srcA","NUC",10,"N",73,427,0.17096018735363
512,"2srcA","NUC",10,"O",78,427,0.182669789227166
512,"2srcA","NUC",10,"P",0,427,0
512,"2srcA","NUC",10,"S",3,427,0.00702576112412178
513,"2uz3B","NUC",10,"C",305,475,0.642105263157895
513,"2uz3B","NUC",10,"N",82,475,0.172631578947368
513,"2uz3B","NUC",10,"O",86,475,0.181052631578947
513,"2uz3B","NUC",10,"P",0,475,0
513,"2uz3B","NUC",10,"S",2,475,0.00421052631578947
514,"2v1uA","NUC",10,"C",289,453,0.637969094922737
514,"2v1uA","NUC",10,"N",86,453,0.189845474613687
514,"2v1uA","NUC",10,"O",78,453,0.172185430463576
514,"2v1uA","NUC",10,"P",0,453,0
514,"2v1uA","NUC",10,"S",0,453,0
515,"2v2zB","NUC",10,"C",247,389,0.634961439588689
515,"2v2zB","NUC",10,"N",64,389,0.16452442159383
515,"2v2zB","NUC",10,"O",78,389,0.200514138817481
515,"2v2zB","NUC",10,"P",0,389,0
515,"2v2zB","NUC",10,"S",0,389,0
516,"2v55C","NUC",10,"C",287,443,0.647855530474041
516,"2v55C","NUC",10,"N",73,443,0.164785553047404
516,"2v55C","NUC",10,"O",79,443,0.178329571106095
516,"2v55C","NUC",10,"P",0,443,0
516,"2v55C","NUC",10,"S",4,443,0.0090293453724605
517,"2v55D","NUC",10,"C",248,402,0.616915422885572
517,"2v55D","NUC",10,"N",70,402,0.174129353233831
517,"2v55D","NUC",10,"O",80,402,0.199004975124378
517,"2v55D","NUC",10,"P",0,402,0
517,"2v55D","NUC",10,"S",4,402,0.0099502487562189
518,"2v7yA","NUC",10,"C",251,421,0.596199524940618
518,"2v7yA","NUC",10,"N",75,421,0.178147268408551
518,"2v7yA","NUC",10,"O",94,421,0.223277909738717
518,"2v7yA","NUC",10,"P",0,421,0
518,"2v7yA","NUC",10,"S",1,421,0.00237529691211401
519,"2varA","NUC",10,"C",298,463,0.643628509719222
519,"2varA","NUC",10,"N",77,463,0.166306695464363
519,"2varA","NUC",10,"O",86,463,0.185745140388769
519,"2varA","NUC",10,"P",0,463,0
519,"2varA","NUC",10,"S",2,463,0.00431965442764579
520,"2vawA","NUC",10,"C",271,432,0.627314814814815
520,"2vawA","NUC",10,"N",78,432,0.180555555555556
520,"2vawA","NUC",10,"O",80,432,0.185185185185185
520,"2vawA","NUC",10,"P",0,432,0
520,"2vawA","NUC",10,"S",3,432,0.00694444444444444
521,"2vb6A","NUC",10,"C",258,409,0.63080684596577
521,"2vb6A","NUC",10,"N",70,409,0.171149144254279
521,"2vb6A","NUC",10,"O",79,409,0.193154034229829
521,"2vb6A","NUC",10,"P",0,409,0
521,"2vb6A","NUC",10,"S",2,409,0.00488997555012225
522,"2vedA","NUC",10,"C",228,369,0.617886178861789
522,"2vedA","NUC",10,"N",64,369,0.173441734417344
522,"2vedA","NUC",10,"O",75,369,0.203252032520325
522,"2vedA","NUC",10,"P",0,369,0
522,"2vedA","NUC",10,"S",2,369,0.00542005420054201
523,"2vf7C","NUC",10,"C",228,377,0.604774535809019
523,"2vf7C","NUC",10,"N",70,377,0.185676392572944
523,"2vf7C","NUC",10,"O",79,377,0.209549071618037
523,"2vf7C","NUC",10,"P",0,377,0
523,"2vf7C","NUC",10,"S",0,377,0
524,"2vhqC","NUC",10,"C",162,262,0.618320610687023
524,"2vhqC","NUC",10,"N",44,262,0.16793893129771
524,"2vhqC","NUC",10,"O",56,262,0.213740458015267
524,"2vhqC","NUC",10,"P",0,262,0
524,"2vhqC","NUC",10,"S",0,262,0
525,"2vpqB","NUC",10,"C",310,493,0.628803245436105
525,"2vpqB","NUC",10,"N",88,493,0.178498985801217
525,"2vpqB","NUC",10,"O",92,493,0.186612576064909
525,"2vpqB","NUC",10,"P",0,493,0
525,"2vpqB","NUC",10,"S",3,493,0.00608519269776876
526,"2vt3B","NUC",10,"C",172,260,0.661538461538462
526,"2vt3B","NUC",10,"N",45,260,0.173076923076923
526,"2vt3B","NUC",10,"O",43,260,0.165384615384615
526,"2vt3B","NUC",10,"P",0,260,0
526,"2vt3B","NUC",10,"S",0,260,0
527,"2vugA","NUC",10,"C",260,402,0.646766169154229
527,"2vugA","NUC",10,"N",76,402,0.189054726368159
527,"2vugA","NUC",10,"O",65,402,0.161691542288557
527,"2vugA","NUC",10,"P",0,402,0
527,"2vugA","NUC",10,"S",1,402,0.00248756218905473
528,"2vvgB","NUC",10,"C",190,329,0.577507598784195
528,"2vvgB","NUC",10,"N",64,329,0.194528875379939
528,"2vvgB","NUC",10,"O",71,329,0.21580547112462
528,"2vvgB","NUC",10,"P",0,329,0
528,"2vvgB","NUC",10,"S",4,329,0.0121580547112462
529,"2vwbA","NUC",10,"C",282,458,0.615720524017467
529,"2vwbA","NUC",10,"N",85,458,0.185589519650655
529,"2vwbA","NUC",10,"O",86,458,0.187772925764192
529,"2vwbA","NUC",10,"P",0,458,0
529,"2vwbA","NUC",10,"S",5,458,0.0109170305676856
530,"2vwiA","NUC",10,"C",203,320,0.634375
530,"2vwiA","NUC",10,"N",58,320,0.18125
530,"2vwiA","NUC",10,"O",58,320,0.18125
530,"2vwiA","NUC",10,"P",0,320,0
530,"2vwiA","NUC",10,"S",1,320,0.003125
531,"2w41B","NUC",10,"C",197,309,0.637540453074434
531,"2w41B","NUC",10,"N",51,309,0.16504854368932
531,"2w41B","NUC",10,"O",58,309,0.187702265372168
531,"2w41B","NUC",10,"P",0,309,0
531,"2w41B","NUC",10,"S",3,309,0.00970873786407767
532,"2w4kA","NUC",10,"C",246,383,0.642297650130548
532,"2w4kA","NUC",10,"N",60,383,0.156657963446475
532,"2w4kA","NUC",10,"O",75,383,0.195822454308094
532,"2w4kA","NUC",10,"P",0,383,0
532,"2w4kA","NUC",10,"S",2,383,0.00522193211488251
533,"2w58A","NUC",10,"C",186,298,0.624161073825503
533,"2w58A","NUC",10,"N",56,298,0.187919463087248
533,"2w58A","NUC",10,"O",55,298,0.184563758389262
533,"2w58A","NUC",10,"P",0,298,0
533,"2w58A","NUC",10,"S",1,298,0.00335570469798658
534,"2w6dB","NUC",10,"C",198,324,0.611111111111111
534,"2w6dB","NUC",10,"N",64,324,0.197530864197531
534,"2w6dB","NUC",10,"O",61,324,0.188271604938272
534,"2w6dB","NUC",10,"P",0,324,0
534,"2w6dB","NUC",10,"S",1,324,0.00308641975308642
535,"2wbeC","NUC",10,"C",213,370,0.575675675675676
535,"2wbeC","NUC",10,"N",78,370,0.210810810810811
535,"2wbeC","NUC",10,"O",78,370,0.210810810810811
535,"2wbeC","NUC",10,"P",0,370,0
535,"2wbeC","NUC",10,"S",1,370,0.0027027027027027
536,"2we3A","NUC",10,"C",234,367,0.637602179836512
536,"2we3A","NUC",10,"N",69,367,0.188010899182561
536,"2we3A","NUC",10,"O",63,367,0.171662125340599
536,"2we3A","NUC",10,"P",0,367,0
536,"2we3A","NUC",10,"S",1,367,0.00272479564032698
537,"2we5A","NUC",10,"C",228,354,0.64406779661017
537,"2we5A","NUC",10,"N",61,354,0.172316384180791
537,"2we5A","NUC",10,"O",63,354,0.177966101694915
537,"2we5A","NUC",10,"P",0,354,0
537,"2we5A","NUC",10,"S",2,354,0.00564971751412429
538,"2wepA","NUC",10,"C",243,378,0.642857142857143
538,"2wepA","NUC",10,"N",63,378,0.166666666666667
538,"2wepA","NUC",10,"O",71,378,0.187830687830688
538,"2wepA","NUC",10,"P",0,378,0
538,"2wepA","NUC",10,"S",1,378,0.00264550264550265
539,"2wjgA","NUC",10,"C",185,295,0.627118644067797
539,"2wjgA","NUC",10,"N",52,295,0.176271186440678
539,"2wjgA","NUC",10,"O",56,295,0.189830508474576
539,"2wjgA","NUC",10,"P",0,295,0
539,"2wjgA","NUC",10,"S",2,295,0.00677966101694915
540,"2wkpA","NUC",10,"C",257,398,0.64572864321608
540,"2wkpA","NUC",10,"N",66,398,0.165829145728643
540,"2wkpA","NUC",10,"O",72,398,0.180904522613065
540,"2wkpA","NUC",10,"P",0,398,0
540,"2wkpA","NUC",10,"S",3,398,0.00753768844221105
541,"2wmcA","NUC",10,"C",179,280,0.639285714285714
541,"2wmcA","NUC",10,"N",53,280,0.189285714285714
541,"2wmcA","NUC",10,"O",46,280,0.164285714285714
541,"2wmcA","NUC",10,"P",0,280,0
541,"2wmcA","NUC",10,"S",2,280,0.00714285714285714
542,"2wojD","NUC",10,"C",225,363,0.619834710743802
542,"2wojD","NUC",10,"N",60,363,0.165289256198347
542,"2wojD","NUC",10,"O",75,363,0.206611570247934
542,"2wojD","NUC",10,"P",0,363,0
542,"2wojD","NUC",10,"S",3,363,0.00826446280991736
543,"2wpdF","NUC",10,"C",230,358,0.642458100558659
543,"2wpdF","NUC",10,"N",65,358,0.181564245810056
543,"2wpdF","NUC",10,"O",62,358,0.173184357541899
543,"2wpdF","NUC",10,"P",0,358,0
543,"2wpdF","NUC",10,"S",1,358,0.00279329608938547
544,"2wqeA","NUC",10,"C",134,199,0.673366834170854
544,"2wqeA","NUC",10,"N",36,199,0.180904522613065
544,"2wqeA","NUC",10,"O",29,199,0.14572864321608
544,"2wqeA","NUC",10,"P",0,199,0
544,"2wqeA","NUC",10,"S",0,199,0
545,"2wqnA","NUC",10,"C",207,322,0.642857142857143
545,"2wqnA","NUC",10,"N",54,322,0.167701863354037
545,"2wqnA","NUC",10,"O",59,322,0.183229813664596
545,"2wqnA","NUC",10,"P",0,322,0
545,"2wqnA","NUC",10,"S",2,322,0.0062111801242236
546,"2wssA","NUC",10,"C",214,344,0.622093023255814
546,"2wssA","NUC",10,"N",63,344,0.183139534883721
546,"2wssA","NUC",10,"O",67,344,0.194767441860465
546,"2wssA","NUC",10,"P",0,344,0
546,"2wssA","NUC",10,"S",0,344,0
547,"2wtkC","NUC",10,"C",254,392,0.647959183673469
547,"2wtkC","NUC",10,"N",63,392,0.160714285714286
547,"2wtkC","NUC",10,"O",71,392,0.181122448979592
547,"2wtkC","NUC",10,"P",0,392,0
547,"2wtkC","NUC",10,"S",4,392,0.0102040816326531
548,"2wtuA","NUC",10,"C",198,313,0.63258785942492
548,"2wtuA","NUC",10,"N",58,313,0.185303514376997
548,"2wtuA","NUC",10,"O",55,313,0.175718849840256
548,"2wtuA","NUC",10,"P",0,313,0
548,"2wtuA","NUC",10,"S",2,313,0.00638977635782748
549,"2ww4A","NUC",10,"C",220,352,0.625
549,"2ww4A","NUC",10,"N",62,352,0.176136363636364
549,"2ww4A","NUC",10,"O",68,352,0.193181818181818
549,"2ww4A","NUC",10,"P",0,352,0
549,"2ww4A","NUC",10,"S",2,352,0.00568181818181818
550,"2wwfC","NUC",10,"C",191,319,0.598746081504702
550,"2wwfC","NUC",10,"N",59,319,0.184952978056426
550,"2wwfC","NUC",10,"O",69,319,0.216300940438871
550,"2wwfC","NUC",10,"P",0,319,0
550,"2wwfC","NUC",10,"S",0,319,0
551,"2wwwD","NUC",10,"C",168,269,0.62453531598513
551,"2wwwD","NUC",10,"N",44,269,0.163568773234201
551,"2wwwD","NUC",10,"O",57,269,0.211895910780669
551,"2wwwD","NUC",10,"P",0,269,0
551,"2wwwD","NUC",10,"S",0,269,0
552,"2x2eA","NUC",10,"C",233,375,0.621333333333333
552,"2x2eA","NUC",10,"N",65,375,0.173333333333333
552,"2x2eA","NUC",10,"O",77,375,0.205333333333333
552,"2x2eA","NUC",10,"P",0,375,0
552,"2x2eA","NUC",10,"S",0,375,0
553,"2x60B","NUC",10,"C",305,483,0.631469979296066
553,"2x60B","NUC",10,"N",86,483,0.178053830227743
553,"2x60B","NUC",10,"O",89,483,0.184265010351967
553,"2x60B","NUC",10,"P",0,483,0
553,"2x60B","NUC",10,"S",3,483,0.0062111801242236
554,"2x6tB","NUC",10,"C",297,446,0.665919282511211
554,"2x6tB","NUC",10,"N",74,446,0.165919282511211
554,"2x6tB","NUC",10,"O",74,446,0.165919282511211
554,"2x6tB","NUC",10,"P",0,446,0
554,"2x6tB","NUC",10,"S",1,446,0.00224215246636771
555,"2xd4A","NUC",10,"C",257,409,0.628361858190709
555,"2xd4A","NUC",10,"N",71,409,0.17359413202934
555,"2xd4A","NUC",10,"O",79,409,0.193154034229829
555,"2xd4A","NUC",10,"P",0,409,0
555,"2xd4A","NUC",10,"S",2,409,0.00488997555012225
556,"2xelA","NUC",10,"C",271,434,0.624423963133641
556,"2xelA","NUC",10,"N",79,434,0.182027649769585
556,"2xelA","NUC",10,"O",83,434,0.191244239631336
556,"2xelA","NUC",10,"P",0,434,0
556,"2xelA","NUC",10,"S",1,434,0.00230414746543779
557,"2xj9A","NUC",10,"C",227,367,0.618528610354223
557,"2xj9A","NUC",10,"N",72,367,0.196185286103542
557,"2xj9A","NUC",10,"O",68,367,0.185286103542234
557,"2xj9A","NUC",10,"P",0,367,0
557,"2xj9A","NUC",10,"S",0,367,0
558,"2xjaA","NUC",10,"C",294,474,0.620253164556962
558,"2xjaA","NUC",10,"N",84,474,0.177215189873418
558,"2xjaA","NUC",10,"O",95,474,0.20042194092827
558,"2xjaA","NUC",10,"P",0,474,0
558,"2xjaA","NUC",10,"S",1,474,0.00210970464135021
559,"2xkaF","NUC",10,"C",282,455,0.61978021978022
559,"2xkaF","NUC",10,"N",87,455,0.191208791208791
559,"2xkaF","NUC",10,"O",84,455,0.184615384615385
559,"2xkaF","NUC",10,"P",0,455,0
559,"2xkaF","NUC",10,"S",2,455,0.0043956043956044
560,"2xs0A","NUC",10,"C",238,375,0.634666666666667
560,"2xs0A","NUC",10,"N",69,375,0.184
560,"2xs0A","NUC",10,"O",63,375,0.168
560,"2xs0A","NUC",10,"P",0,375,0
560,"2xs0A","NUC",10,"S",5,375,0.0133333333333333
561,"2xszC","NUC",10,"C",285,453,0.629139072847682
561,"2xszC","NUC",10,"N",84,453,0.185430463576159
561,"2xszC","NUC",10,"O",84,453,0.185430463576159
561,"2xszC","NUC",10,"P",0,453,0
561,"2xszC","NUC",10,"S",0,453,0
562,"2xszF","NUC",10,"C",269,438,0.614155251141553
562,"2xszF","NUC",10,"N",87,438,0.198630136986301
562,"2xszF","NUC",10,"O",82,438,0.187214611872146
562,"2xszF","NUC",10,"P",0,438,0
562,"2xszF","NUC",10,"S",0,438,0
563,"2xtiB","NUC",10,"C",275,437,0.62929061784897
563,"2xtiB","NUC",10,"N",83,437,0.189931350114416
563,"2xtiB","NUC",10,"O",76,437,0.173913043478261
563,"2xtiB","NUC",10,"P",0,437,0
563,"2xtiB","NUC",10,"S",3,437,0.0068649885583524
564,"2xtoA","NUC",10,"C",205,343,0.597667638483965
564,"2xtoA","NUC",10,"N",64,343,0.186588921282799
564,"2xtoA","NUC",10,"O",74,343,0.215743440233236
564,"2xtoA","NUC",10,"P",0,343,0
564,"2xtoA","NUC",10,"S",0,343,0
565,"2xwlB","NUC",10,"C",227,365,0.621917808219178
565,"2xwlB","NUC",10,"N",72,365,0.197260273972603
565,"2xwlB","NUC",10,"O",66,365,0.180821917808219
565,"2xwlB","NUC",10,"P",0,365,0
565,"2xwlB","NUC",10,"S",0,365,0
566,"2xwnB","NUC",10,"C",216,351,0.615384615384615
566,"2xwnB","NUC",10,"N",70,351,0.199430199430199
566,"2xwnB","NUC",10,"O",65,351,0.185185185185185
566,"2xwnB","NUC",10,"P",0,351,0
566,"2xwnB","NUC",10,"S",0,351,0
567,"2xzlA","NUC",10,"C",240,393,0.610687022900763
567,"2xzlA","NUC",10,"N",75,393,0.190839694656489
567,"2xzlA","NUC",10,"O",77,393,0.195928753180662
567,"2xzlA","NUC",10,"P",0,393,0
567,"2xzlA","NUC",10,"S",1,393,0.00254452926208651
568,"2xzwC","NUC",10,"C",147,227,0.647577092511013
568,"2xzwC","NUC",10,"N",38,227,0.167400881057269
568,"2xzwC","NUC",10,"O",40,227,0.176211453744493
568,"2xzwC","NUC",10,"P",0,227,0
568,"2xzwC","NUC",10,"S",2,227,0.00881057268722467
569,"2y4kA","NUC",10,"C",274,430,0.637209302325581
569,"2y4kA","NUC",10,"N",75,430,0.174418604651163
569,"2y4kA","NUC",10,"O",77,430,0.17906976744186
569,"2y4kA","NUC",10,"P",0,430,0
569,"2y4kA","NUC",10,"S",4,430,0.00930232558139535
570,"2y65D","NUC",10,"C",190,330,0.575757575757576
570,"2y65D","NUC",10,"N",66,330,0.2
570,"2y65D","NUC",10,"O",72,330,0.218181818181818
570,"2y65D","NUC",10,"P",0,330,0
570,"2y65D","NUC",10,"S",2,330,0.00606060606060606
571,"2y6pC","NUC",10,"C",203,335,0.605970149253731
571,"2y6pC","NUC",10,"N",61,335,0.182089552238806
571,"2y6pC","NUC",10,"O",71,335,0.211940298507463
571,"2y6pC","NUC",10,"P",0,335,0
571,"2y6pC","NUC",10,"S",0,335,0
572,"2y83E","NUC",10,"C",298,478,0.623430962343096
572,"2y83E","NUC",10,"N",83,478,0.173640167364017
572,"2y83E","NUC",10,"O",92,478,0.192468619246862
572,"2y83E","NUC",10,"P",0,478,0
572,"2y83E","NUC",10,"S",5,478,0.0104602510460251
573,"2y9qA","NUC",10,"C",290,460,0.630434782608696
573,"2y9qA","NUC",10,"N",77,460,0.167391304347826
573,"2y9qA","NUC",10,"O",90,460,0.195652173913043
573,"2y9qA","NUC",10,"P",0,460,0
573,"2y9qA","NUC",10,"S",3,460,0.00652173913043478
574,"2yaaA","NUC",10,"C",257,401,0.640897755610973
574,"2yaaA","NUC",10,"N",66,401,0.164588528678304
574,"2yaaA","NUC",10,"O",76,401,0.189526184538653
574,"2yaaA","NUC",10,"P",0,401,0
574,"2yaaA","NUC",10,"S",2,401,0.00498753117206983
575,"2yhyA","NUC",10,"C",218,348,0.626436781609195
575,"2yhyA","NUC",10,"N",66,348,0.189655172413793
575,"2yhyA","NUC",10,"O",63,348,0.181034482758621
575,"2yhyA","NUC",10,"P",0,348,0
575,"2yhyA","NUC",10,"S",1,348,0.0028735632183908
576,"2ynmA","NUC",10,"C",228,368,0.619565217391304
576,"2ynmA","NUC",10,"N",71,368,0.192934782608696
576,"2ynmA","NUC",10,"O",69,368,0.1875
576,"2ynmA","NUC",10,"P",0,368,0
576,"2ynmA","NUC",10,"S",0,368,0
577,"2yw2B","NUC",10,"C",286,458,0.624454148471616
577,"2yw2B","NUC",10,"N",81,458,0.176855895196507
577,"2yw2B","NUC",10,"O",90,458,0.196506550218341
577,"2yw2B","NUC",10,"P",0,458,0
577,"2yw2B","NUC",10,"S",1,458,0.00218340611353712
578,"2ywvB","NUC",10,"C",247,390,0.633333333333333
578,"2ywvB","NUC",10,"N",71,390,0.182051282051282
578,"2ywvB","NUC",10,"O",72,390,0.184615384615385
578,"2ywvB","NUC",10,"P",0,390,0
578,"2ywvB","NUC",10,"S",0,390,0
579,"2ywwA","NUC",10,"C",175,271,0.645756457564576
579,"2ywwA","NUC",10,"N",51,271,0.188191881918819
579,"2ywwA","NUC",10,"O",44,271,0.162361623616236
579,"2ywwA","NUC",10,"P",0,271,0
579,"2ywwA","NUC",10,"S",1,271,0.003690036900369
580,"2z02A","NUC",10,"C",266,422,0.630331753554502
580,"2z02A","NUC",10,"N",71,422,0.16824644549763
580,"2z02A","NUC",10,"O",84,422,0.199052132701422
580,"2z02A","NUC",10,"P",0,422,0
580,"2z02A","NUC",10,"S",1,422,0.0023696682464455
581,"2z09A","NUC",10,"C",267,418,0.638755980861244
581,"2z09A","NUC",10,"N",79,418,0.188995215311005
581,"2z09A","NUC",10,"O",71,418,0.169856459330144
581,"2z09A","NUC",10,"P",0,418,0
581,"2z09A","NUC",10,"S",1,418,0.00239234449760766
582,"2z1mA","NUC",10,"C",282,431,0.654292343387471
582,"2z1mA","NUC",10,"N",73,431,0.169373549883991
582,"2z1mA","NUC",10,"O",75,431,0.174013921113689
582,"2z1mA","NUC",10,"P",0,431,0
582,"2z1mA","NUC",10,"S",1,431,0.00232018561484919
583,"2z4rA","NUC",10,"C",272,436,0.623853211009174
583,"2z4rA","NUC",10,"N",80,436,0.18348623853211
583,"2z4rA","NUC",10,"O",82,436,0.188073394495413
583,"2z4rA","NUC",10,"P",0,436,0
583,"2z4rA","NUC",10,"S",2,436,0.00458715596330275
584,"2z7qA","NUC",10,"C",244,375,0.650666666666667
584,"2z7qA","NUC",10,"N",63,375,0.168
584,"2z7qA","NUC",10,"O",68,375,0.181333333333333
584,"2z7qA","NUC",10,"P",0,375,0
584,"2z7qA","NUC",10,"S",0,375,0
585,"2zanA","NUC",10,"C",251,397,0.632241813602015
585,"2zanA","NUC",10,"N",68,397,0.171284634760705
585,"2zanA","NUC",10,"O",77,397,0.193954659949622
585,"2zanA","NUC",10,"P",0,397,0
585,"2zanA","NUC",10,"S",1,397,0.00251889168765743
586,"2zdgC","NUC",10,"C",301,462,0.651515151515151
586,"2zdgC","NUC",10,"N",76,462,0.164502164502165
586,"2zdgC","NUC",10,"O",84,462,0.181818181818182
586,"2zdgC","NUC",10,"P",0,462,0
586,"2zdgC","NUC",10,"S",1,462,0.00216450216450216
587,"2zejB","NUC",10,"C",93,156,0.596153846153846
587,"2zejB","NUC",10,"N",28,156,0.17948717948718
587,"2zejB","NUC",10,"O",35,156,0.224358974358974
587,"2zejB","NUC",10,"P",0,156,0
587,"2zejB","NUC",10,"S",0,156,0
588,"2zetA","NUC",10,"C",251,392,0.64030612244898
588,"2zetA","NUC",10,"N",68,392,0.173469387755102
588,"2zetA","NUC",10,"O",73,392,0.186224489795918
588,"2zetA","NUC",10,"P",0,392,0
588,"2zetA","NUC",10,"S",0,392,0
589,"2zs8A","NUC",10,"C",260,394,0.65989847715736
589,"2zs8A","NUC",10,"N",65,394,0.16497461928934
589,"2zs8A","NUC",10,"O",68,394,0.17258883248731
589,"2zs8A","NUC",10,"P",0,394,0
589,"2zs8A","NUC",10,"S",1,394,0.00253807106598985
590,"2ztsA","NUC",10,"C",177,280,0.632142857142857
590,"2ztsA","NUC",10,"N",45,280,0.160714285714286
590,"2ztsA","NUC",10,"O",58,280,0.207142857142857
590,"2ztsA","NUC",10,"P",0,280,0
590,"2ztsA","NUC",10,"S",0,280,0
591,"2zu9B","NUC",10,"C",258,412,0.62621359223301
591,"2zu9B","NUC",10,"N",74,412,0.179611650485437
591,"2zu9B","NUC",10,"O",80,412,0.194174757281553
591,"2zu9B","NUC",10,"P",0,412,0
591,"2zu9B","NUC",10,"S",0,412,0
592,"3a0tA","NUC",10,"C",242,375,0.645333333333333
592,"3a0tA","NUC",10,"N",62,375,0.165333333333333
592,"3a0tA","NUC",10,"O",70,375,0.186666666666667
592,"3a0tA","NUC",10,"P",0,375,0
592,"3a0tA","NUC",10,"S",1,375,0.00266666666666667
593,"3a1eB","NUC",10,"C",303,476,0.63655462184874
593,"3a1eB","NUC",10,"N",82,476,0.172268907563025
593,"3a1eB","NUC",10,"O",90,476,0.189075630252101
593,"3a1eB","NUC",10,"P",0,476,0
593,"3a1eB","NUC",10,"S",1,476,0.00210084033613445
594,"3a37A","NUC",10,"C",217,343,0.63265306122449
594,"3a37A","NUC",10,"N",58,343,0.169096209912536
594,"3a37A","NUC",10,"O",65,343,0.189504373177843
594,"3a37A","NUC",10,"P",0,343,0
594,"3a37A","NUC",10,"S",3,343,0.0087463556851312
595,"3a4lB","NUC",10,"C",203,330,0.615151515151515
595,"3a4lB","NUC",10,"N",63,330,0.190909090909091
595,"3a4lB","NUC",10,"O",63,330,0.190909090909091
595,"3a4lB","NUC",10,"P",0,330,0
595,"3a4lB","NUC",10,"S",1,330,0.00303030303030303
596,"3a5cA","NUC",10,"C",201,315,0.638095238095238
596,"3a5cA","NUC",10,"N",53,315,0.168253968253968
596,"3a5cA","NUC",10,"O",60,315,0.19047619047619
596,"3a5cA","NUC",10,"P",0,315,0
596,"3a5cA","NUC",10,"S",1,315,0.00317460317460317
597,"3a7hB","NUC",10,"C",222,348,0.637931034482759
597,"3a7hB","NUC",10,"N",57,348,0.163793103448276
597,"3a7hB","NUC",10,"O",68,348,0.195402298850575
597,"3a7hB","NUC",10,"P",0,348,0
597,"3a7hB","NUC",10,"S",1,348,0.0028735632183908
598,"3ab3A","NUC",10,"C",285,457,0.62363238512035
598,"3ab3A","NUC",10,"N",80,457,0.175054704595186
598,"3ab3A","NUC",10,"O",92,457,0.201312910284464
598,"3ab3A","NUC",10,"P",0,457,0
598,"3ab3A","NUC",10,"S",0,457,0
599,"3ab8A","NUC",10,"C",249,396,0.628787878787879
599,"3ab8A","NUC",10,"N",77,396,0.194444444444444
599,"3ab8A","NUC",10,"O",70,396,0.176767676767677
599,"3ab8A","NUC",10,"P",0,396,0
599,"3ab8A","NUC",10,"S",0,396,0
600,"3acaA","NUC",10,"C",171,275,0.621818181818182
600,"3acaA","NUC",10,"N",50,275,0.181818181818182
600,"3acaA","NUC",10,"O",52,275,0.189090909090909
600,"3acaA","NUC",10,"P",0,275,0
600,"3acaA","NUC",10,"S",2,275,0.00727272727272727
601,"3ajeA","NUC",10,"C",301,473,0.636363636363636
601,"3ajeA","NUC",10,"N",88,473,0.186046511627907
601,"3ajeA","NUC",10,"O",84,473,0.177589852008457
601,"3ajeA","NUC",10,"P",0,473,0
601,"3ajeA","NUC",10,"S",0,473,0
602,"3akkA","NUC",10,"C",240,387,0.62015503875969
602,"3akkA","NUC",10,"N",70,387,0.180878552971576
602,"3akkA","NUC",10,"O",73,387,0.188630490956072
602,"3akkA","NUC",10,"P",0,387,0
602,"3akkA","NUC",10,"S",4,387,0.0103359173126615
603,"3alnA","NUC",10,"C",262,414,0.632850241545894
603,"3alnA","NUC",10,"N",73,414,0.176328502415459
603,"3alnA","NUC",10,"O",75,414,0.181159420289855
603,"3alnA","NUC",10,"P",0,414,0
603,"3alnA","NUC",10,"S",4,414,0.00966183574879227
604,"3alnC","NUC",10,"C",194,299,0.648829431438127
604,"3alnC","NUC",10,"N",46,299,0.153846153846154
604,"3alnC","NUC",10,"O",55,299,0.183946488294314
604,"3alnC","NUC",10,"P",0,299,0
604,"3alnC","NUC",10,"S",4,299,0.0133779264214047
605,"3aloA","NUC",10,"C",254,407,0.624078624078624
605,"3aloA","NUC",10,"N",72,407,0.176904176904177
605,"3aloA","NUC",10,"O",78,407,0.191646191646192
605,"3aloA","NUC",10,"P",0,407,0
605,"3aloA","NUC",10,"S",3,407,0.00737100737100737
606,"3amtA","NUC",10,"C",311,488,0.637295081967213
606,"3amtA","NUC",10,"N",88,488,0.180327868852459
606,"3amtA","NUC",10,"O",87,488,0.17827868852459
606,"3amtA","NUC",10,"P",0,488,0
606,"3amtA","NUC",10,"S",2,488,0.0040983606557377
607,"3auyA","NUC",10,"C",203,330,0.615151515151515
607,"3auyA","NUC",10,"N",58,330,0.175757575757576
607,"3auyA","NUC",10,"O",68,330,0.206060606060606
607,"3auyA","NUC",10,"P",0,330,0
607,"3auyA","NUC",10,"S",1,330,0.00303030303030303
608,"3ax6B","NUC",10,"C",191,300,0.636666666666667
608,"3ax6B","NUC",10,"N",48,300,0.16
608,"3ax6B","NUC",10,"O",61,300,0.203333333333333
608,"3ax6B","NUC",10,"P",0,300,0
608,"3ax6B","NUC",10,"S",0,300,0
609,"3b0xA","NUC",10,"C",217,360,0.602777777777778
609,"3b0xA","NUC",10,"N",71,360,0.197222222222222
609,"3b0xA","NUC",10,"O",70,360,0.194444444444444
609,"3b0xA","NUC",10,"P",0,360,0
609,"3b0xA","NUC",10,"S",2,360,0.00555555555555556
610,"3b6vA","NUC",10,"C",182,309,0.588996763754045
610,"3b6vA","NUC",10,"N",57,309,0.184466019417476
610,"3b6vA","NUC",10,"O",68,309,0.220064724919094
610,"3b6vA","NUC",10,"P",0,309,0
610,"3b6vA","NUC",10,"S",2,309,0.00647249190938511
611,"3bf1A","NUC",10,"C",182,299,0.608695652173913
611,"3bf1A","NUC",10,"N",57,299,0.190635451505017
611,"3bf1A","NUC",10,"O",58,299,0.193979933110368
611,"3bf1A","NUC",10,"P",0,299,0
611,"3bf1A","NUC",10,"S",2,299,0.00668896321070234
612,"3bfkB","NUC",10,"C",215,360,0.597222222222222
612,"3bfkB","NUC",10,"N",67,360,0.186111111111111
612,"3bfkB","NUC",10,"O",78,360,0.216666666666667
612,"3bfkB","NUC",10,"P",0,360,0
612,"3bfkB","NUC",10,"S",0,360,0
613,"3bh7A","NUC",10,"C",233,378,0.616402116402116
613,"3bh7A","NUC",10,"N",68,378,0.17989417989418
613,"3bh7A","NUC",10,"O",76,378,0.201058201058201
613,"3bh7A","NUC",10,"P",0,378,0
613,"3bh7A","NUC",10,"S",1,378,0.00264550264550265
614,"3bjuA","NUC",10,"C",276,431,0.640371229698376
614,"3bjuA","NUC",10,"N",72,431,0.167053364269142
614,"3bjuA","NUC",10,"O",80,431,0.185614849187935
614,"3bjuA","NUC",10,"P",0,431,0
614,"3bjuA","NUC",10,"S",3,431,0.00696055684454756
615,"3brbB","NUC",10,"C",199,324,0.614197530864197
615,"3brbB","NUC",10,"N",59,324,0.182098765432099
615,"3brbB","NUC",10,"O",62,324,0.191358024691358
615,"3brbB","NUC",10,"P",0,324,0
615,"3brbB","NUC",10,"S",4,324,0.0123456790123457
616,"3bsnA","NUC",10,"C",232,367,0.632152588555858
616,"3bsnA","NUC",10,"N",69,367,0.188010899182561
616,"3bsnA","NUC",10,"O",66,367,0.17983651226158
616,"3bsnA","NUC",10,"P",0,367,0
616,"3bsnA","NUC",10,"S",0,367,0
617,"3bwdA","NUC",10,"C",191,300,0.636666666666667
617,"3bwdA","NUC",10,"N",50,300,0.166666666666667
617,"3bwdA","NUC",10,"O",57,300,0.19
617,"3bwdA","NUC",10,"P",0,300,0
617,"3bwdA","NUC",10,"S",2,300,0.00666666666666667
618,"3c23B","NUC",10,"C",194,315,0.615873015873016
618,"3c23B","NUC",10,"N",66,315,0.20952380952381
618,"3c23B","NUC",10,"O",55,315,0.174603174603175
618,"3c23B","NUC",10,"P",0,315,0
618,"3c23B","NUC",10,"S",0,315,0
619,"3c3eA","NUC",10,"C",290,447,0.648769574944072
619,"3c3eA","NUC",10,"N",74,447,0.165548098434004
619,"3c3eA","NUC",10,"O",83,447,0.185682326621924
619,"3c3eA","NUC",10,"P",0,447,0
619,"3c3eA","NUC",10,"S",0,447,0
620,"3c41A","NUC",10,"C",159,259,0.613899613899614
620,"3c41A","NUC",10,"N",47,259,0.181467181467181
620,"3c41A","NUC",10,"O",51,259,0.196911196911197
620,"3c41A","NUC",10,"P",0,259,0
620,"3c41A","NUC",10,"S",2,259,0.00772200772200772
621,"3c4wB","NUC",10,"C",252,411,0.613138686131387
621,"3c4wB","NUC",10,"N",79,411,0.192214111922141
621,"3c4wB","NUC",10,"O",77,411,0.187347931873479
621,"3c4wB","NUC",10,"P",0,411,0
621,"3c4wB","NUC",10,"S",3,411,0.0072992700729927
622,"3c5cB","NUC",10,"C",229,365,0.627397260273973
622,"3c5cB","NUC",10,"N",64,365,0.175342465753425
622,"3c5cB","NUC",10,"O",70,365,0.191780821917808
622,"3c5cB","NUC",10,"P",0,365,0
622,"3c5cB","NUC",10,"S",2,365,0.00547945205479452
623,"3c5eA","NUC",10,"C",295,464,0.635775862068966
623,"3c5eA","NUC",10,"N",82,464,0.176724137931034
623,"3c5eA","NUC",10,"O",84,464,0.181034482758621
623,"3c5eA","NUC",10,"P",0,464,0
623,"3c5eA","NUC",10,"S",3,464,0.00646551724137931
624,"3c7nA","NUC",10,"C",258,430,0.6
624,"3c7nA","NUC",10,"N",89,430,0.206976744186047
624,"3c7nA","NUC",10,"O",83,430,0.193023255813953
624,"3c7nA","NUC",10,"P",0,430,0
624,"3c7nA","NUC",10,"S",0,430,0
625,"3c7nB","NUC",10,"C",232,386,0.601036269430052
625,"3c7nB","NUC",10,"N",67,386,0.173575129533679
625,"3c7nB","NUC",10,"O",85,386,0.22020725388601
625,"3c7nB","NUC",10,"P",0,386,0
625,"3c7nB","NUC",10,"S",2,386,0.00518134715025907
626,"3c9uB","NUC",10,"C",212,344,0.616279069767442
626,"3c9uB","NUC",10,"N",62,344,0.180232558139535
626,"3c9uB","NUC",10,"O",69,344,0.200581395348837
626,"3c9uB","NUC",10,"P",0,344,0
626,"3c9uB","NUC",10,"S",1,344,0.00290697674418605
627,"3cb2A","NUC",10,"C",284,465,0.610752688172043
627,"3cb2A","NUC",10,"N",87,465,0.187096774193548
627,"3cb2A","NUC",10,"O",92,465,0.197849462365591
627,"3cb2A","NUC",10,"P",0,465,0
627,"3cb2A","NUC",10,"S",2,465,0.0043010752688172
628,"3cisG","NUC",10,"C",244,391,0.624040920716113
628,"3cisG","NUC",10,"N",72,391,0.184143222506394
628,"3cisG","NUC",10,"O",74,391,0.18925831202046
628,"3cisG","NUC",10,"P",0,391,0
628,"3cisG","NUC",10,"S",1,391,0.00255754475703325
629,"3clvA","NUC",10,"C",222,360,0.616666666666667
629,"3clvA","NUC",10,"N",63,360,0.175
629,"3clvA","NUC",10,"O",75,360,0.208333333333333
629,"3clvA","NUC",10,"P",0,360,0
629,"3clvA","NUC",10,"S",0,360,0
630,"3cnnA","NUC",10,"C",214,339,0.631268436578171
630,"3cnnA","NUC",10,"N",63,339,0.185840707964602
630,"3cnnA","NUC",10,"O",62,339,0.182890855457227
630,"3cnnA","NUC",10,"P",0,339,0
630,"3cnnA","NUC",10,"S",0,339,0
631,"3cokA","NUC",10,"C",229,365,0.627397260273973
631,"3cokA","NUC",10,"N",69,365,0.189041095890411
631,"3cokA","NUC",10,"O",64,365,0.175342465753425
631,"3cokA","NUC",10,"P",0,365,0
631,"3cokA","NUC",10,"S",3,365,0.00821917808219178
632,"3cphB","NUC",10,"C",236,387,0.609819121447028
632,"3cphB","NUC",10,"N",67,387,0.17312661498708
632,"3cphB","NUC",10,"O",82,387,0.211886304909561
632,"3cphB","NUC",10,"P",0,387,0
632,"3cphB","NUC",10,"S",2,387,0.00516795865633075
633,"3cr3A","NUC",10,"C",235,389,0.604113110539846
633,"3cr3A","NUC",10,"N",73,389,0.187660668380463
633,"3cr3A","NUC",10,"O",81,389,0.208226221079692
633,"3cr3A","NUC",10,"P",0,389,0
633,"3cr3A","NUC",10,"S",0,389,0
634,"3crcB","NUC",10,"C",150,245,0.612244897959184
634,"3crcB","NUC",10,"N",41,245,0.16734693877551
634,"3crcB","NUC",10,"O",53,245,0.216326530612245
634,"3crcB","NUC",10,"P",0,245,0
634,"3crcB","NUC",10,"S",1,245,0.00408163265306122
635,"3crlA","NUC",10,"C",256,399,0.641604010025063
635,"3crlA","NUC",10,"N",68,399,0.170426065162907
635,"3crlA","NUC",10,"O",74,399,0.18546365914787
635,"3crlA","NUC",10,"P",0,399,0
635,"3crlA","NUC",10,"S",1,399,0.0025062656641604
636,"3cwqA","NUC",10,"C",237,376,0.63031914893617
636,"3cwqA","NUC",10,"N",67,376,0.178191489361702
636,"3cwqA","NUC",10,"O",72,376,0.191489361702128
636,"3cwqA","NUC",10,"P",0,376,0
636,"3cwqA","NUC",10,"S",0,376,0
637,"3cwzA","NUC",10,"C",257,403,0.637717121588089
637,"3cwzA","NUC",10,"N",68,403,0.168734491315136
637,"3cwzA","NUC",10,"O",78,403,0.193548387096774
637,"3cwzA","NUC",10,"P",0,403,0
637,"3cwzA","NUC",10,"S",0,403,0
638,"3d2rB","NUC",10,"C",282,438,0.643835616438356
638,"3d2rB","NUC",10,"N",73,438,0.166666666666667
638,"3d2rB","NUC",10,"O",83,438,0.189497716894977
638,"3d2rB","NUC",10,"P",0,438,0
638,"3d2rB","NUC",10,"S",0,438,0
639,"3d5wA","NUC",10,"C",237,376,0.63031914893617
639,"3d5wA","NUC",10,"N",69,376,0.183510638297872
639,"3d5wA","NUC",10,"O",66,376,0.175531914893617
639,"3d5wA","NUC",10,"P",0,376,0
639,"3d5wA","NUC",10,"S",4,376,0.0106382978723404
640,"3d8bB","NUC",10,"C",222,352,0.630681818181818
640,"3d8bB","NUC",10,"N",59,352,0.167613636363636
640,"3d8bB","NUC",10,"O",69,352,0.196022727272727
640,"3d8bB","NUC",10,"P",0,352,0
640,"3d8bB","NUC",10,"S",2,352,0.00568181818181818
641,"3dcbA","NUC",10,"C",192,331,0.580060422960725
641,"3dcbA","NUC",10,"N",69,331,0.208459214501511
641,"3dcbA","NUC",10,"O",66,331,0.199395770392749
641,"3dcbA","NUC",10,"P",0,331,0
641,"3dcbA","NUC",10,"S",4,331,0.0120845921450151
642,"3dinA","NUC",10,"C",254,425,0.597647058823529
642,"3dinA","NUC",10,"N",84,425,0.197647058823529
642,"3dinA","NUC",10,"O",83,425,0.195294117647059
642,"3dinA","NUC",10,"P",0,425,0
642,"3dinA","NUC",10,"S",4,425,0.00941176470588235
643,"3dkcA","NUC",10,"C",277,434,0.638248847926267
643,"3dkcA","NUC",10,"N",80,434,0.184331797235023
643,"3dkcA","NUC",10,"O",71,434,0.163594470046083
643,"3dkcA","NUC",10,"P",0,434,0
643,"3dkcA","NUC",10,"S",6,434,0.0138248847926267
644,"3dkpA","NUC",10,"C",198,299,0.662207357859532
644,"3dkpA","NUC",10,"N",45,299,0.150501672240803
644,"3dkpA","NUC",10,"O",54,299,0.180602006688963
644,"3dkpA","NUC",10,"P",0,299,0
644,"3dkpA","NUC",10,"S",2,299,0.00668896321070234
645,"3dlsA","NUC",10,"C",250,386,0.647668393782383
645,"3dlsA","NUC",10,"N",63,386,0.163212435233161
645,"3dlsA","NUC",10,"O",72,386,0.186528497409326
645,"3dlsA","NUC",10,"P",0,386,0
645,"3dlsA","NUC",10,"S",1,386,0.00259067357512953
646,"3dm5A","NUC",10,"C",213,349,0.610315186246418
646,"3dm5A","NUC",10,"N",63,349,0.180515759312321
646,"3dm5A","NUC",10,"O",71,349,0.203438395415473
646,"3dm5A","NUC",10,"P",0,349,0
646,"3dm5A","NUC",10,"S",2,349,0.00573065902578797
647,"3doeA","NUC",10,"C",250,399,0.6265664160401
647,"3doeA","NUC",10,"N",70,399,0.175438596491228
647,"3doeA","NUC",10,"O",77,399,0.192982456140351
647,"3doeA","NUC",10,"P",0,399,0
647,"3doeA","NUC",10,"S",2,399,0.0050125313283208
648,"3drbB","NUC",10,"C",277,452,0.61283185840708
648,"3drbB","NUC",10,"N",87,452,0.192477876106195
648,"3drbB","NUC",10,"O",86,452,0.190265486725664
648,"3drbB","NUC",10,"P",0,452,0
648,"3drbB","NUC",10,"S",2,452,0.00442477876106195
649,"3dsrA","NUC",10,"C",174,269,0.646840148698885
649,"3dsrA","NUC",10,"N",46,269,0.171003717472119
649,"3dsrA","NUC",10,"O",47,269,0.174721189591078
649,"3dsrA","NUC",10,"P",0,269,0
649,"3dsrA","NUC",10,"S",2,269,0.00743494423791822
650,"3dt7A","NUC",10,"C",336,512,0.65625
650,"3dt7A","NUC",10,"N",90,512,0.17578125
650,"3dt7A","NUC",10,"O",82,512,0.16015625
650,"3dt7A","NUC",10,"P",0,512,0
650,"3dt7A","NUC",10,"S",4,512,0.0078125
651,"3dwlG","NUC",10,"C",260,420,0.619047619047619
651,"3dwlG","NUC",10,"N",72,420,0.171428571428571
651,"3dwlG","NUC",10,"O",86,420,0.204761904761905
651,"3dwlG","NUC",10,"P",0,420,0
651,"3dwlG","NUC",10,"S",2,420,0.00476190476190476
652,"3dz8A","NUC",10,"C",200,321,0.623052959501558
652,"3dz8A","NUC",10,"N",58,321,0.180685358255452
652,"3dz8A","NUC",10,"O",60,321,0.186915887850467
652,"3dz8A","NUC",10,"P",0,321,0
652,"3dz8A","NUC",10,"S",3,321,0.00934579439252336
653,"3dzdA","NUC",10,"C",238,359,0.662952646239554
653,"3dzdA","NUC",10,"N",61,359,0.16991643454039
653,"3dzdA","NUC",10,"O",60,359,0.167130919220056
653,"3dzdA","NUC",10,"P",0,359,0
653,"3dzdA","NUC",10,"S",0,359,0
654,"3dzhA","NUC",10,"C",247,395,0.625316455696203
654,"3dzhA","NUC",10,"N",72,395,0.182278481012658
654,"3dzhA","NUC",10,"O",76,395,0.192405063291139
654,"3dzhA","NUC",10,"P",0,395,0
654,"3dzhA","NUC",10,"S",0,395,0
655,"3dzvA","NUC",10,"C",232,366,0.633879781420765
655,"3dzvA","NUC",10,"N",61,366,0.166666666666667
655,"3dzvA","NUC",10,"O",72,366,0.19672131147541
655,"3dzvA","NUC",10,"P",0,366,0
655,"3dzvA","NUC",10,"S",1,366,0.00273224043715847
656,"3e70A","NUC",10,"C",203,329,0.617021276595745
656,"3e70A","NUC",10,"N",62,329,0.188449848024316
656,"3e70A","NUC",10,"O",63,329,0.191489361702128
656,"3e70A","NUC",10,"P",0,329,0
656,"3e70A","NUC",10,"S",1,329,0.00303951367781155
657,"3ea0B","NUC",10,"C",241,399,0.604010025062657
657,"3ea0B","NUC",10,"N",69,399,0.172932330827068
657,"3ea0B","NUC",10,"O",88,399,0.220551378446115
657,"3ea0B","NUC",10,"P",0,399,0
657,"3ea0B","NUC",10,"S",1,399,0.0025062656641604
658,"3eanD","NUC",10,"C",227,352,0.644886363636364
658,"3eanD","NUC",10,"N",61,352,0.173295454545455
658,"3eanD","NUC",10,"O",62,352,0.176136363636364
658,"3eanD","NUC",10,"P",0,352,0
658,"3eanD","NUC",10,"S",2,352,0.00568181818181818
659,"3eccA","NUC",10,"C",206,332,0.620481927710843
659,"3eccA","NUC",10,"N",63,332,0.189759036144578
659,"3eccA","NUC",10,"O",63,332,0.189759036144578
659,"3eccA","NUC",10,"P",0,332,0
659,"3eccA","NUC",10,"S",0,332,0
660,"3efsA","NUC",10,"C",275,434,0.633640552995392
660,"3efsA","NUC",10,"N",81,434,0.186635944700461
660,"3efsA","NUC",10,"O",78,434,0.179723502304147
660,"3efsA","NUC",10,"P",0,434,0
660,"3efsA","NUC",10,"S",0,434,0
661,"3egiB","NUC",10,"C",170,252,0.674603174603175
661,"3egiB","NUC",10,"N",37,252,0.146825396825397
661,"3egiB","NUC",10,"O",43,252,0.170634920634921
661,"3egiB","NUC",10,"P",0,252,0
661,"3egiB","NUC",10,"S",2,252,0.00793650793650794
662,"3eihA","NUC",10,"C",234,374,0.625668449197861
662,"3eihA","NUC",10,"N",63,374,0.168449197860963
662,"3eihA","NUC",10,"O",76,374,0.203208556149733
662,"3eihA","NUC",10,"P",0,374,0
662,"3eihA","NUC",10,"S",1,374,0.00267379679144385
663,"3ejmA","NUC",10,"C",184,308,0.597402597402597
663,"3ejmA","NUC",10,"N",62,308,0.201298701298701
663,"3ejmA","NUC",10,"O",60,308,0.194805194805195
663,"3ejmA","NUC",10,"P",0,308,0
663,"3ejmA","NUC",10,"S",2,308,0.00649350649350649
664,"3emdA","NUC",10,"C",165,266,0.620300751879699
664,"3emdA","NUC",10,"N",46,266,0.172932330827068
664,"3emdA","NUC",10,"O",53,266,0.199248120300752
664,"3emdA","NUC",10,"P",0,266,0
664,"3emdA","NUC",10,"S",2,266,0.0075187969924812
665,"3epsA","NUC",10,"C",322,494,0.651821862348178
665,"3epsA","NUC",10,"N",84,494,0.17004048582996
665,"3epsA","NUC",10,"O",83,494,0.168016194331984
665,"3epsA","NUC",10,"P",0,494,0
665,"3epsA","NUC",10,"S",5,494,0.0101214574898785
666,"3eujA","NUC",10,"C",200,323,0.619195046439629
666,"3eujA","NUC",10,"N",59,323,0.18266253869969
666,"3eujA","NUC",10,"O",63,323,0.195046439628483
666,"3eujA","NUC",10,"P",0,323,0
666,"3eujA","NUC",10,"S",1,323,0.00309597523219814
667,"3ewsA","NUC",10,"C",245,388,0.631443298969072
667,"3ewsA","NUC",10,"N",68,388,0.175257731958763
667,"3ewsA","NUC",10,"O",73,388,0.188144329896907
667,"3ewsA","NUC",10,"P",0,388,0
667,"3ewsA","NUC",10,"S",2,388,0.00515463917525773
668,"3ez2B","NUC",10,"C",127,198,0.641414141414141
668,"3ez2B","NUC",10,"N",31,198,0.156565656565657
668,"3ez2B","NUC",10,"O",39,198,0.196969696969697
668,"3ez2B","NUC",10,"P",0,198,0
668,"3ez2B","NUC",10,"S",1,198,0.00505050505050505
669,"3f2dC","NUC",10,"C",235,375,0.626666666666667
669,"3f2dC","NUC",10,"N",72,375,0.192
669,"3f2dC","NUC",10,"O",67,375,0.178666666666667
669,"3f2dC","NUC",10,"P",0,375,0
669,"3f2dC","NUC",10,"S",1,375,0.00266666666666667
670,"3f8pD","NUC",10,"C",278,428,0.649532710280374
670,"3f8pD","NUC",10,"N",71,428,0.16588785046729
670,"3f8pD","NUC",10,"O",76,428,0.177570093457944
670,"3f8pD","NUC",10,"P",0,428,0
670,"3f8pD","NUC",10,"S",3,428,0.00700934579439252
671,"3fceA","NUC",10,"C",300,462,0.649350649350649
671,"3fceA","NUC",10,"N",74,462,0.16017316017316
671,"3fceA","NUC",10,"O",86,462,0.186147186147186
671,"3fceA","NUC",10,"P",0,462,0
671,"3fceA","NUC",10,"S",2,462,0.00432900432900433
672,"3fd6B","NUC",10,"C",183,306,0.598039215686274
672,"3fd6B","NUC",10,"N",55,306,0.179738562091503
672,"3fd6B","NUC",10,"O",66,306,0.215686274509804
672,"3fd6B","NUC",10,"P",0,306,0
672,"3fd6B","NUC",10,"S",2,306,0.0065359477124183
673,"3fdxA","NUC",10,"C",260,395,0.658227848101266
673,"3fdxA","NUC",10,"N",65,395,0.164556962025316
673,"3fdxA","NUC",10,"O",70,395,0.177215189873418
673,"3fdxA","NUC",10,"P",0,395,0
673,"3fdxA","NUC",10,"S",0,395,0
674,"3fe2A","NUC",10,"C",200,303,0.66006600660066
674,"3fe2A","NUC",10,"N",45,303,0.148514851485149
674,"3fe2A","NUC",10,"O",58,303,0.191419141914191
674,"3fe2A","NUC",10,"P",0,303,0
674,"3fe2A","NUC",10,"S",0,303,0
675,"3ffuA","NUC",10,"C",265,408,0.649509803921569
675,"3ffuA","NUC",10,"N",75,408,0.183823529411765
675,"3ffuA","NUC",10,"O",67,408,0.16421568627451
675,"3ffuA","NUC",10,"P",0,408,0
675,"3ffuA","NUC",10,"S",1,408,0.00245098039215686
676,"3fpiA","NUC",10,"C",159,254,0.625984251968504
676,"3fpiA","NUC",10,"N",43,254,0.169291338582677
676,"3fpiA","NUC",10,"O",52,254,0.204724409448819
676,"3fpiA","NUC",10,"P",0,254,0
676,"3fpiA","NUC",10,"S",0,254,0
677,"3fvqB","NUC",10,"C",164,265,0.618867924528302
677,"3fvqB","NUC",10,"N",47,265,0.177358490566038
677,"3fvqB","NUC",10,"O",51,265,0.192452830188679
677,"3fvqB","NUC",10,"P",0,265,0
677,"3fvqB","NUC",10,"S",3,265,0.0113207547169811
678,"3fwrB","NUC",10,"C",190,296,0.641891891891892
678,"3fwrB","NUC",10,"N",53,296,0.179054054054054
678,"3fwrB","NUC",10,"O",49,296,0.165540540540541
678,"3fwrB","NUC",10,"P",0,296,0
678,"3fwrB","NUC",10,"S",4,296,0.0135135135135135
679,"3fwyA","NUC",10,"C",231,380,0.607894736842105
679,"3fwyA","NUC",10,"N",75,380,0.197368421052632
679,"3fwyA","NUC",10,"O",73,380,0.192105263157895
679,"3fwyA","NUC",10,"P",0,380,0
679,"3fwyA","NUC",10,"S",1,380,0.00263157894736842
680,"3fzpA","NUC",10,"C",265,413,0.641646489104116
680,"3fzpA","NUC",10,"N",70,413,0.169491525423729
680,"3fzpA","NUC",10,"O",75,413,0.181598062953995
680,"3fzpA","NUC",10,"P",0,413,0
680,"3fzpA","NUC",10,"S",3,413,0.00726392251815981
681,"3g2fA","NUC",10,"C",269,425,0.632941176470588
681,"3g2fA","NUC",10,"N",79,425,0.185882352941176
681,"3g2fA","NUC",10,"O",76,425,0.178823529411765
681,"3g2fA","NUC",10,"P",0,425,0
681,"3g2fA","NUC",10,"S",1,425,0.00235294117647059
682,"3g59A","NUC",10,"C",343,514,0.667315175097276
682,"3g59A","NUC",10,"N",79,514,0.153696498054475
682,"3g59A","NUC",10,"O",89,514,0.173151750972763
682,"3g59A","NUC",10,"P",0,514,0
682,"3g59A","NUC",10,"S",3,514,0.00583657587548638
683,"3gbjA","NUC",10,"C",206,348,0.591954022988506
683,"3gbjA","NUC",10,"N",68,348,0.195402298850575
683,"3gbjA","NUC",10,"O",72,348,0.206896551724138
683,"3gbjA","NUC",10,"P",0,348,0
683,"3gbjA","NUC",10,"S",2,348,0.00574712643678161
684,"3ge1B","NUC",10,"C",274,450,0.608888888888889
684,"3ge1B","NUC",10,"N",82,450,0.182222222222222
684,"3ge1B","NUC",10,"O",94,450,0.208888888888889
684,"3ge1B","NUC",10,"P",0,450,0
684,"3ge1B","NUC",10,"S",0,450,0
685,"3glfG","NUC",10,"C",257,411,0.625304136253041
685,"3glfG","NUC",10,"N",79,411,0.192214111922141
685,"3glfG","NUC",10,"O",75,411,0.182481751824818
685,"3glfG","NUC",10,"P",0,411,0
685,"3glfG","NUC",10,"S",0,411,0
686,"3gniB","NUC",10,"C",293,456,0.642543859649123
686,"3gniB","NUC",10,"N",79,456,0.173245614035088
686,"3gniB","NUC",10,"O",81,456,0.177631578947368
686,"3gniB","NUC",10,"P",0,456,0
686,"3gniB","NUC",10,"S",3,456,0.00657894736842105
687,"3go6B","NUC",10,"C",217,338,0.642011834319527
687,"3go6B","NUC",10,"N",55,338,0.162721893491124
687,"3go6B","NUC",10,"O",64,338,0.189349112426035
687,"3go6B","NUC",10,"P",0,338,0
687,"3go6B","NUC",10,"S",2,338,0.00591715976331361
688,"3gonA","NUC",10,"C",273,437,0.624713958810069
688,"3gonA","NUC",10,"N",72,437,0.164759725400458
688,"3gonA","NUC",10,"O",87,437,0.19908466819222
688,"3gonA","NUC",10,"P",0,437,0
688,"3gonA","NUC",10,"S",5,437,0.011441647597254
689,"3gplA","NUC",10,"C",238,402,0.592039800995025
689,"3gplA","NUC",10,"N",76,402,0.189054726368159
689,"3gplA","NUC",10,"O",87,402,0.216417910447761
689,"3gplA","NUC",10,"P",0,402,0
689,"3gplA","NUC",10,"S",1,402,0.00248756218905473
690,"3gqcA","NUC",10,"C",230,365,0.63013698630137
690,"3gqcA","NUC",10,"N",64,365,0.175342465753425
690,"3gqcA","NUC",10,"O",67,365,0.183561643835616
690,"3gqcA","NUC",10,"P",0,365,0
690,"3gqcA","NUC",10,"S",4,365,0.010958904109589
691,"3gqkA","NUC",10,"C",157,249,0.630522088353414
691,"3gqkA","NUC",10,"N",48,249,0.192771084337349
691,"3gqkA","NUC",10,"O",44,249,0.176706827309237
691,"3gqkA","NUC",10,"P",0,249,0
691,"3gqkA","NUC",10,"S",0,249,0
692,"3gucA","NUC",10,"C",258,405,0.637037037037037
692,"3gucA","NUC",10,"N",66,405,0.162962962962963
692,"3gucA","NUC",10,"O",79,405,0.195061728395062
692,"3gucA","NUC",10,"P",0,405,0
692,"3gucA","NUC",10,"S",2,405,0.00493827160493827
693,"3gviB","NUC",10,"C",220,338,0.650887573964497
693,"3gviB","NUC",10,"N",56,338,0.165680473372781
693,"3gviB","NUC",10,"O",60,338,0.177514792899408
693,"3gviB","NUC",10,"P",0,338,0
693,"3gviB","NUC",10,"S",2,338,0.00591715976331361
694,"3gx9A","NUC",10,"C",182,273,0.666666666666667
694,"3gx9A","NUC",10,"N",42,273,0.153846153846154
694,"3gx9A","NUC",10,"O",48,273,0.175824175824176
694,"3gx9A","NUC",10,"P",0,273,0
694,"3gx9A","NUC",10,"S",1,273,0.00366300366300366
695,"3h0lB","NUC",10,"C",210,326,0.644171779141104
695,"3h0lB","NUC",10,"N",60,326,0.184049079754601
695,"3h0lB","NUC",10,"O",55,326,0.168711656441718
695,"3h0lB","NUC",10,"P",0,326,0
695,"3h0lB","NUC",10,"S",1,326,0.00306748466257669
696,"3h3aB","NUC",10,"C",237,384,0.6171875
696,"3h3aB","NUC",10,"N",80,384,0.208333333333333
696,"3h3aB","NUC",10,"O",67,384,0.174479166666667
696,"3h3aB","NUC",10,"P",0,384,0
696,"3h3aB","NUC",10,"S",0,384,0
697,"3h4lB","NUC",10,"C",228,382,0.596858638743455
697,"3h4lB","NUC",10,"N",68,382,0.178010471204188
697,"3h4lB","NUC",10,"O",84,382,0.219895287958115
697,"3h4lB","NUC",10,"P",0,382,0
697,"3h4lB","NUC",10,"S",2,382,0.00523560209424084
698,"3h4mA","NUC",10,"C",236,375,0.629333333333333
698,"3h4mA","NUC",10,"N",67,375,0.178666666666667
698,"3h4mA","NUC",10,"O",70,375,0.186666666666667
698,"3h4mA","NUC",10,"P",0,375,0
698,"3h4mA","NUC",10,"S",2,375,0.00533333333333333
699,"3h5nA","NUC",10,"C",258,415,0.621686746987952
699,"3h5nA","NUC",10,"N",74,415,0.178313253012048
699,"3h5nA","NUC",10,"O",82,415,0.197590361445783
699,"3h5nA","NUC",10,"P",0,415,0
699,"3h5nA","NUC",10,"S",1,415,0.00240963855421687
700,"3hfwA","NUC",10,"C",222,373,0.595174262734584
700,"3hfwA","NUC",10,"N",70,373,0.187667560321716
700,"3hfwA","NUC",10,"O",76,373,0.203753351206434
700,"3hfwA","NUC",10,"P",0,373,0
700,"3hfwA","NUC",10,"S",5,373,0.0134048257372654
701,"3hgmA","NUC",10,"C",253,397,0.63727959697733
701,"3hgmA","NUC",10,"N",70,397,0.17632241813602
701,"3hgmA","NUC",10,"O",72,397,0.181360201511335
701,"3hgmA","NUC",10,"P",0,397,0
701,"3hgmA","NUC",10,"S",2,397,0.00503778337531486
702,"3hj1B","NUC",10,"C",273,437,0.624713958810069
702,"3hj1B","NUC",10,"N",79,437,0.180778032036613
702,"3hj1B","NUC",10,"O",83,437,0.189931350114416
702,"3hj1B","NUC",10,"P",0,437,0
702,"3hj1B","NUC",10,"S",2,437,0.0045766590389016
703,"3hjnA","NUC",10,"C",178,287,0.62020905923345
703,"3hjnA","NUC",10,"N",52,287,0.181184668989547
703,"3hjnA","NUC",10,"O",57,287,0.198606271777003
703,"3hjnA","NUC",10,"P",0,287,0
703,"3hjnA","NUC",10,"S",0,287,0
704,"3hkoA","NUC",10,"C",248,390,0.635897435897436
704,"3hkoA","NUC",10,"N",66,390,0.169230769230769
704,"3hkoA","NUC",10,"O",71,390,0.182051282051282
704,"3hkoA","NUC",10,"P",0,390,0
704,"3hkoA","NUC",10,"S",5,390,0.0128205128205128
705,"3hmnA","NUC",10,"C",221,350,0.631428571428571
705,"3hmnA","NUC",10,"N",60,350,0.171428571428571
705,"3hmnA","NUC",10,"O",65,350,0.185714285714286
705,"3hmnA","NUC",10,"P",0,350,0
705,"3hmnA","NUC",10,"S",4,350,0.0114285714285714
706,"3hqdA","NUC",10,"C",258,436,0.591743119266055
706,"3hqdA","NUC",10,"N",83,436,0.190366972477064
706,"3hqdA","NUC",10,"O",92,436,0.211009174311927
706,"3hqdA","NUC",10,"P",0,436,0
706,"3hqdA","NUC",10,"S",3,436,0.00688073394495413
707,"3hqoD","NUC",10,"C",220,376,0.585106382978723
707,"3hqoD","NUC",10,"N",73,376,0.194148936170213
707,"3hqoD","NUC",10,"O",80,376,0.212765957446809
707,"3hqoD","NUC",10,"P",0,376,0
707,"3hqoD","NUC",10,"S",3,376,0.00797872340425532
708,"3hwsA","NUC",10,"C",237,376,0.63031914893617
708,"3hwsA","NUC",10,"N",68,376,0.180851063829787
708,"3hwsA","NUC",10,"O",70,376,0.186170212765957
708,"3hwsA","NUC",10,"P",0,376,0
708,"3hwsA","NUC",10,"S",1,376,0.00265957446808511
709,"3hx4A","NUC",10,"C",218,342,0.637426900584795
709,"3hx4A","NUC",10,"N",56,342,0.16374269005848
709,"3hx4A","NUC",10,"O",66,342,0.192982456140351
709,"3hx4A","NUC",10,"P",0,342,0
709,"3hx4A","NUC",10,"S",2,342,0.00584795321637427
710,"3hxxA","NUC",10,"C",312,498,0.626506024096386
710,"3hxxA","NUC",10,"N",93,498,0.186746987951807
710,"3hxxA","NUC",10,"O",88,498,0.176706827309237
710,"3hxxA","NUC",10,"P",0,498,0
710,"3hxxA","NUC",10,"S",5,498,0.0100401606425703
711,"3hyoA","NUC",10,"C",252,398,0.633165829145729
711,"3hyoA","NUC",10,"N",68,398,0.170854271356784
711,"3hyoA","NUC",10,"O",76,398,0.190954773869347
711,"3hyoA","NUC",10,"P",0,398,0
711,"3hyoA","NUC",10,"S",2,398,0.0050251256281407
712,"3hz6A","NUC",10,"C",181,290,0.624137931034483
712,"3hz6A","NUC",10,"N",55,290,0.189655172413793
712,"3hz6A","NUC",10,"O",53,290,0.182758620689655
712,"3hz6A","NUC",10,"P",0,290,0
712,"3hz6A","NUC",10,"S",1,290,0.00344827586206897
713,"3hziA","NUC",10,"C",310,497,0.62374245472837
713,"3hziA","NUC",10,"N",88,497,0.177062374245473
713,"3hziA","NUC",10,"O",97,497,0.195171026156942
713,"3hziA","NUC",10,"P",0,497,0
713,"3hziA","NUC",10,"S",2,497,0.00402414486921529
714,"3i0oA","NUC",10,"C",236,366,0.644808743169399
714,"3i0oA","NUC",10,"N",65,366,0.177595628415301
714,"3i0oA","NUC",10,"O",65,366,0.177595628415301
714,"3i0oA","NUC",10,"P",0,366,0
714,"3i0oA","NUC",10,"S",0,366,0
715,"3i12D","NUC",10,"C",239,385,0.620779220779221
715,"3i12D","NUC",10,"N",68,385,0.176623376623377
715,"3i12D","NUC",10,"O",77,385,0.2
715,"3i12D","NUC",10,"P",0,385,0
715,"3i12D","NUC",10,"S",1,385,0.0025974025974026
716,"3i4lA","NUC",10,"C",258,405,0.637037037037037
716,"3i4lA","NUC",10,"N",72,405,0.177777777777778
716,"3i4lA","NUC",10,"O",75,405,0.185185185185185
716,"3i4lA","NUC",10,"P",0,405,0
716,"3i4lA","NUC",10,"S",0,405,0
717,"3i5xA","NUC",10,"C",295,463,0.637149028077754
717,"3i5xA","NUC",10,"N",82,463,0.177105831533477
717,"3i5xA","NUC",10,"O",84,463,0.181425485961123
717,"3i5xA","NUC",10,"P",0,463,0
717,"3i5xA","NUC",10,"S",2,463,0.00431965442764579
718,"3i7vA","NUC",10,"C",223,342,0.652046783625731
718,"3i7vA","NUC",10,"N",53,342,0.154970760233918
718,"3i7vA","NUC",10,"O",66,342,0.192982456140351
718,"3i7vA","NUC",10,"P",0,342,0
718,"3i7vA","NUC",10,"S",0,342,0
719,"3i8xA","NUC",10,"C",175,287,0.609756097560976
719,"3i8xA","NUC",10,"N",53,287,0.184668989547038
719,"3i8xA","NUC",10,"O",58,287,0.202090592334495
719,"3i8xA","NUC",10,"P",0,287,0
719,"3i8xA","NUC",10,"S",1,287,0.00348432055749129
720,"3iayC","NUC",10,"C",205,334,0.61377245508982
720,"3iayC","NUC",10,"N",58,334,0.173652694610778
720,"3iayC","NUC",10,"O",69,334,0.206586826347305
720,"3iayC","NUC",10,"P",0,334,0
720,"3iayC","NUC",10,"S",2,334,0.00598802395209581
721,"3ibgB","NUC",10,"C",222,350,0.634285714285714
721,"3ibgB","NUC",10,"N",58,350,0.165714285714286
721,"3ibgB","NUC",10,"O",67,350,0.191428571428571
721,"3ibgB","NUC",10,"P",0,350,0
721,"3ibgB","NUC",10,"S",3,350,0.00857142857142857
722,"3ie7A","NUC",10,"C",250,405,0.617283950617284
722,"3ie7A","NUC",10,"N",71,405,0.175308641975309
722,"3ie7A","NUC",10,"O",84,405,0.207407407407407
722,"3ie7A","NUC",10,"P",0,405,0
722,"3ie7A","NUC",10,"S",0,405,0
723,"3iedA","NUC",10,"C",232,376,0.617021276595745
723,"3iedA","NUC",10,"N",63,376,0.167553191489362
723,"3iedA","NUC",10,"O",78,376,0.207446808510638
723,"3iedA","NUC",10,"P",0,376,0
723,"3iedA","NUC",10,"S",3,376,0.00797872340425532
724,"3iewA","NUC",10,"C",171,279,0.612903225806452
724,"3iewA","NUC",10,"N",52,279,0.186379928315412
724,"3iewA","NUC",10,"O",56,279,0.200716845878136
724,"3iewA","NUC",10,"P",0,279,0
724,"3iewA","NUC",10,"S",0,279,0
725,"3ig8A","NUC",10,"C",259,423,0.612293144208038
725,"3ig8A","NUC",10,"N",77,423,0.182033096926714
725,"3ig8A","NUC",10,"O",86,423,0.203309692671395
725,"3ig8A","NUC",10,"P",0,423,0
725,"3ig8A","NUC",10,"S",1,423,0.00236406619385343
726,"3ih0A","NUC",10,"C",237,379,0.62532981530343
726,"3ih0A","NUC",10,"N",66,379,0.174142480211082
726,"3ih0A","NUC",10,"O",76,379,0.200527704485488
726,"3ih0A","NUC",10,"P",0,379,0
726,"3ih0A","NUC",10,"S",0,379,0
727,"3ihlA","NUC",10,"C",167,273,0.611721611721612
727,"3ihlA","NUC",10,"N",54,273,0.197802197802198
727,"3ihlA","NUC",10,"O",52,273,0.19047619047619
727,"3ihlA","NUC",10,"P",0,273,0
727,"3ihlA","NUC",10,"S",0,273,0
728,"3ikhA","NUC",10,"C",234,377,0.620689655172414
728,"3ikhA","NUC",10,"N",66,377,0.175066312997347
728,"3ikhA","NUC",10,"O",76,377,0.20159151193634
728,"3ikhA","NUC",10,"P",0,377,0
728,"3ikhA","NUC",10,"S",1,377,0.0026525198938992
729,"3in1A","NUC",10,"C",215,340,0.63235294117647
729,"3in1A","NUC",10,"N",57,340,0.167647058823529
729,"3in1A","NUC",10,"O",67,340,0.197058823529412
729,"3in1A","NUC",10,"P",0,340,0
729,"3in1A","NUC",10,"S",1,340,0.00294117647058824
730,"3innD","NUC",10,"C",310,476,0.651260504201681
730,"3innD","NUC",10,"N",80,476,0.168067226890756
730,"3innD","NUC",10,"O",83,476,0.17436974789916
730,"3innD","NUC",10,"P",0,476,0
730,"3innD","NUC",10,"S",3,476,0.00630252100840336
731,"3io3A","NUC",10,"C",235,369,0.636856368563686
731,"3io3A","NUC",10,"N",63,369,0.170731707317073
731,"3io3A","NUC",10,"O",69,369,0.186991869918699
731,"3io3A","NUC",10,"P",0,369,0
731,"3io3A","NUC",10,"S",2,369,0.00542005420054201
732,"3iq0A","NUC",10,"C",248,406,0.610837438423645
732,"3iq0A","NUC",10,"N",75,406,0.184729064039409
732,"3iq0A","NUC",10,"O",81,406,0.199507389162562
732,"3iq0A","NUC",10,"P",0,406,0
732,"3iq0A","NUC",10,"S",2,406,0.00492610837438424
733,"3iqxA","NUC",10,"C",216,345,0.626086956521739
733,"3iqxA","NUC",10,"N",60,345,0.173913043478261
733,"3iqxA","NUC",10,"O",66,345,0.191304347826087
733,"3iqxA","NUC",10,"P",0,345,0
733,"3iqxA","NUC",10,"S",3,345,0.00869565217391304
734,"3is5F","NUC",10,"C",206,331,0.622356495468278
734,"3is5F","NUC",10,"N",59,331,0.178247734138973
734,"3is5F","NUC",10,"O",64,331,0.193353474320242
734,"3is5F","NUC",10,"P",0,331,0
734,"3is5F","NUC",10,"S",2,331,0.00604229607250755
735,"3iwjA","NUC",10,"C",241,370,0.651351351351351
735,"3iwjA","NUC",10,"N",59,370,0.159459459459459
735,"3iwjA","NUC",10,"O",67,370,0.181081081081081
735,"3iwjA","NUC",10,"P",0,370,0
735,"3iwjA","NUC",10,"S",3,370,0.00810810810810811
736,"3j15B","NUC",10,"C",197,310,0.635483870967742
736,"3j15B","NUC",10,"N",53,310,0.170967741935484
736,"3j15B","NUC",10,"O",60,310,0.193548387096774
736,"3j15B","NUC",10,"P",0,310,0
736,"3j15B","NUC",10,"S",0,310,0
737,"3j5vA","NUC",10,"C",247,411,0.600973236009732
737,"3j5vA","NUC",10,"N",75,411,0.182481751824818
737,"3j5vA","NUC",10,"O",85,411,0.206812652068127
737,"3j5vA","NUC",10,"P",0,411,0
737,"3j5vA","NUC",10,"S",4,411,0.0097323600973236
738,"3j94A","NUC",10,"C",253,383,0.660574412532637
738,"3j94A","NUC",10,"N",67,383,0.174934725848564
738,"3j94A","NUC",10,"O",62,383,0.161879895561358
738,"3j94A","NUC",10,"P",0,383,0
738,"3j94A","NUC",10,"S",1,383,0.00261096605744125
739,"3j9lG","NUC",10,"C",298,454,0.656387665198238
739,"3j9lG","NUC",10,"N",77,454,0.169603524229075
739,"3j9lG","NUC",10,"O",79,454,0.174008810572687
739,"3j9lG","NUC",10,"P",0,454,0
739,"3j9lG","NUC",10,"S",0,454,0
740,"3jbzA","NUC",10,"C",226,358,0.631284916201117
740,"3jbzA","NUC",10,"N",66,358,0.184357541899441
740,"3jbzA","NUC",10,"O",63,358,0.175977653631285
740,"3jbzA","NUC",10,"P",0,358,0
740,"3jbzA","NUC",10,"S",3,358,0.00837988826815642
741,"3jq3A","NUC",10,"C",218,356,0.612359550561798
741,"3jq3A","NUC",10,"N",71,356,0.199438202247191
741,"3jq3A","NUC",10,"O",65,356,0.182584269662921
741,"3jq3A","NUC",10,"P",0,356,0
741,"3jq3A","NUC",10,"S",2,356,0.00561797752808989
742,"3jqmI","NUC",10,"C",131,208,0.629807692307692
742,"3jqmI","NUC",10,"N",36,208,0.173076923076923
742,"3jqmI","NUC",10,"O",38,208,0.182692307692308
742,"3jqmI","NUC",10,"P",0,208,0
742,"3jqmI","NUC",10,"S",3,208,0.0144230769230769
743,"3ju6A","NUC",10,"C",244,397,0.614609571788413
743,"3ju6A","NUC",10,"N",77,397,0.193954659949622
743,"3ju6A","NUC",10,"O",74,397,0.18639798488665
743,"3ju6A","NUC",10,"P",0,397,0
743,"3ju6A","NUC",10,"S",2,397,0.00503778337531486
744,"3jvvA","NUC",10,"C",206,340,0.605882352941176
744,"3jvvA","NUC",10,"N",67,340,0.197058823529412
744,"3jvvA","NUC",10,"O",66,340,0.194117647058824
744,"3jvvA","NUC",10,"P",0,340,0
744,"3jvvA","NUC",10,"S",1,340,0.00294117647058824
745,"3k09F","NUC",10,"C",203,330,0.615151515151515
745,"3k09F","NUC",10,"N",59,330,0.178787878787879
745,"3k09F","NUC",10,"O",66,330,0.2
745,"3k09F","NUC",10,"P",0,330,0
745,"3k09F","NUC",10,"S",2,330,0.00606060606060606
746,"3k1jA","NUC",10,"C",262,413,0.634382566585956
746,"3k1jA","NUC",10,"N",74,413,0.179176755447942
746,"3k1jA","NUC",10,"O",74,413,0.179176755447942
746,"3k1jA","NUC",10,"P",0,413,0
746,"3k1jA","NUC",10,"S",3,413,0.00726392251815981
747,"3k30A","NUC",10,"C",276,440,0.627272727272727
747,"3k30A","NUC",10,"N",77,440,0.175
747,"3k30A","NUC",10,"O",86,440,0.195454545454545
747,"3k30A","NUC",10,"P",0,440,0
747,"3k30A","NUC",10,"S",1,440,0.00227272727272727
748,"3k58A","NUC",10,"C",201,320,0.628125
748,"3k58A","NUC",10,"N",51,320,0.159375
748,"3k58A","NUC",10,"O",66,320,0.20625
748,"3k58A","NUC",10,"P",0,320,0
748,"3k58A","NUC",10,"S",2,320,0.00625
749,"3k5iA","NUC",10,"C",275,439,0.626423690205011
749,"3k5iA","NUC",10,"N",81,439,0.184510250569476
749,"3k5iA","NUC",10,"O",79,439,0.17995444191344
749,"3k5iA","NUC",10,"P",0,439,0
749,"3k5iA","NUC",10,"S",4,439,0.00911161731207289
750,"3k60A","NUC",10,"C",234,367,0.637602179836512
750,"3k60A","NUC",10,"N",62,367,0.168937329700272
750,"3k60A","NUC",10,"O",70,367,0.190735694822888
750,"3k60A","NUC",10,"P",0,367,0
750,"3k60A","NUC",10,"S",1,367,0.00272479564032698
751,"3k8dA","NUC",10,"C",240,392,0.612244897959184
751,"3k8dA","NUC",10,"N",72,392,0.183673469387755
751,"3k8dA","NUC",10,"O",78,392,0.198979591836735
751,"3k8dA","NUC",10,"P",0,392,0
751,"3k8dA","NUC",10,"S",2,392,0.00510204081632653
752,"3kalA","NUC",10,"C",285,460,0.619565217391304
752,"3kalA","NUC",10,"N",83,460,0.180434782608696
752,"3kalA","NUC",10,"O",89,460,0.193478260869565
752,"3kalA","NUC",10,"P",0,460,0
752,"3kalA","NUC",10,"S",3,460,0.00652173913043478
753,"3karA","NUC",10,"C",220,378,0.582010582010582
753,"3karA","NUC",10,"N",75,378,0.198412698412698
753,"3karA","NUC",10,"O",82,378,0.216931216931217
753,"3karA","NUC",10,"P",0,378,0
753,"3karA","NUC",10,"S",1,378,0.00264550264550265
754,"3kb1A","NUC",10,"C",236,369,0.639566395663957
754,"3kb1A","NUC",10,"N",60,369,0.16260162601626
754,"3kb1A","NUC",10,"O",73,369,0.197831978319783
754,"3kb1A","NUC",10,"P",0,369,0
754,"3kb1A","NUC",10,"S",0,369,0
755,"3ke5B","NUC",10,"C",156,252,0.619047619047619
755,"3ke5B","NUC",10,"N",43,252,0.170634920634921
755,"3ke5B","NUC",10,"O",53,252,0.21031746031746
755,"3ke5B","NUC",10,"P",0,252,0
755,"3ke5B","NUC",10,"S",0,252,0
756,"3kexA","NUC",10,"C",265,417,0.635491606714628
756,"3kexA","NUC",10,"N",77,417,0.184652278177458
756,"3kexA","NUC",10,"O",74,417,0.177458033573141
756,"3kexA","NUC",10,"P",0,417,0
756,"3kexA","NUC",10,"S",1,417,0.00239808153477218
757,"3kfeH","NUC",10,"C",302,488,0.618852459016393
757,"3kfeH","NUC",10,"N",83,488,0.170081967213115
757,"3kfeH","NUC",10,"O",102,488,0.209016393442623
757,"3kfeH","NUC",10,"P",0,488,0
757,"3kfeH","NUC",10,"S",1,488,0.00204918032786885
758,"3kgdD","NUC",10,"C",220,346,0.635838150289017
758,"3kgdD","NUC",10,"N",60,346,0.173410404624277
758,"3kgdD","NUC",10,"O",65,346,0.187861271676301
758,"3kgdD","NUC",10,"P",0,346,0
758,"3kgdD","NUC",10,"S",1,346,0.00289017341040462
759,"3kh5A","NUC",10,"C",221,350,0.631428571428571
759,"3kh5A","NUC",10,"N",65,350,0.185714285714286
759,"3kh5A","NUC",10,"O",61,350,0.174285714285714
759,"3kh5A","NUC",10,"P",0,350,0
759,"3kh5A","NUC",10,"S",3,350,0.00857142857142857
760,"3kjgA","NUC",10,"C",245,385,0.636363636363636
760,"3kjgA","NUC",10,"N",64,385,0.166233766233766
760,"3kjgA","NUC",10,"O",75,385,0.194805194805195
760,"3kjgA","NUC",10,"P",0,385,0
760,"3kjgA","NUC",10,"S",1,385,0.0025974025974026
761,"3kkqA","NUC",10,"C",232,366,0.633879781420765
761,"3kkqA","NUC",10,"N",59,366,0.16120218579235
761,"3kkqA","NUC",10,"O",75,366,0.204918032786885
761,"3kkqA","NUC",10,"P",0,366,0
761,"3kkqA","NUC",10,"S",0,366,0
762,"3kmwA","NUC",10,"C",272,431,0.631090487238979
762,"3kmwA","NUC",10,"N",78,431,0.180974477958237
762,"3kmwA","NUC",10,"O",79,431,0.183294663573086
762,"3kmwA","NUC",10,"P",0,431,0
762,"3kmwA","NUC",10,"S",2,431,0.00464037122969838
763,"3kn5B","NUC",10,"C",220,345,0.63768115942029
763,"3kn5B","NUC",10,"N",58,345,0.168115942028985
763,"3kn5B","NUC",10,"O",64,345,0.185507246376812
763,"3kn5B","NUC",10,"P",0,345,0
763,"3kn5B","NUC",10,"S",3,345,0.00869565217391304
764,"3kvgB","NUC",10,"C",297,481,0.617463617463617
764,"3kvgB","NUC",10,"N",82,481,0.17047817047817
764,"3kvgB","NUC",10,"O",101,481,0.20997920997921
764,"3kvgB","NUC",10,"P",0,481,0
764,"3kvgB","NUC",10,"S",1,481,0.00207900207900208
765,"3kx2A","NUC",10,"C",269,437,0.615560640732265
765,"3kx2A","NUC",10,"N",85,437,0.194508009153318
765,"3kx2A","NUC",10,"O",81,437,0.185354691075515
765,"3kx2A","NUC",10,"P",0,437,0
765,"3kx2A","NUC",10,"S",2,437,0.0045766590389016
766,"3l2pA","NUC",10,"C",250,388,0.644329896907217
766,"3l2pA","NUC",10,"N",69,388,0.177835051546392
766,"3l2pA","NUC",10,"O",67,388,0.172680412371134
766,"3l2pA","NUC",10,"P",0,388,0
766,"3l2pA","NUC",10,"S",2,388,0.00515463917525773
767,"3l86A","NUC",10,"C",219,347,0.631123919308357
767,"3l86A","NUC",10,"N",63,347,0.181556195965418
767,"3l86A","NUC",10,"O",63,347,0.181556195965418
767,"3l86A","NUC",10,"P",0,347,0
767,"3l86A","NUC",10,"S",2,347,0.00576368876080692
768,"3l8kA","NUC",10,"C",301,471,0.639065817409766
768,"3l8kA","NUC",10,"N",82,471,0.174097664543524
768,"3l8kA","NUC",10,"O",83,471,0.176220806794055
768,"3l8kA","NUC",10,"P",0,471,0
768,"3l8kA","NUC",10,"S",5,471,0.0106157112526539
769,"3la6B","NUC",10,"C",261,410,0.636585365853659
769,"3la6B","NUC",10,"N",69,410,0.168292682926829
769,"3la6B","NUC",10,"O",78,410,0.190243902439024
769,"3la6B","NUC",10,"P",0,410,0
769,"3la6B","NUC",10,"S",2,410,0.0048780487804878
770,"3lduA","NUC",10,"C",279,424,0.658018867924528
770,"3lduA","NUC",10,"N",66,424,0.155660377358491
770,"3lduA","NUC",10,"O",78,424,0.183962264150943
770,"3lduA","NUC",10,"P",0,424,0
770,"3lduA","NUC",10,"S",1,424,0.00235849056603774
771,"3lf0B","NUC",10,"C",156,236,0.661016949152542
771,"3lf0B","NUC",10,"N",45,236,0.190677966101695
771,"3lf0B","NUC",10,"O",35,236,0.148305084745763
771,"3lf0B","NUC",10,"P",0,236,0
771,"3lf0B","NUC",10,"S",0,236,0
772,"3lgxC","NUC",10,"C",320,498,0.642570281124498
772,"3lgxC","NUC",10,"N",83,498,0.166666666666667
772,"3lgxC","NUC",10,"O",94,498,0.188755020080321
772,"3lgxC","NUC",10,"P",0,498,0
772,"3lgxC","NUC",10,"S",1,498,0.00200803212851406
773,"3lj0A","NUC",10,"C",260,402,0.646766169154229
773,"3lj0A","NUC",10,"N",67,402,0.166666666666667
773,"3lj0A","NUC",10,"O",73,402,0.181592039800995
773,"3lj0A","NUC",10,"P",0,402,0
773,"3lj0A","NUC",10,"S",2,402,0.00497512437810945
774,"3lkiB","NUC",10,"C",247,400,0.6175
774,"3lkiB","NUC",10,"N",75,400,0.1875
774,"3lkiB","NUC",10,"O",77,400,0.1925
774,"3lkiB","NUC",10,"P",0,400,0
774,"3lkiB","NUC",10,"S",1,400,0.0025
775,"3lkkB","NUC",10,"C",261,413,0.631961259079903
775,"3lkkB","NUC",10,"N",73,413,0.176755447941889
775,"3lkkB","NUC",10,"O",76,413,0.184019370460048
775,"3lkkB","NUC",10,"P",0,413,0
775,"3lkkB","NUC",10,"S",3,413,0.00726392251815981
776,"3ll3A","NUC",10,"C",214,346,0.61849710982659
776,"3ll3A","NUC",10,"N",60,346,0.173410404624277
776,"3ll3A","NUC",10,"O",71,346,0.205202312138728
776,"3ll3A","NUC",10,"P",0,346,0
776,"3ll3A","NUC",10,"S",1,346,0.00289017341040462
777,"3ll9B","NUC",10,"C",220,346,0.635838150289017
777,"3ll9B","NUC",10,"N",63,346,0.182080924855491
777,"3ll9B","NUC",10,"O",63,346,0.182080924855491
777,"3ll9B","NUC",10,"P",0,346,0
777,"3ll9B","NUC",10,"S",0,346,0
778,"3llmB","NUC",10,"C",161,258,0.624031007751938
778,"3llmB","NUC",10,"N",48,258,0.186046511627907
778,"3llmB","NUC",10,"O",48,258,0.186046511627907
778,"3llmB","NUC",10,"P",0,258,0
778,"3llmB","NUC",10,"S",1,258,0.00387596899224806
779,"3lltA","NUC",10,"C",277,437,0.633867276887872
779,"3lltA","NUC",10,"N",80,437,0.183066361556064
779,"3lltA","NUC",10,"O",78,437,0.178489702517162
779,"3lltA","NUC",10,"P",0,437,0
779,"3lltA","NUC",10,"S",2,437,0.0045766590389016
780,"3lq3A","NUC",10,"C",223,349,0.638968481375358
780,"3lq3A","NUC",10,"N",62,349,0.177650429799427
780,"3lq3A","NUC",10,"O",63,349,0.180515759312321
780,"3lq3A","NUC",10,"P",0,349,0
780,"3lq3A","NUC",10,"S",1,349,0.00286532951289398
781,"3lreB","NUC",10,"C",198,345,0.573913043478261
781,"3lreB","NUC",10,"N",69,345,0.2
781,"3lreB","NUC",10,"O",77,345,0.223188405797101
781,"3lreB","NUC",10,"P",0,345,0
781,"3lreB","NUC",10,"S",1,345,0.00289855072463768
782,"3lrpA","NUC",10,"C",190,307,0.618892508143323
782,"3lrpA","NUC",10,"N",54,307,0.175895765472313
782,"3lrpA","NUC",10,"O",61,307,0.198697068403909
782,"3lrpA","NUC",10,"P",0,307,0
782,"3lrpA","NUC",10,"S",2,307,0.00651465798045603
783,"3lssB","NUC",10,"C",264,439,0.601366742596811
783,"3lssB","NUC",10,"N",82,439,0.186788154897494
783,"3lssB","NUC",10,"O",87,439,0.198177676537585
783,"3lssB","NUC",10,"P",0,439,0
783,"3lssB","NUC",10,"S",6,439,0.0136674259681093
784,"3lv8A","NUC",10,"C",166,272,0.610294117647059
784,"3lv8A","NUC",10,"N",47,272,0.172794117647059
784,"3lv8A","NUC",10,"O",59,272,0.216911764705882
784,"3lv8A","NUC",10,"P",0,272,0
784,"3lv8A","NUC",10,"S",0,272,0
785,"3lvqA","NUC",10,"C",282,455,0.61978021978022
785,"3lvqA","NUC",10,"N",79,455,0.173626373626374
785,"3lvqA","NUC",10,"O",89,455,0.195604395604396
785,"3lvqA","NUC",10,"P",0,455,0
785,"3lvqA","NUC",10,"S",5,455,0.010989010989011
786,"3lxxA","NUC",10,"C",188,312,0.602564102564103
786,"3lxxA","NUC",10,"N",59,312,0.189102564102564
786,"3lxxA","NUC",10,"O",65,312,0.208333333333333
786,"3lxxA","NUC",10,"P",0,312,0
786,"3lxxA","NUC",10,"S",0,312,0
787,"3lzzA","NUC",10,"C",191,290,0.658620689655172
787,"3lzzA","NUC",10,"N",46,290,0.158620689655172
787,"3lzzA","NUC",10,"O",52,290,0.179310344827586
787,"3lzzA","NUC",10,"P",0,290,0
787,"3lzzA","NUC",10,"S",1,290,0.00344827586206897
788,"3m6aA","NUC",10,"C",241,384,0.627604166666667
788,"3m6aA","NUC",10,"N",75,384,0.1953125
788,"3m6aA","NUC",10,"O",68,384,0.177083333333333
788,"3m6aA","NUC",10,"P",0,384,0
788,"3m6aA","NUC",10,"S",0,384,0
789,"3m93A","NUC",10,"C",170,269,0.631970260223048
789,"3m93A","NUC",10,"N",51,269,0.189591078066914
789,"3m93A","NUC",10,"O",46,269,0.171003717472119
789,"3m93A","NUC",10,"P",0,269,0
789,"3m93A","NUC",10,"S",2,269,0.00743494423791822
790,"3mbiA","NUC",10,"C",195,323,0.603715170278638
790,"3mbiA","NUC",10,"N",64,323,0.198142414860681
790,"3mbiA","NUC",10,"O",64,323,0.198142414860681
790,"3mbiA","NUC",10,"P",0,323,0
790,"3mbiA","NUC",10,"S",0,323,0
791,"3meyB","NUC",10,"C",274,422,0.649289099526066
791,"3meyB","NUC",10,"N",71,422,0.16824644549763
791,"3meyB","NUC",10,"O",70,422,0.165876777251185
791,"3meyB","NUC",10,"P",0,422,0
791,"3meyB","NUC",10,"S",7,422,0.0165876777251185
792,"3mfsA","NUC",10,"C",255,397,0.642317380352645
792,"3mfsA","NUC",10,"N",66,397,0.16624685138539
792,"3mfsA","NUC",10,"O",72,397,0.181360201511335
792,"3mfsA","NUC",10,"P",0,397,0
792,"3mfsA","NUC",10,"S",4,397,0.0100755667506297
793,"3mhyB","NUC",10,"C",160,243,0.65843621399177
793,"3mhyB","NUC",10,"N",44,243,0.181069958847737
793,"3mhyB","NUC",10,"O",38,243,0.156378600823045
793,"3mhyB","NUC",10,"P",0,243,0
793,"3mhyB","NUC",10,"S",1,243,0.00411522633744856
794,"3miaA","NUC",10,"C",237,371,0.638814016172507
794,"3miaA","NUC",10,"N",63,371,0.169811320754717
794,"3miaA","NUC",10,"O",70,371,0.188679245283019
794,"3miaA","NUC",10,"P",0,371,0
794,"3miaA","NUC",10,"S",1,371,0.00269541778975741
795,"3mleB","NUC",10,"C",174,287,0.606271777003484
795,"3mleB","NUC",10,"N",52,287,0.181184668989547
795,"3mleB","NUC",10,"O",60,287,0.209059233449477
795,"3mleB","NUC",10,"P",0,287,0
795,"3mleB","NUC",10,"S",1,287,0.00348432055749129
796,"3mufA","NUC",10,"C",200,331,0.604229607250755
796,"3mufA","NUC",10,"N",65,331,0.196374622356495
796,"3mufA","NUC",10,"O",63,331,0.190332326283988
796,"3mufA","NUC",10,"P",0,331,0
796,"3mufA","NUC",10,"S",3,331,0.00906344410876133
797,"3mwyA","NUC",10,"C",232,370,0.627027027027027
797,"3mwyA","NUC",10,"N",68,370,0.183783783783784
797,"3mwyA","NUC",10,"O",69,370,0.186486486486486
797,"3mwyA","NUC",10,"P",0,370,0
797,"3mwyA","NUC",10,"S",1,370,0.0027027027027027
798,"3n6mA","NUC",10,"C",215,354,0.607344632768362
798,"3n6mA","NUC",10,"N",59,354,0.166666666666667
798,"3n6mA","NUC",10,"O",78,354,0.220338983050847
798,"3n6mA","NUC",10,"P",0,354,0
798,"3n6mA","NUC",10,"S",2,354,0.00564971751412429
799,"3n8dB","NUC",10,"C",209,327,0.63914373088685
799,"3n8dB","NUC",10,"N",54,327,0.165137614678899
799,"3n8dB","NUC",10,"O",62,327,0.18960244648318
799,"3n8dB","NUC",10,"P",0,327,0
799,"3n8dB","NUC",10,"S",2,327,0.00611620795107034
800,"3nbfC","NUC",10,"C",151,236,0.639830508474576
800,"3nbfC","NUC",10,"N",38,236,0.161016949152542
800,"3nbfC","NUC",10,"O",45,236,0.190677966101695
800,"3nbfC","NUC",10,"P",0,236,0
800,"3nbfC","NUC",10,"S",2,236,0.00847457627118644
801,"3ncrC","NUC",10,"C",125,201,0.621890547263682
801,"3ncrC","NUC",10,"N",38,201,0.189054726368159
801,"3ncrC","NUC",10,"O",38,201,0.189054726368159
801,"3ncrC","NUC",10,"P",0,201,0
801,"3ncrC","NUC",10,"S",0,201,0
802,"3nd6A","NUC",10,"C",267,412,0.648058252427185
802,"3nd6A","NUC",10,"N",72,412,0.174757281553398
802,"3nd6A","NUC",10,"O",73,412,0.177184466019417
802,"3nd6A","NUC",10,"P",0,412,0
802,"3nd6A","NUC",10,"S",0,412,0
803,"3ng0A","NUC",10,"C",282,440,0.640909090909091
803,"3ng0A","NUC",10,"N",80,440,0.181818181818182
803,"3ng0A","NUC",10,"O",78,440,0.177272727272727
803,"3ng0A","NUC",10,"P",0,440,0
803,"3ng0A","NUC",10,"S",0,440,0
804,"3nhbA","NUC",10,"C",165,256,0.64453125
804,"3nhbA","NUC",10,"N",43,256,0.16796875
804,"3nhbA","NUC",10,"O",48,256,0.1875
804,"3nhbA","NUC",10,"P",0,256,0
804,"3nhbA","NUC",10,"S",0,256,0
805,"3nieA","NUC",10,"C",293,460,0.63695652173913
805,"3nieA","NUC",10,"N",82,460,0.178260869565217
805,"3nieA","NUC",10,"O",83,460,0.180434782608696
805,"3nieA","NUC",10,"P",0,460,0
805,"3nieA","NUC",10,"S",2,460,0.00434782608695652
806,"3nizA","NUC",10,"C",272,414,0.657004830917874
806,"3nizA","NUC",10,"N",67,414,0.161835748792271
806,"3nizA","NUC",10,"O",74,414,0.178743961352657
806,"3nizA","NUC",10,"P",0,414,0
806,"3nizA","NUC",10,"S",1,414,0.00241545893719807
807,"3nl6A","NUC",10,"C",261,411,0.635036496350365
807,"3nl6A","NUC",10,"N",69,411,0.167883211678832
807,"3nl6A","NUC",10,"O",78,411,0.18978102189781
807,"3nl6A","NUC",10,"P",0,411,0
807,"3nl6A","NUC",10,"S",3,411,0.0072992700729927
808,"3o3pB","NUC",10,"C",255,423,0.602836879432624
808,"3o3pB","NUC",10,"N",80,423,0.189125295508274
808,"3o3pB","NUC",10,"O",86,423,0.203309692671395
808,"3o3pB","NUC",10,"P",0,423,0
808,"3o3pB","NUC",10,"S",2,423,0.00472813238770686
809,"3o6xA","NUC",10,"C",229,370,0.618918918918919
809,"3o6xA","NUC",10,"N",70,370,0.189189189189189
809,"3o6xA","NUC",10,"O",68,370,0.183783783783784
809,"3o6xA","NUC",10,"P",0,370,0
809,"3o6xA","NUC",10,"S",3,370,0.00810810810810811
810,"3o8dA","NUC",10,"C",219,361,0.606648199445983
810,"3o8dA","NUC",10,"N",73,361,0.202216066481994
810,"3o8dA","NUC",10,"O",68,361,0.188365650969529
810,"3o8dA","NUC",10,"P",0,361,0
810,"3o8dA","NUC",10,"S",1,361,0.00277008310249307
811,"3o8lA","NUC",10,"C",222,363,0.611570247933884
811,"3o8lA","NUC",10,"N",71,363,0.195592286501377
811,"3o8lA","NUC",10,"O",67,363,0.184573002754821
811,"3o8lA","NUC",10,"P",0,363,0
811,"3o8lA","NUC",10,"S",3,363,0.00826446280991736
812,"3o98A","NUC",10,"C",308,493,0.62474645030426
812,"3o98A","NUC",10,"N",92,493,0.186612576064909
812,"3o98A","NUC",10,"O",89,493,0.18052738336714
812,"3o98A","NUC",10,"P",0,493,0
812,"3o98A","NUC",10,"S",4,493,0.00811359026369168
813,"3oaaD","NUC",10,"C",220,350,0.628571428571429
813,"3oaaD","NUC",10,"N",62,350,0.177142857142857
813,"3oaaD","NUC",10,"O",65,350,0.185714285714286
813,"3oaaD","NUC",10,"P",0,350,0
813,"3oaaD","NUC",10,"S",3,350,0.00857142857142857
814,"3oaaI","NUC",10,"C",213,341,0.624633431085044
814,"3oaaI","NUC",10,"N",62,341,0.181818181818182
814,"3oaaI","NUC",10,"O",66,341,0.193548387096774
814,"3oaaI","NUC",10,"P",0,341,0
814,"3oaaI","NUC",10,"S",0,341,0
815,"3ocmA","NUC",10,"C",219,330,0.663636363636364
815,"3ocmA","NUC",10,"N",49,330,0.148484848484848
815,"3ocmA","NUC",10,"O",61,330,0.184848484848485
815,"3ocmA","NUC",10,"P",0,330,0
815,"3ocmA","NUC",10,"S",1,330,0.00303030303030303
816,"3ohaA","NUC",10,"C",199,323,0.61609907120743
816,"3ohaA","NUC",10,"N",60,323,0.185758513931889
816,"3ohaA","NUC",10,"O",61,323,0.188854489164087
816,"3ohaA","NUC",10,"P",0,323,0
816,"3ohaA","NUC",10,"S",3,323,0.00928792569659443
817,"3ohrA","NUC",10,"C",162,265,0.611320754716981
817,"3ohrA","NUC",10,"N",43,265,0.162264150943396
817,"3ohrA","NUC",10,"O",60,265,0.226415094339623
817,"3ohrA","NUC",10,"P",0,265,0
817,"3ohrA","NUC",10,"S",0,265,0
818,"3okaA","NUC",10,"C",224,350,0.64
818,"3okaA","NUC",10,"N",63,350,0.18
818,"3okaA","NUC",10,"O",59,350,0.168571428571429
818,"3okaA","NUC",10,"P",0,350,0
818,"3okaA","NUC",10,"S",4,350,0.0114285714285714
819,"3opyD","NUC",10,"C",220,348,0.632183908045977
819,"3opyD","NUC",10,"N",62,348,0.17816091954023
819,"3opyD","NUC",10,"O",64,348,0.183908045977011
819,"3opyD","NUC",10,"P",0,348,0
819,"3opyD","NUC",10,"S",2,348,0.00574712643678161
820,"3orkA","NUC",10,"C",265,414,0.640096618357488
820,"3orkA","NUC",10,"N",72,414,0.173913043478261
820,"3orkA","NUC",10,"O",73,414,0.176328502415459
820,"3orkA","NUC",10,"P",0,414,0
820,"3orkA","NUC",10,"S",4,414,0.00966183574879227
821,"3otbA","NUC",10,"C",196,321,0.610591900311526
821,"3otbA","NUC",10,"N",60,321,0.186915887850467
821,"3otbA","NUC",10,"O",62,321,0.193146417445483
821,"3otbA","NUC",10,"P",0,321,0
821,"3otbA","NUC",10,"S",3,321,0.00934579439252336
822,"3ouuA","NUC",10,"C",273,445,0.613483146067416
822,"3ouuA","NUC",10,"N",87,445,0.195505617977528
822,"3ouuA","NUC",10,"O",84,445,0.18876404494382
822,"3ouuA","NUC",10,"P",0,445,0
822,"3ouuA","NUC",10,"S",1,445,0.00224719101123596
823,"3ozxB","NUC",10,"C",190,295,0.64406779661017
823,"3ozxB","NUC",10,"N",52,295,0.176271186440678
823,"3ozxB","NUC",10,"O",53,295,0.179661016949153
823,"3ozxB","NUC",10,"P",0,295,0
823,"3ozxB","NUC",10,"S",0,295,0
824,"3p23C","NUC",10,"C",244,384,0.635416666666667
824,"3p23C","NUC",10,"N",71,384,0.184895833333333
824,"3p23C","NUC",10,"O",66,384,0.171875
824,"3p23C","NUC",10,"P",0,384,0
824,"3p23C","NUC",10,"S",3,384,0.0078125
825,"3peyA","NUC",10,"C",270,422,0.639810426540284
825,"3peyA","NUC",10,"N",75,422,0.177725118483412
825,"3peyA","NUC",10,"O",75,422,0.177725118483412
825,"3peyA","NUC",10,"P",0,422,0
825,"3peyA","NUC",10,"S",2,422,0.004739336492891
826,"3pfiA","NUC",10,"C",251,381,0.658792650918635
826,"3pfiA","NUC",10,"N",66,381,0.173228346456693
826,"3pfiA","NUC",10,"O",64,381,0.167979002624672
826,"3pfiA","NUC",10,"P",0,381,0
826,"3pfiA","NUC",10,"S",0,381,0
827,"3pfqA","NUC",10,"C",251,382,0.657068062827225
827,"3pfqA","NUC",10,"N",59,382,0.154450261780105
827,"3pfqA","NUC",10,"O",67,382,0.175392670157068
827,"3pfqA","NUC",10,"P",0,382,0
827,"3pfqA","NUC",10,"S",5,382,0.0130890052356021
828,"3pkpA","NUC",10,"C",223,360,0.619444444444444
828,"3pkpA","NUC",10,"N",61,360,0.169444444444444
828,"3pkpA","NUC",10,"O",75,360,0.208333333333333
828,"3pkpA","NUC",10,"P",0,360,0
828,"3pkpA","NUC",10,"S",1,360,0.00277777777777778
829,"3plsA","NUC",10,"C",244,384,0.635416666666667
829,"3plsA","NUC",10,"N",72,384,0.1875
829,"3plsA","NUC",10,"O",64,384,0.166666666666667
829,"3plsA","NUC",10,"P",0,384,0
829,"3plsA","NUC",10,"S",4,384,0.0104166666666667
830,"3pnlB","NUC",10,"C",253,406,0.623152709359606
830,"3pnlB","NUC",10,"N",73,406,0.179802955665025
830,"3pnlB","NUC",10,"O",77,406,0.189655172413793
830,"3pnlB","NUC",10,"P",0,406,0
830,"3pnlB","NUC",10,"S",3,406,0.00738916256157635
831,"3pqcA","NUC",10,"C",208,337,0.617210682492582
831,"3pqcA","NUC",10,"N",61,337,0.181008902077151
831,"3pqcA","NUC",10,"O",67,337,0.198813056379822
831,"3pqcA","NUC",10,"P",0,337,0
831,"3pqcA","NUC",10,"S",1,337,0.0029673590504451
832,"3px0A","NUC",10,"C",194,308,0.62987012987013
832,"3px0A","NUC",10,"N",61,308,0.198051948051948
832,"3px0A","NUC",10,"O",53,308,0.172077922077922
832,"3px0A","NUC",10,"P",0,308,0
832,"3px0A","NUC",10,"S",0,308,0
833,"3px6B","NUC",10,"C",213,343,0.620991253644315
833,"3px6B","NUC",10,"N",68,343,0.198250728862974
833,"3px6B","NUC",10,"O",62,343,0.180758017492711
833,"3px6B","NUC",10,"P",0,343,0
833,"3px6B","NUC",10,"S",0,343,0
834,"3pyfA","NUC",10,"C",242,388,0.623711340206186
834,"3pyfA","NUC",10,"N",69,388,0.177835051546392
834,"3pyfA","NUC",10,"O",76,388,0.195876288659794
834,"3pyfA","NUC",10,"P",0,388,0
834,"3pyfA","NUC",10,"S",1,388,0.00257731958762887
835,"3pyzA","NUC",10,"C",297,477,0.622641509433962
835,"3pyzA","NUC",10,"N",92,477,0.192872117400419
835,"3pyzA","NUC",10,"O",85,477,0.178197064989518
835,"3pyzA","NUC",10,"P",0,477,0
835,"3pyzA","NUC",10,"S",3,477,0.00628930817610063
836,"3pzpB","NUC",10,"C",203,327,0.620795107033639
836,"3pzpB","NUC",10,"N",57,327,0.174311926605505
836,"3pzpB","NUC",10,"O",64,327,0.195718654434251
836,"3pzpB","NUC",10,"P",0,327,0
836,"3pzpB","NUC",10,"S",3,327,0.0091743119266055
837,"3q4pA","NUC",10,"C",232,359,0.646239554317549
837,"3q4pA","NUC",10,"N",60,359,0.167130919220056
837,"3q4pA","NUC",10,"O",66,359,0.183844011142061
837,"3q4pA","NUC",10,"P",0,359,0
837,"3q4pA","NUC",10,"S",1,359,0.00278551532033426
838,"3q53A","NUC",10,"C",215,348,0.617816091954023
838,"3q53A","NUC",10,"N",58,348,0.166666666666667
838,"3q53A","NUC",10,"O",72,348,0.206896551724138
838,"3q53A","NUC",10,"P",0,348,0
838,"3q53A","NUC",10,"S",3,348,0.00862068965517241
839,"3q5iA","NUC",10,"C",251,380,0.660526315789474
839,"3q5iA","NUC",10,"N",60,380,0.157894736842105
839,"3q5iA","NUC",10,"O",69,380,0.181578947368421
839,"3q5iA","NUC",10,"P",0,380,0
839,"3q5iA","NUC",10,"S",0,380,0
840,"3q86A","NUC",10,"C",210,325,0.646153846153846
840,"3q86A","NUC",10,"N",60,325,0.184615384615385
840,"3q86A","NUC",10,"O",54,325,0.166153846153846
840,"3q86A","NUC",10,"P",0,325,0
840,"3q86A","NUC",10,"S",1,325,0.00307692307692308
841,"3q9lA","NUC",10,"C",237,385,0.615584415584416
841,"3q9lA","NUC",10,"N",69,385,0.179220779220779
841,"3q9lA","NUC",10,"O",79,385,0.205194805194805
841,"3q9lA","NUC",10,"P",0,385,0
841,"3q9lA","NUC",10,"S",0,385,0
842,"3qf7B","NUC",10,"C",212,335,0.632835820895522
842,"3qf7B","NUC",10,"N",58,335,0.173134328358209
842,"3qf7B","NUC",10,"O",65,335,0.194029850746269
842,"3qf7B","NUC",10,"P",0,335,0
842,"3qf7B","NUC",10,"S",0,335,0
843,"3qfuA","NUC",10,"C",269,442,0.608597285067873
843,"3qfuA","NUC",10,"N",77,442,0.17420814479638
843,"3qfuA","NUC",10,"O",95,442,0.214932126696833
843,"3qfuA","NUC",10,"P",0,442,0
843,"3qfuA","NUC",10,"S",1,442,0.00226244343891403
844,"3qktA","NUC",10,"C",202,335,0.602985074626866
844,"3qktA","NUC",10,"N",63,335,0.188059701492537
844,"3qktA","NUC",10,"O",70,335,0.208955223880597
844,"3qktA","NUC",10,"P",0,335,0
844,"3qktA","NUC",10,"S",0,335,0
845,"3qktD","NUC",10,"C",203,341,0.595307917888563
845,"3qktD","NUC",10,"N",65,341,0.190615835777126
845,"3qktD","NUC",10,"O",73,341,0.214076246334311
845,"3qktD","NUC",10,"P",0,341,0
845,"3qktD","NUC",10,"S",0,341,0
846,"3qo7A","NUC",10,"C",269,449,0.599109131403118
846,"3qo7A","NUC",10,"N",79,449,0.175946547884187
846,"3qo7A","NUC",10,"O",96,449,0.21380846325167
846,"3qo7A","NUC",10,"P",0,449,0
846,"3qo7A","NUC",10,"S",5,449,0.0111358574610245
847,"3qpwA","NUC",10,"C",286,445,0.642696629213483
847,"3qpwA","NUC",10,"N",77,445,0.173033707865169
847,"3qpwA","NUC",10,"O",80,445,0.179775280898876
847,"3qpwA","NUC",10,"P",0,445,0
847,"3qpwA","NUC",10,"S",2,445,0.00449438202247191
848,"3qttB","NUC",10,"C",294,456,0.644736842105263
848,"3qttB","NUC",10,"N",82,456,0.179824561403509
848,"3qttB","NUC",10,"O",79,456,0.173245614035088
848,"3qttB","NUC",10,"P",0,456,0
848,"3qttB","NUC",10,"S",1,456,0.00219298245614035
849,"3qvfA","NUC",10,"C",250,404,0.618811881188119
849,"3qvfA","NUC",10,"N",73,404,0.180693069306931
849,"3qvfA","NUC",10,"O",80,404,0.198019801980198
849,"3qvfA","NUC",10,"P",0,404,0
849,"3qvfA","NUC",10,"S",1,404,0.00247524752475248
850,"3qx9C","NUC",10,"C",152,233,0.652360515021459
850,"3qx9C","NUC",10,"N",42,233,0.180257510729614
850,"3qx9C","NUC",10,"O",38,233,0.163090128755365
850,"3qx9C","NUC",10,"P",0,233,0
850,"3qx9C","NUC",10,"S",1,233,0.00429184549356223
851,"3r03A","NUC",10,"C",192,300,0.64
851,"3r03A","NUC",10,"N",52,300,0.173333333333333
851,"3r03A","NUC",10,"O",56,300,0.186666666666667
851,"3r03A","NUC",10,"P",0,300,0
851,"3r03A","NUC",10,"S",0,300,0
852,"3r5xA","NUC",10,"C",244,387,0.630490956072351
852,"3r5xA","NUC",10,"N",69,387,0.178294573643411
852,"3r5xA","NUC",10,"O",73,387,0.188630490956072
852,"3r5xA","NUC",10,"P",0,387,0
852,"3r5xA","NUC",10,"S",1,387,0.00258397932816537
853,"3refA","NUC",10,"C",227,347,0.654178674351585
853,"3refA","NUC",10,"N",56,347,0.161383285302594
853,"3refA","NUC",10,"O",62,347,0.178674351585014
853,"3refA","NUC",10,"P",0,347,0
853,"3refA","NUC",10,"S",2,347,0.00576368876080692
854,"3reuA","NUC",10,"C",302,490,0.616326530612245
854,"3reuA","NUC",10,"N",96,490,0.195918367346939
854,"3reuA","NUC",10,"O",92,490,0.187755102040816
854,"3reuA","NUC",10,"P",0,490,0
854,"3reuA","NUC",10,"S",0,490,0
855,"3rfxA","NUC",10,"C",224,356,0.629213483146067
855,"3rfxA","NUC",10,"N",65,356,0.182584269662921
855,"3rfxA","NUC",10,"O",63,356,0.176966292134831
855,"3rfxA","NUC",10,"P",0,356,0
855,"3rfxA","NUC",10,"S",4,356,0.0112359550561798
856,"3rq6A","NUC",10,"C",152,236,0.64406779661017
856,"3rq6A","NUC",10,"N",38,236,0.161016949152542
856,"3rq6A","NUC",10,"O",46,236,0.194915254237288
856,"3rq6A","NUC",10,"P",0,236,0
856,"3rq6A","NUC",10,"S",0,236,0
857,"3rs9A","NUC",10,"C",227,365,0.621917808219178
857,"3rs9A","NUC",10,"N",63,365,0.172602739726027
857,"3rs9A","NUC",10,"O",74,365,0.202739726027397
857,"3rs9A","NUC",10,"P",0,365,0
857,"3rs9A","NUC",10,"S",1,365,0.00273972602739726
858,"3rsbB","NUC",10,"C",210,340,0.61764705882353
858,"3rsbB","NUC",10,"N",54,340,0.158823529411765
858,"3rsbB","NUC",10,"O",75,340,0.220588235294118
858,"3rsbB","NUC",10,"P",0,340,0
858,"3rsbB","NUC",10,"S",1,340,0.00294117647058824
859,"3ruqC","NUC",10,"C",302,495,0.61010101010101
859,"3ruqC","NUC",10,"N",83,495,0.167676767676768
859,"3ruqC","NUC",10,"O",109,495,0.22020202020202
859,"3ruqC","NUC",10,"P",0,495,0
859,"3ruqC","NUC",10,"S",1,495,0.00202020202020202
860,"3rwoA","NUC",10,"C",212,354,0.598870056497175
860,"3rwoA","NUC",10,"N",65,354,0.18361581920904
860,"3rwoA","NUC",10,"O",77,354,0.217514124293785
860,"3rwoA","NUC",10,"P",0,354,0
860,"3rwoA","NUC",10,"S",0,354,0
861,"3ryfB","NUC",10,"C",290,491,0.590631364562118
861,"3ryfB","NUC",10,"N",91,491,0.185336048879837
861,"3ryfB","NUC",10,"O",103,491,0.209775967413442
861,"3ryfB","NUC",10,"P",0,491,0
861,"3ryfB","NUC",10,"S",7,491,0.0142566191446029
862,"3s3tA","NUC",10,"C",252,396,0.636363636363636
862,"3s3tA","NUC",10,"N",67,396,0.169191919191919
862,"3s3tA","NUC",10,"O",77,396,0.194444444444444
862,"3s3tA","NUC",10,"P",0,396,0
862,"3s3tA","NUC",10,"S",0,396,0
863,"3s6aA","NUC",10,"C",269,399,0.674185463659148
863,"3s6aA","NUC",10,"N",62,399,0.155388471177945
863,"3s6aA","NUC",10,"O",67,399,0.167919799498747
863,"3s6aA","NUC",10,"P",0,399,0
863,"3s6aA","NUC",10,"S",1,399,0.0025062656641604
864,"3s8cA","NUC",10,"C",135,223,0.605381165919282
864,"3s8cA","NUC",10,"N",39,223,0.174887892376682
864,"3s8cA","NUC",10,"O",47,223,0.210762331838565
864,"3s8cA","NUC",10,"P",0,223,0
864,"3s8cA","NUC",10,"S",2,223,0.00896860986547085
865,"3se7D","NUC",10,"C",275,438,0.627853881278539
865,"3se7D","NUC",10,"N",74,438,0.168949771689498
865,"3se7D","NUC",10,"O",88,438,0.200913242009132
865,"3se7D","NUC",10,"P",0,438,0
865,"3se7D","NUC",10,"S",1,438,0.00228310502283105
866,"3sfvA","NUC",10,"C",222,361,0.614958448753463
866,"3sfvA","NUC",10,"N",64,361,0.177285318559557
866,"3sfvA","NUC",10,"O",73,361,0.202216066481994
866,"3sfvA","NUC",10,"P",0,361,0
866,"3sfvA","NUC",10,"S",2,361,0.00554016620498615
867,"3siwA","NUC",10,"C",248,378,0.656084656084656
867,"3siwA","NUC",10,"N",63,378,0.166666666666667
867,"3siwA","NUC",10,"O",61,378,0.161375661375661
867,"3siwA","NUC",10,"P",0,378,0
867,"3siwA","NUC",10,"S",6,378,0.0158730158730159
868,"3sl2A","NUC",10,"C",242,379,0.638522427440633
868,"3sl2A","NUC",10,"N",62,379,0.163588390501319
868,"3sl2A","NUC",10,"O",75,379,0.197889182058047
868,"3sl2A","NUC",10,"P",0,379,0
868,"3sl2A","NUC",10,"S",0,379,0
869,"3ss8A","NUC",10,"C",231,368,0.627717391304348
869,"3ss8A","NUC",10,"N",64,368,0.173913043478261
869,"3ss8A","NUC",10,"O",72,368,0.195652173913043
869,"3ss8A","NUC",10,"P",0,368,0
869,"3ss8A","NUC",10,"S",1,368,0.00271739130434783
870,"3synA","NUC",10,"C",212,347,0.610951008645533
870,"3synA","NUC",10,"N",60,347,0.172910662824208
870,"3synA","NUC",10,"O",74,347,0.213256484149856
870,"3synA","NUC",10,"P",0,347,0
870,"3synA","NUC",10,"S",1,347,0.00288184438040346
871,"3t1oA","NUC",10,"C",206,328,0.628048780487805
871,"3t1oA","NUC",10,"N",62,328,0.189024390243902
871,"3t1oA","NUC",10,"O",60,328,0.182926829268293
871,"3t1oA","NUC",10,"P",0,328,0
871,"3t1oA","NUC",10,"S",0,328,0
872,"3t35A","NUC",10,"C",235,383,0.613577023498694
872,"3t35A","NUC",10,"N",71,383,0.185378590078329
872,"3t35A","NUC",10,"O",76,383,0.198433420365535
872,"3t35A","NUC",10,"P",0,383,0
872,"3t35A","NUC",10,"S",1,383,0.00261096605744125
873,"3t4nC","NUC",10,"C",232,366,0.633879781420765
873,"3t4nC","NUC",10,"N",66,366,0.180327868852459
873,"3t4nC","NUC",10,"O",64,366,0.174863387978142
873,"3t4nC","NUC",10,"P",0,366,0
873,"3t4nC","NUC",10,"S",4,366,0.0109289617486339
874,"3t5dA","NUC",10,"C",181,289,0.626297577854671
874,"3t5dA","NUC",10,"N",49,289,0.169550173010381
874,"3t5dA","NUC",10,"O",58,289,0.200692041522491
874,"3t5dA","NUC",10,"P",0,289,0
874,"3t5dA","NUC",10,"S",1,289,0.00346020761245675
875,"3t99A","NUC",10,"C",289,447,0.646532438478747
875,"3t99A","NUC",10,"N",74,447,0.165548098434004
875,"3t99A","NUC",10,"O",82,447,0.1834451901566
875,"3t99A","NUC",10,"P",0,447,0
875,"3t99A","NUC",10,"S",2,447,0.00447427293064877
876,"3ta1D","NUC",10,"C",145,226,0.641592920353982
876,"3ta1D","NUC",10,"N",44,226,0.194690265486726
876,"3ta1D","NUC",10,"O",37,226,0.163716814159292
876,"3ta1D","NUC",10,"P",0,226,0
876,"3ta1D","NUC",10,"S",0,226,0
877,"3tdwA","NUC",10,"C",253,406,0.623152709359606
877,"3tdwA","NUC",10,"N",72,406,0.177339901477833
877,"3tdwA","NUC",10,"O",81,406,0.199507389162562
877,"3tdwA","NUC",10,"P",0,406,0
877,"3tdwA","NUC",10,"S",0,406,0
878,"3thzA","NUC",10,"C",199,320,0.621875
878,"3thzA","NUC",10,"N",60,320,0.1875
878,"3thzA","NUC",10,"O",59,320,0.184375
878,"3thzA","NUC",10,"P",0,320,0
878,"3thzA","NUC",10,"S",2,320,0.00625
879,"3tifB","NUC",10,"C",159,256,0.62109375
879,"3tifB","NUC",10,"N",45,256,0.17578125
879,"3tifB","NUC",10,"O",50,256,0.1953125
879,"3tifB","NUC",10,"P",0,256,0
879,"3tifB","NUC",10,"S",2,256,0.0078125
880,"3tiiB","NUC",10,"C",241,375,0.642666666666667
880,"3tiiB","NUC",10,"N",65,375,0.173333333333333
880,"3tiiB","NUC",10,"O",68,375,0.181333333333333
880,"3tiiB","NUC",10,"P",0,375,0
880,"3tiiB","NUC",10,"S",1,375,0.00266666666666667
881,"3tk1A","NUC",10,"C",163,260,0.626923076923077
881,"3tk1A","NUC",10,"N",48,260,0.184615384615385
881,"3tk1A","NUC",10,"O",48,260,0.184615384615385
881,"3tk1A","NUC",10,"P",0,260,0
881,"3tk1A","NUC",10,"S",1,260,0.00384615384615385
882,"3tk1B","NUC",10,"C",154,251,0.613545816733068
882,"3tk1B","NUC",10,"N",48,251,0.191235059760956
882,"3tk1B","NUC",10,"O",48,251,0.191235059760956
882,"3tk1B","NUC",10,"P",0,251,0
882,"3tk1B","NUC",10,"S",1,251,0.00398406374501992
883,"3tr5B","NUC",10,"C",201,324,0.62037037037037
883,"3tr5B","NUC",10,"N",61,324,0.188271604938272
883,"3tr5B","NUC",10,"O",62,324,0.191358024691358
883,"3tr5B","NUC",10,"P",0,324,0
883,"3tr5B","NUC",10,"S",0,324,0
884,"3ttcA","NUC",10,"C",285,460,0.619565217391304
884,"3ttcA","NUC",10,"N",90,460,0.195652173913043
884,"3ttcA","NUC",10,"O",83,460,0.180434782608696
884,"3ttcA","NUC",10,"P",0,460,0
884,"3ttcA","NUC",10,"S",2,460,0.00434782608695652
885,"3tuiC","NUC",10,"C",161,266,0.605263157894737
885,"3tuiC","NUC",10,"N",51,266,0.191729323308271
885,"3tuiC","NUC",10,"O",53,266,0.199248120300752
885,"3tuiC","NUC",10,"P",0,266,0
885,"3tuiC","NUC",10,"S",1,266,0.0037593984962406
886,"3ty5A","NUC",10,"C",273,427,0.639344262295082
886,"3ty5A","NUC",10,"N",74,427,0.173302107728337
886,"3ty5A","NUC",10,"O",75,427,0.175644028103044
886,"3ty5A","NUC",10,"P",0,427,0
886,"3ty5A","NUC",10,"S",5,427,0.0117096018735363
887,"3tzlB","NUC",10,"C",187,291,0.642611683848797
887,"3tzlB","NUC",10,"N",51,291,0.175257731958763
887,"3tzlB","NUC",10,"O",53,291,0.18213058419244
887,"3tzlB","NUC",10,"P",0,291,0
887,"3tzlB","NUC",10,"S",0,291,0
888,"3u06B","NUC",10,"C",209,350,0.597142857142857
888,"3u06B","NUC",10,"N",65,350,0.185714285714286
888,"3u06B","NUC",10,"O",75,350,0.214285714285714
888,"3u06B","NUC",10,"P",0,350,0
888,"3u06B","NUC",10,"S",1,350,0.00285714285714286
889,"3u5zA","NUC",10,"C",272,425,0.64
889,"3u5zA","NUC",10,"N",73,425,0.171764705882353
889,"3u5zA","NUC",10,"O",77,425,0.181176470588235
889,"3u5zA","NUC",10,"P",0,425,0
889,"3u5zA","NUC",10,"S",3,425,0.00705882352941176
890,"3u67A","NUC",10,"C",234,373,0.627345844504021
890,"3u67A","NUC",10,"N",65,373,0.17426273458445
890,"3u67A","NUC",10,"O",72,373,0.193029490616622
890,"3u67A","NUC",10,"P",0,373,0
890,"3u67A","NUC",10,"S",2,373,0.00536193029490617
891,"3uboB","NUC",10,"C",239,394,0.606598984771574
891,"3uboB","NUC",10,"N",69,394,0.1751269035533
891,"3uboB","NUC",10,"O",86,394,0.218274111675127
891,"3uboB","NUC",10,"P",0,394,0
891,"3uboB","NUC",10,"S",0,394,0
892,"3ubtB","NUC",10,"C",183,294,0.622448979591837
892,"3ubtB","NUC",10,"N",53,294,0.180272108843537
892,"3ubtB","NUC",10,"O",57,294,0.193877551020408
892,"3ubtB","NUC",10,"P",0,294,0
892,"3ubtB","NUC",10,"S",1,294,0.00340136054421769
893,"3uc5A","NUC",10,"C",272,416,0.653846153846154
893,"3uc5A","NUC",10,"N",71,416,0.170673076923077
893,"3uc5A","NUC",10,"O",71,416,0.170673076923077
893,"3uc5A","NUC",10,"P",0,416,0
893,"3uc5A","NUC",10,"S",2,416,0.00480769230769231
894,"3uf6A","NUC",10,"C",192,312,0.615384615384615
894,"3uf6A","NUC",10,"N",56,312,0.17948717948718
894,"3uf6A","NUC",10,"O",63,312,0.201923076923077
894,"3uf6A","NUC",10,"P",0,312,0
894,"3uf6A","NUC",10,"S",1,312,0.0032051282051282
895,"3ufgA","NUC",10,"C",293,466,0.628755364806867
895,"3ufgA","NUC",10,"N",80,466,0.171673819742489
895,"3ufgA","NUC",10,"O",93,466,0.199570815450644
895,"3ufgA","NUC",10,"P",0,466,0
895,"3ufgA","NUC",10,"S",0,466,0
896,"3ufxB","NUC",10,"C",219,353,0.620396600566572
896,"3ufxB","NUC",10,"N",66,353,0.186968838526912
896,"3ufxB","NUC",10,"O",68,353,0.192634560906516
896,"3ufxB","NUC",10,"P",0,353,0
896,"3ufxB","NUC",10,"S",0,353,0
897,"3ug6B","NUC",10,"C",207,332,0.623493975903614
897,"3ug6B","NUC",10,"N",56,332,0.168674698795181
897,"3ug6B","NUC",10,"O",68,332,0.204819277108434
897,"3ug6B","NUC",10,"P",0,332,0
897,"3ug6B","NUC",10,"S",1,332,0.00301204819277108
898,"3uieB","NUC",10,"C",209,334,0.625748502994012
898,"3uieB","NUC",10,"N",57,334,0.170658682634731
898,"3uieB","NUC",10,"O",64,334,0.191616766467066
898,"3uieB","NUC",10,"P",0,334,0
898,"3uieB","NUC",10,"S",4,334,0.0119760479041916
899,"3uimA","NUC",10,"C",255,405,0.62962962962963
899,"3uimA","NUC",10,"N",80,405,0.197530864197531
899,"3uimA","NUC",10,"O",68,405,0.167901234567901
899,"3uimA","NUC",10,"P",0,405,0
899,"3uimA","NUC",10,"S",2,405,0.00493827160493827
900,"3uk6G","NUC",10,"C",272,440,0.618181818181818
900,"3uk6G","NUC",10,"N",84,440,0.190909090909091
900,"3uk6G","NUC",10,"O",82,440,0.186363636363636
900,"3uk6G","NUC",10,"P",0,440,0
900,"3uk6G","NUC",10,"S",2,440,0.00454545454545455
901,"3uk6L","NUC",10,"C",186,299,0.622073578595318
901,"3uk6L","NUC",10,"N",58,299,0.193979933110368
901,"3uk6L","NUC",10,"O",54,299,0.180602006688963
901,"3uk6L","NUC",10,"P",0,299,0
901,"3uk6L","NUC",10,"S",1,299,0.00334448160535117
902,"3ukdA","NUC",10,"C",208,354,0.587570621468927
902,"3ukdA","NUC",10,"N",78,354,0.220338983050847
902,"3ukdA","NUC",10,"O",65,354,0.18361581920904
902,"3ukdA","NUC",10,"P",0,354,0
902,"3ukdA","NUC",10,"S",3,354,0.00847457627118644
903,"3umoA","NUC",10,"C",249,393,0.633587786259542
903,"3umoA","NUC",10,"N",66,393,0.16793893129771
903,"3umoA","NUC",10,"O",75,393,0.190839694656489
903,"3umoA","NUC",10,"P",0,393,0
903,"3umoA","NUC",10,"S",3,393,0.00763358778625954
904,"3ungA","NUC",10,"C",246,377,0.652519893899204
904,"3ungA","NUC",10,"N",64,377,0.169761273209549
904,"3ungA","NUC",10,"O",66,377,0.175066312997347
904,"3ungA","NUC",10,"P",0,377,0
904,"3ungA","NUC",10,"S",1,377,0.0026525198938992
905,"3uq8A","NUC",10,"C",229,359,0.637883008356546
905,"3uq8A","NUC",10,"N",66,359,0.183844011142061
905,"3uq8A","NUC",10,"O",62,359,0.172701949860724
905,"3uq8A","NUC",10,"P",0,359,0
905,"3uq8A","NUC",10,"S",2,359,0.00557103064066852
906,"3v00B","NUC",10,"C",269,446,0.603139013452915
906,"3v00B","NUC",10,"N",86,446,0.192825112107623
906,"3v00B","NUC",10,"O",89,446,0.199551569506726
906,"3v00B","NUC",10,"P",0,446,0
906,"3v00B","NUC",10,"S",2,446,0.00448430493273543
907,"3v2uC","NUC",10,"C",310,497,0.62374245472837
907,"3v2uC","NUC",10,"N",85,497,0.17102615694165
907,"3v2uC","NUC",10,"O",96,497,0.193158953722334
907,"3v2uC","NUC",10,"P",0,497,0
907,"3v2uC","NUC",10,"S",6,497,0.0120724346076459
908,"3v4sA","NUC",10,"C",245,393,0.623409669211196
908,"3v4sA","NUC",10,"N",74,393,0.188295165394402
908,"3v4sA","NUC",10,"O",74,393,0.188295165394402
908,"3v4sA","NUC",10,"P",0,393,0
908,"3v4sA","NUC",10,"S",0,393,0
909,"3veyA","NUC",10,"C",252,420,0.6
909,"3veyA","NUC",10,"N",75,420,0.178571428571429
909,"3veyA","NUC",10,"O",90,420,0.214285714285714
909,"3veyA","NUC",10,"P",0,420,0
909,"3veyA","NUC",10,"S",3,420,0.00714285714285714
910,"3vmmA","NUC",10,"C",295,454,0.649779735682819
910,"3vmmA","NUC",10,"N",76,454,0.167400881057269
910,"3vmmA","NUC",10,"O",81,454,0.1784140969163
910,"3vmmA","NUC",10,"P",0,454,0
910,"3vmmA","NUC",10,"S",2,454,0.00440528634361234
911,"3vn9A","NUC",10,"C",284,457,0.62144420131291
911,"3vn9A","NUC",10,"N",82,457,0.179431072210066
911,"3vn9A","NUC",10,"O",85,457,0.185995623632385
911,"3vn9A","NUC",10,"P",0,457,0
911,"3vn9A","NUC",10,"S",6,457,0.0131291028446389
912,"3votA","NUC",10,"C",263,419,0.627684964200477
912,"3votA","NUC",10,"N",80,419,0.190930787589499
912,"3votA","NUC",10,"O",76,419,0.181384248210024
912,"3votA","NUC",10,"P",0,419,0
912,"3votA","NUC",10,"S",0,419,0
913,"3vpbC","NUC",10,"C",297,469,0.633262260127932
913,"3vpbC","NUC",10,"N",90,469,0.191897654584222
913,"3vpbC","NUC",10,"O",82,469,0.174840085287846
913,"3vpbC","NUC",10,"P",0,469,0
913,"3vpbC","NUC",10,"S",0,469,0
914,"3vqtA","NUC",10,"C",202,325,0.621538461538461
914,"3vqtA","NUC",10,"N",61,325,0.187692307692308
914,"3vqtA","NUC",10,"O",61,325,0.187692307692308
914,"3vqtA","NUC",10,"P",0,325,0
914,"3vqtA","NUC",10,"S",1,325,0.00307692307692308
915,"3vr6B","NUC",10,"C",218,362,0.602209944751381
915,"3vr6B","NUC",10,"N",72,362,0.198895027624309
915,"3vr6B","NUC",10,"O",72,362,0.198895027624309
915,"3vr6B","NUC",10,"P",0,362,0
915,"3vr6B","NUC",10,"S",0,362,0
916,"3vx4B","NUC",10,"C",162,257,0.630350194552529
916,"3vx4B","NUC",10,"N",44,257,0.171206225680934
916,"3vx4B","NUC",10,"O",50,257,0.194552529182879
916,"3vx4B","NUC",10,"P",0,257,0
916,"3vx4B","NUC",10,"S",1,257,0.00389105058365759
917,"3vzuA","NUC",10,"C",198,354,0.559322033898305
917,"3vzuA","NUC",10,"N",76,354,0.214689265536723
917,"3vzuA","NUC",10,"O",80,354,0.225988700564972
917,"3vzuA","NUC",10,"P",0,354,0
917,"3vzuA","NUC",10,"S",0,354,0
918,"3w0sA","NUC",10,"C",221,366,0.603825136612022
918,"3w0sA","NUC",10,"N",68,366,0.185792349726776
918,"3w0sA","NUC",10,"O",76,366,0.207650273224044
918,"3w0sA","NUC",10,"P",0,366,0
918,"3w0sA","NUC",10,"S",1,366,0.00273224043715847
919,"3w1gA","NUC",10,"C",236,377,0.625994694960212
919,"3w1gA","NUC",10,"N",69,377,0.183023872679045
919,"3w1gA","NUC",10,"O",68,377,0.180371352785146
919,"3w1gA","NUC",10,"P",0,377,0
919,"3w1gA","NUC",10,"S",4,377,0.0106100795755968
920,"3w6nB","NUC",10,"C",238,388,0.61340206185567
920,"3w6nB","NUC",10,"N",68,388,0.175257731958763
920,"3w6nB","NUC",10,"O",82,388,0.211340206185567
920,"3w6nB","NUC",10,"P",0,388,0
920,"3w6nB","NUC",10,"S",0,388,0
921,"3w8qA","NUC",10,"C",284,444,0.63963963963964
921,"3w8qA","NUC",10,"N",80,444,0.18018018018018
921,"3w8qA","NUC",10,"O",76,444,0.171171171171171
921,"3w8qA","NUC",10,"P",0,444,0
921,"3w8qA","NUC",10,"S",4,444,0.00900900900900901
922,"3wbzE","NUC",10,"C",220,348,0.632183908045977
922,"3wbzE","NUC",10,"N",61,348,0.175287356321839
922,"3wbzE","NUC",10,"O",65,348,0.186781609195402
922,"3wbzE","NUC",10,"P",0,348,0
922,"3wbzE","NUC",10,"S",2,348,0.00574712643678161
923,"3wfrE","NUC",10,"C",267,429,0.622377622377622
923,"3wfrE","NUC",10,"N",85,429,0.198135198135198
923,"3wfrE","NUC",10,"O",77,429,0.17948717948718
923,"3wfrE","NUC",10,"P",0,429,0
923,"3wfrE","NUC",10,"S",0,429,0
924,"3whkA","NUC",10,"C",247,400,0.6175
924,"3whkA","NUC",10,"N",75,400,0.1875
924,"3whkA","NUC",10,"O",76,400,0.19
924,"3whkA","NUC",10,"P",0,400,0
924,"3whkA","NUC",10,"S",2,400,0.005
925,"3wjpA","NUC",10,"C",251,409,0.613691931540342
925,"3wjpA","NUC",10,"N",74,409,0.180929095354523
925,"3wjpA","NUC",10,"O",82,409,0.200488997555012
925,"3wjpA","NUC",10,"P",0,409,0
925,"3wjpA","NUC",10,"S",2,409,0.00488997555012225
926,"3wqtB","NUC",10,"C",306,486,0.62962962962963
926,"3wqtB","NUC",10,"N",78,486,0.160493827160494
926,"3wqtB","NUC",10,"O",101,486,0.207818930041152
926,"3wqtB","NUC",10,"P",0,486,0
926,"3wqtB","NUC",10,"S",1,486,0.00205761316872428
927,"3wryB","NUC",10,"C",170,281,0.604982206405694
927,"3wryB","NUC",10,"N",49,281,0.174377224199288
927,"3wryB","NUC",10,"O",60,281,0.213523131672598
927,"3wryB","NUC",10,"P",0,281,0
927,"3wryB","NUC",10,"S",2,281,0.00711743772241993
928,"3wryC","NUC",10,"C",236,381,0.619422572178478
928,"3wryC","NUC",10,"N",68,381,0.178477690288714
928,"3wryC","NUC",10,"O",73,381,0.191601049868766
928,"3wryC","NUC",10,"P",0,381,0
928,"3wryC","NUC",10,"S",4,381,0.010498687664042
929,"3wt0C","NUC",10,"C",304,486,0.625514403292181
929,"3wt0C","NUC",10,"N",78,486,0.160493827160494
929,"3wt0C","NUC",10,"O",103,486,0.211934156378601
929,"3wt0C","NUC",10,"P",0,486,0
929,"3wt0C","NUC",10,"S",1,486,0.00205761316872428
930,"3wv9A","NUC",10,"C",225,343,0.65597667638484
930,"3wv9A","NUC",10,"N",56,343,0.163265306122449
930,"3wv9A","NUC",10,"O",62,343,0.180758017492711
930,"3wv9A","NUC",10,"P",0,343,0
930,"3wv9A","NUC",10,"S",0,343,0
931,"3wwmA","NUC",10,"C",232,357,0.649859943977591
931,"3wwmA","NUC",10,"N",64,357,0.179271708683473
931,"3wwmA","NUC",10,"O",60,357,0.168067226890756
931,"3wwmA","NUC",10,"P",0,357,0
931,"3wwmA","NUC",10,"S",1,357,0.00280112044817927
932,"3wxmA","NUC",10,"C",326,513,0.635477582846004
932,"3wxmA","NUC",10,"N",97,513,0.189083820662768
932,"3wxmA","NUC",10,"O",89,513,0.173489278752437
932,"3wxmA","NUC",10,"P",0,513,0
932,"3wxmA","NUC",10,"S",1,513,0.00194931773879142
933,"3x03A","NUC",10,"C",224,349,0.641833810888252
933,"3x03A","NUC",10,"N",62,349,0.177650429799427
933,"3x03A","NUC",10,"O",63,349,0.180515759312321
933,"3x03A","NUC",10,"P",0,349,0
933,"3x03A","NUC",10,"S",0,349,0
934,"3x1kD","NUC",10,"C",280,432,0.648148148148148
934,"3x1kD","NUC",10,"N",74,432,0.171296296296296
934,"3x1kD","NUC",10,"O",78,432,0.180555555555556
934,"3x1kD","NUC",10,"P",0,432,0
934,"3x1kD","NUC",10,"S",0,432,0
935,"3zbqA","NUC",10,"C",263,427,0.615925058548009
935,"3zbqA","NUC",10,"N",82,427,0.192037470725995
935,"3zbqA","NUC",10,"O",79,427,0.185011709601874
935,"3zbqA","NUC",10,"P",0,427,0
935,"3zbqA","NUC",10,"S",3,427,0.00702576112412178
936,"3zc7A","NUC",10,"C",252,385,0.654545454545455
936,"3zc7A","NUC",10,"N",67,385,0.174025974025974
936,"3zc7A","NUC",10,"O",62,385,0.161038961038961
936,"3zc7A","NUC",10,"P",0,385,0
936,"3zc7A","NUC",10,"S",4,385,0.0103896103896104
937,"3zecB","NUC",10,"C",297,453,0.655629139072848
937,"3zecB","NUC",10,"N",74,453,0.163355408388521
937,"3zecB","NUC",10,"O",80,453,0.176600441501104
937,"3zecB","NUC",10,"P",0,453,0
937,"3zecB","NUC",10,"S",2,453,0.00441501103752759
938,"3zf8A","NUC",10,"C",250,403,0.620347394540943
938,"3zf8A","NUC",10,"N",74,403,0.183622828784119
938,"3zf8A","NUC",10,"O",77,403,0.19106699751861
938,"3zf8A","NUC",10,"P",0,403,0
938,"3zf8A","NUC",10,"S",2,403,0.00496277915632754
939,"3zfdA","NUC",10,"C",256,435,0.588505747126437
939,"3zfdA","NUC",10,"N",84,435,0.193103448275862
939,"3zfdA","NUC",10,"O",91,435,0.209195402298851
939,"3zfdA","NUC",10,"P",0,435,0
939,"3zfdA","NUC",10,"S",4,435,0.00919540229885057
940,"3zidA","NUC",10,"C",292,462,0.632034632034632
940,"3zidA","NUC",10,"N",80,462,0.173160173160173
940,"3zidA","NUC",10,"O",87,462,0.188311688311688
940,"3zidA","NUC",10,"P",0,462,0
940,"3zidA","NUC",10,"S",3,462,0.00649350649350649
941,"3zkdC","NUC",10,"C",322,502,0.641434262948207
941,"3zkdC","NUC",10,"N",88,502,0.175298804780877
941,"3zkdC","NUC",10,"O",91,502,0.181274900398406
941,"3zkdC","NUC",10,"P",0,502,0
941,"3zkdC","NUC",10,"S",1,502,0.00199203187250996
942,"3zlbA","NUC",10,"C",258,410,0.629268292682927
942,"3zlbA","NUC",10,"N",68,410,0.165853658536585
942,"3zlbA","NUC",10,"O",81,410,0.197560975609756
942,"3zlbA","NUC",10,"P",0,410,0
942,"3zlbA","NUC",10,"S",3,410,0.00731707317073171
943,"3zm7A","NUC",10,"C",232,365,0.635616438356164
943,"3zm7A","NUC",10,"N",64,365,0.175342465753425
943,"3zm7A","NUC",10,"O",68,365,0.186301369863014
943,"3zm7A","NUC",10,"P",0,365,0
943,"3zm7A","NUC",10,"S",1,365,0.00273972602739726
944,"3zq6B","NUC",10,"C",222,353,0.628895184135977
944,"3zq6B","NUC",10,"N",58,353,0.164305949008499
944,"3zq6B","NUC",10,"O",72,353,0.203966005665722
944,"3zq6B","NUC",10,"P",0,353,0
944,"3zq6B","NUC",10,"S",1,353,0.0028328611898017
945,"3zq6D","NUC",10,"C",221,352,0.627840909090909
945,"3zq6D","NUC",10,"N",58,352,0.164772727272727
945,"3zq6D","NUC",10,"O",72,352,0.204545454545455
945,"3zq6D","NUC",10,"P",0,352,0
945,"3zq6D","NUC",10,"S",1,352,0.00284090909090909
946,"3zvmA","NUC",10,"C",282,446,0.632286995515695
946,"3zvmA","NUC",10,"N",78,446,0.174887892376682
946,"3zvmA","NUC",10,"O",84,446,0.188340807174888
946,"3zvmA","NUC",10,"P",0,446,0
946,"3zvmA","NUC",10,"S",2,446,0.00448430493273543
947,"3zy3A","NUC",10,"C",296,463,0.639308855291577
947,"3zy3A","NUC",10,"N",84,463,0.181425485961123
947,"3zy3A","NUC",10,"O",78,463,0.168466522678186
947,"3zy3A","NUC",10,"P",0,463,0
947,"3zy3A","NUC",10,"S",5,463,0.0107991360691145
948,"3zznA","NUC",10,"C",219,337,0.649851632047478
948,"3zznA","NUC",10,"N",58,337,0.172106824925816
948,"3zznA","NUC",10,"O",59,337,0.175074183976261
948,"3zznA","NUC",10,"P",0,337,0
948,"3zznA","NUC",10,"S",1,337,0.0029673590504451
949,"4a36A","NUC",10,"C",242,373,0.648793565683646
949,"4a36A","NUC",10,"N",68,373,0.18230563002681
949,"4a36A","NUC",10,"O",62,373,0.166219839142091
949,"4a36A","NUC",10,"P",0,373,0
949,"4a36A","NUC",10,"S",1,373,0.00268096514745308
950,"4a5aD","NUC",10,"C",245,428,0.572429906542056
950,"4a5aD","NUC",10,"N",91,428,0.212616822429907
950,"4a5aD","NUC",10,"O",89,428,0.207943925233645
950,"4a5aD","NUC",10,"P",0,428,0
950,"4a5aD","NUC",10,"S",3,428,0.00700934579439252
951,"4a5lA","NUC",10,"C",176,289,0.608996539792388
951,"4a5lA","NUC",10,"N",58,289,0.200692041522491
951,"4a5lA","NUC",10,"O",53,289,0.183391003460208
951,"4a5lA","NUC",10,"P",0,289,0
951,"4a5lA","NUC",10,"S",2,289,0.0069204152249135
952,"4a6jA","NUC",10,"C",323,520,0.621153846153846
952,"4a6jA","NUC",10,"N",90,520,0.173076923076923
952,"4a6jA","NUC",10,"O",104,520,0.2
952,"4a6jA","NUC",10,"P",0,520,0
952,"4a6jA","NUC",10,"S",3,520,0.00576923076923077
953,"4a9xA","NUC",10,"C",204,366,0.557377049180328
953,"4a9xA","NUC",10,"N",72,366,0.19672131147541
953,"4a9xA","NUC",10,"O",89,366,0.243169398907104
953,"4a9xA","NUC",10,"P",0,366,0
953,"4a9xA","NUC",10,"S",1,366,0.00273224043715847
954,"4ag5A","NUC",10,"C",172,275,0.625454545454545
954,"4ag5A","NUC",10,"N",48,275,0.174545454545455
954,"4ag5A","NUC",10,"O",53,275,0.192727272727273
954,"4ag5A","NUC",10,"P",0,275,0
954,"4ag5A","NUC",10,"S",2,275,0.00727272727272727
955,"4am7B","NUC",10,"C",271,434,0.624423963133641
955,"4am7B","NUC",10,"N",80,434,0.184331797235023
955,"4am7B","NUC",10,"O",83,434,0.191244239631336
955,"4am7B","NUC",10,"P",0,434,0
955,"4am7B","NUC",10,"S",0,434,0
956,"4anjA","NUC",10,"C",287,465,0.617204301075269
956,"4anjA","NUC",10,"N",83,465,0.178494623655914
956,"4anjA","NUC",10,"O",93,465,0.2
956,"4anjA","NUC",10,"P",0,465,0
956,"4anjA","NUC",10,"S",2,465,0.0043010752688172
957,"4arzA","NUC",10,"C",264,421,0.6270783847981
957,"4arzA","NUC",10,"N",75,421,0.178147268408551
957,"4arzA","NUC",10,"O",78,421,0.185273159144893
957,"4arzA","NUC",10,"P",0,421,0
957,"4arzA","NUC",10,"S",4,421,0.00950118764845606
958,"4arzB","NUC",10,"C",170,275,0.618181818181818
958,"4arzB","NUC",10,"N",51,275,0.185454545454545
958,"4arzB","NUC",10,"O",52,275,0.189090909090909
958,"4arzB","NUC",10,"P",0,275,0
958,"4arzB","NUC",10,"S",2,275,0.00727272727272727
959,"4atbA","NUC",10,"C",237,368,0.644021739130435
959,"4atbA","NUC",10,"N",65,368,0.176630434782609
959,"4atbA","NUC",10,"O",64,368,0.173913043478261
959,"4atbA","NUC",10,"P",0,368,0
959,"4atbA","NUC",10,"S",2,368,0.00543478260869565
960,"4auiA","NUC",10,"C",205,357,0.574229691876751
960,"4auiA","NUC",10,"N",80,357,0.224089635854342
960,"4auiA","NUC",10,"O",72,357,0.201680672268908
960,"4auiA","NUC",10,"P",0,357,0
960,"4auiA","NUC",10,"S",0,357,0
961,"4ax8A","NUC",10,"C",281,441,0.63718820861678
961,"4ax8A","NUC",10,"N",79,441,0.179138321995465
961,"4ax8A","NUC",10,"O",79,441,0.179138321995465
961,"4ax8A","NUC",10,"P",0,441,0
961,"4ax8A","NUC",10,"S",2,441,0.00453514739229025
962,"4axeA","NUC",10,"C",254,426,0.596244131455399
962,"4axeA","NUC",10,"N",89,426,0.208920187793427
962,"4axeA","NUC",10,"O",81,426,0.190140845070423
962,"4axeA","NUC",10,"P",0,426,0
962,"4axeA","NUC",10,"S",2,426,0.00469483568075117
963,"4b45A","NUC",10,"C",285,461,0.61822125813449
963,"4b45A","NUC",10,"N",85,461,0.184381778741866
963,"4b45A","NUC",10,"O",90,461,0.195227765726681
963,"4b45A","NUC",10,"P",0,461,0
963,"4b45A","NUC",10,"S",1,461,0.00216919739696312
964,"4b46A","NUC",10,"C",293,474,0.618143459915612
964,"4b46A","NUC",10,"N",87,474,0.183544303797468
964,"4b46A","NUC",10,"O",94,474,0.19831223628692
964,"4b46A","NUC",10,"P",0,474,0
964,"4b46A","NUC",10,"S",0,474,0
965,"4b47A","NUC",10,"C",170,269,0.631970260223048
965,"4b47A","NUC",10,"N",49,269,0.182156133828996
965,"4b47A","NUC",10,"O",50,269,0.185873605947955
965,"4b47A","NUC",10,"P",0,269,0
965,"4b47A","NUC",10,"S",0,269,0
966,"4b6uA","NUC",10,"C",222,353,0.628895184135977
966,"4b6uA","NUC",10,"N",73,353,0.206798866855524
966,"4b6uA","NUC",10,"O",56,353,0.158640226628895
966,"4b6uA","NUC",10,"P",0,353,0
966,"4b6uA","NUC",10,"S",2,353,0.0056657223796034
967,"4b8wB","NUC",10,"C",257,406,0.633004926108374
967,"4b8wB","NUC",10,"N",70,406,0.172413793103448
967,"4b8wB","NUC",10,"O",78,406,0.192118226600985
967,"4b8wB","NUC",10,"P",0,406,0
967,"4b8wB","NUC",10,"S",1,406,0.00246305418719212
968,"4bebA","NUC",10,"C",332,525,0.632380952380952
968,"4bebA","NUC",10,"N",89,525,0.16952380952381
968,"4bebA","NUC",10,"O",102,525,0.194285714285714
968,"4bebA","NUC",10,"P",0,525,0
968,"4bebA","NUC",10,"S",2,525,0.00380952380952381
969,"4bfmA","NUC",10,"C",259,405,0.639506172839506
969,"4bfmA","NUC",10,"N",68,405,0.167901234567901
969,"4bfmA","NUC",10,"O",74,405,0.182716049382716
969,"4bfmA","NUC",10,"P",0,405,0
969,"4bfmA","NUC",10,"S",4,405,0.00987654320987654
970,"4bg4A","NUC",10,"C",293,483,0.606625258799172
970,"4bg4A","NUC",10,"N",92,483,0.19047619047619
970,"4bg4A","NUC",10,"O",94,483,0.194616977225673
970,"4bg4A","NUC",10,"P",0,483,0
970,"4bg4A","NUC",10,"S",4,483,0.0082815734989648
971,"4bgaC","NUC",10,"C",196,311,0.630225080385852
971,"4bgaC","NUC",10,"N",56,311,0.180064308681672
971,"4bgaC","NUC",10,"O",58,311,0.186495176848875
971,"4bgaC","NUC",10,"P",0,311,0
971,"4bgaC","NUC",10,"S",1,311,0.00321543408360129
972,"4bivA","NUC",10,"C",278,447,0.621923937360179
972,"4bivA","NUC",10,"N",83,447,0.185682326621924
972,"4bivA","NUC",10,"O",86,447,0.192393736017897
972,"4bivA","NUC",10,"P",0,447,0
972,"4bivA","NUC",10,"S",0,447,0
973,"4bjrA","NUC",10,"C",298,468,0.636752136752137
973,"4bjrA","NUC",10,"N",84,468,0.17948717948718
973,"4bjrA","NUC",10,"O",82,468,0.175213675213675
973,"4bjrA","NUC",10,"P",0,468,0
973,"4bjrA","NUC",10,"S",4,468,0.00854700854700855
974,"4bloL","NUC",10,"C",126,214,0.588785046728972
974,"4bloL","NUC",10,"N",41,214,0.191588785046729
974,"4bloL","NUC",10,"O",46,214,0.214953271028037
974,"4bloL","NUC",10,"P",0,214,0
974,"4bloL","NUC",10,"S",1,214,0.00467289719626168
975,"4bqlB","NUC",10,"C",258,422,0.611374407582938
975,"4bqlB","NUC",10,"N",79,422,0.187203791469194
975,"4bqlB","NUC",10,"O",84,422,0.199052132701422
975,"4bqlB","NUC",10,"P",0,422,0
975,"4bqlB","NUC",10,"S",1,422,0.0023696682464455
976,"4br5A","NUC",10,"C",276,441,0.625850340136054
976,"4br5A","NUC",10,"N",76,441,0.17233560090703
976,"4br5A","NUC",10,"O",87,441,0.197278911564626
976,"4br5A","NUC",10,"P",0,441,0
976,"4br5A","NUC",10,"S",2,441,0.00453514739229025
977,"4brdA","NUC",10,"C",284,466,0.609442060085837
977,"4brdA","NUC",10,"N",83,466,0.178111587982833
977,"4brdA","NUC",10,"O",98,466,0.210300429184549
977,"4brdA","NUC",10,"P",0,466,0
977,"4brdA","NUC",10,"S",1,466,0.00214592274678112
978,"4btjB","NUC",10,"C",264,412,0.640776699029126
978,"4btjB","NUC",10,"N",72,412,0.174757281553398
978,"4btjB","NUC",10,"O",74,412,0.179611650485437
978,"4btjB","NUC",10,"P",0,412,0
978,"4btjB","NUC",10,"S",2,412,0.00485436893203883
979,"4bwpA","NUC",10,"C",244,384,0.635416666666667
979,"4bwpA","NUC",10,"N",67,384,0.174479166666667
979,"4bwpA","NUC",10,"O",71,384,0.184895833333333
979,"4bwpA","NUC",10,"P",0,384,0
979,"4bwpA","NUC",10,"S",2,384,0.00520833333333333
980,"4byfA","NUC",10,"C",273,440,0.620454545454545
980,"4byfA","NUC",10,"N",81,440,0.184090909090909
980,"4byfA","NUC",10,"O",85,440,0.193181818181818
980,"4byfA","NUC",10,"P",0,440,0
980,"4byfA","NUC",10,"S",1,440,0.00227272727272727
981,"4bzqB","NUC",10,"C",200,319,0.626959247648903
981,"4bzqB","NUC",10,"N",54,319,0.169278996865204
981,"4bzqB","NUC",10,"O",62,319,0.19435736677116
981,"4bzqB","NUC",10,"P",0,319,0
981,"4bzqB","NUC",10,"S",3,319,0.00940438871473354
982,"4c0sB","NUC",10,"C",224,357,0.627450980392157
982,"4c0sB","NUC",10,"N",60,357,0.168067226890756
982,"4c0sB","NUC",10,"O",71,357,0.198879551820728
982,"4c0sB","NUC",10,"P",0,357,0
982,"4c0sB","NUC",10,"S",2,357,0.00560224089635854
983,"4c2wA","NUC",10,"C",231,358,0.645251396648045
983,"4c2wA","NUC",10,"N",64,358,0.17877094972067
983,"4c2wA","NUC",10,"O",62,358,0.173184357541899
983,"4c2wA","NUC",10,"P",0,358,0
983,"4c2wA","NUC",10,"S",1,358,0.00279329608938547
984,"4c30A","NUC",10,"C",256,417,0.613908872901679
984,"4c30A","NUC",10,"N",80,417,0.191846522781775
984,"4c30A","NUC",10,"O",79,417,0.189448441247002
984,"4c30A","NUC",10,"P",0,417,0
984,"4c30A","NUC",10,"S",2,417,0.00479616306954436
985,"4c5kB","NUC",10,"C",279,440,0.634090909090909
985,"4c5kB","NUC",10,"N",79,440,0.179545454545455
985,"4c5kB","NUC",10,"O",79,440,0.179545454545455
985,"4c5kB","NUC",10,"P",0,440,0
985,"4c5kB","NUC",10,"S",3,440,0.00681818181818182
986,"4c7oC","NUC",10,"C",205,335,0.611940298507463
986,"4c7oC","NUC",10,"N",60,335,0.17910447761194
986,"4c7oC","NUC",10,"O",68,335,0.202985074626866
986,"4c7oC","NUC",10,"P",0,335,0
986,"4c7oC","NUC",10,"S",2,335,0.00597014925373134
987,"4cdgA","NUC",10,"C",270,424,0.636792452830189
987,"4cdgA","NUC",10,"N",77,424,0.181603773584906
987,"4cdgA","NUC",10,"O",74,424,0.174528301886792
987,"4cdgA","NUC",10,"P",0,424,0
987,"4cdgA","NUC",10,"S",3,424,0.00707547169811321
988,"4cf7B","NUC",10,"C",321,490,0.655102040816327
988,"4cf7B","NUC",10,"N",86,490,0.175510204081633
988,"4cf7B","NUC",10,"O",82,490,0.16734693877551
988,"4cf7B","NUC",10,"P",0,490,0
988,"4cf7B","NUC",10,"S",1,490,0.00204081632653061
989,"4cidA","NUC",10,"C",251,390,0.643589743589744
989,"4cidA","NUC",10,"N",67,390,0.171794871794872
989,"4cidA","NUC",10,"O",71,390,0.182051282051282
989,"4cidA","NUC",10,"P",0,390,0
989,"4cidA","NUC",10,"S",1,390,0.00256410256410256
990,"4ciuA","NUC",10,"C",233,371,0.628032345013477
990,"4ciuA","NUC",10,"N",64,371,0.172506738544474
990,"4ciuA","NUC",10,"O",74,371,0.199460916442049
990,"4ciuA","NUC",10,"P",0,371,0
990,"4ciuA","NUC",10,"S",0,371,0
991,"4cojB","NUC",10,"C",133,208,0.639423076923077
991,"4cojB","NUC",10,"N",38,208,0.182692307692308
991,"4cojB","NUC",10,"O",37,208,0.177884615384615
991,"4cojB","NUC",10,"P",0,208,0
991,"4cojB","NUC",10,"S",0,208,0
992,"4cqmC","NUC",10,"C",240,394,0.609137055837564
992,"4cqmC","NUC",10,"N",73,394,0.185279187817259
992,"4cqmC","NUC",10,"O",80,394,0.203045685279188
992,"4cqmC","NUC",10,"P",0,394,0
992,"4cqmC","NUC",10,"S",1,394,0.00253807106598985
993,"4cr8D","NUC",10,"C",234,372,0.629032258064516
993,"4cr8D","NUC",10,"N",66,372,0.17741935483871
993,"4cr8D","NUC",10,"O",70,372,0.188172043010753
993,"4cr8D","NUC",10,"P",0,372,0
993,"4cr8D","NUC",10,"S",2,372,0.00537634408602151
994,"4crsA","NUC",10,"C",297,457,0.649890590809628
994,"4crsA","NUC",10,"N",77,457,0.168490153172867
994,"4crsA","NUC",10,"O",80,457,0.175054704595186
994,"4crsA","NUC",10,"P",0,457,0
994,"4crsA","NUC",10,"S",3,457,0.00656455142231947
995,"4ctaB","NUC",10,"C",233,376,0.61968085106383
995,"4ctaB","NUC",10,"N",67,376,0.178191489361702
995,"4ctaB","NUC",10,"O",75,376,0.199468085106383
995,"4ctaB","NUC",10,"P",0,376,0
995,"4ctaB","NUC",10,"S",1,376,0.00265957446808511
996,"4cvnA","NUC",10,"C",188,302,0.622516556291391
996,"4cvnA","NUC",10,"N",55,302,0.182119205298013
996,"4cvnA","NUC",10,"O",59,302,0.195364238410596
996,"4cvnA","NUC",10,"P",0,302,0
996,"4cvnA","NUC",10,"S",0,302,0
997,"4cxaA","NUC",10,"C",300,462,0.649350649350649
997,"4cxaA","NUC",10,"N",75,462,0.162337662337662
997,"4cxaA","NUC",10,"O",85,462,0.183982683982684
997,"4cxaA","NUC",10,"P",0,462,0
997,"4cxaA","NUC",10,"S",2,462,0.00432900432900433
998,"4cyjB","NUC",10,"C",262,408,0.642156862745098
998,"4cyjB","NUC",10,"N",68,408,0.166666666666667
998,"4cyjB","NUC",10,"O",76,408,0.186274509803922
998,"4cyjB","NUC",10,"P",0,408,0
998,"4cyjB","NUC",10,"S",2,408,0.00490196078431373
999,"4czlA","NUC",10,"C",256,423,0.605200945626478
999,"4czlA","NUC",10,"N",72,423,0.170212765957447
999,"4czlA","NUC",10,"O",90,423,0.212765957446809
999,"4czlA","NUC",10,"P",0,423,0
999,"4czlA","NUC",10,"S",5,423,0.0118203309692671
1000,"4czyB","NUC",10,"C",284,440,0.645454545454546
1000,"4czyB","NUC",10,"N",75,440,0.170454545454545
1000,"4czyB","NUC",10,"O",78,440,0.177272727272727
1000,"4czyB","NUC",10,"P",0,440,0
1000,"4czyB","NUC",10,"S",3,440,0.00681818181818182
1001,"4d05A","NUC",10,"C",211,330,0.639393939393939
1001,"4d05A","NUC",10,"N",62,330,0.187878787878788
1001,"4d05A","NUC",10,"O",57,330,0.172727272727273
1001,"4d05A","NUC",10,"P",0,330,0
1001,"4d05A","NUC",10,"S",0,330,0
1002,"4d2iA","NUC",10,"C",199,321,0.61993769470405
1002,"4d2iA","NUC",10,"N",57,321,0.177570093457944
1002,"4d2iA","NUC",10,"O",64,321,0.199376947040498
1002,"4d2iA","NUC",10,"P",0,321,0
1002,"4d2iA","NUC",10,"S",1,321,0.00311526479750779
1003,"4d79C","NUC",10,"C",257,412,0.62378640776699
1003,"4d79C","NUC",10,"N",72,412,0.174757281553398
1003,"4d79C","NUC",10,"O",80,412,0.194174757281553
1003,"4d79C","NUC",10,"P",0,412,0
1003,"4d79C","NUC",10,"S",3,412,0.00728155339805825
1004,"4d82B","NUC",10,"C",225,361,0.623268698060942
1004,"4d82B","NUC",10,"N",66,361,0.182825484764543
1004,"4d82B","NUC",10,"O",68,361,0.188365650969529
1004,"4d82B","NUC",10,"P",0,361,0
1004,"4d82B","NUC",10,"S",2,361,0.00554016620498615
1005,"4d86A","NUC",10,"C",247,387,0.638242894056848
1005,"4d86A","NUC",10,"N",67,387,0.17312661498708
1005,"4d86A","NUC",10,"O",71,387,0.183462532299742
1005,"4d86A","NUC",10,"P",0,387,0
1005,"4d86A","NUC",10,"S",2,387,0.00516795865633075
1006,"4dbqA","NUC",10,"C",261,416,0.627403846153846
1006,"4dbqA","NUC",10,"N",72,416,0.173076923076923
1006,"4dbqA","NUC",10,"O",81,416,0.194711538461538
1006,"4dbqA","NUC",10,"P",0,416,0
1006,"4dbqA","NUC",10,"S",2,416,0.00480769230769231
1007,"4dcaA","NUC",10,"C",217,344,0.630813953488372
1007,"4dcaA","NUC",10,"N",59,344,0.171511627906977
1007,"4dcaA","NUC",10,"O",68,344,0.197674418604651
1007,"4dcaA","NUC",10,"P",0,344,0
1007,"4dcaA","NUC",10,"S",0,344,0
1008,"4deeA","NUC",10,"C",284,428,0.663551401869159
1008,"4deeA","NUC",10,"N",72,428,0.168224299065421
1008,"4deeA","NUC",10,"O",72,428,0.168224299065421
1008,"4deeA","NUC",10,"P",0,428,0
1008,"4deeA","NUC",10,"S",0,428,0
1009,"4djtB","NUC",10,"C",208,339,0.613569321533923
1009,"4djtB","NUC",10,"N",60,339,0.176991150442478
1009,"4djtB","NUC",10,"O",71,339,0.209439528023599
1009,"4djtB","NUC",10,"P",0,339,0
1009,"4djtB","NUC",10,"S",0,339,0
1010,"4dpuA","NUC",10,"C",273,444,0.614864864864865
1010,"4dpuA","NUC",10,"N",82,444,0.184684684684685
1010,"4dpuA","NUC",10,"O",87,444,0.195945945945946
1010,"4dpuA","NUC",10,"P",0,444,0
1010,"4dpuA","NUC",10,"S",2,444,0.0045045045045045
1011,"4dqwA","NUC",10,"C",200,302,0.662251655629139
1011,"4dqwA","NUC",10,"N",51,302,0.16887417218543
1011,"4dqwA","NUC",10,"O",49,302,0.162251655629139
1011,"4dqwA","NUC",10,"P",0,302,0
1011,"4dqwA","NUC",10,"S",2,302,0.00662251655629139
1012,"4dtfA","NUC",10,"C",286,462,0.619047619047619
1012,"4dtfA","NUC",10,"N",80,462,0.173160173160173
1012,"4dtfA","NUC",10,"O",91,462,0.196969696969697
1012,"4dtfA","NUC",10,"P",0,462,0
1012,"4dtfA","NUC",10,"S",5,462,0.0108225108225108
1013,"4dx2A","NUC",10,"C",178,271,0.656826568265683
1013,"4dx2A","NUC",10,"N",46,271,0.169741697416974
1013,"4dx2A","NUC",10,"O",47,271,0.173431734317343
1013,"4dx2A","NUC",10,"P",0,271,0
1013,"4dx2A","NUC",10,"S",0,271,0
1014,"4dxaA","NUC",10,"C",240,379,0.633245382585752
1014,"4dxaA","NUC",10,"N",61,379,0.160949868073879
1014,"4dxaA","NUC",10,"O",77,379,0.203166226912929
1014,"4dxaA","NUC",10,"P",0,379,0
1014,"4dxaA","NUC",10,"S",1,379,0.00263852242744063
1015,"4dxlA","NUC",10,"C",271,432,0.627314814814815
1015,"4dxlA","NUC",10,"N",78,432,0.180555555555556
1015,"4dxlA","NUC",10,"O",82,432,0.189814814814815
1015,"4dxlA","NUC",10,"P",0,432,0
1015,"4dxlA","NUC",10,"S",1,432,0.00231481481481481
1016,"4dz6A","NUC",10,"C",230,376,0.611702127659574
1016,"4dz6A","NUC",10,"N",76,376,0.202127659574468
1016,"4dz6A","NUC",10,"O",69,376,0.183510638297872
1016,"4dz6A","NUC",10,"P",0,376,0
1016,"4dz6A","NUC",10,"S",1,376,0.00265957446808511
1017,"4e80C","NUC",10,"C",270,418,0.645933014354067
1017,"4e80C","NUC",10,"N",70,418,0.167464114832536
1017,"4e80C","NUC",10,"O",78,418,0.186602870813397
1017,"4e80C","NUC",10,"P",0,418,0
1017,"4e80C","NUC",10,"S",0,418,0
1018,"4e84A","NUC",10,"C",207,336,0.616071428571429
1018,"4e84A","NUC",10,"N",61,336,0.181547619047619
1018,"4e84A","NUC",10,"O",68,336,0.202380952380952
1018,"4e84A","NUC",10,"P",0,336,0
1018,"4e84A","NUC",10,"S",0,336,0
1019,"4ebuA","NUC",10,"C",227,365,0.621917808219178
1019,"4ebuA","NUC",10,"N",65,365,0.178082191780822
1019,"4ebuA","NUC",10,"O",73,365,0.2
1019,"4ebuA","NUC",10,"P",0,365,0
1019,"4ebuA","NUC",10,"S",0,365,0
1020,"4edgA","NUC",10,"C",219,337,0.649851632047478
1020,"4edgA","NUC",10,"N",55,337,0.163204747774481
1020,"4edgA","NUC",10,"O",61,337,0.181008902077151
1020,"4edgA","NUC",10,"P",0,337,0
1020,"4edgA","NUC",10,"S",2,337,0.00593471810089021
1021,"4edhA","NUC",10,"C",180,289,0.622837370242215
1021,"4edhA","NUC",10,"N",53,289,0.183391003460208
1021,"4edhA","NUC",10,"O",56,289,0.193771626297578
1021,"4edhA","NUC",10,"P",0,289,0
1021,"4edhA","NUC",10,"S",0,289,0
1022,"4ehtA","NUC",10,"C",241,404,0.596534653465347
1022,"4ehtA","NUC",10,"N",76,404,0.188118811881188
1022,"4ehtA","NUC",10,"O",86,404,0.212871287128713
1022,"4ehtA","NUC",10,"P",0,404,0
1022,"4ehtA","NUC",10,"S",1,404,0.00247524752475248
1023,"4ei9A","NUC",10,"C",289,463,0.624190064794816
1023,"4ei9A","NUC",10,"N",84,463,0.181425485961123
1023,"4ei9A","NUC",10,"O",87,463,0.187904967602592
1023,"4ei9A","NUC",10,"P",0,463,0
1023,"4ei9A","NUC",10,"S",3,463,0.00647948164146868
1024,"4ej7A","NUC",10,"C",249,404,0.616336633663366
1024,"4ej7A","NUC",10,"N",69,404,0.170792079207921
1024,"4ej7A","NUC",10,"O",85,404,0.21039603960396
1024,"4ej7A","NUC",10,"P",0,404,0
1024,"4ej7A","NUC",10,"S",1,404,0.00247524752475248
1025,"4ekkA","NUC",10,"C",304,463,0.65658747300216
1025,"4ekkA","NUC",10,"N",69,463,0.14902807775378
1025,"4ekkA","NUC",10,"O",87,463,0.187904967602592
1025,"4ekkA","NUC",10,"P",0,463,0
1025,"4ekkA","NUC",10,"S",3,463,0.00647948164146868
1026,"4eqmA","NUC",10,"C",215,334,0.643712574850299
1026,"4eqmA","NUC",10,"N",56,334,0.167664670658683
1026,"4eqmA","NUC",10,"O",61,334,0.182634730538922
1026,"4eqmA","NUC",10,"P",0,334,0
1026,"4eqmA","NUC",10,"S",2,334,0.00598802395209581
1027,"4erpD","NUC",10,"C",238,364,0.653846153846154
1027,"4erpD","NUC",10,"N",63,364,0.173076923076923
1027,"4erpD","NUC",10,"O",63,364,0.173076923076923
1027,"4erpD","NUC",10,"P",0,364,0
1027,"4erpD","NUC",10,"S",0,364,0
1028,"4esvE","NUC",10,"C",214,341,0.627565982404692
1028,"4esvE","NUC",10,"N",63,341,0.18475073313783
1028,"4esvE","NUC",10,"O",62,341,0.181818181818182
1028,"4esvE","NUC",10,"P",0,341,0
1028,"4esvE","NUC",10,"S",2,341,0.00586510263929619
1029,"4f1mA","NUC",10,"C",240,379,0.633245382585752
1029,"4f1mA","NUC",10,"N",69,379,0.182058047493404
1029,"4f1mA","NUC",10,"O",66,379,0.174142480211082
1029,"4f1mA","NUC",10,"P",0,379,0
1029,"4f1mA","NUC",10,"S",4,379,0.0105540897097625
1030,"4f6tA","NUC",10,"C",287,456,0.629385964912281
1030,"4f6tA","NUC",10,"N",78,456,0.171052631578947
1030,"4f6tA","NUC",10,"O",88,456,0.192982456140351
1030,"4f6tA","NUC",10,"P",0,456,0
1030,"4f6tA","NUC",10,"S",3,456,0.00657894736842105
1031,"4f7wA","NUC",10,"C",258,407,0.633906633906634
1031,"4f7wA","NUC",10,"N",76,407,0.186732186732187
1031,"4f7wA","NUC",10,"O",72,407,0.176904176904177
1031,"4f7wA","NUC",10,"P",0,407,0
1031,"4f7wA","NUC",10,"S",1,407,0.00245700245700246
1032,"4f96A","NUC",10,"C",241,384,0.627604166666667
1032,"4f96A","NUC",10,"N",73,384,0.190104166666667
1032,"4f96A","NUC",10,"O",68,384,0.177083333333333
1032,"4f96A","NUC",10,"P",0,384,0
1032,"4f96A","NUC",10,"S",2,384,0.00520833333333333
1033,"4f9aC","NUC",10,"C",253,390,0.648717948717949
1033,"4f9aC","NUC",10,"N",65,390,0.166666666666667
1033,"4f9aC","NUC",10,"O",70,390,0.17948717948718
1033,"4f9aC","NUC",10,"P",0,390,0
1033,"4f9aC","NUC",10,"S",2,390,0.00512820512820513
1034,"4fe2B","NUC",10,"C",258,414,0.623188405797101
1034,"4fe2B","NUC",10,"N",74,414,0.178743961352657
1034,"4fe2B","NUC",10,"O",82,414,0.198067632850242
1034,"4fe2B","NUC",10,"P",0,414,0
1034,"4fe2B","NUC",10,"S",0,414,0
1035,"4feyA","NUC",10,"C",250,373,0.670241286863271
1035,"4feyA","NUC",10,"N",58,373,0.155495978552279
1035,"4feyA","NUC",10,"O",64,373,0.171581769436997
1035,"4feyA","NUC",10,"P",0,373,0
1035,"4feyA","NUC",10,"S",1,373,0.00268096514745308
1036,"4ffbA","NUC",10,"C",306,494,0.619433198380567
1036,"4ffbA","NUC",10,"N",91,494,0.184210526315789
1036,"4ffbA","NUC",10,"O",93,494,0.188259109311741
1036,"4ffbA","NUC",10,"P",0,494,0
1036,"4ffbA","NUC",10,"S",4,494,0.00809716599190283
1037,"4ffbB","NUC",10,"C",278,459,0.605664488017429
1037,"4ffbB","NUC",10,"N",87,459,0.189542483660131
1037,"4ffbB","NUC",10,"O",89,459,0.193899782135076
1037,"4ffbB","NUC",10,"P",0,459,0
1037,"4ffbB","NUC",10,"S",5,459,0.0108932461873638
1038,"4fflA","NUC",10,"C",233,362,0.643646408839779
1038,"4fflA","NUC",10,"N",60,362,0.165745856353591
1038,"4fflA","NUC",10,"O",66,362,0.18232044198895
1038,"4fflA","NUC",10,"P",0,362,0
1038,"4fflA","NUC",10,"S",3,362,0.00828729281767956
1039,"4fg9B","NUC",10,"C",244,387,0.630490956072351
1039,"4fg9B","NUC",10,"N",65,387,0.167958656330749
1039,"4fg9B","NUC",10,"O",76,387,0.196382428940568
1039,"4fg9B","NUC",10,"P",0,387,0
1039,"4fg9B","NUC",10,"S",2,387,0.00516795865633075
1040,"4fidA","NUC",10,"C",247,409,0.603911980440098
1040,"4fidA","NUC",10,"N",78,409,0.190709046454768
1040,"4fidA","NUC",10,"O",82,409,0.200488997555012
1040,"4fidA","NUC",10,"P",0,409,0
1040,"4fidA","NUC",10,"S",2,409,0.00488997555012225
1041,"4fkyA","NUC",10,"C",181,292,0.61986301369863
1041,"4fkyA","NUC",10,"N",57,292,0.195205479452055
1041,"4fkyA","NUC",10,"O",53,292,0.181506849315068
1041,"4fkyA","NUC",10,"P",0,292,0
1041,"4fkyA","NUC",10,"S",1,292,0.00342465753424658
1042,"4fl2A","NUC",10,"C",293,458,0.639737991266376
1042,"4fl2A","NUC",10,"N",80,458,0.174672489082969
1042,"4fl2A","NUC",10,"O",82,458,0.179039301310044
1042,"4fl2A","NUC",10,"P",0,458,0
1042,"4fl2A","NUC",10,"S",3,458,0.00655021834061135
1043,"4frzA","NUC",10,"C",202,347,0.582132564841499
1043,"4frzA","NUC",10,"N",70,347,0.201729106628242
1043,"4frzA","NUC",10,"O",74,347,0.213256484149856
1043,"4frzA","NUC",10,"P",0,347,0
1043,"4frzA","NUC",10,"S",1,347,0.00288184438040346
1044,"4fs1C","NUC",10,"C",195,304,0.641447368421053
1044,"4fs1C","NUC",10,"N",50,304,0.164473684210526
1044,"4fs1C","NUC",10,"O",56,304,0.184210526315789
1044,"4fs1C","NUC",10,"P",0,304,0
1044,"4fs1C","NUC",10,"S",3,304,0.00986842105263158
1045,"4fu0B","NUC",10,"C",273,421,0.648456057007126
1045,"4fu0B","NUC",10,"N",72,421,0.171021377672209
1045,"4fu0B","NUC",10,"O",75,421,0.178147268408551
1045,"4fu0B","NUC",10,"P",0,421,0
1045,"4fu0B","NUC",10,"S",1,421,0.00237529691211401
1046,"4fvqA","NUC",10,"C",288,448,0.642857142857143
1046,"4fvqA","NUC",10,"N",74,448,0.165178571428571
1046,"4fvqA","NUC",10,"O",85,448,0.189732142857143
1046,"4fvqA","NUC",10,"P",0,448,0
1046,"4fvqA","NUC",10,"S",1,448,0.00223214285714286
1047,"4fydA","NUC",10,"C",211,339,0.622418879056047
1047,"4fydA","NUC",10,"N",57,339,0.168141592920354
1047,"4fydA","NUC",10,"O",70,339,0.206489675516224
1047,"4fydA","NUC",10,"P",0,339,0
1047,"4fydA","NUC",10,"S",1,339,0.00294985250737463
1048,"4g5yA","NUC",10,"C",300,457,0.656455142231947
1048,"4g5yA","NUC",10,"N",78,457,0.170678336980306
1048,"4g5yA","NUC",10,"O",77,457,0.168490153172867
1048,"4g5yA","NUC",10,"P",0,457,0
1048,"4g5yA","NUC",10,"S",2,457,0.00437636761487965
1049,"4gczA","NUC",10,"C",232,368,0.630434782608696
1049,"4gczA","NUC",10,"N",59,368,0.160326086956522
1049,"4gczA","NUC",10,"O",77,368,0.209239130434783
1049,"4gczA","NUC",10,"P",0,368,0
1049,"4gczA","NUC",10,"S",0,368,0
1050,"4gkrB","NUC",10,"C",198,341,0.580645161290323
1050,"4gkrB","NUC",10,"N",68,341,0.19941348973607
1050,"4gkrB","NUC",10,"O",74,341,0.217008797653959
1050,"4gkrB","NUC",10,"P",0,341,0
1050,"4gkrB","NUC",10,"S",1,341,0.00293255131964809
1051,"4gl2A","NUC",10,"C",234,367,0.637602179836512
1051,"4gl2A","NUC",10,"N",68,367,0.185286103542234
1051,"4gl2A","NUC",10,"O",62,367,0.168937329700272
1051,"4gl2A","NUC",10,"P",0,367,0
1051,"4gl2A","NUC",10,"S",3,367,0.00817438692098093
1052,"4gnkA","NUC",10,"C",274,451,0.607538802660754
1052,"4gnkA","NUC",10,"N",85,451,0.188470066518847
1052,"4gnkA","NUC",10,"O",91,451,0.201773835920177
1052,"4gnkA","NUC",10,"P",0,451,0
1052,"4gnkA","NUC",10,"S",1,451,0.00221729490022173
1053,"4gqtA","NUC",10,"C",242,376,0.643617021276596
1053,"4gqtA","NUC",10,"N",61,376,0.162234042553191
1053,"4gqtA","NUC",10,"O",72,376,0.191489361702128
1053,"4gqtA","NUC",10,"P",0,376,0
1053,"4gqtA","NUC",10,"S",1,376,0.00265957446808511
1054,"4gt8A","NUC",10,"C",197,320,0.615625
1054,"4gt8A","NUC",10,"N",57,320,0.178125
1054,"4gt8A","NUC",10,"O",64,320,0.2
1054,"4gt8A","NUC",10,"P",0,320,0
1054,"4gt8A","NUC",10,"S",2,320,0.00625
1055,"4gvjA","NUC",10,"C",267,414,0.644927536231884
1055,"4gvjA","NUC",10,"N",71,414,0.171497584541063
1055,"4gvjA","NUC",10,"O",75,414,0.181159420289855
1055,"4gvjA","NUC",10,"P",0,414,0
1055,"4gvjA","NUC",10,"S",1,414,0.00241545893719807
1056,"4gx1A","NUC",10,"C",225,362,0.621546961325967
1056,"4gx1A","NUC",10,"N",67,362,0.185082872928177
1056,"4gx1A","NUC",10,"O",69,362,0.19060773480663
1056,"4gx1A","NUC",10,"P",0,362,0
1056,"4gx1A","NUC",10,"S",1,362,0.00276243093922652
1057,"4gx1B","NUC",10,"C",217,352,0.616477272727273
1057,"4gx1B","NUC",10,"N",68,352,0.193181818181818
1057,"4gx1B","NUC",10,"O",66,352,0.1875
1057,"4gx1B","NUC",10,"P",0,352,0
1057,"4gx1B","NUC",10,"S",1,352,0.00284090909090909
1058,"4gxqB","NUC",10,"C",284,460,0.617391304347826
1058,"4gxqB","NUC",10,"N",84,460,0.182608695652174
1058,"4gxqB","NUC",10,"O",87,460,0.189130434782609
1058,"4gxqB","NUC",10,"P",0,460,0
1058,"4gxqB","NUC",10,"S",5,460,0.0108695652173913
1059,"4h1gA","NUC",10,"C",177,299,0.591973244147157
1059,"4h1gA","NUC",10,"N",57,299,0.190635451505017
1059,"4h1gA","NUC",10,"O",64,299,0.214046822742475
1059,"4h1gA","NUC",10,"P",0,299,0
1059,"4h1gA","NUC",10,"S",1,299,0.00334448160535117
1060,"4h2uB","NUC",10,"C",288,452,0.63716814159292
1060,"4h2uB","NUC",10,"N",79,452,0.174778761061947
1060,"4h2uB","NUC",10,"O",78,452,0.172566371681416
1060,"4h2uB","NUC",10,"P",0,452,0
1060,"4h2uB","NUC",10,"S",7,452,0.0154867256637168
1061,"4h4kB","NUC",10,"C",253,394,0.642131979695431
1061,"4h4kB","NUC",10,"N",68,394,0.17258883248731
1061,"4h4kB","NUC",10,"O",71,394,0.180203045685279
1061,"4h4kB","NUC",10,"P",0,394,0
1061,"4h4kB","NUC",10,"S",2,394,0.0050761421319797
1062,"4hdgA","NUC",10,"C",287,469,0.611940298507463
1062,"4hdgA","NUC",10,"N",93,469,0.198294243070362
1062,"4hdgA","NUC",10,"O",85,469,0.181236673773987
1062,"4hdgA","NUC",10,"P",0,469,0
1062,"4hdgA","NUC",10,"S",4,469,0.00852878464818763
1063,"4hluC","NUC",10,"C",174,271,0.642066420664207
1063,"4hluC","NUC",10,"N",50,271,0.18450184501845
1063,"4hluC","NUC",10,"O",47,271,0.173431734317343
1063,"4hluC","NUC",10,"P",0,271,0
1063,"4hluC","NUC",10,"S",0,271,0
1064,"4hndA","NUC",10,"C",217,342,0.634502923976608
1064,"4hndA","NUC",10,"N",53,342,0.154970760233918
1064,"4hndA","NUC",10,"O",72,342,0.210526315789474
1064,"4hndA","NUC",10,"P",0,342,0
1064,"4hndA","NUC",10,"S",0,342,0
1065,"4ho9A","NUC",10,"C",218,318,0.685534591194969
1065,"4ho9A","NUC",10,"N",46,318,0.144654088050314
1065,"4ho9A","NUC",10,"O",51,318,0.160377358490566
1065,"4ho9A","NUC",10,"P",0,318,0
1065,"4ho9A","NUC",10,"S",3,318,0.00943396226415094
1066,"4hqjD","NUC",10,"C",295,483,0.610766045548654
1066,"4hqjD","NUC",10,"N",93,483,0.192546583850932
1066,"4hqjD","NUC",10,"O",90,483,0.186335403726708
1066,"4hqjD","NUC",10,"P",0,483,0
1066,"4hqjD","NUC",10,"S",5,483,0.010351966873706
1067,"4hr2A","NUC",10,"C",188,300,0.626666666666667
1067,"4hr2A","NUC",10,"N",57,300,0.19
1067,"4hr2A","NUC",10,"O",53,300,0.176666666666667
1067,"4hr2A","NUC",10,"P",0,300,0
1067,"4hr2A","NUC",10,"S",2,300,0.00666666666666667
1068,"4hseA","NUC",10,"C",235,367,0.640326975476839
1068,"4hseA","NUC",10,"N",58,367,0.158038147138965
1068,"4hseA","NUC",10,"O",74,367,0.201634877384196
1068,"4hseA","NUC",10,"P",0,367,0
1068,"4hseA","NUC",10,"S",0,367,0
1069,"4hutA","NUC",10,"C",199,316,0.629746835443038
1069,"4hutA","NUC",10,"N",58,316,0.183544303797468
1069,"4hutA","NUC",10,"O",59,316,0.186708860759494
1069,"4hutA","NUC",10,"P",0,316,0
1069,"4hutA","NUC",10,"S",0,316,0
1070,"4hvcB","NUC",10,"C",296,454,0.651982378854626
1070,"4hvcB","NUC",10,"N",77,454,0.169603524229075
1070,"4hvcB","NUC",10,"O",81,454,0.1784140969163
1070,"4hvcB","NUC",10,"P",0,454,0
1070,"4hvcB","NUC",10,"S",0,454,0
1071,"4i1vA","NUC",10,"C",174,292,0.595890410958904
1071,"4i1vA","NUC",10,"N",58,292,0.198630136986301
1071,"4i1vA","NUC",10,"O",59,292,0.202054794520548
1071,"4i1vA","NUC",10,"P",0,292,0
1071,"4i1vA","NUC",10,"S",1,292,0.00342465753424658
1072,"4i2iA","NUC",10,"C",230,380,0.605263157894737
1072,"4i2iA","NUC",10,"N",74,380,0.194736842105263
1072,"4i2iA","NUC",10,"O",73,380,0.192105263157895
1072,"4i2iA","NUC",10,"P",0,380,0
1072,"4i2iA","NUC",10,"S",3,380,0.00789473684210526
1073,"4i3vA","NUC",10,"C",243,366,0.663934426229508
1073,"4i3vA","NUC",10,"N",57,366,0.155737704918033
1073,"4i3vA","NUC",10,"O",62,366,0.169398907103825
1073,"4i3vA","NUC",10,"P",0,366,0
1073,"4i3vA","NUC",10,"S",4,366,0.0109289617486339
1074,"4i4tA","NUC",10,"C",310,500,0.62
1074,"4i4tA","NUC",10,"N",93,500,0.186
1074,"4i4tA","NUC",10,"O",95,500,0.19
1074,"4i4tA","NUC",10,"P",0,500,0
1074,"4i4tA","NUC",10,"S",2,500,0.004
1075,"4i81E","NUC",10,"C",262,414,0.632850241545894
1075,"4i81E","NUC",10,"N",77,414,0.185990338164251
1075,"4i81E","NUC",10,"O",74,414,0.178743961352657
1075,"4i81E","NUC",10,"P",0,414,0
1075,"4i81E","NUC",10,"S",1,414,0.00241545893719807
1076,"4i94B","NUC",10,"C",314,489,0.642126789366053
1076,"4i94B","NUC",10,"N",85,489,0.173824130879346
1076,"4i94B","NUC",10,"O",87,489,0.177914110429448
1076,"4i94B","NUC",10,"P",0,489,0
1076,"4i94B","NUC",10,"S",3,489,0.00613496932515337
1077,"4i9bA","NUC",10,"C",240,367,0.653950953678474
1077,"4i9bA","NUC",10,"N",59,367,0.160762942779292
1077,"4i9bA","NUC",10,"O",66,367,0.17983651226158
1077,"4i9bA","NUC",10,"P",0,367,0
1077,"4i9bA","NUC",10,"S",2,367,0.00544959128065395
1078,"4ic7A","NUC",10,"C",243,392,0.619897959183674
1078,"4ic7A","NUC",10,"N",69,392,0.176020408163265
1078,"4ic7A","NUC",10,"O",78,392,0.198979591836735
1078,"4ic7A","NUC",10,"P",0,392,0
1078,"4ic7A","NUC",10,"S",2,392,0.00510204081632653
1079,"4idoB","NUC",10,"C",291,459,0.633986928104575
1079,"4idoB","NUC",10,"N",81,459,0.176470588235294
1079,"4idoB","NUC",10,"O",86,459,0.187363834422658
1079,"4idoB","NUC",10,"P",0,459,0
1079,"4idoB","NUC",10,"S",1,459,0.00217864923747277
1080,"4ieeA","NUC",10,"C",227,356,0.637640449438202
1080,"4ieeA","NUC",10,"N",67,356,0.188202247191011
1080,"4ieeA","NUC",10,"O",62,356,0.174157303370787
1080,"4ieeA","NUC",10,"P",0,356,0
1080,"4ieeA","NUC",10,"S",0,356,0
1081,"4ienA","NUC",10,"C",189,303,0.623762376237624
1081,"4ienA","NUC",10,"N",59,303,0.194719471947195
1081,"4ienA","NUC",10,"O",52,303,0.171617161716172
1081,"4ienA","NUC",10,"P",0,303,0
1081,"4ienA","NUC",10,"S",3,303,0.0099009900990099
1082,"4ifcB","NUC",10,"C",269,416,0.646634615384615
1082,"4ifcB","NUC",10,"N",66,416,0.158653846153846
1082,"4ifcB","NUC",10,"O",78,416,0.1875
1082,"4ifcB","NUC",10,"P",0,416,0
1082,"4ifcB","NUC",10,"S",3,416,0.00721153846153846
1083,"4ig8A","NUC",10,"C",248,404,0.613861386138614
1083,"4ig8A","NUC",10,"N",71,404,0.175742574257426
1083,"4ig8A","NUC",10,"O",85,404,0.21039603960396
1083,"4ig8A","NUC",10,"P",0,404,0
1083,"4ig8A","NUC",10,"S",0,404,0
1084,"4ii3A","NUC",10,"C",282,459,0.61437908496732
1084,"4ii3A","NUC",10,"N",84,459,0.183006535947712
1084,"4ii3A","NUC",10,"O",91,459,0.198257080610022
1084,"4ii3A","NUC",10,"P",0,459,0
1084,"4ii3A","NUC",10,"S",2,459,0.00435729847494553
1085,"4ileA","NUC",10,"C",188,301,0.624584717607973
1085,"4ileA","NUC",10,"N",51,301,0.169435215946844
1085,"4ileA","NUC",10,"O",61,301,0.20265780730897
1085,"4ileA","NUC",10,"P",0,301,0
1085,"4ileA","NUC",10,"S",1,301,0.00332225913621262
1086,"4irkA","NUC",10,"C",191,308,0.62012987012987
1086,"4irkA","NUC",10,"N",53,308,0.172077922077922
1086,"4irkA","NUC",10,"O",62,308,0.201298701298701
1086,"4irkA","NUC",10,"P",0,308,0
1086,"4irkA","NUC",10,"S",2,308,0.00649350649350649
1087,"4iszA","NUC",10,"C",341,558,0.611111111111111
1087,"4iszA","NUC",10,"N",111,558,0.198924731182796
1087,"4iszA","NUC",10,"O",101,558,0.181003584229391
1087,"4iszA","NUC",10,"P",0,558,0
1087,"4iszA","NUC",10,"S",5,558,0.00896057347670251
1088,"4itmA","NUC",10,"C",263,407,0.646191646191646
1088,"4itmA","NUC",10,"N",66,407,0.162162162162162
1088,"4itmA","NUC",10,"O",73,407,0.179361179361179
1088,"4itmA","NUC",10,"P",0,407,0
1088,"4itmA","NUC",10,"S",5,407,0.0122850122850123
1089,"4iw3B","NUC",10,"C",185,300,0.616666666666667
1089,"4iw3B","NUC",10,"N",54,300,0.18
1089,"4iw3B","NUC",10,"O",59,300,0.196666666666667
1089,"4iw3B","NUC",10,"P",0,300,0
1089,"4iw3B","NUC",10,"S",2,300,0.00666666666666667
1090,"4ix4B","NUC",10,"C",229,372,0.615591397849462
1090,"4ix4B","NUC",10,"N",72,372,0.193548387096774
1090,"4ix4B","NUC",10,"O",69,372,0.185483870967742
1090,"4ix4B","NUC",10,"P",0,372,0
1090,"4ix4B","NUC",10,"S",2,372,0.00537634408602151
1091,"4iy0A","NUC",10,"C",196,296,0.662162162162162
1091,"4iy0A","NUC",10,"N",46,296,0.155405405405405
1091,"4iy0A","NUC",10,"O",51,296,0.172297297297297
1091,"4iy0A","NUC",10,"P",0,296,0
1091,"4iy0A","NUC",10,"S",3,296,0.0101351351351351
1092,"4iynB","NUC",10,"C",289,452,0.639380530973451
1092,"4iynB","NUC",10,"N",76,452,0.168141592920354
1092,"4iynB","NUC",10,"O",86,452,0.190265486725664
1092,"4iynB","NUC",10,"P",0,452,0
1092,"4iynB","NUC",10,"S",1,452,0.00221238938053097
1093,"4j5sA","NUC",10,"C",270,409,0.660146699266504
1093,"4j5sA","NUC",10,"N",68,409,0.166259168704156
1093,"4j5sA","NUC",10,"O",65,409,0.158924205378973
1093,"4j5sA","NUC",10,"P",0,409,0
1093,"4j5sA","NUC",10,"S",6,409,0.0146699266503667
1094,"4j7cB","NUC",10,"C",221,345,0.640579710144928
1094,"4j7cB","NUC",10,"N",61,345,0.176811594202899
1094,"4j7cB","NUC",10,"O",63,345,0.182608695652174
1094,"4j7cB","NUC",10,"P",0,345,0
1094,"4j7cB","NUC",10,"S",0,345,0
1095,"4j95D","NUC",10,"C",261,407,0.641277641277641
1095,"4j95D","NUC",10,"N",69,407,0.16953316953317
1095,"4j95D","NUC",10,"O",75,407,0.184275184275184
1095,"4j95D","NUC",10,"P",0,407,0
1095,"4j95D","NUC",10,"S",2,407,0.00491400491400491
1096,"4j96B","NUC",10,"C",250,393,0.636132315521629
1096,"4j96B","NUC",10,"N",70,393,0.178117048346056
1096,"4j96B","NUC",10,"O",71,393,0.180661577608142
1096,"4j96B","NUC",10,"P",0,393,0
1096,"4j96B","NUC",10,"S",2,393,0.00508905852417303
1097,"4j9vA","NUC",10,"C",181,296,0.611486486486487
1097,"4j9vA","NUC",10,"N",54,296,0.182432432432432
1097,"4j9vA","NUC",10,"O",60,296,0.202702702702703
1097,"4j9vA","NUC",10,"P",0,296,0
1097,"4j9vA","NUC",10,"S",1,296,0.00337837837837838
1098,"4javA","NUC",10,"C",286,440,0.65
1098,"4javA","NUC",10,"N",72,440,0.163636363636364
1098,"4javA","NUC",10,"O",81,440,0.184090909090909
1098,"4javA","NUC",10,"P",0,440,0
1098,"4javA","NUC",10,"S",1,440,0.00227272727272727
1099,"4jd2B","NUC",10,"C",298,484,0.615702479338843
1099,"4jd2B","NUC",10,"N",88,484,0.181818181818182
1099,"4jd2B","NUC",10,"O",94,484,0.194214876033058
1099,"4jd2B","NUC",10,"P",0,484,0
1099,"4jd2B","NUC",10,"S",4,484,0.00826446280991736
1100,"4jdcA","NUC",10,"C",273,409,0.667481662591687
1100,"4jdcA","NUC",10,"N",64,409,0.156479217603912
1100,"4jdcA","NUC",10,"O",72,409,0.176039119804401
1100,"4jdcA","NUC",10,"P",0,409,0
1100,"4jdcA","NUC",10,"S",0,409,0
1101,"4jkiA","NUC",10,"C",217,352,0.616477272727273
1101,"4jkiA","NUC",10,"N",66,352,0.1875
1101,"4jkiA","NUC",10,"O",69,352,0.196022727272727
1101,"4jkiA","NUC",10,"P",0,352,0
1101,"4jkiA","NUC",10,"S",0,352,0
1102,"4jn4A","NUC",10,"C",301,491,0.613034623217923
1102,"4jn4A","NUC",10,"N",88,491,0.179226069246436
1102,"4jn4A","NUC",10,"O",100,491,0.203665987780041
1102,"4jn4A","NUC",10,"P",0,491,0
1102,"4jn4A","NUC",10,"S",2,491,0.00407331975560081
1103,"4jyzA","NUC",10,"C",291,443,0.656884875846501
1103,"4jyzA","NUC",10,"N",76,443,0.171557562076749
1103,"4jyzA","NUC",10,"O",73,443,0.164785553047404
1103,"4jyzA","NUC",10,"P",0,443,0
1103,"4jyzA","NUC",10,"S",3,443,0.00677200902934537
1104,"4jz7A","NUC",10,"C",250,392,0.637755102040816
1104,"4jz7A","NUC",10,"N",67,392,0.170918367346939
1104,"4jz7A","NUC",10,"O",72,392,0.183673469387755
1104,"4jz7A","NUC",10,"P",0,392,0
1104,"4jz7A","NUC",10,"S",3,392,0.0076530612244898
1105,"4jz7C","NUC",10,"C",246,388,0.634020618556701
1105,"4jz7C","NUC",10,"N",67,388,0.172680412371134
1105,"4jz7C","NUC",10,"O",72,388,0.185567010309278
1105,"4jz7C","NUC",10,"P",0,388,0
1105,"4jz7C","NUC",10,"S",3,388,0.0077319587628866
1106,"4jztA","NUC",10,"C",213,326,0.653374233128834
1106,"4jztA","NUC",10,"N",57,326,0.174846625766871
1106,"4jztA","NUC",10,"O",55,326,0.168711656441718
1106,"4jztA","NUC",10,"P",0,326,0
1106,"4jztA","NUC",10,"S",1,326,0.00306748466257669
1107,"4k2rA","NUC",10,"C",265,410,0.646341463414634
1107,"4k2rA","NUC",10,"N",75,410,0.182926829268293
1107,"4k2rA","NUC",10,"O",67,410,0.163414634146341
1107,"4k2rA","NUC",10,"P",0,410,0
1107,"4k2rA","NUC",10,"S",3,410,0.00731707317073171
1108,"4k4hI","NUC",10,"C",213,343,0.620991253644315
1108,"4k4hI","NUC",10,"N",66,343,0.192419825072886
1108,"4k4hI","NUC",10,"O",61,343,0.177842565597668
1108,"4k4hI","NUC",10,"P",0,343,0
1108,"4k4hI","NUC",10,"S",3,343,0.0087463556851312
1109,"4k9aA","NUC",10,"C",225,348,0.646551724137931
1109,"4k9aA","NUC",10,"N",58,348,0.166666666666667
1109,"4k9aA","NUC",10,"O",63,348,0.181034482758621
1109,"4k9aA","NUC",10,"P",0,348,0
1109,"4k9aA","NUC",10,"S",2,348,0.00574712643678161
1110,"4kgmA","NUC",10,"C",214,341,0.627565982404692
1110,"4kgmA","NUC",10,"N",61,341,0.178885630498534
1110,"4kgmA","NUC",10,"O",63,341,0.18475073313783
1110,"4kgmA","NUC",10,"P",0,341,0
1110,"4kgmA","NUC",10,"S",3,341,0.00879765395894428
1111,"4klzA","NUC",10,"C",214,345,0.620289855072464
1111,"4klzA","NUC",10,"N",56,345,0.16231884057971
1111,"4klzA","NUC",10,"O",71,345,0.205797101449275
1111,"4klzA","NUC",10,"P",0,345,0
1111,"4klzA","NUC",10,"S",4,345,0.0115942028985507
1112,"4kp4A","NUC",10,"C",284,449,0.632516703786192
1112,"4kp4A","NUC",10,"N",83,449,0.184855233853007
1112,"4kp4A","NUC",10,"O",81,449,0.180400890868597
1112,"4kp4A","NUC",10,"P",0,449,0
1112,"4kp4A","NUC",10,"S",1,449,0.0022271714922049
1113,"4kqbA","NUC",10,"C",248,402,0.616915422885572
1113,"4kqbA","NUC",10,"N",76,402,0.189054726368159
1113,"4kqbA","NUC",10,"O",75,402,0.186567164179104
1113,"4kqbA","NUC",10,"P",0,402,0
1113,"4kqbA","NUC",10,"S",3,402,0.00746268656716418
1114,"4kr7A","NUC",10,"C",270,405,0.666666666666667
1114,"4kr7A","NUC",10,"N",67,405,0.165432098765432
1114,"4kr7A","NUC",10,"O",67,405,0.165432098765432
1114,"4kr7A","NUC",10,"P",0,405,0
1114,"4kr7A","NUC",10,"S",1,405,0.00246913580246914
1115,"4krcA","NUC",10,"C",294,452,0.650442477876106
1115,"4krcA","NUC",10,"N",74,452,0.163716814159292
1115,"4krcA","NUC",10,"O",82,452,0.18141592920354
1115,"4krcA","NUC",10,"P",0,452,0
1115,"4krcA","NUC",10,"S",2,452,0.00442477876106195
1116,"4ku4A","NUC",10,"C",195,322,0.605590062111801
1116,"4ku4A","NUC",10,"N",56,322,0.173913043478261
1116,"4ku4A","NUC",10,"O",69,322,0.214285714285714
1116,"4ku4A","NUC",10,"P",0,322,0
1116,"4ku4A","NUC",10,"S",2,322,0.0062111801242236
1117,"4kvaB","NUC",10,"C",203,327,0.620795107033639
1117,"4kvaB","NUC",10,"N",52,327,0.159021406727829
1117,"4kvaB","NUC",10,"O",69,327,0.211009174311927
1117,"4kvaB","NUC",10,"P",0,327,0
1117,"4kvaB","NUC",10,"S",3,327,0.0091743119266055
1118,"4kxfB","NUC",10,"C",304,479,0.634655532359081
1118,"4kxfB","NUC",10,"N",82,479,0.171189979123173
1118,"4kxfB","NUC",10,"O",90,479,0.187891440501044
1118,"4kxfB","NUC",10,"P",0,479,0
1118,"4kxfB","NUC",10,"S",3,479,0.00626304801670146
1119,"4kxfH","NUC",10,"C",306,475,0.64421052631579
1119,"4kxfH","NUC",10,"N",80,475,0.168421052631579
1119,"4kxfH","NUC",10,"O",86,475,0.181052631578947
1119,"4kxfH","NUC",10,"P",0,475,0
1119,"4kxfH","NUC",10,"S",3,475,0.00631578947368421
1120,"4kyuA","NUC",10,"C",177,298,0.593959731543624
1120,"4kyuA","NUC",10,"N",61,298,0.204697986577181
1120,"4kyuA","NUC",10,"O",58,298,0.194630872483221
1120,"4kyuA","NUC",10,"P",0,298,0
1120,"4kyuA","NUC",10,"S",2,298,0.00671140939597315
1121,"4l16A","NUC",10,"C",223,361,0.617728531855956
1121,"4l16A","NUC",10,"N",67,361,0.185595567867036
1121,"4l16A","NUC",10,"O",67,361,0.185595567867036
1121,"4l16A","NUC",10,"P",0,361,0
1121,"4l16A","NUC",10,"S",4,361,0.0110803324099723
1122,"4l1kA","NUC",10,"C",220,353,0.623229461756374
1122,"4l1kA","NUC",10,"N",61,353,0.172804532577904
1122,"4l1kA","NUC",10,"O",70,353,0.198300283286119
1122,"4l1kA","NUC",10,"P",0,353,0
1122,"4l1kA","NUC",10,"S",2,353,0.0056657223796034
1123,"4l2iB","NUC",10,"C",176,285,0.617543859649123
1123,"4l2iB","NUC",10,"N",51,285,0.178947368421053
1123,"4l2iB","NUC",10,"O",56,285,0.196491228070175
1123,"4l2iB","NUC",10,"P",0,285,0
1123,"4l2iB","NUC",10,"S",2,285,0.00701754385964912
1124,"4lc1A","NUC",10,"C",167,269,0.620817843866171
1124,"4lc1A","NUC",10,"N",52,269,0.193308550185874
1124,"4lc1A","NUC",10,"O",49,269,0.182156133828996
1124,"4lc1A","NUC",10,"P",0,269,0
1124,"4lc1A","NUC",10,"S",1,269,0.00371747211895911
1125,"4lgdA","NUC",10,"C",243,382,0.636125654450262
1125,"4lgdA","NUC",10,"N",62,382,0.162303664921466
1125,"4lgdA","NUC",10,"O",73,382,0.191099476439791
1125,"4lgdA","NUC",10,"P",0,382,0
1125,"4lgdA","NUC",10,"S",4,382,0.0104712041884817
1126,"4lhyA","NUC",10,"C",207,339,0.610619469026549
1126,"4lhyA","NUC",10,"N",60,339,0.176991150442478
1126,"4lhyA","NUC",10,"O",70,339,0.206489675516224
1126,"4lhyA","NUC",10,"P",0,339,0
1126,"4lhyA","NUC",10,"S",2,339,0.00589970501474926
1127,"4lniA","NUC",10,"C",265,421,0.629453681710214
1127,"4lniA","NUC",10,"N",74,421,0.175771971496437
1127,"4lniA","NUC",10,"O",81,421,0.192399049881235
1127,"4lniA","NUC",10,"P",0,421,0
1127,"4lniA","NUC",10,"S",1,421,0.00237529691211401
1128,"4lpsA","NUC",10,"C",196,314,0.624203821656051
1128,"4lpsA","NUC",10,"N",50,314,0.159235668789809
1128,"4lpsA","NUC",10,"O",65,314,0.207006369426752
1128,"4lpsA","NUC",10,"P",0,314,0
1128,"4lpsA","NUC",10,"S",3,314,0.00955414012738853
1129,"4lrjA","NUC",10,"C",227,353,0.643059490084986
1129,"4lrjA","NUC",10,"N",59,353,0.1671388101983
1129,"4lrjA","NUC",10,"O",66,353,0.186968838526912
1129,"4lrjA","NUC",10,"P",0,353,0
1129,"4lrjA","NUC",10,"S",1,353,0.0028328611898017
1130,"4lrlC","NUC",10,"C",115,183,0.628415300546448
1130,"4lrlC","NUC",10,"N",36,183,0.19672131147541
1130,"4lrlC","NUC",10,"O",31,183,0.169398907103825
1130,"4lrlC","NUC",10,"P",0,183,0
1130,"4lrlC","NUC",10,"S",1,183,0.00546448087431694
1131,"4lt6A","NUC",10,"C",271,429,0.631701631701632
1131,"4lt6A","NUC",10,"N",76,429,0.177156177156177
1131,"4lt6A","NUC",10,"O",80,429,0.186480186480186
1131,"4lt6A","NUC",10,"P",0,429,0
1131,"4lt6A","NUC",10,"S",2,429,0.00466200466200466
1132,"4lv5B","NUC",10,"C",215,347,0.619596541786744
1132,"4lv5B","NUC",10,"N",58,347,0.167146974063401
1132,"4lv5B","NUC",10,"O",74,347,0.213256484149856
1132,"4lv5B","NUC",10,"P",0,347,0
1132,"4lv5B","NUC",10,"S",0,347,0
1133,"4lv8A","NUC",10,"C",261,406,0.642857142857143
1133,"4lv8A","NUC",10,"N",69,406,0.169950738916256
1133,"4lv8A","NUC",10,"O",72,406,0.177339901477833
1133,"4lv8A","NUC",10,"P",0,406,0
1133,"4lv8A","NUC",10,"S",4,406,0.00985221674876847
1134,"4m15A","NUC",10,"C",228,352,0.647727272727273
1134,"4m15A","NUC",10,"N",58,352,0.164772727272727
1134,"4m15A","NUC",10,"O",64,352,0.181818181818182
1134,"4m15A","NUC",10,"P",0,352,0
1134,"4m15A","NUC",10,"S",2,352,0.00568181818181818
1135,"4m69A","NUC",10,"C",260,406,0.640394088669951
1135,"4m69A","NUC",10,"N",75,406,0.184729064039409
1135,"4m69A","NUC",10,"O",70,406,0.172413793103448
1135,"4m69A","NUC",10,"P",0,406,0
1135,"4m69A","NUC",10,"S",1,406,0.00246305418719212
1136,"4m7xA","NUC",10,"C",228,364,0.626373626373626
1136,"4m7xA","NUC",10,"N",63,364,0.173076923076923
1136,"4m7xA","NUC",10,"O",73,364,0.200549450549451
1136,"4m7xA","NUC",10,"P",0,364,0
1136,"4m7xA","NUC",10,"S",0,364,0
1137,"4m8iA","NUC",10,"C",267,434,0.615207373271889
1137,"4m8iA","NUC",10,"N",81,434,0.186635944700461
1137,"4m8iA","NUC",10,"O",83,434,0.191244239631336
1137,"4m8iA","NUC",10,"P",0,434,0
1137,"4m8iA","NUC",10,"S",3,434,0.00691244239631336
1138,"4m9xC","NUC",10,"C",307,475,0.646315789473684
1138,"4m9xC","NUC",10,"N",82,475,0.172631578947368
1138,"4m9xC","NUC",10,"O",81,475,0.170526315789474
1138,"4m9xC","NUC",10,"P",0,475,0
1138,"4m9xC","NUC",10,"S",5,475,0.0105263157894737
1139,"4mb2B","NUC",10,"C",270,424,0.636792452830189
1139,"4mb2B","NUC",10,"N",75,424,0.17688679245283
1139,"4mb2B","NUC",10,"O",78,424,0.183962264150943
1139,"4mb2B","NUC",10,"P",0,424,0
1139,"4mb2B","NUC",10,"S",1,424,0.00235849056603774
1140,"4mdeA","NUC",10,"C",194,314,0.617834394904459
1140,"4mdeA","NUC",10,"N",60,314,0.191082802547771
1140,"4mdeA","NUC",10,"O",59,314,0.187898089171975
1140,"4mdeA","NUC",10,"P",0,314,0
1140,"4mdeA","NUC",10,"S",1,314,0.00318471337579618
1141,"4mitC","NUC",10,"C",259,408,0.634803921568627
1141,"4mitC","NUC",10,"N",65,408,0.159313725490196
1141,"4mitC","NUC",10,"O",81,408,0.198529411764706
1141,"4mitC","NUC",10,"P",0,408,0
1141,"4mitC","NUC",10,"S",3,408,0.00735294117647059
1142,"4mo4C","NUC",10,"C",214,351,0.60968660968661
1142,"4mo4C","NUC",10,"N",67,351,0.190883190883191
1142,"4mo4C","NUC",10,"O",66,351,0.188034188034188
1142,"4mo4C","NUC",10,"P",0,351,0
1142,"4mo4C","NUC",10,"S",4,351,0.0113960113960114
1143,"4mobA","NUC",10,"C",196,323,0.606811145510836
1143,"4mobA","NUC",10,"N",65,323,0.201238390092879
1143,"4mobA","NUC",10,"O",60,323,0.185758513931889
1143,"4mobA","NUC",10,"P",0,323,0
1143,"4mobA","NUC",10,"S",2,323,0.00619195046439629
1144,"4mwdB","NUC",10,"C",264,399,0.661654135338346
1144,"4mwdB","NUC",10,"N",65,399,0.162907268170426
1144,"4mwdB","NUC",10,"O",70,399,0.175438596491228
1144,"4mwdB","NUC",10,"P",0,399,0
1144,"4mwdB","NUC",10,"S",0,399,0
1145,"4mwhA","NUC",10,"C",301,458,0.657205240174673
1145,"4mwhA","NUC",10,"N",75,458,0.163755458515284
1145,"4mwhA","NUC",10,"O",81,458,0.176855895196507
1145,"4mwhA","NUC",10,"P",0,458,0
1145,"4mwhA","NUC",10,"S",1,458,0.00218340611353712
1146,"4mz7B","NUC",10,"C",144,213,0.676056338028169
1146,"4mz7B","NUC",10,"N",35,213,0.164319248826291
1146,"4mz7B","NUC",10,"O",33,213,0.154929577464789
1146,"4mz7B","NUC",10,"P",0,213,0
1146,"4mz7B","NUC",10,"S",1,213,0.00469483568075117
1147,"4n57B","NUC",10,"C",248,395,0.627848101265823
1147,"4n57B","NUC",10,"N",70,395,0.177215189873418
1147,"4n57B","NUC",10,"O",75,395,0.189873417721519
1147,"4n57B","NUC",10,"P",0,395,0
1147,"4n57B","NUC",10,"S",2,395,0.00506329113924051
1148,"4n67A","NUC",10,"C",269,405,0.664197530864198
1148,"4n67A","NUC",10,"N",71,405,0.175308641975309
1148,"4n67A","NUC",10,"O",58,405,0.14320987654321
1148,"4n67A","NUC",10,"P",0,405,0
1148,"4n67A","NUC",10,"S",7,405,0.017283950617284
1149,"4nahB","NUC",10,"C",253,392,0.645408163265306
1149,"4nahB","NUC",10,"N",66,392,0.168367346938776
1149,"4nahB","NUC",10,"O",71,392,0.181122448979592
1149,"4nahB","NUC",10,"P",0,392,0
1149,"4nahB","NUC",10,"S",2,392,0.00510204081632653
1150,"4ncfB","NUC",10,"C",180,291,0.618556701030928
1150,"4ncfB","NUC",10,"N",54,291,0.185567010309278
1150,"4ncfB","NUC",10,"O",56,291,0.192439862542955
1150,"4ncfB","NUC",10,"P",0,291,0
1150,"4ncfB","NUC",10,"S",1,291,0.00343642611683849
1151,"4ncnB","NUC",10,"C",261,433,0.602771362586605
1151,"4ncnB","NUC",10,"N",88,433,0.203233256351039
1151,"4ncnB","NUC",10,"O",83,433,0.191685912240185
1151,"4ncnB","NUC",10,"P",0,433,0
1151,"4ncnB","NUC",10,"S",1,433,0.0023094688221709
1152,"4ndoB","NUC",10,"C",284,456,0.62280701754386
1152,"4ndoB","NUC",10,"N",88,456,0.192982456140351
1152,"4ndoB","NUC",10,"O",83,456,0.182017543859649
1152,"4ndoB","NUC",10,"P",0,456,0
1152,"4ndoB","NUC",10,"S",1,456,0.00219298245614035
1153,"4ng4B","NUC",10,"C",254,380,0.668421052631579
1153,"4ng4B","NUC",10,"N",59,380,0.155263157894737
1153,"4ng4B","NUC",10,"O",67,380,0.176315789473684
1153,"4ng4B","NUC",10,"P",0,380,0
1153,"4ng4B","NUC",10,"S",0,380,0
1154,"4nh0B","NUC",10,"C",207,335,0.617910447761194
1154,"4nh0B","NUC",10,"N",58,335,0.173134328358209
1154,"4nh0B","NUC",10,"O",67,335,0.2
1154,"4nh0B","NUC",10,"P",0,335,0
1154,"4nh0B","NUC",10,"S",3,335,0.00895522388059702
1155,"4nl0A","NUC",10,"C",188,289,0.650519031141868
1155,"4nl0A","NUC",10,"N",53,289,0.183391003460208
1155,"4nl0A","NUC",10,"O",48,289,0.166089965397924
1155,"4nl0A","NUC",10,"P",0,289,0
1155,"4nl0A","NUC",10,"S",0,289,0
1156,"4nl4A","NUC",10,"C",164,273,0.600732600732601
1156,"4nl4A","NUC",10,"N",60,273,0.21978021978022
1156,"4nl4A","NUC",10,"O",49,273,0.17948717948718
1156,"4nl4A","NUC",10,"P",0,273,0
1156,"4nl4A","NUC",10,"S",0,273,0
1157,"4nlgA","NUC",10,"C",204,317,0.643533123028391
1157,"4nlgA","NUC",10,"N",52,317,0.16403785488959
1157,"4nlgA","NUC",10,"O",60,317,0.189274447949527
1157,"4nlgA","NUC",10,"P",0,317,0
1157,"4nlgA","NUC",10,"S",1,317,0.00315457413249211
1158,"4nmjB","NUC",10,"C",250,387,0.645994832041344
1158,"4nmjB","NUC",10,"N",65,387,0.167958656330749
1158,"4nmjB","NUC",10,"O",71,387,0.183462532299742
1158,"4nmjB","NUC",10,"P",0,387,0
1158,"4nmjB","NUC",10,"S",1,387,0.00258397932816537
1159,"4nxuC","NUC",10,"C",250,402,0.621890547263682
1159,"4nxuC","NUC",10,"N",71,402,0.176616915422886
1159,"4nxuC","NUC",10,"O",80,402,0.199004975124378
1159,"4nxuC","NUC",10,"P",0,402,0
1159,"4nxuC","NUC",10,"S",1,402,0.00248756218905473
1160,"4o1pC","NUC",10,"C",281,428,0.656542056074766
1160,"4o1pC","NUC",10,"N",71,428,0.16588785046729
1160,"4o1pC","NUC",10,"O",75,428,0.175233644859813
1160,"4o1pC","NUC",10,"P",0,428,0
1160,"4o1pC","NUC",10,"S",1,428,0.00233644859813084
1161,"4o4eA","NUC",10,"C",255,408,0.625
1161,"4o4eA","NUC",10,"N",72,408,0.176470588235294
1161,"4o4eA","NUC",10,"O",78,408,0.191176470588235
1161,"4o4eA","NUC",10,"P",0,408,0
1161,"4o4eA","NUC",10,"S",3,408,0.00735294117647059
1162,"4o4jF","NUC",10,"C",242,379,0.638522427440633
1162,"4o4jF","NUC",10,"N",70,379,0.184696569920844
1162,"4o4jF","NUC",10,"O",64,379,0.168865435356201
1162,"4o4jF","NUC",10,"P",0,379,0
1162,"4o4jF","NUC",10,"S",3,379,0.0079155672823219
1163,"4o7lA","NUC",10,"C",243,388,0.626288659793814
1163,"4o7lA","NUC",10,"N",65,388,0.167525773195876
1163,"4o7lA","NUC",10,"O",77,388,0.198453608247423
1163,"4o7lA","NUC",10,"P",0,388,0
1163,"4o7lA","NUC",10,"S",3,388,0.0077319587628866
1164,"4oauA","NUC",10,"C",269,425,0.632941176470588
1164,"4oauA","NUC",10,"N",75,425,0.176470588235294
1164,"4oauA","NUC",10,"O",80,425,0.188235294117647
1164,"4oauA","NUC",10,"P",0,425,0
1164,"4oauA","NUC",10,"S",1,425,0.00235294117647059
1165,"4oe4B","NUC",10,"C",261,398,0.655778894472362
1165,"4oe4B","NUC",10,"N",64,398,0.160804020100503
1165,"4oe4B","NUC",10,"O",72,398,0.180904522613065
1165,"4oe4B","NUC",10,"P",0,398,0
1165,"4oe4B","NUC",10,"S",1,398,0.00251256281407035
1166,"4oh4A","NUC",10,"C",259,408,0.634803921568627
1166,"4oh4A","NUC",10,"N",69,408,0.169117647058824
1166,"4oh4A","NUC",10,"O",78,408,0.191176470588235
1166,"4oh4A","NUC",10,"P",0,408,0
1166,"4oh4A","NUC",10,"S",2,408,0.00490196078431373
1167,"4ohxA","NUC",10,"C",265,429,0.617715617715618
1167,"4ohxA","NUC",10,"N",77,429,0.17948717948718
1167,"4ohxA","NUC",10,"O",85,429,0.198135198135198
1167,"4ohxA","NUC",10,"P",0,429,0
1167,"4ohxA","NUC",10,"S",2,429,0.00466200466200466
1168,"4oi4B","NUC",10,"C",303,479,0.632567849686848
1168,"4oi4B","NUC",10,"N",82,479,0.171189979123173
1168,"4oi4B","NUC",10,"O",93,479,0.194154488517745
1168,"4oi4B","NUC",10,"P",0,479,0
1168,"4oi4B","NUC",10,"S",1,479,0.00208768267223382
1169,"4orkB","NUC",10,"C",260,408,0.637254901960784
1169,"4orkB","NUC",10,"N",67,408,0.16421568627451
1169,"4orkB","NUC",10,"O",81,408,0.198529411764706
1169,"4orkB","NUC",10,"P",0,408,0
1169,"4orkB","NUC",10,"S",0,408,0
1170,"4otpA","NUC",10,"C",251,385,0.651948051948052
1170,"4otpA","NUC",10,"N",67,385,0.174025974025974
1170,"4otpA","NUC",10,"O",65,385,0.168831168831169
1170,"4otpA","NUC",10,"P",0,385,0
1170,"4otpA","NUC",10,"S",2,385,0.0051948051948052
1171,"4oznA","NUC",10,"C",139,218,0.637614678899083
1171,"4oznA","NUC",10,"N",40,218,0.18348623853211
1171,"4oznA","NUC",10,"O",38,218,0.174311926605505
1171,"4oznA","NUC",10,"P",0,218,0
1171,"4oznA","NUC",10,"S",1,218,0.00458715596330275
1172,"4p33A","NUC",10,"C",176,273,0.644688644688645
1172,"4p33A","NUC",10,"N",48,273,0.175824175824176
1172,"4p33A","NUC",10,"O",48,273,0.175824175824176
1172,"4p33A","NUC",10,"P",0,273,0
1172,"4p33A","NUC",10,"S",1,273,0.00366300366300366
1173,"4p4tA","NUC",10,"C",222,350,0.634285714285714
1173,"4p4tA","NUC",10,"N",62,350,0.177142857142857
1173,"4p4tA","NUC",10,"O",65,350,0.185714285714286
1173,"4p4tA","NUC",10,"P",0,350,0
1173,"4p4tA","NUC",10,"S",1,350,0.00285714285714286
1174,"4p7aA","NUC",10,"C",238,389,0.611825192802057
1174,"4p7aA","NUC",10,"N",67,389,0.172236503856041
1174,"4p7aA","NUC",10,"O",81,389,0.208226221079692
1174,"4p7aA","NUC",10,"P",0,389,0
1174,"4p7aA","NUC",10,"S",3,389,0.0077120822622108
1175,"4p9dA","NUC",10,"C",159,254,0.625984251968504
1175,"4p9dA","NUC",10,"N",48,254,0.188976377952756
1175,"4p9dA","NUC",10,"O",45,254,0.177165354330709
1175,"4p9dA","NUC",10,"P",0,254,0
1175,"4p9dA","NUC",10,"S",2,254,0.0078740157480315
1176,"4pdsA","NUC",10,"C",209,324,0.645061728395062
1176,"4pdsA","NUC",10,"N",54,324,0.166666666666667
1176,"4pdsA","NUC",10,"O",58,324,0.179012345679012
1176,"4pdsA","NUC",10,"P",0,324,0
1176,"4pdsA","NUC",10,"S",3,324,0.00925925925925926
1177,"4pfkA","NUC",10,"C",193,312,0.618589743589744
1177,"4pfkA","NUC",10,"N",61,312,0.19551282051282
1177,"4pfkA","NUC",10,"O",56,312,0.17948717948718
1177,"4pfkA","NUC",10,"P",0,312,0
1177,"4pfkA","NUC",10,"S",2,312,0.00641025641025641
1178,"4phgA","NUC",10,"C",253,399,0.634085213032581
1178,"4phgA","NUC",10,"N",69,399,0.172932330827068
1178,"4phgA","NUC",10,"O",75,399,0.18796992481203
1178,"4phgA","NUC",10,"P",0,399,0
1178,"4phgA","NUC",10,"S",2,399,0.0050125313283208
1179,"4phtF","NUC",10,"C",198,325,0.609230769230769
1179,"4phtF","NUC",10,"N",62,325,0.190769230769231
1179,"4phtF","NUC",10,"O",63,325,0.193846153846154
1179,"4phtF","NUC",10,"P",0,325,0
1179,"4phtF","NUC",10,"S",2,325,0.00615384615384615
1180,"4pj1B","NUC",10,"C",298,483,0.616977225672878
1180,"4pj1B","NUC",10,"N",84,483,0.173913043478261
1180,"4pj1B","NUC",10,"O",97,483,0.200828157349896
1180,"4pj1B","NUC",10,"P",0,483,0
1180,"4pj1B","NUC",10,"S",4,483,0.0082815734989648
1181,"4pl9A","NUC",10,"C",200,315,0.634920634920635
1181,"4pl9A","NUC",10,"N",52,315,0.165079365079365
1181,"4pl9A","NUC",10,"O",62,315,0.196825396825397
1181,"4pl9A","NUC",10,"P",0,315,0
1181,"4pl9A","NUC",10,"S",1,315,0.00317460317460317
1182,"4pxaA","NUC",10,"C",241,364,0.662087912087912
1182,"4pxaA","NUC",10,"N",56,364,0.153846153846154
1182,"4pxaA","NUC",10,"O",67,364,0.184065934065934
1182,"4pxaA","NUC",10,"P",0,364,0
1182,"4pxaA","NUC",10,"S",0,364,0
1183,"4q5hA","NUC",10,"C",253,393,0.643765903307888
1183,"4q5hA","NUC",10,"N",66,393,0.16793893129771
1183,"4q5hA","NUC",10,"O",72,393,0.183206106870229
1183,"4q5hA","NUC",10,"P",0,393,0
1183,"4q5hA","NUC",10,"S",2,393,0.00508905852417303
1184,"4qclA","NUC",10,"C",202,323,0.625386996904025
1184,"4qclA","NUC",10,"N",55,323,0.170278637770898
1184,"4qclA","NUC",10,"O",66,323,0.204334365325077
1184,"4qclA","NUC",10,"P",0,323,0
1184,"4qclA","NUC",10,"S",0,323,0
1185,"4qdiA","NUC",10,"C",252,430,0.586046511627907
1185,"4qdiA","NUC",10,"N",84,430,0.195348837209302
1185,"4qdiA","NUC",10,"O",92,430,0.213953488372093
1185,"4qdiA","NUC",10,"P",0,430,0
1185,"4qdiA","NUC",10,"S",2,430,0.00465116279069767
1186,"4qhtC","NUC",10,"C",235,388,0.605670103092783
1186,"4qhtC","NUC",10,"N",80,388,0.206185567010309
1186,"4qhtC","NUC",10,"O",71,388,0.182989690721649
1186,"4qhtC","NUC",10,"P",0,388,0
1186,"4qhtC","NUC",10,"S",2,388,0.00515463917525773
1187,"4qjiB","NUC",10,"C",221,351,0.62962962962963
1187,"4qjiB","NUC",10,"N",64,351,0.182336182336182
1187,"4qjiB","NUC",10,"O",64,351,0.182336182336182
1187,"4qjiB","NUC",10,"P",0,351,0
1187,"4qjiB","NUC",10,"S",2,351,0.0056980056980057
1188,"4qnyB","NUC",10,"C",278,437,0.636155606407323
1188,"4qnyB","NUC",10,"N",77,437,0.176201372997712
1188,"4qnyB","NUC",10,"O",79,437,0.180778032036613
1188,"4qnyB","NUC",10,"P",0,437,0
1188,"4qnyB","NUC",10,"S",3,437,0.0068649885583524
1189,"4qqxC","NUC",10,"C",232,369,0.628726287262873
1189,"4qqxC","NUC",10,"N",69,369,0.186991869918699
1189,"4qqxC","NUC",10,"O",66,369,0.178861788617886
1189,"4qqxC","NUC",10,"P",0,369,0
1189,"4qqxC","NUC",10,"S",2,369,0.00542005420054201
1190,"4qreA","NUC",10,"C",280,431,0.649651972157773
1190,"4qreA","NUC",10,"N",71,431,0.164733178654292
1190,"4qreA","NUC",10,"O",77,431,0.178654292343387
1190,"4qreA","NUC",10,"P",0,431,0
1190,"4qreA","NUC",10,"S",3,431,0.00696055684454756
1191,"4qzbA","NUC",10,"C",210,346,0.606936416184971
1191,"4qzbA","NUC",10,"N",68,346,0.196531791907514
1191,"4qzbA","NUC",10,"O",65,346,0.187861271676301
1191,"4qzbA","NUC",10,"P",0,346,0
1191,"4qzbA","NUC",10,"S",3,346,0.00867052023121387
1192,"4r2iA","NUC",10,"C",183,279,0.655913978494624
1192,"4r2iA","NUC",10,"N",48,279,0.172043010752688
1192,"4r2iA","NUC",10,"O",48,279,0.172043010752688
1192,"4r2iA","NUC",10,"P",0,279,0
1192,"4r2iA","NUC",10,"S",0,279,0
1193,"4r2lA","NUC",10,"C",269,414,0.64975845410628
1193,"4r2lA","NUC",10,"N",69,414,0.166666666666667
1193,"4r2lA","NUC",10,"O",75,414,0.181159420289855
1193,"4r2lA","NUC",10,"P",0,414,0
1193,"4r2lA","NUC",10,"S",1,414,0.00241545893719807
1194,"4r39A","NUC",10,"C",234,393,0.595419847328244
1194,"4r39A","NUC",10,"N",80,393,0.203562340966921
1194,"4r39A","NUC",10,"O",78,393,0.198473282442748
1194,"4r39A","NUC",10,"P",0,393,0
1194,"4r39A","NUC",10,"S",1,393,0.00254452926208651
1195,"4r3aB","NUC",10,"C",222,354,0.627118644067797
1195,"4r3aB","NUC",10,"N",64,354,0.180790960451977
1195,"4r3aB","NUC",10,"O",67,354,0.189265536723164
1195,"4r3aB","NUC",10,"P",0,354,0
1195,"4r3aB","NUC",10,"S",1,354,0.00282485875706215
1196,"4r7yB","NUC",10,"C",210,327,0.642201834862385
1196,"4r7yB","NUC",10,"N",55,327,0.168195718654434
1196,"4r7yB","NUC",10,"O",62,327,0.18960244648318
1196,"4r7yB","NUC",10,"P",0,327,0
1196,"4r7yB","NUC",10,"S",0,327,0
1197,"4r7zA","NUC",10,"C",207,322,0.642857142857143
1197,"4r7zA","NUC",10,"N",55,322,0.170807453416149
1197,"4r7zA","NUC",10,"O",60,322,0.186335403726708
1197,"4r7zA","NUC",10,"P",0,322,0
1197,"4r7zA","NUC",10,"S",0,322,0
1198,"4r8qA","NUC",10,"C",255,407,0.626535626535627
1198,"4r8qA","NUC",10,"N",69,407,0.16953316953317
1198,"4r8qA","NUC",10,"O",82,407,0.201474201474201
1198,"4r8qA","NUC",10,"P",0,407,0
1198,"4r8qA","NUC",10,"S",1,407,0.00245700245700246
1199,"4r9uD","NUC",10,"C",134,224,0.598214285714286
1199,"4r9uD","NUC",10,"N",43,224,0.191964285714286
1199,"4r9uD","NUC",10,"O",46,224,0.205357142857143
1199,"4r9uD","NUC",10,"P",0,224,0
1199,"4r9uD","NUC",10,"S",1,224,0.00446428571428571
1200,"4rf8A","NUC",10,"C",196,318,0.616352201257862
1200,"4rf8A","NUC",10,"N",64,318,0.20125786163522
1200,"4rf8A","NUC",10,"O",56,318,0.176100628930818
1200,"4rf8A","NUC",10,"P",0,318,0
1200,"4rf8A","NUC",10,"S",2,318,0.00628930817610063
1201,"4rkzA","NUC",10,"C",231,381,0.606299212598425
1201,"4rkzA","NUC",10,"N",70,381,0.183727034120735
1201,"4rkzA","NUC",10,"O",80,381,0.20997375328084
1201,"4rkzA","NUC",10,"P",0,381,0
1201,"4rkzA","NUC",10,"S",0,381,0
1202,"4rqeA","NUC",10,"C",259,424,0.610849056603774
1202,"4rqeA","NUC",10,"N",78,424,0.183962264150943
1202,"4rqeA","NUC",10,"O",84,424,0.19811320754717
1202,"4rqeA","NUC",10,"P",0,424,0
1202,"4rqeA","NUC",10,"S",3,424,0.00707547169811321
1203,"4rv7C","NUC",10,"C",216,340,0.635294117647059
1203,"4rv7C","NUC",10,"N",60,340,0.176470588235294
1203,"4rv7C","NUC",10,"O",64,340,0.188235294117647
1203,"4rv7C","NUC",10,"P",0,340,0
1203,"4rv7C","NUC",10,"S",0,340,0
1204,"4rvoB","NUC",10,"C",268,423,0.633569739952719
1204,"4rvoB","NUC",10,"N",77,423,0.182033096926714
1204,"4rvoB","NUC",10,"O",78,423,0.184397163120567
1204,"4rvoB","NUC",10,"P",0,423,0
1204,"4rvoB","NUC",10,"S",0,423,0
1205,"4rx6B","NUC",10,"C",131,211,0.62085308056872
1205,"4rx6B","NUC",10,"N",42,211,0.199052132701422
1205,"4rx6B","NUC",10,"O",37,211,0.175355450236967
1205,"4rx6B","NUC",10,"P",0,211,0
1205,"4rx6B","NUC",10,"S",1,211,0.004739336492891
1206,"4rz3A","NUC",10,"C",215,343,0.626822157434402
1206,"4rz3A","NUC",10,"N",63,343,0.183673469387755
1206,"4rz3A","NUC",10,"O",65,343,0.189504373177843
1206,"4rz3A","NUC",10,"P",0,343,0
1206,"4rz3A","NUC",10,"S",0,343,0
1207,"4rzqA","NUC",10,"C",221,351,0.62962962962963
1207,"4rzqA","NUC",10,"N",63,351,0.17948717948718
1207,"4rzqA","NUC",10,"O",67,351,0.190883190883191
1207,"4rzqA","NUC",10,"P",0,351,0
1207,"4rzqA","NUC",10,"S",0,351,0
1208,"4s0fB","NUC",10,"C",200,317,0.630914826498423
1208,"4s0fB","NUC",10,"N",54,317,0.170347003154574
1208,"4s0fB","NUC",10,"O",62,317,0.195583596214511
1208,"4s0fB","NUC",10,"P",0,317,0
1208,"4s0fB","NUC",10,"S",1,317,0.00315457413249211
1209,"4s1hA","NUC",10,"C",278,425,0.654117647058824
1209,"4s1hA","NUC",10,"N",65,425,0.152941176470588
1209,"4s1hA","NUC",10,"O",81,425,0.190588235294118
1209,"4s1hA","NUC",10,"P",0,425,0
1209,"4s1hA","NUC",10,"S",1,425,0.00235294117647059
1210,"4s35A","NUC",10,"C",225,351,0.641025641025641
1210,"4s35A","NUC",10,"N",60,351,0.170940170940171
1210,"4s35A","NUC",10,"O",66,351,0.188034188034188
1210,"4s35A","NUC",10,"P",0,351,0
1210,"4s35A","NUC",10,"S",0,351,0
1211,"4ts7A","NUC",10,"C",273,416,0.65625
1211,"4ts7A","NUC",10,"N",68,416,0.163461538461538
1211,"4ts7A","NUC",10,"O",74,416,0.177884615384615
1211,"4ts7A","NUC",10,"P",0,416,0
1211,"4ts7A","NUC",10,"S",1,416,0.00240384615384615
1212,"4u0mA","NUC",10,"C",281,453,0.620309050772627
1212,"4u0mA","NUC",10,"N",78,453,0.172185430463576
1212,"4u0mA","NUC",10,"O",90,453,0.198675496688742
1212,"4u0mA","NUC",10,"P",0,453,0
1212,"4u0mA","NUC",10,"S",4,453,0.00883002207505519
1213,"4u0uA","NUC",10,"C",266,408,0.651960784313726
1213,"4u0uA","NUC",10,"N",72,408,0.176470588235294
1213,"4u0uA","NUC",10,"O",68,408,0.166666666666667
1213,"4u0uA","NUC",10,"P",0,408,0
1213,"4u0uA","NUC",10,"S",2,408,0.00490196078431373
1214,"4u40A","NUC",10,"C",277,435,0.636781609195402
1214,"4u40A","NUC",10,"N",71,435,0.163218390804598
1214,"4u40A","NUC",10,"O",83,435,0.190804597701149
1214,"4u40A","NUC",10,"P",0,435,0
1214,"4u40A","NUC",10,"S",4,435,0.00919540229885057
1215,"4u98A","NUC",10,"C",231,377,0.612732095490716
1215,"4u98A","NUC",10,"N",67,377,0.177718832891247
1215,"4u98A","NUC",10,"O",77,377,0.204244031830239
1215,"4u98A","NUC",10,"P",0,377,0
1215,"4u98A","NUC",10,"S",2,377,0.00530503978779841
1216,"4uczA","NUC",10,"C",251,404,0.621287128712871
1216,"4uczA","NUC",10,"N",77,404,0.190594059405941
1216,"4uczA","NUC",10,"O",75,404,0.185643564356436
1216,"4uczA","NUC",10,"P",0,404,0
1216,"4uczA","NUC",10,"S",1,404,0.00247524752475248
1217,"4ueuA","NUC",10,"C",224,356,0.629213483146067
1217,"4ueuA","NUC",10,"N",60,356,0.168539325842697
1217,"4ueuA","NUC",10,"O",70,356,0.196629213483146
1217,"4ueuA","NUC",10,"P",0,356,0
1217,"4ueuA","NUC",10,"S",2,356,0.00561797752808989
1218,"4uofA","NUC",10,"C",180,294,0.612244897959184
1218,"4uofA","NUC",10,"N",55,294,0.187074829931973
1218,"4uofA","NUC",10,"O",55,294,0.187074829931973
1218,"4uofA","NUC",10,"P",0,294,0
1218,"4uofA","NUC",10,"S",4,294,0.0136054421768707
1219,"4uqoB","NUC",10,"C",187,311,0.60128617363344
1219,"4uqoB","NUC",10,"N",60,311,0.192926045016077
1219,"4uqoB","NUC",10,"O",64,311,0.205787781350482
1219,"4uqoB","NUC",10,"P",0,311,0
1219,"4uqoB","NUC",10,"S",0,311,0
1220,"4usjA","NUC",10,"C",248,392,0.63265306122449
1220,"4usjA","NUC",10,"N",69,392,0.176020408163265
1220,"4usjA","NUC",10,"O",71,392,0.181122448979592
1220,"4usjA","NUC",10,"P",0,392,0
1220,"4usjA","NUC",10,"S",4,392,0.0102040816326531
1221,"4usjC","NUC",10,"C",165,255,0.647058823529412
1221,"4usjC","NUC",10,"N",44,255,0.172549019607843
1221,"4usjC","NUC",10,"O",46,255,0.180392156862745
1221,"4usjC","NUC",10,"P",0,255,0
1221,"4usjC","NUC",10,"S",0,255,0
1222,"4utgA","NUC",10,"C",214,360,0.594444444444444
1222,"4utgA","NUC",10,"N",69,360,0.191666666666667
1222,"4utgA","NUC",10,"O",75,360,0.208333333333333
1222,"4utgA","NUC",10,"P",0,360,0
1222,"4utgA","NUC",10,"S",2,360,0.00555555555555556
1223,"4uxjC","NUC",10,"C",261,409,0.638141809290954
1223,"4uxjC","NUC",10,"N",67,409,0.163814180929095
1223,"4uxjC","NUC",10,"O",77,409,0.188264058679707
1223,"4uxjC","NUC",10,"P",0,409,0
1223,"4uxjC","NUC",10,"S",4,409,0.0097799511002445
1224,"4uxxC","NUC",10,"C",149,250,0.596
1224,"4uxxC","NUC",10,"N",44,250,0.176
1224,"4uxxC","NUC",10,"O",57,250,0.228
1224,"4uxxC","NUC",10,"P",0,250,0
1224,"4uxxC","NUC",10,"S",0,250,0
1225,"4uyaA","NUC",10,"C",228,355,0.642253521126761
1225,"4uyaA","NUC",10,"N",65,355,0.183098591549296
1225,"4uyaA","NUC",10,"O",62,355,0.174647887323944
1225,"4uyaA","NUC",10,"P",0,355,0
1225,"4uyaA","NUC",10,"S",0,355,0
1226,"4v02A","NUC",10,"C",252,400,0.63
1226,"4v02A","NUC",10,"N",71,400,0.1775
1226,"4v02A","NUC",10,"O",76,400,0.19
1226,"4v02A","NUC",10,"P",0,400,0
1226,"4v02A","NUC",10,"S",1,400,0.0025
1227,"4v0lA","NUC",10,"C",245,396,0.618686868686869
1227,"4v0lA","NUC",10,"N",71,396,0.179292929292929
1227,"4v0lA","NUC",10,"O",79,396,0.19949494949495
1227,"4v0lA","NUC",10,"P",0,396,0
1227,"4v0lA","NUC",10,"S",1,396,0.00252525252525253
1228,"4v1tB","NUC",10,"C",280,476,0.588235294117647
1228,"4v1tB","NUC",10,"N",90,476,0.189075630252101
1228,"4v1tB","NUC",10,"O",105,476,0.220588235294118
1228,"4v1tB","NUC",10,"P",0,476,0
1228,"4v1tB","NUC",10,"S",1,476,0.00210084033613445
1229,"4v4oY","NUC",10,"C",306,491,0.623217922606925
1229,"4v4oY","NUC",10,"N",86,491,0.175152749490835
1229,"4v4oY","NUC",10,"O",98,491,0.19959266802444
1229,"4v4oY","NUC",10,"P",0,491,0
1229,"4v4oY","NUC",10,"S",1,491,0.00203665987780041
1230,"4v81A","NUC",10,"C",305,493,0.618661257606491
1230,"4v81A","NUC",10,"N",80,493,0.162271805273834
1230,"4v81A","NUC",10,"O",106,493,0.21501014198783
1230,"4v81A","NUC",10,"P",0,493,0
1230,"4v81A","NUC",10,"S",2,493,0.00405679513184584
1231,"4v81X","NUC",10,"C",317,519,0.610789980732177
1231,"4v81X","NUC",10,"N",91,519,0.175337186897881
1231,"4v81X","NUC",10,"O",106,519,0.204238921001927
1231,"4v81X","NUC",10,"P",0,519,0
1231,"4v81X","NUC",10,"S",5,519,0.00963391136801541
1232,"4v8rL","NUC",10,"C",304,494,0.615384615384615
1232,"4v8rL","NUC",10,"N",84,494,0.17004048582996
1232,"4v8rL","NUC",10,"O",104,494,0.210526315789474
1232,"4v8rL","NUC",10,"P",0,494,0
1232,"4v8rL","NUC",10,"S",2,494,0.00404858299595142
1233,"4v94A","NUC",10,"C",297,473,0.627906976744186
1233,"4v94A","NUC",10,"N",78,473,0.164904862579281
1233,"4v94A","NUC",10,"O",96,473,0.202959830866808
1233,"4v94A","NUC",10,"P",0,473,0
1233,"4v94A","NUC",10,"S",2,473,0.00422832980972516
1234,"4v94C","NUC",10,"C",304,495,0.614141414141414
1234,"4v94C","NUC",10,"N",85,495,0.171717171717172
1234,"4v94C","NUC",10,"O",105,495,0.212121212121212
1234,"4v94C","NUC",10,"P",0,495,0
1234,"4v94C","NUC",10,"S",1,495,0.00202020202020202
1235,"4v94E","NUC",10,"C",298,485,0.614432989690722
1235,"4v94E","NUC",10,"N",81,485,0.16701030927835
1235,"4v94E","NUC",10,"O",104,485,0.214432989690722
1235,"4v94E","NUC",10,"P",0,485,0
1235,"4v94E","NUC",10,"S",2,485,0.00412371134020619
1236,"4v94F","NUC",10,"C",301,494,0.609311740890688
1236,"4v94F","NUC",10,"N",88,494,0.178137651821862
1236,"4v94F","NUC",10,"O",105,494,0.212550607287449
1236,"4v94F","NUC",10,"P",0,494,0
1236,"4v94F","NUC",10,"S",0,494,0
1237,"4v94H","NUC",10,"C",305,488,0.625
1237,"4v94H","NUC",10,"N",81,488,0.165983606557377
1237,"4v94H","NUC",10,"O",100,488,0.204918032786885
1237,"4v94H","NUC",10,"P",0,488,0
1237,"4v94H","NUC",10,"S",2,488,0.0040983606557377
1238,"4w7sB","NUC",10,"C",176,266,0.661654135338346
1238,"4w7sB","NUC",10,"N",44,266,0.165413533834586
1238,"4w7sB","NUC",10,"O",46,266,0.172932330827068
1238,"4w7sB","NUC",10,"P",0,266,0
1238,"4w7sB","NUC",10,"S",0,266,0
1239,"4wb7B","NUC",10,"C",308,471,0.653927813163482
1239,"4wb7B","NUC",10,"N",71,471,0.150743099787686
1239,"4wb7B","NUC",10,"O",89,471,0.18895966029724
1239,"4wb7B","NUC",10,"P",0,471,0
1239,"4wb7B","NUC",10,"S",3,471,0.00636942675159236
1240,"4wbdA","NUC",10,"C",242,374,0.647058823529412
1240,"4wbdA","NUC",10,"N",66,374,0.176470588235294
1240,"4wbdA","NUC",10,"O",66,374,0.176470588235294
1240,"4wbdA","NUC",10,"P",0,374,0
1240,"4wbdA","NUC",10,"S",0,374,0
1241,"4wc0B","NUC",10,"C",237,391,0.60613810741688
1241,"4wc0B","NUC",10,"N",86,391,0.219948849104859
1241,"4wc0B","NUC",10,"O",68,391,0.173913043478261
1241,"4wc0B","NUC",10,"P",0,391,0
1241,"4wc0B","NUC",10,"S",0,391,0
1242,"4wgjA","NUC",10,"C",284,424,0.669811320754717
1242,"4wgjA","NUC",10,"N",73,424,0.172169811320755
1242,"4wgjA","NUC",10,"O",60,424,0.141509433962264
1242,"4wgjA","NUC",10,"P",0,424,0
1242,"4wgjA","NUC",10,"S",7,424,0.0165094339622642
1243,"4wh3A","NUC",10,"C",254,404,0.628712871287129
1243,"4wh3A","NUC",10,"N",71,404,0.175742574257426
1243,"4wh3A","NUC",10,"O",79,404,0.195544554455446
1243,"4wh3A","NUC",10,"P",0,404,0
1243,"4wh3A","NUC",10,"S",0,404,0
1244,"4wjmA","NUC",10,"C",236,388,0.608247422680412
1244,"4wjmA","NUC",10,"N",70,388,0.180412371134021
1244,"4wjmA","NUC",10,"O",81,388,0.208762886597938
1244,"4wjmA","NUC",10,"P",0,388,0
1244,"4wjmA","NUC",10,"S",1,388,0.00257731958762887
1245,"4wnrA","NUC",10,"C",225,380,0.592105263157895
1245,"4wnrA","NUC",10,"N",75,380,0.197368421052632
1245,"4wnrA","NUC",10,"O",79,380,0.207894736842105
1245,"4wnrA","NUC",10,"P",0,380,0
1245,"4wnrA","NUC",10,"S",1,380,0.00263157894736842
1246,"4woeA","NUC",10,"C",258,422,0.611374407582938
1246,"4woeA","NUC",10,"N",84,422,0.199052132701422
1246,"4woeA","NUC",10,"O",77,422,0.182464454976303
1246,"4woeA","NUC",10,"P",0,422,0
1246,"4woeA","NUC",10,"S",3,422,0.00710900473933649
1247,"4wopA","NUC",10,"C",217,347,0.62536023054755
1247,"4wopA","NUC",10,"N",61,347,0.175792507204611
1247,"4wopA","NUC",10,"O",67,347,0.193083573487032
1247,"4wopA","NUC",10,"P",0,347,0
1247,"4wopA","NUC",10,"S",2,347,0.00576368876080692
1248,"4wpuA","NUC",10,"C",250,397,0.629722921914358
1248,"4wpuA","NUC",10,"N",73,397,0.183879093198992
1248,"4wpuA","NUC",10,"O",72,397,0.181360201511335
1248,"4wpuA","NUC",10,"P",0,397,0
1248,"4wpuA","NUC",10,"S",2,397,0.00503778337531486
1249,"4wtiC","NUC",10,"C",200,331,0.604229607250755
1249,"4wtiC","NUC",10,"N",62,331,0.187311178247734
1249,"4wtiC","NUC",10,"O",66,331,0.199395770392749
1249,"4wtiC","NUC",10,"P",0,331,0
1249,"4wtiC","NUC",10,"S",3,331,0.00906344410876133
1250,"4wvyA","NUC",10,"C",279,456,0.611842105263158
1250,"4wvyA","NUC",10,"N",89,456,0.195175438596491
1250,"4wvyA","NUC",10,"O",86,456,0.18859649122807
1250,"4wvyA","NUC",10,"P",0,456,0
1250,"4wvyA","NUC",10,"S",2,456,0.0043859649122807
1251,"4ww0B","NUC",10,"C",237,377,0.628647214854111
1251,"4ww0B","NUC",10,"N",68,377,0.180371352785146
1251,"4ww0B","NUC",10,"O",71,377,0.188328912466843
1251,"4ww0B","NUC",10,"P",0,377,0
1251,"4ww0B","NUC",10,"S",1,377,0.0026525198938992
1252,"4ww4B","NUC",10,"C",270,437,0.617848970251716
1252,"4ww4B","NUC",10,"N",82,437,0.187643020594966
1252,"4ww4B","NUC",10,"O",84,437,0.192219679633867
1252,"4ww4B","NUC",10,"P",0,437,0
1252,"4ww4B","NUC",10,"S",1,437,0.0022883295194508
1253,"4ww9A","NUC",10,"C",239,375,0.637333333333333
1253,"4ww9A","NUC",10,"N",70,375,0.186666666666667
1253,"4ww9A","NUC",10,"O",66,375,0.176
1253,"4ww9A","NUC",10,"P",0,375,0
1253,"4ww9A","NUC",10,"S",0,375,0
1254,"4x2dA","NUC",10,"C",257,403,0.637717121588089
1254,"4x2dA","NUC",10,"N",70,403,0.173697270471464
1254,"4x2dA","NUC",10,"O",74,403,0.183622828784119
1254,"4x2dA","NUC",10,"P",0,403,0
1254,"4x2dA","NUC",10,"S",2,403,0.00496277915632754
1255,"4x3vB","NUC",10,"C",151,249,0.606425702811245
1255,"4x3vB","NUC",10,"N",42,249,0.168674698795181
1255,"4x3vB","NUC",10,"O",52,249,0.208835341365462
1255,"4x3vB","NUC",10,"P",0,249,0
1255,"4x3vB","NUC",10,"S",4,249,0.0160642570281124
1256,"4x4oC","NUC",10,"C",295,465,0.634408602150538
1256,"4x4oC","NUC",10,"N",84,465,0.180645161290323
1256,"4x4oC","NUC",10,"O",84,465,0.180645161290323
1256,"4x4oC","NUC",10,"P",0,465,0
1256,"4x4oC","NUC",10,"S",2,465,0.0043010752688172
1257,"4xbrA","NUC",10,"C",309,480,0.64375
1257,"4xbrA","NUC",10,"N",79,480,0.164583333333333
1257,"4xbrA","NUC",10,"O",87,480,0.18125
1257,"4xbrA","NUC",10,"P",0,480,0
1257,"4xbrA","NUC",10,"S",5,480,0.0104166666666667
1258,"4xcdA","NUC",10,"C",274,440,0.622727272727273
1258,"4xcdA","NUC",10,"N",75,440,0.170454545454545
1258,"4xcdA","NUC",10,"O",90,440,0.204545454545455
1258,"4xcdA","NUC",10,"P",0,440,0
1258,"4xcdA","NUC",10,"S",1,440,0.00227272727272727
1259,"4xckB","NUC",10,"C",249,387,0.643410852713178
1259,"4xckB","NUC",10,"N",67,387,0.17312661498708
1259,"4xckB","NUC",10,"O",71,387,0.183462532299742
1259,"4xckB","NUC",10,"P",0,387,0
1259,"4xckB","NUC",10,"S",0,387,0
1260,"4xcqA","NUC",10,"C",269,449,0.599109131403118
1260,"4xcqA","NUC",10,"N",86,449,0.191536748329621
1260,"4xcqA","NUC",10,"O",90,449,0.200445434298441
1260,"4xcqA","NUC",10,"P",0,449,0
1260,"4xcqA","NUC",10,"S",4,449,0.0089086859688196
1261,"4xd8A","NUC",10,"C",236,370,0.637837837837838
1261,"4xd8A","NUC",10,"N",61,370,0.164864864864865
1261,"4xd8A","NUC",10,"O",71,370,0.191891891891892
1261,"4xd8A","NUC",10,"P",0,370,0
1261,"4xd8A","NUC",10,"S",2,370,0.00540540540540541
1262,"4xf6B","NUC",10,"C",271,428,0.633177570093458
1262,"4xf6B","NUC",10,"N",77,428,0.179906542056075
1262,"4xf6B","NUC",10,"O",80,428,0.186915887850467
1262,"4xf6B","NUC",10,"P",0,428,0
1262,"4xf6B","NUC",10,"S",0,428,0
1263,"4xgxB","NUC",10,"C",260,425,0.611764705882353
1263,"4xgxB","NUC",10,"N",71,425,0.167058823529412
1263,"4xgxB","NUC",10,"O",91,425,0.214117647058824
1263,"4xgxB","NUC",10,"P",0,425,0
1263,"4xgxB","NUC",10,"S",3,425,0.00705882352941176
1264,"4xhgA","NUC",10,"C",213,340,0.626470588235294
1264,"4xhgA","NUC",10,"N",60,340,0.176470588235294
1264,"4xhgA","NUC",10,"O",66,340,0.194117647058824
1264,"4xhgA","NUC",10,"P",0,340,0
1264,"4xhgA","NUC",10,"S",1,340,0.00294117647058824
1265,"4xhoA","NUC",10,"C",305,480,0.635416666666667
1265,"4xhoA","NUC",10,"N",81,480,0.16875
1265,"4xhoA","NUC",10,"O",91,480,0.189583333333333
1265,"4xhoA","NUC",10,"P",0,480,0
1265,"4xhoA","NUC",10,"S",3,480,0.00625
1266,"4xivB","NUC",10,"C",238,377,0.631299734748011
1266,"4xivB","NUC",10,"N",69,377,0.183023872679045
1266,"4xivB","NUC",10,"O",68,377,0.180371352785146
1266,"4xivB","NUC",10,"P",0,377,0
1266,"4xivB","NUC",10,"S",2,377,0.00530503978779841
1267,"4xj3A","NUC",10,"C",293,467,0.627408993576017
1267,"4xj3A","NUC",10,"N",80,467,0.171306209850107
1267,"4xj3A","NUC",10,"O",90,467,0.19271948608137
1267,"4xj3A","NUC",10,"P",0,467,0
1267,"4xj3A","NUC",10,"S",4,467,0.00856531049250535
1268,"4xjcA","NUC",10,"C",248,375,0.661333333333333
1268,"4xjcA","NUC",10,"N",57,375,0.152
1268,"4xjcA","NUC",10,"O",69,375,0.184
1268,"4xjcA","NUC",10,"P",0,375,0
1268,"4xjcA","NUC",10,"S",1,375,0.00266666666666667
1269,"4xlvA","NUC",10,"C",289,468,0.617521367521368
1269,"4xlvA","NUC",10,"N",84,468,0.17948717948718
1269,"4xlvA","NUC",10,"O",88,468,0.188034188034188
1269,"4xlvA","NUC",10,"P",0,468,0
1269,"4xlvA","NUC",10,"S",7,468,0.014957264957265
1270,"4xruB","NUC",10,"C",318,490,0.648979591836735
1270,"4xruB","NUC",10,"N",77,490,0.157142857142857
1270,"4xruB","NUC",10,"O",91,490,0.185714285714286
1270,"4xruB","NUC",10,"P",0,490,0
1270,"4xruB","NUC",10,"S",4,490,0.00816326530612245
1271,"4xruD","NUC",10,"C",130,217,0.599078341013825
1271,"4xruD","NUC",10,"N",43,217,0.19815668202765
1271,"4xruD","NUC",10,"O",44,217,0.202764976958525
1271,"4xruD","NUC",10,"P",0,217,0
1271,"4xruD","NUC",10,"S",0,217,0
1272,"4xsvA","NUC",10,"C",226,362,0.624309392265193
1272,"4xsvA","NUC",10,"N",64,362,0.176795580110497
1272,"4xsvA","NUC",10,"O",68,362,0.187845303867403
1272,"4xsvA","NUC",10,"P",0,362,0
1272,"4xsvA","NUC",10,"S",4,362,0.0110497237569061
1273,"4xulA","NUC",10,"C",298,463,0.643628509719222
1273,"4xulA","NUC",10,"N",71,463,0.153347732181425
1273,"4xulA","NUC",10,"O",92,463,0.198704103671706
1273,"4xulA","NUC",10,"P",0,463,0
1273,"4xulA","NUC",10,"S",2,463,0.00431965442764579
1274,"4xyjA","NUC",10,"C",237,388,0.610824742268041
1274,"4xyjA","NUC",10,"N",74,388,0.190721649484536
1274,"4xyjA","NUC",10,"O",72,388,0.185567010309278
1274,"4xyjA","NUC",10,"P",0,388,0
1274,"4xyjA","NUC",10,"S",5,388,0.0128865979381443
1275,"4y0vA","NUC",10,"C",189,302,0.625827814569536
1275,"4y0vA","NUC",10,"N",52,302,0.172185430463576
1275,"4y0vA","NUC",10,"O",59,302,0.195364238410596
1275,"4y0vA","NUC",10,"P",0,302,0
1275,"4y0vA","NUC",10,"S",2,302,0.00662251655629139
1276,"4y0xA","NUC",10,"C",231,352,0.65625
1276,"4y0xA","NUC",10,"N",56,352,0.159090909090909
1276,"4y0xA","NUC",10,"O",63,352,0.178977272727273
1276,"4y0xA","NUC",10,"P",0,352,0
1276,"4y0xA","NUC",10,"S",2,352,0.00568181818181818
1277,"4y8vD","NUC",10,"C",216,342,0.631578947368421
1277,"4y8vD","NUC",10,"N",59,342,0.172514619883041
1277,"4y8vD","NUC",10,"O",67,342,0.195906432748538
1277,"4y8vD","NUC",10,"P",0,342,0
1277,"4y8vD","NUC",10,"S",0,342,0
1278,"4y9dA","NUC",10,"C",224,355,0.630985915492958
1278,"4y9dA","NUC",10,"N",61,355,0.171830985915493
1278,"4y9dA","NUC",10,"O",68,355,0.191549295774648
1278,"4y9dA","NUC",10,"P",0,355,0
1278,"4y9dA","NUC",10,"S",2,355,0.00563380281690141
1279,"4yacA","NUC",10,"C",234,367,0.637602179836512
1279,"4yacA","NUC",10,"N",62,367,0.168937329700272
1279,"4yacA","NUC",10,"O",71,367,0.193460490463215
1279,"4yacA","NUC",10,"P",0,367,0
1279,"4yacA","NUC",10,"S",0,367,0
1280,"4yb7A","NUC",10,"C",194,315,0.615873015873016
1280,"4yb7A","NUC",10,"N",56,315,0.177777777777778
1280,"4yb7A","NUC",10,"O",63,315,0.2
1280,"4yb7A","NUC",10,"P",0,315,0
1280,"4yb7A","NUC",10,"S",2,315,0.00634920634920635
1281,"4ydqA","NUC",10,"C",301,462,0.651515151515151
1281,"4ydqA","NUC",10,"N",76,462,0.164502164502165
1281,"4ydqA","NUC",10,"O",83,462,0.17965367965368
1281,"4ydqA","NUC",10,"P",0,462,0
1281,"4ydqA","NUC",10,"S",2,462,0.00432900432900433
1282,"4ydsA","NUC",10,"C",209,331,0.631419939577039
1282,"4ydsA","NUC",10,"N",60,331,0.181268882175227
1282,"4ydsA","NUC",10,"O",61,331,0.18429003021148
1282,"4ydsA","NUC",10,"P",0,331,0
1282,"4ydsA","NUC",10,"S",1,331,0.00302114803625378
1283,"4yduB","NUC",10,"C",274,442,0.619909502262443
1283,"4yduB","NUC",10,"N",81,442,0.183257918552036
1283,"4yduB","NUC",10,"O",82,442,0.18552036199095
1283,"4yduB","NUC",10,"P",0,442,0
1283,"4yduB","NUC",10,"S",5,442,0.0113122171945701
1284,"4yduC","NUC",10,"C",110,186,0.591397849462366
1284,"4yduC","NUC",10,"N",38,186,0.204301075268817
1284,"4yduC","NUC",10,"O",36,186,0.193548387096774
1284,"4yduC","NUC",10,"P",0,186,0
1284,"4yduC","NUC",10,"S",2,186,0.010752688172043
1285,"4yhjA","NUC",10,"C",250,398,0.628140703517588
1285,"4yhjA","NUC",10,"N",72,398,0.180904522613065
1285,"4yhjA","NUC",10,"O",72,398,0.180904522613065
1285,"4yhjA","NUC",10,"P",0,398,0
1285,"4yhjA","NUC",10,"S",4,398,0.0100502512562814
1286,"4yj1A","NUC",10,"C",198,313,0.63258785942492
1286,"4yj1A","NUC",10,"N",55,313,0.175718849840256
1286,"4yj1A","NUC",10,"O",59,313,0.188498402555911
1286,"4yj1A","NUC",10,"P",0,313,0
1286,"4yj1A","NUC",10,"S",1,313,0.00319488817891374
1287,"4ymuA","NUC",10,"C",174,282,0.617021276595745
1287,"4ymuA","NUC",10,"N",50,282,0.177304964539007
1287,"4ymuA","NUC",10,"O",56,282,0.198581560283688
1287,"4ymuA","NUC",10,"P",0,282,0
1287,"4ymuA","NUC",10,"S",2,282,0.00709219858156028
1288,"4yplB","NUC",10,"C",244,392,0.622448979591837
1288,"4yplB","NUC",10,"N",74,392,0.188775510204082
1288,"4yplB","NUC",10,"O",74,392,0.188775510204082
1288,"4yplB","NUC",10,"P",0,392,0
1288,"4yplB","NUC",10,"S",0,392,0
1289,"4z1iD","NUC",10,"C",327,500,0.654
1289,"4z1iD","NUC",10,"N",80,500,0.16
1289,"4z1iD","NUC",10,"O",92,500,0.184
1289,"4z1iD","NUC",10,"P",0,500,0
1289,"4z1iD","NUC",10,"S",1,500,0.002
1290,"4z54A","NUC",10,"C",219,353,0.620396600566572
1290,"4z54A","NUC",10,"N",66,353,0.186968838526912
1290,"4z54A","NUC",10,"O",67,353,0.189801699716714
1290,"4z54A","NUC",10,"P",0,353,0
1290,"4z54A","NUC",10,"S",1,353,0.0028328611898017
1291,"4z87A","NUC",10,"C",226,340,0.664705882352941
1291,"4z87A","NUC",10,"N",54,340,0.158823529411765
1291,"4z87A","NUC",10,"O",58,340,0.170588235294118
1291,"4z87A","NUC",10,"P",0,340,0
1291,"4z87A","NUC",10,"S",2,340,0.00588235294117647
1292,"4z9mD","NUC",10,"C",245,396,0.618686868686869
1292,"4z9mD","NUC",10,"N",76,396,0.191919191919192
1292,"4z9mD","NUC",10,"O",73,396,0.184343434343434
1292,"4z9mD","NUC",10,"P",0,396,0
1292,"4z9mD","NUC",10,"S",2,396,0.00505050505050505
1293,"4zclA","NUC",10,"C",173,279,0.620071684587814
1293,"4zclA","NUC",10,"N",52,279,0.186379928315412
1293,"4zclA","NUC",10,"O",52,279,0.186379928315412
1293,"4zclA","NUC",10,"P",0,279,0
1293,"4zclA","NUC",10,"S",2,279,0.00716845878136201
1294,"4zdjA","NUC",10,"C",214,343,0.623906705539359
1294,"4zdjA","NUC",10,"N",59,343,0.17201166180758
1294,"4zdjA","NUC",10,"O",70,343,0.204081632653061
1294,"4zdjA","NUC",10,"P",0,343,0
1294,"4zdjA","NUC",10,"S",0,343,0
1295,"4zdqA","NUC",10,"C",209,344,0.607558139534884
1295,"4zdqA","NUC",10,"N",65,344,0.188953488372093
1295,"4zdqA","NUC",10,"O",68,344,0.197674418604651
1295,"4zdqA","NUC",10,"P",0,344,0
1295,"4zdqA","NUC",10,"S",2,344,0.00581395348837209
1296,"4zg4B","NUC",10,"C",270,423,0.638297872340426
1296,"4zg4B","NUC",10,"N",76,423,0.179669030732861
1296,"4zg4B","NUC",10,"O",76,423,0.179669030732861
1296,"4zg4B","NUC",10,"P",0,423,0
1296,"4zg4B","NUC",10,"S",1,423,0.00236406619385343
1297,"4zgnA","NUC",10,"C",309,467,0.661670235546039
1297,"4zgnA","NUC",10,"N",73,467,0.156316916488223
1297,"4zgnA","NUC",10,"O",83,467,0.177730192719486
1297,"4zgnA","NUC",10,"P",0,467,0
1297,"4zgnA","NUC",10,"S",2,467,0.00428265524625268
1298,"4zirB","NUC",10,"C",165,257,0.642023346303502
1298,"4zirB","NUC",10,"N",42,257,0.163424124513619
1298,"4zirB","NUC",10,"O",50,257,0.194552529182879
1298,"4zirB","NUC",10,"P",0,257,0
1298,"4zirB","NUC",10,"S",0,257,0
1299,"4zkeA","NUC",10,"C",287,462,0.621212121212121
1299,"4zkeA","NUC",10,"N",78,462,0.168831168831169
1299,"4zkeA","NUC",10,"O",94,462,0.203463203463203
1299,"4zkeA","NUC",10,"P",0,462,0
1299,"4zkeA","NUC",10,"S",3,462,0.00649350649350649
1300,"4znlB","NUC",10,"C",202,315,0.641269841269841
1300,"4znlB","NUC",10,"N",53,315,0.168253968253968
1300,"4znlB","NUC",10,"O",60,315,0.19047619047619
1300,"4znlB","NUC",10,"P",0,315,0
1300,"4znlB","NUC",10,"S",0,315,0
1301,"4zqxA","NUC",10,"C",113,195,0.57948717948718
1301,"4zqxA","NUC",10,"N",38,195,0.194871794871795
1301,"4zqxA","NUC",10,"O",42,195,0.215384615384615
1301,"4zqxA","NUC",10,"P",0,195,0
1301,"4zqxA","NUC",10,"S",2,195,0.0102564102564103
1302,"4zs4B","NUC",10,"C",236,363,0.650137741046832
1302,"4zs4B","NUC",10,"N",59,363,0.162534435261708
1302,"4zs4B","NUC",10,"O",68,363,0.18732782369146
1302,"4zs4B","NUC",10,"P",0,363,0
1302,"4zs4B","NUC",10,"S",0,363,0
1303,"4zukA","NUC",10,"C",227,361,0.628808864265928
1303,"4zukA","NUC",10,"N",63,361,0.174515235457064
1303,"4zukA","NUC",10,"O",67,361,0.185595567867036
1303,"4zukA","NUC",10,"P",0,361,0
1303,"4zukA","NUC",10,"S",4,361,0.0110803324099723
1304,"4zvfA","NUC",10,"C",172,280,0.614285714285714
1304,"4zvfA","NUC",10,"N",53,280,0.189285714285714
1304,"4zvfA","NUC",10,"O",55,280,0.196428571428571
1304,"4zvfA","NUC",10,"P",0,280,0
1304,"4zvfA","NUC",10,"S",0,280,0
1305,"5a07A","NUC",10,"C",262,410,0.639024390243902
1305,"5a07A","NUC",10,"N",69,410,0.168292682926829
1305,"5a07A","NUC",10,"O",77,410,0.18780487804878
1305,"5a07A","NUC",10,"P",0,410,0
1305,"5a07A","NUC",10,"S",2,410,0.0048780487804878
1306,"5a2wA","NUC",10,"C",262,421,0.622327790973872
1306,"5a2wA","NUC",10,"N",79,421,0.187648456057007
1306,"5a2wA","NUC",10,"O",76,421,0.180522565320665
1306,"5a2wA","NUC",10,"P",0,421,0
1306,"5a2wA","NUC",10,"S",4,421,0.00950118764845606
1307,"5a8aA","NUC",10,"C",217,342,0.634502923976608
1307,"5a8aA","NUC",10,"N",60,342,0.175438596491228
1307,"5a8aA","NUC",10,"O",64,342,0.187134502923977
1307,"5a8aA","NUC",10,"P",0,342,0
1307,"5a8aA","NUC",10,"S",1,342,0.00292397660818713
1308,"5afuP","NUC",10,"C",252,401,0.628428927680798
1308,"5afuP","NUC",10,"N",68,401,0.169576059850374
1308,"5afuP","NUC",10,"O",76,401,0.189526184538653
1308,"5afuP","NUC",10,"P",0,401,0
1308,"5afuP","NUC",10,"S",5,401,0.0124688279301746
1309,"5aupD","NUC",10,"C",252,384,0.65625
1309,"5aupD","NUC",10,"N",58,384,0.151041666666667
1309,"5aupD","NUC",10,"O",73,384,0.190104166666667
1309,"5aupD","NUC",10,"P",0,384,0
1309,"5aupD","NUC",10,"S",1,384,0.00260416666666667
1310,"5awmA","NUC",10,"C",231,365,0.632876712328767
1310,"5awmA","NUC",10,"N",66,365,0.180821917808219
1310,"5awmA","NUC",10,"O",63,365,0.172602739726027
1310,"5awmA","NUC",10,"P",0,365,0
1310,"5awmA","NUC",10,"S",5,365,0.0136986301369863
1311,"5axlA","NUC",10,"C",215,342,0.628654970760234
1311,"5axlA","NUC",10,"N",61,342,0.178362573099415
1311,"5axlA","NUC",10,"O",65,342,0.190058479532164
1311,"5axlA","NUC",10,"P",0,342,0
1311,"5axlA","NUC",10,"S",1,342,0.00292397660818713
1312,"5b0oB","NUC",10,"C",183,284,0.644366197183099
1312,"5b0oB","NUC",10,"N",46,284,0.161971830985915
1312,"5b0oB","NUC",10,"O",54,284,0.190140845070423
1312,"5b0oB","NUC",10,"P",0,284,0
1312,"5b0oB","NUC",10,"S",1,284,0.00352112676056338
1313,"5bk4A","NUC",10,"C",146,237,0.616033755274262
1313,"5bk4A","NUC",10,"N",45,237,0.189873417721519
1313,"5bk4A","NUC",10,"O",46,237,0.194092827004219
1313,"5bk4A","NUC",10,"P",0,237,0
1313,"5bk4A","NUC",10,"S",0,237,0
1314,"5bn3A","NUC",10,"C",210,350,0.6
1314,"5bn3A","NUC",10,"N",68,350,0.194285714285714
1314,"5bn3A","NUC",10,"O",72,350,0.205714285714286
1314,"5bn3A","NUC",10,"P",0,350,0
1314,"5bn3A","NUC",10,"S",0,350,0
1315,"5bo7A","NUC",10,"C",300,440,0.681818181818182
1315,"5bo7A","NUC",10,"N",67,440,0.152272727272727
1315,"5bo7A","NUC",10,"O",71,440,0.161363636363636
1315,"5bo7A","NUC",10,"P",0,440,0
1315,"5bo7A","NUC",10,"S",2,440,0.00454545454545455
1316,"5bpfC","NUC",10,"C",295,458,0.64410480349345
1316,"5bpfC","NUC",10,"N",76,458,0.165938864628821
1316,"5bpfC","NUC",10,"O",84,458,0.183406113537118
1316,"5bpfC","NUC",10,"P",0,458,0
1316,"5bpfC","NUC",10,"S",3,458,0.00655021834061135
1317,"5bq5B","NUC",10,"C",226,350,0.645714285714286
1317,"5bq5B","NUC",10,"N",59,350,0.168571428571429
1317,"5bq5B","NUC",10,"O",65,350,0.185714285714286
1317,"5bq5B","NUC",10,"P",0,350,0
1317,"5bq5B","NUC",10,"S",0,350,0
1318,"5bu2B","NUC",10,"C",283,448,0.631696428571429
1318,"5bu2B","NUC",10,"N",82,448,0.183035714285714
1318,"5bu2B","NUC",10,"O",80,448,0.178571428571429
1318,"5bu2B","NUC",10,"P",0,448,0
1318,"5bu2B","NUC",10,"S",3,448,0.00669642857142857
1319,"5burA","NUC",10,"C",278,447,0.621923937360179
1319,"5burA","NUC",10,"N",83,447,0.185682326621924
1319,"5burA","NUC",10,"O",83,447,0.185682326621924
1319,"5burA","NUC",10,"P",0,447,0
1319,"5burA","NUC",10,"S",3,447,0.00671140939597315
1320,"5c03A","NUC",10,"C",272,437,0.622425629290618
1320,"5c03A","NUC",10,"N",83,437,0.189931350114416
1320,"5c03A","NUC",10,"O",80,437,0.183066361556064
1320,"5c03A","NUC",10,"P",0,437,0
1320,"5c03A","NUC",10,"S",2,437,0.0045766590389016
1321,"5c1tA","NUC",10,"C",156,255,0.611764705882353
1321,"5c1tA","NUC",10,"N",44,255,0.172549019607843
1321,"5c1tA","NUC",10,"O",51,255,0.2
1321,"5c1tA","NUC",10,"P",0,255,0
1321,"5c1tA","NUC",10,"S",4,255,0.0156862745098039
1322,"5c2kA","NUC",10,"C",256,412,0.621359223300971
1322,"5c2kA","NUC",10,"N",70,412,0.169902912621359
1322,"5c2kA","NUC",10,"O",81,412,0.196601941747573
1322,"5c2kA","NUC",10,"P",0,412,0
1322,"5c2kA","NUC",10,"S",5,412,0.0121359223300971
1323,"5c3vA","NUC",10,"C",258,409,0.63080684596577
1323,"5c3vA","NUC",10,"N",68,409,0.166259168704156
1323,"5c3vA","NUC",10,"O",81,409,0.198044009779951
1323,"5c3vA","NUC",10,"P",0,409,0
1323,"5c3vA","NUC",10,"S",2,409,0.00488997555012225
1324,"5c41A","NUC",10,"C",239,386,0.619170984455959
1324,"5c41A","NUC",10,"N",65,386,0.16839378238342
1324,"5c41A","NUC",10,"O",79,386,0.204663212435233
1324,"5c41A","NUC",10,"P",0,386,0
1324,"5c41A","NUC",10,"S",3,386,0.0077720207253886
1325,"5c46B","NUC",10,"C",261,420,0.621428571428571
1325,"5c46B","NUC",10,"N",76,420,0.180952380952381
1325,"5c46B","NUC",10,"O",83,420,0.197619047619048
1325,"5c46B","NUC",10,"P",0,420,0
1325,"5c46B","NUC",10,"S",0,420,0
1326,"5c93A","NUC",10,"C",264,420,0.628571428571429
1326,"5c93A","NUC",10,"N",73,420,0.173809523809524
1326,"5c93A","NUC",10,"O",81,420,0.192857142857143
1326,"5c93A","NUC",10,"P",0,420,0
1326,"5c93A","NUC",10,"S",2,420,0.00476190476190476
1327,"5ca9A","NUC",10,"C",248,410,0.604878048780488
1327,"5ca9A","NUC",10,"N",77,410,0.18780487804878
1327,"5ca9A","NUC",10,"O",84,410,0.204878048780488
1327,"5ca9A","NUC",10,"P",0,410,0
1327,"5ca9A","NUC",10,"S",1,410,0.0024390243902439
1328,"5cb6A","NUC",10,"C",221,357,0.619047619047619
1328,"5cb6A","NUC",10,"N",60,357,0.168067226890756
1328,"5cb6A","NUC",10,"O",74,357,0.207282913165266
1328,"5cb6A","NUC",10,"P",0,357,0
1328,"5cb6A","NUC",10,"S",2,357,0.00560224089635854
1329,"5ce3B","NUC",10,"C",241,389,0.619537275064267
1329,"5ce3B","NUC",10,"N",76,389,0.195372750642674
1329,"5ce3B","NUC",10,"O",71,389,0.182519280205656
1329,"5ce3B","NUC",10,"P",0,389,0
1329,"5ce3B","NUC",10,"S",1,389,0.0025706940874036
1330,"5ck3B","NUC",10,"C",248,393,0.631043256997455
1330,"5ck3B","NUC",10,"N",72,393,0.183206106870229
1330,"5ck3B","NUC",10,"O",73,393,0.185750636132316
1330,"5ck3B","NUC",10,"P",0,393,0
1330,"5ck3B","NUC",10,"S",0,393,0
1331,"5ck3D","NUC",10,"C",245,387,0.633074935400517
1331,"5ck3D","NUC",10,"N",72,387,0.186046511627907
1331,"5ck3D","NUC",10,"O",70,387,0.180878552971576
1331,"5ck3D","NUC",10,"P",0,387,0
1331,"5ck3D","NUC",10,"S",0,387,0
1332,"5ck3F","NUC",10,"C",235,375,0.626666666666667
1332,"5ck3F","NUC",10,"N",70,375,0.186666666666667
1332,"5ck3F","NUC",10,"O",70,375,0.186666666666667
1332,"5ck3F","NUC",10,"P",0,375,0
1332,"5ck3F","NUC",10,"S",0,375,0
1333,"5cm7A","NUC",10,"C",187,281,0.665480427046263
1333,"5cm7A","NUC",10,"N",41,281,0.145907473309609
1333,"5cm7A","NUC",10,"O",52,281,0.185053380782918
1333,"5cm7A","NUC",10,"P",0,281,0
1333,"5cm7A","NUC",10,"S",1,281,0.00355871886120996
1334,"5cmsE","NUC",10,"C",221,351,0.62962962962963
1334,"5cmsE","NUC",10,"N",65,351,0.185185185185185
1334,"5cmsE","NUC",10,"O",64,351,0.182336182336182
1334,"5cmsE","NUC",10,"P",0,351,0
1334,"5cmsE","NUC",10,"S",1,351,0.00284900284900285
1335,"5cyoA","NUC",10,"C",221,351,0.62962962962963
1335,"5cyoA","NUC",10,"N",64,351,0.182336182336182
1335,"5cyoA","NUC",10,"O",65,351,0.185185185185185
1335,"5cyoA","NUC",10,"P",0,351,0
1335,"5cyoA","NUC",10,"S",1,351,0.00284900284900285
1336,"5d0eB","NUC",10,"C",150,237,0.632911392405063
1336,"5d0eB","NUC",10,"N",41,237,0.172995780590717
1336,"5d0eB","NUC",10,"O",45,237,0.189873417721519
1336,"5d0eB","NUC",10,"P",0,237,0
1336,"5d0eB","NUC",10,"S",1,237,0.00421940928270042
1337,"5d0uA","NUC",10,"C",264,425,0.621176470588235
1337,"5d0uA","NUC",10,"N",76,425,0.178823529411765
1337,"5d0uA","NUC",10,"O",83,425,0.195294117647059
1337,"5d0uA","NUC",10,"P",0,425,0
1337,"5d0uA","NUC",10,"S",2,425,0.00470588235294118
1338,"5d1oA","NUC",10,"C",261,403,0.647642679900744
1338,"5d1oA","NUC",10,"N",78,403,0.193548387096774
1338,"5d1oA","NUC",10,"O",61,403,0.15136476426799
1338,"5d1oA","NUC",10,"P",0,403,0
1338,"5d1oA","NUC",10,"S",3,403,0.00744416873449132
1339,"5d3mA","NUC",10,"C",171,273,0.626373626373626
1339,"5d3mA","NUC",10,"N",47,273,0.172161172161172
1339,"5d3mA","NUC",10,"O",54,273,0.197802197802198
1339,"5d3mA","NUC",10,"P",0,273,0
1339,"5d3mA","NUC",10,"S",1,273,0.00366300366300366
1340,"5d4oA","NUC",10,"C",137,211,0.649289099526066
1340,"5d4oA","NUC",10,"N",34,211,0.161137440758294
1340,"5d4oA","NUC",10,"O",38,211,0.180094786729858
1340,"5d4oA","NUC",10,"P",0,211,0
1340,"5d4oA","NUC",10,"S",2,211,0.00947867298578199
1341,"5d4wA","NUC",10,"C",232,368,0.630434782608696
1341,"5d4wA","NUC",10,"N",69,368,0.1875
1341,"5d4wA","NUC",10,"O",67,368,0.182065217391304
1341,"5d4wA","NUC",10,"P",0,368,0
1341,"5d4wA","NUC",10,"S",0,368,0
1342,"5d6jA","NUC",10,"C",313,503,0.622266401590457
1342,"5d6jA","NUC",10,"N",91,503,0.180914512922465
1342,"5d6jA","NUC",10,"O",98,503,0.194831013916501
1342,"5d6jA","NUC",10,"P",0,503,0
1342,"5d6jA","NUC",10,"S",1,503,0.00198807157057654
1343,"5d9hB","NUC",10,"C",248,396,0.626262626262626
1343,"5d9hB","NUC",10,"N",70,396,0.176767676767677
1343,"5d9hB","NUC",10,"O",76,396,0.191919191919192
1343,"5d9hB","NUC",10,"P",0,396,0
1343,"5d9hB","NUC",10,"S",2,396,0.00505050505050505
1344,"5dacA","NUC",10,"C",235,375,0.626666666666667
1344,"5dacA","NUC",10,"N",68,375,0.181333333333333
1344,"5dacA","NUC",10,"O",71,375,0.189333333333333
1344,"5dacA","NUC",10,"P",0,375,0
1344,"5dacA","NUC",10,"S",1,375,0.00266666666666667
1345,"5db4A","NUC",10,"C",261,408,0.639705882352941
1345,"5db4A","NUC",10,"N",73,408,0.178921568627451
1345,"5db4A","NUC",10,"O",72,408,0.176470588235294
1345,"5db4A","NUC",10,"P",0,408,0
1345,"5db4A","NUC",10,"S",2,408,0.00490196078431373
1346,"5dgkB","NUC",10,"C",154,258,0.596899224806202
1346,"5dgkB","NUC",10,"N",44,258,0.170542635658915
1346,"5dgkB","NUC",10,"O",60,258,0.232558139534884
1346,"5dgkB","NUC",10,"P",0,258,0
1346,"5dgkB","NUC",10,"S",0,258,0
1347,"5dgxA","NUC",10,"C",147,229,0.641921397379913
1347,"5dgxA","NUC",10,"N",38,229,0.165938864628821
1347,"5dgxA","NUC",10,"O",43,229,0.187772925764192
1347,"5dgxA","NUC",10,"P",0,229,0
1347,"5dgxA","NUC",10,"S",1,229,0.00436681222707424
1348,"5dm3C","NUC",10,"C",183,295,0.620338983050847
1348,"5dm3C","NUC",10,"N",56,295,0.189830508474576
1348,"5dm3C","NUC",10,"O",52,295,0.176271186440678
1348,"5dm3C","NUC",10,"P",0,295,0
1348,"5dm3C","NUC",10,"S",4,295,0.0135593220338983
1349,"5dn6F","NUC",10,"C",219,347,0.631123919308357
1349,"5dn6F","NUC",10,"N",64,347,0.184438040345821
1349,"5dn6F","NUC",10,"O",64,347,0.184438040345821
1349,"5dn6F","NUC",10,"P",0,347,0
1349,"5dn6F","NUC",10,"S",0,347,0
1350,"5dn6G","NUC",10,"C",239,384,0.622395833333333
1350,"5dn6G","NUC",10,"N",70,384,0.182291666666667
1350,"5dn6G","NUC",10,"O",72,384,0.1875
1350,"5dn6G","NUC",10,"P",0,384,0
1350,"5dn6G","NUC",10,"S",3,384,0.0078125
1351,"5dn8A","NUC",10,"C",199,320,0.621875
1351,"5dn8A","NUC",10,"N",66,320,0.20625
1351,"5dn8A","NUC",10,"O",54,320,0.16875
1351,"5dn8A","NUC",10,"P",0,320,0
1351,"5dn8A","NUC",10,"S",1,320,0.003125
1352,"5dqwA","NUC",10,"C",232,378,0.613756613756614
1352,"5dqwA","NUC",10,"N",79,378,0.208994708994709
1352,"5dqwA","NUC",10,"O",64,378,0.169312169312169
1352,"5dqwA","NUC",10,"P",0,378,0
1352,"5dqwA","NUC",10,"S",3,378,0.00793650793650794
1353,"5dtuA","NUC",10,"C",201,303,0.663366336633663
1353,"5dtuA","NUC",10,"N",49,303,0.161716171617162
1353,"5dtuA","NUC",10,"O",52,303,0.171617161716172
1353,"5dtuA","NUC",10,"P",0,303,0
1353,"5dtuA","NUC",10,"S",1,303,0.0033003300330033
1354,"5dzcA","NUC",10,"C",269,416,0.646634615384615
1354,"5dzcA","NUC",10,"N",67,416,0.161057692307692
1354,"5dzcA","NUC",10,"O",78,416,0.1875
1354,"5dzcA","NUC",10,"P",0,416,0
1354,"5dzcA","NUC",10,"S",2,416,0.00480769230769231
1355,"5e26B","NUC",10,"C",253,400,0.6325
1355,"5e26B","NUC",10,"N",68,400,0.17
1355,"5e26B","NUC",10,"O",77,400,0.1925
1355,"5e26B","NUC",10,"P",0,400,0
1355,"5e26B","NUC",10,"S",2,400,0.005
1356,"5e3iB","NUC",10,"C",278,434,0.640552995391705
1356,"5e3iB","NUC",10,"N",74,434,0.170506912442396
1356,"5e3iB","NUC",10,"O",78,434,0.179723502304147
1356,"5e3iB","NUC",10,"P",0,434,0
1356,"5e3iB","NUC",10,"S",4,434,0.00921658986175115
1357,"5e84B","NUC",10,"C",306,493,0.620689655172414
1357,"5e84B","NUC",10,"N",87,493,0.176470588235294
1357,"5e84B","NUC",10,"O",99,493,0.200811359026369
1357,"5e84B","NUC",10,"P",0,493,0
1357,"5e84B","NUC",10,"S",1,493,0.00202839756592292
1358,"5e92A","NUC",10,"C",289,449,0.643652561247216
1358,"5e92A","NUC",10,"N",78,449,0.173719376391982
1358,"5e92A","NUC",10,"O",80,449,0.178173719376392
1358,"5e92A","NUC",10,"P",0,449,0
1358,"5e92A","NUC",10,"S",2,449,0.0044543429844098
1359,"5ec0A","NUC",10,"C",250,389,0.6426735218509
1359,"5ec0A","NUC",10,"N",66,389,0.169665809768638
1359,"5ec0A","NUC",10,"O",71,389,0.182519280205656
1359,"5ec0A","NUC",10,"P",0,389,0
1359,"5ec0A","NUC",10,"S",2,389,0.0051413881748072
1360,"5eckD","NUC",10,"C",364,550,0.661818181818182
1360,"5eckD","NUC",10,"N",87,550,0.158181818181818
1360,"5eckD","NUC",10,"O",98,550,0.178181818181818
1360,"5eckD","NUC",10,"P",0,550,0
1360,"5eckD","NUC",10,"S",1,550,0.00181818181818182
1361,"5efaA","NUC",10,"C",219,338,0.64792899408284
1361,"5efaA","NUC",10,"N",61,338,0.180473372781065
1361,"5efaA","NUC",10,"O",57,338,0.168639053254438
1361,"5efaA","NUC",10,"P",0,338,0
1361,"5efaA","NUC",10,"S",1,338,0.0029585798816568
1362,"5ekdB","NUC",10,"C",283,450,0.628888888888889
1362,"5ekdB","NUC",10,"N",82,450,0.182222222222222
1362,"5ekdB","NUC",10,"O",81,450,0.18
1362,"5ekdB","NUC",10,"P",0,450,0
1362,"5ekdB","NUC",10,"S",4,450,0.00888888888888889
1363,"5eomB","NUC",10,"C",234,375,0.624
1363,"5eomB","NUC",10,"N",71,375,0.189333333333333
1363,"5eomB","NUC",10,"O",68,375,0.181333333333333
1363,"5eomB","NUC",10,"P",0,375,0
1363,"5eomB","NUC",10,"S",2,375,0.00533333333333333
1364,"5ep4A","NUC",10,"C",233,375,0.621333333333333
1364,"5ep4A","NUC",10,"N",67,375,0.178666666666667
1364,"5ep4A","NUC",10,"O",71,375,0.189333333333333
1364,"5ep4A","NUC",10,"P",0,375,0
1364,"5ep4A","NUC",10,"S",4,375,0.0106666666666667
1365,"5epvA","NUC",10,"C",268,422,0.635071090047393
1365,"5epvA","NUC",10,"N",79,422,0.187203791469194
1365,"5epvA","NUC",10,"O",74,422,0.175355450236967
1365,"5epvA","NUC",10,"P",0,422,0
1365,"5epvA","NUC",10,"S",1,422,0.0023696682464455
1366,"5eq6A","NUC",10,"C",274,434,0.631336405529954
1366,"5eq6A","NUC",10,"N",72,434,0.165898617511521
1366,"5eq6A","NUC",10,"O",87,434,0.200460829493088
1366,"5eq6A","NUC",10,"P",0,434,0
1366,"5eq6A","NUC",10,"S",1,434,0.00230414746543779
1367,"5eqtA","NUC",10,"C",229,365,0.627397260273973
1367,"5eqtA","NUC",10,"N",69,365,0.189041095890411
1367,"5eqtA","NUC",10,"O",65,365,0.178082191780822
1367,"5eqtA","NUC",10,"P",0,365,0
1367,"5eqtA","NUC",10,"S",2,365,0.00547945205479452
1368,"5errA","NUC",10,"C",211,338,0.624260355029586
1368,"5errA","NUC",10,"N",57,338,0.168639053254438
1368,"5errA","NUC",10,"O",69,338,0.20414201183432
1368,"5errA","NUC",10,"P",0,338,0
1368,"5errA","NUC",10,"S",1,338,0.0029585798816568
1369,"5exsA","NUC",10,"C",254,416,0.610576923076923
1369,"5exsA","NUC",10,"N",85,416,0.204326923076923
1369,"5exsA","NUC",10,"O",75,416,0.180288461538462
1369,"5exsA","NUC",10,"P",0,416,0
1369,"5exsA","NUC",10,"S",2,416,0.00480769230769231
1370,"5ey1B","NUC",10,"C",201,317,0.634069400630915
1370,"5ey1B","NUC",10,"N",58,317,0.182965299684543
1370,"5ey1B","NUC",10,"O",57,317,0.17981072555205
1370,"5ey1B","NUC",10,"P",0,317,0
1370,"5ey1B","NUC",10,"S",1,317,0.00315457413249211
1371,"5f0zA","NUC",10,"C",245,393,0.623409669211196
1371,"5f0zA","NUC",10,"N",70,393,0.178117048346056
1371,"5f0zA","NUC",10,"O",76,393,0.193384223918575
1371,"5f0zA","NUC",10,"P",0,393,0
1371,"5f0zA","NUC",10,"S",2,393,0.00508905852417303
1372,"5f1cB","NUC",10,"C",159,228,0.697368421052632
1372,"5f1cB","NUC",10,"N",34,228,0.149122807017544
1372,"5f1cB","NUC",10,"O",33,228,0.144736842105263
1372,"5f1cB","NUC",10,"P",0,228,0
1372,"5f1cB","NUC",10,"S",2,228,0.0087719298245614
1373,"5f1fA","NUC",10,"C",218,346,0.630057803468208
1373,"5f1fA","NUC",10,"N",59,346,0.170520231213873
1373,"5f1fA","NUC",10,"O",68,346,0.196531791907514
1373,"5f1fA","NUC",10,"P",0,346,0
1373,"5f1fA","NUC",10,"S",1,346,0.00289017341040462
1374,"5f1gA","NUC",10,"C",190,310,0.612903225806452
1374,"5f1gA","NUC",10,"N",57,310,0.183870967741935
1374,"5f1gA","NUC",10,"O",63,310,0.203225806451613
1374,"5f1gA","NUC",10,"P",0,310,0
1374,"5f1gA","NUC",10,"S",0,310,0
1375,"5f9zB","NUC",10,"C",285,439,0.649202733485194
1375,"5f9zB","NUC",10,"N",75,439,0.170842824601367
1375,"5f9zB","NUC",10,"O",79,439,0.17995444191344
1375,"5f9zB","NUC",10,"P",0,439,0
1375,"5f9zB","NUC",10,"S",0,439,0
1376,"5fbsA","NUC",10,"C",268,422,0.635071090047393
1376,"5fbsA","NUC",10,"N",74,422,0.175355450236967
1376,"5fbsA","NUC",10,"O",77,422,0.182464454976303
1376,"5fbsA","NUC",10,"P",0,422,0
1376,"5fbsA","NUC",10,"S",3,422,0.00710900473933649
1377,"5fg3A","NUC",10,"C",184,297,0.61952861952862
1377,"5fg3A","NUC",10,"N",58,297,0.195286195286195
1377,"5fg3A","NUC",10,"O",54,297,0.181818181818182
1377,"5fg3A","NUC",10,"P",0,297,0
1377,"5fg3A","NUC",10,"S",1,297,0.00336700336700337
1378,"5fg8A","NUC",10,"C",264,408,0.647058823529412
1378,"5fg8A","NUC",10,"N",66,408,0.161764705882353
1378,"5fg8A","NUC",10,"O",76,408,0.186274509803922
1378,"5fg8A","NUC",10,"P",0,408,0
1378,"5fg8A","NUC",10,"S",2,408,0.00490196078431373
1379,"5fhhA","NUC",10,"C",235,389,0.604113110539846
1379,"5fhhA","NUC",10,"N",78,389,0.200514138817481
1379,"5fhhA","NUC",10,"O",74,389,0.190231362467866
1379,"5fhhA","NUC",10,"P",0,389,0
1379,"5fhhA","NUC",10,"S",2,389,0.0051413881748072
1380,"5fmqA","NUC",10,"C",277,439,0.630979498861048
1380,"5fmqA","NUC",10,"N",86,439,0.195899772209567
1380,"5fmqA","NUC",10,"O",74,439,0.168564920273349
1380,"5fmqA","NUC",10,"P",0,439,0
1380,"5fmqA","NUC",10,"S",2,439,0.00455580865603645
1381,"5foeB","NUC",10,"C",312,481,0.648648648648649
1381,"5foeB","NUC",10,"N",87,481,0.180873180873181
1381,"5foeB","NUC",10,"O",80,481,0.166320166320166
1381,"5foeB","NUC",10,"P",0,481,0
1381,"5foeB","NUC",10,"S",2,481,0.00415800415800416
1382,"5fsxA","NUC",10,"C",208,336,0.619047619047619
1382,"5fsxA","NUC",10,"N",59,336,0.175595238095238
1382,"5fsxA","NUC",10,"O",65,336,0.193452380952381
1382,"5fsxA","NUC",10,"P",0,336,0
1382,"5fsxA","NUC",10,"S",4,336,0.0119047619047619
1383,"5ftbA","NUC",10,"C",249,396,0.628787878787879
1383,"5ftbA","NUC",10,"N",71,396,0.179292929292929
1383,"5ftbA","NUC",10,"O",74,396,0.186868686868687
1383,"5ftbA","NUC",10,"P",0,396,0
1383,"5ftbA","NUC",10,"S",2,396,0.00505050505050505
1384,"5ftnA","NUC",10,"C",217,351,0.618233618233618
1384,"5ftnA","NUC",10,"N",65,351,0.185185185185185
1384,"5ftnA","NUC",10,"O",67,351,0.190883190883191
1384,"5ftnA","NUC",10,"P",0,351,0
1384,"5ftnA","NUC",10,"S",2,351,0.0056980056980057
1385,"5fv0A","NUC",10,"C",229,364,0.629120879120879
1385,"5fv0A","NUC",10,"N",60,364,0.164835164835165
1385,"5fv0A","NUC",10,"O",73,364,0.200549450549451
1385,"5fv0A","NUC",10,"P",0,364,0
1385,"5fv0A","NUC",10,"S",2,364,0.0054945054945055
1386,"5fwmA","NUC",10,"C",325,502,0.647410358565737
1386,"5fwmA","NUC",10,"N",82,502,0.163346613545817
1386,"5fwmA","NUC",10,"O",92,502,0.183266932270916
1386,"5fwmA","NUC",10,"P",0,502,0
1386,"5fwmA","NUC",10,"S",3,502,0.00597609561752988
1387,"5g3yA","NUC",10,"C",304,477,0.637316561844864
1387,"5g3yA","NUC",10,"N",83,477,0.174004192872117
1387,"5g3yA","NUC",10,"O",88,477,0.184486373165618
1387,"5g3yA","NUC",10,"P",0,477,0
1387,"5g3yA","NUC",10,"S",2,477,0.00419287211740042
1388,"5g5xA","NUC",10,"C",171,261,0.655172413793103
1388,"5g5xA","NUC",10,"N",44,261,0.168582375478927
1388,"5g5xA","NUC",10,"O",43,261,0.164750957854406
1388,"5g5xA","NUC",10,"P",0,261,0
1388,"5g5xA","NUC",10,"S",3,261,0.0114942528735632
1389,"5gg6B","NUC",10,"C",220,348,0.632183908045977
1389,"5gg6B","NUC",10,"N",65,348,0.186781609195402
1389,"5gg6B","NUC",10,"O",63,348,0.181034482758621
1389,"5gg6B","NUC",10,"P",0,348,0
1389,"5gg6B","NUC",10,"S",0,348,0
1390,"5ghiA","NUC",10,"C",305,462,0.66017316017316
1390,"5ghiA","NUC",10,"N",77,462,0.166666666666667
1390,"5ghiA","NUC",10,"O",77,462,0.166666666666667
1390,"5ghiA","NUC",10,"P",0,462,0
1390,"5ghiA","NUC",10,"S",3,462,0.00649350649350649
1391,"5gmdA","NUC",10,"C",274,448,0.611607142857143
1391,"5gmdA","NUC",10,"N",78,448,0.174107142857143
1391,"5gmdA","NUC",10,"O",93,448,0.207589285714286
1391,"5gmdA","NUC",10,"P",0,448,0
1391,"5gmdA","NUC",10,"S",3,448,0.00669642857142857
1392,"5goeA","NUC",10,"C",225,363,0.619834710743802
1392,"5goeA","NUC",10,"N",66,363,0.181818181818182
1392,"5goeA","NUC",10,"O",72,363,0.198347107438017
1392,"5goeA","NUC",10,"P",0,363,0
1392,"5goeA","NUC",10,"S",0,363,0
1393,"5gomA","NUC",10,"C",240,385,0.623376623376623
1393,"5gomA","NUC",10,"N",71,385,0.184415584415584
1393,"5gomA","NUC",10,"O",74,385,0.192207792207792
1393,"5gomA","NUC",10,"P",0,385,0
1393,"5gomA","NUC",10,"S",0,385,0
1394,"5grbB","NUC",10,"C",151,240,0.629166666666667
1394,"5grbB","NUC",10,"N",43,240,0.179166666666667
1394,"5grbB","NUC",10,"O",46,240,0.191666666666667
1394,"5grbB","NUC",10,"P",0,240,0
1394,"5grbB","NUC",10,"S",0,240,0
1395,"5grfB","NUC",10,"C",182,303,0.600660066006601
1395,"5grfB","NUC",10,"N",56,303,0.184818481848185
1395,"5grfB","NUC",10,"O",65,303,0.214521452145215
1395,"5grfB","NUC",10,"P",0,303,0
1395,"5grfB","NUC",10,"S",0,303,0
1396,"5gufA","NUC",10,"C",227,377,0.602122015915119
1396,"5gufA","NUC",10,"N",76,377,0.20159151193634
1396,"5gufA","NUC",10,"O",73,377,0.193633952254642
1396,"5gufA","NUC",10,"P",0,377,0
1396,"5gufA","NUC",10,"S",1,377,0.0026525198938992
1397,"5gyzA","NUC",10,"C",209,329,0.635258358662614
1397,"5gyzA","NUC",10,"N",55,329,0.167173252279635
1397,"5gyzA","NUC",10,"O",64,329,0.194528875379939
1397,"5gyzA","NUC",10,"P",0,329,0
1397,"5gyzA","NUC",10,"S",1,329,0.00303951367781155
1398,"5gz9A","NUC",10,"C",269,440,0.611363636363636
1398,"5gz9A","NUC",10,"N",81,440,0.184090909090909
1398,"5gz9A","NUC",10,"O",87,440,0.197727272727273
1398,"5gz9A","NUC",10,"P",0,440,0
1398,"5gz9A","NUC",10,"S",3,440,0.00681818181818182
1399,"5gzaA","NUC",10,"C",278,428,0.649532710280374
1399,"5gzaA","NUC",10,"N",68,428,0.158878504672897
1399,"5gzaA","NUC",10,"O",81,428,0.189252336448598
1399,"5gzaA","NUC",10,"P",0,428,0
1399,"5gzaA","NUC",10,"S",1,428,0.00233644859813084
1400,"5h3tD","NUC",10,"C",223,366,0.609289617486339
1400,"5h3tD","NUC",10,"N",64,366,0.174863387978142
1400,"5h3tD","NUC",10,"O",77,366,0.210382513661202
1400,"5h3tD","NUC",10,"P",0,366,0
1400,"5h3tD","NUC",10,"S",2,366,0.00546448087431694
1401,"5h67A","NUC",10,"C",171,278,0.615107913669065
1401,"5h67A","NUC",10,"N",52,278,0.18705035971223
1401,"5h67A","NUC",10,"O",54,278,0.194244604316547
1401,"5h67A","NUC",10,"P",0,278,0
1401,"5h67A","NUC",10,"S",1,278,0.00359712230215827
1402,"5h68A","NUC",10,"C",235,380,0.618421052631579
1402,"5h68A","NUC",10,"N",72,380,0.189473684210526
1402,"5h68A","NUC",10,"O",72,380,0.189473684210526
1402,"5h68A","NUC",10,"P",0,380,0
1402,"5h68A","NUC",10,"S",1,380,0.00263157894736842
1403,"5h70A","NUC",10,"C",203,325,0.624615384615385
1403,"5h70A","NUC",10,"N",57,325,0.175384615384615
1403,"5h70A","NUC",10,"O",65,325,0.2
1403,"5h70A","NUC",10,"P",0,325,0
1403,"5h70A","NUC",10,"S",0,325,0
1404,"5hkkK","NUC",10,"C",198,321,0.616822429906542
1404,"5hkkK","NUC",10,"N",59,321,0.18380062305296
1404,"5hkkK","NUC",10,"O",64,321,0.199376947040498
1404,"5hkkK","NUC",10,"P",0,321,0
1404,"5hkkK","NUC",10,"S",0,321,0
1405,"5hnvA","NUC",10,"C",211,337,0.626112759643917
1405,"5hnvA","NUC",10,"N",57,337,0.169139465875371
1405,"5hnvA","NUC",10,"O",68,337,0.201780415430267
1405,"5hnvA","NUC",10,"P",0,337,0
1405,"5hnvA","NUC",10,"S",1,337,0.0029673590504451
1406,"5hrfA","NUC",10,"C",209,332,0.629518072289157
1406,"5hrfA","NUC",10,"N",61,332,0.183734939759036
1406,"5hrfA","NUC",10,"O",60,332,0.180722891566265
1406,"5hrfA","NUC",10,"P",0,332,0
1406,"5hrfA","NUC",10,"S",2,332,0.00602409638554217
1407,"5hs2A","NUC",10,"C",234,368,0.635869565217391
1407,"5hs2A","NUC",10,"N",69,368,0.1875
1407,"5hs2A","NUC",10,"O",64,368,0.173913043478261
1407,"5hs2A","NUC",10,"P",0,368,0
1407,"5hs2A","NUC",10,"S",1,368,0.00271739130434783
1408,"5htvA","NUC",10,"C",204,329,0.620060790273556
1408,"5htvA","NUC",10,"N",56,329,0.170212765957447
1408,"5htvA","NUC",10,"O",69,329,0.209726443768997
1408,"5htvA","NUC",10,"P",0,329,0
1408,"5htvA","NUC",10,"S",0,329,0
1409,"5huxA","NUC",10,"C",183,292,0.626712328767123
1409,"5huxA","NUC",10,"N",49,292,0.167808219178082
1409,"5huxA","NUC",10,"O",60,292,0.205479452054795
1409,"5huxA","NUC",10,"P",0,292,0
1409,"5huxA","NUC",10,"S",0,292,0
1410,"5hvkA","NUC",10,"C",249,384,0.6484375
1410,"5hvkA","NUC",10,"N",67,384,0.174479166666667
1410,"5hvkA","NUC",10,"O",66,384,0.171875
1410,"5hvkA","NUC",10,"P",0,384,0
1410,"5hvkA","NUC",10,"S",2,384,0.00520833333333333
1411,"5hzhA","NUC",10,"C",249,382,0.651832460732984
1411,"5hzhA","NUC",10,"N",61,382,0.159685863874346
1411,"5hzhA","NUC",10,"O",69,382,0.180628272251309
1411,"5hzhA","NUC",10,"P",0,382,0
1411,"5hzhA","NUC",10,"S",3,382,0.00785340314136126
1412,"5i0iB","NUC",10,"C",259,415,0.624096385542169
1412,"5i0iB","NUC",10,"N",74,415,0.178313253012048
1412,"5i0iB","NUC",10,"O",81,415,0.195180722891566
1412,"5i0iB","NUC",10,"P",0,415,0
1412,"5i0iB","NUC",10,"S",1,415,0.00240963855421687
1413,"5i0nA","NUC",10,"C",159,235,0.676595744680851
1413,"5i0nA","NUC",10,"N",41,235,0.174468085106383
1413,"5i0nA","NUC",10,"O",34,235,0.14468085106383
1413,"5i0nA","NUC",10,"P",0,235,0
1413,"5i0nA","NUC",10,"S",1,235,0.00425531914893617
1414,"5i9eA","NUC",10,"C",303,494,0.61336032388664
1414,"5i9eA","NUC",10,"N",90,494,0.182186234817814
1414,"5i9eA","NUC",10,"O",99,494,0.200404858299595
1414,"5i9eA","NUC",10,"P",0,494,0
1414,"5i9eA","NUC",10,"S",2,494,0.00404858299595142
1415,"5i9wA","NUC",10,"C",217,347,0.62536023054755
1415,"5i9wA","NUC",10,"N",61,347,0.175792507204611
1415,"5i9wA","NUC",10,"O",67,347,0.193083573487032
1415,"5i9wA","NUC",10,"P",0,347,0
1415,"5i9wA","NUC",10,"S",2,347,0.00576368876080692
1416,"5idjA","NUC",10,"C",241,379,0.635883905013193
1416,"5idjA","NUC",10,"N",64,379,0.168865435356201
1416,"5idjA","NUC",10,"O",73,379,0.192612137203166
1416,"5idjA","NUC",10,"P",0,379,0
1416,"5idjA","NUC",10,"S",1,379,0.00263852242744063
1417,"5idoA","NUC",10,"C",232,373,0.621983914209115
1417,"5idoA","NUC",10,"N",64,373,0.171581769436997
1417,"5idoA","NUC",10,"O",76,373,0.203753351206434
1417,"5idoA","NUC",10,"P",0,373,0
1417,"5idoA","NUC",10,"S",1,373,0.00268096514745308
1418,"5if9A","NUC",10,"C",212,342,0.619883040935672
1418,"5if9A","NUC",10,"N",58,342,0.169590643274854
1418,"5if9A","NUC",10,"O",70,342,0.204678362573099
1418,"5if9A","NUC",10,"P",0,342,0
1418,"5if9A","NUC",10,"S",2,342,0.00584795321637427
1419,"5ifwB","NUC",10,"C",220,348,0.632183908045977
1419,"5ifwB","NUC",10,"N",58,348,0.166666666666667
1419,"5ifwB","NUC",10,"O",68,348,0.195402298850575
1419,"5ifwB","NUC",10,"P",0,348,0
1419,"5ifwB","NUC",10,"S",2,348,0.00574712643678161
1420,"5ih0A","NUC",10,"C",230,370,0.621621621621622
1420,"5ih0A","NUC",10,"N",67,370,0.181081081081081
1420,"5ih0A","NUC",10,"O",71,370,0.191891891891892
1420,"5ih0A","NUC",10,"P",0,370,0
1420,"5ih0A","NUC",10,"S",2,370,0.00540540540540541
1421,"5ik2E","NUC",10,"C",203,314,0.646496815286624
1421,"5ik2E","NUC",10,"N",51,314,0.162420382165605
1421,"5ik2E","NUC",10,"O",58,314,0.184713375796178
1421,"5ik2E","NUC",10,"P",0,314,0
1421,"5ik2E","NUC",10,"S",2,314,0.00636942675159236
1422,"5im3B","NUC",10,"C",212,324,0.654320987654321
1422,"5im3B","NUC",10,"N",55,324,0.169753086419753
1422,"5im3B","NUC",10,"O",57,324,0.175925925925926
1422,"5im3B","NUC",10,"P",0,324,0
1422,"5im3B","NUC",10,"S",0,324,0
1423,"5in4B","NUC",10,"C",284,446,0.63677130044843
1423,"5in4B","NUC",10,"N",80,446,0.179372197309417
1423,"5in4B","NUC",10,"O",81,446,0.181614349775785
1423,"5in4B","NUC",10,"P",0,446,0
1423,"5in4B","NUC",10,"S",1,446,0.00224215246636771
1424,"5irnA","NUC",10,"C",277,433,0.63972286374134
1424,"5irnA","NUC",10,"N",74,433,0.170900692840647
1424,"5irnA","NUC",10,"O",80,433,0.184757505773672
1424,"5irnA","NUC",10,"P",0,433,0
1424,"5irnA","NUC",10,"S",2,433,0.0046189376443418
1425,"5irrB","NUC",10,"C",244,395,0.617721518987342
1425,"5irrB","NUC",10,"N",67,395,0.169620253164557
1425,"5irrB","NUC",10,"O",83,395,0.210126582278481
1425,"5irrB","NUC",10,"P",0,395,0
1425,"5irrB","NUC",10,"S",1,395,0.00253164556962025
1426,"5it5A","NUC",10,"C",274,438,0.625570776255708
1426,"5it5A","NUC",10,"N",79,438,0.180365296803653
1426,"5it5A","NUC",10,"O",84,438,0.191780821917808
1426,"5it5A","NUC",10,"P",0,438,0
1426,"5it5A","NUC",10,"S",1,438,0.00228310502283105
1427,"5iunE","NUC",10,"C",190,307,0.618892508143323
1427,"5iunE","NUC",10,"N",51,307,0.166123778501629
1427,"5iunE","NUC",10,"O",64,307,0.208469055374593
1427,"5iunE","NUC",10,"P",0,307,0
1427,"5iunE","NUC",10,"S",2,307,0.00651465798045603
1428,"5ix2B","NUC",10,"C",297,475,0.625263157894737
1428,"5ix2B","NUC",10,"N",82,475,0.172631578947368
1428,"5ix2B","NUC",10,"O",93,475,0.19578947368421
1428,"5ix2B","NUC",10,"P",0,475,0
1428,"5ix2B","NUC",10,"S",3,475,0.00631578947368421
1429,"5iz4A","NUC",10,"C",232,386,0.601036269430052
1429,"5iz4A","NUC",10,"N",71,386,0.183937823834197
1429,"5iz4A","NUC",10,"O",80,386,0.207253886010363
1429,"5iz4A","NUC",10,"P",0,386,0
1429,"5iz4A","NUC",10,"S",3,386,0.0077720207253886
1430,"5j1jA","NUC",10,"C",239,387,0.617571059431525
1430,"5j1jA","NUC",10,"N",70,387,0.180878552971576
1430,"5j1jA","NUC",10,"O",76,387,0.196382428940568
1430,"5j1jA","NUC",10,"P",0,387,0
1430,"5j1jA","NUC",10,"S",2,387,0.00516795865633075
1431,"5j1sA","NUC",10,"C",252,397,0.634760705289673
1431,"5j1sA","NUC",10,"N",72,397,0.181360201511335
1431,"5j1sA","NUC",10,"O",70,397,0.17632241813602
1431,"5j1sA","NUC",10,"P",0,397,0
1431,"5j1sA","NUC",10,"S",3,397,0.00755667506297229
1432,"5j2mA","NUC",10,"C",240,371,0.646900269541779
1432,"5j2mA","NUC",10,"N",65,371,0.175202156334232
1432,"5j2mA","NUC",10,"O",63,371,0.169811320754717
1432,"5j2mA","NUC",10,"P",0,371,0
1432,"5j2mA","NUC",10,"S",3,371,0.00808625336927224
1433,"5j5cA","NUC",10,"C",257,407,0.631449631449631
1433,"5j5cA","NUC",10,"N",73,407,0.179361179361179
1433,"5j5cA","NUC",10,"O",75,407,0.184275184275184
1433,"5j5cA","NUC",10,"P",0,407,0
1433,"5j5cA","NUC",10,"S",2,407,0.00491400491400491
1434,"5j5pB","NUC",10,"C",314,494,0.635627530364372
1434,"5j5pB","NUC",10,"N",88,494,0.178137651821862
1434,"5j5pB","NUC",10,"O",91,494,0.184210526315789
1434,"5j5pB","NUC",10,"P",0,494,0
1434,"5j5pB","NUC",10,"S",1,494,0.00202429149797571
1435,"5jb2A","NUC",10,"C",230,368,0.625
1435,"5jb2A","NUC",10,"N",74,368,0.201086956521739
1435,"5jb2A","NUC",10,"O",64,368,0.173913043478261
1435,"5jb2A","NUC",10,"P",0,368,0
1435,"5jb2A","NUC",10,"S",0,368,0
1436,"5jbqA","NUC",10,"C",215,342,0.628654970760234
1436,"5jbqA","NUC",10,"N",58,342,0.169590643274854
1436,"5jbqA","NUC",10,"O",66,342,0.192982456140351
1436,"5jbqA","NUC",10,"P",0,342,0
1436,"5jbqA","NUC",10,"S",3,342,0.0087719298245614
1437,"5jc3A","NUC",10,"C",219,343,0.638483965014577
1437,"5jc3A","NUC",10,"N",62,343,0.180758017492711
1437,"5jc3A","NUC",10,"O",62,343,0.180758017492711
1437,"5jc3A","NUC",10,"P",0,343,0
1437,"5jc3A","NUC",10,"S",0,343,0
1438,"5ji3E","NUC",10,"C",246,394,0.624365482233503
1438,"5ji3E","NUC",10,"N",77,394,0.195431472081218
1438,"5ji3E","NUC",10,"O",70,394,0.177664974619289
1438,"5ji3E","NUC",10,"P",0,394,0
1438,"5ji3E","NUC",10,"S",1,394,0.00253807106598985
1439,"5jioA","NUC",10,"C",314,475,0.661052631578947
1439,"5jioA","NUC",10,"N",88,475,0.185263157894737
1439,"5jioA","NUC",10,"O",70,475,0.147368421052632
1439,"5jioA","NUC",10,"P",0,475,0
1439,"5jioA","NUC",10,"S",3,475,0.00631578947368421
1440,"5jqwA","NUC",10,"C",246,398,0.618090452261307
1440,"5jqwA","NUC",10,"N",75,398,0.188442211055276
1440,"5jqwA","NUC",10,"O",77,398,0.193467336683417
1440,"5jqwA","NUC",10,"P",0,398,0
1440,"5jqwA","NUC",10,"S",0,398,0
1441,"5jrjA","NUC",10,"C",229,352,0.650568181818182
1441,"5jrjA","NUC",10,"N",51,352,0.144886363636364
1441,"5jrjA","NUC",10,"O",72,352,0.204545454545455
1441,"5jrjA","NUC",10,"P",0,352,0
1441,"5jrjA","NUC",10,"S",0,352,0
1442,"5jwqA","NUC",10,"C",168,277,0.606498194945848
1442,"5jwqA","NUC",10,"N",49,277,0.176895306859206
1442,"5jwqA","NUC",10,"O",60,277,0.216606498194946
1442,"5jwqA","NUC",10,"P",0,277,0
1442,"5jwqA","NUC",10,"S",0,277,0
1443,"5jzjA","NUC",10,"C",252,392,0.642857142857143
1443,"5jzjA","NUC",10,"N",63,392,0.160714285714286
1443,"5jzjA","NUC",10,"O",75,392,0.191326530612245
1443,"5jzjA","NUC",10,"P",0,392,0
1443,"5jzjA","NUC",10,"S",2,392,0.00510204081632653
1444,"5jzvA","NUC",10,"C",206,331,0.622356495468278
1444,"5jzvA","NUC",10,"N",65,331,0.196374622356495
1444,"5jzvA","NUC",10,"O",60,331,0.181268882175227
1444,"5jzvA","NUC",10,"P",0,331,0
1444,"5jzvA","NUC",10,"S",0,331,0
1445,"5k1pA","NUC",10,"C",264,404,0.653465346534653
1445,"5k1pA","NUC",10,"N",66,404,0.163366336633663
1445,"5k1pA","NUC",10,"O",69,404,0.170792079207921
1445,"5k1pA","NUC",10,"P",0,404,0
1445,"5k1pA","NUC",10,"S",5,404,0.0123762376237624
1446,"5k2mB","NUC",10,"C",304,474,0.641350210970464
1446,"5k2mB","NUC",10,"N",88,474,0.185654008438819
1446,"5k2mB","NUC",10,"O",82,474,0.172995780590717
1446,"5k2mB","NUC",10,"P",0,474,0
1446,"5k2mB","NUC",10,"S",0,474,0
1447,"5k5zD","NUC",10,"C",238,378,0.62962962962963
1447,"5k5zD","NUC",10,"N",63,378,0.166666666666667
1447,"5k5zD","NUC",10,"O",77,378,0.203703703703704
1447,"5k5zD","NUC",10,"P",0,378,0
1447,"5k5zD","NUC",10,"S",0,378,0
1448,"5k7xE","NUC",10,"C",317,514,0.616731517509728
1448,"5k7xE","NUC",10,"N",97,514,0.188715953307393
1448,"5k7xE","NUC",10,"O",99,514,0.192607003891051
1448,"5k7xE","NUC",10,"P",0,514,0
1448,"5k7xE","NUC",10,"S",1,514,0.00194552529182879
1449,"5kg6A","NUC",10,"C",197,314,0.627388535031847
1449,"5kg6A","NUC",10,"N",54,314,0.171974522292994
1449,"5kg6A","NUC",10,"O",60,314,0.191082802547771
1449,"5kg6A","NUC",10,"P",0,314,0
1449,"5kg6A","NUC",10,"S",3,314,0.00955414012738853
1450,"5khwA","NUC",10,"C",268,422,0.635071090047393
1450,"5khwA","NUC",10,"N",74,422,0.175355450236967
1450,"5khwA","NUC",10,"O",79,422,0.187203791469194
1450,"5khwA","NUC",10,"P",0,422,0
1450,"5khwA","NUC",10,"S",1,422,0.0023696682464455
1451,"5kk8B","NUC",10,"C",189,299,0.632107023411371
1451,"5kk8B","NUC",10,"N",56,299,0.187290969899666
1451,"5kk8B","NUC",10,"O",52,299,0.173913043478261
1451,"5kk8B","NUC",10,"P",0,299,0
1451,"5kk8B","NUC",10,"S",2,299,0.00668896321070234
1452,"5kq5C","NUC",10,"C",286,422,0.677725118483412
1452,"5kq5C","NUC",10,"N",75,422,0.177725118483412
1452,"5kq5C","NUC",10,"O",59,422,0.139810426540284
1452,"5kq5C","NUC",10,"P",0,422,0
1452,"5kq5C","NUC",10,"S",2,422,0.004739336492891
1453,"5ksdA","NUC",10,"C",311,490,0.63469387755102
1453,"5ksdA","NUC",10,"N",83,490,0.169387755102041
1453,"5ksdA","NUC",10,"O",94,490,0.191836734693878
1453,"5ksdA","NUC",10,"P",0,490,0
1453,"5ksdA","NUC",10,"S",2,490,0.00408163265306122
1454,"5ku1A","NUC",10,"C",209,332,0.629518072289157
1454,"5ku1A","NUC",10,"N",56,332,0.168674698795181
1454,"5ku1A","NUC",10,"O",64,332,0.192771084337349
1454,"5ku1A","NUC",10,"P",0,332,0
1454,"5ku1A","NUC",10,"S",3,332,0.00903614457831325
1455,"5kutA","NUC",10,"C",167,272,0.613970588235294
1455,"5kutA","NUC",10,"N",47,272,0.172794117647059
1455,"5kutA","NUC",10,"O",55,272,0.202205882352941
1455,"5kutA","NUC",10,"P",0,272,0
1455,"5kutA","NUC",10,"S",3,272,0.0110294117647059
1456,"5kwaB","NUC",10,"C",227,372,0.610215053763441
1456,"5kwaB","NUC",10,"N",69,372,0.185483870967742
1456,"5kwaB","NUC",10,"O",75,372,0.201612903225806
1456,"5kwaB","NUC",10,"P",0,372,0
1456,"5kwaB","NUC",10,"S",1,372,0.00268817204301075
1457,"5kwkB","NUC",10,"C",269,423,0.635933806146572
1457,"5kwkB","NUC",10,"N",76,423,0.179669030732861
1457,"5kwkB","NUC",10,"O",77,423,0.182033096926714
1457,"5kwkB","NUC",10,"P",0,423,0
1457,"5kwkB","NUC",10,"S",1,423,0.00236406619385343
1458,"5kwvA","NUC",10,"C",283,439,0.644646924829157
1458,"5kwvA","NUC",10,"N",82,439,0.186788154897494
1458,"5kwvA","NUC",10,"O",71,439,0.161731207289294
1458,"5kwvA","NUC",10,"P",0,439,0
1458,"5kwvA","NUC",10,"S",3,439,0.00683371298405467
1459,"5kxqC","NUC",10,"C",273,419,0.651551312649165
1459,"5kxqC","NUC",10,"N",71,419,0.16945107398568
1459,"5kxqC","NUC",10,"O",72,419,0.171837708830549
1459,"5kxqC","NUC",10,"P",0,419,0
1459,"5kxqC","NUC",10,"S",3,419,0.0071599045346062
1460,"5ky2A","NUC",10,"C",293,453,0.646799116997792
1460,"5ky2A","NUC",10,"N",81,453,0.178807947019868
1460,"5ky2A","NUC",10,"O",75,453,0.165562913907285
1460,"5ky2A","NUC",10,"P",0,453,0
1460,"5ky2A","NUC",10,"S",4,453,0.00883002207505519
1461,"5l22B","NUC",10,"C",167,265,0.630188679245283
1461,"5l22B","NUC",10,"N",48,265,0.181132075471698
1461,"5l22B","NUC",10,"O",49,265,0.184905660377358
1461,"5l22B","NUC",10,"P",0,265,0
1461,"5l22B","NUC",10,"S",1,265,0.00377358490566038
1462,"5l2xA","NUC",10,"C",226,368,0.614130434782609
1462,"5l2xA","NUC",10,"N",70,368,0.190217391304348
1462,"5l2xA","NUC",10,"O",72,368,0.195652173913043
1462,"5l2xA","NUC",10,"P",0,368,0
1462,"5l2xA","NUC",10,"S",0,368,0
1463,"5l3wA","NUC",10,"C",209,339,0.616519174041298
1463,"5l3wA","NUC",10,"N",64,339,0.188790560471976
1463,"5l3wA","NUC",10,"O",65,339,0.191740412979351
1463,"5l3wA","NUC",10,"P",0,339,0
1463,"5l3wA","NUC",10,"S",1,339,0.00294985250737463
1464,"5l9nA","NUC",10,"C",145,212,0.683962264150943
1464,"5l9nA","NUC",10,"N",33,212,0.155660377358491
1464,"5l9nA","NUC",10,"O",34,212,0.160377358490566
1464,"5l9nA","NUC",10,"P",0,212,0
1464,"5l9nA","NUC",10,"S",0,212,0
1465,"5l9qA","NUC",10,"C",231,358,0.645251396648045
1465,"5l9qA","NUC",10,"N",59,358,0.164804469273743
1465,"5l9qA","NUC",10,"O",67,358,0.187150837988827
1465,"5l9qA","NUC",10,"P",0,358,0
1465,"5l9qA","NUC",10,"S",1,358,0.00279329608938547
1466,"5lb5B","NUC",10,"C",186,287,0.64808362369338
1466,"5lb5B","NUC",10,"N",43,287,0.149825783972125
1466,"5lb5B","NUC",10,"O",56,287,0.195121951219512
1466,"5lb5B","NUC",10,"P",0,287,0
1466,"5lb5B","NUC",10,"S",2,287,0.00696864111498258
1467,"5ld1D","NUC",10,"C",88,144,0.611111111111111
1467,"5ld1D","NUC",10,"N",24,144,0.166666666666667
1467,"5ld1D","NUC",10,"O",32,144,0.222222222222222
1467,"5ld1D","NUC",10,"P",0,144,0
1467,"5ld1D","NUC",10,"S",0,144,0
1468,"5ldkB","NUC",10,"C",210,327,0.642201834862385
1468,"5ldkB","NUC",10,"N",64,327,0.195718654434251
1468,"5ldkB","NUC",10,"O",53,327,0.162079510703364
1468,"5ldkB","NUC",10,"P",0,327,0
1468,"5ldkB","NUC",10,"S",0,327,0
1469,"5li9A","NUC",10,"C",288,441,0.653061224489796
1469,"5li9A","NUC",10,"N",71,441,0.160997732426304
1469,"5li9A","NUC",10,"O",81,441,0.183673469387755
1469,"5li9A","NUC",10,"P",0,441,0
1469,"5li9A","NUC",10,"S",1,441,0.00226757369614512
1470,"5ljwA","NUC",10,"C",247,405,0.609876543209876
1470,"5ljwA","NUC",10,"N",69,405,0.17037037037037
1470,"5ljwA","NUC",10,"O",87,405,0.214814814814815
1470,"5ljwA","NUC",10,"P",0,405,0
1470,"5ljwA","NUC",10,"S",2,405,0.00493827160493827
1471,"5lrtA","NUC",10,"C",311,497,0.625754527162978
1471,"5lrtA","NUC",10,"N",90,497,0.181086519114688
1471,"5lrtA","NUC",10,"O",93,497,0.187122736418511
1471,"5lrtA","NUC",10,"P",0,497,0
1471,"5lrtA","NUC",10,"S",3,497,0.00603621730382294
1472,"5lxtF","NUC",10,"C",313,483,0.648033126293996
1472,"5lxtF","NUC",10,"N",88,483,0.182194616977226
1472,"5lxtF","NUC",10,"O",80,483,0.165631469979296
1472,"5lxtF","NUC",10,"P",0,483,0
1472,"5lxtF","NUC",10,"S",2,483,0.0041407867494824
1473,"5m04A","NUC",10,"C",168,267,0.629213483146067
1473,"5m04A","NUC",10,"N",48,267,0.179775280898876
1473,"5m04A","NUC",10,"O",49,267,0.183520599250936
1473,"5m04A","NUC",10,"P",0,267,0
1473,"5m04A","NUC",10,"S",2,267,0.00749063670411985
1474,"5m06B","NUC",10,"C",203,328,0.61890243902439
1474,"5m06B","NUC",10,"N",56,328,0.170731707317073
1474,"5m06B","NUC",10,"O",65,328,0.198170731707317
1474,"5m06B","NUC",10,"P",0,328,0
1474,"5m06B","NUC",10,"S",4,328,0.0121951219512195
1475,"5m7gF","NUC",10,"C",319,497,0.641851106639839
1475,"5m7gF","NUC",10,"N",92,497,0.185110663983903
1475,"5m7gF","NUC",10,"O",83,497,0.167002012072435
1475,"5m7gF","NUC",10,"P",0,497,0
1475,"5m7gF","NUC",10,"S",3,497,0.00603621730382294
1476,"5m7nA","NUC",10,"C",246,397,0.619647355163728
1476,"5m7nA","NUC",10,"N",77,397,0.193954659949622
1476,"5m7nA","NUC",10,"O",73,397,0.183879093198992
1476,"5m7nA","NUC",10,"P",0,397,0
1476,"5m7nA","NUC",10,"S",1,397,0.00251889168765743
1477,"5mb9B","NUC",10,"C",309,507,0.609467455621302
1477,"5mb9B","NUC",10,"N",96,507,0.189349112426035
1477,"5mb9B","NUC",10,"O",102,507,0.201183431952663
1477,"5mb9B","NUC",10,"P",0,507,0
1477,"5mb9B","NUC",10,"S",0,507,0
1478,"5mcpE","NUC",10,"C",166,256,0.6484375
1478,"5mcpE","NUC",10,"N",45,256,0.17578125
1478,"5mcpE","NUC",10,"O",43,256,0.16796875
1478,"5mcpE","NUC",10,"P",0,256,0
1478,"5mcpE","NUC",10,"S",2,256,0.0078125
1479,"5mcpH","NUC",10,"C",133,204,0.651960784313726
1479,"5mcpH","NUC",10,"N",35,204,0.17156862745098
1479,"5mcpH","NUC",10,"O",34,204,0.166666666666667
1479,"5mcpH","NUC",10,"P",0,204,0
1479,"5mcpH","NUC",10,"S",2,204,0.00980392156862745
1480,"5me6A","NUC",10,"C",166,269,0.617100371747212
1480,"5me6A","NUC",10,"N",51,269,0.189591078066914
1480,"5me6A","NUC",10,"O",50,269,0.185873605947955
1480,"5me6A","NUC",10,"P",0,269,0
1480,"5me6A","NUC",10,"S",2,269,0.00743494423791822
1481,"5mioC","NUC",10,"C",250,432,0.578703703703704
1481,"5mioC","NUC",10,"N",84,432,0.194444444444444
1481,"5mioC","NUC",10,"O",97,432,0.224537037037037
1481,"5mioC","NUC",10,"P",0,432,0
1481,"5mioC","NUC",10,"S",1,432,0.00231481481481481
1482,"5mlzA","NUC",10,"C",257,412,0.62378640776699
1482,"5mlzA","NUC",10,"N",78,412,0.189320388349515
1482,"5mlzA","NUC",10,"O",76,412,0.184466019417476
1482,"5mlzA","NUC",10,"P",0,412,0
1482,"5mlzA","NUC",10,"S",1,412,0.00242718446601942
1483,"5mtvA","NUC",10,"C",269,413,0.651331719128329
1483,"5mtvA","NUC",10,"N",71,413,0.171912832929782
1483,"5mtvA","NUC",10,"O",72,413,0.174334140435835
1483,"5mtvA","NUC",10,"P",0,413,0
1483,"5mtvA","NUC",10,"S",1,413,0.00242130750605327
1484,"5mvrA","NUC",10,"C",192,302,0.635761589403974
1484,"5mvrA","NUC",10,"N",54,302,0.178807947019868
1484,"5mvrA","NUC",10,"O",56,302,0.185430463576159
1484,"5mvrA","NUC",10,"P",0,302,0
1484,"5mvrA","NUC",10,"S",0,302,0
1485,"5mwlA","NUC",10,"C",280,455,0.615384615384615
1485,"5mwlA","NUC",10,"N",86,455,0.189010989010989
1485,"5mwlA","NUC",10,"O",83,455,0.182417582417582
1485,"5mwlA","NUC",10,"P",0,455,0
1485,"5mwlA","NUC",10,"S",6,455,0.0131868131868132
1486,"5mznA","NUC",10,"C",191,309,0.618122977346278
1486,"5mznA","NUC",10,"N",57,309,0.184466019417476
1486,"5mznA","NUC",10,"O",60,309,0.194174757281553
1486,"5mznA","NUC",10,"P",0,309,0
1486,"5mznA","NUC",10,"S",1,309,0.00323624595469256
1487,"5n9xA","NUC",10,"C",319,492,0.648373983739837
1487,"5n9xA","NUC",10,"N",81,492,0.164634146341463
1487,"5n9xA","NUC",10,"O",91,492,0.184959349593496
1487,"5n9xA","NUC",10,"P",0,492,0
1487,"5n9xA","NUC",10,"S",1,492,0.00203252032520325
1488,"5ng0B","NUC",10,"C",248,397,0.624685138539043
1488,"5ng0B","NUC",10,"N",71,397,0.178841309823678
1488,"5ng0B","NUC",10,"O",77,397,0.193954659949622
1488,"5ng0B","NUC",10,"P",0,397,0
1488,"5ng0B","NUC",10,"S",1,397,0.00251889168765743
1489,"5o8iB","NUC",10,"C",200,304,0.657894736842105
1489,"5o8iB","NUC",10,"N",53,304,0.174342105263158
1489,"5o8iB","NUC",10,"O",51,304,0.167763157894737
1489,"5o8iB","NUC",10,"P",0,304,0
1489,"5o8iB","NUC",10,"S",0,304,0
1490,"5oeaB","NUC",10,"C",258,398,0.648241206030151
1490,"5oeaB","NUC",10,"N",67,398,0.168341708542714
1490,"5oeaB","NUC",10,"O",67,398,0.168341708542714
1490,"5oeaB","NUC",10,"P",0,398,0
1490,"5oeaB","NUC",10,"S",6,398,0.0150753768844221
1491,"5ofoA","NUC",10,"C",227,374,0.606951871657754
1491,"5ofoA","NUC",10,"N",79,374,0.211229946524064
1491,"5ofoA","NUC",10,"O",66,374,0.176470588235294
1491,"5ofoA","NUC",10,"P",0,374,0
1491,"5ofoA","NUC",10,"S",2,374,0.0053475935828877
1492,"5ofrB","NUC",10,"C",187,287,0.651567944250871
1492,"5ofrB","NUC",10,"N",45,287,0.156794425087108
1492,"5ofrB","NUC",10,"O",55,287,0.191637630662021
1492,"5ofrB","NUC",10,"P",0,287,0
1492,"5ofrB","NUC",10,"S",0,287,0
1493,"5oopA","NUC",10,"C",244,382,0.638743455497382
1493,"5oopA","NUC",10,"N",64,382,0.167539267015707
1493,"5oopA","NUC",10,"O",73,382,0.191099476439791
1493,"5oopA","NUC",10,"P",0,382,0
1493,"5oopA","NUC",10,"S",1,382,0.00261780104712042
1494,"5ovoA","NUC",10,"C",189,311,0.607717041800643
1494,"5ovoA","NUC",10,"N",54,311,0.173633440514469
1494,"5ovoA","NUC",10,"O",65,311,0.209003215434084
1494,"5ovoA","NUC",10,"P",0,311,0
1494,"5ovoA","NUC",10,"S",3,311,0.00964630225080386
1495,"5supB","NUC",10,"C",265,407,0.651105651105651
1495,"5supB","NUC",10,"N",70,407,0.171990171990172
1495,"5supB","NUC",10,"O",70,407,0.171990171990172
1495,"5supB","NUC",10,"P",0,407,0
1495,"5supB","NUC",10,"S",2,407,0.00491400491400491
1496,"5svmA","NUC",10,"C",121,195,0.62051282051282
1496,"5svmA","NUC",10,"N",32,195,0.164102564102564
1496,"5svmA","NUC",10,"O",42,195,0.215384615384615
1496,"5svmA","NUC",10,"P",0,195,0
1496,"5svmA","NUC",10,"S",0,195,0
1497,"5t48A","NUC",10,"C",199,326,0.610429447852761
1497,"5t48A","NUC",10,"N",67,326,0.205521472392638
1497,"5t48A","NUC",10,"O",57,326,0.174846625766871
1497,"5t48A","NUC",10,"P",0,326,0
1497,"5t48A","NUC",10,"S",3,326,0.00920245398773006
1498,"5tb8A","NUC",10,"C",217,356,0.609550561797753
1498,"5tb8A","NUC",10,"N",69,356,0.193820224719101
1498,"5tb8A","NUC",10,"O",67,356,0.188202247191011
1498,"5tb8A","NUC",10,"P",0,356,0
1498,"5tb8A","NUC",10,"S",3,356,0.00842696629213483
1499,"5tefA","NUC",10,"C",227,370,0.613513513513513
1499,"5tefA","NUC",10,"N",65,370,0.175675675675676
1499,"5tefA","NUC",10,"O",76,370,0.205405405405405
1499,"5tefA","NUC",10,"P",0,370,0
1499,"5tefA","NUC",10,"S",2,370,0.00540540540540541
1500,"5tgcD","NUC",10,"C",283,472,0.599576271186441
1500,"5tgcD","NUC",10,"N",88,472,0.186440677966102
1500,"5tgcD","NUC",10,"O",99,472,0.209745762711864
1500,"5tgcD","NUC",10,"P",0,472,0
1500,"5tgcD","NUC",10,"S",2,472,0.00423728813559322
1501,"5tjrA","NUC",10,"C",216,324,0.666666666666667
1501,"5tjrA","NUC",10,"N",50,324,0.154320987654321
1501,"5tjrA","NUC",10,"O",58,324,0.179012345679012
1501,"5tjrA","NUC",10,"P",0,324,0
1501,"5tjrA","NUC",10,"S",0,324,0
1502,"5tk7A","NUC",10,"C",240,379,0.633245382585752
1502,"5tk7A","NUC",10,"N",69,379,0.182058047493404
1502,"5tk7A","NUC",10,"O",70,379,0.184696569920844
1502,"5tk7A","NUC",10,"P",0,379,0
1502,"5tk7A","NUC",10,"S",0,379,0
1503,"5tkyA","NUC",10,"C",304,488,0.622950819672131
1503,"5tkyA","NUC",10,"N",88,488,0.180327868852459
1503,"5tkyA","NUC",10,"O",95,488,0.194672131147541
1503,"5tkyA","NUC",10,"P",0,488,0
1503,"5tkyA","NUC",10,"S",1,488,0.00204918032786885
1504,"5trdB","NUC",10,"C",208,319,0.652037617554859
1504,"5trdB","NUC",10,"N",50,319,0.156739811912226
1504,"5trdB","NUC",10,"O",59,319,0.184952978056426
1504,"5trdB","NUC",10,"P",0,319,0
1504,"5trdB","NUC",10,"S",2,319,0.00626959247648903
1505,"5tsgA","NUC",10,"C",251,401,0.625935162094763
1505,"5tsgA","NUC",10,"N",75,401,0.187032418952618
1505,"5tsgA","NUC",10,"O",75,401,0.187032418952618
1505,"5tsgA","NUC",10,"P",0,401,0
1505,"5tsgA","NUC",10,"S",0,401,0
1506,"5tthA","NUC",10,"C",293,459,0.638344226579521
1506,"5tthA","NUC",10,"N",78,459,0.169934640522876
1506,"5tthA","NUC",10,"O",87,459,0.189542483660131
1506,"5tthA","NUC",10,"P",0,459,0
1506,"5tthA","NUC",10,"S",1,459,0.00217864923747277
1507,"5tvkB","NUC",10,"C",245,404,0.606435643564356
1507,"5tvkB","NUC",10,"N",69,404,0.170792079207921
1507,"5tvkB","NUC",10,"O",90,404,0.222772277227723
1507,"5tvkB","NUC",10,"P",0,404,0
1507,"5tvkB","NUC",10,"S",0,404,0
1508,"5txxA","NUC",10,"C",208,335,0.62089552238806
1508,"5txxA","NUC",10,"N",67,335,0.2
1508,"5txxA","NUC",10,"O",60,335,0.17910447761194
1508,"5txxA","NUC",10,"P",0,335,0
1508,"5txxA","NUC",10,"S",0,335,0
1509,"5u03A","NUC",10,"C",240,386,0.621761658031088
1509,"5u03A","NUC",10,"N",71,386,0.183937823834197
1509,"5u03A","NUC",10,"O",73,386,0.189119170984456
1509,"5u03A","NUC",10,"P",0,386,0
1509,"5u03A","NUC",10,"S",2,386,0.00518134715025907
1510,"5u1gB","NUC",10,"C",244,384,0.635416666666667
1510,"5u1gB","NUC",10,"N",67,384,0.174479166666667
1510,"5u1gB","NUC",10,"O",73,384,0.190104166666667
1510,"5u1gB","NUC",10,"P",0,384,0
1510,"5u1gB","NUC",10,"S",0,384,0
1511,"5u3cA","NUC",10,"C",204,325,0.627692307692308
1511,"5u3cA","NUC",10,"N",55,325,0.169230769230769
1511,"5u3cA","NUC",10,"O",66,325,0.203076923076923
1511,"5u3cA","NUC",10,"P",0,325,0
1511,"5u3cA","NUC",10,"S",0,325,0
1512,"5ub8A","NUC",10,"C",212,345,0.614492753623188
1512,"5ub8A","NUC",10,"N",61,345,0.176811594202899
1512,"5ub8A","NUC",10,"O",72,345,0.208695652173913
1512,"5ub8A","NUC",10,"P",0,345,0
1512,"5ub8A","NUC",10,"S",0,345,0
1513,"5udbI","NUC",10,"C",242,393,0.615776081424936
1513,"5udbI","NUC",10,"N",72,393,0.183206106870229
1513,"5udbI","NUC",10,"O",79,393,0.201017811704835
1513,"5udbI","NUC",10,"P",0,393,0
1513,"5udbI","NUC",10,"S",0,393,0
1514,"5udsA","NUC",10,"C",268,410,0.653658536585366
1514,"5udsA","NUC",10,"N",69,410,0.168292682926829
1514,"5udsA","NUC",10,"O",70,410,0.170731707317073
1514,"5udsA","NUC",10,"P",0,410,0
1514,"5udsA","NUC",10,"S",3,410,0.00731707317073171
1515,"5uivA","NUC",10,"C",175,289,0.605536332179931
1515,"5uivA","NUC",10,"N",54,289,0.186851211072664
1515,"5uivA","NUC",10,"O",60,289,0.207612456747405
1515,"5uivA","NUC",10,"P",0,289,0
1515,"5uivA","NUC",10,"S",0,289,0
1516,"5uj7A","NUC",10,"C",234,377,0.620689655172414
1516,"5uj7A","NUC",10,"N",66,377,0.175066312997347
1516,"5uj7A","NUC",10,"O",74,377,0.196286472148541
1516,"5uj7A","NUC",10,"P",0,377,0
1516,"5uj7A","NUC",10,"S",3,377,0.00795755968169761
1517,"5uj7B","NUC",10,"C",257,411,0.625304136253041
1517,"5uj7B","NUC",10,"N",75,411,0.182481751824818
1517,"5uj7B","NUC",10,"O",76,411,0.184914841849148
1517,"5uj7B","NUC",10,"P",0,411,0
1517,"5uj7B","NUC",10,"S",3,411,0.0072992700729927
1518,"5uj7C","NUC",10,"C",235,370,0.635135135135135
1518,"5uj7C","NUC",10,"N",67,370,0.181081081081081
1518,"5uj7C","NUC",10,"O",67,370,0.181081081081081
1518,"5uj7C","NUC",10,"P",0,370,0
1518,"5uj7C","NUC",10,"S",1,370,0.0027027027027027
1519,"5ulsA","NUC",10,"C",325,503,0.646123260437376
1519,"5ulsA","NUC",10,"N",82,503,0.163021868787276
1519,"5ulsA","NUC",10,"O",94,503,0.186878727634195
1519,"5ulsA","NUC",10,"P",0,503,0
1519,"5ulsA","NUC",10,"S",2,503,0.00397614314115308
1520,"5uv4A","NUC",10,"C",256,409,0.625916870415648
1520,"5uv4A","NUC",10,"N",72,409,0.176039119804401
1520,"5uv4A","NUC",10,"O",77,409,0.188264058679707
1520,"5uv4A","NUC",10,"P",0,409,0
1520,"5uv4A","NUC",10,"S",4,409,0.0097799511002445
1521,"5uxcA","NUC",10,"C",265,403,0.6575682382134
1521,"5uxcA","NUC",10,"N",64,403,0.158808933002481
1521,"5uxcA","NUC",10,"O",74,403,0.183622828784119
1521,"5uxcA","NUC",10,"P",0,403,0
1521,"5uxcA","NUC",10,"S",0,403,0
1522,"5uyxD","NUC",10,"C",245,408,0.600490196078431
1522,"5uyxD","NUC",10,"N",67,408,0.16421568627451
1522,"5uyxD","NUC",10,"O",92,408,0.225490196078431
1522,"5uyxD","NUC",10,"P",0,408,0
1522,"5uyxD","NUC",10,"S",4,408,0.00980392156862745
1523,"5v2lA","NUC",10,"C",236,385,0.612987012987013
1523,"5v2lA","NUC",10,"N",72,385,0.187012987012987
1523,"5v2lA","NUC",10,"O",76,385,0.197402597402597
1523,"5v2lA","NUC",10,"P",0,385,0
1523,"5v2lA","NUC",10,"S",1,385,0.0025974025974026
1524,"5vcuA","NUC",10,"C",233,361,0.645429362880886
1524,"5vcuA","NUC",10,"N",57,361,0.157894736842105
1524,"5vcuA","NUC",10,"O",68,361,0.188365650969529
1524,"5vcuA","NUC",10,"P",0,361,0
1524,"5vcuA","NUC",10,"S",3,361,0.00831024930747922
1525,"5ve7A","NUC",10,"C",229,365,0.627397260273973
1525,"5ve7A","NUC",10,"N",65,365,0.178082191780822
1525,"5ve7A","NUC",10,"O",70,365,0.191780821917808
1525,"5ve7A","NUC",10,"P",0,365,0
1525,"5ve7A","NUC",10,"S",1,365,0.00273972602739726
1526,"5vgrA","NUC",10,"C",255,395,0.645569620253165
1526,"5vgrA","NUC",10,"N",73,395,0.184810126582278
1526,"5vgrA","NUC",10,"O",67,395,0.169620253164557
1526,"5vgrA","NUC",10,"P",0,395,0
1526,"5vgrA","NUC",10,"S",0,395,0
1527,"5vk4B","NUC",10,"C",186,287,0.64808362369338
1527,"5vk4B","NUC",10,"N",45,287,0.156794425087108
1527,"5vk4B","NUC",10,"O",54,287,0.18815331010453
1527,"5vk4B","NUC",10,"P",0,287,0
1527,"5vk4B","NUC",10,"S",2,287,0.00696864111498258
1528,"5vqaA","NUC",10,"C",248,393,0.631043256997455
1528,"5vqaA","NUC",10,"N",70,393,0.178117048346056
1528,"5vqaA","NUC",10,"O",73,393,0.185750636132316
1528,"5vqaA","NUC",10,"P",0,393,0
1528,"5vqaA","NUC",10,"S",2,393,0.00508905852417303
1529,"5vy9A","NUC",10,"C",245,385,0.636363636363636
1529,"5vy9A","NUC",10,"N",68,385,0.176623376623377
1529,"5vy9A","NUC",10,"O",71,385,0.184415584415584
1529,"5vy9A","NUC",10,"P",0,385,0
1529,"5vy9A","NUC",10,"S",1,385,0.0025974025974026
1530,"5vytD","NUC",10,"C",216,323,0.668730650154799
1530,"5vytD","NUC",10,"N",59,323,0.18266253869969
1530,"5vytD","NUC",10,"O",47,323,0.145510835913313
1530,"5vytD","NUC",10,"P",0,323,0
1530,"5vytD","NUC",10,"S",1,323,0.00309597523219814
1531,"5w2iA","NUC",10,"C",241,382,0.630890052356021
1531,"5w2iA","NUC",10,"N",69,382,0.180628272251309
1531,"5w2iA","NUC",10,"O",72,382,0.18848167539267
1531,"5w2iA","NUC",10,"P",0,382,0
1531,"5w2iA","NUC",10,"S",0,382,0
1532,"5wdeA","NUC",10,"C",195,333,0.585585585585586
1532,"5wdeA","NUC",10,"N",63,333,0.189189189189189
1532,"5wdeA","NUC",10,"O",74,333,0.222222222222222
1532,"5wdeA","NUC",10,"P",0,333,0
1532,"5wdeA","NUC",10,"S",1,333,0.003003003003003
1533,"5wdsA","NUC",10,"C",230,367,0.626702997275204
1533,"5wdsA","NUC",10,"N",65,367,0.177111716621253
1533,"5wdsA","NUC",10,"O",71,367,0.193460490463215
1533,"5wdsA","NUC",10,"P",0,367,0
1533,"5wdsA","NUC",10,"S",1,367,0.00272479564032698
1534,"5we8B","NUC",10,"C",205,328,0.625
1534,"5we8B","NUC",10,"N",56,328,0.170731707317073
1534,"5we8B","NUC",10,"O",65,328,0.198170731707317
1534,"5we8B","NUC",10,"P",0,328,0
1534,"5we8B","NUC",10,"S",2,328,0.00609756097560976
1535,"5wm1C","NUC",10,"C",237,366,0.647540983606557
1535,"5wm1C","NUC",10,"N",61,366,0.166666666666667
1535,"5wm1C","NUC",10,"O",66,366,0.180327868852459
1535,"5wm1C","NUC",10,"P",0,366,0
1535,"5wm1C","NUC",10,"S",2,366,0.00546448087431694
1536,"5wu3B","NUC",10,"C",271,444,0.61036036036036
1536,"5wu3B","NUC",10,"N",85,444,0.191441441441441
1536,"5wu3B","NUC",10,"O",87,444,0.195945945945946
1536,"5wu3B","NUC",10,"P",0,444,0
1536,"5wu3B","NUC",10,"S",1,444,0.00225225225225225
1537,"5x17A","NUC",10,"C",275,426,0.645539906103286
1537,"5x17A","NUC",10,"N",67,426,0.157276995305164
1537,"5x17A","NUC",10,"O",82,426,0.192488262910798
1537,"5x17A","NUC",10,"P",0,426,0
1537,"5x17A","NUC",10,"S",2,426,0.00469483568075117
1538,"5x40A","NUC",10,"C",168,261,0.64367816091954
1538,"5x40A","NUC",10,"N",46,261,0.176245210727969
1538,"5x40A","NUC",10,"O",47,261,0.18007662835249
1538,"5x40A","NUC",10,"P",0,261,0
1538,"5x40A","NUC",10,"S",0,261,0
1539,"5x9hA","NUC",10,"C",195,280,0.696428571428571
1539,"5x9hA","NUC",10,"N",39,280,0.139285714285714
1539,"5x9hA","NUC",10,"O",44,280,0.157142857142857
1539,"5x9hA","NUC",10,"P",0,280,0
1539,"5x9hA","NUC",10,"S",2,280,0.00714285714285714
1540,"5x9uD","NUC",10,"C",256,408,0.627450980392157
1540,"5x9uD","NUC",10,"N",63,408,0.154411764705882
1540,"5x9uD","NUC",10,"O",87,408,0.213235294117647
1540,"5x9uD","NUC",10,"P",0,408,0
1540,"5x9uD","NUC",10,"S",2,408,0.00490196078431373
1541,"5xc3A","NUC",10,"C",205,330,0.621212121212121
1541,"5xc3A","NUC",10,"N",56,330,0.16969696969697
1541,"5xc3A","NUC",10,"O",69,330,0.209090909090909
1541,"5xc3A","NUC",10,"P",0,330,0
1541,"5xc3A","NUC",10,"S",0,330,0
1542,"5xdrA","NUC",10,"C",263,430,0.611627906976744
1542,"5xdrA","NUC",10,"N",84,430,0.195348837209302
1542,"5xdrA","NUC",10,"O",81,430,0.188372093023256
1542,"5xdrA","NUC",10,"P",0,430,0
1542,"5xdrA","NUC",10,"S",2,430,0.00465116279069767
1543,"5xhcF","NUC",10,"C",299,461,0.648590021691974
1543,"5xhcF","NUC",10,"N",84,461,0.182212581344902
1543,"5xhcF","NUC",10,"O",75,461,0.162689804772234
1543,"5xhcF","NUC",10,"P",0,461,0
1543,"5xhcF","NUC",10,"S",3,461,0.00650759219088937
1544,"5xoxA","NUC",10,"C",198,309,0.640776699029126
1544,"5xoxA","NUC",10,"N",50,309,0.161812297734628
1544,"5xoxA","NUC",10,"O",59,309,0.190938511326861
1544,"5xoxA","NUC",10,"P",0,309,0
1544,"5xoxA","NUC",10,"S",2,309,0.00647249190938511
1545,"5xvuA","NUC",10,"C",279,435,0.641379310344828
1545,"5xvuA","NUC",10,"N",78,435,0.179310344827586
1545,"5xvuA","NUC",10,"O",76,435,0.174712643678161
1545,"5xvuA","NUC",10,"P",0,435,0
1545,"5xvuA","NUC",10,"S",2,435,0.00459770114942529
1546,"5xzvA","NUC",10,"C",267,417,0.640287769784173
1546,"5xzvA","NUC",10,"N",69,417,0.165467625899281
1546,"5xzvA","NUC",10,"O",79,417,0.189448441247002
1546,"5xzvA","NUC",10,"P",0,417,0
1546,"5xzvA","NUC",10,"S",2,417,0.00479616306954436
1547,"5y4zA","NUC",10,"C",215,358,0.600558659217877
1547,"5y4zA","NUC",10,"N",74,358,0.206703910614525
1547,"5y4zA","NUC",10,"O",67,358,0.187150837988827
1547,"5y4zA","NUC",10,"P",0,358,0
1547,"5y4zA","NUC",10,"S",2,358,0.00558659217877095
1548,"101mA","HEME",10,"C",308,453,0.67991169977925
1548,"101mA","HEME",10,"N",73,453,0.161147902869757
1548,"101mA","HEME",10,"O",71,453,0.15673289183223
1548,"101mA","HEME",10,"P",0,453,0
1548,"101mA","HEME",10,"S",1,453,0.0022075055187638
1549,"1a2sA","HEME",10,"C",293,457,0.641137855579869
1549,"1a2sA","HEME",10,"N",82,457,0.179431072210066
1549,"1a2sA","HEME",10,"O",79,457,0.172866520787746
1549,"1a2sA","HEME",10,"P",0,457,0
1549,"1a2sA","HEME",10,"S",3,457,0.00656455142231947
1550,"1a4eD","HEME",10,"C",409,617,0.66288492706645
1550,"1a4eD","HEME",10,"N",105,617,0.170178282009724
1550,"1a4eD","HEME",10,"O",103,617,0.166936790923825
1550,"1a4eD","HEME",10,"P",0,617,0
1550,"1a4eD","HEME",10,"S",0,617,0
1551,"1a4fA","HEME",10,"C",315,461,0.683297180043384
1551,"1a4fA","HEME",10,"N",73,461,0.158351409978308
1551,"1a4fA","HEME",10,"O",71,461,0.154013015184382
1551,"1a4fA","HEME",10,"P",0,461,0
1551,"1a4fA","HEME",10,"S",2,461,0.00433839479392625
1552,"1a4fB","HEME",10,"C",301,443,0.679458239277652
1552,"1a4fB","HEME",10,"N",71,443,0.160270880361174
1552,"1a4fB","HEME",10,"O",69,443,0.155756207674944
1552,"1a4fB","HEME",10,"P",0,443,0
1552,"1a4fB","HEME",10,"S",2,443,0.00451467268623025
1553,"1a56A","HEME",10,"C",263,407,0.646191646191646
1553,"1a56A","HEME",10,"N",69,407,0.16953316953317
1553,"1a56A","HEME",10,"O",72,407,0.176904176904177
1553,"1a56A","HEME",10,"P",0,407,0
1553,"1a56A","HEME",10,"S",3,407,0.00737100737100737
1554,"1a7vA","HEME",10,"C",324,495,0.654545454545455
1554,"1a7vA","HEME",10,"N",82,495,0.165656565656566
1554,"1a7vA","HEME",10,"O",86,495,0.173737373737374
1554,"1a7vA","HEME",10,"P",0,495,0
1554,"1a7vA","HEME",10,"S",3,495,0.00606060606060606
1555,"1a9wB","HEME",10,"C",295,431,0.68445475638051
1555,"1a9wB","HEME",10,"N",70,431,0.162412993039443
1555,"1a9wB","HEME",10,"O",65,431,0.150812064965197
1555,"1a9wB","HEME",10,"P",0,431,0
1555,"1a9wB","HEME",10,"S",1,431,0.00232018561484919
1556,"1akkA","HEME",10,"C",325,496,0.655241935483871
1556,"1akkA","HEME",10,"N",84,496,0.169354838709677
1556,"1akkA","HEME",10,"O",84,496,0.169354838709677
1556,"1akkA","HEME",10,"P",0,496,0
1556,"1akkA","HEME",10,"S",3,496,0.00604838709677419
1557,"1allA","HEME",10,"C",266,417,0.6378896882494
1557,"1allA","HEME",10,"N",72,417,0.172661870503597
1557,"1allA","HEME",10,"O",74,417,0.177458033573141
1557,"1allA","HEME",10,"P",0,417,0
1557,"1allA","HEME",10,"S",5,417,0.0119904076738609
1558,"1aqeA","HEME",10,"C",215,344,0.625
1558,"1aqeA","HEME",10,"N",60,344,0.174418604651163
1558,"1aqeA","HEME",10,"O",60,344,0.174418604651163
1558,"1aqeA","HEME",10,"P",0,344,0
1558,"1aqeA","HEME",10,"S",9,344,0.0261627906976744
1559,"1ashA","HEME",10,"C",336,485,0.692783505154639
1559,"1ashA","HEME",10,"N",78,485,0.160824742268041
1559,"1ashA","HEME",10,"O",68,485,0.14020618556701
1559,"1ashA","HEME",10,"P",0,485,0
1559,"1ashA","HEME",10,"S",3,485,0.00618556701030928
1560,"1b7vA","HEME",10,"C",231,366,0.631147540983607
1560,"1b7vA","HEME",10,"N",64,366,0.174863387978142
1560,"1b7vA","HEME",10,"O",68,366,0.185792349726776
1560,"1b7vA","HEME",10,"P",0,366,0
1560,"1b7vA","HEME",10,"S",3,366,0.00819672131147541
1561,"1b82A","HEME",10,"C",413,622,0.663987138263666
1561,"1b82A","HEME",10,"N",102,622,0.163987138263666
1561,"1b82A","HEME",10,"O",104,622,0.167202572347267
1561,"1b82A","HEME",10,"P",0,622,0
1561,"1b82A","HEME",10,"S",3,622,0.00482315112540193
1562,"1b8dA","HEME",10,"C",169,265,0.637735849056604
1562,"1b8dA","HEME",10,"N",43,265,0.162264150943396
1562,"1b8dA","HEME",10,"O",50,265,0.188679245283019
1562,"1b8dA","HEME",10,"P",0,265,0
1562,"1b8dA","HEME",10,"S",3,265,0.0113207547169811
1563,"1bbhA","HEME",10,"C",320,498,0.642570281124498
1563,"1bbhA","HEME",10,"N",86,498,0.172690763052209
1563,"1bbhA","HEME",10,"O",86,498,0.172690763052209
1563,"1bbhA","HEME",10,"P",0,498,0
1563,"1bbhA","HEME",10,"S",6,498,0.0120481927710843
1564,"1bbpA","HEME",10,"C",368,547,0.672760511882998
1564,"1bbpA","HEME",10,"N",88,547,0.160877513711152
1564,"1bbpA","HEME",10,"O",90,547,0.164533820840951
1564,"1bbpA","HEME",10,"P",0,547,0
1564,"1bbpA","HEME",10,"S",1,547,0.00182815356489945
1565,"1bccD","HEME",10,"C",309,479,0.64509394572025
1565,"1bccD","HEME",10,"N",85,479,0.177453027139875
1565,"1bccD","HEME",10,"O",80,479,0.167014613778706
1565,"1bccD","HEME",10,"P",0,479,0
1565,"1bccD","HEME",10,"S",5,479,0.0104384133611691
1566,"1be3C","HEME",10,"C",389,578,0.673010380622837
1566,"1be3C","HEME",10,"N",88,578,0.152249134948097
1566,"1be3C","HEME",10,"O",98,578,0.169550173010381
1566,"1be3C","HEME",10,"P",0,578,0
1566,"1be3C","HEME",10,"S",3,578,0.00519031141868512
1567,"1binA","HEME",10,"C",291,436,0.66743119266055
1567,"1binA","HEME",10,"N",73,436,0.16743119266055
1567,"1binA","HEME",10,"O",72,436,0.165137614678899
1567,"1binA","HEME",10,"P",0,436,0
1567,"1binA","HEME",10,"S",0,436,0
1568,"1bvbA","HEME",10,"C",306,475,0.64421052631579
1568,"1bvbA","HEME",10,"N",82,475,0.172631578947368
1568,"1bvbA","HEME",10,"O",80,475,0.168421052631579
1568,"1bvbA","HEME",10,"P",0,475,0
1568,"1bvbA","HEME",10,"S",7,475,0.0147368421052632
1569,"1bz1A","HEME",10,"C",301,449,0.670378619153675
1569,"1bz1A","HEME",10,"N",74,449,0.164810690423163
1569,"1bz1A","HEME",10,"O",71,449,0.158129175946548
1569,"1bz1A","HEME",10,"P",0,449,0
1569,"1bz1A","HEME",10,"S",3,449,0.0066815144766147
1570,"1c2nA","HEME",10,"C",342,526,0.650190114068441
1570,"1c2nA","HEME",10,"N",90,526,0.171102661596958
1570,"1c2nA","HEME",10,"O",91,526,0.173003802281369
1570,"1c2nA","HEME",10,"P",0,526,0
1570,"1c2nA","HEME",10,"S",3,526,0.00570342205323194
1571,"1c52A","HEME",10,"C",352,530,0.664150943396226
1571,"1c52A","HEME",10,"N",90,530,0.169811320754717
1571,"1c52A","HEME",10,"O",85,530,0.160377358490566
1571,"1c52A","HEME",10,"P",0,530,0
1571,"1c52A","HEME",10,"S",3,530,0.00566037735849057
1572,"1c6oA","HEME",10,"C",289,456,0.633771929824561
1572,"1c6oA","HEME",10,"N",82,456,0.179824561403509
1572,"1c6oA","HEME",10,"O",81,456,0.177631578947368
1572,"1c6oA","HEME",10,"P",0,456,0
1572,"1c6oA","HEME",10,"S",4,456,0.0087719298245614
1573,"1c6sA","HEME",10,"C",300,469,0.639658848614073
1573,"1c6sA","HEME",10,"N",84,469,0.17910447761194
1573,"1c6sA","HEME",10,"O",79,469,0.168443496801706
1573,"1c6sA","HEME",10,"P",0,469,0
1573,"1c6sA","HEME",10,"S",6,469,0.0127931769722814
1574,"1c7dA","HEME",10,"C",299,448,0.667410714285714
1574,"1c7dA","HEME",10,"N",74,448,0.165178571428571
1574,"1c7dA","HEME",10,"O",72,448,0.160714285714286
1574,"1c7dA","HEME",10,"P",0,448,0
1574,"1c7dA","HEME",10,"S",3,448,0.00669642857142857
1575,"1cc5A","HEME",10,"C",272,435,0.625287356321839
1575,"1cc5A","HEME",10,"N",80,435,0.183908045977011
1575,"1cc5A","HEME",10,"O",77,435,0.177011494252874
1575,"1cc5A","HEME",10,"P",0,435,0
1575,"1cc5A","HEME",10,"S",6,435,0.0137931034482759
1576,"1cchA","HEME",10,"C",263,411,0.639902676399027
1576,"1cchA","HEME",10,"N",74,411,0.180048661800487
1576,"1cchA","HEME",10,"O",70,411,0.170316301703163
1576,"1cchA","HEME",10,"P",0,411,0
1576,"1cchA","HEME",10,"S",4,411,0.0097323600973236
1577,"1ccrA","HEME",10,"C",340,517,0.657640232108317
1577,"1ccrA","HEME",10,"N",84,517,0.16247582205029
1577,"1ccrA","HEME",10,"O",90,517,0.174081237911025
1577,"1ccrA","HEME",10,"P",0,517,0
1577,"1ccrA","HEME",10,"S",3,517,0.0058027079303675
1578,"1cg5A","HEME",10,"C",291,439,0.662870159453303
1578,"1cg5A","HEME",10,"N",78,439,0.177676537585421
1578,"1cg5A","HEME",10,"O",68,439,0.154897494305239
1578,"1cg5A","HEME",10,"P",0,439,0
1578,"1cg5A","HEME",10,"S",2,439,0.00455580865603645
1579,"1cg5B","HEME",10,"C",307,463,0.663066954643629
1579,"1cg5B","HEME",10,"N",79,463,0.170626349892009
1579,"1cg5B","HEME",10,"O",77,463,0.166306695464363
1579,"1cg5B","HEME",10,"P",0,463,0
1579,"1cg5B","HEME",10,"S",0,463,0
1580,"1ci3A","HEME",10,"C",328,515,0.636893203883495
1580,"1ci3A","HEME",10,"N",90,515,0.174757281553398
1580,"1ci3A","HEME",10,"O",94,515,0.18252427184466
1580,"1ci3A","HEME",10,"P",0,515,0
1580,"1ci3A","HEME",10,"S",3,515,0.0058252427184466
1581,"1cl6A","HEME",10,"C",387,604,0.640728476821192
1581,"1cl6A","HEME",10,"N",106,604,0.175496688741722
1581,"1cl6A","HEME",10,"O",104,604,0.172185430463576
1581,"1cl6A","HEME",10,"P",0,604,0
1581,"1cl6A","HEME",10,"S",7,604,0.0115894039735099
1582,"1cnoG","HEME",10,"C",257,405,0.634567901234568
1582,"1cnoG","HEME",10,"N",72,405,0.177777777777778
1582,"1cnoG","HEME",10,"O",73,405,0.180246913580247
1582,"1cnoG","HEME",10,"P",0,405,0
1582,"1cnoG","HEME",10,"S",3,405,0.00740740740740741
1583,"1co6A","HEME",10,"C",335,501,0.668662674650699
1583,"1co6A","HEME",10,"N",82,501,0.163672654690619
1583,"1co6A","HEME",10,"O",81,501,0.161676646706587
1583,"1co6A","HEME",10,"P",0,501,0
1583,"1co6A","HEME",10,"S",3,501,0.00598802395209581
1584,"1cpcA","HEME",10,"C",314,487,0.64476386036961
1584,"1cpcA","HEME",10,"N",80,487,0.164271047227926
1584,"1cpcA","HEME",10,"O",91,487,0.186858316221766
1584,"1cpcA","HEME",10,"P",0,487,0
1584,"1cpcA","HEME",10,"S",2,487,0.00410677618069815
1585,"1cpcB","HEME",10,"C",256,409,0.625916870415648
1585,"1cpcB","HEME",10,"N",78,409,0.190709046454768
1585,"1cpcB","HEME",10,"O",70,409,0.171149144254279
1585,"1cpcB","HEME",10,"P",0,409,0
1585,"1cpcB","HEME",10,"S",5,409,0.0122249388753056
1586,"1cpqA","HEME",10,"C",307,483,0.635610766045549
1586,"1cpqA","HEME",10,"N",81,483,0.167701863354037
1586,"1cpqA","HEME",10,"O",89,483,0.184265010351967
1586,"1cpqA","HEME",10,"P",0,483,0
1586,"1cpqA","HEME",10,"S",6,483,0.0124223602484472
1587,"1ctmA","HEME",10,"C",325,506,0.642292490118577
1587,"1ctmA","HEME",10,"N",88,506,0.173913043478261
1587,"1ctmA","HEME",10,"O",91,506,0.179841897233202
1587,"1ctmA","HEME",10,"P",0,506,0
1587,"1ctmA","HEME",10,"S",2,506,0.00395256916996047
1588,"1cxaA","HEME",10,"C",338,520,0.65
1588,"1cxaA","HEME",10,"N",89,520,0.171153846153846
1588,"1cxaA","HEME",10,"O",89,520,0.171153846153846
1588,"1cxaA","HEME",10,"P",0,520,0
1588,"1cxaA","HEME",10,"S",4,520,0.00769230769230769
1589,"1cxyA","HEME",10,"C",251,394,0.637055837563452
1589,"1cxyA","HEME",10,"N",70,394,0.177664974619289
1589,"1cxyA","HEME",10,"O",68,394,0.17258883248731
1589,"1cxyA","HEME",10,"P",0,394,0
1589,"1cxyA","HEME",10,"S",5,394,0.0126903553299492
1590,"1cyfA","HEME",10,"C",403,609,0.661740558292282
1590,"1cyfA","HEME",10,"N",101,609,0.165845648604269
1590,"1cyfA","HEME",10,"O",101,609,0.165845648604269
1590,"1cyfA","HEME",10,"P",0,609,0
1590,"1cyfA","HEME",10,"S",4,609,0.00656814449917898
1591,"1cyjA","HEME",10,"C",291,463,0.628509719222462
1591,"1cyjA","HEME",10,"N",84,463,0.181425485961123
1591,"1cyjA","HEME",10,"O",84,463,0.181425485961123
1591,"1cyjA","HEME",10,"P",0,463,0
1591,"1cyjA","HEME",10,"S",4,463,0.00863930885529158
1592,"1d06A","HEME",10,"C",341,524,0.650763358778626
1592,"1d06A","HEME",10,"N",90,524,0.17175572519084
1592,"1d06A","HEME",10,"O",90,524,0.17175572519084
1592,"1d06A","HEME",10,"P",0,524,0
1592,"1d06A","HEME",10,"S",3,524,0.00572519083969466
1593,"1d1vA","HEME",10,"C",352,541,0.650646950092421
1593,"1d1vA","HEME",10,"N",96,541,0.177449168207024
1593,"1d1vA","HEME",10,"O",90,541,0.166358595194085
1593,"1d1vA","HEME",10,"P",0,541,0
1593,"1d1vA","HEME",10,"S",3,541,0.0055452865064695
1594,"1d4cA","HEME",10,"C",213,356,0.598314606741573
1594,"1d4cA","HEME",10,"N",67,356,0.188202247191011
1594,"1d4cA","HEME",10,"O",70,356,0.196629213483146
1594,"1d4cA","HEME",10,"P",0,356,0
1594,"1d4cA","HEME",10,"S",6,356,0.0168539325842697
1595,"1d7cA","HEME",10,"C",232,356,0.651685393258427
1595,"1d7cA","HEME",10,"N",58,356,0.162921348314607
1595,"1d7cA","HEME",10,"O",65,356,0.182584269662921
1595,"1d7cA","HEME",10,"P",0,356,0
1595,"1d7cA","HEME",10,"S",1,356,0.00280898876404494
1596,"1d8uA","HEME",10,"C",310,477,0.649895178197065
1596,"1d8uA","HEME",10,"N",83,477,0.174004192872117
1596,"1d8uA","HEME",10,"O",81,477,0.169811320754717
1596,"1d8uA","HEME",10,"P",0,477,0
1596,"1d8uA","HEME",10,"S",3,477,0.00628930817610063
1597,"1dlwA","HEME",10,"C",306,476,0.642857142857143
1597,"1dlwA","HEME",10,"N",81,476,0.170168067226891
1597,"1dlwA","HEME",10,"O",87,476,0.182773109243697
1597,"1dlwA","HEME",10,"P",0,476,0
1597,"1dlwA","HEME",10,"S",2,476,0.00420168067226891
1598,"1dm1A","HEME",10,"C",300,436,0.688073394495413
1598,"1dm1A","HEME",10,"N",66,436,0.151376146788991
1598,"1dm1A","HEME",10,"O",69,436,0.158256880733945
1598,"1dm1A","HEME",10,"P",0,436,0
1598,"1dm1A","HEME",10,"S",1,436,0.00229357798165138
1599,"1drmA","HEME",10,"C",331,506,0.654150197628458
1599,"1drmA","HEME",10,"N",87,506,0.171936758893281
1599,"1drmA","HEME",10,"O",85,506,0.16798418972332
1599,"1drmA","HEME",10,"P",0,506,0
1599,"1drmA","HEME",10,"S",3,506,0.00592885375494071
1600,"1dvhA","HEME",10,"C",270,424,0.636792452830189
1600,"1dvhA","HEME",10,"N",74,424,0.174528301886792
1600,"1dvhA","HEME",10,"O",73,424,0.172169811320755
1600,"1dvhA","HEME",10,"P",0,424,0
1600,"1dvhA","HEME",10,"S",7,424,0.0165094339622642
1601,"1dvvA","HEME",10,"C",275,424,0.648584905660377
1601,"1dvvA","HEME",10,"N",73,424,0.172169811320755
1601,"1dvvA","HEME",10,"O",71,424,0.167452830188679
1601,"1dvvA","HEME",10,"P",0,424,0
1601,"1dvvA","HEME",10,"S",5,424,0.0117924528301887
1602,"1dw0A","HEME",10,"C",313,502,0.623505976095618
1602,"1dw0A","HEME",10,"N",93,502,0.185258964143426
1602,"1dw0A","HEME",10,"O",92,502,0.183266932270916
1602,"1dw0A","HEME",10,"P",0,502,0
1602,"1dw0A","HEME",10,"S",4,502,0.00796812749003984
1603,"1dxtB","HEME",10,"C",290,430,0.674418604651163
1603,"1dxtB","HEME",10,"N",73,430,0.169767441860465
1603,"1dxtB","HEME",10,"O",67,430,0.155813953488372
1603,"1dxtB","HEME",10,"P",0,430,0
1603,"1dxtB","HEME",10,"S",0,430,0
1604,"1e29A","HEME",10,"C",325,518,0.627413127413127
1604,"1e29A","HEME",10,"N",88,518,0.16988416988417
1604,"1e29A","HEME",10,"O",102,518,0.196911196911197
1604,"1e29A","HEME",10,"P",0,518,0
1604,"1e29A","HEME",10,"S",3,518,0.00579150579150579
1605,"1ebtA","HEME",10,"C",289,424,0.681603773584906
1605,"1ebtA","HEME",10,"N",72,424,0.169811320754717
1605,"1ebtA","HEME",10,"O",60,424,0.141509433962264
1605,"1ebtA","HEME",10,"P",0,424,0
1605,"1ebtA","HEME",10,"S",3,424,0.00707547169811321
1606,"1ecaA","HEME",10,"C",294,428,0.686915887850467
1606,"1ecaA","HEME",10,"N",68,428,0.158878504672897
1606,"1ecaA","HEME",10,"O",65,428,0.151869158878505
1606,"1ecaA","HEME",10,"P",0,428,0
1606,"1ecaA","HEME",10,"S",1,428,0.00233644859813084
1607,"1egyA","HEME",10,"C",378,584,0.647260273972603
1607,"1egyA","HEME",10,"N",101,584,0.172945205479452
1607,"1egyA","HEME",10,"O",102,584,0.174657534246575
1607,"1egyA","HEME",10,"P",0,584,0
1607,"1egyA","HEME",10,"S",3,584,0.00513698630136986
1608,"1etpA","HEME",10,"C",348,559,0.622540250447227
1608,"1etpA","HEME",10,"N",106,559,0.189624329159213
1608,"1etpA","HEME",10,"O",101,559,0.180679785330948
1608,"1etpA","HEME",10,"P",0,559,0
1608,"1etpA","HEME",10,"S",4,559,0.00715563506261181
1609,"1euoA","HEME",10,"C",346,529,0.65406427221172
1609,"1euoA","HEME",10,"N",83,529,0.156899810964083
1609,"1euoA","HEME",10,"O",98,529,0.185255198487713
1609,"1euoA","HEME",10,"P",0,529,0
1609,"1euoA","HEME",10,"S",2,529,0.00378071833648393
1610,"1ew6A","HEME",10,"C",309,454,0.680616740088106
1610,"1ew6A","HEME",10,"N",69,454,0.151982378854626
1610,"1ew6A","HEME",10,"O",72,454,0.158590308370044
1610,"1ew6A","HEME",10,"P",0,454,0
1610,"1ew6A","HEME",10,"S",4,454,0.00881057268722467
1611,"1ezvC","HEME",10,"C",379,577,0.65684575389948
1611,"1ezvC","HEME",10,"N",93,577,0.161178509532062
1611,"1ezvC","HEME",10,"O",98,577,0.169844020797227
1611,"1ezvC","HEME",10,"P",0,577,0
1611,"1ezvC","HEME",10,"S",7,577,0.0121317157712305
1612,"1f1cA","HEME",10,"C",341,527,0.647058823529412
1612,"1f1cA","HEME",10,"N",89,527,0.16888045540797
1612,"1f1cA","HEME",10,"O",94,527,0.178368121442125
1612,"1f1cA","HEME",10,"P",0,527,0
1612,"1f1cA","HEME",10,"S",3,527,0.00569259962049336
1613,"1f4uA","HEME",10,"C",412,637,0.646781789638933
1613,"1f4uA","HEME",10,"N",111,637,0.17425431711146
1613,"1f4uA","HEME",10,"O",112,637,0.175824175824176
1613,"1f4uA","HEME",10,"P",0,637,0
1613,"1f4uA","HEME",10,"S",2,637,0.00313971742543171
1614,"1f5oA","HEME",10,"C",325,479,0.678496868475992
1614,"1f5oA","HEME",10,"N",77,479,0.160751565762004
1614,"1f5oA","HEME",10,"O",75,479,0.156576200417537
1614,"1f5oA","HEME",10,"P",0,479,0
1614,"1f5oA","HEME",10,"S",2,479,0.00417536534446764
1615,"1f99A","HEME",10,"C",308,476,0.647058823529412
1615,"1f99A","HEME",10,"N",79,476,0.165966386554622
1615,"1f99A","HEME",10,"O",85,476,0.178571428571429
1615,"1f99A","HEME",10,"P",0,476,0
1615,"1f99A","HEME",10,"S",4,476,0.00840336134453781
1616,"1f99B","HEME",10,"C",266,417,0.6378896882494
1616,"1f99B","HEME",10,"N",75,417,0.179856115107914
1616,"1f99B","HEME",10,"O",71,417,0.170263788968825
1616,"1f99B","HEME",10,"P",0,417,0
1616,"1f99B","HEME",10,"S",5,417,0.0119904076738609
1617,"1fcbA","HEME",10,"C",378,584,0.647260273972603
1617,"1fcbA","HEME",10,"N",103,584,0.176369863013699
1617,"1fcbA","HEME",10,"O",101,584,0.172945205479452
1617,"1fcbA","HEME",10,"P",0,584,0
1617,"1fcbA","HEME",10,"S",2,584,0.00342465753424658
1618,"1fcdD","HEME",10,"C",328,502,0.653386454183267
1618,"1fcdD","HEME",10,"N",85,502,0.169322709163347
1618,"1fcdD","HEME",10,"O",83,502,0.165338645418327
1618,"1fcdD","HEME",10,"P",0,502,0
1618,"1fcdD","HEME",10,"S",6,502,0.0119521912350598
1619,"1fdhB","HEME",10,"C",290,432,0.671296296296296
1619,"1fdhB","HEME",10,"N",71,432,0.164351851851852
1619,"1fdhB","HEME",10,"O",70,432,0.162037037037037
1619,"1fdhB","HEME",10,"P",0,432,0
1619,"1fdhB","HEME",10,"S",1,432,0.00231481481481481
1620,"1fftE","HEME",10,"C",427,637,0.67032967032967
1620,"1fftE","HEME",10,"N",104,637,0.163265306122449
1620,"1fftE","HEME",10,"O",103,637,0.161695447409733
1620,"1fftE","HEME",10,"P",0,637,0
1620,"1fftE","HEME",10,"S",3,637,0.00470957613814757
1621,"1fhfA","HEME",10,"C",378,579,0.652849740932642
1621,"1fhfA","HEME",10,"N",97,579,0.167530224525043
1621,"1fhfA","HEME",10,"O",100,579,0.172711571675302
1621,"1fhfA","HEME",10,"P",0,579,0
1621,"1fhfA","HEME",10,"S",4,579,0.00690846286701209
1622,"1fj0A","HEME",10,"C",339,520,0.651923076923077
1622,"1fj0A","HEME",10,"N",92,520,0.176923076923077
1622,"1fj0A","HEME",10,"O",84,520,0.161538461538462
1622,"1fj0A","HEME",10,"P",0,520,0
1622,"1fj0A","HEME",10,"S",5,520,0.00961538461538462
1623,"1fs7A","HEME",10,"C",324,515,0.629126213592233
1623,"1fs7A","HEME",10,"N",98,515,0.190291262135922
1623,"1fs7A","HEME",10,"O",87,515,0.168932038834951
1623,"1fs7A","HEME",10,"P",0,515,0
1623,"1fs7A","HEME",10,"S",6,515,0.0116504854368932
1624,"1ft9A","HEME",10,"C",186,275,0.676363636363636
1624,"1ft9A","HEME",10,"N",43,275,0.156363636363636
1624,"1ft9A","HEME",10,"O",40,275,0.145454545454545
1624,"1ft9A","HEME",10,"P",0,275,0
1624,"1ft9A","HEME",10,"S",6,275,0.0218181818181818
1625,"1gcvA","HEME",10,"C",294,440,0.668181818181818
1625,"1gcvA","HEME",10,"N",75,440,0.170454545454545
1625,"1gcvA","HEME",10,"O",67,440,0.152272727272727
1625,"1gcvA","HEME",10,"P",0,440,0
1625,"1gcvA","HEME",10,"S",4,440,0.00909090909090909
1626,"1gcvB","HEME",10,"C",319,476,0.670168067226891
1626,"1gcvB","HEME",10,"N",81,476,0.170168067226891
1626,"1gcvB","HEME",10,"O",74,476,0.15546218487395
1626,"1gcvB","HEME",10,"P",0,476,0
1626,"1gcvB","HEME",10,"S",2,476,0.00420168067226891
1627,"1gdiA","HEME",10,"C",309,458,0.674672489082969
1627,"1gdiA","HEME",10,"N",76,458,0.165938864628821
1627,"1gdiA","HEME",10,"O",72,458,0.157205240174672
1627,"1gdiA","HEME",10,"P",0,458,0
1627,"1gdiA","HEME",10,"S",1,458,0.00218340611353712
1628,"1gdvA","HEME",10,"C",273,436,0.626146788990826
1628,"1gdvA","HEME",10,"N",80,436,0.18348623853211
1628,"1gdvA","HEME",10,"O",78,436,0.178899082568807
1628,"1gdvA","HEME",10,"P",0,436,0
1628,"1gdvA","HEME",10,"S",5,436,0.0114678899082569
1629,"1gjqA","HEME",10,"C",265,424,0.625
1629,"1gjqA","HEME",10,"N",79,424,0.186320754716981
1629,"1gjqA","HEME",10,"O",76,424,0.179245283018868
1629,"1gjqA","HEME",10,"P",0,424,0
1629,"1gjqA","HEME",10,"S",4,424,0.00943396226415094
1630,"1gksA","HEME",10,"C",270,427,0.63231850117096
1630,"1gksA","HEME",10,"N",74,427,0.173302107728337
1630,"1gksA","HEME",10,"O",79,427,0.185011709601874
1630,"1gksA","HEME",10,"P",0,427,0
1630,"1gksA","HEME",10,"S",4,427,0.00936768149882904
1631,"1gm4A","HEME",10,"C",235,375,0.626666666666667
1631,"1gm4A","HEME",10,"N",70,375,0.186666666666667
1631,"1gm4A","HEME",10,"O",64,375,0.170666666666667
1631,"1gm4A","HEME",10,"P",0,375,0
1631,"1gm4A","HEME",10,"S",6,375,0.016
1632,"1gqaA","HEME",10,"C",303,467,0.64882226980728
1632,"1gqaA","HEME",10,"N",82,467,0.17558886509636
1632,"1gqaA","HEME",10,"O",80,467,0.171306209850107
1632,"1gqaA","HEME",10,"P",0,467,0
1632,"1gqaA","HEME",10,"S",2,467,0.00428265524625268
1633,"1gu2A","HEME",10,"C",302,467,0.646680942184154
1633,"1gu2A","HEME",10,"N",78,467,0.167023554603854
1633,"1gu2A","HEME",10,"O",83,467,0.177730192719486
1633,"1gu2A","HEME",10,"P",0,467,0
1633,"1gu2A","HEME",10,"S",4,467,0.00856531049250535
1634,"1gu6B","HEME",10,"C",339,539,0.628942486085343
1634,"1gu6B","HEME",10,"N",99,539,0.183673469387755
1634,"1gu6B","HEME",10,"O",95,539,0.176252319109462
1634,"1gu6B","HEME",10,"P",0,539,0
1634,"1gu6B","HEME",10,"S",6,539,0.0111317254174397
1635,"1gwsA","HEME",10,"C",194,314,0.617834394904459
1635,"1gwsA","HEME",10,"N",59,314,0.187898089171975
1635,"1gwsA","HEME",10,"O",56,314,0.178343949044586
1635,"1gwsA","HEME",10,"P",0,314,0
1635,"1gwsA","HEME",10,"S",5,314,0.0159235668789809
1636,"1gyoA","HEME",10,"C",244,390,0.625641025641026
1636,"1gyoA","HEME",10,"N",77,390,0.197435897435897
1636,"1gyoA","HEME",10,"O",63,390,0.161538461538462
1636,"1gyoA","HEME",10,"P",0,390,0
1636,"1gyoA","HEME",10,"S",6,390,0.0153846153846154
1637,"1h1oB","HEME",10,"C",362,561,0.645276292335116
1637,"1h1oB","HEME",10,"N",97,561,0.172905525846702
1637,"1h1oB","HEME",10,"O",96,561,0.171122994652406
1637,"1h1oB","HEME",10,"P",0,561,0
1637,"1h1oB","HEME",10,"S",6,561,0.0106951871657754
1638,"1h21A","HEME",10,"C",158,265,0.59622641509434
1638,"1h21A","HEME",10,"N",47,265,0.177358490566038
1638,"1h21A","HEME",10,"O",53,265,0.2
1638,"1h21A","HEME",10,"P",0,265,0
1638,"1h21A","HEME",10,"S",7,265,0.0264150943396226
1639,"1h31A","HEME",10,"C",380,597,0.636515912897823
1639,"1h31A","HEME",10,"N",111,597,0.185929648241206
1639,"1h31A","HEME",10,"O",104,597,0.174204355108878
1639,"1h31A","HEME",10,"P",0,597,0
1639,"1h31A","HEME",10,"S",2,597,0.0033500837520938
1640,"1h31B","HEME",10,"C",282,439,0.642369020501139
1640,"1h31B","HEME",10,"N",74,439,0.168564920273349
1640,"1h31B","HEME",10,"O",75,439,0.170842824601367
1640,"1h31B","HEME",10,"P",0,439,0
1640,"1h31B","HEME",10,"S",8,439,0.0182232346241458
1641,"1h97A","HEME",10,"C",334,502,0.665338645418327
1641,"1h97A","HEME",10,"N",84,502,0.167330677290837
1641,"1h97A","HEME",10,"O",81,502,0.161354581673307
1641,"1h97A","HEME",10,"P",0,502,0
1641,"1h97A","HEME",10,"S",3,502,0.00597609561752988
1642,"1hbgA","HEME",10,"C",286,425,0.672941176470588
1642,"1hbgA","HEME",10,"N",70,425,0.164705882352941
1642,"1hbgA","HEME",10,"O",65,425,0.152941176470588
1642,"1hbgA","HEME",10,"P",0,425,0
1642,"1hbgA","HEME",10,"S",4,425,0.00941176470588235
1643,"1hbhA","HEME",10,"C",303,457,0.663019693654267
1643,"1hbhA","HEME",10,"N",79,457,0.172866520787746
1643,"1hbhA","HEME",10,"O",72,457,0.157549234135667
1643,"1hbhA","HEME",10,"P",0,457,0
1643,"1hbhA","HEME",10,"S",3,457,0.00656455142231947
1644,"1hbhB","HEME",10,"C",288,431,0.668213457076566
1644,"1hbhB","HEME",10,"N",74,431,0.17169373549884
1644,"1hbhB","HEME",10,"O",67,431,0.155452436194896
1644,"1hbhB","HEME",10,"P",0,431,0
1644,"1hbhB","HEME",10,"S",2,431,0.00464037122969838
1645,"1hbrA","HEME",10,"C",298,444,0.671171171171171
1645,"1hbrA","HEME",10,"N",73,444,0.164414414414414
1645,"1hbrA","HEME",10,"O",70,444,0.157657657657658
1645,"1hbrA","HEME",10,"P",0,444,0
1645,"1hbrA","HEME",10,"S",3,444,0.00675675675675676
1646,"1he2A","HEME",10,"C",195,300,0.65
1646,"1he2A","HEME",10,"N",52,300,0.173333333333333
1646,"1he2A","HEME",10,"O",50,300,0.166666666666667
1646,"1he2A","HEME",10,"P",0,300,0
1646,"1he2A","HEME",10,"S",3,300,0.01
1647,"1hlbA","HEME",10,"C",291,435,0.668965517241379
1647,"1hlbA","HEME",10,"N",75,435,0.172413793103448
1647,"1hlbA","HEME",10,"O",66,435,0.151724137931034
1647,"1hlbA","HEME",10,"P",0,435,0
1647,"1hlbA","HEME",10,"S",3,435,0.00689655172413793
1648,"1hlmA","HEME",10,"C",286,437,0.654462242562929
1648,"1hlmA","HEME",10,"N",75,437,0.17162471395881
1648,"1hlmA","HEME",10,"O",73,437,0.167048054919908
1648,"1hlmA","HEME",10,"P",0,437,0
1648,"1hlmA","HEME",10,"S",3,437,0.0068649885583524
1649,"1hroA","HEME",10,"C",336,524,0.641221374045801
1649,"1hroA","HEME",10,"N",92,524,0.175572519083969
1649,"1hroA","HEME",10,"O",93,524,0.177480916030534
1649,"1hroA","HEME",10,"P",0,524,0
1649,"1hroA","HEME",10,"S",3,524,0.00572519083969466
1650,"1i7yA","HEME",10,"C",306,479,0.638830897703549
1650,"1i7yA","HEME",10,"N",79,479,0.164926931106472
1650,"1i7yA","HEME",10,"O",90,479,0.187891440501044
1650,"1i7yA","HEME",10,"P",0,479,0
1650,"1i7yA","HEME",10,"S",4,479,0.00835073068893528
1651,"1iqcB","HEME",10,"C",395,612,0.645424836601307
1651,"1iqcB","HEME",10,"N",104,612,0.169934640522876
1651,"1iqcB","HEME",10,"O",109,612,0.178104575163399
1651,"1iqcB","HEME",10,"P",0,612,0
1651,"1iqcB","HEME",10,"S",4,612,0.0065359477124183
1652,"1it2A","HEME",10,"C",322,469,0.686567164179104
1652,"1it2A","HEME",10,"N",71,469,0.15138592750533
1652,"1it2A","HEME",10,"O",75,469,0.159914712153518
1652,"1it2A","HEME",10,"P",0,469,0
1652,"1it2A","HEME",10,"S",1,469,0.00213219616204691
1653,"1ithA","HEME",10,"C",291,431,0.675174013921114
1653,"1ithA","HEME",10,"N",70,431,0.162412993039443
1653,"1ithA","HEME",10,"O",67,431,0.155452436194896
1653,"1ithA","HEME",10,"P",0,431,0
1653,"1ithA","HEME",10,"S",3,431,0.00696055684454756
1654,"1iw1A","HEME",10,"C",304,463,0.65658747300216
1654,"1iw1A","HEME",10,"N",80,463,0.172786177105832
1654,"1iw1A","HEME",10,"O",77,463,0.166306695464363
1654,"1iw1A","HEME",10,"P",0,463,0
1654,"1iw1A","HEME",10,"S",2,463,0.00431965442764579
1655,"1ix3A","HEME",10,"C",310,472,0.656779661016949
1655,"1ix3A","HEME",10,"N",80,472,0.169491525423729
1655,"1ix3A","HEME",10,"O",80,472,0.169491525423729
1655,"1ix3A","HEME",10,"P",0,472,0
1655,"1ix3A","HEME",10,"S",2,472,0.00423728813559322
1656,"1izoA","HEME",10,"C",436,646,0.674922600619195
1656,"1izoA","HEME",10,"N",108,646,0.1671826625387
1656,"1izoA","HEME",10,"O",97,646,0.15015479876161
1656,"1izoA","HEME",10,"P",0,646,0
1656,"1izoA","HEME",10,"S",5,646,0.00773993808049536
1657,"1j0pA","HEME",10,"C",228,365,0.624657534246575
1657,"1j0pA","HEME",10,"N",65,365,0.178082191780822
1657,"1j0pA","HEME",10,"O",64,365,0.175342465753425
1657,"1j0pA","HEME",10,"P",0,365,0
1657,"1j0pA","HEME",10,"S",8,365,0.0219178082191781
1658,"1j77A","HEME",10,"C",316,472,0.669491525423729
1658,"1j77A","HEME",10,"N",78,472,0.165254237288136
1658,"1j77A","HEME",10,"O",75,472,0.158898305084746
1658,"1j77A","HEME",10,"P",0,472,0
1658,"1j77A","HEME",10,"S",3,472,0.00635593220338983
1659,"1jdlA","HEME",10,"C",341,520,0.655769230769231
1659,"1jdlA","HEME",10,"N",93,520,0.178846153846154
1659,"1jdlA","HEME",10,"O",83,520,0.159615384615385
1659,"1jdlA","HEME",10,"P",0,520,0
1659,"1jdlA","HEME",10,"S",3,520,0.00576923076923077
1660,"1jebA","HEME",10,"C",309,466,0.663090128755365
1660,"1jebA","HEME",10,"N",79,466,0.169527896995708
1660,"1jebA","HEME",10,"O",77,466,0.165236051502146
1660,"1jebA","HEME",10,"P",0,466,0
1660,"1jebA","HEME",10,"S",1,466,0.00214592274678112
1661,"1jjuA","HEME",10,"C",349,554,0.629963898916967
1661,"1jjuA","HEME",10,"N",108,554,0.194945848375451
1661,"1jjuA","HEME",10,"O",92,554,0.166064981949458
1661,"1jjuA","HEME",10,"P",0,554,0
1661,"1jjuA","HEME",10,"S",5,554,0.00902527075812274
1662,"1jmxA","HEME",10,"C",293,464,0.631465517241379
1662,"1jmxA","HEME",10,"N",91,464,0.196120689655172
1662,"1jmxA","HEME",10,"O",75,464,0.161637931034483
1662,"1jmxA","HEME",10,"P",0,464,0
1662,"1jmxA","HEME",10,"S",5,464,0.0107758620689655
1663,"1jniA","HEME",10,"C",172,286,0.601398601398601
1663,"1jniA","HEME",10,"N",56,286,0.195804195804196
1663,"1jniA","HEME",10,"O",53,286,0.185314685314685
1663,"1jniA","HEME",10,"P",0,286,0
1663,"1jniA","HEME",10,"S",5,286,0.0174825174825175
1664,"1jrxA","HEME",10,"C",251,401,0.625935162094763
1664,"1jrxA","HEME",10,"N",70,401,0.174563591022444
1664,"1jrxA","HEME",10,"O",74,401,0.184538653366584
1664,"1jrxA","HEME",10,"P",0,401,0
1664,"1jrxA","HEME",10,"S",6,401,0.0149625935162095
1665,"1kibA","HEME",10,"C",289,453,0.637969094922737
1665,"1kibA","HEME",10,"N",83,453,0.183222958057395
1665,"1kibA","HEME",10,"O",78,453,0.172185430463576
1665,"1kibA","HEME",10,"P",0,453,0
1665,"1kibA","HEME",10,"S",3,453,0.00662251655629139
1666,"1kn1B","HEME",10,"C",278,430,0.646511627906977
1666,"1kn1B","HEME",10,"N",73,430,0.169767441860465
1666,"1kn1B","HEME",10,"O",76,430,0.176744186046512
1666,"1kn1B","HEME",10,"P",0,430,0
1666,"1kn1B","HEME",10,"S",3,430,0.00697674418604651
1667,"1kqgC","HEME",10,"C",356,503,0.707753479125249
1667,"1kqgC","HEME",10,"N",76,503,0.151093439363817
1667,"1kqgC","HEME",10,"O",69,503,0.137176938369781
1667,"1kqgC","HEME",10,"P",0,503,0
1667,"1kqgC","HEME",10,"S",2,503,0.00397614314115308
1668,"1kr7A","HEME",10,"C",298,454,0.656387665198238
1668,"1kr7A","HEME",10,"N",80,454,0.176211453744493
1668,"1kr7A","HEME",10,"O",74,454,0.162995594713656
1668,"1kr7A","HEME",10,"P",0,454,0
1668,"1kr7A","HEME",10,"S",2,454,0.00440528634361234
1669,"1kwjA","HEME",10,"C",157,256,0.61328125
1669,"1kwjA","HEME",10,"N",49,256,0.19140625
1669,"1kwjA","HEME",10,"O",46,256,0.1796875
1669,"1kwjA","HEME",10,"P",0,256,0
1669,"1kwjA","HEME",10,"S",4,256,0.015625
1670,"1kx2A","HEME",10,"C",241,389,0.619537275064267
1670,"1kx2A","HEME",10,"N",72,389,0.185089974293059
1670,"1kx2A","HEME",10,"O",69,389,0.177377892030848
1670,"1kx2A","HEME",10,"P",0,389,0
1670,"1kx2A","HEME",10,"S",7,389,0.0179948586118252
1671,"1lhsA","HEME",10,"C",314,462,0.67965367965368
1671,"1lhsA","HEME",10,"N",81,462,0.175324675324675
1671,"1lhsA","HEME",10,"O",65,462,0.140692640692641
1671,"1lhsA","HEME",10,"P",0,462,0
1671,"1lhsA","HEME",10,"S",2,462,0.00432900432900433
1672,"1liaB","HEME",10,"C",259,412,0.628640776699029
1672,"1liaB","HEME",10,"N",77,412,0.186893203883495
1672,"1liaB","HEME",10,"O",70,412,0.169902912621359
1672,"1liaB","HEME",10,"P",0,412,0
1672,"1liaB","HEME",10,"S",6,412,0.0145631067961165
1673,"1ls9A","HEME",10,"C",296,464,0.637931034482759
1673,"1ls9A","HEME",10,"N",84,464,0.181034482758621
1673,"1ls9A","HEME",10,"O",81,464,0.174568965517241
1673,"1ls9A","HEME",10,"P",0,464,0
1673,"1ls9A","HEME",10,"S",3,464,0.00646551724137931
1674,"1ly8B","HEME",10,"C",413,621,0.665056360708535
1674,"1ly8B","HEME",10,"N",102,621,0.164251207729469
1674,"1ly8B","HEME",10,"O",101,621,0.162640901771337
1674,"1ly8B","HEME",10,"P",0,621,0
1674,"1ly8B","HEME",10,"S",5,621,0.00805152979066022
1675,"1m1pA","HEME",10,"C",143,243,0.588477366255144
1675,"1m1pA","HEME",10,"N",47,243,0.193415637860082
1675,"1m1pA","HEME",10,"O",49,243,0.201646090534979
1675,"1m1pA","HEME",10,"P",0,243,0
1675,"1m1pA","HEME",10,"S",4,243,0.0164609053497942
1676,"1m56A","HEME",10,"C",450,679,0.662739322533137
1676,"1m56A","HEME",10,"N",117,679,0.172312223858616
1676,"1m56A","HEME",10,"O",108,679,0.159057437407953
1676,"1m56A","HEME",10,"P",0,679,0
1676,"1m56A","HEME",10,"S",4,679,0.00589101620029455
1677,"1m7sA","HEME",10,"C",398,613,0.64926590538336
1677,"1m7sA","HEME",10,"N",106,613,0.172920065252855
1677,"1m7sA","HEME",10,"O",106,613,0.172920065252855
1677,"1m7sA","HEME",10,"P",0,613,0
1677,"1m7sA","HEME",10,"S",3,613,0.00489396411092985
1678,"1mg2D","HEME",10,"C",254,408,0.622549019607843
1678,"1mg2D","HEME",10,"N",69,408,0.169117647058824
1678,"1mg2D","HEME",10,"O",78,408,0.191176470588235
1678,"1mg2D","HEME",10,"P",0,408,0
1678,"1mg2D","HEME",10,"S",7,408,0.017156862745098
1679,"1mhlB","HEME",10,"C",336,498,0.674698795180723
1679,"1mhlB","HEME",10,"N",81,498,0.162650602409639
1679,"1mhlB","HEME",10,"O",78,498,0.156626506024096
1679,"1mhlB","HEME",10,"P",0,498,0
1679,"1mhlB","HEME",10,"S",3,498,0.00602409638554217
1680,"1mj4A","HEME",10,"C",240,359,0.668523676880223
1680,"1mj4A","HEME",10,"N",64,359,0.178272980501393
1680,"1mj4A","HEME",10,"O",54,359,0.15041782729805
1680,"1mj4A","HEME",10,"P",0,359,0
1680,"1mj4A","HEME",10,"S",1,359,0.00278551532033426
1681,"1mjtA","HEME",10,"C",362,549,0.659380692167577
1681,"1mjtA","HEME",10,"N",96,549,0.174863387978142
1681,"1mjtA","HEME",10,"O",88,549,0.160291438979964
1681,"1mjtA","HEME",10,"P",0,549,0
1681,"1mjtA","HEME",10,"S",3,549,0.00546448087431694
1682,"1mqfA","HEME",10,"C",408,622,0.655948553054662
1682,"1mqfA","HEME",10,"N",110,622,0.176848874598071
1682,"1mqfA","HEME",10,"O",102,622,0.163987138263666
1682,"1mqfA","HEME",10,"P",0,622,0
1682,"1mqfA","HEME",10,"S",2,622,0.00321543408360129
1683,"1mytA","HEME",10,"C",298,435,0.685057471264368
1683,"1mytA","HEME",10,"N",70,435,0.160919540229885
1683,"1mytA","HEME",10,"O",66,435,0.151724137931034
1683,"1mytA","HEME",10,"P",0,435,0
1683,"1mytA","HEME",10,"S",1,435,0.00229885057471264
1684,"1n5uA","HEME",10,"C",326,500,0.652
1684,"1n5uA","HEME",10,"N",91,500,0.182
1684,"1n5uA","HEME",10,"O",80,500,0.16
1684,"1n5uA","HEME",10,"P",0,500,0
1684,"1n5uA","HEME",10,"S",3,500,0.006
1685,"1ngkB","HEME",10,"C",349,529,0.659735349716446
1685,"1ngkB","HEME",10,"N",92,529,0.173913043478261
1685,"1ngkB","HEME",10,"O",84,529,0.158790170132325
1685,"1ngkB","HEME",10,"P",0,529,0
1685,"1ngkB","HEME",10,"S",4,529,0.00756143667296786
1686,"1nr6A","HEME",10,"C",414,635,0.651968503937008
1686,"1nr6A","HEME",10,"N",106,635,0.166929133858268
1686,"1nr6A","HEME",10,"O",111,635,0.174803149606299
1686,"1nr6A","HEME",10,"P",0,635,0
1686,"1nr6A","HEME",10,"S",4,635,0.0062992125984252
1687,"1ntfA","HEME",10,"C",298,464,0.642241379310345
1687,"1ntfA","HEME",10,"N",80,464,0.172413793103448
1687,"1ntfA","HEME",10,"O",85,464,0.183189655172414
1687,"1ntfA","HEME",10,"P",0,464,0
1687,"1ntfA","HEME",10,"S",1,464,0.0021551724137931
1688,"1oagA","HEME",10,"C",387,584,0.662671232876712
1688,"1oagA","HEME",10,"N",99,584,0.169520547945205
1688,"1oagA","HEME",10,"O",95,584,0.162671232876712
1688,"1oagA","HEME",10,"P",0,584,0
1688,"1oagA","HEME",10,"S",3,584,0.00513698630136986
1689,"1oahB","HEME",10,"C",315,507,0.621301775147929
1689,"1oahB","HEME",10,"N",93,507,0.183431952662722
1689,"1oahB","HEME",10,"O",89,507,0.175542406311637
1689,"1oahB","HEME",10,"P",0,507,0
1689,"1oahB","HEME",10,"S",10,507,0.019723865877712
1690,"1ofwA","HEME",10,"C",212,343,0.618075801749271
1690,"1ofwA","HEME",10,"N",58,343,0.169096209912536
1690,"1ofwA","HEME",10,"O",66,343,0.192419825072886
1690,"1ofwA","HEME",10,"P",0,343,0
1690,"1ofwA","HEME",10,"S",7,343,0.0204081632653061
1691,"1ogyB","HEME",10,"C",220,352,0.625
1691,"1ogyB","HEME",10,"N",71,352,0.201704545454545
1691,"1ogyB","HEME",10,"O",55,352,0.15625
1691,"1ogyB","HEME",10,"P",0,352,0
1691,"1ogyB","HEME",10,"S",6,352,0.0170454545454545
1692,"1oj6B","HEME",10,"C",309,449,0.688195991091314
1692,"1oj6B","HEME",10,"N",67,449,0.149220489977728
1692,"1oj6B","HEME",10,"O",71,449,0.158129175946548
1692,"1oj6B","HEME",10,"P",0,449,0
1692,"1oj6B","HEME",10,"S",2,449,0.0044543429844098
1693,"1or4A","HEME",10,"C",300,466,0.643776824034335
1693,"1or4A","HEME",10,"N",87,466,0.186695278969957
1693,"1or4A","HEME",10,"O",75,466,0.160944206008584
1693,"1or4A","HEME",10,"P",0,466,0
1693,"1or4A","HEME",10,"S",4,466,0.00858369098712446
1694,"1os6A","HEME",10,"C",166,270,0.614814814814815
1694,"1os6A","HEME",10,"N",51,270,0.188888888888889
1694,"1os6A","HEME",10,"O",49,270,0.181481481481481
1694,"1os6A","HEME",10,"P",0,270,0
1694,"1os6A","HEME",10,"S",4,270,0.0148148148148148
1695,"1outA","HEME",10,"C",286,427,0.669789227166276
1695,"1outA","HEME",10,"N",71,427,0.166276346604215
1695,"1outA","HEME",10,"O",67,427,0.156908665105386
1695,"1outA","HEME",10,"P",0,427,0
1695,"1outA","HEME",10,"S",3,427,0.00702576112412178
1696,"1outB","HEME",10,"C",288,436,0.660550458715596
1696,"1outB","HEME",10,"N",78,436,0.178899082568807
1696,"1outB","HEME",10,"O",67,436,0.153669724770642
1696,"1outB","HEME",10,"P",0,436,0
1696,"1outB","HEME",10,"S",3,436,0.00688073394495413
1697,"1prhA","HEME",10,"C",379,558,0.67921146953405
1697,"1prhA","HEME",10,"N",91,558,0.163082437275986
1697,"1prhA","HEME",10,"O",87,558,0.155913978494624
1697,"1prhA","HEME",10,"P",0,558,0
1697,"1prhA","HEME",10,"S",1,558,0.0017921146953405
1698,"1q90A","HEME",10,"C",330,519,0.635838150289017
1698,"1q90A","HEME",10,"N",89,519,0.171483622350674
1698,"1q90A","HEME",10,"O",96,519,0.184971098265896
1698,"1q90A","HEME",10,"P",0,519,0
1698,"1q90A","HEME",10,"S",4,519,0.00770712909441233
1699,"1qdbC","HEME",10,"C",225,370,0.608108108108108
1699,"1qdbC","HEME",10,"N",73,370,0.197297297297297
1699,"1qdbC","HEME",10,"O",67,370,0.181081081081081
1699,"1qdbC","HEME",10,"P",0,370,0
1699,"1qdbC","HEME",10,"S",5,370,0.0135135135135135
1700,"1qgwA","HEME",10,"C",130,218,0.596330275229358
1700,"1qgwA","HEME",10,"N",40,218,0.18348623853211
1700,"1qgwA","HEME",10,"O",45,218,0.206422018348624
1700,"1qgwA","HEME",10,"P",0,218,0
1700,"1qgwA","HEME",10,"S",3,218,0.0137614678899083
1701,"1qgwD","HEME",10,"C",255,412,0.618932038834951
1701,"1qgwD","HEME",10,"N",78,412,0.189320388349515
1701,"1qgwD","HEME",10,"O",73,412,0.177184466019417
1701,"1qgwD","HEME",10,"P",0,412,0
1701,"1qgwD","HEME",10,"S",6,412,0.0145631067961165
1702,"1qjsA","HEME",10,"C",279,432,0.645833333333333
1702,"1qjsA","HEME",10,"N",87,432,0.201388888888889
1702,"1qjsA","HEME",10,"O",65,432,0.150462962962963
1702,"1qjsA","HEME",10,"P",0,432,0
1702,"1qjsA","HEME",10,"S",1,432,0.00231481481481481
1703,"1qksA","HEME",10,"C",313,511,0.61252446183953
1703,"1qksA","HEME",10,"N",95,511,0.185909980430528
1703,"1qksA","HEME",10,"O",100,511,0.195694716242661
1703,"1qksA","HEME",10,"P",0,511,0
1703,"1qksA","HEME",10,"S",3,511,0.00587084148727984
1704,"1qn1A","HEME",10,"C",181,298,0.60738255033557
1704,"1qn1A","HEME",10,"N",60,298,0.201342281879195
1704,"1qn1A","HEME",10,"O",53,298,0.177852348993289
1704,"1qn1A","HEME",10,"P",0,298,0
1704,"1qn1A","HEME",10,"S",4,298,0.0134228187919463
1705,"1qn2A","HEME",10,"C",329,494,0.665991902834008
1705,"1qn2A","HEME",10,"N",81,494,0.163967611336032
1705,"1qn2A","HEME",10,"O",81,494,0.163967611336032
1705,"1qn2A","HEME",10,"P",0,494,0
1705,"1qn2A","HEME",10,"S",3,494,0.00607287449392713
1706,"1qwlA","HEME",10,"C",412,620,0.664516129032258
1706,"1qwlA","HEME",10,"N",104,620,0.167741935483871
1706,"1qwlA","HEME",10,"O",102,620,0.164516129032258
1706,"1qwlA","HEME",10,"P",0,620,0
1706,"1qwlA","HEME",10,"S",2,620,0.0032258064516129
1707,"1r3qA","HEME",10,"C",394,602,0.654485049833887
1707,"1r3qA","HEME",10,"N",104,602,0.172757475083056
1707,"1r3qA","HEME",10,"O",98,602,0.162790697674419
1707,"1r3qA","HEME",10,"P",0,602,0
1707,"1r3qA","HEME",10,"S",6,602,0.00996677740863787
1708,"1rz6A","HEME",10,"C",366,591,0.619289340101523
1708,"1rz6A","HEME",10,"N",105,591,0.177664974619289
1708,"1rz6A","HEME",10,"O",116,591,0.196277495769882
1708,"1rz6A","HEME",10,"P",0,591,0
1708,"1rz6A","HEME",10,"S",4,591,0.00676818950930626
1709,"1s56B","HEME",10,"C",316,476,0.663865546218487
1709,"1s56B","HEME",10,"N",81,476,0.170168067226891
1709,"1s56B","HEME",10,"O",76,476,0.159663865546218
1709,"1s56B","HEME",10,"P",0,476,0
1709,"1s56B","HEME",10,"S",3,476,0.00630252100840336
1710,"1s5lP","HEME",10,"C",320,501,0.63872255489022
1710,"1s5lP","HEME",10,"N",86,501,0.171656686626747
1710,"1s5lP","HEME",10,"O",91,501,0.181636726546906
1710,"1s5lP","HEME",10,"P",0,501,0
1710,"1s5lP","HEME",10,"S",4,501,0.00798403193612774
1711,"1s66A","HEME",10,"C",323,485,0.665979381443299
1711,"1s66A","HEME",10,"N",83,485,0.171134020618557
1711,"1s66A","HEME",10,"O",78,485,0.160824742268041
1711,"1s66A","HEME",10,"P",0,485,0
1711,"1s66A","HEME",10,"S",1,485,0.00206185567010309
1712,"1schB","HEME",10,"C",409,616,0.663961038961039
1712,"1schB","HEME",10,"N",103,616,0.167207792207792
1712,"1schB","HEME",10,"O",99,616,0.160714285714286
1712,"1schB","HEME",10,"P",0,616,0
1712,"1schB","HEME",10,"S",5,616,0.00811688311688312
1713,"1si8A","HEME",10,"C",403,610,0.660655737704918
1713,"1si8A","HEME",10,"N",106,610,0.173770491803279
1713,"1si8A","HEME",10,"O",100,610,0.163934426229508
1713,"1si8A","HEME",10,"P",0,610,0
1713,"1si8A","HEME",10,"S",1,610,0.00163934426229508
1714,"1sk7A","HEME",10,"C",292,437,0.668192219679634
1714,"1sk7A","HEME",10,"N",77,437,0.176201372997712
1714,"1sk7A","HEME",10,"O",68,437,0.155606407322654
1714,"1sk7A","HEME",10,"P",0,437,0
1714,"1sk7A","HEME",10,"S",0,437,0
1715,"1soxA","HEME",10,"C",274,413,0.663438256658596
1715,"1soxA","HEME",10,"N",73,413,0.176755447941889
1715,"1soxA","HEME",10,"O",66,413,0.159806295399516
1715,"1soxA","HEME",10,"P",0,413,0
1715,"1soxA","HEME",10,"S",0,413,0
1716,"1sp3A","HEME",10,"C",256,413,0.619854721549637
1716,"1sp3A","HEME",10,"N",83,413,0.200968523002421
1716,"1sp3A","HEME",10,"O",70,413,0.169491525423729
1716,"1sp3A","HEME",10,"P",0,413,0
1716,"1sp3A","HEME",10,"S",4,413,0.00968523002421308
1717,"1spgA","HEME",10,"C",294,440,0.668181818181818
1717,"1spgA","HEME",10,"N",72,440,0.163636363636364
1717,"1spgA","HEME",10,"O",72,440,0.163636363636364
1717,"1spgA","HEME",10,"P",0,440,0
1717,"1spgA","HEME",10,"S",2,440,0.00454545454545455
1718,"1spgB","HEME",10,"C",304,452,0.672566371681416
1718,"1spgB","HEME",10,"N",78,452,0.172566371681416
1718,"1spgB","HEME",10,"O",69,452,0.152654867256637
1718,"1spgB","HEME",10,"P",0,452,0
1718,"1spgB","HEME",10,"S",1,452,0.00221238938053097
1719,"1suoA","HEME",10,"C",417,636,0.655660377358491
1719,"1suoA","HEME",10,"N",105,636,0.165094339622642
1719,"1suoA","HEME",10,"O",111,636,0.174528301886792
1719,"1suoA","HEME",10,"P",0,636,0
1719,"1suoA","HEME",10,"S",3,636,0.00471698113207547
1720,"1sy7B","HEME",10,"C",403,614,0.656351791530945
1720,"1sy7B","HEME",10,"N",104,614,0.169381107491857
1720,"1sy7B","HEME",10,"O",105,614,0.171009771986971
1720,"1sy7B","HEME",10,"P",0,614,0
1720,"1sy7B","HEME",10,"S",2,614,0.00325732899022801
1721,"1t88A","HEME",10,"C",430,657,0.654490106544901
1721,"1t88A","HEME",10,"N",110,657,0.167427701674277
1721,"1t88A","HEME",10,"O",113,657,0.171993911719939
1721,"1t88A","HEME",10,"P",0,657,0
1721,"1t88A","HEME",10,"S",4,657,0.0060882800608828
1722,"1tguC","HEME",10,"C",420,634,0.662460567823344
1722,"1tguC","HEME",10,"N",107,634,0.168769716088328
1722,"1tguC","HEME",10,"O",106,634,0.167192429022082
1722,"1tguC","HEME",10,"P",0,634,0
1722,"1tguC","HEME",10,"S",1,634,0.00157728706624606
1723,"1tu9A","HEME",10,"C",302,455,0.663736263736264
1723,"1tu9A","HEME",10,"N",73,455,0.16043956043956
1723,"1tu9A","HEME",10,"O",78,455,0.171428571428571
1723,"1tu9A","HEME",10,"P",0,455,0
1723,"1tu9A","HEME",10,"S",2,455,0.0043956043956044
1724,"1u17A","HEME",10,"C",344,526,0.653992395437262
1724,"1u17A","HEME",10,"N",86,526,0.163498098859316
1724,"1u17A","HEME",10,"O",93,526,0.17680608365019
1724,"1u17A","HEME",10,"P",0,526,0
1724,"1u17A","HEME",10,"S",3,526,0.00570342205323194
1725,"1uvxA","HEME",10,"C",317,485,0.65360824742268
1725,"1uvxA","HEME",10,"N",81,485,0.16701030927835
1725,"1uvxA","HEME",10,"O",84,485,0.17319587628866
1725,"1uvxA","HEME",10,"P",0,485,0
1725,"1uvxA","HEME",10,"S",3,485,0.00618556701030928
1726,"1ux8A","HEME",10,"C",354,532,0.665413533834586
1726,"1ux8A","HEME",10,"N",91,532,0.171052631578947
1726,"1ux8A","HEME",10,"O",83,532,0.156015037593985
1726,"1ux8A","HEME",10,"P",0,532,0
1726,"1ux8A","HEME",10,"S",4,532,0.0075187969924812
1727,"1v4uA","HEME",10,"C",297,449,0.661469933184855
1727,"1v4uA","HEME",10,"N",73,449,0.162583518930958
1727,"1v4uA","HEME",10,"O",74,449,0.164810690423163
1727,"1v4uA","HEME",10,"P",0,449,0
1727,"1v4uA","HEME",10,"S",5,449,0.0111358574610245
1728,"1v4wB","HEME",10,"C",303,451,0.671840354767184
1728,"1v4wB","HEME",10,"N",77,451,0.170731707317073
1728,"1v4wB","HEME",10,"O",69,451,0.152993348115299
1728,"1v4wB","HEME",10,"P",0,451,0
1728,"1v4wB","HEME",10,"S",2,451,0.00443458980044346
1729,"1v75A","HEME",10,"C",313,471,0.664543524416136
1729,"1v75A","HEME",10,"N",78,471,0.165605095541401
1729,"1v75A","HEME",10,"O",78,471,0.165605095541401
1729,"1v75A","HEME",10,"P",0,471,0
1729,"1v75A","HEME",10,"S",2,471,0.00424628450106157
1730,"1w2lA","HEME",10,"C",323,497,0.64989939637827
1730,"1w2lA","HEME",10,"N",84,497,0.169014084507042
1730,"1w2lA","HEME",10,"O",87,497,0.175050301810865
1730,"1w2lA","HEME",10,"P",0,497,0
1730,"1w2lA","HEME",10,"S",3,497,0.00603621730382294
1731,"1w5cB","HEME",10,"C",174,261,0.666666666666667
1731,"1w5cB","HEME",10,"N",41,261,0.157088122605364
1731,"1w5cB","HEME",10,"O",45,261,0.172413793103448
1731,"1w5cB","HEME",10,"P",0,261,0
1731,"1w5cB","HEME",10,"S",1,261,0.00383141762452107
1732,"1w7oA","HEME",10,"C",241,380,0.63421052631579
1732,"1w7oA","HEME",10,"N",68,380,0.178947368421053
1732,"1w7oA","HEME",10,"O",65,380,0.171052631578947
1732,"1w7oA","HEME",10,"P",0,380,0
1732,"1w7oA","HEME",10,"S",6,380,0.0157894736842105
1733,"1we1A","HEME",10,"C",292,453,0.644591611479029
1733,"1we1A","HEME",10,"N",78,453,0.172185430463576
1733,"1we1A","HEME",10,"O",79,453,0.17439293598234
1733,"1we1A","HEME",10,"P",0,453,0
1733,"1we1A","HEME",10,"S",4,453,0.00883002207505519
1734,"1wmuB","HEME",10,"C",308,454,0.6784140969163
1734,"1wmuB","HEME",10,"N",76,454,0.167400881057269
1734,"1wmuB","HEME",10,"O",69,454,0.151982378854626
1734,"1wmuB","HEME",10,"P",0,454,0
1734,"1wmuB","HEME",10,"S",1,454,0.00220264317180617
1735,"1woxB","HEME",10,"C",348,546,0.637362637362637
1735,"1woxB","HEME",10,"N",99,546,0.181318681318681
1735,"1woxB","HEME",10,"O",97,546,0.177655677655678
1735,"1woxB","HEME",10,"P",0,546,0
1735,"1woxB","HEME",10,"S",2,546,0.00366300366300366
1736,"1wveB","HEME",10,"C",247,378,0.653439153439153
1736,"1wveB","HEME",10,"N",68,378,0.17989417989418
1736,"1wveB","HEME",10,"O",60,378,0.158730158730159
1736,"1wveB","HEME",10,"P",0,378,0
1736,"1wveB","HEME",10,"S",3,378,0.00793650793650794
1737,"1x3kA","HEME",10,"C",309,453,0.682119205298013
1737,"1x3kA","HEME",10,"N",73,453,0.161147902869757
1737,"1x3kA","HEME",10,"O",68,453,0.150110375275938
1737,"1x3kA","HEME",10,"P",0,453,0
1737,"1x3kA","HEME",10,"S",3,453,0.00662251655629139
1738,"1x3xA","HEME",10,"C",231,354,0.652542372881356
1738,"1x3xA","HEME",10,"N",61,354,0.172316384180791
1738,"1x3xA","HEME",10,"O",60,354,0.169491525423729
1738,"1x3xA","HEME",10,"P",0,354,0
1738,"1x3xA","HEME",10,"S",2,354,0.00564971751412429
1739,"1x9fA","HEME",10,"C",332,485,0.684536082474227
1739,"1x9fA","HEME",10,"N",83,485,0.171134020618557
1739,"1x9fA","HEME",10,"O",70,485,0.144329896907216
1739,"1x9fA","HEME",10,"P",0,485,0
1739,"1x9fA","HEME",10,"S",0,485,0
1740,"1x9fB","HEME",10,"C",321,480,0.66875
1740,"1x9fB","HEME",10,"N",83,480,0.172916666666667
1740,"1x9fB","HEME",10,"O",76,480,0.158333333333333
1740,"1x9fB","HEME",10,"P",0,480,0
1740,"1x9fB","HEME",10,"S",0,480,0
1741,"1x9fD","HEME",10,"C",326,476,0.684873949579832
1741,"1x9fD","HEME",10,"N",81,476,0.170168067226891
1741,"1x9fD","HEME",10,"O",69,476,0.144957983193277
1741,"1x9fD","HEME",10,"P",0,476,0
1741,"1x9fD","HEME",10,"S",0,476,0
1742,"1x9fG","HEME",10,"C",326,480,0.679166666666667
1742,"1x9fG","HEME",10,"N",86,480,0.179166666666667
1742,"1x9fG","HEME",10,"O",68,480,0.141666666666667
1742,"1x9fG","HEME",10,"P",0,480,0
1742,"1x9fG","HEME",10,"S",0,480,0
1743,"1xbnA","HEME",10,"C",369,547,0.674588665447898
1743,"1xbnA","HEME",10,"N",84,547,0.153564899451554
1743,"1xbnA","HEME",10,"O",89,547,0.162705667276051
1743,"1xbnA","HEME",10,"P",0,547,0
1743,"1xbnA","HEME",10,"S",5,547,0.00914076782449726
1744,"1xf6B","HEME",10,"C",137,223,0.614349775784753
1744,"1xf6B","HEME",10,"N",39,223,0.174887892376682
1744,"1xf6B","HEME",10,"O",44,223,0.197309417040359
1744,"1xf6B","HEME",10,"P",0,223,0
1744,"1xf6B","HEME",10,"S",3,223,0.0134529147982063
1745,"1xq5A","HEME",10,"C",299,450,0.664444444444444
1745,"1xq5A","HEME",10,"N",75,450,0.166666666666667
1745,"1xq5A","HEME",10,"O",73,450,0.162222222222222
1745,"1xq5A","HEME",10,"P",0,450,0
1745,"1xq5A","HEME",10,"S",3,450,0.00666666666666667
1746,"1xq5B","HEME",10,"C",304,450,0.675555555555556
1746,"1xq5B","HEME",10,"N",74,450,0.164444444444444
1746,"1xq5B","HEME",10,"O",69,450,0.153333333333333
1746,"1xq5B","HEME",10,"P",0,450,0
1746,"1xq5B","HEME",10,"S",3,450,0.00666666666666667
1747,"1yeaA","HEME",10,"C",338,518,0.652509652509653
1747,"1yeaA","HEME",10,"N",88,518,0.16988416988417
1747,"1yeaA","HEME",10,"O",87,518,0.167953667953668
1747,"1yeaA","HEME",10,"P",0,518,0
1747,"1yeaA","HEME",10,"S",5,518,0.00965250965250965
1748,"1yhuA","HEME",10,"C",307,456,0.673245614035088
1748,"1yhuA","HEME",10,"N",78,456,0.171052631578947
1748,"1yhuA","HEME",10,"O",71,456,0.155701754385965
1748,"1yhuA","HEME",10,"P",0,456,0
1748,"1yhuA","HEME",10,"S",0,456,0
1749,"1yhuB","HEME",10,"C",305,462,0.66017316017316
1749,"1yhuB","HEME",10,"N",86,462,0.186147186147186
1749,"1yhuB","HEME",10,"O",68,462,0.147186147186147
1749,"1yhuB","HEME",10,"P",0,462,0
1749,"1yhuB","HEME",10,"S",3,462,0.00649350649350649
1750,"1yhuC","HEME",10,"C",310,460,0.673913043478261
1750,"1yhuC","HEME",10,"N",79,460,0.171739130434783
1750,"1yhuC","HEME",10,"O",68,460,0.147826086956522
1750,"1yhuC","HEME",10,"P",0,460,0
1750,"1yhuC","HEME",10,"S",3,460,0.00652173913043478
1751,"1yiqA","HEME",10,"C",366,556,0.658273381294964
1751,"1yiqA","HEME",10,"N",92,556,0.165467625899281
1751,"1yiqA","HEME",10,"O",92,556,0.165467625899281
1751,"1yiqA","HEME",10,"P",0,556,0
1751,"1yiqA","HEME",10,"S",6,556,0.0107913669064748
1752,"1yq4D","HEME",10,"C",150,230,0.652173913043478
1752,"1yq4D","HEME",10,"N",39,230,0.169565217391304
1752,"1yq4D","HEME",10,"O",41,230,0.178260869565217
1752,"1yq4D","HEME",10,"P",0,230,0
1752,"1yq4D","HEME",10,"S",0,230,0
1753,"1z1nA","HEME",10,"C",209,341,0.612903225806452
1753,"1z1nA","HEME",10,"N",62,341,0.181818181818182
1753,"1z1nA","HEME",10,"O",65,341,0.190615835777126
1753,"1z1nA","HEME",10,"P",0,341,0
1753,"1z1nA","HEME",10,"S",5,341,0.0146627565982405
1754,"1z24A","HEME",10,"C",380,579,0.656303972366149
1754,"1z24A","HEME",10,"N",95,579,0.164075993091537
1754,"1z24A","HEME",10,"O",99,579,0.170984455958549
1754,"1z24A","HEME",10,"P",0,579,0
1754,"1z24A","HEME",10,"S",5,579,0.00863557858376511
1755,"1zrtB","HEME",10,"C",300,467,0.642398286937901
1755,"1zrtB","HEME",10,"N",80,467,0.171306209850107
1755,"1zrtB","HEME",10,"O",80,467,0.171306209850107
1755,"1zrtB","HEME",10,"P",0,467,0
1755,"1zrtB","HEME",10,"S",7,467,0.0149892933618844
1756,"1zzhB","HEME",10,"C",389,596,0.652684563758389
1756,"1zzhB","HEME",10,"N",102,596,0.171140939597315
1756,"1zzhB","HEME",10,"O",102,596,0.171140939597315
1756,"1zzhB","HEME",10,"P",0,596,0
1756,"1zzhB","HEME",10,"S",3,596,0.00503355704697987
1757,"2a3mA","HEME",10,"C",232,367,0.632152588555858
1757,"2a3mA","HEME",10,"N",66,367,0.17983651226158
1757,"2a3mA","HEME",10,"O",61,367,0.166212534059946
1757,"2a3mA","HEME",10,"P",0,367,0
1757,"2a3mA","HEME",10,"S",8,367,0.0217983651226158
1758,"2amoB","HEME",10,"C",358,554,0.646209386281588
1758,"2amoB","HEME",10,"N",102,554,0.184115523465704
1758,"2amoB","HEME",10,"O",91,554,0.164259927797834
1758,"2amoB","HEME",10,"P",0,554,0
1758,"2amoB","HEME",10,"S",3,554,0.00541516245487365
1759,"2bh4A","HEME",10,"C",344,521,0.660268714011516
1759,"2bh4A","HEME",10,"N",89,521,0.170825335892514
1759,"2bh4A","HEME",10,"O",85,521,0.163147792706334
1759,"2bh4A","HEME",10,"P",0,521,0
1759,"2bh4A","HEME",10,"S",3,521,0.00575815738963532
1760,"2bk9A","HEME",10,"C",305,448,0.680803571428571
1760,"2bk9A","HEME",10,"N",79,448,0.176339285714286
1760,"2bk9A","HEME",10,"O",64,448,0.142857142857143
1760,"2bk9A","HEME",10,"P",0,448,0
1760,"2bk9A","HEME",10,"S",0,448,0
1761,"2bkmA","HEME",10,"C",361,549,0.657559198542805
1761,"2bkmA","HEME",10,"N",96,549,0.174863387978142
1761,"2bkmA","HEME",10,"O",88,549,0.160291438979964
1761,"2bkmA","HEME",10,"P",0,549,0
1761,"2bkmA","HEME",10,"S",4,549,0.00728597449908925
1762,"2blfB","HEME",10,"C",225,346,0.65028901734104
1762,"2blfB","HEME",10,"N",55,346,0.158959537572254
1762,"2blfB","HEME",10,"O",63,346,0.182080924855491
1762,"2blfB","HEME",10,"P",0,346,0
1762,"2blfB","HEME",10,"S",3,346,0.00867052023121387
1763,"2bq4B","HEME",10,"C",241,389,0.619537275064267
1763,"2bq4B","HEME",10,"N",71,389,0.182519280205656
1763,"2bq4B","HEME",10,"O",71,389,0.182519280205656
1763,"2bq4B","HEME",10,"P",0,389,0
1763,"2bq4B","HEME",10,"S",6,389,0.0154241645244216
1764,"2bz9A","HEME",10,"C",335,524,0.639312977099237
1764,"2bz9A","HEME",10,"N",96,524,0.183206106870229
1764,"2bz9A","HEME",10,"O",85,524,0.162213740458015
1764,"2bz9A","HEME",10,"P",0,524,0
1764,"2bz9A","HEME",10,"S",8,524,0.0152671755725191
1765,"2c0kA","HEME",10,"C",318,466,0.682403433476395
1765,"2c0kA","HEME",10,"N",81,466,0.17381974248927
1765,"2c0kA","HEME",10,"O",65,466,0.139484978540773
1765,"2c0kA","HEME",10,"P",0,466,0
1765,"2c0kA","HEME",10,"S",2,466,0.00429184549356223
1766,"2c1dA","HEME",10,"C",253,413,0.612590799031477
1766,"2c1dA","HEME",10,"N",72,413,0.174334140435835
1766,"2c1dA","HEME",10,"O",77,413,0.186440677966102
1766,"2c1dA","HEME",10,"P",0,413,0
1766,"2c1dA","HEME",10,"S",11,413,0.026634382566586
1767,"2c1dB","HEME",10,"C",284,433,0.655889145496536
1767,"2c1dB","HEME",10,"N",71,433,0.163972286374134
1767,"2c1dB","HEME",10,"O",74,433,0.170900692840647
1767,"2c1dB","HEME",10,"P",0,433,0
1767,"2c1dB","HEME",10,"S",4,433,0.0092378752886836
1768,"2c1vA","HEME",10,"C",406,621,0.65378421900161
1768,"2c1vA","HEME",10,"N",104,621,0.167471819645733
1768,"2c1vA","HEME",10,"O",108,621,0.173913043478261
1768,"2c1vA","HEME",10,"P",0,621,0
1768,"2c1vA","HEME",10,"S",3,621,0.00483091787439614
1769,"2c2cA","HEME",10,"C",336,510,0.658823529411765
1769,"2c2cA","HEME",10,"N",87,510,0.170588235294118
1769,"2c2cA","HEME",10,"O",83,510,0.162745098039216
1769,"2c2cA","HEME",10,"P",0,510,0
1769,"2c2cA","HEME",10,"S",4,510,0.00784313725490196
1770,"2c7jA","HEME",10,"C",294,459,0.640522875816993
1770,"2c7jA","HEME",10,"N",78,459,0.169934640522876
1770,"2c7jA","HEME",10,"O",85,459,0.185185185185185
1770,"2c7jA","HEME",10,"P",0,459,0
1770,"2c7jA","HEME",10,"S",2,459,0.00435729847494553
1771,"2c7jB","HEME",10,"C",136,228,0.596491228070175
1771,"2c7jB","HEME",10,"N",41,228,0.179824561403509
1771,"2c7jB","HEME",10,"O",49,228,0.214912280701754
1771,"2c7jB","HEME",10,"P",0,228,0
1771,"2c7jB","HEME",10,"S",2,228,0.0087719298245614
1772,"2c8sA","HEME",10,"C",249,400,0.6225
1772,"2c8sA","HEME",10,"N",69,400,0.1725
1772,"2c8sA","HEME",10,"O",77,400,0.1925
1772,"2c8sA","HEME",10,"P",0,400,0
1772,"2c8sA","HEME",10,"S",5,400,0.0125
1773,"2ccyA","HEME",10,"C",316,488,0.647540983606557
1773,"2ccyA","HEME",10,"N",82,488,0.168032786885246
1773,"2ccyA","HEME",10,"O",86,488,0.176229508196721
1773,"2ccyA","HEME",10,"P",0,488,0
1773,"2ccyA","HEME",10,"S",4,488,0.00819672131147541
1774,"2civA","HEME",10,"C",454,681,0.666666666666667
1774,"2civA","HEME",10,"N",114,681,0.167400881057269
1774,"2civA","HEME",10,"O",110,681,0.161527165932452
1774,"2civA","HEME",10,"P",0,681,0
1774,"2civA","HEME",10,"S",3,681,0.00440528634361234
1775,"2czsA","HEME",10,"C",213,332,0.641566265060241
1775,"2czsA","HEME",10,"N",63,332,0.189759036144578
1775,"2czsA","HEME",10,"O",51,332,0.153614457831325
1775,"2czsA","HEME",10,"P",0,332,0
1775,"2czsA","HEME",10,"S",5,332,0.0150602409638554
1776,"2d09A","HEME",10,"C",409,633,0.646129541864139
1776,"2d09A","HEME",10,"N",112,633,0.17693522906793
1776,"2d09A","HEME",10,"O",109,633,0.17219589257504
1776,"2d09A","HEME",10,"P",0,633,0
1776,"2d09A","HEME",10,"S",3,633,0.004739336492891
1777,"2d0sA","HEME",10,"C",278,424,0.655660377358491
1777,"2d0sA","HEME",10,"N",74,424,0.174528301886792
1777,"2d0sA","HEME",10,"O",68,424,0.160377358490566
1777,"2d0sA","HEME",10,"P",0,424,0
1777,"2d0sA","HEME",10,"S",4,424,0.00943396226415094
1778,"2d0wA","HEME",10,"C",255,411,0.62043795620438
1778,"2d0wA","HEME",10,"N",73,411,0.177615571776156
1778,"2d0wA","HEME",10,"O",78,411,0.18978102189781
1778,"2d0wA","HEME",10,"P",0,411,0
1778,"2d0wA","HEME",10,"S",5,411,0.0121654501216545
1779,"2d1eA","HEME",10,"C",375,561,0.668449197860963
1779,"2d1eA","HEME",10,"N",93,561,0.165775401069519
1779,"2d1eA","HEME",10,"O",88,561,0.156862745098039
1779,"2d1eA","HEME",10,"P",0,561,0
1779,"2d1eA","HEME",10,"S",5,561,0.0089126559714795
1780,"2d2mA","HEME",10,"C",299,462,0.647186147186147
1780,"2d2mA","HEME",10,"N",81,462,0.175324675324675
1780,"2d2mA","HEME",10,"O",81,462,0.175324675324675
1780,"2d2mA","HEME",10,"P",0,462,0
1780,"2d2mA","HEME",10,"S",1,462,0.00216450216450216
1781,"2d2mB","HEME",10,"C",306,465,0.658064516129032
1781,"2d2mB","HEME",10,"N",84,465,0.180645161290323
1781,"2d2mB","HEME",10,"O",71,465,0.152688172043011
1781,"2d2mB","HEME",10,"P",0,465,0
1781,"2d2mB","HEME",10,"S",4,465,0.00860215053763441
1782,"2d2mD","HEME",10,"C",289,441,0.655328798185941
1782,"2d2mD","HEME",10,"N",76,441,0.17233560090703
1782,"2d2mD","HEME",10,"O",74,441,0.167800453514739
1782,"2d2mD","HEME",10,"P",0,441,0
1782,"2d2mD","HEME",10,"S",2,441,0.00453514739229025
1783,"2dc3A","HEME",10,"C",316,463,0.682505399568035
1783,"2dc3A","HEME",10,"N",77,463,0.166306695464363
1783,"2dc3A","HEME",10,"O",69,463,0.14902807775378
1783,"2dc3A","HEME",10,"P",0,463,0
1783,"2dc3A","HEME",10,"S",1,463,0.00215982721382289
1784,"2dgeA","HEME",10,"C",294,468,0.628205128205128
1784,"2dgeA","HEME",10,"N",87,468,0.185897435897436
1784,"2dgeA","HEME",10,"O",84,468,0.17948717948718
1784,"2dgeA","HEME",10,"P",0,468,0
1784,"2dgeA","HEME",10,"S",3,468,0.00641025641025641
1785,"2e74A","HEME",10,"C",336,510,0.658823529411765
1785,"2e74A","HEME",10,"N",86,510,0.168627450980392
1785,"2e74A","HEME",10,"O",82,510,0.16078431372549
1785,"2e74A","HEME",10,"P",0,510,0
1785,"2e74A","HEME",10,"S",6,510,0.0117647058823529
1786,"2e84A","HEME",10,"C",190,312,0.608974358974359
1786,"2e84A","HEME",10,"N",60,312,0.192307692307692
1786,"2e84A","HEME",10,"O",55,312,0.176282051282051
1786,"2e84A","HEME",10,"P",0,312,0
1786,"2e84A","HEME",10,"S",7,312,0.0224358974358974
1787,"2eimA","HEME",10,"C",465,697,0.667144906743185
1787,"2eimA","HEME",10,"N",117,697,0.167862266857963
1787,"2eimA","HEME",10,"O",113,697,0.162123385939742
1787,"2eimA","HEME",10,"P",0,697,0
1787,"2eimA","HEME",10,"S",2,697,0.00286944045911047
1788,"2flqB","HEME",10,"C",368,566,0.65017667844523
1788,"2flqB","HEME",10,"N",101,566,0.178445229681979
1788,"2flqB","HEME",10,"O",93,566,0.164310954063604
1788,"2flqB","HEME",10,"P",0,566,0
1788,"2flqB","HEME",10,"S",4,566,0.00706713780918728
1789,"2fmyA","HEME",10,"C",213,320,0.665625
1789,"2fmyA","HEME",10,"N",54,320,0.16875
1789,"2fmyA","HEME",10,"O",51,320,0.159375
1789,"2fmyA","HEME",10,"P",0,320,0
1789,"2fmyA","HEME",10,"S",2,320,0.00625
1790,"2fw5A","HEME",10,"C",272,429,0.634032634032634
1790,"2fw5A","HEME",10,"N",73,429,0.17016317016317
1790,"2fw5A","HEME",10,"O",78,429,0.181818181818182
1790,"2fw5A","HEME",10,"P",0,429,0
1790,"2fw5A","HEME",10,"S",6,429,0.013986013986014
1791,"2fynA","HEME",10,"C",393,583,0.67409948542024
1791,"2fynA","HEME",10,"N",89,583,0.152658662092624
1791,"2fynA","HEME",10,"O",97,583,0.166380789022298
1791,"2fynA","HEME",10,"P",0,583,0
1791,"2fynA","HEME",10,"S",4,583,0.00686106346483705
1792,"2fynB","HEME",10,"C",299,460,0.65
1792,"2fynB","HEME",10,"N",73,460,0.158695652173913
1792,"2fynB","HEME",10,"O",82,460,0.178260869565217
1792,"2fynB","HEME",10,"P",0,460,0
1792,"2fynB","HEME",10,"S",6,460,0.0130434782608696
1793,"2hpdB","HEME",10,"C",405,627,0.645933014354067
1793,"2hpdB","HEME",10,"N",104,627,0.165869218500797
1793,"2hpdB","HEME",10,"O",111,627,0.177033492822967
1793,"2hpdB","HEME",10,"P",0,627,0
1793,"2hpdB","HEME",10,"S",7,627,0.0111642743221691
1794,"2hreA","HEME",10,"C",422,647,0.652241112828439
1794,"2hreA","HEME",10,"N",110,647,0.170015455950541
1794,"2hreA","HEME",10,"O",113,647,0.174652241112828
1794,"2hreA","HEME",10,"P",0,647,0
1794,"2hreA","HEME",10,"S",2,647,0.00309119010819165
1795,"2i89A","HEME",10,"C",215,345,0.623188405797101
1795,"2i89A","HEME",10,"N",60,345,0.173913043478261
1795,"2i89A","HEME",10,"O",68,345,0.197101449275362
1795,"2i89A","HEME",10,"P",0,345,0
1795,"2i89A","HEME",10,"S",2,345,0.00579710144927536
1796,"2i96A","HEME",10,"C",213,337,0.632047477744807
1796,"2i96A","HEME",10,"N",59,337,0.175074183976261
1796,"2i96A","HEME",10,"O",64,337,0.189910979228487
1796,"2i96A","HEME",10,"P",0,337,0
1796,"2i96A","HEME",10,"S",1,337,0.0029673590504451
1797,"2ibjA","HEME",10,"C",227,357,0.635854341736695
1797,"2ibjA","HEME",10,"N",62,357,0.173669467787115
1797,"2ibjA","HEME",10,"O",66,357,0.184873949579832
1797,"2ibjA","HEME",10,"P",0,357,0
1797,"2ibjA","HEME",10,"S",2,357,0.00560224089635854
1798,"2ig3A","HEME",10,"C",354,512,0.69140625
1798,"2ig3A","HEME",10,"N",80,512,0.15625
1798,"2ig3A","HEME",10,"O",76,512,0.1484375
1798,"2ig3A","HEME",10,"P",0,512,0
1798,"2ig3A","HEME",10,"S",2,512,0.00390625
1799,"2iufA","HEME",10,"C",398,609,0.653530377668309
1799,"2iufA","HEME",10,"N",107,609,0.175697865353038
1799,"2iufA","HEME",10,"O",103,609,0.169129720853859
1799,"2iufA","HEME",10,"P",0,609,0
1799,"2iufA","HEME",10,"S",1,609,0.00164203612479475
1800,"2ivfC","HEME",10,"C",320,484,0.661157024793388
1800,"2ivfC","HEME",10,"N",77,484,0.159090909090909
1800,"2ivfC","HEME",10,"O",82,484,0.169421487603306
1800,"2ivfC","HEME",10,"P",0,484,0
1800,"2ivfC","HEME",10,"S",5,484,0.0103305785123967
1801,"2j0pA","HEME",10,"C",318,497,0.639839034205231
1801,"2j0pA","HEME",10,"N",87,497,0.175050301810865
1801,"2j0pA","HEME",10,"O",89,497,0.17907444668008
1801,"2j0pA","HEME",10,"P",0,497,0
1801,"2j0pA","HEME",10,"S",3,497,0.00603621730382294
1802,"2j8wA","HEME",10,"C",314,492,0.638211382113821
1802,"2j8wA","HEME",10,"N",87,492,0.176829268292683
1802,"2j8wA","HEME",10,"O",89,492,0.180894308943089
1802,"2j8wA","HEME",10,"P",0,492,0
1802,"2j8wA","HEME",10,"S",2,492,0.0040650406504065
1803,"2je2A","HEME",10,"C",298,446,0.668161434977579
1803,"2je2A","HEME",10,"N",68,446,0.152466367713004
1803,"2je2A","HEME",10,"O",77,446,0.172645739910314
1803,"2je2A","HEME",10,"P",0,446,0
1803,"2je2A","HEME",10,"S",3,446,0.00672645739910314
1804,"2jxmB","HEME",10,"C",328,515,0.636893203883495
1804,"2jxmB","HEME",10,"N",89,515,0.172815533980583
1804,"2jxmB","HEME",10,"O",94,515,0.18252427184466
1804,"2jxmB","HEME",10,"P",0,515,0
1804,"2jxmB","HEME",10,"S",4,515,0.00776699029126214
1805,"2k2nA","HEME",10,"C",315,479,0.657620041753653
1805,"2k2nA","HEME",10,"N",81,479,0.169102296450939
1805,"2k2nA","HEME",10,"O",81,479,0.169102296450939
1805,"2k2nA","HEME",10,"P",0,479,0
1805,"2k2nA","HEME",10,"S",2,479,0.00417536534446764
1806,"2k3vA","HEME",10,"C",131,226,0.579646017699115
1806,"2k3vA","HEME",10,"N",45,226,0.199115044247788
1806,"2k3vA","HEME",10,"O",47,226,0.207964601769911
1806,"2k3vA","HEME",10,"P",0,226,0
1806,"2k3vA","HEME",10,"S",3,226,0.0132743362831858
1807,"2k78A","HEME",10,"C",225,341,0.659824046920821
1807,"2k78A","HEME",10,"N",55,341,0.161290322580645
1807,"2k78A","HEME",10,"O",60,341,0.175953079178886
1807,"2k78A","HEME",10,"P",0,341,0
1807,"2k78A","HEME",10,"S",1,341,0.00293255131964809
1808,"2l4dA","HEME",10,"C",303,464,0.65301724137931
1808,"2l4dA","HEME",10,"N",78,464,0.168103448275862
1808,"2l4dA","HEME",10,"O",79,464,0.170258620689655
1808,"2l4dA","HEME",10,"P",0,464,0
1808,"2l4dA","HEME",10,"S",4,464,0.00862068965517241
1809,"2noxB","HEME",10,"C",343,528,0.649621212121212
1809,"2noxB","HEME",10,"N",95,528,0.179924242424242
1809,"2noxB","HEME",10,"O",85,528,0.160984848484848
1809,"2noxB","HEME",10,"P",0,528,0
1809,"2noxB","HEME",10,"S",5,528,0.00946969696969697
1810,"2nwbA","HEME",10,"C",413,628,0.657643312101911
1810,"2nwbA","HEME",10,"N",110,628,0.17515923566879
1810,"2nwbA","HEME",10,"O",103,628,0.164012738853503
1810,"2nwbA","HEME",10,"P",0,628,0
1810,"2nwbA","HEME",10,"S",2,628,0.00318471337579618
1811,"2nzaA","HEME",10,"C",386,605,0.63801652892562
1811,"2nzaA","HEME",10,"N",113,605,0.186776859504132
1811,"2nzaA","HEME",10,"O",103,605,0.170247933884298
1811,"2nzaA","HEME",10,"P",0,605,0
1811,"2nzaA","HEME",10,"S",3,605,0.00495867768595041
1812,"2olpA","HEME",10,"C",314,465,0.675268817204301
1812,"2olpA","HEME",10,"N",74,465,0.159139784946237
1812,"2olpA","HEME",10,"O",72,465,0.154838709677419
1812,"2olpA","HEME",10,"P",0,465,0
1812,"2olpA","HEME",10,"S",5,465,0.010752688172043
1813,"2oolA","HEME",10,"C",367,580,0.632758620689655
1813,"2oolA","HEME",10,"N",98,580,0.168965517241379
1813,"2oolA","HEME",10,"O",108,580,0.186206896551724
1813,"2oolA","HEME",10,"P",0,580,0
1813,"2oolA","HEME",10,"S",7,580,0.0120689655172414
1814,"2oyyA","HEME",10,"C",178,284,0.626760563380282
1814,"2oyyA","HEME",10,"N",54,284,0.190140845070423
1814,"2oyyA","HEME",10,"O",52,284,0.183098591549296
1814,"2oyyA","HEME",10,"P",0,284,0
1814,"2oyyA","HEME",10,"S",0,284,0
1815,"2ozyA","HEME",10,"C",205,320,0.640625
1815,"2ozyA","HEME",10,"N",58,320,0.18125
1815,"2ozyA","HEME",10,"O",53,320,0.165625
1815,"2ozyA","HEME",10,"P",0,320,0
1815,"2ozyA","HEME",10,"S",4,320,0.0125
1816,"2pbjD","HEME",10,"C",296,459,0.644880174291939
1816,"2pbjD","HEME",10,"N",78,459,0.169934640522876
1816,"2pbjD","HEME",10,"O",81,459,0.176470588235294
1816,"2pbjD","HEME",10,"P",0,459,0
1816,"2pbjD","HEME",10,"S",4,459,0.00871459694989107
1817,"2q2oA","HEME",10,"C",224,348,0.64367816091954
1817,"2q2oA","HEME",10,"N",59,348,0.169540229885057
1817,"2q2oA","HEME",10,"O",63,348,0.181034482758621
1817,"2q2oA","HEME",10,"P",0,348,0
1817,"2q2oA","HEME",10,"S",2,348,0.00574712643678161
1818,"2q7aA","HEME",10,"C",224,352,0.636363636363636
1818,"2q7aA","HEME",10,"N",58,352,0.164772727272727
1818,"2q7aA","HEME",10,"O",66,352,0.1875
1818,"2q7aA","HEME",10,"P",0,352,0
1818,"2q7aA","HEME",10,"S",4,352,0.0113636363636364
1819,"2q8qA","HEME",10,"C",270,430,0.627906976744186
1819,"2q8qA","HEME",10,"N",66,430,0.153488372093023
1819,"2q8qA","HEME",10,"O",88,430,0.204651162790698
1819,"2q8qA","HEME",10,"P",0,430,0
1819,"2q8qA","HEME",10,"S",6,430,0.013953488372093
1820,"2qppB","HEME",10,"C",290,444,0.653153153153153
1820,"2qppB","HEME",10,"N",71,444,0.15990990990991
1820,"2qppB","HEME",10,"O",80,444,0.18018018018018
1820,"2qppB","HEME",10,"P",0,444,0
1820,"2qppB","HEME",10,"S",3,444,0.00675675675675676
1821,"2r1hA","HEME",10,"C",305,462,0.66017316017316
1821,"2r1hA","HEME",10,"N",80,462,0.173160173160173
1821,"2r1hA","HEME",10,"O",74,462,0.16017316017316
1821,"2r1hA","HEME",10,"P",0,462,0
1821,"2r1hA","HEME",10,"S",3,462,0.00649350649350649
1822,"2r1hB","HEME",10,"C",301,447,0.67337807606264
1822,"2r1hB","HEME",10,"N",75,447,0.167785234899329
1822,"2r1hB","HEME",10,"O",68,447,0.152125279642058
1822,"2r1hB","HEME",10,"P",0,447,0
1822,"2r1hB","HEME",10,"S",3,447,0.00671140939597315
1823,"2r4zB","HEME",10,"C",318,475,0.669473684210526
1823,"2r4zB","HEME",10,"N",83,475,0.174736842105263
1823,"2r4zB","HEME",10,"O",72,475,0.151578947368421
1823,"2r4zB","HEME",10,"P",0,475,0
1823,"2r4zB","HEME",10,"S",2,475,0.00421052631578947
1824,"2r79A","HEME",10,"C",192,323,0.594427244582043
1824,"2r79A","HEME",10,"N",64,323,0.198142414860681
1824,"2r79A","HEME",10,"O",67,323,0.207430340557276
1824,"2r79A","HEME",10,"P",0,323,0
1824,"2r79A","HEME",10,"S",0,323,0
1825,"2rfbA","HEME",10,"C",415,637,0.65149136577708
1825,"2rfbA","HEME",10,"N",113,637,0.177394034536892
1825,"2rfbA","HEME",10,"O",104,637,0.163265306122449
1825,"2rfbA","HEME",10,"P",0,637,0
1825,"2rfbA","HEME",10,"S",5,637,0.00784929356357928
1826,"2ri4D","HEME",10,"C",300,436,0.688073394495413
1826,"2ri4D","HEME",10,"N",72,436,0.165137614678899
1826,"2ri4D","HEME",10,"O",64,436,0.146788990825688
1826,"2ri4D","HEME",10,"P",0,436,0
1826,"2ri4D","HEME",10,"S",0,436,0
1827,"2uulA","HEME",10,"C",308,472,0.652542372881356
1827,"2uulA","HEME",10,"N",78,472,0.165254237288136
1827,"2uulA","HEME",10,"O",82,472,0.173728813559322
1827,"2uulA","HEME",10,"P",0,472,0
1827,"2uulA","HEME",10,"S",4,472,0.00847457627118644
1828,"2uulB","HEME",10,"C",261,416,0.627403846153846
1828,"2uulB","HEME",10,"N",76,416,0.182692307692308
1828,"2uulB","HEME",10,"O",74,416,0.177884615384615
1828,"2uulB","HEME",10,"P",0,416,0
1828,"2uulB","HEME",10,"S",5,416,0.0120192307692308
1829,"2uydA","HEME",10,"C",224,356,0.629213483146067
1829,"2uydA","HEME",10,"N",61,356,0.171348314606742
1829,"2uydA","HEME",10,"O",70,356,0.196629213483146
1829,"2uydA","HEME",10,"P",0,356,0
1829,"2uydA","HEME",10,"S",1,356,0.00280898876404494
1830,"2v7iA","HEME",10,"C",396,581,0.6815834767642
1830,"2v7iA","HEME",10,"N",91,581,0.156626506024096
1830,"2v7iA","HEME",10,"O",90,581,0.154905335628227
1830,"2v7iA","HEME",10,"P",0,581,0
1830,"2v7iA","HEME",10,"S",4,581,0.00688468158347676
1831,"2vgrC","HEME",10,"C",314,463,0.678185745140389
1831,"2vgrC","HEME",10,"N",67,463,0.144708423326134
1831,"2vgrC","HEME",10,"O",79,463,0.170626349892009
1831,"2vgrC","HEME",10,"P",0,463,0
1831,"2vgrC","HEME",10,"S",3,463,0.00647948164146868
1832,"2vhdA","HEME",10,"C",397,645,0.615503875968992
1832,"2vhdA","HEME",10,"N",122,645,0.189147286821705
1832,"2vhdA","HEME",10,"O",122,645,0.189147286821705
1832,"2vhdA","HEME",10,"P",0,645,0
1832,"2vhdA","HEME",10,"S",4,645,0.0062015503875969
1833,"2vjhA","HEME",10,"C",170,262,0.648854961832061
1833,"2vjhA","HEME",10,"N",45,262,0.17175572519084
1833,"2vjhA","HEME",10,"O",44,262,0.16793893129771
1833,"2vjhA","HEME",10,"P",0,262,0
1833,"2vjhA","HEME",10,"S",3,262,0.0114503816793893
1834,"2vjhB","HEME",10,"C",164,273,0.600732600732601
1834,"2vjhB","HEME",10,"N",52,273,0.19047619047619
1834,"2vjhB","HEME",10,"O",55,273,0.201465201465201
1834,"2vjhB","HEME",10,"P",0,273,0
1834,"2vjhB","HEME",10,"S",2,273,0.00732600732600733
1835,"2vjrA","HEME",10,"C",287,446,0.643497757847534
1835,"2vjrA","HEME",10,"N",77,446,0.172645739910314
1835,"2vjrA","HEME",10,"O",79,446,0.177130044843049
1835,"2vjrA","HEME",10,"P",0,446,0
1835,"2vjrA","HEME",10,"S",3,446,0.00672645739910314
1836,"2vjrB","HEME",10,"C",139,230,0.604347826086956
1836,"2vjrB","HEME",10,"N",41,230,0.178260869565217
1836,"2vjrB","HEME",10,"O",49,230,0.21304347826087
1836,"2vjrB","HEME",10,"P",0,230,0
1836,"2vjrB","HEME",10,"S",1,230,0.00434782608695652
1837,"2vjtB","HEME",10,"C",260,405,0.641975308641975
1837,"2vjtB","HEME",10,"N",71,405,0.175308641975309
1837,"2vjtB","HEME",10,"O",70,405,0.17283950617284
1837,"2vjtB","HEME",10,"P",0,405,0
1837,"2vjtB","HEME",10,"S",4,405,0.00987654320987654
1838,"2vr0A","HEME",10,"C",135,232,0.581896551724138
1838,"2vr0A","HEME",10,"N",50,232,0.21551724137931
1838,"2vr0A","HEME",10,"O",44,232,0.189655172413793
1838,"2vr0A","HEME",10,"P",0,232,0
1838,"2vr0A","HEME",10,"S",3,232,0.0129310344827586
1839,"2vr0F","HEME",10,"C",246,398,0.618090452261307
1839,"2vr0F","HEME",10,"N",75,398,0.188442211055276
1839,"2vr0F","HEME",10,"O",70,398,0.175879396984925
1839,"2vr0F","HEME",10,"P",0,398,0
1839,"2vr0F","HEME",10,"S",7,398,0.0175879396984925
1840,"2vywA","HEME",10,"C",339,507,0.668639053254438
1840,"2vywA","HEME",10,"N",83,507,0.16370808678501
1840,"2vywA","HEME",10,"O",83,507,0.16370808678501
1840,"2vywA","HEME",10,"P",0,507,0
1840,"2vywA","HEME",10,"S",2,507,0.00394477317554241
1841,"2vzwB","HEME",10,"C",298,459,0.649237472766884
1841,"2vzwB","HEME",10,"N",79,459,0.172113289760349
1841,"2vzwB","HEME",10,"O",81,459,0.176470588235294
1841,"2vzwB","HEME",10,"P",0,459,0
1841,"2vzwB","HEME",10,"S",1,459,0.00217864923747277
1842,"2w31A","HEME",10,"C",296,451,0.656319290465632
1842,"2w31A","HEME",10,"N",81,451,0.17960088691796
1842,"2w31A","HEME",10,"O",72,451,0.159645232815965
1842,"2w31A","HEME",10,"P",0,451,0
1842,"2w31A","HEME",10,"S",2,451,0.00443458980044346
1843,"2wh8B","HEME",10,"C",413,650,0.635384615384615
1843,"2wh8B","HEME",10,"N",115,650,0.176923076923077
1843,"2wh8B","HEME",10,"O",115,650,0.176923076923077
1843,"2wh8B","HEME",10,"P",0,650,0
1843,"2wh8B","HEME",10,"S",7,650,0.0107692307692308
1844,"2wtgA","HEME",10,"C",346,495,0.698989898989899
1844,"2wtgA","HEME",10,"N",72,495,0.145454545454545
1844,"2wtgA","HEME",10,"O",75,495,0.151515151515152
1844,"2wtgA","HEME",10,"P",0,495,0
1844,"2wtgA","HEME",10,"S",2,495,0.00404040404040404
1845,"2wy4A","HEME",10,"C",334,496,0.673387096774194
1845,"2wy4A","HEME",10,"N",75,496,0.151209677419355
1845,"2wy4A","HEME",10,"O",81,496,0.163306451612903
1845,"2wy4A","HEME",10,"P",0,496,0
1845,"2wy4A","HEME",10,"S",6,496,0.0120967741935484
1846,"2x9oA","HEME",10,"C",370,552,0.670289855072464
1846,"2x9oA","HEME",10,"N",88,552,0.159420289855072
1846,"2x9oA","HEME",10,"O",94,552,0.170289855072464
1846,"2x9oA","HEME",10,"P",0,552,0
1846,"2x9oA","HEME",10,"S",0,552,0
1847,"2xkrA","HEME",10,"C",420,650,0.646153846153846
1847,"2xkrA","HEME",10,"N",112,650,0.172307692307692
1847,"2xkrA","HEME",10,"O",110,650,0.169230769230769
1847,"2xkrA","HEME",10,"P",0,650,0
1847,"2xkrA","HEME",10,"S",8,650,0.0123076923076923
1848,"2xleA","HEME",10,"C",304,477,0.637316561844864
1848,"2xleA","HEME",10,"N",85,477,0.178197064989518
1848,"2xleA","HEME",10,"O",85,477,0.178197064989518
1848,"2xleA","HEME",10,"P",0,477,0
1848,"2xleA","HEME",10,"S",3,477,0.00628930817610063
1849,"2xq1O","HEME",10,"C",418,634,0.659305993690852
1849,"2xq1O","HEME",10,"N",107,634,0.168769716088328
1849,"2xq1O","HEME",10,"O",108,634,0.170347003154574
1849,"2xq1O","HEME",10,"P",0,634,0
1849,"2xq1O","HEME",10,"S",1,634,0.00157728706624606
1850,"2xtsB","HEME",10,"C",254,394,0.644670050761421
1850,"2xtsB","HEME",10,"N",66,394,0.16751269035533
1850,"2xtsB","HEME",10,"O",71,394,0.180203045685279
1850,"2xtsB","HEME",10,"P",0,394,0
1850,"2xtsB","HEME",10,"S",3,394,0.00761421319796954
1851,"2xykB","HEME",10,"C",346,523,0.661567877629063
1851,"2xykB","HEME",10,"N",89,523,0.170172084130019
1851,"2xykB","HEME",10,"O",84,523,0.160611854684512
1851,"2xykB","HEME",10,"P",0,523,0
1851,"2xykB","HEME",10,"S",4,523,0.00764818355640535
1852,"2y4eB","HEME",10,"C",393,619,0.634894991922456
1852,"2y4eB","HEME",10,"N",111,619,0.179321486268174
1852,"2y4eB","HEME",10,"O",112,619,0.180936995153473
1852,"2y4eB","HEME",10,"P",0,619,0
1852,"2y4eB","HEME",10,"S",3,619,0.00484652665589661
1853,"2y8hA","HEME",10,"C",302,457,0.660831509846827
1853,"2y8hA","HEME",10,"N",77,457,0.168490153172867
1853,"2y8hA","HEME",10,"O",77,457,0.168490153172867
1853,"2y8hA","HEME",10,"P",0,457,0
1853,"2y8hA","HEME",10,"S",1,457,0.00218818380743982
1854,"2ybqA","HEME",10,"C",228,354,0.64406779661017
1854,"2ybqA","HEME",10,"N",67,354,0.189265536723164
1854,"2ybqA","HEME",10,"O",58,354,0.163841807909605
1854,"2ybqA","HEME",10,"P",0,354,0
1854,"2ybqA","HEME",10,"S",1,354,0.00282485875706215
1855,"2yevB","HEME",10,"C",376,586,0.641638225255973
1855,"2yevB","HEME",10,"N",108,586,0.184300341296928
1855,"2yevB","HEME",10,"O",96,586,0.16382252559727
1855,"2yevB","HEME",10,"P",0,586,0
1855,"2yevB","HEME",10,"S",6,586,0.0102389078498294
1856,"2yiuB","HEME",10,"C",273,426,0.640845070422535
1856,"2yiuB","HEME",10,"N",71,426,0.166666666666667
1856,"2yiuB","HEME",10,"O",76,426,0.178403755868545
1856,"2yiuB","HEME",10,"P",0,426,0
1856,"2yiuB","HEME",10,"S",6,426,0.0140845070422535
1857,"2yk3A","HEME",10,"C",318,496,0.641129032258065
1857,"2yk3A","HEME",10,"N",87,496,0.175403225806452
1857,"2yk3A","HEME",10,"O",87,496,0.175403225806452
1857,"2yk3A","HEME",10,"P",0,496,0
1857,"2yk3A","HEME",10,"S",4,496,0.00806451612903226
1858,"2ynmC","HEME",10,"C",195,305,0.639344262295082
1858,"2ynmC","HEME",10,"N",51,305,0.167213114754098
1858,"2ynmC","HEME",10,"O",55,305,0.180327868852459
1858,"2ynmC","HEME",10,"P",0,305,0
1858,"2ynmC","HEME",10,"S",4,305,0.0131147540983607
1859,"2yp1C","HEME",10,"C",442,679,0.650957290132548
1859,"2yp1C","HEME",10,"N",116,679,0.170839469808542
1859,"2yp1C","HEME",10,"O",119,679,0.175257731958763
1859,"2yp1C","HEME",10,"P",0,679,0
1859,"2yp1C","HEME",10,"S",2,679,0.00294550810014728
1860,"2zboA","HEME",10,"C",282,452,0.623893805309734
1860,"2zboA","HEME",10,"N",81,452,0.179203539823009
1860,"2zboA","HEME",10,"O",84,452,0.185840707964602
1860,"2zboA","HEME",10,"P",0,452,0
1860,"2zboA","HEME",10,"S",5,452,0.0110619469026549
1861,"2zdoD","HEME",10,"C",312,469,0.665245202558635
1861,"2zdoD","HEME",10,"N",79,469,0.168443496801706
1861,"2zdoD","HEME",10,"O",76,469,0.162046908315565
1861,"2zdoD","HEME",10,"P",0,469,0
1861,"2zdoD","HEME",10,"S",2,469,0.00426439232409382
1862,"2zdpA","HEME",10,"C",304,463,0.65658747300216
1862,"2zdpA","HEME",10,"N",78,463,0.168466522678186
1862,"2zdpA","HEME",10,"O",79,463,0.170626349892009
1862,"2zdpA","HEME",10,"P",0,463,0
1862,"2zdpA","HEME",10,"S",2,463,0.00431965442764579
1863,"2zfoC","HEME",10,"C",309,466,0.663090128755365
1863,"2zfoC","HEME",10,"N",82,466,0.175965665236052
1863,"2zfoC","HEME",10,"O",73,466,0.156652360515021
1863,"2zfoC","HEME",10,"P",0,466,0
1863,"2zfoC","HEME",10,"S",2,466,0.00429184549356223
1864,"2zonD","HEME",10,"C",259,408,0.634803921568627
1864,"2zonD","HEME",10,"N",73,408,0.178921568627451
1864,"2zonD","HEME",10,"O",71,408,0.174019607843137
1864,"2zonD","HEME",10,"P",0,408,0
1864,"2zonD","HEME",10,"S",5,408,0.0122549019607843
1865,"2zooA","HEME",10,"C",308,478,0.644351464435146
1865,"2zooA","HEME",10,"N",81,478,0.169456066945607
1865,"2zooA","HEME",10,"O",85,478,0.177824267782427
1865,"2zooA","HEME",10,"P",0,478,0
1865,"2zooA","HEME",10,"S",4,478,0.00836820083682008
1866,"2zt9C","HEME",10,"C",335,523,0.640535372848948
1866,"2zt9C","HEME",10,"N",91,523,0.173996175908222
1866,"2zt9C","HEME",10,"O",94,523,0.179732313575526
1866,"2zt9C","HEME",10,"P",0,523,0
1866,"2zt9C","HEME",10,"S",3,523,0.00573613766730402
1867,"2zzsA","HEME",10,"C",252,403,0.62531017369727
1867,"2zzsA","HEME",10,"N",74,403,0.183622828784119
1867,"2zzsA","HEME",10,"O",74,403,0.183622828784119
1867,"2zzsA","HEME",10,"P",0,403,0
1867,"2zzsA","HEME",10,"S",3,403,0.00744416873449132
1868,"3a15B","HEME",10,"C",430,652,0.659509202453988
1868,"3a15B","HEME",10,"N",115,652,0.17638036809816
1868,"3a15B","HEME",10,"O",103,652,0.157975460122699
1868,"3a15B","HEME",10,"P",0,652,0
1868,"3a15B","HEME",10,"S",4,652,0.00613496932515337
1869,"3a4hA","HEME",10,"C",406,616,0.659090909090909
1869,"3a4hA","HEME",10,"N",106,616,0.172077922077922
1869,"3a4hA","HEME",10,"O",98,616,0.159090909090909
1869,"3a4hA","HEME",10,"P",0,616,0
1869,"3a4hA","HEME",10,"S",6,616,0.00974025974025974
1870,"3a9fA","HEME",10,"C",227,357,0.635854341736695
1870,"3a9fA","HEME",10,"N",63,357,0.176470588235294
1870,"3a9fA","HEME",10,"O",64,357,0.179271708683473
1870,"3a9fA","HEME",10,"P",0,357,0
1870,"3a9fA","HEME",10,"S",3,357,0.00840336134453781
1871,"3ae3D","HEME",10,"C",155,236,0.656779661016949
1871,"3ae3D","HEME",10,"N",39,236,0.165254237288136
1871,"3ae3D","HEME",10,"O",42,236,0.177966101694915
1871,"3ae3D","HEME",10,"P",0,236,0
1871,"3ae3D","HEME",10,"S",0,236,0
1872,"3aeqA","HEME",10,"C",188,283,0.664310954063604
1872,"3aeqA","HEME",10,"N",46,283,0.162544169611307
1872,"3aeqA","HEME",10,"O",47,283,0.166077738515901
1872,"3aeqA","HEME",10,"P",0,283,0
1872,"3aeqA","HEME",10,"S",2,283,0.00706713780918728
1873,"3aq5A","HEME",10,"C",326,503,0.648111332007952
1873,"3aq5A","HEME",10,"N",87,503,0.172962226640159
1873,"3aq5A","HEME",10,"O",85,503,0.168986083499006
1873,"3aq5A","HEME",10,"P",0,503,0
1873,"3aq5A","HEME",10,"S",5,503,0.0099403578528827
1874,"3at5A","HEME",10,"C",302,448,0.674107142857143
1874,"3at5A","HEME",10,"N",71,448,0.158482142857143
1874,"3at5A","HEME",10,"O",75,448,0.167410714285714
1874,"3at5A","HEME",10,"P",0,448,0
1874,"3at5A","HEME",10,"S",0,448,0
1875,"3at5B","HEME",10,"C",304,444,0.684684684684685
1875,"3at5B","HEME",10,"N",71,444,0.15990990990991
1875,"3at5B","HEME",10,"O",69,444,0.155405405405405
1875,"3at5B","HEME",10,"P",0,444,0
1875,"3at5B","HEME",10,"S",0,444,0
1876,"3awmA","HEME",10,"C",429,637,0.673469387755102
1876,"3awmA","HEME",10,"N",107,637,0.167974882260597
1876,"3awmA","HEME",10,"O",95,637,0.149136577708006
1876,"3awmA","HEME",10,"P",0,637,0
1876,"3awmA","HEME",10,"S",6,637,0.00941915227629513
1877,"3ayfA","HEME",10,"C",420,658,0.638297872340426
1877,"3ayfA","HEME",10,"N",113,658,0.171732522796353
1877,"3ayfA","HEME",10,"O",122,658,0.185410334346505
1877,"3ayfA","HEME",10,"P",0,658,0
1877,"3ayfA","HEME",10,"S",3,658,0.00455927051671732
1878,"3b42A","HEME",10,"C",153,243,0.62962962962963
1878,"3b42A","HEME",10,"N",43,243,0.176954732510288
1878,"3b42A","HEME",10,"O",45,243,0.185185185185185
1878,"3b42A","HEME",10,"P",0,243,0
1878,"3b42A","HEME",10,"S",2,243,0.00823045267489712
1879,"3bcqA","HEME",10,"C",288,433,0.665127020785219
1879,"3bcqA","HEME",10,"N",71,433,0.163972286374134
1879,"3bcqA","HEME",10,"O",72,433,0.166281755196305
1879,"3bcqA","HEME",10,"P",0,433,0
1879,"3bcqA","HEME",10,"S",2,433,0.0046189376443418
1880,"3bcqB","HEME",10,"C",298,447,0.666666666666667
1880,"3bcqB","HEME",10,"N",80,447,0.178970917225951
1880,"3bcqB","HEME",10,"O",66,447,0.147651006711409
1880,"3bcqB","HEME",10,"P",0,447,0
1880,"3bcqB","HEME",10,"S",3,447,0.00671140939597315
1881,"3bk9A","HEME",10,"C",369,560,0.658928571428571
1881,"3bk9A","HEME",10,"N",100,560,0.178571428571429
1881,"3bk9A","HEME",10,"O",90,560,0.160714285714286
1881,"3bk9A","HEME",10,"P",0,560,0
1881,"3bk9A","HEME",10,"S",1,560,0.00178571428571429
1882,"3bxuB","HEME",10,"C",169,279,0.60573476702509
1882,"3bxuB","HEME",10,"N",54,279,0.193548387096774
1882,"3bxuB","HEME",10,"O",50,279,0.17921146953405
1882,"3bxuB","HEME",10,"P",0,279,0
1882,"3bxuB","HEME",10,"S",6,279,0.021505376344086
1883,"3caoA","HEME",10,"C",211,330,0.639393939393939
1883,"3caoA","HEME",10,"N",59,330,0.178787878787879
1883,"3caoA","HEME",10,"O",53,330,0.160606060606061
1883,"3caoA","HEME",10,"P",0,330,0
1883,"3caoA","HEME",10,"S",7,330,0.0212121212121212
1884,"3cp5A","HEME",10,"C",316,499,0.633266533066132
1884,"3cp5A","HEME",10,"N",88,499,0.176352705410822
1884,"3cp5A","HEME",10,"O",86,499,0.172344689378758
1884,"3cp5A","HEME",10,"P",0,499,0
1884,"3cp5A","HEME",10,"S",9,499,0.0180360721442886
1885,"3cslB","HEME",10,"C",274,462,0.593073593073593
1885,"3cslB","HEME",10,"N",86,462,0.186147186147186
1885,"3cslB","HEME",10,"O",101,462,0.218614718614719
1885,"3cslB","HEME",10,"P",0,462,0
1885,"3cslB","HEME",10,"S",1,462,0.00216450216450216
1886,"3cwbC","HEME",10,"C",406,605,0.671074380165289
1886,"3cwbC","HEME",10,"N",96,605,0.158677685950413
1886,"3cwbC","HEME",10,"O",99,605,0.163636363636364
1886,"3cwbC","HEME",10,"P",0,605,0
1886,"3cwbC","HEME",10,"S",4,605,0.00661157024793388
1887,"3cx5D","HEME",10,"C",302,474,0.637130801687764
1887,"3cx5D","HEME",10,"N",83,474,0.175105485232068
1887,"3cx5D","HEME",10,"O",84,474,0.177215189873418
1887,"3cx5D","HEME",10,"P",0,474,0
1887,"3cx5D","HEME",10,"S",5,474,0.0105485232067511
1888,"3czhA","HEME",10,"C",410,632,0.64873417721519
1888,"3czhA","HEME",10,"N",112,632,0.177215189873418
1888,"3czhA","HEME",10,"O",108,632,0.170886075949367
1888,"3czhA","HEME",10,"P",0,632,0
1888,"3czhA","HEME",10,"S",2,632,0.00316455696202532
1889,"3dbmA","HEME",10,"C",429,646,0.664086687306502
1889,"3dbmA","HEME",10,"N",101,646,0.156346749226006
1889,"3dbmA","HEME",10,"O",113,646,0.174922600619195
1889,"3dbmA","HEME",10,"P",0,646,0
1889,"3dbmA","HEME",10,"S",3,646,0.00464396284829721
1890,"3dmiA","HEME",10,"C",296,467,0.633832976445396
1890,"3dmiA","HEME",10,"N",80,467,0.171306209850107
1890,"3dmiA","HEME",10,"O",87,467,0.186295503211991
1890,"3dmiA","HEME",10,"P",0,467,0
1890,"3dmiA","HEME",10,"S",4,467,0.00856531049250535
1891,"3dp5A","HEME",10,"C",267,426,0.626760563380282
1891,"3dp5A","HEME",10,"N",80,426,0.187793427230047
1891,"3dp5A","HEME",10,"O",75,426,0.176056338028169
1891,"3dp5A","HEME",10,"P",0,426,0
1891,"3dp5A","HEME",10,"S",4,426,0.00938967136150235
1892,"3dr0A","HEME",10,"C",290,455,0.637362637362637
1892,"3dr0A","HEME",10,"N",80,455,0.175824175824176
1892,"3dr0A","HEME",10,"O",81,455,0.178021978021978
1892,"3dr0A","HEME",10,"P",0,455,0
1892,"3dr0A","HEME",10,"S",4,455,0.00879120879120879
1893,"3dsjA","HEME",10,"C",425,637,0.667189952904239
1893,"3dsjA","HEME",10,"N",99,637,0.15541601255887
1893,"3dsjA","HEME",10,"O",110,637,0.172684458398744
1893,"3dsjA","HEME",10,"P",0,637,0
1893,"3dsjA","HEME",10,"S",3,637,0.00470957613814757
1894,"3e4wA","HEME",10,"C",417,648,0.643518518518518
1894,"3e4wA","HEME",10,"N",118,648,0.182098765432099
1894,"3e4wA","HEME",10,"O",111,648,0.171296296296296
1894,"3e4wA","HEME",10,"P",0,648,0
1894,"3e4wA","HEME",10,"S",2,648,0.00308641975308642
1895,"3e65B","HEME",10,"C",358,556,0.643884892086331
1895,"3e65B","HEME",10,"N",96,556,0.172661870503597
1895,"3e65B","HEME",10,"O",96,556,0.172661870503597
1895,"3e65B","HEME",10,"P",0,556,0
1895,"3e65B","HEME",10,"S",6,556,0.0107913669064748
1896,"3egwC","HEME",10,"C",289,446,0.647982062780269
1896,"3egwC","HEME",10,"N",79,446,0.177130044843049
1896,"3egwC","HEME",10,"O",75,446,0.168161434977578
1896,"3egwC","HEME",10,"P",0,446,0
1896,"3egwC","HEME",10,"S",3,446,0.00672645739910314
1897,"3ej6B","HEME",10,"C",406,622,0.652733118971061
1897,"3ej6B","HEME",10,"N",110,622,0.176848874598071
1897,"3ej6B","HEME",10,"O",106,622,0.170418006430868
1897,"3ej6B","HEME",10,"P",0,622,0
1897,"3ej6B","HEME",10,"S",0,622,0
1898,"3ejeH","HEME",10,"C",404,638,0.633228840125392
1898,"3ejeH","HEME",10,"N",122,638,0.191222570532915
1898,"3ejeH","HEME",10,"O",107,638,0.167711598746081
1898,"3ejeH","HEME",10,"P",0,638,0
1898,"3ejeH","HEME",10,"S",5,638,0.00783699059561128
1899,"3ellA","HEME",10,"C",249,380,0.655263157894737
1899,"3ellA","HEME",10,"N",64,380,0.168421052631579
1899,"3ellA","HEME",10,"O",66,380,0.173684210526316
1899,"3ellA","HEME",10,"P",0,380,0
1899,"3ellA","HEME",10,"S",1,380,0.00263157894736842
1900,"3emmA","HEME",10,"C",286,458,0.624454148471616
1900,"3emmA","HEME",10,"N",80,458,0.174672489082969
1900,"3emmA","HEME",10,"O",90,458,0.196506550218341
1900,"3emmA","HEME",10,"P",0,458,0
1900,"3emmA","HEME",10,"S",2,458,0.00436681222707424
1901,"3fjwA","HEME",10,"C",414,633,0.654028436018957
1901,"3fjwA","HEME",10,"N",101,633,0.15955766192733
1901,"3fjwA","HEME",10,"O",113,633,0.178515007898894
1901,"3fjwA","HEME",10,"P",0,633,0
1901,"3fjwA","HEME",10,"S",5,633,0.00789889415481832
1902,"3gasA","HEME",10,"C",216,338,0.63905325443787
1902,"3gasA","HEME",10,"N",61,338,0.180473372781065
1902,"3gasA","HEME",10,"O",61,338,0.180473372781065
1902,"3gasA","HEME",10,"P",0,338,0
1902,"3gasA","HEME",10,"S",0,338,0
1903,"3gm6A","HEME",10,"C",316,521,0.606525911708253
1903,"3gm6A","HEME",10,"N",103,521,0.197696737044146
1903,"3gm6A","HEME",10,"O",93,521,0.178502879078695
1903,"3gm6A","HEME",10,"P",0,521,0
1903,"3gm6A","HEME",10,"S",9,521,0.017274472168906
1904,"3gw9A","HEME",10,"C",381,581,0.655765920826162
1904,"3gw9A","HEME",10,"N",102,581,0.175559380378657
1904,"3gw9A","HEME",10,"O",92,581,0.158347676419966
1904,"3gw9A","HEME",10,"P",0,581,0
1904,"3gw9A","HEME",10,"S",6,581,0.0103270223752151
1905,"3h4nB","HEME",10,"C",177,283,0.625441696113074
1905,"3h4nB","HEME",10,"N",52,283,0.183745583038869
1905,"3h4nB","HEME",10,"O",48,283,0.169611307420495
1905,"3h4nB","HEME",10,"P",0,283,0
1905,"3h4nB","HEME",10,"S",6,283,0.0212014134275618
1906,"3h8tA","HEME",10,"C",227,357,0.635854341736695
1906,"3h8tA","HEME",10,"N",66,357,0.184873949579832
1906,"3h8tA","HEME",10,"O",62,357,0.173669467787115
1906,"3h8tA","HEME",10,"P",0,357,0
1906,"3h8tA","HEME",10,"S",2,357,0.00560224089635854
1907,"3hf4A","HEME",10,"C",295,441,0.668934240362812
1907,"3hf4A","HEME",10,"N",72,441,0.163265306122449
1907,"3hf4A","HEME",10,"O",72,441,0.163265306122449
1907,"3hf4A","HEME",10,"P",0,441,0
1907,"3hf4A","HEME",10,"S",2,441,0.00453514739229025
1908,"3hq8A","HEME",10,"C",391,598,0.653846153846154
1908,"3hq8A","HEME",10,"N",102,598,0.17056856187291
1908,"3hq8A","HEME",10,"O",102,598,0.17056856187291
1908,"3hq8A","HEME",10,"P",0,598,0
1908,"3hq8A","HEME",10,"S",3,598,0.00501672240802676
1909,"3hx9A","HEME",10,"C",213,328,0.649390243902439
1909,"3hx9A","HEME",10,"N",63,328,0.192073170731707
1909,"3hx9A","HEME",10,"O",52,328,0.158536585365854
1909,"3hx9A","HEME",10,"P",0,328,0
1909,"3hx9A","HEME",10,"S",0,328,0
1910,"3hyuA","HEME",10,"C",306,458,0.668122270742358
1910,"3hyuA","HEME",10,"N",74,458,0.161572052401747
1910,"3hyuA","HEME",10,"O",76,458,0.165938864628821
1910,"3hyuA","HEME",10,"P",0,458,0
1910,"3hyuA","HEME",10,"S",2,458,0.00436681222707424
1911,"3hyuB","HEME",10,"C",302,439,0.687927107061503
1911,"3hyuB","HEME",10,"N",73,439,0.16628701594533
1911,"3hyuB","HEME",10,"O",63,439,0.143507972665148
1911,"3hyuB","HEME",10,"P",0,439,0
1911,"3hyuB","HEME",10,"S",1,439,0.00227790432801822
1912,"3ia8A","HEME",10,"C",304,475,0.64
1912,"3ia8A","HEME",10,"N",82,475,0.172631578947368
1912,"3ia8A","HEME",10,"O",89,475,0.187368421052632
1912,"3ia8A","HEME",10,"P",0,475,0
1912,"3ia8A","HEME",10,"S",0,475,0
1913,"3jbbI","HEME",10,"C",287,452,0.634955752212389
1913,"3jbbI","HEME",10,"N",81,452,0.179203539823009
1913,"3jbbI","HEME",10,"O",80,452,0.176991150442478
1913,"3jbbI","HEME",10,"P",0,452,0
1913,"3jbbI","HEME",10,"S",4,452,0.00884955752212389
1914,"3lf5A","HEME",10,"C",200,317,0.630914826498423
1914,"3lf5A","HEME",10,"N",55,317,0.173501577287066
1914,"3lf5A","HEME",10,"O",57,317,0.17981072555205
1914,"3lf5A","HEME",10,"P",0,317,0
1914,"3lf5A","HEME",10,"S",5,317,0.0157728706624606
1915,"3lxiB","HEME",10,"C",437,660,0.662121212121212
1915,"3lxiB","HEME",10,"N",108,660,0.163636363636364
1915,"3lxiB","HEME",10,"O",111,660,0.168181818181818
1915,"3lxiB","HEME",10,"P",0,660,0
1915,"3lxiB","HEME",10,"S",4,660,0.00606060606060606
1916,"3m5qA","HEME",10,"C",389,599,0.649415692821369
1916,"3m5qA","HEME",10,"N",101,599,0.168614357262103
1916,"3m5qA","HEME",10,"O",105,599,0.175292153589316
1916,"3m5qA","HEME",10,"P",0,599,0
1916,"3m5qA","HEME",10,"S",4,599,0.00667779632721202
1917,"3m97A","HEME",10,"C",319,492,0.648373983739837
1917,"3m97A","HEME",10,"N",86,492,0.17479674796748
1917,"3m97A","HEME",10,"O",83,492,0.16869918699187
1917,"3m97A","HEME",10,"P",0,492,0
1917,"3m97A","HEME",10,"S",4,492,0.00813008130081301
1918,"3mgxA","HEME",10,"C",406,652,0.622699386503067
1918,"3mgxA","HEME",10,"N",127,652,0.19478527607362
1918,"3mgxA","HEME",10,"O",113,652,0.173312883435583
1918,"3mgxA","HEME",10,"P",0,652,0
1918,"3mgxA","HEME",10,"S",6,652,0.00920245398773006
1919,"3mk7A","HEME",10,"C",390,598,0.652173913043478
1919,"3mk7A","HEME",10,"N",104,598,0.173913043478261
1919,"3mk7A","HEME",10,"O",100,598,0.167224080267559
1919,"3mk7A","HEME",10,"P",0,598,0
1919,"3mk7A","HEME",10,"S",4,598,0.00668896321070234
1920,"3mk7B","HEME",10,"C",301,465,0.647311827956989
1920,"3mk7B","HEME",10,"N",80,465,0.172043010752688
1920,"3mk7B","HEME",10,"O",79,465,0.16989247311828
1920,"3mk7B","HEME",10,"P",0,465,0
1920,"3mk7B","HEME",10,"S",5,465,0.010752688172043
1921,"3mk7C","HEME",10,"C",344,537,0.640595903165736
1921,"3mk7C","HEME",10,"N",96,537,0.17877094972067
1921,"3mk7C","HEME",10,"O",94,537,0.175046554934823
1921,"3mk7C","HEME",10,"P",0,537,0
1921,"3mk7C","HEME",10,"S",3,537,0.00558659217877095
1922,"3mkbB","HEME",10,"C",305,455,0.67032967032967
1922,"3mkbB","HEME",10,"N",76,455,0.167032967032967
1922,"3mkbB","HEME",10,"O",73,455,0.16043956043956
1922,"3mkbB","HEME",10,"P",0,455,0
1922,"3mkbB","HEME",10,"S",1,455,0.0021978021978022
1923,"3ml1B","HEME",10,"C",196,314,0.624203821656051
1923,"3ml1B","HEME",10,"N",61,314,0.194267515923567
1923,"3ml1B","HEME",10,"O",50,314,0.159235668789809
1923,"3ml1B","HEME",10,"P",0,314,0
1923,"3ml1B","HEME",10,"S",7,314,0.0222929936305732
1924,"3mvcA","HEME",10,"C",321,486,0.660493827160494
1924,"3mvcA","HEME",10,"N",81,486,0.166666666666667
1924,"3mvcA","HEME",10,"O",79,486,0.162551440329218
1924,"3mvcA","HEME",10,"P",0,486,0
1924,"3mvcA","HEME",10,"S",5,486,0.0102880658436214
1925,"3nerB","HEME",10,"C",222,354,0.627118644067797
1925,"3nerB","HEME",10,"N",63,354,0.177966101694915
1925,"3nerB","HEME",10,"O",68,354,0.192090395480226
1925,"3nerB","HEME",10,"P",0,354,0
1925,"3nerB","HEME",10,"S",1,354,0.00282485875706215
1926,"3nn2B","HEME",10,"C",386,581,0.664371772805508
1926,"3nn2B","HEME",10,"N",95,581,0.163511187607573
1926,"3nn2B","HEME",10,"O",98,581,0.168674698795181
1926,"3nn2B","HEME",10,"P",0,581,0
1926,"3nn2B","HEME",10,"S",2,581,0.00344234079173838
1927,"3notA","HEME",10,"C",401,642,0.624610591900312
1927,"3notA","HEME",10,"N",111,642,0.172897196261682
1927,"3notA","HEME",10,"O",124,642,0.193146417445483
1927,"3notA","HEME",10,"P",0,642,0
1927,"3notA","HEME",10,"S",6,642,0.00934579439252336
1928,"3nu1A","HEME",10,"C",207,338,0.612426035502959
1928,"3nu1A","HEME",10,"N",60,338,0.177514792899408
1928,"3nu1A","HEME",10,"O",66,338,0.195266272189349
1928,"3nu1A","HEME",10,"P",0,338,0
1928,"3nu1A","HEME",10,"S",5,338,0.014792899408284
1929,"3o0rC","HEME",10,"C",370,556,0.66546762589928
1929,"3o0rC","HEME",10,"N",93,556,0.16726618705036
1929,"3o0rC","HEME",10,"O",87,556,0.156474820143885
1929,"3o0rC","HEME",10,"P",0,556,0
1929,"3o0rC","HEME",10,"S",6,556,0.0107913669064748
1930,"3o0rD","HEME",10,"C",289,449,0.643652561247216
1930,"3o0rD","HEME",10,"N",84,449,0.187082405345212
1930,"3o0rD","HEME",10,"O",72,449,0.160356347438753
1930,"3o0rD","HEME",10,"P",0,449,0
1930,"3o0rD","HEME",10,"S",4,449,0.0089086859688196
1931,"3o5cA","HEME",10,"C",394,633,0.622432859399684
1931,"3o5cA","HEME",10,"N",116,633,0.183254344391785
1931,"3o5cA","HEME",10,"O",119,633,0.187993680884676
1931,"3o5cA","HEME",10,"P",0,633,0
1931,"3o5cA","HEME",10,"S",4,633,0.00631911532385466
1932,"3oa8B","HEME",10,"C",270,427,0.63231850117096
1932,"3oa8B","HEME",10,"N",73,427,0.17096018735363
1932,"3oa8B","HEME",10,"O",80,427,0.187353629976581
1932,"3oa8B","HEME",10,"P",0,427,0
1932,"3oa8B","HEME",10,"S",4,427,0.00936768149882904
1933,"3ocdA","HEME",10,"C",299,488,0.612704918032787
1933,"3ocdA","HEME",10,"N",93,488,0.190573770491803
1933,"3ocdA","HEME",10,"O",88,488,0.180327868852459
1933,"3ocdA","HEME",10,"P",0,488,0
1933,"3ocdA","HEME",10,"S",8,488,0.0163934426229508
1934,"3ov0A","HEME",10,"C",221,343,0.644314868804665
1934,"3ov0A","HEME",10,"N",61,343,0.177842565597668
1934,"3ov0A","HEME",10,"O",56,343,0.163265306122449
1934,"3ov0A","HEME",10,"P",0,343,0
1934,"3ov0A","HEME",10,"S",5,343,0.0145772594752187
1935,"3p3zA","HEME",10,"C",408,626,0.651757188498403
1935,"3p3zA","HEME",10,"N",112,626,0.178913738019169
1935,"3p3zA","HEME",10,"O",103,626,0.164536741214058
1935,"3p3zA","HEME",10,"P",0,626,0
1935,"3p3zA","HEME",10,"S",3,626,0.00479233226837061
1936,"3pc3A","HEME",10,"C",222,371,0.598382749326146
1936,"3pc3A","HEME",10,"N",75,371,0.202156334231806
1936,"3pc3A","HEME",10,"O",72,371,0.194070080862534
1936,"3pc3A","HEME",10,"P",0,371,0
1936,"3pc3A","HEME",10,"S",2,371,0.00539083557951483
1937,"3ph2A","HEME",10,"C",273,430,0.634883720930233
1937,"3ph2A","HEME",10,"N",76,430,0.176744186046512
1937,"3ph2A","HEME",10,"O",77,430,0.17906976744186
1937,"3ph2A","HEME",10,"P",0,430,0
1937,"3ph2A","HEME",10,"S",4,430,0.00930232558139535
1938,"3pmqA","HEME",10,"C",161,270,0.596296296296296
1938,"3pmqA","HEME",10,"N",51,270,0.188888888888889
1938,"3pmqA","HEME",10,"O",53,270,0.196296296296296
1938,"3pmqA","HEME",10,"P",0,270,0
1938,"3pmqA","HEME",10,"S",5,270,0.0185185185185185
1939,"3pt7B","HEME",10,"C",313,464,0.674568965517241
1939,"3pt7B","HEME",10,"N",70,464,0.150862068965517
1939,"3pt7B","HEME",10,"O",75,464,0.161637931034483
1939,"3pt7B","HEME",10,"P",0,464,0
1939,"3pt7B","HEME",10,"S",6,464,0.0129310344827586
1940,"3q08A","HEME",10,"C",378,579,0.652849740932642
1940,"3q08A","HEME",10,"N",102,579,0.176165803108808
1940,"3q08A","HEME",10,"O",96,579,0.16580310880829
1940,"3q08A","HEME",10,"P",0,579,0
1940,"3q08A","HEME",10,"S",3,579,0.00518134715025907
1941,"3qjtA","HEME",10,"C",438,666,0.657657657657658
1941,"3qjtA","HEME",10,"N",114,666,0.171171171171171
1941,"3qjtA","HEME",10,"O",111,666,0.166666666666667
1941,"3qjtA","HEME",10,"P",0,666,0
1941,"3qjtA","HEME",10,"S",3,666,0.0045045045045045
1942,"3qnsA","HEME",10,"C",369,578,0.63840830449827
1942,"3qnsA","HEME",10,"N",97,578,0.167820069204152
1942,"3qnsA","HEME",10,"O",109,578,0.188581314878893
1942,"3qnsA","HEME",10,"P",0,578,0
1942,"3qnsA","HEME",10,"S",3,578,0.00519031141868512
1943,"3qpiB","HEME",10,"C",402,617,0.651539708265802
1943,"3qpiB","HEME",10,"N",111,617,0.179902755267423
1943,"3qpiB","HEME",10,"O",102,617,0.165316045380875
1943,"3qpiB","HEME",10,"P",0,617,0
1943,"3qpiB","HEME",10,"S",2,617,0.00324149108589951
1944,"3qqrB","HEME",10,"C",311,469,0.663113006396588
1944,"3qqrB","HEME",10,"N",77,469,0.164179104477612
1944,"3qqrB","HEME",10,"O",79,469,0.168443496801706
1944,"3qqrB","HEME",10,"P",0,469,0
1944,"3qqrB","HEME",10,"S",2,469,0.00426439232409382
1945,"3qugA","HEME",10,"C",218,337,0.646884272997033
1945,"3qugA","HEME",10,"N",53,337,0.15727002967359
1945,"3qugA","HEME",10,"O",64,337,0.189910979228487
1945,"3qugA","HEME",10,"P",0,337,0
1945,"3qugA","HEME",10,"S",2,337,0.00593471810089021
1946,"3qzpB","HEME",10,"C",221,344,0.642441860465116
1946,"3qzpB","HEME",10,"N",57,344,0.165697674418605
1946,"3qzpB","HEME",10,"O",64,344,0.186046511627907
1946,"3qzpB","HEME",10,"P",0,344,0
1946,"3qzpB","HEME",10,"S",2,344,0.00581395348837209
1947,"3r9cA","HEME",10,"C",375,574,0.653310104529617
1947,"3r9cA","HEME",10,"N",101,574,0.17595818815331
1947,"3r9cA","HEME",10,"O",95,574,0.165505226480836
1947,"3r9cA","HEME",10,"P",0,574,0
1947,"3r9cA","HEME",10,"S",3,574,0.00522648083623693
1948,"3rivA","HEME",10,"C",418,625,0.6688
1948,"3rivA","HEME",10,"N",100,625,0.16
1948,"3rivA","HEME",10,"O",102,625,0.1632
1948,"3rivA","HEME",10,"P",0,625,0
1948,"3rivA","HEME",10,"S",5,625,0.008
1949,"3rtlB","HEME",10,"C",215,338,0.636094674556213
1949,"3rtlB","HEME",10,"N",55,338,0.162721893491124
1949,"3rtlB","HEME",10,"O",66,338,0.195266272189349
1949,"3rtlB","HEME",10,"P",0,338,0
1949,"3rtlB","HEME",10,"S",2,338,0.00591715976331361
1950,"3rwlA","HEME",10,"C",416,654,0.636085626911315
1950,"3rwlA","HEME",10,"N",120,654,0.18348623853211
1950,"3rwlA","HEME",10,"O",112,654,0.171253822629969
1950,"3rwlA","HEME",10,"P",0,654,0
1950,"3rwlA","HEME",10,"S",6,654,0.0091743119266055
1951,"3s1iA","HEME",10,"C",305,456,0.668859649122807
1951,"3s1iA","HEME",10,"N",75,456,0.164473684210526
1951,"3s1iA","HEME",10,"O",74,456,0.162280701754386
1951,"3s1iA","HEME",10,"P",0,456,0
1951,"3s1iA","HEME",10,"S",2,456,0.0043859649122807
1952,"3sikB","HEME",10,"C",197,307,0.641693811074919
1952,"3sikB","HEME",10,"N",54,307,0.175895765472313
1952,"3sikB","HEME",10,"O",55,307,0.179153094462541
1952,"3sikB","HEME",10,"P",0,307,0
1952,"3sikB","HEME",10,"S",1,307,0.00325732899022801
1953,"3t3zB","HEME",10,"C",409,627,0.652312599681021
1953,"3t3zB","HEME",10,"N",108,627,0.172248803827751
1953,"3t3zB","HEME",10,"O",109,627,0.17384370015949
1953,"3t3zB","HEME",10,"P",0,627,0
1953,"3t3zB","HEME",10,"S",1,627,0.00159489633173844
1954,"3t6dA","HEME",10,"C",371,570,0.650877192982456
1954,"3t6dA","HEME",10,"N",93,570,0.163157894736842
1954,"3t6dA","HEME",10,"O",96,570,0.168421052631579
1954,"3t6dA","HEME",10,"P",0,570,0
1954,"3t6dA","HEME",10,"S",10,570,0.0175438596491228
1955,"3tf8B","HEME",10,"C",374,565,0.661946902654867
1955,"3tf8B","HEME",10,"N",94,565,0.166371681415929
1955,"3tf8B","HEME",10,"O",92,565,0.16283185840708
1955,"3tf8B","HEME",10,"P",0,565,0
1955,"3tf8B","HEME",10,"S",5,565,0.00884955752212389
1956,"3tktA","HEME",10,"C",428,666,0.642642642642643
1956,"3tktA","HEME",10,"N",119,666,0.178678678678679
1956,"3tktA","HEME",10,"O",115,666,0.172672672672673
1956,"3tktA","HEME",10,"P",0,666,0
1956,"3tktA","HEME",10,"S",4,666,0.00600600600600601
1957,"3tm9A","HEME",10,"C",281,423,0.664302600472813
1957,"3tm9A","HEME",10,"N",67,423,0.15839243498818
1957,"3tm9A","HEME",10,"O",74,423,0.174940898345154
1957,"3tm9A","HEME",10,"P",0,423,0
1957,"3tm9A","HEME",10,"S",1,423,0.00236406619385343
1958,"3u8pB","HEME",10,"C",362,586,0.617747440273038
1958,"3u8pB","HEME",10,"N",108,586,0.184300341296928
1958,"3u8pB","HEME",10,"O",112,586,0.191126279863481
1958,"3u8pB","HEME",10,"P",0,586,0
1958,"3u8pB","HEME",10,"S",4,586,0.0068259385665529
1959,"3ubrA","HEME",10,"C",306,493,0.620689655172414
1959,"3ubrA","HEME",10,"N",92,493,0.186612576064909
1959,"3ubrA","HEME",10,"O",88,493,0.178498985801217
1959,"3ubrA","HEME",10,"P",0,493,0
1959,"3ubrA","HEME",10,"S",7,493,0.0141987829614604
1960,"3ucpA","HEME",10,"C",321,516,0.622093023255814
1960,"3ucpA","HEME",10,"N",93,516,0.180232558139535
1960,"3ucpA","HEME",10,"O",96,516,0.186046511627907
1960,"3ucpA","HEME",10,"P",0,516,0
1960,"3ucpA","HEME",10,"S",6,516,0.0116279069767442
1961,"3ut2A","HEME",10,"C",429,653,0.656967840735069
1961,"3ut2A","HEME",10,"N",108,653,0.165390505359877
1961,"3ut2A","HEME",10,"O",112,653,0.171516079632466
1961,"3ut2A","HEME",10,"P",0,653,0
1961,"3ut2A","HEME",10,"S",4,653,0.00612557427258806
1962,"3vliA","HEME",10,"C",445,675,0.659259259259259
1962,"3vliA","HEME",10,"N",108,675,0.16
1962,"3vliA","HEME",10,"O",117,675,0.173333333333333
1962,"3vliA","HEME",10,"P",0,675,0
1962,"3vliA","HEME",10,"S",5,675,0.00740740740740741
1963,"3vlmA","HEME",10,"C",439,657,0.668188736681887
1963,"3vlmA","HEME",10,"N",104,657,0.158295281582953
1963,"3vlmA","HEME",10,"O",110,657,0.167427701674277
1963,"3vlmA","HEME",10,"P",0,657,0
1963,"3vlmA","HEME",10,"S",4,657,0.0060882800608828
1964,"3volA","HEME",10,"C",321,486,0.660493827160494
1964,"3volA","HEME",10,"N",87,486,0.179012345679012
1964,"3volA","HEME",10,"O",75,486,0.154320987654321
1964,"3volA","HEME",10,"P",0,486,0
1964,"3volA","HEME",10,"S",3,486,0.00617283950617284
1965,"3vp5A","HEME",10,"C",355,528,0.672348484848485
1965,"3vp5A","HEME",10,"N",86,528,0.162878787878788
1965,"3vp5A","HEME",10,"O",87,528,0.164772727272727
1965,"3vp5A","HEME",10,"P",0,528,0
1965,"3vp5A","HEME",10,"S",0,528,0
1966,"3vreB","HEME",10,"C",309,450,0.686666666666667
1966,"3vreB","HEME",10,"N",73,450,0.162222222222222
1966,"3vreB","HEME",10,"O",68,450,0.151111111111111
1966,"3vreB","HEME",10,"P",0,450,0
1966,"3vreB","HEME",10,"S",0,450,0
1967,"3w2zA","HEME",10,"C",295,444,0.664414414414414
1967,"3w2zA","HEME",10,"N",72,444,0.162162162162162
1967,"3w2zA","HEME",10,"O",76,444,0.171171171171171
1967,"3w2zA","HEME",10,"P",0,444,0
1967,"3w2zA","HEME",10,"S",1,444,0.00225225225225225
1968,"3wctA","HEME",10,"C",304,451,0.674057649667406
1968,"3wctA","HEME",10,"N",78,451,0.172949002217295
1968,"3wctA","HEME",10,"O",69,451,0.152993348115299
1968,"3wctA","HEME",10,"P",0,451,0
1968,"3wctA","HEME",10,"S",0,451,0
1969,"3wctB","HEME",10,"C",299,458,0.652838427947598
1969,"3wctB","HEME",10,"N",82,458,0.179039301310044
1969,"3wctB","HEME",10,"O",74,458,0.161572052401747
1969,"3wctB","HEME",10,"P",0,458,0
1969,"3wctB","HEME",10,"S",3,458,0.00655021834061135
1970,"3wctC","HEME",10,"C",310,473,0.6553911205074
1970,"3wctC","HEME",10,"N",84,473,0.177589852008457
1970,"3wctC","HEME",10,"O",78,473,0.164904862579281
1970,"3wctC","HEME",10,"P",0,473,0
1970,"3wctC","HEME",10,"S",1,473,0.00211416490486258
1971,"3wcuD","HEME",10,"C",314,471,0.666666666666667
1971,"3wcuD","HEME",10,"N",79,471,0.167728237791932
1971,"3wcuD","HEME",10,"O",76,471,0.16135881104034
1971,"3wcuD","HEME",10,"P",0,471,0
1971,"3wcuD","HEME",10,"S",2,471,0.00424628450106157
1972,"3wfxA","HEME",10,"C",160,247,0.647773279352227
1972,"3wfxA","HEME",10,"N",44,247,0.178137651821862
1972,"3wfxA","HEME",10,"O",42,247,0.17004048582996
1972,"3wfxA","HEME",10,"P",0,247,0
1972,"3wfxA","HEME",10,"S",1,247,0.00404858299595142
1973,"3wmmA","HEME",10,"C",275,435,0.632183908045977
1973,"3wmmA","HEME",10,"N",75,435,0.172413793103448
1973,"3wmmA","HEME",10,"O",80,435,0.183908045977011
1973,"3wmmA","HEME",10,"P",0,435,0
1973,"3wmmA","HEME",10,"S",5,435,0.0114942528735632
1974,"3x15A","HEME",10,"C",179,275,0.650909090909091
1974,"3x15A","HEME",10,"N",47,275,0.170909090909091
1974,"3x15A","HEME",10,"O",47,275,0.170909090909091
1974,"3x15A","HEME",10,"P",0,275,0
1974,"3x15A","HEME",10,"S",2,275,0.00727272727272727
1975,"3zbyB","HEME",10,"C",428,655,0.653435114503817
1975,"3zbyB","HEME",10,"N",109,655,0.166412213740458
1975,"3zbyB","HEME",10,"O",113,655,0.172519083969466
1975,"3zbyB","HEME",10,"P",0,655,0
1975,"3zbyB","HEME",10,"S",5,655,0.00763358778625954
1976,"3zhwA","HEME",10,"C",322,486,0.662551440329218
1976,"3zhwA","HEME",10,"N",81,486,0.166666666666667
1976,"3zhwA","HEME",10,"O",79,486,0.162551440329218
1976,"3zhwA","HEME",10,"P",0,486,0
1976,"3zhwA","HEME",10,"S",4,486,0.00823045267489712
1977,"3ziyA","HEME",10,"C",315,487,0.646817248459959
1977,"3ziyA","HEME",10,"N",83,487,0.170431211498973
1977,"3ziyA","HEME",10,"O",85,487,0.174537987679671
1977,"3ziyA","HEME",10,"P",0,487,0
1977,"3ziyA","HEME",10,"S",4,487,0.0082135523613963
1978,"3zjhB","HEME",10,"C",440,662,0.664652567975831
1978,"3zjhB","HEME",10,"N",109,662,0.164652567975831
1978,"3zjhB","HEME",10,"O",112,662,0.169184290030211
1978,"3zjhB","HEME",10,"P",0,662,0
1978,"3zjhB","HEME",10,"S",1,662,0.00151057401812689
1979,"4aamA","HEME",10,"C",399,647,0.616692426584235
1979,"4aamA","HEME",10,"N",120,647,0.185471406491499
1979,"4aamA","HEME",10,"O",125,647,0.193199381761978
1979,"4aamA","HEME",10,"P",0,647,0
1979,"4aamA","HEME",10,"S",3,647,0.00463678516228748
1980,"4atjB","HEME",10,"C",410,614,0.667752442996743
1980,"4atjB","HEME",10,"N",101,614,0.164495114006515
1980,"4atjB","HEME",10,"O",98,614,0.159609120521173
1980,"4atjB","HEME",10,"P",0,614,0
1980,"4atjB","HEME",10,"S",5,614,0.00814332247557003
1981,"4b2nA","HEME",10,"C",457,717,0.637377963737796
1981,"4b2nA","HEME",10,"N",128,717,0.178521617852162
1981,"4b2nA","HEME",10,"O",129,717,0.179916317991632
1981,"4b2nA","HEME",10,"P",0,717,0
1981,"4b2nA","HEME",10,"S",3,717,0.00418410041841004
1982,"4b2yA","HEME",10,"C",401,619,0.647819063004846
1982,"4b2yA","HEME",10,"N",109,619,0.176090468497577
1982,"4b2yA","HEME",10,"O",107,619,0.172859450726979
1982,"4b2yA","HEME",10,"P",0,619,0
1982,"4b2yA","HEME",10,"S",2,619,0.00323101777059774
1983,"4b4yA","HEME",10,"C",290,442,0.656108597285068
1983,"4b4yA","HEME",10,"N",71,442,0.160633484162896
1983,"4b4yA","HEME",10,"O",76,442,0.171945701357466
1983,"4b4yA","HEME",10,"P",0,442,0
1983,"4b4yA","HEME",10,"S",5,442,0.0113122171945701
1984,"4b7fA","HEME",10,"C",407,621,0.655394524959742
1984,"4b7fA","HEME",10,"N",111,621,0.178743961352657
1984,"4b7fA","HEME",10,"O",102,621,0.164251207729469
1984,"4b7fA","HEME",10,"P",0,621,0
1984,"4b7fA","HEME",10,"S",1,621,0.00161030595813205
1985,"4b8nB","HEME",10,"C",227,338,0.671597633136095
1985,"4b8nB","HEME",10,"N",54,338,0.159763313609467
1985,"4b8nB","HEME",10,"O",55,338,0.162721893491124
1985,"4b8nB","HEME",10,"P",0,338,0
1985,"4b8nB","HEME",10,"S",2,338,0.00591715976331361
1986,"4bf4D","HEME",10,"C",401,622,0.644694533762058
1986,"4bf4D","HEME",10,"N",114,622,0.183279742765273
1986,"4bf4D","HEME",10,"O",102,622,0.163987138263666
1986,"4bf4D","HEME",10,"P",0,622,0
1986,"4bf4D","HEME",10,"S",5,622,0.00803858520900321
1987,"4bjaA","HEME",10,"C",326,478,0.682008368200837
1987,"4bjaA","HEME",10,"N",80,478,0.167364016736402
1987,"4bjaA","HEME",10,"O",70,478,0.146443514644351
1987,"4bjaA","HEME",10,"P",0,478,0
1987,"4bjaA","HEME",10,"S",2,478,0.00418410041841004
1988,"4bwiA","HEME",10,"C",363,557,0.651705565529623
1988,"4bwiA","HEME",10,"N",98,557,0.175942549371634
1988,"4bwiA","HEME",10,"O",94,557,0.168761220825853
1988,"4bwiA","HEME",10,"P",0,557,0
1988,"4bwiA","HEME",10,"S",2,557,0.00359066427289048
1989,"4c0nA","HEME",10,"C",365,542,0.673431734317343
1989,"4c0nA","HEME",10,"N",89,542,0.164206642066421
1989,"4c0nA","HEME",10,"O",85,542,0.156826568265683
1989,"4c0nA","HEME",10,"P",0,542,0
1989,"4c0nA","HEME",10,"S",3,542,0.0055350553505535
1990,"4cabA","HEME",10,"C",396,614,0.644951140065147
1990,"4cabA","HEME",10,"N",102,614,0.166123778501629
1990,"4cabA","HEME",10,"O",114,614,0.185667752442997
1990,"4cabA","HEME",10,"P",0,614,0
1990,"4cabA","HEME",10,"S",2,614,0.00325732899022801
1991,"4cdpA","HEME",10,"C",321,499,0.643286573146293
1991,"4cdpA","HEME",10,"N",89,499,0.178356713426854
1991,"4cdpA","HEME",10,"O",86,499,0.172344689378758
1991,"4cdpA","HEME",10,"P",0,499,0
1991,"4cdpA","HEME",10,"S",3,499,0.00601202404809619
1992,"4cx9A","HEME",10,"C",316,504,0.626984126984127
1992,"4cx9A","HEME",10,"N",90,504,0.178571428571429
1992,"4cx9A","HEME",10,"O",94,504,0.186507936507937
1992,"4cx9A","HEME",10,"P",0,504,0
1992,"4cx9A","HEME",10,"S",4,504,0.00793650793650794
1993,"4czoA","HEME",10,"C",407,631,0.645007923930269
1993,"4czoA","HEME",10,"N",106,631,0.167987321711569
1993,"4czoA","HEME",10,"O",115,631,0.182250396196513
1993,"4czoA","HEME",10,"P",0,631,0
1993,"4czoA","HEME",10,"S",3,631,0.00475435816164818
1994,"4d1nC","HEME",10,"C",353,550,0.641818181818182
1994,"4d1nC","HEME",10,"N",95,550,0.172727272727273
1994,"4d1nC","HEME",10,"O",97,550,0.176363636363636
1994,"4d1nC","HEME",10,"P",0,550,0
1994,"4d1nC","HEME",10,"S",5,550,0.00909090909090909
1995,"4e04B","HEME",10,"C",381,595,0.640336134453781
1995,"4e04B","HEME",10,"N",97,595,0.163025210084034
1995,"4e04B","HEME",10,"O",111,595,0.18655462184874
1995,"4e04B","HEME",10,"P",0,595,0
1995,"4e04B","HEME",10,"S",6,595,0.0100840336134454
1996,"4e37B","HEME",10,"C",408,621,0.657004830917874
1996,"4e37B","HEME",10,"N",112,621,0.180354267310789
1996,"4e37B","HEME",10,"O",99,621,0.159420289855072
1996,"4e37B","HEME",10,"P",0,621,0
1996,"4e37B","HEME",10,"S",2,621,0.00322061191626409
1997,"4egnB","HEME",10,"C",429,662,0.648036253776435
1997,"4egnB","HEME",10,"N",119,662,0.1797583081571
1997,"4egnB","HEME",10,"O",109,662,0.164652567975831
1997,"4egnB","HEME",10,"P",0,662,0
1997,"4egnB","HEME",10,"S",5,662,0.00755287009063444
1998,"4eieA","HEME",10,"C",279,448,0.622767857142857
1998,"4eieA","HEME",10,"N",87,448,0.194196428571429
1998,"4eieA","HEME",10,"O",78,448,0.174107142857143
1998,"4eieA","HEME",10,"P",0,448,0
1998,"4eieA","HEME",10,"S",4,448,0.00892857142857143
1999,"4ejgE","HEME",10,"C",402,612,0.656862745098039
1999,"4ejgE","HEME",10,"N",103,612,0.168300653594771
1999,"4ejgE","HEME",10,"O",105,612,0.17156862745098
1999,"4ejgE","HEME",10,"P",0,612,0
1999,"4ejgE","HEME",10,"S",2,612,0.00326797385620915
2000,"4f0tB","HEME",10,"C",145,241,0.601659751037344
2000,"4f0tB","HEME",10,"N",46,241,0.190871369294606
2000,"4f0tB","HEME",10,"O",49,241,0.203319502074689
2000,"4f0tB","HEME",10,"P",0,241,0
2000,"4f0tB","HEME",10,"S",1,241,0.004149377593361
2001,"4fa4B","HEME",10,"C",412,662,0.622356495468278
2001,"4fa4B","HEME",10,"N",120,662,0.181268882175227
2001,"4fa4B","HEME",10,"O",126,662,0.190332326283988
2001,"4fa4B","HEME",10,"P",0,662,0
2001,"4fa4B","HEME",10,"S",4,662,0.00604229607250755
2002,"4fofA","HEME",10,"C",292,459,0.636165577342048
2002,"4fofA","HEME",10,"N",85,459,0.185185185185185
2002,"4fofA","HEME",10,"O",80,459,0.174291938997821
2002,"4fofA","HEME",10,"P",0,459,0
2002,"4fofA","HEME",10,"S",2,459,0.00435729847494553
2003,"4g1bA","HEME",10,"C",374,563,0.664298401420959
2003,"4g1bA","HEME",10,"N",94,563,0.16696269982238
2003,"4g1bA","HEME",10,"O",93,563,0.165186500888099
2003,"4g1bA","HEME",10,"P",0,563,0
2003,"4g1bA","HEME",10,"S",2,563,0.00355239786856128
2004,"4g1xA","HEME",10,"C",381,591,0.644670050761421
2004,"4g1xA","HEME",10,"N",112,591,0.189509306260575
2004,"4g1xA","HEME",10,"O",94,591,0.159052453468697
2004,"4g1xA","HEME",10,"P",0,591,0
2004,"4g1xA","HEME",10,"S",4,591,0.00676818950930626
2005,"4gd3I","HEME",10,"C",322,485,0.663917525773196
2005,"4gd3I","HEME",10,"N",79,485,0.162886597938144
2005,"4gd3I","HEME",10,"O",75,485,0.154639175257732
2005,"4gd3I","HEME",10,"P",0,485,0
2005,"4gd3I","HEME",10,"S",9,485,0.0185567010309278
2006,"4gl5A","HEME",10,"C",413,637,0.648351648351648
2006,"4gl5A","HEME",10,"N",106,637,0.166405023547881
2006,"4gl5A","HEME",10,"O",101,637,0.158555729984301
2006,"4gl5A","HEME",10,"P",0,637,0
2006,"4gl5A","HEME",10,"S",17,637,0.0266875981161695
2007,"4gu7A","HEME",10,"C",363,571,0.635726795096322
2007,"4gu7A","HEME",10,"N",95,571,0.166374781085814
2007,"4gu7A","HEME",10,"O",110,571,0.192644483362522
2007,"4gu7A","HEME",10,"P",0,571,0
2007,"4gu7A","HEME",10,"S",3,571,0.00525394045534151
2008,"4gydA","HEME",10,"C",289,456,0.633771929824561
2008,"4gydA","HEME",10,"N",81,456,0.177631578947368
2008,"4gydA","HEME",10,"O",82,456,0.179824561403509
2008,"4gydA","HEME",10,"P",0,456,0
2008,"4gydA","HEME",10,"S",4,456,0.0087719298245614
2009,"4h0mA","HEME",10,"C",76,135,0.562962962962963
2009,"4h0mA","HEME",10,"N",28,135,0.207407407407407
2009,"4h0mA","HEME",10,"O",31,135,0.22962962962963
2009,"4h0mA","HEME",10,"P",0,135,0
2009,"4h0mA","HEME",10,"S",0,135,0
2010,"4h2lB","HEME",10,"C",307,448,0.685267857142857
2010,"4h2lB","HEME",10,"N",73,448,0.162946428571429
2010,"4h2lB","HEME",10,"O",68,448,0.151785714285714
2010,"4h2lB","HEME",10,"P",0,448,0
2010,"4h2lB","HEME",10,"S",0,448,0
2011,"4h8qA","HEME",10,"C",215,330,0.651515151515151
2011,"4h8qA","HEME",10,"N",55,330,0.166666666666667
2011,"4h8qA","HEME",10,"O",56,330,0.16969696969697
2011,"4h8qA","HEME",10,"P",0,330,0
2011,"4h8qA","HEME",10,"S",4,330,0.0121212121212121
2012,"4hkaA","HEME",10,"C",406,613,0.66231647634584
2012,"4hkaA","HEME",10,"N",104,613,0.169657422512235
2012,"4hkaA","HEME",10,"O",100,613,0.163132137030995
2012,"4hkaA","HEME",10,"P",0,613,0
2012,"4hkaA","HEME",10,"S",3,613,0.00489396411092985
2013,"4hrrA","HEME",10,"C",312,472,0.661016949152542
2013,"4hrrA","HEME",10,"N",84,472,0.177966101694915
2013,"4hrrA","HEME",10,"O",74,472,0.156779661016949
2013,"4hrrA","HEME",10,"P",0,472,0
2013,"4hrrA","HEME",10,"S",2,472,0.00423728813559322
2014,"4hrrB","HEME",10,"C",308,466,0.660944206008584
2014,"4hrrB","HEME",10,"N",81,466,0.17381974248927
2014,"4hrrB","HEME",10,"O",75,466,0.160944206008584
2014,"4hrrB","HEME",10,"P",0,466,0
2014,"4hrrB","HEME",10,"S",2,466,0.00429184549356223
2015,"4i3bA","HEME",10,"C",423,659,0.641881638846737
2015,"4i3bA","HEME",10,"N",113,659,0.171471927162367
2015,"4i3bA","HEME",10,"O",122,659,0.185128983308042
2015,"4i3bA","HEME",10,"P",0,659,0
2015,"4i3bA","HEME",10,"S",1,659,0.00151745068285281
2016,"4i8vC","HEME",10,"C",403,624,0.645833333333333
2016,"4i8vC","HEME",10,"N",108,624,0.173076923076923
2016,"4i8vC","HEME",10,"O",109,624,0.174679487179487
2016,"4i8vC","HEME",10,"P",0,624,0
2016,"4i8vC","HEME",10,"S",4,624,0.00641025641025641
2017,"4i91A","HEME",10,"C",409,625,0.6544
2017,"4i91A","HEME",10,"N",105,625,0.168
2017,"4i91A","HEME",10,"O",109,625,0.1744
2017,"4i91A","HEME",10,"P",0,625,0
2017,"4i91A","HEME",10,"S",2,625,0.0032
2018,"4j20A","HEME",10,"C",280,455,0.615384615384615
2018,"4j20A","HEME",10,"N",83,455,0.182417582417582
2018,"4j20A","HEME",10,"O",84,455,0.184615384615385
2018,"4j20A","HEME",10,"P",0,455,0
2018,"4j20A","HEME",10,"S",8,455,0.0175824175824176
2019,"4j6dB","HEME",10,"C",404,623,0.648475120385233
2019,"4j6dB","HEME",10,"N",109,623,0.174959871589085
2019,"4j6dB","HEME",10,"O",106,623,0.170144462279294
2019,"4j6dB","HEME",10,"P",0,623,0
2019,"4j6dB","HEME",10,"S",4,623,0.00642054574638844
2020,"4jetA","HEME",10,"C",224,339,0.660766961651917
2020,"4jetA","HEME",10,"N",55,339,0.162241887905605
2020,"4jetA","HEME",10,"O",55,339,0.162241887905605
2020,"4jetA","HEME",10,"P",0,339,0
2020,"4jetA","HEME",10,"S",5,339,0.0147492625368732
2021,"4jj0A","HEME",10,"C",194,309,0.627831715210356
2021,"4jj0A","HEME",10,"N",54,309,0.174757281553398
2021,"4jj0A","HEME",10,"O",57,309,0.184466019417476
2021,"4jj0A","HEME",10,"P",0,309,0
2021,"4jj0A","HEME",10,"S",4,309,0.0129449838187702
2022,"4jouA","HEME",10,"C",267,403,0.662531017369727
2022,"4jouA","HEME",10,"N",65,403,0.161290322580645
2022,"4jouA","HEME",10,"O",71,403,0.176178660049628
2022,"4jouA","HEME",10,"P",0,403,0
2022,"4jouA","HEME",10,"S",0,403,0
2023,"4kmgA","HEME",10,"C",269,430,0.625581395348837
2023,"4kmgA","HEME",10,"N",82,430,0.190697674418605
2023,"4kmgA","HEME",10,"O",76,430,0.176744186046512
2023,"4kmgA","HEME",10,"P",0,430,0
2023,"4kmgA","HEME",10,"S",3,430,0.00697674418604651
2024,"4l0dA","HEME",10,"C",223,373,0.597855227882037
2024,"4l0dA","HEME",10,"N",76,373,0.203753351206434
2024,"4l0dA","HEME",10,"O",73,373,0.195710455764075
2024,"4l0dA","HEME",10,"P",0,373,0
2024,"4l0dA","HEME",10,"S",1,373,0.00268096514745308
2025,"4l2mA","HEME",10,"C",332,510,0.650980392156863
2025,"4l2mA","HEME",10,"N",88,510,0.172549019607843
2025,"4l2mA","HEME",10,"O",87,510,0.170588235294118
2025,"4l2mA","HEME",10,"P",0,510,0
2025,"4l2mA","HEME",10,"S",3,510,0.00588235294117647
2026,"4l6gA","HEME",10,"C",400,624,0.641025641025641
2026,"4l6gA","HEME",10,"N",115,624,0.184294871794872
2026,"4l6gA","HEME",10,"O",106,624,0.169871794871795
2026,"4l6gA","HEME",10,"P",0,624,0
2026,"4l6gA","HEME",10,"S",3,624,0.00480769230769231
2027,"4l6vS","HEME",10,"C",216,321,0.672897196261682
2027,"4l6vS","HEME",10,"N",55,321,0.171339563862928
2027,"4l6vS","HEME",10,"O",49,321,0.152647975077882
2027,"4l6vS","HEME",10,"P",0,321,0
2027,"4l6vS","HEME",10,"S",1,321,0.00311526479750779
2028,"4ljiA","HEME",10,"C",315,493,0.63894523326572
2028,"4ljiA","HEME",10,"N",85,493,0.172413793103448
2028,"4ljiA","HEME",10,"O",90,493,0.182555780933063
2028,"4ljiA","HEME",10,"P",0,493,0
2028,"4ljiA","HEME",10,"S",3,493,0.00608519269776876
2029,"4lm6A","HEME",10,"C",125,208,0.600961538461538
2029,"4lm6A","HEME",10,"N",36,208,0.173076923076923
2029,"4lm6A","HEME",10,"O",45,208,0.216346153846154
2029,"4lm6A","HEME",10,"P",0,208,0
2029,"4lm6A","HEME",10,"S",2,208,0.00961538461538462
2030,"4lm6B","HEME",10,"C",175,277,0.631768953068592
2030,"4lm6B","HEME",10,"N",47,277,0.169675090252708
2030,"4lm6B","HEME",10,"O",53,277,0.191335740072202
2030,"4lm6B","HEME",10,"P",0,277,0
2030,"4lm6B","HEME",10,"S",2,277,0.0072202166064982
2031,"4lm8A","HEME",10,"C",164,274,0.598540145985402
2031,"4lm8A","HEME",10,"N",51,274,0.186131386861314
2031,"4lm8A","HEME",10,"O",54,274,0.197080291970803
2031,"4lm8A","HEME",10,"P",0,274,0
2031,"4lm8A","HEME",10,"S",5,274,0.0182481751824818
2032,"4lmhD","HEME",10,"C",175,288,0.607638888888889
2032,"4lmhD","HEME",10,"N",55,288,0.190972222222222
2032,"4lmhD","HEME",10,"O",55,288,0.190972222222222
2032,"4lmhD","HEME",10,"P",0,288,0
2032,"4lmhD","HEME",10,"S",3,288,0.0104166666666667
2033,"4lmsA","HEME",10,"C",129,221,0.583710407239819
2033,"4lmsA","HEME",10,"N",41,221,0.18552036199095
2033,"4lmsA","HEME",10,"O",49,221,0.221719457013575
2033,"4lmsA","HEME",10,"P",0,221,0
2033,"4lmsA","HEME",10,"S",2,221,0.00904977375565611
2034,"4lmsC","HEME",10,"C",136,231,0.588744588744589
2034,"4lmsC","HEME",10,"N",43,231,0.186147186147186
2034,"4lmsC","HEME",10,"O",49,231,0.212121212121212
2034,"4lmsC","HEME",10,"P",0,231,0
2034,"4lmsC","HEME",10,"S",3,231,0.012987012987013
2035,"4lmxC","HEME",10,"C",117,197,0.593908629441624
2035,"4lmxC","HEME",10,"N",34,197,0.17258883248731
2035,"4lmxC","HEME",10,"O",44,197,0.223350253807107
2035,"4lmxC","HEME",10,"P",0,197,0
2035,"4lmxC","HEME",10,"S",2,197,0.0101522842639594
2036,"4n4jA","HEME",10,"C",311,493,0.630831643002028
2036,"4n4jA","HEME",10,"N",88,493,0.178498985801217
2036,"4n4jA","HEME",10,"O",85,493,0.172413793103448
2036,"4n4jA","HEME",10,"P",0,493,0
2036,"4n4jA","HEME",10,"S",9,493,0.0182555780933063
2037,"4n4oA","HEME",10,"C",152,240,0.633333333333333
2037,"4n4oA","HEME",10,"N",42,240,0.175
2037,"4n4oA","HEME",10,"O",40,240,0.166666666666667
2037,"4n4oA","HEME",10,"P",0,240,0
2037,"4n4oA","HEME",10,"S",6,240,0.025
2038,"4n73A","HEME",10,"C",338,503,0.671968190854871
2038,"4n73A","HEME",10,"N",78,503,0.15506958250497
2038,"4n73A","HEME",10,"O",81,503,0.1610337972167
2038,"4n73A","HEME",10,"P",0,503,0
2038,"4n73A","HEME",10,"S",6,503,0.0119284294234592
2039,"4nk2A","HEME",10,"C",345,525,0.657142857142857
2039,"4nk2A","HEME",10,"N",91,525,0.173333333333333
2039,"4nk2A","HEME",10,"O",83,525,0.158095238095238
2039,"4nk2A","HEME",10,"P",0,525,0
2039,"4nk2A","HEME",10,"S",6,525,0.0114285714285714
2040,"4o1wA","HEME",10,"C",242,386,0.626943005181347
2040,"4o1wA","HEME",10,"N",67,386,0.173575129533679
2040,"4o1wA","HEME",10,"O",71,386,0.183937823834197
2040,"4o1wA","HEME",10,"P",0,386,0
2040,"4o1wA","HEME",10,"S",6,386,0.0155440414507772
2041,"4o4sG","HEME",10,"C",321,495,0.648484848484848
2041,"4o4sG","HEME",10,"N",84,495,0.16969696969697
2041,"4o4sG","HEME",10,"O",88,495,0.177777777777778
2041,"4o4sG","HEME",10,"P",0,495,0
2041,"4o4sG","HEME",10,"S",2,495,0.00404040404040404
2042,"4o7gB","HEME",10,"C",367,542,0.677121771217712
2042,"4o7gB","HEME",10,"N",82,542,0.151291512915129
2042,"4o7gB","HEME",10,"O",90,542,0.166051660516605
2042,"4o7gB","HEME",10,"P",0,542,0
2042,"4o7gB","HEME",10,"S",3,542,0.0055350553505535
2043,"4oqrA","HEME",10,"C",384,599,0.641068447412354
2043,"4oqrA","HEME",10,"N",111,599,0.185308848080134
2043,"4oqrA","HEME",10,"O",99,599,0.165275459098498
2043,"4oqrA","HEME",10,"P",0,599,0
2043,"4oqrA","HEME",10,"S",5,599,0.00834724540901502
2044,"4ourB","HEME",10,"C",400,643,0.62208398133748
2044,"4ourB","HEME",10,"N",122,643,0.189735614307932
2044,"4ourB","HEME",10,"O",114,643,0.177293934681182
2044,"4ourB","HEME",10,"P",0,643,0
2044,"4ourB","HEME",10,"S",7,643,0.0108864696734059
2045,"4pwaD","HEME",10,"C",239,379,0.630606860158311
2045,"4pwaD","HEME",10,"N",67,379,0.176781002638522
2045,"4pwaD","HEME",10,"O",70,379,0.184696569920844
2045,"4pwaD","HEME",10,"P",0,379,0
2045,"4pwaD","HEME",10,"S",3,379,0.0079155672823219
2046,"4pwvA","HEME",10,"C",399,622,0.641479099678457
2046,"4pwvA","HEME",10,"N",113,622,0.181672025723473
2046,"4pwvA","HEME",10,"O",109,622,0.17524115755627
2046,"4pwvA","HEME",10,"P",0,622,0
2046,"4pwvA","HEME",10,"S",1,622,0.00160771704180064
2047,"4qi3A","HEME",10,"C",229,351,0.652421652421652
2047,"4qi3A","HEME",10,"N",60,351,0.170940170940171
2047,"4qi3A","HEME",10,"O",57,351,0.162393162393162
2047,"4qi3A","HEME",10,"P",0,351,0
2047,"4qi3A","HEME",10,"S",5,351,0.0142450142450142
2048,"4qi7A","HEME",10,"C",217,339,0.640117994100295
2048,"4qi7A","HEME",10,"N",60,339,0.176991150442478
2048,"4qi7A","HEME",10,"O",57,339,0.168141592920354
2048,"4qi7A","HEME",10,"P",0,339,0
2048,"4qi7A","HEME",10,"S",5,339,0.0147492625368732
2049,"4qoqA","HEME",10,"C",415,621,0.668276972624799
2049,"4qoqA","HEME",10,"N",105,621,0.169082125603865
2049,"4qoqA","HEME",10,"O",98,621,0.15780998389694
2049,"4qoqA","HEME",10,"P",0,621,0
2049,"4qoqA","HEME",10,"S",3,621,0.00483091787439614
2050,"4r1zA","HEME",10,"C",400,603,0.66334991708126
2050,"4r1zA","HEME",10,"N",104,603,0.172470978441128
2050,"4r1zA","HEME",10,"O",97,603,0.160862354892206
2050,"4r1zA","HEME",10,"P",0,603,0
2050,"4r1zA","HEME",10,"S",2,603,0.0033167495854063
2051,"4rknA","HEME",10,"C",270,436,0.619266055045872
2051,"4rknA","HEME",10,"N",83,436,0.190366972477064
2051,"4rknA","HEME",10,"O",78,436,0.178899082568807
2051,"4rknA","HEME",10,"P",0,436,0
2051,"4rknA","HEME",10,"S",5,436,0.0114678899082569
2052,"4rlrA","HEME",10,"C",282,433,0.651270207852194
2052,"4rlrA","HEME",10,"N",80,433,0.184757505773672
2052,"4rlrA","HEME",10,"O",65,433,0.150115473441109
2052,"4rlrA","HEME",10,"P",0,433,0
2052,"4rlrA","HEME",10,"S",6,433,0.0138568129330254
2053,"4rm4A","HEME",10,"C",405,626,0.646964856230032
2053,"4rm4A","HEME",10,"N",114,626,0.182108626198083
2053,"4rm4A","HEME",10,"O",103,626,0.164536741214058
2053,"4rm4A","HEME",10,"P",0,626,0
2053,"4rm4A","HEME",10,"S",4,626,0.00638977635782748
2054,"4tx3A","HEME",10,"C",389,605,0.64297520661157
2054,"4tx3A","HEME",10,"N",108,605,0.178512396694215
2054,"4tx3A","HEME",10,"O",102,605,0.168595041322314
2054,"4tx3A","HEME",10,"P",0,605,0
2054,"4tx3A","HEME",10,"S",6,605,0.00991735537190083
2055,"4u72A","HEME",10,"C",404,615,0.656910569105691
2055,"4u72A","HEME",10,"N",110,615,0.178861788617886
2055,"4u72A","HEME",10,"O",98,615,0.159349593495935
2055,"4u72A","HEME",10,"P",0,615,0
2055,"4u72A","HEME",10,"S",3,615,0.0048780487804878
2056,"4u8uA","HEME",10,"C",346,505,0.685148514851485
2056,"4u8uA","HEME",10,"N",82,505,0.162376237623762
2056,"4u8uA","HEME",10,"O",77,505,0.152475247524752
2056,"4u8uA","HEME",10,"P",0,505,0
2056,"4u8uA","HEME",10,"S",0,505,0
2057,"4u8uB","HEME",10,"C",324,480,0.675
2057,"4u8uB","HEME",10,"N",82,480,0.170833333333333
2057,"4u8uB","HEME",10,"O",74,480,0.154166666666667
2057,"4u8uB","HEME",10,"P",0,480,0
2057,"4u8uB","HEME",10,"S",0,480,0
2058,"4u8uC","HEME",10,"C",330,489,0.674846625766871
2058,"4u8uC","HEME",10,"N",84,489,0.171779141104294
2058,"4u8uC","HEME",10,"O",74,489,0.151329243353783
2058,"4u8uC","HEME",10,"P",0,489,0
2058,"4u8uC","HEME",10,"S",1,489,0.00204498977505112
2059,"4u8uD","HEME",10,"C",329,485,0.678350515463918
2059,"4u8uD","HEME",10,"N",83,485,0.171134020618557
2059,"4u8uD","HEME",10,"O",72,485,0.148453608247423
2059,"4u8uD","HEME",10,"P",0,485,0
2059,"4u8uD","HEME",10,"S",1,485,0.00206185567010309
2060,"4u99A","HEME",10,"C",398,593,0.671163575042159
2060,"4u99A","HEME",10,"N",95,593,0.160202360876897
2060,"4u99A","HEME",10,"O",95,593,0.160202360876897
2060,"4u99A","HEME",10,"P",0,593,0
2060,"4u99A","HEME",10,"S",5,593,0.00843170320404722
2061,"4ubsA","HEME",10,"C",400,611,0.654664484451719
2061,"4ubsA","HEME",10,"N",108,611,0.176759410801964
2061,"4ubsA","HEME",10,"O",100,611,0.16366612111293
2061,"4ubsA","HEME",10,"P",0,611,0
2061,"4ubsA","HEME",10,"S",3,611,0.00490998363338789
2062,"4uc1A","HEME",10,"C",293,434,0.675115207373272
2062,"4uc1A","HEME",10,"N",67,434,0.154377880184332
2062,"4uc1A","HEME",10,"O",71,434,0.163594470046083
2062,"4uc1A","HEME",10,"P",0,434,0
2062,"4uc1A","HEME",10,"S",3,434,0.00691244239631336
2063,"4uiiA","HEME",10,"C",218,336,0.648809523809524
2063,"4uiiA","HEME",10,"N",60,336,0.178571428571429
2063,"4uiiA","HEME",10,"O",55,336,0.163690476190476
2063,"4uiiA","HEME",10,"P",0,336,0
2063,"4uiiA","HEME",10,"S",3,336,0.00892857142857143
2064,"4uiqA","HEME",10,"C",299,459,0.651416122004357
2064,"4uiqA","HEME",10,"N",77,459,0.167755991285403
2064,"4uiqA","HEME",10,"O",80,459,0.174291938997821
2064,"4uiqA","HEME",10,"P",0,459,0
2064,"4uiqA","HEME",10,"S",3,459,0.0065359477124183
2065,"4uurA","HEME",10,"C",337,509,0.662082514734774
2065,"4uurA","HEME",10,"N",87,509,0.170923379174853
2065,"4uurA","HEME",10,"O",79,509,0.155206286836935
2065,"4uurA","HEME",10,"P",0,509,0
2065,"4uurA","HEME",10,"S",6,509,0.0117878192534381
2066,"4uylB","HEME",10,"C",390,592,0.658783783783784
2066,"4uylB","HEME",10,"N",95,592,0.160472972972973
2066,"4uylB","HEME",10,"O",102,592,0.172297297297297
2066,"4uylB","HEME",10,"P",0,592,0
2066,"4uylB","HEME",10,"S",5,592,0.00844594594594595
2067,"4uzvA","HEME",10,"C",351,518,0.677606177606178
2067,"4uzvA","HEME",10,"N",86,518,0.166023166023166
2067,"4uzvA","HEME",10,"O",77,518,0.148648648648649
2067,"4uzvA","HEME",10,"P",0,518,0
2067,"4uzvA","HEME",10,"S",4,518,0.00772200772200772
2068,"4v2kA","HEME",10,"C",328,518,0.633204633204633
2068,"4v2kA","HEME",10,"N",94,518,0.181467181467181
2068,"4v2kA","HEME",10,"O",91,518,0.175675675675676
2068,"4v2kA","HEME",10,"P",0,518,0
2068,"4v2kA","HEME",10,"S",5,518,0.00965250965250965
2069,"4w7jC","HEME",10,"C",418,658,0.635258358662614
2069,"4w7jC","HEME",10,"N",121,658,0.183890577507599
2069,"4w7jC","HEME",10,"O",116,658,0.17629179331307
2069,"4w7jC","HEME",10,"P",0,658,0
2069,"4w7jC","HEME",10,"S",3,658,0.00455927051671732
2070,"4wnuB","HEME",10,"C",406,619,0.655896607431341
2070,"4wnuB","HEME",10,"N",105,619,0.169628432956381
2070,"4wnuB","HEME",10,"O",106,619,0.17124394184168
2070,"4wnuB","HEME",10,"P",0,619,0
2070,"4wnuB","HEME",10,"S",2,619,0.00323101777059774
2071,"4x8yA","HEME",10,"C",183,261,0.701149425287356
2071,"4x8yA","HEME",10,"N",39,261,0.149425287356322
2071,"4x8yA","HEME",10,"O",37,261,0.14176245210728
2071,"4x8yA","HEME",10,"P",0,261,0
2071,"4x8yA","HEME",10,"S",2,261,0.00766283524904215
2072,"4xdiA","HEME",10,"C",337,511,0.659491193737769
2072,"4xdiA","HEME",10,"N",90,511,0.176125244618395
2072,"4xdiA","HEME",10,"O",82,511,0.160469667318982
2072,"4xdiA","HEME",10,"P",0,511,0
2072,"4xdiA","HEME",10,"S",2,511,0.00391389432485323
2073,"4xe3A","HEME",10,"C",369,578,0.63840830449827
2073,"4xe3A","HEME",10,"N",108,578,0.186851211072664
2073,"4xe3A","HEME",10,"O",99,578,0.171280276816609
2073,"4xe3A","HEME",10,"P",0,578,0
2073,"4xe3A","HEME",10,"S",2,578,0.00346020761245675
2074,"4xkbA","HEME",10,"C",201,302,0.665562913907285
2074,"4xkbA","HEME",10,"N",54,302,0.178807947019868
2074,"4xkbA","HEME",10,"O",46,302,0.152317880794702
2074,"4xkbA","HEME",10,"P",0,302,0
2074,"4xkbA","HEME",10,"S",1,302,0.0033112582781457
2075,"4xmhA","HEME",10,"C",342,520,0.657692307692308
2075,"4xmhA","HEME",10,"N",82,520,0.157692307692308
2075,"4xmhA","HEME",10,"O",94,520,0.180769230769231
2075,"4xmhA","HEME",10,"P",0,520,0
2075,"4xmhA","HEME",10,"S",2,520,0.00384615384615385
2076,"4xtqA","HEME",10,"C",327,521,0.62763915547025
2076,"4xtqA","HEME",10,"N",93,521,0.178502879078695
2076,"4xtqA","HEME",10,"O",96,521,0.18426103646833
2076,"4xtqA","HEME",10,"P",0,521,0
2076,"4xtqA","HEME",10,"S",5,521,0.00959692898272553
2077,"4xxiA","HEME",10,"C",247,380,0.65
2077,"4xxiA","HEME",10,"N",66,380,0.173684210526316
2077,"4xxiA","HEME",10,"O",65,380,0.171052631578947
2077,"4xxiA","HEME",10,"P",0,380,0
2077,"4xxiA","HEME",10,"S",2,380,0.00526315789473684
2078,"4xxlA","HEME",10,"C",292,453,0.644591611479029
2078,"4xxlA","HEME",10,"N",81,453,0.178807947019868
2078,"4xxlA","HEME",10,"O",78,453,0.172185430463576
2078,"4xxlA","HEME",10,"P",0,453,0
2078,"4xxlA","HEME",10,"S",2,453,0.00441501103752759
2079,"4xydB","HEME",10,"C",290,450,0.644444444444444
2079,"4xydB","HEME",10,"N",81,450,0.18
2079,"4xydB","HEME",10,"O",73,450,0.162222222222222
2079,"4xydB","HEME",10,"P",0,450,0
2079,"4xydB","HEME",10,"S",6,450,0.0133333333333333
2080,"4y7sA","HEME",10,"C",174,264,0.659090909090909
2080,"4y7sA","HEME",10,"N",43,264,0.162878787878788
2080,"4y7sA","HEME",10,"O",43,264,0.162878787878788
2080,"4y7sA","HEME",10,"P",0,264,0
2080,"4y7sA","HEME",10,"S",4,264,0.0151515151515152
2081,"4ympB","HEME",10,"C",203,305,0.665573770491803
2081,"4ympB","HEME",10,"N",42,305,0.137704918032787
2081,"4ympB","HEME",10,"O",58,305,0.19016393442623
2081,"4ympB","HEME",10,"P",0,305,0
2081,"4ympB","HEME",10,"S",2,305,0.00655737704918033
2082,"4yt3A","HEME",10,"C",384,594,0.646464646464647
2082,"4yt3A","HEME",10,"N",106,594,0.178451178451178
2082,"4yt3A","HEME",10,"O",100,594,0.168350168350168
2082,"4yt3A","HEME",10,"P",0,594,0
2082,"4yt3A","HEME",10,"S",4,594,0.00673400673400673
2083,"4zgxJ","HEME",10,"C",391,599,0.652754590984975
2083,"4zgxJ","HEME",10,"N",103,599,0.17195325542571
2083,"4zgxJ","HEME",10,"O",102,599,0.170283806343907
2083,"4zgxJ","HEME",10,"P",0,599,0
2083,"4zgxJ","HEME",10,"S",3,599,0.00500834724540901
2084,"4zvbA","HEME",10,"C",321,497,0.645875251509054
2084,"4zvbA","HEME",10,"N",90,497,0.181086519114688
2084,"4zvbA","HEME",10,"O",82,497,0.164989939637827
2084,"4zvbA","HEME",10,"P",0,497,0
2084,"4zvbA","HEME",10,"S",4,497,0.00804828973843058
2085,"5a13B","HEME",10,"C",380,580,0.655172413793103
2085,"5a13B","HEME",10,"N",101,580,0.174137931034483
2085,"5a13B","HEME",10,"O",98,580,0.168965517241379
2085,"5a13B","HEME",10,"P",0,580,0
2085,"5a13B","HEME",10,"S",1,580,0.00172413793103448
2086,"5akpA","HEME",10,"C",358,559,0.640429338103757
2086,"5akpA","HEME",10,"N",96,559,0.171735241502683
2086,"5akpA","HEME",10,"O",101,559,0.180679785330948
2086,"5akpA","HEME",10,"P",0,559,0
2086,"5akpA","HEME",10,"S",4,559,0.00715563506261181
2087,"5aqdA","HEME",10,"C",168,265,0.633962264150943
2087,"5aqdA","HEME",10,"N",46,265,0.173584905660377
2087,"5aqdA","HEME",10,"O",48,265,0.181132075471698
2087,"5aqdA","HEME",10,"P",0,265,0
2087,"5aqdA","HEME",10,"S",3,265,0.0113207547169811
2088,"5aqdM","HEME",10,"C",203,338,0.600591715976331
2088,"5aqdM","HEME",10,"N",67,338,0.198224852071006
2088,"5aqdM","HEME",10,"O",63,338,0.186390532544379
2088,"5aqdM","HEME",10,"P",0,338,0
2088,"5aqdM","HEME",10,"S",5,338,0.014792899408284
2089,"5aurA","HEME",10,"C",224,341,0.656891495601173
2089,"5aurA","HEME",10,"N",60,341,0.175953079178886
2089,"5aurA","HEME",10,"O",56,341,0.164222873900293
2089,"5aurA","HEME",10,"P",0,341,0
2089,"5aurA","HEME",10,"S",1,341,0.00293255131964809
2090,"5b3iA","HEME",10,"C",342,527,0.648956356736243
2090,"5b3iA","HEME",10,"N",89,527,0.16888045540797
2090,"5b3iA","HEME",10,"O",91,527,0.172675521821632
2090,"5b3iA","HEME",10,"P",0,527,0
2090,"5b3iA","HEME",10,"S",5,527,0.0094876660341556
2091,"5b3vB","HEME",10,"C",260,409,0.635696821515892
2091,"5b3vB","HEME",10,"N",79,409,0.193154034229829
2091,"5b3vB","HEME",10,"O",68,409,0.166259168704156
2091,"5b3vB","HEME",10,"P",0,409,0
2091,"5b3vB","HEME",10,"S",2,409,0.00488997555012225
2092,"5b50A","HEME",10,"C",214,350,0.611428571428571
2092,"5b50A","HEME",10,"N",65,350,0.185714285714286
2092,"5b50A","HEME",10,"O",70,350,0.2
2092,"5b50A","HEME",10,"P",0,350,0
2092,"5b50A","HEME",10,"S",1,350,0.00285714285714286
2093,"5b6qA","HEME",10,"C",265,428,0.619158878504673
2093,"5b6qA","HEME",10,"N",78,428,0.182242990654206
2093,"5b6qA","HEME",10,"O",78,428,0.182242990654206
2093,"5b6qA","HEME",10,"P",0,428,0
2093,"5b6qA","HEME",10,"S",7,428,0.0163551401869159
2094,"5bv2B","HEME",10,"C",403,619,0.651050080775444
2094,"5bv2B","HEME",10,"N",112,619,0.180936995153473
2094,"5bv2B","HEME",10,"O",104,619,0.168012924071082
2094,"5bv2B","HEME",10,"P",0,619,0
2094,"5bv2B","HEME",10,"S",0,619,0
2095,"5bv5A","HEME",10,"C",340,524,0.648854961832061
2095,"5bv5A","HEME",10,"N",94,524,0.179389312977099
2095,"5bv5A","HEME",10,"O",90,524,0.17175572519084
2095,"5bv5A","HEME",10,"P",0,524,0
2095,"5bv5A","HEME",10,"S",0,524,0
2096,"5c2vC","HEME",10,"C",387,613,0.631321370309951
2096,"5c2vC","HEME",10,"N",107,613,0.174551386623165
2096,"5c2vC","HEME",10,"O",115,613,0.187601957585644
2096,"5c2vC","HEME",10,"P",0,613,0
2096,"5c2vC","HEME",10,"S",4,613,0.0065252854812398
2097,"5d1vA","HEME",10,"C",373,563,0.662522202486678
2097,"5d1vA","HEME",10,"N",104,563,0.184724689165187
2097,"5d1vA","HEME",10,"O",83,563,0.147424511545293
2097,"5d1vA","HEME",10,"P",0,563,0
2097,"5d1vA","HEME",10,"S",3,563,0.00532859680284192
2098,"5de0C","HEME",10,"C",371,579,0.640759930915371
2098,"5de0C","HEME",10,"N",101,579,0.174438687392055
2098,"5de0C","HEME",10,"O",102,579,0.176165803108808
2098,"5de0C","HEME",10,"P",0,579,0
2098,"5de0C","HEME",10,"S",5,579,0.00863557858376511
2099,"5dfxA","HEME",10,"C",311,469,0.663113006396588
2099,"5dfxA","HEME",10,"N",80,469,0.170575692963753
2099,"5dfxA","HEME",10,"O",77,469,0.164179104477612
2099,"5dfxA","HEME",10,"P",0,469,0
2099,"5dfxA","HEME",10,"S",1,469,0.00213219616204691
2100,"5f1aA","HEME",10,"C",388,567,0.684303350970018
2100,"5f1aA","HEME",10,"N",86,567,0.151675485008818
2100,"5f1aA","HEME",10,"O",90,567,0.158730158730159
2100,"5f1aA","HEME",10,"P",0,567,0
2100,"5f1aA","HEME",10,"S",3,567,0.00529100529100529
2101,"5f6zA","HEME",10,"C",352,534,0.659176029962547
2101,"5f6zA","HEME",10,"N",87,534,0.162921348314607
2101,"5f6zA","HEME",10,"O",92,534,0.172284644194757
2101,"5f6zA","HEME",10,"P",0,534,0
2101,"5f6zA","HEME",10,"S",3,534,0.00561797752808989
2102,"5ff1B","HEME",10,"C",440,671,0.655737704918033
2102,"5ff1B","HEME",10,"N",115,671,0.171385991058122
2102,"5ff1B","HEME",10,"O",114,671,0.169895678092399
2102,"5ff1B","HEME",10,"P",0,671,0
2102,"5ff1B","HEME",10,"S",2,671,0.0029806259314456
2103,"5foiA","HEME",10,"C",394,618,0.637540453074434
2103,"5foiA","HEME",10,"N",114,618,0.184466019417476
2103,"5foiA","HEME",10,"O",104,618,0.168284789644013
2103,"5foiA","HEME",10,"P",0,618,0
2103,"5foiA","HEME",10,"S",6,618,0.00970873786407767
2104,"5fujA","HEME",10,"C",429,655,0.654961832061069
2104,"5fujA","HEME",10,"N",109,655,0.166412213740458
2104,"5fujA","HEME",10,"O",114,655,0.174045801526718
2104,"5fujA","HEME",10,"P",0,655,0
2104,"5fujA","HEME",10,"S",3,655,0.00458015267175573
2105,"5fygA","HEME",10,"C",418,653,0.640122511485452
2105,"5fygA","HEME",10,"N",117,653,0.179173047473201
2105,"5fygA","HEME",10,"O",108,653,0.165390505359877
2105,"5fygA","HEME",10,"P",0,653,0
2105,"5fygA","HEME",10,"S",10,653,0.0153139356814701
2106,"5gj3A","HEME",10,"C",182,293,0.621160409556314
2106,"5gj3A","HEME",10,"N",52,293,0.177474402730375
2106,"5gj3A","HEME",10,"O",58,293,0.197952218430034
2106,"5gj3A","HEME",10,"P",0,293,0
2106,"5gj3A","HEME",10,"S",1,293,0.00341296928327645
2107,"5gweA","HEME",10,"C",413,638,0.647335423197492
2107,"5gweA","HEME",10,"N",113,638,0.177115987460815
2107,"5gweA","HEME",10,"O",109,638,0.170846394984326
2107,"5gweA","HEME",10,"P",0,638,0
2107,"5gweA","HEME",10,"S",3,638,0.00470219435736677
2108,"5hh3B","HEME",10,"C",403,617,0.653160453808752
2108,"5hh3B","HEME",10,"N",110,617,0.178282009724473
2108,"5hh3B","HEME",10,"O",100,617,0.162074554294976
2108,"5hh3B","HEME",10,"P",0,617,0
2108,"5hh3B","HEME",10,"S",4,617,0.00648298217179903
2109,"5irvC","HEME",10,"C",398,602,0.661129568106312
2109,"5irvC","HEME",10,"N",101,602,0.167774086378738
2109,"5irvC","HEME",10,"O",99,602,0.164451827242525
2109,"5irvC","HEME",10,"P",0,602,0
2109,"5irvC","HEME",10,"S",4,602,0.00664451827242525
2110,"5jggA","HEME",10,"C",307,464,0.661637931034483
2110,"5jggA","HEME",10,"N",76,464,0.163793103448276
2110,"5jggA","HEME",10,"O",80,464,0.172413793103448
2110,"5jggA","HEME",10,"P",0,464,0
2110,"5jggA","HEME",10,"S",1,464,0.0021551724137931
2111,"5jnzB","HEME",10,"C",303,444,0.682432432432432
2111,"5jnzB","HEME",10,"N",74,444,0.166666666666667
2111,"5jnzB","HEME",10,"O",66,444,0.148648648648649
2111,"5jnzB","HEME",10,"P",0,444,0
2111,"5jnzB","HEME",10,"S",1,444,0.00225225225225225
2112,"5k8zB","HEME",10,"C",384,589,0.65195246179966
2112,"5k8zB","HEME",10,"N",106,589,0.179966044142615
2112,"5k8zB","HEME",10,"O",97,589,0.164685908319185
2112,"5k8zB","HEME",10,"P",0,589,0
2112,"5k8zB","HEME",10,"S",2,589,0.0033955857385399
2113,"5kyoA","HEME",10,"C",402,631,0.637083993660856
2113,"5kyoA","HEME",10,"N",115,631,0.182250396196513
2113,"5kyoA","HEME",10,"O",107,631,0.169572107765452
2113,"5kyoA","HEME",10,"P",0,631,0
2113,"5kyoA","HEME",10,"S",7,631,0.0110935023771791
2114,"5kzlA","HEME",10,"C",297,456,0.651315789473684
2114,"5kzlA","HEME",10,"N",78,456,0.171052631578947
2114,"5kzlA","HEME",10,"O",80,456,0.175438596491228
2114,"5kzlA","HEME",10,"P",0,456,0
2114,"5kzlA","HEME",10,"S",1,456,0.00219298245614035
2115,"5l8rE","HEME",10,"C",231,346,0.667630057803468
2115,"5l8rE","HEME",10,"N",60,346,0.173410404624277
2115,"5l8rE","HEME",10,"O",55,346,0.158959537572254
2115,"5l8rE","HEME",10,"P",0,346,0
2115,"5l8rE","HEME",10,"S",0,346,0
2116,"5l91A","HEME",10,"C",417,640,0.6515625
2116,"5l91A","HEME",10,"N",117,640,0.1828125
2116,"5l91A","HEME",10,"O",101,640,0.1578125
2116,"5l91A","HEME",10,"P",0,640,0
2116,"5l91A","HEME",10,"S",5,640,0.0078125
2117,"5llyC","HEME",10,"C",449,695,0.646043165467626
2117,"5llyC","HEME",10,"N",120,695,0.172661870503597
2117,"5llyC","HEME",10,"O",119,695,0.171223021582734
2117,"5llyC","HEME",10,"P",0,695,0
2117,"5llyC","HEME",10,"S",7,695,0.0100719424460432
2118,"5lo9A","HEME",10,"C",393,629,0.624801271860095
2118,"5lo9A","HEME",10,"N",121,629,0.192368839427663
2118,"5lo9A","HEME",10,"O",107,629,0.170111287758347
2118,"5lo9A","HEME",10,"P",0,629,0
2118,"5lo9A","HEME",10,"S",8,629,0.0127186009538951
2119,"5loqC","HEME",10,"C",354,550,0.643636363636364
2119,"5loqC","HEME",10,"N",96,550,0.174545454545455
2119,"5loqC","HEME",10,"O",96,550,0.174545454545455
2119,"5loqC","HEME",10,"P",0,550,0
2119,"5loqC","HEME",10,"S",4,550,0.00727272727272727
2120,"5lthA","HEME",10,"C",398,603,0.660033167495854
2120,"5lthA","HEME",10,"N",103,603,0.170812603648425
2120,"5lthA","HEME",10,"O",96,603,0.159203980099502
2120,"5lthA","HEME",10,"P",0,603,0
2120,"5lthA","HEME",10,"S",6,603,0.0099502487562189
2121,"5mapB","HEME",10,"C",388,611,0.635024549918167
2121,"5mapB","HEME",10,"N",113,611,0.18494271685761
2121,"5mapB","HEME",10,"O",105,611,0.171849427168576
2121,"5mapB","HEME",10,"P",0,611,0
2121,"5mapB","HEME",10,"S",5,611,0.00818330605564648
2122,"5mg1A","HEME",10,"C",420,668,0.62874251497006
2122,"5mg1A","HEME",10,"N",120,668,0.179640718562874
2122,"5mg1A","HEME",10,"O",122,668,0.182634730538922
2122,"5mg1A","HEME",10,"P",0,668,0
2122,"5mg1A","HEME",10,"S",6,668,0.00898203592814371
2123,"5o0tA","HEME",10,"C",282,424,0.665094339622642
2123,"5o0tA","HEME",10,"N",77,424,0.181603773584906
2123,"5o0tA","HEME",10,"O",61,424,0.143867924528302
2123,"5o0tA","HEME",10,"P",0,424,0
2123,"5o0tA","HEME",10,"S",4,424,0.00943396226415094
2124,"5o1lB","HEME",10,"C",372,585,0.635897435897436
2124,"5o1lB","HEME",10,"N",108,585,0.184615384615385
2124,"5o1lB","HEME",10,"O",102,585,0.174358974358974
2124,"5o1lB","HEME",10,"P",0,585,0
2124,"5o1lB","HEME",10,"S",3,585,0.00512820512820513
2125,"5oheF","HEME",10,"C",296,461,0.642082429501085
2125,"5oheF","HEME",10,"N",88,461,0.190889370932755
2125,"5oheF","HEME",10,"O",73,461,0.158351409978308
2125,"5oheF","HEME",10,"P",0,461,0
2125,"5oheF","HEME",10,"S",4,461,0.0086767895878525
2126,"5t2kB","HEME",10,"C",344,543,0.633517495395948
2126,"5t2kB","HEME",10,"N",96,543,0.176795580110497
2126,"5t2kB","HEME",10,"O",97,543,0.178637200736648
2126,"5t2kB","HEME",10,"P",0,543,0
2126,"5t2kB","HEME",10,"S",6,543,0.0110497237569061
2127,"5ti9C","HEME",10,"C",369,559,0.660107334525939
2127,"5ti9C","HEME",10,"N",95,559,0.16994633273703
2127,"5ti9C","HEME",10,"O",91,559,0.162790697674419
2127,"5ti9C","HEME",10,"P",0,559,0
2127,"5ti9C","HEME",10,"S",4,559,0.00715563506261181
2128,"5tiaD","HEME",10,"C",399,605,0.659504132231405
2128,"5tiaD","HEME",10,"N",104,605,0.171900826446281
2128,"5tiaD","HEME",10,"O",98,605,0.16198347107438
2128,"5tiaD","HEME",10,"P",0,605,0
2128,"5tiaD","HEME",10,"S",4,605,0.00661157024793388
2129,"5v3uA","HEME",10,"C",328,503,0.652087475149105
2129,"5v3uA","HEME",10,"N",89,503,0.176938369781312
2129,"5v3uA","HEME",10,"O",83,503,0.165009940357853
2129,"5v3uA","HEME",10,"P",0,503,0
2129,"5v3uA","HEME",10,"S",3,503,0.00596421471172962
2130,"5vbuA","HEME",10,"C",401,614,0.653094462540717
2130,"5vbuA","HEME",10,"N",109,614,0.177524429967427
2130,"5vbuA","HEME",10,"O",99,614,0.161237785016287
2130,"5vbuA","HEME",10,"P",0,614,0
2130,"5vbuA","HEME",10,"S",5,614,0.00814332247557003
2131,"5vcgA","HEME",10,"C",387,596,0.649328859060403
2131,"5vcgA","HEME",10,"N",101,596,0.169463087248322
2131,"5vcgA","HEME",10,"O",103,596,0.172818791946309
2131,"5vcgA","HEME",10,"P",0,596,0
2131,"5vcgA","HEME",10,"S",5,596,0.00838926174496644
2132,"5x24A","HEME",10,"C",392,600,0.653333333333333
2132,"5x24A","HEME",10,"N",100,600,0.166666666666667
2132,"5x24A","HEME",10,"O",106,600,0.176666666666667
2132,"5x24A","HEME",10,"P",0,600,0
2132,"5x24A","HEME",10,"S",2,600,0.00333333333333333
2133,"5xnlC","HEME",10,"C",212,316,0.670886075949367
2133,"5xnlC","HEME",10,"N",47,316,0.14873417721519
2133,"5xnlC","HEME",10,"O",54,316,0.170886075949367
2133,"5xnlC","HEME",10,"P",0,316,0
2133,"5xnlC","HEME",10,"S",3,316,0.00949367088607595
2134,"5xnlD","HEME",10,"C",253,393,0.643765903307888
2134,"5xnlD","HEME",10,"N",70,393,0.178117048346056
2134,"5xnlD","HEME",10,"O",69,393,0.175572519083969
2134,"5xnlD","HEME",10,"P",0,393,0
2134,"5xnlD","HEME",10,"S",1,393,0.00254452926208651
2135,"5xnlV","HEME",10,"C",166,262,0.633587786259542
2135,"5xnlV","HEME",10,"N",47,262,0.179389312977099
2135,"5xnlV","HEME",10,"O",48,262,0.183206106870229
2135,"5xnlV","HEME",10,"P",0,262,0
2135,"5xnlV","HEME",10,"S",1,262,0.00381679389312977
2136,"5xnlW","HEME",10,"C",191,296,0.64527027027027
2136,"5xnlW","HEME",10,"N",52,296,0.175675675675676
2136,"5xnlW","HEME",10,"O",52,296,0.175675675675676
2136,"5xnlW","HEME",10,"P",0,296,0
2136,"5xnlW","HEME",10,"S",1,296,0.00337837837837838
2137,"5xnmA","HEME",10,"C",200,309,0.647249190938511
2137,"5xnmA","HEME",10,"N",48,309,0.155339805825243
2137,"5xnmA","HEME",10,"O",59,309,0.190938511326861
2137,"5xnmA","HEME",10,"P",0,309,0
2137,"5xnmA","HEME",10,"S",2,309,0.00647249190938511
2138,"5y1iA","HEME",10,"C",392,601,0.652246256239601
2138,"5y1iA","HEME",10,"N",108,601,0.179700499168053
2138,"5y1iA","HEME",10,"O",97,601,0.161397670549085
2138,"5y1iA","HEME",10,"P",0,601,0
2138,"5y1iA","HEME",10,"S",4,601,0.00665557404326123
2139,"5y8aA","HEME",10,"C",148,240,0.616666666666667
2139,"5y8aA","HEME",10,"N",43,240,0.179166666666667
2139,"5y8aA","HEME",10,"O",48,240,0.2
2139,"5y8aA","HEME",10,"P",0,240,0
2139,"5y8aA","HEME",10,"S",1,240,0.00416666666666667
2140,"154lA","CONTROL",10,"C",197,334,0.589820359281437
2140,"154lA","CONTROL",10,"N",73,334,0.218562874251497
2140,"154lA","CONTROL",10,"O",63,334,0.188622754491018
2140,"154lA","CONTROL",10,"P",0,334,0
2140,"154lA","CONTROL",10,"S",1,334,0.0029940119760479
2141,"1a3gB","CONTROL",10,"C",220,364,0.604395604395604
2141,"1a3gB","CONTROL",10,"N",71,364,0.195054945054945
2141,"1a3gB","CONTROL",10,"O",72,364,0.197802197802198
2141,"1a3gB","CONTROL",10,"P",0,364,0
2141,"1a3gB","CONTROL",10,"S",1,364,0.00274725274725275
2142,"1a4iB","CONTROL",10,"C",244,377,0.647214854111406
2142,"1a4iB","CONTROL",10,"N",67,377,0.177718832891247
2142,"1a4iB","CONTROL",10,"O",61,377,0.161803713527851
2142,"1a4iB","CONTROL",10,"P",0,377,0
2142,"1a4iB","CONTROL",10,"S",5,377,0.013262599469496
2143,"1a5iA","CONTROL",10,"C",242,382,0.633507853403141
2143,"1a5iA","CONTROL",10,"N",60,382,0.157068062827225
2143,"1a5iA","CONTROL",10,"O",76,382,0.198952879581152
2143,"1a5iA","CONTROL",10,"P",0,382,0
2143,"1a5iA","CONTROL",10,"S",4,382,0.0104712041884817
2144,"1a8tA","CONTROL",10,"C",207,329,0.629179331306991
2144,"1a8tA","CONTROL",10,"N",61,329,0.185410334346505
2144,"1a8tA","CONTROL",10,"O",59,329,0.179331306990881
2144,"1a8tA","CONTROL",10,"P",0,329,0
2144,"1a8tA","CONTROL",10,"S",2,329,0.0060790273556231
2145,"1af7A","CONTROL",10,"C",308,492,0.626016260162602
2145,"1af7A","CONTROL",10,"N",85,492,0.172764227642276
2145,"1af7A","CONTROL",10,"O",97,492,0.197154471544715
2145,"1af7A","CONTROL",10,"P",0,492,0
2145,"1af7A","CONTROL",10,"S",2,492,0.0040650406504065
2146,"1aimA","CONTROL",10,"C",185,300,0.616666666666667
2146,"1aimA","CONTROL",10,"N",51,300,0.17
2146,"1aimA","CONTROL",10,"O",60,300,0.2
2146,"1aimA","CONTROL",10,"P",0,300,0
2146,"1aimA","CONTROL",10,"S",4,300,0.0133333333333333
2147,"1alwB","CONTROL",10,"C",164,238,0.689075630252101
2147,"1alwB","CONTROL",10,"N",38,238,0.159663865546218
2147,"1alwB","CONTROL",10,"O",35,238,0.147058823529412
2147,"1alwB","CONTROL",10,"P",0,238,0
2147,"1alwB","CONTROL",10,"S",1,238,0.00420168067226891
2148,"1apuA","CONTROL",10,"C",288,473,0.608879492600423
2148,"1apuA","CONTROL",10,"N",80,473,0.169133192389006
2148,"1apuA","CONTROL",10,"O",105,473,0.221987315010571
2148,"1apuA","CONTROL",10,"P",0,473,0
2148,"1apuA","CONTROL",10,"S",0,473,0
2149,"1aqcC","CONTROL",10,"C",254,392,0.647959183673469
2149,"1aqcC","CONTROL",10,"N",71,392,0.181122448979592
2149,"1aqcC","CONTROL",10,"O",67,392,0.170918367346939
2149,"1aqcC","CONTROL",10,"P",0,392,0
2149,"1aqcC","CONTROL",10,"S",0,392,0
2150,"1avpA","CONTROL",10,"C",293,464,0.631465517241379
2150,"1avpA","CONTROL",10,"N",78,464,0.168103448275862
2150,"1avpA","CONTROL",10,"O",88,464,0.189655172413793
2150,"1avpA","CONTROL",10,"P",0,464,0
2150,"1avpA","CONTROL",10,"S",5,464,0.0107758620689655
2151,"1awbA","CONTROL",10,"C",225,359,0.626740947075209
2151,"1awbA","CONTROL",10,"N",58,359,0.161559888579387
2151,"1awbA","CONTROL",10,"O",75,359,0.20891364902507
2151,"1awbA","CONTROL",10,"P",0,359,0
2151,"1awbA","CONTROL",10,"S",1,359,0.00278551532033426
2152,"1aymA","CONTROL",10,"C",291,444,0.655405405405405
2152,"1aymA","CONTROL",10,"N",74,444,0.166666666666667
2152,"1aymA","CONTROL",10,"O",76,444,0.171171171171171
2152,"1aymA","CONTROL",10,"P",0,444,0
2152,"1aymA","CONTROL",10,"S",3,444,0.00675675675675676
2153,"1ayxA","CONTROL",10,"C",206,314,0.656050955414013
2153,"1ayxA","CONTROL",10,"N",52,314,0.165605095541401
2153,"1ayxA","CONTROL",10,"O",56,314,0.178343949044586
2153,"1ayxA","CONTROL",10,"P",0,314,0
2153,"1ayxA","CONTROL",10,"S",0,314,0
2154,"1b25C","CONTROL",10,"C",294,477,0.616352201257862
2154,"1b25C","CONTROL",10,"N",87,477,0.182389937106918
2154,"1b25C","CONTROL",10,"O",90,477,0.188679245283019
2154,"1b25C","CONTROL",10,"P",0,477,0
2154,"1b25C","CONTROL",10,"S",6,477,0.0125786163522013
2155,"1b2iA","CONTROL",10,"C",115,175,0.657142857142857
2155,"1b2iA","CONTROL",10,"N",35,175,0.2
2155,"1b2iA","CONTROL",10,"O",25,175,0.142857142857143
2155,"1b2iA","CONTROL",10,"P",0,175,0
2155,"1b2iA","CONTROL",10,"S",0,175,0
2156,"1b4uB","CONTROL",10,"C",157,254,0.618110236220472
2156,"1b4uB","CONTROL",10,"N",48,254,0.188976377952756
2156,"1b4uB","CONTROL",10,"O",49,254,0.192913385826772
2156,"1b4uB","CONTROL",10,"P",0,254,0
2156,"1b4uB","CONTROL",10,"S",0,254,0
2157,"1b5jA","CONTROL",10,"C",362,583,0.620926243567753
2157,"1b5jA","CONTROL",10,"N",99,583,0.169811320754717
2157,"1b5jA","CONTROL",10,"O",119,583,0.204116638078902
2157,"1b5jA","CONTROL",10,"P",0,583,0
2157,"1b5jA","CONTROL",10,"S",3,583,0.00514579759862779
2158,"1b8hB","CONTROL",10,"C",230,354,0.649717514124294
2158,"1b8hB","CONTROL",10,"N",60,354,0.169491525423729
2158,"1b8hB","CONTROL",10,"O",62,354,0.175141242937853
2158,"1b8hB","CONTROL",10,"P",0,354,0
2158,"1b8hB","CONTROL",10,"S",2,354,0.00564971751412429
2159,"1bagA","CONTROL",10,"C",317,500,0.634
2159,"1bagA","CONTROL",10,"N",87,500,0.174
2159,"1bagA","CONTROL",10,"O",96,500,0.192
2159,"1bagA","CONTROL",10,"P",0,500,0
2159,"1bagA","CONTROL",10,"S",0,500,0
2160,"1bckA","CONTROL",10,"C",212,354,0.598870056497175
2160,"1bckA","CONTROL",10,"N",72,354,0.203389830508475
2160,"1bckA","CONTROL",10,"O",67,354,0.189265536723164
2160,"1bckA","CONTROL",10,"P",0,354,0
2160,"1bckA","CONTROL",10,"S",3,354,0.00847457627118644
2161,"1bdaA","CONTROL",10,"C",264,418,0.631578947368421
2161,"1bdaA","CONTROL",10,"N",69,418,0.165071770334928
2161,"1bdaA","CONTROL",10,"O",80,418,0.191387559808612
2161,"1bdaA","CONTROL",10,"P",0,418,0
2161,"1bdaA","CONTROL",10,"S",5,418,0.0119617224880383
2162,"1be9A","CONTROL",10,"C",212,307,0.690553745928339
2162,"1be9A","CONTROL",10,"N",47,307,0.153094462540717
2162,"1be9A","CONTROL",10,"O",48,307,0.156351791530945
2162,"1be9A","CONTROL",10,"P",0,307,0
2162,"1be9A","CONTROL",10,"S",0,307,0
2163,"1bevA","CONTROL",10,"C",301,445,0.676404494382022
2163,"1bevA","CONTROL",10,"N",68,445,0.152808988764045
2163,"1bevA","CONTROL",10,"O",71,445,0.159550561797753
2163,"1bevA","CONTROL",10,"P",0,445,0
2163,"1bevA","CONTROL",10,"S",5,445,0.0112359550561798
2164,"1bh6A","CONTROL",10,"C",264,430,0.613953488372093
2164,"1bh6A","CONTROL",10,"N",75,430,0.174418604651163
2164,"1bh6A","CONTROL",10,"O",89,430,0.206976744186047
2164,"1bh6A","CONTROL",10,"P",0,430,0
2164,"1bh6A","CONTROL",10,"S",2,430,0.00465116279069767
2165,"1bkcA","CONTROL",10,"C",209,324,0.645061728395062
2165,"1bkcA","CONTROL",10,"N",52,324,0.160493827160494
2165,"1bkcA","CONTROL",10,"O",61,324,0.188271604938272
2165,"1bkcA","CONTROL",10,"P",0,324,0
2165,"1bkcA","CONTROL",10,"S",2,324,0.00617283950617284
2166,"1bobA","CONTROL",10,"C",293,442,0.66289592760181
2166,"1bobA","CONTROL",10,"N",72,442,0.16289592760181
2166,"1bobA","CONTROL",10,"O",76,442,0.171945701357466
2166,"1bobA","CONTROL",10,"P",0,442,0
2166,"1bobA","CONTROL",10,"S",1,442,0.00226244343891403
2167,"1booA","CONTROL",10,"C",285,431,0.661252900232019
2167,"1booA","CONTROL",10,"N",70,431,0.162412993039443
2167,"1booA","CONTROL",10,"O",73,431,0.169373549883991
2167,"1booA","CONTROL",10,"P",0,431,0
2167,"1booA","CONTROL",10,"S",3,431,0.00696055684454756
2168,"1c21A","CONTROL",10,"C",211,344,0.613372093023256
2168,"1c21A","CONTROL",10,"N",62,344,0.180232558139535
2168,"1c21A","CONTROL",10,"O",66,344,0.191860465116279
2168,"1c21A","CONTROL",10,"P",0,344,0
2168,"1c21A","CONTROL",10,"S",5,344,0.0145348837209302
2169,"1c3sA","CONTROL",10,"C",228,368,0.619565217391304
2169,"1c3sA","CONTROL",10,"N",66,368,0.179347826086957
2169,"1c3sA","CONTROL",10,"O",72,368,0.195652173913043
2169,"1c3sA","CONTROL",10,"P",0,368,0
2169,"1c3sA","CONTROL",10,"S",2,368,0.00543478260869565
2170,"1c3xA","CONTROL",10,"C",181,281,0.644128113879004
2170,"1c3xA","CONTROL",10,"N",49,281,0.174377224199288
2170,"1c3xA","CONTROL",10,"O",49,281,0.174377224199288
2170,"1c3xA","CONTROL",10,"P",0,281,0
2170,"1c3xA","CONTROL",10,"S",2,281,0.00711743772241993
2171,"1c5fA","CONTROL",10,"C",211,349,0.60458452722063
2171,"1c5fA","CONTROL",10,"N",68,349,0.194842406876791
2171,"1c5fA","CONTROL",10,"O",67,349,0.191977077363897
2171,"1c5fA","CONTROL",10,"P",0,349,0
2171,"1c5fA","CONTROL",10,"S",3,349,0.00859598853868195
2172,"1c7sA","CONTROL",10,"C",320,502,0.637450199203187
2172,"1c7sA","CONTROL",10,"N",87,502,0.173306772908367
2172,"1c7sA","CONTROL",10,"O",95,502,0.189243027888446
2172,"1c7sA","CONTROL",10,"P",0,502,0
2172,"1c7sA","CONTROL",10,"S",0,502,0
2173,"1cebA","CONTROL",10,"C",135,209,0.645933014354067
2173,"1cebA","CONTROL",10,"N",37,209,0.177033492822967
2173,"1cebA","CONTROL",10,"O",36,209,0.172248803827751
2173,"1cebA","CONTROL",10,"P",0,209,0
2173,"1cebA","CONTROL",10,"S",1,209,0.00478468899521531
2174,"1cguA","CONTROL",10,"C",257,392,0.655612244897959
2174,"1cguA","CONTROL",10,"N",68,392,0.173469387755102
2174,"1cguA","CONTROL",10,"O",66,392,0.168367346938776
2174,"1cguA","CONTROL",10,"P",0,392,0
2174,"1cguA","CONTROL",10,"S",1,392,0.00255102040816327
2175,"1chmB","CONTROL",10,"C",181,291,0.621993127147766
2175,"1chmB","CONTROL",10,"N",57,291,0.195876288659794
2175,"1chmB","CONTROL",10,"O",52,291,0.178694158075601
2175,"1chmB","CONTROL",10,"P",0,291,0
2175,"1chmB","CONTROL",10,"S",1,291,0.00343642611683849
2176,"1cm0A","CONTROL",10,"C",241,363,0.663911845730028
2176,"1cm0A","CONTROL",10,"N",59,363,0.162534435261708
2176,"1cm0A","CONTROL",10,"O",59,363,0.162534435261708
2176,"1cm0A","CONTROL",10,"P",0,363,0
2176,"1cm0A","CONTROL",10,"S",4,363,0.0110192837465565
2177,"1ctuA","CONTROL",10,"C",188,296,0.635135135135135
2177,"1ctuA","CONTROL",10,"N",51,296,0.172297297297297
2177,"1ctuA","CONTROL",10,"O",52,296,0.175675675675676
2177,"1ctuA","CONTROL",10,"P",0,296,0
2177,"1ctuA","CONTROL",10,"S",5,296,0.0168918918918919
2178,"1cvrA","CONTROL",10,"C",192,324,0.592592592592593
2178,"1cvrA","CONTROL",10,"N",59,324,0.182098765432099
2178,"1cvrA","CONTROL",10,"O",69,324,0.212962962962963
2178,"1cvrA","CONTROL",10,"P",0,324,0
2178,"1cvrA","CONTROL",10,"S",4,324,0.0123456790123457
2179,"1cy6A","CONTROL",10,"C",194,334,0.580838323353293
2179,"1cy6A","CONTROL",10,"N",71,334,0.212574850299401
2179,"1cy6A","CONTROL",10,"O",69,334,0.206586826347305
2179,"1cy6A","CONTROL",10,"P",0,334,0
2179,"1cy6A","CONTROL",10,"S",0,334,0
2180,"1cynA","CONTROL",10,"C",209,354,0.590395480225989
2180,"1cynA","CONTROL",10,"N",74,354,0.209039548022599
2180,"1cynA","CONTROL",10,"O",69,354,0.194915254237288
2180,"1cynA","CONTROL",10,"P",0,354,0
2180,"1cynA","CONTROL",10,"S",2,354,0.00564971751412429
2181,"1cziA","CONTROL",10,"C",308,490,0.628571428571429
2181,"1cziA","CONTROL",10,"N",80,490,0.163265306122449
2181,"1cziA","CONTROL",10,"O",102,490,0.208163265306122
2181,"1cziA","CONTROL",10,"P",0,490,0
2181,"1cziA","CONTROL",10,"S",0,490,0
2182,"1d00D","CONTROL",10,"C",213,328,0.649390243902439
2182,"1d00D","CONTROL",10,"N",54,328,0.164634146341463
2182,"1d00D","CONTROL",10,"O",58,328,0.176829268292683
2182,"1d00D","CONTROL",10,"P",0,328,0
2182,"1d00D","CONTROL",10,"S",3,328,0.00914634146341463
2183,"1d9uA","CONTROL",10,"C",243,386,0.629533678756477
2183,"1d9uA","CONTROL",10,"N",71,386,0.183937823834197
2183,"1d9uA","CONTROL",10,"O",72,386,0.186528497409326
2183,"1d9uA","CONTROL",10,"P",0,386,0
2183,"1d9uA","CONTROL",10,"S",0,386,0
2184,"1ddlC","CONTROL",10,"C",203,301,0.674418604651163
2184,"1ddlC","CONTROL",10,"N",47,301,0.156146179401993
2184,"1ddlC","CONTROL",10,"O",51,301,0.169435215946844
2184,"1ddlC","CONTROL",10,"P",0,301,0
2184,"1ddlC","CONTROL",10,"S",0,301,0
2185,"1dl5A","CONTROL",10,"C",330,501,0.658682634730539
2185,"1dl5A","CONTROL",10,"N",77,501,0.153692614770459
2185,"1dl5A","CONTROL",10,"O",90,501,0.179640718562874
2185,"1dl5A","CONTROL",10,"P",0,501,0
2185,"1dl5A","CONTROL",10,"S",4,501,0.00798403193612774
2186,"1dppC","CONTROL",10,"C",231,347,0.665706051873199
2186,"1dppC","CONTROL",10,"N",50,347,0.144092219020173
2186,"1dppC","CONTROL",10,"O",64,347,0.184438040345821
2186,"1dppC","CONTROL",10,"P",0,347,0
2186,"1dppC","CONTROL",10,"S",2,347,0.00576368876080692
2187,"1ds1A","CONTROL",10,"C",221,351,0.62962962962963
2187,"1ds1A","CONTROL",10,"N",67,351,0.190883190883191
2187,"1ds1A","CONTROL",10,"O",61,351,0.173789173789174
2187,"1ds1A","CONTROL",10,"P",0,351,0
2187,"1ds1A","CONTROL",10,"S",2,351,0.0056980056980057
2188,"1dtdA","CONTROL",10,"C",197,321,0.613707165109034
2188,"1dtdA","CONTROL",10,"N",63,321,0.196261682242991
2188,"1dtdA","CONTROL",10,"O",59,321,0.18380062305296
2188,"1dtdA","CONTROL",10,"P",0,321,0
2188,"1dtdA","CONTROL",10,"S",2,321,0.00623052959501558
2189,"1dtpA","CONTROL",10,"C",295,458,0.64410480349345
2189,"1dtpA","CONTROL",10,"N",80,458,0.174672489082969
2189,"1dtpA","CONTROL",10,"O",83,458,0.181222707423581
2189,"1dtpA","CONTROL",10,"P",0,458,0
2189,"1dtpA","CONTROL",10,"S",0,458,0
2190,"1e4nB","CONTROL",10,"C",239,364,0.656593406593407
2190,"1e4nB","CONTROL",10,"N",63,364,0.173076923076923
2190,"1e4nB","CONTROL",10,"O",61,364,0.167582417582418
2190,"1e4nB","CONTROL",10,"P",0,364,0
2190,"1e4nB","CONTROL",10,"S",1,364,0.00274725274725275
2191,"1e5iA","CONTROL",10,"C",213,343,0.620991253644315
2191,"1e5iA","CONTROL",10,"N",65,343,0.189504373177843
2191,"1e5iA","CONTROL",10,"O",62,343,0.180758017492711
2191,"1e5iA","CONTROL",10,"P",0,343,0
2191,"1e5iA","CONTROL",10,"S",3,343,0.0087463556851312
2192,"1e6aB","CONTROL",10,"C",193,308,0.626623376623377
2192,"1e6aB","CONTROL",10,"N",51,308,0.165584415584416
2192,"1e6aB","CONTROL",10,"O",64,308,0.207792207792208
2192,"1e6aB","CONTROL",10,"P",0,308,0
2192,"1e6aB","CONTROL",10,"S",0,308,0
2193,"1ecqD","CONTROL",10,"C",240,394,0.609137055837564
2193,"1ecqD","CONTROL",10,"N",73,394,0.185279187817259
2193,"1ecqD","CONTROL",10,"O",78,394,0.197969543147208
2193,"1ecqD","CONTROL",10,"P",0,394,0
2193,"1ecqD","CONTROL",10,"S",3,394,0.00761421319796954
2194,"1ef9A","CONTROL",10,"C",268,414,0.647342995169082
2194,"1ef9A","CONTROL",10,"N",68,414,0.164251207729469
2194,"1ef9A","CONTROL",10,"O",76,414,0.183574879227053
2194,"1ef9A","CONTROL",10,"P",0,414,0
2194,"1ef9A","CONTROL",10,"S",2,414,0.00483091787439614
2195,"1ei6D","CONTROL",10,"C",174,289,0.602076124567474
2195,"1ei6D","CONTROL",10,"N",57,289,0.197231833910035
2195,"1ei6D","CONTROL",10,"O",56,289,0.193771626297578
2195,"1ei6D","CONTROL",10,"P",0,289,0
2195,"1ei6D","CONTROL",10,"S",2,289,0.0069204152249135
2196,"1ejeA","CONTROL",10,"C",281,451,0.623059866962306
2196,"1ejeA","CONTROL",10,"N",86,451,0.190687361419069
2196,"1ejeA","CONTROL",10,"O",82,451,0.181818181818182
2196,"1ejeA","CONTROL",10,"P",0,451,0
2196,"1ejeA","CONTROL",10,"S",2,451,0.00443458980044346
2197,"1ek2A","CONTROL",10,"C",349,514,0.678988326848249
2197,"1ek2A","CONTROL",10,"N",79,514,0.153696498054475
2197,"1ek2A","CONTROL",10,"O",81,514,0.157587548638132
2197,"1ek2A","CONTROL",10,"P",0,514,0
2197,"1ek2A","CONTROL",10,"S",5,514,0.00972762645914397
2198,"1emjC","CONTROL",10,"C",198,302,0.655629139072848
2198,"1emjC","CONTROL",10,"N",53,302,0.175496688741722
2198,"1emjC","CONTROL",10,"O",50,302,0.165562913907285
2198,"1emjC","CONTROL",10,"P",0,302,0
2198,"1emjC","CONTROL",10,"S",1,302,0.0033112582781457
2199,"1eobB","CONTROL",10,"C",166,257,0.64591439688716
2199,"1eobB","CONTROL",10,"N",47,257,0.182879377431907
2199,"1eobB","CONTROL",10,"O",43,257,0.167315175097276
2199,"1eobB","CONTROL",10,"P",0,257,0
2199,"1eobB","CONTROL",10,"S",1,257,0.00389105058365759
2200,"1eseA","CONTROL",10,"C",214,327,0.654434250764526
2200,"1eseA","CONTROL",10,"N",54,327,0.165137614678899
2200,"1eseA","CONTROL",10,"O",56,327,0.171253822629969
2200,"1eseA","CONTROL",10,"P",0,327,0
2200,"1eseA","CONTROL",10,"S",3,327,0.0091743119266055
2201,"1ev1A","CONTROL",10,"C",323,479,0.674321503131524
2201,"1ev1A","CONTROL",10,"N",76,479,0.15866388308977
2201,"1ev1A","CONTROL",10,"O",76,479,0.15866388308977
2201,"1ev1A","CONTROL",10,"P",0,479,0
2201,"1ev1A","CONTROL",10,"S",4,479,0.00835073068893528
2202,"1f0xB","CONTROL",10,"C",454,720,0.630555555555556
2202,"1f0xB","CONTROL",10,"N",128,720,0.177777777777778
2202,"1f0xB","CONTROL",10,"O",133,720,0.184722222222222
2202,"1f0xB","CONTROL",10,"P",0,720,0
2202,"1f0xB","CONTROL",10,"S",5,720,0.00694444444444444
2203,"1f1vA","CONTROL",10,"C",246,401,0.613466334164589
2203,"1f1vA","CONTROL",10,"N",81,401,0.201995012468828
2203,"1f1vA","CONTROL",10,"O",74,401,0.184538653366584
2203,"1f1vA","CONTROL",10,"P",0,401,0
2203,"1f1vA","CONTROL",10,"S",0,401,0
2204,"1f2pA","CONTROL",10,"C",183,303,0.603960396039604
2204,"1f2pA","CONTROL",10,"N",53,303,0.174917491749175
2204,"1f2pA","CONTROL",10,"O",66,303,0.217821782178218
2204,"1f2pA","CONTROL",10,"P",0,303,0
2204,"1f2pA","CONTROL",10,"S",1,303,0.0033003300330033
2205,"1f3lA","CONTROL",10,"C",320,502,0.637450199203187
2205,"1f3lA","CONTROL",10,"N",84,502,0.167330677290837
2205,"1f3lA","CONTROL",10,"O",94,502,0.187250996015936
2205,"1f3lA","CONTROL",10,"P",0,502,0
2205,"1f3lA","CONTROL",10,"S",4,502,0.00796812749003984
2206,"1f4cB","CONTROL",10,"C",238,355,0.670422535211268
2206,"1f4cB","CONTROL",10,"N",58,355,0.163380281690141
2206,"1f4cB","CONTROL",10,"O",55,355,0.154929577464789
2206,"1f4cB","CONTROL",10,"P",0,355,0
2206,"1f4cB","CONTROL",10,"S",4,355,0.0112676056338028
2207,"1f8iC","CONTROL",10,"C",194,302,0.642384105960265
2207,"1f8iC","CONTROL",10,"N",52,302,0.172185430463576
2207,"1f8iC","CONTROL",10,"O",55,302,0.182119205298013
2207,"1f8iC","CONTROL",10,"P",0,302,0
2207,"1f8iC","CONTROL",10,"S",1,302,0.0033112582781457
2208,"1fayH","CONTROL",10,"C",149,234,0.636752136752137
2208,"1fayH","CONTROL",10,"N",37,234,0.158119658119658
2208,"1fayH","CONTROL",10,"O",48,234,0.205128205128205
2208,"1fayH","CONTROL",10,"P",0,234,0
2208,"1fayH","CONTROL",10,"S",0,234,0
2209,"1fbdA","CONTROL",10,"C",216,338,0.63905325443787
2209,"1fbdA","CONTROL",10,"N",52,338,0.153846153846154
2209,"1fbdA","CONTROL",10,"O",69,338,0.20414201183432
2209,"1fbdA","CONTROL",10,"P",0,338,0
2209,"1fbdA","CONTROL",10,"S",1,338,0.0029585798816568
2210,"1fboA","CONTROL",10,"C",257,404,0.636138613861386
2210,"1fboA","CONTROL",10,"N",67,404,0.165841584158416
2210,"1fboA","CONTROL",10,"O",77,404,0.190594059405941
2210,"1fboA","CONTROL",10,"P",0,404,0
2210,"1fboA","CONTROL",10,"S",3,404,0.00742574257425743
2211,"1ffvC","CONTROL",10,"C",409,635,0.644094488188976
2211,"1ffvC","CONTROL",10,"N",114,635,0.179527559055118
2211,"1ffvC","CONTROL",10,"O",108,635,0.17007874015748
2211,"1ffvC","CONTROL",10,"P",0,635,0
2211,"1ffvC","CONTROL",10,"S",4,635,0.0062992125984252
2212,"1fnzA","CONTROL",10,"C",147,238,0.61764705882353
2212,"1fnzA","CONTROL",10,"N",37,238,0.15546218487395
2212,"1fnzA","CONTROL",10,"O",53,238,0.222689075630252
2212,"1fnzA","CONTROL",10,"P",0,238,0
2212,"1fnzA","CONTROL",10,"S",1,238,0.00420168067226891
2213,"1fo0A","CONTROL",10,"C",456,683,0.667642752562225
2213,"1fo0A","CONTROL",10,"N",110,683,0.161054172767204
2213,"1fo0A","CONTROL",10,"O",114,683,0.166910688140556
2213,"1fo0A","CONTROL",10,"P",0,683,0
2213,"1fo0A","CONTROL",10,"S",3,683,0.00439238653001464
2214,"1fo2A","CONTROL",10,"C",215,342,0.628654970760234
2214,"1fo2A","CONTROL",10,"N",56,342,0.16374269005848
2214,"1fo2A","CONTROL",10,"O",71,342,0.207602339181287
2214,"1fo2A","CONTROL",10,"P",0,342,0
2214,"1fo2A","CONTROL",10,"S",0,342,0
2215,"1fpnA","CONTROL",10,"C",296,451,0.656319290465632
2215,"1fpnA","CONTROL",10,"N",78,451,0.172949002217295
2215,"1fpnA","CONTROL",10,"O",74,451,0.164079822616408
2215,"1fpnA","CONTROL",10,"P",0,451,0
2215,"1fpnA","CONTROL",10,"S",3,451,0.00665188470066519
2216,"1fpqA","CONTROL",10,"C",229,349,0.656160458452722
2216,"1fpqA","CONTROL",10,"N",56,349,0.160458452722063
2216,"1fpqA","CONTROL",10,"O",62,349,0.177650429799427
2216,"1fpqA","CONTROL",10,"P",0,349,0
2216,"1fpqA","CONTROL",10,"S",2,349,0.00573065902578797
2217,"1furB","CONTROL",10,"C",119,203,0.586206896551724
2217,"1furB","CONTROL",10,"N",40,203,0.197044334975369
2217,"1furB","CONTROL",10,"O",42,203,0.206896551724138
2217,"1furB","CONTROL",10,"P",0,203,0
2217,"1furB","CONTROL",10,"S",2,203,0.00985221674876847
2218,"1fvgA","CONTROL",10,"C",131,198,0.661616161616162
2218,"1fvgA","CONTROL",10,"N",29,198,0.146464646464646
2218,"1fvgA","CONTROL",10,"O",35,198,0.176767676767677
2218,"1fvgA","CONTROL",10,"P",0,198,0
2218,"1fvgA","CONTROL",10,"S",3,198,0.0151515151515152
2219,"1fw9A","CONTROL",10,"C",221,327,0.675840978593272
2219,"1fw9A","CONTROL",10,"N",50,327,0.152905198776758
2219,"1fw9A","CONTROL",10,"O",54,327,0.165137614678899
2219,"1fw9A","CONTROL",10,"P",0,327,0
2219,"1fw9A","CONTROL",10,"S",2,327,0.00611620795107034
2220,"1fy7A","CONTROL",10,"C",295,442,0.667420814479638
2220,"1fy7A","CONTROL",10,"N",71,442,0.160633484162896
2220,"1fy7A","CONTROL",10,"O",73,442,0.165158371040724
2220,"1fy7A","CONTROL",10,"P",0,442,0
2220,"1fy7A","CONTROL",10,"S",3,442,0.00678733031674208
2221,"1g0hB","CONTROL",10,"C",208,334,0.622754491017964
2221,"1g0hB","CONTROL",10,"N",58,334,0.173652694610778
2221,"1g0hB","CONTROL",10,"O",66,334,0.197604790419162
2221,"1g0hB","CONTROL",10,"P",0,334,0
2221,"1g0hB","CONTROL",10,"S",2,334,0.00598802395209581
2222,"1g1rC","CONTROL",10,"C",106,157,0.67515923566879
2222,"1g1rC","CONTROL",10,"N",22,157,0.140127388535032
2222,"1g1rC","CONTROL",10,"O",29,157,0.184713375796178
2222,"1g1rC","CONTROL",10,"P",0,157,0
2222,"1g1rC","CONTROL",10,"S",0,157,0
2223,"1g60B","CONTROL",10,"C",295,441,0.668934240362812
2223,"1g60B","CONTROL",10,"N",69,441,0.156462585034014
2223,"1g60B","CONTROL",10,"O",71,441,0.160997732426304
2223,"1g60B","CONTROL",10,"P",0,441,0
2223,"1g60B","CONTROL",10,"S",6,441,0.0136054421768707
2224,"1gecA","CONTROL",10,"C",218,358,0.608938547486033
2224,"1gecA","CONTROL",10,"N",66,358,0.184357541899441
2224,"1gecA","CONTROL",10,"O",71,358,0.198324022346369
2224,"1gecA","CONTROL",10,"P",0,358,0
2224,"1gecA","CONTROL",10,"S",3,358,0.00837988826815642
2225,"1gffA","CONTROL",10,"C",382,580,0.658620689655172
2225,"1gffA","CONTROL",10,"N",98,580,0.168965517241379
2225,"1gffA","CONTROL",10,"O",98,580,0.168965517241379
2225,"1gffA","CONTROL",10,"P",0,580,0
2225,"1gffA","CONTROL",10,"S",2,580,0.00344827586206897
2226,"1gklA","CONTROL",10,"C",156,243,0.641975308641975
2226,"1gklA","CONTROL",10,"N",43,243,0.176954732510288
2226,"1gklA","CONTROL",10,"O",42,243,0.17283950617284
2226,"1gklA","CONTROL",10,"P",0,243,0
2226,"1gklA","CONTROL",10,"S",2,243,0.00823045267489712
2227,"1gnyA","CONTROL",10,"C",158,264,0.598484848484849
2227,"1gnyA","CONTROL",10,"N",50,264,0.189393939393939
2227,"1gnyA","CONTROL",10,"O",56,264,0.212121212121212
2227,"1gnyA","CONTROL",10,"P",0,264,0
2227,"1gnyA","CONTROL",10,"S",0,264,0
2228,"1gq2K","CONTROL",10,"C",381,599,0.636060100166945
2228,"1gq2K","CONTROL",10,"N",103,599,0.17195325542571
2228,"1gq2K","CONTROL",10,"O",115,599,0.191986644407346
2228,"1gq2K","CONTROL",10,"P",0,599,0
2228,"1gq2K","CONTROL",10,"S",0,599,0
2229,"1gt6A","CONTROL",10,"C",244,365,0.668493150684932
2229,"1gt6A","CONTROL",10,"N",65,365,0.178082191780822
2229,"1gt6A","CONTROL",10,"O",56,365,0.153424657534247
2229,"1gt6A","CONTROL",10,"P",0,365,0
2229,"1gt6A","CONTROL",10,"S",0,365,0
2230,"1gxbC","CONTROL",10,"C",184,299,0.615384615384615
2230,"1gxbC","CONTROL",10,"N",50,299,0.167224080267559
2230,"1gxbC","CONTROL",10,"O",65,299,0.217391304347826
2230,"1gxbC","CONTROL",10,"P",0,299,0
2230,"1gxbC","CONTROL",10,"S",0,299,0
2231,"1h2cA","CONTROL",10,"C",109,173,0.630057803468208
2231,"1h2cA","CONTROL",10,"N",33,173,0.190751445086705
2231,"1h2cA","CONTROL",10,"O",31,173,0.179190751445087
2231,"1h2cA","CONTROL",10,"P",0,173,0
2231,"1h2cA","CONTROL",10,"S",0,173,0
2232,"1h41B","CONTROL",10,"C",201,325,0.618461538461539
2232,"1h41B","CONTROL",10,"N",66,325,0.203076923076923
2232,"1h41B","CONTROL",10,"O",58,325,0.178461538461538
2232,"1h41B","CONTROL",10,"P",0,325,0
2232,"1h41B","CONTROL",10,"S",0,325,0
2233,"1h4hC","CONTROL",10,"C",243,368,0.660326086956522
2233,"1h4hC","CONTROL",10,"N",59,368,0.160326086956522
2233,"1h4hC","CONTROL",10,"O",65,368,0.176630434782609
2233,"1h4hC","CONTROL",10,"P",0,368,0
2233,"1h4hC","CONTROL",10,"S",1,368,0.00271739130434783
2234,"1h6eA","CONTROL",10,"C",261,385,0.677922077922078
2234,"1h6eA","CONTROL",10,"N",66,385,0.171428571428571
2234,"1h6eA","CONTROL",10,"O",57,385,0.148051948051948
2234,"1h6eA","CONTROL",10,"P",0,385,0
2234,"1h6eA","CONTROL",10,"S",1,385,0.0025974025974026
2235,"1h6hA","CONTROL",10,"C",149,226,0.65929203539823
2235,"1h6hA","CONTROL",10,"N",44,226,0.194690265486726
2235,"1h6hA","CONTROL",10,"O",32,226,0.141592920353982
2235,"1h6hA","CONTROL",10,"P",0,226,0
2235,"1h6hA","CONTROL",10,"S",1,226,0.00442477876106195
2236,"1h6wA","CONTROL",10,"C",260,406,0.640394088669951
2236,"1h6wA","CONTROL",10,"N",70,406,0.172413793103448
2236,"1h6wA","CONTROL",10,"O",71,406,0.17487684729064
2236,"1h6wA","CONTROL",10,"P",0,406,0
2236,"1h6wA","CONTROL",10,"S",5,406,0.0123152709359606
2237,"1h8pA","CONTROL",10,"C",133,197,0.6751269035533
2237,"1h8pA","CONTROL",10,"N",30,197,0.152284263959391
2237,"1h8pA","CONTROL",10,"O",30,197,0.152284263959391
2237,"1h8pA","CONTROL",10,"P",0,197,0
2237,"1h8pA","CONTROL",10,"S",4,197,0.0203045685279188
2238,"1ho3B","CONTROL",10,"C",150,249,0.602409638554217
2238,"1ho3B","CONTROL",10,"N",43,249,0.172690763052209
2238,"1ho3B","CONTROL",10,"O",52,249,0.208835341365462
2238,"1ho3B","CONTROL",10,"P",0,249,0
2238,"1ho3B","CONTROL",10,"S",4,249,0.0160642570281124
2239,"1horB","CONTROL",10,"C",246,378,0.650793650793651
2239,"1horB","CONTROL",10,"N",62,378,0.164021164021164
2239,"1horB","CONTROL",10,"O",67,378,0.177248677248677
2239,"1horB","CONTROL",10,"P",0,378,0
2239,"1horB","CONTROL",10,"S",3,378,0.00793650793650794
2240,"1hshA","CONTROL",10,"C",145,229,0.633187772925764
2240,"1hshA","CONTROL",10,"N",42,229,0.183406113537118
2240,"1hshA","CONTROL",10,"O",41,229,0.179039301310044
2240,"1hshA","CONTROL",10,"P",0,229,0
2240,"1hshA","CONTROL",10,"S",1,229,0.00436681222707424
2241,"1hyiA","CONTROL",10,"C",127,207,0.613526570048309
2241,"1hyiA","CONTROL",10,"N",47,207,0.227053140096618
2241,"1hyiA","CONTROL",10,"O",32,207,0.154589371980676
2241,"1hyiA","CONTROL",10,"P",0,207,0
2241,"1hyiA","CONTROL",10,"S",1,207,0.00483091787439614
2242,"1i0rA","CONTROL",10,"C",282,436,0.646788990825688
2242,"1i0rA","CONTROL",10,"N",72,436,0.165137614678899
2242,"1i0rA","CONTROL",10,"O",78,436,0.178899082568807
2242,"1i0rA","CONTROL",10,"P",0,436,0
2242,"1i0rA","CONTROL",10,"S",4,436,0.0091743119266055
2243,"1i19B","CONTROL",10,"C",472,720,0.655555555555556
2243,"1i19B","CONTROL",10,"N",121,720,0.168055555555556
2243,"1i19B","CONTROL",10,"O",122,720,0.169444444444444
2243,"1i19B","CONTROL",10,"P",0,720,0
2243,"1i19B","CONTROL",10,"S",5,720,0.00694444444444444
2244,"1i1qA","CONTROL",10,"C",228,354,0.64406779661017
2244,"1i1qA","CONTROL",10,"N",58,354,0.163841807909605
2244,"1i1qA","CONTROL",10,"O",66,354,0.186440677966102
2244,"1i1qA","CONTROL",10,"P",0,354,0
2244,"1i1qA","CONTROL",10,"S",2,354,0.00564971751412429
2245,"1i2kA","CONTROL",10,"C",220,348,0.632183908045977
2245,"1i2kA","CONTROL",10,"N",64,348,0.183908045977011
2245,"1i2kA","CONTROL",10,"O",57,348,0.163793103448276
2245,"1i2kA","CONTROL",10,"P",0,348,0
2245,"1i2kA","CONTROL",10,"S",7,348,0.0201149425287356
2246,"1i3sB","CONTROL",10,"C",179,263,0.680608365019011
2246,"1i3sB","CONTROL",10,"N",39,263,0.14828897338403
2246,"1i3sB","CONTROL",10,"O",40,263,0.152091254752852
2246,"1i3sB","CONTROL",10,"P",0,263,0
2246,"1i3sB","CONTROL",10,"S",5,263,0.0190114068441065
2247,"1i7sC","CONTROL",10,"C",216,337,0.640949554896142
2247,"1i7sC","CONTROL",10,"N",54,337,0.160237388724036
2247,"1i7sC","CONTROL",10,"O",63,337,0.186943620178042
2247,"1i7sC","CONTROL",10,"P",0,337,0
2247,"1i7sC","CONTROL",10,"S",4,337,0.0118694362017804
2248,"1ia7A","CONTROL",10,"C",173,283,0.6113074204947
2248,"1ia7A","CONTROL",10,"N",53,283,0.187279151943463
2248,"1ia7A","CONTROL",10,"O",57,283,0.201413427561837
2248,"1ia7A","CONTROL",10,"P",0,283,0
2248,"1ia7A","CONTROL",10,"S",0,283,0
2249,"1ib1G","CONTROL",10,"C",344,515,0.667961165048544
2249,"1ib1G","CONTROL",10,"N",85,515,0.16504854368932
2249,"1ib1G","CONTROL",10,"O",81,515,0.157281553398058
2249,"1ib1G","CONTROL",10,"P",0,515,0
2249,"1ib1G","CONTROL",10,"S",5,515,0.00970873786407767
2250,"1iktA","CONTROL",10,"C",261,386,0.676165803108808
2250,"1iktA","CONTROL",10,"N",59,386,0.152849740932642
2250,"1iktA","CONTROL",10,"O",63,386,0.163212435233161
2250,"1iktA","CONTROL",10,"P",0,386,0
2250,"1iktA","CONTROL",10,"S",3,386,0.0077720207253886
2251,"1iooA","CONTROL",10,"C",141,218,0.646788990825688
2251,"1iooA","CONTROL",10,"N",38,218,0.174311926605505
2251,"1iooA","CONTROL",10,"O",38,218,0.174311926605505
2251,"1iooA","CONTROL",10,"P",0,218,0
2251,"1iooA","CONTROL",10,"S",1,218,0.00458715596330275
2252,"1issB","CONTROL",10,"C",185,291,0.63573883161512
2252,"1issB","CONTROL",10,"N",48,291,0.164948453608247
2252,"1issB","CONTROL",10,"O",58,291,0.199312714776632
2252,"1issB","CONTROL",10,"P",0,291,0
2252,"1issB","CONTROL",10,"S",0,291,0
2253,"1it7A","CONTROL",10,"C",201,315,0.638095238095238
2253,"1it7A","CONTROL",10,"N",55,315,0.174603174603175
2253,"1it7A","CONTROL",10,"O",58,315,0.184126984126984
2253,"1it7A","CONTROL",10,"P",0,315,0
2253,"1it7A","CONTROL",10,"S",1,315,0.00317460317460317
2254,"1j0kA","CONTROL",10,"C",239,385,0.620779220779221
2254,"1j0kA","CONTROL",10,"N",70,385,0.181818181818182
2254,"1j0kA","CONTROL",10,"O",73,385,0.18961038961039
2254,"1j0kA","CONTROL",10,"P",0,385,0
2254,"1j0kA","CONTROL",10,"S",3,385,0.00779220779220779
2255,"1j0nA","CONTROL",10,"C",196,316,0.620253164556962
2255,"1j0nA","CONTROL",10,"N",60,316,0.189873417721519
2255,"1j0nA","CONTROL",10,"O",59,316,0.186708860759494
2255,"1j0nA","CONTROL",10,"P",0,316,0
2255,"1j0nA","CONTROL",10,"S",1,316,0.00316455696202532
2256,"1j12C","CONTROL",10,"C",245,398,0.615577889447236
2256,"1j12C","CONTROL",10,"N",68,398,0.170854271356784
2256,"1j12C","CONTROL",10,"O",81,398,0.203517587939698
2256,"1j12C","CONTROL",10,"P",0,398,0
2256,"1j12C","CONTROL",10,"S",4,398,0.0100502512562814
2257,"1j1wB","CONTROL",10,"C",368,605,0.608264462809917
2257,"1j1wB","CONTROL",10,"N",114,605,0.188429752066116
2257,"1j1wB","CONTROL",10,"O",121,605,0.2
2257,"1j1wB","CONTROL",10,"P",0,605,0
2257,"1j1wB","CONTROL",10,"S",2,605,0.00330578512396694
2258,"1j2qL","CONTROL",10,"C",173,289,0.598615916955017
2258,"1j2qL","CONTROL",10,"N",50,289,0.173010380622837
2258,"1j2qL","CONTROL",10,"O",65,289,0.224913494809689
2258,"1j2qL","CONTROL",10,"P",0,289,0
2258,"1j2qL","CONTROL",10,"S",1,289,0.00346020761245675
2259,"1j36B","CONTROL",10,"C",304,481,0.632016632016632
2259,"1j36B","CONTROL",10,"N",92,481,0.191268191268191
2259,"1j36B","CONTROL",10,"O",84,481,0.174636174636175
2259,"1j36B","CONTROL",10,"P",0,481,0
2259,"1j36B","CONTROL",10,"S",1,481,0.00207900207900208
2260,"1j71A","CONTROL",10,"C",185,315,0.587301587301587
2260,"1j71A","CONTROL",10,"N",55,315,0.174603174603175
2260,"1j71A","CONTROL",10,"O",75,315,0.238095238095238
2260,"1j71A","CONTROL",10,"P",0,315,0
2260,"1j71A","CONTROL",10,"S",0,315,0
2261,"1jdxA","CONTROL",10,"C",192,315,0.60952380952381
2261,"1jdxA","CONTROL",10,"N",61,315,0.193650793650794
2261,"1jdxA","CONTROL",10,"O",57,315,0.180952380952381
2261,"1jdxA","CONTROL",10,"P",0,315,0
2261,"1jdxA","CONTROL",10,"S",5,315,0.0158730158730159
2262,"1jgiA","CONTROL",10,"C",292,463,0.630669546436285
2262,"1jgiA","CONTROL",10,"N",84,463,0.181425485961123
2262,"1jgiA","CONTROL",10,"O",85,463,0.183585313174946
2262,"1jgiA","CONTROL",10,"P",0,463,0
2262,"1jgiA","CONTROL",10,"S",2,463,0.00431965442764579
2263,"1jibB","CONTROL",10,"C",271,432,0.627314814814815
2263,"1jibB","CONTROL",10,"N",79,432,0.18287037037037
2263,"1jibB","CONTROL",10,"O",79,432,0.18287037037037
2263,"1jibB","CONTROL",10,"P",0,432,0
2263,"1jibB","CONTROL",10,"S",3,432,0.00694444444444444
2264,"1jmuB","CONTROL",10,"C",163,250,0.652
2264,"1jmuB","CONTROL",10,"N",44,250,0.176
2264,"1jmuB","CONTROL",10,"O",42,250,0.168
2264,"1jmuB","CONTROL",10,"P",0,250,0
2264,"1jmuB","CONTROL",10,"S",1,250,0.004
2265,"1js4A","CONTROL",10,"C",256,397,0.644836272040302
2265,"1js4A","CONTROL",10,"N",62,397,0.156171284634761
2265,"1js4A","CONTROL",10,"O",79,397,0.198992443324937
2265,"1js4A","CONTROL",10,"P",0,397,0
2265,"1js4A","CONTROL",10,"S",0,397,0
2266,"1jslB","CONTROL",10,"C",166,279,0.594982078853047
2266,"1jslB","CONTROL",10,"N",48,279,0.172043010752688
2266,"1jslB","CONTROL",10,"O",62,279,0.222222222222222
2266,"1jslB","CONTROL",10,"P",0,279,0
2266,"1jslB","CONTROL",10,"S",3,279,0.010752688172043
2267,"1jxnD","CONTROL",10,"C",156,250,0.624
2267,"1jxnD","CONTROL",10,"N",45,250,0.18
2267,"1jxnD","CONTROL",10,"O",49,250,0.196
2267,"1jxnD","CONTROL",10,"P",0,250,0
2267,"1jxnD","CONTROL",10,"S",0,250,0
2268,"1jxzC","CONTROL",10,"C",274,431,0.635730858468677
2268,"1jxzC","CONTROL",10,"N",79,431,0.183294663573086
2268,"1jxzC","CONTROL",10,"O",73,431,0.169373549883991
2268,"1jxzC","CONTROL",10,"P",0,431,0
2268,"1jxzC","CONTROL",10,"S",5,431,0.0116009280742459
2269,"1k0eB","CONTROL",10,"C",249,388,0.641752577319588
2269,"1k0eB","CONTROL",10,"N",67,388,0.172680412371134
2269,"1k0eB","CONTROL",10,"O",71,388,0.182989690721649
2269,"1k0eB","CONTROL",10,"P",0,388,0
2269,"1k0eB","CONTROL",10,"S",1,388,0.00257731958762887
2270,"1k0gA","CONTROL",10,"C",257,400,0.6425
2270,"1k0gA","CONTROL",10,"N",67,400,0.1675
2270,"1k0gA","CONTROL",10,"O",74,400,0.185
2270,"1k0gA","CONTROL",10,"P",0,400,0
2270,"1k0gA","CONTROL",10,"S",2,400,0.005
2271,"1k1wA","CONTROL",10,"C",213,325,0.655384615384615
2271,"1k1wA","CONTROL",10,"N",57,325,0.175384615384615
2271,"1k1wA","CONTROL",10,"O",55,325,0.169230769230769
2271,"1k1wA","CONTROL",10,"P",0,325,0
2271,"1k1wA","CONTROL",10,"S",0,325,0
2272,"1k1yA","CONTROL",10,"C",342,522,0.655172413793103
2272,"1k1yA","CONTROL",10,"N",89,522,0.170498084291188
2272,"1k1yA","CONTROL",10,"O",89,522,0.170498084291188
2272,"1k1yA","CONTROL",10,"P",0,522,0
2272,"1k1yA","CONTROL",10,"S",2,522,0.00383141762452107
2273,"1k39C","CONTROL",10,"C",331,499,0.663326653306613
2273,"1k39C","CONTROL",10,"N",82,499,0.164328657314629
2273,"1k39C","CONTROL",10,"O",86,499,0.172344689378758
2273,"1k39C","CONTROL",10,"P",0,499,0
2273,"1k39C","CONTROL",10,"S",0,499,0
2274,"1k9fA","CONTROL",10,"C",259,407,0.636363636363636
2274,"1k9fA","CONTROL",10,"N",77,407,0.189189189189189
2274,"1k9fA","CONTROL",10,"O",69,407,0.16953316953317
2274,"1k9fA","CONTROL",10,"P",0,407,0
2274,"1k9fA","CONTROL",10,"S",2,407,0.00491400491400491
2275,"1k9iH","CONTROL",10,"C",168,278,0.60431654676259
2275,"1k9iH","CONTROL",10,"N",51,278,0.183453237410072
2275,"1k9iH","CONTROL",10,"O",59,278,0.212230215827338
2275,"1k9iH","CONTROL",10,"P",0,278,0
2275,"1k9iH","CONTROL",10,"S",0,278,0
2276,"1kapA","CONTROL",10,"C",246,383,0.642297650130548
2276,"1kapA","CONTROL",10,"N",65,383,0.169712793733681
2276,"1kapA","CONTROL",10,"O",71,383,0.185378590078329
2276,"1kapA","CONTROL",10,"P",0,383,0
2276,"1kapA","CONTROL",10,"S",1,383,0.00261096605744125
2277,"1kdzA","CONTROL",10,"C",299,491,0.608961303462322
2277,"1kdzA","CONTROL",10,"N",85,491,0.173116089613035
2277,"1kdzA","CONTROL",10,"O",105,491,0.213849287169043
2277,"1kdzA","CONTROL",10,"P",0,491,0
2277,"1kdzA","CONTROL",10,"S",2,491,0.00407331975560081
2278,"1kecB","CONTROL",10,"C",188,287,0.655052264808362
2278,"1kecB","CONTROL",10,"N",46,287,0.160278745644599
2278,"1kecB","CONTROL",10,"O",52,287,0.181184668989547
2278,"1kecB","CONTROL",10,"P",0,287,0
2278,"1kecB","CONTROL",10,"S",1,287,0.00348432055749129
2279,"1kkrB","CONTROL",10,"C",203,332,0.61144578313253
2279,"1kkrB","CONTROL",10,"N",59,332,0.177710843373494
2279,"1kkrB","CONTROL",10,"O",69,332,0.207831325301205
2279,"1kkrB","CONTROL",10,"P",0,332,0
2279,"1kkrB","CONTROL",10,"S",1,332,0.00301204819277108
2280,"1knfA","CONTROL",10,"C",200,336,0.595238095238095
2280,"1knfA","CONTROL",10,"N",72,336,0.214285714285714
2280,"1knfA","CONTROL",10,"O",61,336,0.181547619047619
2280,"1knfA","CONTROL",10,"P",0,336,0
2280,"1knfA","CONTROL",10,"S",3,336,0.00892857142857143
2281,"1kq0A","CONTROL",10,"C",209,336,0.62202380952381
2281,"1kq0A","CONTROL",10,"N",58,336,0.172619047619048
2281,"1kq0A","CONTROL",10,"O",66,336,0.196428571428571
2281,"1kq0A","CONTROL",10,"P",0,336,0
2281,"1kq0A","CONTROL",10,"S",3,336,0.00892857142857143
2282,"1kxhA","CONTROL",10,"C",253,405,0.624691358024691
2282,"1kxhA","CONTROL",10,"N",77,405,0.190123456790123
2282,"1kxhA","CONTROL",10,"O",75,405,0.185185185185185
2282,"1kxhA","CONTROL",10,"P",0,405,0
2282,"1kxhA","CONTROL",10,"S",0,405,0
2283,"1kyfA","CONTROL",10,"C",137,215,0.637209302325581
2283,"1kyfA","CONTROL",10,"N",41,215,0.190697674418605
2283,"1kyfA","CONTROL",10,"O",37,215,0.172093023255814
2283,"1kyfA","CONTROL",10,"P",0,215,0
2283,"1kyfA","CONTROL",10,"S",0,215,0
2284,"1l1yE","CONTROL",10,"C",264,411,0.642335766423358
2284,"1l1yE","CONTROL",10,"N",74,411,0.180048661800487
2284,"1l1yE","CONTROL",10,"O",73,411,0.177615571776156
2284,"1l1yE","CONTROL",10,"P",0,411,0
2284,"1l1yE","CONTROL",10,"S",0,411,0
2285,"1la3A","CONTROL",10,"C",260,371,0.700808625336927
2285,"1la3A","CONTROL",10,"N",56,371,0.150943396226415
2285,"1la3A","CONTROL",10,"O",55,371,0.148247978436658
2285,"1la3A","CONTROL",10,"P",0,371,0
2285,"1la3A","CONTROL",10,"S",0,371,0
2286,"1lbzA","CONTROL",10,"C",213,335,0.635820895522388
2286,"1lbzA","CONTROL",10,"N",52,335,0.155223880597015
2286,"1lbzA","CONTROL",10,"O",69,335,0.205970149253731
2286,"1lbzA","CONTROL",10,"P",0,335,0
2286,"1lbzA","CONTROL",10,"S",1,335,0.00298507462686567
2287,"1lf9A","CONTROL",10,"C",298,474,0.628691983122363
2287,"1lf9A","CONTROL",10,"N",88,474,0.185654008438819
2287,"1lf9A","CONTROL",10,"O",88,474,0.185654008438819
2287,"1lf9A","CONTROL",10,"P",0,474,0
2287,"1lf9A","CONTROL",10,"S",0,474,0
2288,"1lmpA","CONTROL",10,"C",220,351,0.626780626780627
2288,"1lmpA","CONTROL",10,"N",62,351,0.176638176638177
2288,"1lmpA","CONTROL",10,"O",65,351,0.185185185185185
2288,"1lmpA","CONTROL",10,"P",0,351,0
2288,"1lmpA","CONTROL",10,"S",4,351,0.0113960113960114
2289,"1lopA","CONTROL",10,"C",171,278,0.615107913669065
2289,"1lopA","CONTROL",10,"N",56,278,0.201438848920863
2289,"1lopA","CONTROL",10,"O",49,278,0.176258992805755
2289,"1lopA","CONTROL",10,"P",0,278,0
2289,"1lopA","CONTROL",10,"S",2,278,0.00719424460431655
2290,"1lqyA","CONTROL",10,"C",248,381,0.650918635170604
2290,"1lqyA","CONTROL",10,"N",63,381,0.165354330708661
2290,"1lqyA","CONTROL",10,"O",66,381,0.173228346456693
2290,"1lqyA","CONTROL",10,"P",0,381,0
2290,"1lqyA","CONTROL",10,"S",4,381,0.010498687664042
2291,"1lryA","CONTROL",10,"C",237,368,0.644021739130435
2291,"1lryA","CONTROL",10,"N",63,368,0.171195652173913
2291,"1lryA","CONTROL",10,"O",63,368,0.171195652173913
2291,"1lryA","CONTROL",10,"P",0,368,0
2291,"1lryA","CONTROL",10,"S",5,368,0.0135869565217391
2292,"1ltmA","CONTROL",10,"C",177,269,0.657992565055762
2292,"1ltmA","CONTROL",10,"N",44,269,0.163568773234201
2292,"1ltmA","CONTROL",10,"O",46,269,0.171003717472119
2292,"1ltmA","CONTROL",10,"P",0,269,0
2292,"1ltmA","CONTROL",10,"S",2,269,0.00743494423791822
2293,"1lu2B","CONTROL",10,"C",147,242,0.607438016528926
2293,"1lu2B","CONTROL",10,"N",40,242,0.165289256198347
2293,"1lu2B","CONTROL",10,"O",55,242,0.227272727272727
2293,"1lu2B","CONTROL",10,"P",0,242,0
2293,"1lu2B","CONTROL",10,"S",0,242,0
2294,"1lv8B","CONTROL",10,"C",216,340,0.635294117647059
2294,"1lv8B","CONTROL",10,"N",56,340,0.164705882352941
2294,"1lv8B","CONTROL",10,"O",64,340,0.188235294117647
2294,"1lv8B","CONTROL",10,"P",0,340,0
2294,"1lv8B","CONTROL",10,"S",4,340,0.0117647058823529
2295,"1lwuB","CONTROL",10,"C",210,345,0.608695652173913
2295,"1lwuB","CONTROL",10,"N",64,345,0.185507246376812
2295,"1lwuB","CONTROL",10,"O",67,345,0.194202898550725
2295,"1lwuB","CONTROL",10,"P",0,345,0
2295,"1lwuB","CONTROL",10,"S",4,345,0.0115942028985507
2296,"1lwwC","CONTROL",10,"C",205,319,0.642633228840125
2296,"1lwwC","CONTROL",10,"N",54,319,0.169278996865204
2296,"1lwwC","CONTROL",10,"O",56,319,0.175548589341693
2296,"1lwwC","CONTROL",10,"P",0,319,0
2296,"1lwwC","CONTROL",10,"S",4,319,0.0125391849529781
2297,"1lxkA","CONTROL",10,"C",299,506,0.590909090909091
2297,"1lxkA","CONTROL",10,"N",109,506,0.215415019762846
2297,"1lxkA","CONTROL",10,"O",97,506,0.191699604743083
2297,"1lxkA","CONTROL",10,"P",0,506,0
2297,"1lxkA","CONTROL",10,"S",1,506,0.00197628458498024
2298,"1lxmA","CONTROL",10,"C",358,578,0.619377162629758
2298,"1lxmA","CONTROL",10,"N",113,578,0.195501730103806
2298,"1lxmA","CONTROL",10,"O",106,578,0.183391003460208
2298,"1lxmA","CONTROL",10,"P",0,578,0
2298,"1lxmA","CONTROL",10,"S",1,578,0.00173010380622837
2299,"1ly2A","CONTROL",10,"C",119,186,0.639784946236559
2299,"1ly2A","CONTROL",10,"N",32,186,0.172043010752688
2299,"1ly2A","CONTROL",10,"O",34,186,0.182795698924731
2299,"1ly2A","CONTROL",10,"P",0,186,0
2299,"1ly2A","CONTROL",10,"S",1,186,0.00537634408602151
2300,"1lzyA","CONTROL",10,"C",190,306,0.620915032679739
2300,"1lzyA","CONTROL",10,"N",55,306,0.179738562091503
2300,"1lzyA","CONTROL",10,"O",57,306,0.186274509803922
2300,"1lzyA","CONTROL",10,"P",0,306,0
2300,"1lzyA","CONTROL",10,"S",4,306,0.0130718954248366
2301,"1m01A","CONTROL",10,"C",236,385,0.612987012987013
2301,"1m01A","CONTROL",10,"N",72,385,0.187012987012987
2301,"1m01A","CONTROL",10,"O",75,385,0.194805194805195
2301,"1m01A","CONTROL",10,"P",0,385,0
2301,"1m01A","CONTROL",10,"S",2,385,0.0051948051948052
2302,"1m0sB","CONTROL",10,"C",180,285,0.631578947368421
2302,"1m0sB","CONTROL",10,"N",47,285,0.164912280701754
2302,"1m0sB","CONTROL",10,"O",55,285,0.192982456140351
2302,"1m0sB","CONTROL",10,"P",0,285,0
2302,"1m0sB","CONTROL",10,"S",3,285,0.0105263157894737
2303,"1m21A","CONTROL",10,"C",315,505,0.623762376237624
2303,"1m21A","CONTROL",10,"N",83,505,0.164356435643564
2303,"1m21A","CONTROL",10,"O",105,505,0.207920792079208
2303,"1m21A","CONTROL",10,"P",0,505,0
2303,"1m21A","CONTROL",10,"S",2,505,0.00396039603960396
2304,"1m2xA","CONTROL",10,"C",150,247,0.607287449392713
2304,"1m2xA","CONTROL",10,"N",46,247,0.186234817813765
2304,"1m2xA","CONTROL",10,"O",49,247,0.198380566801619
2304,"1m2xA","CONTROL",10,"P",0,247,0
2304,"1m2xA","CONTROL",10,"S",2,247,0.00809716599190283
2305,"1m4uA","CONTROL",10,"C",129,215,0.6
2305,"1m4uA","CONTROL",10,"N",40,215,0.186046511627907
2305,"1m4uA","CONTROL",10,"O",39,215,0.181395348837209
2305,"1m4uA","CONTROL",10,"P",0,215,0
2305,"1m4uA","CONTROL",10,"S",7,215,0.0325581395348837
2306,"1m6dA","CONTROL",10,"C",211,342,0.616959064327485
2306,"1m6dA","CONTROL",10,"N",57,342,0.166666666666667
2306,"1m6dA","CONTROL",10,"O",67,342,0.195906432748538
2306,"1m6dA","CONTROL",10,"P",0,342,0
2306,"1m6dA","CONTROL",10,"S",7,342,0.0204678362573099
2307,"1m72A","CONTROL",10,"C",285,453,0.629139072847682
2307,"1m72A","CONTROL",10,"N",79,453,0.17439293598234
2307,"1m72A","CONTROL",10,"O",85,453,0.187637969094923
2307,"1m72A","CONTROL",10,"P",0,453,0
2307,"1m72A","CONTROL",10,"S",4,453,0.00883002207505519
2308,"1m7eA","CONTROL",10,"C",268,419,0.639618138424821
2308,"1m7eA","CONTROL",10,"N",71,419,0.16945107398568
2308,"1m7eA","CONTROL",10,"O",79,419,0.18854415274463
2308,"1m7eA","CONTROL",10,"P",0,419,0
2308,"1m7eA","CONTROL",10,"S",1,419,0.00238663484486874
2309,"1maaC","CONTROL",10,"C",296,436,0.678899082568807
2309,"1maaC","CONTROL",10,"N",62,436,0.142201834862385
2309,"1maaC","CONTROL",10,"O",77,436,0.176605504587156
2309,"1maaC","CONTROL",10,"P",0,436,0
2309,"1maaC","CONTROL",10,"S",1,436,0.00229357798165138
2310,"1mc0A","CONTROL",10,"C",265,409,0.647921760391198
2310,"1mc0A","CONTROL",10,"N",70,409,0.171149144254279
2310,"1mc0A","CONTROL",10,"O",72,409,0.176039119804401
2310,"1mc0A","CONTROL",10,"P",0,409,0
2310,"1mc0A","CONTROL",10,"S",2,409,0.00488997555012225
2311,"1mhcA","CONTROL",10,"C",428,654,0.654434250764526
2311,"1mhcA","CONTROL",10,"N",105,654,0.160550458715596
2311,"1mhcA","CONTROL",10,"O",117,654,0.178899082568807
2311,"1mhcA","CONTROL",10,"P",0,654,0
2311,"1mhcA","CONTROL",10,"S",4,654,0.00611620795107034
2312,"1mskA","CONTROL",10,"C",247,377,0.655172413793103
2312,"1mskA","CONTROL",10,"N",63,377,0.16710875331565
2312,"1mskA","CONTROL",10,"O",65,377,0.172413793103448
2312,"1mskA","CONTROL",10,"P",0,377,0
2312,"1mskA","CONTROL",10,"S",2,377,0.00530503978779841
2313,"1n1yA","CONTROL",10,"C",228,378,0.603174603174603
2313,"1n1yA","CONTROL",10,"N",71,378,0.187830687830688
2313,"1n1yA","CONTROL",10,"O",77,378,0.203703703703704
2313,"1n1yA","CONTROL",10,"P",0,378,0
2313,"1n1yA","CONTROL",10,"S",2,378,0.00529100529100529
2314,"1n24A","CONTROL",10,"C",302,475,0.635789473684211
2314,"1n24A","CONTROL",10,"N",78,475,0.164210526315789
2314,"1n24A","CONTROL",10,"O",94,475,0.197894736842105
2314,"1n24A","CONTROL",10,"P",0,475,0
2314,"1n24A","CONTROL",10,"S",1,475,0.00210526315789474
2315,"1n2xA","CONTROL",10,"C",315,496,0.63508064516129
2315,"1n2xA","CONTROL",10,"N",89,496,0.179435483870968
2315,"1n2xA","CONTROL",10,"O",91,496,0.183467741935484
2315,"1n2xA","CONTROL",10,"P",0,496,0
2315,"1n2xA","CONTROL",10,"S",1,496,0.00201612903225806
2316,"1n3qB","CONTROL",10,"C",145,234,0.61965811965812
2316,"1n3qB","CONTROL",10,"N",41,234,0.175213675213675
2316,"1n3qB","CONTROL",10,"O",48,234,0.205128205128205
2316,"1n3qB","CONTROL",10,"P",0,234,0
2316,"1n3qB","CONTROL",10,"S",0,234,0
2317,"1n47A","CONTROL",10,"C",140,230,0.608695652173913
2317,"1n47A","CONTROL",10,"N",41,230,0.178260869565217
2317,"1n47A","CONTROL",10,"O",49,230,0.21304347826087
2317,"1n47A","CONTROL",10,"P",0,230,0
2317,"1n47A","CONTROL",10,"S",0,230,0
2318,"1n61C","CONTROL",10,"C",399,622,0.641479099678457
2318,"1n61C","CONTROL",10,"N",108,622,0.173633440514469
2318,"1n61C","CONTROL",10,"O",111,622,0.178456591639871
2318,"1n61C","CONTROL",10,"P",0,622,0
2318,"1n61C","CONTROL",10,"S",4,622,0.00643086816720257
2319,"1n6cA","CONTROL",10,"C",241,376,0.640957446808511
2319,"1n6cA","CONTROL",10,"N",60,376,0.159574468085106
2319,"1n6cA","CONTROL",10,"O",75,376,0.199468085106383
2319,"1n6cA","CONTROL",10,"P",0,376,0
2319,"1n6cA","CONTROL",10,"S",0,376,0
2320,"1n71B","CONTROL",10,"C",268,414,0.647342995169082
2320,"1n71B","CONTROL",10,"N",70,414,0.169082125603865
2320,"1n71B","CONTROL",10,"O",74,414,0.178743961352657
2320,"1n71B","CONTROL",10,"P",0,414,0
2320,"1n71B","CONTROL",10,"S",2,414,0.00483091787439614
2321,"1n73F","CONTROL",10,"C",231,375,0.616
2321,"1n73F","CONTROL",10,"N",65,375,0.173333333333333
2321,"1n73F","CONTROL",10,"O",76,375,0.202666666666667
2321,"1n73F","CONTROL",10,"P",0,375,0
2321,"1n73F","CONTROL",10,"S",3,375,0.008
2322,"1nh6A","CONTROL",10,"C",488,753,0.648074369189907
2322,"1nh6A","CONTROL",10,"N",127,753,0.168658698539177
2322,"1nh6A","CONTROL",10,"O",137,753,0.181938911022576
2322,"1nh6A","CONTROL",10,"P",0,753,0
2322,"1nh6A","CONTROL",10,"S",1,753,0.00132802124833997
2323,"1njuC","CONTROL",10,"C",246,408,0.602941176470588
2323,"1njuC","CONTROL",10,"N",83,408,0.20343137254902
2323,"1njuC","CONTROL",10,"O",77,408,0.188725490196078
2323,"1njuC","CONTROL",10,"P",0,408,0
2323,"1njuC","CONTROL",10,"S",2,408,0.00490196078431373
2324,"1nltA","CONTROL",10,"C",186,289,0.643598615916955
2324,"1nltA","CONTROL",10,"N",54,289,0.186851211072664
2324,"1nltA","CONTROL",10,"O",49,289,0.169550173010381
2324,"1nltA","CONTROL",10,"P",0,289,0
2324,"1nltA","CONTROL",10,"S",0,289,0
2325,"1nopD","CONTROL",10,"C",205,327,0.62691131498471
2325,"1nopD","CONTROL",10,"N",59,327,0.180428134556575
2325,"1nopD","CONTROL",10,"O",62,327,0.18960244648318
2325,"1nopD","CONTROL",10,"P",0,327,0
2325,"1nopD","CONTROL",10,"S",1,327,0.00305810397553517
2326,"1npzA","CONTROL",10,"C",233,378,0.616402116402116
2326,"1npzA","CONTROL",10,"N",69,378,0.182539682539683
2326,"1npzA","CONTROL",10,"O",72,378,0.19047619047619
2326,"1npzA","CONTROL",10,"P",0,378,0
2326,"1npzA","CONTROL",10,"S",4,378,0.0105820105820106
2327,"1ns8B","CONTROL",10,"C",192,306,0.627450980392157
2327,"1ns8B","CONTROL",10,"N",56,306,0.183006535947712
2327,"1ns8B","CONTROL",10,"O",58,306,0.189542483660131
2327,"1ns8B","CONTROL",10,"P",0,306,0
2327,"1ns8B","CONTROL",10,"S",0,306,0
2328,"1nw7A","CONTROL",10,"C",245,371,0.660377358490566
2328,"1nw7A","CONTROL",10,"N",56,371,0.150943396226415
2328,"1nw7A","CONTROL",10,"O",66,371,0.177897574123989
2328,"1nw7A","CONTROL",10,"P",0,371,0
2328,"1nw7A","CONTROL",10,"S",4,371,0.0107816711590297
2329,"1nx8A","CONTROL",10,"C",221,340,0.65
2329,"1nx8A","CONTROL",10,"N",66,340,0.194117647058824
2329,"1nx8A","CONTROL",10,"O",52,340,0.152941176470588
2329,"1nx8A","CONTROL",10,"P",0,340,0
2329,"1nx8A","CONTROL",10,"S",1,340,0.00294117647058824
2330,"1o5wA","CONTROL",10,"C",690,1062,0.649717514124294
2330,"1o5wA","CONTROL",10,"N",173,1062,0.162900188323917
2330,"1o5wA","CONTROL",10,"O",188,1062,0.177024482109228
2330,"1o5wA","CONTROL",10,"P",0,1062,0
2330,"1o5wA","CONTROL",10,"S",11,1062,0.0103578154425612
2331,"1o70A","CONTROL",10,"C",149,238,0.626050420168067
2331,"1o70A","CONTROL",10,"N",39,238,0.163865546218487
2331,"1o70A","CONTROL",10,"O",48,238,0.201680672268908
2331,"1o70A","CONTROL",10,"P",0,238,0
2331,"1o70A","CONTROL",10,"S",2,238,0.00840336134453781
2332,"1o8bB","CONTROL",10,"C",189,302,0.625827814569536
2332,"1o8bB","CONTROL",10,"N",52,302,0.172185430463576
2332,"1o8bB","CONTROL",10,"O",60,302,0.198675496688742
2332,"1o8bB","CONTROL",10,"P",0,302,0
2332,"1o8bB","CONTROL",10,"S",1,302,0.0033112582781457
2333,"1o8sA","CONTROL",10,"C",129,198,0.651515151515151
2333,"1o8sA","CONTROL",10,"N",29,198,0.146464646464646
2333,"1o8sA","CONTROL",10,"O",40,198,0.202020202020202
2333,"1o8sA","CONTROL",10,"P",0,198,0
2333,"1o8sA","CONTROL",10,"S",0,198,0
2334,"1oa3A","CONTROL",10,"C",128,193,0.663212435233161
2334,"1oa3A","CONTROL",10,"N",30,193,0.155440414507772
2334,"1oa3A","CONTROL",10,"O",35,193,0.181347150259067
2334,"1oa3A","CONTROL",10,"P",0,193,0
2334,"1oa3A","CONTROL",10,"S",0,193,0
2335,"1oc1A","CONTROL",10,"C",318,503,0.63220675944334
2335,"1oc1A","CONTROL",10,"N",88,503,0.174950298210736
2335,"1oc1A","CONTROL",10,"O",96,503,0.190854870775348
2335,"1oc1A","CONTROL",10,"P",0,503,0
2335,"1oc1A","CONTROL",10,"S",1,503,0.00198807157057654
2336,"1oclA","CONTROL",10,"C",190,316,0.60126582278481
2336,"1oclA","CONTROL",10,"N",57,316,0.180379746835443
2336,"1oclA","CONTROL",10,"O",68,316,0.215189873417722
2336,"1oclA","CONTROL",10,"P",0,316,0
2336,"1oclA","CONTROL",10,"S",1,316,0.00316455696202532
2337,"1ocuA","CONTROL",10,"C",155,229,0.676855895196507
2337,"1ocuA","CONTROL",10,"N",37,229,0.161572052401747
2337,"1ocuA","CONTROL",10,"O",37,229,0.161572052401747
2337,"1ocuA","CONTROL",10,"P",0,229,0
2337,"1ocuA","CONTROL",10,"S",0,229,0
2338,"1of4A","CONTROL",10,"C",169,282,0.599290780141844
2338,"1of4A","CONTROL",10,"N",59,282,0.209219858156028
2338,"1of4A","CONTROL",10,"O",53,282,0.187943262411348
2338,"1of4A","CONTROL",10,"P",0,282,0
2338,"1of4A","CONTROL",10,"S",1,282,0.00354609929078014
2339,"1ofiD","CONTROL",10,"C",191,307,0.62214983713355
2339,"1ofiD","CONTROL",10,"N",53,307,0.172638436482085
2339,"1ofiD","CONTROL",10,"O",60,307,0.195439739413681
2339,"1ofiD","CONTROL",10,"P",0,307,0
2339,"1ofiD","CONTROL",10,"S",3,307,0.00977198697068404
2340,"1ogoA","CONTROL",10,"C",183,299,0.612040133779264
2340,"1ogoA","CONTROL",10,"N",51,299,0.17056856187291
2340,"1ogoA","CONTROL",10,"O",65,299,0.217391304347826
2340,"1ogoA","CONTROL",10,"P",0,299,0
2340,"1ogoA","CONTROL",10,"S",0,299,0
2341,"1oijC","CONTROL",10,"C",183,276,0.66304347826087
2341,"1oijC","CONTROL",10,"N",54,276,0.195652173913043
2341,"1oijC","CONTROL",10,"O",39,276,0.141304347826087
2341,"1oijC","CONTROL",10,"P",0,276,0
2341,"1oijC","CONTROL",10,"S",0,276,0
2342,"1olmB","CONTROL",10,"C",416,626,0.664536741214057
2342,"1olmB","CONTROL",10,"N",99,626,0.15814696485623
2342,"1olmB","CONTROL",10,"O",108,626,0.172523961661342
2342,"1olmB","CONTROL",10,"P",0,626,0
2342,"1olmB","CONTROL",10,"S",3,626,0.00479233226837061
2343,"1onxA","CONTROL",10,"C",194,323,0.60061919504644
2343,"1onxA","CONTROL",10,"N",65,323,0.201238390092879
2343,"1onxA","CONTROL",10,"O",64,323,0.198142414860681
2343,"1onxA","CONTROL",10,"P",0,323,0
2343,"1onxA","CONTROL",10,"S",0,323,0
2344,"1oopA","CONTROL",10,"C",333,489,0.680981595092024
2344,"1oopA","CONTROL",10,"N",71,489,0.14519427402863
2344,"1oopA","CONTROL",10,"O",80,489,0.16359918200409
2344,"1oopA","CONTROL",10,"P",0,489,0
2344,"1oopA","CONTROL",10,"S",5,489,0.0102249488752556
2345,"1otjB","CONTROL",10,"C",204,314,0.64968152866242
2345,"1otjB","CONTROL",10,"N",56,314,0.178343949044586
2345,"1otjB","CONTROL",10,"O",54,314,0.171974522292994
2345,"1otjB","CONTROL",10,"P",0,314,0
2345,"1otjB","CONTROL",10,"S",0,314,0
2346,"1ox5A","CONTROL",10,"C",313,494,0.633603238866397
2346,"1ox5A","CONTROL",10,"N",86,494,0.174089068825911
2346,"1ox5A","CONTROL",10,"O",92,494,0.186234817813765
2346,"1ox5A","CONTROL",10,"P",0,494,0
2346,"1ox5A","CONTROL",10,"S",3,494,0.00607287449392713
2347,"1p0yC","CONTROL",10,"C",260,402,0.646766169154229
2347,"1p0yC","CONTROL",10,"N",66,402,0.164179104477612
2347,"1p0yC","CONTROL",10,"O",76,402,0.189054726368159
2347,"1p0yC","CONTROL",10,"P",0,402,0
2347,"1p0yC","CONTROL",10,"S",0,402,0
2348,"1p42B","CONTROL",10,"C",232,377,0.615384615384615
2348,"1p42B","CONTROL",10,"N",70,377,0.185676392572944
2348,"1p42B","CONTROL",10,"O",75,377,0.19893899204244
2348,"1p42B","CONTROL",10,"P",0,377,0
2348,"1p42B","CONTROL",10,"S",0,377,0
2349,"1p5rB","CONTROL",10,"C",319,496,0.643145161290323
2349,"1p5rB","CONTROL",10,"N",85,496,0.171370967741935
2349,"1p5rB","CONTROL",10,"O",88,496,0.17741935483871
2349,"1p5rB","CONTROL",10,"P",0,496,0
2349,"1p5rB","CONTROL",10,"S",4,496,0.00806451612903226
2350,"1p6eA","CONTROL",10,"C",257,409,0.628361858190709
2350,"1p6eA","CONTROL",10,"N",70,409,0.171149144254279
2350,"1p6eA","CONTROL",10,"O",81,409,0.198044009779951
2350,"1p6eA","CONTROL",10,"P",0,409,0
2350,"1p6eA","CONTROL",10,"S",1,409,0.00244498777506112
2351,"1p7wA","CONTROL",10,"C",268,435,0.616091954022989
2351,"1p7wA","CONTROL",10,"N",79,435,0.181609195402299
2351,"1p7wA","CONTROL",10,"O",86,435,0.197701149425287
2351,"1p7wA","CONTROL",10,"P",0,435,0
2351,"1p7wA","CONTROL",10,"S",2,435,0.00459770114942529
2352,"1padA","CONTROL",10,"C",195,308,0.633116883116883
2352,"1padA","CONTROL",10,"N",51,308,0.165584415584416
2352,"1padA","CONTROL",10,"O",59,308,0.191558441558442
2352,"1padA","CONTROL",10,"P",0,308,0
2352,"1padA","CONTROL",10,"S",3,308,0.00974025974025974
2353,"1pcmA","CONTROL",10,"C",224,371,0.60377358490566
2353,"1pcmA","CONTROL",10,"N",70,371,0.188679245283019
2353,"1pcmA","CONTROL",10,"O",75,371,0.202156334231806
2353,"1pcmA","CONTROL",10,"P",0,371,0
2353,"1pcmA","CONTROL",10,"S",2,371,0.00539083557951483
2354,"1pegA","CONTROL",10,"C",249,382,0.651832460732984
2354,"1pegA","CONTROL",10,"N",67,382,0.175392670157068
2354,"1pegA","CONTROL",10,"O",62,382,0.162303664921466
2354,"1pegA","CONTROL",10,"P",0,382,0
2354,"1pegA","CONTROL",10,"S",4,382,0.0104712041884817
2355,"1pgoA","CONTROL",10,"C",291,460,0.632608695652174
2355,"1pgoA","CONTROL",10,"N",86,460,0.18695652173913
2355,"1pgoA","CONTROL",10,"O",79,460,0.171739130434783
2355,"1pgoA","CONTROL",10,"P",0,460,0
2355,"1pgoA","CONTROL",10,"S",4,460,0.00869565217391304
2356,"1pnfA","CONTROL",10,"C",224,339,0.660766961651917
2356,"1pnfA","CONTROL",10,"N",56,339,0.165191740412979
2356,"1pnfA","CONTROL",10,"O",59,339,0.174041297935103
2356,"1pnfA","CONTROL",10,"P",0,339,0
2356,"1pnfA","CONTROL",10,"S",0,339,0
2357,"1ppiA","CONTROL",10,"C",337,534,0.631086142322097
2357,"1ppiA","CONTROL",10,"N",99,534,0.185393258426966
2357,"1ppiA","CONTROL",10,"O",96,534,0.179775280898876
2357,"1ppiA","CONTROL",10,"P",0,534,0
2357,"1ppiA","CONTROL",10,"S",2,534,0.00374531835205993
2358,"1pq7A","CONTROL",10,"C",192,324,0.592592592592593
2358,"1pq7A","CONTROL",10,"N",57,324,0.175925925925926
2358,"1pq7A","CONTROL",10,"O",69,324,0.212962962962963
2358,"1pq7A","CONTROL",10,"P",0,324,0
2358,"1pq7A","CONTROL",10,"S",6,324,0.0185185185185185
2359,"1pqpA","CONTROL",10,"C",152,267,0.569288389513109
2359,"1pqpA","CONTROL",10,"N",54,267,0.202247191011236
2359,"1pqpA","CONTROL",10,"O",59,267,0.220973782771536
2359,"1pqpA","CONTROL",10,"P",0,267,0
2359,"1pqpA","CONTROL",10,"S",2,267,0.00749063670411985
2360,"1psoA","CONTROL",10,"C",305,482,0.632780082987552
2360,"1psoA","CONTROL",10,"N",77,482,0.159751037344398
2360,"1psoA","CONTROL",10,"O",98,482,0.203319502074689
2360,"1psoA","CONTROL",10,"P",0,482,0
2360,"1psoA","CONTROL",10,"S",2,482,0.004149377593361
2361,"1pz2A","CONTROL",10,"C",205,321,0.638629283489097
2361,"1pz2A","CONTROL",10,"N",54,321,0.168224299065421
2361,"1pz2A","CONTROL",10,"O",60,321,0.186915887850467
2361,"1pz2A","CONTROL",10,"P",0,321,0
2361,"1pz2A","CONTROL",10,"S",2,321,0.00623052959501558
2362,"1pz4A","CONTROL",10,"C",281,423,0.664302600472813
2362,"1pz4A","CONTROL",10,"N",69,423,0.163120567375887
2362,"1pz4A","CONTROL",10,"O",68,423,0.160756501182033
2362,"1pz4A","CONTROL",10,"P",0,423,0
2362,"1pz4A","CONTROL",10,"S",5,423,0.0118203309692671
2363,"1q33A","CONTROL",10,"C",174,276,0.630434782608696
2363,"1q33A","CONTROL",10,"N",47,276,0.170289855072464
2363,"1q33A","CONTROL",10,"O",54,276,0.195652173913043
2363,"1q33A","CONTROL",10,"P",0,276,0
2363,"1q33A","CONTROL",10,"S",1,276,0.0036231884057971
2364,"1q51G","CONTROL",10,"C",235,384,0.611979166666667
2364,"1q51G","CONTROL",10,"N",73,384,0.190104166666667
2364,"1q51G","CONTROL",10,"O",75,384,0.1953125
2364,"1q51G","CONTROL",10,"P",0,384,0
2364,"1q51G","CONTROL",10,"S",1,384,0.00260416666666667
2365,"1q6iB","CONTROL",10,"C",221,336,0.657738095238095
2365,"1q6iB","CONTROL",10,"N",53,336,0.157738095238095
2365,"1q6iB","CONTROL",10,"O",62,336,0.18452380952381
2365,"1q6iB","CONTROL",10,"P",0,336,0
2365,"1q6iB","CONTROL",10,"S",0,336,0
2366,"1q8aB","CONTROL",10,"C",179,287,0.623693379790941
2366,"1q8aB","CONTROL",10,"N",45,287,0.156794425087108
2366,"1q8aB","CONTROL",10,"O",60,287,0.209059233449477
2366,"1q8aB","CONTROL",10,"P",0,287,0
2366,"1q8aB","CONTROL",10,"S",3,287,0.0104529616724739
2367,"1qapB","CONTROL",10,"C",148,246,0.601626016260163
2367,"1qapB","CONTROL",10,"N",50,246,0.203252032520325
2367,"1qapB","CONTROL",10,"O",47,246,0.191056910569106
2367,"1qapB","CONTROL",10,"P",0,246,0
2367,"1qapB","CONTROL",10,"S",1,246,0.0040650406504065
2368,"1qd1A","CONTROL",10,"C",337,550,0.612727272727273
2368,"1qd1A","CONTROL",10,"N",104,550,0.189090909090909
2368,"1qd1A","CONTROL",10,"O",107,550,0.194545454545455
2368,"1qd1A","CONTROL",10,"P",0,550,0
2368,"1qd1A","CONTROL",10,"S",2,550,0.00363636363636364
2369,"1qdqA","CONTROL",10,"C",259,422,0.613744075829384
2369,"1qdqA","CONTROL",10,"N",71,422,0.16824644549763
2369,"1qdqA","CONTROL",10,"O",86,422,0.203791469194313
2369,"1qdqA","CONTROL",10,"P",0,422,0
2369,"1qdqA","CONTROL",10,"S",6,422,0.014218009478673
2370,"1qf1A","CONTROL",10,"C",254,407,0.624078624078624
2370,"1qf1A","CONTROL",10,"N",68,407,0.167076167076167
2370,"1qf1A","CONTROL",10,"O",84,407,0.206388206388206
2370,"1qf1A","CONTROL",10,"P",0,407,0
2370,"1qf1A","CONTROL",10,"S",1,407,0.00245700245700246
2371,"1qltA","CONTROL",10,"C",492,760,0.647368421052632
2371,"1qltA","CONTROL",10,"N",127,760,0.167105263157895
2371,"1qltA","CONTROL",10,"O",136,760,0.178947368421053
2371,"1qltA","CONTROL",10,"P",0,760,0
2371,"1qltA","CONTROL",10,"S",5,760,0.00657894736842105
2372,"1qngA","CONTROL",10,"C",230,373,0.616621983914209
2372,"1qngA","CONTROL",10,"N",73,373,0.195710455764075
2372,"1qngA","CONTROL",10,"O",67,373,0.179624664879357
2372,"1qngA","CONTROL",10,"P",0,373,0
2372,"1qngA","CONTROL",10,"S",3,373,0.00804289544235925
2373,"1qooD","CONTROL",10,"C",147,241,0.609958506224066
2373,"1qooD","CONTROL",10,"N",41,241,0.170124481327801
2373,"1qooD","CONTROL",10,"O",52,241,0.215767634854772
2373,"1qooD","CONTROL",10,"P",0,241,0
2373,"1qooD","CONTROL",10,"S",1,241,0.004149377593361
2374,"1qpqA","CONTROL",10,"C",157,264,0.59469696969697
2374,"1qpqA","CONTROL",10,"N",57,264,0.215909090909091
2374,"1qpqA","CONTROL",10,"O",50,264,0.189393939393939
2374,"1qpqA","CONTROL",10,"P",0,264,0
2374,"1qpqA","CONTROL",10,"S",0,264,0
2375,"1qs0A","CONTROL",10,"C",200,337,0.593471810089021
2375,"1qs0A","CONTROL",10,"N",65,337,0.192878338278932
2375,"1qs0A","CONTROL",10,"O",72,337,0.213649851632047
2375,"1qs0A","CONTROL",10,"P",0,337,0
2375,"1qs0A","CONTROL",10,"S",0,337,0
2376,"1qs8A","CONTROL",10,"C",326,504,0.646825396825397
2376,"1qs8A","CONTROL",10,"N",79,504,0.156746031746032
2376,"1qs8A","CONTROL",10,"O",96,504,0.19047619047619
2376,"1qs8A","CONTROL",10,"P",0,504,0
2376,"1qs8A","CONTROL",10,"S",3,504,0.00595238095238095
2377,"1qsrA","CONTROL",10,"C",273,404,0.675742574257426
2377,"1qsrA","CONTROL",10,"N",64,404,0.158415841584158
2377,"1qsrA","CONTROL",10,"O",63,404,0.155940594059406
2377,"1qsrA","CONTROL",10,"P",0,404,0
2377,"1qsrA","CONTROL",10,"S",4,404,0.0099009900990099
2378,"1qu2B","CONTROL",10,"C",323,503,0.642147117296223
2378,"1qu2B","CONTROL",10,"N",86,503,0.170974155069582
2378,"1qu2B","CONTROL",10,"O",91,503,0.180914512922465
2378,"1qu2B","CONTROL",10,"P",0,503,0
2378,"1qu2B","CONTROL",10,"S",3,503,0.00596421471172962
2379,"1qxwA","CONTROL",10,"C",245,394,0.621827411167513
2379,"1qxwA","CONTROL",10,"N",69,394,0.1751269035533
2379,"1qxwA","CONTROL",10,"O",78,394,0.197969543147208
2379,"1qxwA","CONTROL",10,"P",0,394,0
2379,"1qxwA","CONTROL",10,"S",2,394,0.0050761421319797
2380,"1qzzA","CONTROL",10,"C",301,453,0.664459161147903
2380,"1qzzA","CONTROL",10,"N",68,453,0.150110375275938
2380,"1qzzA","CONTROL",10,"O",79,453,0.17439293598234
2380,"1qzzA","CONTROL",10,"P",0,453,0
2380,"1qzzA","CONTROL",10,"S",5,453,0.011037527593819
2381,"1r17A","CONTROL",10,"C",396,635,0.623622047244095
2381,"1r17A","CONTROL",10,"N",102,635,0.160629921259843
2381,"1r17A","CONTROL",10,"O",136,635,0.214173228346457
2381,"1r17A","CONTROL",10,"P",0,635,0
2381,"1r17A","CONTROL",10,"S",1,635,0.0015748031496063
2382,"1r1aA","CONTROL",10,"C",266,402,0.661691542288557
2382,"1r1aA","CONTROL",10,"N",66,402,0.164179104477612
2382,"1r1aA","CONTROL",10,"O",68,402,0.169154228855721
2382,"1r1aA","CONTROL",10,"P",0,402,0
2382,"1r1aA","CONTROL",10,"S",2,402,0.00497512437810945
2383,"1r4wB","CONTROL",10,"C",226,336,0.672619047619048
2383,"1r4wB","CONTROL",10,"N",49,336,0.145833333333333
2383,"1r4wB","CONTROL",10,"O",57,336,0.169642857142857
2383,"1r4wB","CONTROL",10,"P",0,336,0
2383,"1r4wB","CONTROL",10,"S",4,336,0.0119047619047619
2384,"1rakA","CONTROL",10,"C",234,371,0.630727762803235
2384,"1rakA","CONTROL",10,"N",73,371,0.196765498652291
2384,"1rakA","CONTROL",10,"O",64,371,0.172506738544474
2384,"1rakA","CONTROL",10,"P",0,371,0
2384,"1rakA","CONTROL",10,"S",0,371,0
2385,"1redB","CONTROL",10,"C",221,330,0.66969696969697
2385,"1redB","CONTROL",10,"N",49,330,0.148484848484848
2385,"1redB","CONTROL",10,"O",60,330,0.181818181818182
2385,"1redB","CONTROL",10,"P",0,330,0
2385,"1redB","CONTROL",10,"S",0,330,0
2386,"1remA","CONTROL",10,"C",184,293,0.627986348122867
2386,"1remA","CONTROL",10,"N",53,293,0.180887372013652
2386,"1remA","CONTROL",10,"O",52,293,0.177474402730375
2386,"1remA","CONTROL",10,"P",0,293,0
2386,"1remA","CONTROL",10,"S",4,293,0.0136518771331058
2387,"1rm6E","CONTROL",10,"C",390,607,0.642504118616145
2387,"1rm6E","CONTROL",10,"N",111,607,0.182866556836903
2387,"1rm6E","CONTROL",10,"O",105,607,0.172981878088962
2387,"1rm6E","CONTROL",10,"P",0,607,0
2387,"1rm6E","CONTROL",10,"S",1,607,0.00164744645799012
2388,"1rq5A","CONTROL",10,"C",329,532,0.618421052631579
2388,"1rq5A","CONTROL",10,"N",99,532,0.18609022556391
2388,"1rq5A","CONTROL",10,"O",102,532,0.191729323308271
2388,"1rq5A","CONTROL",10,"P",0,532,0
2388,"1rq5A","CONTROL",10,"S",2,532,0.0037593984962406
2389,"1rr2A","CONTROL",10,"C",157,257,0.610894941634241
2389,"1rr2A","CONTROL",10,"N",52,257,0.202334630350195
2389,"1rr2A","CONTROL",10,"O",46,257,0.178988326848249
2389,"1rr2A","CONTROL",10,"P",0,257,0
2389,"1rr2A","CONTROL",10,"S",2,257,0.00778210116731518
2390,"1rs0A","CONTROL",10,"C",162,270,0.6
2390,"1rs0A","CONTROL",10,"N",45,270,0.166666666666667
2390,"1rs0A","CONTROL",10,"O",58,270,0.214814814814815
2390,"1rs0A","CONTROL",10,"P",0,270,0
2390,"1rs0A","CONTROL",10,"S",5,270,0.0185185185185185
2391,"1rtvA","CONTROL",10,"C",173,280,0.617857142857143
2391,"1rtvA","CONTROL",10,"N",53,280,0.189285714285714
2391,"1rtvA","CONTROL",10,"O",53,280,0.189285714285714
2391,"1rtvA","CONTROL",10,"P",0,280,0
2391,"1rtvA","CONTROL",10,"S",1,280,0.00357142857142857
2392,"1rwcA","CONTROL",10,"C",230,389,0.591259640102828
2392,"1rwcA","CONTROL",10,"N",83,389,0.213367609254499
2392,"1rwcA","CONTROL",10,"O",76,389,0.195372750642674
2392,"1rwcA","CONTROL",10,"P",0,389,0
2392,"1rwcA","CONTROL",10,"S",0,389,0
2393,"1rxuF","CONTROL",10,"C",206,339,0.607669616519174
2393,"1rxuF","CONTROL",10,"N",64,339,0.188790560471976
2393,"1rxuF","CONTROL",10,"O",65,339,0.191740412979351
2393,"1rxuF","CONTROL",10,"P",0,339,0
2393,"1rxuF","CONTROL",10,"S",4,339,0.0117994100294985
2394,"1rxzA","CONTROL",10,"C",246,382,0.643979057591623
2394,"1rxzA","CONTROL",10,"N",64,382,0.167539267015707
2394,"1rxzA","CONTROL",10,"O",70,382,0.183246073298429
2394,"1rxzA","CONTROL",10,"P",0,382,0
2394,"1rxzA","CONTROL",10,"S",2,382,0.00523560209424084
2395,"1rz0F","CONTROL",10,"C",289,437,0.661327231121281
2395,"1rz0F","CONTROL",10,"N",71,437,0.162471395881007
2395,"1rz0F","CONTROL",10,"O",77,437,0.176201372997712
2395,"1rz0F","CONTROL",10,"P",0,437,0
2395,"1rz0F","CONTROL",10,"S",0,437,0
2396,"1s0iA","CONTROL",10,"C",276,449,0.614699331848552
2396,"1s0iA","CONTROL",10,"N",86,449,0.191536748329621
2396,"1s0iA","CONTROL",10,"O",87,449,0.193763919821826
2396,"1s0iA","CONTROL",10,"P",0,449,0
2396,"1s0iA","CONTROL",10,"S",0,449,0
2397,"1s4vB","CONTROL",10,"C",185,308,0.600649350649351
2397,"1s4vB","CONTROL",10,"N",54,308,0.175324675324675
2397,"1s4vB","CONTROL",10,"O",64,308,0.207792207792208
2397,"1s4vB","CONTROL",10,"P",0,308,0
2397,"1s4vB","CONTROL",10,"S",5,308,0.0162337662337662
2398,"1s7lA","CONTROL",10,"C",274,424,0.64622641509434
2398,"1s7lA","CONTROL",10,"N",75,424,0.17688679245283
2398,"1s7lA","CONTROL",10,"O",73,424,0.172169811320755
2398,"1s7lA","CONTROL",10,"P",0,424,0
2398,"1s7lA","CONTROL",10,"S",2,424,0.00471698113207547
2399,"1sbfA","CONTROL",10,"C",132,214,0.616822429906542
2399,"1sbfA","CONTROL",10,"N",36,214,0.168224299065421
2399,"1sbfA","CONTROL",10,"O",46,214,0.214953271028037
2399,"1sbfA","CONTROL",10,"P",0,214,0
2399,"1sbfA","CONTROL",10,"S",0,214,0
2400,"1sfqD","CONTROL",10,"C",289,460,0.628260869565217
2400,"1sfqD","CONTROL",10,"N",79,460,0.171739130434783
2400,"1sfqD","CONTROL",10,"O",86,460,0.18695652173913
2400,"1sfqD","CONTROL",10,"P",0,460,0
2400,"1sfqD","CONTROL",10,"S",6,460,0.0130434782608696
2401,"1sftB","CONTROL",10,"C",238,359,0.662952646239554
2401,"1sftB","CONTROL",10,"N",64,359,0.178272980501393
2401,"1sftB","CONTROL",10,"O",53,359,0.147632311977716
2401,"1sftB","CONTROL",10,"P",0,359,0
2401,"1sftB","CONTROL",10,"S",4,359,0.011142061281337
2402,"1sfyC","CONTROL",10,"C",149,232,0.642241379310345
2402,"1sfyC","CONTROL",10,"N",37,232,0.15948275862069
2402,"1sfyC","CONTROL",10,"O",46,232,0.198275862068966
2402,"1sfyC","CONTROL",10,"P",0,232,0
2402,"1sfyC","CONTROL",10,"S",0,232,0
2403,"1sg4B","CONTROL",10,"C",357,552,0.646739130434783
2403,"1sg4B","CONTROL",10,"N",92,552,0.166666666666667
2403,"1sg4B","CONTROL",10,"O",98,552,0.177536231884058
2403,"1sg4B","CONTROL",10,"P",0,552,0
2403,"1sg4B","CONTROL",10,"S",5,552,0.00905797101449275
2404,"1sioC","CONTROL",10,"C",231,377,0.612732095490716
2404,"1sioC","CONTROL",10,"N",65,377,0.172413793103448
2404,"1sioC","CONTROL",10,"O",81,377,0.214854111405836
2404,"1sioC","CONTROL",10,"P",0,377,0
2404,"1sioC","CONTROL",10,"S",0,377,0
2405,"1siqA","CONTROL",10,"C",312,495,0.63030303030303
2405,"1siqA","CONTROL",10,"N",87,495,0.175757575757576
2405,"1siqA","CONTROL",10,"O",94,495,0.18989898989899
2405,"1siqA","CONTROL",10,"P",0,495,0
2405,"1siqA","CONTROL",10,"S",2,495,0.00404040404040404
2406,"1smrC","CONTROL",10,"C",433,679,0.637702503681885
2406,"1smrC","CONTROL",10,"N",121,679,0.17820324005891
2406,"1smrC","CONTROL",10,"O",124,679,0.182621502209131
2406,"1smrC","CONTROL",10,"P",0,679,0
2406,"1smrC","CONTROL",10,"S",1,679,0.00147275405007364
2407,"1so0A","CONTROL",10,"C",197,313,0.629392971246006
2407,"1so0A","CONTROL",10,"N",58,313,0.185303514376997
2407,"1so0A","CONTROL",10,"O",57,313,0.182108626198083
2407,"1so0A","CONTROL",10,"P",0,313,0
2407,"1so0A","CONTROL",10,"S",1,313,0.00319488817891374
2408,"1sojB","CONTROL",10,"C",242,371,0.652291105121294
2408,"1sojB","CONTROL",10,"N",65,371,0.175202156334232
2408,"1sojB","CONTROL",10,"O",63,371,0.169811320754717
2408,"1sojB","CONTROL",10,"P",0,371,0
2408,"1sojB","CONTROL",10,"S",1,371,0.00269541778975741
2409,"1sqfA","CONTROL",10,"C",264,418,0.631578947368421
2409,"1sqfA","CONTROL",10,"N",75,418,0.179425837320574
2409,"1sqfA","CONTROL",10,"O",74,418,0.177033492822967
2409,"1sqfA","CONTROL",10,"P",0,418,0
2409,"1sqfA","CONTROL",10,"S",5,418,0.0119617224880383
2410,"1szoE","CONTROL",10,"C",221,342,0.646198830409357
2410,"1szoE","CONTROL",10,"N",57,342,0.166666666666667
2410,"1szoE","CONTROL",10,"O",63,342,0.184210526315789
2410,"1szoE","CONTROL",10,"P",0,342,0
2410,"1szoE","CONTROL",10,"S",1,342,0.00292397660818713
2411,"1szzA","CONTROL",10,"C",274,429,0.638694638694639
2411,"1szzA","CONTROL",10,"N",76,429,0.177156177156177
2411,"1szzA","CONTROL",10,"O",77,429,0.17948717948718
2411,"1szzA","CONTROL",10,"P",0,429,0
2411,"1szzA","CONTROL",10,"S",2,429,0.00466200466200466
2412,"1t2wA","CONTROL",10,"C",236,375,0.629333333333333
2412,"1t2wA","CONTROL",10,"N",67,375,0.178666666666667
2412,"1t2wA","CONTROL",10,"O",72,375,0.192
2412,"1t2wA","CONTROL",10,"P",0,375,0
2412,"1t2wA","CONTROL",10,"S",0,375,0
2413,"1t3qF","CONTROL",10,"C",386,593,0.650927487352445
2413,"1t3qF","CONTROL",10,"N",106,593,0.178752107925801
2413,"1t3qF","CONTROL",10,"O",98,593,0.165261382799325
2413,"1t3qF","CONTROL",10,"P",0,593,0
2413,"1t3qF","CONTROL",10,"S",3,593,0.00505902192242833
2414,"1t47B","CONTROL",10,"C",282,436,0.646788990825688
2414,"1t47B","CONTROL",10,"N",77,436,0.176605504587156
2414,"1t47B","CONTROL",10,"O",75,436,0.172018348623853
2414,"1t47B","CONTROL",10,"P",0,436,0
2414,"1t47B","CONTROL",10,"S",2,436,0.00458715596330275
2415,"1t7oA","CONTROL",10,"C",202,316,0.639240506329114
2415,"1t7oA","CONTROL",10,"N",53,316,0.167721518987342
2415,"1t7oA","CONTROL",10,"O",60,316,0.189873417721519
2415,"1t7oA","CONTROL",10,"P",0,316,0
2415,"1t7oA","CONTROL",10,"S",1,316,0.00316455696202532
2416,"1tg6A","CONTROL",10,"C",170,268,0.634328358208955
2416,"1tg6A","CONTROL",10,"N",47,268,0.175373134328358
2416,"1tg6A","CONTROL",10,"O",48,268,0.17910447761194
2416,"1tg6A","CONTROL",10,"P",0,268,0
2416,"1tg6A","CONTROL",10,"S",3,268,0.0111940298507463
2417,"1ti1A","CONTROL",10,"C",201,307,0.654723127035831
2417,"1ti1A","CONTROL",10,"N",48,307,0.156351791530945
2417,"1ti1A","CONTROL",10,"O",54,307,0.175895765472313
2417,"1ti1A","CONTROL",10,"P",0,307,0
2417,"1ti1A","CONTROL",10,"S",4,307,0.0130293159609121
2418,"1tj4A","CONTROL",10,"C",205,348,0.589080459770115
2418,"1tj4A","CONTROL",10,"N",68,348,0.195402298850575
2418,"1tj4A","CONTROL",10,"O",75,348,0.21551724137931
2418,"1tj4A","CONTROL",10,"P",0,348,0
2418,"1tj4A","CONTROL",10,"S",0,348,0
2419,"1tk2A","CONTROL",10,"C",222,370,0.6
2419,"1tk2A","CONTROL",10,"N",66,370,0.178378378378378
2419,"1tk2A","CONTROL",10,"O",81,370,0.218918918918919
2419,"1tk2A","CONTROL",10,"P",0,370,0
2419,"1tk2A","CONTROL",10,"S",1,370,0.0027027027027027
2420,"1tl9A","CONTROL",10,"C",233,362,0.643646408839779
2420,"1tl9A","CONTROL",10,"N",60,362,0.165745856353591
2420,"1tl9A","CONTROL",10,"O",66,362,0.18232044198895
2420,"1tl9A","CONTROL",10,"P",0,362,0
2420,"1tl9A","CONTROL",10,"S",3,362,0.00828729281767956
2421,"1tveB","CONTROL",10,"C",230,374,0.614973262032086
2421,"1tveB","CONTROL",10,"N",67,374,0.179144385026738
2421,"1tveB","CONTROL",10,"O",77,374,0.205882352941176
2421,"1tveB","CONTROL",10,"P",0,374,0
2421,"1tveB","CONTROL",10,"S",0,374,0
2422,"1twiC","CONTROL",10,"C",228,362,0.629834254143646
2422,"1twiC","CONTROL",10,"N",65,362,0.179558011049724
2422,"1twiC","CONTROL",10,"O",67,362,0.185082872928177
2422,"1twiC","CONTROL",10,"P",0,362,0
2422,"1twiC","CONTROL",10,"S",2,362,0.00552486187845304
2423,"1tywA","CONTROL",10,"C",333,552,0.603260869565217
2423,"1tywA","CONTROL",10,"N",101,552,0.182971014492754
2423,"1tywA","CONTROL",10,"O",118,552,0.213768115942029
2423,"1tywA","CONTROL",10,"P",0,552,0
2423,"1tywA","CONTROL",10,"S",0,552,0
2424,"1u1xA","CONTROL",10,"C",232,365,0.635616438356164
2424,"1u1xA","CONTROL",10,"N",64,365,0.175342465753425
2424,"1u1xA","CONTROL",10,"O",66,365,0.180821917808219
2424,"1u1xA","CONTROL",10,"P",0,365,0
2424,"1u1xA","CONTROL",10,"S",3,365,0.00821917808219178
2425,"1u2zB","CONTROL",10,"C",326,486,0.670781893004115
2425,"1u2zB","CONTROL",10,"N",73,486,0.150205761316872
2425,"1u2zB","CONTROL",10,"O",84,486,0.17283950617284
2425,"1u2zB","CONTROL",10,"P",0,486,0
2425,"1u2zB","CONTROL",10,"S",3,486,0.00617283950617284
2426,"1u4gA","CONTROL",10,"C",255,411,0.62043795620438
2426,"1u4gA","CONTROL",10,"N",71,411,0.172749391727494
2426,"1u4gA","CONTROL",10,"O",83,411,0.201946472019465
2426,"1u4gA","CONTROL",10,"P",0,411,0
2426,"1u4gA","CONTROL",10,"S",2,411,0.0048661800486618
2427,"1u5bA","CONTROL",10,"C",215,365,0.589041095890411
2427,"1u5bA","CONTROL",10,"N",69,365,0.189041095890411
2427,"1u5bA","CONTROL",10,"O",78,365,0.213698630136986
2427,"1u5bA","CONTROL",10,"P",0,365,0
2427,"1u5bA","CONTROL",10,"S",3,365,0.00821917808219178
2428,"1ucaA","CONTROL",10,"C",174,288,0.604166666666667
2428,"1ucaA","CONTROL",10,"N",64,288,0.222222222222222
2428,"1ucaA","CONTROL",10,"O",48,288,0.166666666666667
2428,"1ucaA","CONTROL",10,"P",0,288,0
2428,"1ucaA","CONTROL",10,"S",2,288,0.00694444444444444
2429,"1uefA","CONTROL",10,"C",230,359,0.64066852367688
2429,"1uefA","CONTROL",10,"N",64,359,0.178272980501393
2429,"1uefA","CONTROL",10,"O",63,359,0.175487465181058
2429,"1uefA","CONTROL",10,"P",0,359,0
2429,"1uefA","CONTROL",10,"S",2,359,0.00557103064066852
2430,"1ugyC","CONTROL",10,"C",129,192,0.671875
2430,"1ugyC","CONTROL",10,"N",27,192,0.140625
2430,"1ugyC","CONTROL",10,"O",36,192,0.1875
2430,"1ugyC","CONTROL",10,"P",0,192,0
2430,"1ugyC","CONTROL",10,"S",0,192,0
2431,"1uhvD","CONTROL",10,"C",208,318,0.654088050314465
2431,"1uhvD","CONTROL",10,"N",53,318,0.166666666666667
2431,"1uhvD","CONTROL",10,"O",56,318,0.176100628930818
2431,"1uhvD","CONTROL",10,"P",0,318,0
2431,"1uhvD","CONTROL",10,"S",1,318,0.00314465408805031
2432,"1ukmB","CONTROL",10,"C",84,134,0.626865671641791
2432,"1ukmB","CONTROL",10,"N",24,134,0.17910447761194
2432,"1ukmB","CONTROL",10,"O",24,134,0.17910447761194
2432,"1ukmB","CONTROL",10,"P",0,134,0
2432,"1ukmB","CONTROL",10,"S",2,134,0.0149253731343284
2433,"1umbA","CONTROL",10,"C",230,375,0.613333333333333
2433,"1umbA","CONTROL",10,"N",69,375,0.184
2433,"1umbA","CONTROL",10,"O",75,375,0.2
2433,"1umbA","CONTROL",10,"P",0,375,0
2433,"1umbA","CONTROL",10,"S",1,375,0.00266666666666667
2434,"1uqsA","CONTROL",10,"C",567,861,0.658536585365854
2434,"1uqsA","CONTROL",10,"N",143,861,0.166085946573751
2434,"1uqsA","CONTROL",10,"O",145,861,0.168408826945412
2434,"1uqsA","CONTROL",10,"P",0,861,0
2434,"1uqsA","CONTROL",10,"S",6,861,0.00696864111498258
2435,"1uscB","CONTROL",10,"C",306,465,0.658064516129032
2435,"1uscB","CONTROL",10,"N",84,465,0.180645161290323
2435,"1uscB","CONTROL",10,"O",74,465,0.159139784946237
2435,"1uscB","CONTROL",10,"P",0,465,0
2435,"1uscB","CONTROL",10,"S",1,465,0.0021505376344086
2436,"1uu5A","CONTROL",10,"C",275,436,0.630733944954128
2436,"1uu5A","CONTROL",10,"N",74,436,0.169724770642202
2436,"1uu5A","CONTROL",10,"O",84,436,0.192660550458716
2436,"1uu5A","CONTROL",10,"P",0,436,0
2436,"1uu5A","CONTROL",10,"S",3,436,0.00688073394495413
2437,"1uwsB","CONTROL",10,"C",227,353,0.643059490084986
2437,"1uwsB","CONTROL",10,"N",62,353,0.175637393767705
2437,"1uwsB","CONTROL",10,"O",63,353,0.178470254957507
2437,"1uwsB","CONTROL",10,"P",0,353,0
2437,"1uwsB","CONTROL",10,"S",1,353,0.0028328611898017
2438,"1uy2A","CONTROL",10,"C",137,213,0.643192488262911
2438,"1uy2A","CONTROL",10,"N",33,213,0.154929577464789
2438,"1uy2A","CONTROL",10,"O",43,213,0.2018779342723
2438,"1uy2A","CONTROL",10,"P",0,213,0
2438,"1uy2A","CONTROL",10,"S",0,213,0
2439,"1uz0A","CONTROL",10,"C",141,229,0.615720524017467
2439,"1uz0A","CONTROL",10,"N",42,229,0.183406113537118
2439,"1uz0A","CONTROL",10,"O",46,229,0.200873362445415
2439,"1uz0A","CONTROL",10,"P",0,229,0
2439,"1uz0A","CONTROL",10,"S",0,229,0
2440,"1v2bB","CONTROL",10,"C",147,226,0.650442477876106
2440,"1v2bB","CONTROL",10,"N",38,226,0.168141592920354
2440,"1v2bB","CONTROL",10,"O",41,226,0.18141592920354
2440,"1v2bB","CONTROL",10,"P",0,226,0
2440,"1v2bB","CONTROL",10,"S",0,226,0
2441,"1v30A","CONTROL",10,"C",256,365,0.701369863013699
2441,"1v30A","CONTROL",10,"N",54,365,0.147945205479452
2441,"1v30A","CONTROL",10,"O",55,365,0.150684931506849
2441,"1v30A","CONTROL",10,"P",0,365,0
2441,"1v30A","CONTROL",10,"S",0,365,0
2442,"1v3hA","CONTROL",10,"C",384,612,0.627450980392157
2442,"1v3hA","CONTROL",10,"N",110,612,0.179738562091503
2442,"1v3hA","CONTROL",10,"O",113,612,0.184640522875817
2442,"1v3hA","CONTROL",10,"P",0,612,0
2442,"1v3hA","CONTROL",10,"S",5,612,0.00816993464052288
2443,"1v3lB","CONTROL",10,"C",309,482,0.641078838174274
2443,"1v3lB","CONTROL",10,"N",83,482,0.172199170124481
2443,"1v3lB","CONTROL",10,"O",89,482,0.184647302904564
2443,"1v3lB","CONTROL",10,"P",0,482,0
2443,"1v3lB","CONTROL",10,"S",1,482,0.0020746887966805
2444,"1v6jC","CONTROL",10,"C",132,219,0.602739726027397
2444,"1v6jC","CONTROL",10,"N",38,219,0.17351598173516
2444,"1v6jC","CONTROL",10,"O",49,219,0.223744292237443
2444,"1v6jC","CONTROL",10,"P",0,219,0
2444,"1v6jC","CONTROL",10,"S",0,219,0
2445,"1v9nA","CONTROL",10,"C",360,548,0.656934306569343
2445,"1v9nA","CONTROL",10,"N",102,548,0.186131386861314
2445,"1v9nA","CONTROL",10,"O",86,548,0.156934306569343
2445,"1v9nA","CONTROL",10,"P",0,548,0
2445,"1v9nA","CONTROL",10,"S",0,548,0
2446,"1v9tB","CONTROL",10,"C",199,323,0.61609907120743
2446,"1v9tB","CONTROL",10,"N",65,323,0.201238390092879
2446,"1v9tB","CONTROL",10,"O",57,323,0.176470588235294
2446,"1v9tB","CONTROL",10,"P",0,323,0
2446,"1v9tB","CONTROL",10,"S",2,323,0.00619195046439629
2447,"1vbpA","CONTROL",10,"C",134,212,0.632075471698113
2447,"1vbpA","CONTROL",10,"N",37,212,0.174528301886792
2447,"1vbpA","CONTROL",10,"O",41,212,0.193396226415094
2447,"1vbpA","CONTROL",10,"P",0,212,0
2447,"1vbpA","CONTROL",10,"S",0,212,0
2448,"1vd3A","CONTROL",10,"C",190,291,0.652920962199313
2448,"1vd3A","CONTROL",10,"N",49,291,0.168384879725086
2448,"1vd3A","CONTROL",10,"O",50,291,0.171821305841924
2448,"1vd3A","CONTROL",10,"P",0,291,0
2448,"1vd3A","CONTROL",10,"S",2,291,0.00687285223367698
2449,"1vdnA","CONTROL",10,"C",201,332,0.605421686746988
2449,"1vdnA","CONTROL",10,"N",65,332,0.19578313253012
2449,"1vdnA","CONTROL",10,"O",63,332,0.189759036144578
2449,"1vdnA","CONTROL",10,"P",0,332,0
2449,"1vdnA","CONTROL",10,"S",3,332,0.00903614457831325
2450,"1vfhA","CONTROL",10,"C",241,362,0.665745856353591
2450,"1vfhA","CONTROL",10,"N",60,362,0.165745856353591
2450,"1vfhA","CONTROL",10,"O",59,362,0.162983425414365
2450,"1vfhA","CONTROL",10,"P",0,362,0
2450,"1vfhA","CONTROL",10,"S",2,362,0.00552486187845304
2451,"1vmkA","CONTROL",10,"C",159,243,0.654320987654321
2451,"1vmkA","CONTROL",10,"N",37,243,0.152263374485597
2451,"1vmkA","CONTROL",10,"O",43,243,0.176954732510288
2451,"1vmkA","CONTROL",10,"P",0,243,0
2451,"1vmkA","CONTROL",10,"S",4,243,0.0164609053497942
2452,"1vrlC","CONTROL",10,"C",200,324,0.617283950617284
2452,"1vrlC","CONTROL",10,"N",65,324,0.200617283950617
2452,"1vrlC","CONTROL",10,"O",59,324,0.182098765432099
2452,"1vrlC","CONTROL",10,"P",0,324,0
2452,"1vrlC","CONTROL",10,"S",0,324,0
2453,"1vsgA","CONTROL",10,"C",238,372,0.639784946236559
2453,"1vsgA","CONTROL",10,"N",64,372,0.172043010752688
2453,"1vsgA","CONTROL",10,"O",69,372,0.185483870967742
2453,"1vsgA","CONTROL",10,"P",0,372,0
2453,"1vsgA","CONTROL",10,"S",1,372,0.00268817204301075
2454,"1vz5B","CONTROL",10,"C",195,299,0.652173913043478
2454,"1vz5B","CONTROL",10,"N",60,299,0.20066889632107
2454,"1vz5B","CONTROL",10,"O",44,299,0.147157190635452
2454,"1vz5B","CONTROL",10,"P",0,299,0
2454,"1vz5B","CONTROL",10,"S",0,299,0
2455,"1vzbA","CONTROL",10,"C",227,341,0.665689149560117
2455,"1vzbA","CONTROL",10,"N",57,341,0.167155425219941
2455,"1vzbA","CONTROL",10,"O",56,341,0.164222873900293
2455,"1vzbA","CONTROL",10,"P",0,341,0
2455,"1vzbA","CONTROL",10,"S",1,341,0.00293255131964809
2456,"1w1pB","CONTROL",10,"C",204,322,0.633540372670807
2456,"1w1pB","CONTROL",10,"N",56,322,0.173913043478261
2456,"1w1pB","CONTROL",10,"O",60,322,0.186335403726708
2456,"1w1pB","CONTROL",10,"P",0,322,0
2456,"1w1pB","CONTROL",10,"S",2,322,0.0062111801242236
2457,"1w2tD","CONTROL",10,"C",268,432,0.62037037037037
2457,"1w2tD","CONTROL",10,"N",72,432,0.166666666666667
2457,"1w2tD","CONTROL",10,"O",91,432,0.210648148148148
2457,"1w2tD","CONTROL",10,"P",0,432,0
2457,"1w2tD","CONTROL",10,"S",1,432,0.00231481481481481
2458,"1w61A","CONTROL",10,"C",214,339,0.631268436578171
2458,"1w61A","CONTROL",10,"N",58,339,0.171091445427729
2458,"1w61A","CONTROL",10,"O",63,339,0.185840707964602
2458,"1w61A","CONTROL",10,"P",0,339,0
2458,"1w61A","CONTROL",10,"S",4,339,0.0117994100294985
2459,"1w6fA","CONTROL",10,"C",207,324,0.638888888888889
2459,"1w6fA","CONTROL",10,"N",59,324,0.182098765432099
2459,"1w6fA","CONTROL",10,"O",57,324,0.175925925925926
2459,"1w6fA","CONTROL",10,"P",0,324,0
2459,"1w6fA","CONTROL",10,"S",1,324,0.00308641975308642
2460,"1w7vC","CONTROL",10,"C",184,286,0.643356643356643
2460,"1w7vC","CONTROL",10,"N",52,286,0.181818181818182
2460,"1w7vC","CONTROL",10,"O",49,286,0.171328671328671
2460,"1w7vC","CONTROL",10,"P",0,286,0
2460,"1w7vC","CONTROL",10,"S",1,286,0.0034965034965035
2461,"1w88A","CONTROL",10,"C",189,308,0.613636363636364
2461,"1w88A","CONTROL",10,"N",57,308,0.185064935064935
2461,"1w88A","CONTROL",10,"O",61,308,0.198051948051948
2461,"1w88A","CONTROL",10,"P",0,308,0
2461,"1w88A","CONTROL",10,"S",1,308,0.00324675324675325
2462,"1w9oB","CONTROL",10,"C",188,290,0.648275862068965
2462,"1w9oB","CONTROL",10,"N",45,290,0.155172413793103
2462,"1w9oB","CONTROL",10,"O",56,290,0.193103448275862
2462,"1w9oB","CONTROL",10,"P",0,290,0
2462,"1w9oB","CONTROL",10,"S",1,290,0.00344827586206897
2463,"1w9wA","CONTROL",10,"C",169,275,0.614545454545455
2463,"1w9wA","CONTROL",10,"N",45,275,0.163636363636364
2463,"1w9wA","CONTROL",10,"O",60,275,0.218181818181818
2463,"1w9wA","CONTROL",10,"P",0,275,0
2463,"1w9wA","CONTROL",10,"S",1,275,0.00363636363636364
2464,"1w9xA","CONTROL",10,"C",455,699,0.650929899856938
2464,"1w9xA","CONTROL",10,"N",114,699,0.163090128755365
2464,"1w9xA","CONTROL",10,"O",129,699,0.184549356223176
2464,"1w9xA","CONTROL",10,"P",0,699,0
2464,"1w9xA","CONTROL",10,"S",1,699,0.00143061516452074
2465,"1wcqA","CONTROL",10,"C",221,367,0.602179836512262
2465,"1wcqA","CONTROL",10,"N",70,367,0.190735694822888
2465,"1wcqA","CONTROL",10,"O",76,367,0.20708446866485
2465,"1wcqA","CONTROL",10,"P",0,367,0
2465,"1wcqA","CONTROL",10,"S",0,367,0
2466,"1wdaA","CONTROL",10,"C",201,347,0.579250720461095
2466,"1wdaA","CONTROL",10,"N",69,347,0.198847262247839
2466,"1wdaA","CONTROL",10,"O",77,347,0.221902017291066
2466,"1wdaA","CONTROL",10,"P",0,347,0
2466,"1wdaA","CONTROL",10,"S",0,347,0
2467,"1wdiA","CONTROL",10,"C",191,288,0.663194444444444
2467,"1wdiA","CONTROL",10,"N",48,288,0.166666666666667
2467,"1wdiA","CONTROL",10,"O",48,288,0.166666666666667
2467,"1wdiA","CONTROL",10,"P",0,288,0
2467,"1wdiA","CONTROL",10,"S",1,288,0.00347222222222222
2468,"1wkmA","CONTROL",10,"C",224,347,0.645533141210375
2468,"1wkmA","CONTROL",10,"N",58,347,0.167146974063401
2468,"1wkmA","CONTROL",10,"O",64,347,0.184438040345821
2468,"1wkmA","CONTROL",10,"P",0,347,0
2468,"1wkmA","CONTROL",10,"S",1,347,0.00288184438040346
2469,"1wmzC","CONTROL",10,"C",138,229,0.602620087336245
2469,"1wmzC","CONTROL",10,"N",46,229,0.200873362445415
2469,"1wmzC","CONTROL",10,"O",45,229,0.196506550218341
2469,"1wmzC","CONTROL",10,"P",0,229,0
2469,"1wmzC","CONTROL",10,"S",0,229,0
2470,"1wnzA","CONTROL",10,"C",240,367,0.653950953678474
2470,"1wnzA","CONTROL",10,"N",56,367,0.152588555858311
2470,"1wnzA","CONTROL",10,"O",71,367,0.193460490463215
2470,"1wnzA","CONTROL",10,"P",0,367,0
2470,"1wnzA","CONTROL",10,"S",0,367,0
2471,"1wogA","CONTROL",10,"C",191,316,0.604430379746835
2471,"1wogA","CONTROL",10,"N",57,316,0.180379746835443
2471,"1wogA","CONTROL",10,"O",68,316,0.215189873417722
2471,"1wogA","CONTROL",10,"P",0,316,0
2471,"1wogA","CONTROL",10,"S",0,316,0
2472,"1ws1A","CONTROL",10,"C",252,386,0.652849740932642
2472,"1ws1A","CONTROL",10,"N",66,386,0.170984455958549
2472,"1ws1A","CONTROL",10,"O",65,386,0.16839378238342
2472,"1ws1A","CONTROL",10,"P",0,386,0
2472,"1ws1A","CONTROL",10,"S",3,386,0.0077720207253886
2473,"1wtaA","CONTROL",10,"C",196,301,0.651162790697674
2473,"1wtaA","CONTROL",10,"N",51,301,0.169435215946844
2473,"1wtaA","CONTROL",10,"O",50,301,0.166112956810631
2473,"1wtaA","CONTROL",10,"P",0,301,0
2473,"1wtaA","CONTROL",10,"S",4,301,0.0132890365448505
2474,"1wu5A","CONTROL",10,"C",186,297,0.626262626262626
2474,"1wu5A","CONTROL",10,"N",52,297,0.175084175084175
2474,"1wu5A","CONTROL",10,"O",58,297,0.195286195286195
2474,"1wu5A","CONTROL",10,"P",0,297,0
2474,"1wu5A","CONTROL",10,"S",1,297,0.00336700336700337
2475,"1wvmA","CONTROL",10,"C",278,444,0.626126126126126
2475,"1wvmA","CONTROL",10,"N",76,444,0.171171171171171
2475,"1wvmA","CONTROL",10,"O",88,444,0.198198198198198
2475,"1wvmA","CONTROL",10,"P",0,444,0
2475,"1wvmA","CONTROL",10,"S",2,444,0.0045045045045045
2476,"1wzuA","CONTROL",10,"C",185,291,0.63573883161512
2476,"1wzuA","CONTROL",10,"N",48,291,0.164948453608247
2476,"1wzuA","CONTROL",10,"O",54,291,0.185567010309278
2476,"1wzuA","CONTROL",10,"P",0,291,0
2476,"1wzuA","CONTROL",10,"S",4,291,0.013745704467354
2477,"1x1dA","CONTROL",10,"C",289,446,0.647982062780269
2477,"1x1dA","CONTROL",10,"N",73,446,0.163677130044843
2477,"1x1dA","CONTROL",10,"O",80,446,0.179372197309417
2477,"1x1dA","CONTROL",10,"P",0,446,0
2477,"1x1dA","CONTROL",10,"S",4,446,0.00896860986547085
2478,"1x2hA","CONTROL",10,"C",179,289,0.619377162629758
2478,"1x2hA","CONTROL",10,"N",61,289,0.211072664359862
2478,"1x2hA","CONTROL",10,"O",49,289,0.169550173010381
2478,"1x2hA","CONTROL",10,"P",0,289,0
2478,"1x2hA","CONTROL",10,"S",0,289,0
2479,"1x7pA","CONTROL",10,"C",192,319,0.601880877742947
2479,"1x7pA","CONTROL",10,"N",58,319,0.181818181818182
2479,"1x7pA","CONTROL",10,"O",67,319,0.210031347962382
2479,"1x7pA","CONTROL",10,"P",0,319,0
2479,"1x7pA","CONTROL",10,"S",2,319,0.00626959247648903
2480,"1x7wA","CONTROL",10,"C",199,332,0.599397590361446
2480,"1x7wA","CONTROL",10,"N",60,332,0.180722891566265
2480,"1x7wA","CONTROL",10,"O",70,332,0.210843373493976
2480,"1x7wA","CONTROL",10,"P",0,332,0
2480,"1x7wA","CONTROL",10,"S",3,332,0.00903614457831325
2481,"1x9iB","CONTROL",10,"C",212,344,0.616279069767442
2481,"1x9iB","CONTROL",10,"N",62,344,0.180232558139535
2481,"1x9iB","CONTROL",10,"O",69,344,0.200581395348837
2481,"1x9iB","CONTROL",10,"P",0,344,0
2481,"1x9iB","CONTROL",10,"S",1,344,0.00290697674418605
2482,"1xa8B","CONTROL",10,"C",163,252,0.646825396825397
2482,"1xa8B","CONTROL",10,"N",44,252,0.174603174603175
2482,"1xa8B","CONTROL",10,"O",41,252,0.162698412698413
2482,"1xa8B","CONTROL",10,"P",0,252,0
2482,"1xa8B","CONTROL",10,"S",4,252,0.0158730158730159
2483,"1xdhB","CONTROL",10,"C",339,518,0.654440154440154
2483,"1xdhB","CONTROL",10,"N",79,518,0.152509652509653
2483,"1xdhB","CONTROL",10,"O",96,518,0.185328185328185
2483,"1xdhB","CONTROL",10,"P",0,518,0
2483,"1xdhB","CONTROL",10,"S",4,518,0.00772200772200772
2484,"1xocA","CONTROL",10,"C",514,810,0.634567901234568
2484,"1xocA","CONTROL",10,"N",132,810,0.162962962962963
2484,"1xocA","CONTROL",10,"O",160,810,0.197530864197531
2484,"1xocA","CONTROL",10,"P",0,810,0
2484,"1xocA","CONTROL",10,"S",4,810,0.00493827160493827
2485,"1xpyD","CONTROL",10,"C",253,411,0.615571776155718
2485,"1xpyD","CONTROL",10,"N",72,411,0.175182481751825
2485,"1xpyD","CONTROL",10,"O",81,411,0.197080291970803
2485,"1xpyD","CONTROL",10,"P",0,411,0
2485,"1xpyD","CONTROL",10,"S",5,411,0.0121654501216545
2486,"1xq7A","CONTROL",10,"C",210,350,0.6
2486,"1xq7A","CONTROL",10,"N",72,350,0.205714285714286
2486,"1xq7A","CONTROL",10,"O",66,350,0.188571428571429
2486,"1xq7A","CONTROL",10,"P",0,350,0
2486,"1xq7A","CONTROL",10,"S",2,350,0.00571428571428571
2487,"1xrmA","CONTROL",10,"C",244,381,0.640419947506562
2487,"1xrmA","CONTROL",10,"N",62,381,0.162729658792651
2487,"1xrmA","CONTROL",10,"O",71,381,0.186351706036745
2487,"1xrmA","CONTROL",10,"P",0,381,0
2487,"1xrmA","CONTROL",10,"S",4,381,0.010498687664042
2488,"1xskA","CONTROL",10,"C",225,350,0.642857142857143
2488,"1xskA","CONTROL",10,"N",58,350,0.165714285714286
2488,"1xskA","CONTROL",10,"O",65,350,0.185714285714286
2488,"1xskA","CONTROL",10,"P",0,350,0
2488,"1xskA","CONTROL",10,"S",2,350,0.00571428571428571
2489,"1xtbA","CONTROL",10,"C",196,322,0.608695652173913
2489,"1xtbA","CONTROL",10,"N",58,322,0.180124223602484
2489,"1xtbA","CONTROL",10,"O",68,322,0.211180124223602
2489,"1xtbA","CONTROL",10,"P",0,322,0
2489,"1xtbA","CONTROL",10,"S",0,322,0
2490,"1xu3B","CONTROL",10,"C",197,293,0.672354948805461
2490,"1xu3B","CONTROL",10,"N",47,293,0.160409556313993
2490,"1xu3B","CONTROL",10,"O",47,293,0.160409556313993
2490,"1xu3B","CONTROL",10,"P",0,293,0
2490,"1xu3B","CONTROL",10,"S",2,293,0.0068259385665529
2491,"1xvuA","CONTROL",10,"C",343,528,0.649621212121212
2491,"1xvuA","CONTROL",10,"N",96,528,0.181818181818182
2491,"1xvuA","CONTROL",10,"O",88,528,0.166666666666667
2491,"1xvuA","CONTROL",10,"P",0,528,0
2491,"1xvuA","CONTROL",10,"S",1,528,0.00189393939393939
2492,"1xwqA","CONTROL",10,"C",253,397,0.63727959697733
2492,"1xwqA","CONTROL",10,"N",69,397,0.173803526448363
2492,"1xwqA","CONTROL",10,"O",74,397,0.18639798488665
2492,"1xwqA","CONTROL",10,"P",0,397,0
2492,"1xwqA","CONTROL",10,"S",1,397,0.00251889168765743
2493,"1xxrD","CONTROL",10,"C",125,203,0.61576354679803
2493,"1xxrD","CONTROL",10,"N",39,203,0.192118226600985
2493,"1xxrD","CONTROL",10,"O",39,203,0.192118226600985
2493,"1xxrD","CONTROL",10,"P",0,203,0
2493,"1xxrD","CONTROL",10,"S",0,203,0
2494,"1y0gD","CONTROL",10,"C",536,843,0.63582443653618
2494,"1y0gD","CONTROL",10,"N",143,843,0.169632265717675
2494,"1y0gD","CONTROL",10,"O",164,843,0.194543297746145
2494,"1y0gD","CONTROL",10,"P",0,843,0
2494,"1y0gD","CONTROL",10,"S",0,843,0
2495,"1y0yA","CONTROL",10,"C",229,377,0.607427055702918
2495,"1y0yA","CONTROL",10,"N",66,377,0.175066312997347
2495,"1y0yA","CONTROL",10,"O",82,377,0.217506631299735
2495,"1y0yA","CONTROL",10,"P",0,377,0
2495,"1y0yA","CONTROL",10,"S",0,377,0
2496,"1y9qA","CONTROL",10,"C",222,337,0.658753709198813
2496,"1y9qA","CONTROL",10,"N",52,337,0.154302670623145
2496,"1y9qA","CONTROL",10,"O",63,337,0.186943620178042
2496,"1y9qA","CONTROL",10,"P",0,337,0
2496,"1y9qA","CONTROL",10,"S",0,337,0
2497,"1yatA","CONTROL",10,"C",225,339,0.663716814159292
2497,"1yatA","CONTROL",10,"N",54,339,0.15929203539823
2497,"1yatA","CONTROL",10,"O",59,339,0.174041297935103
2497,"1yatA","CONTROL",10,"P",0,339,0
2497,"1yatA","CONTROL",10,"S",1,339,0.00294985250737463
2498,"1yg6H","CONTROL",10,"C",186,286,0.65034965034965
2498,"1yg6H","CONTROL",10,"N",47,286,0.164335664335664
2498,"1yg6H","CONTROL",10,"O",48,286,0.167832167832168
2498,"1yg6H","CONTROL",10,"P",0,286,0
2498,"1yg6H","CONTROL",10,"S",5,286,0.0174825174825175
2499,"1yk3G","CONTROL",10,"C",175,272,0.643382352941177
2499,"1yk3G","CONTROL",10,"N",51,272,0.1875
2499,"1yk3G","CONTROL",10,"O",45,272,0.165441176470588
2499,"1yk3G","CONTROL",10,"P",0,272,0
2499,"1yk3G","CONTROL",10,"S",1,272,0.00367647058823529
2500,"1ynhC","CONTROL",10,"C",280,462,0.606060606060606
2500,"1ynhC","CONTROL",10,"N",91,462,0.196969696969697
2500,"1ynhC","CONTROL",10,"O",88,462,0.19047619047619
2500,"1ynhC","CONTROL",10,"P",0,462,0
2500,"1ynhC","CONTROL",10,"S",3,462,0.00649350649350649
2501,"1yquB","CONTROL",10,"C",145,225,0.644444444444444
2501,"1yquB","CONTROL",10,"N",37,225,0.164444444444444
2501,"1yquB","CONTROL",10,"O",40,225,0.177777777777778
2501,"1yquB","CONTROL",10,"P",0,225,0
2501,"1yquB","CONTROL",10,"S",3,225,0.0133333333333333
2502,"1yreB","CONTROL",10,"C",260,410,0.634146341463415
2502,"1yreB","CONTROL",10,"N",77,410,0.18780487804878
2502,"1yreB","CONTROL",10,"O",72,410,0.175609756097561
2502,"1yreB","CONTROL",10,"P",0,410,0
2502,"1yreB","CONTROL",10,"S",1,410,0.0024390243902439
2503,"1ywhA","CONTROL",10,"C",133,216,0.615740740740741
2503,"1ywhA","CONTROL",10,"N",34,216,0.157407407407407
2503,"1ywhA","CONTROL",10,"O",47,216,0.217592592592593
2503,"1ywhA","CONTROL",10,"P",0,216,0
2503,"1ywhA","CONTROL",10,"S",2,216,0.00925925925925926
2504,"1yy5B","CONTROL",10,"C",527,817,0.645042839657283
2504,"1yy5B","CONTROL",10,"N",141,817,0.172582619339045
2504,"1yy5B","CONTROL",10,"O",144,817,0.17625458996328
2504,"1yy5B","CONTROL",10,"P",0,817,0
2504,"1yy5B","CONTROL",10,"S",5,817,0.00611995104039168
2505,"1z8gA","CONTROL",10,"C",296,475,0.623157894736842
2505,"1z8gA","CONTROL",10,"N",80,475,0.168421052631579
2505,"1z8gA","CONTROL",10,"O",93,475,0.19578947368421
2505,"1z8gA","CONTROL",10,"P",0,475,0
2505,"1z8gA","CONTROL",10,"S",6,475,0.0126315789473684
2506,"1zapA","CONTROL",10,"C",300,498,0.602409638554217
2506,"1zapA","CONTROL",10,"N",85,498,0.170682730923695
2506,"1zapA","CONTROL",10,"O",113,498,0.226907630522088
2506,"1zapA","CONTROL",10,"P",0,498,0
2506,"1zapA","CONTROL",10,"S",0,498,0
2507,"1zb7A","CONTROL",10,"C",163,261,0.624521072796935
2507,"1zb7A","CONTROL",10,"N",46,261,0.176245210727969
2507,"1zb7A","CONTROL",10,"O",52,261,0.199233716475096
2507,"1zb7A","CONTROL",10,"P",0,261,0
2507,"1zb7A","CONTROL",10,"S",0,261,0
2508,"1zg9C","CONTROL",10,"C",245,396,0.618686868686869
2508,"1zg9C","CONTROL",10,"N",72,396,0.181818181818182
2508,"1zg9C","CONTROL",10,"O",78,396,0.196969696969697
2508,"1zg9C","CONTROL",10,"P",0,396,0
2508,"1zg9C","CONTROL",10,"S",1,396,0.00252525252525253
2509,"1zhfA","CONTROL",10,"C",228,340,0.670588235294118
2509,"1zhfA","CONTROL",10,"N",52,340,0.152941176470588
2509,"1zhfA","CONTROL",10,"O",58,340,0.170588235294118
2509,"1zhfA","CONTROL",10,"P",0,340,0
2509,"1zhfA","CONTROL",10,"S",2,340,0.00588235294117647
2510,"1zsqA","CONTROL",10,"C",242,410,0.590243902439024
2510,"1zsqA","CONTROL",10,"N",93,410,0.226829268292683
2510,"1zsqA","CONTROL",10,"O",73,410,0.178048780487805
2510,"1zsqA","CONTROL",10,"P",0,410,0
2510,"1zsqA","CONTROL",10,"S",2,410,0.0048780487804878
2511,"1zt4A","CONTROL",10,"C",555,834,0.66546762589928
2511,"1zt4A","CONTROL",10,"N",134,834,0.160671462829736
2511,"1zt4A","CONTROL",10,"O",141,834,0.169064748201439
2511,"1zt4A","CONTROL",10,"P",0,834,0
2511,"1zt4A","CONTROL",10,"S",4,834,0.00479616306954436
2512,"1zy1B","CONTROL",10,"C",261,401,0.650872817955112
2512,"1zy1B","CONTROL",10,"N",71,401,0.177057356608479
2512,"1zy1B","CONTROL",10,"O",67,401,0.167082294264339
2512,"1zy1B","CONTROL",10,"P",0,401,0
2512,"1zy1B","CONTROL",10,"S",2,401,0.00498753117206983
2513,"1zz1D","CONTROL",10,"C",199,327,0.608562691131499
2513,"1zz1D","CONTROL",10,"N",60,327,0.18348623853211
2513,"1zz1D","CONTROL",10,"O",65,327,0.198776758409786
2513,"1zz1D","CONTROL",10,"P",0,327,0
2513,"1zz1D","CONTROL",10,"S",3,327,0.0091743119266055
2514,"2a1xA","CONTROL",10,"C",210,323,0.65015479876161
2514,"2a1xA","CONTROL",10,"N",62,323,0.191950464396285
2514,"2a1xA","CONTROL",10,"O",46,323,0.142414860681115
2514,"2a1xA","CONTROL",10,"P",0,323,0
2514,"2a1xA","CONTROL",10,"S",5,323,0.0154798761609907
2515,"2a9gA","CONTROL",10,"C",228,385,0.592207792207792
2515,"2a9gA","CONTROL",10,"N",75,385,0.194805194805195
2515,"2a9gA","CONTROL",10,"O",77,385,0.2
2515,"2a9gA","CONTROL",10,"P",0,385,0
2515,"2a9gA","CONTROL",10,"S",5,385,0.012987012987013
2516,"2aa9A","CONTROL",10,"C",222,373,0.595174262734584
2516,"2aa9A","CONTROL",10,"N",77,373,0.206434316353887
2516,"2aa9A","CONTROL",10,"O",71,373,0.190348525469169
2516,"2aa9A","CONTROL",10,"P",0,373,0
2516,"2aa9A","CONTROL",10,"S",3,373,0.00804289544235925
2517,"2aacA","CONTROL",10,"C",236,353,0.668555240793201
2517,"2aacA","CONTROL",10,"N",56,353,0.158640226628895
2517,"2aacA","CONTROL",10,"O",59,353,0.1671388101983
2517,"2aacA","CONTROL",10,"P",0,353,0
2517,"2aacA","CONTROL",10,"S",2,353,0.0056657223796034
2518,"2afxB","CONTROL",10,"C",177,276,0.641304347826087
2518,"2afxB","CONTROL",10,"N",45,276,0.16304347826087
2518,"2afxB","CONTROL",10,"O",54,276,0.195652173913043
2518,"2afxB","CONTROL",10,"P",0,276,0
2518,"2afxB","CONTROL",10,"S",0,276,0
2519,"2agwA","CONTROL",10,"C",118,190,0.621052631578947
2519,"2agwA","CONTROL",10,"N",33,190,0.173684210526316
2519,"2agwA","CONTROL",10,"O",37,190,0.194736842105263
2519,"2agwA","CONTROL",10,"P",0,190,0
2519,"2agwA","CONTROL",10,"S",2,190,0.0105263157894737
2520,"2ahgB","CONTROL",10,"C",257,395,0.650632911392405
2520,"2ahgB","CONTROL",10,"N",78,395,0.19746835443038
2520,"2ahgB","CONTROL",10,"O",59,395,0.149367088607595
2520,"2ahgB","CONTROL",10,"P",0,395,0
2520,"2ahgB","CONTROL",10,"S",1,395,0.00253164556962025
2521,"2ahvA","CONTROL",10,"C",326,511,0.637964774951076
2521,"2ahvA","CONTROL",10,"N",87,511,0.170254403131115
2521,"2ahvA","CONTROL",10,"O",94,511,0.183953033268102
2521,"2ahvA","CONTROL",10,"P",0,511,0
2521,"2ahvA","CONTROL",10,"S",4,511,0.00782778864970646
2522,"2ai7A","CONTROL",10,"C",224,346,0.647398843930636
2522,"2ai7A","CONTROL",10,"N",60,346,0.173410404624277
2522,"2ai7A","CONTROL",10,"O",58,346,0.167630057803468
2522,"2ai7A","CONTROL",10,"P",0,346,0
2522,"2ai7A","CONTROL",10,"S",4,346,0.0115606936416185
2523,"2aijA","CONTROL",10,"C",317,495,0.64040404040404
2523,"2aijA","CONTROL",10,"N",86,495,0.173737373737374
2523,"2aijA","CONTROL",10,"O",90,495,0.181818181818182
2523,"2aijA","CONTROL",10,"P",0,495,0
2523,"2aijA","CONTROL",10,"S",2,495,0.00404040404040404
2524,"2ajhA","CONTROL",10,"C",189,293,0.645051194539249
2524,"2ajhA","CONTROL",10,"N",52,293,0.177474402730375
2524,"2ajhA","CONTROL",10,"O",50,293,0.170648464163823
2524,"2ajhA","CONTROL",10,"P",0,293,0
2524,"2ajhA","CONTROL",10,"S",2,293,0.0068259385665529
2525,"2aphA","CONTROL",10,"C",251,389,0.645244215938303
2525,"2aphA","CONTROL",10,"N",70,389,0.179948586118252
2525,"2aphA","CONTROL",10,"O",67,389,0.172236503856041
2525,"2aphA","CONTROL",10,"P",0,389,0
2525,"2aphA","CONTROL",10,"S",1,389,0.0025706940874036
2526,"2au9A","CONTROL",10,"C",195,309,0.631067961165049
2526,"2au9A","CONTROL",10,"N",49,309,0.158576051779935
2526,"2au9A","CONTROL",10,"O",63,309,0.203883495145631
2526,"2au9A","CONTROL",10,"P",0,309,0
2526,"2au9A","CONTROL",10,"S",2,309,0.00647249190938511
2527,"2b13B","CONTROL",10,"C",139,235,0.591489361702128
2527,"2b13B","CONTROL",10,"N",49,235,0.208510638297872
2527,"2b13B","CONTROL",10,"O",46,235,0.195744680851064
2527,"2b13B","CONTROL",10,"P",0,235,0
2527,"2b13B","CONTROL",10,"S",1,235,0.00425531914893617
2528,"2b2wA","CONTROL",10,"C",220,347,0.634005763688761
2528,"2b2wA","CONTROL",10,"N",58,347,0.167146974063401
2528,"2b2wA","CONTROL",10,"O",68,347,0.195965417867435
2528,"2b2wA","CONTROL",10,"P",0,347,0
2528,"2b2wA","CONTROL",10,"S",1,347,0.00288184438040346
2529,"2b4kA","CONTROL",10,"C",197,311,0.633440514469453
2529,"2b4kA","CONTROL",10,"N",48,311,0.154340836012862
2529,"2b4kA","CONTROL",10,"O",62,311,0.19935691318328
2529,"2b4kA","CONTROL",10,"P",0,311,0
2529,"2b4kA","CONTROL",10,"S",4,311,0.0128617363344051
2530,"2b5uC","CONTROL",10,"C",129,216,0.597222222222222
2530,"2b5uC","CONTROL",10,"N",44,216,0.203703703703704
2530,"2b5uC","CONTROL",10,"O",43,216,0.199074074074074
2530,"2b5uC","CONTROL",10,"P",0,216,0
2530,"2b5uC","CONTROL",10,"S",0,216,0
2531,"2b7pC","CONTROL",10,"C",147,252,0.583333333333333
2531,"2b7pC","CONTROL",10,"N",52,252,0.206349206349206
2531,"2b7pC","CONTROL",10,"O",51,252,0.202380952380952
2531,"2b7pC","CONTROL",10,"P",0,252,0
2531,"2b7pC","CONTROL",10,"S",2,252,0.00793650793650794
2532,"2bdzB","CONTROL",10,"C",192,320,0.6
2532,"2bdzB","CONTROL",10,"N",57,320,0.178125
2532,"2bdzB","CONTROL",10,"O",68,320,0.2125
2532,"2bdzB","CONTROL",10,"P",0,320,0
2532,"2bdzB","CONTROL",10,"S",3,320,0.009375
2533,"2bfgF","CONTROL",10,"C",225,344,0.65406976744186
2533,"2bfgF","CONTROL",10,"N",59,344,0.171511627906977
2533,"2bfgF","CONTROL",10,"O",58,344,0.168604651162791
2533,"2bfgF","CONTROL",10,"P",0,344,0
2533,"2bfgF","CONTROL",10,"S",2,344,0.00581395348837209
2534,"2bgcA","CONTROL",10,"C",190,275,0.690909090909091
2534,"2bgcA","CONTROL",10,"N",40,275,0.145454545454545
2534,"2bgcA","CONTROL",10,"O",45,275,0.163636363636364
2534,"2bgcA","CONTROL",10,"P",0,275,0
2534,"2bgcA","CONTROL",10,"S",0,275,0
2535,"2bh2B","CONTROL",10,"C",259,405,0.639506172839506
2535,"2bh2B","CONTROL",10,"N",70,405,0.17283950617284
2535,"2bh2B","CONTROL",10,"O",71,405,0.175308641975309
2535,"2bh2B","CONTROL",10,"P",0,405,0
2535,"2bh2B","CONTROL",10,"S",5,405,0.0123456790123457
2536,"2bj0A","CONTROL",10,"C",90,147,0.612244897959184
2536,"2bj0A","CONTROL",10,"N",24,147,0.163265306122449
2536,"2bj0A","CONTROL",10,"O",31,147,0.210884353741497
2536,"2bj0A","CONTROL",10,"P",0,147,0
2536,"2bj0A","CONTROL",10,"S",2,147,0.0136054421768707
2537,"2bkvB","CONTROL",10,"C",166,258,0.643410852713178
2537,"2bkvB","CONTROL",10,"N",44,258,0.170542635658915
2537,"2bkvB","CONTROL",10,"O",48,258,0.186046511627907
2537,"2bkvB","CONTROL",10,"P",0,258,0
2537,"2bkvB","CONTROL",10,"S",0,258,0
2538,"2bnnA","CONTROL",10,"C",175,277,0.631768953068592
2538,"2bnnA","CONTROL",10,"N",50,277,0.180505415162455
2538,"2bnnA","CONTROL",10,"O",49,277,0.176895306859206
2538,"2bnnA","CONTROL",10,"P",0,277,0
2538,"2bnnA","CONTROL",10,"S",3,277,0.0108303249097473
2539,"2bqyA","CONTROL",10,"C",176,279,0.630824372759857
2539,"2bqyA","CONTROL",10,"N",44,279,0.157706093189964
2539,"2bqyA","CONTROL",10,"O",58,279,0.207885304659498
2539,"2bqyA","CONTROL",10,"P",0,279,0
2539,"2bqyA","CONTROL",10,"S",1,279,0.003584229390681
2540,"2braA","CONTROL",10,"C",429,648,0.662037037037037
2540,"2braA","CONTROL",10,"N",110,648,0.169753086419753
2540,"2braA","CONTROL",10,"O",106,648,0.16358024691358
2540,"2braA","CONTROL",10,"P",0,648,0
2540,"2braA","CONTROL",10,"S",3,648,0.00462962962962963
2541,"2bu3A","CONTROL",10,"C",208,336,0.619047619047619
2541,"2bu3A","CONTROL",10,"N",64,336,0.19047619047619
2541,"2bu3A","CONTROL",10,"O",63,336,0.1875
2541,"2bu3A","CONTROL",10,"P",0,336,0
2541,"2bu3A","CONTROL",10,"S",1,336,0.00297619047619048
2542,"2bvfA","CONTROL",10,"C",453,711,0.637130801687764
2542,"2bvfA","CONTROL",10,"N",124,711,0.174402250351617
2542,"2bvfA","CONTROL",10,"O",130,711,0.182841068917018
2542,"2bvfA","CONTROL",10,"P",0,711,0
2542,"2bvfA","CONTROL",10,"S",4,711,0.00562587904360056
2543,"2bwaB","CONTROL",10,"C",249,381,0.653543307086614
2543,"2bwaB","CONTROL",10,"N",66,381,0.173228346456693
2543,"2bwaB","CONTROL",10,"O",65,381,0.170603674540682
2543,"2bwaB","CONTROL",10,"P",0,381,0
2543,"2bwaB","CONTROL",10,"S",1,381,0.0026246719160105
2544,"2c2lA","CONTROL",10,"C",258,401,0.643391521197007
2544,"2c2lA","CONTROL",10,"N",74,401,0.184538653366584
2544,"2c2lA","CONTROL",10,"O",67,401,0.167082294264339
2544,"2c2lA","CONTROL",10,"P",0,401,0
2544,"2c2lA","CONTROL",10,"S",2,401,0.00498753117206983
2545,"2c4mC","CONTROL",10,"C",235,381,0.616797900262467
2545,"2c4mC","CONTROL",10,"N",77,381,0.202099737532808
2545,"2c4mC","CONTROL",10,"O",67,381,0.175853018372703
2545,"2c4mC","CONTROL",10,"P",0,381,0
2545,"2c4mC","CONTROL",10,"S",2,381,0.005249343832021
2546,"2c53A","CONTROL",10,"C",209,327,0.63914373088685
2546,"2c53A","CONTROL",10,"N",63,327,0.192660550458716
2546,"2c53A","CONTROL",10,"O",55,327,0.168195718654434
2546,"2c53A","CONTROL",10,"P",0,327,0
2546,"2c53A","CONTROL",10,"S",0,327,0
2547,"2c8nB","CONTROL",10,"C",225,355,0.633802816901408
2547,"2c8nB","CONTROL",10,"N",61,355,0.171830985915493
2547,"2c8nB","CONTROL",10,"O",67,355,0.188732394366197
2547,"2c8nB","CONTROL",10,"P",0,355,0
2547,"2c8nB","CONTROL",10,"S",2,355,0.00563380281690141
2548,"2c9kA","CONTROL",10,"C",127,202,0.628712871287129
2548,"2c9kA","CONTROL",10,"N",37,202,0.183168316831683
2548,"2c9kA","CONTROL",10,"O",38,202,0.188118811881188
2548,"2c9kA","CONTROL",10,"P",0,202,0
2548,"2c9kA","CONTROL",10,"S",0,202,0
2549,"2cdpA","CONTROL",10,"C",143,228,0.62719298245614
2549,"2cdpA","CONTROL",10,"N",40,228,0.175438596491228
2549,"2cdpA","CONTROL",10,"O",45,228,0.197368421052632
2549,"2cdpA","CONTROL",10,"P",0,228,0
2549,"2cdpA","CONTROL",10,"S",0,228,0
2550,"2cfeA","CONTROL",10,"C",136,220,0.618181818181818
2550,"2cfeA","CONTROL",10,"N",42,220,0.190909090909091
2550,"2cfeA","CONTROL",10,"O",40,220,0.181818181818182
2550,"2cfeA","CONTROL",10,"P",0,220,0
2550,"2cfeA","CONTROL",10,"S",2,220,0.00909090909090909
2551,"2cftA","CONTROL",10,"C",233,385,0.605194805194805
2551,"2cftA","CONTROL",10,"N",75,385,0.194805194805195
2551,"2cftA","CONTROL",10,"O",74,385,0.192207792207792
2551,"2cftA","CONTROL",10,"P",0,385,0
2551,"2cftA","CONTROL",10,"S",3,385,0.00779220779220779
2552,"2cfwA","CONTROL",10,"C",230,350,0.657142857142857
2552,"2cfwA","CONTROL",10,"N",58,350,0.165714285714286
2552,"2cfwA","CONTROL",10,"O",62,350,0.177142857142857
2552,"2cfwA","CONTROL",10,"P",0,350,0
2552,"2cfwA","CONTROL",10,"S",0,350,0
2553,"2cgnA","CONTROL",10,"C",208,332,0.626506024096386
2553,"2cgnA","CONTROL",10,"N",61,332,0.183734939759036
2553,"2cgnA","CONTROL",10,"O",62,332,0.186746987951807
2553,"2cgnA","CONTROL",10,"P",0,332,0
2553,"2cgnA","CONTROL",10,"S",1,332,0.00301204819277108
2554,"2cicA","CONTROL",10,"C",265,430,0.616279069767442
2554,"2cicA","CONTROL",10,"N",74,430,0.172093023255814
2554,"2cicA","CONTROL",10,"O",89,430,0.206976744186047
2554,"2cicA","CONTROL",10,"P",0,430,0
2554,"2cicA","CONTROL",10,"S",2,430,0.00465116279069767
2555,"2cirA","CONTROL",10,"C",196,303,0.646864686468647
2555,"2cirA","CONTROL",10,"N",51,303,0.168316831683168
2555,"2cirA","CONTROL",10,"O",53,303,0.174917491749175
2555,"2cirA","CONTROL",10,"P",0,303,0
2555,"2cirA","CONTROL",10,"S",3,303,0.0099009900990099
2556,"2cntB","CONTROL",10,"C",261,400,0.6525
2556,"2cntB","CONTROL",10,"N",71,400,0.1775
2556,"2cntB","CONTROL",10,"O",66,400,0.165
2556,"2cntB","CONTROL",10,"P",0,400,0
2556,"2cntB","CONTROL",10,"S",2,400,0.005
2557,"2cwwB","CONTROL",10,"C",258,387,0.666666666666667
2557,"2cwwB","CONTROL",10,"N",60,387,0.155038759689922
2557,"2cwwB","CONTROL",10,"O",68,387,0.175710594315245
2557,"2cwwB","CONTROL",10,"P",0,387,0
2557,"2cwwB","CONTROL",10,"S",1,387,0.00258397932816537
2558,"2cy2A","CONTROL",10,"C",308,456,0.675438596491228
2558,"2cy2A","CONTROL",10,"N",81,456,0.177631578947368
2558,"2cy2A","CONTROL",10,"O",67,456,0.146929824561404
2558,"2cy2A","CONTROL",10,"P",0,456,0
2558,"2cy2A","CONTROL",10,"S",0,456,0
2559,"2d0hA","CONTROL",10,"C",320,514,0.622568093385214
2559,"2d0hA","CONTROL",10,"N",92,514,0.178988326848249
2559,"2d0hA","CONTROL",10,"O",102,514,0.198443579766537
2559,"2d0hA","CONTROL",10,"P",0,514,0
2559,"2d0hA","CONTROL",10,"S",0,514,0
2560,"2d0qB","CONTROL",10,"C",104,153,0.679738562091503
2560,"2d0qB","CONTROL",10,"N",26,153,0.169934640522876
2560,"2d0qB","CONTROL",10,"O",22,153,0.143790849673203
2560,"2d0qB","CONTROL",10,"P",0,153,0
2560,"2d0qB","CONTROL",10,"S",1,153,0.0065359477124183
2561,"2d29A","CONTROL",10,"C",283,447,0.633109619686801
2561,"2d29A","CONTROL",10,"N",79,447,0.176733780760626
2561,"2d29A","CONTROL",10,"O",83,447,0.185682326621924
2561,"2d29A","CONTROL",10,"P",0,447,0
2561,"2d29A","CONTROL",10,"S",2,447,0.00447427293064877
2562,"2d5nB","CONTROL",10,"C",359,552,0.65036231884058
2562,"2d5nB","CONTROL",10,"N",92,552,0.166666666666667
2562,"2d5nB","CONTROL",10,"O",100,552,0.181159420289855
2562,"2d5nB","CONTROL",10,"P",0,552,0
2562,"2d5nB","CONTROL",10,"S",1,552,0.00181159420289855
2563,"2d5wA","CONTROL",10,"C",389,622,0.62540192926045
2563,"2d5wA","CONTROL",10,"N",110,622,0.176848874598071
2563,"2d5wA","CONTROL",10,"O",123,622,0.197749196141479
2563,"2d5wA","CONTROL",10,"P",0,622,0
2563,"2d5wA","CONTROL",10,"S",0,622,0
2564,"2dd4F","CONTROL",10,"C",117,193,0.606217616580311
2564,"2dd4F","CONTROL",10,"N",38,193,0.196891191709845
2564,"2dd4F","CONTROL",10,"O",35,193,0.181347150259067
2564,"2dd4F","CONTROL",10,"P",0,193,0
2564,"2dd4F","CONTROL",10,"S",3,193,0.0155440414507772
2565,"2dd8C","CONTROL",10,"C",108,148,0.72972972972973
2565,"2dd8C","CONTROL",10,"N",20,148,0.135135135135135
2565,"2dd8C","CONTROL",10,"O",20,148,0.135135135135135
2565,"2dd8C","CONTROL",10,"P",0,148,0
2565,"2dd8C","CONTROL",10,"S",0,148,0
2566,"2df8A","CONTROL",10,"C",224,354,0.632768361581921
2566,"2df8A","CONTROL",10,"N",57,354,0.161016949152542
2566,"2df8A","CONTROL",10,"O",70,354,0.19774011299435
2566,"2df8A","CONTROL",10,"P",0,354,0
2566,"2df8A","CONTROL",10,"S",3,354,0.00847457627118644
2567,"2dg5D","CONTROL",10,"C",141,238,0.592436974789916
2567,"2dg5D","CONTROL",10,"N",43,238,0.180672268907563
2567,"2dg5D","CONTROL",10,"O",54,238,0.226890756302521
2567,"2dg5D","CONTROL",10,"P",0,238,0
2567,"2dg5D","CONTROL",10,"S",0,238,0
2568,"2djhA","CONTROL",10,"C",231,379,0.609498680738786
2568,"2djhA","CONTROL",10,"N",73,379,0.192612137203166
2568,"2djhA","CONTROL",10,"O",75,379,0.197889182058047
2568,"2djhA","CONTROL",10,"P",0,379,0
2568,"2djhA","CONTROL",10,"S",0,379,0
2569,"2dkdA","CONTROL",10,"C",208,346,0.601156069364162
2569,"2dkdA","CONTROL",10,"N",71,346,0.205202312138728
2569,"2dkdA","CONTROL",10,"O",66,346,0.190751445086705
2569,"2dkdA","CONTROL",10,"P",0,346,0
2569,"2dkdA","CONTROL",10,"S",1,346,0.00289017341040462
2570,"2e1tA","CONTROL",10,"C",340,532,0.639097744360902
2570,"2e1tA","CONTROL",10,"N",96,532,0.180451127819549
2570,"2e1tA","CONTROL",10,"O",93,532,0.174812030075188
2570,"2e1tA","CONTROL",10,"P",0,532,0
2570,"2e1tA","CONTROL",10,"S",3,532,0.0056390977443609
2571,"2e2xA","CONTROL",10,"C",451,665,0.678195488721804
2571,"2e2xA","CONTROL",10,"N",106,665,0.159398496240602
2571,"2e2xA","CONTROL",10,"O",107,665,0.160902255639098
2571,"2e2xA","CONTROL",10,"P",0,665,0
2571,"2e2xA","CONTROL",10,"S",1,665,0.00150375939849624
2572,"2e4gA","CONTROL",10,"C",258,394,0.654822335025381
2572,"2e4gA","CONTROL",10,"N",64,394,0.16243654822335
2572,"2e4gA","CONTROL",10,"O",71,394,0.180203045685279
2572,"2e4gA","CONTROL",10,"P",0,394,0
2572,"2e4gA","CONTROL",10,"S",1,394,0.00253807106598985
2573,"2e4vA","CONTROL",10,"C",253,412,0.614077669902913
2573,"2e4vA","CONTROL",10,"N",74,412,0.179611650485437
2573,"2e4vA","CONTROL",10,"O",84,412,0.203883495145631
2573,"2e4vA","CONTROL",10,"P",0,412,0
2573,"2e4vA","CONTROL",10,"S",1,412,0.00242718446601942
2574,"2e50B","CONTROL",10,"C",148,234,0.632478632478632
2574,"2e50B","CONTROL",10,"N",41,234,0.175213675213675
2574,"2e50B","CONTROL",10,"O",45,234,0.192307692307692
2574,"2e50B","CONTROL",10,"P",0,234,0
2574,"2e50B","CONTROL",10,"S",0,234,0
2575,"2e8zA","CONTROL",10,"C",179,288,0.621527777777778
2575,"2e8zA","CONTROL",10,"N",56,288,0.194444444444444
2575,"2e8zA","CONTROL",10,"O",53,288,0.184027777777778
2575,"2e8zA","CONTROL",10,"P",0,288,0
2575,"2e8zA","CONTROL",10,"S",0,288,0
2576,"2eacB","CONTROL",10,"C",178,294,0.605442176870748
2576,"2eacB","CONTROL",10,"N",58,294,0.197278911564626
2576,"2eacB","CONTROL",10,"O",57,294,0.193877551020408
2576,"2eacB","CONTROL",10,"P",0,294,0
2576,"2eacB","CONTROL",10,"S",1,294,0.00340136054421769
2577,"2egwA","CONTROL",10,"C",214,330,0.648484848484848
2577,"2egwA","CONTROL",10,"N",55,330,0.166666666666667
2577,"2egwA","CONTROL",10,"O",61,330,0.184848484848485
2577,"2egwA","CONTROL",10,"P",0,330,0
2577,"2egwA","CONTROL",10,"S",0,330,0
2578,"2ek9A","CONTROL",10,"C",198,340,0.582352941176471
2578,"2ek9A","CONTROL",10,"N",63,340,0.185294117647059
2578,"2ek9A","CONTROL",10,"O",78,340,0.229411764705882
2578,"2ek9A","CONTROL",10,"P",0,340,0
2578,"2ek9A","CONTROL",10,"S",1,340,0.00294117647058824
2579,"2eo7A","CONTROL",10,"C",258,419,0.615751789976134
2579,"2eo7A","CONTROL",10,"N",76,419,0.181384248210024
2579,"2eo7A","CONTROL",10,"O",84,419,0.200477326968974
2579,"2eo7A","CONTROL",10,"P",0,419,0
2579,"2eo7A","CONTROL",10,"S",1,419,0.00238663484486874
2580,"2erpB","CONTROL",10,"C",182,291,0.625429553264605
2580,"2erpB","CONTROL",10,"N",54,291,0.185567010309278
2580,"2erpB","CONTROL",10,"O",54,291,0.185567010309278
2580,"2erpB","CONTROL",10,"P",0,291,0
2580,"2erpB","CONTROL",10,"S",1,291,0.00343642611683849
2581,"2eugA","CONTROL",10,"C",187,285,0.656140350877193
2581,"2eugA","CONTROL",10,"N",53,285,0.185964912280702
2581,"2eugA","CONTROL",10,"O",44,285,0.154385964912281
2581,"2eugA","CONTROL",10,"P",0,285,0
2581,"2eugA","CONTROL",10,"S",1,285,0.00350877192982456
2582,"2ew5A","CONTROL",10,"C",224,343,0.653061224489796
2582,"2ew5A","CONTROL",10,"N",59,343,0.17201166180758
2582,"2ew5A","CONTROL",10,"O",57,343,0.166180758017493
2582,"2ew5A","CONTROL",10,"P",0,343,0
2582,"2ew5A","CONTROL",10,"S",3,343,0.0087463556851312
2583,"2eweA","CONTROL",10,"C",224,402,0.557213930348259
2583,"2eweA","CONTROL",10,"N",84,402,0.208955223880597
2583,"2eweA","CONTROL",10,"O",94,402,0.233830845771144
2583,"2eweA","CONTROL",10,"P",0,402,0
2583,"2eweA","CONTROL",10,"S",0,402,0
2584,"2exkC","CONTROL",10,"C",262,407,0.643734643734644
2584,"2exkC","CONTROL",10,"N",73,407,0.179361179361179
2584,"2exkC","CONTROL",10,"O",71,407,0.174447174447174
2584,"2exkC","CONTROL",10,"P",0,407,0
2584,"2exkC","CONTROL",10,"S",1,407,0.00245700245700246
2585,"2exrA","CONTROL",10,"C",457,704,0.649147727272727
2585,"2exrA","CONTROL",10,"N",121,704,0.171875
2585,"2exrA","CONTROL",10,"O",126,704,0.178977272727273
2585,"2exrA","CONTROL",10,"P",0,704,0
2585,"2exrA","CONTROL",10,"S",0,704,0
2586,"2exuA","CONTROL",10,"C",120,190,0.631578947368421
2586,"2exuA","CONTROL",10,"N",33,190,0.173684210526316
2586,"2exuA","CONTROL",10,"O",37,190,0.194736842105263
2586,"2exuA","CONTROL",10,"P",0,190,0
2586,"2exuA","CONTROL",10,"S",0,190,0
2587,"2f5tA","CONTROL",10,"C",201,310,0.648387096774194
2587,"2f5tA","CONTROL",10,"N",47,310,0.151612903225806
2587,"2f5tA","CONTROL",10,"O",59,310,0.190322580645161
2587,"2f5tA","CONTROL",10,"P",0,310,0
2587,"2f5tA","CONTROL",10,"S",3,310,0.00967741935483871
2588,"2f8gA","CONTROL",10,"C",136,214,0.635514018691589
2588,"2f8gA","CONTROL",10,"N",38,214,0.177570093457944
2588,"2f8gA","CONTROL",10,"O",40,214,0.186915887850467
2588,"2f8gA","CONTROL",10,"P",0,214,0
2588,"2f8gA","CONTROL",10,"S",0,214,0
2589,"2fapA","CONTROL",10,"C",216,317,0.681388012618297
2589,"2fapA","CONTROL",10,"N",47,317,0.148264984227129
2589,"2fapA","CONTROL",10,"O",53,317,0.167192429022082
2589,"2fapA","CONTROL",10,"P",0,317,0
2589,"2fapA","CONTROL",10,"S",1,317,0.00315457413249211
2590,"2fcvB","CONTROL",10,"C",253,391,0.647058823529412
2590,"2fcvB","CONTROL",10,"N",71,391,0.181585677749361
2590,"2fcvB","CONTROL",10,"O",64,391,0.163682864450128
2590,"2fcvB","CONTROL",10,"P",0,391,0
2590,"2fcvB","CONTROL",10,"S",3,391,0.00767263427109974
2591,"2fg6A","CONTROL",10,"C",202,328,0.615853658536585
2591,"2fg6A","CONTROL",10,"N",70,328,0.213414634146341
2591,"2fg6A","CONTROL",10,"O",54,328,0.164634146341463
2591,"2fg6A","CONTROL",10,"P",0,328,0
2591,"2fg6A","CONTROL",10,"S",2,328,0.00609756097560976
2592,"2fgeA","CONTROL",10,"C",343,527,0.650853889943074
2592,"2fgeA","CONTROL",10,"N",85,527,0.161290322580645
2592,"2fgeA","CONTROL",10,"O",96,527,0.182163187855787
2592,"2fgeA","CONTROL",10,"P",0,527,0
2592,"2fgeA","CONTROL",10,"S",3,527,0.00569259962049336
2593,"2fiwA","CONTROL",10,"C",314,482,0.651452282157676
2593,"2fiwA","CONTROL",10,"N",83,482,0.172199170124481
2593,"2fiwA","CONTROL",10,"O",85,482,0.176348547717842
2593,"2fiwA","CONTROL",10,"P",0,482,0
2593,"2fiwA","CONTROL",10,"S",0,482,0
2594,"2fmbA","CONTROL",10,"C",130,210,0.619047619047619
2594,"2fmbA","CONTROL",10,"N",40,210,0.19047619047619
2594,"2fmbA","CONTROL",10,"O",40,210,0.19047619047619
2594,"2fmbA","CONTROL",10,"P",0,210,0
2594,"2fmbA","CONTROL",10,"S",0,210,0
2595,"2fn1A","CONTROL",10,"C",220,359,0.612813370473538
2595,"2fn1A","CONTROL",10,"N",69,359,0.192200557103064
2595,"2fn1A","CONTROL",10,"O",70,359,0.194986072423398
2595,"2fn1A","CONTROL",10,"P",0,359,0
2595,"2fn1A","CONTROL",10,"S",0,359,0
2596,"2fo5B","CONTROL",10,"C",189,317,0.596214511041009
2596,"2fo5B","CONTROL",10,"N",54,317,0.170347003154574
2596,"2fo5B","CONTROL",10,"O",69,317,0.217665615141956
2596,"2fo5B","CONTROL",10,"P",0,317,0
2596,"2fo5B","CONTROL",10,"S",5,317,0.0157728706624606
2597,"2fp2B","CONTROL",10,"C",225,351,0.641025641025641
2597,"2fp2B","CONTROL",10,"N",61,351,0.173789173789174
2597,"2fp2B","CONTROL",10,"O",64,351,0.182336182336182
2597,"2fp2B","CONTROL",10,"P",0,351,0
2597,"2fp2B","CONTROL",10,"S",1,351,0.00284900284900285
2598,"2fr0A","CONTROL",10,"C",352,546,0.644688644688645
2598,"2fr0A","CONTROL",10,"N",91,546,0.166666666666667
2598,"2fr0A","CONTROL",10,"O",100,546,0.183150183150183
2598,"2fr0A","CONTROL",10,"P",0,546,0
2598,"2fr0A","CONTROL",10,"S",3,546,0.0054945054945055
2599,"2ft0A","CONTROL",10,"C",233,358,0.650837988826816
2599,"2ft0A","CONTROL",10,"N",65,358,0.181564245810056
2599,"2ft0A","CONTROL",10,"O",59,358,0.164804469273743
2599,"2ft0A","CONTROL",10,"P",0,358,0
2599,"2ft0A","CONTROL",10,"S",1,358,0.00279329608938547
2600,"2fugI","CONTROL",10,"C",319,502,0.635458167330677
2600,"2fugI","CONTROL",10,"N",82,502,0.163346613545817
2600,"2fugI","CONTROL",10,"O",96,502,0.191235059760956
2600,"2fugI","CONTROL",10,"P",0,502,0
2600,"2fugI","CONTROL",10,"S",5,502,0.0099601593625498
2601,"2fvkD","CONTROL",10,"C",188,288,0.652777777777778
2601,"2fvkD","CONTROL",10,"N",50,288,0.173611111111111
2601,"2fvkD","CONTROL",10,"O",47,288,0.163194444444444
2601,"2fvkD","CONTROL",10,"P",0,288,0
2601,"2fvkD","CONTROL",10,"S",3,288,0.0104166666666667
2602,"2fy5A","CONTROL",10,"C",381,604,0.630794701986755
2602,"2fy5A","CONTROL",10,"N",105,604,0.173841059602649
2602,"2fy5A","CONTROL",10,"O",111,604,0.183774834437086
2602,"2fy5A","CONTROL",10,"P",0,604,0
2602,"2fy5A","CONTROL",10,"S",7,604,0.0115894039735099
2603,"2fzmA","CONTROL",10,"C",463,724,0.639502762430939
2603,"2fzmA","CONTROL",10,"N",126,724,0.174033149171271
2603,"2fzmA","CONTROL",10,"O",132,724,0.18232044198895
2603,"2fzmA","CONTROL",10,"P",0,724,0
2603,"2fzmA","CONTROL",10,"S",3,724,0.00414364640883978
2604,"2g0bA","CONTROL",10,"C",388,564,0.687943262411348
2604,"2g0bA","CONTROL",10,"N",89,564,0.157801418439716
2604,"2g0bA","CONTROL",10,"O",86,564,0.152482269503546
2604,"2g0bA","CONTROL",10,"P",0,564,0
2604,"2g0bA","CONTROL",10,"S",1,564,0.00177304964539007
2605,"2g3nA","CONTROL",10,"C",182,287,0.634146341463415
2605,"2g3nA","CONTROL",10,"N",52,287,0.181184668989547
2605,"2g3nA","CONTROL",10,"O",51,287,0.177700348432056
2605,"2g3nA","CONTROL",10,"P",0,287,0
2605,"2g3nA","CONTROL",10,"S",2,287,0.00696864111498258
2606,"2g9uA","CONTROL",10,"C",242,399,0.606516290726817
2606,"2g9uA","CONTROL",10,"N",77,399,0.192982456140351
2606,"2g9uA","CONTROL",10,"O",78,399,0.195488721804511
2606,"2g9uA","CONTROL",10,"P",0,399,0
2606,"2g9uA","CONTROL",10,"S",2,399,0.0050125313283208
2607,"2gamB","CONTROL",10,"C",196,312,0.628205128205128
2607,"2gamB","CONTROL",10,"N",57,312,0.182692307692308
2607,"2gamB","CONTROL",10,"O",57,312,0.182692307692308
2607,"2gamB","CONTROL",10,"P",0,312,0
2607,"2gamB","CONTROL",10,"S",2,312,0.00641025641025641
2608,"2gbbD","CONTROL",10,"C",211,325,0.649230769230769
2608,"2gbbD","CONTROL",10,"N",60,325,0.184615384615385
2608,"2gbbD","CONTROL",10,"O",54,325,0.166153846153846
2608,"2gbbD","CONTROL",10,"P",0,325,0
2608,"2gbbD","CONTROL",10,"S",0,325,0
2609,"2gd2D","CONTROL",10,"C",277,448,0.618303571428571
2609,"2gd2D","CONTROL",10,"N",86,448,0.191964285714286
2609,"2gd2D","CONTROL",10,"O",82,448,0.183035714285714
2609,"2gd2D","CONTROL",10,"P",0,448,0
2609,"2gd2D","CONTROL",10,"S",3,448,0.00669642857142857
2610,"2gduA","CONTROL",10,"C",282,459,0.61437908496732
2610,"2gduA","CONTROL",10,"N",90,459,0.196078431372549
2610,"2gduA","CONTROL",10,"O",86,459,0.187363834422658
2610,"2gduA","CONTROL",10,"P",0,459,0
2610,"2gduA","CONTROL",10,"S",1,459,0.00217864923747277
2611,"2gfjB","CONTROL",10,"C",207,328,0.63109756097561
2611,"2gfjB","CONTROL",10,"N",54,328,0.164634146341463
2611,"2gfjB","CONTROL",10,"O",66,328,0.201219512195122
2611,"2gfjB","CONTROL",10,"P",0,328,0
2611,"2gfjB","CONTROL",10,"S",1,328,0.00304878048780488
2612,"2gh4A","CONTROL",10,"C",233,370,0.62972972972973
2612,"2gh4A","CONTROL",10,"N",72,370,0.194594594594595
2612,"2gh4A","CONTROL",10,"O",63,370,0.17027027027027
2612,"2gh4A","CONTROL",10,"P",0,370,0
2612,"2gh4A","CONTROL",10,"S",2,370,0.00540540540540541
2613,"2gkeA","CONTROL",10,"C",251,415,0.604819277108434
2613,"2gkeA","CONTROL",10,"N",78,415,0.187951807228916
2613,"2gkeA","CONTROL",10,"O",78,415,0.187951807228916
2613,"2gkeA","CONTROL",10,"P",0,415,0
2613,"2gkeA","CONTROL",10,"S",8,415,0.0192771084337349
2614,"2gmjB","CONTROL",10,"C",532,831,0.640192539109507
2614,"2gmjB","CONTROL",10,"N",149,831,0.179302045728039
2614,"2gmjB","CONTROL",10,"O",142,831,0.170878459687124
2614,"2gmjB","CONTROL",10,"P",0,831,0
2614,"2gmjB","CONTROL",10,"S",8,831,0.00962695547533093
2615,"2gqtA","CONTROL",10,"C",404,624,0.647435897435897
2615,"2gqtA","CONTROL",10,"N",110,624,0.176282051282051
2615,"2gqtA","CONTROL",10,"O",107,624,0.171474358974359
2615,"2gqtA","CONTROL",10,"P",0,624,0
2615,"2gqtA","CONTROL",10,"S",3,624,0.00480769230769231
2616,"2h1tA","CONTROL",10,"C",142,219,0.648401826484018
2616,"2h1tA","CONTROL",10,"N",34,219,0.155251141552511
2616,"2h1tA","CONTROL",10,"O",43,219,0.19634703196347
2616,"2h1tA","CONTROL",10,"P",0,219,0
2616,"2h1tA","CONTROL",10,"S",0,219,0
2617,"2h3qA","CONTROL",10,"C",165,259,0.637065637065637
2617,"2h3qA","CONTROL",10,"N",51,259,0.196911196911197
2617,"2h3qA","CONTROL",10,"O",43,259,0.166023166023166
2617,"2h3qA","CONTROL",10,"P",0,259,0
2617,"2h3qA","CONTROL",10,"S",0,259,0
2618,"2h42A","CONTROL",10,"C",294,450,0.653333333333333
2618,"2h42A","CONTROL",10,"N",74,450,0.164444444444444
2618,"2h42A","CONTROL",10,"O",78,450,0.173333333333333
2618,"2h42A","CONTROL",10,"P",0,450,0
2618,"2h42A","CONTROL",10,"S",4,450,0.00888888888888889
2619,"2h5zB","CONTROL",10,"C",215,332,0.647590361445783
2619,"2h5zB","CONTROL",10,"N",51,332,0.153614457831325
2619,"2h5zB","CONTROL",10,"O",62,332,0.186746987951807
2619,"2h5zB","CONTROL",10,"P",0,332,0
2619,"2h5zB","CONTROL",10,"S",4,332,0.0120481927710843
2620,"2h6tA","CONTROL",10,"C",262,435,0.602298850574713
2620,"2h6tA","CONTROL",10,"N",73,435,0.167816091954023
2620,"2h6tA","CONTROL",10,"O",100,435,0.229885057471264
2620,"2h6tA","CONTROL",10,"P",0,435,0
2620,"2h6tA","CONTROL",10,"S",0,435,0
2621,"2h8gA","CONTROL",10,"C",186,292,0.636986301369863
2621,"2h8gA","CONTROL",10,"N",45,292,0.154109589041096
2621,"2h8gA","CONTROL",10,"O",57,292,0.195205479452055
2621,"2h8gA","CONTROL",10,"P",0,292,0
2621,"2h8gA","CONTROL",10,"S",4,292,0.0136986301369863
2622,"2hbmA","CONTROL",10,"C",190,302,0.629139072847682
2622,"2hbmA","CONTROL",10,"N",55,302,0.182119205298013
2622,"2hbmA","CONTROL",10,"O",54,302,0.178807947019868
2622,"2hbmA","CONTROL",10,"P",0,302,0
2622,"2hbmA","CONTROL",10,"S",3,302,0.00993377483443709
2623,"2hbuA","CONTROL",10,"C",254,388,0.654639175257732
2623,"2hbuA","CONTROL",10,"N",66,388,0.170103092783505
2623,"2hbuA","CONTROL",10,"O",67,388,0.172680412371134
2623,"2hbuA","CONTROL",10,"P",0,388,0
2623,"2hbuA","CONTROL",10,"S",1,388,0.00257731958762887
2624,"2hd0B","CONTROL",10,"C",126,194,0.649484536082474
2624,"2hd0B","CONTROL",10,"N",36,194,0.185567010309278
2624,"2hd0B","CONTROL",10,"O",31,194,0.15979381443299
2624,"2hd0B","CONTROL",10,"P",0,194,0
2624,"2hd0B","CONTROL",10,"S",1,194,0.00515463917525773
2625,"2hfkB","CONTROL",10,"C",236,357,0.661064425770308
2625,"2hfkB","CONTROL",10,"N",58,357,0.162464985994398
2625,"2hfkB","CONTROL",10,"O",62,357,0.173669467787115
2625,"2hfkB","CONTROL",10,"P",0,357,0
2625,"2hfkB","CONTROL",10,"S",1,357,0.00280112044817927
2626,"2hgxA","CONTROL",10,"C",234,371,0.630727762803235
2626,"2hgxA","CONTROL",10,"N",70,371,0.188679245283019
2626,"2hgxA","CONTROL",10,"O",65,371,0.175202156334232
2626,"2hgxA","CONTROL",10,"P",0,371,0
2626,"2hgxA","CONTROL",10,"S",2,371,0.00539083557951483
2627,"2hmaA","CONTROL",10,"C",310,467,0.663811563169165
2627,"2hmaA","CONTROL",10,"N",75,467,0.160599571734475
2627,"2hmaA","CONTROL",10,"O",80,467,0.171306209850107
2627,"2hmaA","CONTROL",10,"P",0,467,0
2627,"2hmaA","CONTROL",10,"S",2,467,0.00428265524625268
2628,"2hnuA","CONTROL",10,"C",152,251,0.605577689243028
2628,"2hnuA","CONTROL",10,"N",44,251,0.175298804780877
2628,"2hnuA","CONTROL",10,"O",49,251,0.195219123505976
2628,"2hnuA","CONTROL",10,"P",0,251,0
2628,"2hnuA","CONTROL",10,"S",6,251,0.0239043824701195
2629,"2hu7B","CONTROL",10,"C",220,329,0.668693009118541
2629,"2hu7B","CONTROL",10,"N",52,329,0.158054711246201
2629,"2hu7B","CONTROL",10,"O",56,329,0.170212765957447
2629,"2hu7B","CONTROL",10,"P",0,329,0
2629,"2hu7B","CONTROL",10,"S",1,329,0.00303951367781155
2630,"2hxuA","CONTROL",10,"C",239,391,0.611253196930946
2630,"2hxuA","CONTROL",10,"N",69,391,0.176470588235294
2630,"2hxuA","CONTROL",10,"O",81,391,0.207161125319693
2630,"2hxuA","CONTROL",10,"P",0,391,0
2630,"2hxuA","CONTROL",10,"S",2,391,0.0051150895140665
2631,"2i4gA","CONTROL",10,"C",216,356,0.606741573033708
2631,"2i4gA","CONTROL",10,"N",75,356,0.210674157303371
2631,"2i4gA","CONTROL",10,"O",62,356,0.174157303370787
2631,"2i4gA","CONTROL",10,"P",0,356,0
2631,"2i4gA","CONTROL",10,"S",3,356,0.00842696629213483
2632,"2i54C","CONTROL",10,"C",182,308,0.590909090909091
2632,"2i54C","CONTROL",10,"N",61,308,0.198051948051948
2632,"2i54C","CONTROL",10,"O",63,308,0.204545454545455
2632,"2i54C","CONTROL",10,"P",0,308,0
2632,"2i54C","CONTROL",10,"S",2,308,0.00649350649350649
2633,"2i9uB","CONTROL",10,"C",227,373,0.60857908847185
2633,"2i9uB","CONTROL",10,"N",73,373,0.195710455764075
2633,"2i9uB","CONTROL",10,"O",69,373,0.184986595174263
2633,"2i9uB","CONTROL",10,"P",0,373,0
2633,"2i9uB","CONTROL",10,"S",4,373,0.0107238605898123
2634,"2ichA","CONTROL",10,"C",233,357,0.65266106442577
2634,"2ichA","CONTROL",10,"N",59,357,0.165266106442577
2634,"2ichA","CONTROL",10,"O",65,357,0.182072829131653
2634,"2ichA","CONTROL",10,"P",0,357,0
2634,"2ichA","CONTROL",10,"S",0,357,0
2635,"2igqA","CONTROL",10,"C",245,387,0.633074935400517
2635,"2igqA","CONTROL",10,"N",70,387,0.180878552971576
2635,"2igqA","CONTROL",10,"O",66,387,0.170542635658915
2635,"2igqA","CONTROL",10,"P",0,387,0
2635,"2igqA","CONTROL",10,"S",6,387,0.0155038759689922
2636,"2imlD","CONTROL",10,"C",256,397,0.644836272040302
2636,"2imlD","CONTROL",10,"N",69,397,0.173803526448363
2636,"2imlD","CONTROL",10,"O",72,397,0.181360201511335
2636,"2imlD","CONTROL",10,"P",0,397,0
2636,"2imlD","CONTROL",10,"S",0,397,0
2637,"2iuwA","CONTROL",10,"C",223,349,0.638968481375358
2637,"2iuwA","CONTROL",10,"N",64,349,0.183381088825215
2637,"2iuwA","CONTROL",10,"O",60,349,0.171919770773639
2637,"2iuwA","CONTROL",10,"P",0,349,0
2637,"2iuwA","CONTROL",10,"S",2,349,0.00573065902578797
2638,"2ix9A","CONTROL",10,"C",152,261,0.582375478927203
2638,"2ix9A","CONTROL",10,"N",53,261,0.203065134099617
2638,"2ix9A","CONTROL",10,"O",54,261,0.206896551724138
2638,"2ix9A","CONTROL",10,"P",0,261,0
2638,"2ix9A","CONTROL",10,"S",2,261,0.00766283524904215
2639,"2ixcA","CONTROL",10,"C",230,369,0.623306233062331
2639,"2ixcA","CONTROL",10,"N",67,369,0.181571815718157
2639,"2ixcA","CONTROL",10,"O",71,369,0.192411924119241
2639,"2ixcA","CONTROL",10,"P",0,369,0
2639,"2ixcA","CONTROL",10,"S",1,369,0.002710027100271
2640,"2iyoA","CONTROL",10,"C",192,314,0.611464968152866
2640,"2iyoA","CONTROL",10,"N",62,314,0.197452229299363
2640,"2iyoA","CONTROL",10,"O",56,314,0.178343949044586
2640,"2iyoA","CONTROL",10,"P",0,314,0
2640,"2iyoA","CONTROL",10,"S",4,314,0.0127388535031847
2641,"2j1vA","CONTROL",10,"C",95,160,0.59375
2641,"2j1vA","CONTROL",10,"N",33,160,0.20625
2641,"2j1vA","CONTROL",10,"O",32,160,0.2
2641,"2j1vA","CONTROL",10,"P",0,160,0
2641,"2j1vA","CONTROL",10,"S",0,160,0
2642,"2j5sA","CONTROL",10,"C",217,336,0.645833333333333
2642,"2j5sA","CONTROL",10,"N",54,336,0.160714285714286
2642,"2j5sA","CONTROL",10,"O",63,336,0.1875
2642,"2j5sA","CONTROL",10,"P",0,336,0
2642,"2j5sA","CONTROL",10,"S",2,336,0.00595238095238095
2643,"2j61A","CONTROL",10,"C",179,289,0.619377162629758
2643,"2j61A","CONTROL",10,"N",52,289,0.179930795847751
2643,"2j61A","CONTROL",10,"O",55,289,0.190311418685121
2643,"2j61A","CONTROL",10,"P",0,289,0
2643,"2j61A","CONTROL",10,"S",3,289,0.0103806228373702
2644,"2j66A","CONTROL",10,"C",223,347,0.642651296829971
2644,"2j66A","CONTROL",10,"N",60,347,0.172910662824208
2644,"2j66A","CONTROL",10,"O",64,347,0.184438040345821
2644,"2j66A","CONTROL",10,"P",0,347,0
2644,"2j66A","CONTROL",10,"S",0,347,0
2645,"2j7qA","CONTROL",10,"C",124,209,0.593301435406699
2645,"2j7qA","CONTROL",10,"N",43,209,0.205741626794258
2645,"2j7qA","CONTROL",10,"O",40,209,0.191387559808612
2645,"2j7qA","CONTROL",10,"P",0,209,0
2645,"2j7qA","CONTROL",10,"S",2,209,0.00956937799043062
2646,"2j83A","CONTROL",10,"C",242,372,0.650537634408602
2646,"2j83A","CONTROL",10,"N",58,372,0.155913978494624
2646,"2j83A","CONTROL",10,"O",70,372,0.188172043010753
2646,"2j83A","CONTROL",10,"P",0,372,0
2646,"2j83A","CONTROL",10,"S",2,372,0.00537634408602151
2647,"2j9pB","CONTROL",10,"C",186,315,0.59047619047619
2647,"2j9pB","CONTROL",10,"N",54,315,0.171428571428571
2647,"2j9pB","CONTROL",10,"O",74,315,0.234920634920635
2647,"2j9pB","CONTROL",10,"P",0,315,0
2647,"2j9pB","CONTROL",10,"S",1,315,0.00317460317460317
2648,"2jf4A","CONTROL",10,"C",333,522,0.637931034482759
2648,"2jf4A","CONTROL",10,"N",92,522,0.176245210727969
2648,"2jf4A","CONTROL",10,"O",97,522,0.185823754789272
2648,"2jf4A","CONTROL",10,"P",0,522,0
2648,"2jf4A","CONTROL",10,"S",0,522,0
2649,"2jgrA","CONTROL",10,"C",115,203,0.566502463054187
2649,"2jgrA","CONTROL",10,"N",42,203,0.206896551724138
2649,"2jgrA","CONTROL",10,"O",46,203,0.226600985221675
2649,"2jgrA","CONTROL",10,"P",0,203,0
2649,"2jgrA","CONTROL",10,"S",0,203,0
2650,"2jigA","CONTROL",10,"C",245,388,0.631443298969072
2650,"2jigA","CONTROL",10,"N",66,388,0.170103092783505
2650,"2jigA","CONTROL",10,"O",75,388,0.193298969072165
2650,"2jigA","CONTROL",10,"P",0,388,0
2650,"2jigA","CONTROL",10,"S",2,388,0.00515463917525773
2651,"2jihB","CONTROL",10,"C",202,333,0.606606606606607
2651,"2jihB","CONTROL",10,"N",58,333,0.174174174174174
2651,"2jihB","CONTROL",10,"O",68,333,0.204204204204204
2651,"2jihB","CONTROL",10,"P",0,333,0
2651,"2jihB","CONTROL",10,"S",5,333,0.015015015015015
2652,"2jjqA","CONTROL",10,"C",250,379,0.659630606860158
2652,"2jjqA","CONTROL",10,"N",59,379,0.155672823218997
2652,"2jjqA","CONTROL",10,"O",67,379,0.176781002638522
2652,"2jjqA","CONTROL",10,"P",0,379,0
2652,"2jjqA","CONTROL",10,"S",3,379,0.0079155672823219
2653,"2jk0G","CONTROL",10,"C",139,223,0.623318385650224
2653,"2jk0G","CONTROL",10,"N",34,223,0.152466367713004
2653,"2jk0G","CONTROL",10,"O",48,223,0.2152466367713
2653,"2jk0G","CONTROL",10,"P",0,223,0
2653,"2jk0G","CONTROL",10,"S",2,223,0.00896860986547085
2654,"2jkpA","CONTROL",10,"C",239,366,0.653005464480874
2654,"2jkpA","CONTROL",10,"N",57,366,0.155737704918033
2654,"2jkpA","CONTROL",10,"O",68,366,0.185792349726776
2654,"2jkpA","CONTROL",10,"P",0,366,0
2654,"2jkpA","CONTROL",10,"S",2,366,0.00546448087431694
2655,"2m0vA","CONTROL",10,"C",197,310,0.635483870967742
2655,"2m0vA","CONTROL",10,"N",58,310,0.187096774193548
2655,"2m0vA","CONTROL",10,"O",54,310,0.174193548387097
2655,"2m0vA","CONTROL",10,"P",0,310,0
2655,"2m0vA","CONTROL",10,"S",1,310,0.0032258064516129
2656,"2mnzA","CONTROL",10,"C",174,277,0.628158844765343
2656,"2mnzA","CONTROL",10,"N",46,277,0.166064981949458
2656,"2mnzA","CONTROL",10,"O",55,277,0.1985559566787
2656,"2mnzA","CONTROL",10,"P",0,277,0
2656,"2mnzA","CONTROL",10,"S",2,277,0.0072202166064982
2657,"2mtzA","CONTROL",10,"C",160,253,0.632411067193676
2657,"2mtzA","CONTROL",10,"N",51,253,0.201581027667984
2657,"2mtzA","CONTROL",10,"O",41,253,0.162055335968379
2657,"2mtzA","CONTROL",10,"P",0,253,0
2657,"2mtzA","CONTROL",10,"S",1,253,0.00395256916996047
2658,"2nr4A","CONTROL",10,"C",276,418,0.660287081339713
2658,"2nr4A","CONTROL",10,"N",67,418,0.160287081339713
2658,"2nr4A","CONTROL",10,"O",75,418,0.179425837320574
2658,"2nr4A","CONTROL",10,"P",0,418,0
2658,"2nr4A","CONTROL",10,"S",0,418,0
2659,"2nspB","CONTROL",10,"C",261,414,0.630434782608696
2659,"2nspB","CONTROL",10,"N",70,414,0.169082125603865
2659,"2nspB","CONTROL",10,"O",82,414,0.198067632850242
2659,"2nspB","CONTROL",10,"P",0,414,0
2659,"2nspB","CONTROL",10,"S",1,414,0.00241545893719807
2660,"2nv4A","CONTROL",10,"C",215,339,0.634218289085546
2660,"2nv4A","CONTROL",10,"N",62,339,0.182890855457227
2660,"2nv4A","CONTROL",10,"O",61,339,0.179941002949853
2660,"2nv4A","CONTROL",10,"P",0,339,0
2660,"2nv4A","CONTROL",10,"S",1,339,0.00294985250737463
2661,"2nv9B","CONTROL",10,"C",239,380,0.628947368421053
2661,"2nv9B","CONTROL",10,"N",69,380,0.181578947368421
2661,"2nv9B","CONTROL",10,"O",71,380,0.186842105263158
2661,"2nv9B","CONTROL",10,"P",0,380,0
2661,"2nv9B","CONTROL",10,"S",1,380,0.00263157894736842
2662,"2nx5P","CONTROL",10,"C",475,714,0.665266106442577
2662,"2nx5P","CONTROL",10,"N",116,714,0.162464985994398
2662,"2nx5P","CONTROL",10,"O",120,714,0.168067226890756
2662,"2nx5P","CONTROL",10,"P",0,714,0
2662,"2nx5P","CONTROL",10,"S",3,714,0.00420168067226891
2663,"2o0vA","CONTROL",10,"C",256,453,0.565121412803532
2663,"2o0vA","CONTROL",10,"N",90,453,0.198675496688742
2663,"2o0vA","CONTROL",10,"O",106,453,0.233995584988962
2663,"2o0vA","CONTROL",10,"P",0,453,0
2663,"2o0vA","CONTROL",10,"S",1,453,0.0022075055187638
2664,"2o0zA","CONTROL",10,"C",290,472,0.614406779661017
2664,"2o0zA","CONTROL",10,"N",94,472,0.199152542372881
2664,"2o0zA","CONTROL",10,"O",85,472,0.180084745762712
2664,"2o0zA","CONTROL",10,"P",0,472,0
2664,"2o0zA","CONTROL",10,"S",3,472,0.00635593220338983
2665,"2o12A","CONTROL",10,"C",246,394,0.624365482233503
2665,"2o12A","CONTROL",10,"N",76,394,0.192893401015228
2665,"2o12A","CONTROL",10,"O",69,394,0.1751269035533
2665,"2o12A","CONTROL",10,"P",0,394,0
2665,"2o12A","CONTROL",10,"S",3,394,0.00761421319796954
2666,"2o1oB","CONTROL",10,"C",207,361,0.573407202216066
2666,"2o1oB","CONTROL",10,"N",71,361,0.196675900277008
2666,"2o1oB","CONTROL",10,"O",80,361,0.221606648199446
2666,"2o1oB","CONTROL",10,"P",0,361,0
2666,"2o1oB","CONTROL",10,"S",3,361,0.00831024930747922
2667,"2o1xA","CONTROL",10,"C",314,517,0.607350096711799
2667,"2o1xA","CONTROL",10,"N",95,517,0.183752417794971
2667,"2o1xA","CONTROL",10,"O",105,517,0.203094777562863
2667,"2o1xA","CONTROL",10,"P",0,517,0
2667,"2o1xA","CONTROL",10,"S",3,517,0.0058027079303675
2668,"2o1xC","CONTROL",10,"C",290,482,0.601659751037344
2668,"2o1xC","CONTROL",10,"N",89,482,0.184647302904564
2668,"2o1xC","CONTROL",10,"O",100,482,0.20746887966805
2668,"2o1xC","CONTROL",10,"P",0,482,0
2668,"2o1xC","CONTROL",10,"S",3,482,0.00622406639004149
2669,"2o2dC","CONTROL",10,"C",180,291,0.618556701030928
2669,"2o2dC","CONTROL",10,"N",52,291,0.178694158075601
2669,"2o2dC","CONTROL",10,"O",59,291,0.202749140893471
2669,"2o2dC","CONTROL",10,"P",0,291,0
2669,"2o2dC","CONTROL",10,"S",0,291,0
2670,"2o74B","CONTROL",10,"C",220,346,0.635838150289017
2670,"2o74B","CONTROL",10,"N",60,346,0.173410404624277
2670,"2o74B","CONTROL",10,"O",63,346,0.182080924855491
2670,"2o74B","CONTROL",10,"P",0,346,0
2670,"2o74B","CONTROL",10,"S",3,346,0.00867052023121387
2671,"2o7bG","CONTROL",10,"C",160,252,0.634920634920635
2671,"2o7bG","CONTROL",10,"N",46,252,0.182539682539683
2671,"2o7bG","CONTROL",10,"O",46,252,0.182539682539683
2671,"2o7bG","CONTROL",10,"P",0,252,0
2671,"2o7bG","CONTROL",10,"S",0,252,0
2672,"2o7iA","CONTROL",10,"C",311,454,0.685022026431718
2672,"2o7iA","CONTROL",10,"N",72,454,0.158590308370044
2672,"2o7iA","CONTROL",10,"O",67,454,0.147577092511013
2672,"2o7iA","CONTROL",10,"P",0,454,0
2672,"2o7iA","CONTROL",10,"S",4,454,0.00881057268722467
2673,"2o7pB","CONTROL",10,"C",325,495,0.656565656565657
2673,"2o7pB","CONTROL",10,"N",88,495,0.177777777777778
2673,"2o7pB","CONTROL",10,"O",82,495,0.165656565656566
2673,"2o7pB","CONTROL",10,"P",0,495,0
2673,"2o7pB","CONTROL",10,"S",0,495,0
2674,"2o7vA","CONTROL",10,"C",212,320,0.6625
2674,"2o7vA","CONTROL",10,"N",52,320,0.1625
2674,"2o7vA","CONTROL",10,"O",54,320,0.16875
2674,"2o7vA","CONTROL",10,"P",0,320,0
2674,"2o7vA","CONTROL",10,"S",2,320,0.00625
2675,"2o8jB","CONTROL",10,"C",262,403,0.650124069478908
2675,"2o8jB","CONTROL",10,"N",68,403,0.168734491315136
2675,"2o8jB","CONTROL",10,"O",68,403,0.168734491315136
2675,"2o8jB","CONTROL",10,"P",0,403,0
2675,"2o8jB","CONTROL",10,"S",5,403,0.0124069478908189
2676,"2oa6D","CONTROL",10,"C",202,322,0.627329192546584
2676,"2oa6D","CONTROL",10,"N",51,322,0.158385093167702
2676,"2oa6D","CONTROL",10,"O",68,322,0.211180124223602
2676,"2oa6D","CONTROL",10,"P",0,322,0
2676,"2oa6D","CONTROL",10,"S",1,322,0.0031055900621118
2677,"2og7A","CONTROL",10,"C",209,328,0.63719512195122
2677,"2og7A","CONTROL",10,"N",62,328,0.189024390243902
2677,"2og7A","CONTROL",10,"O",57,328,0.173780487804878
2677,"2og7A","CONTROL",10,"P",0,328,0
2677,"2og7A","CONTROL",10,"S",0,328,0
2678,"2ogzA","CONTROL",10,"C",258,408,0.63235294117647
2678,"2ogzA","CONTROL",10,"N",72,408,0.176470588235294
2678,"2ogzA","CONTROL",10,"O",77,408,0.188725490196078
2678,"2ogzA","CONTROL",10,"P",0,408,0
2678,"2ogzA","CONTROL",10,"S",1,408,0.00245098039215686
2679,"2ojuB","CONTROL",10,"C",208,340,0.611764705882353
2679,"2ojuB","CONTROL",10,"N",67,340,0.197058823529412
2679,"2ojuB","CONTROL",10,"O",63,340,0.185294117647059
2679,"2ojuB","CONTROL",10,"P",0,340,0
2679,"2ojuB","CONTROL",10,"S",2,340,0.00588235294117647
2680,"2okcA","CONTROL",10,"C",319,490,0.651020408163265
2680,"2okcA","CONTROL",10,"N",84,490,0.171428571428571
2680,"2okcA","CONTROL",10,"O",84,490,0.171428571428571
2680,"2okcA","CONTROL",10,"P",0,490,0
2680,"2okcA","CONTROL",10,"S",3,490,0.00612244897959184
2681,"2opzA","CONTROL",10,"C",167,254,0.65748031496063
2681,"2opzA","CONTROL",10,"N",43,254,0.169291338582677
2681,"2opzA","CONTROL",10,"O",43,254,0.169291338582677
2681,"2opzA","CONTROL",10,"P",0,254,0
2681,"2opzA","CONTROL",10,"S",1,254,0.00393700787401575
2682,"2os3A","CONTROL",10,"C",275,420,0.654761904761905
2682,"2os3A","CONTROL",10,"N",71,420,0.169047619047619
2682,"2os3A","CONTROL",10,"O",71,420,0.169047619047619
2682,"2os3A","CONTROL",10,"P",0,420,0
2682,"2os3A","CONTROL",10,"S",3,420,0.00714285714285714
2683,"2otcA","CONTROL",10,"C",229,382,0.599476439790576
2683,"2otcA","CONTROL",10,"N",78,382,0.204188481675393
2683,"2otcA","CONTROL",10,"O",71,382,0.18586387434555
2683,"2otcA","CONTROL",10,"P",0,382,0
2683,"2otcA","CONTROL",10,"S",4,382,0.0104712041884817
2684,"2ou2A","CONTROL",10,"C",308,458,0.672489082969432
2684,"2ou2A","CONTROL",10,"N",70,458,0.152838427947598
2684,"2ou2A","CONTROL",10,"O",78,458,0.170305676855895
2684,"2ou2A","CONTROL",10,"P",0,458,0
2684,"2ou2A","CONTROL",10,"S",2,458,0.00436681222707424
2685,"2ou3A","CONTROL",10,"C",179,273,0.655677655677656
2685,"2ou3A","CONTROL",10,"N",42,273,0.153846153846154
2685,"2ou3A","CONTROL",10,"O",51,273,0.186813186813187
2685,"2ou3A","CONTROL",10,"P",0,273,0
2685,"2ou3A","CONTROL",10,"S",1,273,0.00366300366300366
2686,"2owxA","CONTROL",10,"C",136,212,0.641509433962264
2686,"2owxA","CONTROL",10,"N",40,212,0.188679245283019
2686,"2owxA","CONTROL",10,"O",35,212,0.165094339622642
2686,"2owxA","CONTROL",10,"P",0,212,0
2686,"2owxA","CONTROL",10,"S",1,212,0.00471698113207547
2687,"2p0rB","CONTROL",10,"C",208,329,0.632218844984802
2687,"2p0rB","CONTROL",10,"N",55,329,0.167173252279635
2687,"2p0rB","CONTROL",10,"O",63,329,0.191489361702128
2687,"2p0rB","CONTROL",10,"P",0,329,0
2687,"2p0rB","CONTROL",10,"S",3,329,0.00911854103343465
2688,"2p0wA","CONTROL",10,"C",283,430,0.658139534883721
2688,"2p0wA","CONTROL",10,"N",70,430,0.162790697674419
2688,"2p0wA","CONTROL",10,"O",75,430,0.174418604651163
2688,"2p0wA","CONTROL",10,"P",0,430,0
2688,"2p0wA","CONTROL",10,"S",2,430,0.00465116279069767
2689,"2p18A","CONTROL",10,"C",163,244,0.668032786885246
2689,"2p18A","CONTROL",10,"N",36,244,0.147540983606557
2689,"2p18A","CONTROL",10,"O",42,244,0.172131147540984
2689,"2p18A","CONTROL",10,"P",0,244,0
2689,"2p18A","CONTROL",10,"S",3,244,0.0122950819672131
2690,"2p34D","CONTROL",10,"C",142,233,0.609442060085837
2690,"2p34D","CONTROL",10,"N",39,233,0.167381974248927
2690,"2p34D","CONTROL",10,"O",52,233,0.223175965665236
2690,"2p34D","CONTROL",10,"P",0,233,0
2690,"2p34D","CONTROL",10,"S",0,233,0
2691,"2p3dB","CONTROL",10,"C",157,247,0.635627530364372
2691,"2p3dB","CONTROL",10,"N",45,247,0.182186234817814
2691,"2p3dB","CONTROL",10,"O",45,247,0.182186234817814
2691,"2p3dB","CONTROL",10,"P",0,247,0
2691,"2p3dB","CONTROL",10,"S",0,247,0
2692,"2p3vD","CONTROL",10,"C",138,219,0.63013698630137
2692,"2p3vD","CONTROL",10,"N",34,219,0.155251141552511
2692,"2p3vD","CONTROL",10,"O",47,219,0.214611872146119
2692,"2p3vD","CONTROL",10,"P",0,219,0
2692,"2p3vD","CONTROL",10,"S",0,219,0
2693,"2p6eC","CONTROL",10,"C",475,712,0.667134831460674
2693,"2p6eC","CONTROL",10,"N",117,712,0.164325842696629
2693,"2p6eC","CONTROL",10,"O",118,712,0.165730337078652
2693,"2p6eC","CONTROL",10,"P",0,712,0
2693,"2p6eC","CONTROL",10,"S",2,712,0.00280898876404494
2694,"2pcuA","CONTROL",10,"C",212,339,0.625368731563422
2694,"2pcuA","CONTROL",10,"N",61,339,0.179941002949853
2694,"2pcuA","CONTROL",10,"O",65,339,0.191740412979351
2694,"2pcuA","CONTROL",10,"P",0,339,0
2694,"2pcuA","CONTROL",10,"S",1,339,0.00294985250737463
2695,"2pfrA","CONTROL",10,"C",277,426,0.650234741784038
2695,"2pfrA","CONTROL",10,"N",64,426,0.150234741784038
2695,"2pfrA","CONTROL",10,"O",81,426,0.190140845070423
2695,"2pfrA","CONTROL",10,"P",0,426,0
2695,"2pfrA","CONTROL",10,"S",4,426,0.00938967136150235
2696,"2pgzA","CONTROL",10,"C",121,192,0.630208333333333
2696,"2pgzA","CONTROL",10,"N",30,192,0.15625
2696,"2pgzA","CONTROL",10,"O",39,192,0.203125
2696,"2pgzA","CONTROL",10,"P",0,192,0
2696,"2pgzA","CONTROL",10,"S",2,192,0.0104166666666667
2697,"2phlA","CONTROL",10,"C",97,162,0.598765432098765
2697,"2phlA","CONTROL",10,"N",29,162,0.179012345679012
2697,"2phlA","CONTROL",10,"O",35,162,0.216049382716049
2697,"2phlA","CONTROL",10,"P",0,162,0
2697,"2phlA","CONTROL",10,"S",1,162,0.00617283950617284
2698,"2pi8C","CONTROL",10,"C",400,626,0.638977635782748
2698,"2pi8C","CONTROL",10,"N",114,626,0.182108626198083
2698,"2pi8C","CONTROL",10,"O",112,626,0.178913738019169
2698,"2pi8C","CONTROL",10,"P",0,626,0
2698,"2pi8C","CONTROL",10,"S",0,626,0
2699,"2pk4A","CONTROL",10,"C",134,211,0.635071090047393
2699,"2pk4A","CONTROL",10,"N",42,211,0.199052132701422
2699,"2pk4A","CONTROL",10,"O",33,211,0.156398104265403
2699,"2pk4A","CONTROL",10,"P",0,211,0
2699,"2pk4A","CONTROL",10,"S",2,211,0.00947867298578199
2700,"2plmA","CONTROL",10,"C",307,488,0.629098360655738
2700,"2plmA","CONTROL",10,"N",89,488,0.182377049180328
2700,"2plmA","CONTROL",10,"O",89,488,0.182377049180328
2700,"2plmA","CONTROL",10,"P",0,488,0
2700,"2plmA","CONTROL",10,"S",3,488,0.00614754098360656
2701,"2poyB","CONTROL",10,"C",221,363,0.608815426997245
2701,"2poyB","CONTROL",10,"N",72,363,0.198347107438017
2701,"2poyB","CONTROL",10,"O",67,363,0.184573002754821
2701,"2poyB","CONTROL",10,"P",0,363,0
2701,"2poyB","CONTROL",10,"S",3,363,0.00826446280991736
2702,"2pp3B","CONTROL",10,"C",253,398,0.635678391959799
2702,"2pp3B","CONTROL",10,"N",72,398,0.180904522613065
2702,"2pp3B","CONTROL",10,"O",72,398,0.180904522613065
2702,"2pp3B","CONTROL",10,"P",0,398,0
2702,"2pp3B","CONTROL",10,"S",1,398,0.00251256281407035
2703,"2preA","CONTROL",10,"C",188,297,0.632996632996633
2703,"2preA","CONTROL",10,"N",54,297,0.181818181818182
2703,"2preA","CONTROL",10,"O",52,297,0.175084175084175
2703,"2preA","CONTROL",10,"P",0,297,0
2703,"2preA","CONTROL",10,"S",3,297,0.0101010101010101
2704,"2ps8B","CONTROL",10,"C",202,328,0.615853658536585
2704,"2ps8B","CONTROL",10,"N",54,328,0.164634146341463
2704,"2ps8B","CONTROL",10,"O",69,328,0.210365853658537
2704,"2ps8B","CONTROL",10,"P",0,328,0
2704,"2ps8B","CONTROL",10,"S",3,328,0.00914634146341463
2705,"2puwB","CONTROL",10,"C",172,279,0.616487455197133
2705,"2puwB","CONTROL",10,"N",45,279,0.161290322580645
2705,"2puwB","CONTROL",10,"O",59,279,0.211469534050179
2705,"2puwB","CONTROL",10,"P",0,279,0
2705,"2puwB","CONTROL",10,"S",3,279,0.010752688172043
2706,"2puzB","CONTROL",10,"C",201,321,0.626168224299065
2706,"2puzB","CONTROL",10,"N",57,321,0.177570093457944
2706,"2puzB","CONTROL",10,"O",63,321,0.196261682242991
2706,"2puzB","CONTROL",10,"P",0,321,0
2706,"2puzB","CONTROL",10,"S",0,321,0
2707,"2pv3A","CONTROL",10,"C",196,310,0.632258064516129
2707,"2pv3A","CONTROL",10,"N",57,310,0.183870967741935
2707,"2pv3A","CONTROL",10,"O",56,310,0.180645161290323
2707,"2pv3A","CONTROL",10,"P",0,310,0
2707,"2pv3A","CONTROL",10,"S",1,310,0.0032258064516129
2708,"2pyhB","CONTROL",10,"C",199,330,0.603030303030303
2708,"2pyhB","CONTROL",10,"N",65,330,0.196969696969697
2708,"2pyhB","CONTROL",10,"O",65,330,0.196969696969697
2708,"2pyhB","CONTROL",10,"P",0,330,0
2708,"2pyhB","CONTROL",10,"S",1,330,0.00303030303030303
2709,"2q09A","CONTROL",10,"C",226,357,0.633053221288515
2709,"2q09A","CONTROL",10,"N",65,357,0.182072829131653
2709,"2q09A","CONTROL",10,"O",66,357,0.184873949579832
2709,"2q09A","CONTROL",10,"P",0,357,0
2709,"2q09A","CONTROL",10,"S",0,357,0
2710,"2q0jA","CONTROL",10,"C",195,321,0.607476635514019
2710,"2q0jA","CONTROL",10,"N",68,321,0.21183800623053
2710,"2q0jA","CONTROL",10,"O",56,321,0.174454828660436
2710,"2q0jA","CONTROL",10,"P",0,321,0
2710,"2q0jA","CONTROL",10,"S",2,321,0.00623052959501558
2711,"2q1aA","CONTROL",10,"C",177,291,0.608247422680412
2711,"2q1aA","CONTROL",10,"N",49,291,0.168384879725086
2711,"2q1aA","CONTROL",10,"O",64,291,0.219931271477663
2711,"2q1aA","CONTROL",10,"P",0,291,0
2711,"2q1aA","CONTROL",10,"S",1,291,0.00343642611683849
2712,"2q37A","CONTROL",10,"C",180,285,0.631578947368421
2712,"2q37A","CONTROL",10,"N",56,285,0.196491228070175
2712,"2q37A","CONTROL",10,"O",48,285,0.168421052631579
2712,"2q37A","CONTROL",10,"P",0,285,0
2712,"2q37A","CONTROL",10,"S",1,285,0.00350877192982456
2713,"2q5yA","CONTROL",10,"C",234,352,0.664772727272727
2713,"2q5yA","CONTROL",10,"N",61,352,0.173295454545455
2713,"2q5yA","CONTROL",10,"O",57,352,0.161931818181818
2713,"2q5yA","CONTROL",10,"P",0,352,0
2713,"2q5yA","CONTROL",10,"S",0,352,0
2714,"2q6gB","CONTROL",10,"C",274,442,0.619909502262443
2714,"2q6gB","CONTROL",10,"N",79,442,0.178733031674208
2714,"2q6gB","CONTROL",10,"O",83,442,0.187782805429864
2714,"2q6gB","CONTROL",10,"P",0,442,0
2714,"2q6gB","CONTROL",10,"S",6,442,0.0135746606334842
2715,"2q7bA","CONTROL",10,"C",218,326,0.668711656441718
2715,"2q7bA","CONTROL",10,"N",51,326,0.156441717791411
2715,"2q7bA","CONTROL",10,"O",56,326,0.171779141104294
2715,"2q7bA","CONTROL",10,"P",0,326,0
2715,"2q7bA","CONTROL",10,"S",1,326,0.00306748466257669
2716,"2qa1A","CONTROL",10,"C",407,666,0.611111111111111
2716,"2qa1A","CONTROL",10,"N",129,666,0.193693693693694
2716,"2qa1A","CONTROL",10,"O",124,666,0.186186186186186
2716,"2qa1A","CONTROL",10,"P",0,666,0
2716,"2qa1A","CONTROL",10,"S",6,666,0.00900900900900901
2717,"2qa2A","CONTROL",10,"C",401,653,0.614088820826952
2717,"2qa2A","CONTROL",10,"N",123,653,0.188361408882083
2717,"2qa2A","CONTROL",10,"O",125,653,0.191424196018377
2717,"2qa2A","CONTROL",10,"P",0,653,0
2717,"2qa2A","CONTROL",10,"S",4,653,0.00612557427258806
2718,"2qbwA","CONTROL",10,"C",332,502,0.661354581673307
2718,"2qbwA","CONTROL",10,"N",82,502,0.163346613545817
2718,"2qbwA","CONTROL",10,"O",88,502,0.175298804780877
2718,"2qbwA","CONTROL",10,"P",0,502,0
2718,"2qbwA","CONTROL",10,"S",0,502,0
2719,"2qbxA","CONTROL",10,"C",274,442,0.619909502262443
2719,"2qbxA","CONTROL",10,"N",73,442,0.165158371040724
2719,"2qbxA","CONTROL",10,"O",88,442,0.199095022624434
2719,"2qbxA","CONTROL",10,"P",0,442,0
2719,"2qbxA","CONTROL",10,"S",7,442,0.0158371040723982
2720,"2qdsA","CONTROL",10,"C",199,316,0.629746835443038
2720,"2qdsA","CONTROL",10,"N",54,316,0.170886075949367
2720,"2qdsA","CONTROL",10,"O",62,316,0.19620253164557
2720,"2qdsA","CONTROL",10,"P",0,316,0
2720,"2qdsA","CONTROL",10,"S",1,316,0.00316455696202532
2721,"2qeoB","CONTROL",10,"C",232,346,0.670520231213873
2721,"2qeoB","CONTROL",10,"N",50,346,0.144508670520231
2721,"2qeoB","CONTROL",10,"O",57,346,0.164739884393064
2721,"2qeoB","CONTROL",10,"P",0,346,0
2721,"2qeoB","CONTROL",10,"S",7,346,0.0202312138728324
2722,"2qguA","CONTROL",10,"C",371,566,0.65547703180212
2722,"2qguA","CONTROL",10,"N",90,566,0.159010600706714
2722,"2qguA","CONTROL",10,"O",105,566,0.185512367491166
2722,"2qguA","CONTROL",10,"P",0,566,0
2722,"2qguA","CONTROL",10,"S",0,566,0
2723,"2qiaA","CONTROL",10,"C",192,322,0.596273291925466
2723,"2qiaA","CONTROL",10,"N",64,322,0.198757763975155
2723,"2qiaA","CONTROL",10,"O",64,322,0.198757763975155
2723,"2qiaA","CONTROL",10,"P",0,322,0
2723,"2qiaA","CONTROL",10,"S",2,322,0.0062111801242236
2724,"2qicA","CONTROL",10,"C",178,274,0.64963503649635
2724,"2qicA","CONTROL",10,"N",46,274,0.167883211678832
2724,"2qicA","CONTROL",10,"O",46,274,0.167883211678832
2724,"2qicA","CONTROL",10,"P",0,274,0
2724,"2qicA","CONTROL",10,"S",4,274,0.0145985401459854
2725,"2qikA","CONTROL",10,"C",225,342,0.657894736842105
2725,"2qikA","CONTROL",10,"N",58,342,0.169590643274854
2725,"2qikA","CONTROL",10,"O",58,342,0.169590643274854
2725,"2qikA","CONTROL",10,"P",0,342,0
2725,"2qikA","CONTROL",10,"S",1,342,0.00292397660818713
2726,"2qjnA","CONTROL",10,"C",190,313,0.60702875399361
2726,"2qjnA","CONTROL",10,"N",64,313,0.204472843450479
2726,"2qjnA","CONTROL",10,"O",58,313,0.185303514376997
2726,"2qjnA","CONTROL",10,"P",0,313,0
2726,"2qjnA","CONTROL",10,"S",1,313,0.00319488817891374
2727,"2qm2B","CONTROL",10,"C",97,156,0.621794871794872
2727,"2qm2B","CONTROL",10,"N",32,156,0.205128205128205
2727,"2qm2B","CONTROL",10,"O",27,156,0.173076923076923
2727,"2qm2B","CONTROL",10,"P",0,156,0
2727,"2qm2B","CONTROL",10,"S",0,156,0
2728,"2qmcB","CONTROL",10,"C",174,292,0.595890410958904
2728,"2qmcB","CONTROL",10,"N",53,292,0.181506849315068
2728,"2qmcB","CONTROL",10,"O",63,292,0.215753424657534
2728,"2qmcB","CONTROL",10,"P",0,292,0
2728,"2qmcB","CONTROL",10,"S",2,292,0.00684931506849315
2729,"2qmxB","CONTROL",10,"C",118,172,0.686046511627907
2729,"2qmxB","CONTROL",10,"N",25,172,0.145348837209302
2729,"2qmxB","CONTROL",10,"O",29,172,0.168604651162791
2729,"2qmxB","CONTROL",10,"P",0,172,0
2729,"2qmxB","CONTROL",10,"S",0,172,0
2730,"2qo3A","CONTROL",10,"C",165,265,0.622641509433962
2730,"2qo3A","CONTROL",10,"N",47,265,0.177358490566038
2730,"2qo3A","CONTROL",10,"O",51,265,0.192452830188679
2730,"2qo3A","CONTROL",10,"P",0,265,0
2730,"2qo3A","CONTROL",10,"S",2,265,0.00754716981132075
2731,"2qqoA","CONTROL",10,"C",150,239,0.627615062761506
2731,"2qqoA","CONTROL",10,"N",42,239,0.175732217573222
2731,"2qqoA","CONTROL",10,"O",47,239,0.196652719665272
2731,"2qqoA","CONTROL",10,"P",0,239,0
2731,"2qqoA","CONTROL",10,"S",0,239,0
2732,"2qs8B","CONTROL",10,"C",226,358,0.631284916201117
2732,"2qs8B","CONTROL",10,"N",67,358,0.187150837988827
2732,"2qs8B","CONTROL",10,"O",65,358,0.181564245810056
2732,"2qs8B","CONTROL",10,"P",0,358,0
2732,"2qs8B","CONTROL",10,"S",0,358,0
2733,"2qt5A","CONTROL",10,"C",174,268,0.649253731343284
2733,"2qt5A","CONTROL",10,"N",45,268,0.167910447761194
2733,"2qt5A","CONTROL",10,"O",49,268,0.182835820895522
2733,"2qt5A","CONTROL",10,"P",0,268,0
2733,"2qt5A","CONTROL",10,"S",0,268,0
2734,"2qtlA","CONTROL",10,"C",311,488,0.637295081967213
2734,"2qtlA","CONTROL",10,"N",87,488,0.17827868852459
2734,"2qtlA","CONTROL",10,"O",85,488,0.174180327868852
2734,"2qtlA","CONTROL",10,"P",0,488,0
2734,"2qtlA","CONTROL",10,"S",5,488,0.0102459016393443
2735,"2qxfA","CONTROL",10,"C",177,285,0.621052631578947
2735,"2qxfA","CONTROL",10,"N",48,285,0.168421052631579
2735,"2qxfA","CONTROL",10,"O",60,285,0.210526315789474
2735,"2qxfA","CONTROL",10,"P",0,285,0
2735,"2qxfA","CONTROL",10,"S",0,285,0
2736,"2qyqA","CONTROL",10,"C",213,340,0.626470588235294
2736,"2qyqA","CONTROL",10,"N",61,340,0.179411764705882
2736,"2qyqA","CONTROL",10,"O",66,340,0.194117647058824
2736,"2qyqA","CONTROL",10,"P",0,340,0
2736,"2qyqA","CONTROL",10,"S",0,340,0
2737,"2qzxA","CONTROL",10,"C",295,476,0.619747899159664
2737,"2qzxA","CONTROL",10,"N",81,476,0.170168067226891
2737,"2qzxA","CONTROL",10,"O",100,476,0.210084033613445
2737,"2qzxA","CONTROL",10,"P",0,476,0
2737,"2qzxA","CONTROL",10,"S",0,476,0
2738,"2r05A","CONTROL",10,"C",271,420,0.645238095238095
2738,"2r05A","CONTROL",10,"N",73,420,0.173809523809524
2738,"2r05A","CONTROL",10,"O",75,420,0.178571428571429
2738,"2r05A","CONTROL",10,"P",0,420,0
2738,"2r05A","CONTROL",10,"S",1,420,0.00238095238095238
2739,"2r2iA","CONTROL",10,"C",279,403,0.692307692307692
2739,"2r2iA","CONTROL",10,"N",59,403,0.146401985111663
2739,"2r2iA","CONTROL",10,"O",62,403,0.153846153846154
2739,"2r2iA","CONTROL",10,"P",0,403,0
2739,"2r2iA","CONTROL",10,"S",3,403,0.00744416873449132
2740,"2r4pA","CONTROL",10,"C",310,468,0.662393162393162
2740,"2r4pA","CONTROL",10,"N",76,468,0.162393162393162
2740,"2r4pA","CONTROL",10,"O",82,468,0.175213675213675
2740,"2r4pA","CONTROL",10,"P",0,468,0
2740,"2r4pA","CONTROL",10,"S",0,468,0
2741,"2r58A","CONTROL",10,"C",131,205,0.639024390243902
2741,"2r58A","CONTROL",10,"N",36,205,0.175609756097561
2741,"2r58A","CONTROL",10,"O",36,205,0.175609756097561
2741,"2r58A","CONTROL",10,"P",0,205,0
2741,"2r58A","CONTROL",10,"S",2,205,0.00975609756097561
2742,"2r5vA","CONTROL",10,"C",232,363,0.639118457300275
2742,"2r5vA","CONTROL",10,"N",61,363,0.168044077134986
2742,"2r5vA","CONTROL",10,"O",68,363,0.18732782369146
2742,"2r5vA","CONTROL",10,"P",0,363,0
2742,"2r5vA","CONTROL",10,"S",2,363,0.00550964187327824
2743,"2r6sA","CONTROL",10,"C",170,272,0.625
2743,"2r6sA","CONTROL",10,"N",52,272,0.191176470588235
2743,"2r6sA","CONTROL",10,"O",47,272,0.172794117647059
2743,"2r6sA","CONTROL",10,"P",0,272,0
2743,"2r6sA","CONTROL",10,"S",3,272,0.0110294117647059
2744,"2r8qB","CONTROL",10,"C",208,331,0.628398791540785
2744,"2r8qB","CONTROL",10,"N",61,331,0.18429003021148
2744,"2r8qB","CONTROL",10,"O",60,331,0.181268882175227
2744,"2r8qB","CONTROL",10,"P",0,331,0
2744,"2r8qB","CONTROL",10,"S",2,331,0.00604229607250755
2745,"2r9eA","CONTROL",10,"C",335,522,0.64176245210728
2745,"2r9eA","CONTROL",10,"N",95,522,0.181992337164751
2745,"2r9eA","CONTROL",10,"O",91,522,0.174329501915709
2745,"2r9eA","CONTROL",10,"P",0,522,0
2745,"2r9eA","CONTROL",10,"S",1,522,0.00191570881226054
2746,"2rc4A","CONTROL",10,"C",337,505,0.667326732673267
2746,"2rc4A","CONTROL",10,"N",81,505,0.16039603960396
2746,"2rc4A","CONTROL",10,"O",84,505,0.166336633663366
2746,"2rc4A","CONTROL",10,"P",0,505,0
2746,"2rc4A","CONTROL",10,"S",3,505,0.00594059405940594
2747,"2rcuB","CONTROL",10,"C",360,556,0.647482014388489
2747,"2rcuB","CONTROL",10,"N",94,556,0.169064748201439
2747,"2rcuB","CONTROL",10,"O",98,556,0.176258992805755
2747,"2rcuB","CONTROL",10,"P",0,556,0
2747,"2rcuB","CONTROL",10,"S",4,556,0.00719424460431655
2748,"2rdbB","CONTROL",10,"C",179,279,0.6415770609319
2748,"2rdbB","CONTROL",10,"N",47,279,0.168458781362007
2748,"2rdbB","CONTROL",10,"O",51,279,0.182795698924731
2748,"2rdbB","CONTROL",10,"P",0,279,0
2748,"2rdbB","CONTROL",10,"S",2,279,0.00716845878136201
2749,"2rdeB","CONTROL",10,"C",248,386,0.642487046632124
2749,"2rdeB","CONTROL",10,"N",74,386,0.191709844559585
2749,"2rdeB","CONTROL",10,"O",62,386,0.160621761658031
2749,"2rdeB","CONTROL",10,"P",0,386,0
2749,"2rdeB","CONTROL",10,"S",2,386,0.00518134715025907
2750,"2rdqA","CONTROL",10,"C",226,347,0.651296829971182
2750,"2rdqA","CONTROL",10,"N",64,347,0.184438040345821
2750,"2rdqA","CONTROL",10,"O",56,347,0.161383285302594
2750,"2rdqA","CONTROL",10,"P",0,347,0
2750,"2rdqA","CONTROL",10,"S",1,347,0.00288184438040346
2751,"2rfyA","CONTROL",10,"C",256,415,0.616867469879518
2751,"2rfyA","CONTROL",10,"N",74,415,0.178313253012048
2751,"2rfyA","CONTROL",10,"O",82,415,0.197590361445783
2751,"2rfyA","CONTROL",10,"P",0,415,0
2751,"2rfyA","CONTROL",10,"S",3,415,0.0072289156626506
2752,"2rghA","CONTROL",10,"C",471,733,0.64256480218281
2752,"2rghA","CONTROL",10,"N",132,733,0.180081855388813
2752,"2rghA","CONTROL",10,"O",130,733,0.177353342428377
2752,"2rghA","CONTROL",10,"P",0,733,0
2752,"2rghA","CONTROL",10,"S",0,733,0
2753,"2rgoA","CONTROL",10,"C",470,739,0.635994587280108
2753,"2rgoA","CONTROL",10,"N",127,739,0.171853856562923
2753,"2rgoA","CONTROL",10,"O",138,739,0.186738836265223
2753,"2rgoA","CONTROL",10,"P",0,739,0
2753,"2rgoA","CONTROL",10,"S",4,739,0.0054127198917456
2754,"2rjpB","CONTROL",10,"C",322,509,0.632612966601179
2754,"2rjpB","CONTROL",10,"N",90,509,0.176817288801572
2754,"2rjpB","CONTROL",10,"O",93,509,0.182711198428291
2754,"2rjpB","CONTROL",10,"P",0,509,0
2754,"2rjpB","CONTROL",10,"S",4,509,0.00785854616895874
2755,"2rkgA","CONTROL",10,"C",139,219,0.634703196347032
2755,"2rkgA","CONTROL",10,"N",40,219,0.182648401826484
2755,"2rkgA","CONTROL",10,"O",39,219,0.178082191780822
2755,"2rkgA","CONTROL",10,"P",0,219,0
2755,"2rkgA","CONTROL",10,"S",1,219,0.0045662100456621
2756,"2rl1A","CONTROL",10,"C",320,506,0.632411067193676
2756,"2rl1A","CONTROL",10,"N",93,506,0.183794466403162
2756,"2rl1A","CONTROL",10,"O",91,506,0.179841897233202
2756,"2rl1A","CONTROL",10,"P",0,506,0
2756,"2rl1A","CONTROL",10,"S",2,506,0.00395256916996047
2757,"2rmcE","CONTROL",10,"C",208,342,0.608187134502924
2757,"2rmcE","CONTROL",10,"N",65,342,0.190058479532164
2757,"2rmcE","CONTROL",10,"O",67,342,0.195906432748538
2757,"2rmcE","CONTROL",10,"P",0,342,0
2757,"2rmcE","CONTROL",10,"S",2,342,0.00584795321637427
2758,"2shpB","CONTROL",10,"C",252,382,0.659685863874346
2758,"2shpB","CONTROL",10,"N",61,382,0.159685863874346
2758,"2shpB","CONTROL",10,"O",67,382,0.175392670157068
2758,"2shpB","CONTROL",10,"P",0,382,0
2758,"2shpB","CONTROL",10,"S",2,382,0.00523560209424084
2759,"2uvfA","CONTROL",10,"C",224,373,0.600536193029491
2759,"2uvfA","CONTROL",10,"N",70,373,0.187667560321716
2759,"2uvfA","CONTROL",10,"O",77,373,0.206434316353887
2759,"2uvfA","CONTROL",10,"P",0,373,0
2759,"2uvfA","CONTROL",10,"S",2,373,0.00536193029490617
2760,"2uzfA","CONTROL",10,"C",218,345,0.631884057971015
2760,"2uzfA","CONTROL",10,"N",63,345,0.182608695652174
2760,"2uzfA","CONTROL",10,"O",62,345,0.179710144927536
2760,"2uzfA","CONTROL",10,"P",0,345,0
2760,"2uzfA","CONTROL",10,"S",2,345,0.00579710144927536
2761,"2uzjA","CONTROL",10,"C",226,364,0.620879120879121
2761,"2uzjA","CONTROL",10,"N",64,364,0.175824175824176
2761,"2uzjA","CONTROL",10,"O",72,364,0.197802197802198
2761,"2uzjA","CONTROL",10,"P",0,364,0
2761,"2uzjA","CONTROL",10,"S",2,364,0.0054945054945055
2762,"2v0gC","CONTROL",10,"C",204,305,0.668852459016393
2762,"2v0gC","CONTROL",10,"N",48,305,0.157377049180328
2762,"2v0gC","CONTROL",10,"O",51,305,0.167213114754098
2762,"2v0gC","CONTROL",10,"P",0,305,0
2762,"2v0gC","CONTROL",10,"S",2,305,0.00655737704918033
2763,"2v10B","CONTROL",10,"C",374,578,0.647058823529412
2763,"2v10B","CONTROL",10,"N",94,578,0.162629757785467
2763,"2v10B","CONTROL",10,"O",108,578,0.186851211072664
2763,"2v10B","CONTROL",10,"P",0,578,0
2763,"2v10B","CONTROL",10,"S",2,578,0.00346020761245675
2764,"2v4vA","CONTROL",10,"C",128,200,0.64
2764,"2v4vA","CONTROL",10,"N",30,200,0.15
2764,"2v4vA","CONTROL",10,"O",41,200,0.205
2764,"2v4vA","CONTROL",10,"P",0,200,0
2764,"2v4vA","CONTROL",10,"S",1,200,0.005
2765,"2v64C","CONTROL",10,"C",322,478,0.673640167364017
2765,"2v64C","CONTROL",10,"N",72,478,0.150627615062762
2765,"2v64C","CONTROL",10,"O",84,478,0.175732217573222
2765,"2v64C","CONTROL",10,"P",0,478,0
2765,"2v64C","CONTROL",10,"S",0,478,0
2766,"2v74A","CONTROL",10,"C",304,480,0.633333333333333
2766,"2v74A","CONTROL",10,"N",78,480,0.1625
2766,"2v74A","CONTROL",10,"O",92,480,0.191666666666667
2766,"2v74A","CONTROL",10,"P",0,480,0
2766,"2v74A","CONTROL",10,"S",6,480,0.0125
2767,"2v89B","CONTROL",10,"C",226,343,0.658892128279883
2767,"2v89B","CONTROL",10,"N",52,343,0.151603498542274
2767,"2v89B","CONTROL",10,"O",63,343,0.183673469387755
2767,"2v89B","CONTROL",10,"P",0,343,0
2767,"2v89B","CONTROL",10,"S",2,343,0.00583090379008746
2768,"2v8kA","CONTROL",10,"C",227,374,0.606951871657754
2768,"2v8kA","CONTROL",10,"N",75,374,0.200534759358289
2768,"2v8kA","CONTROL",10,"O",72,374,0.192513368983957
2768,"2v8kA","CONTROL",10,"P",0,374,0
2768,"2v8kA","CONTROL",10,"S",0,374,0
2769,"2v9gC","CONTROL",10,"C",160,260,0.615384615384615
2769,"2v9gC","CONTROL",10,"N",50,260,0.192307692307692
2769,"2v9gC","CONTROL",10,"O",49,260,0.188461538461538
2769,"2v9gC","CONTROL",10,"P",0,260,0
2769,"2v9gC","CONTROL",10,"S",1,260,0.00384615384615385
2770,"2vaxK","CONTROL",10,"C",274,404,0.678217821782178
2770,"2vaxK","CONTROL",10,"N",60,404,0.148514851485149
2770,"2vaxK","CONTROL",10,"O",65,404,0.160891089108911
2770,"2vaxK","CONTROL",10,"P",0,404,0
2770,"2vaxK","CONTROL",10,"S",5,404,0.0123762376237624
2771,"2vcdA","CONTROL",10,"C",230,344,0.668604651162791
2771,"2vcdA","CONTROL",10,"N",51,344,0.148255813953488
2771,"2vcdA","CONTROL",10,"O",63,344,0.183139534883721
2771,"2vcdA","CONTROL",10,"P",0,344,0
2771,"2vcdA","CONTROL",10,"S",0,344,0
2772,"2vf5A","CONTROL",10,"C",206,336,0.613095238095238
2772,"2vf5A","CONTROL",10,"N",54,336,0.160714285714286
2772,"2vf5A","CONTROL",10,"O",73,336,0.217261904761905
2772,"2vf5A","CONTROL",10,"P",0,336,0
2772,"2vf5A","CONTROL",10,"S",3,336,0.00892857142857143
2773,"2vfcA","CONTROL",10,"C",346,535,0.646728971962617
2773,"2vfcA","CONTROL",10,"N",94,535,0.175700934579439
2773,"2vfcA","CONTROL",10,"O",91,535,0.170093457943925
2773,"2vfcA","CONTROL",10,"P",0,535,0
2773,"2vfcA","CONTROL",10,"S",4,535,0.00747663551401869
2774,"2vfrA","CONTROL",10,"C",482,743,0.648721399730821
2774,"2vfrA","CONTROL",10,"N",135,743,0.181695827725437
2774,"2vfrA","CONTROL",10,"O",126,743,0.169582772543742
2774,"2vfrA","CONTROL",10,"P",0,743,0
2774,"2vfrA","CONTROL",10,"S",0,743,0
2775,"2vkhC","CONTROL",10,"C",303,460,0.658695652173913
2775,"2vkhC","CONTROL",10,"N",69,460,0.15
2775,"2vkhC","CONTROL",10,"O",87,460,0.189130434782609
2775,"2vkhC","CONTROL",10,"P",0,460,0
2775,"2vkhC","CONTROL",10,"S",1,460,0.00217391304347826
2776,"2vl4A","CONTROL",10,"C",221,348,0.635057471264368
2776,"2vl4A","CONTROL",10,"N",59,348,0.169540229885057
2776,"2vl4A","CONTROL",10,"O",67,348,0.192528735632184
2776,"2vl4A","CONTROL",10,"P",0,348,0
2776,"2vl4A","CONTROL",10,"S",1,348,0.0028735632183908
2777,"2vnfC","CONTROL",10,"C",187,284,0.658450704225352
2777,"2vnfC","CONTROL",10,"N",45,284,0.158450704225352
2777,"2vnfC","CONTROL",10,"O",46,284,0.161971830985915
2777,"2vnfC","CONTROL",10,"P",0,284,0
2777,"2vnfC","CONTROL",10,"S",6,284,0.0211267605633803
2778,"2vngA","CONTROL",10,"C",168,270,0.622222222222222
2778,"2vngA","CONTROL",10,"N",45,270,0.166666666666667
2778,"2vngA","CONTROL",10,"O",57,270,0.211111111111111
2778,"2vngA","CONTROL",10,"P",0,270,0
2778,"2vngA","CONTROL",10,"S",0,270,0
2779,"2vr3A","CONTROL",10,"C",399,621,0.642512077294686
2779,"2vr3A","CONTROL",10,"N",105,621,0.169082125603865
2779,"2vr3A","CONTROL",10,"O",115,621,0.185185185185185
2779,"2vr3A","CONTROL",10,"P",0,621,0
2779,"2vr3A","CONTROL",10,"S",2,621,0.00322061191626409
2780,"2vraA","CONTROL",10,"C",101,172,0.587209302325581
2780,"2vraA","CONTROL",10,"N",37,172,0.215116279069767
2780,"2vraA","CONTROL",10,"O",33,172,0.191860465116279
2780,"2vraA","CONTROL",10,"P",0,172,0
2780,"2vraA","CONTROL",10,"S",1,172,0.00581395348837209
2781,"2vrqB","CONTROL",10,"C",277,446,0.621076233183857
2781,"2vrqB","CONTROL",10,"N",79,446,0.177130044843049
2781,"2vrqB","CONTROL",10,"O",86,446,0.192825112107623
2781,"2vrqB","CONTROL",10,"P",0,446,0
2781,"2vrqB","CONTROL",10,"S",4,446,0.00896860986547085
2782,"2vssB","CONTROL",10,"C",222,350,0.634285714285714
2782,"2vssB","CONTROL",10,"N",61,350,0.174285714285714
2782,"2vssB","CONTROL",10,"O",64,350,0.182857142857143
2782,"2vssB","CONTROL",10,"P",0,350,0
2782,"2vssB","CONTROL",10,"S",3,350,0.00857142857142857
2783,"2vu9A","CONTROL",10,"C",182,293,0.621160409556314
2783,"2vu9A","CONTROL",10,"N",54,293,0.184300341296928
2783,"2vu9A","CONTROL",10,"O",56,293,0.191126279863481
2783,"2vu9A","CONTROL",10,"P",0,293,0
2783,"2vu9A","CONTROL",10,"S",1,293,0.00341296928327645
2784,"2vurB","CONTROL",10,"C",240,368,0.652173913043478
2784,"2vurB","CONTROL",10,"N",58,368,0.157608695652174
2784,"2vurB","CONTROL",10,"O",68,368,0.184782608695652
2784,"2vurB","CONTROL",10,"P",0,368,0
2784,"2vurB","CONTROL",10,"S",2,368,0.00543478260869565
2785,"2vvlH","CONTROL",10,"C",528,817,0.646266829865361
2785,"2vvlH","CONTROL",10,"N",139,817,0.170134638922889
2785,"2vvlH","CONTROL",10,"O",142,817,0.173806609547124
2785,"2vvlH","CONTROL",10,"P",0,817,0
2785,"2vvlH","CONTROL",10,"S",8,817,0.00979192166462668
2786,"2vxjE","CONTROL",10,"C",120,197,0.609137055837564
2786,"2vxjE","CONTROL",10,"N",33,197,0.16751269035533
2786,"2vxjE","CONTROL",10,"O",43,197,0.218274111675127
2786,"2vxjE","CONTROL",10,"P",0,197,0
2786,"2vxjE","CONTROL",10,"S",1,197,0.0050761421319797
2787,"2vy0B","CONTROL",10,"C",200,314,0.636942675159236
2787,"2vy0B","CONTROL",10,"N",57,314,0.181528662420382
2787,"2vy0B","CONTROL",10,"O",55,314,0.17515923566879
2787,"2vy0B","CONTROL",10,"P",0,314,0
2787,"2vy0B","CONTROL",10,"S",2,314,0.00636942675159236
2788,"2vyaB","CONTROL",10,"C",291,446,0.652466367713004
2788,"2vyaB","CONTROL",10,"N",75,446,0.168161434977578
2788,"2vyaB","CONTROL",10,"O",76,446,0.170403587443946
2788,"2vyaB","CONTROL",10,"P",0,446,0
2788,"2vyaB","CONTROL",10,"S",4,446,0.00896860986547085
2789,"2vytA","CONTROL",10,"C",123,194,0.634020618556701
2789,"2vytA","CONTROL",10,"N",32,194,0.164948453608247
2789,"2vytA","CONTROL",10,"O",38,194,0.195876288659794
2789,"2vytA","CONTROL",10,"P",0,194,0
2789,"2vytA","CONTROL",10,"S",1,194,0.00515463917525773
2790,"2vzsB","CONTROL",10,"C",216,344,0.627906976744186
2790,"2vzsB","CONTROL",10,"N",56,344,0.162790697674419
2790,"2vzsB","CONTROL",10,"O",68,344,0.197674418604651
2790,"2vzsB","CONTROL",10,"P",0,344,0
2790,"2vzsB","CONTROL",10,"S",4,344,0.0116279069767442
2791,"2vzzA","CONTROL",10,"C",311,485,0.641237113402062
2791,"2vzzA","CONTROL",10,"N",89,485,0.183505154639175
2791,"2vzzA","CONTROL",10,"O",83,485,0.171134020618557
2791,"2vzzA","CONTROL",10,"P",0,485,0
2791,"2vzzA","CONTROL",10,"S",2,485,0.00412371134020619
2792,"2w2iC","CONTROL",10,"C",222,368,0.603260869565217
2792,"2w2iC","CONTROL",10,"N",68,368,0.184782608695652
2792,"2w2iC","CONTROL",10,"O",77,368,0.209239130434783
2792,"2w2iC","CONTROL",10,"P",0,368,0
2792,"2w2iC","CONTROL",10,"S",1,368,0.00271739130434783
2793,"2w39A","CONTROL",10,"C",209,331,0.631419939577039
2793,"2w39A","CONTROL",10,"N",55,331,0.166163141993958
2793,"2w39A","CONTROL",10,"O",67,331,0.202416918429003
2793,"2w39A","CONTROL",10,"P",0,331,0
2793,"2w39A","CONTROL",10,"S",0,331,0
2794,"2w3yB","CONTROL",10,"C",303,465,0.651612903225806
2794,"2w3yB","CONTROL",10,"N",72,465,0.154838709677419
2794,"2w3yB","CONTROL",10,"O",88,465,0.189247311827957
2794,"2w3yB","CONTROL",10,"P",0,465,0
2794,"2w3yB","CONTROL",10,"S",2,465,0.0043010752688172
2795,"2w47A","CONTROL",10,"C",130,212,0.613207547169811
2795,"2w47A","CONTROL",10,"N",39,212,0.183962264150943
2795,"2w47A","CONTROL",10,"O",43,212,0.202830188679245
2795,"2w47A","CONTROL",10,"P",0,212,0
2795,"2w47A","CONTROL",10,"S",0,212,0
2796,"2w48A","CONTROL",10,"C",173,265,0.652830188679245
2796,"2w48A","CONTROL",10,"N",43,265,0.162264150943396
2796,"2w48A","CONTROL",10,"O",47,265,0.177358490566038
2796,"2w48A","CONTROL",10,"P",0,265,0
2796,"2w48A","CONTROL",10,"S",2,265,0.00754716981132075
2797,"2w55E","CONTROL",10,"C",413,650,0.635384615384615
2797,"2w55E","CONTROL",10,"N",112,650,0.172307692307692
2797,"2w55E","CONTROL",10,"O",118,650,0.181538461538462
2797,"2w55E","CONTROL",10,"P",0,650,0
2797,"2w55E","CONTROL",10,"S",7,650,0.0107692307692308
2798,"2w90A","CONTROL",10,"C",172,281,0.612099644128114
2798,"2w90A","CONTROL",10,"N",53,281,0.188612099644128
2798,"2w90A","CONTROL",10,"O",51,281,0.181494661921708
2798,"2w90A","CONTROL",10,"P",0,281,0
2798,"2w90A","CONTROL",10,"S",5,281,0.0177935943060498
2799,"2wabA","CONTROL",10,"C",209,339,0.616519174041298
2799,"2wabA","CONTROL",10,"N",60,339,0.176991150442478
2799,"2wabA","CONTROL",10,"O",68,339,0.200589970501475
2799,"2wabA","CONTROL",10,"P",0,339,0
2799,"2wabA","CONTROL",10,"S",2,339,0.00589970501474926
2800,"2walA","CONTROL",10,"C",169,257,0.657587548638132
2800,"2walA","CONTROL",10,"N",44,257,0.171206225680934
2800,"2walA","CONTROL",10,"O",43,257,0.167315175097276
2800,"2walA","CONTROL",10,"P",0,257,0
2800,"2walA","CONTROL",10,"S",1,257,0.00389105058365759
2801,"2wbqA","CONTROL",10,"C",219,352,0.622159090909091
2801,"2wbqA","CONTROL",10,"N",66,352,0.1875
2801,"2wbqA","CONTROL",10,"O",67,352,0.190340909090909
2801,"2wbqA","CONTROL",10,"P",0,352,0
2801,"2wbqA","CONTROL",10,"S",0,352,0
2802,"2wcoA","CONTROL",10,"C",241,395,0.610126582278481
2802,"2wcoA","CONTROL",10,"N",87,395,0.220253164556962
2802,"2wcoA","CONTROL",10,"O",67,395,0.169620253164557
2802,"2wcoA","CONTROL",10,"P",0,395,0
2802,"2wcoA","CONTROL",10,"S",0,395,0
2803,"2wcuA","CONTROL",10,"C",154,234,0.658119658119658
2803,"2wcuA","CONTROL",10,"N",36,234,0.153846153846154
2803,"2wcuA","CONTROL",10,"O",43,234,0.183760683760684
2803,"2wcuA","CONTROL",10,"P",0,234,0
2803,"2wcuA","CONTROL",10,"S",1,234,0.00427350427350427
2804,"2wcvB","CONTROL",10,"C",156,242,0.644628099173554
2804,"2wcvB","CONTROL",10,"N",41,242,0.169421487603306
2804,"2wcvB","CONTROL",10,"O",43,242,0.177685950413223
2804,"2wcvB","CONTROL",10,"P",0,242,0
2804,"2wcvB","CONTROL",10,"S",2,242,0.00826446280991736
2805,"2wdwB","CONTROL",10,"C",441,683,0.645680819912152
2805,"2wdwB","CONTROL",10,"N",118,683,0.172767203513909
2805,"2wdwB","CONTROL",10,"O",120,683,0.175695461200586
2805,"2wdwB","CONTROL",10,"P",0,683,0
2805,"2wdwB","CONTROL",10,"S",4,683,0.00585651537335286
2806,"2weuB","CONTROL",10,"C",258,388,0.664948453608247
2806,"2weuB","CONTROL",10,"N",65,388,0.167525773195876
2806,"2weuB","CONTROL",10,"O",63,388,0.162371134020619
2806,"2weuB","CONTROL",10,"P",0,388,0
2806,"2weuB","CONTROL",10,"S",2,388,0.00515463917525773
2807,"2wfjA","CONTROL",10,"C",216,361,0.598337950138504
2807,"2wfjA","CONTROL",10,"N",75,361,0.207756232686981
2807,"2wfjA","CONTROL",10,"O",68,361,0.188365650969529
2807,"2wfjA","CONTROL",10,"P",0,361,0
2807,"2wfjA","CONTROL",10,"S",2,361,0.00554016620498615
2808,"2witC","CONTROL",10,"C",219,312,0.701923076923077
2808,"2witC","CONTROL",10,"N",47,312,0.150641025641026
2808,"2witC","CONTROL",10,"O",46,312,0.147435897435897
2808,"2witC","CONTROL",10,"P",0,312,0
2808,"2witC","CONTROL",10,"S",0,312,0
2809,"2wl9B","CONTROL",10,"C",213,340,0.626470588235294
2809,"2wl9B","CONTROL",10,"N",63,340,0.185294117647059
2809,"2wl9B","CONTROL",10,"O",63,340,0.185294117647059
2809,"2wl9B","CONTROL",10,"P",0,340,0
2809,"2wl9B","CONTROL",10,"S",1,340,0.00294117647058824
2810,"2wmgA","CONTROL",10,"C",298,464,0.642241379310345
2810,"2wmgA","CONTROL",10,"N",77,464,0.165948275862069
2810,"2wmgA","CONTROL",10,"O",85,464,0.183189655172414
2810,"2wmgA","CONTROL",10,"P",0,464,0
2810,"2wmgA","CONTROL",10,"S",4,464,0.00862068965517241
2811,"2wnuF","CONTROL",10,"C",120,190,0.631578947368421
2811,"2wnuF","CONTROL",10,"N",32,190,0.168421052631579
2811,"2wnuF","CONTROL",10,"O",38,190,0.2
2811,"2wnuF","CONTROL",10,"P",0,190,0
2811,"2wnuF","CONTROL",10,"S",0,190,0
2812,"2wpxA","CONTROL",10,"C",270,416,0.649038461538462
2812,"2wpxA","CONTROL",10,"N",77,416,0.185096153846154
2812,"2wpxA","CONTROL",10,"O",68,416,0.163461538461538
2812,"2wpxA","CONTROL",10,"P",0,416,0
2812,"2wpxA","CONTROL",10,"S",1,416,0.00240384615384615
2813,"2wr8A","CONTROL",10,"C",165,261,0.632183908045977
2813,"2wr8A","CONTROL",10,"N",44,261,0.168582375478927
2813,"2wr8A","CONTROL",10,"O",51,261,0.195402298850575
2813,"2wr8A","CONTROL",10,"P",0,261,0
2813,"2wr8A","CONTROL",10,"S",1,261,0.00383141762452107
2814,"2wv4A","CONTROL",10,"C",278,437,0.636155606407323
2814,"2wv4A","CONTROL",10,"N",75,437,0.17162471395881
2814,"2wv4A","CONTROL",10,"O",80,437,0.183066361556064
2814,"2wv4A","CONTROL",10,"P",0,437,0
2814,"2wv4A","CONTROL",10,"S",4,437,0.0091533180778032
2815,"2wvtA","CONTROL",10,"C",216,335,0.644776119402985
2815,"2wvtA","CONTROL",10,"N",64,335,0.191044776119403
2815,"2wvtA","CONTROL",10,"O",53,335,0.158208955223881
2815,"2wvtA","CONTROL",10,"P",0,335,0
2815,"2wvtA","CONTROL",10,"S",2,335,0.00597014925373134
2816,"2ww0H","CONTROL",10,"C",195,324,0.601851851851852
2816,"2ww0H","CONTROL",10,"N",55,324,0.169753086419753
2816,"2ww0H","CONTROL",10,"O",72,324,0.222222222222222
2816,"2ww0H","CONTROL",10,"P",0,324,0
2816,"2ww0H","CONTROL",10,"S",2,324,0.00617283950617284
2817,"2ww2B","CONTROL",10,"C",174,287,0.606271777003484
2817,"2ww2B","CONTROL",10,"N",50,287,0.174216027874564
2817,"2ww2B","CONTROL",10,"O",61,287,0.212543554006969
2817,"2ww2B","CONTROL",10,"P",0,287,0
2817,"2ww2B","CONTROL",10,"S",2,287,0.00696864111498258
2818,"2wzgA","CONTROL",10,"C",311,469,0.663113006396588
2818,"2wzgA","CONTROL",10,"N",72,469,0.153518123667377
2818,"2wzgA","CONTROL",10,"O",84,469,0.17910447761194
2818,"2wzgA","CONTROL",10,"P",0,469,0
2818,"2wzgA","CONTROL",10,"S",2,469,0.00426439232409382
2819,"2x1eA","CONTROL",10,"C",173,280,0.617857142857143
2819,"2x1eA","CONTROL",10,"N",56,280,0.2
2819,"2x1eA","CONTROL",10,"O",51,280,0.182142857142857
2819,"2x1eA","CONTROL",10,"P",0,280,0
2819,"2x1eA","CONTROL",10,"S",0,280,0
2820,"2x1nD","CONTROL",10,"C",156,243,0.641975308641975
2820,"2x1nD","CONTROL",10,"N",38,243,0.156378600823045
2820,"2x1nD","CONTROL",10,"O",47,243,0.193415637860082
2820,"2x1nD","CONTROL",10,"P",0,243,0
2820,"2x1nD","CONTROL",10,"S",2,243,0.00823045267489712
2821,"2x34B","CONTROL",10,"C",560,861,0.650406504065041
2821,"2x34B","CONTROL",10,"N",144,861,0.167247386759582
2821,"2x34B","CONTROL",10,"O",157,861,0.182346109175377
2821,"2x34B","CONTROL",10,"P",0,861,0
2821,"2x34B","CONTROL",10,"S",0,861,0
2822,"2x4yI","CONTROL",10,"C",282,419,0.673031026252983
2822,"2x4yI","CONTROL",10,"N",70,419,0.167064439140811
2822,"2x4yI","CONTROL",10,"O",63,419,0.15035799522673
2822,"2x4yI","CONTROL",10,"P",0,419,0
2822,"2x4yI","CONTROL",10,"S",4,419,0.00954653937947494
2823,"2x5iA","CONTROL",10,"C",288,422,0.682464454976303
2823,"2x5iA","CONTROL",10,"N",64,422,0.151658767772512
2823,"2x5iA","CONTROL",10,"O",66,422,0.156398104265403
2823,"2x5iA","CONTROL",10,"P",0,422,0
2823,"2x5iA","CONTROL",10,"S",4,422,0.00947867298578199
2824,"2x6yA","CONTROL",10,"C",411,673,0.610698365527489
2824,"2x6yA","CONTROL",10,"N",127,673,0.188707280832095
2824,"2x6yA","CONTROL",10,"O",131,673,0.194650817236256
2824,"2x6yA","CONTROL",10,"P",0,673,0
2824,"2x6yA","CONTROL",10,"S",4,673,0.00594353640416048
2825,"2x7kA","CONTROL",10,"C",213,348,0.612068965517241
2825,"2x7kA","CONTROL",10,"N",68,348,0.195402298850575
2825,"2x7kA","CONTROL",10,"O",65,348,0.186781609195402
2825,"2x7kA","CONTROL",10,"P",0,348,0
2825,"2x7kA","CONTROL",10,"S",2,348,0.00574712643678161
2826,"2x8tB","CONTROL",10,"C",164,275,0.596363636363636
2826,"2x8tB","CONTROL",10,"N",53,275,0.192727272727273
2826,"2x8tB","CONTROL",10,"O",57,275,0.207272727272727
2826,"2x8tB","CONTROL",10,"P",0,275,0
2826,"2x8tB","CONTROL",10,"S",1,275,0.00363636363636364
2827,"2xe4A","CONTROL",10,"C",356,558,0.637992831541219
2827,"2xe4A","CONTROL",10,"N",94,558,0.168458781362007
2827,"2xe4A","CONTROL",10,"O",105,558,0.188172043010753
2827,"2xe4A","CONTROL",10,"P",0,558,0
2827,"2xe4A","CONTROL",10,"S",3,558,0.00537634408602151
2828,"2xfyA","CONTROL",10,"C",238,389,0.611825192802057
2828,"2xfyA","CONTROL",10,"N",70,389,0.179948586118252
2828,"2xfyA","CONTROL",10,"O",77,389,0.197943444730077
2828,"2xfyA","CONTROL",10,"P",0,389,0
2828,"2xfyA","CONTROL",10,"S",4,389,0.0102827763496144
2829,"2xhkB","CONTROL",10,"C",202,303,0.666666666666667
2829,"2xhkB","CONTROL",10,"N",54,303,0.178217821782178
2829,"2xhkB","CONTROL",10,"O",47,303,0.155115511551155
2829,"2xhkB","CONTROL",10,"P",0,303,0
2829,"2xhkB","CONTROL",10,"S",0,303,0
2830,"2xlcF","CONTROL",10,"C",186,281,0.661921708185053
2830,"2xlcF","CONTROL",10,"N",45,281,0.160142348754448
2830,"2xlcF","CONTROL",10,"O",50,281,0.177935943060498
2830,"2xlcF","CONTROL",10,"P",0,281,0
2830,"2xlcF","CONTROL",10,"S",0,281,0
2831,"2xm1A","CONTROL",10,"C",235,363,0.647382920110193
2831,"2xm1A","CONTROL",10,"N",61,363,0.168044077134986
2831,"2xm1A","CONTROL",10,"O",65,363,0.179063360881543
2831,"2xm1A","CONTROL",10,"P",0,363,0
2831,"2xm1A","CONTROL",10,"S",2,363,0.00550964187327824
2832,"2xm7A","CONTROL",10,"C",245,368,0.665760869565217
2832,"2xm7A","CONTROL",10,"N",58,368,0.157608695652174
2832,"2xm7A","CONTROL",10,"O",59,368,0.160326086956522
2832,"2xm7A","CONTROL",10,"P",0,368,0
2832,"2xm7A","CONTROL",10,"S",6,368,0.016304347826087
2833,"2xn1A","CONTROL",10,"C",171,287,0.59581881533101
2833,"2xn1A","CONTROL",10,"N",56,287,0.195121951219512
2833,"2xn1A","CONTROL",10,"O",58,287,0.202090592334495
2833,"2xn1A","CONTROL",10,"P",0,287,0
2833,"2xn1A","CONTROL",10,"S",2,287,0.00696864111498258
2834,"2xonA","CONTROL",10,"C",145,225,0.644444444444444
2834,"2xonA","CONTROL",10,"N",40,225,0.177777777777778
2834,"2xonA","CONTROL",10,"O",40,225,0.177777777777778
2834,"2xonA","CONTROL",10,"P",0,225,0
2834,"2xonA","CONTROL",10,"S",0,225,0
2835,"2xq0A","CONTROL",10,"C",274,432,0.634259259259259
2835,"2xq0A","CONTROL",10,"N",70,432,0.162037037037037
2835,"2xq0A","CONTROL",10,"O",86,432,0.199074074074074
2835,"2xq0A","CONTROL",10,"P",0,432,0
2835,"2xq0A","CONTROL",10,"S",2,432,0.00462962962962963
2836,"2xryA","CONTROL",10,"C",408,636,0.641509433962264
2836,"2xryA","CONTROL",10,"N",115,636,0.180817610062893
2836,"2xryA","CONTROL",10,"O",110,636,0.172955974842767
2836,"2xryA","CONTROL",10,"P",0,636,0
2836,"2xryA","CONTROL",10,"S",3,636,0.00471698113207547
2837,"2xt9A","CONTROL",10,"C",219,360,0.608333333333333
2837,"2xt9A","CONTROL",10,"N",70,360,0.194444444444444
2837,"2xt9A","CONTROL",10,"O",68,360,0.188888888888889
2837,"2xt9A","CONTROL",10,"P",0,360,0
2837,"2xt9A","CONTROL",10,"S",3,360,0.00833333333333333
2838,"2xu4A","CONTROL",10,"C",207,342,0.605263157894737
2838,"2xu4A","CONTROL",10,"N",58,342,0.169590643274854
2838,"2xu4A","CONTROL",10,"O",72,342,0.210526315789474
2838,"2xu4A","CONTROL",10,"P",0,342,0
2838,"2xu4A","CONTROL",10,"S",5,342,0.0146198830409357
2839,"2xvkA","CONTROL",10,"C",229,351,0.652421652421652
2839,"2xvkA","CONTROL",10,"N",62,351,0.176638176638177
2839,"2xvkA","CONTROL",10,"O",60,351,0.170940170940171
2839,"2xvkA","CONTROL",10,"P",0,351,0
2839,"2xvkA","CONTROL",10,"S",0,351,0
2840,"2y08B","CONTROL",10,"C",434,664,0.653614457831325
2840,"2y08B","CONTROL",10,"N",108,664,0.162650602409639
2840,"2y08B","CONTROL",10,"O",117,664,0.176204819277108
2840,"2y08B","CONTROL",10,"P",0,664,0
2840,"2y08B","CONTROL",10,"S",5,664,0.00753012048192771
2841,"2y0mA","CONTROL",10,"C",331,498,0.664658634538153
2841,"2y0mA","CONTROL",10,"N",83,498,0.166666666666667
2841,"2y0mA","CONTROL",10,"O",84,498,0.168674698795181
2841,"2y0mA","CONTROL",10,"P",0,498,0
2841,"2y0mA","CONTROL",10,"S",0,498,0
2842,"2y1fB","CONTROL",10,"C",298,489,0.609406952965235
2842,"2y1fB","CONTROL",10,"N",91,489,0.186094069529652
2842,"2y1fB","CONTROL",10,"O",98,489,0.20040899795501
2842,"2y1fB","CONTROL",10,"P",0,489,0
2842,"2y1fB","CONTROL",10,"S",2,489,0.00408997955010225
2843,"2y2lA","CONTROL",10,"C",180,285,0.631578947368421
2843,"2y2lA","CONTROL",10,"N",45,285,0.157894736842105
2843,"2y2lA","CONTROL",10,"O",58,285,0.203508771929825
2843,"2y2lA","CONTROL",10,"P",0,285,0
2843,"2y2lA","CONTROL",10,"S",2,285,0.00701754385964912
2844,"2y55C","CONTROL",10,"C",183,293,0.62457337883959
2844,"2y55C","CONTROL",10,"N",51,293,0.174061433447099
2844,"2y55C","CONTROL",10,"O",56,293,0.191126279863481
2844,"2y55C","CONTROL",10,"P",0,293,0
2844,"2y55C","CONTROL",10,"S",3,293,0.0102389078498294
2845,"2y5yB","CONTROL",10,"C",203,322,0.630434782608696
2845,"2y5yB","CONTROL",10,"N",55,322,0.170807453416149
2845,"2y5yB","CONTROL",10,"O",59,322,0.183229813664596
2845,"2y5yB","CONTROL",10,"P",0,322,0
2845,"2y5yB","CONTROL",10,"S",5,322,0.015527950310559
2846,"2y6gA","CONTROL",10,"C",173,287,0.602787456445993
2846,"2y6gA","CONTROL",10,"N",59,287,0.205574912891986
2846,"2y6gA","CONTROL",10,"O",55,287,0.191637630662021
2846,"2y6gA","CONTROL",10,"P",0,287,0
2846,"2y6gA","CONTROL",10,"S",0,287,0
2847,"2y7hB","CONTROL",10,"C",339,521,0.650671785028791
2847,"2y7hB","CONTROL",10,"N",87,521,0.166986564299424
2847,"2y7hB","CONTROL",10,"O",94,521,0.18042226487524
2847,"2y7hB","CONTROL",10,"P",0,521,0
2847,"2y7hB","CONTROL",10,"S",1,521,0.00191938579654511
2848,"2y7lA","CONTROL",10,"C",312,470,0.663829787234043
2848,"2y7lA","CONTROL",10,"N",73,470,0.15531914893617
2848,"2y7lA","CONTROL",10,"O",85,470,0.180851063829787
2848,"2y7lA","CONTROL",10,"P",0,470,0
2848,"2y7lA","CONTROL",10,"S",0,470,0
2849,"2y9xA","CONTROL",10,"C",171,266,0.642857142857143
2849,"2y9xA","CONTROL",10,"N",56,266,0.210526315789474
2849,"2y9xA","CONTROL",10,"O",36,266,0.135338345864662
2849,"2y9xA","CONTROL",10,"P",0,266,0
2849,"2y9xA","CONTROL",10,"S",3,266,0.0112781954887218
2850,"2yb0D","CONTROL",10,"C",226,361,0.626038781163435
2850,"2yb0D","CONTROL",10,"N",64,361,0.177285318559557
2850,"2yb0D","CONTROL",10,"O",68,361,0.188365650969529
2850,"2yb0D","CONTROL",10,"P",0,361,0
2850,"2yb0D","CONTROL",10,"S",3,361,0.00831024930747922
2851,"2yb9A","CONTROL",10,"C",319,482,0.661825726141079
2851,"2yb9A","CONTROL",10,"N",82,482,0.170124481327801
2851,"2yb9A","CONTROL",10,"O",78,482,0.161825726141079
2851,"2yb9A","CONTROL",10,"P",0,482,0
2851,"2yb9A","CONTROL",10,"S",3,482,0.00622406639004149
2852,"2yd8A","CONTROL",10,"C",88,142,0.619718309859155
2852,"2yd8A","CONTROL",10,"N",29,142,0.204225352112676
2852,"2yd8A","CONTROL",10,"O",25,142,0.176056338028169
2852,"2yd8A","CONTROL",10,"P",0,142,0
2852,"2yd8A","CONTROL",10,"S",0,142,0
2853,"2yepC","CONTROL",10,"C",102,166,0.614457831325301
2853,"2yepC","CONTROL",10,"N",29,166,0.174698795180723
2853,"2yepC","CONTROL",10,"O",33,166,0.198795180722892
2853,"2yepC","CONTROL",10,"P",0,166,0
2853,"2yepC","CONTROL",10,"S",2,166,0.0120481927710843
2854,"2yfoA","CONTROL",10,"C",214,346,0.61849710982659
2854,"2yfoA","CONTROL",10,"N",62,346,0.179190751445087
2854,"2yfoA","CONTROL",10,"O",68,346,0.196531791907514
2854,"2yfoA","CONTROL",10,"P",0,346,0
2854,"2yfoA","CONTROL",10,"S",2,346,0.00578034682080925
2855,"2yftA","CONTROL",10,"C",256,420,0.60952380952381
2855,"2yftA","CONTROL",10,"N",79,420,0.188095238095238
2855,"2yftA","CONTROL",10,"O",84,420,0.2
2855,"2yftA","CONTROL",10,"P",0,420,0
2855,"2yftA","CONTROL",10,"S",1,420,0.00238095238095238
2856,"2yhgA","CONTROL",10,"C",248,386,0.642487046632124
2856,"2yhgA","CONTROL",10,"N",69,386,0.178756476683938
2856,"2yhgA","CONTROL",10,"O",68,386,0.176165803108808
2856,"2yhgA","CONTROL",10,"P",0,386,0
2856,"2yhgA","CONTROL",10,"S",1,386,0.00259067357512953
2857,"2ylzA","CONTROL",10,"C",467,719,0.649513212795549
2857,"2ylzA","CONTROL",10,"N",121,719,0.168289290681502
2857,"2ylzA","CONTROL",10,"O",129,719,0.179415855354659
2857,"2ylzA","CONTROL",10,"P",0,719,0
2857,"2ylzA","CONTROL",10,"S",2,719,0.00278164116828929
2858,"2ynbB","CONTROL",10,"C",302,488,0.618852459016393
2858,"2ynbB","CONTROL",10,"N",85,488,0.174180327868852
2858,"2ynbB","CONTROL",10,"O",94,488,0.192622950819672
2858,"2ynbB","CONTROL",10,"P",0,488,0
2858,"2ynbB","CONTROL",10,"S",7,488,0.014344262295082
2859,"2yoeC","CONTROL",10,"C",202,296,0.682432432432432
2859,"2yoeC","CONTROL",10,"N",45,296,0.152027027027027
2859,"2yoeC","CONTROL",10,"O",49,296,0.165540540540541
2859,"2yoeC","CONTROL",10,"P",0,296,0
2859,"2yoeC","CONTROL",10,"S",0,296,0
2860,"2yr4B","CONTROL",10,"C",506,760,0.66578947368421
2860,"2yr4B","CONTROL",10,"N",126,760,0.16578947368421
2860,"2yr4B","CONTROL",10,"O",126,760,0.16578947368421
2860,"2yr4B","CONTROL",10,"P",0,760,0
2860,"2yr4B","CONTROL",10,"S",2,760,0.00263157894736842
2861,"2ytzB","CONTROL",10,"C",267,425,0.628235294117647
2861,"2ytzB","CONTROL",10,"N",73,425,0.171764705882353
2861,"2ytzB","CONTROL",10,"O",82,425,0.192941176470588
2861,"2ytzB","CONTROL",10,"P",0,425,0
2861,"2ytzB","CONTROL",10,"S",3,425,0.00705882352941176
2862,"2yvwA","CONTROL",10,"C",350,546,0.641025641025641
2862,"2yvwA","CONTROL",10,"N",100,546,0.183150183150183
2862,"2yvwA","CONTROL",10,"O",94,546,0.172161172161172
2862,"2yvwA","CONTROL",10,"P",0,546,0
2862,"2yvwA","CONTROL",10,"S",2,546,0.00366300366300366
2863,"2yx1B","CONTROL",10,"C",287,416,0.689903846153846
2863,"2yx1B","CONTROL",10,"N",62,416,0.149038461538462
2863,"2yx1B","CONTROL",10,"O",67,416,0.161057692307692
2863,"2yx1B","CONTROL",10,"P",0,416,0
2863,"2yx1B","CONTROL",10,"S",0,416,0
2864,"2yyiA","CONTROL",10,"C",279,443,0.62979683972912
2864,"2yyiA","CONTROL",10,"N",85,443,0.191873589164786
2864,"2yyiA","CONTROL",10,"O",76,443,0.171557562076749
2864,"2yyiA","CONTROL",10,"P",0,443,0
2864,"2yyiA","CONTROL",10,"S",3,443,0.00677200902934537
2865,"2yzoB","CONTROL",10,"C",190,319,0.595611285266458
2865,"2yzoB","CONTROL",10,"N",62,319,0.19435736677116
2865,"2yzoB","CONTROL",10,"O",66,319,0.206896551724138
2865,"2yzoB","CONTROL",10,"P",0,319,0
2865,"2yzoB","CONTROL",10,"S",1,319,0.00313479623824451
2866,"2z23A","CONTROL",10,"C",373,596,0.625838926174497
2866,"2z23A","CONTROL",10,"N",105,596,0.176174496644295
2866,"2z23A","CONTROL",10,"O",114,596,0.191275167785235
2866,"2z23A","CONTROL",10,"P",0,596,0
2866,"2z23A","CONTROL",10,"S",4,596,0.00671140939597315
2867,"2z4eF","CONTROL",10,"C",216,354,0.610169491525424
2867,"2z4eF","CONTROL",10,"N",65,354,0.18361581920904
2867,"2z4eF","CONTROL",10,"O",70,354,0.19774011299435
2867,"2z4eF","CONTROL",10,"P",0,354,0
2867,"2z4eF","CONTROL",10,"S",3,354,0.00847457627118644
2868,"2z52A","CONTROL",10,"C",289,463,0.624190064794816
2868,"2z52A","CONTROL",10,"N",83,463,0.1792656587473
2868,"2z52A","CONTROL",10,"O",90,463,0.19438444924406
2868,"2z52A","CONTROL",10,"P",0,463,0
2868,"2z52A","CONTROL",10,"S",1,463,0.00215982721382289
2869,"2z5sA","CONTROL",10,"C",210,306,0.686274509803922
2869,"2z5sA","CONTROL",10,"N",48,306,0.156862745098039
2869,"2z5sA","CONTROL",10,"O",44,306,0.143790849673203
2869,"2z5sA","CONTROL",10,"P",0,306,0
2869,"2z5sA","CONTROL",10,"S",4,306,0.0130718954248366
2870,"2z6vA","CONTROL",10,"C",267,415,0.643373493975904
2870,"2z6vA","CONTROL",10,"N",75,415,0.180722891566265
2870,"2z6vA","CONTROL",10,"O",67,415,0.16144578313253
2870,"2z6vA","CONTROL",10,"P",0,415,0
2870,"2z6vA","CONTROL",10,"S",6,415,0.0144578313253012
2871,"2z70B","CONTROL",10,"C",302,500,0.604
2871,"2z70B","CONTROL",10,"N",102,500,0.204
2871,"2z70B","CONTROL",10,"O",90,500,0.18
2871,"2z70B","CONTROL",10,"P",0,500,0
2871,"2z70B","CONTROL",10,"S",6,500,0.012
2872,"2z71B","CONTROL",10,"C",189,295,0.640677966101695
2872,"2z71B","CONTROL",10,"N",49,295,0.166101694915254
2872,"2z71B","CONTROL",10,"O",55,295,0.186440677966102
2872,"2z71B","CONTROL",10,"P",0,295,0
2872,"2z71B","CONTROL",10,"S",2,295,0.00677966101694915
2873,"2zblB","CONTROL",10,"C",236,358,0.659217877094972
2873,"2zblB","CONTROL",10,"N",68,358,0.189944134078212
2873,"2zblB","CONTROL",10,"O",53,358,0.14804469273743
2873,"2zblB","CONTROL",10,"P",0,358,0
2873,"2zblB","CONTROL",10,"S",1,358,0.00279329608938547
2874,"2zecC","CONTROL",10,"C",191,315,0.606349206349206
2874,"2zecC","CONTROL",10,"N",53,315,0.168253968253968
2874,"2zecC","CONTROL",10,"O",65,315,0.206349206349206
2874,"2zecC","CONTROL",10,"P",0,315,0
2874,"2zecC","CONTROL",10,"S",6,315,0.019047619047619
2875,"2zfnA","CONTROL",10,"C",311,476,0.653361344537815
2875,"2zfnA","CONTROL",10,"N",81,476,0.170168067226891
2875,"2zfnA","CONTROL",10,"O",83,476,0.17436974789916
2875,"2zfnA","CONTROL",10,"P",0,476,0
2875,"2zfnA","CONTROL",10,"S",1,476,0.00210084033613445
2876,"2zi8B","CONTROL",10,"C",241,387,0.622739018087855
2876,"2zi8B","CONTROL",10,"N",71,387,0.183462532299742
2876,"2zi8B","CONTROL",10,"O",70,387,0.180878552971576
2876,"2zi8B","CONTROL",10,"P",0,387,0
2876,"2zi8B","CONTROL",10,"S",5,387,0.0129198966408269
2877,"2zicA","CONTROL",10,"C",204,327,0.623853211009174
2877,"2zicA","CONTROL",10,"N",59,327,0.180428134556575
2877,"2zicA","CONTROL",10,"O",63,327,0.192660550458716
2877,"2zicA","CONTROL",10,"P",0,327,0
2877,"2zicA","CONTROL",10,"S",1,327,0.00305810397553517
2878,"2zifB","CONTROL",10,"C",267,397,0.672544080604534
2878,"2zifB","CONTROL",10,"N",64,397,0.161209068010076
2878,"2zifB","CONTROL",10,"O",66,397,0.16624685138539
2878,"2zifB","CONTROL",10,"P",0,397,0
2878,"2zifB","CONTROL",10,"S",0,397,0
2879,"2zj3A","CONTROL",10,"C",213,340,0.626470588235294
2879,"2zj3A","CONTROL",10,"N",55,340,0.161764705882353
2879,"2zj3A","CONTROL",10,"O",70,340,0.205882352941176
2879,"2zj3A","CONTROL",10,"P",0,340,0
2879,"2zj3A","CONTROL",10,"S",2,340,0.00588235294117647
2880,"2zjdC","CONTROL",10,"C",250,378,0.661375661375661
2880,"2zjdC","CONTROL",10,"N",68,378,0.17989417989418
2880,"2zjdC","CONTROL",10,"O",59,378,0.156084656084656
2880,"2zjdC","CONTROL",10,"P",0,378,0
2880,"2zjdC","CONTROL",10,"S",1,378,0.00264550264550265
2881,"2zjfA","CONTROL",10,"C",272,403,0.674937965260546
2881,"2zjfA","CONTROL",10,"N",61,403,0.15136476426799
2881,"2zjfA","CONTROL",10,"O",69,403,0.1712158808933
2881,"2zjfA","CONTROL",10,"P",0,403,0
2881,"2zjfA","CONTROL",10,"S",1,403,0.00248138957816377
2882,"2zjlA","CONTROL",10,"C",274,426,0.643192488262911
2882,"2zjlA","CONTROL",10,"N",73,426,0.171361502347418
2882,"2zjlA","CONTROL",10,"O",78,426,0.183098591549296
2882,"2zjlA","CONTROL",10,"P",0,426,0
2882,"2zjlA","CONTROL",10,"S",1,426,0.00234741784037559
2883,"2zl4G","CONTROL",10,"C",177,278,0.636690647482014
2883,"2zl4G","CONTROL",10,"N",45,278,0.161870503597122
2883,"2zl4G","CONTROL",10,"O",53,278,0.190647482014388
2883,"2zl4G","CONTROL",10,"P",0,278,0
2883,"2zl4G","CONTROL",10,"S",3,278,0.0107913669064748
2884,"2zmlD","CONTROL",10,"C",168,266,0.631578947368421
2884,"2zmlD","CONTROL",10,"N",45,266,0.169172932330827
2884,"2zmlD","CONTROL",10,"O",53,266,0.199248120300752
2884,"2zmlD","CONTROL",10,"P",0,266,0
2884,"2zmlD","CONTROL",10,"S",0,266,0
2885,"2zneB","CONTROL",10,"C",235,380,0.618421052631579
2885,"2zneB","CONTROL",10,"N",70,380,0.184210526315789
2885,"2zneB","CONTROL",10,"O",73,380,0.192105263157895
2885,"2zneB","CONTROL",10,"P",0,380,0
2885,"2zneB","CONTROL",10,"S",2,380,0.00526315789473684
2886,"2zofB","CONTROL",10,"C",247,415,0.595180722891566
2886,"2zofB","CONTROL",10,"N",80,415,0.192771084337349
2886,"2zofB","CONTROL",10,"O",88,415,0.212048192771084
2886,"2zofB","CONTROL",10,"P",0,415,0
2886,"2zofB","CONTROL",10,"S",0,415,0
2887,"2zokE","CONTROL",10,"C",461,695,0.663309352517986
2887,"2zokE","CONTROL",10,"N",112,695,0.161151079136691
2887,"2zokE","CONTROL",10,"O",118,695,0.16978417266187
2887,"2zokE","CONTROL",10,"P",0,695,0
2887,"2zokE","CONTROL",10,"S",4,695,0.00575539568345324
2888,"2zpaB","CONTROL",10,"C",287,444,0.646396396396396
2888,"2zpaB","CONTROL",10,"N",86,444,0.193693693693694
2888,"2zpaB","CONTROL",10,"O",69,444,0.155405405405405
2888,"2zpaB","CONTROL",10,"P",0,444,0
2888,"2zpaB","CONTROL",10,"S",2,444,0.0045045045045045
2889,"2zpyA","CONTROL",10,"C",207,317,0.652996845425868
2889,"2zpyA","CONTROL",10,"N",54,317,0.170347003154574
2889,"2zpyA","CONTROL",10,"O",53,317,0.167192429022082
2889,"2zpyA","CONTROL",10,"P",0,317,0
2889,"2zpyA","CONTROL",10,"S",3,317,0.00946372239747634
2890,"2zsiA","CONTROL",10,"C",285,433,0.658198614318707
2890,"2zsiA","CONTROL",10,"N",73,433,0.168591224018476
2890,"2zsiA","CONTROL",10,"O",74,433,0.170900692840647
2890,"2zsiA","CONTROL",10,"P",0,433,0
2890,"2zsiA","CONTROL",10,"S",1,433,0.0023094688221709
2891,"2zu2A","CONTROL",10,"C",122,191,0.638743455497382
2891,"2zu2A","CONTROL",10,"N",34,191,0.178010471204188
2891,"2zu2A","CONTROL",10,"O",33,191,0.172774869109948
2891,"2zu2A","CONTROL",10,"P",0,191,0
2891,"2zu2A","CONTROL",10,"S",2,191,0.0104712041884817
2892,"2zuwB","CONTROL",10,"C",206,311,0.662379421221865
2892,"2zuwB","CONTROL",10,"N",52,311,0.167202572347267
2892,"2zuwB","CONTROL",10,"O",52,311,0.167202572347267
2892,"2zuwB","CONTROL",10,"P",0,311,0
2892,"2zuwB","CONTROL",10,"S",1,311,0.00321543408360129
2893,"2zvwD","CONTROL",10,"C",226,343,0.658892128279883
2893,"2zvwD","CONTROL",10,"N",55,343,0.160349854227405
2893,"2zvwD","CONTROL",10,"O",60,343,0.174927113702624
2893,"2zvwD","CONTROL",10,"P",0,343,0
2893,"2zvwD","CONTROL",10,"S",2,343,0.00583090379008746
2894,"2zw5B","CONTROL",10,"C",296,455,0.650549450549451
2894,"2zw5B","CONTROL",10,"N",88,455,0.193406593406593
2894,"2zw5B","CONTROL",10,"O",68,455,0.149450549450549
2894,"2zw5B","CONTROL",10,"P",0,455,0
2894,"2zw5B","CONTROL",10,"S",3,455,0.00659340659340659
2895,"2zw9B","CONTROL",10,"C",318,488,0.651639344262295
2895,"2zw9B","CONTROL",10,"N",73,488,0.149590163934426
2895,"2zw9B","CONTROL",10,"O",93,488,0.190573770491803
2895,"2zw9B","CONTROL",10,"P",0,488,0
2895,"2zw9B","CONTROL",10,"S",4,488,0.00819672131147541
2896,"2zxdB","CONTROL",10,"C",243,368,0.660326086956522
2896,"2zxdB","CONTROL",10,"N",65,368,0.176630434782609
2896,"2zxdB","CONTROL",10,"O",59,368,0.160326086956522
2896,"2zxdB","CONTROL",10,"P",0,368,0
2896,"2zxdB","CONTROL",10,"S",1,368,0.00271739130434783
2897,"2zyaA","CONTROL",10,"C",181,295,0.613559322033898
2897,"2zyaA","CONTROL",10,"N",56,295,0.189830508474576
2897,"2zyaA","CONTROL",10,"O",54,295,0.183050847457627
2897,"2zyaA","CONTROL",10,"P",0,295,0
2897,"2zyaA","CONTROL",10,"S",4,295,0.0135593220338983
2898,"2zyiB","CONTROL",10,"C",349,530,0.658490566037736
2898,"2zyiB","CONTROL",10,"N",85,530,0.160377358490566
2898,"2zyiB","CONTROL",10,"O",90,530,0.169811320754717
2898,"2zyiB","CONTROL",10,"P",0,530,0
2898,"2zyiB","CONTROL",10,"S",6,530,0.0113207547169811
2899,"2zzgA","CONTROL",10,"C",329,505,0.651485148514852
2899,"2zzgA","CONTROL",10,"N",85,505,0.168316831683168
2899,"2zzgA","CONTROL",10,"O",87,505,0.172277227722772
2899,"2zzgA","CONTROL",10,"P",0,505,0
2899,"2zzgA","CONTROL",10,"S",4,505,0.00792079207920792
2900,"2zznA","CONTROL",10,"C",320,474,0.675105485232067
2900,"2zznA","CONTROL",10,"N",77,474,0.162447257383966
2900,"2zznA","CONTROL",10,"O",76,474,0.160337552742616
2900,"2zznA","CONTROL",10,"P",0,474,0
2900,"2zznA","CONTROL",10,"S",1,474,0.00210970464135021
2901,"3a06B","CONTROL",10,"C",331,526,0.629277566539924
2901,"3a06B","CONTROL",10,"N",94,526,0.178707224334601
2901,"3a06B","CONTROL",10,"O",98,526,0.186311787072243
2901,"3a06B","CONTROL",10,"P",0,526,0
2901,"3a06B","CONTROL",10,"S",3,526,0.00570342205323194
2902,"3a1iA","CONTROL",10,"C",212,339,0.625368731563422
2902,"3a1iA","CONTROL",10,"N",58,339,0.171091445427729
2902,"3a1iA","CONTROL",10,"O",66,339,0.194690265486726
2902,"3a1iA","CONTROL",10,"P",0,339,0
2902,"3a1iA","CONTROL",10,"S",3,339,0.00884955752212389
2903,"3a35A","CONTROL",10,"C",191,300,0.636666666666667
2903,"3a35A","CONTROL",10,"N",54,300,0.18
2903,"3a35A","CONTROL",10,"O",54,300,0.18
2903,"3a35A","CONTROL",10,"P",0,300,0
2903,"3a35A","CONTROL",10,"S",1,300,0.00333333333333333
2904,"3a3iB","CONTROL",10,"C",203,326,0.622699386503067
2904,"3a3iB","CONTROL",10,"N",61,326,0.187116564417178
2904,"3a3iB","CONTROL",10,"O",60,326,0.184049079754601
2904,"3a3iB","CONTROL",10,"P",0,326,0
2904,"3a3iB","CONTROL",10,"S",2,326,0.00613496932515337
2905,"3a4aA","CONTROL",10,"C",232,371,0.62533692722372
2905,"3a4aA","CONTROL",10,"N",62,371,0.16711590296496
2905,"3a4aA","CONTROL",10,"O",76,371,0.204851752021563
2905,"3a4aA","CONTROL",10,"P",0,371,0
2905,"3a4aA","CONTROL",10,"S",1,371,0.00269541778975741
2906,"3a6jE","CONTROL",10,"C",208,336,0.619047619047619
2906,"3a6jE","CONTROL",10,"N",58,336,0.172619047619048
2906,"3a6jE","CONTROL",10,"O",69,336,0.205357142857143
2906,"3a6jE","CONTROL",10,"P",0,336,0
2906,"3a6jE","CONTROL",10,"S",1,336,0.00297619047619048
2907,"3a75D","CONTROL",10,"C",139,235,0.591489361702128
2907,"3a75D","CONTROL",10,"N",46,235,0.195744680851064
2907,"3a75D","CONTROL",10,"O",49,235,0.208510638297872
2907,"3a75D","CONTROL",10,"P",0,235,0
2907,"3a75D","CONTROL",10,"S",1,235,0.00425531914893617
2908,"3a8iA","CONTROL",10,"C",314,489,0.642126789366053
2908,"3a8iA","CONTROL",10,"N",85,489,0.173824130879346
2908,"3a8iA","CONTROL",10,"O",85,489,0.173824130879346
2908,"3a8iA","CONTROL",10,"P",0,489,0
2908,"3a8iA","CONTROL",10,"S",5,489,0.0102249488752556
2909,"3ac0C","CONTROL",10,"C",242,377,0.641909814323607
2909,"3ac0C","CONTROL",10,"N",61,377,0.161803713527851
2909,"3ac0C","CONTROL",10,"O",72,377,0.190981432360743
2909,"3ac0C","CONTROL",10,"P",0,377,0
2909,"3ac0C","CONTROL",10,"S",2,377,0.00530503978779841
2910,"3afjA","CONTROL",10,"C",173,280,0.617857142857143
2910,"3afjA","CONTROL",10,"N",55,280,0.196428571428571
2910,"3afjA","CONTROL",10,"O",50,280,0.178571428571429
2910,"3afjA","CONTROL",10,"P",0,280,0
2910,"3afjA","CONTROL",10,"S",2,280,0.00714285714285714
2911,"3aflA","CONTROL",10,"C",291,463,0.628509719222462
2911,"3aflA","CONTROL",10,"N",90,463,0.19438444924406
2911,"3aflA","CONTROL",10,"O",81,463,0.174946004319654
2911,"3aflA","CONTROL",10,"P",0,463,0
2911,"3aflA","CONTROL",10,"S",1,463,0.00215982721382289
2912,"3ageA","CONTROL",10,"C",198,314,0.630573248407643
2912,"3ageA","CONTROL",10,"N",57,314,0.181528662420382
2912,"3ageA","CONTROL",10,"O",57,314,0.181528662420382
2912,"3ageA","CONTROL",10,"P",0,314,0
2912,"3ageA","CONTROL",10,"S",2,314,0.00636942675159236
2913,"3agoA","CONTROL",10,"C",191,299,0.638795986622074
2913,"3agoA","CONTROL",10,"N",52,299,0.173913043478261
2913,"3agoA","CONTROL",10,"O",56,299,0.187290969899666
2913,"3agoA","CONTROL",10,"P",0,299,0
2913,"3agoA","CONTROL",10,"S",0,299,0
2914,"3ah1B","CONTROL",10,"C",118,192,0.614583333333333
2914,"3ah1B","CONTROL",10,"N",37,192,0.192708333333333
2914,"3ah1B","CONTROL",10,"O",36,192,0.1875
2914,"3ah1B","CONTROL",10,"P",0,192,0
2914,"3ah1B","CONTROL",10,"S",1,192,0.00520833333333333
2915,"3ahrA","CONTROL",10,"C",377,575,0.655652173913043
2915,"3ahrA","CONTROL",10,"N",99,575,0.172173913043478
2915,"3ahrA","CONTROL",10,"O",96,575,0.16695652173913
2915,"3ahrA","CONTROL",10,"P",0,575,0
2915,"3ahrA","CONTROL",10,"S",3,575,0.00521739130434783
2916,"3ahyA","CONTROL",10,"C",213,327,0.651376146788991
2916,"3ahyA","CONTROL",10,"N",55,327,0.168195718654434
2916,"3ahyA","CONTROL",10,"O",58,327,0.17737003058104
2916,"3ahyA","CONTROL",10,"P",0,327,0
2916,"3ahyA","CONTROL",10,"S",1,327,0.00305810397553517
2917,"3aiqA","CONTROL",10,"C",231,357,0.647058823529412
2917,"3aiqA","CONTROL",10,"N",59,357,0.165266106442577
2917,"3aiqA","CONTROL",10,"O",65,357,0.182072829131653
2917,"3aiqA","CONTROL",10,"P",0,357,0
2917,"3aiqA","CONTROL",10,"S",2,357,0.00560224089635854
2918,"3al6B","CONTROL",10,"C",235,373,0.630026809651475
2918,"3al6B","CONTROL",10,"N",75,373,0.201072386058981
2918,"3al6B","CONTROL",10,"O",62,373,0.166219839142091
2918,"3al6B","CONTROL",10,"P",0,373,0
2918,"3al6B","CONTROL",10,"S",1,373,0.00268096514745308
2919,"3aluD","CONTROL",10,"C",129,202,0.638613861386139
2919,"3aluD","CONTROL",10,"N",33,202,0.163366336633663
2919,"3aluD","CONTROL",10,"O",40,202,0.198019801980198
2919,"3aluD","CONTROL",10,"P",0,202,0
2919,"3aluD","CONTROL",10,"S",0,202,0
2920,"3amqD","CONTROL",10,"C",262,409,0.640586797066015
2920,"3amqD","CONTROL",10,"N",70,409,0.171149144254279
2920,"3amqD","CONTROL",10,"O",75,409,0.183374083129584
2920,"3amqD","CONTROL",10,"P",0,409,0
2920,"3amqD","CONTROL",10,"S",2,409,0.00488997555012225
2921,"3ankA","CONTROL",10,"C",257,404,0.636138613861386
2921,"3ankA","CONTROL",10,"N",77,404,0.190594059405941
2921,"3ankA","CONTROL",10,"O",68,404,0.168316831683168
2921,"3ankA","CONTROL",10,"P",0,404,0
2921,"3ankA","CONTROL",10,"S",2,404,0.00495049504950495
2922,"3au8A","CONTROL",10,"C",300,475,0.631578947368421
2922,"3au8A","CONTROL",10,"N",78,475,0.164210526315789
2922,"3au8A","CONTROL",10,"O",94,475,0.197894736842105
2922,"3au8A","CONTROL",10,"P",0,475,0
2922,"3au8A","CONTROL",10,"S",3,475,0.00631578947368421
2923,"3awiB","CONTROL",10,"C",469,725,0.646896551724138
2923,"3awiB","CONTROL",10,"N",124,725,0.171034482758621
2923,"3awiB","CONTROL",10,"O",125,725,0.172413793103448
2923,"3awiB","CONTROL",10,"P",0,725,0
2923,"3awiB","CONTROL",10,"S",7,725,0.0096551724137931
2924,"3axtA","CONTROL",10,"C",279,428,0.651869158878505
2924,"3axtA","CONTROL",10,"N",71,428,0.16588785046729
2924,"3axtA","CONTROL",10,"O",75,428,0.175233644859813
2924,"3axtA","CONTROL",10,"P",0,428,0
2924,"3axtA","CONTROL",10,"S",3,428,0.00700934579439252
2925,"3b00D","CONTROL",10,"C",244,380,0.642105263157895
2925,"3b00D","CONTROL",10,"N",69,380,0.181578947368421
2925,"3b00D","CONTROL",10,"O",65,380,0.171052631578947
2925,"3b00D","CONTROL",10,"P",0,380,0
2925,"3b00D","CONTROL",10,"S",2,380,0.00526315789473684
2926,"3b07B","CONTROL",10,"C",133,208,0.639423076923077
2926,"3b07B","CONTROL",10,"N",39,208,0.1875
2926,"3b07B","CONTROL",10,"O",36,208,0.173076923076923
2926,"3b07B","CONTROL",10,"P",0,208,0
2926,"3b07B","CONTROL",10,"S",0,208,0
2927,"3b3wA","CONTROL",10,"C",180,306,0.588235294117647
2927,"3b3wA","CONTROL",10,"N",54,306,0.176470588235294
2927,"3b3wA","CONTROL",10,"O",68,306,0.222222222222222
2927,"3b3wA","CONTROL",10,"P",0,306,0
2927,"3b3wA","CONTROL",10,"S",4,306,0.0130718954248366
2928,"3b5iA","CONTROL",10,"C",238,368,0.646739130434783
2928,"3b5iA","CONTROL",10,"N",65,368,0.176630434782609
2928,"3b5iA","CONTROL",10,"O",64,368,0.173913043478261
2928,"3b5iA","CONTROL",10,"P",0,368,0
2928,"3b5iA","CONTROL",10,"S",1,368,0.00271739130434783
2929,"3b7qA","CONTROL",10,"C",517,788,0.656091370558376
2929,"3b7qA","CONTROL",10,"N",125,788,0.158629441624365
2929,"3b7qA","CONTROL",10,"O",140,788,0.177664974619289
2929,"3b7qA","CONTROL",10,"P",0,788,0
2929,"3b7qA","CONTROL",10,"S",6,788,0.00761421319796954
2930,"3b8yB","CONTROL",10,"C",181,319,0.567398119122257
2930,"3b8yB","CONTROL",10,"N",65,319,0.203761755485893
2930,"3b8yB","CONTROL",10,"O",71,319,0.22257053291536
2930,"3b8yB","CONTROL",10,"P",0,319,0
2930,"3b8yB","CONTROL",10,"S",2,319,0.00626959247648903
2931,"3b9aA","CONTROL",10,"C",483,751,0.643142476697736
2931,"3b9aA","CONTROL",10,"N",126,751,0.167776298268975
2931,"3b9aA","CONTROL",10,"O",140,751,0.18641810918775
2931,"3b9aA","CONTROL",10,"P",0,751,0
2931,"3b9aA","CONTROL",10,"S",2,751,0.00266311584553928
2932,"3b9oA","CONTROL",10,"C",292,444,0.657657657657658
2932,"3b9oA","CONTROL",10,"N",78,444,0.175675675675676
2932,"3b9oA","CONTROL",10,"O",71,444,0.15990990990991
2932,"3b9oA","CONTROL",10,"P",0,444,0
2932,"3b9oA","CONTROL",10,"S",3,444,0.00675675675675676
2933,"3bbhA","CONTROL",10,"C",236,353,0.668555240793201
2933,"3bbhA","CONTROL",10,"N",56,353,0.158640226628895
2933,"3bbhA","CONTROL",10,"O",57,353,0.161473087818697
2933,"3bbhA","CONTROL",10,"P",0,353,0
2933,"3bbhA","CONTROL",10,"S",4,353,0.0113314447592068
2934,"3be7G","CONTROL",10,"C",237,388,0.610824742268041
2934,"3be7G","CONTROL",10,"N",77,388,0.198453608247423
2934,"3be7G","CONTROL",10,"O",70,388,0.180412371134021
2934,"3be7G","CONTROL",10,"P",0,388,0
2934,"3be7G","CONTROL",10,"S",4,388,0.0103092783505155
2935,"3bg3B","CONTROL",10,"C",220,351,0.626780626780627
2935,"3bg3B","CONTROL",10,"N",60,351,0.170940170940171
2935,"3bg3B","CONTROL",10,"O",70,351,0.199430199430199
2935,"3bg3B","CONTROL",10,"P",0,351,0
2935,"3bg3B","CONTROL",10,"S",1,351,0.00284900284900285
2936,"3bk2A","CONTROL",10,"C",258,416,0.620192307692308
2936,"3bk2A","CONTROL",10,"N",82,416,0.197115384615385
2936,"3bk2A","CONTROL",10,"O",76,416,0.182692307692308
2936,"3bk2A","CONTROL",10,"P",0,416,0
2936,"3bk2A","CONTROL",10,"S",0,416,0
2937,"3bksA","CONTROL",10,"C",268,392,0.683673469387755
2937,"3bksA","CONTROL",10,"N",61,392,0.155612244897959
2937,"3bksA","CONTROL",10,"O",63,392,0.160714285714286
2937,"3bksA","CONTROL",10,"P",0,392,0
2937,"3bksA","CONTROL",10,"S",0,392,0
2938,"3bkvA","CONTROL",10,"C",276,428,0.644859813084112
2938,"3bkvA","CONTROL",10,"N",75,428,0.175233644859813
2938,"3bkvA","CONTROL",10,"O",77,428,0.179906542056075
2938,"3bkvA","CONTROL",10,"P",0,428,0
2938,"3bkvA","CONTROL",10,"S",0,428,0
2939,"3blqB","CONTROL",10,"C",125,204,0.612745098039216
2939,"3blqB","CONTROL",10,"N",42,204,0.205882352941176
2939,"3blqB","CONTROL",10,"O",37,204,0.181372549019608
2939,"3blqB","CONTROL",10,"P",0,204,0
2939,"3blqB","CONTROL",10,"S",0,204,0
2940,"3bo5A","CONTROL",10,"C",271,424,0.639150943396226
2940,"3bo5A","CONTROL",10,"N",72,424,0.169811320754717
2940,"3bo5A","CONTROL",10,"O",77,424,0.181603773584906
2940,"3bo5A","CONTROL",10,"P",0,424,0
2940,"3bo5A","CONTROL",10,"S",4,424,0.00943396226415094
2941,"3bo7B","CONTROL",10,"C",201,333,0.603603603603604
2941,"3bo7B","CONTROL",10,"N",67,333,0.201201201201201
2941,"3bo7B","CONTROL",10,"O",62,333,0.186186186186186
2941,"3bo7B","CONTROL",10,"P",0,333,0
2941,"3bo7B","CONTROL",10,"S",3,333,0.00900900900900901
2942,"3bpfC","CONTROL",10,"C",191,307,0.62214983713355
2942,"3bpfC","CONTROL",10,"N",54,307,0.175895765472313
2942,"3bpfC","CONTROL",10,"O",59,307,0.192182410423453
2942,"3bpfC","CONTROL",10,"P",0,307,0
2942,"3bpfC","CONTROL",10,"S",3,307,0.00977198697068404
2943,"3bpmA","CONTROL",10,"C",192,309,0.621359223300971
2943,"3bpmA","CONTROL",10,"N",55,309,0.177993527508091
2943,"3bpmA","CONTROL",10,"O",59,309,0.190938511326861
2943,"3bpmA","CONTROL",10,"P",0,309,0
2943,"3bpmA","CONTROL",10,"S",3,309,0.00970873786407767
2944,"3breB","CONTROL",10,"C",113,187,0.60427807486631
2944,"3breB","CONTROL",10,"N",34,187,0.181818181818182
2944,"3breB","CONTROL",10,"O",38,187,0.203208556149733
2944,"3breB","CONTROL",10,"P",0,187,0
2944,"3breB","CONTROL",10,"S",2,187,0.0106951871657754
2945,"3bsfB","CONTROL",10,"C",182,285,0.63859649122807
2945,"3bsfB","CONTROL",10,"N",43,285,0.150877192982456
2945,"3bsfB","CONTROL",10,"O",56,285,0.196491228070175
2945,"3bsfB","CONTROL",10,"P",0,285,0
2945,"3bsfB","CONTROL",10,"S",4,285,0.0140350877192982
2946,"3bu0A","CONTROL",10,"C",231,357,0.647058823529412
2946,"3bu0A","CONTROL",10,"N",61,357,0.170868347338936
2946,"3bu0A","CONTROL",10,"O",63,357,0.176470588235294
2946,"3bu0A","CONTROL",10,"P",0,357,0
2946,"3bu0A","CONTROL",10,"S",2,357,0.00560224089635854
2947,"3buaD","CONTROL",10,"C",291,457,0.636761487964989
2947,"3buaD","CONTROL",10,"N",77,457,0.168490153172867
2947,"3buaD","CONTROL",10,"O",84,457,0.183807439824945
2947,"3buaD","CONTROL",10,"P",0,457,0
2947,"3buaD","CONTROL",10,"S",5,457,0.0109409190371991
2948,"3bxdA","CONTROL",10,"C",226,359,0.629526462395543
2948,"3bxdA","CONTROL",10,"N",61,359,0.16991643454039
2948,"3bxdA","CONTROL",10,"O",71,359,0.197771587743733
2948,"3bxdA","CONTROL",10,"P",0,359,0
2948,"3bxdA","CONTROL",10,"S",1,359,0.00278551532033426
2949,"3bxhB","CONTROL",10,"C",240,380,0.631578947368421
2949,"3bxhB","CONTROL",10,"N",66,380,0.173684210526316
2949,"3bxhB","CONTROL",10,"O",72,380,0.189473684210526
2949,"3bxhB","CONTROL",10,"P",0,380,0
2949,"3bxhB","CONTROL",10,"S",2,380,0.00526315789473684
2950,"3c0oA","CONTROL",10,"C",142,220,0.645454545454546
2950,"3c0oA","CONTROL",10,"N",44,220,0.2
2950,"3c0oA","CONTROL",10,"O",33,220,0.15
2950,"3c0oA","CONTROL",10,"P",0,220,0
2950,"3c0oA","CONTROL",10,"S",1,220,0.00454545454545455
2951,"3c0zB","CONTROL",10,"C",180,298,0.604026845637584
2951,"3c0zB","CONTROL",10,"N",55,298,0.184563758389262
2951,"3c0zB","CONTROL",10,"O",61,298,0.204697986577181
2951,"3c0zB","CONTROL",10,"P",0,298,0
2951,"3c0zB","CONTROL",10,"S",2,298,0.00671140939597315
2952,"3c1hA","CONTROL",10,"C",333,521,0.63915547024952
2952,"3c1hA","CONTROL",10,"N",92,521,0.17658349328215
2952,"3c1hA","CONTROL",10,"O",91,521,0.174664107485605
2952,"3c1hA","CONTROL",10,"P",0,521,0
2952,"3c1hA","CONTROL",10,"S",5,521,0.00959692898272553
2953,"3c2rB","CONTROL",10,"C",143,242,0.590909090909091
2953,"3c2rB","CONTROL",10,"N",48,242,0.198347107438017
2953,"3c2rB","CONTROL",10,"O",47,242,0.194214876033058
2953,"3c2rB","CONTROL",10,"P",0,242,0
2953,"3c2rB","CONTROL",10,"S",4,242,0.0165289256198347
2954,"3c2uB","CONTROL",10,"C",260,407,0.638820638820639
2954,"3c2uB","CONTROL",10,"N",71,407,0.174447174447174
2954,"3c2uB","CONTROL",10,"O",74,407,0.181818181818182
2954,"3c2uB","CONTROL",10,"P",0,407,0
2954,"3c2uB","CONTROL",10,"S",2,407,0.00491400491400491
2955,"3c49A","CONTROL",10,"C",275,424,0.648584905660377
2955,"3c49A","CONTROL",10,"N",70,424,0.165094339622642
2955,"3c49A","CONTROL",10,"O",76,424,0.179245283018868
2955,"3c49A","CONTROL",10,"P",0,424,0
2955,"3c49A","CONTROL",10,"S",3,424,0.00707547169811321
2956,"3c7fA","CONTROL",10,"C",178,282,0.631205673758865
2956,"3c7fA","CONTROL",10,"N",52,282,0.184397163120567
2956,"3c7fA","CONTROL",10,"O",51,282,0.180851063829787
2956,"3c7fA","CONTROL",10,"P",0,282,0
2956,"3c7fA","CONTROL",10,"S",1,282,0.00354609929078014
2957,"3c8wB","CONTROL",10,"C",119,189,0.62962962962963
2957,"3c8wB","CONTROL",10,"N",32,189,0.169312169312169
2957,"3c8wB","CONTROL",10,"O",38,189,0.201058201058201
2957,"3c8wB","CONTROL",10,"P",0,189,0
2957,"3c8wB","CONTROL",10,"S",0,189,0
2958,"3cdgA","CONTROL",10,"C",469,724,0.647790055248619
2958,"3cdgA","CONTROL",10,"N",124,724,0.171270718232044
2958,"3cdgA","CONTROL",10,"O",127,724,0.175414364640884
2958,"3cdgA","CONTROL",10,"P",0,724,0
2958,"3cdgA","CONTROL",10,"S",4,724,0.00552486187845304
2959,"3ckbB","CONTROL",10,"C",171,270,0.633333333333333
2959,"3ckbB","CONTROL",10,"N",48,270,0.177777777777778
2959,"3ckbB","CONTROL",10,"O",49,270,0.181481481481481
2959,"3ckbB","CONTROL",10,"P",0,270,0
2959,"3ckbB","CONTROL",10,"S",2,270,0.00740740740740741
2960,"3claA","CONTROL",10,"C",184,279,0.659498207885305
2960,"3claA","CONTROL",10,"N",44,279,0.157706093189964
2960,"3claA","CONTROL",10,"O",51,279,0.182795698924731
2960,"3claA","CONTROL",10,"P",0,279,0
2960,"3claA","CONTROL",10,"S",0,279,0
2961,"3cnvC","CONTROL",10,"C",190,284,0.669014084507042
2961,"3cnvC","CONTROL",10,"N",50,284,0.176056338028169
2961,"3cnvC","CONTROL",10,"O",44,284,0.154929577464789
2961,"3cnvC","CONTROL",10,"P",0,284,0
2961,"3cnvC","CONTROL",10,"S",0,284,0
2962,"3co8A","CONTROL",10,"C",217,332,0.653614457831325
2962,"3co8A","CONTROL",10,"N",60,332,0.180722891566265
2962,"3co8A","CONTROL",10,"O",55,332,0.16566265060241
2962,"3co8A","CONTROL",10,"P",0,332,0
2962,"3co8A","CONTROL",10,"S",0,332,0
2963,"3cpaA","CONTROL",10,"C",240,385,0.623376623376623
2963,"3cpaA","CONTROL",10,"N",67,385,0.174025974025974
2963,"3cpaA","CONTROL",10,"O",78,385,0.202597402597403
2963,"3cpaA","CONTROL",10,"P",0,385,0
2963,"3cpaA","CONTROL",10,"S",0,385,0
2964,"3ct5A","CONTROL",10,"C",191,307,0.62214983713355
2964,"3ct5A","CONTROL",10,"N",56,307,0.182410423452769
2964,"3ct5A","CONTROL",10,"O",59,307,0.192182410423453
2964,"3ct5A","CONTROL",10,"P",0,307,0
2964,"3ct5A","CONTROL",10,"S",1,307,0.00325732899022801
2965,"3cvuC","CONTROL",10,"C",448,669,0.66965620328849
2965,"3cvuC","CONTROL",10,"N",115,669,0.171898355754858
2965,"3cvuC","CONTROL",10,"O",104,669,0.155455904334828
2965,"3cvuC","CONTROL",10,"P",0,669,0
2965,"3cvuC","CONTROL",10,"S",2,669,0.00298953662182362
2966,"3czkA","CONTROL",10,"C",280,449,0.623608017817372
2966,"3czkA","CONTROL",10,"N",84,449,0.187082405345212
2966,"3czkA","CONTROL",10,"O",82,449,0.182628062360802
2966,"3czkA","CONTROL",10,"P",0,449,0
2966,"3czkA","CONTROL",10,"S",3,449,0.0066815144766147
2967,"3d1rA","CONTROL",10,"C",218,345,0.631884057971015
2967,"3d1rA","CONTROL",10,"N",64,345,0.185507246376812
2967,"3d1rA","CONTROL",10,"O",60,345,0.173913043478261
2967,"3d1rA","CONTROL",10,"P",0,345,0
2967,"3d1rA","CONTROL",10,"S",3,345,0.00869565217391304
2968,"3d2sH","CONTROL",10,"C",115,194,0.592783505154639
2968,"3d2sH","CONTROL",10,"N",44,194,0.22680412371134
2968,"3d2sH","CONTROL",10,"O",32,194,0.164948453608247
2968,"3d2sH","CONTROL",10,"P",0,194,0
2968,"3d2sH","CONTROL",10,"S",3,194,0.0154639175257732
2969,"3d2zA","CONTROL",10,"C",167,276,0.605072463768116
2969,"3d2zA","CONTROL",10,"N",52,276,0.188405797101449
2969,"3d2zA","CONTROL",10,"O",57,276,0.206521739130435
2969,"3d2zA","CONTROL",10,"P",0,276,0
2969,"3d2zA","CONTROL",10,"S",0,276,0
2970,"3d3hA","CONTROL",10,"C",256,410,0.624390243902439
2970,"3d3hA","CONTROL",10,"N",79,410,0.192682926829268
2970,"3d3hA","CONTROL",10,"O",75,410,0.182926829268293
2970,"3d3hA","CONTROL",10,"P",0,410,0
2970,"3d3hA","CONTROL",10,"S",0,410,0
2971,"3d3xA","CONTROL",10,"C",241,390,0.617948717948718
2971,"3d3xA","CONTROL",10,"N",66,390,0.169230769230769
2971,"3d3xA","CONTROL",10,"O",82,390,0.21025641025641
2971,"3d3xA","CONTROL",10,"P",0,390,0
2971,"3d3xA","CONTROL",10,"S",1,390,0.00256410256410256
2972,"3d44A","CONTROL",10,"C",196,310,0.632258064516129
2972,"3d44A","CONTROL",10,"N",58,310,0.187096774193548
2972,"3d44A","CONTROL",10,"O",52,310,0.167741935483871
2972,"3d44A","CONTROL",10,"P",0,310,0
2972,"3d44A","CONTROL",10,"S",4,310,0.0129032258064516
2973,"3d46D","CONTROL",10,"C",234,364,0.642857142857143
2973,"3d46D","CONTROL",10,"N",62,364,0.17032967032967
2973,"3d46D","CONTROL",10,"O",66,364,0.181318681318681
2973,"3d46D","CONTROL",10,"P",0,364,0
2973,"3d46D","CONTROL",10,"S",2,364,0.0054945054945055
2974,"3d6nA","CONTROL",10,"C",202,340,0.594117647058824
2974,"3d6nA","CONTROL",10,"N",71,340,0.208823529411765
2974,"3d6nA","CONTROL",10,"O",65,340,0.191176470588235
2974,"3d6nA","CONTROL",10,"P",0,340,0
2974,"3d6nA","CONTROL",10,"S",2,340,0.00588235294117647
2975,"3d75A","CONTROL",10,"C",250,355,0.704225352112676
2975,"3d75A","CONTROL",10,"N",50,355,0.140845070422535
2975,"3d75A","CONTROL",10,"O",50,355,0.140845070422535
2975,"3d75A","CONTROL",10,"P",0,355,0
2975,"3d75A","CONTROL",10,"S",5,355,0.0140845070422535
2976,"3dddA","CONTROL",10,"C",237,365,0.649315068493151
2976,"3dddA","CONTROL",10,"N",64,365,0.175342465753425
2976,"3dddA","CONTROL",10,"O",63,365,0.172602739726027
2976,"3dddA","CONTROL",10,"P",0,365,0
2976,"3dddA","CONTROL",10,"S",1,365,0.00273972602739726
2977,"3dktC","CONTROL",10,"C",277,424,0.653301886792453
2977,"3dktC","CONTROL",10,"N",69,424,0.162735849056604
2977,"3dktC","CONTROL",10,"O",77,424,0.181603773584906
2977,"3dktC","CONTROL",10,"P",0,424,0
2977,"3dktC","CONTROL",10,"S",1,424,0.00235849056603774
2978,"3dmfA","CONTROL",10,"C",335,509,0.658153241650295
2978,"3dmfA","CONTROL",10,"N",82,509,0.161100196463654
2978,"3dmfA","CONTROL",10,"O",92,509,0.180746561886051
2978,"3dmfA","CONTROL",10,"P",0,509,0
2978,"3dmfA","CONTROL",10,"S",0,509,0
2979,"3doiB","CONTROL",10,"C",175,270,0.648148148148148
2979,"3doiB","CONTROL",10,"N",47,270,0.174074074074074
2979,"3doiB","CONTROL",10,"O",45,270,0.166666666666667
2979,"3doiB","CONTROL",10,"P",0,270,0
2979,"3doiB","CONTROL",10,"S",3,270,0.0111111111111111
2980,"3dowA","CONTROL",10,"C",255,376,0.678191489361702
2980,"3dowA","CONTROL",10,"N",59,376,0.156914893617021
2980,"3dowA","CONTROL",10,"O",61,376,0.162234042553191
2980,"3dowA","CONTROL",10,"P",0,376,0
2980,"3dowA","CONTROL",10,"S",1,376,0.00265957446808511
2981,"3dr8B","CONTROL",10,"C",277,428,0.647196261682243
2981,"3dr8B","CONTROL",10,"N",82,428,0.191588785046729
2981,"3dr8B","CONTROL",10,"O",69,428,0.161214953271028
2981,"3dr8B","CONTROL",10,"P",0,428,0
2981,"3dr8B","CONTROL",10,"S",0,428,0
2982,"3e0mB","CONTROL",10,"C",189,304,0.62171052631579
2982,"3e0mB","CONTROL",10,"N",55,304,0.180921052631579
2982,"3e0mB","CONTROL",10,"O",57,304,0.1875
2982,"3e0mB","CONTROL",10,"P",0,304,0
2982,"3e0mB","CONTROL",10,"S",3,304,0.00986842105263158
2983,"3e4pA","CONTROL",10,"C",168,261,0.64367816091954
2983,"3e4pA","CONTROL",10,"N",45,261,0.172413793103448
2983,"3e4pA","CONTROL",10,"O",47,261,0.18007662835249
2983,"3e4pA","CONTROL",10,"P",0,261,0
2983,"3e4pA","CONTROL",10,"S",1,261,0.00383141762452107
2984,"3e4vA","CONTROL",10,"C",247,386,0.639896373056995
2984,"3e4vA","CONTROL",10,"N",68,386,0.176165803108808
2984,"3e4vA","CONTROL",10,"O",70,386,0.181347150259067
2984,"3e4vA","CONTROL",10,"P",0,386,0
2984,"3e4vA","CONTROL",10,"S",1,386,0.00259067357512953
2985,"3e6bB","CONTROL",10,"C",172,259,0.664092664092664
2985,"3e6bB","CONTROL",10,"N",39,259,0.150579150579151
2985,"3e6bB","CONTROL",10,"O",47,259,0.181467181467181
2985,"3e6bB","CONTROL",10,"P",0,259,0
2985,"3e6bB","CONTROL",10,"S",1,259,0.00386100386100386
2986,"3e78A","CONTROL",10,"C",274,428,0.64018691588785
2986,"3e78A","CONTROL",10,"N",71,428,0.16588785046729
2986,"3e78A","CONTROL",10,"O",83,428,0.19392523364486
2986,"3e78A","CONTROL",10,"P",0,428,0
2986,"3e78A","CONTROL",10,"S",0,428,0
2987,"3e7jB","CONTROL",10,"C",299,477,0.626834381551363
2987,"3e7jB","CONTROL",10,"N",86,477,0.180293501048218
2987,"3e7jB","CONTROL",10,"O",92,477,0.192872117400419
2987,"3e7jB","CONTROL",10,"P",0,477,0
2987,"3e7jB","CONTROL",10,"S",0,477,0
2988,"3e9sA","CONTROL",10,"C",155,250,0.62
2988,"3e9sA","CONTROL",10,"N",41,250,0.164
2988,"3e9sA","CONTROL",10,"O",52,250,0.208
2988,"3e9sA","CONTROL",10,"P",0,250,0
2988,"3e9sA","CONTROL",10,"S",2,250,0.008
2989,"3eb9A","CONTROL",10,"C",200,322,0.62111801242236
2989,"3eb9A","CONTROL",10,"N",60,322,0.186335403726708
2989,"3eb9A","CONTROL",10,"O",61,322,0.18944099378882
2989,"3eb9A","CONTROL",10,"P",0,322,0
2989,"3eb9A","CONTROL",10,"S",1,322,0.0031055900621118
2990,"3ebhA","CONTROL",10,"C",277,450,0.615555555555556
2990,"3ebhA","CONTROL",10,"N",78,450,0.173333333333333
2990,"3ebhA","CONTROL",10,"O",92,450,0.204444444444444
2990,"3ebhA","CONTROL",10,"P",0,450,0
2990,"3ebhA","CONTROL",10,"S",3,450,0.00666666666666667
2991,"3ecnB","CONTROL",10,"C",223,338,0.659763313609467
2991,"3ecnB","CONTROL",10,"N",54,338,0.159763313609467
2991,"3ecnB","CONTROL",10,"O",57,338,0.168639053254438
2991,"3ecnB","CONTROL",10,"P",0,338,0
2991,"3ecnB","CONTROL",10,"S",4,338,0.0118343195266272
2992,"3edjA","CONTROL",10,"C",305,485,0.628865979381443
2992,"3edjA","CONTROL",10,"N",90,485,0.185567010309278
2992,"3edjA","CONTROL",10,"O",86,485,0.177319587628866
2992,"3edjA","CONTROL",10,"P",0,485,0
2992,"3edjA","CONTROL",10,"S",4,485,0.00824742268041237
2993,"3ekgB","CONTROL",10,"C",210,331,0.634441087613293
2993,"3ekgB","CONTROL",10,"N",58,331,0.175226586102719
2993,"3ekgB","CONTROL",10,"O",62,331,0.187311178247734
2993,"3ekgB","CONTROL",10,"P",0,331,0
2993,"3ekgB","CONTROL",10,"S",1,331,0.00302114803625378
2994,"3ekmA","CONTROL",10,"C",249,410,0.607317073170732
2994,"3ekmA","CONTROL",10,"N",73,410,0.178048780487805
2994,"3ekmA","CONTROL",10,"O",78,410,0.190243902439024
2994,"3ekmA","CONTROL",10,"P",0,410,0
2994,"3ekmA","CONTROL",10,"S",10,410,0.024390243902439
2995,"3emwA","CONTROL",10,"C",124,205,0.604878048780488
2995,"3emwA","CONTROL",10,"N",40,205,0.195121951219512
2995,"3emwA","CONTROL",10,"O",40,205,0.195121951219512
2995,"3emwA","CONTROL",10,"P",0,205,0
2995,"3emwA","CONTROL",10,"S",1,205,0.0048780487804878
2996,"3emyA","CONTROL",10,"C",248,410,0.604878048780488
2996,"3emyA","CONTROL",10,"N",63,410,0.153658536585366
2996,"3emyA","CONTROL",10,"O",99,410,0.241463414634146
2996,"3emyA","CONTROL",10,"P",0,410,0
2996,"3emyA","CONTROL",10,"S",0,410,0
2997,"3engA","CONTROL",10,"C",158,265,0.59622641509434
2997,"3engA","CONTROL",10,"N",51,265,0.192452830188679
2997,"3engA","CONTROL",10,"O",54,265,0.20377358490566
2997,"3engA","CONTROL",10,"P",0,265,0
2997,"3engA","CONTROL",10,"S",2,265,0.00754716981132075
2998,"3envA","CONTROL",10,"C",141,231,0.61038961038961
2998,"3envA","CONTROL",10,"N",38,231,0.164502164502165
2998,"3envA","CONTROL",10,"O",50,231,0.216450216450216
2998,"3envA","CONTROL",10,"P",0,231,0
2998,"3envA","CONTROL",10,"S",2,231,0.00865800865800866
2999,"3eonC","CONTROL",10,"C",194,317,0.61198738170347
2999,"3eonC","CONTROL",10,"N",56,317,0.176656151419558
2999,"3eonC","CONTROL",10,"O",65,317,0.205047318611987
2999,"3eonC","CONTROL",10,"P",0,317,0
2999,"3eonC","CONTROL",10,"S",2,317,0.00630914826498423
3000,"3eovB","CONTROL",10,"C",210,348,0.603448275862069
3000,"3eovB","CONTROL",10,"N",69,348,0.198275862068966
3000,"3eovB","CONTROL",10,"O",67,348,0.192528735632184
3000,"3eovB","CONTROL",10,"P",0,348,0
3000,"3eovB","CONTROL",10,"S",2,348,0.00574712643678161
3001,"3ephA","CONTROL",10,"C",181,284,0.637323943661972
3001,"3ephA","CONTROL",10,"N",49,284,0.172535211267606
3001,"3ephA","CONTROL",10,"O",52,284,0.183098591549296
3001,"3ephA","CONTROL",10,"P",0,284,0
3001,"3ephA","CONTROL",10,"S",2,284,0.00704225352112676
3002,"3eq9A","CONTROL",10,"C",284,460,0.617391304347826
3002,"3eq9A","CONTROL",10,"N",84,460,0.182608695652174
3002,"3eq9A","CONTROL",10,"O",88,460,0.191304347826087
3002,"3eq9A","CONTROL",10,"P",0,460,0
3002,"3eq9A","CONTROL",10,"S",4,460,0.00869565217391304
3003,"3eryB","CONTROL",10,"C",387,590,0.65593220338983
3003,"3eryB","CONTROL",10,"N",98,590,0.166101694915254
3003,"3eryB","CONTROL",10,"O",102,590,0.172881355932203
3003,"3eryB","CONTROL",10,"P",0,590,0
3003,"3eryB","CONTROL",10,"S",3,590,0.00508474576271186
3004,"3es7A","CONTROL",10,"C",220,355,0.619718309859155
3004,"3es7A","CONTROL",10,"N",66,355,0.185915492957746
3004,"3es7A","CONTROL",10,"O",69,355,0.194366197183099
3004,"3es7A","CONTROL",10,"P",0,355,0
3004,"3es7A","CONTROL",10,"S",0,355,0
3005,"3etrE","CONTROL",10,"C",390,598,0.652173913043478
3005,"3etrE","CONTROL",10,"N",99,598,0.165551839464883
3005,"3etrE","CONTROL",10,"O",107,598,0.178929765886288
3005,"3etrE","CONTROL",10,"P",0,598,0
3005,"3etrE","CONTROL",10,"S",2,598,0.00334448160535117
3006,"3euvB","CONTROL",10,"C",321,500,0.642
3006,"3euvB","CONTROL",10,"N",86,500,0.172
3006,"3euvB","CONTROL",10,"O",87,500,0.174
3006,"3euvB","CONTROL",10,"P",0,500,0
3006,"3euvB","CONTROL",10,"S",6,500,0.012
3007,"3exhC","CONTROL",10,"C",207,335,0.617910447761194
3007,"3exhC","CONTROL",10,"N",63,335,0.188059701492537
3007,"3exhC","CONTROL",10,"O",60,335,0.17910447761194
3007,"3exhC","CONTROL",10,"P",0,335,0
3007,"3exhC","CONTROL",10,"S",5,335,0.0149253731343284
3008,"3exhE","CONTROL",10,"C",151,245,0.616326530612245
3008,"3exhE","CONTROL",10,"N",45,245,0.183673469387755
3008,"3exhE","CONTROL",10,"O",46,245,0.187755102040816
3008,"3exhE","CONTROL",10,"P",0,245,0
3008,"3exhE","CONTROL",10,"S",3,245,0.0122448979591837
3009,"3f70A","CONTROL",10,"C",142,224,0.633928571428571
3009,"3f70A","CONTROL",10,"N",40,224,0.178571428571429
3009,"3f70A","CONTROL",10,"O",40,224,0.178571428571429
3009,"3f70A","CONTROL",10,"P",0,224,0
3009,"3f70A","CONTROL",10,"S",2,224,0.00892857142857143
3010,"3f7tA","CONTROL",10,"C",189,321,0.588785046728972
3010,"3f7tA","CONTROL",10,"N",69,321,0.214953271028037
3010,"3f7tA","CONTROL",10,"O",60,321,0.186915887850467
3010,"3f7tA","CONTROL",10,"P",0,321,0
3010,"3f7tA","CONTROL",10,"S",3,321,0.00934579439252336
3011,"3f9cB","CONTROL",10,"C",196,291,0.673539518900344
3011,"3f9cB","CONTROL",10,"N",52,291,0.178694158075601
3011,"3f9cB","CONTROL",10,"O",43,291,0.147766323024055
3011,"3f9cB","CONTROL",10,"P",0,291,0
3011,"3f9cB","CONTROL",10,"S",0,291,0
3012,"3fbuA","CONTROL",10,"C",288,436,0.660550458715596
3012,"3fbuA","CONTROL",10,"N",70,436,0.160550458715596
3012,"3fbuA","CONTROL",10,"O",74,436,0.169724770642202
3012,"3fbuA","CONTROL",10,"P",0,436,0
3012,"3fbuA","CONTROL",10,"S",4,436,0.0091743119266055
3013,"3fg4B","CONTROL",10,"C",178,281,0.633451957295374
3013,"3fg4B","CONTROL",10,"N",50,281,0.177935943060498
3013,"3fg4B","CONTROL",10,"O",51,281,0.181494661921708
3013,"3fg4B","CONTROL",10,"P",0,281,0
3013,"3fg4B","CONTROL",10,"S",2,281,0.00711743772241993
3014,"3fhvA","CONTROL",10,"C",103,169,0.609467455621302
3014,"3fhvA","CONTROL",10,"N",31,169,0.183431952662722
3014,"3fhvA","CONTROL",10,"O",34,169,0.201183431952663
3014,"3fhvA","CONTROL",10,"P",0,169,0
3014,"3fhvA","CONTROL",10,"S",1,169,0.00591715976331361
3015,"3fmqA","CONTROL",10,"C",263,410,0.641463414634146
3015,"3fmqA","CONTROL",10,"N",73,410,0.178048780487805
3015,"3fmqA","CONTROL",10,"O",73,410,0.178048780487805
3015,"3fmqA","CONTROL",10,"P",0,410,0
3015,"3fmqA","CONTROL",10,"S",1,410,0.0024390243902439
3016,"3fmwA","CONTROL",10,"C",412,658,0.626139817629179
3016,"3fmwA","CONTROL",10,"N",128,658,0.194528875379939
3016,"3fmwA","CONTROL",10,"O",117,658,0.177811550151976
3016,"3fmwA","CONTROL",10,"P",0,658,0
3016,"3fmwA","CONTROL",10,"S",1,658,0.00151975683890578
3017,"3fnuA","CONTROL",10,"C",294,455,0.646153846153846
3017,"3fnuA","CONTROL",10,"N",73,455,0.16043956043956
3017,"3fnuA","CONTROL",10,"O",84,455,0.184615384615385
3017,"3fnuA","CONTROL",10,"P",0,455,0
3017,"3fnuA","CONTROL",10,"S",4,455,0.00879120879120879
3018,"3fr8B","CONTROL",10,"C",371,579,0.640759930915371
3018,"3fr8B","CONTROL",10,"N",101,579,0.174438687392055
3018,"3fr8B","CONTROL",10,"O",103,579,0.177892918825561
3018,"3fr8B","CONTROL",10,"P",0,579,0
3018,"3fr8B","CONTROL",10,"S",4,579,0.00690846286701209
3019,"3fssA","CONTROL",10,"C",143,215,0.665116279069767
3019,"3fssA","CONTROL",10,"N",37,215,0.172093023255814
3019,"3fssA","CONTROL",10,"O",35,215,0.162790697674419
3019,"3fssA","CONTROL",10,"P",0,215,0
3019,"3fssA","CONTROL",10,"S",0,215,0
3020,"3fv3G","CONTROL",10,"C",294,488,0.602459016393443
3020,"3fv3G","CONTROL",10,"N",83,488,0.170081967213115
3020,"3fv3G","CONTROL",10,"O",111,488,0.227459016393443
3020,"3fv3G","CONTROL",10,"P",0,488,0
3020,"3fv3G","CONTROL",10,"S",0,488,0
3021,"3fvlB","CONTROL",10,"C",238,387,0.614987080103359
3021,"3fvlB","CONTROL",10,"N",72,387,0.186046511627907
3021,"3fvlB","CONTROL",10,"O",77,387,0.198966408268734
3021,"3fvlB","CONTROL",10,"P",0,387,0
3021,"3fvlB","CONTROL",10,"S",0,387,0
3022,"3fxlA","CONTROL",10,"C",130,225,0.577777777777778
3022,"3fxlA","CONTROL",10,"N",44,225,0.195555555555556
3022,"3fxlA","CONTROL",10,"O",49,225,0.217777777777778
3022,"3fxlA","CONTROL",10,"P",0,225,0
3022,"3fxlA","CONTROL",10,"S",2,225,0.00888888888888889
3023,"3fxrA","CONTROL",10,"C",131,216,0.606481481481482
3023,"3fxrA","CONTROL",10,"N",45,216,0.208333333333333
3023,"3fxrA","CONTROL",10,"O",39,216,0.180555555555556
3023,"3fxrA","CONTROL",10,"P",0,216,0
3023,"3fxrA","CONTROL",10,"S",1,216,0.00462962962962963
3024,"3fz5A","CONTROL",10,"C",193,278,0.694244604316547
3024,"3fz5A","CONTROL",10,"N",41,278,0.147482014388489
3024,"3fz5A","CONTROL",10,"O",44,278,0.158273381294964
3024,"3fz5A","CONTROL",10,"P",0,278,0
3024,"3fz5A","CONTROL",10,"S",0,278,0
3025,"3g3uB","CONTROL",10,"C",165,268,0.615671641791045
3025,"3g3uB","CONTROL",10,"N",55,268,0.205223880597015
3025,"3g3uB","CONTROL",10,"O",48,268,0.17910447761194
3025,"3g3uB","CONTROL",10,"P",0,268,0
3025,"3g3uB","CONTROL",10,"S",0,268,0
3026,"3g5kA","CONTROL",10,"C",287,449,0.639198218262806
3026,"3g5kA","CONTROL",10,"N",80,449,0.178173719376392
3026,"3g5kA","CONTROL",10,"O",75,449,0.167037861915367
3026,"3g5kA","CONTROL",10,"P",0,449,0
3026,"3g5kA","CONTROL",10,"S",7,449,0.0155902004454343
3027,"3g68B","CONTROL",10,"C",144,238,0.605042016806723
3027,"3g68B","CONTROL",10,"N",44,238,0.184873949579832
3027,"3g68B","CONTROL",10,"O",49,238,0.205882352941176
3027,"3g68B","CONTROL",10,"P",0,238,0
3027,"3g68B","CONTROL",10,"S",1,238,0.00420168067226891
3028,"3g6nA","CONTROL",10,"C",193,310,0.62258064516129
3028,"3g6nA","CONTROL",10,"N",58,310,0.187096774193548
3028,"3g6nA","CONTROL",10,"O",57,310,0.183870967741935
3028,"3g6nA","CONTROL",10,"P",0,310,0
3028,"3g6nA","CONTROL",10,"S",2,310,0.00645161290322581
3029,"3gd9A","CONTROL",10,"C",258,415,0.621686746987952
3029,"3gd9A","CONTROL",10,"N",72,415,0.173493975903614
3029,"3gd9A","CONTROL",10,"O",83,415,0.2
3029,"3gd9A","CONTROL",10,"P",0,415,0
3029,"3gd9A","CONTROL",10,"S",2,415,0.00481927710843374
3030,"3gf3A","CONTROL",10,"C",223,358,0.622905027932961
3030,"3gf3A","CONTROL",10,"N",65,358,0.181564245810056
3030,"3gf3A","CONTROL",10,"O",68,358,0.189944134078212
3030,"3gf3A","CONTROL",10,"P",0,358,0
3030,"3gf3A","CONTROL",10,"S",2,358,0.00558659217877095
3031,"3gguB","CONTROL",10,"C",132,215,0.613953488372093
3031,"3gguB","CONTROL",10,"N",40,215,0.186046511627907
3031,"3gguB","CONTROL",10,"O",42,215,0.195348837209302
3031,"3gguB","CONTROL",10,"P",0,215,0
3031,"3gguB","CONTROL",10,"S",1,215,0.00465116279069767
3032,"3gh5A","CONTROL",10,"C",228,379,0.601583113456464
3032,"3gh5A","CONTROL",10,"N",71,379,0.187335092348285
3032,"3gh5A","CONTROL",10,"O",78,379,0.205804749340369
3032,"3gh5A","CONTROL",10,"P",0,379,0
3032,"3gh5A","CONTROL",10,"S",2,379,0.00527704485488127
3033,"3ghgE","CONTROL",10,"C",203,338,0.600591715976331
3033,"3ghgE","CONTROL",10,"N",65,338,0.192307692307692
3033,"3ghgE","CONTROL",10,"O",66,338,0.195266272189349
3033,"3ghgE","CONTROL",10,"P",0,338,0
3033,"3ghgE","CONTROL",10,"S",4,338,0.0118343195266272
3034,"3gjbB","CONTROL",10,"C",188,295,0.63728813559322
3034,"3gjbB","CONTROL",10,"N",50,295,0.169491525423729
3034,"3gjbB","CONTROL",10,"O",57,295,0.193220338983051
3034,"3gjbB","CONTROL",10,"P",0,295,0
3034,"3gjbB","CONTROL",10,"S",0,295,0
3035,"3gm5A","CONTROL",10,"C",244,386,0.632124352331606
3035,"3gm5A","CONTROL",10,"N",65,386,0.16839378238342
3035,"3gm5A","CONTROL",10,"O",75,386,0.194300518134715
3035,"3gm5A","CONTROL",10,"P",0,386,0
3035,"3gm5A","CONTROL",10,"S",2,386,0.00518134715025907
3036,"3gmvA","CONTROL",10,"C",90,146,0.616438356164384
3036,"3gmvA","CONTROL",10,"N",23,146,0.157534246575342
3036,"3gmvA","CONTROL",10,"O",33,146,0.226027397260274
3036,"3gmvA","CONTROL",10,"P",0,146,0
3036,"3gmvA","CONTROL",10,"S",0,146,0
3037,"3goyA","CONTROL",10,"C",165,253,0.652173913043478
3037,"3goyA","CONTROL",10,"N",40,253,0.158102766798419
3037,"3goyA","CONTROL",10,"O",48,253,0.189723320158103
3037,"3goyA","CONTROL",10,"P",0,253,0
3037,"3goyA","CONTROL",10,"S",0,253,0
3038,"3gyhA","CONTROL",10,"C",136,217,0.626728110599078
3038,"3gyhA","CONTROL",10,"N",45,217,0.207373271889401
3038,"3gyhA","CONTROL",10,"O",35,217,0.161290322580645
3038,"3gyhA","CONTROL",10,"P",0,217,0
3038,"3gyhA","CONTROL",10,"S",1,217,0.00460829493087558
3039,"3gyqB","CONTROL",10,"C",201,321,0.626168224299065
3039,"3gyqB","CONTROL",10,"N",52,321,0.161993769470405
3039,"3gyqB","CONTROL",10,"O",67,321,0.208722741433022
3039,"3gyqB","CONTROL",10,"P",0,321,0
3039,"3gyqB","CONTROL",10,"S",1,321,0.00311526479750779
3040,"3h0mJ","CONTROL",10,"C",231,372,0.620967741935484
3040,"3h0mJ","CONTROL",10,"N",67,372,0.18010752688172
3040,"3h0mJ","CONTROL",10,"O",72,372,0.193548387096774
3040,"3h0mJ","CONTROL",10,"P",0,372,0
3040,"3h0mJ","CONTROL",10,"S",2,372,0.00537634408602151
3041,"3h3lB","CONTROL",10,"C",158,252,0.626984126984127
3041,"3h3lB","CONTROL",10,"N",40,252,0.158730158730159
3041,"3h3lB","CONTROL",10,"O",53,252,0.21031746031746
3041,"3h3lB","CONTROL",10,"P",0,252,0
3041,"3h3lB","CONTROL",10,"S",1,252,0.00396825396825397
3042,"3h5zA","CONTROL",10,"C",431,647,0.666151468315301
3042,"3h5zA","CONTROL",10,"N",107,647,0.165378670788253
3042,"3h5zA","CONTROL",10,"O",106,647,0.163833075734158
3042,"3h5zA","CONTROL",10,"P",0,647,0
3042,"3h5zA","CONTROL",10,"S",3,647,0.00463678516228748
3043,"3h62A","CONTROL",10,"C",175,301,0.581395348837209
3043,"3h62A","CONTROL",10,"N",63,301,0.209302325581395
3043,"3h62A","CONTROL",10,"O",59,301,0.196013289036545
3043,"3h62A","CONTROL",10,"P",0,301,0
3043,"3h62A","CONTROL",10,"S",4,301,0.0132890365448505
3044,"3h7jB","CONTROL",10,"C",222,353,0.628895184135977
3044,"3h7jB","CONTROL",10,"N",65,353,0.18413597733711
3044,"3h7jB","CONTROL",10,"O",59,353,0.1671388101983
3044,"3h7jB","CONTROL",10,"P",0,353,0
3044,"3h7jB","CONTROL",10,"S",7,353,0.0198300283286119
3045,"3h8gC","CONTROL",10,"C",238,393,0.60559796437659
3045,"3h8gC","CONTROL",10,"N",73,393,0.185750636132316
3045,"3h8gC","CONTROL",10,"O",79,393,0.201017811704835
3045,"3h8gC","CONTROL",10,"P",0,393,0
3045,"3h8gC","CONTROL",10,"S",3,393,0.00763358778625954
3046,"3h9kD","CONTROL",10,"C",208,314,0.662420382165605
3046,"3h9kD","CONTROL",10,"N",53,314,0.168789808917197
3046,"3h9kD","CONTROL",10,"O",51,314,0.162420382165605
3046,"3h9kD","CONTROL",10,"P",0,314,0
3046,"3h9kD","CONTROL",10,"S",2,314,0.00636942675159236
3047,"3hhiB","CONTROL",10,"C",261,419,0.62291169451074
3047,"3hhiB","CONTROL",10,"N",74,419,0.176610978520286
3047,"3hhiB","CONTROL",10,"O",79,419,0.18854415274463
3047,"3hhiB","CONTROL",10,"P",0,419,0
3047,"3hhiB","CONTROL",10,"S",5,419,0.0119331742243437
3048,"3hhwC","CONTROL",10,"C",112,163,0.687116564417178
3048,"3hhwC","CONTROL",10,"N",26,163,0.159509202453988
3048,"3hhwC","CONTROL",10,"O",25,163,0.153374233128834
3048,"3hhwC","CONTROL",10,"P",0,163,0
3048,"3hhwC","CONTROL",10,"S",0,163,0
3049,"3hi0B","CONTROL",10,"C",150,225,0.666666666666667
3049,"3hi0B","CONTROL",10,"N",36,225,0.16
3049,"3hi0B","CONTROL",10,"O",39,225,0.173333333333333
3049,"3hi0B","CONTROL",10,"P",0,225,0
3049,"3hi0B","CONTROL",10,"S",0,225,0
3050,"3hk9E","CONTROL",10,"C",208,337,0.617210682492582
3050,"3hk9E","CONTROL",10,"N",66,337,0.195845697329377
3050,"3hk9E","CONTROL",10,"O",62,337,0.183976261127596
3050,"3hk9E","CONTROL",10,"P",0,337,0
3050,"3hk9E","CONTROL",10,"S",1,337,0.0029673590504451
3051,"3hklB","CONTROL",10,"C",104,163,0.638036809815951
3051,"3hklB","CONTROL",10,"N",28,163,0.171779141104294
3051,"3hklB","CONTROL",10,"O",29,163,0.177914110429448
3051,"3hklB","CONTROL",10,"P",0,163,0
3051,"3hklB","CONTROL",10,"S",2,163,0.0122699386503067
3052,"3hkvA","CONTROL",10,"C",200,305,0.655737704918033
3052,"3hkvA","CONTROL",10,"N",52,305,0.170491803278689
3052,"3hkvA","CONTROL",10,"O",52,305,0.170491803278689
3052,"3hkvA","CONTROL",10,"P",0,305,0
3052,"3hkvA","CONTROL",10,"S",1,305,0.00327868852459016
3053,"3hmzA","CONTROL",10,"C",263,405,0.649382716049383
3053,"3hmzA","CONTROL",10,"N",67,405,0.165432098765432
3053,"3hmzA","CONTROL",10,"O",73,405,0.180246913580247
3053,"3hmzA","CONTROL",10,"P",0,405,0
3053,"3hmzA","CONTROL",10,"S",2,405,0.00493827160493827
3054,"3hpyB","CONTROL",10,"C",202,317,0.637223974763407
3054,"3hpyB","CONTROL",10,"N",58,317,0.182965299684543
3054,"3hpyB","CONTROL",10,"O",56,317,0.176656151419558
3054,"3hpyB","CONTROL",10,"P",0,317,0
3054,"3hpyB","CONTROL",10,"S",1,317,0.00315457413249211
3055,"3hrdC","CONTROL",10,"C",387,605,0.639669421487603
3055,"3hrdC","CONTROL",10,"N",102,605,0.168595041322314
3055,"3hrdC","CONTROL",10,"O",114,605,0.188429752066116
3055,"3hrdC","CONTROL",10,"P",0,605,0
3055,"3hrdC","CONTROL",10,"S",2,605,0.00330578512396694
3056,"3ht5A","CONTROL",10,"C",224,359,0.623955431754875
3056,"3ht5A","CONTROL",10,"N",68,359,0.18941504178273
3056,"3ht5A","CONTROL",10,"O",64,359,0.178272980501393
3056,"3ht5A","CONTROL",10,"P",0,359,0
3056,"3ht5A","CONTROL",10,"S",3,359,0.00835654596100279
3057,"3htxD","CONTROL",10,"C",245,387,0.633074935400517
3057,"3htxD","CONTROL",10,"N",62,387,0.160206718346253
3057,"3htxD","CONTROL",10,"O",77,387,0.198966408268734
3057,"3htxD","CONTROL",10,"P",0,387,0
3057,"3htxD","CONTROL",10,"S",3,387,0.00775193798449612
3058,"3hw4D","CONTROL",10,"C",257,389,0.660668380462725
3058,"3hw4D","CONTROL",10,"N",61,389,0.15681233933162
3058,"3hw4D","CONTROL",10,"O",68,389,0.174807197943445
3058,"3hw4D","CONTROL",10,"P",0,389,0
3058,"3hw4D","CONTROL",10,"S",3,389,0.0077120822622108
3059,"3hwkE","CONTROL",10,"C",163,265,0.615094339622641
3059,"3hwkE","CONTROL",10,"N",54,265,0.20377358490566
3059,"3hwkE","CONTROL",10,"O",48,265,0.181132075471698
3059,"3hwkE","CONTROL",10,"P",0,265,0
3059,"3hwkE","CONTROL",10,"S",0,265,0
3060,"3hwoB","CONTROL",10,"C",261,412,0.633495145631068
3060,"3hwoB","CONTROL",10,"N",75,412,0.182038834951456
3060,"3hwoB","CONTROL",10,"O",75,412,0.182038834951456
3060,"3hwoB","CONTROL",10,"P",0,412,0
3060,"3hwoB","CONTROL",10,"S",1,412,0.00242718446601942
3061,"3hxfB","CONTROL",10,"C",335,524,0.639312977099237
3061,"3hxfB","CONTROL",10,"N",91,524,0.173664122137405
3061,"3hxfB","CONTROL",10,"O",91,524,0.173664122137405
3061,"3hxfB","CONTROL",10,"P",0,524,0
3061,"3hxfB","CONTROL",10,"S",7,524,0.0133587786259542
3062,"3i0uA","CONTROL",10,"C",115,179,0.642458100558659
3062,"3i0uA","CONTROL",10,"N",30,179,0.167597765363128
3062,"3i0uA","CONTROL",10,"O",32,179,0.17877094972067
3062,"3i0uA","CONTROL",10,"P",0,179,0
3062,"3i0uA","CONTROL",10,"S",2,179,0.0111731843575419
3063,"3i3aB","CONTROL",10,"C",160,260,0.615384615384615
3063,"3i3aB","CONTROL",10,"N",52,260,0.2
3063,"3i3aB","CONTROL",10,"O",46,260,0.176923076923077
3063,"3i3aB","CONTROL",10,"P",0,260,0
3063,"3i3aB","CONTROL",10,"S",2,260,0.00769230769230769
3064,"3i3lA","CONTROL",10,"C",465,730,0.636986301369863
3064,"3i3lA","CONTROL",10,"N",129,730,0.176712328767123
3064,"3i3lA","CONTROL",10,"O",134,730,0.183561643835616
3064,"3i3lA","CONTROL",10,"P",0,730,0
3064,"3i3lA","CONTROL",10,"S",2,730,0.00273972602739726
3065,"3i45A","CONTROL",10,"C",224,331,0.676737160120846
3065,"3i45A","CONTROL",10,"N",51,331,0.154078549848943
3065,"3i45A","CONTROL",10,"O",55,331,0.166163141993958
3065,"3i45A","CONTROL",10,"P",0,331,0
3065,"3i45A","CONTROL",10,"S",1,331,0.00302114803625378
3066,"3i53A","CONTROL",10,"C",293,436,0.672018348623853
3066,"3i53A","CONTROL",10,"N",66,436,0.151376146788991
3066,"3i53A","CONTROL",10,"O",75,436,0.172018348623853
3066,"3i53A","CONTROL",10,"P",0,436,0
3066,"3i53A","CONTROL",10,"S",2,436,0.00458715596330275
3067,"3i5aA","CONTROL",10,"C",126,206,0.611650485436893
3067,"3i5aA","CONTROL",10,"N",37,206,0.179611650485437
3067,"3i5aA","CONTROL",10,"O",41,206,0.199029126213592
3067,"3i5aA","CONTROL",10,"P",0,206,0
3067,"3i5aA","CONTROL",10,"S",2,206,0.00970873786407767
3068,"3i6mA","CONTROL",10,"C",333,491,0.678207739307536
3068,"3i6mA","CONTROL",10,"N",73,491,0.14867617107943
3068,"3i6mA","CONTROL",10,"O",82,491,0.167006109979633
3068,"3i6mA","CONTROL",10,"P",0,491,0
3068,"3i6mA","CONTROL",10,"S",3,491,0.00610997963340122
3069,"3i99A","CONTROL",10,"C",455,696,0.653735632183908
3069,"3i99A","CONTROL",10,"N",122,696,0.175287356321839
3069,"3i99A","CONTROL",10,"O",118,696,0.169540229885057
3069,"3i99A","CONTROL",10,"P",0,696,0
3069,"3i99A","CONTROL",10,"S",1,696,0.0014367816091954
3070,"3ie1B","CONTROL",10,"C",449,713,0.629733520336606
3070,"3ie1B","CONTROL",10,"N",132,713,0.185133239831697
3070,"3ie1B","CONTROL",10,"O",128,713,0.179523141654979
3070,"3ie1B","CONTROL",10,"P",0,713,0
3070,"3ie1B","CONTROL",10,"S",4,713,0.00561009817671809
3071,"3ihzA","CONTROL",10,"C",213,325,0.655384615384615
3071,"3ihzA","CONTROL",10,"N",51,325,0.156923076923077
3071,"3ihzA","CONTROL",10,"O",60,325,0.184615384615385
3071,"3ihzA","CONTROL",10,"P",0,325,0
3071,"3ihzA","CONTROL",10,"S",1,325,0.00307692307692308
3072,"3ikbB","CONTROL",10,"C",207,314,0.659235668789809
3072,"3ikbB","CONTROL",10,"N",56,314,0.178343949044586
3072,"3ikbB","CONTROL",10,"O",51,314,0.162420382165605
3072,"3ikbB","CONTROL",10,"P",0,314,0
3072,"3ikbB","CONTROL",10,"S",0,314,0
3073,"3ilfA","CONTROL",10,"C",260,415,0.626506024096386
3073,"3ilfA","CONTROL",10,"N",74,415,0.178313253012048
3073,"3ilfA","CONTROL",10,"O",81,415,0.195180722891566
3073,"3ilfA","CONTROL",10,"P",0,415,0
3073,"3ilfA","CONTROL",10,"S",0,415,0
3074,"3ioqA","CONTROL",10,"C",203,318,0.638364779874214
3074,"3ioqA","CONTROL",10,"N",53,318,0.166666666666667
3074,"3ioqA","CONTROL",10,"O",59,318,0.185534591194969
3074,"3ioqA","CONTROL",10,"P",0,318,0
3074,"3ioqA","CONTROL",10,"S",3,318,0.00943396226415094
3075,"3it3A","CONTROL",10,"C",235,369,0.636856368563686
3075,"3it3A","CONTROL",10,"N",64,369,0.173441734417344
3075,"3it3A","CONTROL",10,"O",69,369,0.186991869918699
3075,"3it3A","CONTROL",10,"P",0,369,0
3075,"3it3A","CONTROL",10,"S",1,369,0.002710027100271
3076,"3it6A","CONTROL",10,"C",82,136,0.602941176470588
3076,"3it6A","CONTROL",10,"N",26,136,0.191176470588235
3076,"3it6A","CONTROL",10,"O",27,136,0.198529411764706
3076,"3it6A","CONTROL",10,"P",0,136,0
3076,"3it6A","CONTROL",10,"S",1,136,0.00735294117647059
3077,"3it7B","CONTROL",10,"C",153,248,0.616935483870968
3077,"3it7B","CONTROL",10,"N",46,248,0.185483870967742
3077,"3it7B","CONTROL",10,"O",49,248,0.19758064516129
3077,"3it7B","CONTROL",10,"P",0,248,0
3077,"3it7B","CONTROL",10,"S",0,248,0
3078,"3itcA","CONTROL",10,"C",184,311,0.591639871382637
3078,"3itcA","CONTROL",10,"N",63,311,0.202572347266881
3078,"3itcA","CONTROL",10,"O",64,311,0.205787781350482
3078,"3itcA","CONTROL",10,"P",0,311,0
3078,"3itcA","CONTROL",10,"S",0,311,0
3079,"3iuqA","CONTROL",10,"C",182,282,0.645390070921986
3079,"3iuqA","CONTROL",10,"N",47,282,0.166666666666667
3079,"3iuqA","CONTROL",10,"O",52,282,0.184397163120567
3079,"3iuqA","CONTROL",10,"P",0,282,0
3079,"3iuqA","CONTROL",10,"S",1,282,0.00354609929078014
3080,"3iylR","CONTROL",10,"C",207,310,0.667741935483871
3080,"3iylR","CONTROL",10,"N",48,310,0.154838709677419
3080,"3iylR","CONTROL",10,"O",52,310,0.167741935483871
3080,"3iylR","CONTROL",10,"P",0,310,0
3080,"3iylR","CONTROL",10,"S",3,310,0.00967741935483871
3081,"3jbeA","CONTROL",10,"C",329,479,0.686847599164927
3081,"3jbeA","CONTROL",10,"N",70,479,0.146137787056367
3081,"3jbeA","CONTROL",10,"O",77,479,0.160751565762004
3081,"3jbeA","CONTROL",10,"P",0,479,0
3081,"3jbeA","CONTROL",10,"S",3,479,0.00626304801670146
3082,"3jtkB","CONTROL",10,"C",454,679,0.668630338733431
3082,"3jtkB","CONTROL",10,"N",112,679,0.164948453608247
3082,"3jtkB","CONTROL",10,"O",111,679,0.163475699558174
3082,"3jtkB","CONTROL",10,"P",0,679,0
3082,"3jtkB","CONTROL",10,"S",2,679,0.00294550810014728
3083,"3jucA","CONTROL",10,"C",220,319,0.689655172413793
3083,"3jucA","CONTROL",10,"N",47,319,0.147335423197492
3083,"3jucA","CONTROL",10,"O",51,319,0.15987460815047
3083,"3jucA","CONTROL",10,"P",0,319,0
3083,"3jucA","CONTROL",10,"S",1,319,0.00313479623824451
3084,"3jyjA","CONTROL",10,"C",196,324,0.604938271604938
3084,"3jyjA","CONTROL",10,"N",64,324,0.197530864197531
3084,"3jyjA","CONTROL",10,"O",61,324,0.188271604938272
3084,"3jyjA","CONTROL",10,"P",0,324,0
3084,"3jyjA","CONTROL",10,"S",3,324,0.00925925925925926
3085,"3k3oA","CONTROL",10,"C",224,344,0.651162790697674
3085,"3k3oA","CONTROL",10,"N",56,344,0.162790697674419
3085,"3k3oA","CONTROL",10,"O",63,344,0.183139534883721
3085,"3k3oA","CONTROL",10,"P",0,344,0
3085,"3k3oA","CONTROL",10,"S",1,344,0.00290697674418605
3086,"3k4dB","CONTROL",10,"C",234,376,0.622340425531915
3086,"3k4dB","CONTROL",10,"N",73,376,0.194148936170213
3086,"3k4dB","CONTROL",10,"O",68,376,0.180851063829787
3086,"3k4dB","CONTROL",10,"P",0,376,0
3086,"3k4dB","CONTROL",10,"S",1,376,0.00265957446808511
3087,"3k6lA","CONTROL",10,"C",228,354,0.64406779661017
3087,"3k6lA","CONTROL",10,"N",62,354,0.175141242937853
3087,"3k6lA","CONTROL",10,"O",61,354,0.172316384180791
3087,"3k6lA","CONTROL",10,"P",0,354,0
3087,"3k6lA","CONTROL",10,"S",3,354,0.00847457627118644
3088,"3k7vB","CONTROL",10,"C",224,371,0.60377358490566
3088,"3k7vB","CONTROL",10,"N",73,371,0.196765498652291
3088,"3k7vB","CONTROL",10,"O",70,371,0.188679245283019
3088,"3k7vB","CONTROL",10,"P",0,371,0
3088,"3k7vB","CONTROL",10,"S",4,371,0.0107816711590297
3089,"3k87B","CONTROL",10,"C",252,391,0.644501278772379
3089,"3k87B","CONTROL",10,"N",62,391,0.158567774936061
3089,"3k87B","CONTROL",10,"O",74,391,0.18925831202046
3089,"3k87B","CONTROL",10,"P",0,391,0
3089,"3k87B","CONTROL",10,"S",3,391,0.00767263427109974
3090,"3k8gB","CONTROL",10,"C",196,286,0.685314685314685
3090,"3k8gB","CONTROL",10,"N",40,286,0.13986013986014
3090,"3k8gB","CONTROL",10,"O",47,286,0.164335664335664
3090,"3k8gB","CONTROL",10,"P",0,286,0
3090,"3k8gB","CONTROL",10,"S",3,286,0.0104895104895105
3091,"3kb4C","CONTROL",10,"C",340,526,0.64638783269962
3091,"3kb4C","CONTROL",10,"N",93,526,0.17680608365019
3091,"3kb4C","CONTROL",10,"O",92,526,0.174904942965779
3091,"3kb4C","CONTROL",10,"P",0,526,0
3091,"3kb4C","CONTROL",10,"S",1,526,0.00190114068441065
3092,"3kdzB","CONTROL",10,"C",181,295,0.613559322033898
3092,"3kdzB","CONTROL",10,"N",56,295,0.189830508474576
3092,"3kdzB","CONTROL",10,"O",57,295,0.193220338983051
3092,"3kdzB","CONTROL",10,"P",0,295,0
3092,"3kdzB","CONTROL",10,"S",1,295,0.00338983050847458
3093,"3kgyA","CONTROL",10,"C",307,466,0.658798283261803
3093,"3kgyA","CONTROL",10,"N",83,466,0.178111587982833
3093,"3kgyA","CONTROL",10,"O",76,466,0.163090128755365
3093,"3kgyA","CONTROL",10,"P",0,466,0
3093,"3kgyA","CONTROL",10,"S",0,466,0
3094,"3khsD","CONTROL",10,"C",139,223,0.623318385650224
3094,"3khsD","CONTROL",10,"N",40,223,0.179372197309417
3094,"3khsD","CONTROL",10,"O",42,223,0.188340807174888
3094,"3khsD","CONTROL",10,"P",0,223,0
3094,"3khsD","CONTROL",10,"S",2,223,0.00896860986547085
3095,"3ki6A","CONTROL",10,"C",219,340,0.644117647058824
3095,"3ki6A","CONTROL",10,"N",58,340,0.170588235294118
3095,"3ki6A","CONTROL",10,"O",62,340,0.182352941176471
3095,"3ki6A","CONTROL",10,"P",0,340,0
3095,"3ki6A","CONTROL",10,"S",1,340,0.00294117647058824
3096,"3kjrB","CONTROL",10,"C",332,495,0.670707070707071
3096,"3kjrB","CONTROL",10,"N",77,495,0.155555555555556
3096,"3kjrB","CONTROL",10,"O",86,495,0.173737373737374
3096,"3kjrB","CONTROL",10,"P",0,495,0
3096,"3kjrB","CONTROL",10,"S",0,495,0
3097,"3kqiA","CONTROL",10,"C",205,321,0.638629283489097
3097,"3kqiA","CONTROL",10,"N",53,321,0.165109034267913
3097,"3kqiA","CONTROL",10,"O",60,321,0.186915887850467
3097,"3kqiA","CONTROL",10,"P",0,321,0
3097,"3kqiA","CONTROL",10,"S",3,321,0.00934579439252336
3098,"3kt7A","CONTROL",10,"C",212,335,0.632835820895522
3098,"3kt7A","CONTROL",10,"N",59,335,0.176119402985075
3098,"3kt7A","CONTROL",10,"O",64,335,0.191044776119403
3098,"3kt7A","CONTROL",10,"P",0,335,0
3098,"3kt7A","CONTROL",10,"S",0,335,0
3099,"3kvaA","CONTROL",10,"C",236,365,0.646575342465753
3099,"3kvaA","CONTROL",10,"N",62,365,0.16986301369863
3099,"3kvaA","CONTROL",10,"O",66,365,0.180821917808219
3099,"3kvaA","CONTROL",10,"P",0,365,0
3099,"3kvaA","CONTROL",10,"S",1,365,0.00273972602739726
3100,"3kvnB","CONTROL",10,"C",324,497,0.651911468812877
3100,"3kvnB","CONTROL",10,"N",81,497,0.162977867203219
3100,"3kvnB","CONTROL",10,"O",91,497,0.183098591549296
3100,"3kvnB","CONTROL",10,"P",0,497,0
3100,"3kvnB","CONTROL",10,"S",1,497,0.00201207243460765
3101,"3kw0A","CONTROL",10,"C",202,308,0.655844155844156
3101,"3kw0A","CONTROL",10,"N",47,308,0.152597402597403
3101,"3kw0A","CONTROL",10,"O",57,308,0.185064935064935
3101,"3kw0A","CONTROL",10,"P",0,308,0
3101,"3kw0A","CONTROL",10,"S",2,308,0.00649350649350649
3102,"3kw5A","CONTROL",10,"C",153,239,0.640167364016736
3102,"3kw5A","CONTROL",10,"N",45,239,0.188284518828452
3102,"3kw5A","CONTROL",10,"O",39,239,0.163179916317992
3102,"3kw5A","CONTROL",10,"P",0,239,0
3102,"3kw5A","CONTROL",10,"S",2,239,0.00836820083682008
3103,"3kxaD","CONTROL",10,"C",67,100,0.67
3103,"3kxaD","CONTROL",10,"N",17,100,0.17
3103,"3kxaD","CONTROL",10,"O",14,100,0.14
3103,"3kxaD","CONTROL",10,"P",0,100,0
3103,"3kxaD","CONTROL",10,"S",2,100,0.02
3104,"3kyqA","CONTROL",10,"C",232,357,0.649859943977591
3104,"3kyqA","CONTROL",10,"N",54,357,0.151260504201681
3104,"3kyqA","CONTROL",10,"O",68,357,0.19047619047619
3104,"3kyqA","CONTROL",10,"P",0,357,0
3104,"3kyqA","CONTROL",10,"S",3,357,0.00840336134453781
3105,"3kz7A","CONTROL",10,"C",210,316,0.664556962025316
3105,"3kz7A","CONTROL",10,"N",48,316,0.151898734177215
3105,"3kz7A","CONTROL",10,"O",57,316,0.180379746835443
3105,"3kz7A","CONTROL",10,"P",0,316,0
3105,"3kz7A","CONTROL",10,"S",1,316,0.00316455696202532
3106,"3l11A","CONTROL",10,"C",111,175,0.634285714285714
3106,"3l11A","CONTROL",10,"N",29,175,0.165714285714286
3106,"3l11A","CONTROL",10,"O",30,175,0.171428571428571
3106,"3l11A","CONTROL",10,"P",0,175,0
3106,"3l11A","CONTROL",10,"S",5,175,0.0285714285714286
3107,"3l4kA","CONTROL",10,"C",139,226,0.615044247787611
3107,"3l4kA","CONTROL",10,"N",44,226,0.194690265486726
3107,"3l4kA","CONTROL",10,"O",43,226,0.190265486725664
3107,"3l4kA","CONTROL",10,"P",0,226,0
3107,"3l4kA","CONTROL",10,"S",0,226,0
3108,"3l4lA","CONTROL",10,"C",211,314,0.671974522292994
3108,"3l4lA","CONTROL",10,"N",50,314,0.159235668789809
3108,"3l4lA","CONTROL",10,"O",49,314,0.156050955414013
3108,"3l4lA","CONTROL",10,"P",0,314,0
3108,"3l4lA","CONTROL",10,"S",4,314,0.0127388535031847
3109,"3l95C","CONTROL",10,"C",118,195,0.605128205128205
3109,"3l95C","CONTROL",10,"N",34,195,0.174358974358974
3109,"3l95C","CONTROL",10,"O",42,195,0.215384615384615
3109,"3l95C","CONTROL",10,"P",0,195,0
3109,"3l95C","CONTROL",10,"S",1,195,0.00512820512820513
3110,"3la7A","CONTROL",10,"C",252,384,0.65625
3110,"3la7A","CONTROL",10,"N",67,384,0.174479166666667
3110,"3la7A","CONTROL",10,"O",62,384,0.161458333333333
3110,"3la7A","CONTROL",10,"P",0,384,0
3110,"3la7A","CONTROL",10,"S",3,384,0.0078125
3111,"3lbaA","CONTROL",10,"C",176,276,0.63768115942029
3111,"3lbaA","CONTROL",10,"N",46,276,0.166666666666667
3111,"3lbaA","CONTROL",10,"O",53,276,0.192028985507246
3111,"3lbaA","CONTROL",10,"P",0,276,0
3111,"3lbaA","CONTROL",10,"S",1,276,0.0036231884057971
3112,"3ld4A","CONTROL",10,"C",148,235,0.629787234042553
3112,"3ld4A","CONTROL",10,"N",43,235,0.182978723404255
3112,"3ld4A","CONTROL",10,"O",43,235,0.182978723404255
3112,"3ld4A","CONTROL",10,"P",0,235,0
3112,"3ld4A","CONTROL",10,"S",1,235,0.00425531914893617
3113,"3ldbA","CONTROL",10,"C",205,328,0.625
3113,"3ldbA","CONTROL",10,"N",62,328,0.189024390243902
3113,"3ldbA","CONTROL",10,"O",61,328,0.185975609756098
3113,"3ldbA","CONTROL",10,"P",0,328,0
3113,"3ldbA","CONTROL",10,"S",0,328,0
3114,"3ldfA","CONTROL",10,"C",286,436,0.655963302752294
3114,"3ldfA","CONTROL",10,"N",69,436,0.158256880733945
3114,"3ldfA","CONTROL",10,"O",79,436,0.181192660550459
3114,"3ldfA","CONTROL",10,"P",0,436,0
3114,"3ldfA","CONTROL",10,"S",2,436,0.00458715596330275
3115,"3ldrA","CONTROL",10,"C",291,469,0.62046908315565
3115,"3ldrA","CONTROL",10,"N",80,469,0.170575692963753
3115,"3ldrA","CONTROL",10,"O",96,469,0.204690831556503
3115,"3ldrA","CONTROL",10,"P",0,469,0
3115,"3ldrA","CONTROL",10,"S",2,469,0.00426439232409382
3116,"3legA","CONTROL",10,"C",111,184,0.603260869565217
3116,"3legA","CONTROL",10,"N",42,184,0.228260869565217
3116,"3legA","CONTROL",10,"O",31,184,0.168478260869565
3116,"3legA","CONTROL",10,"P",0,184,0
3116,"3legA","CONTROL",10,"S",0,184,0
3117,"3lhlA","CONTROL",10,"C",151,227,0.665198237885463
3117,"3lhlA","CONTROL",10,"N",33,227,0.145374449339207
3117,"3lhlA","CONTROL",10,"O",40,227,0.176211453744493
3117,"3lhlA","CONTROL",10,"P",0,227,0
3117,"3lhlA","CONTROL",10,"S",3,227,0.013215859030837
3118,"3liaA","CONTROL",10,"C",203,316,0.642405063291139
3118,"3liaA","CONTROL",10,"N",49,316,0.15506329113924
3118,"3liaA","CONTROL",10,"O",63,316,0.199367088607595
3118,"3liaA","CONTROL",10,"P",0,316,0
3118,"3liaA","CONTROL",10,"S",1,316,0.00316455696202532
3119,"3livA","CONTROL",10,"C",163,267,0.610486891385768
3119,"3livA","CONTROL",10,"N",49,267,0.183520599250936
3119,"3livA","CONTROL",10,"O",54,267,0.202247191011236
3119,"3livA","CONTROL",10,"P",0,267,0
3119,"3livA","CONTROL",10,"S",1,267,0.00374531835205993
3120,"3lkbA","CONTROL",10,"C",207,324,0.638888888888889
3120,"3lkbA","CONTROL",10,"N",57,324,0.175925925925926
3120,"3lkbA","CONTROL",10,"O",59,324,0.182098765432099
3120,"3lkbA","CONTROL",10,"P",0,324,0
3120,"3lkbA","CONTROL",10,"S",1,324,0.00308641975308642
3121,"3llrC","CONTROL",10,"C",145,217,0.668202764976959
3121,"3llrC","CONTROL",10,"N",35,217,0.161290322580645
3121,"3llrC","CONTROL",10,"O",36,217,0.165898617511521
3121,"3llrC","CONTROL",10,"P",0,217,0
3121,"3llrC","CONTROL",10,"S",1,217,0.00460829493087558
3122,"3lm1A","CONTROL",10,"C",136,201,0.676616915422886
3122,"3lm1A","CONTROL",10,"N",28,201,0.139303482587065
3122,"3lm1A","CONTROL",10,"O",37,201,0.18407960199005
3122,"3lm1A","CONTROL",10,"P",0,201,0
3122,"3lm1A","CONTROL",10,"S",0,201,0
3123,"3lmkB","CONTROL",10,"C",230,357,0.644257703081233
3123,"3lmkB","CONTROL",10,"N",61,357,0.170868347338936
3123,"3lmkB","CONTROL",10,"O",65,357,0.182072829131653
3123,"3lmkB","CONTROL",10,"P",0,357,0
3123,"3lmkB","CONTROL",10,"S",1,357,0.00280112044817927
3124,"3lqiA","CONTROL",10,"C",244,384,0.635416666666667
3124,"3lqiA","CONTROL",10,"N",58,384,0.151041666666667
3124,"3lqiA","CONTROL",10,"O",78,384,0.203125
3124,"3lqiA","CONTROL",10,"P",0,384,0
3124,"3lqiA","CONTROL",10,"S",4,384,0.0104166666666667
3125,"3lstA","CONTROL",10,"C",244,378,0.645502645502645
3125,"3lstA","CONTROL",10,"N",69,378,0.182539682539683
3125,"3lstA","CONTROL",10,"O",65,378,0.171957671957672
3125,"3lstA","CONTROL",10,"P",0,378,0
3125,"3lstA","CONTROL",10,"S",0,378,0
3126,"3luyA","CONTROL",10,"C",104,154,0.675324675324675
3126,"3luyA","CONTROL",10,"N",25,154,0.162337662337662
3126,"3luyA","CONTROL",10,"O",25,154,0.162337662337662
3126,"3luyA","CONTROL",10,"P",0,154,0
3126,"3luyA","CONTROL",10,"S",0,154,0
3127,"3m34A","CONTROL",10,"C",218,362,0.602209944751381
3127,"3m34A","CONTROL",10,"N",72,362,0.198895027624309
3127,"3m34A","CONTROL",10,"O",71,362,0.196132596685083
3127,"3m34A","CONTROL",10,"P",0,362,0
3127,"3m34A","CONTROL",10,"S",1,362,0.00276243093922652
3128,"3m4fC","CONTROL",10,"C",159,250,0.636
3128,"3m4fC","CONTROL",10,"N",39,250,0.156
3128,"3m4fC","CONTROL",10,"O",52,250,0.208
3128,"3m4fC","CONTROL",10,"P",0,250,0
3128,"3m4fC","CONTROL",10,"S",0,250,0
3129,"3m5cA","CONTROL",10,"C",236,372,0.634408602150538
3129,"3m5cA","CONTROL",10,"N",72,372,0.193548387096774
3129,"3m5cA","CONTROL",10,"O",60,372,0.161290322580645
3129,"3m5cA","CONTROL",10,"P",0,372,0
3129,"3m5cA","CONTROL",10,"S",4,372,0.010752688172043
3130,"3m5hE","CONTROL",10,"C",175,282,0.620567375886525
3130,"3m5hE","CONTROL",10,"N",50,282,0.177304964539007
3130,"3m5hE","CONTROL",10,"O",56,282,0.198581560283688
3130,"3m5hE","CONTROL",10,"P",0,282,0
3130,"3m5hE","CONTROL",10,"S",1,282,0.00354609929078014
3131,"3m5pA","CONTROL",10,"C",191,316,0.604430379746835
3131,"3m5pA","CONTROL",10,"N",56,316,0.177215189873418
3131,"3m5pA","CONTROL",10,"O",69,316,0.218354430379747
3131,"3m5pA","CONTROL",10,"P",0,316,0
3131,"3m5pA","CONTROL",10,"S",0,316,0
3132,"3m6rA","CONTROL",10,"C",254,389,0.652956298200514
3132,"3m6rA","CONTROL",10,"N",64,389,0.16452442159383
3132,"3m6rA","CONTROL",10,"O",67,389,0.172236503856041
3132,"3m6rA","CONTROL",10,"P",0,389,0
3132,"3m6rA","CONTROL",10,"S",4,389,0.0102827763496144
3133,"3m6sC","CONTROL",10,"C",124,217,0.571428571428571
3133,"3m6sC","CONTROL",10,"N",45,217,0.207373271889401
3133,"3m6sC","CONTROL",10,"O",44,217,0.202764976958525
3133,"3m6sC","CONTROL",10,"P",0,217,0
3133,"3m6sC","CONTROL",10,"S",4,217,0.0184331797235023
3134,"3m6vA","CONTROL",10,"C",240,389,0.616966580976864
3134,"3m6vA","CONTROL",10,"N",73,389,0.187660668380463
3134,"3m6vA","CONTROL",10,"O",72,389,0.185089974293059
3134,"3m6vA","CONTROL",10,"P",0,389,0
3134,"3m6vA","CONTROL",10,"S",4,389,0.0102827763496144
3135,"3m8tA","CONTROL",10,"C",158,253,0.624505928853755
3135,"3m8tA","CONTROL",10,"N",44,253,0.173913043478261
3135,"3m8tA","CONTROL",10,"O",48,253,0.189723320158103
3135,"3m8tA","CONTROL",10,"P",0,253,0
3135,"3m8tA","CONTROL",10,"S",3,253,0.0118577075098814
3136,"3maxA","CONTROL",10,"C",282,445,0.633707865168539
3136,"3maxA","CONTROL",10,"N",78,445,0.175280898876404
3136,"3maxA","CONTROL",10,"O",81,445,0.182022471910112
3136,"3maxA","CONTROL",10,"P",0,445,0
3136,"3maxA","CONTROL",10,"S",4,445,0.00898876404494382
3137,"3meaA","CONTROL",10,"C",207,326,0.634969325153374
3137,"3meaA","CONTROL",10,"N",50,326,0.153374233128834
3137,"3meaA","CONTROL",10,"O",68,326,0.208588957055215
3137,"3meaA","CONTROL",10,"P",0,326,0
3137,"3meaA","CONTROL",10,"S",1,326,0.00306748466257669
3138,"3mi0C","CONTROL",10,"C",183,301,0.60797342192691
3138,"3mi0C","CONTROL",10,"N",55,301,0.182724252491694
3138,"3mi0C","CONTROL",10,"O",63,301,0.209302325581395
3138,"3mi0C","CONTROL",10,"P",0,301,0
3138,"3mi0C","CONTROL",10,"S",0,301,0
3139,"3mjeA","CONTROL",10,"C",346,547,0.63254113345521
3139,"3mjeA","CONTROL",10,"N",104,547,0.190127970749543
3139,"3mjeA","CONTROL",10,"O",94,547,0.171846435100548
3139,"3mjeA","CONTROL",10,"P",0,547,0
3139,"3mjeA","CONTROL",10,"S",3,547,0.00548446069469835
3140,"3mosA","CONTROL",10,"C",215,373,0.576407506702413
3140,"3mosA","CONTROL",10,"N",78,373,0.20911528150134
3140,"3mosA","CONTROL",10,"O",78,373,0.20911528150134
3140,"3mosA","CONTROL",10,"P",0,373,0
3140,"3mosA","CONTROL",10,"S",2,373,0.00536193029490617
3141,"3mpbB","CONTROL",10,"C",228,378,0.603174603174603
3141,"3mpbB","CONTROL",10,"N",68,378,0.17989417989418
3141,"3mpbB","CONTROL",10,"O",79,378,0.208994708994709
3141,"3mpbB","CONTROL",10,"P",0,378,0
3141,"3mpbB","CONTROL",10,"S",3,378,0.00793650793650794
3142,"3msuA","CONTROL",10,"C",188,297,0.632996632996633
3142,"3msuA","CONTROL",10,"N",51,297,0.171717171717172
3142,"3msuA","CONTROL",10,"O",54,297,0.181818181818182
3142,"3msuA","CONTROL",10,"P",0,297,0
3142,"3msuA","CONTROL",10,"S",4,297,0.0134680134680135
3143,"3mvyA","CONTROL",10,"C",234,371,0.630727762803235
3143,"3mvyA","CONTROL",10,"N",71,371,0.191374663072776
3143,"3mvyA","CONTROL",10,"O",64,371,0.172506738544474
3143,"3mvyA","CONTROL",10,"P",0,371,0
3143,"3mvyA","CONTROL",10,"S",2,371,0.00539083557951483
3144,"3mwsB","CONTROL",10,"C",146,228,0.640350877192982
3144,"3mwsB","CONTROL",10,"N",40,228,0.175438596491228
3144,"3mwsB","CONTROL",10,"O",42,228,0.184210526315789
3144,"3mwsB","CONTROL",10,"P",0,228,0
3144,"3mwsB","CONTROL",10,"S",0,228,0
3145,"3mx6A","CONTROL",10,"C",219,347,0.631123919308357
3145,"3mx6A","CONTROL",10,"N",59,347,0.170028818443804
3145,"3mx6A","CONTROL",10,"O",66,347,0.190201729106628
3145,"3mx6A","CONTROL",10,"P",0,347,0
3145,"3mx6A","CONTROL",10,"S",3,347,0.00864553314121038
3146,"3n0sA","CONTROL",10,"C",288,454,0.634361233480176
3146,"3n0sA","CONTROL",10,"N",78,454,0.171806167400881
3146,"3n0sA","CONTROL",10,"O",88,454,0.193832599118943
3146,"3n0sA","CONTROL",10,"P",0,454,0
3146,"3n0sA","CONTROL",10,"S",0,454,0
3147,"3n0tB","CONTROL",10,"C",233,363,0.641873278236915
3147,"3n0tB","CONTROL",10,"N",60,363,0.165289256198347
3147,"3n0tB","CONTROL",10,"O",65,363,0.179063360881543
3147,"3n0tB","CONTROL",10,"P",0,363,0
3147,"3n0tB","CONTROL",10,"S",5,363,0.0137741046831956
3148,"3n10B","CONTROL",10,"C",230,366,0.628415300546448
3148,"3n10B","CONTROL",10,"N",63,366,0.172131147540984
3148,"3n10B","CONTROL",10,"O",70,366,0.191256830601093
3148,"3n10B","CONTROL",10,"P",0,366,0
3148,"3n10B","CONTROL",10,"S",3,366,0.00819672131147541
3149,"3n2cF","CONTROL",10,"C",224,370,0.605405405405405
3149,"3n2cF","CONTROL",10,"N",73,370,0.197297297297297
3149,"3n2cF","CONTROL",10,"O",69,370,0.186486486486486
3149,"3n2cF","CONTROL",10,"P",0,370,0
3149,"3n2cF","CONTROL",10,"S",4,370,0.0108108108108108
3150,"3nbqD","CONTROL",10,"C",174,284,0.612676056338028
3150,"3nbqD","CONTROL",10,"N",53,284,0.186619718309859
3150,"3nbqD","CONTROL",10,"O",53,284,0.186619718309859
3150,"3nbqD","CONTROL",10,"P",0,284,0
3150,"3nbqD","CONTROL",10,"S",4,284,0.0140845070422535
3151,"3nf4A","CONTROL",10,"C",279,431,0.647331786542923
3151,"3nf4A","CONTROL",10,"N",74,431,0.17169373549884
3151,"3nf4A","CONTROL",10,"O",77,431,0.178654292343387
3151,"3nf4A","CONTROL",10,"P",0,431,0
3151,"3nf4A","CONTROL",10,"S",1,431,0.00232018561484919
3152,"3nfzA","CONTROL",10,"C",234,391,0.59846547314578
3152,"3nfzA","CONTROL",10,"N",72,391,0.184143222506394
3152,"3nfzA","CONTROL",10,"O",82,391,0.209718670076726
3152,"3nfzA","CONTROL",10,"P",0,391,0
3152,"3nfzA","CONTROL",10,"S",3,391,0.00767263427109974
3153,"3nhiA","CONTROL",10,"C",346,511,0.677103718199609
3153,"3nhiA","CONTROL",10,"N",81,511,0.158512720156556
3153,"3nhiA","CONTROL",10,"O",81,511,0.158512720156556
3153,"3nhiA","CONTROL",10,"P",0,511,0
3153,"3nhiA","CONTROL",10,"S",3,511,0.00587084148727984
3154,"3nihA","CONTROL",10,"C",165,275,0.6
3154,"3nihA","CONTROL",10,"N",48,275,0.174545454545455
3154,"3nihA","CONTROL",10,"O",57,275,0.207272727272727
3154,"3nihA","CONTROL",10,"P",0,275,0
3154,"3nihA","CONTROL",10,"S",5,275,0.0181818181818182
3155,"3njzA","CONTROL",10,"C",190,310,0.612903225806452
3155,"3njzA","CONTROL",10,"N",65,310,0.209677419354839
3155,"3njzA","CONTROL",10,"O",54,310,0.174193548387097
3155,"3njzA","CONTROL",10,"P",0,310,0
3155,"3njzA","CONTROL",10,"S",1,310,0.0032258064516129
3156,"3nk7A","CONTROL",10,"C",208,334,0.622754491017964
3156,"3nk7A","CONTROL",10,"N",58,334,0.173652694610778
3156,"3nk7A","CONTROL",10,"O",67,334,0.20059880239521
3156,"3nk7A","CONTROL",10,"P",0,334,0
3156,"3nk7A","CONTROL",10,"S",1,334,0.0029940119760479
3157,"3nnbA","CONTROL",10,"C",172,281,0.612099644128114
3157,"3nnbA","CONTROL",10,"N",57,281,0.202846975088968
3157,"3nnbA","CONTROL",10,"O",52,281,0.185053380782918
3157,"3nnbA","CONTROL",10,"P",0,281,0
3157,"3nnbA","CONTROL",10,"S",0,281,0
3158,"3nnlA","CONTROL",10,"C",247,379,0.651715039577836
3158,"3nnlA","CONTROL",10,"N",70,379,0.184696569920844
3158,"3nnlA","CONTROL",10,"O",61,379,0.160949868073879
3158,"3nnlA","CONTROL",10,"P",0,379,0
3158,"3nnlA","CONTROL",10,"S",1,379,0.00263852242744063
3159,"3nsnA","CONTROL",10,"C",266,434,0.612903225806452
3159,"3nsnA","CONTROL",10,"N",80,434,0.184331797235023
3159,"3nsnA","CONTROL",10,"O",84,434,0.193548387096774
3159,"3nsnA","CONTROL",10,"P",0,434,0
3159,"3nsnA","CONTROL",10,"S",4,434,0.00921658986175115
3160,"3nzpB","CONTROL",10,"C",210,338,0.621301775147929
3160,"3nzpB","CONTROL",10,"N",61,338,0.180473372781065
3160,"3nzpB","CONTROL",10,"O",67,338,0.198224852071006
3160,"3nzpB","CONTROL",10,"P",0,338,0
3160,"3nzpB","CONTROL",10,"S",0,338,0
3161,"3o14A","CONTROL",10,"C",172,253,0.679841897233202
3161,"3o14A","CONTROL",10,"N",43,253,0.1699604743083
3161,"3o14A","CONTROL",10,"O",37,253,0.146245059288538
3161,"3o14A","CONTROL",10,"P",0,253,0
3161,"3o14A","CONTROL",10,"S",1,253,0.00395256916996047
3162,"3o3nC","CONTROL",10,"C",379,582,0.651202749140893
3162,"3o3nC","CONTROL",10,"N",94,582,0.161512027491409
3162,"3o3nC","CONTROL",10,"O",100,582,0.171821305841924
3162,"3o3nC","CONTROL",10,"P",0,582,0
3162,"3o3nC","CONTROL",10,"S",9,582,0.0154639175257732
3163,"3o7qA","CONTROL",10,"C",318,470,0.676595744680851
3163,"3o7qA","CONTROL",10,"N",68,470,0.14468085106383
3163,"3o7qA","CONTROL",10,"O",82,470,0.174468085106383
3163,"3o7qA","CONTROL",10,"P",0,470,0
3163,"3o7qA","CONTROL",10,"S",2,470,0.00425531914893617
3164,"3o9mA","CONTROL",10,"C",179,278,0.643884892086331
3164,"3o9mA","CONTROL",10,"N",44,278,0.158273381294964
3164,"3o9mA","CONTROL",10,"O",55,278,0.197841726618705
3164,"3o9mA","CONTROL",10,"P",0,278,0
3164,"3o9mA","CONTROL",10,"S",0,278,0
3165,"3o9pA","CONTROL",10,"C",381,575,0.662608695652174
3165,"3o9pA","CONTROL",10,"N",93,575,0.161739130434783
3165,"3o9pA","CONTROL",10,"O",101,575,0.175652173913043
3165,"3o9pA","CONTROL",10,"P",0,575,0
3165,"3o9pA","CONTROL",10,"S",0,575,0
3166,"3ob6A","CONTROL",10,"C",238,365,0.652054794520548
3166,"3ob6A","CONTROL",10,"N",54,365,0.147945205479452
3166,"3ob6A","CONTROL",10,"O",69,365,0.189041095890411
3166,"3ob6A","CONTROL",10,"P",0,365,0
3166,"3ob6A","CONTROL",10,"S",4,365,0.010958904109589
3167,"3obxA","CONTROL",10,"C",190,293,0.648464163822526
3167,"3obxA","CONTROL",10,"N",49,293,0.167235494880546
3167,"3obxA","CONTROL",10,"O",53,293,0.180887372013652
3167,"3obxA","CONTROL",10,"P",0,293,0
3167,"3obxA","CONTROL",10,"S",1,293,0.00341296928327645
3168,"3obzA","CONTROL",10,"C",228,359,0.635097493036212
3168,"3obzA","CONTROL",10,"N",70,359,0.194986072423398
3168,"3obzA","CONTROL",10,"O",59,359,0.164345403899721
3168,"3obzA","CONTROL",10,"P",0,359,0
3168,"3obzA","CONTROL",10,"S",2,359,0.00557103064066852
3169,"3ocxA","CONTROL",10,"C",250,403,0.620347394540943
3169,"3ocxA","CONTROL",10,"N",74,403,0.183622828784119
3169,"3ocxA","CONTROL",10,"O",78,403,0.193548387096774
3169,"3ocxA","CONTROL",10,"P",0,403,0
3169,"3ocxA","CONTROL",10,"S",1,403,0.00248138957816377
3170,"3odmE","CONTROL",10,"C",171,286,0.597902097902098
3170,"3odmE","CONTROL",10,"N",58,286,0.202797202797203
3170,"3odmE","CONTROL",10,"O",51,286,0.178321678321678
3170,"3odmE","CONTROL",10,"P",0,286,0
3170,"3odmE","CONTROL",10,"S",6,286,0.020979020979021
3171,"3ognB","CONTROL",10,"C",285,436,0.653669724770642
3171,"3ognB","CONTROL",10,"N",74,436,0.169724770642202
3171,"3ognB","CONTROL",10,"O",71,436,0.162844036697248
3171,"3ognB","CONTROL",10,"P",0,436,0
3171,"3ognB","CONTROL",10,"S",6,436,0.0137614678899083
3172,"3oijB","CONTROL",10,"C",213,328,0.649390243902439
3172,"3oijB","CONTROL",10,"N",54,328,0.164634146341463
3172,"3oijB","CONTROL",10,"O",57,328,0.173780487804878
3172,"3oijB","CONTROL",10,"P",0,328,0
3172,"3oijB","CONTROL",10,"S",4,328,0.0121951219512195
3173,"3okxB","CONTROL",10,"C",228,351,0.64957264957265
3173,"3okxB","CONTROL",10,"N",66,351,0.188034188034188
3173,"3okxB","CONTROL",10,"O",55,351,0.156695156695157
3173,"3okxB","CONTROL",10,"P",0,351,0
3173,"3okxB","CONTROL",10,"S",2,351,0.0056980056980057
3174,"3olrD","CONTROL",10,"C",241,386,0.624352331606218
3174,"3olrD","CONTROL",10,"N",74,386,0.191709844559585
3174,"3olrD","CONTROL",10,"O",67,386,0.173575129533679
3174,"3olrD","CONTROL",10,"P",0,386,0
3174,"3olrD","CONTROL",10,"S",4,386,0.0103626943005181
3175,"3omgA","CONTROL",10,"C",218,336,0.648809523809524
3175,"3omgA","CONTROL",10,"N",52,336,0.154761904761905
3175,"3omgA","CONTROL",10,"O",64,336,0.19047619047619
3175,"3omgA","CONTROL",10,"P",0,336,0
3175,"3omgA","CONTROL",10,"S",2,336,0.00595238095238095
3176,"3ooiA","CONTROL",10,"C",279,438,0.636986301369863
3176,"3ooiA","CONTROL",10,"N",74,438,0.168949771689498
3176,"3ooiA","CONTROL",10,"O",78,438,0.178082191780822
3176,"3ooiA","CONTROL",10,"P",0,438,0
3176,"3ooiA","CONTROL",10,"S",7,438,0.0159817351598174
3177,"3optA","CONTROL",10,"C",213,346,0.615606936416185
3177,"3optA","CONTROL",10,"N",65,346,0.187861271676301
3177,"3optA","CONTROL",10,"O",67,346,0.19364161849711
3177,"3optA","CONTROL",10,"P",0,346,0
3177,"3optA","CONTROL",10,"S",1,346,0.00289017341040462
3178,"3otpD","CONTROL",10,"C",208,318,0.654088050314465
3178,"3otpD","CONTROL",10,"N",51,318,0.160377358490566
3178,"3otpD","CONTROL",10,"O",57,318,0.179245283018868
3178,"3otpD","CONTROL",10,"P",0,318,0
3178,"3otpD","CONTROL",10,"S",2,318,0.00628930817610063
3179,"3owcB","CONTROL",10,"C",259,387,0.669250645994832
3179,"3owcB","CONTROL",10,"N",72,387,0.186046511627907
3179,"3owcB","CONTROL",10,"O",55,387,0.142118863049096
3179,"3owcB","CONTROL",10,"P",0,387,0
3179,"3owcB","CONTROL",10,"S",1,387,0.00258397932816537
3180,"3oxoG","CONTROL",10,"C",329,519,0.633911368015414
3180,"3oxoG","CONTROL",10,"N",87,519,0.167630057803468
3180,"3oxoG","CONTROL",10,"O",98,519,0.188824662813102
3180,"3oxoG","CONTROL",10,"P",0,519,0
3180,"3oxoG","CONTROL",10,"S",5,519,0.00963391136801541
3181,"3ozbE","CONTROL",10,"C",175,267,0.655430711610487
3181,"3ozbE","CONTROL",10,"N",45,267,0.168539325842697
3181,"3ozbE","CONTROL",10,"O",44,267,0.164794007490637
3181,"3ozbE","CONTROL",10,"P",0,267,0
3181,"3ozbE","CONTROL",10,"S",3,267,0.0112359550561798
3182,"3ozmF","CONTROL",10,"C",227,370,0.613513513513513
3182,"3ozmF","CONTROL",10,"N",67,370,0.181081081081081
3182,"3ozmF","CONTROL",10,"O",76,370,0.205405405405405
3182,"3ozmF","CONTROL",10,"P",0,370,0
3182,"3ozmF","CONTROL",10,"S",0,370,0
3183,"3p0fA","CONTROL",10,"C",189,313,0.603833865814696
3183,"3p0fA","CONTROL",10,"N",63,313,0.201277955271566
3183,"3p0fA","CONTROL",10,"O",56,313,0.178913738019169
3183,"3p0fA","CONTROL",10,"P",0,313,0
3183,"3p0fA","CONTROL",10,"S",5,313,0.0159744408945687
3184,"3p0jA","CONTROL",10,"C",182,279,0.652329749103943
3184,"3p0jA","CONTROL",10,"N",44,279,0.157706093189964
3184,"3p0jA","CONTROL",10,"O",48,279,0.172043010752688
3184,"3p0jA","CONTROL",10,"P",0,279,0
3184,"3p0jA","CONTROL",10,"S",5,279,0.017921146953405
3185,"3p0wC","CONTROL",10,"C",209,340,0.614705882352941
3185,"3p0wC","CONTROL",10,"N",63,340,0.185294117647059
3185,"3p0wC","CONTROL",10,"O",66,340,0.194117647058824
3185,"3p0wC","CONTROL",10,"P",0,340,0
3185,"3p0wC","CONTROL",10,"S",2,340,0.00588235294117647
3186,"3p0xA","CONTROL",10,"C",235,368,0.638586956521739
3186,"3p0xA","CONTROL",10,"N",64,368,0.173913043478261
3186,"3p0xA","CONTROL",10,"O",67,368,0.182065217391304
3186,"3p0xA","CONTROL",10,"P",0,368,0
3186,"3p0xA","CONTROL",10,"S",2,368,0.00543478260869565
3187,"3p37C","CONTROL",10,"C",280,432,0.648148148148148
3187,"3p37C","CONTROL",10,"N",76,432,0.175925925925926
3187,"3p37C","CONTROL",10,"O",75,432,0.173611111111111
3187,"3p37C","CONTROL",10,"P",0,432,0
3187,"3p37C","CONTROL",10,"S",1,432,0.00231481481481481
3188,"3p73A","CONTROL",10,"C",352,508,0.692913385826772
3188,"3p73A","CONTROL",10,"N",73,508,0.143700787401575
3188,"3p73A","CONTROL",10,"O",79,508,0.155511811023622
3188,"3p73A","CONTROL",10,"P",0,508,0
3188,"3p73A","CONTROL",10,"S",4,508,0.0078740157480315
3189,"3p87G","CONTROL",10,"C",242,359,0.674094707520891
3189,"3p87G","CONTROL",10,"N",51,359,0.142061281337047
3189,"3p87G","CONTROL",10,"O",65,359,0.181058495821727
3189,"3p87G","CONTROL",10,"P",0,359,0
3189,"3p87G","CONTROL",10,"S",1,359,0.00278551532033426
3190,"3p8eA","CONTROL",10,"C",236,389,0.606683804627249
3190,"3p8eA","CONTROL",10,"N",69,389,0.177377892030848
3190,"3p8eA","CONTROL",10,"O",80,389,0.205655526992288
3190,"3p8eA","CONTROL",10,"P",0,389,0
3190,"3p8eA","CONTROL",10,"S",4,389,0.0102827763496144
3191,"3p8hA","CONTROL",10,"C",140,220,0.636363636363636
3191,"3p8hA","CONTROL",10,"N",35,220,0.159090909090909
3191,"3p8hA","CONTROL",10,"O",43,220,0.195454545454545
3191,"3p8hA","CONTROL",10,"P",0,220,0
3191,"3p8hA","CONTROL",10,"S",2,220,0.00909090909090909
3192,"3pb9A","CONTROL",10,"C",180,277,0.649819494584838
3192,"3pb9A","CONTROL",10,"N",44,277,0.15884476534296
3192,"3pb9A","CONTROL",10,"O",53,277,0.191335740072202
3192,"3pb9A","CONTROL",10,"P",0,277,0
3192,"3pb9A","CONTROL",10,"S",0,277,0
3193,"3pboA","CONTROL",10,"C",252,399,0.631578947368421
3193,"3pboA","CONTROL",10,"N",70,399,0.175438596491228
3193,"3pboA","CONTROL",10,"O",77,399,0.192982456140351
3193,"3pboA","CONTROL",10,"P",0,399,0
3193,"3pboA","CONTROL",10,"S",0,399,0
3194,"3pcnF","CONTROL",10,"C",177,274,0.645985401459854
3194,"3pcnF","CONTROL",10,"N",52,274,0.18978102189781
3194,"3pcnF","CONTROL",10,"O",44,274,0.160583941605839
3194,"3pcnF","CONTROL",10,"P",0,274,0
3194,"3pcnF","CONTROL",10,"S",1,274,0.00364963503649635
3195,"3pcsB","CONTROL",10,"C",276,463,0.596112311015119
3195,"3pcsB","CONTROL",10,"N",87,463,0.187904967602592
3195,"3pcsB","CONTROL",10,"O",96,463,0.207343412526998
3195,"3pcsB","CONTROL",10,"P",0,463,0
3195,"3pcsB","CONTROL",10,"S",4,463,0.00863930885529158
3196,"3pf7B","CONTROL",10,"C",200,325,0.615384615384615
3196,"3pf7B","CONTROL",10,"N",53,325,0.163076923076923
3196,"3pf7B","CONTROL",10,"O",69,325,0.212307692307692
3196,"3pf7B","CONTROL",10,"P",0,325,0
3196,"3pf7B","CONTROL",10,"S",3,325,0.00923076923076923
3197,"3pfpB","CONTROL",10,"C",237,407,0.582309582309582
3197,"3pfpB","CONTROL",10,"N",92,407,0.226044226044226
3197,"3pfpB","CONTROL",10,"O",75,407,0.184275184275184
3197,"3pfpB","CONTROL",10,"P",0,407,0
3197,"3pfpB","CONTROL",10,"S",3,407,0.00737100737100737
3198,"3pfrC","CONTROL",10,"C",201,330,0.609090909090909
3198,"3pfrC","CONTROL",10,"N",65,330,0.196969696969697
3198,"3pfrC","CONTROL",10,"O",64,330,0.193939393939394
3198,"3pfrC","CONTROL",10,"P",0,330,0
3198,"3pfrC","CONTROL",10,"S",0,330,0
3199,"3pg6C","CONTROL",10,"C",153,230,0.665217391304348
3199,"3pg6C","CONTROL",10,"N",39,230,0.169565217391304
3199,"3pg6C","CONTROL",10,"O",38,230,0.165217391304348
3199,"3pg6C","CONTROL",10,"P",0,230,0
3199,"3pg6C","CONTROL",10,"S",0,230,0
3200,"3phcD","CONTROL",10,"C",224,348,0.64367816091954
3200,"3phcD","CONTROL",10,"N",56,348,0.160919540229885
3200,"3phcD","CONTROL",10,"O",63,348,0.181034482758621
3200,"3phcD","CONTROL",10,"P",0,348,0
3200,"3phcD","CONTROL",10,"S",5,348,0.014367816091954
3201,"3phdB","CONTROL",10,"C",172,269,0.639405204460966
3201,"3phdB","CONTROL",10,"N",49,269,0.182156133828996
3201,"3phdB","CONTROL",10,"O",46,269,0.171003717472119
3201,"3phdB","CONTROL",10,"P",0,269,0
3201,"3phdB","CONTROL",10,"S",2,269,0.00743494423791822
3202,"3pijB","CONTROL",10,"C",236,376,0.627659574468085
3202,"3pijB","CONTROL",10,"N",70,376,0.186170212765957
3202,"3pijB","CONTROL",10,"O",66,376,0.175531914893617
3202,"3pijB","CONTROL",10,"P",0,376,0
3202,"3pijB","CONTROL",10,"S",4,376,0.0106382978723404
3203,"3pkdA","CONTROL",10,"C",285,453,0.629139072847682
3203,"3pkdA","CONTROL",10,"N",79,453,0.17439293598234
3203,"3pkdA","CONTROL",10,"O",85,453,0.187637969094923
3203,"3pkdA","CONTROL",10,"P",0,453,0
3203,"3pkdA","CONTROL",10,"S",4,453,0.00883002207505519
3204,"3pkoA","CONTROL",10,"C",181,286,0.632867132867133
3204,"3pkoA","CONTROL",10,"N",57,286,0.199300699300699
3204,"3pkoA","CONTROL",10,"O",48,286,0.167832167832168
3204,"3pkoA","CONTROL",10,"P",0,286,0
3204,"3pkoA","CONTROL",10,"S",0,286,0
3205,"3pkxA","CONTROL",10,"C",199,302,0.658940397350993
3205,"3pkxA","CONTROL",10,"N",52,302,0.172185430463576
3205,"3pkxA","CONTROL",10,"O",51,302,0.16887417218543
3205,"3pkxA","CONTROL",10,"P",0,302,0
3205,"3pkxA","CONTROL",10,"S",0,302,0
3206,"3pmpB","CONTROL",10,"C",211,346,0.609826589595376
3206,"3pmpB","CONTROL",10,"N",67,346,0.19364161849711
3206,"3pmpB","CONTROL",10,"O",66,346,0.190751445086705
3206,"3pmpB","CONTROL",10,"P",0,346,0
3206,"3pmpB","CONTROL",10,"S",2,346,0.00578034682080925
3207,"3pocA","CONTROL",10,"C",227,349,0.650429799426934
3207,"3pocA","CONTROL",10,"N",58,349,0.166189111747851
3207,"3pocA","CONTROL",10,"O",62,349,0.177650429799427
3207,"3pocA","CONTROL",10,"P",0,349,0
3207,"3pocA","CONTROL",10,"S",2,349,0.00573065902578797
3208,"3popB","CONTROL",10,"C",447,695,0.643165467625899
3208,"3popB","CONTROL",10,"N",115,695,0.165467625899281
3208,"3popB","CONTROL",10,"O",126,695,0.181294964028777
3208,"3popB","CONTROL",10,"P",0,695,0
3208,"3popB","CONTROL",10,"S",7,695,0.0100719424460432
3209,"3pp9C","CONTROL",10,"C",313,470,0.665957446808511
3209,"3pp9C","CONTROL",10,"N",73,470,0.15531914893617
3209,"3pp9C","CONTROL",10,"O",82,470,0.174468085106383
3209,"3pp9C","CONTROL",10,"P",0,470,0
3209,"3pp9C","CONTROL",10,"S",2,470,0.00425531914893617
3210,"3pr3B","CONTROL",10,"C",192,311,0.617363344051447
3210,"3pr3B","CONTROL",10,"N",54,311,0.173633440514469
3210,"3pr3B","CONTROL",10,"O",64,311,0.205787781350482
3210,"3pr3B","CONTROL",10,"P",0,311,0
3210,"3pr3B","CONTROL",10,"S",1,311,0.00321543408360129
3211,"3pt1A","CONTROL",10,"C",230,366,0.628415300546448
3211,"3pt1A","CONTROL",10,"N",62,366,0.169398907103825
3211,"3pt1A","CONTROL",10,"O",73,366,0.199453551912568
3211,"3pt1A","CONTROL",10,"P",0,366,0
3211,"3pt1A","CONTROL",10,"S",1,366,0.00273224043715847
3212,"3pt9A","CONTROL",10,"C",300,462,0.649350649350649
3212,"3pt9A","CONTROL",10,"N",79,462,0.170995670995671
3212,"3pt9A","CONTROL",10,"O",79,462,0.170995670995671
3212,"3pt9A","CONTROL",10,"P",0,462,0
3212,"3pt9A","CONTROL",10,"S",4,462,0.00865800865800866
3213,"3ptkB","CONTROL",10,"C",222,352,0.630681818181818
3213,"3ptkB","CONTROL",10,"N",62,352,0.176136363636364
3213,"3ptkB","CONTROL",10,"O",68,352,0.193181818181818
3213,"3ptkB","CONTROL",10,"P",0,352,0
3213,"3ptkB","CONTROL",10,"S",0,352,0
3214,"3pu3B","CONTROL",10,"C",205,330,0.621212121212121
3214,"3pu3B","CONTROL",10,"N",55,330,0.166666666666667
3214,"3pu3B","CONTROL",10,"O",67,330,0.203030303030303
3214,"3pu3B","CONTROL",10,"P",0,330,0
3214,"3pu3B","CONTROL",10,"S",3,330,0.00909090909090909
3215,"3puqB","CONTROL",10,"C",221,343,0.644314868804665
3215,"3puqB","CONTROL",10,"N",57,343,0.166180758017493
3215,"3puqB","CONTROL",10,"O",65,343,0.189504373177843
3215,"3puqB","CONTROL",10,"P",0,343,0
3215,"3puqB","CONTROL",10,"S",0,343,0
3216,"3pvcA","CONTROL",10,"C",462,730,0.632876712328767
3216,"3pvcA","CONTROL",10,"N",134,730,0.183561643835616
3216,"3pvcA","CONTROL",10,"O",128,730,0.175342465753425
3216,"3pvcA","CONTROL",10,"P",0,730,0
3216,"3pvcA","CONTROL",10,"S",6,730,0.00821917808219178
3217,"3pvrA","CONTROL",10,"C",434,695,0.624460431654676
3217,"3pvrA","CONTROL",10,"N",124,695,0.17841726618705
3217,"3pvrA","CONTROL",10,"O",131,695,0.188489208633094
3217,"3pvrA","CONTROL",10,"P",0,695,0
3217,"3pvrA","CONTROL",10,"S",6,695,0.00863309352517986
3218,"3pwvD","CONTROL",10,"C",435,668,0.651197604790419
3218,"3pwvD","CONTROL",10,"N",114,668,0.170658682634731
3218,"3pwvD","CONTROL",10,"O",115,668,0.172155688622754
3218,"3pwvD","CONTROL",10,"P",0,668,0
3218,"3pwvD","CONTROL",10,"S",4,668,0.00598802395209581
3219,"3pxpC","CONTROL",10,"C",323,474,0.681434599156118
3219,"3pxpC","CONTROL",10,"N",76,474,0.160337552742616
3219,"3pxpC","CONTROL",10,"O",75,474,0.158227848101266
3219,"3pxpC","CONTROL",10,"P",0,474,0
3219,"3pxpC","CONTROL",10,"S",0,474,0
3220,"3q0gF","CONTROL",10,"C",221,340,0.65
3220,"3q0gF","CONTROL",10,"N",58,340,0.170588235294118
3220,"3q0gF","CONTROL",10,"O",58,340,0.170588235294118
3220,"3q0gF","CONTROL",10,"P",0,340,0
3220,"3q0gF","CONTROL",10,"S",3,340,0.00882352941176471
3221,"3q34A","CONTROL",10,"C",577,896,0.643973214285714
3221,"3q34A","CONTROL",10,"N",162,896,0.180803571428571
3221,"3q34A","CONTROL",10,"O",157,896,0.175223214285714
3221,"3q34A","CONTROL",10,"P",0,896,0
3221,"3q34A","CONTROL",10,"S",0,896,0
3222,"3q35A","CONTROL",10,"C",318,486,0.654320987654321
3222,"3q35A","CONTROL",10,"N",82,486,0.168724279835391
3222,"3q35A","CONTROL",10,"O",84,486,0.17283950617284
3222,"3q35A","CONTROL",10,"P",0,486,0
3222,"3q35A","CONTROL",10,"S",2,486,0.00411522633744856
3223,"3q3mE","CONTROL",10,"C",210,329,0.638297872340426
3223,"3q3mE","CONTROL",10,"N",55,329,0.167173252279635
3223,"3q3mE","CONTROL",10,"O",64,329,0.194528875379939
3223,"3q3mE","CONTROL",10,"P",0,329,0
3223,"3q3mE","CONTROL",10,"S",0,329,0
3224,"3q4kA","CONTROL",10,"C",234,360,0.65
3224,"3q4kA","CONTROL",10,"N",62,360,0.172222222222222
3224,"3q4kA","CONTROL",10,"O",62,360,0.172222222222222
3224,"3q4kA","CONTROL",10,"P",0,360,0
3224,"3q4kA","CONTROL",10,"S",2,360,0.00555555555555556
3225,"3q5rA","CONTROL",10,"C",242,359,0.674094707520891
3225,"3q5rA","CONTROL",10,"N",49,359,0.136490250696379
3225,"3q5rA","CONTROL",10,"O",66,359,0.183844011142061
3225,"3q5rA","CONTROL",10,"P",0,359,0
3225,"3q5rA","CONTROL",10,"S",2,359,0.00557103064066852
3226,"3q7jA","CONTROL",10,"C",318,505,0.62970297029703
3226,"3q7jA","CONTROL",10,"N",87,505,0.172277227722772
3226,"3q7jA","CONTROL",10,"O",99,505,0.196039603960396
3226,"3q7jA","CONTROL",10,"P",0,505,0
3226,"3q7jA","CONTROL",10,"S",1,505,0.00198019801980198
3227,"3q9cE","CONTROL",10,"C",223,361,0.617728531855956
3227,"3q9cE","CONTROL",10,"N",65,361,0.18005540166205
3227,"3q9cE","CONTROL",10,"O",71,361,0.196675900277008
3227,"3q9cE","CONTROL",10,"P",0,361,0
3227,"3q9cE","CONTROL",10,"S",2,361,0.00554016620498615
3228,"3qazZ","CONTROL",10,"C",86,142,0.605633802816901
3228,"3qazZ","CONTROL",10,"N",26,142,0.183098591549296
3228,"3qazZ","CONTROL",10,"O",28,142,0.197183098591549
3228,"3qazZ","CONTROL",10,"P",0,142,0
3228,"3qazZ","CONTROL",10,"S",2,142,0.0140845070422535
3229,"3qb8A","CONTROL",10,"C",277,417,0.664268585131894
3229,"3qb8A","CONTROL",10,"N",66,417,0.158273381294964
3229,"3qb8A","CONTROL",10,"O",70,417,0.167865707434053
3229,"3qb8A","CONTROL",10,"P",0,417,0
3229,"3qb8A","CONTROL",10,"S",4,417,0.00959232613908873
3230,"3qd9B","CONTROL",10,"C",434,664,0.653614457831325
3230,"3qd9B","CONTROL",10,"N",116,664,0.174698795180723
3230,"3qd9B","CONTROL",10,"O",109,664,0.164156626506024
3230,"3qd9B","CONTROL",10,"P",0,664,0
3230,"3qd9B","CONTROL",10,"S",5,664,0.00753012048192771
3231,"3qk8C","CONTROL",10,"C",215,340,0.63235294117647
3231,"3qk8C","CONTROL",10,"N",63,340,0.185294117647059
3231,"3qk8C","CONTROL",10,"O",61,340,0.179411764705882
3231,"3qk8C","CONTROL",10,"P",0,340,0
3231,"3qk8C","CONTROL",10,"S",1,340,0.00294117647058824
3232,"3qkjD","CONTROL",10,"C",142,205,0.692682926829268
3232,"3qkjD","CONTROL",10,"N",32,205,0.15609756097561
3232,"3qkjD","CONTROL",10,"O",31,205,0.151219512195122
3232,"3qkjD","CONTROL",10,"P",0,205,0
3232,"3qkjD","CONTROL",10,"S",0,205,0
3233,"3qmkA","CONTROL",10,"C",205,335,0.611940298507463
3233,"3qmkA","CONTROL",10,"N",71,335,0.211940298507463
3233,"3qmkA","CONTROL",10,"O",57,335,0.170149253731343
3233,"3qmkA","CONTROL",10,"P",0,335,0
3233,"3qmkA","CONTROL",10,"S",2,335,0.00597014925373134
3234,"3qoxA","CONTROL",10,"C",282,427,0.660421545667447
3234,"3qoxA","CONTROL",10,"N",66,427,0.154566744730679
3234,"3qoxA","CONTROL",10,"O",78,427,0.182669789227166
3234,"3qoxA","CONTROL",10,"P",0,427,0
3234,"3qoxA","CONTROL",10,"S",1,427,0.00234192037470726
3235,"3qq3A","CONTROL",10,"C",448,685,0.654014598540146
3235,"3qq3A","CONTROL",10,"N",115,685,0.167883211678832
3235,"3qq3A","CONTROL",10,"O",118,685,0.172262773722628
3235,"3qq3A","CONTROL",10,"P",0,685,0
3235,"3qq3A","CONTROL",10,"S",4,685,0.00583941605839416
3236,"3qryB","CONTROL",10,"C",220,350,0.628571428571429
3236,"3qryB","CONTROL",10,"N",61,350,0.174285714285714
3236,"3qryB","CONTROL",10,"O",69,350,0.197142857142857
3236,"3qryB","CONTROL",10,"P",0,350,0
3236,"3qryB","CONTROL",10,"S",0,350,0
3237,"3qs1C","CONTROL",10,"C",295,457,0.645514223194748
3237,"3qs1C","CONTROL",10,"N",73,457,0.159737417943107
3237,"3qs1C","CONTROL",10,"O",86,457,0.188183807439825
3237,"3qs1C","CONTROL",10,"P",0,457,0
3237,"3qs1C","CONTROL",10,"S",3,457,0.00656455142231947
3238,"3qw8A","CONTROL",10,"C",321,491,0.653767820773931
3238,"3qw8A","CONTROL",10,"N",81,491,0.164969450101833
3238,"3qw8A","CONTROL",10,"O",88,491,0.179226069246436
3238,"3qw8A","CONTROL",10,"P",0,491,0
3238,"3qw8A","CONTROL",10,"S",1,491,0.00203665987780041
3239,"3qxqC","CONTROL",10,"C",229,364,0.629120879120879
3239,"3qxqC","CONTROL",10,"N",61,364,0.167582417582418
3239,"3qxqC","CONTROL",10,"O",74,364,0.203296703296703
3239,"3qxqC","CONTROL",10,"P",0,364,0
3239,"3qxqC","CONTROL",10,"S",0,364,0
3240,"3qxyA","CONTROL",10,"C",290,432,0.671296296296296
3240,"3qxyA","CONTROL",10,"N",66,432,0.152777777777778
3240,"3qxyA","CONTROL",10,"O",74,432,0.171296296296296
3240,"3qxyA","CONTROL",10,"P",0,432,0
3240,"3qxyA","CONTROL",10,"S",2,432,0.00462962962962963
3241,"3qzyA","CONTROL",10,"C",349,526,0.663498098859316
3241,"3qzyA","CONTROL",10,"N",86,526,0.163498098859316
3241,"3qzyA","CONTROL",10,"O",85,526,0.161596958174905
3241,"3qzyA","CONTROL",10,"P",0,526,0
3241,"3qzyA","CONTROL",10,"S",6,526,0.0114068441064639
3242,"3r0qA","CONTROL",10,"C",293,466,0.628755364806867
3242,"3r0qA","CONTROL",10,"N",81,466,0.17381974248927
3242,"3r0qA","CONTROL",10,"O",87,466,0.186695278969957
3242,"3r0qA","CONTROL",10,"P",0,466,0
3242,"3r0qA","CONTROL",10,"S",5,466,0.0107296137339056
3243,"3r52A","CONTROL",10,"C",126,199,0.633165829145729
3243,"3r52A","CONTROL",10,"N",35,199,0.175879396984925
3243,"3r52A","CONTROL",10,"O",38,199,0.190954773869347
3243,"3r52A","CONTROL",10,"P",0,199,0
3243,"3r52A","CONTROL",10,"S",0,199,0
3244,"3r75A","CONTROL",10,"C",214,340,0.629411764705882
3244,"3r75A","CONTROL",10,"N",58,340,0.170588235294118
3244,"3r75A","CONTROL",10,"O",67,340,0.197058823529412
3244,"3r75A","CONTROL",10,"P",0,340,0
3244,"3r75A","CONTROL",10,"S",1,340,0.00294117647058824
3245,"3r95A","CONTROL",10,"C",294,449,0.65478841870824
3245,"3r95A","CONTROL",10,"N",77,449,0.171492204899777
3245,"3r95A","CONTROL",10,"O",75,449,0.167037861915367
3245,"3r95A","CONTROL",10,"P",0,449,0
3245,"3r95A","CONTROL",10,"S",3,449,0.0066815144766147
3246,"3r97A","CONTROL",10,"C",207,344,0.601744186046512
3246,"3r97A","CONTROL",10,"N",68,344,0.197674418604651
3246,"3r97A","CONTROL",10,"O",66,344,0.191860465116279
3246,"3r97A","CONTROL",10,"P",0,344,0
3246,"3r97A","CONTROL",10,"S",3,344,0.00872093023255814
3247,"3r9tB","CONTROL",10,"C",181,276,0.655797101449275
3247,"3r9tB","CONTROL",10,"N",48,276,0.173913043478261
3247,"3r9tB","CONTROL",10,"O",45,276,0.16304347826087
3247,"3r9tB","CONTROL",10,"P",0,276,0
3247,"3r9tB","CONTROL",10,"S",2,276,0.0072463768115942
3248,"3rceA","CONTROL",10,"C",366,579,0.632124352331606
3248,"3rceA","CONTROL",10,"N",104,579,0.179620034542314
3248,"3rceA","CONTROL",10,"O",106,579,0.18307426597582
3248,"3rceA","CONTROL",10,"P",0,579,0
3248,"3rceA","CONTROL",10,"S",3,579,0.00518134715025907
3249,"3rh7D","CONTROL",10,"C",272,423,0.643026004728132
3249,"3rh7D","CONTROL",10,"N",71,423,0.167848699763593
3249,"3rh7D","CONTROL",10,"O",79,423,0.186761229314421
3249,"3rh7D","CONTROL",10,"P",0,423,0
3249,"3rh7D","CONTROL",10,"S",1,423,0.00236406619385343
3250,"3ribB","CONTROL",10,"C",237,385,0.615584415584416
3250,"3ribB","CONTROL",10,"N",69,385,0.179220779220779
3250,"3ribB","CONTROL",10,"O",71,385,0.184415584415584
3250,"3ribB","CONTROL",10,"P",0,385,0
3250,"3ribB","CONTROL",10,"S",8,385,0.0207792207792208
3251,"3rpnB","CONTROL",10,"C",283,417,0.678657074340528
3251,"3rpnB","CONTROL",10,"N",62,417,0.148681055155875
3251,"3rpnB","CONTROL",10,"O",68,417,0.163069544364508
3251,"3rpnB","CONTROL",10,"P",0,417,0
3251,"3rpnB","CONTROL",10,"S",4,417,0.00959232613908873
3252,"3rq4A","CONTROL",10,"C",297,461,0.644251626898048
3252,"3rq4A","CONTROL",10,"N",75,461,0.162689804772234
3252,"3rq4A","CONTROL",10,"O",80,461,0.17353579175705
3252,"3rq4A","CONTROL",10,"P",0,461,0
3252,"3rq4A","CONTROL",10,"S",9,461,0.0195227765726681
3253,"3rsjC","CONTROL",10,"C",154,254,0.606299212598425
3253,"3rsjC","CONTROL",10,"N",51,254,0.200787401574803
3253,"3rsjC","CONTROL",10,"O",48,254,0.188976377952756
3253,"3rsjC","CONTROL",10,"P",0,254,0
3253,"3rsjC","CONTROL",10,"S",1,254,0.00393700787401575
3254,"3rt3A","CONTROL",10,"C",127,191,0.664921465968586
3254,"3rt3A","CONTROL",10,"N",31,191,0.162303664921466
3254,"3rt3A","CONTROL",10,"O",33,191,0.172774869109948
3254,"3rt3A","CONTROL",10,"P",0,191,0
3254,"3rt3A","CONTROL",10,"S",0,191,0
3255,"3rv8B","CONTROL",10,"C",241,383,0.629242819843342
3255,"3rv8B","CONTROL",10,"N",71,383,0.185378590078329
3255,"3rv8B","CONTROL",10,"O",71,383,0.185378590078329
3255,"3rv8B","CONTROL",10,"P",0,383,0
3255,"3rv8B","CONTROL",10,"S",0,383,0
3256,"3rx6A","CONTROL",10,"C",108,177,0.610169491525424
3256,"3rx6A","CONTROL",10,"N",34,177,0.192090395480226
3256,"3rx6A","CONTROL",10,"O",35,177,0.19774011299435
3256,"3rx6A","CONTROL",10,"P",0,177,0
3256,"3rx6A","CONTROL",10,"S",0,177,0
3257,"3rybA","CONTROL",10,"C",383,591,0.648054145516074
3257,"3rybA","CONTROL",10,"N",84,591,0.142131979695431
3257,"3rybA","CONTROL",10,"O",121,591,0.204737732656514
3257,"3rybA","CONTROL",10,"P",0,591,0
3257,"3rybA","CONTROL",10,"S",3,591,0.0050761421319797
3258,"3rywC","CONTROL",10,"C",299,487,0.613963039014374
3258,"3rywC","CONTROL",10,"N",87,487,0.17864476386037
3258,"3rywC","CONTROL",10,"O",99,487,0.203285420944559
3258,"3rywC","CONTROL",10,"P",0,487,0
3258,"3rywC","CONTROL",10,"S",2,487,0.00410677618069815
3259,"3rznA","CONTROL",10,"C",460,674,0.682492581602374
3259,"3rznA","CONTROL",10,"N",106,674,0.15727002967359
3259,"3rznA","CONTROL",10,"O",106,674,0.15727002967359
3259,"3rznA","CONTROL",10,"P",0,674,0
3259,"3rznA","CONTROL",10,"S",2,674,0.0029673590504451
3260,"3s1sA","CONTROL",10,"C",301,460,0.654347826086957
3260,"3s1sA","CONTROL",10,"N",76,460,0.165217391304348
3260,"3s1sA","CONTROL",10,"O",82,460,0.178260869565217
3260,"3s1sA","CONTROL",10,"P",0,460,0
3260,"3s1sA","CONTROL",10,"S",1,460,0.00217391304347826
3261,"3s3nA","CONTROL",10,"C",158,255,0.619607843137255
3261,"3s3nA","CONTROL",10,"N",47,255,0.184313725490196
3261,"3s3nA","CONTROL",10,"O",50,255,0.196078431372549
3261,"3s3nA","CONTROL",10,"P",0,255,0
3261,"3s3nA","CONTROL",10,"S",0,255,0
3262,"3s6fA","CONTROL",10,"C",224,337,0.664688427299703
3262,"3s6fA","CONTROL",10,"N",57,337,0.169139465875371
3262,"3s6fA","CONTROL",10,"O",55,337,0.163204747774481
3262,"3s6fA","CONTROL",10,"P",0,337,0
3262,"3s6fA","CONTROL",10,"S",1,337,0.0029673590504451
3263,"3s6yC","CONTROL",10,"C",103,165,0.624242424242424
3263,"3s6yC","CONTROL",10,"N",34,165,0.206060606060606
3263,"3s6yC","CONTROL",10,"O",28,165,0.16969696969697
3263,"3s6yC","CONTROL",10,"P",0,165,0
3263,"3s6yC","CONTROL",10,"S",0,165,0
3264,"3s99A","CONTROL",10,"C",203,324,0.626543209876543
3264,"3s99A","CONTROL",10,"N",58,324,0.179012345679012
3264,"3s99A","CONTROL",10,"O",63,324,0.194444444444444
3264,"3s99A","CONTROL",10,"P",0,324,0
3264,"3s99A","CONTROL",10,"S",0,324,0
3265,"3s9zA","CONTROL",10,"C",248,393,0.631043256997455
3265,"3s9zA","CONTROL",10,"N",66,393,0.16793893129771
3265,"3s9zA","CONTROL",10,"O",76,393,0.193384223918575
3265,"3s9zA","CONTROL",10,"P",0,393,0
3265,"3s9zA","CONTROL",10,"S",3,393,0.00763358778625954
3266,"3sbcC","CONTROL",10,"C",117,178,0.657303370786517
3266,"3sbcC","CONTROL",10,"N",29,178,0.162921348314607
3266,"3sbcC","CONTROL",10,"O",32,178,0.179775280898876
3266,"3sbcC","CONTROL",10,"P",0,178,0
3266,"3sbcC","CONTROL",10,"S",0,178,0
3267,"3sbfD","CONTROL",10,"C",179,293,0.610921501706485
3267,"3sbfD","CONTROL",10,"N",61,293,0.208191126279863
3267,"3sbfD","CONTROL",10,"O",52,293,0.177474402730375
3267,"3sbfD","CONTROL",10,"P",0,293,0
3267,"3sbfD","CONTROL",10,"S",1,293,0.00341296928327645
3268,"3sczB","CONTROL",10,"C",197,303,0.65016501650165
3268,"3sczB","CONTROL",10,"N",52,303,0.171617161716172
3268,"3sczB","CONTROL",10,"O",53,303,0.174917491749175
3268,"3sczB","CONTROL",10,"P",0,303,0
3268,"3sczB","CONTROL",10,"S",1,303,0.0033003300330033
3269,"3sf6A","CONTROL",10,"C",316,498,0.634538152610442
3269,"3sf6A","CONTROL",10,"N",85,498,0.170682730923695
3269,"3sf6A","CONTROL",10,"O",93,498,0.186746987951807
3269,"3sf6A","CONTROL",10,"P",0,498,0
3269,"3sf6A","CONTROL",10,"S",4,498,0.00803212851405622
3270,"3sieA","CONTROL",10,"C",239,365,0.654794520547945
3270,"3sieA","CONTROL",10,"N",61,365,0.167123287671233
3270,"3sieA","CONTROL",10,"O",60,365,0.164383561643836
3270,"3sieA","CONTROL",10,"P",0,365,0
3270,"3sieA","CONTROL",10,"S",5,365,0.0136986301369863
3271,"3sl0A","CONTROL",10,"C",170,289,0.588235294117647
3271,"3sl0A","CONTROL",10,"N",56,289,0.193771626297578
3271,"3sl0A","CONTROL",10,"O",62,289,0.214532871972318
3271,"3sl0A","CONTROL",10,"P",0,289,0
3271,"3sl0A","CONTROL",10,"S",1,289,0.00346020761245675
3272,"3sm2B","CONTROL",10,"C",170,269,0.631970260223048
3272,"3sm2B","CONTROL",10,"N",48,269,0.178438661710037
3272,"3sm2B","CONTROL",10,"O",50,269,0.185873605947955
3272,"3sm2B","CONTROL",10,"P",0,269,0
3272,"3sm2B","CONTROL",10,"S",1,269,0.00371747211895911
3273,"3smaA","CONTROL",10,"C",277,432,0.641203703703704
3273,"3smaA","CONTROL",10,"N",74,432,0.171296296296296
3273,"3smaA","CONTROL",10,"O",77,432,0.178240740740741
3273,"3smaA","CONTROL",10,"P",0,432,0
3273,"3smaA","CONTROL",10,"S",4,432,0.00925925925925926
3274,"3sn4A","CONTROL",10,"C",232,362,0.640883977900553
3274,"3sn4A","CONTROL",10,"N",62,362,0.171270718232044
3274,"3sn4A","CONTROL",10,"O",68,362,0.187845303867403
3274,"3sn4A","CONTROL",10,"P",0,362,0
3274,"3sn4A","CONTROL",10,"S",0,362,0
3275,"3so6A","CONTROL",10,"C",256,395,0.648101265822785
3275,"3so6A","CONTROL",10,"N",65,395,0.164556962025316
3275,"3so6A","CONTROL",10,"O",73,395,0.184810126582278
3275,"3so6A","CONTROL",10,"P",0,395,0
3275,"3so6A","CONTROL",10,"S",1,395,0.00253164556962025
3276,"3souA","CONTROL",10,"C",170,280,0.607142857142857
3276,"3souA","CONTROL",10,"N",48,280,0.171428571428571
3276,"3souA","CONTROL",10,"O",52,280,0.185714285714286
3276,"3souA","CONTROL",10,"P",0,280,0
3276,"3souA","CONTROL",10,"S",10,280,0.0357142857142857
3277,"3sqmA","CONTROL",10,"C",224,363,0.617079889807163
3277,"3sqmA","CONTROL",10,"N",71,363,0.195592286501377
3277,"3sqmA","CONTROL",10,"O",68,363,0.18732782369146
3277,"3sqmA","CONTROL",10,"P",0,363,0
3277,"3sqmA","CONTROL",10,"S",0,363,0
3278,"3sraB","CONTROL",10,"C",247,393,0.628498727735369
3278,"3sraB","CONTROL",10,"N",74,393,0.188295165394402
3278,"3sraB","CONTROL",10,"O",71,393,0.180661577608142
3278,"3sraB","CONTROL",10,"P",0,393,0
3278,"3sraB","CONTROL",10,"S",1,393,0.00254452926208651
3279,"3srzA","CONTROL",10,"C",328,500,0.656
3279,"3srzA","CONTROL",10,"N",80,500,0.16
3279,"3srzA","CONTROL",10,"O",91,500,0.182
3279,"3srzA","CONTROL",10,"P",0,500,0
3279,"3srzA","CONTROL",10,"S",1,500,0.002
3280,"3ssoC","CONTROL",10,"C",265,405,0.654320987654321
3280,"3ssoC","CONTROL",10,"N",65,405,0.160493827160494
3280,"3ssoC","CONTROL",10,"O",73,405,0.180246913580247
3280,"3ssoC","CONTROL",10,"P",0,405,0
3280,"3ssoC","CONTROL",10,"S",2,405,0.00493827160493827
3281,"3su9A","CONTROL",10,"C",338,528,0.640151515151515
3281,"3su9A","CONTROL",10,"N",96,528,0.181818181818182
3281,"3su9A","CONTROL",10,"O",92,528,0.174242424242424
3281,"3su9A","CONTROL",10,"P",0,528,0
3281,"3su9A","CONTROL",10,"S",2,528,0.00378787878787879
3282,"3sw5D","CONTROL",10,"C",99,153,0.647058823529412
3282,"3sw5D","CONTROL",10,"N",28,153,0.183006535947712
3282,"3sw5D","CONTROL",10,"O",25,153,0.163398692810458
3282,"3sw5D","CONTROL",10,"P",0,153,0
3282,"3sw5D","CONTROL",10,"S",1,153,0.0065359477124183
3283,"3sxnD","CONTROL",10,"C",234,358,0.653631284916201
3283,"3sxnD","CONTROL",10,"N",64,358,0.17877094972067
3283,"3sxnD","CONTROL",10,"O",59,358,0.164804469273743
3283,"3sxnD","CONTROL",10,"P",0,358,0
3283,"3sxnD","CONTROL",10,"S",1,358,0.00279329608938547
3284,"3symA","CONTROL",10,"C",263,436,0.603211009174312
3284,"3symA","CONTROL",10,"N",83,436,0.190366972477064
3284,"3symA","CONTROL",10,"O",88,436,0.201834862385321
3284,"3symA","CONTROL",10,"P",0,436,0
3284,"3symA","CONTROL",10,"S",2,436,0.00458715596330275
3285,"3sz5A","CONTROL",10,"C",323,517,0.624758220502901
3285,"3sz5A","CONTROL",10,"N",99,517,0.191489361702128
3285,"3sz5A","CONTROL",10,"O",92,517,0.177949709864603
3285,"3sz5A","CONTROL",10,"P",0,517,0
3285,"3sz5A","CONTROL",10,"S",3,517,0.0058027079303675
3286,"3t1uA","CONTROL",10,"C",232,378,0.613756613756614
3286,"3t1uA","CONTROL",10,"N",74,378,0.195767195767196
3286,"3t1uA","CONTROL",10,"O",70,378,0.185185185185185
3286,"3t1uA","CONTROL",10,"P",0,378,0
3286,"3t1uA","CONTROL",10,"S",2,378,0.00529100529100529
3287,"3t3cB","CONTROL",10,"C",141,227,0.621145374449339
3287,"3t3cB","CONTROL",10,"N",44,227,0.193832599118943
3287,"3t3cB","CONTROL",10,"O",42,227,0.185022026431718
3287,"3t3cB","CONTROL",10,"P",0,227,0
3287,"3t3cB","CONTROL",10,"S",0,227,0
3288,"3t4jB","CONTROL",10,"C",267,416,0.641826923076923
3288,"3t4jB","CONTROL",10,"N",69,416,0.165865384615385
3288,"3t4jB","CONTROL",10,"O",77,416,0.185096153846154
3288,"3t4jB","CONTROL",10,"P",0,416,0
3288,"3t4jB","CONTROL",10,"S",3,416,0.00721153846153846
3289,"3t58A","CONTROL",10,"C",458,689,0.664731494920174
3289,"3t58A","CONTROL",10,"N",119,689,0.172714078374456
3289,"3t58A","CONTROL",10,"O",106,689,0.153846153846154
3289,"3t58A","CONTROL",10,"P",0,689,0
3289,"3t58A","CONTROL",10,"S",6,689,0.00870827285921625
3290,"3t89F","CONTROL",10,"C",126,200,0.63
3290,"3t89F","CONTROL",10,"N",34,200,0.17
3290,"3t89F","CONTROL",10,"O",36,200,0.18
3290,"3t89F","CONTROL",10,"P",0,200,0
3290,"3t89F","CONTROL",10,"S",4,200,0.02
3291,"3tb5B","CONTROL",10,"C",204,335,0.608955223880597
3291,"3tb5B","CONTROL",10,"N",58,335,0.173134328358209
3291,"3tb5B","CONTROL",10,"O",68,335,0.202985074626866
3291,"3tb5B","CONTROL",10,"P",0,335,0
3291,"3tb5B","CONTROL",10,"S",5,335,0.0149253731343284
3292,"3td7A","CONTROL",10,"C",383,586,0.65358361774744
3292,"3td7A","CONTROL",10,"N",98,586,0.167235494880546
3292,"3td7A","CONTROL",10,"O",102,586,0.174061433447099
3292,"3td7A","CONTROL",10,"P",0,586,0
3292,"3td7A","CONTROL",10,"S",3,586,0.00511945392491468
3293,"3te4A","CONTROL",10,"C",305,458,0.665938864628821
3293,"3te4A","CONTROL",10,"N",73,458,0.15938864628821
3293,"3te4A","CONTROL",10,"O",76,458,0.165938864628821
3293,"3te4A","CONTROL",10,"P",0,458,0
3293,"3te4A","CONTROL",10,"S",4,458,0.00873362445414847
3294,"3tegA","CONTROL",10,"C",234,354,0.661016949152542
3294,"3tegA","CONTROL",10,"N",56,354,0.15819209039548
3294,"3tegA","CONTROL",10,"O",61,354,0.172316384180791
3294,"3tegA","CONTROL",10,"P",0,354,0
3294,"3tegA","CONTROL",10,"S",3,354,0.00847457627118644
3295,"3tehB","CONTROL",10,"C",231,356,0.648876404494382
3295,"3tehB","CONTROL",10,"N",55,356,0.154494382022472
3295,"3tehB","CONTROL",10,"O",66,356,0.185393258426966
3295,"3tehB","CONTROL",10,"P",0,356,0
3295,"3tehB","CONTROL",10,"S",4,356,0.0112359550561798
3296,"3thtB","CONTROL",10,"C",210,341,0.6158357771261
3296,"3thtB","CONTROL",10,"N",63,341,0.18475073313783
3296,"3thtB","CONTROL",10,"O",65,341,0.190615835777126
3296,"3thtB","CONTROL",10,"P",0,341,0
3296,"3thtB","CONTROL",10,"S",3,341,0.00879765395894428
3297,"3tlbA","CONTROL",10,"C",250,420,0.595238095238095
3297,"3tlbA","CONTROL",10,"N",77,420,0.183333333333333
3297,"3tlbA","CONTROL",10,"O",92,420,0.219047619047619
3297,"3tlbA","CONTROL",10,"P",0,420,0
3297,"3tlbA","CONTROL",10,"S",1,420,0.00238095238095238
3298,"3topA","CONTROL",10,"C",296,468,0.632478632478632
3298,"3topA","CONTROL",10,"N",84,468,0.17948717948718
3298,"3topA","CONTROL",10,"O",85,468,0.181623931623932
3298,"3topA","CONTROL",10,"P",0,468,0
3298,"3topA","CONTROL",10,"S",3,468,0.00641025641025641
3299,"3tt7B","CONTROL",10,"C",176,271,0.649446494464945
3299,"3tt7B","CONTROL",10,"N",43,271,0.158671586715867
3299,"3tt7B","CONTROL",10,"O",49,271,0.180811808118081
3299,"3tt7B","CONTROL",10,"P",0,271,0
3299,"3tt7B","CONTROL",10,"S",3,271,0.011070110701107
3300,"3ttyF","CONTROL",10,"C",186,311,0.598070739549839
3300,"3ttyF","CONTROL",10,"N",59,311,0.189710610932476
3300,"3ttyF","CONTROL",10,"O",63,311,0.202572347266881
3300,"3ttyF","CONTROL",10,"P",0,311,0
3300,"3ttyF","CONTROL",10,"S",3,311,0.00964630225080386
3301,"3u04A","CONTROL",10,"C",257,393,0.653944020356234
3301,"3u04A","CONTROL",10,"N",69,393,0.175572519083969
3301,"3u04A","CONTROL",10,"O",63,393,0.16030534351145
3301,"3u04A","CONTROL",10,"P",0,393,0
3301,"3u04A","CONTROL",10,"S",4,393,0.0101781170483461
3302,"3u1tA","CONTROL",10,"C",155,230,0.673913043478261
3302,"3u1tA","CONTROL",10,"N",39,230,0.169565217391304
3302,"3u1tA","CONTROL",10,"O",36,230,0.156521739130435
3302,"3u1tA","CONTROL",10,"P",0,230,0
3302,"3u1tA","CONTROL",10,"S",0,230,0
3303,"3u2sC","CONTROL",10,"C",95,151,0.629139072847682
3303,"3u2sC","CONTROL",10,"N",29,151,0.19205298013245
3303,"3u2sC","CONTROL",10,"O",25,151,0.165562913907285
3303,"3u2sC","CONTROL",10,"P",0,151,0
3303,"3u2sC","CONTROL",10,"S",2,151,0.0132450331125828
3304,"3u7mA","CONTROL",10,"C",256,398,0.64321608040201
3304,"3u7mA","CONTROL",10,"N",68,398,0.170854271356784
3304,"3u7mA","CONTROL",10,"O",72,398,0.180904522613065
3304,"3u7mA","CONTROL",10,"P",0,398,0
3304,"3u7mA","CONTROL",10,"S",2,398,0.0050251256281407
3305,"3u86A","CONTROL",10,"C",426,650,0.655384615384615
3305,"3u86A","CONTROL",10,"N",104,650,0.16
3305,"3u86A","CONTROL",10,"O",114,650,0.175384615384615
3305,"3u86A","CONTROL",10,"P",0,650,0
3305,"3u86A","CONTROL",10,"S",6,650,0.00923076923076923
3306,"3u9wA","CONTROL",10,"C",343,530,0.647169811320755
3306,"3u9wA","CONTROL",10,"N",88,530,0.166037735849057
3306,"3u9wA","CONTROL",10,"O",96,530,0.181132075471698
3306,"3u9wA","CONTROL",10,"P",0,530,0
3306,"3u9wA","CONTROL",10,"S",3,530,0.00566037735849057
3307,"3ua3B","CONTROL",10,"C",308,472,0.652542372881356
3307,"3ua3B","CONTROL",10,"N",76,472,0.161016949152542
3307,"3ua3B","CONTROL",10,"O",87,472,0.184322033898305
3307,"3ua3B","CONTROL",10,"P",0,472,0
3307,"3ua3B","CONTROL",10,"S",1,472,0.00211864406779661
3308,"3ubmC","CONTROL",10,"C",320,514,0.622568093385214
3308,"3ubmC","CONTROL",10,"N",92,514,0.178988326848249
3308,"3ubmC","CONTROL",10,"O",99,514,0.192607003891051
3308,"3ubmC","CONTROL",10,"P",0,514,0
3308,"3ubmC","CONTROL",10,"S",3,514,0.00583657587548638
3309,"3ucbA","CONTROL",10,"C",141,219,0.643835616438356
3309,"3ucbA","CONTROL",10,"N",39,219,0.178082191780822
3309,"3ucbA","CONTROL",10,"O",39,219,0.178082191780822
3309,"3ucbA","CONTROL",10,"P",0,219,0
3309,"3ucbA","CONTROL",10,"S",0,219,0
3310,"3udiB","CONTROL",10,"C",210,336,0.625
3310,"3udiB","CONTROL",10,"N",60,336,0.178571428571429
3310,"3udiB","CONTROL",10,"O",66,336,0.196428571428571
3310,"3udiB","CONTROL",10,"P",0,336,0
3310,"3udiB","CONTROL",10,"S",0,336,0
3311,"3uerA","CONTROL",10,"C",264,419,0.630071599045346
3311,"3uerA","CONTROL",10,"N",74,419,0.176610978520286
3311,"3uerA","CONTROL",10,"O",79,419,0.18854415274463
3311,"3uerA","CONTROL",10,"P",0,419,0
3311,"3uerA","CONTROL",10,"S",2,419,0.00477326968973747
3312,"3uesA","CONTROL",10,"C",196,304,0.644736842105263
3312,"3uesA","CONTROL",10,"N",52,304,0.171052631578947
3312,"3uesA","CONTROL",10,"O",56,304,0.184210526315789
3312,"3uesA","CONTROL",10,"P",0,304,0
3312,"3uesA","CONTROL",10,"S",0,304,0
3313,"3ufmA","CONTROL",10,"C",202,298,0.677852348993289
3313,"3ufmA","CONTROL",10,"N",51,298,0.171140939597315
3313,"3ufmA","CONTROL",10,"O",45,298,0.151006711409396
3313,"3ufmA","CONTROL",10,"P",0,298,0
3313,"3ufmA","CONTROL",10,"S",0,298,0
3314,"3ujhB","CONTROL",10,"C",204,330,0.618181818181818
3314,"3ujhB","CONTROL",10,"N",59,330,0.178787878787879
3314,"3ujhB","CONTROL",10,"O",66,330,0.2
3314,"3ujhB","CONTROL",10,"P",0,330,0
3314,"3ujhB","CONTROL",10,"S",1,330,0.00303030303030303
3315,"3ul2D","CONTROL",10,"C",137,213,0.643192488262911
3315,"3ul2D","CONTROL",10,"N",34,213,0.15962441314554
3315,"3ul2D","CONTROL",10,"O",42,213,0.197183098591549
3315,"3ul2D","CONTROL",10,"P",0,213,0
3315,"3ul2D","CONTROL",10,"S",0,213,0
3316,"3umvB","CONTROL",10,"C",398,627,0.634768740031898
3316,"3umvB","CONTROL",10,"N",117,627,0.186602870813397
3316,"3umvB","CONTROL",10,"O",106,627,0.169059011164274
3316,"3umvB","CONTROL",10,"P",0,627,0
3316,"3umvB","CONTROL",10,"S",6,627,0.00956937799043062
3317,"3unbH","CONTROL",10,"C",182,317,0.574132492113565
3317,"3unbH","CONTROL",10,"N",60,317,0.189274447949527
3317,"3unbH","CONTROL",10,"O",73,317,0.230283911671924
3317,"3unbH","CONTROL",10,"P",0,317,0
3317,"3unbH","CONTROL",10,"S",2,317,0.00630914826498423
3318,"3unfH","CONTROL",10,"C",180,319,0.564263322884012
3318,"3unfH","CONTROL",10,"N",63,319,0.197492163009404
3318,"3unfH","CONTROL",10,"O",74,319,0.231974921630094
3318,"3unfH","CONTROL",10,"P",0,319,0
3318,"3unfH","CONTROL",10,"S",2,319,0.00626959247648903
3319,"3unfK","CONTROL",10,"C",188,320,0.5875
3319,"3unfK","CONTROL",10,"N",57,320,0.178125
3319,"3unfK","CONTROL",10,"O",70,320,0.21875
3319,"3unfK","CONTROL",10,"P",0,320,0
3319,"3unfK","CONTROL",10,"S",5,320,0.015625
3320,"3unfN","CONTROL",10,"C",187,316,0.591772151898734
3320,"3unfN","CONTROL",10,"N",58,316,0.183544303797468
3320,"3unfN","CONTROL",10,"O",69,316,0.218354430379747
3320,"3unfN","CONTROL",10,"P",0,316,0
3320,"3unfN","CONTROL",10,"S",2,316,0.00632911392405063
3321,"3unvB","CONTROL",10,"C",180,287,0.627177700348432
3321,"3unvB","CONTROL",10,"N",51,287,0.177700348432056
3321,"3unvB","CONTROL",10,"O",55,287,0.191637630662021
3321,"3unvB","CONTROL",10,"P",0,287,0
3321,"3unvB","CONTROL",10,"S",1,287,0.00348432055749129
3322,"3uoaB","CONTROL",10,"C",267,411,0.64963503649635
3322,"3uoaB","CONTROL",10,"N",66,411,0.160583941605839
3322,"3uoaB","CONTROL",10,"O",73,411,0.177615571776156
3322,"3uoaB","CONTROL",10,"P",0,411,0
3322,"3uoaB","CONTROL",10,"S",5,411,0.0121654501216545
3323,"3uoxB","CONTROL",10,"C",469,726,0.646005509641873
3323,"3uoxB","CONTROL",10,"N",121,726,0.166666666666667
3323,"3uoxB","CONTROL",10,"O",131,726,0.180440771349862
3323,"3uoxB","CONTROL",10,"P",0,726,0
3323,"3uoxB","CONTROL",10,"S",5,726,0.0068870523415978
3324,"3upoB","CONTROL",10,"C",230,375,0.613333333333333
3324,"3upoB","CONTROL",10,"N",69,375,0.184
3324,"3upoB","CONTROL",10,"O",75,375,0.2
3324,"3upoB","CONTROL",10,"P",0,375,0
3324,"3upoB","CONTROL",10,"S",1,375,0.00266666666666667
3325,"3uqiA","CONTROL",10,"C",167,238,0.701680672268908
3325,"3uqiA","CONTROL",10,"N",35,238,0.147058823529412
3325,"3uqiA","CONTROL",10,"O",35,238,0.147058823529412
3325,"3uqiA","CONTROL",10,"P",0,238,0
3325,"3uqiA","CONTROL",10,"S",1,238,0.00420168067226891
3326,"3uriA","CONTROL",10,"C",335,545,0.614678899082569
3326,"3uriA","CONTROL",10,"N",87,545,0.159633027522936
3326,"3uriA","CONTROL",10,"O",123,545,0.225688073394495
3326,"3uriA","CONTROL",10,"P",0,545,0
3326,"3uriA","CONTROL",10,"S",0,545,0
3327,"3usoB","CONTROL",10,"C",238,372,0.639784946236559
3327,"3usoB","CONTROL",10,"N",58,372,0.155913978494624
3327,"3usoB","CONTROL",10,"O",75,372,0.201612903225806
3327,"3usoB","CONTROL",10,"P",0,372,0
3327,"3usoB","CONTROL",10,"S",1,372,0.00268817204301075
3328,"3usuG","CONTROL",10,"C",161,238,0.676470588235294
3328,"3usuG","CONTROL",10,"N",32,238,0.134453781512605
3328,"3usuG","CONTROL",10,"O",45,238,0.189075630252101
3328,"3usuG","CONTROL",10,"P",0,238,0
3328,"3usuG","CONTROL",10,"S",0,238,0
3329,"3uthD","CONTROL",10,"C",475,730,0.650684931506849
3329,"3uthD","CONTROL",10,"N",125,730,0.171232876712329
3329,"3uthD","CONTROL",10,"O",128,730,0.175342465753425
3329,"3uthD","CONTROL",10,"P",0,730,0
3329,"3uthD","CONTROL",10,"S",2,730,0.00273972602739726
3330,"3uwbA","CONTROL",10,"C",219,343,0.638483965014577
3330,"3uwbA","CONTROL",10,"N",62,343,0.180758017492711
3330,"3uwbA","CONTROL",10,"O",61,343,0.177842565597668
3330,"3uwbA","CONTROL",10,"P",0,343,0
3330,"3uwbA","CONTROL",10,"S",1,343,0.00291545189504373
3331,"3uyyB","CONTROL",10,"C",241,374,0.644385026737968
3331,"3uyyB","CONTROL",10,"N",65,374,0.17379679144385
3331,"3uyyB","CONTROL",10,"O",67,374,0.179144385026738
3331,"3uyyB","CONTROL",10,"P",0,374,0
3331,"3uyyB","CONTROL",10,"S",1,374,0.00267379679144385
3332,"3v17C","CONTROL",10,"C",222,334,0.664670658682635
3332,"3v17C","CONTROL",10,"N",60,334,0.179640718562874
3332,"3v17C","CONTROL",10,"O",51,334,0.152694610778443
3332,"3v17C","CONTROL",10,"P",0,334,0
3332,"3v17C","CONTROL",10,"S",1,334,0.0029940119760479
3333,"3v1kA","CONTROL",10,"C",205,307,0.667752442996743
3333,"3v1kA","CONTROL",10,"N",51,307,0.166123778501629
3333,"3v1kA","CONTROL",10,"O",48,307,0.156351791530945
3333,"3v1kA","CONTROL",10,"P",0,307,0
3333,"3v1kA","CONTROL",10,"S",3,307,0.00977198697068404
3334,"3v3wA","CONTROL",10,"C",130,207,0.628019323671498
3334,"3v3wA","CONTROL",10,"N",37,207,0.178743961352657
3334,"3v3wA","CONTROL",10,"O",39,207,0.188405797101449
3334,"3v3wA","CONTROL",10,"P",0,207,0
3334,"3v3wA","CONTROL",10,"S",1,207,0.00483091787439614
3335,"3v56B","CONTROL",10,"C",126,197,0.639593908629442
3335,"3v56B","CONTROL",10,"N",34,197,0.17258883248731
3335,"3v56B","CONTROL",10,"O",33,197,0.16751269035533
3335,"3v56B","CONTROL",10,"P",0,197,0
3335,"3v56B","CONTROL",10,"S",4,197,0.0203045685279188
3336,"3v68A","CONTROL",10,"C",136,210,0.647619047619048
3336,"3v68A","CONTROL",10,"N",36,210,0.171428571428571
3336,"3v68A","CONTROL",10,"O",38,210,0.180952380952381
3336,"3v68A","CONTROL",10,"P",0,210,0
3336,"3v68A","CONTROL",10,"S",0,210,0
3337,"3v77F","CONTROL",10,"C",197,324,0.608024691358025
3337,"3v77F","CONTROL",10,"N",65,324,0.200617283950617
3337,"3v77F","CONTROL",10,"O",61,324,0.188271604938272
3337,"3v77F","CONTROL",10,"P",0,324,0
3337,"3v77F","CONTROL",10,"S",1,324,0.00308641975308642
3338,"3v8hC","CONTROL",10,"C",135,214,0.630841121495327
3338,"3v8hC","CONTROL",10,"N",37,214,0.172897196261682
3338,"3v8hC","CONTROL",10,"O",41,214,0.191588785046729
3338,"3v8hC","CONTROL",10,"P",0,214,0
3338,"3v8hC","CONTROL",10,"S",1,214,0.00467289719626168
3339,"3valA","CONTROL",10,"C",189,306,0.61764705882353
3339,"3valA","CONTROL",10,"N",59,306,0.19281045751634
3339,"3valA","CONTROL",10,"O",57,306,0.186274509803922
3339,"3valA","CONTROL",10,"P",0,306,0
3339,"3valA","CONTROL",10,"S",1,306,0.00326797385620915
3340,"3vbhA","CONTROL",10,"C",342,508,0.673228346456693
3340,"3vbhA","CONTROL",10,"N",76,508,0.149606299212598
3340,"3vbhA","CONTROL",10,"O",81,508,0.159448818897638
3340,"3vbhA","CONTROL",10,"P",0,508,0
3340,"3vbhA","CONTROL",10,"S",9,508,0.0177165354330709
3341,"3veuA","CONTROL",10,"C",317,505,0.627722772277228
3341,"3veuA","CONTROL",10,"N",90,505,0.178217821782178
3341,"3veuA","CONTROL",10,"O",98,505,0.194059405940594
3341,"3veuA","CONTROL",10,"P",0,505,0
3341,"3veuA","CONTROL",10,"S",0,505,0
3342,"3vgdA","CONTROL",10,"C",121,204,0.593137254901961
3342,"3vgdA","CONTROL",10,"N",43,204,0.21078431372549
3342,"3vgdA","CONTROL",10,"O",40,204,0.196078431372549
3342,"3vgdA","CONTROL",10,"P",0,204,0
3342,"3vgdA","CONTROL",10,"S",0,204,0
3343,"3vikA","CONTROL",10,"C",270,421,0.641330166270784
3343,"3vikA","CONTROL",10,"N",70,421,0.166270783847981
3343,"3vikA","CONTROL",10,"O",80,421,0.190023752969121
3343,"3vikA","CONTROL",10,"P",0,421,0
3343,"3vikA","CONTROL",10,"S",1,421,0.00237529691211401
3344,"3vivA","CONTROL",10,"C",213,329,0.64741641337386
3344,"3vivA","CONTROL",10,"N",53,329,0.161094224924012
3344,"3vivA","CONTROL",10,"O",60,329,0.182370820668693
3344,"3vivA","CONTROL",10,"P",0,329,0
3344,"3vivA","CONTROL",10,"S",3,329,0.00911854103343465
3345,"3vj6A","CONTROL",10,"C",467,715,0.653146853146853
3345,"3vj6A","CONTROL",10,"N",116,715,0.162237762237762
3345,"3vj6A","CONTROL",10,"O",127,715,0.177622377622378
3345,"3vj6A","CONTROL",10,"P",0,715,0
3345,"3vj6A","CONTROL",10,"S",5,715,0.00699300699300699
3346,"3vjcE","CONTROL",10,"C",354,549,0.644808743169399
3346,"3vjcE","CONTROL",10,"N",89,549,0.162112932604736
3346,"3vjcE","CONTROL",10,"O",99,549,0.180327868852459
3346,"3vjcE","CONTROL",10,"P",0,549,0
3346,"3vjcE","CONTROL",10,"S",7,549,0.0127504553734062
3347,"3vl9A","CONTROL",10,"C",245,394,0.621827411167513
3347,"3vl9A","CONTROL",10,"N",62,394,0.157360406091371
3347,"3vl9A","CONTROL",10,"O",86,394,0.218274111675127
3347,"3vl9A","CONTROL",10,"P",0,394,0
3347,"3vl9A","CONTROL",10,"S",1,394,0.00253807106598985
3348,"3vmpA","CONTROL",10,"C",247,371,0.665768194070081
3348,"3vmpA","CONTROL",10,"N",55,371,0.148247978436658
3348,"3vmpA","CONTROL",10,"O",68,371,0.183288409703504
3348,"3vmpA","CONTROL",10,"P",0,371,0
3348,"3vmpA","CONTROL",10,"S",1,371,0.00269541778975741
3349,"3vmtA","CONTROL",10,"C",208,356,0.584269662921348
3349,"3vmtA","CONTROL",10,"N",71,356,0.199438202247191
3349,"3vmtA","CONTROL",10,"O",76,356,0.213483146067416
3349,"3vmtA","CONTROL",10,"P",0,356,0
3349,"3vmtA","CONTROL",10,"S",1,356,0.00280898876404494
3350,"3vmwA","CONTROL",10,"C",185,311,0.594855305466238
3350,"3vmwA","CONTROL",10,"N",63,311,0.202572347266881
3350,"3vmwA","CONTROL",10,"O",63,311,0.202572347266881
3350,"3vmwA","CONTROL",10,"P",0,311,0
3350,"3vmwA","CONTROL",10,"S",0,311,0
3351,"3vnzA","CONTROL",10,"C",215,363,0.59228650137741
3351,"3vnzA","CONTROL",10,"N",72,363,0.198347107438017
3351,"3vnzA","CONTROL",10,"O",75,363,0.206611570247934
3351,"3vnzA","CONTROL",10,"P",0,363,0
3351,"3vnzA","CONTROL",10,"S",1,363,0.00275482093663912
3352,"3vseA","CONTROL",10,"C",285,439,0.649202733485194
3352,"3vseA","CONTROL",10,"N",70,439,0.159453302961276
3352,"3vseA","CONTROL",10,"O",81,439,0.184510250569476
3352,"3vseA","CONTROL",10,"P",0,439,0
3352,"3vseA","CONTROL",10,"S",3,439,0.00683371298405467
3353,"3vslB","CONTROL",10,"C",233,370,0.62972972972973
3353,"3vslB","CONTROL",10,"N",62,370,0.167567567567568
3353,"3vslB","CONTROL",10,"O",74,370,0.2
3353,"3vslB","CONTROL",10,"P",0,370,0
3353,"3vslB","CONTROL",10,"S",1,370,0.0027027027027027
3354,"3vsuC","CONTROL",10,"C",227,355,0.63943661971831
3354,"3vsuC","CONTROL",10,"N",67,355,0.188732394366197
3354,"3vsuC","CONTROL",10,"O",60,355,0.169014084507042
3354,"3vsuC","CONTROL",10,"P",0,355,0
3354,"3vsuC","CONTROL",10,"S",1,355,0.0028169014084507
3355,"3vt0A","CONTROL",10,"C",116,201,0.577114427860697
3355,"3vt0A","CONTROL",10,"N",39,201,0.194029850746269
3355,"3vt0A","CONTROL",10,"O",46,201,0.228855721393035
3355,"3vt0A","CONTROL",10,"P",0,201,0
3355,"3vt0A","CONTROL",10,"S",0,201,0
3356,"3vwdA","CONTROL",10,"C",295,448,0.658482142857143
3356,"3vwdA","CONTROL",10,"N",80,448,0.178571428571429
3356,"3vwdA","CONTROL",10,"O",72,448,0.160714285714286
3356,"3vwdA","CONTROL",10,"P",0,448,0
3356,"3vwdA","CONTROL",10,"S",1,448,0.00223214285714286
3357,"3vywA","CONTROL",10,"C",352,520,0.676923076923077
3357,"3vywA","CONTROL",10,"N",80,520,0.153846153846154
3357,"3vywA","CONTROL",10,"O",88,520,0.169230769230769
3357,"3vywA","CONTROL",10,"P",0,520,0
3357,"3vywA","CONTROL",10,"S",0,520,0
3358,"3vzoA","CONTROL",10,"C",223,341,0.653958944281525
3358,"3vzoA","CONTROL",10,"N",55,341,0.161290322580645
3358,"3vzoA","CONTROL",10,"O",63,341,0.18475073313783
3358,"3vzoA","CONTROL",10,"P",0,341,0
3358,"3vzoA","CONTROL",10,"S",0,341,0
3359,"3w21A","CONTROL",10,"C",190,300,0.633333333333333
3359,"3w21A","CONTROL",10,"N",54,300,0.18
3359,"3w21A","CONTROL",10,"O",54,300,0.18
3359,"3w21A","CONTROL",10,"P",0,300,0
3359,"3w21A","CONTROL",10,"S",2,300,0.00666666666666667
3360,"3w54C","CONTROL",10,"C",279,421,0.66270783847981
3360,"3w54C","CONTROL",10,"N",67,421,0.159144893111639
3360,"3w54C","CONTROL",10,"O",72,421,0.171021377672209
3360,"3w54C","CONTROL",10,"P",0,421,0
3360,"3w54C","CONTROL",10,"S",3,421,0.00712589073634204
3361,"3w6dC","CONTROL",10,"C",270,427,0.63231850117096
3361,"3w6dC","CONTROL",10,"N",74,427,0.173302107728337
3361,"3w6dC","CONTROL",10,"O",81,427,0.189695550351288
3361,"3w6dC","CONTROL",10,"P",0,427,0
3361,"3w6dC","CONTROL",10,"S",2,427,0.00468384074941452
3362,"3w7xA","CONTROL",10,"C",217,328,0.661585365853659
3362,"3w7xA","CONTROL",10,"N",57,328,0.173780487804878
3362,"3w7xA","CONTROL",10,"O",54,328,0.164634146341463
3362,"3w7xA","CONTROL",10,"P",0,328,0
3362,"3w7xA","CONTROL",10,"S",0,328,0
3363,"3wbaA","CONTROL",10,"C",219,351,0.623931623931624
3363,"3wbaA","CONTROL",10,"N",66,351,0.188034188034188
3363,"3wbaA","CONTROL",10,"O",66,351,0.188034188034188
3363,"3wbaA","CONTROL",10,"P",0,351,0
3363,"3wbaA","CONTROL",10,"S",0,351,0
3364,"3wdyA","CONTROL",10,"C",186,311,0.598070739549839
3364,"3wdyA","CONTROL",10,"N",59,311,0.189710610932476
3364,"3wdyA","CONTROL",10,"O",65,311,0.209003215434084
3364,"3wdyA","CONTROL",10,"P",0,311,0
3364,"3wdyA","CONTROL",10,"S",1,311,0.00321543408360129
3365,"3we0A","CONTROL",10,"C",515,792,0.650252525252525
3365,"3we0A","CONTROL",10,"N",131,792,0.16540404040404
3365,"3we0A","CONTROL",10,"O",141,792,0.178030303030303
3365,"3we0A","CONTROL",10,"P",0,792,0
3365,"3we0A","CONTROL",10,"S",5,792,0.00631313131313131
3366,"3we7B","CONTROL",10,"C",144,213,0.676056338028169
3366,"3we7B","CONTROL",10,"N",30,213,0.140845070422535
3366,"3we7B","CONTROL",10,"O",38,213,0.178403755868545
3366,"3we7B","CONTROL",10,"P",0,213,0
3366,"3we7B","CONTROL",10,"S",1,213,0.00469483568075117
3367,"3wevA","CONTROL",10,"C",176,275,0.64
3367,"3wevA","CONTROL",10,"N",41,275,0.149090909090909
3367,"3wevA","CONTROL",10,"O",54,275,0.196363636363636
3367,"3wevA","CONTROL",10,"P",0,275,0
3367,"3wevA","CONTROL",10,"S",4,275,0.0145454545454545
3368,"3wh1A","CONTROL",10,"C",311,485,0.641237113402062
3368,"3wh1A","CONTROL",10,"N",82,485,0.169072164948454
3368,"3wh1A","CONTROL",10,"O",90,485,0.185567010309278
3368,"3wh1A","CONTROL",10,"P",0,485,0
3368,"3wh1A","CONTROL",10,"S",2,485,0.00412371134020619
3369,"3wiqA","CONTROL",10,"C",270,425,0.635294117647059
3369,"3wiqA","CONTROL",10,"N",72,425,0.169411764705882
3369,"3wiqA","CONTROL",10,"O",81,425,0.190588235294118
3369,"3wiqA","CONTROL",10,"P",0,425,0
3369,"3wiqA","CONTROL",10,"S",2,425,0.00470588235294118
3370,"3wj1A","CONTROL",10,"C",238,361,0.659279778393352
3370,"3wj1A","CONTROL",10,"N",58,361,0.160664819944598
3370,"3wj1A","CONTROL",10,"O",64,361,0.177285318559557
3370,"3wj1A","CONTROL",10,"P",0,361,0
3370,"3wj1A","CONTROL",10,"S",1,361,0.00277008310249307
3371,"3wkgA","CONTROL",10,"C",253,381,0.664041994750656
3371,"3wkgA","CONTROL",10,"N",69,381,0.181102362204724
3371,"3wkgA","CONTROL",10,"O",58,381,0.152230971128609
3371,"3wkgA","CONTROL",10,"P",0,381,0
3371,"3wkgA","CONTROL",10,"S",1,381,0.0026246719160105
3372,"3wl6B","CONTROL",10,"C",168,273,0.615384615384615
3372,"3wl6B","CONTROL",10,"N",49,273,0.17948717948718
3372,"3wl6B","CONTROL",10,"O",54,273,0.197802197802198
3372,"3wl6B","CONTROL",10,"P",0,273,0
3372,"3wl6B","CONTROL",10,"S",2,273,0.00732600732600733
3373,"3woqA","CONTROL",10,"C",375,612,0.612745098039216
3373,"3woqA","CONTROL",10,"N",112,612,0.183006535947712
3373,"3woqA","CONTROL",10,"O",120,612,0.196078431372549
3373,"3woqA","CONTROL",10,"P",0,612,0
3373,"3woqA","CONTROL",10,"S",5,612,0.00816993464052288
3374,"3wpmB","CONTROL",10,"C",154,255,0.603921568627451
3374,"3wpmB","CONTROL",10,"N",47,255,0.184313725490196
3374,"3wpmB","CONTROL",10,"O",53,255,0.207843137254902
3374,"3wpmB","CONTROL",10,"P",0,255,0
3374,"3wpmB","CONTROL",10,"S",1,255,0.00392156862745098
3375,"3wqzA","CONTROL",10,"C",308,491,0.627291242362525
3375,"3wqzA","CONTROL",10,"N",89,491,0.181262729124236
3375,"3wqzA","CONTROL",10,"O",88,491,0.179226069246436
3375,"3wqzA","CONTROL",10,"P",0,491,0
3375,"3wqzA","CONTROL",10,"S",6,491,0.0122199592668024
3376,"3wrgA","CONTROL",10,"C",230,364,0.631868131868132
3376,"3wrgA","CONTROL",10,"N",64,364,0.175824175824176
3376,"3wrgA","CONTROL",10,"O",65,364,0.178571428571429
3376,"3wrgA","CONTROL",10,"P",0,364,0
3376,"3wrgA","CONTROL",10,"S",5,364,0.0137362637362637
3377,"3wsgA","CONTROL",10,"C",166,267,0.621722846441948
3377,"3wsgA","CONTROL",10,"N",45,267,0.168539325842697
3377,"3wsgA","CONTROL",10,"O",56,267,0.209737827715356
3377,"3wsgA","CONTROL",10,"P",0,267,0
3377,"3wsgA","CONTROL",10,"S",0,267,0
3378,"3ww1A","CONTROL",10,"C",212,340,0.623529411764706
3378,"3ww1A","CONTROL",10,"N",59,340,0.173529411764706
3378,"3ww1A","CONTROL",10,"O",63,340,0.185294117647059
3378,"3ww1A","CONTROL",10,"P",0,340,0
3378,"3ww1A","CONTROL",10,"S",6,340,0.0176470588235294
3379,"3wwjF","CONTROL",10,"C",247,384,0.643229166666667
3379,"3wwjF","CONTROL",10,"N",67,384,0.174479166666667
3379,"3wwjF","CONTROL",10,"O",68,384,0.177083333333333
3379,"3wwjF","CONTROL",10,"P",0,384,0
3379,"3wwjF","CONTROL",10,"S",2,384,0.00520833333333333
3380,"3wy4A","CONTROL",10,"C",309,483,0.639751552795031
3380,"3wy4A","CONTROL",10,"N",79,483,0.163561076604555
3380,"3wy4A","CONTROL",10,"O",94,483,0.194616977225673
3380,"3wy4A","CONTROL",10,"P",0,483,0
3380,"3wy4A","CONTROL",10,"S",1,483,0.0020703933747412
3381,"3x0dA","CONTROL",10,"C",303,461,0.657266811279826
3381,"3x0dA","CONTROL",10,"N",73,461,0.158351409978308
3381,"3x0dA","CONTROL",10,"O",82,461,0.177874186550976
3381,"3x0dA","CONTROL",10,"P",0,461,0
3381,"3x0dA","CONTROL",10,"S",3,461,0.00650759219088937
3382,"3x3eA","CONTROL",10,"C",181,307,0.58957654723127
3382,"3x3eA","CONTROL",10,"N",60,307,0.195439739413681
3382,"3x3eA","CONTROL",10,"O",66,307,0.214983713355049
3382,"3x3eA","CONTROL",10,"P",0,307,0
3382,"3x3eA","CONTROL",10,"S",0,307,0
3383,"3zdaA","CONTROL",10,"C",125,191,0.654450261780105
3383,"3zdaA","CONTROL",10,"N",35,191,0.183246073298429
3383,"3zdaA","CONTROL",10,"O",30,191,0.157068062827225
3383,"3zdaA","CONTROL",10,"P",0,191,0
3383,"3zdaA","CONTROL",10,"S",1,191,0.00523560209424084
3384,"3zg8B","CONTROL",10,"C",213,355,0.6
3384,"3zg8B","CONTROL",10,"N",65,355,0.183098591549296
3384,"3zg8B","CONTROL",10,"O",77,355,0.216901408450704
3384,"3zg8B","CONTROL",10,"P",0,355,0
3384,"3zg8B","CONTROL",10,"S",0,355,0
3385,"3zgeA","CONTROL",10,"C",177,297,0.595959595959596
3385,"3zgeA","CONTROL",10,"N",57,297,0.191919191919192
3385,"3zgeA","CONTROL",10,"O",61,297,0.205387205387205
3385,"3zgeA","CONTROL",10,"P",0,297,0
3385,"3zgeA","CONTROL",10,"S",2,297,0.00673400673400673
3386,"3zgjA","CONTROL",10,"C",228,353,0.645892351274788
3386,"3zgjA","CONTROL",10,"N",61,353,0.172804532577904
3386,"3zgjA","CONTROL",10,"O",61,353,0.172804532577904
3386,"3zgjA","CONTROL",10,"P",0,353,0
3386,"3zgjA","CONTROL",10,"S",3,353,0.0084985835694051
3387,"3zgpA","CONTROL",10,"C",203,322,0.630434782608696
3387,"3zgpA","CONTROL",10,"N",52,322,0.161490683229814
3387,"3zgpA","CONTROL",10,"O",66,322,0.204968944099379
3387,"3zgpA","CONTROL",10,"P",0,322,0
3387,"3zgpA","CONTROL",10,"S",1,322,0.0031055900621118
3388,"3zj0A","CONTROL",10,"C",278,438,0.634703196347032
3388,"3zj0A","CONTROL",10,"N",82,438,0.187214611872146
3388,"3zj0A","CONTROL",10,"O",74,438,0.168949771689498
3388,"3zj0A","CONTROL",10,"P",0,438,0
3388,"3zj0A","CONTROL",10,"S",4,438,0.0091324200913242
3389,"3zjxD","CONTROL",10,"C",196,287,0.682926829268293
3389,"3zjxD","CONTROL",10,"N",42,287,0.146341463414634
3389,"3zjxD","CONTROL",10,"O",48,287,0.167247386759582
3389,"3zjxD","CONTROL",10,"P",0,287,0
3389,"3zjxD","CONTROL",10,"S",1,287,0.00348432055749129
3390,"3zkgA","CONTROL",10,"C",246,386,0.637305699481865
3390,"3zkgA","CONTROL",10,"N",65,386,0.16839378238342
3390,"3zkgA","CONTROL",10,"O",75,386,0.194300518134715
3390,"3zkgA","CONTROL",10,"P",0,386,0
3390,"3zkgA","CONTROL",10,"S",0,386,0
3391,"3zmbB","CONTROL",10,"C",124,187,0.663101604278075
3391,"3zmbB","CONTROL",10,"N",31,187,0.165775401069519
3391,"3zmbB","CONTROL",10,"O",31,187,0.165775401069519
3391,"3zmbB","CONTROL",10,"P",0,187,0
3391,"3zmbB","CONTROL",10,"S",1,187,0.0053475935828877
3392,"3zseA","CONTROL",10,"C",237,357,0.663865546218487
3392,"3zseA","CONTROL",10,"N",54,357,0.151260504201681
3392,"3zseA","CONTROL",10,"O",66,357,0.184873949579832
3392,"3zseA","CONTROL",10,"P",0,357,0
3392,"3zseA","CONTROL",10,"S",0,357,0
3393,"3zt5C","CONTROL",10,"C",283,445,0.635955056179775
3393,"3zt5C","CONTROL",10,"N",78,445,0.175280898876404
3393,"3zt5C","CONTROL",10,"O",84,445,0.18876404494382
3393,"3zt5C","CONTROL",10,"P",0,445,0
3393,"3zt5C","CONTROL",10,"S",0,445,0
3394,"3zupB","CONTROL",10,"C",229,374,0.612299465240642
3394,"3zupB","CONTROL",10,"N",67,374,0.179144385026738
3394,"3zupB","CONTROL",10,"O",78,374,0.20855614973262
3394,"3zupB","CONTROL",10,"P",0,374,0
3394,"3zupB","CONTROL",10,"S",0,374,0
3395,"3zvxA","CONTROL",10,"C",149,239,0.623430962343096
3395,"3zvxA","CONTROL",10,"N",40,239,0.167364016736402
3395,"3zvxA","CONTROL",10,"O",50,239,0.209205020920502
3395,"3zvxA","CONTROL",10,"P",0,239,0
3395,"3zvxA","CONTROL",10,"S",0,239,0
3396,"3zwbB","CONTROL",10,"C",326,511,0.637964774951076
3396,"3zwbB","CONTROL",10,"N",96,511,0.187866927592955
3396,"3zwbB","CONTROL",10,"O",87,511,0.170254403131115
3396,"3zwbB","CONTROL",10,"P",0,511,0
3396,"3zwbB","CONTROL",10,"S",2,511,0.00391389432485323
3397,"3zxlA","CONTROL",10,"C",217,356,0.609550561797753
3397,"3zxlA","CONTROL",10,"N",69,356,0.193820224719101
3397,"3zxlA","CONTROL",10,"O",69,356,0.193820224719101
3397,"3zxlA","CONTROL",10,"P",0,356,0
3397,"3zxlA","CONTROL",10,"S",1,356,0.00280898876404494
3398,"3zzmA","CONTROL",10,"C",240,366,0.655737704918033
3398,"3zzmA","CONTROL",10,"N",57,366,0.155737704918033
3398,"3zzmA","CONTROL",10,"O",68,366,0.185792349726776
3398,"3zzmA","CONTROL",10,"P",0,366,0
3398,"3zzmA","CONTROL",10,"S",1,366,0.00273224043715847
3399,"4a39A","CONTROL",10,"C",211,343,0.615160349854227
3399,"4a39A","CONTROL",10,"N",68,343,0.198250728862974
3399,"4a39A","CONTROL",10,"O",61,343,0.177842565597668
3399,"4a39A","CONTROL",10,"P",0,343,0
3399,"4a39A","CONTROL",10,"S",3,343,0.0087463556851312
3400,"4a3rD","CONTROL",10,"C",185,327,0.565749235474006
3400,"4a3rD","CONTROL",10,"N",64,327,0.195718654434251
3400,"4a3rD","CONTROL",10,"O",76,327,0.232415902140673
3400,"4a3rD","CONTROL",10,"P",0,327,0
3400,"4a3rD","CONTROL",10,"S",2,327,0.00611620795107034
3401,"4a4aA","CONTROL",10,"C",276,428,0.644859813084112
3401,"4a4aA","CONTROL",10,"N",76,428,0.177570093457944
3401,"4a4aA","CONTROL",10,"O",72,428,0.168224299065421
3401,"4a4aA","CONTROL",10,"P",0,428,0
3401,"4a4aA","CONTROL",10,"S",4,428,0.00934579439252336
3402,"4a6dA","CONTROL",10,"C",323,479,0.674321503131524
3402,"4a6dA","CONTROL",10,"N",75,479,0.156576200417537
3402,"4a6dA","CONTROL",10,"O",77,479,0.160751565762004
3402,"4a6dA","CONTROL",10,"P",0,479,0
3402,"4a6dA","CONTROL",10,"S",4,479,0.00835073068893528
3403,"4a6kC","CONTROL",10,"C",99,150,0.66
3403,"4a6kC","CONTROL",10,"N",30,150,0.2
3403,"4a6kC","CONTROL",10,"O",21,150,0.14
3403,"4a6kC","CONTROL",10,"P",0,150,0
3403,"4a6kC","CONTROL",10,"S",0,150,0
3404,"4ac7C","CONTROL",10,"C",185,305,0.60655737704918
3404,"4ac7C","CONTROL",10,"N",62,305,0.20327868852459
3404,"4ac7C","CONTROL",10,"O",55,305,0.180327868852459
3404,"4ac7C","CONTROL",10,"P",0,305,0
3404,"4ac7C","CONTROL",10,"S",3,305,0.00983606557377049
3405,"4ag7B","CONTROL",10,"C",236,351,0.672364672364672
3405,"4ag7B","CONTROL",10,"N",55,351,0.156695156695157
3405,"4ag7B","CONTROL",10,"O",58,351,0.165242165242165
3405,"4ag7B","CONTROL",10,"P",0,351,0
3405,"4ag7B","CONTROL",10,"S",2,351,0.0056980056980057
3406,"4am8E","CONTROL",10,"C",218,357,0.610644257703081
3406,"4am8E","CONTROL",10,"N",63,357,0.176470588235294
3406,"4am8E","CONTROL",10,"O",72,357,0.201680672268908
3406,"4am8E","CONTROL",10,"P",0,357,0
3406,"4am8E","CONTROL",10,"S",4,357,0.0112044817927171
3407,"4aoxA","CONTROL",10,"C",501,779,0.643132220795892
3407,"4aoxA","CONTROL",10,"N",132,779,0.169448010269576
3407,"4aoxA","CONTROL",10,"O",144,779,0.184852374839538
3407,"4aoxA","CONTROL",10,"P",0,779,0
3407,"4aoxA","CONTROL",10,"S",2,779,0.00256739409499358
3408,"4aq0A","CONTROL",10,"C",152,251,0.605577689243028
3408,"4aq0A","CONTROL",10,"N",42,251,0.167330677290837
3408,"4aq0A","CONTROL",10,"O",56,251,0.223107569721116
3408,"4aq0A","CONTROL",10,"P",0,251,0
3408,"4aq0A","CONTROL",10,"S",1,251,0.00398406374501992
3409,"4aqlA","CONTROL",10,"C",272,441,0.616780045351474
3409,"4aqlA","CONTROL",10,"N",78,441,0.17687074829932
3409,"4aqlA","CONTROL",10,"O",86,441,0.195011337868481
3409,"4aqlA","CONTROL",10,"P",0,441,0
3409,"4aqlA","CONTROL",10,"S",5,441,0.0113378684807256
3410,"4atfC","CONTROL",10,"C",386,602,0.641196013289037
3410,"4atfC","CONTROL",10,"N",103,602,0.17109634551495
3410,"4atfC","CONTROL",10,"O",112,602,0.186046511627907
3410,"4atfC","CONTROL",10,"P",0,602,0
3410,"4atfC","CONTROL",10,"S",1,602,0.00166112956810631
3411,"4autA","CONTROL",10,"C",469,718,0.653203342618384
3411,"4autA","CONTROL",10,"N",120,718,0.167130919220056
3411,"4autA","CONTROL",10,"O",123,718,0.171309192200557
3411,"4autA","CONTROL",10,"P",0,718,0
3411,"4autA","CONTROL",10,"S",6,718,0.00835654596100279
3412,"4aw7A","CONTROL",10,"C",270,425,0.635294117647059
3412,"4aw7A","CONTROL",10,"N",72,425,0.169411764705882
3412,"4aw7A","CONTROL",10,"O",82,425,0.192941176470588
3412,"4aw7A","CONTROL",10,"P",0,425,0
3412,"4aw7A","CONTROL",10,"S",1,425,0.00235294117647059
3413,"4awhB","CONTROL",10,"C",213,334,0.637724550898204
3413,"4awhB","CONTROL",10,"N",56,334,0.167664670658683
3413,"4awhB","CONTROL",10,"O",62,334,0.18562874251497
3413,"4awhB","CONTROL",10,"P",0,334,0
3413,"4awhB","CONTROL",10,"S",3,334,0.00898203592814371
3414,"4ayoA","CONTROL",10,"C",214,347,0.61671469740634
3414,"4ayoA","CONTROL",10,"N",55,347,0.15850144092219
3414,"4ayoA","CONTROL",10,"O",78,347,0.22478386167147
3414,"4ayoA","CONTROL",10,"P",0,347,0
3414,"4ayoA","CONTROL",10,"S",0,347,0
3415,"4b10C","CONTROL",10,"C",465,684,0.679824561403509
3415,"4b10C","CONTROL",10,"N",106,684,0.154970760233918
3415,"4b10C","CONTROL",10,"O",110,684,0.160818713450292
3415,"4b10C","CONTROL",10,"P",0,684,0
3415,"4b10C","CONTROL",10,"S",3,684,0.0043859649122807
3416,"4b17A","CONTROL",10,"C",220,338,0.650887573964497
3416,"4b17A","CONTROL",10,"N",53,338,0.156804733727811
3416,"4b17A","CONTROL",10,"O",61,338,0.180473372781065
3416,"4b17A","CONTROL",10,"P",0,338,0
3416,"4b17A","CONTROL",10,"S",4,338,0.0118343195266272
3417,"4b4fA","CONTROL",10,"C",482,805,0.598757763975155
3417,"4b4fA","CONTROL",10,"N",153,805,0.190062111801242
3417,"4b4fA","CONTROL",10,"O",165,805,0.204968944099379
3417,"4b4fA","CONTROL",10,"P",0,805,0
3417,"4b4fA","CONTROL",10,"S",5,805,0.0062111801242236
3418,"4b8pA","CONTROL",10,"C",303,505,0.6
3418,"4b8pA","CONTROL",10,"N",89,505,0.176237623762376
3418,"4b8pA","CONTROL",10,"O",111,505,0.21980198019802
3418,"4b8pA","CONTROL",10,"P",0,505,0
3418,"4b8pA","CONTROL",10,"S",2,505,0.00396039603960396
3419,"4b95C","CONTROL",10,"C",201,307,0.654723127035831
3419,"4b95C","CONTROL",10,"N",55,307,0.179153094462541
3419,"4b95C","CONTROL",10,"O",51,307,0.166123778501629
3419,"4b95C","CONTROL",10,"P",0,307,0
3419,"4b95C","CONTROL",10,"S",0,307,0
3420,"4b9wB","CONTROL",10,"C",268,406,0.660098522167488
3420,"4b9wB","CONTROL",10,"N",64,406,0.157635467980296
3420,"4b9wB","CONTROL",10,"O",71,406,0.17487684729064
3420,"4b9wB","CONTROL",10,"P",0,406,0
3420,"4b9wB","CONTROL",10,"S",3,406,0.00738916256157635
3421,"4bb9A","CONTROL",10,"C",258,420,0.614285714285714
3421,"4bb9A","CONTROL",10,"N",77,420,0.183333333333333
3421,"4bb9A","CONTROL",10,"O",84,420,0.2
3421,"4bb9A","CONTROL",10,"P",0,420,0
3421,"4bb9A","CONTROL",10,"S",1,420,0.00238095238095238
3422,"4bcaA","CONTROL",10,"C",469,748,0.627005347593583
3422,"4bcaA","CONTROL",10,"N",136,748,0.181818181818182
3422,"4bcaA","CONTROL",10,"O",137,748,0.183155080213904
3422,"4bcaA","CONTROL",10,"P",0,748,0
3422,"4bcaA","CONTROL",10,"S",6,748,0.00802139037433155
3423,"4be3A","CONTROL",10,"C",161,270,0.596296296296296
3423,"4be3A","CONTROL",10,"N",52,270,0.192592592592593
3423,"4be3A","CONTROL",10,"O",57,270,0.211111111111111
3423,"4be3A","CONTROL",10,"P",0,270,0
3423,"4be3A","CONTROL",10,"S",0,270,0
3424,"4beuA","CONTROL",10,"C",238,355,0.670422535211268
3424,"4beuA","CONTROL",10,"N",63,355,0.177464788732394
3424,"4beuA","CONTROL",10,"O",51,355,0.143661971830986
3424,"4beuA","CONTROL",10,"P",0,355,0
3424,"4beuA","CONTROL",10,"S",3,355,0.00845070422535211
3425,"4bj6E","CONTROL",10,"C",217,348,0.623563218390805
3425,"4bj6E","CONTROL",10,"N",59,348,0.169540229885057
3425,"4bj6E","CONTROL",10,"O",69,348,0.198275862068966
3425,"4bj6E","CONTROL",10,"P",0,348,0
3425,"4bj6E","CONTROL",10,"S",3,348,0.00862068965517241
3426,"4bosA","CONTROL",10,"C",115,185,0.621621621621622
3426,"4bosA","CONTROL",10,"N",32,185,0.172972972972973
3426,"4bosA","CONTROL",10,"O",38,185,0.205405405405405
3426,"4bosA","CONTROL",10,"P",0,185,0
3426,"4bosA","CONTROL",10,"S",0,185,0
3427,"4bp9F","CONTROL",10,"C",343,554,0.61913357400722
3427,"4bp9F","CONTROL",10,"N",101,554,0.182310469314079
3427,"4bp9F","CONTROL",10,"O",106,554,0.191335740072202
3427,"4bp9F","CONTROL",10,"P",0,554,0
3427,"4bp9F","CONTROL",10,"S",4,554,0.0072202166064982
3428,"4bpsA","CONTROL",10,"C",248,393,0.631043256997455
3428,"4bpsA","CONTROL",10,"N",74,393,0.188295165394402
3428,"4bpsA","CONTROL",10,"O",69,393,0.175572519083969
3428,"4bpsA","CONTROL",10,"P",0,393,0
3428,"4bpsA","CONTROL",10,"S",2,393,0.00508905852417303
3429,"4bpzB","CONTROL",10,"C",274,433,0.632794457274827
3429,"4bpzB","CONTROL",10,"N",77,433,0.177829099307159
3429,"4bpzB","CONTROL",10,"O",81,433,0.187066974595843
3429,"4bpzB","CONTROL",10,"P",0,433,0
3429,"4bpzB","CONTROL",10,"S",1,433,0.0023094688221709
3430,"4bq3C","CONTROL",10,"C",220,335,0.656716417910448
3430,"4bq3C","CONTROL",10,"N",60,335,0.17910447761194
3430,"4bq3C","CONTROL",10,"O",54,335,0.161194029850746
3430,"4bq3C","CONTROL",10,"P",0,335,0
3430,"4bq3C","CONTROL",10,"S",1,335,0.00298507462686567
3431,"4bq6D","CONTROL",10,"C",342,535,0.639252336448598
3431,"4bq6D","CONTROL",10,"N",95,535,0.177570093457944
3431,"4bq6D","CONTROL",10,"O",93,535,0.173831775700935
3431,"4bq6D","CONTROL",10,"P",0,535,0
3431,"4bq6D","CONTROL",10,"S",5,535,0.00934579439252336
3432,"4bqoB","CONTROL",10,"C",318,494,0.643724696356275
3432,"4bqoB","CONTROL",10,"N",86,494,0.174089068825911
3432,"4bqoB","CONTROL",10,"O",86,494,0.174089068825911
3432,"4bqoB","CONTROL",10,"P",0,494,0
3432,"4bqoB","CONTROL",10,"S",4,494,0.00809716599190283
3433,"4bt3A","CONTROL",10,"C",221,348,0.635057471264368
3433,"4bt3A","CONTROL",10,"N",59,348,0.169540229885057
3433,"4bt3A","CONTROL",10,"O",66,348,0.189655172413793
3433,"4bt3A","CONTROL",10,"P",0,348,0
3433,"4bt3A","CONTROL",10,"S",2,348,0.00574712643678161
3434,"4btvB","CONTROL",10,"C",160,249,0.642570281124498
3434,"4btvB","CONTROL",10,"N",38,249,0.152610441767068
3434,"4btvB","CONTROL",10,"O",48,249,0.192771084337349
3434,"4btvB","CONTROL",10,"P",0,249,0
3434,"4btvB","CONTROL",10,"S",3,249,0.0120481927710843
3435,"4bu0A","CONTROL",10,"C",167,266,0.62781954887218
3435,"4bu0A","CONTROL",10,"N",48,266,0.180451127819549
3435,"4bu0A","CONTROL",10,"O",49,266,0.184210526315789
3435,"4bu0A","CONTROL",10,"P",0,266,0
3435,"4bu0A","CONTROL",10,"S",2,266,0.0075187969924812
3436,"4bu2A","CONTROL",10,"C",226,357,0.633053221288515
3436,"4bu2A","CONTROL",10,"N",62,357,0.173669467787115
3436,"4bu2A","CONTROL",10,"O",68,357,0.19047619047619
3436,"4bu2A","CONTROL",10,"P",0,357,0
3436,"4bu2A","CONTROL",10,"S",1,357,0.00280112044817927
3437,"4bupA","CONTROL",10,"C",288,451,0.638580931263858
3437,"4bupA","CONTROL",10,"N",74,451,0.164079822616408
3437,"4bupA","CONTROL",10,"O",81,451,0.17960088691796
3437,"4bupA","CONTROL",10,"P",0,451,0
3437,"4bupA","CONTROL",10,"S",8,451,0.0177383592017738
3438,"4bvsA","CONTROL",10,"C",215,365,0.589041095890411
3438,"4bvsA","CONTROL",10,"N",72,365,0.197260273972603
3438,"4bvsA","CONTROL",10,"O",74,365,0.202739726027397
3438,"4bvsA","CONTROL",10,"P",0,365,0
3438,"4bvsA","CONTROL",10,"S",4,365,0.010958904109589
3439,"4bvvA","CONTROL",10,"C",141,221,0.638009049773756
3439,"4bvvA","CONTROL",10,"N",39,221,0.176470588235294
3439,"4bvvA","CONTROL",10,"O",40,221,0.180995475113122
3439,"4bvvA","CONTROL",10,"P",0,221,0
3439,"4bvvA","CONTROL",10,"S",1,221,0.00452488687782805
3440,"4bvwB","CONTROL",10,"C",135,205,0.658536585365854
3440,"4bvwB","CONTROL",10,"N",38,205,0.185365853658537
3440,"4bvwB","CONTROL",10,"O",30,205,0.146341463414634
3440,"4bvwB","CONTROL",10,"P",0,205,0
3440,"4bvwB","CONTROL",10,"S",2,205,0.00975609756097561
3441,"4bxrA","CONTROL",10,"C",299,472,0.633474576271186
3441,"4bxrA","CONTROL",10,"N",79,472,0.167372881355932
3441,"4bxrA","CONTROL",10,"O",94,472,0.199152542372881
3441,"4bxrA","CONTROL",10,"P",0,472,0
3441,"4bxrA","CONTROL",10,"S",0,472,0
3442,"4bxwA","CONTROL",10,"C",229,375,0.610666666666667
3442,"4bxwA","CONTROL",10,"N",63,375,0.168
3442,"4bxwA","CONTROL",10,"O",78,375,0.208
3442,"4bxwA","CONTROL",10,"P",0,375,0
3442,"4bxwA","CONTROL",10,"S",5,375,0.0133333333333333
3443,"4bz6A","CONTROL",10,"C",201,324,0.62037037037037
3443,"4bz6A","CONTROL",10,"N",59,324,0.182098765432099
3443,"4bz6A","CONTROL",10,"O",61,324,0.188271604938272
3443,"4bz6A","CONTROL",10,"P",0,324,0
3443,"4bz6A","CONTROL",10,"S",3,324,0.00925925925925926
3444,"4c03B","CONTROL",10,"C",301,480,0.627083333333333
3444,"4c03B","CONTROL",10,"N",83,480,0.172916666666667
3444,"4c03B","CONTROL",10,"O",91,480,0.189583333333333
3444,"4c03B","CONTROL",10,"P",0,480,0
3444,"4c03B","CONTROL",10,"S",5,480,0.0104166666666667
3445,"4c0pD","CONTROL",10,"C",136,217,0.626728110599078
3445,"4c0pD","CONTROL",10,"N",41,217,0.188940092165899
3445,"4c0pD","CONTROL",10,"O",35,217,0.161290322580645
3445,"4c0pD","CONTROL",10,"P",0,217,0
3445,"4c0pD","CONTROL",10,"S",5,217,0.0230414746543779
3446,"4c1eB","CONTROL",10,"C",174,289,0.602076124567474
3446,"4c1eB","CONTROL",10,"N",59,289,0.204152249134948
3446,"4c1eB","CONTROL",10,"O",55,289,0.190311418685121
3446,"4c1eB","CONTROL",10,"P",0,289,0
3446,"4c1eB","CONTROL",10,"S",1,289,0.00346020761245675
3447,"4c1hA","CONTROL",10,"C",148,251,0.589641434262948
3447,"4c1hA","CONTROL",10,"N",53,251,0.211155378486056
3447,"4c1hA","CONTROL",10,"O",49,251,0.195219123505976
3447,"4c1hA","CONTROL",10,"P",0,251,0
3447,"4c1hA","CONTROL",10,"S",1,251,0.00398406374501992
3448,"4c2gA","CONTROL",10,"C",243,379,0.641160949868074
3448,"4c2gA","CONTROL",10,"N",63,379,0.16622691292876
3448,"4c2gA","CONTROL",10,"O",72,379,0.189973614775726
3448,"4c2gA","CONTROL",10,"P",0,379,0
3448,"4c2gA","CONTROL",10,"S",1,379,0.00263852242744063
3449,"4c5rA","CONTROL",10,"C",175,289,0.605536332179931
3449,"4c5rA","CONTROL",10,"N",51,289,0.176470588235294
3449,"4c5rA","CONTROL",10,"O",61,289,0.211072664359862
3449,"4c5rA","CONTROL",10,"P",0,289,0
3449,"4c5rA","CONTROL",10,"S",2,289,0.0069204152249135
3450,"4c6lA","CONTROL",10,"C",206,327,0.629969418960245
3450,"4c6lA","CONTROL",10,"N",66,327,0.201834862385321
3450,"4c6lA","CONTROL",10,"O",53,327,0.162079510703364
3450,"4c6lA","CONTROL",10,"P",0,327,0
3450,"4c6lA","CONTROL",10,"S",2,327,0.00611620795107034
3451,"4c8dA","CONTROL",10,"C",207,332,0.623493975903614
3451,"4c8dA","CONTROL",10,"N",62,332,0.186746987951807
3451,"4c8dA","CONTROL",10,"O",60,332,0.180722891566265
3451,"4c8dA","CONTROL",10,"P",0,332,0
3451,"4c8dA","CONTROL",10,"S",3,332,0.00903614457831325
3452,"4ce5A","CONTROL",10,"C",241,382,0.630890052356021
3452,"4ce5A","CONTROL",10,"N",66,382,0.172774869109948
3452,"4ce5A","CONTROL",10,"O",72,382,0.18848167539267
3452,"4ce5A","CONTROL",10,"P",0,382,0
3452,"4ce5A","CONTROL",10,"S",3,382,0.00785340314136126
3453,"4cevA","CONTROL",10,"C",177,301,0.588039867109635
3453,"4cevA","CONTROL",10,"N",57,301,0.18936877076412
3453,"4cevA","CONTROL",10,"O",66,301,0.219269102990033
3453,"4cevA","CONTROL",10,"P",0,301,0
3453,"4cevA","CONTROL",10,"S",1,301,0.00332225913621262
3454,"4cfoA","CONTROL",10,"C",298,474,0.628691983122363
3454,"4cfoA","CONTROL",10,"N",86,474,0.181434599156118
3454,"4cfoA","CONTROL",10,"O",88,474,0.185654008438819
3454,"4cfoA","CONTROL",10,"P",0,474,0
3454,"4cfoA","CONTROL",10,"S",2,474,0.00421940928270042
3455,"4chiA","CONTROL",10,"C",244,380,0.642105263157895
3455,"4chiA","CONTROL",10,"N",64,380,0.168421052631579
3455,"4chiA","CONTROL",10,"O",69,380,0.181578947368421
3455,"4chiA","CONTROL",10,"P",0,380,0
3455,"4chiA","CONTROL",10,"S",3,380,0.00789473684210526
3456,"4ci2B","CONTROL",10,"C",193,284,0.679577464788732
3456,"4ci2B","CONTROL",10,"N",50,284,0.176056338028169
3456,"4ci2B","CONTROL",10,"O",41,284,0.144366197183099
3456,"4ci2B","CONTROL",10,"P",0,284,0
3456,"4ci2B","CONTROL",10,"S",0,284,0
3457,"4cp0A","CONTROL",10,"C",170,267,0.636704119850187
3457,"4cp0A","CONTROL",10,"N",46,267,0.172284644194757
3457,"4cp0A","CONTROL",10,"O",48,267,0.179775280898876
3457,"4cp0A","CONTROL",10,"P",0,267,0
3457,"4cp0A","CONTROL",10,"S",3,267,0.0112359550561798
3458,"4cp8A","CONTROL",10,"C",191,311,0.614147909967846
3458,"4cp8A","CONTROL",10,"N",58,311,0.186495176848875
3458,"4cp8A","CONTROL",10,"O",61,311,0.196141479099678
3458,"4cp8A","CONTROL",10,"P",0,311,0
3458,"4cp8A","CONTROL",10,"S",1,311,0.00321543408360129
3459,"4cpkB","CONTROL",10,"C",192,317,0.605678233438486
3459,"4cpkB","CONTROL",10,"N",56,317,0.176656151419558
3459,"4cpkB","CONTROL",10,"O",68,317,0.214511041009464
3459,"4cpkB","CONTROL",10,"P",0,317,0
3459,"4cpkB","CONTROL",10,"S",1,317,0.00315457413249211
3460,"4cq6B","CONTROL",10,"C",257,390,0.658974358974359
3460,"4cq6B","CONTROL",10,"N",61,390,0.156410256410256
3460,"4cq6B","CONTROL",10,"O",71,390,0.182051282051282
3460,"4cq6B","CONTROL",10,"P",0,390,0
3460,"4cq6B","CONTROL",10,"S",1,390,0.00256410256410256
3461,"4cqbB","CONTROL",10,"C",205,326,0.628834355828221
3461,"4cqbB","CONTROL",10,"N",64,326,0.196319018404908
3461,"4cqbB","CONTROL",10,"O",56,326,0.171779141104294
3461,"4cqbB","CONTROL",10,"P",0,326,0
3461,"4cqbB","CONTROL",10,"S",1,326,0.00306748466257669
3462,"4ctsA","CONTROL",10,"C",159,267,0.595505617977528
3462,"4ctsA","CONTROL",10,"N",56,267,0.209737827715356
3462,"4ctsA","CONTROL",10,"O",52,267,0.194756554307116
3462,"4ctsA","CONTROL",10,"P",0,267,0
3462,"4ctsA","CONTROL",10,"S",0,267,0
3463,"4cubB","CONTROL",10,"C",128,217,0.589861751152074
3463,"4cubB","CONTROL",10,"N",47,217,0.216589861751152
3463,"4cubB","CONTROL",10,"O",42,217,0.193548387096774
3463,"4cubB","CONTROL",10,"P",0,217,0
3463,"4cubB","CONTROL",10,"S",0,217,0
3464,"4cxtA","CONTROL",10,"C",130,210,0.619047619047619
3464,"4cxtA","CONTROL",10,"N",40,210,0.19047619047619
3464,"4cxtA","CONTROL",10,"O",37,210,0.176190476190476
3464,"4cxtA","CONTROL",10,"P",0,210,0
3464,"4cxtA","CONTROL",10,"S",3,210,0.0142857142857143
3465,"4cy8D","CONTROL",10,"C",437,689,0.634252539912917
3465,"4cy8D","CONTROL",10,"N",125,689,0.181422351233672
3465,"4cy8D","CONTROL",10,"O",122,689,0.177068214804064
3465,"4cy8D","CONTROL",10,"P",0,689,0
3465,"4cy8D","CONTROL",10,"S",5,689,0.00725689404934688
3466,"4czzA","CONTROL",10,"C",506,779,0.649550706033376
3466,"4czzA","CONTROL",10,"N",141,779,0.181001283697047
3466,"4czzA","CONTROL",10,"O",129,779,0.165596919127086
3466,"4czzA","CONTROL",10,"P",0,779,0
3466,"4czzA","CONTROL",10,"S",3,779,0.00385109114249037
3467,"4d0dJ","CONTROL",10,"C",437,659,0.663125948406677
3467,"4d0dJ","CONTROL",10,"N",105,659,0.159332321699545
3467,"4d0dJ","CONTROL",10,"O",114,659,0.17298937784522
3467,"4d0dJ","CONTROL",10,"P",0,659,0
3467,"4d0dJ","CONTROL",10,"S",3,659,0.00455235204855842
3468,"4d1aA","CONTROL",10,"C",278,426,0.652582159624413
3468,"4d1aA","CONTROL",10,"N",66,426,0.154929577464789
3468,"4d1aA","CONTROL",10,"O",78,426,0.183098591549296
3468,"4d1aA","CONTROL",10,"P",0,426,0
3468,"4d1aA","CONTROL",10,"S",4,426,0.00938967136150235
3469,"4d1jD","CONTROL",10,"C",177,283,0.625441696113074
3469,"4d1jD","CONTROL",10,"N",44,283,0.15547703180212
3469,"4d1jD","CONTROL",10,"O",62,283,0.219081272084806
3469,"4d1jD","CONTROL",10,"P",0,283,0
3469,"4d1jD","CONTROL",10,"S",0,283,0
3470,"4d6eA","CONTROL",10,"C",308,483,0.63768115942029
3470,"4d6eA","CONTROL",10,"N",80,483,0.165631469979296
3470,"4d6eA","CONTROL",10,"O",95,483,0.196687370600414
3470,"4d6eA","CONTROL",10,"P",0,483,0
3470,"4d6eA","CONTROL",10,"S",0,483,0
3471,"4daaB","CONTROL",10,"C",223,358,0.622905027932961
3471,"4daaB","CONTROL",10,"N",60,358,0.167597765363128
3471,"4daaB","CONTROL",10,"O",74,358,0.206703910614525
3471,"4daaB","CONTROL",10,"P",0,358,0
3471,"4daaB","CONTROL",10,"S",1,358,0.00279329608938547
3472,"4dlcA","CONTROL",10,"C",253,403,0.627791563275434
3472,"4dlcA","CONTROL",10,"N",72,403,0.178660049627792
3472,"4dlcA","CONTROL",10,"O",76,403,0.188585607940447
3472,"4dlcA","CONTROL",10,"P",0,403,0
3472,"4dlcA","CONTROL",10,"S",2,403,0.00496277915632754
3473,"4dmgB","CONTROL",10,"C",284,424,0.669811320754717
3473,"4dmgB","CONTROL",10,"N",65,424,0.153301886792453
3473,"4dmgB","CONTROL",10,"O",74,424,0.174528301886792
3473,"4dmgB","CONTROL",10,"P",0,424,0
3473,"4dmgB","CONTROL",10,"S",1,424,0.00235849056603774
3474,"4dolA","CONTROL",10,"C",266,395,0.673417721518987
3474,"4dolA","CONTROL",10,"N",66,395,0.167088607594937
3474,"4dolA","CONTROL",10,"O",61,395,0.154430379746835
3474,"4dolA","CONTROL",10,"P",0,395,0
3474,"4dolA","CONTROL",10,"S",2,395,0.00506329113924051
3475,"4dpdB","CONTROL",10,"C",215,328,0.655487804878049
3475,"4dpdB","CONTROL",10,"N",59,328,0.179878048780488
3475,"4dpdB","CONTROL",10,"O",51,328,0.155487804878049
3475,"4dpdB","CONTROL",10,"P",0,328,0
3475,"4dpdB","CONTROL",10,"S",3,328,0.00914634146341463
3476,"4dr9B","CONTROL",10,"C",241,369,0.653116531165312
3476,"4dr9B","CONTROL",10,"N",64,369,0.173441734417344
3476,"4dr9B","CONTROL",10,"O",60,369,0.16260162601626
3476,"4dr9B","CONTROL",10,"P",0,369,0
3476,"4dr9B","CONTROL",10,"S",4,369,0.010840108401084
3477,"4driA","CONTROL",10,"C",215,325,0.661538461538462
3477,"4driA","CONTROL",10,"N",52,325,0.16
3477,"4driA","CONTROL",10,"O",57,325,0.175384615384615
3477,"4driA","CONTROL",10,"P",0,325,0
3477,"4driA","CONTROL",10,"S",1,325,0.00307692307692308
3478,"4drjA","CONTROL",10,"C",211,321,0.657320872274143
3478,"4drjA","CONTROL",10,"N",51,321,0.158878504672897
3478,"4drjA","CONTROL",10,"O",58,321,0.180685358255452
3478,"4drjA","CONTROL",10,"P",0,321,0
3478,"4drjA","CONTROL",10,"S",1,321,0.00311526479750779
3479,"4dunA","CONTROL",10,"C",174,279,0.623655913978495
3479,"4dunA","CONTROL",10,"N",50,279,0.17921146953405
3479,"4dunA","CONTROL",10,"O",52,279,0.186379928315412
3479,"4dunA","CONTROL",10,"P",0,279,0
3479,"4dunA","CONTROL",10,"S",3,279,0.010752688172043
3480,"4dz2B","CONTROL",10,"C",217,331,0.65558912386707
3480,"4dz2B","CONTROL",10,"N",54,331,0.163141993957704
3480,"4dz2B","CONTROL",10,"O",59,331,0.178247734138973
3480,"4dz2B","CONTROL",10,"P",0,331,0
3480,"4dz2B","CONTROL",10,"S",1,331,0.00302114803625378
3481,"4e0fA","CONTROL",10,"C",198,315,0.628571428571429
3481,"4e0fA","CONTROL",10,"N",58,315,0.184126984126984
3481,"4e0fA","CONTROL",10,"O",57,315,0.180952380952381
3481,"4e0fA","CONTROL",10,"P",0,315,0
3481,"4e0fA","CONTROL",10,"S",2,315,0.00634920634920635
3482,"4e0vB","CONTROL",10,"C",504,770,0.654545454545455
3482,"4e0vB","CONTROL",10,"N",130,770,0.168831168831169
3482,"4e0vB","CONTROL",10,"O",130,770,0.168831168831169
3482,"4e0vB","CONTROL",10,"P",0,770,0
3482,"4e0vB","CONTROL",10,"S",6,770,0.00779220779220779
3483,"4e2sO","CONTROL",10,"C",209,318,0.657232704402516
3483,"4e2sO","CONTROL",10,"N",55,318,0.172955974842767
3483,"4e2sO","CONTROL",10,"O",52,318,0.163522012578616
3483,"4e2sO","CONTROL",10,"P",0,318,0
3483,"4e2sO","CONTROL",10,"S",2,318,0.00628930817610063
3484,"4e6tB","CONTROL",10,"C",130,212,0.613207547169811
3484,"4e6tB","CONTROL",10,"N",42,212,0.19811320754717
3484,"4e6tB","CONTROL",10,"O",38,212,0.179245283018868
3484,"4e6tB","CONTROL",10,"P",0,212,0
3484,"4e6tB","CONTROL",10,"S",2,212,0.00943396226415094
3485,"4e8cA","CONTROL",10,"C",218,345,0.631884057971015
3485,"4e8cA","CONTROL",10,"N",62,345,0.179710144927536
3485,"4e8cA","CONTROL",10,"O",62,345,0.179710144927536
3485,"4e8cA","CONTROL",10,"P",0,345,0
3485,"4e8cA","CONTROL",10,"S",3,345,0.00869565217391304
3486,"4ehiA","CONTROL",10,"C",157,247,0.635627530364372
3486,"4ehiA","CONTROL",10,"N",38,247,0.153846153846154
3486,"4ehiA","CONTROL",10,"O",51,247,0.206477732793522
3486,"4ehiA","CONTROL",10,"P",0,247,0
3486,"4ehiA","CONTROL",10,"S",1,247,0.00404858299595142
3487,"4eiqB","CONTROL",10,"C",291,459,0.633986928104575
3487,"4eiqB","CONTROL",10,"N",89,459,0.193899782135076
3487,"4eiqB","CONTROL",10,"O",77,459,0.167755991285403
3487,"4eiqB","CONTROL",10,"P",0,459,0
3487,"4eiqB","CONTROL",10,"S",2,459,0.00435729847494553
3488,"4eoyA","CONTROL",10,"C",248,363,0.683195592286501
3488,"4eoyA","CONTROL",10,"N",55,363,0.151515151515152
3488,"4eoyA","CONTROL",10,"O",57,363,0.15702479338843
3488,"4eoyA","CONTROL",10,"P",0,363,0
3488,"4eoyA","CONTROL",10,"S",3,363,0.00826446280991736
3489,"4etzA","CONTROL",10,"C",161,262,0.614503816793893
3489,"4etzA","CONTROL",10,"N",49,262,0.187022900763359
3489,"4etzA","CONTROL",10,"O",51,262,0.194656488549618
3489,"4etzA","CONTROL",10,"P",0,262,0
3489,"4etzA","CONTROL",10,"S",1,262,0.00381679389312977
3490,"4ev5F","CONTROL",10,"C",191,295,0.647457627118644
3490,"4ev5F","CONTROL",10,"N",47,295,0.159322033898305
3490,"4ev5F","CONTROL",10,"O",54,295,0.183050847457627
3490,"4ev5F","CONTROL",10,"P",0,295,0
3490,"4ev5F","CONTROL",10,"S",3,295,0.0101694915254237
3491,"4ev6E","CONTROL",10,"C",206,311,0.662379421221865
3491,"4ev6E","CONTROL",10,"N",57,311,0.183279742765273
3491,"4ev6E","CONTROL",10,"O",48,311,0.154340836012862
3491,"4ev6E","CONTROL",10,"P",0,311,0
3491,"4ev6E","CONTROL",10,"S",0,311,0
3492,"4evrA","CONTROL",10,"C",223,336,0.663690476190476
3492,"4evrA","CONTROL",10,"N",55,336,0.163690476190476
3492,"4evrA","CONTROL",10,"O",58,336,0.172619047619048
3492,"4evrA","CONTROL",10,"P",0,336,0
3492,"4evrA","CONTROL",10,"S",0,336,0
3493,"4evsA","CONTROL",10,"C",220,330,0.666666666666667
3493,"4evsA","CONTROL",10,"N",51,330,0.154545454545455
3493,"4evsA","CONTROL",10,"O",59,330,0.178787878787879
3493,"4evsA","CONTROL",10,"P",0,330,0
3493,"4evsA","CONTROL",10,"S",0,330,0
3494,"4eyfB","CONTROL",10,"C",205,335,0.611940298507463
3494,"4eyfB","CONTROL",10,"N",62,335,0.185074626865672
3494,"4eyfB","CONTROL",10,"O",64,335,0.191044776119403
3494,"4eyfB","CONTROL",10,"P",0,335,0
3494,"4eyfB","CONTROL",10,"S",4,335,0.0119402985074627
3495,"4ezhB","CONTROL",10,"C",234,371,0.630727762803235
3495,"4ezhB","CONTROL",10,"N",67,371,0.180592991913747
3495,"4ezhB","CONTROL",10,"O",67,371,0.180592991913747
3495,"4ezhB","CONTROL",10,"P",0,371,0
3495,"4ezhB","CONTROL",10,"S",3,371,0.00808625336927224
3496,"4f07G","CONTROL",10,"C",236,367,0.643051771117166
3496,"4f07G","CONTROL",10,"N",65,367,0.177111716621253
3496,"4f07G","CONTROL",10,"O",63,367,0.171662125340599
3496,"4f07G","CONTROL",10,"P",0,367,0
3496,"4f07G","CONTROL",10,"S",3,367,0.00817438692098093
3497,"4f0wA","CONTROL",10,"C",137,221,0.619909502262443
3497,"4f0wA","CONTROL",10,"N",42,221,0.190045248868778
3497,"4f0wA","CONTROL",10,"O",40,221,0.180995475113122
3497,"4f0wA","CONTROL",10,"P",0,221,0
3497,"4f0wA","CONTROL",10,"S",2,221,0.00904977375565611
3498,"4f13B","CONTROL",10,"C",184,296,0.621621621621622
3498,"4f13B","CONTROL",10,"N",61,296,0.206081081081081
3498,"4f13B","CONTROL",10,"O",51,296,0.172297297297297
3498,"4f13B","CONTROL",10,"P",0,296,0
3498,"4f13B","CONTROL",10,"S",0,296,0
3499,"4f27A","CONTROL",10,"C",362,564,0.641843971631206
3499,"4f27A","CONTROL",10,"N",95,564,0.168439716312057
3499,"4f27A","CONTROL",10,"O",107,564,0.189716312056738
3499,"4f27A","CONTROL",10,"P",0,564,0
3499,"4f27A","CONTROL",10,"S",0,564,0
3500,"4f35C","CONTROL",10,"C",184,304,0.605263157894737
3500,"4f35C","CONTROL",10,"N",54,304,0.177631578947368
3500,"4f35C","CONTROL",10,"O",66,304,0.217105263157895
3500,"4f35C","CONTROL",10,"P",0,304,0
3500,"4f35C","CONTROL",10,"S",0,304,0
3501,"4f3zC","CONTROL",10,"C",136,215,0.632558139534884
3501,"4f3zC","CONTROL",10,"N",38,215,0.176744186046512
3501,"4f3zC","CONTROL",10,"O",40,215,0.186046511627907
3501,"4f3zC","CONTROL",10,"P",0,215,0
3501,"4f3zC","CONTROL",10,"S",1,215,0.00465116279069767
3502,"4f5zA","CONTROL",10,"C",240,339,0.707964601769911
3502,"4f5zA","CONTROL",10,"N",50,339,0.147492625368732
3502,"4f5zA","CONTROL",10,"O",47,339,0.138643067846608
3502,"4f5zA","CONTROL",10,"P",0,339,0
3502,"4f5zA","CONTROL",10,"S",2,339,0.00589970501474926
3503,"4f66B","CONTROL",10,"C",237,387,0.612403100775194
3503,"4f66B","CONTROL",10,"N",74,387,0.191214470284238
3503,"4f66B","CONTROL",10,"O",72,387,0.186046511627907
3503,"4f66B","CONTROL",10,"P",0,387,0
3503,"4f66B","CONTROL",10,"S",4,387,0.0103359173126615
3504,"4fchA","CONTROL",10,"C",155,236,0.656779661016949
3504,"4fchA","CONTROL",10,"N",41,236,0.173728813559322
3504,"4fchA","CONTROL",10,"O",39,236,0.165254237288136
3504,"4fchA","CONTROL",10,"P",0,236,0
3504,"4fchA","CONTROL",10,"S",1,236,0.00423728813559322
3505,"4fe7A","CONTROL",10,"C",185,296,0.625
3505,"4fe7A","CONTROL",10,"N",49,296,0.165540540540541
3505,"4fe7A","CONTROL",10,"O",61,296,0.206081081081081
3505,"4fe7A","CONTROL",10,"P",0,296,0
3505,"4fe7A","CONTROL",10,"S",1,296,0.00337837837837838
3506,"4fh1A","CONTROL",10,"C",108,162,0.666666666666667
3506,"4fh1A","CONTROL",10,"N",27,162,0.166666666666667
3506,"4fh1A","CONTROL",10,"O",27,162,0.166666666666667
3506,"4fh1A","CONTROL",10,"P",0,162,0
3506,"4fh1A","CONTROL",10,"S",0,162,0
3507,"4fivA","CONTROL",10,"C",159,262,0.606870229007634
3507,"4fivA","CONTROL",10,"N",48,262,0.183206106870229
3507,"4fivA","CONTROL",10,"O",52,262,0.198473282442748
3507,"4fivA","CONTROL",10,"P",0,262,0
3507,"4fivA","CONTROL",10,"S",3,262,0.0114503816793893
3508,"4flnC","CONTROL",10,"C",206,317,0.649842271293375
3508,"4flnC","CONTROL",10,"N",56,317,0.176656151419558
3508,"4flnC","CONTROL",10,"O",54,317,0.170347003154574
3508,"4flnC","CONTROL",10,"P",0,317,0
3508,"4flnC","CONTROL",10,"S",1,317,0.00315457413249211
3509,"4fnbA","CONTROL",10,"C",250,386,0.647668393782383
3509,"4fnbA","CONTROL",10,"N",65,386,0.16839378238342
3509,"4fnbA","CONTROL",10,"O",66,386,0.170984455958549
3509,"4fnbA","CONTROL",10,"P",0,386,0
3509,"4fnbA","CONTROL",10,"S",5,386,0.0129533678756477
3510,"4fnsA","CONTROL",10,"C",215,345,0.623188405797101
3510,"4fnsA","CONTROL",10,"N",61,345,0.176811594202899
3510,"4fnsA","CONTROL",10,"O",68,345,0.197101449275362
3510,"4fnsA","CONTROL",10,"P",0,345,0
3510,"4fnsA","CONTROL",10,"S",1,345,0.00289855072463768
3511,"4fo8A","CONTROL",10,"C",211,342,0.616959064327485
3511,"4fo8A","CONTROL",10,"N",60,342,0.175438596491228
3511,"4fo8A","CONTROL",10,"O",67,342,0.195906432748538
3511,"4fo8A","CONTROL",10,"P",0,342,0
3511,"4fo8A","CONTROL",10,"S",4,342,0.0116959064327485
3512,"4foaA","CONTROL",10,"C",201,293,0.686006825938567
3512,"4foaA","CONTROL",10,"N",43,293,0.146757679180887
3512,"4foaA","CONTROL",10,"O",47,293,0.160409556313993
3512,"4foaA","CONTROL",10,"P",0,293,0
3512,"4foaA","CONTROL",10,"S",2,293,0.0068259385665529
3513,"4fp9A","CONTROL",10,"C",276,441,0.625850340136054
3513,"4fp9A","CONTROL",10,"N",78,441,0.17687074829932
3513,"4fp9A","CONTROL",10,"O",82,441,0.1859410430839
3513,"4fp9A","CONTROL",10,"P",0,441,0
3513,"4fp9A","CONTROL",10,"S",5,441,0.0113378684807256
3514,"4fsxB","CONTROL",10,"C",260,415,0.626506024096386
3514,"4fsxB","CONTROL",10,"N",70,415,0.168674698795181
3514,"4fsxB","CONTROL",10,"O",82,415,0.197590361445783
3514,"4fsxB","CONTROL",10,"P",0,415,0
3514,"4fsxB","CONTROL",10,"S",3,415,0.0072289156626506
3515,"4ft2A","CONTROL",10,"C",285,453,0.629139072847682
3515,"4ft2A","CONTROL",10,"N",78,453,0.172185430463576
3515,"4ft2A","CONTROL",10,"O",85,453,0.187637969094923
3515,"4ft2A","CONTROL",10,"P",0,453,0
3515,"4ft2A","CONTROL",10,"S",5,453,0.011037527593819
3516,"4fw7C","CONTROL",10,"C",270,432,0.625
3516,"4fw7C","CONTROL",10,"N",78,432,0.180555555555556
3516,"4fw7C","CONTROL",10,"O",82,432,0.189814814814815
3516,"4fw7C","CONTROL",10,"P",0,432,0
3516,"4fw7C","CONTROL",10,"S",2,432,0.00462962962962963
3517,"4fwjB","CONTROL",10,"C",496,754,0.657824933687003
3517,"4fwjB","CONTROL",10,"N",124,754,0.164456233421751
3517,"4fwjB","CONTROL",10,"O",132,754,0.175066312997347
3517,"4fwjB","CONTROL",10,"P",0,754,0
3517,"4fwjB","CONTROL",10,"S",2,754,0.0026525198938992
3518,"4g32A","CONTROL",10,"C",491,717,0.684797768479777
3518,"4g32A","CONTROL",10,"N",108,717,0.150627615062762
3518,"4g32A","CONTROL",10,"O",115,717,0.160390516039052
3518,"4g32A","CONTROL",10,"P",0,717,0
3518,"4g32A","CONTROL",10,"S",3,717,0.00418410041841004
3519,"4g4jA","CONTROL",10,"C",156,260,0.6
3519,"4g4jA","CONTROL",10,"N",52,260,0.2
3519,"4g4jA","CONTROL",10,"O",50,260,0.192307692307692
3519,"4g4jA","CONTROL",10,"P",0,260,0
3519,"4g4jA","CONTROL",10,"S",2,260,0.00769230769230769
3520,"4g56C","CONTROL",10,"C",311,476,0.653361344537815
3520,"4g56C","CONTROL",10,"N",75,476,0.157563025210084
3520,"4g56C","CONTROL",10,"O",89,476,0.186974789915966
3520,"4g56C","CONTROL",10,"P",0,476,0
3520,"4g56C","CONTROL",10,"S",1,476,0.00210084033613445
3521,"4g67A","CONTROL",10,"C",295,456,0.646929824561403
3521,"4g67A","CONTROL",10,"N",70,456,0.153508771929825
3521,"4g67A","CONTROL",10,"O",88,456,0.192982456140351
3521,"4g67A","CONTROL",10,"P",0,456,0
3521,"4g67A","CONTROL",10,"S",3,456,0.00657894736842105
3522,"4g8cA","CONTROL",10,"C",252,390,0.646153846153846
3522,"4g8cA","CONTROL",10,"N",66,390,0.169230769230769
3522,"4g8cA","CONTROL",10,"O",68,390,0.174358974358974
3522,"4g8cA","CONTROL",10,"P",0,390,0
3522,"4g8cA","CONTROL",10,"S",4,390,0.0102564102564103
3523,"4g8jF","CONTROL",10,"C",193,313,0.616613418530351
3523,"4g8jF","CONTROL",10,"N",57,313,0.182108626198083
3523,"4g8jF","CONTROL",10,"O",61,313,0.194888178913738
3523,"4g8jF","CONTROL",10,"P",0,313,0
3523,"4g8jF","CONTROL",10,"S",2,313,0.00638977635782748
3524,"4gaoA","CONTROL",10,"C",227,349,0.650429799426934
3524,"4gaoA","CONTROL",10,"N",51,349,0.146131805157593
3524,"4gaoA","CONTROL",10,"O",68,349,0.194842406876791
3524,"4gaoA","CONTROL",10,"P",0,349,0
3524,"4gaoA","CONTROL",10,"S",3,349,0.00859598853868195
3525,"4gbaB","CONTROL",10,"C",258,396,0.651515151515151
3525,"4gbaB","CONTROL",10,"N",59,396,0.148989898989899
3525,"4gbaB","CONTROL",10,"O",75,396,0.189393939393939
3525,"4gbaB","CONTROL",10,"P",0,396,0
3525,"4gbaB","CONTROL",10,"S",4,396,0.0101010101010101
3526,"4gbdB","CONTROL",10,"C",301,466,0.645922746781116
3526,"4gbdB","CONTROL",10,"N",80,466,0.171673819742489
3526,"4gbdB","CONTROL",10,"O",80,466,0.171673819742489
3526,"4gbdB","CONTROL",10,"P",0,466,0
3526,"4gbdB","CONTROL",10,"S",5,466,0.0107296137339056
3527,"4gc9A","CONTROL",10,"C",296,432,0.685185185185185
3527,"4gc9A","CONTROL",10,"N",64,432,0.148148148148148
3527,"4gc9A","CONTROL",10,"O",72,432,0.166666666666667
3527,"4gc9A","CONTROL",10,"P",0,432,0
3527,"4gc9A","CONTROL",10,"S",0,432,0
3528,"4ggmA","CONTROL",10,"C",286,427,0.669789227166276
3528,"4ggmA","CONTROL",10,"N",74,427,0.173302107728337
3528,"4ggmA","CONTROL",10,"O",66,427,0.154566744730679
3528,"4ggmA","CONTROL",10,"P",0,427,0
3528,"4ggmA","CONTROL",10,"S",1,427,0.00234192037470726
3529,"4gikB","CONTROL",10,"C",224,353,0.634560906515581
3529,"4gikB","CONTROL",10,"N",64,353,0.181303116147309
3529,"4gikB","CONTROL",10,"O",63,353,0.178470254957507
3529,"4gikB","CONTROL",10,"P",0,353,0
3529,"4gikB","CONTROL",10,"S",2,353,0.0056657223796034
3530,"4gjzA","CONTROL",10,"C",228,362,0.629834254143646
3530,"4gjzA","CONTROL",10,"N",66,362,0.18232044198895
3530,"4gjzA","CONTROL",10,"O",68,362,0.187845303867403
3530,"4gjzA","CONTROL",10,"P",0,362,0
3530,"4gjzA","CONTROL",10,"S",0,362,0
3531,"4gl8A","CONTROL",10,"C",285,464,0.614224137931034
3531,"4gl8A","CONTROL",10,"N",81,464,0.174568965517241
3531,"4gl8A","CONTROL",10,"O",97,464,0.209051724137931
3531,"4gl8A","CONTROL",10,"P",0,464,0
3531,"4gl8A","CONTROL",10,"S",1,464,0.0021551724137931
3532,"4gmeB","CONTROL",10,"C",231,373,0.619302949061662
3532,"4gmeB","CONTROL",10,"N",71,373,0.190348525469169
3532,"4gmeB","CONTROL",10,"O",70,373,0.187667560321716
3532,"4gmeB","CONTROL",10,"P",0,373,0
3532,"4gmeB","CONTROL",10,"S",1,373,0.00268096514745308
3533,"4gn1B","CONTROL",10,"C",190,295,0.64406779661017
3533,"4gn1B","CONTROL",10,"N",52,295,0.176271186440678
3533,"4gn1B","CONTROL",10,"O",52,295,0.176271186440678
3533,"4gn1B","CONTROL",10,"P",0,295,0
3533,"4gn1B","CONTROL",10,"S",1,295,0.00338983050847458
3534,"4go8A","CONTROL",10,"C",205,334,0.61377245508982
3534,"4go8A","CONTROL",10,"N",65,334,0.194610778443114
3534,"4go8A","CONTROL",10,"O",64,334,0.191616766467066
3534,"4go8A","CONTROL",10,"P",0,334,0
3534,"4go8A","CONTROL",10,"S",0,334,0
3535,"4gplB","CONTROL",10,"C",236,378,0.624338624338624
3535,"4gplB","CONTROL",10,"N",69,378,0.182539682539683
3535,"4gplB","CONTROL",10,"O",72,378,0.19047619047619
3535,"4gplB","CONTROL",10,"P",0,378,0
3535,"4gplB","CONTROL",10,"S",1,378,0.00264550264550265
3536,"4gpsA","CONTROL",10,"C",164,261,0.628352490421456
3536,"4gpsA","CONTROL",10,"N",47,261,0.18007662835249
3536,"4gpsA","CONTROL",10,"O",46,261,0.176245210727969
3536,"4gpsA","CONTROL",10,"P",0,261,0
3536,"4gpsA","CONTROL",10,"S",4,261,0.0153256704980843
3537,"4gsuA","CONTROL",10,"C",191,306,0.624183006535948
3537,"4gsuA","CONTROL",10,"N",51,306,0.166666666666667
3537,"4gsuA","CONTROL",10,"O",61,306,0.199346405228758
3537,"4gsuA","CONTROL",10,"P",0,306,0
3537,"4gsuA","CONTROL",10,"S",3,306,0.00980392156862745
3538,"4gsvB","CONTROL",10,"C",175,303,0.577557755775578
3538,"4gsvB","CONTROL",10,"N",60,303,0.198019801980198
3538,"4gsvB","CONTROL",10,"O",68,303,0.224422442244224
3538,"4gsvB","CONTROL",10,"P",0,303,0
3538,"4gsvB","CONTROL",10,"S",0,303,0
3539,"4gu5B","CONTROL",10,"C",421,628,0.670382165605096
3539,"4gu5B","CONTROL",10,"N",104,628,0.165605095541401
3539,"4gu5B","CONTROL",10,"O",100,628,0.159235668789809
3539,"4gu5B","CONTROL",10,"P",0,628,0
3539,"4gu5B","CONTROL",10,"S",3,628,0.00477707006369427
3540,"4gvqB","CONTROL",10,"C",317,509,0.62278978388998
3540,"4gvqB","CONTROL",10,"N",84,509,0.165029469548134
3540,"4gvqB","CONTROL",10,"O",101,509,0.198428290766208
3540,"4gvqB","CONTROL",10,"P",0,509,0
3540,"4gvqB","CONTROL",10,"S",7,509,0.0137524557956778
3541,"4gx7B","CONTROL",10,"C",125,204,0.612745098039216
3541,"4gx7B","CONTROL",10,"N",38,204,0.186274509803922
3541,"4gx7B","CONTROL",10,"O",41,204,0.200980392156863
3541,"4gx7B","CONTROL",10,"P",0,204,0
3541,"4gx7B","CONTROL",10,"S",0,204,0
3542,"4gz6B","CONTROL",10,"C",356,559,0.636851520572451
3542,"4gz6B","CONTROL",10,"N",99,559,0.177101967799642
3542,"4gz6B","CONTROL",10,"O",97,559,0.173524150268336
3542,"4gz6B","CONTROL",10,"P",0,559,0
3542,"4gz6B","CONTROL",10,"S",7,559,0.0125223613595707
3543,"4h04A","CONTROL",10,"C",263,429,0.613053613053613
3543,"4h04A","CONTROL",10,"N",75,429,0.174825174825175
3543,"4h04A","CONTROL",10,"O",88,429,0.205128205128205
3543,"4h04A","CONTROL",10,"P",0,429,0
3543,"4h04A","CONTROL",10,"S",3,429,0.00699300699300699
3544,"4h0uA","CONTROL",10,"C",191,288,0.663194444444444
3544,"4h0uA","CONTROL",10,"N",46,288,0.159722222222222
3544,"4h0uA","CONTROL",10,"O",48,288,0.166666666666667
3544,"4h0uA","CONTROL",10,"P",0,288,0
3544,"4h0uA","CONTROL",10,"S",3,288,0.0104166666666667
3545,"4h12A","CONTROL",10,"C",281,431,0.651972157772622
3545,"4h12A","CONTROL",10,"N",74,431,0.17169373549884
3545,"4h12A","CONTROL",10,"O",70,431,0.162412993039443
3545,"4h12A","CONTROL",10,"P",0,431,0
3545,"4h12A","CONTROL",10,"S",6,431,0.0139211136890951
3546,"4h3yA","CONTROL",10,"C",192,299,0.642140468227425
3546,"4h3yA","CONTROL",10,"N",47,299,0.157190635451505
3546,"4h3yA","CONTROL",10,"O",55,299,0.183946488294314
3546,"4h3yA","CONTROL",10,"P",0,299,0
3546,"4h3yA","CONTROL",10,"S",5,299,0.0167224080267559
3547,"4h69F","CONTROL",10,"C",244,379,0.643799472295514
3547,"4h69F","CONTROL",10,"N",64,379,0.168865435356201
3547,"4h69F","CONTROL",10,"O",70,379,0.184696569920844
3547,"4h69F","CONTROL",10,"P",0,379,0
3547,"4h69F","CONTROL",10,"S",1,379,0.00263852242744063
3548,"4h6uA","CONTROL",10,"C",270,402,0.671641791044776
3548,"4h6uA","CONTROL",10,"N",67,402,0.166666666666667
3548,"4h6uA","CONTROL",10,"O",63,402,0.156716417910448
3548,"4h6uA","CONTROL",10,"P",0,402,0
3548,"4h6uA","CONTROL",10,"S",2,402,0.00497512437810945
3549,"4hbmB","CONTROL",10,"C",238,356,0.668539325842697
3549,"4hbmB","CONTROL",10,"N",58,356,0.162921348314607
3549,"4hbmB","CONTROL",10,"O",56,356,0.157303370786517
3549,"4hbmB","CONTROL",10,"P",0,356,0
3549,"4hbmB","CONTROL",10,"S",4,356,0.0112359550561798
3550,"4hevA","CONTROL",10,"C",214,331,0.646525679758308
3550,"4hevA","CONTROL",10,"N",55,331,0.166163141993958
3550,"4hevA","CONTROL",10,"O",61,331,0.18429003021148
3550,"4hevA","CONTROL",10,"P",0,331,0
3550,"4hevA","CONTROL",10,"S",1,331,0.00302114803625378
3551,"4hgdC","CONTROL",10,"C",306,475,0.64421052631579
3551,"4hgdC","CONTROL",10,"N",85,475,0.178947368421053
3551,"4hgdC","CONTROL",10,"O",84,475,0.176842105263158
3551,"4hgdC","CONTROL",10,"P",0,475,0
3551,"4hgdC","CONTROL",10,"S",0,475,0
3552,"4hh0A","CONTROL",10,"C",253,404,0.626237623762376
3552,"4hh0A","CONTROL",10,"N",76,404,0.188118811881188
3552,"4hh0A","CONTROL",10,"O",73,404,0.180693069306931
3552,"4hh0A","CONTROL",10,"P",0,404,0
3552,"4hh0A","CONTROL",10,"S",2,404,0.00495049504950495
3553,"4hhzA","CONTROL",10,"C",338,520,0.65
3553,"4hhzA","CONTROL",10,"N",85,520,0.163461538461538
3553,"4hhzA","CONTROL",10,"O",95,520,0.182692307692308
3553,"4hhzA","CONTROL",10,"P",0,520,0
3553,"4hhzA","CONTROL",10,"S",2,520,0.00384615384615385
3554,"4hjhA","CONTROL",10,"C",230,395,0.582278481012658
3554,"4hjhA","CONTROL",10,"N",79,395,0.2
3554,"4hjhA","CONTROL",10,"O",86,395,0.217721518987342
3554,"4hjhA","CONTROL",10,"P",0,395,0
3554,"4hjhA","CONTROL",10,"S",0,395,0
3555,"4hmeA","CONTROL",10,"C",273,456,0.598684210526316
3555,"4hmeA","CONTROL",10,"N",87,456,0.190789473684211
3555,"4hmeA","CONTROL",10,"O",95,456,0.208333333333333
3555,"4hmeA","CONTROL",10,"P",0,456,0
3555,"4hmeA","CONTROL",10,"S",1,456,0.00219298245614035
3556,"4hotA","CONTROL",10,"C",506,784,0.645408163265306
3556,"4hotA","CONTROL",10,"N",142,784,0.181122448979592
3556,"4hotA","CONTROL",10,"O",134,784,0.170918367346939
3556,"4hotA","CONTROL",10,"P",0,784,0
3556,"4hotA","CONTROL",10,"S",2,784,0.00255102040816327
3557,"4hp5A","CONTROL",10,"C",237,376,0.63031914893617
3557,"4hp5A","CONTROL",10,"N",69,376,0.183510638297872
3557,"4hp5A","CONTROL",10,"O",70,376,0.186170212765957
3557,"4hp5A","CONTROL",10,"P",0,376,0
3557,"4hp5A","CONTROL",10,"S",0,376,0
3558,"4hrcH","CONTROL",10,"C",176,300,0.586666666666667
3558,"4hrcH","CONTROL",10,"N",56,300,0.186666666666667
3558,"4hrcH","CONTROL",10,"O",67,300,0.223333333333333
3558,"4hrcH","CONTROL",10,"P",0,300,0
3558,"4hrcH","CONTROL",10,"S",1,300,0.00333333333333333
3559,"4hsrB","CONTROL",10,"C",190,294,0.646258503401361
3559,"4hsrB","CONTROL",10,"N",55,294,0.187074829931973
3559,"4hsrB","CONTROL",10,"O",48,294,0.163265306122449
3559,"4hsrB","CONTROL",10,"P",0,294,0
3559,"4hsrB","CONTROL",10,"S",1,294,0.00340136054421769
3560,"4hxgL","CONTROL",10,"C",209,325,0.643076923076923
3560,"4hxgL","CONTROL",10,"N",58,325,0.178461538461538
3560,"4hxgL","CONTROL",10,"O",57,325,0.175384615384615
3560,"4hxgL","CONTROL",10,"P",0,325,0
3560,"4hxgL","CONTROL",10,"S",1,325,0.00307692307692308
3561,"4hxyA","CONTROL",10,"C",336,523,0.64244741873805
3561,"4hxyA","CONTROL",10,"N",93,523,0.177820267686424
3561,"4hxyA","CONTROL",10,"O",92,523,0.175908221797323
3561,"4hxyA","CONTROL",10,"P",0,523,0
3561,"4hxyA","CONTROL",10,"S",2,523,0.00382409177820268
3562,"4hy7A","CONTROL",10,"C",217,363,0.597796143250689
3562,"4hy7A","CONTROL",10,"N",75,363,0.206611570247934
3562,"4hy7A","CONTROL",10,"O",67,363,0.184573002754821
3562,"4hy7A","CONTROL",10,"P",0,363,0
3562,"4hy7A","CONTROL",10,"S",4,363,0.0110192837465565
3563,"4hzeA","CONTROL",10,"C",178,301,0.591362126245847
3563,"4hzeA","CONTROL",10,"N",57,301,0.18936877076412
3563,"4hzeA","CONTROL",10,"O",66,301,0.219269102990033
3563,"4hzeA","CONTROL",10,"P",0,301,0
3563,"4hzeA","CONTROL",10,"S",0,301,0
3564,"4i1rA","CONTROL",10,"C",246,372,0.661290322580645
3564,"4i1rA","CONTROL",10,"N",63,372,0.169354838709677
3564,"4i1rA","CONTROL",10,"O",62,372,0.166666666666667
3564,"4i1rA","CONTROL",10,"P",0,372,0
3564,"4i1rA","CONTROL",10,"S",1,372,0.00268817204301075
3565,"4i52D","CONTROL",10,"C",284,453,0.626931567328918
3565,"4i52D","CONTROL",10,"N",87,453,0.19205298013245
3565,"4i52D","CONTROL",10,"O",80,453,0.176600441501104
3565,"4i52D","CONTROL",10,"P",0,453,0
3565,"4i52D","CONTROL",10,"S",2,453,0.00441501103752759
3566,"4i6gA","CONTROL",10,"C",393,588,0.668367346938776
3566,"4i6gA","CONTROL",10,"N",103,588,0.175170068027211
3566,"4i6gA","CONTROL",10,"O",90,588,0.153061224489796
3566,"4i6gA","CONTROL",10,"P",0,588,0
3566,"4i6gA","CONTROL",10,"S",2,588,0.00340136054421769
3567,"4i75A","CONTROL",10,"C",208,332,0.626506024096386
3567,"4i75A","CONTROL",10,"N",58,332,0.174698795180723
3567,"4i75A","CONTROL",10,"O",65,332,0.19578313253012
3567,"4i75A","CONTROL",10,"P",0,332,0
3567,"4i75A","CONTROL",10,"S",1,332,0.00301204819277108
3568,"4ialA","CONTROL",10,"C",163,264,0.617424242424242
3568,"4ialA","CONTROL",10,"N",46,264,0.174242424242424
3568,"4ialA","CONTROL",10,"O",55,264,0.208333333333333
3568,"4ialA","CONTROL",10,"P",0,264,0
3568,"4ialA","CONTROL",10,"S",0,264,0
3569,"4iavA","CONTROL",10,"C",224,372,0.602150537634409
3569,"4iavA","CONTROL",10,"N",71,372,0.190860215053763
3569,"4iavA","CONTROL",10,"O",77,372,0.206989247311828
3569,"4iavA","CONTROL",10,"P",0,372,0
3569,"4iavA","CONTROL",10,"S",0,372,0
3570,"4icsA","CONTROL",10,"C",227,365,0.621917808219178
3570,"4icsA","CONTROL",10,"N",63,365,0.172602739726027
3570,"4icsA","CONTROL",10,"O",74,365,0.202739726027397
3570,"4icsA","CONTROL",10,"P",0,365,0
3570,"4icsA","CONTROL",10,"S",1,365,0.00273972602739726
3571,"4icyA","CONTROL",10,"C",405,661,0.612708018154312
3571,"4icyA","CONTROL",10,"N",128,661,0.193645990922844
3571,"4icyA","CONTROL",10,"O",123,661,0.186081694402421
3571,"4icyA","CONTROL",10,"P",0,661,0
3571,"4icyA","CONTROL",10,"S",5,661,0.0075642965204236
3572,"4iczA","CONTROL",10,"C",254,415,0.612048192771084
3572,"4iczA","CONTROL",10,"N",82,415,0.197590361445783
3572,"4iczA","CONTROL",10,"O",76,415,0.183132530120482
3572,"4iczA","CONTROL",10,"P",0,415,0
3572,"4iczA","CONTROL",10,"S",3,415,0.0072289156626506
3573,"4ie5A","CONTROL",10,"C",260,395,0.658227848101266
3573,"4ie5A","CONTROL",10,"N",66,395,0.167088607594937
3573,"4ie5A","CONTROL",10,"O",66,395,0.167088607594937
3573,"4ie5A","CONTROL",10,"P",0,395,0
3573,"4ie5A","CONTROL",10,"S",3,395,0.00759493670886076
3574,"4ig6A","CONTROL",10,"C",201,306,0.656862745098039
3574,"4ig6A","CONTROL",10,"N",48,306,0.156862745098039
3574,"4ig6A","CONTROL",10,"O",56,306,0.183006535947712
3574,"4ig6A","CONTROL",10,"P",0,306,0
3574,"4ig6A","CONTROL",10,"S",1,306,0.00326797385620915
3575,"4ig7A","CONTROL",10,"C",162,245,0.661224489795918
3575,"4ig7A","CONTROL",10,"N",44,245,0.179591836734694
3575,"4ig7A","CONTROL",10,"O",37,245,0.151020408163265
3575,"4ig7A","CONTROL",10,"P",0,245,0
3575,"4ig7A","CONTROL",10,"S",2,245,0.00816326530612245
3576,"4igqA","CONTROL",10,"C",220,357,0.61624649859944
3576,"4igqA","CONTROL",10,"N",65,357,0.182072829131653
3576,"4igqA","CONTROL",10,"O",70,357,0.196078431372549
3576,"4igqA","CONTROL",10,"P",0,357,0
3576,"4igqA","CONTROL",10,"S",2,357,0.00560224089635854
3577,"4ij8A","CONTROL",10,"C",223,348,0.640804597701149
3577,"4ij8A","CONTROL",10,"N",62,348,0.17816091954023
3577,"4ij8A","CONTROL",10,"O",62,348,0.17816091954023
3577,"4ij8A","CONTROL",10,"P",0,348,0
3577,"4ij8A","CONTROL",10,"S",1,348,0.0028735632183908
3578,"4iknA","CONTROL",10,"C",170,262,0.648854961832061
3578,"4iknA","CONTROL",10,"N",46,262,0.175572519083969
3578,"4iknA","CONTROL",10,"O",44,262,0.16793893129771
3578,"4iknA","CONTROL",10,"P",0,262,0
3578,"4iknA","CONTROL",10,"S",2,262,0.00763358778625954
3579,"4il0H","CONTROL",10,"C",240,381,0.62992125984252
3579,"4il0H","CONTROL",10,"N",69,381,0.181102362204724
3579,"4il0H","CONTROL",10,"O",71,381,0.186351706036745
3579,"4il0H","CONTROL",10,"P",0,381,0
3579,"4il0H","CONTROL",10,"S",1,381,0.0026246719160105
3580,"4impC","CONTROL",10,"C",339,540,0.627777777777778
3580,"4impC","CONTROL",10,"N",98,540,0.181481481481481
3580,"4impC","CONTROL",10,"O",99,540,0.183333333333333
3580,"4impC","CONTROL",10,"P",0,540,0
3580,"4impC","CONTROL",10,"S",4,540,0.00740740740740741
3581,"4inqA","CONTROL",10,"C",384,599,0.641068447412354
3581,"4inqA","CONTROL",10,"N",108,599,0.180300500834725
3581,"4inqA","CONTROL",10,"O",105,599,0.175292153589316
3581,"4inqA","CONTROL",10,"P",0,599,0
3581,"4inqA","CONTROL",10,"S",2,599,0.00333889816360601
3582,"4inwA","CONTROL",10,"C",316,484,0.652892561983471
3582,"4inwA","CONTROL",10,"N",78,484,0.161157024793388
3582,"4inwA","CONTROL",10,"O",83,484,0.171487603305785
3582,"4inwA","CONTROL",10,"P",0,484,0
3582,"4inwA","CONTROL",10,"S",7,484,0.0144628099173554
3583,"4io0A","CONTROL",10,"C",272,417,0.652278177458034
3583,"4io0A","CONTROL",10,"N",70,417,0.167865707434053
3583,"4io0A","CONTROL",10,"O",72,417,0.172661870503597
3583,"4io0A","CONTROL",10,"P",0,417,0
3583,"4io0A","CONTROL",10,"S",3,417,0.00719424460431655
3584,"4issA","CONTROL",10,"C",195,321,0.607476635514019
3584,"4issA","CONTROL",10,"N",62,321,0.193146417445483
3584,"4issA","CONTROL",10,"O",62,321,0.193146417445483
3584,"4issA","CONTROL",10,"P",0,321,0
3584,"4issA","CONTROL",10,"S",2,321,0.00623052959501558
3585,"4it1C","CONTROL",10,"C",202,330,0.612121212121212
3585,"4it1C","CONTROL",10,"N",57,330,0.172727272727273
3585,"4it1C","CONTROL",10,"O",70,330,0.212121212121212
3585,"4it1C","CONTROL",10,"P",0,330,0
3585,"4it1C","CONTROL",10,"S",1,330,0.00303030303030303
3586,"4iu0A","CONTROL",10,"C",166,287,0.578397212543554
3586,"4iu0A","CONTROL",10,"N",56,287,0.195121951219512
3586,"4iu0A","CONTROL",10,"O",64,287,0.222996515679443
3586,"4iu0A","CONTROL",10,"P",0,287,0
3586,"4iu0A","CONTROL",10,"S",1,287,0.00348432055749129
3587,"4iuwA","CONTROL",10,"C",194,313,0.619808306709265
3587,"4iuwA","CONTROL",10,"N",52,313,0.166134185303514
3587,"4iuwA","CONTROL",10,"O",66,313,0.210862619808307
3587,"4iuwA","CONTROL",10,"P",0,313,0
3587,"4iuwA","CONTROL",10,"S",1,313,0.00319488817891374
3588,"4izdB","CONTROL",10,"C",272,427,0.637002341920375
3588,"4izdB","CONTROL",10,"N",83,427,0.194379391100703
3588,"4izdB","CONTROL",10,"O",70,427,0.163934426229508
3588,"4izdB","CONTROL",10,"P",0,427,0
3588,"4izdB","CONTROL",10,"S",2,427,0.00468384074941452
3589,"4j0jB","CONTROL",10,"C",201,312,0.644230769230769
3589,"4j0jB","CONTROL",10,"N",58,312,0.185897435897436
3589,"4j0jB","CONTROL",10,"O",51,312,0.163461538461538
3589,"4j0jB","CONTROL",10,"P",0,312,0
3589,"4j0jB","CONTROL",10,"S",2,312,0.00641025641025641
3590,"4j25C","CONTROL",10,"C",201,315,0.638095238095238
3590,"4j25C","CONTROL",10,"N",57,315,0.180952380952381
3590,"4j25C","CONTROL",10,"O",55,315,0.174603174603175
3590,"4j25C","CONTROL",10,"P",0,315,0
3590,"4j25C","CONTROL",10,"S",2,315,0.00634920634920635
3591,"4j25F","CONTROL",10,"C",232,357,0.649859943977591
3591,"4j25F","CONTROL",10,"N",66,357,0.184873949579832
3591,"4j25F","CONTROL",10,"O",57,357,0.159663865546218
3591,"4j25F","CONTROL",10,"P",0,357,0
3591,"4j25F","CONTROL",10,"S",2,357,0.00560224089635854
3592,"4j3tA","CONTROL",10,"C",259,422,0.613744075829384
3592,"4j3tA","CONTROL",10,"N",76,422,0.180094786729858
3592,"4j3tA","CONTROL",10,"O",86,422,0.203791469194313
3592,"4j3tA","CONTROL",10,"P",0,422,0
3592,"4j3tA","CONTROL",10,"S",1,422,0.0023696682464455
3593,"4j4vC","CONTROL",10,"C",219,345,0.634782608695652
3593,"4j4vC","CONTROL",10,"N",63,345,0.182608695652174
3593,"4j4vC","CONTROL",10,"O",61,345,0.176811594202899
3593,"4j4vC","CONTROL",10,"P",0,345,0
3593,"4j4vC","CONTROL",10,"S",2,345,0.00579710144927536
3594,"4j5dA","CONTROL",10,"C",204,344,0.593023255813954
3594,"4j5dA","CONTROL",10,"N",71,344,0.206395348837209
3594,"4j5dA","CONTROL",10,"O",65,344,0.188953488372093
3594,"4j5dA","CONTROL",10,"P",0,344,0
3594,"4j5dA","CONTROL",10,"S",4,344,0.0116279069767442
3595,"4j5hA","CONTROL",10,"C",270,419,0.644391408114558
3595,"4j5hA","CONTROL",10,"N",73,419,0.174224343675418
3595,"4j5hA","CONTROL",10,"O",72,419,0.171837708830549
3595,"4j5hA","CONTROL",10,"P",0,419,0
3595,"4j5hA","CONTROL",10,"S",4,419,0.00954653937947494
3596,"4j9xA","CONTROL",10,"C",211,341,0.618768328445748
3596,"4j9xA","CONTROL",10,"N",60,341,0.175953079178886
3596,"4j9xA","CONTROL",10,"O",66,341,0.193548387096774
3596,"4j9xA","CONTROL",10,"P",0,341,0
3596,"4j9xA","CONTROL",10,"S",4,341,0.0117302052785924
3597,"4jbwG","CONTROL",10,"C",180,268,0.671641791044776
3597,"4jbwG","CONTROL",10,"N",41,268,0.152985074626866
3597,"4jbwG","CONTROL",10,"O",45,268,0.167910447761194
3597,"4jbwG","CONTROL",10,"P",0,268,0
3597,"4jbwG","CONTROL",10,"S",2,268,0.00746268656716418
3598,"4jd6C","CONTROL",10,"C",223,345,0.646376811594203
3598,"4jd6C","CONTROL",10,"N",65,345,0.188405797101449
3598,"4jd6C","CONTROL",10,"O",54,345,0.156521739130435
3598,"4jd6C","CONTROL",10,"P",0,345,0
3598,"4jd6C","CONTROL",10,"S",3,345,0.00869565217391304
3599,"4jgxB","CONTROL",10,"C",228,336,0.678571428571429
3599,"4jgxB","CONTROL",10,"N",54,336,0.160714285714286
3599,"4jgxB","CONTROL",10,"O",53,336,0.157738095238095
3599,"4jgxB","CONTROL",10,"P",0,336,0
3599,"4jgxB","CONTROL",10,"S",1,336,0.00297619047619048
3600,"4jmgA","CONTROL",10,"C",353,539,0.654916512059369
3600,"4jmgA","CONTROL",10,"N",89,539,0.165120593692022
3600,"4jmgA","CONTROL",10,"O",97,539,0.179962894248609
3600,"4jmgA","CONTROL",10,"P",0,539,0
3600,"4jmgA","CONTROL",10,"S",0,539,0
3601,"4jmxA","CONTROL",10,"C",212,340,0.623529411764706
3601,"4jmxA","CONTROL",10,"N",62,340,0.182352941176471
3601,"4jmxA","CONTROL",10,"O",64,340,0.188235294117647
3601,"4jmxA","CONTROL",10,"P",0,340,0
3601,"4jmxA","CONTROL",10,"S",2,340,0.00588235294117647
3602,"4jn7A","CONTROL",10,"C",182,297,0.612794612794613
3602,"4jn7A","CONTROL",10,"N",54,297,0.181818181818182
3602,"4jn7A","CONTROL",10,"O",60,297,0.202020202020202
3602,"4jn7A","CONTROL",10,"P",0,297,0
3602,"4jn7A","CONTROL",10,"S",1,297,0.00336700336700337
3603,"4josB","CONTROL",10,"C",187,292,0.64041095890411
3603,"4josB","CONTROL",10,"N",55,292,0.188356164383562
3603,"4josB","CONTROL",10,"O",50,292,0.171232876712329
3603,"4josB","CONTROL",10,"P",0,292,0
3603,"4josB","CONTROL",10,"S",0,292,0
3604,"4jpxA","CONTROL",10,"C",189,271,0.697416974169742
3604,"4jpxA","CONTROL",10,"N",37,271,0.136531365313653
3604,"4jpxA","CONTROL",10,"O",44,271,0.162361623616236
3604,"4jpxA","CONTROL",10,"P",0,271,0
3604,"4jpxA","CONTROL",10,"S",1,271,0.003690036900369
3605,"4juuB","CONTROL",10,"C",197,318,0.619496855345912
3605,"4juuB","CONTROL",10,"N",56,318,0.176100628930818
3605,"4juuB","CONTROL",10,"O",61,318,0.191823899371069
3605,"4juuB","CONTROL",10,"P",0,318,0
3605,"4juuB","CONTROL",10,"S",4,318,0.0125786163522013
3606,"4jvtA","CONTROL",10,"C",196,311,0.630225080385852
3606,"4jvtA","CONTROL",10,"N",61,311,0.196141479099678
3606,"4jvtA","CONTROL",10,"O",53,311,0.170418006430868
3606,"4jvtA","CONTROL",10,"P",0,311,0
3606,"4jvtA","CONTROL",10,"S",1,311,0.00321543408360129
3607,"4jwlA","CONTROL",10,"C",202,300,0.673333333333333
3607,"4jwlA","CONTROL",10,"N",48,300,0.16
3607,"4jwlA","CONTROL",10,"O",47,300,0.156666666666667
3607,"4jwlA","CONTROL",10,"P",0,300,0
3607,"4jwlA","CONTROL",10,"S",3,300,0.01
3608,"4jwtA","CONTROL",10,"C",176,276,0.63768115942029
3608,"4jwtA","CONTROL",10,"N",48,276,0.173913043478261
3608,"4jwtA","CONTROL",10,"O",52,276,0.188405797101449
3608,"4jwtA","CONTROL",10,"P",0,276,0
3608,"4jwtA","CONTROL",10,"S",0,276,0
3609,"4jyxB","CONTROL",10,"C",154,244,0.631147540983607
3609,"4jyxB","CONTROL",10,"N",41,244,0.168032786885246
3609,"4jyxB","CONTROL",10,"O",49,244,0.200819672131148
3609,"4jyxB","CONTROL",10,"P",0,244,0
3609,"4jyxB","CONTROL",10,"S",0,244,0
3610,"4k2sB","CONTROL",10,"C",203,327,0.620795107033639
3610,"4k2sB","CONTROL",10,"N",63,327,0.192660550458716
3610,"4k2sB","CONTROL",10,"O",60,327,0.18348623853211
3610,"4k2sB","CONTROL",10,"P",0,327,0
3610,"4k2sB","CONTROL",10,"S",1,327,0.00305810397553517
3611,"4k2xB","CONTROL",10,"C",419,660,0.634848484848485
3611,"4k2xB","CONTROL",10,"N",120,660,0.181818181818182
3611,"4k2xB","CONTROL",10,"O",119,660,0.18030303030303
3611,"4k2xB","CONTROL",10,"P",0,660,0
3611,"4k2xB","CONTROL",10,"S",2,660,0.00303030303030303
3612,"4k30A","CONTROL",10,"C",254,363,0.699724517906336
3612,"4k30A","CONTROL",10,"N",57,363,0.15702479338843
3612,"4k30A","CONTROL",10,"O",52,363,0.143250688705234
3612,"4k30A","CONTROL",10,"P",0,363,0
3612,"4k30A","CONTROL",10,"S",0,363,0
3613,"4k6nA","CONTROL",10,"C",251,392,0.64030612244898
3613,"4k6nA","CONTROL",10,"N",69,392,0.176020408163265
3613,"4k6nA","CONTROL",10,"O",67,392,0.170918367346939
3613,"4k6nA","CONTROL",10,"P",0,392,0
3613,"4k6nA","CONTROL",10,"S",5,392,0.0127551020408163
3614,"4kc8A","CONTROL",10,"C",181,293,0.617747440273038
3614,"4kc8A","CONTROL",10,"N",54,293,0.184300341296928
3614,"4kc8A","CONTROL",10,"O",57,293,0.194539249146758
3614,"4kc8A","CONTROL",10,"P",0,293,0
3614,"4kc8A","CONTROL",10,"S",1,293,0.00341296928327645
3615,"4kf6B","CONTROL",10,"C",248,363,0.683195592286501
3615,"4kf6B","CONTROL",10,"N",64,363,0.176308539944904
3615,"4kf6B","CONTROL",10,"O",50,363,0.137741046831956
3615,"4kf6B","CONTROL",10,"P",0,363,0
3615,"4kf6B","CONTROL",10,"S",1,363,0.00275482093663912
3616,"4kn0A","CONTROL",10,"C",308,463,0.665226781857451
3616,"4kn0A","CONTROL",10,"N",83,463,0.1792656587473
3616,"4kn0A","CONTROL",10,"O",69,463,0.14902807775378
3616,"4kn0A","CONTROL",10,"P",0,463,0
3616,"4kn0A","CONTROL",10,"S",3,463,0.00647948164146868
3617,"4koxA","CONTROL",10,"C",244,375,0.650666666666667
3617,"4koxA","CONTROL",10,"N",64,375,0.170666666666667
3617,"4koxA","CONTROL",10,"O",61,375,0.162666666666667
3617,"4koxA","CONTROL",10,"P",0,375,0
3617,"4koxA","CONTROL",10,"S",6,375,0.016
3618,"4kpsA","CONTROL",10,"C",193,299,0.645484949832776
3618,"4kpsA","CONTROL",10,"N",50,299,0.167224080267559
3618,"4kpsA","CONTROL",10,"O",54,299,0.180602006688963
3618,"4kpsA","CONTROL",10,"P",0,299,0
3618,"4kpsA","CONTROL",10,"S",2,299,0.00668896321070234
3619,"4kqqB","CONTROL",10,"C",305,489,0.623721881390593
3619,"4kqqB","CONTROL",10,"N",90,489,0.184049079754601
3619,"4kqqB","CONTROL",10,"O",94,489,0.192229038854806
3619,"4kqqB","CONTROL",10,"P",0,489,0
3619,"4kqqB","CONTROL",10,"S",0,489,0
3620,"4krhB","CONTROL",10,"C",345,527,0.654648956356736
3620,"4krhB","CONTROL",10,"N",87,527,0.165085388994307
3620,"4krhB","CONTROL",10,"O",92,527,0.174573055028463
3620,"4krhB","CONTROL",10,"P",0,527,0
3620,"4krhB","CONTROL",10,"S",3,527,0.00569259962049336
3621,"4ksiA","CONTROL",10,"C",175,288,0.607638888888889
3621,"4ksiA","CONTROL",10,"N",53,288,0.184027777777778
3621,"4ksiA","CONTROL",10,"O",59,288,0.204861111111111
3621,"4ksiA","CONTROL",10,"P",0,288,0
3621,"4ksiA","CONTROL",10,"S",1,288,0.00347222222222222
3622,"4kwwF","CONTROL",10,"C",152,261,0.582375478927203
3622,"4kwwF","CONTROL",10,"N",59,261,0.226053639846743
3622,"4kwwF","CONTROL",10,"O",49,261,0.187739463601533
3622,"4kwwF","CONTROL",10,"P",0,261,0
3622,"4kwwF","CONTROL",10,"S",1,261,0.00383141762452107
3623,"4l0mA","CONTROL",10,"C",180,288,0.625
3623,"4l0mA","CONTROL",10,"N",50,288,0.173611111111111
3623,"4l0mA","CONTROL",10,"O",58,288,0.201388888888889
3623,"4l0mA","CONTROL",10,"P",0,288,0
3623,"4l0mA","CONTROL",10,"S",0,288,0
3624,"4l1uB","CONTROL",10,"C",166,264,0.628787878787879
3624,"4l1uB","CONTROL",10,"N",53,264,0.200757575757576
3624,"4l1uB","CONTROL",10,"O",45,264,0.170454545454545
3624,"4l1uB","CONTROL",10,"P",0,264,0
3624,"4l1uB","CONTROL",10,"S",0,264,0
3625,"4l4tA","CONTROL",10,"C",232,337,0.688427299703264
3625,"4l4tA","CONTROL",10,"N",53,337,0.15727002967359
3625,"4l4tA","CONTROL",10,"O",48,337,0.142433234421365
3625,"4l4tA","CONTROL",10,"P",0,337,0
3625,"4l4tA","CONTROL",10,"S",4,337,0.0118694362017804
3626,"4l4xA","CONTROL",10,"C",326,503,0.648111332007952
3626,"4l4xA","CONTROL",10,"N",89,503,0.176938369781312
3626,"4l4xA","CONTROL",10,"O",86,503,0.170974155069582
3626,"4l4xA","CONTROL",10,"P",0,503,0
3626,"4l4xA","CONTROL",10,"S",2,503,0.00397614314115308
3627,"4l51A","CONTROL",10,"C",227,339,0.669616519174041
3627,"4l51A","CONTROL",10,"N",54,339,0.15929203539823
3627,"4l51A","CONTROL",10,"O",57,339,0.168141592920354
3627,"4l51A","CONTROL",10,"P",0,339,0
3627,"4l51A","CONTROL",10,"S",1,339,0.00294985250737463
3628,"4l5cD","CONTROL",10,"C",198,312,0.634615384615385
3628,"4l5cD","CONTROL",10,"N",55,312,0.176282051282051
3628,"4l5cD","CONTROL",10,"O",54,312,0.173076923076923
3628,"4l5cD","CONTROL",10,"P",0,312,0
3628,"4l5cD","CONTROL",10,"S",5,312,0.016025641025641
3629,"4l82B","CONTROL",10,"C",207,321,0.644859813084112
3629,"4l82B","CONTROL",10,"N",53,321,0.165109034267913
3629,"4l82B","CONTROL",10,"O",60,321,0.186915887850467
3629,"4l82B","CONTROL",10,"P",0,321,0
3629,"4l82B","CONTROL",10,"S",1,321,0.00311526479750779
3630,"4lb0B","CONTROL",10,"C",212,352,0.602272727272727
3630,"4lb0B","CONTROL",10,"N",63,352,0.178977272727273
3630,"4lb0B","CONTROL",10,"O",71,352,0.201704545454545
3630,"4lb0B","CONTROL",10,"P",0,352,0
3630,"4lb0B","CONTROL",10,"S",6,352,0.0170454545454545
3631,"4lc9A","CONTROL",10,"C",250,406,0.61576354679803
3631,"4lc9A","CONTROL",10,"N",75,406,0.184729064039409
3631,"4lc9A","CONTROL",10,"O",77,406,0.189655172413793
3631,"4lc9A","CONTROL",10,"P",0,406,0
3631,"4lc9A","CONTROL",10,"S",4,406,0.00985221674876847
3632,"4lfdA","CONTROL",10,"C",202,325,0.621538461538461
3632,"4lfdA","CONTROL",10,"N",56,325,0.172307692307692
3632,"4lfdA","CONTROL",10,"O",66,325,0.203076923076923
3632,"4lfdA","CONTROL",10,"P",0,325,0
3632,"4lfdA","CONTROL",10,"S",1,325,0.00307692307692308
3633,"4lhkA","CONTROL",10,"C",169,264,0.640151515151515
3633,"4lhkA","CONTROL",10,"N",44,264,0.166666666666667
3633,"4lhkA","CONTROL",10,"O",51,264,0.193181818181818
3633,"4lhkA","CONTROL",10,"P",0,264,0
3633,"4lhkA","CONTROL",10,"S",0,264,0
3634,"4lhnA","CONTROL",10,"C",157,245,0.640816326530612
3634,"4lhnA","CONTROL",10,"N",38,245,0.155102040816327
3634,"4lhnA","CONTROL",10,"O",50,245,0.204081632653061
3634,"4lhnA","CONTROL",10,"P",0,245,0
3634,"4lhnA","CONTROL",10,"S",0,245,0
3635,"4livA","CONTROL",10,"C",193,309,0.624595469255663
3635,"4livA","CONTROL",10,"N",60,309,0.194174757281553
3635,"4livA","CONTROL",10,"O",54,309,0.174757281553398
3635,"4livA","CONTROL",10,"P",0,309,0
3635,"4livA","CONTROL",10,"S",2,309,0.00647249190938511
3636,"4lksB","CONTROL",10,"C",112,194,0.577319587628866
3636,"4lksB","CONTROL",10,"N",40,194,0.206185567010309
3636,"4lksB","CONTROL",10,"O",42,194,0.216494845360825
3636,"4lksB","CONTROL",10,"P",0,194,0
3636,"4lksB","CONTROL",10,"S",0,194,0
3637,"4lo3C","CONTROL",10,"C",106,173,0.61271676300578
3637,"4lo3C","CONTROL",10,"N",33,173,0.190751445086705
3637,"4lo3C","CONTROL",10,"O",34,173,0.196531791907514
3637,"4lo3C","CONTROL",10,"P",0,173,0
3637,"4lo3C","CONTROL",10,"S",0,173,0
3638,"4lq4A","CONTROL",10,"C",98,159,0.616352201257862
3638,"4lq4A","CONTROL",10,"N",28,159,0.176100628930818
3638,"4lq4A","CONTROL",10,"O",32,159,0.20125786163522
3638,"4lq4A","CONTROL",10,"P",0,159,0
3638,"4lq4A","CONTROL",10,"S",1,159,0.00628930817610063
3639,"4lvdA","CONTROL",10,"C",162,271,0.597785977859779
3639,"4lvdA","CONTROL",10,"N",54,271,0.199261992619926
3639,"4lvdA","CONTROL",10,"O",55,271,0.202952029520295
3639,"4lvdA","CONTROL",10,"P",0,271,0
3639,"4lvdA","CONTROL",10,"S",0,271,0
3640,"4lxrB","CONTROL",10,"C",74,134,0.552238805970149
3640,"4lxrB","CONTROL",10,"N",25,134,0.186567164179104
3640,"4lxrB","CONTROL",10,"O",30,134,0.223880597014925
3640,"4lxrB","CONTROL",10,"P",0,134,0
3640,"4lxrB","CONTROL",10,"S",5,134,0.0373134328358209
3641,"4lzcA","CONTROL",10,"C",223,343,0.650145772594752
3641,"4lzcA","CONTROL",10,"N",57,343,0.166180758017493
3641,"4lzcA","CONTROL",10,"O",62,343,0.180758017492711
3641,"4lzcA","CONTROL",10,"P",0,343,0
3641,"4lzcA","CONTROL",10,"S",1,343,0.00291545189504373
3642,"4lzjD","CONTROL",10,"C",212,339,0.625368731563422
3642,"4lzjD","CONTROL",10,"N",59,339,0.174041297935103
3642,"4lzjD","CONTROL",10,"O",67,339,0.1976401179941
3642,"4lzjD","CONTROL",10,"P",0,339,0
3642,"4lzjD","CONTROL",10,"S",1,339,0.00294985250737463
3643,"4m0rB","CONTROL",10,"C",227,370,0.613513513513513
3643,"4m0rB","CONTROL",10,"N",76,370,0.205405405405405
3643,"4m0rB","CONTROL",10,"O",62,370,0.167567567567568
3643,"4m0rB","CONTROL",10,"P",0,370,0
3643,"4m0rB","CONTROL",10,"S",5,370,0.0135135135135135
3644,"4m1cA","CONTROL",10,"C",318,497,0.639839034205231
3644,"4m1cA","CONTROL",10,"N",89,497,0.17907444668008
3644,"4m1cA","CONTROL",10,"O",89,497,0.17907444668008
3644,"4m1cA","CONTROL",10,"P",0,497,0
3644,"4m1cA","CONTROL",10,"S",1,497,0.00201207243460765
3645,"4m26B","CONTROL",10,"C",207,334,0.619760479041916
3645,"4m26B","CONTROL",10,"N",65,334,0.194610778443114
3645,"4m26B","CONTROL",10,"O",60,334,0.179640718562874
3645,"4m26B","CONTROL",10,"P",0,334,0
3645,"4m26B","CONTROL",10,"S",2,334,0.00598802395209581
3646,"4m2cC","CONTROL",10,"C",230,361,0.637119113573407
3646,"4m2cC","CONTROL",10,"N",67,361,0.185595567867036
3646,"4m2cC","CONTROL",10,"O",62,361,0.171745152354571
3646,"4m2cC","CONTROL",10,"P",0,361,0
3646,"4m2cC","CONTROL",10,"S",2,361,0.00554016620498615
3647,"4m38A","CONTROL",10,"C",277,439,0.630979498861048
3647,"4m38A","CONTROL",10,"N",74,439,0.168564920273349
3647,"4m38A","CONTROL",10,"O",82,439,0.186788154897494
3647,"4m38A","CONTROL",10,"P",0,439,0
3647,"4m38A","CONTROL",10,"S",6,439,0.0136674259681093
3648,"4m7fB","CONTROL",10,"C",134,219,0.611872146118721
3648,"4m7fB","CONTROL",10,"N",40,219,0.182648401826484
3648,"4m7fB","CONTROL",10,"O",43,219,0.19634703196347
3648,"4m7fB","CONTROL",10,"P",0,219,0
3648,"4m7fB","CONTROL",10,"S",2,219,0.0091324200913242
3649,"4m8dE","CONTROL",10,"C",194,311,0.62379421221865
3649,"4m8dE","CONTROL",10,"N",59,311,0.189710610932476
3649,"4m8dE","CONTROL",10,"O",58,311,0.186495176848875
3649,"4m8dE","CONTROL",10,"P",0,311,0
3649,"4m8dE","CONTROL",10,"S",0,311,0
3650,"4m8uA","CONTROL",10,"C",194,319,0.608150470219436
3650,"4m8uA","CONTROL",10,"N",59,319,0.184952978056426
3650,"4m8uA","CONTROL",10,"O",66,319,0.206896551724138
3650,"4m8uA","CONTROL",10,"P",0,319,0
3650,"4m8uA","CONTROL",10,"S",0,319,0
3651,"4mc3A","CONTROL",10,"C",240,369,0.650406504065041
3651,"4mc3A","CONTROL",10,"N",64,369,0.173441734417344
3651,"4mc3A","CONTROL",10,"O",63,369,0.170731707317073
3651,"4mc3A","CONTROL",10,"P",0,369,0
3651,"4mc3A","CONTROL",10,"S",2,369,0.00542005420054201
3652,"4mdkB","CONTROL",10,"C",256,376,0.680851063829787
3652,"4mdkB","CONTROL",10,"N",56,376,0.148936170212766
3652,"4mdkB","CONTROL",10,"O",63,376,0.167553191489362
3652,"4mdkB","CONTROL",10,"P",0,376,0
3652,"4mdkB","CONTROL",10,"S",1,376,0.00265957446808511
3653,"4mdtD","CONTROL",10,"C",339,527,0.64326375711575
3653,"4mdtD","CONTROL",10,"N",86,527,0.163187855787476
3653,"4mdtD","CONTROL",10,"O",97,527,0.184060721062619
3653,"4mdtD","CONTROL",10,"P",0,527,0
3653,"4mdtD","CONTROL",10,"S",5,527,0.0094876660341556
3654,"4mfkA","CONTROL",10,"C",363,548,0.662408759124088
3654,"4mfkA","CONTROL",10,"N",94,548,0.171532846715328
3654,"4mfkA","CONTROL",10,"O",89,548,0.162408759124088
3654,"4mfkA","CONTROL",10,"P",0,548,0
3654,"4mfkA","CONTROL",10,"S",2,548,0.00364963503649635
3655,"4mfzA","CONTROL",10,"C",363,548,0.662408759124088
3655,"4mfzA","CONTROL",10,"N",99,548,0.180656934306569
3655,"4mfzA","CONTROL",10,"O",86,548,0.156934306569343
3655,"4mfzA","CONTROL",10,"P",0,548,0
3655,"4mfzA","CONTROL",10,"S",0,548,0
3656,"4mgkA","CONTROL",10,"C",281,429,0.655011655011655
3656,"4mgkA","CONTROL",10,"N",70,429,0.163170163170163
3656,"4mgkA","CONTROL",10,"O",77,429,0.17948717948718
3656,"4mgkA","CONTROL",10,"P",0,429,0
3656,"4mgkA","CONTROL",10,"S",1,429,0.00233100233100233
3657,"4ml8C","CONTROL",10,"C",467,717,0.651324965132496
3657,"4ml8C","CONTROL",10,"N",122,717,0.170153417015342
3657,"4ml8C","CONTROL",10,"O",126,717,0.175732217573222
3657,"4ml8C","CONTROL",10,"P",0,717,0
3657,"4ml8C","CONTROL",10,"S",2,717,0.00278940027894003
3658,"4mloA","CONTROL",10,"C",293,446,0.65695067264574
3658,"4mloA","CONTROL",10,"N",70,446,0.15695067264574
3658,"4mloA","CONTROL",10,"O",80,446,0.179372197309417
3658,"4mloA","CONTROL",10,"P",0,446,0
3658,"4mloA","CONTROL",10,"S",3,446,0.00672645739910314
3659,"4mrfA","CONTROL",10,"C",112,195,0.574358974358974
3659,"4mrfA","CONTROL",10,"N",39,195,0.2
3659,"4mrfA","CONTROL",10,"O",42,195,0.215384615384615
3659,"4mrfA","CONTROL",10,"P",0,195,0
3659,"4mrfA","CONTROL",10,"S",2,195,0.0102564102564103
3660,"4mrtB","CONTROL",10,"C",272,424,0.641509433962264
3660,"4mrtB","CONTROL",10,"N",72,424,0.169811320754717
3660,"4mrtB","CONTROL",10,"O",79,424,0.186320754716981
3660,"4mrtB","CONTROL",10,"P",0,424,0
3660,"4mrtB","CONTROL",10,"S",1,424,0.00235849056603774
3661,"4ms4A","CONTROL",10,"C",265,412,0.643203883495146
3661,"4ms4A","CONTROL",10,"N",68,412,0.16504854368932
3661,"4ms4A","CONTROL",10,"O",75,412,0.182038834951456
3661,"4ms4A","CONTROL",10,"P",0,412,0
3661,"4ms4A","CONTROL",10,"S",4,412,0.00970873786407767
3662,"4mxeA","CONTROL",10,"C",282,427,0.660421545667447
3662,"4mxeA","CONTROL",10,"N",72,427,0.168618266978923
3662,"4mxeA","CONTROL",10,"O",70,427,0.163934426229508
3662,"4mxeA","CONTROL",10,"P",0,427,0
3662,"4mxeA","CONTROL",10,"S",3,427,0.00702576112412178
3663,"4mymA","CONTROL",10,"C",128,193,0.663212435233161
3663,"4mymA","CONTROL",10,"N",30,193,0.155440414507772
3663,"4mymA","CONTROL",10,"O",34,193,0.176165803108808
3663,"4mymA","CONTROL",10,"P",0,193,0
3663,"4mymA","CONTROL",10,"S",1,193,0.00518134715025907
3664,"4mzvA","CONTROL",10,"C",275,417,0.65947242206235
3664,"4mzvA","CONTROL",10,"N",66,417,0.158273381294964
3664,"4mzvA","CONTROL",10,"O",76,417,0.182254196642686
3664,"4mzvA","CONTROL",10,"P",0,417,0
3664,"4mzvA","CONTROL",10,"S",0,417,0
3665,"4n03A","CONTROL",10,"C",304,477,0.637316561844864
3665,"4n03A","CONTROL",10,"N",82,477,0.171907756813417
3665,"4n03A","CONTROL",10,"O",91,477,0.190775681341719
3665,"4n03A","CONTROL",10,"P",0,477,0
3665,"4n03A","CONTROL",10,"S",0,477,0
3666,"4n0iA","CONTROL",10,"C",212,349,0.607449856733524
3666,"4n0iA","CONTROL",10,"N",62,349,0.177650429799427
3666,"4n0iA","CONTROL",10,"O",74,349,0.212034383954155
3666,"4n0iA","CONTROL",10,"P",0,349,0
3666,"4n0iA","CONTROL",10,"S",1,349,0.00286532951289398
3667,"4n5fB","CONTROL",10,"C",267,418,0.638755980861244
3667,"4n5fB","CONTROL",10,"N",70,418,0.167464114832536
3667,"4n5fB","CONTROL",10,"O",78,418,0.186602870813397
3667,"4n5fB","CONTROL",10,"P",0,418,0
3667,"4n5fB","CONTROL",10,"S",3,418,0.00717703349282297
3668,"4n76B","CONTROL",10,"C",187,278,0.672661870503597
3668,"4n76B","CONTROL",10,"N",50,278,0.179856115107914
3668,"4n76B","CONTROL",10,"O",41,278,0.147482014388489
3668,"4n76B","CONTROL",10,"P",0,278,0
3668,"4n76B","CONTROL",10,"S",0,278,0
3669,"4n8iA","CONTROL",10,"C",349,548,0.636861313868613
3669,"4n8iA","CONTROL",10,"N",92,548,0.167883211678832
3669,"4n8iA","CONTROL",10,"O",102,548,0.186131386861314
3669,"4n8iA","CONTROL",10,"P",0,548,0
3669,"4n8iA","CONTROL",10,"S",5,548,0.00912408759124088
3670,"4nf1C","CONTROL",10,"C",245,357,0.686274509803922
3670,"4nf1C","CONTROL",10,"N",61,357,0.170868347338936
3670,"4nf1C","CONTROL",10,"O",50,357,0.140056022408964
3670,"4nf1C","CONTROL",10,"P",0,357,0
3670,"4nf1C","CONTROL",10,"S",1,357,0.00280112044817927
3671,"4nf9B","CONTROL",10,"C",193,311,0.620578778135048
3671,"4nf9B","CONTROL",10,"N",53,311,0.170418006430868
3671,"4nf9B","CONTROL",10,"O",64,311,0.205787781350482
3671,"4nf9B","CONTROL",10,"P",0,311,0
3671,"4nf9B","CONTROL",10,"S",1,311,0.00321543408360129
3672,"4nftC","CONTROL",10,"C",180,282,0.638297872340426
3672,"4nftC","CONTROL",10,"N",50,282,0.177304964539007
3672,"4nftC","CONTROL",10,"O",50,282,0.177304964539007
3672,"4nftC","CONTROL",10,"P",0,282,0
3672,"4nftC","CONTROL",10,"S",2,282,0.00709219858156028
3673,"4nhyC","CONTROL",10,"C",237,355,0.667605633802817
3673,"4nhyC","CONTROL",10,"N",57,355,0.16056338028169
3673,"4nhyC","CONTROL",10,"O",60,355,0.169014084507042
3673,"4nhyC","CONTROL",10,"P",0,355,0
3673,"4nhyC","CONTROL",10,"S",1,355,0.0028169014084507
3674,"4nidA","CONTROL",10,"C",233,361,0.645429362880886
3674,"4nidA","CONTROL",10,"N",62,361,0.171745152354571
3674,"4nidA","CONTROL",10,"O",63,361,0.174515235457064
3674,"4nidA","CONTROL",10,"P",0,361,0
3674,"4nidA","CONTROL",10,"S",3,361,0.00831024930747922
3675,"4nmlA","CONTROL",10,"C",138,230,0.6
3675,"4nmlA","CONTROL",10,"N",43,230,0.18695652173913
3675,"4nmlA","CONTROL",10,"O",49,230,0.21304347826087
3675,"4nmlA","CONTROL",10,"P",0,230,0
3675,"4nmlA","CONTROL",10,"S",0,230,0
3676,"4nnbA","CONTROL",10,"C",202,327,0.617737003058104
3676,"4nnbA","CONTROL",10,"N",63,327,0.192660550458716
3676,"4nnbA","CONTROL",10,"O",61,327,0.186544342507645
3676,"4nnbA","CONTROL",10,"P",0,327,0
3676,"4nnbA","CONTROL",10,"S",1,327,0.00305810397553517
3677,"4nndC","CONTROL",10,"C",245,405,0.604938271604938
3677,"4nndC","CONTROL",10,"N",84,405,0.207407407407407
3677,"4nndC","CONTROL",10,"O",73,405,0.180246913580247
3677,"4nndC","CONTROL",10,"P",0,405,0
3677,"4nndC","CONTROL",10,"S",3,405,0.00740740740740741
3678,"4nnrB","CONTROL",10,"C",222,338,0.656804733727811
3678,"4nnrB","CONTROL",10,"N",54,338,0.159763313609467
3678,"4nnrB","CONTROL",10,"O",61,338,0.180473372781065
3678,"4nnrB","CONTROL",10,"P",0,338,0
3678,"4nnrB","CONTROL",10,"S",1,338,0.0029585798816568
3679,"4nq3B","CONTROL",10,"C",196,339,0.578171091445428
3679,"4nq3B","CONTROL",10,"N",69,339,0.20353982300885
3679,"4nq3B","CONTROL",10,"O",71,339,0.209439528023599
3679,"4nq3B","CONTROL",10,"P",0,339,0
3679,"4nq3B","CONTROL",10,"S",3,339,0.00884955752212389
3680,"4ns1A","CONTROL",10,"C",194,297,0.653198653198653
3680,"4ns1A","CONTROL",10,"N",47,297,0.158249158249158
3680,"4ns1A","CONTROL",10,"O",56,297,0.188552188552189
3680,"4ns1A","CONTROL",10,"P",0,297,0
3680,"4ns1A","CONTROL",10,"S",0,297,0
3681,"4nt8A","CONTROL",10,"C",230,347,0.662824207492795
3681,"4nt8A","CONTROL",10,"N",59,347,0.170028818443804
3681,"4nt8A","CONTROL",10,"O",56,347,0.161383285302594
3681,"4nt8A","CONTROL",10,"P",0,347,0
3681,"4nt8A","CONTROL",10,"S",2,347,0.00576368876080692
3682,"4nv5B","CONTROL",10,"C",383,573,0.668411867364747
3682,"4nv5B","CONTROL",10,"N",90,573,0.157068062827225
3682,"4nv5B","CONTROL",10,"O",94,573,0.164048865619546
3682,"4nv5B","CONTROL",10,"P",0,573,0
3682,"4nv5B","CONTROL",10,"S",6,573,0.0104712041884817
3683,"4nv7A","CONTROL",10,"C",356,555,0.641441441441441
3683,"4nv7A","CONTROL",10,"N",103,555,0.185585585585586
3683,"4nv7A","CONTROL",10,"O",94,555,0.169369369369369
3683,"4nv7A","CONTROL",10,"P",0,555,0
3683,"4nv7A","CONTROL",10,"S",2,555,0.0036036036036036
3684,"4nx0B","CONTROL",10,"C",148,238,0.621848739495798
3684,"4nx0B","CONTROL",10,"N",43,238,0.180672268907563
3684,"4nx0B","CONTROL",10,"O",46,238,0.19327731092437
3684,"4nx0B","CONTROL",10,"P",0,238,0
3684,"4nx0B","CONTROL",10,"S",1,238,0.00420168067226891
3685,"4nymC","CONTROL",10,"C",176,273,0.644688644688645
3685,"4nymC","CONTROL",10,"N",40,273,0.146520146520147
3685,"4nymC","CONTROL",10,"O",56,273,0.205128205128205
3685,"4nymC","CONTROL",10,"P",0,273,0
3685,"4nymC","CONTROL",10,"S",1,273,0.00366300366300366
3686,"4nz3A","CONTROL",10,"C",339,545,0.622018348623853
3686,"4nz3A","CONTROL",10,"N",99,545,0.181651376146789
3686,"4nz3A","CONTROL",10,"O",104,545,0.190825688073395
3686,"4nz3A","CONTROL",10,"P",0,545,0
3686,"4nz3A","CONTROL",10,"S",3,545,0.0055045871559633
3687,"4nz6B","CONTROL",10,"C",205,322,0.636645962732919
3687,"4nz6B","CONTROL",10,"N",62,322,0.192546583850932
3687,"4nz6B","CONTROL",10,"O",50,322,0.15527950310559
3687,"4nz6B","CONTROL",10,"P",0,322,0
3687,"4nz6B","CONTROL",10,"S",5,322,0.015527950310559
3688,"4o48B","CONTROL",10,"C",175,291,0.601374570446735
3688,"4o48B","CONTROL",10,"N",54,291,0.185567010309278
3688,"4o48B","CONTROL",10,"O",59,291,0.202749140893471
3688,"4o48B","CONTROL",10,"P",0,291,0
3688,"4o48B","CONTROL",10,"S",3,291,0.0103092783505155
3689,"4o61A","CONTROL",10,"C",230,355,0.647887323943662
3689,"4o61A","CONTROL",10,"N",63,355,0.177464788732394
3689,"4o61A","CONTROL",10,"O",60,355,0.169014084507042
3689,"4o61A","CONTROL",10,"P",0,355,0
3689,"4o61A","CONTROL",10,"S",2,355,0.00563380281690141
3690,"4o7uD","CONTROL",10,"C",278,411,0.67639902676399
3690,"4o7uD","CONTROL",10,"N",71,411,0.172749391727494
3690,"4o7uD","CONTROL",10,"O",61,411,0.148418491484185
3690,"4o7uD","CONTROL",10,"P",0,411,0
3690,"4o7uD","CONTROL",10,"S",1,411,0.0024330900243309
3691,"4odoA","CONTROL",10,"C",213,324,0.657407407407407
3691,"4odoA","CONTROL",10,"N",53,324,0.16358024691358
3691,"4odoA","CONTROL",10,"O",58,324,0.179012345679012
3691,"4odoA","CONTROL",10,"P",0,324,0
3691,"4odoA","CONTROL",10,"S",0,324,0
3692,"4odrA","CONTROL",10,"C",219,330,0.663636363636364
3692,"4odrA","CONTROL",10,"N",50,330,0.151515151515152
3692,"4odrA","CONTROL",10,"O",61,330,0.184848484848485
3692,"4odrA","CONTROL",10,"P",0,330,0
3692,"4odrA","CONTROL",10,"S",0,330,0
3693,"4oesA","CONTROL",10,"C",181,298,0.60738255033557
3693,"4oesA","CONTROL",10,"N",57,298,0.191275167785235
3693,"4oesA","CONTROL",10,"O",58,298,0.194630872483221
3693,"4oesA","CONTROL",10,"P",0,298,0
3693,"4oesA","CONTROL",10,"S",2,298,0.00671140939597315
3694,"4ojvA","CONTROL",10,"C",172,263,0.653992395437262
3694,"4ojvA","CONTROL",10,"N",46,263,0.174904942965779
3694,"4ojvA","CONTROL",10,"O",45,263,0.171102661596958
3694,"4ojvA","CONTROL",10,"P",0,263,0
3694,"4ojvA","CONTROL",10,"S",0,263,0
3695,"4ojzA","CONTROL",10,"C",271,429,0.631701631701632
3695,"4ojzA","CONTROL",10,"N",85,429,0.198135198135198
3695,"4ojzA","CONTROL",10,"O",72,429,0.167832167832168
3695,"4ojzA","CONTROL",10,"P",0,429,0
3695,"4ojzA","CONTROL",10,"S",1,429,0.00233100233100233
3696,"4okmB","CONTROL",10,"C",189,307,0.615635179153095
3696,"4okmB","CONTROL",10,"N",49,307,0.159609120521173
3696,"4okmB","CONTROL",10,"O",68,307,0.221498371335505
3696,"4okmB","CONTROL",10,"P",0,307,0
3696,"4okmB","CONTROL",10,"S",1,307,0.00325732899022801
3697,"4omcD","CONTROL",10,"C",306,521,0.587332053742802
3697,"4omcD","CONTROL",10,"N",96,521,0.18426103646833
3697,"4omcD","CONTROL",10,"O",115,521,0.220729366602687
3697,"4omcD","CONTROL",10,"P",0,521,0
3697,"4omcD","CONTROL",10,"S",4,521,0.00767754318618042
3698,"4omfC","CONTROL",10,"C",412,631,0.652931854199683
3698,"4omfC","CONTROL",10,"N",101,631,0.160063391442155
3698,"4omfC","CONTROL",10,"O",111,631,0.175911251980983
3698,"4omfC","CONTROL",10,"P",0,631,0
3698,"4omfC","CONTROL",10,"S",7,631,0.0110935023771791
3699,"4omgB","CONTROL",10,"C",106,166,0.63855421686747
3699,"4omgB","CONTROL",10,"N",28,166,0.168674698795181
3699,"4omgB","CONTROL",10,"O",32,166,0.192771084337349
3699,"4omgB","CONTROL",10,"P",0,166,0
3699,"4omgB","CONTROL",10,"S",0,166,0
3700,"4onjA","CONTROL",10,"C",268,417,0.642685851318945
3700,"4onjA","CONTROL",10,"N",71,417,0.170263788968825
3700,"4onjA","CONTROL",10,"O",78,417,0.18705035971223
3700,"4onjA","CONTROL",10,"P",0,417,0
3700,"4onjA","CONTROL",10,"S",0,417,0
3701,"4ontC","CONTROL",10,"C",155,237,0.654008438818565
3701,"4ontC","CONTROL",10,"N",42,237,0.177215189873418
3701,"4ontC","CONTROL",10,"O",37,237,0.156118143459916
3701,"4ontC","CONTROL",10,"P",0,237,0
3701,"4ontC","CONTROL",10,"S",3,237,0.0126582278481013
3702,"4oo6A","CONTROL",10,"C",366,591,0.619289340101523
3702,"4oo6A","CONTROL",10,"N",102,591,0.17258883248731
3702,"4oo6A","CONTROL",10,"O",117,591,0.197969543147208
3702,"4oo6A","CONTROL",10,"P",0,591,0
3702,"4oo6A","CONTROL",10,"S",6,591,0.0101522842639594
3703,"4oqqB","CONTROL",10,"C",193,298,0.647651006711409
3703,"4oqqB","CONTROL",10,"N",52,298,0.174496644295302
3703,"4oqqB","CONTROL",10,"O",52,298,0.174496644295302
3703,"4oqqB","CONTROL",10,"P",0,298,0
3703,"4oqqB","CONTROL",10,"S",1,298,0.00335570469798658
3704,"4oxdA","CONTROL",10,"C",262,424,0.617924528301887
3704,"4oxdA","CONTROL",10,"N",75,424,0.17688679245283
3704,"4oxdA","CONTROL",10,"O",86,424,0.202830188679245
3704,"4oxdA","CONTROL",10,"P",0,424,0
3704,"4oxdA","CONTROL",10,"S",1,424,0.00235849056603774
3705,"4oz9A","CONTROL",10,"C",193,303,0.636963696369637
3705,"4oz9A","CONTROL",10,"N",53,303,0.174917491749175
3705,"4oz9A","CONTROL",10,"O",57,303,0.188118811881188
3705,"4oz9A","CONTROL",10,"P",0,303,0
3705,"4oz9A","CONTROL",10,"S",0,303,0
3706,"4ozvA","CONTROL",10,"C",189,300,0.63
3706,"4ozvA","CONTROL",10,"N",59,300,0.196666666666667
3706,"4ozvA","CONTROL",10,"O",51,300,0.17
3706,"4ozvA","CONTROL",10,"P",0,300,0
3706,"4ozvA","CONTROL",10,"S",1,300,0.00333333333333333
3707,"4p04B","CONTROL",10,"C",226,365,0.619178082191781
3707,"4p04B","CONTROL",10,"N",70,365,0.191780821917808
3707,"4p04B","CONTROL",10,"O",68,365,0.186301369863014
3707,"4p04B","CONTROL",10,"P",0,365,0
3707,"4p04B","CONTROL",10,"S",1,365,0.00273972602739726
3708,"4p1wC","CONTROL",10,"C",193,311,0.620578778135048
3708,"4p1wC","CONTROL",10,"N",53,311,0.170418006430868
3708,"4p1wC","CONTROL",10,"O",63,311,0.202572347266881
3708,"4p1wC","CONTROL",10,"P",0,311,0
3708,"4p1wC","CONTROL",10,"S",2,311,0.00643086816720257
3709,"4p56C","CONTROL",10,"C",240,366,0.655737704918033
3709,"4p56C","CONTROL",10,"N",62,366,0.169398907103825
3709,"4p56C","CONTROL",10,"O",64,366,0.174863387978142
3709,"4p56C","CONTROL",10,"P",0,366,0
3709,"4p56C","CONTROL",10,"S",0,366,0
3710,"4p5hJ","CONTROL",10,"C",197,300,0.656666666666667
3710,"4p5hJ","CONTROL",10,"N",48,300,0.16
3710,"4p5hJ","CONTROL",10,"O",54,300,0.18
3710,"4p5hJ","CONTROL",10,"P",0,300,0
3710,"4p5hJ","CONTROL",10,"S",1,300,0.00333333333333333
3711,"4p6rA","CONTROL",10,"C",198,310,0.638709677419355
3711,"4p6rA","CONTROL",10,"N",60,310,0.193548387096774
3711,"4p6rA","CONTROL",10,"O",49,310,0.158064516129032
3711,"4p6rA","CONTROL",10,"P",0,310,0
3711,"4p6rA","CONTROL",10,"S",3,310,0.00967741935483871
3712,"4pahA","CONTROL",10,"C",188,280,0.671428571428571
3712,"4pahA","CONTROL",10,"N",41,280,0.146428571428571
3712,"4pahA","CONTROL",10,"O",50,280,0.178571428571429
3712,"4pahA","CONTROL",10,"P",0,280,0
3712,"4pahA","CONTROL",10,"S",1,280,0.00357142857142857
3713,"4pehG","CONTROL",10,"C",305,481,0.634095634095634
3713,"4pehG","CONTROL",10,"N",86,481,0.178794178794179
3713,"4pehG","CONTROL",10,"O",88,481,0.182952182952183
3713,"4pehG","CONTROL",10,"P",0,481,0
3713,"4pehG","CONTROL",10,"S",2,481,0.00415800415800416
3714,"4pfuB","CONTROL",10,"C",282,433,0.651270207852194
3714,"4pfuB","CONTROL",10,"N",69,433,0.159353348729792
3714,"4pfuB","CONTROL",10,"O",75,433,0.173210161662818
3714,"4pfuB","CONTROL",10,"P",0,433,0
3714,"4pfuB","CONTROL",10,"S",7,433,0.0161662817551963
3715,"4pfyB","CONTROL",10,"C",366,550,0.665454545454545
3715,"4pfyB","CONTROL",10,"N",91,550,0.165454545454545
3715,"4pfyB","CONTROL",10,"O",90,550,0.163636363636364
3715,"4pfyB","CONTROL",10,"P",0,550,0
3715,"4pfyB","CONTROL",10,"S",3,550,0.00545454545454545
3716,"4pghC","CONTROL",10,"C",251,381,0.658792650918635
3716,"4pghC","CONTROL",10,"N",65,381,0.170603674540682
3716,"4pghC","CONTROL",10,"O",61,381,0.16010498687664
3716,"4pghC","CONTROL",10,"P",0,381,0
3716,"4pghC","CONTROL",10,"S",4,381,0.010498687664042
3717,"4pgnB","CONTROL",10,"C",264,400,0.66
3717,"4pgnB","CONTROL",10,"N",62,400,0.155
3717,"4pgnB","CONTROL",10,"O",68,400,0.17
3717,"4pgnB","CONTROL",10,"P",0,400,0
3717,"4pgnB","CONTROL",10,"S",6,400,0.015
3718,"4ph7B","CONTROL",10,"C",578,886,0.652370203160271
3718,"4ph7B","CONTROL",10,"N",151,886,0.170428893905192
3718,"4ph7B","CONTROL",10,"O",150,886,0.169300225733634
3718,"4ph7B","CONTROL",10,"P",0,886,0
3718,"4ph7B","CONTROL",10,"S",7,886,0.00790067720090293
3719,"4pinB","CONTROL",10,"C",228,351,0.64957264957265
3719,"4pinB","CONTROL",10,"N",54,351,0.153846153846154
3719,"4pinB","CONTROL",10,"O",67,351,0.190883190883191
3719,"4pinB","CONTROL",10,"P",0,351,0
3719,"4pinB","CONTROL",10,"S",2,351,0.0056980056980057
3720,"4piqA","CONTROL",10,"C",233,370,0.62972972972973
3720,"4piqA","CONTROL",10,"N",67,370,0.181081081081081
3720,"4piqA","CONTROL",10,"O",67,370,0.181081081081081
3720,"4piqA","CONTROL",10,"P",0,370,0
3720,"4piqA","CONTROL",10,"S",3,370,0.00810810810810811
3721,"4pj5A","CONTROL",10,"C",254,370,0.686486486486486
3721,"4pj5A","CONTROL",10,"N",58,370,0.156756756756757
3721,"4pj5A","CONTROL",10,"O",54,370,0.145945945945946
3721,"4pj5A","CONTROL",10,"P",0,370,0
3721,"4pj5A","CONTROL",10,"S",4,370,0.0108108108108108
3722,"4pq9B","CONTROL",10,"C",196,317,0.618296529968454
3722,"4pq9B","CONTROL",10,"N",57,317,0.17981072555205
3722,"4pq9B","CONTROL",10,"O",63,317,0.198738170347003
3722,"4pq9B","CONTROL",10,"P",0,317,0
3722,"4pq9B","CONTROL",10,"S",1,317,0.00315457413249211
3723,"4pqaA","CONTROL",10,"C",156,278,0.561151079136691
3723,"4pqaA","CONTROL",10,"N",58,278,0.20863309352518
3723,"4pqaA","CONTROL",10,"O",62,278,0.223021582733813
3723,"4pqaA","CONTROL",10,"P",0,278,0
3723,"4pqaA","CONTROL",10,"S",2,278,0.00719424460431655
3724,"4pr3B","CONTROL",10,"C",132,213,0.619718309859155
3724,"4pr3B","CONTROL",10,"N",37,213,0.173708920187793
3724,"4pr3B","CONTROL",10,"O",44,213,0.206572769953052
3724,"4pr3B","CONTROL",10,"P",0,213,0
3724,"4pr3B","CONTROL",10,"S",0,213,0
3725,"4prhA","CONTROL",10,"C",466,708,0.65819209039548
3725,"4prhA","CONTROL",10,"N",119,708,0.168079096045198
3725,"4prhA","CONTROL",10,"O",120,708,0.169491525423729
3725,"4prhA","CONTROL",10,"P",0,708,0
3725,"4prhA","CONTROL",10,"S",3,708,0.00423728813559322
3726,"4pv6K","CONTROL",10,"C",294,441,0.666666666666667
3726,"4pv6K","CONTROL",10,"N",70,441,0.158730158730159
3726,"4pv6K","CONTROL",10,"O",74,441,0.167800453514739
3726,"4pv6K","CONTROL",10,"P",0,441,0
3726,"4pv6K","CONTROL",10,"S",3,441,0.00680272108843537
3727,"4pvrA","CONTROL",10,"C",179,300,0.596666666666667
3727,"4pvrA","CONTROL",10,"N",57,300,0.19
3727,"4pvrA","CONTROL",10,"O",61,300,0.203333333333333
3727,"4pvrA","CONTROL",10,"P",0,300,0
3727,"4pvrA","CONTROL",10,"S",3,300,0.01
3728,"4pw4A","CONTROL",10,"C",230,361,0.637119113573407
3728,"4pw4A","CONTROL",10,"N",62,361,0.171745152354571
3728,"4pw4A","CONTROL",10,"O",68,361,0.188365650969529
3728,"4pw4A","CONTROL",10,"P",0,361,0
3728,"4pw4A","CONTROL",10,"S",1,361,0.00277008310249307
3729,"4pwcA","CONTROL",10,"C",468,716,0.653631284916201
3729,"4pwcA","CONTROL",10,"N",123,716,0.171787709497207
3729,"4pwcA","CONTROL",10,"O",121,716,0.168994413407821
3729,"4pwcA","CONTROL",10,"P",0,716,0
3729,"4pwcA","CONTROL",10,"S",4,716,0.00558659217877095
3730,"4px7A","CONTROL",10,"C",249,372,0.669354838709677
3730,"4px7A","CONTROL",10,"N",64,372,0.172043010752688
3730,"4px7A","CONTROL",10,"O",59,372,0.158602150537634
3730,"4px7A","CONTROL",10,"P",0,372,0
3730,"4px7A","CONTROL",10,"S",0,372,0
3731,"4pxbB","CONTROL",10,"C",174,291,0.597938144329897
3731,"4pxbB","CONTROL",10,"N",53,291,0.18213058419244
3731,"4pxbB","CONTROL",10,"O",61,291,0.209621993127148
3731,"4pxbB","CONTROL",10,"P",0,291,0
3731,"4pxbB","CONTROL",10,"S",3,291,0.0103092783505155
3732,"4pxdB","CONTROL",10,"C",202,338,0.597633136094675
3732,"4pxdB","CONTROL",10,"N",66,338,0.195266272189349
3732,"4pxdB","CONTROL",10,"O",68,338,0.201183431952663
3732,"4pxdB","CONTROL",10,"P",0,338,0
3732,"4pxdB","CONTROL",10,"S",2,338,0.00591715976331361
3733,"4pyhA","CONTROL",10,"C",269,429,0.627039627039627
3733,"4pyhA","CONTROL",10,"N",79,429,0.184149184149184
3733,"4pyhA","CONTROL",10,"O",77,429,0.17948717948718
3733,"4pyhA","CONTROL",10,"P",0,429,0
3733,"4pyhA","CONTROL",10,"S",4,429,0.00932400932400932
3734,"4pytA","CONTROL",10,"C",406,644,0.630434782608696
3734,"4pytA","CONTROL",10,"N",120,644,0.186335403726708
3734,"4pytA","CONTROL",10,"O",112,644,0.173913043478261
3734,"4pytA","CONTROL",10,"P",0,644,0
3734,"4pytA","CONTROL",10,"S",6,644,0.0093167701863354
3735,"4q2gA","CONTROL",10,"C",267,398,0.670854271356784
3735,"4q2gA","CONTROL",10,"N",60,398,0.150753768844221
3735,"4q2gA","CONTROL",10,"O",69,398,0.173366834170854
3735,"4q2gA","CONTROL",10,"P",0,398,0
3735,"4q2gA","CONTROL",10,"S",2,398,0.0050251256281407
3736,"4q42B","CONTROL",10,"C",166,287,0.578397212543554
3736,"4q42B","CONTROL",10,"N",55,287,0.191637630662021
3736,"4q42B","CONTROL",10,"O",64,287,0.222996515679443
3736,"4q42B","CONTROL",10,"P",0,287,0
3736,"4q42B","CONTROL",10,"S",2,287,0.00696864111498258
3737,"4q4iA","CONTROL",10,"C",318,514,0.618677042801556
3737,"4q4iA","CONTROL",10,"N",91,514,0.17704280155642
3737,"4q4iA","CONTROL",10,"O",102,514,0.198443579766537
3737,"4q4iA","CONTROL",10,"P",0,514,0
3737,"4q4iA","CONTROL",10,"S",3,514,0.00583657587548638
3738,"4q60A","CONTROL",10,"C",186,297,0.626262626262626
3738,"4q60A","CONTROL",10,"N",50,297,0.168350168350168
3738,"4q60A","CONTROL",10,"O",58,297,0.195286195286195
3738,"4q60A","CONTROL",10,"P",0,297,0
3738,"4q60A","CONTROL",10,"S",3,297,0.0101010101010101
3739,"4q72A","CONTROL",10,"C",438,690,0.634782608695652
3739,"4q72A","CONTROL",10,"N",125,690,0.181159420289855
3739,"4q72A","CONTROL",10,"O",125,690,0.181159420289855
3739,"4q72A","CONTROL",10,"P",0,690,0
3739,"4q72A","CONTROL",10,"S",2,690,0.00289855072463768
3740,"4q7gA","CONTROL",10,"C",139,222,0.626126126126126
3740,"4q7gA","CONTROL",10,"N",40,222,0.18018018018018
3740,"4q7gA","CONTROL",10,"O",42,222,0.189189189189189
3740,"4q7gA","CONTROL",10,"P",0,222,0
3740,"4q7gA","CONTROL",10,"S",1,222,0.0045045045045045
3741,"4q9oA","CONTROL",10,"C",321,483,0.664596273291925
3741,"4q9oA","CONTROL",10,"N",73,483,0.151138716356108
3741,"4q9oA","CONTROL",10,"O",85,483,0.175983436853002
3741,"4q9oA","CONTROL",10,"P",0,483,0
3741,"4q9oA","CONTROL",10,"S",4,483,0.0082815734989648
3742,"4qa4A","CONTROL",10,"C",188,306,0.61437908496732
3742,"4qa4A","CONTROL",10,"N",55,306,0.179738562091503
3742,"4qa4A","CONTROL",10,"O",60,306,0.196078431372549
3742,"4qa4A","CONTROL",10,"P",0,306,0
3742,"4qa4A","CONTROL",10,"S",3,306,0.00980392156862745
3743,"4qbbA","CONTROL",10,"C",188,294,0.639455782312925
3743,"4qbbA","CONTROL",10,"N",48,294,0.163265306122449
3743,"4qbbA","CONTROL",10,"O",57,294,0.193877551020408
3743,"4qbbA","CONTROL",10,"P",0,294,0
3743,"4qbbA","CONTROL",10,"S",1,294,0.00340136054421769
3744,"4qenA","CONTROL",10,"C",252,378,0.666666666666667
3744,"4qenA","CONTROL",10,"N",60,378,0.158730158730159
3744,"4qenA","CONTROL",10,"O",62,378,0.164021164021164
3744,"4qenA","CONTROL",10,"P",0,378,0
3744,"4qenA","CONTROL",10,"S",4,378,0.0105820105820106
3745,"4qfhA","CONTROL",10,"C",192,313,0.613418530351438
3745,"4qfhA","CONTROL",10,"N",57,313,0.182108626198083
3745,"4qfhA","CONTROL",10,"O",64,313,0.204472843450479
3745,"4qfhA","CONTROL",10,"P",0,313,0
3745,"4qfhA","CONTROL",10,"S",0,313,0
3746,"4qflA","CONTROL",10,"C",229,352,0.650568181818182
3746,"4qflA","CONTROL",10,"N",59,352,0.167613636363636
3746,"4qflA","CONTROL",10,"O",63,352,0.178977272727273
3746,"4qflA","CONTROL",10,"P",0,352,0
3746,"4qflA","CONTROL",10,"S",1,352,0.00284090909090909
3747,"4qjkA","CONTROL",10,"C",380,579,0.656303972366149
3747,"4qjkA","CONTROL",10,"N",97,579,0.167530224525043
3747,"4qjkA","CONTROL",10,"O",99,579,0.170984455958549
3747,"4qjkA","CONTROL",10,"P",0,579,0
3747,"4qjkA","CONTROL",10,"S",3,579,0.00518134715025907
3748,"4qkdB","CONTROL",10,"C",194,315,0.615873015873016
3748,"4qkdB","CONTROL",10,"N",60,315,0.19047619047619
3748,"4qkdB","CONTROL",10,"O",59,315,0.187301587301587
3748,"4qkdB","CONTROL",10,"P",0,315,0
3748,"4qkdB","CONTROL",10,"S",2,315,0.00634920634920635
3749,"4qt9B","CONTROL",10,"C",184,268,0.686567164179104
3749,"4qt9B","CONTROL",10,"N",38,268,0.141791044776119
3749,"4qt9B","CONTROL",10,"O",45,268,0.167910447761194
3749,"4qt9B","CONTROL",10,"P",0,268,0
3749,"4qt9B","CONTROL",10,"S",1,268,0.00373134328358209
3750,"4qu2A","CONTROL",10,"C",235,376,0.625
3750,"4qu2A","CONTROL",10,"N",69,376,0.183510638297872
3750,"4qu2A","CONTROL",10,"O",71,376,0.188829787234043
3750,"4qu2A","CONTROL",10,"P",0,376,0
3750,"4qu2A","CONTROL",10,"S",1,376,0.00265957446808511
3751,"4qwiL","CONTROL",10,"C",134,213,0.629107981220657
3751,"4qwiL","CONTROL",10,"N",36,213,0.169014084507042
3751,"4qwiL","CONTROL",10,"O",43,213,0.2018779342723
3751,"4qwiL","CONTROL",10,"P",0,213,0
3751,"4qwiL","CONTROL",10,"S",0,213,0
3752,"4qwiN","CONTROL",10,"C",185,317,0.583596214511041
3752,"4qwiN","CONTROL",10,"N",57,317,0.17981072555205
3752,"4qwiN","CONTROL",10,"O",74,317,0.233438485804416
3752,"4qwiN","CONTROL",10,"P",0,317,0
3752,"4qwiN","CONTROL",10,"S",1,317,0.00315457413249211
3753,"4qwmA","CONTROL",10,"C",218,320,0.68125
3753,"4qwmA","CONTROL",10,"N",44,320,0.1375
3753,"4qwmA","CONTROL",10,"O",54,320,0.16875
3753,"4qwmA","CONTROL",10,"P",0,320,0
3753,"4qwmA","CONTROL",10,"S",4,320,0.0125
3754,"4r29D","CONTROL",10,"C",279,428,0.651869158878505
3754,"4r29D","CONTROL",10,"N",70,428,0.163551401869159
3754,"4r29D","CONTROL",10,"O",75,428,0.175233644859813
3754,"4r29D","CONTROL",10,"P",0,428,0
3754,"4r29D","CONTROL",10,"S",4,428,0.00934579439252336
3755,"4r4nQ","CONTROL",10,"C",157,248,0.633064516129032
3755,"4r4nQ","CONTROL",10,"N",46,248,0.185483870967742
3755,"4r4nQ","CONTROL",10,"O",42,248,0.169354838709677
3755,"4r4nQ","CONTROL",10,"P",0,248,0
3755,"4r4nQ","CONTROL",10,"S",3,248,0.0120967741935484
3756,"4r4yA","CONTROL",10,"C",216,354,0.610169491525424
3756,"4r4yA","CONTROL",10,"N",65,354,0.18361581920904
3756,"4r4yA","CONTROL",10,"O",71,354,0.200564971751412
3756,"4r4yA","CONTROL",10,"P",0,354,0
3756,"4r4yA","CONTROL",10,"S",2,354,0.00564971751412429
3757,"4r67L","CONTROL",10,"C",186,315,0.59047619047619
3757,"4r67L","CONTROL",10,"N",54,315,0.171428571428571
3757,"4r67L","CONTROL",10,"O",72,315,0.228571428571429
3757,"4r67L","CONTROL",10,"P",0,315,0
3757,"4r67L","CONTROL",10,"S",3,315,0.00952380952380952
3758,"4r67V","CONTROL",10,"C",167,292,0.571917808219178
3758,"4r67V","CONTROL",10,"N",55,292,0.188356164383562
3758,"4r67V","CONTROL",10,"O",68,292,0.232876712328767
3758,"4r67V","CONTROL",10,"P",0,292,0
3758,"4r67V","CONTROL",10,"S",2,292,0.00684931506849315
3759,"4r6iA","CONTROL",10,"C",243,354,0.686440677966102
3759,"4r6iA","CONTROL",10,"N",56,354,0.15819209039548
3759,"4r6iA","CONTROL",10,"O",55,354,0.155367231638418
3759,"4r6iA","CONTROL",10,"P",0,354,0
3759,"4r6iA","CONTROL",10,"S",0,354,0
3760,"4r84A","CONTROL",10,"C",288,436,0.660550458715596
3760,"4r84A","CONTROL",10,"N",71,436,0.162844036697248
3760,"4r84A","CONTROL",10,"O",76,436,0.174311926605505
3760,"4r84A","CONTROL",10,"P",0,436,0
3760,"4r84A","CONTROL",10,"S",1,436,0.00229357798165138
3761,"4r88A","CONTROL",10,"C",233,373,0.624664879356568
3761,"4r88A","CONTROL",10,"N",74,373,0.198391420911528
3761,"4r88A","CONTROL",10,"O",64,373,0.171581769436997
3761,"4r88A","CONTROL",10,"P",0,373,0
3761,"4r88A","CONTROL",10,"S",2,373,0.00536193029490617
3762,"4ra0A","CONTROL",10,"C",130,207,0.628019323671498
3762,"4ra0A","CONTROL",10,"N",41,207,0.198067632850242
3762,"4ra0A","CONTROL",10,"O",36,207,0.173913043478261
3762,"4ra0A","CONTROL",10,"P",0,207,0
3762,"4ra0A","CONTROL",10,"S",0,207,0
3763,"4reoA","CONTROL",10,"C",177,275,0.643636363636364
3763,"4reoA","CONTROL",10,"N",49,275,0.178181818181818
3763,"4reoA","CONTROL",10,"O",49,275,0.178181818181818
3763,"4reoA","CONTROL",10,"P",0,275,0
3763,"4reoA","CONTROL",10,"S",0,275,0
3764,"4rg2B","CONTROL",10,"C",130,196,0.663265306122449
3764,"4rg2B","CONTROL",10,"N",28,196,0.142857142857143
3764,"4rg2B","CONTROL",10,"O",36,196,0.183673469387755
3764,"4rg2B","CONTROL",10,"P",0,196,0
3764,"4rg2B","CONTROL",10,"S",2,196,0.0102040816326531
3765,"4ri1A","CONTROL",10,"C",289,430,0.672093023255814
3765,"4ri1A","CONTROL",10,"N",69,430,0.16046511627907
3765,"4ri1A","CONTROL",10,"O",70,430,0.162790697674419
3765,"4ri1A","CONTROL",10,"P",0,430,0
3765,"4ri1A","CONTROL",10,"S",2,430,0.00465116279069767
3766,"4rl6B","CONTROL",10,"C",322,511,0.63013698630137
3766,"4rl6B","CONTROL",10,"N",82,511,0.160469667318982
3766,"4rl6B","CONTROL",10,"O",105,511,0.205479452054795
3766,"4rl6B","CONTROL",10,"P",0,511,0
3766,"4rl6B","CONTROL",10,"S",2,511,0.00391389432485323
3767,"4rm0A","CONTROL",10,"C",138,226,0.610619469026549
3767,"4rm0A","CONTROL",10,"N",44,226,0.194690265486726
3767,"4rm0A","CONTROL",10,"O",44,226,0.194690265486726
3767,"4rm0A","CONTROL",10,"P",0,226,0
3767,"4rm0A","CONTROL",10,"S",0,226,0
3768,"4rnhA","CONTROL",10,"C",335,520,0.644230769230769
3768,"4rnhA","CONTROL",10,"N",86,520,0.165384615384615
3768,"4rnhA","CONTROL",10,"O",99,520,0.190384615384615
3768,"4rnhA","CONTROL",10,"P",0,520,0
3768,"4rnhA","CONTROL",10,"S",0,520,0
3769,"4rp8A","CONTROL",10,"C",213,328,0.649390243902439
3769,"4rp8A","CONTROL",10,"N",56,328,0.170731707317073
3769,"4rp8A","CONTROL",10,"O",54,328,0.164634146341463
3769,"4rp8A","CONTROL",10,"P",0,328,0
3769,"4rp8A","CONTROL",10,"S",5,328,0.0152439024390244
3770,"4rs2B","CONTROL",10,"C",226,347,0.651296829971182
3770,"4rs2B","CONTROL",10,"N",59,347,0.170028818443804
3770,"4rs2B","CONTROL",10,"O",60,347,0.172910662824208
3770,"4rs2B","CONTROL",10,"P",0,347,0
3770,"4rs2B","CONTROL",10,"S",2,347,0.00576368876080692
3771,"4rtbA","CONTROL",10,"C",314,481,0.652806652806653
3771,"4rtbA","CONTROL",10,"N",76,481,0.158004158004158
3771,"4rtbA","CONTROL",10,"O",87,481,0.180873180873181
3771,"4rtbA","CONTROL",10,"P",0,481,0
3771,"4rtbA","CONTROL",10,"S",4,481,0.00831600831600832
3772,"4rubE","CONTROL",10,"C",223,351,0.635327635327635
3772,"4rubE","CONTROL",10,"N",64,351,0.182336182336182
3772,"4rubE","CONTROL",10,"O",62,351,0.176638176638177
3772,"4rubE","CONTROL",10,"P",0,351,0
3772,"4rubE","CONTROL",10,"S",2,351,0.0056980056980057
3773,"4rvdA","CONTROL",10,"C",314,480,0.654166666666667
3773,"4rvdA","CONTROL",10,"N",81,480,0.16875
3773,"4rvdA","CONTROL",10,"O",84,480,0.175
3773,"4rvdA","CONTROL",10,"P",0,480,0
3773,"4rvdA","CONTROL",10,"S",1,480,0.00208333333333333
3774,"4rxdB","CONTROL",10,"C",238,399,0.596491228070175
3774,"4rxdB","CONTROL",10,"N",74,399,0.18546365914787
3774,"4rxdB","CONTROL",10,"O",84,399,0.210526315789474
3774,"4rxdB","CONTROL",10,"P",0,399,0
3774,"4rxdB","CONTROL",10,"S",3,399,0.0075187969924812
3775,"4ryfJ","CONTROL",10,"C",189,294,0.642857142857143
3775,"4ryfJ","CONTROL",10,"N",49,294,0.166666666666667
3775,"4ryfJ","CONTROL",10,"O",50,294,0.170068027210884
3775,"4ryfJ","CONTROL",10,"P",0,294,0
3775,"4ryfJ","CONTROL",10,"S",6,294,0.0204081632653061
3776,"4rzbA","CONTROL",10,"C",240,370,0.648648648648649
3776,"4rzbA","CONTROL",10,"N",64,370,0.172972972972973
3776,"4rzbA","CONTROL",10,"O",62,370,0.167567567567568
3776,"4rzbA","CONTROL",10,"P",0,370,0
3776,"4rzbA","CONTROL",10,"S",4,370,0.0108108108108108
3777,"4rzmB","CONTROL",10,"C",274,429,0.638694638694639
3777,"4rzmB","CONTROL",10,"N",74,429,0.172494172494172
3777,"4rzmB","CONTROL",10,"O",75,429,0.174825174825175
3777,"4rzmB","CONTROL",10,"P",0,429,0
3777,"4rzmB","CONTROL",10,"S",6,429,0.013986013986014
3778,"4s0gA","CONTROL",10,"C",232,377,0.615384615384615
3778,"4s0gA","CONTROL",10,"N",76,377,0.20159151193634
3778,"4s0gA","CONTROL",10,"O",66,377,0.175066312997347
3778,"4s0gA","CONTROL",10,"P",0,377,0
3778,"4s0gA","CONTROL",10,"S",3,377,0.00795755968169761
3779,"4s2tB","CONTROL",10,"C",292,476,0.61344537815126
3779,"4s2tB","CONTROL",10,"N",84,476,0.176470588235294
3779,"4s2tB","CONTROL",10,"O",99,476,0.207983193277311
3779,"4s2tB","CONTROL",10,"P",0,476,0
3779,"4s2tB","CONTROL",10,"S",1,476,0.00210084033613445
3780,"4s3rA","CONTROL",10,"C",462,718,0.643454038997215
3780,"4s3rA","CONTROL",10,"N",121,718,0.168523676880223
3780,"4s3rA","CONTROL",10,"O",135,718,0.188022284122563
3780,"4s3rA","CONTROL",10,"P",0,718,0
3780,"4s3rA","CONTROL",10,"S",0,718,0
3781,"4tglA","CONTROL",10,"C",185,290,0.637931034482759
3781,"4tglA","CONTROL",10,"N",50,290,0.172413793103448
3781,"4tglA","CONTROL",10,"O",55,290,0.189655172413793
3781,"4tglA","CONTROL",10,"P",0,290,0
3781,"4tglA","CONTROL",10,"S",0,290,0
3782,"4tkgA","CONTROL",10,"C",304,457,0.665207877461707
3782,"4tkgA","CONTROL",10,"N",78,457,0.170678336980306
3782,"4tkgA","CONTROL",10,"O",73,457,0.159737417943107
3782,"4tkgA","CONTROL",10,"P",0,457,0
3782,"4tkgA","CONTROL",10,"S",2,457,0.00437636761487965
3783,"4tkxA","CONTROL",10,"C",193,309,0.624595469255663
3783,"4tkxA","CONTROL",10,"N",54,309,0.174757281553398
3783,"4tkxA","CONTROL",10,"O",60,309,0.194174757281553
3783,"4tkxA","CONTROL",10,"P",0,309,0
3783,"4tkxA","CONTROL",10,"S",2,309,0.00647249190938511
3784,"4tsnC","CONTROL",10,"C",172,258,0.666666666666667
3784,"4tsnC","CONTROL",10,"N",41,258,0.158914728682171
3784,"4tsnC","CONTROL",10,"O",45,258,0.174418604651163
3784,"4tsnC","CONTROL",10,"P",0,258,0
3784,"4tsnC","CONTROL",10,"S",0,258,0
3785,"4tsrA","CONTROL",10,"C",254,422,0.601895734597156
3785,"4tsrA","CONTROL",10,"N",87,422,0.206161137440758
3785,"4tsrA","CONTROL",10,"O",79,422,0.187203791469194
3785,"4tsrA","CONTROL",10,"P",0,422,0
3785,"4tsrA","CONTROL",10,"S",2,422,0.004739336492891
3786,"4tszQ","CONTROL",10,"C",250,389,0.6426735218509
3786,"4tszQ","CONTROL",10,"N",66,389,0.169665809768638
3786,"4tszQ","CONTROL",10,"O",70,389,0.179948586118252
3786,"4tszQ","CONTROL",10,"P",0,389,0
3786,"4tszQ","CONTROL",10,"S",3,389,0.0077120822622108
3787,"4tvmA","CONTROL",10,"C",147,245,0.6
3787,"4tvmA","CONTROL",10,"N",47,245,0.191836734693878
3787,"4tvmA","CONTROL",10,"O",50,245,0.204081632653061
3787,"4tvmA","CONTROL",10,"P",0,245,0
3787,"4tvmA","CONTROL",10,"S",1,245,0.00408163265306122
3788,"4tvuC","CONTROL",10,"C",208,332,0.626506024096386
3788,"4tvuC","CONTROL",10,"N",57,332,0.171686746987952
3788,"4tvuC","CONTROL",10,"O",67,332,0.201807228915663
3788,"4tvuC","CONTROL",10,"P",0,332,0
3788,"4tvuC","CONTROL",10,"S",0,332,0
3789,"4txjB","CONTROL",10,"C",208,338,0.615384615384615
3789,"4txjB","CONTROL",10,"N",66,338,0.195266272189349
3789,"4txjB","CONTROL",10,"O",59,338,0.174556213017751
3789,"4txjB","CONTROL",10,"P",0,338,0
3789,"4txjB","CONTROL",10,"S",5,338,0.014792899408284
3790,"4tyvB","CONTROL",10,"C",219,326,0.671779141104294
3790,"4tyvB","CONTROL",10,"N",54,326,0.165644171779141
3790,"4tyvB","CONTROL",10,"O",53,326,0.162576687116564
3790,"4tyvB","CONTROL",10,"P",0,326,0
3790,"4tyvB","CONTROL",10,"S",0,326,0
3791,"4u0vA","CONTROL",10,"C",250,397,0.629722921914358
3791,"4u0vA","CONTROL",10,"N",68,397,0.171284634760705
3791,"4u0vA","CONTROL",10,"O",78,397,0.19647355163728
3791,"4u0vA","CONTROL",10,"P",0,397,0
3791,"4u0vA","CONTROL",10,"S",1,397,0.00251889168765743
3792,"4u33D","CONTROL",10,"C",290,452,0.641592920353982
3792,"4u33D","CONTROL",10,"N",75,452,0.165929203539823
3792,"4u33D","CONTROL",10,"O",87,452,0.192477876106195
3792,"4u33D","CONTROL",10,"P",0,452,0
3792,"4u33D","CONTROL",10,"S",0,452,0
3793,"4u62B","CONTROL",10,"C",96,166,0.578313253012048
3793,"4u62B","CONTROL",10,"N",30,166,0.180722891566265
3793,"4u62B","CONTROL",10,"O",40,166,0.240963855421687
3793,"4u62B","CONTROL",10,"P",0,166,0
3793,"4u62B","CONTROL",10,"S",0,166,0
3794,"4u6jA","CONTROL",10,"C",227,364,0.623626373626374
3794,"4u6jA","CONTROL",10,"N",61,364,0.167582417582418
3794,"4u6jA","CONTROL",10,"O",72,364,0.197802197802198
3794,"4u6jA","CONTROL",10,"P",0,364,0
3794,"4u6jA","CONTROL",10,"S",4,364,0.010989010989011
3795,"4u9vA","CONTROL",10,"C",311,467,0.665952890792291
3795,"4u9vA","CONTROL",10,"N",77,467,0.164882226980728
3795,"4u9vA","CONTROL",10,"O",75,467,0.160599571734475
3795,"4u9vA","CONTROL",10,"P",0,467,0
3795,"4u9vA","CONTROL",10,"S",4,467,0.00856531049250535
3796,"4ua3B","CONTROL",10,"C",269,399,0.674185463659148
3796,"4ua3B","CONTROL",10,"N",67,399,0.167919799498747
3796,"4ua3B","CONTROL",10,"O",63,399,0.157894736842105
3796,"4ua3B","CONTROL",10,"P",0,399,0
3796,"4ua3B","CONTROL",10,"S",0,399,0
3797,"4uamC","CONTROL",10,"C",166,272,0.610294117647059
3797,"4uamC","CONTROL",10,"N",50,272,0.183823529411765
3797,"4uamC","CONTROL",10,"O",55,272,0.202205882352941
3797,"4uamC","CONTROL",10,"P",0,272,0
3797,"4uamC","CONTROL",10,"S",1,272,0.00367647058823529
3798,"4ucbB","CONTROL",10,"C",126,201,0.626865671641791
3798,"4ucbB","CONTROL",10,"N",38,201,0.189054726368159
3798,"4ucbB","CONTROL",10,"O",35,201,0.174129353233831
3798,"4ucbB","CONTROL",10,"P",0,201,0
3798,"4ucbB","CONTROL",10,"S",2,201,0.0099502487562189
3799,"4ufcA","CONTROL",10,"C",200,320,0.625
3799,"4ufcA","CONTROL",10,"N",57,320,0.178125
3799,"4ufcA","CONTROL",10,"O",61,320,0.190625
3799,"4ufcA","CONTROL",10,"P",0,320,0
3799,"4ufcA","CONTROL",10,"S",2,320,0.00625
3800,"4uuqA","CONTROL",10,"C",273,414,0.659420289855073
3800,"4uuqA","CONTROL",10,"N",67,414,0.161835748792271
3800,"4uuqA","CONTROL",10,"O",71,414,0.171497584541063
3800,"4uuqA","CONTROL",10,"P",0,414,0
3800,"4uuqA","CONTROL",10,"S",3,414,0.0072463768115942
3801,"4uybA","CONTROL",10,"C",286,414,0.690821256038647
3801,"4uybA","CONTROL",10,"N",60,414,0.144927536231884
3801,"4uybA","CONTROL",10,"O",63,414,0.152173913043478
3801,"4uybA","CONTROL",10,"P",0,414,0
3801,"4uybA","CONTROL",10,"S",5,414,0.0120772946859903
3802,"4uzlA","CONTROL",10,"C",261,412,0.633495145631068
3802,"4uzlA","CONTROL",10,"N",72,412,0.174757281553398
3802,"4uzlA","CONTROL",10,"O",77,412,0.186893203883495
3802,"4uzlA","CONTROL",10,"P",0,412,0
3802,"4uzlA","CONTROL",10,"S",2,412,0.00485436893203883
3803,"4v08B","CONTROL",10,"C",143,241,0.593360995850622
3803,"4v08B","CONTROL",10,"N",51,241,0.211618257261411
3803,"4v08B","CONTROL",10,"O",46,241,0.190871369294606
3803,"4v08B","CONTROL",10,"P",0,241,0
3803,"4v08B","CONTROL",10,"S",1,241,0.004149377593361
3804,"4v1cI","CONTROL",10,"C",240,347,0.69164265129683
3804,"4v1cI","CONTROL",10,"N",46,347,0.132564841498559
3804,"4v1cI","CONTROL",10,"O",61,347,0.175792507204611
3804,"4v1cI","CONTROL",10,"P",0,347,0
3804,"4v1cI","CONTROL",10,"S",0,347,0
3805,"4w50B","CONTROL",10,"C",237,382,0.620418848167539
3805,"4w50B","CONTROL",10,"N",65,382,0.170157068062827
3805,"4w50B","CONTROL",10,"O",73,382,0.191099476439791
3805,"4w50B","CONTROL",10,"P",0,382,0
3805,"4w50B","CONTROL",10,"S",7,382,0.0183246073298429
3806,"4wclA","CONTROL",10,"C",231,362,0.638121546961326
3806,"4wclA","CONTROL",10,"N",66,362,0.18232044198895
3806,"4wclA","CONTROL",10,"O",63,362,0.174033149171271
3806,"4wclA","CONTROL",10,"P",0,362,0
3806,"4wclA","CONTROL",10,"S",2,362,0.00552486187845304
3807,"4wcxB","CONTROL",10,"C",323,494,0.653846153846154
3807,"4wcxB","CONTROL",10,"N",81,494,0.163967611336032
3807,"4wcxB","CONTROL",10,"O",86,494,0.174089068825911
3807,"4wcxB","CONTROL",10,"P",0,494,0
3807,"4wcxB","CONTROL",10,"S",4,494,0.00809716599190283
3808,"4wdaA","CONTROL",10,"C",212,321,0.660436137071651
3808,"4wdaA","CONTROL",10,"N",53,321,0.165109034267913
3808,"4wdaA","CONTROL",10,"O",53,321,0.165109034267913
3808,"4wdaA","CONTROL",10,"P",0,321,0
3808,"4wdaA","CONTROL",10,"S",3,321,0.00934579439252336
3809,"4wgxC","CONTROL",10,"C",215,337,0.637982195845697
3809,"4wgxC","CONTROL",10,"N",59,337,0.175074183976261
3809,"4wgxC","CONTROL",10,"O",59,337,0.175074183976261
3809,"4wgxC","CONTROL",10,"P",0,337,0
3809,"4wgxC","CONTROL",10,"S",4,337,0.0118694362017804
3810,"4wkrA","CONTROL",10,"C",253,381,0.664041994750656
3810,"4wkrA","CONTROL",10,"N",69,381,0.181102362204724
3810,"4wkrA","CONTROL",10,"O",58,381,0.152230971128609
3810,"4wkrA","CONTROL",10,"P",0,381,0
3810,"4wkrA","CONTROL",10,"S",1,381,0.0026246719160105
3811,"4wlkA","CONTROL",10,"C",190,302,0.629139072847682
3811,"4wlkA","CONTROL",10,"N",48,302,0.158940397350993
3811,"4wlkA","CONTROL",10,"O",64,302,0.211920529801325
3811,"4wlkA","CONTROL",10,"P",0,302,0
3811,"4wlkA","CONTROL",10,"S",0,302,0
3812,"4wm8A","CONTROL",10,"C",259,394,0.657360406091371
3812,"4wm8A","CONTROL",10,"N",62,394,0.157360406091371
3812,"4wm8A","CONTROL",10,"O",69,394,0.1751269035533
3812,"4wm8A","CONTROL",10,"P",0,394,0
3812,"4wm8A","CONTROL",10,"S",4,394,0.0101522842639594
3813,"4wrcA","CONTROL",10,"C",124,192,0.645833333333333
3813,"4wrcA","CONTROL",10,"N",32,192,0.166666666666667
3813,"4wrcA","CONTROL",10,"O",34,192,0.177083333333333
3813,"4wrcA","CONTROL",10,"P",0,192,0
3813,"4wrcA","CONTROL",10,"S",2,192,0.0104166666666667
3814,"4wriA","CONTROL",10,"C",433,656,0.660060975609756
3814,"4wriA","CONTROL",10,"N",110,656,0.167682926829268
3814,"4wriA","CONTROL",10,"O",109,656,0.166158536585366
3814,"4wriA","CONTROL",10,"P",0,656,0
3814,"4wriA","CONTROL",10,"S",4,656,0.00609756097560976
3815,"4ws0A","CONTROL",10,"C",199,303,0.656765676567657
3815,"4ws0A","CONTROL",10,"N",52,303,0.171617161716172
3815,"4ws0A","CONTROL",10,"O",52,303,0.171617161716172
3815,"4ws0A","CONTROL",10,"P",0,303,0
3815,"4ws0A","CONTROL",10,"S",0,303,0
3816,"4wswF","CONTROL",10,"C",75,124,0.604838709677419
3816,"4wswF","CONTROL",10,"N",22,124,0.17741935483871
3816,"4wswF","CONTROL",10,"O",27,124,0.217741935483871
3816,"4wswF","CONTROL",10,"P",0,124,0
3816,"4wswF","CONTROL",10,"S",0,124,0
3817,"4wv8A","CONTROL",10,"C",139,230,0.604347826086956
3817,"4wv8A","CONTROL",10,"N",41,230,0.178260869565217
3817,"4wv8A","CONTROL",10,"O",50,230,0.217391304347826
3817,"4wv8A","CONTROL",10,"P",0,230,0
3817,"4wv8A","CONTROL",10,"S",0,230,0
3818,"4wxlB","CONTROL",10,"C",248,382,0.649214659685864
3818,"4wxlB","CONTROL",10,"N",67,382,0.175392670157068
3818,"4wxlB","CONTROL",10,"O",64,382,0.167539267015707
3818,"4wxlB","CONTROL",10,"P",0,382,0
3818,"4wxlB","CONTROL",10,"S",3,382,0.00785340314136126
3819,"4wymE","CONTROL",10,"C",208,330,0.63030303030303
3819,"4wymE","CONTROL",10,"N",56,330,0.16969696969697
3819,"4wymE","CONTROL",10,"O",65,330,0.196969696969697
3819,"4wymE","CONTROL",10,"P",0,330,0
3819,"4wymE","CONTROL",10,"S",1,330,0.00303030303030303
3820,"4wyuA","CONTROL",10,"C",252,384,0.65625
3820,"4wyuA","CONTROL",10,"N",62,384,0.161458333333333
3820,"4wyuA","CONTROL",10,"O",70,384,0.182291666666667
3820,"4wyuA","CONTROL",10,"P",0,384,0
3820,"4wyuA","CONTROL",10,"S",0,384,0
3821,"4x1dA","CONTROL",10,"C",182,284,0.640845070422535
3821,"4x1dA","CONTROL",10,"N",50,284,0.176056338028169
3821,"4x1dA","CONTROL",10,"O",52,284,0.183098591549296
3821,"4x1dA","CONTROL",10,"P",0,284,0
3821,"4x1dA","CONTROL",10,"S",0,284,0
3822,"4x2tF","CONTROL",10,"C",223,365,0.610958904109589
3822,"4x2tF","CONTROL",10,"N",66,365,0.180821917808219
3822,"4x2tF","CONTROL",10,"O",73,365,0.2
3822,"4x2tF","CONTROL",10,"P",0,365,0
3822,"4x2tF","CONTROL",10,"S",3,365,0.00821917808219178
3823,"4x3qD","CONTROL",10,"C",307,469,0.654584221748401
3823,"4x3qD","CONTROL",10,"N",78,469,0.166311300639659
3823,"4x3qD","CONTROL",10,"O",84,469,0.17910447761194
3823,"4x3qD","CONTROL",10,"P",0,469,0
3823,"4x3qD","CONTROL",10,"S",0,469,0
3824,"4x6cC","CONTROL",10,"C",449,669,0.671150971599402
3824,"4x6cC","CONTROL",10,"N",115,669,0.171898355754858
3824,"4x6cC","CONTROL",10,"O",103,669,0.153961136023916
3824,"4x6cC","CONTROL",10,"P",0,669,0
3824,"4x6cC","CONTROL",10,"S",2,669,0.00298953662182362
3825,"4x6jA","CONTROL",10,"C",183,300,0.61
3825,"4x6jA","CONTROL",10,"N",53,300,0.176666666666667
3825,"4x6jA","CONTROL",10,"O",60,300,0.2
3825,"4x6jA","CONTROL",10,"P",0,300,0
3825,"4x6jA","CONTROL",10,"S",4,300,0.0133333333333333
3826,"4x84A","CONTROL",10,"C",178,280,0.635714285714286
3826,"4x84A","CONTROL",10,"N",46,280,0.164285714285714
3826,"4x84A","CONTROL",10,"O",55,280,0.196428571428571
3826,"4x84A","CONTROL",10,"P",0,280,0
3826,"4x84A","CONTROL",10,"S",1,280,0.00357142857142857
3827,"4x8eB","CONTROL",10,"C",231,344,0.671511627906977
3827,"4x8eB","CONTROL",10,"N",56,344,0.162790697674419
3827,"4x8eB","CONTROL",10,"O",54,344,0.156976744186047
3827,"4x8eB","CONTROL",10,"P",0,344,0
3827,"4x8eB","CONTROL",10,"S",3,344,0.00872093023255814
3828,"4xb5A","CONTROL",10,"C",539,786,0.685750636132316
3828,"4xb5A","CONTROL",10,"N",116,786,0.147582697201018
3828,"4xb5A","CONTROL",10,"O",123,786,0.156488549618321
3828,"4xb5A","CONTROL",10,"P",0,786,0
3828,"4xb5A","CONTROL",10,"S",8,786,0.0101781170483461
3829,"4xboB","CONTROL",10,"C",214,336,0.636904761904762
3829,"4xboB","CONTROL",10,"N",62,336,0.18452380952381
3829,"4xboB","CONTROL",10,"O",57,336,0.169642857142857
3829,"4xboB","CONTROL",10,"P",0,336,0
3829,"4xboB","CONTROL",10,"S",3,336,0.00892857142857143
3830,"4xcaD","CONTROL",10,"C",213,332,0.641566265060241
3830,"4xcaD","CONTROL",10,"N",60,332,0.180722891566265
3830,"4xcaD","CONTROL",10,"O",58,332,0.174698795180723
3830,"4xcaD","CONTROL",10,"P",0,332,0
3830,"4xcaD","CONTROL",10,"S",1,332,0.00301204819277108
3831,"4xg0A","CONTROL",10,"C",134,228,0.587719298245614
3831,"4xg0A","CONTROL",10,"N",44,228,0.192982456140351
3831,"4xg0A","CONTROL",10,"O",50,228,0.219298245614035
3831,"4xg0A","CONTROL",10,"P",0,228,0
3831,"4xg0A","CONTROL",10,"S",0,228,0
3832,"4xhcA","CONTROL",10,"C",233,350,0.665714285714286
3832,"4xhcA","CONTROL",10,"N",60,350,0.171428571428571
3832,"4xhcA","CONTROL",10,"O",56,350,0.16
3832,"4xhcA","CONTROL",10,"P",0,350,0
3832,"4xhcA","CONTROL",10,"S",1,350,0.00285714285714286
3833,"4xlyA","CONTROL",10,"C",309,482,0.641078838174274
3833,"4xlyA","CONTROL",10,"N",77,482,0.159751037344398
3833,"4xlyA","CONTROL",10,"O",93,482,0.192946058091286
3833,"4xlyA","CONTROL",10,"P",0,482,0
3833,"4xlyA","CONTROL",10,"S",3,482,0.00622406639004149
3834,"4xmaA","CONTROL",10,"C",204,322,0.633540372670807
3834,"4xmaA","CONTROL",10,"N",53,322,0.164596273291925
3834,"4xmaA","CONTROL",10,"O",65,322,0.201863354037267
3834,"4xmaA","CONTROL",10,"P",0,322,0
3834,"4xmaA","CONTROL",10,"S",0,322,0
3835,"4xmrA","CONTROL",10,"C",202,314,0.643312101910828
3835,"4xmrA","CONTROL",10,"N",53,314,0.168789808917197
3835,"4xmrA","CONTROL",10,"O",59,314,0.187898089171975
3835,"4xmrA","CONTROL",10,"P",0,314,0
3835,"4xmrA","CONTROL",10,"S",0,314,0
3836,"4xnwA","CONTROL",10,"C",304,481,0.632016632016632
3836,"4xnwA","CONTROL",10,"N",83,481,0.172557172557173
3836,"4xnwA","CONTROL",10,"O",88,481,0.182952182952183
3836,"4xnwA","CONTROL",10,"P",0,481,0
3836,"4xnwA","CONTROL",10,"S",6,481,0.0124740124740125
3837,"4xruC","CONTROL",10,"C",219,346,0.632947976878613
3837,"4xruC","CONTROL",10,"N",59,346,0.170520231213873
3837,"4xruC","CONTROL",10,"O",65,346,0.187861271676301
3837,"4xruC","CONTROL",10,"P",0,346,0
3837,"4xruC","CONTROL",10,"S",3,346,0.00867052023121387
3838,"4xsdA","CONTROL",10,"C",199,304,0.654605263157895
3838,"4xsdA","CONTROL",10,"N",54,304,0.177631578947368
3838,"4xsdA","CONTROL",10,"O",48,304,0.157894736842105
3838,"4xsdA","CONTROL",10,"P",0,304,0
3838,"4xsdA","CONTROL",10,"S",3,304,0.00986842105263158
3839,"4xwtA","CONTROL",10,"C",208,354,0.587570621468927
3839,"4xwtA","CONTROL",10,"N",74,354,0.209039548022599
3839,"4xwtA","CONTROL",10,"O",72,354,0.203389830508475
3839,"4xwtA","CONTROL",10,"P",0,354,0
3839,"4xwtA","CONTROL",10,"S",0,354,0
3840,"4y33B","CONTROL",10,"C",217,348,0.623563218390805
3840,"4y33B","CONTROL",10,"N",64,348,0.183908045977011
3840,"4y33B","CONTROL",10,"O",66,348,0.189655172413793
3840,"4y33B","CONTROL",10,"P",0,348,0
3840,"4y33B","CONTROL",10,"S",1,348,0.0028735632183908
3841,"4y5sB","CONTROL",10,"C",199,315,0.631746031746032
3841,"4y5sB","CONTROL",10,"N",58,315,0.184126984126984
3841,"4y5sB","CONTROL",10,"O",57,315,0.180952380952381
3841,"4y5sB","CONTROL",10,"P",0,315,0
3841,"4y5sB","CONTROL",10,"S",1,315,0.00317460317460317
3842,"4y6kC","CONTROL",10,"C",262,384,0.682291666666667
3842,"4y6kC","CONTROL",10,"N",55,384,0.143229166666667
3842,"4y6kC","CONTROL",10,"O",64,384,0.166666666666667
3842,"4y6kC","CONTROL",10,"P",0,384,0
3842,"4y6kC","CONTROL",10,"S",3,384,0.0078125
3843,"4y6qA","CONTROL",10,"C",453,684,0.662280701754386
3843,"4y6qA","CONTROL",10,"N",105,684,0.153508771929825
3843,"4y6qA","CONTROL",10,"O",121,684,0.176900584795322
3843,"4y6qA","CONTROL",10,"P",0,684,0
3843,"4y6qA","CONTROL",10,"S",5,684,0.00730994152046784
3844,"4yfaC","CONTROL",10,"C",224,348,0.64367816091954
3844,"4yfaC","CONTROL",10,"N",64,348,0.183908045977011
3844,"4yfaC","CONTROL",10,"O",59,348,0.169540229885057
3844,"4yfaC","CONTROL",10,"P",0,348,0
3844,"4yfaC","CONTROL",10,"S",1,348,0.0028735632183908
3845,"4yicB","CONTROL",10,"C",215,333,0.645645645645646
3845,"4yicB","CONTROL",10,"N",53,333,0.159159159159159
3845,"4yicB","CONTROL",10,"O",62,333,0.186186186186186
3845,"4yicB","CONTROL",10,"P",0,333,0
3845,"4yicB","CONTROL",10,"S",3,333,0.00900900900900901
3846,"4yjkB","CONTROL",10,"C",167,269,0.620817843866171
3846,"4yjkB","CONTROL",10,"N",50,269,0.185873605947955
3846,"4yjkB","CONTROL",10,"O",50,269,0.185873605947955
3846,"4yjkB","CONTROL",10,"P",0,269,0
3846,"4yjkB","CONTROL",10,"S",2,269,0.00743494423791822
3847,"4ylhI","CONTROL",10,"C",343,510,0.672549019607843
3847,"4ylhI","CONTROL",10,"N",82,510,0.16078431372549
3847,"4ylhI","CONTROL",10,"O",81,510,0.158823529411765
3847,"4ylhI","CONTROL",10,"P",0,510,0
3847,"4ylhI","CONTROL",10,"S",4,510,0.00784313725490196
3848,"4ylqB","CONTROL",10,"C",262,417,0.628297362110312
3848,"4ylqB","CONTROL",10,"N",68,417,0.163069544364508
3848,"4ylqB","CONTROL",10,"O",81,417,0.194244604316547
3848,"4ylqB","CONTROL",10,"P",0,417,0
3848,"4ylqB","CONTROL",10,"S",6,417,0.0143884892086331
3849,"4ymwC","CONTROL",10,"C",142,225,0.631111111111111
3849,"4ymwC","CONTROL",10,"N",39,225,0.173333333333333
3849,"4ymwC","CONTROL",10,"O",43,225,0.191111111111111
3849,"4ymwC","CONTROL",10,"P",0,225,0
3849,"4ymwC","CONTROL",10,"S",1,225,0.00444444444444444
3850,"4yn2A","CONTROL",10,"C",119,178,0.668539325842697
3850,"4yn2A","CONTROL",10,"N",27,178,0.151685393258427
3850,"4yn2A","CONTROL",10,"O",32,178,0.179775280898876
3850,"4yn2A","CONTROL",10,"P",0,178,0
3850,"4yn2A","CONTROL",10,"S",0,178,0
3851,"4ynnA","CONTROL",10,"C",181,274,0.66058394160584
3851,"4ynnA","CONTROL",10,"N",42,274,0.153284671532847
3851,"4ynnA","CONTROL",10,"O",50,274,0.182481751824818
3851,"4ynnA","CONTROL",10,"P",0,274,0
3851,"4ynnA","CONTROL",10,"S",1,274,0.00364963503649635
3852,"4yoyC","CONTROL",10,"C",331,525,0.63047619047619
3852,"4yoyC","CONTROL",10,"N",96,525,0.182857142857143
3852,"4yoyC","CONTROL",10,"O",96,525,0.182857142857143
3852,"4yoyC","CONTROL",10,"P",0,525,0
3852,"4yoyC","CONTROL",10,"S",2,525,0.00380952380952381
3853,"4yp1A","CONTROL",10,"C",195,296,0.658783783783784
3853,"4yp1A","CONTROL",10,"N",52,296,0.175675675675676
3853,"4yp1A","CONTROL",10,"O",49,296,0.165540540540541
3853,"4yp1A","CONTROL",10,"P",0,296,0
3853,"4yp1A","CONTROL",10,"S",0,296,0
3854,"4ypaB","CONTROL",10,"C",253,390,0.648717948717949
3854,"4ypaB","CONTROL",10,"N",63,390,0.161538461538462
3854,"4ypaB","CONTROL",10,"O",69,390,0.176923076923077
3854,"4ypaB","CONTROL",10,"P",0,390,0
3854,"4ypaB","CONTROL",10,"S",5,390,0.0128205128205128
3855,"4yutB","CONTROL",10,"C",237,373,0.635388739946381
3855,"4yutB","CONTROL",10,"N",71,373,0.190348525469169
3855,"4yutB","CONTROL",10,"O",63,373,0.168900804289544
3855,"4yutB","CONTROL",10,"P",0,373,0
3855,"4yutB","CONTROL",10,"S",2,373,0.00536193029490617
3856,"4yvgA","CONTROL",10,"C",198,303,0.653465346534653
3856,"4yvgA","CONTROL",10,"N",46,303,0.151815181518152
3856,"4yvgA","CONTROL",10,"O",57,303,0.188118811881188
3856,"4yvgA","CONTROL",10,"P",0,303,0
3856,"4yvgA","CONTROL",10,"S",2,303,0.0066006600660066
3857,"4yx6A","CONTROL",10,"C",317,498,0.636546184738956
3857,"4yx6A","CONTROL",10,"N",84,498,0.168674698795181
3857,"4yx6A","CONTROL",10,"O",95,498,0.190763052208835
3857,"4yx6A","CONTROL",10,"P",0,498,0
3857,"4yx6A","CONTROL",10,"S",2,498,0.00401606425702811
3858,"4yx9A","CONTROL",10,"C",245,380,0.644736842105263
3858,"4yx9A","CONTROL",10,"N",70,380,0.184210526315789
3858,"4yx9A","CONTROL",10,"O",64,380,0.168421052631579
3858,"4yx9A","CONTROL",10,"P",0,380,0
3858,"4yx9A","CONTROL",10,"S",1,380,0.00263157894736842
3859,"4yz3B","CONTROL",10,"C",243,395,0.615189873417721
3859,"4yz3B","CONTROL",10,"N",73,395,0.184810126582278
3859,"4yz3B","CONTROL",10,"O",78,395,0.19746835443038
3859,"4yz3B","CONTROL",10,"P",0,395,0
3859,"4yz3B","CONTROL",10,"S",1,395,0.00253164556962025
3860,"4z2tB","CONTROL",10,"C",429,677,0.633677991137371
3860,"4z2tB","CONTROL",10,"N",120,677,0.17725258493353
3860,"4z2tB","CONTROL",10,"O",124,677,0.183161004431315
3860,"4z2tB","CONTROL",10,"P",0,677,0
3860,"4z2tB","CONTROL",10,"S",4,677,0.00590841949778434
3861,"4z44A","CONTROL",10,"C",463,716,0.646648044692737
3861,"4z44A","CONTROL",10,"N",123,716,0.171787709497207
3861,"4z44A","CONTROL",10,"O",126,716,0.175977653631285
3861,"4z44A","CONTROL",10,"P",0,716,0
3861,"4z44A","CONTROL",10,"S",4,716,0.00558659217877095
3862,"4z4pA","CONTROL",10,"C",239,376,0.63563829787234
3862,"4z4pA","CONTROL",10,"N",68,376,0.180851063829787
3862,"4z4pA","CONTROL",10,"O",64,376,0.170212765957447
3862,"4z4pA","CONTROL",10,"P",0,376,0
3862,"4z4pA","CONTROL",10,"S",5,376,0.0132978723404255
3863,"4z73L","CONTROL",10,"C",170,267,0.636704119850187
3863,"4z73L","CONTROL",10,"N",43,267,0.161048689138577
3863,"4z73L","CONTROL",10,"O",53,267,0.198501872659176
3863,"4z73L","CONTROL",10,"P",0,267,0
3863,"4z73L","CONTROL",10,"S",1,267,0.00374531835205993
3864,"4z7fB","CONTROL",10,"C",287,443,0.647855530474041
3864,"4z7fB","CONTROL",10,"N",74,443,0.167042889390519
3864,"4z7fB","CONTROL",10,"O",80,443,0.18058690744921
3864,"4z7fB","CONTROL",10,"P",0,443,0
3864,"4z7fB","CONTROL",10,"S",2,443,0.00451467268623025
3865,"4za4A","CONTROL",10,"C",375,585,0.641025641025641
3865,"4za4A","CONTROL",10,"N",103,585,0.176068376068376
3865,"4za4A","CONTROL",10,"O",100,585,0.170940170940171
3865,"4za4A","CONTROL",10,"P",0,585,0
3865,"4za4A","CONTROL",10,"S",7,585,0.011965811965812
3866,"4zacB","CONTROL",10,"C",387,587,0.659284497444634
3866,"4zacB","CONTROL",10,"N",102,587,0.173764906303237
3866,"4zacB","CONTROL",10,"O",94,587,0.160136286201022
3866,"4zacB","CONTROL",10,"P",0,587,0
3866,"4zacB","CONTROL",10,"S",4,587,0.00681431005110733
3867,"4zadA","CONTROL",10,"C",385,590,0.652542372881356
3867,"4zadA","CONTROL",10,"N",102,590,0.172881355932203
3867,"4zadA","CONTROL",10,"O",100,590,0.169491525423729
3867,"4zadA","CONTROL",10,"P",0,590,0
3867,"4zadA","CONTROL",10,"S",3,590,0.00508474576271186
3868,"4zbgA","CONTROL",10,"C",278,410,0.678048780487805
3868,"4zbgA","CONTROL",10,"N",65,410,0.158536585365854
3868,"4zbgA","CONTROL",10,"O",65,410,0.158536585365854
3868,"4zbgA","CONTROL",10,"P",0,410,0
3868,"4zbgA","CONTROL",10,"S",2,410,0.0048780487804878
3869,"4zc6B","CONTROL",10,"C",124,208,0.596153846153846
3869,"4zc6B","CONTROL",10,"N",36,208,0.173076923076923
3869,"4zc6B","CONTROL",10,"O",46,208,0.221153846153846
3869,"4zc6B","CONTROL",10,"P",0,208,0
3869,"4zc6B","CONTROL",10,"S",2,208,0.00961538461538462
3870,"4ze9A","CONTROL",10,"C",315,465,0.67741935483871
3870,"4ze9A","CONTROL",10,"N",74,465,0.159139784946237
3870,"4ze9A","CONTROL",10,"O",76,465,0.163440860215054
3870,"4ze9A","CONTROL",10,"P",0,465,0
3870,"4ze9A","CONTROL",10,"S",0,465,0
3871,"4zevA","CONTROL",10,"C",257,407,0.631449631449631
3871,"4zevA","CONTROL",10,"N",64,407,0.157248157248157
3871,"4zevA","CONTROL",10,"O",85,407,0.208845208845209
3871,"4zevA","CONTROL",10,"P",0,407,0
3871,"4zevA","CONTROL",10,"S",1,407,0.00245700245700246
3872,"4zfkB","CONTROL",10,"C",191,322,0.593167701863354
3872,"4zfkB","CONTROL",10,"N",69,322,0.214285714285714
3872,"4zfkB","CONTROL",10,"O",60,322,0.186335403726708
3872,"4zfkB","CONTROL",10,"P",0,322,0
3872,"4zfkB","CONTROL",10,"S",2,322,0.0062111801242236
3873,"4zl4A","CONTROL",10,"C",329,523,0.62906309751434
3873,"4zl4A","CONTROL",10,"N",84,523,0.160611854684512
3873,"4zl4A","CONTROL",10,"O",109,523,0.208413001912046
3873,"4zl4A","CONTROL",10,"P",0,523,0
3873,"4zl4A","CONTROL",10,"S",1,523,0.00191204588910134
3874,"4zlaD","CONTROL",10,"C",252,407,0.619164619164619
3874,"4zlaD","CONTROL",10,"N",73,407,0.179361179361179
3874,"4zlaD","CONTROL",10,"O",79,407,0.194103194103194
3874,"4zlaD","CONTROL",10,"P",0,407,0
3874,"4zlaD","CONTROL",10,"S",3,407,0.00737100737100737
3875,"4zlfA","CONTROL",10,"C",259,414,0.6256038647343
3875,"4zlfA","CONTROL",10,"N",79,414,0.190821256038647
3875,"4zlfA","CONTROL",10,"O",72,414,0.173913043478261
3875,"4zlfA","CONTROL",10,"P",0,414,0
3875,"4zlfA","CONTROL",10,"S",4,414,0.00966183574879227
3876,"4zm6A","CONTROL",10,"C",393,589,0.66723259762309
3876,"4zm6A","CONTROL",10,"N",93,589,0.157894736842105
3876,"4zm6A","CONTROL",10,"O",99,589,0.168081494057725
3876,"4zm6A","CONTROL",10,"P",0,589,0
3876,"4zm6A","CONTROL",10,"S",4,589,0.0067911714770798
3877,"4zo3B","CONTROL",10,"C",253,389,0.65038560411311
3877,"4zo3B","CONTROL",10,"N",70,389,0.179948586118252
3877,"4zo3B","CONTROL",10,"O",64,389,0.16452442159383
3877,"4zo3B","CONTROL",10,"P",0,389,0
3877,"4zo3B","CONTROL",10,"S",2,389,0.0051413881748072
3878,"4zocB","CONTROL",10,"C",121,175,0.691428571428571
3878,"4zocB","CONTROL",10,"N",23,175,0.131428571428571
3878,"4zocB","CONTROL",10,"O",28,175,0.16
3878,"4zocB","CONTROL",10,"P",0,175,0
3878,"4zocB","CONTROL",10,"S",3,175,0.0171428571428571
3879,"4zowA","CONTROL",10,"C",282,439,0.642369020501139
3879,"4zowA","CONTROL",10,"N",75,439,0.170842824601367
3879,"4zowA","CONTROL",10,"O",79,439,0.17995444191344
3879,"4zowA","CONTROL",10,"P",0,439,0
3879,"4zowA","CONTROL",10,"S",3,439,0.00683371298405467
3880,"4zraA","CONTROL",10,"C",399,605,0.659504132231405
3880,"4zraA","CONTROL",10,"N",99,605,0.163636363636364
3880,"4zraA","CONTROL",10,"O",105,605,0.173553719008264
3880,"4zraA","CONTROL",10,"P",0,605,0
3880,"4zraA","CONTROL",10,"S",2,605,0.00330578512396694
3881,"4zrtA","CONTROL",10,"C",217,350,0.62
3881,"4zrtA","CONTROL",10,"N",70,350,0.2
3881,"4zrtA","CONTROL",10,"O",61,350,0.174285714285714
3881,"4zrtA","CONTROL",10,"P",0,350,0
3881,"4zrtA","CONTROL",10,"S",2,350,0.00571428571428571
3882,"4zwbA","CONTROL",10,"C",301,486,0.619341563786008
3882,"4zwbA","CONTROL",10,"N",88,486,0.181069958847737
3882,"4zwbA","CONTROL",10,"O",96,486,0.197530864197531
3882,"4zwbA","CONTROL",10,"P",0,486,0
3882,"4zwbA","CONTROL",10,"S",1,486,0.00205761316872428
3883,"4zxaF","CONTROL",10,"C",226,352,0.642045454545455
3883,"4zxaF","CONTROL",10,"N",61,352,0.173295454545455
3883,"4zxaF","CONTROL",10,"O",62,352,0.176136363636364
3883,"4zxaF","CONTROL",10,"P",0,352,0
3883,"4zxaF","CONTROL",10,"S",3,352,0.00852272727272727
3884,"4zzxA","CONTROL",10,"C",274,405,0.676543209876543
3884,"4zzxA","CONTROL",10,"N",62,405,0.153086419753086
3884,"4zzxA","CONTROL",10,"O",67,405,0.165432098765432
3884,"4zzxA","CONTROL",10,"P",0,405,0
3884,"4zzxA","CONTROL",10,"S",2,405,0.00493827160493827
3885,"5a01B","CONTROL",10,"C",351,551,0.637023593466425
3885,"5a01B","CONTROL",10,"N",97,551,0.176043557168784
3885,"5a01B","CONTROL",10,"O",96,551,0.174228675136116
3885,"5a01B","CONTROL",10,"P",0,551,0
3885,"5a01B","CONTROL",10,"S",7,551,0.0127041742286751
3886,"5a0jA","CONTROL",10,"C",181,301,0.601328903654485
3886,"5a0jA","CONTROL",10,"N",59,301,0.196013289036545
3886,"5a0jA","CONTROL",10,"O",61,301,0.20265780730897
3886,"5a0jA","CONTROL",10,"P",0,301,0
3886,"5a0jA","CONTROL",10,"S",0,301,0
3887,"5a2cA","CONTROL",10,"C",251,383,0.655352480417755
3887,"5a2cA","CONTROL",10,"N",67,383,0.174934725848564
3887,"5a2cA","CONTROL",10,"O",64,383,0.16710182767624
3887,"5a2cA","CONTROL",10,"P",0,383,0
3887,"5a2cA","CONTROL",10,"S",1,383,0.00261096605744125
3888,"5a3kA","CONTROL",10,"C",225,346,0.65028901734104
3888,"5a3kA","CONTROL",10,"N",60,346,0.173410404624277
3888,"5a3kA","CONTROL",10,"O",59,346,0.170520231213873
3888,"5a3kA","CONTROL",10,"P",0,346,0
3888,"5a3kA","CONTROL",10,"S",2,346,0.00578034682080925
3889,"5a60A","CONTROL",10,"C",213,356,0.598314606741573
3889,"5a60A","CONTROL",10,"N",72,356,0.202247191011236
3889,"5a60A","CONTROL",10,"O",71,356,0.199438202247191
3889,"5a60A","CONTROL",10,"P",0,356,0
3889,"5a60A","CONTROL",10,"S",0,356,0
3890,"5a63B","CONTROL",10,"C",166,259,0.640926640926641
3890,"5a63B","CONTROL",10,"N",40,259,0.154440154440154
3890,"5a63B","CONTROL",10,"O",51,259,0.196911196911197
3890,"5a63B","CONTROL",10,"P",0,259,0
3890,"5a63B","CONTROL",10,"S",2,259,0.00772200772200772
3891,"5a65B","CONTROL",10,"C",257,405,0.634567901234568
3891,"5a65B","CONTROL",10,"N",67,405,0.165432098765432
3891,"5a65B","CONTROL",10,"O",79,405,0.195061728395062
3891,"5a65B","CONTROL",10,"P",0,405,0
3891,"5a65B","CONTROL",10,"S",2,405,0.00493827160493827
3892,"5a66A","CONTROL",10,"C",219,358,0.611731843575419
3892,"5a66A","CONTROL",10,"N",67,358,0.187150837988827
3892,"5a66A","CONTROL",10,"O",72,358,0.201117318435754
3892,"5a66A","CONTROL",10,"P",0,358,0
3892,"5a66A","CONTROL",10,"S",0,358,0
3893,"5aa5L","CONTROL",10,"C",108,165,0.654545454545455
3893,"5aa5L","CONTROL",10,"N",25,165,0.151515151515152
3893,"5aa5L","CONTROL",10,"O",29,165,0.175757575757576
3893,"5aa5L","CONTROL",10,"P",0,165,0
3893,"5aa5L","CONTROL",10,"S",3,165,0.0181818181818182
3894,"5abaB","CONTROL",10,"C",130,209,0.62200956937799
3894,"5abaB","CONTROL",10,"N",35,209,0.167464114832536
3894,"5abaB","CONTROL",10,"O",42,209,0.200956937799043
3894,"5abaB","CONTROL",10,"P",0,209,0
3894,"5abaB","CONTROL",10,"S",2,209,0.00956937799043062
3895,"5ac5A","CONTROL",10,"C",213,336,0.633928571428571
3895,"5ac5A","CONTROL",10,"N",58,336,0.172619047619048
3895,"5ac5A","CONTROL",10,"O",62,336,0.18452380952381
3895,"5ac5A","CONTROL",10,"P",0,336,0
3895,"5ac5A","CONTROL",10,"S",3,336,0.00892857142857143
3896,"5afpA","CONTROL",10,"C",435,635,0.68503937007874
3896,"5afpA","CONTROL",10,"N",97,635,0.152755905511811
3896,"5afpA","CONTROL",10,"O",100,635,0.15748031496063
3896,"5afpA","CONTROL",10,"P",0,635,0
3896,"5afpA","CONTROL",10,"S",3,635,0.0047244094488189
3897,"5agdB","CONTROL",10,"C",283,434,0.652073732718894
3897,"5agdB","CONTROL",10,"N",74,434,0.170506912442396
3897,"5agdB","CONTROL",10,"O",76,434,0.175115207373272
3897,"5agdB","CONTROL",10,"P",0,434,0
3897,"5agdB","CONTROL",10,"S",1,434,0.00230414746543779
3898,"5ai9A","CONTROL",10,"C",314,452,0.694690265486726
3898,"5ai9A","CONTROL",10,"N",65,452,0.143805309734513
3898,"5ai9A","CONTROL",10,"O",68,452,0.150442477876106
3898,"5ai9A","CONTROL",10,"P",0,452,0
3898,"5ai9A","CONTROL",10,"S",5,452,0.0110619469026549
3899,"5apaA","CONTROL",10,"C",229,363,0.630853994490358
3899,"5apaA","CONTROL",10,"N",71,363,0.195592286501377
3899,"5apaA","CONTROL",10,"O",60,363,0.165289256198347
3899,"5apaA","CONTROL",10,"P",0,363,0
3899,"5apaA","CONTROL",10,"S",3,363,0.00826446280991736
3900,"5aprA","CONTROL",10,"C",330,541,0.609981515711645
3900,"5aprA","CONTROL",10,"N",92,541,0.170055452865065
3900,"5aprA","CONTROL",10,"O",119,541,0.21996303142329
3900,"5aprA","CONTROL",10,"P",0,541,0
3900,"5aprA","CONTROL",10,"S",0,541,0
3901,"5axrA","CONTROL",10,"C",126,213,0.591549295774648
3901,"5axrA","CONTROL",10,"N",45,213,0.211267605633803
3901,"5axrA","CONTROL",10,"O",42,213,0.197183098591549
3901,"5axrA","CONTROL",10,"P",0,213,0
3901,"5axrA","CONTROL",10,"S",0,213,0
3902,"5b8iC","CONTROL",10,"C",239,358,0.667597765363129
3902,"5b8iC","CONTROL",10,"N",56,358,0.156424581005587
3902,"5b8iC","CONTROL",10,"O",61,358,0.170391061452514
3902,"5b8iC","CONTROL",10,"P",0,358,0
3902,"5b8iC","CONTROL",10,"S",2,358,0.00558659217877095
3903,"5bntC","CONTROL",10,"C",301,501,0.600798403193613
3903,"5bntC","CONTROL",10,"N",100,501,0.199600798403194
3903,"5bntC","CONTROL",10,"O",96,501,0.191616766467066
3903,"5bntC","CONTROL",10,"P",0,501,0
3903,"5bntC","CONTROL",10,"S",4,501,0.00798403193612774
3904,"5boaE","CONTROL",10,"C",157,253,0.620553359683794
3904,"5boaE","CONTROL",10,"N",44,253,0.173913043478261
3904,"5boaE","CONTROL",10,"O",52,253,0.205533596837945
3904,"5boaE","CONTROL",10,"P",0,253,0
3904,"5boaE","CONTROL",10,"S",0,253,0
3905,"5bp0J","CONTROL",10,"C",115,179,0.642458100558659
3905,"5bp0J","CONTROL",10,"N",29,179,0.162011173184358
3905,"5bp0J","CONTROL",10,"O",33,179,0.184357541899441
3905,"5bp0J","CONTROL",10,"P",0,179,0
3905,"5bp0J","CONTROL",10,"S",2,179,0.0111731843575419
3906,"5bq2D","CONTROL",10,"C",336,538,0.62453531598513
3906,"5bq2D","CONTROL",10,"N",103,538,0.191449814126394
3906,"5bq2D","CONTROL",10,"O",97,538,0.180297397769517
3906,"5bq2D","CONTROL",10,"P",0,538,0
3906,"5bq2D","CONTROL",10,"S",2,538,0.00371747211895911
3907,"5btxA","CONTROL",10,"C",144,223,0.645739910313901
3907,"5btxA","CONTROL",10,"N",37,223,0.165919282511211
3907,"5btxA","CONTROL",10,"O",40,223,0.179372197309417
3907,"5btxA","CONTROL",10,"P",0,223,0
3907,"5btxA","CONTROL",10,"S",2,223,0.00896860986547085
3908,"5bugD","CONTROL",10,"C",165,271,0.608856088560886
3908,"5bugD","CONTROL",10,"N",54,271,0.199261992619926
3908,"5bugD","CONTROL",10,"O",48,271,0.177121771217712
3908,"5bugD","CONTROL",10,"P",0,271,0
3908,"5bugD","CONTROL",10,"S",4,271,0.014760147601476
3909,"5bx2A","CONTROL",10,"C",243,383,0.634464751958224
3909,"5bx2A","CONTROL",10,"N",61,383,0.159268929503916
3909,"5bx2A","CONTROL",10,"O",76,383,0.198433420365535
3909,"5bx2A","CONTROL",10,"P",0,383,0
3909,"5bx2A","CONTROL",10,"S",3,383,0.00783289817232376
3910,"5by6B","CONTROL",10,"C",204,320,0.6375
3910,"5by6B","CONTROL",10,"N",57,320,0.178125
3910,"5by6B","CONTROL",10,"O",55,320,0.171875
3910,"5by6B","CONTROL",10,"P",0,320,0
3910,"5by6B","CONTROL",10,"S",4,320,0.0125
3911,"5c11A","CONTROL",10,"C",171,275,0.621818181818182
3911,"5c11A","CONTROL",10,"N",46,275,0.167272727272727
3911,"5c11A","CONTROL",10,"O",54,275,0.196363636363636
3911,"5c11A","CONTROL",10,"P",0,275,0
3911,"5c11A","CONTROL",10,"S",4,275,0.0145454545454545
3912,"5c17A","CONTROL",10,"C",218,318,0.685534591194969
3912,"5c17A","CONTROL",10,"N",45,318,0.141509433962264
3912,"5c17A","CONTROL",10,"O",51,318,0.160377358490566
3912,"5c17A","CONTROL",10,"P",0,318,0
3912,"5c17A","CONTROL",10,"S",4,318,0.0125786163522013
3913,"5c3pC","CONTROL",10,"C",216,340,0.635294117647059
3913,"5c3pC","CONTROL",10,"N",64,340,0.188235294117647
3913,"5c3pC","CONTROL",10,"O",60,340,0.176470588235294
3913,"5c3pC","CONTROL",10,"P",0,340,0
3913,"5c3pC","CONTROL",10,"S",0,340,0
3914,"5c3pD","CONTROL",10,"C",211,335,0.629850746268657
3914,"5c3pD","CONTROL",10,"N",63,335,0.188059701492537
3914,"5c3pD","CONTROL",10,"O",61,335,0.182089552238806
3914,"5c3pD","CONTROL",10,"P",0,335,0
3914,"5c3pD","CONTROL",10,"S",0,335,0
3915,"5c5tA","CONTROL",10,"C",232,357,0.649859943977591
3915,"5c5tA","CONTROL",10,"N",63,357,0.176470588235294
3915,"5c5tA","CONTROL",10,"O",61,357,0.170868347338936
3915,"5c5tA","CONTROL",10,"P",0,357,0
3915,"5c5tA","CONTROL",10,"S",1,357,0.00280112044817927
3916,"5c6vC","CONTROL",10,"C",262,392,0.668367346938776
3916,"5c6vC","CONTROL",10,"N",63,392,0.160714285714286
3916,"5c6vC","CONTROL",10,"O",66,392,0.168367346938776
3916,"5c6vC","CONTROL",10,"P",0,392,0
3916,"5c6vC","CONTROL",10,"S",1,392,0.00255102040816327
3917,"5c8tB","CONTROL",10,"C",253,391,0.647058823529412
3917,"5c8tB","CONTROL",10,"N",68,391,0.173913043478261
3917,"5c8tB","CONTROL",10,"O",65,391,0.166240409207161
3917,"5c8tB","CONTROL",10,"P",0,391,0
3917,"5c8tB","CONTROL",10,"S",5,391,0.0127877237851662
3918,"5c90G","CONTROL",10,"C",194,304,0.638157894736842
3918,"5c90G","CONTROL",10,"N",53,304,0.174342105263158
3918,"5c90G","CONTROL",10,"O",55,304,0.180921052631579
3918,"5c90G","CONTROL",10,"P",0,304,0
3918,"5c90G","CONTROL",10,"S",2,304,0.00657894736842105
3919,"5c9aA","CONTROL",10,"C",329,489,0.67280163599182
3919,"5c9aA","CONTROL",10,"N",72,489,0.147239263803681
3919,"5c9aA","CONTROL",10,"O",79,489,0.161554192229039
3919,"5c9aA","CONTROL",10,"P",0,489,0
3919,"5c9aA","CONTROL",10,"S",9,489,0.0184049079754601
3920,"5ce8A","CONTROL",10,"C",250,401,0.623441396508728
3920,"5ce8A","CONTROL",10,"N",74,401,0.184538653366584
3920,"5ce8A","CONTROL",10,"O",76,401,0.189526184538653
3920,"5ce8A","CONTROL",10,"P",0,401,0
3920,"5ce8A","CONTROL",10,"S",1,401,0.00249376558603491
3921,"5cedA","CONTROL",10,"C",169,279,0.60573476702509
3921,"5cedA","CONTROL",10,"N",53,279,0.189964157706093
3921,"5cedA","CONTROL",10,"O",57,279,0.204301075268817
3921,"5cedA","CONTROL",10,"P",0,279,0
3921,"5cedA","CONTROL",10,"S",0,279,0
3922,"5cfyB","CONTROL",10,"C",188,317,0.593059936908517
3922,"5cfyB","CONTROL",10,"N",57,317,0.17981072555205
3922,"5cfyB","CONTROL",10,"O",70,317,0.220820189274448
3922,"5cfyB","CONTROL",10,"P",0,317,0
3922,"5cfyB","CONTROL",10,"S",2,317,0.00630914826498423
3923,"5cg0B","CONTROL",10,"C",206,330,0.624242424242424
3923,"5cg0B","CONTROL",10,"N",59,330,0.178787878787879
3923,"5cg0B","CONTROL",10,"O",65,330,0.196969696969697
3923,"5cg0B","CONTROL",10,"P",0,330,0
3923,"5cg0B","CONTROL",10,"S",0,330,0
3924,"5cg5A","CONTROL",10,"C",240,397,0.604534005037783
3924,"5cg5A","CONTROL",10,"N",71,397,0.178841309823678
3924,"5cg5A","CONTROL",10,"O",84,397,0.211586901763224
3924,"5cg5A","CONTROL",10,"P",0,397,0
3924,"5cg5A","CONTROL",10,"S",2,397,0.00503778337531486
3925,"5cg9A","CONTROL",10,"C",225,350,0.642857142857143
3925,"5cg9A","CONTROL",10,"N",67,350,0.191428571428571
3925,"5cg9A","CONTROL",10,"O",58,350,0.165714285714286
3925,"5cg9A","CONTROL",10,"P",0,350,0
3925,"5cg9A","CONTROL",10,"S",0,350,0
3926,"5cimB","CONTROL",10,"C",290,447,0.648769574944072
3926,"5cimB","CONTROL",10,"N",73,447,0.16331096196868
3926,"5cimB","CONTROL",10,"O",84,447,0.187919463087248
3926,"5cimB","CONTROL",10,"P",0,447,0
3926,"5cimB","CONTROL",10,"S",0,447,0
3927,"5cltC","CONTROL",10,"C",171,264,0.647727272727273
3927,"5cltC","CONTROL",10,"N",43,264,0.162878787878788
3927,"5cltC","CONTROL",10,"O",49,264,0.185606060606061
3927,"5cltC","CONTROL",10,"P",0,264,0
3927,"5cltC","CONTROL",10,"S",1,264,0.00378787878787879
3928,"5cniB","CONTROL",10,"C",234,371,0.630727762803235
3928,"5cniB","CONTROL",10,"N",61,371,0.164420485175202
3928,"5cniB","CONTROL",10,"O",76,371,0.204851752021563
3928,"5cniB","CONTROL",10,"P",0,371,0
3928,"5cniB","CONTROL",10,"S",0,371,0
3929,"5cr2B","CONTROL",10,"C",134,223,0.600896860986547
3929,"5cr2B","CONTROL",10,"N",45,223,0.201793721973094
3929,"5cr2B","CONTROL",10,"O",43,223,0.192825112107623
3929,"5cr2B","CONTROL",10,"P",0,223,0
3929,"5cr2B","CONTROL",10,"S",1,223,0.00448430493273543
3930,"5crwA","CONTROL",10,"C",146,221,0.660633484162896
3930,"5crwA","CONTROL",10,"N",32,221,0.144796380090498
3930,"5crwA","CONTROL",10,"O",42,221,0.190045248868778
3930,"5crwA","CONTROL",10,"P",0,221,0
3930,"5crwA","CONTROL",10,"S",1,221,0.00452488687782805
3931,"5ct2A","CONTROL",10,"C",136,213,0.63849765258216
3931,"5ct2A","CONTROL",10,"N",38,213,0.178403755868545
3931,"5ct2A","CONTROL",10,"O",36,213,0.169014084507042
3931,"5ct2A","CONTROL",10,"P",0,213,0
3931,"5ct2A","CONTROL",10,"S",3,213,0.0140845070422535
3932,"5ctoA","CONTROL",10,"C",254,397,0.639798488664987
3932,"5ctoA","CONTROL",10,"N",69,397,0.173803526448363
3932,"5ctoA","CONTROL",10,"O",73,397,0.183879093198992
3932,"5ctoA","CONTROL",10,"P",0,397,0
3932,"5ctoA","CONTROL",10,"S",1,397,0.00251889168765743
3933,"5cuyD","CONTROL",10,"C",139,227,0.612334801762115
3933,"5cuyD","CONTROL",10,"N",48,227,0.211453744493392
3933,"5cuyD","CONTROL",10,"O",37,227,0.162995594713656
3933,"5cuyD","CONTROL",10,"P",0,227,0
3933,"5cuyD","CONTROL",10,"S",3,227,0.013215859030837
3934,"5cvvB","CONTROL",10,"C",310,470,0.659574468085106
3934,"5cvvB","CONTROL",10,"N",76,470,0.161702127659574
3934,"5cvvB","CONTROL",10,"O",78,470,0.165957446808511
3934,"5cvvB","CONTROL",10,"P",0,470,0
3934,"5cvvB","CONTROL",10,"S",6,470,0.0127659574468085
3935,"5czyA","CONTROL",10,"C",267,418,0.638755980861244
3935,"5czyA","CONTROL",10,"N",69,418,0.165071770334928
3935,"5czyA","CONTROL",10,"O",81,418,0.19377990430622
3935,"5czyA","CONTROL",10,"P",0,418,0
3935,"5czyA","CONTROL",10,"S",1,418,0.00239234449760766
3936,"5d2kA","CONTROL",10,"C",243,399,0.609022556390977
3936,"5d2kA","CONTROL",10,"N",71,399,0.177944862155388
3936,"5d2kA","CONTROL",10,"O",81,399,0.203007518796992
3936,"5d2kA","CONTROL",10,"P",0,399,0
3936,"5d2kA","CONTROL",10,"S",4,399,0.0100250626566416
3937,"5d9yA","CONTROL",10,"C",219,358,0.611731843575419
3937,"5d9yA","CONTROL",10,"N",70,358,0.195530726256983
3937,"5d9yA","CONTROL",10,"O",66,358,0.184357541899441
3937,"5d9yA","CONTROL",10,"P",0,358,0
3937,"5d9yA","CONTROL",10,"S",3,358,0.00837988826815642
3938,"5dapA","CONTROL",10,"C",214,346,0.61849710982659
3938,"5dapA","CONTROL",10,"N",67,346,0.19364161849711
3938,"5dapA","CONTROL",10,"O",60,346,0.173410404624277
3938,"5dapA","CONTROL",10,"P",0,346,0
3938,"5dapA","CONTROL",10,"S",5,346,0.0144508670520231
3939,"5dgrA","CONTROL",10,"C",251,385,0.651948051948052
3939,"5dgrA","CONTROL",10,"N",62,385,0.161038961038961
3939,"5dgrA","CONTROL",10,"O",70,385,0.181818181818182
3939,"5dgrA","CONTROL",10,"P",0,385,0
3939,"5dgrA","CONTROL",10,"S",2,385,0.0051948051948052
3940,"5dj4E","CONTROL",10,"C",186,280,0.664285714285714
3940,"5dj4E","CONTROL",10,"N",49,280,0.175
3940,"5dj4E","CONTROL",10,"O",43,280,0.153571428571429
3940,"5dj4E","CONTROL",10,"P",0,280,0
3940,"5dj4E","CONTROL",10,"S",2,280,0.00714285714285714
3941,"5dk6A","CONTROL",10,"C",175,277,0.631768953068592
3941,"5dk6A","CONTROL",10,"N",46,277,0.166064981949458
3941,"5dk6A","CONTROL",10,"O",56,277,0.202166064981949
3941,"5dk6A","CONTROL",10,"P",0,277,0
3941,"5dk6A","CONTROL",10,"S",0,277,0
3942,"5dkiY","CONTROL",10,"C",168,286,0.587412587412587
3942,"5dkiY","CONTROL",10,"N",51,286,0.178321678321678
3942,"5dkiY","CONTROL",10,"O",65,286,0.227272727272727
3942,"5dkiY","CONTROL",10,"P",0,286,0
3942,"5dkiY","CONTROL",10,"S",2,286,0.00699300699300699
3943,"5dkxA","CONTROL",10,"C",231,353,0.654390934844193
3943,"5dkxA","CONTROL",10,"N",59,353,0.1671388101983
3943,"5dkxA","CONTROL",10,"O",60,353,0.169971671388102
3943,"5dkxA","CONTROL",10,"P",0,353,0
3943,"5dkxA","CONTROL",10,"S",3,353,0.0084985835694051
3944,"5dlbA","CONTROL",10,"C",165,244,0.676229508196721
3944,"5dlbA","CONTROL",10,"N",38,244,0.155737704918033
3944,"5dlbA","CONTROL",10,"O",39,244,0.15983606557377
3944,"5dlbA","CONTROL",10,"P",0,244,0
3944,"5dlbA","CONTROL",10,"S",2,244,0.00819672131147541
3945,"5dqrD","CONTROL",10,"C",438,682,0.642228739002933
3945,"5dqrD","CONTROL",10,"N",115,682,0.168621700879765
3945,"5dqrD","CONTROL",10,"O",120,682,0.175953079178886
3945,"5dqrD","CONTROL",10,"P",0,682,0
3945,"5dqrD","CONTROL",10,"S",9,682,0.0131964809384164
3946,"5dstG","CONTROL",10,"C",274,439,0.624145785876993
3946,"5dstG","CONTROL",10,"N",76,439,0.173120728929385
3946,"5dstG","CONTROL",10,"O",84,439,0.191343963553531
3946,"5dstG","CONTROL",10,"P",0,439,0
3946,"5dstG","CONTROL",10,"S",5,439,0.0113895216400911
3947,"5duaA","CONTROL",10,"C",200,337,0.593471810089021
3947,"5duaA","CONTROL",10,"N",63,337,0.186943620178042
3947,"5duaA","CONTROL",10,"O",70,337,0.207715133531157
3947,"5duaA","CONTROL",10,"P",0,337,0
3947,"5duaA","CONTROL",10,"S",4,337,0.0118694362017804
3948,"5dulA","CONTROL",10,"C",275,450,0.611111111111111
3948,"5dulA","CONTROL",10,"N",77,450,0.171111111111111
3948,"5dulA","CONTROL",10,"O",93,450,0.206666666666667
3948,"5dulA","CONTROL",10,"P",0,450,0
3948,"5dulA","CONTROL",10,"S",5,450,0.0111111111111111
3949,"5dulC","CONTROL",10,"C",270,441,0.612244897959184
3949,"5dulC","CONTROL",10,"N",76,441,0.17233560090703
3949,"5dulC","CONTROL",10,"O",90,441,0.204081632653061
3949,"5dulC","CONTROL",10,"P",0,441,0
3949,"5dulC","CONTROL",10,"S",5,441,0.0113378684807256
3950,"5dw5B","CONTROL",10,"C",359,573,0.62652705061082
3950,"5dw5B","CONTROL",10,"N",95,573,0.165794066317627
3950,"5dw5B","CONTROL",10,"O",114,573,0.198952879581152
3950,"5dw5B","CONTROL",10,"P",0,573,0
3950,"5dw5B","CONTROL",10,"S",5,573,0.0087260034904014
3951,"5dw8A","CONTROL",10,"C",203,319,0.636363636363636
3951,"5dw8A","CONTROL",10,"N",54,319,0.169278996865204
3951,"5dw8A","CONTROL",10,"O",62,319,0.19435736677116
3951,"5dw8A","CONTROL",10,"P",0,319,0
3951,"5dw8A","CONTROL",10,"S",0,319,0
3952,"5dwfD","CONTROL",10,"C",88,148,0.594594594594595
3952,"5dwfD","CONTROL",10,"N",27,148,0.182432432432432
3952,"5dwfD","CONTROL",10,"O",32,148,0.216216216216216
3952,"5dwfD","CONTROL",10,"P",0,148,0
3952,"5dwfD","CONTROL",10,"S",1,148,0.00675675675675676
3953,"5dwnC","CONTROL",10,"C",295,453,0.65121412803532
3953,"5dwnC","CONTROL",10,"N",76,453,0.167770419426049
3953,"5dwnC","CONTROL",10,"O",81,453,0.178807947019868
3953,"5dwnC","CONTROL",10,"P",0,453,0
3953,"5dwnC","CONTROL",10,"S",1,453,0.0022075055187638
3954,"5dz2A","CONTROL",10,"C",249,387,0.643410852713178
3954,"5dz2A","CONTROL",10,"N",66,387,0.170542635658915
3954,"5dz2A","CONTROL",10,"O",72,387,0.186046511627907
3954,"5dz2A","CONTROL",10,"P",0,387,0
3954,"5dz2A","CONTROL",10,"S",0,387,0
3955,"5dzkC","CONTROL",10,"C",192,301,0.637873754152824
3955,"5dzkC","CONTROL",10,"N",49,301,0.162790697674419
3955,"5dzkC","CONTROL",10,"O",57,301,0.18936877076412
3955,"5dzkC","CONTROL",10,"P",0,301,0
3955,"5dzkC","CONTROL",10,"S",3,301,0.00996677740863787
3956,"5dzkS","CONTROL",10,"C",213,338,0.630177514792899
3956,"5dzkS","CONTROL",10,"N",57,338,0.168639053254438
3956,"5dzkS","CONTROL",10,"O",64,338,0.189349112426035
3956,"5dzkS","CONTROL",10,"P",0,338,0
3956,"5dzkS","CONTROL",10,"S",4,338,0.0118343195266272
3957,"5e3aA","CONTROL",10,"C",393,620,0.633870967741936
3957,"5e3aA","CONTROL",10,"N",109,620,0.175806451612903
3957,"5e3aA","CONTROL",10,"O",116,620,0.187096774193548
3957,"5e3aA","CONTROL",10,"P",0,620,0
3957,"5e3aA","CONTROL",10,"S",2,620,0.0032258064516129
3958,"5e4wD","CONTROL",10,"C",251,410,0.61219512195122
3958,"5e4wD","CONTROL",10,"N",64,410,0.15609756097561
3958,"5e4wD","CONTROL",10,"O",94,410,0.229268292682927
3958,"5e4wD","CONTROL",10,"P",0,410,0
3958,"5e4wD","CONTROL",10,"S",1,410,0.0024390243902439
3959,"5e6oB","CONTROL",10,"C",221,341,0.648093841642229
3959,"5e6oB","CONTROL",10,"N",60,341,0.175953079178886
3959,"5e6oB","CONTROL",10,"O",56,341,0.164222873900293
3959,"5e6oB","CONTROL",10,"P",0,341,0
3959,"5e6oB","CONTROL",10,"S",4,341,0.0117302052785924
3960,"5ec5F","CONTROL",10,"C",103,166,0.620481927710843
3960,"5ec5F","CONTROL",10,"N",28,166,0.168674698795181
3960,"5ec5F","CONTROL",10,"O",33,166,0.198795180722892
3960,"5ec5F","CONTROL",10,"P",0,166,0
3960,"5ec5F","CONTROL",10,"S",2,166,0.0120481927710843
3961,"5eegB","CONTROL",10,"C",306,458,0.668122270742358
3961,"5eegB","CONTROL",10,"N",70,458,0.152838427947598
3961,"5eegB","CONTROL",10,"O",79,458,0.172489082969432
3961,"5eegB","CONTROL",10,"P",0,458,0
3961,"5eegB","CONTROL",10,"S",3,458,0.00655021834061135
3962,"5elhB","CONTROL",10,"C",216,343,0.629737609329446
3962,"5elhB","CONTROL",10,"N",68,343,0.198250728862974
3962,"5elhB","CONTROL",10,"O",56,343,0.163265306122449
3962,"5elhB","CONTROL",10,"P",0,343,0
3962,"5elhB","CONTROL",10,"S",3,343,0.0087463556851312
3963,"5ep9B","CONTROL",10,"C",218,348,0.626436781609195
3963,"5ep9B","CONTROL",10,"N",65,348,0.186781609195402
3963,"5ep9B","CONTROL",10,"O",62,348,0.17816091954023
3963,"5ep9B","CONTROL",10,"P",0,348,0
3963,"5ep9B","CONTROL",10,"S",3,348,0.00862068965517241
3964,"5epaF","CONTROL",10,"C",235,367,0.640326975476839
3964,"5epaF","CONTROL",10,"N",69,367,0.188010899182561
3964,"5epaF","CONTROL",10,"O",61,367,0.166212534059946
3964,"5epaF","CONTROL",10,"P",0,367,0
3964,"5epaF","CONTROL",10,"S",2,367,0.00544959128065395
3965,"5eq9B","CONTROL",10,"C",199,307,0.648208469055375
3965,"5eq9B","CONTROL",10,"N",46,307,0.149837133550489
3965,"5eq9B","CONTROL",10,"O",60,307,0.195439739413681
3965,"5eq9B","CONTROL",10,"P",0,307,0
3965,"5eq9B","CONTROL",10,"S",2,307,0.00651465798045603
3966,"5eqiA","CONTROL",10,"C",324,503,0.644135188866799
3966,"5eqiA","CONTROL",10,"N",84,503,0.166998011928429
3966,"5eqiA","CONTROL",10,"O",94,503,0.186878727634195
3966,"5eqiA","CONTROL",10,"P",0,503,0
3966,"5eqiA","CONTROL",10,"S",1,503,0.00198807157057654
3967,"5er8A","CONTROL",10,"C",261,413,0.631961259079903
3967,"5er8A","CONTROL",10,"N",70,413,0.169491525423729
3967,"5er8A","CONTROL",10,"O",80,413,0.193704600484261
3967,"5er8A","CONTROL",10,"P",0,413,0
3967,"5er8A","CONTROL",10,"S",2,413,0.00484261501210654
3968,"5ermB","CONTROL",10,"C",231,364,0.634615384615385
3968,"5ermB","CONTROL",10,"N",61,364,0.167582417582418
3968,"5ermB","CONTROL",10,"O",71,364,0.195054945054945
3968,"5ermB","CONTROL",10,"P",0,364,0
3968,"5ermB","CONTROL",10,"S",1,364,0.00274725274725275
3969,"5eroC","CONTROL",10,"C",202,333,0.606606606606607
3969,"5eroC","CONTROL",10,"N",60,333,0.18018018018018
3969,"5eroC","CONTROL",10,"O",70,333,0.21021021021021
3969,"5eroC","CONTROL",10,"P",0,333,0
3969,"5eroC","CONTROL",10,"S",1,333,0.003003003003003
3970,"5exdL","CONTROL",10,"C",215,343,0.626822157434402
3970,"5exdL","CONTROL",10,"N",59,343,0.17201166180758
3970,"5exdL","CONTROL",10,"O",64,343,0.186588921282799
3970,"5exdL","CONTROL",10,"P",0,343,0
3970,"5exdL","CONTROL",10,"S",5,343,0.0145772594752187
3971,"5eyhA","CONTROL",10,"C",268,424,0.632075471698113
3971,"5eyhA","CONTROL",10,"N",76,424,0.179245283018868
3971,"5eyhA","CONTROL",10,"O",77,424,0.181603773584906
3971,"5eyhA","CONTROL",10,"P",0,424,0
3971,"5eyhA","CONTROL",10,"S",3,424,0.00707547169811321
3972,"5ezsA","CONTROL",10,"C",197,307,0.641693811074919
3972,"5ezsA","CONTROL",10,"N",54,307,0.175895765472313
3972,"5ezsA","CONTROL",10,"O",54,307,0.175895765472313
3972,"5ezsA","CONTROL",10,"P",0,307,0
3972,"5ezsA","CONTROL",10,"S",2,307,0.00651465798045603
3973,"5f2tB","CONTROL",10,"C",348,506,0.687747035573123
3973,"5f2tB","CONTROL",10,"N",81,506,0.160079051383399
3973,"5f2tB","CONTROL",10,"O",72,506,0.142292490118577
3973,"5f2tB","CONTROL",10,"P",0,506,0
3973,"5f2tB","CONTROL",10,"S",5,506,0.00988142292490119
3974,"5f4zC","CONTROL",10,"C",201,295,0.68135593220339
3974,"5f4zC","CONTROL",10,"N",48,295,0.16271186440678
3974,"5f4zC","CONTROL",10,"O",46,295,0.155932203389831
3974,"5f4zC","CONTROL",10,"P",0,295,0
3974,"5f4zC","CONTROL",10,"S",0,295,0
3975,"5f6uA","CONTROL",10,"C",128,192,0.666666666666667
3975,"5f6uA","CONTROL",10,"N",32,192,0.166666666666667
3975,"5f6uA","CONTROL",10,"O",31,192,0.161458333333333
3975,"5f6uA","CONTROL",10,"P",0,192,0
3975,"5f6uA","CONTROL",10,"S",1,192,0.00520833333333333
3976,"5fc3B","CONTROL",10,"C",282,452,0.623893805309734
3976,"5fc3B","CONTROL",10,"N",84,452,0.185840707964602
3976,"5fc3B","CONTROL",10,"O",81,452,0.179203539823009
3976,"5fc3B","CONTROL",10,"P",0,452,0
3976,"5fc3B","CONTROL",10,"S",5,452,0.0110619469026549
3977,"5fd8B","CONTROL",10,"C",225,373,0.603217158176944
3977,"5fd8B","CONTROL",10,"N",65,373,0.17426273458445
3977,"5fd8B","CONTROL",10,"O",82,373,0.219839142091153
3977,"5fd8B","CONTROL",10,"P",0,373,0
3977,"5fd8B","CONTROL",10,"S",1,373,0.00268096514745308
3978,"5fjwF","CONTROL",10,"C",222,347,0.639769452449568
3978,"5fjwF","CONTROL",10,"N",67,347,0.193083573487032
3978,"5fjwF","CONTROL",10,"O",58,347,0.167146974063401
3978,"5fjwF","CONTROL",10,"P",0,347,0
3978,"5fjwF","CONTROL",10,"S",0,347,0
3979,"5fmgI","CONTROL",10,"C",189,315,0.6
3979,"5fmgI","CONTROL",10,"N",56,315,0.177777777777778
3979,"5fmgI","CONTROL",10,"O",68,315,0.215873015873016
3979,"5fmgI","CONTROL",10,"P",0,315,0
3979,"5fmgI","CONTROL",10,"S",2,315,0.00634920634920635
3980,"5fobA","CONTROL",10,"C",166,255,0.650980392156863
3980,"5fobA","CONTROL",10,"N",40,255,0.156862745098039
3980,"5fobA","CONTROL",10,"O",48,255,0.188235294117647
3980,"5fobA","CONTROL",10,"P",0,255,0
3980,"5fobA","CONTROL",10,"S",1,255,0.00392156862745098
3981,"5fqhA","CONTROL",10,"C",236,372,0.634408602150538
3981,"5fqhA","CONTROL",10,"N",63,372,0.169354838709677
3981,"5fqhA","CONTROL",10,"O",71,372,0.190860215053763
3981,"5fqhA","CONTROL",10,"P",0,372,0
3981,"5fqhA","CONTROL",10,"S",2,372,0.00537634408602151
3982,"5fusB","CONTROL",10,"C",299,443,0.674943566591422
3982,"5fusB","CONTROL",10,"N",64,443,0.144469525959368
3982,"5fusB","CONTROL",10,"O",75,443,0.169300225733634
3982,"5fusB","CONTROL",10,"P",0,443,0
3982,"5fusB","CONTROL",10,"S",5,443,0.0112866817155756
3983,"5fy7A","CONTROL",10,"C",207,331,0.625377643504532
3983,"5fy7A","CONTROL",10,"N",59,331,0.178247734138973
3983,"5fy7A","CONTROL",10,"O",63,331,0.190332326283988
3983,"5fy7A","CONTROL",10,"P",0,331,0
3983,"5fy7A","CONTROL",10,"S",2,331,0.00604229607250755
3984,"5fy8A","CONTROL",10,"C",235,379,0.620052770448549
3984,"5fy8A","CONTROL",10,"N",65,379,0.171503957783641
3984,"5fy8A","CONTROL",10,"O",78,379,0.205804749340369
3984,"5fy8A","CONTROL",10,"P",0,379,0
3984,"5fy8A","CONTROL",10,"S",1,379,0.00263852242744063
3985,"5fyzA","CONTROL",10,"C",219,360,0.608333333333333
3985,"5fyzA","CONTROL",10,"N",70,360,0.194444444444444
3985,"5fyzA","CONTROL",10,"O",70,360,0.194444444444444
3985,"5fyzA","CONTROL",10,"P",0,360,0
3985,"5fyzA","CONTROL",10,"S",1,360,0.00277777777777778
3986,"5hguA","CONTROL",10,"C",308,449,0.685968819599109
3986,"5hguA","CONTROL",10,"N",65,449,0.144766146993318
3986,"5hguA","CONTROL",10,"O",73,449,0.162583518930958
3986,"5hguA","CONTROL",10,"P",0,449,0
3986,"5hguA","CONTROL",10,"S",3,449,0.0066815144766147
3987,"5hh7A","CONTROL",10,"C",294,467,0.629550321199143
3987,"5hh7A","CONTROL",10,"N",77,467,0.164882226980728
3987,"5hh7A","CONTROL",10,"O",91,467,0.194860813704497
3987,"5hh7A","CONTROL",10,"P",0,467,0
3987,"5hh7A","CONTROL",10,"S",5,467,0.0107066381156317
3988,"5hkpA","CONTROL",10,"C",264,431,0.612529002320186
3988,"5hkpA","CONTROL",10,"N",88,431,0.204176334106729
3988,"5hkpA","CONTROL",10,"O",76,431,0.176334106728538
3988,"5hkpA","CONTROL",10,"P",0,431,0
3988,"5hkpA","CONTROL",10,"S",3,431,0.00696055684454756
3989,"5hq8A","CONTROL",10,"C",243,389,0.624678663239075
3989,"5hq8A","CONTROL",10,"N",64,389,0.16452442159383
3989,"5hq8A","CONTROL",10,"O",76,389,0.195372750642674
3989,"5hq8A","CONTROL",10,"P",0,389,0
3989,"5hq8A","CONTROL",10,"S",6,389,0.0154241645244216
3990,"5hr4A","CONTROL",10,"C",356,535,0.665420560747664
3990,"5hr4A","CONTROL",10,"N",88,535,0.164485981308411
3990,"5hr4A","CONTROL",10,"O",87,535,0.162616822429907
3990,"5hr4A","CONTROL",10,"P",0,535,0
3990,"5hr4A","CONTROL",10,"S",4,535,0.00747663551401869
3991,"5hv4A","CONTROL",10,"C",227,344,0.659883720930233
3991,"5hv4A","CONTROL",10,"N",57,344,0.165697674418605
3991,"5hv4A","CONTROL",10,"O",60,344,0.174418604651163
3991,"5hv4A","CONTROL",10,"P",0,344,0
3991,"5hv4A","CONTROL",10,"S",0,344,0
3992,"5hyoA","CONTROL",10,"C",158,252,0.626984126984127
3992,"5hyoA","CONTROL",10,"N",42,252,0.166666666666667
3992,"5hyoA","CONTROL",10,"O",50,252,0.198412698412698
3992,"5hyoA","CONTROL",10,"P",0,252,0
3992,"5hyoA","CONTROL",10,"S",2,252,0.00793650793650794
3993,"5i2bA","CONTROL",10,"C",274,421,0.65083135391924
3993,"5i2bA","CONTROL",10,"N",78,421,0.185273159144893
3993,"5i2bA","CONTROL",10,"O",67,421,0.159144893111639
3993,"5i2bA","CONTROL",10,"P",0,421,0
3993,"5i2bA","CONTROL",10,"S",2,421,0.00475059382422803
3994,"5i70A","CONTROL",10,"C",323,501,0.644710578842315
3994,"5i70A","CONTROL",10,"N",79,501,0.157684630738523
3994,"5i70A","CONTROL",10,"O",96,501,0.191616766467066
3994,"5i70A","CONTROL",10,"P",0,501,0
3994,"5i70A","CONTROL",10,"S",3,501,0.00598802395209581
3995,"5i91A","CONTROL",10,"C",233,355,0.656338028169014
3995,"5i91A","CONTROL",10,"N",64,355,0.180281690140845
3995,"5i91A","CONTROL",10,"O",56,355,0.157746478873239
3995,"5i91A","CONTROL",10,"P",0,355,0
3995,"5i91A","CONTROL",10,"S",2,355,0.00563380281690141
3996,"5ij7A","CONTROL",10,"C",251,377,0.6657824933687
3996,"5ij7A","CONTROL",10,"N",61,377,0.161803713527851
3996,"5ij7A","CONTROL",10,"O",62,377,0.164456233421751
3996,"5ij7A","CONTROL",10,"P",0,377,0
3996,"5ij7A","CONTROL",10,"S",3,377,0.00795755968169761
3997,"5im2A","CONTROL",10,"C",225,343,0.65597667638484
3997,"5im2A","CONTROL",10,"N",57,343,0.166180758017493
3997,"5im2A","CONTROL",10,"O",58,343,0.169096209912536
3997,"5im2A","CONTROL",10,"P",0,343,0
3997,"5im2A","CONTROL",10,"S",3,343,0.0087463556851312
3998,"5iwsA","CONTROL",10,"C",284,434,0.654377880184332
3998,"5iwsA","CONTROL",10,"N",75,434,0.172811059907834
3998,"5iwsA","CONTROL",10,"O",75,434,0.172811059907834
3998,"5iwsA","CONTROL",10,"P",0,434,0
3998,"5iwsA","CONTROL",10,"S",0,434,0
3999,"5jd4E","CONTROL",10,"C",208,313,0.664536741214057
3999,"5jd4E","CONTROL",10,"N",47,313,0.150159744408946
3999,"5jd4E","CONTROL",10,"O",57,313,0.182108626198083
3999,"5jd4E","CONTROL",10,"P",0,313,0
3999,"5jd4E","CONTROL",10,"S",1,313,0.00319488817891374
4000,"5jjuA","CONTROL",10,"C",310,519,0.597302504816956
4000,"5jjuA","CONTROL",10,"N",104,519,0.200385356454721
4000,"5jjuA","CONTROL",10,"O",103,519,0.198458574181118
4000,"5jjuA","CONTROL",10,"P",0,519,0
4000,"5jjuA","CONTROL",10,"S",2,519,0.00385356454720617
4001,"5jp4A","CONTROL",10,"C",180,277,0.649819494584838
4001,"5jp4A","CONTROL",10,"N",50,277,0.180505415162455
4001,"5jp4A","CONTROL",10,"O",47,277,0.169675090252708
4001,"5jp4A","CONTROL",10,"P",0,277,0
4001,"5jp4A","CONTROL",10,"S",0,277,0
4002,"7acnA","CONTROL",10,"C",232,391,0.593350383631714
4002,"7acnA","CONTROL",10,"N",84,391,0.214833759590793
4002,"7acnA","CONTROL",10,"O",72,391,0.184143222506394
4002,"7acnA","CONTROL",10,"P",0,391,0
4002,"7acnA","CONTROL",10,"S",3,391,0.00767263427109974
