"site_index","site_id","label","threshold","element","count","total_atoms","proportion"
1,"12as","AMP",10,"C",281,447,0.628635346756152
1,"12as","AMP",10,"N",82,447,0.1834451901566
1,"12as","AMP",10,"O",81,447,0.181208053691275
1,"12as","AMP",10,"P",0,447,0
1,"12as","AMP",10,"S",3,447,0.00671140939597315
2,"1aer","AMP",10,"C",185,286,0.646853146853147
2,"1aer","AMP",10,"N",52,286,0.181818181818182
2,"1aer","AMP",10,"O",49,286,0.171328671328671
2,"1aer","AMP",10,"P",0,286,0
2,"1aer","AMP",10,"S",0,286,0
3,"1amu","AMP",10,"C",264,414,0.63768115942029
3,"1amu","AMP",10,"N",67,414,0.161835748792271
3,"1amu","AMP",10,"O",82,414,0.198067632850242
3,"1amu","AMP",10,"P",0,414,0
3,"1amu","AMP",10,"S",1,414,0.00241545893719807
4,"1ank","AMP",10,"C",261,411,0.635036496350365
4,"1ank","AMP",10,"N",75,411,0.182481751824818
4,"1ank","AMP",10,"O",71,411,0.172749391727494
4,"1ank","AMP",10,"P",0,411,0
4,"1ank","AMP",10,"S",4,411,0.0097323600973236
5,"1c0a","AMP",10,"C",187,272,0.6875
5,"1c0a","AMP",10,"N",45,272,0.165441176470588
5,"1c0a","AMP",10,"O",38,272,0.139705882352941
5,"1c0a","AMP",10,"P",0,272,0
5,"1c0a","AMP",10,"S",2,272,0.00735294117647059
6,"1cja","AMP",10,"C",223,357,0.624649859943978
6,"1cja","AMP",10,"N",60,357,0.168067226890756
6,"1cja","AMP",10,"O",72,357,0.201680672268908
6,"1cja","AMP",10,"P",0,357,0
6,"1cja","AMP",10,"S",2,357,0.00560224089635854
7,"1ct9","AMP",10,"C",280,436,0.642201834862385
7,"1ct9","AMP",10,"N",71,436,0.162844036697248
7,"1ct9","AMP",10,"O",81,436,0.185779816513761
7,"1ct9","AMP",10,"P",0,436,0
7,"1ct9","AMP",10,"S",4,436,0.0091743119266055
8,"1del","AMP",10,"C",126,205,0.614634146341463
8,"1del","AMP",10,"N",39,205,0.190243902439024
8,"1del","AMP",10,"O",40,205,0.195121951219512
8,"1del","AMP",10,"P",0,205,0
8,"1del","AMP",10,"S",0,205,0
9,"1dgs","AMP",10,"C",238,367,0.64850136239782
9,"1dgs","AMP",10,"N",61,367,0.166212534059946
9,"1dgs","AMP",10,"O",66,367,0.17983651226158
9,"1dgs","AMP",10,"P",0,367,0
9,"1dgs","AMP",10,"S",2,367,0.00544959128065395
10,"1ecj","AMP",10,"C",223,332,0.671686746987952
10,"1ecj","AMP",10,"N",50,332,0.150602409638554
10,"1ecj","AMP",10,"O",58,332,0.174698795180723
10,"1ecj","AMP",10,"P",0,332,0
10,"1ecj","AMP",10,"S",1,332,0.00301204819277108
11,"1eyj","AMP",10,"C",173,280,0.617857142857143
11,"1eyj","AMP",10,"N",51,280,0.182142857142857
11,"1eyj","AMP",10,"O",53,280,0.189285714285714
11,"1eyj","AMP",10,"P",0,280,0
11,"1eyj","AMP",10,"S",3,280,0.0107142857142857
12,"1fvi","AMP",10,"C",226,343,0.658892128279883
12,"1fvi","AMP",10,"N",59,343,0.17201166180758
12,"1fvi","AMP",10,"O",57,343,0.166180758017493
12,"1fvi","AMP",10,"P",0,343,0
12,"1fvi","AMP",10,"S",1,343,0.00291545189504373
13,"1fyd","AMP",10,"C",275,440,0.625
13,"1fyd","AMP",10,"N",78,440,0.177272727272727
13,"1fyd","AMP",10,"O",87,440,0.197727272727273
13,"1fyd","AMP",10,"P",0,440,0
13,"1fyd","AMP",10,"S",0,440,0
14,"1gts","AMP",10,"C",252,393,0.641221374045801
14,"1gts","AMP",10,"N",68,393,0.173027989821883
14,"1gts","AMP",10,"O",70,393,0.178117048346056
14,"1gts","AMP",10,"P",0,393,0
14,"1gts","AMP",10,"S",3,393,0.00763358778625954
15,"1hdi","AMP",10,"C",214,329,0.650455927051672
15,"1hdi","AMP",10,"N",51,329,0.155015197568389
15,"1hdi","AMP",10,"O",60,329,0.182370820668693
15,"1hdi","AMP",10,"P",0,329,0
15,"1hdi","AMP",10,"S",4,329,0.0121580547112462
16,"1hto","AMP",10,"C",259,411,0.630170316301703
16,"1hto","AMP",10,"N",78,411,0.18978102189781
16,"1hto","AMP",10,"O",72,411,0.175182481751825
16,"1hto","AMP",10,"P",0,411,0
16,"1hto","AMP",10,"S",2,411,0.0048661800486618
17,"1j20","AMP",10,"C",281,441,0.63718820861678
17,"1j20","AMP",10,"N",81,441,0.183673469387755
17,"1j20","AMP",10,"O",78,441,0.17687074829932
17,"1j20","AMP",10,"P",0,441,0
17,"1j20","AMP",10,"S",1,441,0.00226757369614512
18,"1jp4","AMP",10,"C",236,389,0.606683804627249
18,"1jp4","AMP",10,"N",68,389,0.174807197943445
18,"1jp4","AMP",10,"O",82,389,0.210796915167095
18,"1jp4","AMP",10,"P",0,389,0
18,"1jp4","AMP",10,"S",3,389,0.0077120822622108
19,"1k9y","AMP",10,"C",254,412,0.616504854368932
19,"1k9y","AMP",10,"N",74,412,0.179611650485437
19,"1k9y","AMP",10,"O",83,412,0.201456310679612
19,"1k9y","AMP",10,"P",0,412,0
19,"1k9y","AMP",10,"S",1,412,0.00242718446601942
20,"1kht","AMP",10,"C",267,426,0.626760563380282
20,"1kht","AMP",10,"N",82,426,0.192488262910798
20,"1kht","AMP",10,"O",74,426,0.173708920187793
20,"1kht","AMP",10,"P",0,426,0
20,"1kht","AMP",10,"S",3,426,0.00704225352112676
21,"1kpf","AMP",10,"C",194,299,0.648829431438127
21,"1kpf","AMP",10,"N",53,299,0.177257525083612
21,"1kpf","AMP",10,"O",52,299,0.173913043478261
21,"1kpf","AMP",10,"P",0,299,0
21,"1kpf","AMP",10,"S",0,299,0
22,"1ktg","AMP",10,"C",180,285,0.631578947368421
22,"1ktg","AMP",10,"N",49,285,0.171929824561404
22,"1ktg","AMP",10,"O",55,285,0.192982456140351
22,"1ktg","AMP",10,"P",0,285,0
22,"1ktg","AMP",10,"S",1,285,0.00350877192982456
23,"1mb9","AMP",10,"C",268,404,0.663366336633663
23,"1mb9","AMP",10,"N",61,404,0.150990099009901
23,"1mb9","AMP",10,"O",73,404,0.180693069306931
23,"1mb9","AMP",10,"P",0,404,0
23,"1mb9","AMP",10,"S",2,404,0.00495049504950495
24,"1md9","AMP",10,"C",272,423,0.643026004728132
24,"1md9","AMP",10,"N",77,423,0.182033096926714
24,"1md9","AMP",10,"O",74,423,0.174940898345154
24,"1md9","AMP",10,"P",0,423,0
24,"1md9","AMP",10,"S",0,423,0
25,"1obd","AMP",10,"C",187,279,0.670250896057348
25,"1obd","AMP",10,"N",41,279,0.146953405017921
25,"1obd","AMP",10,"O",51,279,0.182795698924731
25,"1obd","AMP",10,"P",0,279,0
25,"1obd","AMP",10,"S",0,279,0
26,"1ore","AMP",10,"C",256,388,0.65979381443299
26,"1ore","AMP",10,"N",63,388,0.162371134020619
26,"1ore","AMP",10,"O",67,388,0.172680412371134
26,"1ore","AMP",10,"P",0,388,0
26,"1ore","AMP",10,"S",2,388,0.00515463917525773
27,"1qb8","AMP",10,"C",229,354,0.646892655367232
27,"1qb8","AMP",10,"N",60,354,0.169491525423729
27,"1qb8","AMP",10,"O",62,354,0.175141242937853
27,"1qb8","AMP",10,"P",0,354,0
27,"1qb8","AMP",10,"S",3,354,0.00847457627118644
28,"1qf6","AMP",10,"C",271,438,0.618721461187215
28,"1qf6","AMP",10,"N",83,438,0.189497716894977
28,"1qf6","AMP",10,"O",77,438,0.175799086757991
28,"1qf6","AMP",10,"P",0,438,0
28,"1qf6","AMP",10,"S",7,438,0.0159817351598174
29,"1ry2","AMP",10,"C",282,444,0.635135135135135
29,"1ry2","AMP",10,"N",73,444,0.164414414414414
29,"1ry2","AMP",10,"O",89,444,0.20045045045045
29,"1ry2","AMP",10,"P",0,444,0
29,"1ry2","AMP",10,"S",0,444,0
30,"1s68","AMP",10,"C",247,380,0.65
30,"1s68","AMP",10,"N",65,380,0.171052631578947
30,"1s68","AMP",10,"O",67,380,0.176315789473684
30,"1s68","AMP",10,"P",0,380,0
30,"1s68","AMP",10,"S",1,380,0.00263157894736842
31,"1ses","AMP",10,"C",262,418,0.626794258373206
31,"1ses","AMP",10,"N",79,418,0.188995215311005
31,"1ses","AMP",10,"O",75,418,0.179425837320574
31,"1ses","AMP",10,"P",0,418,0
31,"1ses","AMP",10,"S",2,418,0.00478468899521531
32,"1tb7","AMP",10,"C",277,438,0.632420091324201
32,"1tb7","AMP",10,"N",78,438,0.178082191780822
32,"1tb7","AMP",10,"O",79,438,0.180365296803653
32,"1tb7","AMP",10,"P",0,438,0
32,"1tb7","AMP",10,"S",4,438,0.0091324200913242
33,"1u9z","AMP",10,"C",55,83,0.662650602409639
33,"1u9z","AMP",10,"N",11,83,0.132530120481928
33,"1u9z","AMP",10,"O",17,83,0.204819277108434
33,"1u9z","AMP",10,"P",0,83,0
33,"1u9z","AMP",10,"S",0,83,0
34,"1ukz","AMP",10,"C",277,432,0.641203703703704
34,"1ukz","AMP",10,"N",82,432,0.189814814814815
34,"1ukz","AMP",10,"O",72,432,0.166666666666667
34,"1ukz","AMP",10,"P",0,432,0
34,"1ukz","AMP",10,"S",1,432,0.00231481481481481
35,"1v26","AMP",10,"C",289,443,0.652370203160271
35,"1v26","AMP",10,"N",74,443,0.167042889390519
35,"1v26","AMP",10,"O",80,443,0.18058690744921
35,"1v26","AMP",10,"P",0,443,0
35,"1v26","AMP",10,"S",0,443,0
36,"1z84","AMP",10,"C",200,325,0.615384615384615
36,"1z84","AMP",10,"N",61,325,0.187692307692308
36,"1z84","AMP",10,"O",60,325,0.184615384615385
36,"1z84","AMP",10,"P",0,325,0
36,"1z84","AMP",10,"S",4,325,0.0123076923076923
37,"1zbu","AMP",10,"C",222,343,0.647230320699708
37,"1zbu","AMP",10,"N",55,343,0.160349854227405
37,"1zbu","AMP",10,"O",63,343,0.183673469387755
37,"1zbu","AMP",10,"P",0,343,0
37,"1zbu","AMP",10,"S",3,343,0.0087463556851312
38,"2a7x","AMP",10,"C",240,374,0.641711229946524
38,"2a7x","AMP",10,"N",67,374,0.179144385026738
38,"2a7x","AMP",10,"O",65,374,0.17379679144385
38,"2a7x","AMP",10,"P",0,374,0
38,"2a7x","AMP",10,"S",2,374,0.0053475935828877
39,"2art","AMP",10,"C",274,443,0.618510158013544
39,"2art","AMP",10,"N",84,443,0.18961625282167
39,"2art","AMP",10,"O",82,443,0.18510158013544
39,"2art","AMP",10,"P",0,443,0
39,"2art","AMP",10,"S",3,443,0.00677200902934537
40,"2c5s","AMP",10,"C",235,370,0.635135135135135
40,"2c5s","AMP",10,"N",65,370,0.175675675675676
40,"2c5s","AMP",10,"O",65,370,0.175675675675676
40,"2c5s","AMP",10,"P",0,370,0
40,"2c5s","AMP",10,"S",5,370,0.0135135135135135
41,"2cfm","AMP",10,"C",288,460,0.626086956521739
41,"2cfm","AMP",10,"N",88,460,0.191304347826087
41,"2cfm","AMP",10,"O",84,460,0.182608695652174
41,"2cfm","AMP",10,"P",0,460,0
41,"2cfm","AMP",10,"S",0,460,0
42,"2d1q","AMP",10,"C",253,400,0.6325
42,"2d1q","AMP",10,"N",69,400,0.1725
42,"2d1q","AMP",10,"O",76,400,0.19
42,"2d1q","AMP",10,"P",0,400,0
42,"2d1q","AMP",10,"S",2,400,0.005
43,"2dcl","AMP",10,"C",114,171,0.666666666666667
43,"2dcl","AMP",10,"N",27,171,0.157894736842105
43,"2dcl","AMP",10,"O",30,171,0.175438596491228
43,"2dcl","AMP",10,"P",0,171,0
43,"2dcl","AMP",10,"S",0,171,0
44,"2dsd","AMP",10,"C",177,282,0.627659574468085
44,"2dsd","AMP",10,"N",52,282,0.184397163120567
44,"2dsd","AMP",10,"O",52,282,0.184397163120567
44,"2dsd","AMP",10,"P",0,282,0
44,"2dsd","AMP",10,"S",1,282,0.00354609929078014
45,"2f17","AMP",10,"C",206,336,0.613095238095238
45,"2f17","AMP",10,"N",61,336,0.181547619047619
45,"2f17","AMP",10,"O",67,336,0.199404761904762
45,"2f17","AMP",10,"P",0,336,0
45,"2f17","AMP",10,"S",2,336,0.00595238095238095
46,"2fjb","AMP",10,"C",264,408,0.647058823529412
46,"2fjb","AMP",10,"N",69,408,0.169117647058824
46,"2fjb","AMP",10,"O",72,408,0.176470588235294
46,"2fjb","AMP",10,"P",0,408,0
46,"2fjb","AMP",10,"S",3,408,0.00735294117647059
47,"2g1u","AMP",10,"C",210,330,0.636363636363636
47,"2g1u","AMP",10,"N",65,330,0.196969696969697
47,"2g1u","AMP",10,"O",53,330,0.160606060606061
47,"2g1u","AMP",10,"P",0,330,0
47,"2g1u","AMP",10,"S",2,330,0.00606060606060606
48,"2gm3","AMP",10,"C",253,392,0.645408163265306
48,"2gm3","AMP",10,"N",68,392,0.173469387755102
48,"2gm3","AMP",10,"O",69,392,0.176020408163265
48,"2gm3","AMP",10,"P",0,392,0
48,"2gm3","AMP",10,"S",2,392,0.00510204081632653
49,"2gsu","AMP",10,"C",264,426,0.619718309859155
49,"2gsu","AMP",10,"N",83,426,0.194835680751174
49,"2gsu","AMP",10,"O",77,426,0.18075117370892
49,"2gsu","AMP",10,"P",0,426,0
49,"2gsu","AMP",10,"S",2,426,0.00469483568075117
50,"2gxq","AMP",10,"C",187,276,0.677536231884058
50,"2gxq","AMP",10,"N",38,276,0.13768115942029
50,"2gxq","AMP",10,"O",51,276,0.184782608695652
50,"2gxq","AMP",10,"P",0,276,0
50,"2gxq","AMP",10,"S",0,276,0
51,"2hbl","AMP",10,"C",190,300,0.633333333333333
51,"2hbl","AMP",10,"N",54,300,0.18
51,"2hbl","AMP",10,"O",53,300,0.176666666666667
51,"2hbl","AMP",10,"P",0,300,0
51,"2hbl","AMP",10,"S",3,300,0.01
52,"2hcr","AMP",10,"C",130,226,0.575221238938053
52,"2hcr","AMP",10,"N",46,226,0.20353982300885
52,"2hcr","AMP",10,"O",48,226,0.212389380530973
52,"2hcr","AMP",10,"P",0,226,0
52,"2hcr","AMP",10,"S",2,226,0.00884955752212389
53,"2ivt","AMP",10,"C",251,388,0.646907216494845
53,"2ivt","AMP",10,"N",67,388,0.172680412371134
53,"2ivt","AMP",10,"O",70,388,0.180412371134021
53,"2ivt","AMP",10,"P",0,388,0
53,"2ivt","AMP",10,"S",0,388,0
54,"2j91","AMP",10,"C",74,120,0.616666666666667
54,"2j91","AMP",10,"N",24,120,0.2
54,"2j91","AMP",10,"O",20,120,0.166666666666667
54,"2j91","AMP",10,"P",0,120,0
54,"2j91","AMP",10,"S",2,120,0.0166666666666667
55,"2j9d","AMP",10,"C",138,213,0.647887323943662
55,"2j9d","AMP",10,"N",33,213,0.154929577464789
55,"2j9d","AMP",10,"O",40,213,0.187793427230047
55,"2j9d","AMP",10,"P",0,213,0
55,"2j9d","AMP",10,"S",2,213,0.00938967136150235
56,"2jgd","AMP",10,"C",222,354,0.627118644067797
56,"2jgd","AMP",10,"N",64,354,0.180790960451977
56,"2jgd","AMP",10,"O",65,354,0.18361581920904
56,"2jgd","AMP",10,"P",0,354,0
56,"2jgd","AMP",10,"S",3,354,0.00847457627118644
57,"2oox","AMP",10,"C",218,339,0.64306784660767
57,"2oox","AMP",10,"N",66,339,0.194690265486726
57,"2oox","AMP",10,"O",54,339,0.15929203539823
57,"2oox","AMP",10,"P",0,339,0
57,"2oox","AMP",10,"S",1,339,0.00294985250737463
58,"2oun","AMP",10,"C",286,456,0.62719298245614
58,"2oun","AMP",10,"N",77,456,0.168859649122807
58,"2oun","AMP",10,"O",86,456,0.18859649122807
58,"2oun","AMP",10,"P",0,456,0
58,"2oun","AMP",10,"S",7,456,0.0153508771929825
59,"2ptq","AMP",10,"C",159,272,0.584558823529412
59,"2ptq","AMP",10,"N",56,272,0.205882352941176
59,"2ptq","AMP",10,"O",57,272,0.209558823529412
59,"2ptq","AMP",10,"P",0,272,0
59,"2ptq","AMP",10,"S",0,272,0
60,"8gpb","AMP",10,"C",154,250,0.616
60,"8gpb","AMP",10,"N",46,250,0.184
60,"8gpb","AMP",10,"O",49,250,0.196
60,"8gpb","AMP",10,"P",0,250,0
60,"8gpb","AMP",10,"S",1,250,0.004
61,"1a0i","ATP",10,"C",238,378,0.62962962962963
61,"1a0i","ATP",10,"N",68,378,0.17989417989418
61,"1a0i","ATP",10,"O",71,378,0.187830687830688
61,"1a0i","ATP",10,"P",0,378,0
61,"1a0i","ATP",10,"S",1,378,0.00264550264550265
62,"1a49","ATP",10,"C",295,486,0.606995884773663
62,"1a49","ATP",10,"N",89,486,0.183127572016461
62,"1a49","ATP",10,"O",99,486,0.203703703703704
62,"1a49","ATP",10,"P",0,486,0
62,"1a49","ATP",10,"S",3,486,0.00617283950617284
63,"1atn","ATP",10,"C",293,480,0.610416666666667
63,"1atn","ATP",10,"N",87,480,0.18125
63,"1atn","ATP",10,"O",97,480,0.202083333333333
63,"1atn","ATP",10,"P",0,480,0
63,"1atn","ATP",10,"S",3,480,0.00625
64,"1ayl","ATP",10,"C",294,466,0.630901287553648
64,"1ayl","ATP",10,"N",81,466,0.17381974248927
64,"1ayl","ATP",10,"O",90,466,0.1931330472103
64,"1ayl","ATP",10,"P",0,466,0
64,"1ayl","ATP",10,"S",1,466,0.00214592274678112
65,"1b0u","ATP",10,"C",156,253,0.616600790513834
65,"1b0u","ATP",10,"N",49,253,0.193675889328063
65,"1b0u","ATP",10,"O",47,253,0.185770750988142
65,"1b0u","ATP",10,"P",0,253,0
65,"1b0u","ATP",10,"S",1,253,0.00395256916996047
66,"1b76","ATP",10,"C",287,451,0.636363636363636
66,"1b76","ATP",10,"N",82,451,0.181818181818182
66,"1b76","ATP",10,"O",80,451,0.177383592017738
66,"1b76","ATP",10,"P",0,451,0
66,"1b76","ATP",10,"S",2,451,0.00443458980044346
67,"1b8a","ATP",10,"C",276,441,0.625850340136054
67,"1b8a","ATP",10,"N",81,441,0.183673469387755
67,"1b8a","ATP",10,"O",84,441,0.19047619047619
67,"1b8a","ATP",10,"P",0,441,0
67,"1b8a","ATP",10,"S",0,441,0
68,"1bcp","ATP",10,"C",124,193,0.642487046632124
68,"1bcp","ATP",10,"N",31,193,0.160621761658031
68,"1bcp","ATP",10,"O",35,193,0.181347150259067
68,"1bcp","ATP",10,"P",0,193,0
68,"1bcp","ATP",10,"S",3,193,0.0155440414507772
69,"1dv2","ATP",10,"C",279,445,0.626966292134831
69,"1dv2","ATP",10,"N",83,445,0.186516853932584
69,"1dv2","ATP",10,"O",81,445,0.182022471910112
69,"1dv2","ATP",10,"P",0,445,0
69,"1dv2","ATP",10,"S",2,445,0.00449438202247191
70,"1dy3","ATP",10,"C",244,385,0.633766233766234
70,"1dy3","ATP",10,"N",74,385,0.192207792207792
70,"1dy3","ATP",10,"O",64,385,0.166233766233766
70,"1dy3","ATP",10,"P",0,385,0
70,"1dy3","ATP",10,"S",3,385,0.00779220779220779
71,"1e24","ATP",10,"C",275,433,0.635103926096998
71,"1e24","ATP",10,"N",76,433,0.175519630484988
71,"1e24","ATP",10,"O",79,433,0.182448036951501
71,"1e24","ATP",10,"P",0,433,0
71,"1e24","ATP",10,"S",3,433,0.0069284064665127
72,"1e2q","ATP",10,"C",205,333,0.615615615615616
72,"1e2q","ATP",10,"N",64,333,0.192192192192192
72,"1e2q","ATP",10,"O",64,333,0.192192192192192
72,"1e2q","ATP",10,"P",0,333,0
72,"1e2q","ATP",10,"S",0,333,0
73,"1e4g","ATP",10,"C",303,471,0.643312101910828
73,"1e4g","ATP",10,"N",75,471,0.159235668789809
73,"1e4g","ATP",10,"O",93,471,0.197452229299363
73,"1e4g","ATP",10,"P",0,471,0
73,"1e4g","ATP",10,"S",0,471,0
74,"1e8x","ATP",10,"C",270,413,0.653753026634383
74,"1e8x","ATP",10,"N",69,413,0.167070217917676
74,"1e8x","ATP",10,"O",71,413,0.171912832929782
74,"1e8x","ATP",10,"P",0,413,0
74,"1e8x","ATP",10,"S",3,413,0.00726392251815981
75,"1esq","ATP",10,"C",232,365,0.635616438356164
75,"1esq","ATP",10,"N",63,365,0.172602739726027
75,"1esq","ATP",10,"O",70,365,0.191780821917808
75,"1esq","ATP",10,"P",0,365,0
75,"1esq","ATP",10,"S",0,365,0
76,"1fmw","ATP",10,"C",283,455,0.621978021978022
76,"1fmw","ATP",10,"N",80,455,0.175824175824176
76,"1fmw","ATP",10,"O",91,455,0.2
76,"1fmw","ATP",10,"P",0,455,0
76,"1fmw","ATP",10,"S",1,455,0.0021978021978022
77,"1g21","ATP",10,"C",246,400,0.615
77,"1g21","ATP",10,"N",73,400,0.1825
77,"1g21","ATP",10,"O",80,400,0.2
77,"1g21","ATP",10,"P",0,400,0
77,"1g21","ATP",10,"S",1,400,0.0025
78,"1g5t","ATP",10,"C",144,233,0.618025751072961
78,"1g5t","ATP",10,"N",46,233,0.197424892703863
78,"1g5t","ATP",10,"O",43,233,0.184549356223176
78,"1g5t","ATP",10,"P",0,233,0
78,"1g5t","ATP",10,"S",0,233,0
79,"1gn8","ATP",10,"C",288,438,0.657534246575342
79,"1gn8","ATP",10,"N",73,438,0.166666666666667
79,"1gn8","ATP",10,"O",76,438,0.17351598173516
79,"1gn8","ATP",10,"P",0,438,0
79,"1gn8","ATP",10,"S",1,438,0.00228310502283105
80,"1h3e","ATP",10,"C",297,470,0.631914893617021
80,"1h3e","ATP",10,"N",86,470,0.182978723404255
80,"1h3e","ATP",10,"O",83,470,0.176595744680851
80,"1h3e","ATP",10,"P",0,470,0
80,"1h3e","ATP",10,"S",4,470,0.00851063829787234
81,"1hi1","ATP",10,"C",207,356,0.581460674157303
81,"1hi1","ATP",10,"N",72,356,0.202247191011236
81,"1hi1","ATP",10,"O",76,356,0.213483146067416
81,"1hi1","ATP",10,"P",0,356,0
81,"1hi1","ATP",10,"S",1,356,0.00280898876404494
82,"1i7l","ATP",10,"C",275,425,0.647058823529412
82,"1i7l","ATP",10,"N",78,425,0.183529411764706
82,"1i7l","ATP",10,"O",71,425,0.167058823529412
82,"1i7l","ATP",10,"P",0,425,0
82,"1i7l","ATP",10,"S",1,425,0.00235294117647059
83,"1ii0","ATP",10,"C",242,386,0.626943005181347
83,"1ii0","ATP",10,"N",66,386,0.170984455958549
83,"1ii0","ATP",10,"O",77,386,0.199481865284974
83,"1ii0","ATP",10,"P",0,386,0
83,"1ii0","ATP",10,"S",1,386,0.00259067357512953
84,"1j09","ATP",10,"C",231,368,0.627717391304348
84,"1j09","ATP",10,"N",68,368,0.184782608695652
84,"1j09","ATP",10,"O",67,368,0.182065217391304
84,"1j09","ATP",10,"P",0,368,0
84,"1j09","ATP",10,"S",2,368,0.00543478260869565
85,"1j7k","ATP",10,"C",278,435,0.639080459770115
85,"1j7k","ATP",10,"N",81,435,0.186206896551724
85,"1j7k","ATP",10,"O",76,435,0.174712643678161
85,"1j7k","ATP",10,"P",0,435,0
85,"1j7k","ATP",10,"S",0,435,0
86,"1ji0","ATP",10,"C",161,258,0.624031007751938
86,"1ji0","ATP",10,"N",47,258,0.182170542635659
86,"1ji0","ATP",10,"O",50,258,0.193798449612403
86,"1ji0","ATP",10,"P",0,258,0
86,"1ji0","ATP",10,"S",0,258,0
87,"1jjv","ATP",10,"C",188,303,0.62046204620462
87,"1jjv","ATP",10,"N",55,303,0.181518151815182
87,"1jjv","ATP",10,"O",59,303,0.194719471947195
87,"1jjv","ATP",10,"P",0,303,0
87,"1jjv","ATP",10,"S",1,303,0.0033003300330033
88,"1kj8","ATP",10,"C",286,462,0.619047619047619
88,"1kj8","ATP",10,"N",86,462,0.186147186147186
88,"1kj8","ATP",10,"O",88,462,0.19047619047619
88,"1kj8","ATP",10,"P",0,462,0
88,"1kj8","ATP",10,"S",2,462,0.00432900432900433
89,"1kmn","ATP",10,"C",281,438,0.641552511415525
89,"1kmn","ATP",10,"N",79,438,0.180365296803653
89,"1kmn","ATP",10,"O",75,438,0.171232876712329
89,"1kmn","ATP",10,"P",0,438,0
89,"1kmn","ATP",10,"S",3,438,0.00684931506849315
90,"1ko5","ATP",10,"C",202,320,0.63125
90,"1ko5","ATP",10,"N",56,320,0.175
90,"1ko5","ATP",10,"O",60,320,0.1875
90,"1ko5","ATP",10,"P",0,320,0
90,"1ko5","ATP",10,"S",2,320,0.00625
91,"1kp2","ATP",10,"C",285,454,0.627753303964758
91,"1kp2","ATP",10,"N",82,454,0.180616740088106
91,"1kp2","ATP",10,"O",84,454,0.185022026431718
91,"1kp2","ATP",10,"P",0,454,0
91,"1kp2","ATP",10,"S",3,454,0.0066079295154185
92,"1kp8","ATP",10,"C",269,434,0.619815668202765
92,"1kp8","ATP",10,"N",75,434,0.172811059907834
92,"1kp8","ATP",10,"O",87,434,0.200460829493088
92,"1kp8","ATP",10,"P",0,434,0
92,"1kp8","ATP",10,"S",3,434,0.00691244239631336
93,"1kvk","ATP",10,"C",250,396,0.631313131313131
93,"1kvk","ATP",10,"N",71,396,0.179292929292929
93,"1kvk","ATP",10,"O",73,396,0.184343434343434
93,"1kvk","ATP",10,"P",0,396,0
93,"1kvk","ATP",10,"S",2,396,0.00505050505050505
94,"1lhr","ATP",10,"C",294,459,0.640522875816993
94,"1lhr","ATP",10,"N",76,459,0.16557734204793
94,"1lhr","ATP",10,"O",84,459,0.183006535947712
94,"1lhr","ATP",10,"P",0,459,0
94,"1lhr","ATP",10,"S",5,459,0.0108932461873638
95,"1m83","ATP",10,"C",319,492,0.648373983739837
95,"1m83","ATP",10,"N",85,492,0.172764227642276
95,"1m83","ATP",10,"O",85,492,0.172764227642276
95,"1m83","ATP",10,"P",0,492,0
95,"1m83","ATP",10,"S",3,492,0.00609756097560976
96,"1miw","ATP",10,"C",222,369,0.601626016260163
96,"1miw","ATP",10,"N",76,369,0.205962059620596
96,"1miw","ATP",10,"O",71,369,0.192411924119241
96,"1miw","ATP",10,"P",0,369,0
96,"1miw","ATP",10,"S",0,369,0
97,"1mjh","ATP",10,"C",281,430,0.653488372093023
97,"1mjh","ATP",10,"N",76,430,0.176744186046512
97,"1mjh","ATP",10,"O",71,430,0.165116279069767
97,"1mjh","ATP",10,"P",0,430,0
97,"1mjh","ATP",10,"S",2,430,0.00465116279069767
98,"1n5i","ATP",10,"C",115,178,0.646067415730337
98,"1n5i","ATP",10,"N",30,178,0.168539325842697
98,"1n5i","ATP",10,"O",32,178,0.179775280898876
98,"1n5i","ATP",10,"P",0,178,0
98,"1n5i","ATP",10,"S",1,178,0.00561797752808989
99,"1nsf","ATP",10,"C",265,402,0.659203980099503
99,"1nsf","ATP",10,"N",70,402,0.174129353233831
99,"1nsf","ATP",10,"O",66,402,0.164179104477612
99,"1nsf","ATP",10,"P",0,402,0
99,"1nsf","ATP",10,"S",1,402,0.00248756218905473
100,"1o9t","ATP",10,"C",134,221,0.606334841628959
100,"1o9t","ATP",10,"N",37,221,0.167420814479638
100,"1o9t","ATP",10,"O",49,221,0.221719457013575
100,"1o9t","ATP",10,"P",0,221,0
100,"1o9t","ATP",10,"S",1,221,0.00452488687782805
101,"1q97","ATP",10,"C",249,389,0.640102827763496
101,"1q97","ATP",10,"N",69,389,0.177377892030848
101,"1q97","ATP",10,"O",70,389,0.179948586118252
101,"1q97","ATP",10,"P",0,389,0
101,"1q97","ATP",10,"S",1,389,0.0025706940874036
102,"1qhg","ATP",10,"C",213,354,0.601694915254237
102,"1qhg","ATP",10,"N",66,354,0.186440677966102
102,"1qhg","ATP",10,"O",75,354,0.211864406779661
102,"1qhg","ATP",10,"P",0,354,0
102,"1qhg","ATP",10,"S",0,354,0
103,"1qhx","ATP",10,"C",222,369,0.601626016260163
103,"1qhx","ATP",10,"N",72,369,0.195121951219512
103,"1qhx","ATP",10,"O",71,369,0.192411924119241
103,"1qhx","ATP",10,"P",0,369,0
103,"1qhx","ATP",10,"S",4,369,0.010840108401084
104,"1r0x","ATP",10,"C",207,327,0.63302752293578
104,"1r0x","ATP",10,"N",53,327,0.162079510703364
104,"1r0x","ATP",10,"O",65,327,0.198776758409786
104,"1r0x","ATP",10,"P",0,327,0
104,"1r0x","ATP",10,"S",2,327,0.00611620795107034
105,"1rdq","ATP",10,"C",313,481,0.650727650727651
105,"1rdq","ATP",10,"N",74,481,0.153846153846154
105,"1rdq","ATP",10,"O",91,481,0.189189189189189
105,"1rdq","ATP",10,"P",0,481,0
105,"1rdq","ATP",10,"S",3,481,0.00623700623700624
106,"1ryr","ATP",10,"C",199,302,0.658940397350993
106,"1ryr","ATP",10,"N",49,302,0.162251655629139
106,"1ryr","ATP",10,"O",53,302,0.175496688741722
106,"1ryr","ATP",10,"P",0,302,0
106,"1ryr","ATP",10,"S",1,302,0.0033112582781457
107,"1su2","ATP",10,"C",161,258,0.624031007751938
107,"1su2","ATP",10,"N",46,258,0.178294573643411
107,"1su2","ATP",10,"O",50,258,0.193798449612403
107,"1su2","ATP",10,"P",0,258,0
107,"1su2","ATP",10,"S",1,258,0.00387596899224806
108,"1tid","ATP",10,"C",252,405,0.622222222222222
108,"1tid","ATP",10,"N",72,405,0.177777777777778
108,"1tid","ATP",10,"O",81,405,0.2
108,"1tid","ATP",10,"P",0,405,0
108,"1tid","ATP",10,"S",0,405,0
109,"1uev","ATP",10,"C",310,473,0.6553911205074
109,"1uev","ATP",10,"N",84,473,0.177589852008457
109,"1uev","ATP",10,"O",78,473,0.164904862579281
109,"1uev","ATP",10,"P",0,473,0
109,"1uev","ATP",10,"S",1,473,0.00211416490486258
110,"1uf9","ATP",10,"C",186,317,0.586750788643533
110,"1uf9","ATP",10,"N",63,317,0.198738170347003
110,"1uf9","ATP",10,"O",68,317,0.214511041009464
110,"1uf9","ATP",10,"P",0,317,0
110,"1uf9","ATP",10,"S",0,317,0
111,"1v1b","ATP",10,"C",266,429,0.62004662004662
111,"1v1b","ATP",10,"N",78,429,0.181818181818182
111,"1v1b","ATP",10,"O",85,429,0.198135198135198
111,"1v1b","ATP",10,"P",0,429,0
111,"1v1b","ATP",10,"S",0,429,0
112,"1x01","ATP",10,"C",246,387,0.635658914728682
112,"1x01","ATP",10,"N",75,387,0.193798449612403
112,"1x01","ATP",10,"O",66,387,0.170542635658915
112,"1x01","ATP",10,"P",0,387,0
112,"1x01","ATP",10,"S",0,387,0
113,"2a5y","ATP",10,"C",301,472,0.63771186440678
113,"2a5y","ATP",10,"N",82,472,0.173728813559322
113,"2a5y","ATP",10,"O",83,472,0.175847457627119
113,"2a5y","ATP",10,"P",0,472,0
113,"2a5y","ATP",10,"S",6,472,0.0127118644067797
114,"2aqx","ATP",10,"C",280,437,0.640732265446224
114,"2aqx","ATP",10,"N",74,437,0.169336384439359
114,"2aqx","ATP",10,"O",81,437,0.185354691075515
114,"2aqx","ATP",10,"P",0,437,0
114,"2aqx","ATP",10,"S",2,437,0.0045766590389016
115,"2bu2","ATP",10,"C",252,391,0.644501278772379
115,"2bu2","ATP",10,"N",65,391,0.166240409207161
115,"2bu2","ATP",10,"O",73,391,0.186700767263427
115,"2bu2","ATP",10,"P",0,391,0
115,"2bu2","ATP",10,"S",1,391,0.00255754475703325
116,"2cg9","ATP",10,"C",312,481,0.648648648648649
116,"2cg9","ATP",10,"N",79,481,0.164241164241164
116,"2cg9","ATP",10,"O",88,481,0.182952182952183
116,"2cg9","ATP",10,"P",0,481,0
116,"2cg9","ATP",10,"S",2,481,0.00415800415800416
117,"2cja","ATP",10,"C",291,465,0.625806451612903
117,"2cja","ATP",10,"N",84,465,0.180645161290323
117,"2cja","ATP",10,"O",87,465,0.187096774193548
117,"2cja","ATP",10,"P",0,465,0
117,"2cja","ATP",10,"S",3,465,0.00645161290322581
118,"2ddo","ATP",10,"C",288,447,0.644295302013423
118,"2ddo","ATP",10,"N",76,447,0.170022371364653
118,"2ddo","ATP",10,"O",79,447,0.176733780760626
118,"2ddo","ATP",10,"P",0,447,0
118,"2ddo","ATP",10,"S",4,447,0.00894854586129754
119,"2e5y","ATP",10,"C",175,289,0.605536332179931
119,"2e5y","ATP",10,"N",60,289,0.207612456747405
119,"2e5y","ATP",10,"O",54,289,0.186851211072664
119,"2e5y","ATP",10,"P",0,289,0
119,"2e5y","ATP",10,"S",0,289,0
120,"2eww","ATP",10,"C",232,367,0.632152588555858
120,"2eww","ATP",10,"N",63,367,0.171662125340599
120,"2eww","ATP",10,"O",72,367,0.196185286103542
120,"2eww","ATP",10,"P",0,367,0
120,"2eww","ATP",10,"S",0,367,0
121,"2faq","ATP",10,"C",217,359,0.604456824512535
121,"2faq","ATP",10,"N",73,359,0.203342618384401
121,"2faq","ATP",10,"O",67,359,0.186629526462396
121,"2faq","ATP",10,"P",0,359,0
121,"2faq","ATP",10,"S",2,359,0.00557103064066852
122,"2fsg","ATP",10,"C",172,286,0.601398601398601
122,"2fsg","ATP",10,"N",59,286,0.206293706293706
122,"2fsg","ATP",10,"O",55,286,0.192307692307692
122,"2fsg","ATP",10,"P",0,286,0
122,"2fsg","ATP",10,"S",0,286,0
123,"2gbl","ATP",10,"C",200,323,0.619195046439629
123,"2gbl","ATP",10,"N",57,323,0.176470588235294
123,"2gbl","ATP",10,"O",65,323,0.201238390092879
123,"2gbl","ATP",10,"P",0,323,0
123,"2gbl","ATP",10,"S",1,323,0.00309597523219814
124,"2hmu","ATP",10,"C",205,320,0.640625
124,"2hmu","ATP",10,"N",55,320,0.171875
124,"2hmu","ATP",10,"O",60,320,0.1875
124,"2hmu","ATP",10,"P",0,320,0
124,"2hmu","ATP",10,"S",0,320,0
125,"2ily","ATP",10,"C",219,358,0.611731843575419
125,"2ily","ATP",10,"N",61,358,0.170391061452514
125,"2ily","ATP",10,"O",77,358,0.215083798882682
125,"2ily","ATP",10,"P",0,358,0
125,"2ily","ATP",10,"S",1,358,0.00279329608938547
126,"2ixe","ATP",10,"C",171,267,0.640449438202247
126,"2ixe","ATP",10,"N",45,267,0.168539325842697
126,"2ixe","ATP",10,"O",50,267,0.187265917602996
126,"2ixe","ATP",10,"P",0,267,0
126,"2ixe","ATP",10,"S",1,267,0.00374531835205993
127,"2j3m","ATP",10,"C",313,489,0.640081799591002
127,"2j3m","ATP",10,"N",80,489,0.16359918200409
127,"2j3m","ATP",10,"O",92,489,0.188139059304703
127,"2j3m","ATP",10,"P",0,489,0
127,"2j3m","ATP",10,"S",4,489,0.0081799591002045
128,"2j9l","ATP",10,"C",207,306,0.676470588235294
128,"2j9l","ATP",10,"N",51,306,0.166666666666667
128,"2j9l","ATP",10,"O",47,306,0.15359477124183
128,"2j9l","ATP",10,"P",0,306,0
128,"2j9l","ATP",10,"S",1,306,0.00326797385620915
129,"2npi","ATP",10,"C",298,474,0.628691983122363
129,"2npi","ATP",10,"N",80,474,0.168776371308017
129,"2npi","ATP",10,"O",96,474,0.20253164556962
129,"2npi","ATP",10,"P",0,474,0
129,"2npi","ATP",10,"S",0,474,0
130,"2nt8","ATP",10,"C",167,259,0.644787644787645
130,"2nt8","ATP",10,"N",41,259,0.158301158301158
130,"2nt8","ATP",10,"O",51,259,0.196911196911197
130,"2nt8","ATP",10,"P",0,259,0
130,"2nt8","ATP",10,"S",0,259,0
131,"2nvu","ATP",10,"C",270,429,0.629370629370629
131,"2nvu","ATP",10,"N",75,429,0.174825174825175
131,"2nvu","ATP",10,"O",81,429,0.188811188811189
131,"2nvu","ATP",10,"P",0,429,0
131,"2nvu","ATP",10,"S",3,429,0.00699300699300699
132,"2nyj","ATP",10,"C",162,250,0.648
132,"2nyj","ATP",10,"N",47,250,0.188
132,"2nyj","ATP",10,"O",41,250,0.164
132,"2nyj","ATP",10,"P",0,250,0
132,"2nyj","ATP",10,"S",0,250,0
133,"2o0h","ATP",10,"C",205,327,0.62691131498471
133,"2o0h","ATP",10,"N",65,327,0.198776758409786
133,"2o0h","ATP",10,"O",56,327,0.171253822629969
133,"2o0h","ATP",10,"P",0,327,0
133,"2o0h","ATP",10,"S",1,327,0.00305810397553517
134,"2ogx","ATP",10,"C",287,466,0.61587982832618
134,"2ogx","ATP",10,"N",92,466,0.197424892703863
134,"2ogx","ATP",10,"O",87,466,0.186695278969957
134,"2ogx","ATP",10,"P",0,466,0
134,"2ogx","ATP",10,"S",0,466,0
135,"2oh5","ATP",10,"C",117,192,0.609375
135,"2oh5","ATP",10,"N",42,192,0.21875
135,"2oh5","ATP",10,"O",33,192,0.171875
135,"2oh5","ATP",10,"P",0,192,0
135,"2oh5","ATP",10,"S",0,192,0
136,"2p09","ATP",10,"C",148,245,0.604081632653061
136,"2p09","ATP",10,"N",49,245,0.2
136,"2p09","ATP",10,"O",44,245,0.179591836734694
136,"2p09","ATP",10,"P",0,245,0
136,"2p09","ATP",10,"S",4,245,0.0163265306122449
137,"2pbz","ATP",10,"C",263,415,0.633734939759036
137,"2pbz","ATP",10,"N",75,415,0.180722891566265
137,"2pbz","ATP",10,"O",77,415,0.185542168674699
137,"2pbz","ATP",10,"P",0,415,0
137,"2pbz","ATP",10,"S",0,415,0
138,"2q7g","ATP",10,"C",240,370,0.648648648648649
138,"2q7g","ATP",10,"N",62,370,0.167567567567568
138,"2q7g","ATP",10,"O",63,370,0.17027027027027
138,"2q7g","ATP",10,"P",0,370,0
138,"2q7g","ATP",10,"S",5,370,0.0135135135135135
139,"1a8p","FAD",10,"C",284,431,0.658932714617169
139,"1a8p","FAD",10,"N",70,431,0.162412993039443
139,"1a8p","FAD",10,"O",75,431,0.174013921113689
139,"1a8p","FAD",10,"P",0,431,0
139,"1a8p","FAD",10,"S",2,431,0.00464037122969838
140,"1b37","FAD",10,"C",523,809,0.646477132262052
140,"1b37","FAD",10,"N",134,809,0.165636588380717
140,"1b37","FAD",10,"O",149,809,0.184177997527812
140,"1b37","FAD",10,"P",0,809,0
140,"1b37","FAD",10,"S",3,809,0.00370828182941904
141,"1b5t","FAD",10,"C",342,538,0.635687732342007
141,"1b5t","FAD",10,"N",96,538,0.178438661710037
141,"1b5t","FAD",10,"O",98,538,0.182156133828996
141,"1b5t","FAD",10,"P",0,538,0
141,"1b5t","FAD",10,"S",2,538,0.00371747211895911
142,"1bf3","FAD",10,"C",451,711,0.634317862165963
142,"1bf3","FAD",10,"N",130,711,0.182841068917018
142,"1bf3","FAD",10,"O",127,711,0.178621659634318
142,"1bf3","FAD",10,"P",0,711,0
142,"1bf3","FAD",10,"S",3,711,0.00421940928270042
143,"1c0i","FAD",10,"C",481,750,0.641333333333333
143,"1c0i","FAD",10,"N",129,750,0.172
143,"1c0i","FAD",10,"O",137,750,0.182666666666667
143,"1c0i","FAD",10,"P",0,750,0
143,"1c0i","FAD",10,"S",3,750,0.004
144,"1cf3","FAD",10,"C",494,770,0.641558441558442
144,"1cf3","FAD",10,"N",133,770,0.172727272727273
144,"1cf3","FAD",10,"O",140,770,0.181818181818182
144,"1cf3","FAD",10,"P",0,770,0
144,"1cf3","FAD",10,"S",3,770,0.0038961038961039
145,"1cqx","FAD",10,"C",331,513,0.645224171539961
145,"1cqx","FAD",10,"N",89,513,0.173489278752437
145,"1cqx","FAD",10,"O",92,513,0.179337231968811
145,"1cqx","FAD",10,"P",0,513,0
145,"1cqx","FAD",10,"S",1,513,0.00194931773879142
146,"1d4c","FAD",10,"C",474,766,0.618798955613577
146,"1d4c","FAD",10,"N",148,766,0.193211488250653
146,"1d4c","FAD",10,"O",139,766,0.181462140992167
146,"1d4c","FAD",10,"P",0,766,0
146,"1d4c","FAD",10,"S",5,766,0.00652741514360313
147,"1e8g","FAD",10,"C",481,741,0.649122807017544
147,"1e8g","FAD",10,"N",122,741,0.164642375168691
147,"1e8g","FAD",10,"O",133,741,0.17948717948718
147,"1e8g","FAD",10,"P",0,741,0
147,"1e8g","FAD",10,"S",5,741,0.0067476383265857
148,"1efp","FAD",10,"C",267,415,0.643373493975904
148,"1efp","FAD",10,"N",73,415,0.175903614457831
148,"1efp","FAD",10,"O",74,415,0.178313253012048
148,"1efp","FAD",10,"P",0,415,0
148,"1efp","FAD",10,"S",1,415,0.00240963855421687
149,"1el7","FAD",10,"C",511,777,0.657657657657658
149,"1el7","FAD",10,"N",137,777,0.176319176319176
149,"1el7","FAD",10,"O",123,777,0.158301158301158
149,"1el7","FAD",10,"P",0,777,0
149,"1el7","FAD",10,"S",6,777,0.00772200772200772
150,"1ep1","FAD",10,"C",303,470,0.64468085106383
150,"1ep1","FAD",10,"N",82,470,0.174468085106383
150,"1ep1","FAD",10,"O",79,470,0.168085106382979
150,"1ep1","FAD",10,"P",0,470,0
150,"1ep1","FAD",10,"S",6,470,0.0127659574468085
151,"1evi","FAD",10,"C",499,754,0.661803713527852
151,"1evi","FAD",10,"N",124,754,0.164456233421751
151,"1evi","FAD",10,"O",129,754,0.171087533156499
151,"1evi","FAD",10,"P",0,754,0
151,"1evi","FAD",10,"S",2,754,0.0026525198938992
152,"1f0x","FAD",10,"C",451,716,0.629888268156425
152,"1f0x","FAD",10,"N",130,716,0.181564245810056
152,"1f0x","FAD",10,"O",130,716,0.181564245810056
152,"1f0x","FAD",10,"P",0,716,0
152,"1f0x","FAD",10,"S",5,716,0.00698324022346369
153,"1f3p","FAD",10,"C",443,686,0.645772594752187
153,"1f3p","FAD",10,"N",117,686,0.170553935860058
153,"1f3p","FAD",10,"O",125,686,0.182215743440233
153,"1f3p","FAD",10,"P",0,686,0
153,"1f3p","FAD",10,"S",1,686,0.00145772594752187
154,"1f8r","FAD",10,"C",518,797,0.649937264742785
154,"1f8r","FAD",10,"N",139,797,0.174404015056462
154,"1f8r","FAD",10,"O",134,797,0.168130489335006
154,"1f8r","FAD",10,"P",0,797,0
154,"1f8r","FAD",10,"S",6,797,0.00752823086574655
155,"1fcd","FAD",10,"C",475,734,0.647138964577657
155,"1fcd","FAD",10,"N",124,734,0.168937329700272
155,"1fcd","FAD",10,"O",130,734,0.177111716621253
155,"1fcd","FAD",10,"P",0,734,0
155,"1fcd","FAD",10,"S",5,734,0.00681198910081744
156,"1foh","FAD",10,"C",416,668,0.622754491017964
156,"1foh","FAD",10,"N",125,668,0.187125748502994
156,"1foh","FAD",10,"O",121,668,0.181137724550898
156,"1foh","FAD",10,"P",0,668,0
156,"1foh","FAD",10,"S",6,668,0.00898203592814371
157,"1gos","FAD",10,"C",495,769,0.64369310793238
157,"1gos","FAD",10,"N",131,769,0.170351105331599
157,"1gos","FAD",10,"O",137,769,0.17815344603381
157,"1gos","FAD",10,"P",0,769,0
157,"1gos","FAD",10,"S",6,769,0.00780234070221066
158,"1gt8","FAD",10,"C",466,730,0.638356164383562
158,"1gt8","FAD",10,"N",121,730,0.165753424657534
158,"1gt8","FAD",10,"O",139,730,0.19041095890411
158,"1gt8","FAD",10,"P",0,730,0
158,"1gt8","FAD",10,"S",4,730,0.00547945205479452
159,"1gv4","FAD",10,"C",477,733,0.65075034106412
159,"1gv4","FAD",10,"N",127,733,0.173260572987722
159,"1gv4","FAD",10,"O",126,733,0.171896316507503
159,"1gv4","FAD",10,"P",0,733,0
159,"1gv4","FAD",10,"S",3,733,0.00409276944065484
160,"1h69","FAD",10,"C",267,406,0.657635467980296
160,"1h69","FAD",10,"N",65,406,0.160098522167488
160,"1h69","FAD",10,"O",71,406,0.17487684729064
160,"1h69","FAD",10,"P",0,406,0
160,"1h69","FAD",10,"S",3,406,0.00738916256157635
161,"1hsk","FAD",10,"C",430,669,0.642750373692078
161,"1hsk","FAD",10,"N",114,669,0.170403587443946
161,"1hsk","FAD",10,"O",121,669,0.180866965620329
161,"1hsk","FAD",10,"P",0,669,0
161,"1hsk","FAD",10,"S",4,669,0.00597907324364723
162,"1i19","FAD",10,"C",499,758,0.658311345646438
162,"1i19","FAD",10,"N",124,758,0.163588390501319
162,"1i19","FAD",10,"O",127,758,0.16754617414248
162,"1i19","FAD",10,"P",0,758,0
162,"1i19","FAD",10,"S",8,758,0.0105540897097625
163,"1i8t","FAD",10,"C",486,722,0.673130193905817
163,"1i8t","FAD",10,"N",115,722,0.159279778393352
163,"1i8t","FAD",10,"O",118,722,0.163434903047091
163,"1i8t","FAD",10,"P",0,722,0
163,"1i8t","FAD",10,"S",3,722,0.00415512465373961
164,"1iqr","FAD",10,"C",415,631,0.657686212361331
164,"1iqr","FAD",10,"N",111,631,0.175911251980983
164,"1iqr","FAD",10,"O",103,631,0.163232963549921
164,"1iqr","FAD",10,"P",0,631,0
164,"1iqr","FAD",10,"S",2,631,0.00316957210776545
165,"1is2","FAD",10,"C",290,455,0.637362637362637
165,"1is2","FAD",10,"N",82,455,0.18021978021978
165,"1is2","FAD",10,"O",80,455,0.175824175824176
165,"1is2","FAD",10,"P",0,455,0
165,"1is2","FAD",10,"S",3,455,0.00659340659340659
166,"1jqi","FAD",10,"C",284,442,0.642533936651584
166,"1jqi","FAD",10,"N",74,442,0.167420814479638
166,"1jqi","FAD",10,"O",83,442,0.187782805429864
166,"1jqi","FAD",10,"P",0,442,0
166,"1jqi","FAD",10,"S",1,442,0.00226244343891403
167,"1jr8","FAD",10,"C",314,482,0.651452282157676
167,"1jr8","FAD",10,"N",81,482,0.16804979253112
167,"1jr8","FAD",10,"O",82,482,0.170124481327801
167,"1jr8","FAD",10,"P",0,482,0
167,"1jr8","FAD",10,"S",5,482,0.0103734439834025
168,"1jsc","FAD",10,"C",348,564,0.617021276595745
168,"1jsc","FAD",10,"N",108,564,0.191489361702128
168,"1jsc","FAD",10,"O",105,564,0.186170212765957
168,"1jsc","FAD",10,"P",0,564,0
168,"1jsc","FAD",10,"S",3,564,0.00531914893617021
169,"1ju2","FAD",10,"C",529,832,0.635817307692308
169,"1ju2","FAD",10,"N",151,832,0.181490384615385
169,"1ju2","FAD",10,"O",150,832,0.180288461538462
169,"1ju2","FAD",10,"P",0,832,0
169,"1ju2","FAD",10,"S",2,832,0.00240384615384615
170,"1krh","FAD",10,"C",316,494,0.639676113360324
170,"1krh","FAD",10,"N",80,494,0.161943319838057
170,"1krh","FAD",10,"O",94,494,0.190283400809717
170,"1krh","FAD",10,"P",0,494,0
170,"1krh","FAD",10,"S",4,494,0.00809716599190283
171,"1lvl","FAD",10,"C",426,659,0.646433990895296
171,"1lvl","FAD",10,"N",117,659,0.177541729893778
171,"1lvl","FAD",10,"O",111,659,0.168437025796662
171,"1lvl","FAD",10,"P",0,659,0
171,"1lvl","FAD",10,"S",5,659,0.00758725341426404
172,"1mbb","FAD",10,"C",461,719,0.641168289290681
172,"1mbb","FAD",10,"N",130,719,0.180806675938804
172,"1mbb","FAD",10,"O",127,719,0.17663421418637
172,"1mbb","FAD",10,"P",0,719,0
172,"1mbb","FAD",10,"S",1,719,0.00139082058414465
173,"1mo9","FAD",10,"C",435,683,0.636896046852123
173,"1mo9","FAD",10,"N",130,683,0.190336749633968
173,"1mo9","FAD",10,"O",113,683,0.165446559297218
173,"1mo9","FAD",10,"P",0,683,0
173,"1mo9","FAD",10,"S",5,683,0.00732064421669107
174,"1n5w","FAD",10,"C",195,315,0.619047619047619
174,"1n5w","FAD",10,"N",62,315,0.196825396825397
174,"1n5w","FAD",10,"O",57,315,0.180952380952381
174,"1n5w","FAD",10,"P",0,315,0
174,"1n5w","FAD",10,"S",1,315,0.00317460317460317
175,"1ng4","FAD",10,"C",487,745,0.653691275167785
175,"1ng4","FAD",10,"N",124,745,0.166442953020134
175,"1ng4","FAD",10,"O",127,745,0.170469798657718
175,"1ng4","FAD",10,"P",0,745,0
175,"1ng4","FAD",10,"S",7,745,0.00939597315436242
176,"1o2b","FAD",10,"C",145,240,0.604166666666667
176,"1o2b","FAD",10,"N",55,240,0.229166666666667
176,"1o2b","FAD",10,"O",40,240,0.166666666666667
176,"1o2b","FAD",10,"P",0,240,0
176,"1o2b","FAD",10,"S",0,240,0
177,"1p3y","FAD",10,"C",208,330,0.63030303030303
177,"1p3y","FAD",10,"N",58,330,0.175757575757576
177,"1p3y","FAD",10,"O",60,330,0.181818181818182
177,"1p3y","FAD",10,"P",0,330,0
177,"1p3y","FAD",10,"S",4,330,0.0121212121212121
178,"1pj5","FAD",10,"C",493,751,0.656458055925433
178,"1pj5","FAD",10,"N",130,751,0.173102529960053
178,"1pj5","FAD",10,"O",124,751,0.165113182423435
178,"1pj5","FAD",10,"P",0,751,0
178,"1pj5","FAD",10,"S",4,751,0.00532623169107856
179,"1pox","FAD",10,"C",407,633,0.642969984202212
179,"1pox","FAD",10,"N",111,633,0.175355450236967
179,"1pox","FAD",10,"O",113,633,0.178515007898894
179,"1pox","FAD",10,"P",0,633,0
179,"1pox","FAD",10,"S",2,633,0.00315955766192733
180,"1ps9","FAD",10,"C",448,694,0.645533141210375
180,"1ps9","FAD",10,"N",121,694,0.174351585014409
180,"1ps9","FAD",10,"O",122,694,0.175792507204611
180,"1ps9","FAD",10,"P",0,694,0
180,"1ps9","FAD",10,"S",3,694,0.00432276657060519
181,"1r2j","FAD",10,"C",295,471,0.626326963906582
181,"1r2j","FAD",10,"N",83,471,0.176220806794055
181,"1r2j","FAD",10,"O",87,471,0.184713375796178
181,"1r2j","FAD",10,"P",0,471,0
181,"1r2j","FAD",10,"S",6,471,0.0127388535031847
182,"1rp4","FAD",10,"C",377,589,0.640067911714771
182,"1rp4","FAD",10,"N",109,589,0.185059422750424
182,"1rp4","FAD",10,"O",99,589,0.168081494057725
182,"1rp4","FAD",10,"P",0,589,0
182,"1rp4","FAD",10,"S",4,589,0.0067911714770798
183,"1rz1","FAD",10,"C",286,436,0.655963302752294
183,"1rz1","FAD",10,"N",72,436,0.165137614678899
183,"1rz1","FAD",10,"O",78,436,0.178899082568807
183,"1rz1","FAD",10,"P",0,436,0
183,"1rz1","FAD",10,"S",0,436,0
184,"1sez","FAD",10,"C",421,657,0.640791476407915
184,"1sez","FAD",10,"N",114,657,0.17351598173516
184,"1sez","FAD",10,"O",120,657,0.182648401826484
184,"1sez","FAD",10,"P",0,657,0
184,"1sez","FAD",10,"S",2,657,0.0030441400304414
185,"1y56","FAD",10,"C",482,730,0.66027397260274
185,"1y56","FAD",10,"N",120,730,0.164383561643836
185,"1y56","FAD",10,"O",122,730,0.167123287671233
185,"1y56","FAD",10,"P",0,730,0
185,"1y56","FAD",10,"S",6,730,0.00821917808219178
186,"1yqz","FAD",10,"C",422,651,0.648233486943164
186,"1yqz","FAD",10,"N",110,651,0.168970814132104
186,"1yqz","FAD",10,"O",117,651,0.179723502304147
186,"1yqz","FAD",10,"P",0,651,0
186,"1yqz","FAD",10,"S",2,651,0.00307219662058372
187,"1z6l","FAD",10,"C",524,811,0.646115906288533
187,"1z6l","FAD",10,"N",139,811,0.171393341553637
187,"1z6l","FAD",10,"O",143,811,0.17632552404439
187,"1z6l","FAD",10,"P",0,811,0
187,"1z6l","FAD",10,"S",5,811,0.0061652281134402
188,"2axr","FAD",10,"C",479,725,0.660689655172414
188,"2axr","FAD",10,"N",118,725,0.162758620689655
188,"2axr","FAD",10,"O",125,725,0.172413793103448
188,"2axr","FAD",10,"P",0,725,0
188,"2axr","FAD",10,"S",3,725,0.00413793103448276
189,"2b3d","FAD",10,"C",277,415,0.667469879518072
189,"2b3d","FAD",10,"N",70,415,0.168674698795181
189,"2b3d","FAD",10,"O",67,415,0.16144578313253
189,"2b3d","FAD",10,"P",0,415,0
189,"2b3d","FAD",10,"S",1,415,0.00240963855421687
190,"2b9w","FAD",10,"C",514,759,0.677206851119895
190,"2b9w","FAD",10,"N",112,759,0.147562582345191
190,"2b9w","FAD",10,"O",128,759,0.168642951251647
190,"2b9w","FAD",10,"P",0,759,0
190,"2b9w","FAD",10,"S",5,759,0.00658761528326746
191,"2bra","FAD",10,"C",429,648,0.662037037037037
191,"2bra","FAD",10,"N",110,648,0.169753086419753
191,"2bra","FAD",10,"O",106,648,0.16358024691358
191,"2bra","FAD",10,"P",0,648,0
191,"2bra","FAD",10,"S",3,648,0.00462962962962963
192,"2bvf","FAD",10,"C",455,715,0.636363636363636
192,"2bvf","FAD",10,"N",124,715,0.173426573426573
192,"2bvf","FAD",10,"O",132,715,0.184615384615385
192,"2bvf","FAD",10,"P",0,715,0
192,"2bvf","FAD",10,"S",4,715,0.00559440559440559
193,"2c0u","FAD",10,"C",325,505,0.643564356435644
193,"2c0u","FAD",10,"N",87,505,0.172277227722772
193,"2c0u","FAD",10,"O",92,505,0.182178217821782
193,"2c0u","FAD",10,"P",0,505,0
193,"2c0u","FAD",10,"S",1,505,0.00198019801980198
194,"2cfa","FAD",10,"C",185,291,0.63573883161512
194,"2cfa","FAD",10,"N",57,291,0.195876288659794
194,"2cfa","FAD",10,"O",48,291,0.164948453608247
194,"2cfa","FAD",10,"P",0,291,0
194,"2cfa","FAD",10,"S",1,291,0.00343642611683849
195,"2cul","FAD",10,"C",451,682,0.661290322580645
195,"2cul","FAD",10,"N",104,682,0.152492668621701
195,"2cul","FAD",10,"O",123,682,0.180351906158358
195,"2cul","FAD",10,"P",0,682,0
195,"2cul","FAD",10,"S",4,682,0.00586510263929619
196,"2cvj","FAD",10,"C",328,513,0.639376218323587
196,"2cvj","FAD",10,"N",90,513,0.175438596491228
196,"2cvj","FAD",10,"O",94,513,0.183235867446394
196,"2cvj","FAD",10,"P",0,513,0
196,"2cvj","FAD",10,"S",1,513,0.00194931773879142
197,"2cz8","FAD",10,"C",141,218,0.646788990825688
197,"2cz8","FAD",10,"N",39,218,0.178899082568807
197,"2cz8","FAD",10,"O",38,218,0.174311926605505
197,"2cz8","FAD",10,"P",0,218,0
197,"2cz8","FAD",10,"S",0,218,0
198,"2exr","FAD",10,"C",465,715,0.65034965034965
198,"2exr","FAD",10,"N",124,715,0.173426573426573
198,"2exr","FAD",10,"O",126,715,0.176223776223776
198,"2exr","FAD",10,"P",0,715,0
198,"2exr","FAD",10,"S",0,715,0
199,"2f5v","FAD",10,"C",516,800,0.645
199,"2f5v","FAD",10,"N",140,800,0.175
199,"2f5v","FAD",10,"O",136,800,0.17
199,"2f5v","FAD",10,"P",0,800,0
199,"2f5v","FAD",10,"S",8,800,0.01
200,"2fg9","FAD",10,"C",143,223,0.641255605381166
200,"2fg9","FAD",10,"N",37,223,0.165919282511211
200,"2fg9","FAD",10,"O",41,223,0.183856502242152
200,"2fg9","FAD",10,"P",0,223,0
200,"2fg9","FAD",10,"S",2,223,0.00896860986547085
201,"2g37","FAD",10,"C",348,549,0.633879781420765
201,"2g37","FAD",10,"N",103,549,0.187613843351548
201,"2g37","FAD",10,"O",97,549,0.176684881602914
201,"2g37","FAD",10,"P",0,549,0
201,"2g37","FAD",10,"S",1,549,0.00182149362477231
202,"2gag","FAD",10,"C",484,753,0.642762284196547
202,"2gag","FAD",10,"N",134,753,0.177954847277556
202,"2gag","FAD",10,"O",131,753,0.173970783532537
202,"2gag","FAD",10,"P",0,753,0
202,"2gag","FAD",10,"S",4,753,0.00531208499335989
203,"2gj3","FAD",10,"C",297,455,0.652747252747253
203,"2gj3","FAD",10,"N",78,455,0.171428571428571
203,"2gj3","FAD",10,"O",78,455,0.171428571428571
203,"2gj3","FAD",10,"P",0,455,0
203,"2gj3","FAD",10,"S",2,455,0.0043956043956044
204,"2gmh","FAD",10,"C",521,816,0.638480392156863
204,"2gmh","FAD",10,"N",143,816,0.175245098039216
204,"2gmh","FAD",10,"O",144,816,0.176470588235294
204,"2gmh","FAD",10,"P",0,816,0
204,"2gmh","FAD",10,"S",8,816,0.00980392156862745
205,"2gpj","FAD",10,"C",350,544,0.643382352941177
205,"2gpj","FAD",10,"N",95,544,0.174632352941176
205,"2gpj","FAD",10,"O",98,544,0.180147058823529
205,"2gpj","FAD",10,"P",0,544,0
205,"2gpj","FAD",10,"S",1,544,0.00183823529411765
206,"2gqf","FAD",10,"C",446,688,0.648255813953488
206,"2gqf","FAD",10,"N",119,688,0.17296511627907
206,"2gqf","FAD",10,"O",121,688,0.175872093023256
206,"2gqf","FAD",10,"P",0,688,0
206,"2gqf","FAD",10,"S",2,688,0.00290697674418605
207,"2gv8","FAD",10,"C",490,752,0.651595744680851
207,"2gv8","FAD",10,"N",128,752,0.170212765957447
207,"2gv8","FAD",10,"O",132,752,0.175531914893617
207,"2gv8","FAD",10,"P",0,752,0
207,"2gv8","FAD",10,"S",2,752,0.00265957446808511
208,"2hq9","FAD",10,"C",209,302,0.69205298013245
208,"2hq9","FAD",10,"N",50,302,0.165562913907285
208,"2hq9","FAD",10,"O",42,302,0.139072847682119
208,"2hq9","FAD",10,"P",0,302,0
208,"2hq9","FAD",10,"S",1,302,0.0033112582781457
209,"2hti","FAD",10,"C",175,259,0.675675675675676
209,"2hti","FAD",10,"N",44,259,0.16988416988417
209,"2hti","FAD",10,"O",40,259,0.154440154440154
209,"2hti","FAD",10,"P",0,259,0
209,"2hti","FAD",10,"S",0,259,0
210,"2i0z","FAD",10,"C",442,694,0.636887608069164
210,"2i0z","FAD",10,"N",125,694,0.180115273775216
210,"2i0z","FAD",10,"O",125,694,0.180115273775216
210,"2i0z","FAD",10,"P",0,694,0
210,"2i0z","FAD",10,"S",2,694,0.00288184438040346
211,"2ipi","FAD",10,"C",438,660,0.663636363636364
211,"2ipi","FAD",10,"N",108,660,0.163636363636364
211,"2ipi","FAD",10,"O",110,660,0.166666666666667
211,"2ipi","FAD",10,"P",0,660,0
211,"2ipi","FAD",10,"S",4,660,0.00606060606060606
212,"2ivd","FAD",10,"C",452,687,0.657933042212518
212,"2ivd","FAD",10,"N",120,687,0.174672489082969
212,"2ivd","FAD",10,"O",113,687,0.16448326055313
212,"2ivd","FAD",10,"P",0,687,0
212,"2ivd","FAD",10,"S",2,687,0.00291120815138282
213,"2jae","FAD",10,"C",507,798,0.635338345864662
213,"2jae","FAD",10,"N",144,798,0.180451127819549
213,"2jae","FAD",10,"O",140,798,0.175438596491228
213,"2jae","FAD",10,"P",0,798,0
213,"2jae","FAD",10,"S",7,798,0.0087719298245614
214,"2ok7","FAD",10,"C",264,404,0.653465346534653
214,"2ok7","FAD",10,"N",68,404,0.168316831683168
214,"2ok7","FAD",10,"O",68,404,0.168316831683168
214,"2ok7","FAD",10,"P",0,404,0
214,"2ok7","FAD",10,"S",4,404,0.0099009900990099
215,"2uuu","FAD",10,"C",428,680,0.629411764705882
215,"2uuu","FAD",10,"N",121,680,0.177941176470588
215,"2uuu","FAD",10,"O",124,680,0.182352941176471
215,"2uuu","FAD",10,"P",0,680,0
215,"2uuu","FAD",10,"S",7,680,0.0102941176470588
216,"3grs","FAD",10,"C",415,643,0.645412130637636
216,"3grs","FAD",10,"N",111,643,0.172628304821151
216,"3grs","FAD",10,"O",112,643,0.174183514774495
216,"3grs","FAD",10,"P",0,643,0
216,"3grs","FAD",10,"S",5,643,0.00777604976671851
217,"4o8a","FAD",10,"C",467,730,0.63972602739726
217,"4o8a","FAD",10,"N",127,730,0.173972602739726
217,"4o8a","FAD",10,"O",133,730,0.182191780821918
217,"4o8a","FAD",10,"P",0,730,0
217,"4o8a","FAD",10,"S",3,730,0.00410958904109589
218,"1ag9","FMN",10,"C",251,396,0.633838383838384
218,"1ag9","FMN",10,"N",64,396,0.161616161616162
218,"1ag9","FMN",10,"O",78,396,0.196969696969697
218,"1ag9","FMN",10,"P",0,396,0
218,"1ag9","FMN",10,"S",3,396,0.00757575757575758
219,"1bwk","FMN",10,"C",345,530,0.650943396226415
219,"1bwk","FMN",10,"N",93,530,0.175471698113208
219,"1bwk","FMN",10,"O",91,530,0.171698113207547
219,"1bwk","FMN",10,"P",0,530,0
219,"1bwk","FMN",10,"S",1,530,0.00188679245283019
220,"1d3g","FMN",10,"C",372,588,0.63265306122449
220,"1d3g","FMN",10,"N",104,588,0.17687074829932
220,"1d3g","FMN",10,"O",112,588,0.19047619047619
220,"1d3g","FMN",10,"P",0,588,0
220,"1d3g","FMN",10,"S",0,588,0
221,"1dnl","FMN",10,"C",205,319,0.642633228840125
221,"1dnl","FMN",10,"N",61,319,0.191222570532915
221,"1dnl","FMN",10,"O",53,319,0.166144200626959
221,"1dnl","FMN",10,"P",0,319,0
221,"1dnl","FMN",10,"S",0,319,0
222,"1dor","FMN",10,"C",328,535,0.613084112149533
222,"1dor","FMN",10,"N",99,535,0.185046728971963
222,"1dor","FMN",10,"O",104,535,0.194392523364486
222,"1dor","FMN",10,"P",0,535,0
222,"1dor","FMN",10,"S",4,535,0.00747663551401869
223,"1ds7","FMN",10,"C",195,301,0.647840531561462
223,"1ds7","FMN",10,"N",57,301,0.18936877076412
223,"1ds7","FMN",10,"O",48,301,0.159468438538206
223,"1ds7","FMN",10,"P",0,301,0
223,"1ds7","FMN",10,"S",1,301,0.00332225913621262
224,"1e5d","FMN",10,"C",189,292,0.647260273972603
224,"1e5d","FMN",10,"N",50,292,0.171232876712329
224,"1e5d","FMN",10,"O",51,292,0.174657534246575
224,"1e5d","FMN",10,"P",0,292,0
224,"1e5d","FMN",10,"S",2,292,0.00684931506849315
225,"1ea0","FMN",10,"C",318,523,0.608030592734226
225,"1ea0","FMN",10,"N",96,523,0.183556405353728
225,"1ea0","FMN",10,"O",102,523,0.195028680688337
225,"1ea0","FMN",10,"P",0,523,0
225,"1ea0","FMN",10,"S",7,523,0.0133843212237094
226,"1eje","FMN",10,"C",281,451,0.623059866962306
226,"1eje","FMN",10,"N",86,451,0.190687361419069
226,"1eje","FMN",10,"O",82,451,0.181818181818182
226,"1eje","FMN",10,"P",0,451,0
226,"1eje","FMN",10,"S",2,451,0.00443458980044346
227,"1f5v","FMN",10,"C",205,326,0.628834355828221
227,"1f5v","FMN",10,"N",68,326,0.208588957055215
227,"1f5v","FMN",10,"O",52,326,0.159509202453988
227,"1f5v","FMN",10,"P",0,326,0
227,"1f5v","FMN",10,"S",1,326,0.00306748466257669
228,"1fla","FMN",10,"C",185,298,0.620805369127517
228,"1fla","FMN",10,"N",49,298,0.164429530201342
228,"1fla","FMN",10,"O",61,298,0.204697986577181
228,"1fla","FMN",10,"P",0,298,0
228,"1fla","FMN",10,"S",3,298,0.0100671140939597
229,"1g28","FMN",10,"C",294,443,0.663656884875847
229,"1g28","FMN",10,"N",76,443,0.171557562076749
229,"1g28","FMN",10,"O",72,443,0.162528216704289
229,"1g28","FMN",10,"P",0,443,0
229,"1g28","FMN",10,"S",1,443,0.00225733634311512
230,"1g63","FMN",10,"C",192,304,0.631578947368421
230,"1g63","FMN",10,"N",53,304,0.174342105263158
230,"1g63","FMN",10,"O",55,304,0.180921052631579
230,"1g63","FMN",10,"P",0,304,0
230,"1g63","FMN",10,"S",4,304,0.0131578947368421
231,"1he4","FMN",10,"C",188,293,0.641638225255973
231,"1he4","FMN",10,"N",50,293,0.170648464163823
231,"1he4","FMN",10,"O",52,293,0.177474402730375
231,"1he4","FMN",10,"P",0,293,0
231,"1he4","FMN",10,"S",3,293,0.0102389078498294
232,"1i0r","FMN",10,"C",286,440,0.65
232,"1i0r","FMN",10,"N",72,440,0.163636363636364
232,"1i0r","FMN",10,"O",78,440,0.177272727272727
232,"1i0r","FMN",10,"P",0,440,0
232,"1i0r","FMN",10,"S",4,440,0.00909090909090909
233,"1ja1","FMN",10,"C",265,425,0.623529411764706
233,"1ja1","FMN",10,"N",75,425,0.176470588235294
233,"1ja1","FMN",10,"O",83,425,0.195294117647059
233,"1ja1","FMN",10,"P",0,425,0
233,"1ja1","FMN",10,"S",2,425,0.00470588235294118
234,"1kbi","FMN",10,"C",330,527,0.62618595825427
234,"1kbi","FMN",10,"N",95,527,0.180265654648956
234,"1kbi","FMN",10,"O",100,527,0.189753320683112
234,"1kbi","FMN",10,"P",0,527,0
234,"1kbi","FMN",10,"S",2,527,0.00379506641366224
235,"1mvl","FMN",10,"C",185,289,0.640138408304498
235,"1mvl","FMN",10,"N",48,289,0.166089965397924
235,"1mvl","FMN",10,"O",53,289,0.183391003460208
235,"1mvl","FMN",10,"P",0,289,0
235,"1mvl","FMN",10,"S",3,289,0.0103806228373702
236,"1nfp","FMN",10,"C",155,237,0.654008438818565
236,"1nfp","FMN",10,"N",36,237,0.151898734177215
236,"1nfp","FMN",10,"O",45,237,0.189873417721519
236,"1nfp","FMN",10,"P",0,237,0
236,"1nfp","FMN",10,"S",1,237,0.00421940928270042
237,"1nni","FMN",10,"C",176,284,0.619718309859155
237,"1nni","FMN",10,"N",57,284,0.200704225352113
237,"1nni","FMN",10,"O",51,284,0.179577464788732
237,"1nni","FMN",10,"P",0,284,0
237,"1nni","FMN",10,"S",0,284,0
238,"1nox","FMN",10,"C",185,288,0.642361111111111
238,"1nox","FMN",10,"N",54,288,0.1875
238,"1nox","FMN",10,"O",48,288,0.166666666666667
238,"1nox","FMN",10,"P",0,288,0
238,"1nox","FMN",10,"S",1,288,0.00347222222222222
239,"1p4c","FMN",10,"C",324,511,0.634050880626223
239,"1p4c","FMN",10,"N",91,511,0.178082191780822
239,"1p4c","FMN",10,"O",95,511,0.185909980430528
239,"1p4c","FMN",10,"P",0,511,0
239,"1p4c","FMN",10,"S",1,511,0.00195694716242661
240,"1p4m","FMN",10,"C",250,393,0.636132315521629
240,"1p4m","FMN",10,"N",70,393,0.178117048346056
240,"1p4m","FMN",10,"O",71,393,0.180661577608142
240,"1p4m","FMN",10,"P",0,393,0
240,"1p4m","FMN",10,"S",2,393,0.00508905852417303
241,"1rlj","FMN",10,"C",211,330,0.639393939393939
241,"1rlj","FMN",10,"N",56,330,0.16969696969697
241,"1rlj","FMN",10,"O",63,330,0.190909090909091
241,"1rlj","FMN",10,"P",0,330,0
241,"1rlj","FMN",10,"S",0,330,0
242,"1t0i","FMN",10,"C",199,312,0.637820512820513
242,"1t0i","FMN",10,"N",57,312,0.182692307692308
242,"1t0i","FMN",10,"O",53,312,0.169871794871795
242,"1t0i","FMN",10,"P",0,312,0
242,"1t0i","FMN",10,"S",3,312,0.00961538461538462
243,"1t57","FMN",10,"C",255,416,0.612980769230769
243,"1t57","FMN",10,"N",83,416,0.199519230769231
243,"1t57","FMN",10,"O",77,416,0.185096153846154
243,"1t57","FMN",10,"P",0,416,0
243,"1t57","FMN",10,"S",1,416,0.00240384615384615
244,"1t5b","FMN",10,"C",203,322,0.630434782608696
244,"1t5b","FMN",10,"N",56,322,0.173913043478261
244,"1t5b","FMN",10,"O",62,322,0.192546583850932
244,"1t5b","FMN",10,"P",0,322,0
244,"1t5b","FMN",10,"S",1,322,0.0031055900621118
245,"1t6y","FMN",10,"C",204,322,0.633540372670807
245,"1t6y","FMN",10,"N",59,322,0.183229813664596
245,"1t6y","FMN",10,"O",57,322,0.177018633540373
245,"1t6y","FMN",10,"P",0,322,0
245,"1t6y","FMN",10,"S",2,322,0.0062111801242236
246,"1um0","FMN",10,"C",257,412,0.62378640776699
246,"1um0","FMN",10,"N",78,412,0.189320388349515
246,"1um0","FMN",10,"O",74,412,0.179611650485437
246,"1um0","FMN",10,"P",0,412,0
246,"1um0","FMN",10,"S",3,412,0.00728155339805825
247,"1usc","FMN",10,"C",309,474,0.651898734177215
247,"1usc","FMN",10,"N",85,474,0.179324894514768
247,"1usc","FMN",10,"O",78,474,0.164556962025316
247,"1usc","FMN",10,"P",0,474,0
247,"1usc","FMN",10,"S",2,474,0.00421940928270042
248,"1vhn","FMN",10,"C",281,430,0.653488372093023
248,"1vhn","FMN",10,"N",73,430,0.169767441860465
248,"1vhn","FMN",10,"O",75,430,0.174418604651163
248,"1vhn","FMN",10,"P",0,430,0
248,"1vhn","FMN",10,"S",1,430,0.00232558139534884
249,"1x77","FMN",10,"C",176,285,0.617543859649123
249,"1x77","FMN",10,"N",54,285,0.189473684210526
249,"1x77","FMN",10,"O",55,285,0.192982456140351
249,"1x77","FMN",10,"P",0,285,0
249,"1x77","FMN",10,"S",0,285,0
250,"1y30","FMN",10,"C",174,270,0.644444444444444
250,"1y30","FMN",10,"N",50,270,0.185185185185185
250,"1y30","FMN",10,"O",45,270,0.166666666666667
250,"1y30","FMN",10,"P",0,270,0
250,"1y30","FMN",10,"S",1,270,0.0037037037037037
251,"1yrh","FMN",10,"C",187,308,0.607142857142857
251,"1yrh","FMN",10,"N",56,308,0.181818181818182
251,"1yrh","FMN",10,"O",65,308,0.211038961038961
251,"1yrh","FMN",10,"P",0,308,0
251,"1yrh","FMN",10,"S",0,308,0
252,"2b67","FMN",10,"C",179,283,0.632508833922262
252,"2b67","FMN",10,"N",54,283,0.190812720848057
252,"2b67","FMN",10,"O",50,283,0.176678445229682
252,"2b67","FMN",10,"P",0,283,0
252,"2b67","FMN",10,"S",0,283,0
253,"2d37","FMN",10,"C",245,371,0.660377358490566
253,"2d37","FMN",10,"N",61,371,0.164420485175202
253,"2d37","FMN",10,"O",64,371,0.172506738544474
253,"2d37","FMN",10,"P",0,371,0
253,"2d37","FMN",10,"S",1,371,0.00269541778975741
254,"2d5m","FMN",10,"C",293,442,0.66289592760181
254,"2d5m","FMN",10,"N",71,442,0.160633484162896
254,"2d5m","FMN",10,"O",76,442,0.171945701357466
254,"2d5m","FMN",10,"P",0,442,0
254,"2d5m","FMN",10,"S",2,442,0.00452488687782805
255,"2fre","FMN",10,"C",205,319,0.642633228840125
255,"2fre","FMN",10,"N",65,319,0.203761755485893
255,"2fre","FMN",10,"O",49,319,0.153605015673981
255,"2fre","FMN",10,"P",0,319,0
255,"2fre","FMN",10,"S",0,319,0
256,"2gjl","FMN",10,"C",322,505,0.637623762376238
256,"2gjl","FMN",10,"N",87,505,0.172277227722772
256,"2gjl","FMN",10,"O",89,505,0.176237623762376
256,"2gjl","FMN",10,"P",0,505,0
256,"2gjl","FMN",10,"S",7,505,0.0138613861386139
257,"2h0u","FMN",10,"C",143,230,0.621739130434783
257,"2h0u","FMN",10,"N",41,230,0.178260869565217
257,"2h0u","FMN",10,"O",44,230,0.191304347826087
257,"2h0u","FMN",10,"P",0,230,0
257,"2h0u","FMN",10,"S",2,230,0.00869565217391304
258,"2h8x","FMN",10,"C",289,440,0.656818181818182
258,"2h8x","FMN",10,"N",80,440,0.181818181818182
258,"2h8x","FMN",10,"O",67,440,0.152272727272727
258,"2h8x","FMN",10,"P",0,440,0
258,"2h8x","FMN",10,"S",4,440,0.00909090909090909
259,"2hfn","FMN",10,"C",255,405,0.62962962962963
259,"2hfn","FMN",10,"N",72,405,0.177777777777778
259,"2hfn","FMN",10,"O",77,405,0.190123456790123
259,"2hfn","FMN",10,"P",0,405,0
259,"2hfn","FMN",10,"S",1,405,0.00246913580246914
260,"2i02","FMN",10,"C",203,295,0.688135593220339
260,"2i02","FMN",10,"N",42,295,0.142372881355932
260,"2i02","FMN",10,"O",50,295,0.169491525423729
260,"2i02","FMN",10,"P",0,295,0
260,"2i02","FMN",10,"S",0,295,0
261,"2i51","FMN",10,"C",207,310,0.667741935483871
261,"2i51","FMN",10,"N",53,310,0.170967741935484
261,"2i51","FMN",10,"O",49,310,0.158064516129032
261,"2i51","FMN",10,"P",0,310,0
261,"2i51","FMN",10,"S",1,310,0.0032258064516129
262,"2i7h","FMN",10,"C",169,267,0.632958801498127
262,"2i7h","FMN",10,"N",58,267,0.217228464419476
262,"2i7h","FMN",10,"O",38,267,0.142322097378277
262,"2i7h","FMN",10,"P",0,267,0
262,"2i7h","FMN",10,"S",2,267,0.00749063670411985
263,"2ifa","FMN",10,"C",178,272,0.654411764705882
263,"2ifa","FMN",10,"N",50,272,0.183823529411765
263,"2ifa","FMN",10,"O",44,272,0.161764705882353
263,"2ifa","FMN",10,"P",0,272,0
263,"2ifa","FMN",10,"S",0,272,0
264,"2ig6","FMN",10,"C",191,283,0.674911660777385
264,"2ig6","FMN",10,"N",45,283,0.159010600706714
264,"2ig6","FMN",10,"O",45,283,0.159010600706714
264,"2ig6","FMN",10,"P",0,283,0
264,"2ig6","FMN",10,"S",2,283,0.00706713780918728
265,"2iml","FMN",10,"C",252,395,0.637974683544304
265,"2iml","FMN",10,"N",71,395,0.179746835443038
265,"2iml","FMN",10,"O",72,395,0.182278481012658
265,"2iml","FMN",10,"P",0,395,0
265,"2iml","FMN",10,"S",0,395,0
266,"2isj","FMN",10,"C",250,371,0.673854447439353
266,"2isj","FMN",10,"N",64,371,0.172506738544474
266,"2isj","FMN",10,"O",56,371,0.150943396226415
266,"2isj","FMN",10,"P",0,371,0
266,"2isj","FMN",10,"S",1,371,0.00269541778975741
267,"2iyg","FMN",10,"C",257,405,0.634567901234568
267,"2iyg","FMN",10,"N",75,405,0.185185185185185
267,"2iyg","FMN",10,"O",71,405,0.175308641975309
267,"2iyg","FMN",10,"P",0,405,0
267,"2iyg","FMN",10,"S",2,405,0.00493827160493827
268,"2jbs","FMN",10,"C",258,392,0.658163265306122
268,"2jbs","FMN",10,"N",64,392,0.163265306122449
268,"2jbs","FMN",10,"O",68,392,0.173469387755102
268,"2jbs","FMN",10,"P",0,392,0
268,"2jbs","FMN",10,"S",2,392,0.00510204081632653
269,"2ohh","FMN",10,"C",181,283,0.639575971731449
269,"2ohh","FMN",10,"N",44,283,0.15547703180212
269,"2ohh","FMN",10,"O",54,283,0.190812720848057
269,"2ohh","FMN",10,"P",0,283,0
269,"2ohh","FMN",10,"S",4,283,0.0141342756183746
270,"2ou5","FMN",10,"C",193,304,0.634868421052632
270,"2ou5","FMN",10,"N",57,304,0.1875
270,"2ou5","FMN",10,"O",54,304,0.177631578947368
270,"2ou5","FMN",10,"P",0,304,0
270,"2ou5","FMN",10,"S",0,304,0
271,"2oys","FMN",10,"C",170,273,0.622710622710623
271,"2oys","FMN",10,"N",45,273,0.164835164835165
271,"2oys","FMN",10,"O",58,273,0.212454212454212
271,"2oys","FMN",10,"P",0,273,0
271,"2oys","FMN",10,"S",0,273,0
272,"2pia","FMN",10,"C",290,478,0.606694560669456
272,"2pia","FMN",10,"N",87,478,0.182008368200837
272,"2pia","FMN",10,"O",95,478,0.198744769874477
272,"2pia","FMN",10,"P",0,478,0
272,"2pia","FMN",10,"S",6,478,0.0125523012552301
273,"2ptf","FMN",10,"C",215,334,0.643712574850299
273,"2ptf","FMN",10,"N",55,334,0.164670658682635
273,"2ptf","FMN",10,"O",64,334,0.191616766467066
273,"2ptf","FMN",10,"P",0,334,0
273,"2ptf","FMN",10,"S",0,334,0
274,"2uv8","FMN",10,"C",348,536,0.649253731343284
274,"2uv8","FMN",10,"N",95,536,0.177238805970149
274,"2uv8","FMN",10,"O",89,536,0.166044776119403
274,"2uv8","FMN",10,"P",0,536,0
274,"2uv8","FMN",10,"S",4,536,0.00746268656716418
275,"1a47","GLC",10,"C",103,151,0.682119205298013
275,"1a47","GLC",10,"N",23,151,0.152317880794702
275,"1a47","GLC",10,"O",25,151,0.165562913907285
275,"1a47","GLC",10,"P",0,151,0
275,"1a47","GLC",10,"S",0,151,0
276,"1a65","GLC",10,"C",97,144,0.673611111111111
276,"1a65","GLC",10,"N",24,144,0.166666666666667
276,"1a65","GLC",10,"O",23,144,0.159722222222222
276,"1a65","GLC",10,"P",0,144,0
276,"1a65","GLC",10,"S",0,144,0
277,"1af6","GLC",10,"C",151,255,0.592156862745098
277,"1af6","GLC",10,"N",50,255,0.196078431372549
277,"1af6","GLC",10,"O",54,255,0.211764705882353
277,"1af6","GLC",10,"P",0,255,0
277,"1af6","GLC",10,"S",0,255,0
278,"1anf","GLC",10,"C",214,319,0.670846394984326
278,"1anf","GLC",10,"N",51,319,0.15987460815047
278,"1anf","GLC",10,"O",52,319,0.163009404388715
278,"1anf","GLC",10,"P",0,319,0
278,"1anf","GLC",10,"S",2,319,0.00626959247648903
279,"1b1y","GLC",10,"C",201,328,0.61280487804878
279,"1b1y","GLC",10,"N",61,328,0.185975609756098
279,"1b1y","GLC",10,"O",63,328,0.192073170731707
279,"1b1y","GLC",10,"P",0,328,0
279,"1b1y","GLC",10,"S",3,328,0.00914634146341463
280,"1b2y","GLC",10,"C",169,259,0.652509652509653
280,"1b2y","GLC",10,"N",46,259,0.177606177606178
280,"1b2y","GLC",10,"O",43,259,0.166023166023166
280,"1b2y","GLC",10,"P",0,259,0
280,"1b2y","GLC",10,"S",1,259,0.00386100386100386
281,"1bag","GLC",10,"C",116,181,0.640883977900553
281,"1bag","GLC",10,"N",32,181,0.176795580110497
281,"1bag","GLC",10,"O",33,181,0.18232044198895
281,"1bag","GLC",10,"P",0,181,0
281,"1bag","GLC",10,"S",0,181,0
282,"1bdg","GLC",10,"C",232,363,0.639118457300275
282,"1bdg","GLC",10,"N",63,363,0.173553719008264
282,"1bdg","GLC",10,"O",66,363,0.181818181818182
282,"1bdg","GLC",10,"P",0,363,0
282,"1bdg","GLC",10,"S",2,363,0.00550964187327824
283,"1bg9","GLC",10,"C",110,169,0.650887573964497
283,"1bg9","GLC",10,"N",27,169,0.159763313609467
283,"1bg9","GLC",10,"O",31,169,0.183431952662722
283,"1bg9","GLC",10,"P",0,169,0
283,"1bg9","GLC",10,"S",1,169,0.00591715976331361
284,"1c1l","GLC",10,"C",93,156,0.596153846153846
284,"1c1l","GLC",10,"N",32,156,0.205128205128205
284,"1c1l","GLC",10,"O",31,156,0.198717948717949
284,"1c1l","GLC",10,"P",0,156,0
284,"1c1l","GLC",10,"S",0,156,0
285,"1cel","GLC",10,"C",103,166,0.620481927710843
285,"1cel","GLC",10,"N",28,166,0.168674698795181
285,"1cel","GLC",10,"O",35,166,0.210843373493976
285,"1cel","GLC",10,"P",0,166,0
285,"1cel","GLC",10,"S",0,166,0
286,"1cen","GLC",10,"C",129,205,0.629268292682927
286,"1cen","GLC",10,"N",37,205,0.180487804878049
286,"1cen","GLC",10,"O",38,205,0.185365853658537
286,"1cen","GLC",10,"P",0,205,0
286,"1cen","GLC",10,"S",1,205,0.0048780487804878
287,"1cq1","GLC",10,"C",156,266,0.586466165413534
287,"1cq1","GLC",10,"N",56,266,0.210526315789474
287,"1cq1","GLC",10,"O",54,266,0.203007518796992
287,"1cq1","GLC",10,"P",0,266,0
287,"1cq1","GLC",10,"S",0,266,0
288,"1e3z","GLC",10,"C",147,225,0.653333333333333
288,"1e3z","GLC",10,"N",37,225,0.164444444444444
288,"1e3z","GLC",10,"O",40,225,0.177777777777778
288,"1e3z","GLC",10,"P",0,225,0
288,"1e3z","GLC",10,"S",1,225,0.00444444444444444
289,"1e55","GLC",10,"C",240,372,0.645161290322581
289,"1e55","GLC",10,"N",65,372,0.174731182795699
289,"1e55","GLC",10,"O",66,372,0.17741935483871
289,"1e55","GLC",10,"P",0,372,0
289,"1e55","GLC",10,"S",1,372,0.00268817204301075
290,"1ece","GLC",10,"C",125,194,0.644329896907217
290,"1ece","GLC",10,"N",32,194,0.164948453608247
290,"1ece","GLC",10,"O",37,194,0.190721649484536
290,"1ece","GLC",10,"P",0,194,0
290,"1ece","GLC",10,"S",0,194,0
291,"1elj","GLC",10,"C",188,286,0.657342657342657
291,"1elj","GLC",10,"N",45,286,0.157342657342657
291,"1elj","GLC",10,"O",51,286,0.178321678321678
291,"1elj","GLC",10,"P",0,286,0
291,"1elj","GLC",10,"S",2,286,0.00699300699300699
292,"1f9d","GLC",10,"C",173,267,0.647940074906367
292,"1f9d","GLC",10,"N",41,267,0.153558052434457
292,"1f9d","GLC",10,"O",53,267,0.198501872659176
292,"1f9d","GLC",10,"P",0,267,0
292,"1f9d","GLC",10,"S",0,267,0
293,"1ga2","GLC",10,"C",130,204,0.637254901960784
293,"1ga2","GLC",10,"N",36,204,0.176470588235294
293,"1ga2","GLC",10,"O",37,204,0.181372549019608
293,"1ga2","GLC",10,"P",0,204,0
293,"1ga2","GLC",10,"S",1,204,0.00490196078431373
294,"1geg","GLC",10,"C",85,134,0.634328358208955
294,"1geg","GLC",10,"N",27,134,0.201492537313433
294,"1geg","GLC",10,"O",22,134,0.164179104477612
294,"1geg","GLC",10,"P",0,134,0
294,"1geg","GLC",10,"S",0,134,0
295,"1gwm","GLC",10,"C",52,88,0.590909090909091
295,"1gwm","GLC",10,"N",18,88,0.204545454545455
295,"1gwm","GLC",10,"O",18,88,0.204545454545455
295,"1gwm","GLC",10,"P",0,88,0
295,"1gwm","GLC",10,"S",0,88,0
296,"1gww","GLC",10,"C",176,274,0.642335766423358
296,"1gww","GLC",10,"N",49,274,0.178832116788321
296,"1gww","GLC",10,"O",47,274,0.171532846715328
296,"1gww","GLC",10,"P",0,274,0
296,"1gww","GLC",10,"S",2,274,0.0072992700729927
297,"1hgy","GLC",10,"C",108,167,0.646706586826347
297,"1hgy","GLC",10,"N",28,167,0.167664670658683
297,"1hgy","GLC",10,"O",30,167,0.179640718562874
297,"1hgy","GLC",10,"P",0,167,0
297,"1hgy","GLC",10,"S",1,167,0.00598802395209581
298,"1i82","GLC",10,"C",111,180,0.616666666666667
298,"1i82","GLC",10,"N",37,180,0.205555555555556
298,"1i82","GLC",10,"O",32,180,0.177777777777778
298,"1i82","GLC",10,"P",0,180,0
298,"1i82","GLC",10,"S",0,180,0
299,"1ieq","GLC",10,"C",98,163,0.601226993865031
299,"1ieq","GLC",10,"N",28,163,0.171779141104294
299,"1ieq","GLC",10,"O",37,163,0.226993865030675
299,"1ieq","GLC",10,"P",0,163,0
299,"1ieq","GLC",10,"S",0,163,0
300,"1itc","GLC",10,"C",197,321,0.613707165109034
300,"1itc","GLC",10,"N",58,321,0.180685358255452
300,"1itc","GLC",10,"O",63,321,0.196261682242991
300,"1itc","GLC",10,"P",0,321,0
300,"1itc","GLC",10,"S",3,321,0.00934579439252336
301,"1j0i","GLC",10,"C",107,171,0.625730994152047
301,"1j0i","GLC",10,"N",31,171,0.181286549707602
301,"1j0i","GLC",10,"O",32,171,0.187134502923977
301,"1j0i","GLC",10,"P",0,171,0
301,"1j0i","GLC",10,"S",1,171,0.00584795321637427
302,"1jdc","GLC",10,"C",98,161,0.608695652173913
302,"1jdc","GLC",10,"N",32,161,0.198757763975155
302,"1jdc","GLC",10,"O",31,161,0.192546583850932
302,"1jdc","GLC",10,"P",0,161,0
302,"1jdc","GLC",10,"S",0,161,0
303,"1jg9","GLC",10,"C",231,361,0.6398891966759
303,"1jg9","GLC",10,"N",66,361,0.182825484764543
303,"1jg9","GLC",10,"O",63,361,0.174515235457064
303,"1jg9","GLC",10,"P",0,361,0
303,"1jg9","GLC",10,"S",1,361,0.00277008310249307
304,"1k1w","GLC",10,"C",213,325,0.655384615384615
304,"1k1w","GLC",10,"N",57,325,0.175384615384615
304,"1k1w","GLC",10,"O",55,325,0.169230769230769
304,"1k1w","GLC",10,"P",0,325,0
304,"1k1w","GLC",10,"S",0,325,0
305,"1k3i","GLC",10,"C",135,205,0.658536585365854
305,"1k3i","GLC",10,"N",34,205,0.165853658536585
305,"1k3i","GLC",10,"O",36,205,0.175609756097561
305,"1k3i","GLC",10,"P",0,205,0
305,"1k3i","GLC",10,"S",0,205,0
306,"1k7v","GLC",10,"C",99,171,0.578947368421053
306,"1k7v","GLC",10,"N",35,171,0.204678362573099
306,"1k7v","GLC",10,"O",32,171,0.187134502923977
306,"1k7v","GLC",10,"P",0,171,0
306,"1k7v","GLC",10,"S",5,171,0.0292397660818713
307,"1kwf","GLC",10,"C",109,182,0.598901098901099
307,"1kwf","GLC",10,"N",35,182,0.192307692307692
307,"1kwf","GLC",10,"O",38,182,0.208791208791209
307,"1kwf","GLC",10,"P",0,182,0
307,"1kwf","GLC",10,"S",0,182,0
308,"1mmu","GLC",10,"C",176,283,0.62190812720848
308,"1mmu","GLC",10,"N",52,283,0.183745583038869
308,"1mmu","GLC",10,"O",55,283,0.19434628975265
308,"1mmu","GLC",10,"P",0,283,0
308,"1mmu","GLC",10,"S",0,283,0
309,"1muy","GLC",10,"C",137,222,0.617117117117117
309,"1muy","GLC",10,"N",41,222,0.184684684684685
309,"1muy","GLC",10,"O",43,222,0.193693693693694
309,"1muy","GLC",10,"P",0,222,0
309,"1muy","GLC",10,"S",1,222,0.0045045045045045
310,"1mxd","GLC",10,"C",126,189,0.666666666666667
310,"1mxd","GLC",10,"N",29,189,0.153439153439153
310,"1mxd","GLC",10,"O",34,189,0.17989417989418
310,"1mxd","GLC",10,"P",0,189,0
310,"1mxd","GLC",10,"S",0,189,0
311,"1nf5","GLC",10,"C",146,222,0.657657657657658
311,"1nf5","GLC",10,"N",38,222,0.171171171171171
311,"1nf5","GLC",10,"O",36,222,0.162162162162162
311,"1nf5","GLC",10,"P",0,222,0
311,"1nf5","GLC",10,"S",2,222,0.00900900900900901
312,"1ofc","GLC",10,"C",61,95,0.642105263157895
312,"1ofc","GLC",10,"N",15,95,0.157894736842105
312,"1ofc","GLC",10,"O",19,95,0.2
312,"1ofc","GLC",10,"P",0,95,0
312,"1ofc","GLC",10,"S",0,95,0
313,"1ogo","GLC",10,"C",119,192,0.619791666666667
313,"1ogo","GLC",10,"N",32,192,0.166666666666667
313,"1ogo","GLC",10,"O",41,192,0.213541666666667
313,"1ogo","GLC",10,"P",0,192,0
313,"1ogo","GLC",10,"S",0,192,0
314,"1pwb","GLC",10,"C",95,162,0.58641975308642
314,"1pwb","GLC",10,"N",33,162,0.203703703703704
314,"1pwb","GLC",10,"O",34,162,0.209876543209877
314,"1pwb","GLC",10,"P",0,162,0
314,"1pwb","GLC",10,"S",0,162,0
315,"1q33","GLC",10,"C",179,283,0.632508833922262
315,"1q33","GLC",10,"N",48,283,0.169611307420495
315,"1q33","GLC",10,"O",55,283,0.19434628975265
315,"1q33","GLC",10,"P",0,283,0
315,"1q33","GLC",10,"S",1,283,0.00353356890459364
316,"1rmg","GLC",10,"C",95,151,0.629139072847682
316,"1rmg","GLC",10,"N",28,151,0.185430463576159
316,"1rmg","GLC",10,"O",28,151,0.185430463576159
316,"1rmg","GLC",10,"P",0,151,0
316,"1rmg","GLC",10,"S",0,151,0
317,"1s5m","GLC",10,"C",221,366,0.603825136612022
317,"1s5m","GLC",10,"N",70,366,0.191256830601093
317,"1s5m","GLC",10,"O",73,366,0.199453551912568
317,"1s5m","GLC",10,"P",0,366,0
317,"1s5m","GLC",10,"S",2,366,0.00546448087431694
318,"1tyw","GLC",10,"C",129,200,0.645
318,"1tyw","GLC",10,"N",33,200,0.165
318,"1tyw","GLC",10,"O",38,200,0.19
318,"1tyw","GLC",10,"P",0,200,0
318,"1tyw","GLC",10,"S",0,200,0
319,"1u2s","GLC",10,"C",177,302,0.586092715231788
319,"1u2s","GLC",10,"N",57,302,0.188741721854305
319,"1u2s","GLC",10,"O",68,302,0.225165562913907
319,"1u2s","GLC",10,"P",0,302,0
319,"1u2s","GLC",10,"S",0,302,0
320,"1ulc","GLC",10,"C",70,115,0.608695652173913
320,"1ulc","GLC",10,"N",24,115,0.208695652173913
320,"1ulc","GLC",10,"O",21,115,0.182608695652174
320,"1ulc","GLC",10,"P",0,115,0
320,"1ulc","GLC",10,"S",0,115,0
321,"1uoz","GLC",10,"C",189,302,0.625827814569536
321,"1uoz","GLC",10,"N",52,302,0.172185430463576
321,"1uoz","GLC",10,"O",55,302,0.182119205298013
321,"1uoz","GLC",10,"P",0,302,0
321,"1uoz","GLC",10,"S",6,302,0.0198675496688742
322,"1v2b","GLC",10,"C",145,224,0.647321428571429
322,"1v2b","GLC",10,"N",37,224,0.165178571428571
322,"1v2b","GLC",10,"O",42,224,0.1875
322,"1v2b","GLC",10,"P",0,224,0
322,"1v2b","GLC",10,"S",0,224,0
323,"1w9w","GLC",10,"C",130,207,0.628019323671498
323,"1w9w","GLC",10,"N",35,207,0.169082125603865
323,"1w9w","GLC",10,"O",41,207,0.198067632850242
323,"1w9w","GLC",10,"P",0,207,0
323,"1w9w","GLC",10,"S",1,207,0.00483091787439614
324,"1woq","GLC",10,"C",177,291,0.608247422680412
324,"1woq","GLC",10,"N",53,291,0.18213058419244
324,"1woq","GLC",10,"O",61,291,0.209621993127148
324,"1woq","GLC",10,"P",0,291,0
324,"1woq","GLC",10,"S",0,291,0
325,"1ww4","GLC",10,"C",83,137,0.605839416058394
325,"1ww4","GLC",10,"N",31,137,0.226277372262774
325,"1ww4","GLC",10,"O",23,137,0.167883211678832
325,"1ww4","GLC",10,"P",0,137,0
325,"1ww4","GLC",10,"S",0,137,0
326,"1yw1","GLC",10,"C",130,202,0.643564356435644
326,"1yw1","GLC",10,"N",41,202,0.202970297029703
326,"1yw1","GLC",10,"O",31,202,0.153465346534653
326,"1yw1","GLC",10,"P",0,202,0
326,"1yw1","GLC",10,"S",0,202,0
327,"1zm1","GLC",10,"C",116,185,0.627027027027027
327,"1zm1","GLC",10,"N",31,185,0.167567567567568
327,"1zm1","GLC",10,"O",38,185,0.205405405405405
327,"1zm1","GLC",10,"P",0,185,0
327,"1zm1","GLC",10,"S",0,185,0
328,"2a0z","GLC",10,"C",51,83,0.614457831325301
328,"2a0z","GLC",10,"N",16,83,0.192771084337349
328,"2a0z","GLC",10,"O",16,83,0.192771084337349
328,"2a0z","GLC",10,"P",0,83,0
328,"2a0z","GLC",10,"S",0,83,0
329,"2aep","GLC",10,"C",119,183,0.650273224043716
329,"2aep","GLC",10,"N",28,183,0.153005464480874
329,"2aep","GLC",10,"O",35,183,0.191256830601093
329,"2aep","GLC",10,"P",0,183,0
329,"2aep","GLC",10,"S",1,183,0.00546448087431694
330,"2b3b","GLC",10,"C",238,379,0.627968337730871
330,"2b3b","GLC",10,"N",72,379,0.189973614775726
330,"2b3b","GLC",10,"O",67,379,0.176781002638522
330,"2b3b","GLC",10,"P",0,379,0
330,"2b3b","GLC",10,"S",2,379,0.00527704485488127
331,"2bhy","GLC",10,"C",104,175,0.594285714285714
331,"2bhy","GLC",10,"N",37,175,0.211428571428571
331,"2bhy","GLC",10,"O",34,175,0.194285714285714
331,"2bhy","GLC",10,"P",0,175,0
331,"2bhy","GLC",10,"S",0,175,0
332,"2bis","GLC",10,"C",83,123,0.67479674796748
332,"2bis","GLC",10,"N",21,123,0.170731707317073
332,"2bis","GLC",10,"O",19,123,0.154471544715447
332,"2bis","GLC",10,"P",0,123,0
332,"2bis","GLC",10,"S",0,123,0
333,"2bs5","GLC",10,"C",119,187,0.636363636363636
333,"2bs5","GLC",10,"N",35,187,0.18716577540107
333,"2bs5","GLC",10,"O",32,187,0.171122994652406
333,"2bs5","GLC",10,"P",0,187,0
333,"2bs5","GLC",10,"S",1,187,0.0053475935828877
334,"2bvl","GLC",10,"C",205,320,0.640625
334,"2bvl","GLC",10,"N",52,320,0.1625
334,"2bvl","GLC",10,"O",62,320,0.19375
334,"2bvl","GLC",10,"P",0,320,0
334,"2bvl","GLC",10,"S",1,320,0.003125
335,"2bwa","GLC",10,"C",176,268,0.656716417910448
335,"2bwa","GLC",10,"N",43,268,0.16044776119403
335,"2bwa","GLC",10,"O",48,268,0.17910447761194
335,"2bwa","GLC",10,"P",0,268,0
335,"2bwa","GLC",10,"S",1,268,0.00373134328358209
336,"2ch6","GLC",10,"C",157,270,0.581481481481481
336,"2ch6","GLC",10,"N",57,270,0.211111111111111
336,"2ch6","GLC",10,"O",56,270,0.207407407407407
336,"2ch6","GLC",10,"P",0,270,0
336,"2ch6","GLC",10,"S",0,270,0
337,"2cn3","GLC",10,"C",88,134,0.656716417910448
337,"2cn3","GLC",10,"N",23,134,0.171641791044776
337,"2cn3","GLC",10,"O",23,134,0.171641791044776
337,"2cn3","GLC",10,"P",0,134,0
337,"2cn3","GLC",10,"S",0,134,0
338,"2dwj","GLC",10,"C",116,190,0.610526315789474
338,"2dwj","GLC",10,"N",36,190,0.189473684210526
338,"2dwj","GLC",10,"O",38,190,0.2
338,"2dwj","GLC",10,"P",0,190,0
338,"2dwj","GLC",10,"S",0,190,0
339,"2e2o","GLC",10,"C",210,337,0.623145400593472
339,"2e2o","GLC",10,"N",64,337,0.189910979228487
339,"2e2o","GLC",10,"O",63,337,0.186943620178042
339,"2e2o","GLC",10,"P",0,337,0
339,"2e2o","GLC",10,"S",0,337,0
340,"2esr","GLC",10,"C",155,240,0.645833333333333
340,"2esr","GLC",10,"N",45,240,0.1875
340,"2esr","GLC",10,"O",40,240,0.166666666666667
340,"2esr","GLC",10,"P",0,240,0
340,"2esr","GLC",10,"S",0,240,0
341,"2evs","GLC",10,"C",159,240,0.6625
341,"2evs","GLC",10,"N",43,240,0.179166666666667
341,"2evs","GLC",10,"O",37,240,0.154166666666667
341,"2evs","GLC",10,"P",0,240,0
341,"2evs","GLC",10,"S",1,240,0.00416666666666667
342,"2f2e","GLC",10,"C",122,191,0.638743455497382
342,"2f2e","GLC",10,"N",37,191,0.193717277486911
342,"2f2e","GLC",10,"O",32,191,0.167539267015707
342,"2f2e","GLC",10,"P",0,191,0
342,"2f2e","GLC",10,"S",0,191,0
343,"2fh6","GLC",10,"C",144,247,0.582995951417004
343,"2fh6","GLC",10,"N",48,247,0.194331983805668
343,"2fh6","GLC",10,"O",53,247,0.214574898785425
343,"2fh6","GLC",10,"P",0,247,0
343,"2fh6","GLC",10,"S",2,247,0.00809716599190283
344,"2gbp","GLC",10,"C",232,380,0.610526315789474
344,"2gbp","GLC",10,"N",69,380,0.181578947368421
344,"2gbp","GLC",10,"O",77,380,0.202631578947368
344,"2gbp","GLC",10,"P",0,380,0
344,"2gbp","GLC",10,"S",2,380,0.00526315789473684
345,"2gdv","GLC",10,"C",210,333,0.630630630630631
345,"2gdv","GLC",10,"N",63,333,0.189189189189189
345,"2gdv","GLC",10,"O",60,333,0.18018018018018
345,"2gdv","GLC",10,"P",0,333,0
345,"2gdv","GLC",10,"S",0,333,0
346,"2gvy","GLC",10,"C",111,166,0.668674698795181
346,"2gvy","GLC",10,"N",23,166,0.13855421686747
346,"2gvy","GLC",10,"O",32,166,0.192771084337349
346,"2gvy","GLC",10,"P",0,166,0
346,"2gvy","GLC",10,"S",0,166,0
347,"2hrl","GLC",10,"C",87,145,0.6
347,"2hrl","GLC",10,"N",26,145,0.179310344827586
347,"2hrl","GLC",10,"O",29,145,0.2
347,"2hrl","GLC",10,"P",0,145,0
347,"2hrl","GLC",10,"S",3,145,0.0206896551724138
348,"2j44","GLC",10,"C",102,156,0.653846153846154
348,"2j44","GLC",10,"N",27,156,0.173076923076923
348,"2j44","GLC",10,"O",27,156,0.173076923076923
348,"2j44","GLC",10,"P",0,156,0
348,"2j44","GLC",10,"S",0,156,0
349,"2jen","GLC",10,"C",172,260,0.661538461538462
349,"2jen","GLC",10,"N",42,260,0.161538461538462
349,"2jen","GLC",10,"O",45,260,0.173076923076923
349,"2jen","GLC",10,"P",0,260,0
349,"2jen","GLC",10,"S",1,260,0.00384615384615385
350,"2nn8","GLC",10,"C",125,207,0.603864734299517
350,"2nn8","GLC",10,"N",45,207,0.217391304347826
350,"2nn8","GLC",10,"O",36,207,0.173913043478261
350,"2nn8","GLC",10,"P",0,207,0
350,"2nn8","GLC",10,"S",1,207,0.00483091787439614
351,"2osx","GLC",10,"C",174,287,0.606271777003484
351,"2osx","GLC",10,"N",53,287,0.184668989547038
351,"2osx","GLC",10,"O",60,287,0.209059233449477
351,"2osx","GLC",10,"P",0,287,0
351,"2osx","GLC",10,"S",0,287,0
352,"19hc","HEM",10,"C",231,370,0.624324324324324
352,"19hc","HEM",10,"N",62,370,0.167567567567568
352,"19hc","HEM",10,"O",70,370,0.189189189189189
352,"19hc","HEM",10,"P",0,370,0
352,"19hc","HEM",10,"S",7,370,0.0189189189189189
353,"1a7v","HEM",10,"C",324,495,0.654545454545455
353,"1a7v","HEM",10,"N",82,495,0.165656565656566
353,"1a7v","HEM",10,"O",86,495,0.173737373737374
353,"1a7v","HEM",10,"P",0,495,0
353,"1a7v","HEM",10,"S",3,495,0.00606060606060606
354,"1aj9","HEM",10,"C",301,455,0.661538461538462
354,"1aj9","HEM",10,"N",75,455,0.164835164835165
354,"1aj9","HEM",10,"O",76,455,0.167032967032967
354,"1aj9","HEM",10,"P",0,455,0
354,"1aj9","HEM",10,"S",3,455,0.00659340659340659
355,"1akd","HEM",10,"C",406,628,0.646496815286624
355,"1akd","HEM",10,"N",109,628,0.173566878980892
355,"1akd","HEM",10,"O",109,628,0.173566878980892
355,"1akd","HEM",10,"P",0,628,0
355,"1akd","HEM",10,"S",4,628,0.00636942675159236
356,"1aqa","HEM",10,"C",199,314,0.63375796178344
356,"1aqa","HEM",10,"N",55,314,0.17515923566879
356,"1aqa","HEM",10,"O",60,314,0.191082802547771
356,"1aqa","HEM",10,"P",0,314,0
356,"1aqa","HEM",10,"S",0,314,0
357,"1aqe","HEM",10,"C",216,345,0.626086956521739
357,"1aqe","HEM",10,"N",60,345,0.173913043478261
357,"1aqe","HEM",10,"O",60,345,0.173913043478261
357,"1aqe","HEM",10,"P",0,345,0
357,"1aqe","HEM",10,"S",9,345,0.0260869565217391
358,"1ash","HEM",10,"C",336,485,0.692783505154639
358,"1ash","HEM",10,"N",78,485,0.160824742268041
358,"1ash","HEM",10,"O",68,485,0.14020618556701
358,"1ash","HEM",10,"P",0,485,0
358,"1ash","HEM",10,"S",3,485,0.00618556701030928
359,"1atj","HEM",10,"C",405,612,0.661764705882353
359,"1atj","HEM",10,"N",104,612,0.169934640522876
359,"1atj","HEM",10,"O",99,612,0.161764705882353
359,"1atj","HEM",10,"P",0,612,0
359,"1atj","HEM",10,"S",4,612,0.0065359477124183
360,"1b0b","HEM",10,"C",298,441,0.675736961451247
360,"1b0b","HEM",10,"N",75,441,0.170068027210884
360,"1b0b","HEM",10,"O",65,441,0.147392290249433
360,"1b0b","HEM",10,"P",0,441,0
360,"1b0b","HEM",10,"S",3,441,0.00680272108843537
361,"1b7v","HEM",10,"C",231,366,0.631147540983607
361,"1b7v","HEM",10,"N",64,366,0.174863387978142
361,"1b7v","HEM",10,"O",68,366,0.185792349726776
361,"1b7v","HEM",10,"P",0,366,0
361,"1b7v","HEM",10,"S",3,366,0.00819672131147541
362,"1bbh","HEM",10,"C",320,498,0.642570281124498
362,"1bbh","HEM",10,"N",86,498,0.172690763052209
362,"1bbh","HEM",10,"O",86,498,0.172690763052209
362,"1bbh","HEM",10,"P",0,498,0
362,"1bbh","HEM",10,"S",6,498,0.0120481927710843
363,"1bcf","HEM",10,"C",150,229,0.655021834061135
363,"1bcf","HEM",10,"N",38,229,0.165938864628821
363,"1bcf","HEM",10,"O",40,229,0.174672489082969
363,"1bcf","HEM",10,"P",0,229,0
363,"1bcf","HEM",10,"S",1,229,0.00436681222707424
364,"1bin","HEM",10,"C",291,436,0.66743119266055
364,"1bin","HEM",10,"N",73,436,0.16743119266055
364,"1bin","HEM",10,"O",72,436,0.165137614678899
364,"1bin","HEM",10,"P",0,436,0
364,"1bin","HEM",10,"S",0,436,0
365,"1bvb","HEM",10,"C",313,498,0.6285140562249
365,"1bvb","HEM",10,"N",99,498,0.198795180722892
365,"1bvb","HEM",10,"O",82,498,0.164658634538153
365,"1bvb","HEM",10,"P",0,498,0
365,"1bvb","HEM",10,"S",4,498,0.00803212851405622
366,"1c52","HEM",10,"C",352,530,0.664150943396226
366,"1c52","HEM",10,"N",90,530,0.169811320754717
366,"1c52","HEM",10,"O",85,530,0.160377358490566
366,"1c52","HEM",10,"P",0,530,0
366,"1c52","HEM",10,"S",3,530,0.00566037735849057
367,"1c6o","HEM",10,"C",289,456,0.633771929824561
367,"1c6o","HEM",10,"N",82,456,0.179824561403509
367,"1c6o","HEM",10,"O",81,456,0.177631578947368
367,"1c6o","HEM",10,"P",0,456,0
367,"1c6o","HEM",10,"S",4,456,0.0087719298245614
368,"1cc5","HEM",10,"C",272,436,0.623853211009174
368,"1cc5","HEM",10,"N",80,436,0.18348623853211
368,"1cc5","HEM",10,"O",78,436,0.178899082568807
368,"1cc5","HEM",10,"P",0,436,0
368,"1cc5","HEM",10,"S",6,436,0.0137614678899083
369,"1cch","HEM",10,"C",263,411,0.639902676399027
369,"1cch","HEM",10,"N",74,411,0.180048661800487
369,"1cch","HEM",10,"O",70,411,0.170316301703163
369,"1cch","HEM",10,"P",0,411,0
369,"1cch","HEM",10,"S",4,411,0.0097323600973236
370,"1cfm","HEM",10,"C",331,520,0.636538461538461
370,"1cfm","HEM",10,"N",89,520,0.171153846153846
370,"1cfm","HEM",10,"O",96,520,0.184615384615385
370,"1cfm","HEM",10,"P",0,520,0
370,"1cfm","HEM",10,"S",4,520,0.00769230769230769
371,"1cgn","HEM",10,"C",301,474,0.635021097046414
371,"1cgn","HEM",10,"N",85,474,0.179324894514768
371,"1cgn","HEM",10,"O",85,474,0.179324894514768
371,"1cgn","HEM",10,"P",0,474,0
371,"1cgn","HEM",10,"S",3,474,0.00632911392405063
372,"1cl6","HEM",10,"C",387,604,0.640728476821192
372,"1cl6","HEM",10,"N",106,604,0.175496688741722
372,"1cl6","HEM",10,"O",104,604,0.172185430463576
372,"1cl6","HEM",10,"P",0,604,0
372,"1cl6","HEM",10,"S",7,604,0.0115894039735099
373,"1cpq","HEM",10,"C",309,485,0.637113402061856
373,"1cpq","HEM",10,"N",81,485,0.16701030927835
373,"1cpq","HEM",10,"O",89,485,0.183505154639175
373,"1cpq","HEM",10,"P",0,485,0
373,"1cpq","HEM",10,"S",6,485,0.0123711340206186
374,"1cpt","HEM",10,"C",417,650,0.641538461538462
374,"1cpt","HEM",10,"N",117,650,0.18
374,"1cpt","HEM",10,"O",112,650,0.172307692307692
374,"1cpt","HEM",10,"P",0,650,0
374,"1cpt","HEM",10,"S",4,650,0.00615384615384615
375,"1d0c","HEM",10,"C",348,532,0.654135338345865
375,"1d0c","HEM",10,"N",91,532,0.171052631578947
375,"1d0c","HEM",10,"O",90,532,0.169172932330827
375,"1d0c","HEM",10,"P",0,532,0
375,"1d0c","HEM",10,"S",3,532,0.0056390977443609
376,"1d7c","HEM",10,"C",232,356,0.651685393258427
376,"1d7c","HEM",10,"N",58,356,0.162921348314607
376,"1d7c","HEM",10,"O",65,356,0.182584269662921
376,"1d7c","HEM",10,"P",0,356,0
376,"1d7c","HEM",10,"S",1,356,0.00280898876404494
377,"1dk0","HEM",10,"C",223,351,0.635327635327635
377,"1dk0","HEM",10,"N",60,351,0.170940170940171
377,"1dk0","HEM",10,"O",67,351,0.190883190883191
377,"1dk0","HEM",10,"P",0,351,0
377,"1dk0","HEM",10,"S",1,351,0.00284900284900285
378,"1dm1","HEM",10,"C",305,443,0.688487584650113
378,"1dm1","HEM",10,"N",66,443,0.148984198645598
378,"1dm1","HEM",10,"O",71,443,0.160270880361174
378,"1dm1","HEM",10,"P",0,443,0
378,"1dm1","HEM",10,"S",1,443,0.00225733634311512
379,"1dse","HEM",10,"C",417,627,0.665071770334928
379,"1dse","HEM",10,"N",99,627,0.157894736842105
379,"1dse","HEM",10,"O",107,627,0.170653907496013
379,"1dse","HEM",10,"P",0,627,0
379,"1dse","HEM",10,"S",4,627,0.00637958532695375
380,"1dve","HEM",10,"C",315,484,0.650826446280992
380,"1dve","HEM",10,"N",84,484,0.173553719008264
380,"1dve","HEM",10,"O",83,484,0.171487603305785
380,"1dve","HEM",10,"P",0,484,0
380,"1dve","HEM",10,"S",2,484,0.00413223140495868
381,"1dw0","HEM",10,"C",313,504,0.621031746031746
381,"1dw0","HEM",10,"N",95,504,0.188492063492063
381,"1dw0","HEM",10,"O",92,504,0.182539682539683
381,"1dw0","HEM",10,"P",0,504,0
381,"1dw0","HEM",10,"S",4,504,0.00793650793650794
382,"1e9x","HEM",10,"C",362,564,0.641843971631206
382,"1e9x","HEM",10,"N",99,564,0.175531914893617
382,"1e9x","HEM",10,"O",98,564,0.173758865248227
382,"1e9x","HEM",10,"P",0,564,0
382,"1e9x","HEM",10,"S",5,564,0.00886524822695036
383,"1eca","HEM",10,"C",294,428,0.686915887850467
383,"1eca","HEM",10,"N",68,428,0.158878504672897
383,"1eca","HEM",10,"O",65,428,0.151869158878505
383,"1eca","HEM",10,"P",0,428,0
383,"1eca","HEM",10,"S",1,428,0.00233644859813084
384,"1egy","HEM",10,"C",378,584,0.647260273972603
384,"1egy","HEM",10,"N",101,584,0.172945205479452
384,"1egy","HEM",10,"O",102,584,0.174657534246575
384,"1egy","HEM",10,"P",0,584,0
384,"1egy","HEM",10,"S",3,584,0.00513698630136986
385,"1eqg","HEM",10,"C",388,558,0.695340501792115
385,"1eqg","HEM",10,"N",88,558,0.157706093189964
385,"1eqg","HEM",10,"O",81,558,0.145161290322581
385,"1eqg","HEM",10,"P",0,558,0
385,"1eqg","HEM",10,"S",1,558,0.0017921146953405
386,"1etp","HEM",10,"C",326,502,0.649402390438247
386,"1etp","HEM",10,"N",88,502,0.175298804780877
386,"1etp","HEM",10,"O",84,502,0.167330677290837
386,"1etp","HEM",10,"P",0,502,0
386,"1etp","HEM",10,"S",4,502,0.00796812749003984
387,"1ew0","HEM",10,"C",342,525,0.651428571428571
387,"1ew0","HEM",10,"N",89,525,0.16952380952381
387,"1ew0","HEM",10,"O",91,525,0.173333333333333
387,"1ew0","HEM",10,"P",0,525,0
387,"1ew0","HEM",10,"S",3,525,0.00571428571428571
388,"1ew6","HEM",10,"C",312,460,0.678260869565217
388,"1ew6","HEM",10,"N",71,460,0.154347826086957
388,"1ew6","HEM",10,"O",73,460,0.158695652173913
388,"1ew6","HEM",10,"P",0,460,0
388,"1ew6","HEM",10,"S",4,460,0.00869565217391304
389,"1ezv","HEM",10,"C",379,577,0.65684575389948
389,"1ezv","HEM",10,"N",93,577,0.161178509532062
389,"1ezv","HEM",10,"O",98,577,0.169844020797227
389,"1ezv","HEM",10,"P",0,577,0
389,"1ezv","HEM",10,"S",7,577,0.0121317157712305
390,"1f4t","HEM",10,"C",408,629,0.648648648648649
390,"1f4t","HEM",10,"N",111,629,0.176470588235294
390,"1f4t","HEM",10,"O",108,629,0.171701112877583
390,"1f4t","HEM",10,"P",0,629,0
390,"1f4t","HEM",10,"S",2,629,0.00317965023847377
391,"1fft","HEM",10,"C",405,598,0.677257525083612
391,"1fft","HEM",10,"N",101,598,0.168896321070234
391,"1fft","HEM",10,"O",87,598,0.145484949832776
391,"1fft","HEM",10,"P",0,598,0
391,"1fft","HEM",10,"S",5,598,0.00836120401337793
392,"1fgj","HEM",10,"C",247,392,0.630102040816326
392,"1fgj","HEM",10,"N",69,392,0.176020408163265
392,"1fgj","HEM",10,"O",71,392,0.181122448979592
392,"1fgj","HEM",10,"P",0,392,0
392,"1fgj","HEM",10,"S",5,392,0.0127551020408163
393,"1fs7","HEM",10,"C",381,584,0.652397260273973
393,"1fs7","HEM",10,"N",98,584,0.167808219178082
393,"1fs7","HEM",10,"O",100,584,0.171232876712329
393,"1fs7","HEM",10,"P",0,584,0
393,"1fs7","HEM",10,"S",5,584,0.00856164383561644
394,"1ft9","HEM",10,"C",186,275,0.676363636363636
394,"1ft9","HEM",10,"N",43,275,0.156363636363636
394,"1ft9","HEM",10,"O",40,275,0.145454545454545
394,"1ft9","HEM",10,"P",0,275,0
394,"1ft9","HEM",10,"S",6,275,0.0218181818181818
395,"1gwe","HEM",10,"C",425,638,0.666144200626959
395,"1gwe","HEM",10,"N",109,638,0.170846394984326
395,"1gwe","HEM",10,"O",103,638,0.161442006269592
395,"1gwe","HEM",10,"P",0,638,0
395,"1gwe","HEM",10,"S",1,638,0.00156739811912226
396,"1hbg","HEM",10,"C",290,433,0.669745958429561
396,"1hbg","HEM",10,"N",71,433,0.163972286374134
396,"1hbg","HEM",10,"O",67,433,0.15473441108545
396,"1hbg","HEM",10,"P",0,433,0
396,"1hbg","HEM",10,"S",5,433,0.0115473441108545
397,"1hbi","HEM",10,"C",309,465,0.664516129032258
397,"1hbi","HEM",10,"N",81,465,0.174193548387097
397,"1hbi","HEM",10,"O",73,465,0.156989247311828
397,"1hbi","HEM",10,"P",0,465,0
397,"1hbi","HEM",10,"S",2,465,0.0043010752688172
398,"1hlb","HEM",10,"C",291,435,0.668965517241379
398,"1hlb","HEM",10,"N",75,435,0.172413793103448
398,"1hlb","HEM",10,"O",66,435,0.151724137931034
398,"1hlb","HEM",10,"P",0,435,0
398,"1hlb","HEM",10,"S",3,435,0.00689655172413793
399,"1i77","HEM",10,"C",210,330,0.636363636363636
399,"1i77","HEM",10,"N",59,330,0.178787878787879
399,"1i77","HEM",10,"O",55,330,0.166666666666667
399,"1i77","HEM",10,"P",0,330,0
399,"1i77","HEM",10,"S",6,330,0.0181818181818182
400,"1idr","HEM",10,"C",323,488,0.661885245901639
400,"1idr","HEM",10,"N",84,488,0.172131147540984
400,"1idr","HEM",10,"O",78,488,0.15983606557377
400,"1idr","HEM",10,"P",0,488,0
400,"1idr","HEM",10,"S",3,488,0.00614754098360656
401,"1iqc","HEM",10,"C",383,623,0.614767255216693
401,"1iqc","HEM",10,"N",115,623,0.184590690208668
401,"1iqc","HEM",10,"O",122,623,0.195826645264847
401,"1iqc","HEM",10,"P",0,623,0
401,"1iqc","HEM",10,"S",3,623,0.00481540930979133
402,"1ith","HEM",10,"C",291,431,0.675174013921114
402,"1ith","HEM",10,"N",70,431,0.162412993039443
402,"1ith","HEM",10,"O",67,431,0.155452436194896
402,"1ith","HEM",10,"P",0,431,0
402,"1ith","HEM",10,"S",3,431,0.00696055684454756
403,"1iw0","HEM",10,"C",302,458,0.65938864628821
403,"1iw0","HEM",10,"N",77,458,0.168122270742358
403,"1iw0","HEM",10,"O",76,458,0.165938864628821
403,"1iw0","HEM",10,"P",0,458,0
403,"1iw0","HEM",10,"S",3,458,0.00655021834061135
404,"1izo","HEM",10,"C",436,646,0.674922600619195
404,"1izo","HEM",10,"N",108,646,0.1671826625387
404,"1izo","HEM",10,"O",97,646,0.15015479876161
404,"1izo","HEM",10,"P",0,646,0
404,"1izo","HEM",10,"S",5,646,0.00773993808049536
405,"1j77","HEM",10,"C",312,467,0.668094218415418
405,"1j77","HEM",10,"N",77,467,0.164882226980728
405,"1j77","HEM",10,"O",75,467,0.160599571734475
405,"1j77","HEM",10,"P",0,467,0
405,"1j77","HEM",10,"S",3,467,0.00642398286937901
406,"1jju","HEM",10,"C",285,463,0.615550755939525
406,"1jju","HEM",10,"N",97,463,0.209503239740821
406,"1jju","HEM",10,"O",77,463,0.166306695464363
406,"1jju","HEM",10,"P",0,463,0
406,"1jju","HEM",10,"S",4,463,0.00863930885529158
407,"1jni","HEM",10,"C",182,289,0.629757785467128
407,"1jni","HEM",10,"N",53,289,0.183391003460208
407,"1jni","HEM",10,"O",49,289,0.169550173010381
407,"1jni","HEM",10,"P",0,289,0
407,"1jni","HEM",10,"S",5,289,0.0173010380622837
408,"1kfr","HEM",10,"C",335,501,0.668662674650699
408,"1kfr","HEM",10,"N",81,501,0.161676646706587
408,"1kfr","HEM",10,"O",82,501,0.163672654690619
408,"1kfr","HEM",10,"P",0,501,0
408,"1kfr","HEM",10,"S",3,501,0.00598802395209581
409,"1kqf","HEM",10,"C",357,505,0.706930693069307
409,"1kqf","HEM",10,"N",76,505,0.15049504950495
409,"1kqf","HEM",10,"O",70,505,0.138613861386139
409,"1kqf","HEM",10,"P",0,505,0
409,"1kqf","HEM",10,"S",2,505,0.00396039603960396
410,"1kr7","HEM",10,"C",298,454,0.656387665198238
410,"1kr7","HEM",10,"N",80,454,0.176211453744493
410,"1kr7","HEM",10,"O",74,454,0.162995594713656
410,"1kr7","HEM",10,"P",0,454,0
410,"1kr7","HEM",10,"S",2,454,0.00440528634361234
411,"1kv9","HEM",10,"C",340,523,0.650095602294455
411,"1kv9","HEM",10,"N",91,523,0.173996175908222
411,"1kv9","HEM",10,"O",89,523,0.170172084130019
411,"1kv9","HEM",10,"P",0,523,0
411,"1kv9","HEM",10,"S",3,523,0.00573613766730402
412,"1lfk","HEM",10,"C",409,636,0.643081761006289
412,"1lfk","HEM",10,"N",113,636,0.177672955974843
412,"1lfk","HEM",10,"O",105,636,0.165094339622642
412,"1lfk","HEM",10,"P",0,636,0
412,"1lfk","HEM",10,"S",9,636,0.0141509433962264
413,"1lm3","HEM",10,"C",274,437,0.627002288329519
413,"1lm3","HEM",10,"N",73,437,0.167048054919908
413,"1lm3","HEM",10,"O",88,437,0.20137299771167
413,"1lm3","HEM",10,"P",0,437,0
413,"1lm3","HEM",10,"S",2,437,0.0045766590389016
414,"1mg2","HEM",10,"C",254,408,0.622549019607843
414,"1mg2","HEM",10,"N",69,408,0.169117647058824
414,"1mg2","HEM",10,"O",78,408,0.191176470588235
414,"1mg2","HEM",10,"P",0,408,0
414,"1mg2","HEM",10,"S",7,408,0.017156862745098
415,"1mz4","HEM",10,"C",333,522,0.637931034482759
415,"1mz4","HEM",10,"N",91,522,0.174329501915709
415,"1mz4","HEM",10,"O",94,522,0.18007662835249
415,"1mz4","HEM",10,"P",0,522,0
415,"1mz4","HEM",10,"S",4,522,0.00766283524904215
416,"1n40","HEM",10,"C",397,618,0.642394822006472
416,"1n40","HEM",10,"N",114,618,0.184466019417476
416,"1n40","HEM",10,"O",101,618,0.163430420711974
416,"1n40","HEM",10,"P",0,618,0
416,"1n40","HEM",10,"S",6,618,0.00970873786407767
417,"1n97","HEM",10,"C",421,629,0.669316375198728
417,"1n97","HEM",10,"N",102,629,0.162162162162162
417,"1n97","HEM",10,"O",104,629,0.165341812400636
417,"1n97","HEM",10,"P",0,629,0
417,"1n97","HEM",10,"S",2,629,0.00317965023847377
418,"1naz","HEM",10,"C",329,479,0.686847599164927
418,"1naz","HEM",10,"N",80,479,0.167014613778706
418,"1naz","HEM",10,"O",69,479,0.144050104384134
418,"1naz","HEM",10,"P",0,479,0
418,"1naz","HEM",10,"S",1,479,0.00208768267223382
419,"1ngk","HEM",10,"C",366,555,0.65945945945946
419,"1ngk","HEM",10,"N",95,555,0.171171171171171
419,"1ngk","HEM",10,"O",90,555,0.162162162162162
419,"1ngk","HEM",10,"P",0,555,0
419,"1ngk","HEM",10,"S",4,555,0.00720720720720721
420,"1np4","HEM",10,"C",341,526,0.64828897338403
420,"1np4","HEM",10,"N",86,526,0.163498098859316
420,"1np4","HEM",10,"O",97,526,0.184410646387833
420,"1np4","HEM",10,"P",0,526,0
420,"1np4","HEM",10,"S",2,526,0.00380228136882129
421,"1ntf","HEM",10,"C",298,464,0.642241379310345
421,"1ntf","HEM",10,"N",80,464,0.172413793103448
421,"1ntf","HEM",10,"O",85,464,0.183189655172414
421,"1ntf","HEM",10,"P",0,464,0
421,"1ntf","HEM",10,"S",1,464,0.0021551724137931
422,"1o9x","HEM",10,"C",292,441,0.662131519274376
422,"1o9x","HEM",10,"N",77,441,0.174603174603175
422,"1o9x","HEM",10,"O",69,441,0.156462585034014
422,"1o9x","HEM",10,"P",0,441,0
422,"1o9x","HEM",10,"S",3,441,0.00680272108843537
423,"1oj6","HEM",10,"C",299,440,0.679545454545455
423,"1oj6","HEM",10,"N",66,440,0.15
423,"1oj6","HEM",10,"O",73,440,0.165909090909091
423,"1oj6","HEM",10,"P",0,440,0
423,"1oj6","HEM",10,"S",2,440,0.00454545454545455
424,"1or4","HEM",10,"C",303,470,0.64468085106383
424,"1or4","HEM",10,"N",87,470,0.185106382978723
424,"1or4","HEM",10,"O",75,470,0.159574468085106
424,"1or4","HEM",10,"P",0,470,0
424,"1or4","HEM",10,"S",5,470,0.0106382978723404
425,"1pkf","HEM",10,"C",388,580,0.668965517241379
425,"1pkf","HEM",10,"N",96,580,0.16551724137931
425,"1pkf","HEM",10,"O",93,580,0.160344827586207
425,"1pkf","HEM",10,"P",0,580,0
425,"1pkf","HEM",10,"S",3,580,0.00517241379310345
426,"1po5","HEM",10,"C",340,526,0.64638783269962
426,"1po5","HEM",10,"N",91,526,0.173003802281369
426,"1po5","HEM",10,"O",92,526,0.174904942965779
426,"1po5","HEM",10,"P",0,526,0
426,"1po5","HEM",10,"S",3,526,0.00570342205323194
427,"1pp9","HEM",10,"C",400,595,0.672268907563025
427,"1pp9","HEM",10,"N",93,595,0.156302521008403
427,"1pp9","HEM",10,"O",98,595,0.164705882352941
427,"1pp9","HEM",10,"P",0,595,0
427,"1pp9","HEM",10,"S",4,595,0.00672268907563025
428,"1q16","HEM",10,"C",288,444,0.648648648648649
428,"1q16","HEM",10,"N",78,444,0.175675675675676
428,"1q16","HEM",10,"O",75,444,0.168918918918919
428,"1q16","HEM",10,"P",0,444,0
428,"1q16","HEM",10,"S",3,444,0.00675675675675676
429,"1qhu","HEM",10,"C",262,404,0.648514851485149
429,"1qhu","HEM",10,"N",83,404,0.205445544554455
429,"1qhu","HEM",10,"O",58,404,0.143564356435644
429,"1qhu","HEM",10,"P",0,404,0
429,"1qhu","HEM",10,"S",1,404,0.00247524752475248
430,"1qpa","HEM",10,"C",401,606,0.661716171617162
430,"1qpa","HEM",10,"N",99,606,0.163366336633663
430,"1qpa","HEM",10,"O",100,606,0.165016501650165
430,"1qpa","HEM",10,"P",0,606,0
430,"1qpa","HEM",10,"S",6,606,0.0099009900990099
431,"1rwj","HEM",10,"C",227,352,0.644886363636364
431,"1rwj","HEM",10,"N",63,352,0.178977272727273
431,"1rwj","HEM",10,"O",55,352,0.15625
431,"1rwj","HEM",10,"P",0,352,0
431,"1rwj","HEM",10,"S",7,352,0.0198863636363636
432,"1s5l","HEM",10,"C",116,172,0.674418604651163
432,"1s5l","HEM",10,"N",29,172,0.168604651162791
432,"1s5l","HEM",10,"O",27,172,0.156976744186047
432,"1s5l","HEM",10,"P",0,172,0
432,"1s5l","HEM",10,"S",0,172,0
433,"1sox","HEM",10,"C",274,413,0.663438256658596
433,"1sox","HEM",10,"N",73,413,0.176755447941889
433,"1sox","HEM",10,"O",66,413,0.159806295399516
433,"1sox","HEM",10,"P",0,413,0
433,"1sox","HEM",10,"S",0,413,0
434,"1tqn","HEM",10,"C",404,617,0.654781199351702
434,"1tqn","HEM",10,"N",102,617,0.165316045380875
434,"1tqn","HEM",10,"O",105,617,0.170178282009724
434,"1tqn","HEM",10,"P",0,617,0
434,"1tqn","HEM",10,"S",6,617,0.00972447325769854
435,"1v9y","HEM",10,"C",298,442,0.67420814479638
435,"1v9y","HEM",10,"N",72,442,0.16289592760181
435,"1v9y","HEM",10,"O",72,442,0.16289592760181
435,"1v9y","HEM",10,"P",0,442,0
435,"1v9y","HEM",10,"S",0,442,0
436,"1z9n","HEM",10,"C",67,108,0.62037037037037
436,"1z9n","HEM",10,"N",21,108,0.194444444444444
436,"1z9n","HEM",10,"O",18,108,0.166666666666667
436,"1z9n","HEM",10,"P",0,108,0
436,"1z9n","HEM",10,"S",2,108,0.0185185185185185
437,"2aiu","HEM",10,"C",339,516,0.656976744186046
437,"2aiu","HEM",10,"N",89,516,0.172480620155039
437,"2aiu","HEM",10,"O",85,516,0.164728682170543
437,"2aiu","HEM",10,"P",0,516,0
437,"2aiu","HEM",10,"S",3,516,0.00581395348837209
438,"2bs2","HEM",10,"C",359,537,0.66852886405959
438,"2bs2","HEM",10,"N",87,537,0.162011173184358
438,"2bs2","HEM",10,"O",86,537,0.160148975791434
438,"2bs2","HEM",10,"P",0,537,0
438,"2bs2","HEM",10,"S",5,537,0.00931098696461825
439,"2c0k","HEM",10,"C",315,462,0.681818181818182
439,"2c0k","HEM",10,"N",81,462,0.175324675324675
439,"2c0k","HEM",10,"O",64,462,0.138528138528139
439,"2c0k","HEM",10,"P",0,462,0
439,"2c0k","HEM",10,"S",2,462,0.00432900432900433
440,"2cpo","HEM",10,"C",432,655,0.659541984732824
440,"2cpo","HEM",10,"N",114,655,0.174045801526718
440,"2cpo","HEM",10,"O",106,655,0.161832061068702
440,"2cpo","HEM",10,"P",0,655,0
440,"2cpo","HEM",10,"S",3,655,0.00458015267175573
441,"2cy3","HEM",10,"C",214,335,0.638805970149254
441,"2cy3","HEM",10,"N",59,335,0.176119402985075
441,"2cy3","HEM",10,"O",55,335,0.164179104477612
441,"2cy3","HEM",10,"P",0,335,0
441,"2cy3","HEM",10,"S",7,335,0.0208955223880597
442,"2d0t","HEM",10,"C",412,626,0.65814696485623
442,"2d0t","HEM",10,"N",113,626,0.180511182108626
442,"2d0t","HEM",10,"O",98,626,0.156549520766773
442,"2d0t","HEM",10,"P",0,626,0
442,"2d0t","HEM",10,"S",3,626,0.00479233226837061
443,"2d2m","HEM",10,"C",299,462,0.647186147186147
443,"2d2m","HEM",10,"N",81,462,0.175324675324675
443,"2d2m","HEM",10,"O",81,462,0.175324675324675
443,"2d2m","HEM",10,"P",0,462,0
443,"2d2m","HEM",10,"S",1,462,0.00216450216450216
444,"2d3q","HEM",10,"C",424,662,0.640483383685801
444,"2d3q","HEM",10,"N",121,662,0.182779456193353
444,"2d3q","HEM",10,"O",115,662,0.173716012084592
444,"2d3q","HEM",10,"P",0,662,0
444,"2d3q","HEM",10,"S",2,662,0.00302114803625378
445,"2dv1","HEM",10,"C",438,655,0.668702290076336
445,"2dv1","HEM",10,"N",105,655,0.16030534351145
445,"2dv1","HEM",10,"O",109,655,0.166412213740458
445,"2dv1","HEM",10,"P",0,655,0
445,"2dv1","HEM",10,"S",3,655,0.00458015267175573
446,"2efb","HEM",10,"C",436,661,0.659606656580938
446,"2efb","HEM",10,"N",111,661,0.167927382753404
446,"2efb","HEM",10,"O",112,661,0.169440242057489
446,"2efb","HEM",10,"P",0,661,0
446,"2efb","HEM",10,"S",2,661,0.00302571860816944
447,"2fmy","HEM",10,"C",213,320,0.665625
447,"2fmy","HEM",10,"N",54,320,0.16875
447,"2fmy","HEM",10,"O",51,320,0.159375
447,"2fmy","HEM",10,"P",0,320,0
447,"2fmy","HEM",10,"S",2,320,0.00625
448,"2fr7","HEM",10,"C",428,660,0.648484848484848
448,"2fr7","HEM",10,"N",114,660,0.172727272727273
448,"2fr7","HEM",10,"O",113,660,0.171212121212121
448,"2fr7","HEM",10,"P",0,660,0
448,"2fr7","HEM",10,"S",5,660,0.00757575757575758
449,"2fw5","HEM",10,"C",220,342,0.64327485380117
449,"2fw5","HEM",10,"N",63,342,0.184210526315789
449,"2fw5","HEM",10,"O",54,342,0.157894736842105
449,"2fw5","HEM",10,"P",0,342,0
449,"2fw5","HEM",10,"S",5,342,0.0146198830409357
450,"2g5g","HEM",10,"C",128,199,0.64321608040201
450,"2g5g","HEM",10,"N",38,199,0.190954773869347
450,"2g5g","HEM",10,"O",33,199,0.165829145728643
450,"2g5g","HEM",10,"P",0,199,0
450,"2g5g","HEM",10,"S",0,199,0
451,"2gtl","HEM",10,"C",325,475,0.68421052631579
451,"2gtl","HEM",10,"N",81,475,0.170526315789474
451,"2gtl","HEM",10,"O",69,475,0.145263157894737
451,"2gtl","HEM",10,"P",0,475,0
451,"2gtl","HEM",10,"S",0,475,0
452,"2hi4","HEM",10,"C",427,660,0.646969696969697
452,"2hi4","HEM",10,"N",114,660,0.172727272727273
452,"2hi4","HEM",10,"O",113,660,0.171212121212121
452,"2hi4","HEM",10,"P",0,660,0
452,"2hi4","HEM",10,"S",6,660,0.00909090909090909
453,"2iag","HEM",10,"C",398,608,0.654605263157895
453,"2iag","HEM",10,"N",106,608,0.174342105263158
453,"2iag","HEM",10,"O",99,608,0.162828947368421
453,"2iag","HEM",10,"P",0,608,0
453,"2iag","HEM",10,"S",5,608,0.00822368421052632
454,"2ig3","HEM",10,"C",354,512,0.69140625
454,"2ig3","HEM",10,"N",80,512,0.15625
454,"2ig3","HEM",10,"O",76,512,0.1484375
454,"2ig3","HEM",10,"P",0,512,0
454,"2ig3","HEM",10,"S",2,512,0.00390625
455,"2iiz","HEM",10,"C",338,531,0.63653483992467
455,"2iiz","HEM",10,"N",91,531,0.171374764595104
455,"2iiz","HEM",10,"O",101,531,0.190207156308851
455,"2iiz","HEM",10,"P",0,531,0
455,"2iiz","HEM",10,"S",1,531,0.00188323917137476
456,"2itf","HEM",10,"C",83,120,0.691666666666667
456,"2itf","HEM",10,"N",19,120,0.158333333333333
456,"2itf","HEM",10,"O",18,120,0.15
456,"2itf","HEM",10,"P",0,120,0
456,"2itf","HEM",10,"S",0,120,0
457,"2ivf","HEM",10,"C",320,484,0.661157024793388
457,"2ivf","HEM",10,"N",77,484,0.159090909090909
457,"2ivf","HEM",10,"O",82,484,0.169421487603306
457,"2ivf","HEM",10,"P",0,484,0
457,"2ivf","HEM",10,"S",5,484,0.0103305785123967
458,"2j0p","HEM",10,"C",325,508,0.639763779527559
458,"2j0p","HEM",10,"N",90,508,0.177165354330709
458,"2j0p","HEM",10,"O",90,508,0.177165354330709
458,"2j0p","HEM",10,"P",0,508,0
458,"2j0p","HEM",10,"S",3,508,0.00590551181102362
459,"2nox","HEM",10,"C",370,573,0.645724258289703
459,"2nox","HEM",10,"N",103,573,0.179755671902269
459,"2nox","HEM",10,"O",94,573,0.164048865619546
459,"2nox","HEM",10,"P",0,573,0
459,"2nox","HEM",10,"S",6,573,0.0104712041884817
460,"2nwb","HEM",10,"C",413,628,0.657643312101911
460,"2nwb","HEM",10,"N",110,628,0.17515923566879
460,"2nwb","HEM",10,"O",103,628,0.164012738853503
460,"2nwb","HEM",10,"P",0,628,0
460,"2nwb","HEM",10,"S",2,628,0.00318471337579618
461,"2o09","HEM",10,"C",368,559,0.658318425760286
461,"2o09","HEM",10,"N",94,559,0.168157423971377
461,"2o09","HEM",10,"O",92,559,0.164579606440072
461,"2o09","HEM",10,"P",0,559,0
461,"2o09","HEM",10,"S",5,559,0.00894454382826476
462,"2o6p","HEM",10,"C",244,375,0.650666666666667
462,"2o6p","HEM",10,"N",64,375,0.170666666666667
462,"2o6p","HEM",10,"O",65,375,0.173333333333333
462,"2o6p","HEM",10,"P",0,375,0
462,"2o6p","HEM",10,"S",2,375,0.00533333333333333
463,"2oyy","HEM",10,"C",178,284,0.626760563380282
463,"2oyy","HEM",10,"N",54,284,0.190140845070423
463,"2oyy","HEM",10,"O",52,284,0.183098591549296
463,"2oyy","HEM",10,"P",0,284,0
463,"2oyy","HEM",10,"S",0,284,0
464,"1a9y","NAD",10,"C",392,608,0.644736842105263
464,"1a9y","NAD",10,"N",102,608,0.167763157894737
464,"1a9y","NAD",10,"O",112,608,0.184210526315789
464,"1a9y","NAD",10,"P",0,608,0
464,"1a9y","NAD",10,"S",2,608,0.00328947368421053
465,"1ad3","NAD",10,"C",287,443,0.647855530474041
465,"1ad3","NAD",10,"N",75,443,0.169300225733634
465,"1ad3","NAD",10,"O",80,443,0.18058690744921
465,"1ad3","NAD",10,"P",0,443,0
465,"1ad3","NAD",10,"S",1,443,0.00225733634311512
466,"1arz","NAD",10,"C",327,528,0.619318181818182
466,"1arz","NAD",10,"N",108,528,0.204545454545455
466,"1arz","NAD",10,"O",91,528,0.172348484848485
466,"1arz","NAD",10,"P",0,528,0
466,"1arz","NAD",10,"S",2,528,0.00378787878787879
467,"1b14","NAD",10,"C",361,551,0.655172413793103
467,"1b14","NAD",10,"N",87,551,0.157894736842105
467,"1b14","NAD",10,"O",101,551,0.183303085299456
467,"1b14","NAD",10,"P",0,551,0
467,"1b14","NAD",10,"S",2,551,0.00362976406533575
468,"1b3r","NAD",10,"C",295,484,0.609504132231405
468,"1b3r","NAD",10,"N",90,484,0.18595041322314
468,"1b3r","NAD",10,"O",94,484,0.194214876033058
468,"1b3r","NAD",10,"P",0,484,0
468,"1b3r","NAD",10,"S",5,484,0.0103305785123967
469,"1b8u","NAD",10,"C",334,526,0.634980988593156
469,"1b8u","NAD",10,"N",101,526,0.192015209125475
469,"1b8u","NAD",10,"O",88,526,0.167300380228137
469,"1b8u","NAD",10,"P",0,526,0
469,"1b8u","NAD",10,"S",3,526,0.00570342205323194
470,"1bdb","NAD",10,"C",346,545,0.634862385321101
470,"1bdb","NAD",10,"N",94,545,0.172477064220183
470,"1bdb","NAD",10,"O",104,545,0.190825688073395
470,"1bdb","NAD",10,"P",0,545,0
470,"1bdb","NAD",10,"S",1,545,0.0018348623853211
471,"1bvr","NAD",10,"C",376,569,0.660808435852373
471,"1bvr","NAD",10,"N",91,569,0.159929701230228
471,"1bvr","NAD",10,"O",96,569,0.16871704745167
471,"1bvr","NAD",10,"P",0,569,0
471,"1bvr","NAD",10,"S",6,569,0.0105448154657293
472,"1bw9","NAD",10,"C",287,481,0.596673596673597
472,"1bw9","NAD",10,"N",92,481,0.191268191268191
472,"1bw9","NAD",10,"O",97,481,0.201663201663202
472,"1bw9","NAD",10,"P",0,481,0
472,"1bw9","NAD",10,"S",5,481,0.0103950103950104
473,"1bxk","NAD",10,"C",391,611,0.639934533551555
473,"1bxk","NAD",10,"N",101,611,0.165302782324059
473,"1bxk","NAD",10,"O",117,611,0.191489361702128
473,"1bxk","NAD",10,"P",0,611,0
473,"1bxk","NAD",10,"S",2,611,0.00327332242225859
474,"1cwu","NAD",10,"C",395,585,0.675213675213675
474,"1cwu","NAD",10,"N",89,585,0.152136752136752
474,"1cwu","NAD",10,"O",99,585,0.169230769230769
474,"1cwu","NAD",10,"P",0,585,0
474,"1cwu","NAD",10,"S",2,585,0.00341880341880342
475,"1dhr","NAD",10,"C",360,546,0.659340659340659
475,"1dhr","NAD",10,"N",90,546,0.164835164835165
475,"1dhr","NAD",10,"O",89,546,0.163003663003663
475,"1dhr","NAD",10,"P",0,546,0
475,"1dhr","NAD",10,"S",7,546,0.0128205128205128
476,"1dli","NAD",10,"C",358,549,0.652094717668488
476,"1dli","NAD",10,"N",91,549,0.16575591985428
476,"1dli","NAD",10,"O",98,549,0.178506375227687
476,"1dli","NAD",10,"P",0,549,0
476,"1dli","NAD",10,"S",2,549,0.00364298724954463
477,"1do8","NAD",10,"C",365,570,0.640350877192982
477,"1do8","NAD",10,"N",97,570,0.170175438596491
477,"1do8","NAD",10,"O",108,570,0.189473684210526
477,"1do8","NAD",10,"P",0,570,0
477,"1do8","NAD",10,"S",0,570,0
478,"1ebf","NAD",10,"C",286,450,0.635555555555556
478,"1ebf","NAD",10,"N",77,450,0.171111111111111
478,"1ebf","NAD",10,"O",87,450,0.193333333333333
478,"1ebf","NAD",10,"P",0,450,0
478,"1ebf","NAD",10,"S",0,450,0
479,"1ee9","NAD",10,"C",316,490,0.644897959183673
479,"1ee9","NAD",10,"N",79,490,0.161224489795918
479,"1ee9","NAD",10,"O",91,490,0.185714285714286
479,"1ee9","NAD",10,"P",0,490,0
479,"1ee9","NAD",10,"S",4,490,0.00816326530612245
480,"1ej2","NAD",10,"C",364,543,0.670349907918969
480,"1ej2","NAD",10,"N",95,543,0.174953959484346
480,"1ej2","NAD",10,"O",81,543,0.149171270718232
480,"1ej2","NAD",10,"P",0,543,0
480,"1ej2","NAD",10,"S",3,543,0.00552486187845304
481,"1f0y","NAD",10,"C",352,537,0.655493482309125
481,"1f0y","NAD",10,"N",84,537,0.156424581005587
481,"1f0y","NAD",10,"O",98,537,0.182495344506518
481,"1f0y","NAD",10,"P",0,537,0
481,"1f0y","NAD",10,"S",3,537,0.00558659217877095
482,"1fk8","NAD",10,"C",309,500,0.618
482,"1fk8","NAD",10,"N",89,500,0.178
482,"1fk8","NAD",10,"O",99,500,0.198
482,"1fk8","NAD",10,"P",0,500,0
482,"1fk8","NAD",10,"S",3,500,0.006
483,"1giq","NAD",10,"C",283,435,0.650574712643678
483,"1giq","NAD",10,"N",72,435,0.16551724137931
483,"1giq","NAD",10,"O",78,435,0.179310344827586
483,"1giq","NAD",10,"P",0,435,0
483,"1giq","NAD",10,"S",2,435,0.00459770114942529
484,"1gr0","NAD",10,"C",422,666,0.633633633633634
484,"1gr0","NAD",10,"N",113,666,0.16966966966967
484,"1gr0","NAD",10,"O",127,666,0.190690690690691
484,"1gr0","NAD",10,"P",0,666,0
484,"1gr0","NAD",10,"S",4,666,0.00600600600600601
485,"1gzf","NAD",10,"C",326,505,0.645544554455446
485,"1gzf","NAD",10,"N",85,505,0.168316831683168
485,"1gzf","NAD",10,"O",93,505,0.184158415841584
485,"1gzf","NAD",10,"P",0,505,0
485,"1gzf","NAD",10,"S",1,505,0.00198019801980198
486,"1h2h","NAD",10,"C",286,445,0.642696629213483
486,"1h2h","NAD",10,"N",76,445,0.170786516853933
486,"1h2h","NAD",10,"O",82,445,0.184269662921348
486,"1h2h","NAD",10,"P",0,445,0
486,"1h2h","NAD",10,"S",1,445,0.00224719101123596
487,"1hex","NAD",10,"C",236,376,0.627659574468085
487,"1hex","NAD",10,"N",69,376,0.183510638297872
487,"1hex","NAD",10,"O",71,376,0.188829787234043
487,"1hex","NAD",10,"P",0,376,0
487,"1hex","NAD",10,"S",0,376,0
488,"1hsz","NAD",10,"C",380,593,0.640809443507589
488,"1hsz","NAD",10,"N",102,593,0.172006745362563
488,"1hsz","NAD",10,"O",108,593,0.18212478920742
488,"1hsz","NAD",10,"P",0,593,0
488,"1hsz","NAD",10,"S",3,593,0.00505902192242833
489,"1hwy","NAD",10,"C",321,531,0.604519774011299
489,"1hwy","NAD",10,"N",99,531,0.186440677966102
489,"1hwy","NAD",10,"O",108,531,0.203389830508475
489,"1hwy","NAD",10,"P",0,531,0
489,"1hwy","NAD",10,"S",3,531,0.00564971751412429
490,"1ib0","NAD",10,"C",260,396,0.656565656565657
490,"1ib0","NAD",10,"N",63,396,0.159090909090909
490,"1ib0","NAD",10,"O",68,396,0.171717171717172
490,"1ib0","NAD",10,"P",0,396,0
490,"1ib0","NAD",10,"S",5,396,0.0126262626262626
491,"1jq5","NAD",10,"C",387,596,0.649328859060403
491,"1jq5","NAD",10,"N",98,596,0.164429530201342
491,"1jq5","NAD",10,"O",109,596,0.182885906040268
491,"1jq5","NAD",10,"P",0,596,0
491,"1jq5","NAD",10,"S",2,596,0.00335570469798658
492,"1k4m","NAD",10,"C",382,574,0.665505226480836
492,"1k4m","NAD",10,"N",97,574,0.168989547038328
492,"1k4m","NAD",10,"O",94,574,0.163763066202091
492,"1k4m","NAD",10,"P",0,574,0
492,"1k4m","NAD",10,"S",1,574,0.00174216027874564
493,"1k6x","NAD",10,"C",335,499,0.671342685370741
493,"1k6x","NAD",10,"N",80,499,0.160320641282565
493,"1k6x","NAD",10,"O",82,499,0.164328657314629
493,"1k6x","NAD",10,"P",0,499,0
493,"1k6x","NAD",10,"S",2,499,0.00400801603206413
494,"1kae","NAD",10,"C",301,483,0.623188405797101
494,"1kae","NAD",10,"N",83,483,0.17184265010352
494,"1kae","NAD",10,"O",99,483,0.204968944099379
494,"1kae","NAD",10,"P",0,483,0
494,"1kae","NAD",10,"S",0,483,0
495,"1kol","NAD",10,"C",423,668,0.633233532934132
495,"1kol","NAD",10,"N",115,668,0.172155688622754
495,"1kol","NAD",10,"O",127,668,0.190119760479042
495,"1kol","NAD",10,"P",0,668,0
495,"1kol","NAD",10,"S",3,668,0.00449101796407186
496,"1kqn","NAD",10,"C",402,622,0.646302250803859
496,"1kqn","NAD",10,"N",111,622,0.178456591639871
496,"1kqn","NAD",10,"O",105,622,0.168810289389068
496,"1kqn","NAD",10,"P",0,622,0
496,"1kqn","NAD",10,"S",4,622,0.00643086816720257
497,"1kyq","NAD",10,"C",180,282,0.638297872340426
497,"1kyq","NAD",10,"N",49,282,0.173758865248227
497,"1kyq","NAD",10,"O",52,282,0.184397163120567
497,"1kyq","NAD",10,"P",0,282,0
497,"1kyq","NAD",10,"S",1,282,0.00354609929078014
498,"1lj8","NAD",10,"C",354,548,0.645985401459854
498,"1lj8","NAD",10,"N",95,548,0.173357664233577
498,"1lj8","NAD",10,"O",96,548,0.175182481751825
498,"1lj8","NAD",10,"P",0,548,0
498,"1lj8","NAD",10,"S",3,548,0.00547445255474453
499,"1llu","NAD",10,"C",386,604,0.639072847682119
499,"1llu","NAD",10,"N",108,604,0.178807947019868
499,"1llu","NAD",10,"O",106,604,0.175496688741722
499,"1llu","NAD",10,"P",0,604,0
499,"1llu","NAD",10,"S",4,604,0.00662251655629139
500,"1lss","NAD",10,"C",190,307,0.618892508143323
500,"1lss","NAD",10,"N",57,307,0.185667752442997
500,"1lss","NAD",10,"O",57,307,0.185667752442997
500,"1lss","NAD",10,"P",0,307,0
500,"1lss","NAD",10,"S",3,307,0.00977198697068404
501,"1lw7","NAD",10,"C",374,565,0.661946902654867
501,"1lw7","NAD",10,"N",95,565,0.168141592920354
501,"1lw7","NAD",10,"O",95,565,0.168141592920354
501,"1lw7","NAD",10,"P",0,565,0
501,"1lw7","NAD",10,"S",1,565,0.00176991150442478
502,"1mew","NAD",10,"C",232,394,0.588832487309645
502,"1mew","NAD",10,"N",82,394,0.208121827411168
502,"1mew","NAD",10,"O",77,394,0.195431472081218
502,"1mew","NAD",10,"P",0,394,0
502,"1mew","NAD",10,"S",3,394,0.00761421319796954
503,"1mi3","NAD",10,"C",383,591,0.648054145516074
503,"1mi3","NAD",10,"N",103,591,0.174280879864636
503,"1mi3","NAD",10,"O",103,591,0.174280879864636
503,"1mi3","NAD",10,"P",0,591,0
503,"1mi3","NAD",10,"S",2,591,0.00338409475465313
504,"1muu","NAD",10,"C",270,411,0.656934306569343
504,"1muu","NAD",10,"N",64,411,0.155717761557178
504,"1muu","NAD",10,"O",74,411,0.180048661800487
504,"1muu","NAD",10,"P",0,411,0
504,"1muu","NAD",10,"S",3,411,0.0072992700729927
505,"1mx3","NAD",10,"C",336,535,0.62803738317757
505,"1mx3","NAD",10,"N",103,535,0.192523364485981
505,"1mx3","NAD",10,"O",94,535,0.175700934579439
505,"1mx3","NAD",10,"P",0,535,0
505,"1mx3","NAD",10,"S",2,535,0.00373831775700935
506,"1nfb","NAD",10,"C",223,370,0.602702702702703
506,"1nfb","NAD",10,"N",67,370,0.181081081081081
506,"1nfb","NAD",10,"O",74,370,0.2
506,"1nfb","NAD",10,"P",0,370,0
506,"1nfb","NAD",10,"S",6,370,0.0162162162162162
507,"1nvm","NAD",10,"C",363,590,0.615254237288136
507,"1nvm","NAD",10,"N",100,590,0.169491525423729
507,"1nvm","NAD",10,"O",119,590,0.201694915254237
507,"1nvm","NAD",10,"P",0,590,0
507,"1nvm","NAD",10,"S",8,590,0.0135593220338983
508,"1nxg","NAD",10,"C",215,333,0.645645645645646
508,"1nxg","NAD",10,"N",57,333,0.171171171171171
508,"1nxg","NAD",10,"O",58,333,0.174174174174174
508,"1nxg","NAD",10,"P",0,333,0
508,"1nxg","NAD",10,"S",3,333,0.00900900900900901
509,"1o04","NAD",10,"C",374,582,0.642611683848797
509,"1o04","NAD",10,"N",97,582,0.166666666666667
509,"1o04","NAD",10,"O",106,582,0.18213058419244
509,"1o04","NAD",10,"P",0,582,0
509,"1o04","NAD",10,"S",5,582,0.00859106529209622
510,"1o9b","NAD",10,"C",277,439,0.630979498861048
510,"1o9b","NAD",10,"N",75,439,0.170842824601367
510,"1o9b","NAD",10,"O",86,439,0.195899772209567
510,"1o9b","NAD",10,"P",0,439,0
510,"1o9b","NAD",10,"S",1,439,0.00227790432801822
511,"1obb","NAD",10,"C",313,480,0.652083333333333
511,"1obb","NAD",10,"N",81,480,0.16875
511,"1obb","NAD",10,"O",83,480,0.172916666666667
511,"1obb","NAD",10,"P",0,480,0
511,"1obb","NAD",10,"S",3,480,0.00625
512,"1og3","NAD",10,"C",321,503,0.63817097415507
512,"1og3","NAD",10,"N",85,503,0.168986083499006
512,"1og3","NAD",10,"O",96,503,0.190854870775348
512,"1og3","NAD",10,"P",0,503,0
512,"1og3","NAD",10,"S",1,503,0.00198807157057654
513,"1omo","NAD",10,"C",328,524,0.625954198473282
513,"1omo","NAD",10,"N",93,524,0.177480916030534
513,"1omo","NAD",10,"O",101,524,0.192748091603053
513,"1omo","NAD",10,"P",0,524,0
513,"1omo","NAD",10,"S",2,524,0.00381679389312977
514,"1orr","NAD",10,"C",403,637,0.63265306122449
514,"1orr","NAD",10,"N",112,637,0.175824175824176
514,"1orr","NAD",10,"O",118,637,0.185243328100471
514,"1orr","NAD",10,"P",0,637,0
514,"1orr","NAD",10,"S",4,637,0.00627943485086342
515,"1p9l","NAD",10,"C",307,486,0.631687242798354
515,"1p9l","NAD",10,"N",92,486,0.189300411522634
515,"1p9l","NAD",10,"O",86,486,0.176954732510288
515,"1p9l","NAD",10,"P",0,486,0
515,"1p9l","NAD",10,"S",1,486,0.00205761316872428
516,"1pjc","NAD",10,"C",329,508,0.64763779527559
516,"1pjc","NAD",10,"N",89,508,0.175196850393701
516,"1pjc","NAD",10,"O",87,508,0.171259842519685
516,"1pjc","NAD",10,"P",0,508,0
516,"1pjc","NAD",10,"S",3,508,0.00590551181102362
517,"1pjs","NAD",10,"C",182,282,0.645390070921986
517,"1pjs","NAD",10,"N",48,282,0.170212765957447
517,"1pjs","NAD",10,"O",52,282,0.184397163120567
517,"1pjs","NAD",10,"P",0,282,0
517,"1pjs","NAD",10,"S",0,282,0
518,"1qax","NAD",10,"C",219,358,0.611731843575419
518,"1qax","NAD",10,"N",67,358,0.187150837988827
518,"1qax","NAD",10,"O",68,358,0.189944134078212
518,"1qax","NAD",10,"P",0,358,0
518,"1qax","NAD",10,"S",4,358,0.0111731843575419
519,"1qrr","NAD",10,"C",427,669,0.638266068759342
519,"1qrr","NAD",10,"N",120,669,0.179372197309417
519,"1qrr","NAD",10,"O",117,669,0.174887892376682
519,"1qrr","NAD",10,"P",0,669,0
519,"1qrr","NAD",10,"S",5,669,0.00747384155455904
520,"1r37","NAD",10,"C",396,625,0.6336
520,"1r37","NAD",10,"N",113,625,0.1808
520,"1r37","NAD",10,"O",113,625,0.1808
520,"1r37","NAD",10,"P",0,625,0
520,"1r37","NAD",10,"S",3,625,0.0048
521,"1rkx","NAD",10,"C",378,589,0.641765704584041
521,"1rkx","NAD",10,"N",98,589,0.166383701188455
521,"1rkx","NAD",10,"O",111,589,0.188455008488964
521,"1rkx","NAD",10,"P",0,589,0
521,"1rkx","NAD",10,"S",2,589,0.0033955857385399
522,"1rlz","NAD",10,"C",264,427,0.618266978922717
522,"1rlz","NAD",10,"N",72,427,0.168618266978923
522,"1rlz","NAD",10,"O",91,427,0.213114754098361
522,"1rlz","NAD",10,"P",0,427,0
522,"1rlz","NAD",10,"S",0,427,0
523,"1s20","NAD",10,"C",259,404,0.641089108910891
523,"1s20","NAD",10,"N",71,404,0.175742574257426
523,"1s20","NAD",10,"O",73,404,0.180693069306931
523,"1s20","NAD",10,"P",0,404,0
523,"1s20","NAD",10,"S",1,404,0.00247524752475248
524,"1s7g","NAD",10,"C",260,400,0.65
524,"1s7g","NAD",10,"N",68,400,0.17
524,"1s7g","NAD",10,"O",72,400,0.18
524,"1s7g","NAD",10,"P",0,400,0
524,"1s7g","NAD",10,"S",0,400,0
525,"1sb8","NAD",10,"C",391,623,0.62760834670947
525,"1sb8","NAD",10,"N",114,623,0.182985553772071
525,"1sb8","NAD",10,"O",115,623,0.184590690208668
525,"1sb8","NAD",10,"P",0,623,0
525,"1sb8","NAD",10,"S",3,623,0.00481540930979133
526,"1t2d","NAD",10,"C",375,579,0.647668393782383
526,"1t2d","NAD",10,"N",101,579,0.174438687392055
526,"1t2d","NAD",10,"O",96,579,0.16580310880829
526,"1t2d","NAD",10,"P",0,579,0
526,"1t2d","NAD",10,"S",7,579,0.0120898100172712
527,"1tox","NAD",10,"C",276,420,0.657142857142857
527,"1tox","NAD",10,"N",68,420,0.161904761904762
527,"1tox","NAD",10,"O",76,420,0.180952380952381
527,"1tox","NAD",10,"P",0,420,0
527,"1tox","NAD",10,"S",0,420,0
528,"1u8x","NAD",10,"C",376,586,0.641638225255973
528,"1u8x","NAD",10,"N",104,586,0.177474402730375
528,"1u8x","NAD",10,"O",105,586,0.179180887372014
528,"1u8x","NAD",10,"P",0,586,0
528,"1u8x","NAD",10,"S",1,586,0.00170648464163823
529,"1wdk","NAD",10,"C",298,460,0.647826086956522
529,"1wdk","NAD",10,"N",78,460,0.169565217391304
529,"1wdk","NAD",10,"O",81,460,0.176086956521739
529,"1wdk","NAD",10,"P",0,460,0
529,"1wdk","NAD",10,"S",3,460,0.00652173913043478
530,"1xcb","NAD",10,"C",243,366,0.663934426229508
530,"1xcb","NAD",10,"N",64,366,0.174863387978142
530,"1xcb","NAD",10,"O",58,366,0.158469945355191
530,"1xcb","NAD",10,"P",0,366,0
530,"1xcb","NAD",10,"S",1,366,0.00273224043715847
531,"1z0z","NAD",10,"C",234,363,0.644628099173554
531,"1z0z","NAD",10,"N",64,363,0.176308539944904
531,"1z0z","NAD",10,"O",65,363,0.179063360881543
531,"1z0z","NAD",10,"P",0,363,0
531,"1z0z","NAD",10,"S",0,363,0
532,"2a5f","NAD",10,"C",292,479,0.609603340292276
532,"2a5f","NAD",10,"N",89,479,0.18580375782881
532,"2a5f","NAD",10,"O",96,479,0.200417536534447
532,"2a5f","NAD",10,"P",0,479,0
532,"2a5f","NAD",10,"S",2,479,0.00417536534446764
533,"2b69","NAD",10,"C",392,619,0.633279483037157
533,"2b69","NAD",10,"N",113,619,0.182552504038772
533,"2b69","NAD",10,"O",114,619,0.184168012924071
533,"2b69","NAD",10,"P",0,619,0
533,"2b69","NAD",10,"S",0,619,0
534,"2c54","NAD",10,"C",327,515,0.63495145631068
534,"2c54","NAD",10,"N",93,515,0.180582524271845
534,"2c54","NAD",10,"O",88,515,0.170873786407767
534,"2c54","NAD",10,"P",0,515,0
534,"2c54","NAD",10,"S",7,515,0.0135922330097087
535,"2czc","NAD",10,"C",326,528,0.617424242424242
535,"2czc","NAD",10,"N",105,528,0.198863636363636
535,"2czc","NAD",10,"O",96,528,0.181818181818182
535,"2czc","NAD",10,"P",0,528,0
535,"2czc","NAD",10,"S",1,528,0.00189393939393939
536,"2d8a","NAD",10,"C",306,480,0.6375
536,"2d8a","NAD",10,"N",88,480,0.183333333333333
536,"2d8a","NAD",10,"O",85,480,0.177083333333333
536,"2d8a","NAD",10,"P",0,480,0
536,"2d8a","NAD",10,"S",1,480,0.00208333333333333
537,"2fkn","NAD",10,"C",461,732,0.629781420765027
537,"2fkn","NAD",10,"N",134,732,0.183060109289617
537,"2fkn","NAD",10,"O",134,732,0.183060109289617
537,"2fkn","NAD",10,"P",0,732,0
537,"2fkn","NAD",10,"S",3,732,0.0040983606557377
538,"2g5c","NAD",10,"C",317,481,0.659043659043659
538,"2g5c","NAD",10,"N",74,481,0.153846153846154
538,"2g5c","NAD",10,"O",90,481,0.187110187110187
538,"2g5c","NAD",10,"P",0,481,0
538,"2g5c","NAD",10,"S",0,481,0
539,"2gdz","NAD",10,"C",357,559,0.638640429338104
539,"2gdz","NAD",10,"N",96,559,0.171735241502683
539,"2gdz","NAD",10,"O",102,559,0.182468694096601
539,"2gdz","NAD",10,"P",0,559,0
539,"2gdz","NAD",10,"S",4,559,0.00715563506261181
540,"2gru","NAD",10,"C",339,551,0.61524500907441
540,"2gru","NAD",10,"N",100,551,0.181488203266788
540,"2gru","NAD",10,"O",112,551,0.203266787658802
540,"2gru","NAD",10,"P",0,551,0
540,"2gru","NAD",10,"S",0,551,0
541,"2gwl","NAD",10,"C",315,491,0.641547861507128
541,"2gwl","NAD",10,"N",81,491,0.164969450101833
541,"2gwl","NAD",10,"O",93,491,0.189409368635438
541,"2gwl","NAD",10,"P",0,491,0
541,"2gwl","NAD",10,"S",2,491,0.00407331975560081
542,"2i9p","NAD",10,"C",326,510,0.63921568627451
542,"2i9p","NAD",10,"N",86,510,0.168627450980392
542,"2i9p","NAD",10,"O",92,510,0.180392156862745
542,"2i9p","NAD",10,"P",0,510,0
542,"2i9p","NAD",10,"S",6,510,0.0117647058823529
543,"2ixa","NAD",10,"C",380,600,0.633333333333333
543,"2ixa","NAD",10,"N",105,600,0.175
543,"2ixa","NAD",10,"O",111,600,0.185
543,"2ixa","NAD",10,"P",0,600,0
543,"2ixa","NAD",10,"S",4,600,0.00666666666666667
544,"2izz","NAD",10,"C",302,471,0.641188959660297
544,"2izz","NAD",10,"N",80,471,0.169851380042463
544,"2izz","NAD",10,"O",85,471,0.180467091295117
544,"2izz","NAD",10,"P",0,471,0
544,"2izz","NAD",10,"S",4,471,0.00849256900212314
545,"2nad","NAD",10,"C",383,616,0.621753246753247
545,"2nad","NAD",10,"N",108,616,0.175324675324675
545,"2nad","NAD",10,"O",120,616,0.194805194805195
545,"2nad","NAD",10,"P",0,616,0
545,"2nad","NAD",10,"S",5,616,0.00811688311688312
546,"2npx","NAD",10,"C",300,463,0.647948164146868
546,"2npx","NAD",10,"N",77,463,0.166306695464363
546,"2npx","NAD",10,"O",84,463,0.181425485961123
546,"2npx","NAD",10,"P",0,463,0
546,"2npx","NAD",10,"S",2,463,0.00431965442764579
547,"2o4c","NAD",10,"C",343,561,0.611408199643494
547,"2o4c","NAD",10,"N",112,561,0.199643493761141
547,"2o4c","NAD",10,"O",103,561,0.183600713012478
547,"2o4c","NAD",10,"P",0,561,0
547,"2o4c","NAD",10,"S",3,561,0.0053475935828877
548,"2ph5","NAD",10,"C",354,547,0.647166361974406
548,"2ph5","NAD",10,"N",88,547,0.160877513711152
548,"2ph5","NAD",10,"O",104,547,0.190127970749543
548,"2ph5","NAD",10,"P",0,547,0
548,"2ph5","NAD",10,"S",1,547,0.00182815356489945
549,"2pla","NAD",10,"C",345,535,0.644859813084112
549,"2pla","NAD",10,"N",92,535,0.17196261682243
549,"2pla","NAD",10,"O",95,535,0.177570093457944
549,"2pla","NAD",10,"P",0,535,0
549,"2pla","NAD",10,"S",3,535,0.00560747663551402
550,"2pv7","NAD",10,"C",297,461,0.644251626898048
550,"2pv7","NAD",10,"N",81,461,0.175704989154013
550,"2pv7","NAD",10,"O",83,461,0.180043383947939
550,"2pv7","NAD",10,"P",0,461,0
550,"2pv7","NAD",10,"S",0,461,0
551,"2q3e","NAD",10,"C",347,540,0.642592592592593
551,"2q3e","NAD",10,"N",92,540,0.17037037037037
551,"2q3e","NAD",10,"O",97,540,0.17962962962963
551,"2q3e","NAD",10,"P",0,540,0
551,"2q3e","NAD",10,"S",4,540,0.00740740740740741
552,"2x06","NAD",10,"C",326,508,0.641732283464567
552,"2x06","NAD",10,"N",86,508,0.169291338582677
552,"2x06","NAD",10,"O",94,508,0.18503937007874
552,"2x06","NAD",10,"P",0,508,0
552,"2x06","NAD",10,"S",2,508,0.00393700787401575
553,"3cin","NAD",10,"C",414,641,0.645865834633385
553,"3cin","NAD",10,"N",107,641,0.166926677067083
553,"3cin","NAD",10,"O",117,641,0.182527301092044
553,"3cin","NAD",10,"P",0,641,0
553,"3cin","NAD",10,"S",3,641,0.0046801872074883
554,"117e","PO4",10,"C",141,228,0.618421052631579
554,"117e","PO4",10,"N",36,228,0.157894736842105
554,"117e","PO4",10,"O",51,228,0.223684210526316
554,"117e","PO4",10,"P",0,228,0
554,"117e","PO4",10,"S",0,228,0
555,"1a2y","PO4",10,"C",51,82,0.621951219512195
555,"1a2y","PO4",10,"N",17,82,0.207317073170732
555,"1a2y","PO4",10,"O",13,82,0.158536585365854
555,"1a2y","PO4",10,"P",0,82,0
555,"1a2y","PO4",10,"S",1,82,0.0121951219512195
556,"1a40","PO4",10,"C",179,290,0.617241379310345
556,"1a40","PO4",10,"N",47,290,0.162068965517241
556,"1a40","PO4",10,"O",64,290,0.220689655172414
556,"1a40","PO4",10,"P",0,290,0
556,"1a40","PO4",10,"S",0,290,0
557,"1a6q","PO4",10,"C",110,192,0.572916666666667
557,"1a6q","PO4",10,"N",38,192,0.197916666666667
557,"1a6q","PO4",10,"O",43,192,0.223958333333333
557,"1a6q","PO4",10,"P",0,192,0
557,"1a6q","PO4",10,"S",1,192,0.00520833333333333
558,"1a9x","PO4",10,"C",62,93,0.666666666666667
558,"1a9x","PO4",10,"N",18,93,0.193548387096774
558,"1a9x","PO4",10,"O",13,93,0.139784946236559
558,"1a9x","PO4",10,"P",0,93,0
558,"1a9x","PO4",10,"S",0,93,0
559,"1ag1","PO4",10,"C",134,217,0.617511520737327
559,"1ag1","PO4",10,"N",39,217,0.179723502304147
559,"1ag1","PO4",10,"O",43,217,0.19815668202765
559,"1ag1","PO4",10,"P",0,217,0
559,"1ag1","PO4",10,"S",1,217,0.00460829493087558
560,"1aka","PO4",10,"C",133,210,0.633333333333333
560,"1aka","PO4",10,"N",39,210,0.185714285714286
560,"1aka","PO4",10,"O",38,210,0.180952380952381
560,"1aka","PO4",10,"P",0,210,0
560,"1aka","PO4",10,"S",0,210,0
561,"1alh","PO4",10,"C",125,225,0.555555555555556
561,"1alh","PO4",10,"N",49,225,0.217777777777778
561,"1alh","PO4",10,"O",51,225,0.226666666666667
561,"1alh","PO4",10,"P",0,225,0
561,"1alh","PO4",10,"S",0,225,0
562,"1an5","PO4",10,"C",98,156,0.628205128205128
562,"1an5","PO4",10,"N",29,156,0.185897435897436
562,"1an5","PO4",10,"O",28,156,0.17948717948718
562,"1an5","PO4",10,"P",0,156,0
562,"1an5","PO4",10,"S",1,156,0.00641025641025641
563,"1aqz","PO4",10,"C",120,196,0.612244897959184
563,"1aqz","PO4",10,"N",40,196,0.204081632653061
563,"1aqz","PO4",10,"O",36,196,0.183673469387755
563,"1aqz","PO4",10,"P",0,196,0
563,"1aqz","PO4",10,"S",0,196,0
564,"1as2","PO4",10,"C",107,183,0.584699453551913
564,"1as2","PO4",10,"N",36,183,0.19672131147541
564,"1as2","PO4",10,"O",39,183,0.213114754098361
564,"1as2","PO4",10,"P",0,183,0
564,"1as2","PO4",10,"S",1,183,0.00546448087431694
565,"1ass","PO4",10,"C",74,116,0.637931034482759
565,"1ass","PO4",10,"N",24,116,0.206896551724138
565,"1ass","PO4",10,"O",17,116,0.146551724137931
565,"1ass","PO4",10,"P",0,116,0
565,"1ass","PO4",10,"S",1,116,0.00862068965517241
566,"1atr","PO4",10,"C",149,246,0.605691056910569
566,"1atr","PO4",10,"N",45,246,0.182926829268293
566,"1atr","PO4",10,"O",52,246,0.211382113821138
566,"1atr","PO4",10,"P",0,246,0
566,"1atr","PO4",10,"S",0,246,0
567,"1avq","PO4",10,"C",159,250,0.636
567,"1avq","PO4",10,"N",42,250,0.168
567,"1avq","PO4",10,"O",48,250,0.192
567,"1avq","PO4",10,"P",0,250,0
567,"1avq","PO4",10,"S",1,250,0.004
568,"1b49","PO4",10,"C",94,153,0.61437908496732
568,"1b49","PO4",10,"N",26,153,0.169934640522876
568,"1b49","PO4",10,"O",31,153,0.202614379084967
568,"1b49","PO4",10,"P",0,153,0
568,"1b49","PO4",10,"S",2,153,0.0130718954248366
569,"1b4s","PO4",10,"C",153,241,0.634854771784232
569,"1b4s","PO4",10,"N",44,241,0.182572614107884
569,"1b4s","PO4",10,"O",44,241,0.182572614107884
569,"1b4s","PO4",10,"P",0,241,0
569,"1b4s","PO4",10,"S",0,241,0
570,"1b8o","PO4",10,"C",180,281,0.640569395017794
570,"1b8o","PO4",10,"N",48,281,0.170818505338078
570,"1b8o","PO4",10,"O",50,281,0.177935943060498
570,"1b8o","PO4",10,"P",0,281,0
570,"1b8o","PO4",10,"S",3,281,0.0106761565836299
571,"1bd3","PO4",10,"C",63,104,0.605769230769231
571,"1bd3","PO4",10,"N",21,104,0.201923076923077
571,"1bd3","PO4",10,"O",18,104,0.173076923076923
571,"1bd3","PO4",10,"P",0,104,0
571,"1bd3","PO4",10,"S",2,104,0.0192307692307692
572,"1bff","PO4",10,"C",90,144,0.625
572,"1bff","PO4",10,"N",31,144,0.215277777777778
572,"1bff","PO4",10,"O",22,144,0.152777777777778
572,"1bff","PO4",10,"P",0,144,0
572,"1bff","PO4",10,"S",1,144,0.00694444444444444
573,"1bih","PO4",10,"C",87,147,0.591836734693878
573,"1bih","PO4",10,"N",34,147,0.231292517006803
573,"1bih","PO4",10,"O",25,147,0.170068027210884
573,"1bih","PO4",10,"P",0,147,0
573,"1bih","PO4",10,"S",1,147,0.00680272108843537
574,"1bjw","PO4",10,"C",127,191,0.664921465968586
574,"1bjw","PO4",10,"N",29,191,0.151832460732984
574,"1bjw","PO4",10,"O",35,191,0.183246073298429
574,"1bjw","PO4",10,"P",0,191,0
574,"1bjw","PO4",10,"S",0,191,0
575,"1bpd","PO4",10,"C",77,137,0.562043795620438
575,"1bpd","PO4",10,"N",26,137,0.18978102189781
575,"1bpd","PO4",10,"O",33,137,0.240875912408759
575,"1bpd","PO4",10,"P",0,137,0
575,"1bpd","PO4",10,"S",1,137,0.0072992700729927
576,"1bpi","PO4",10,"C",70,113,0.619469026548673
576,"1bpi","PO4",10,"N",22,113,0.194690265486726
576,"1bpi","PO4",10,"O",19,113,0.168141592920354
576,"1bpi","PO4",10,"P",0,113,0
576,"1bpi","PO4",10,"S",2,113,0.0176991150442478
577,"1brl","PO4",10,"C",97,160,0.60625
577,"1brl","PO4",10,"N",29,160,0.18125
577,"1brl","PO4",10,"O",31,160,0.19375
577,"1brl","PO4",10,"P",0,160,0
577,"1brl","PO4",10,"S",3,160,0.01875
578,"1brw","PO4",10,"C",157,251,0.625498007968127
578,"1brw","PO4",10,"N",45,251,0.179282868525896
578,"1brw","PO4",10,"O",48,251,0.191235059760956
578,"1brw","PO4",10,"P",0,251,0
578,"1brw","PO4",10,"S",1,251,0.00398406374501992
579,"1bsj","PO4",10,"C",92,147,0.625850340136054
579,"1bsj","PO4",10,"N",26,147,0.17687074829932
579,"1bsj","PO4",10,"O",28,147,0.19047619047619
579,"1bsj","PO4",10,"P",0,147,0
579,"1bsj","PO4",10,"S",1,147,0.00680272108843537
580,"1bxi","PO4",10,"C",122,197,0.619289340101523
580,"1bxi","PO4",10,"N",42,197,0.213197969543147
580,"1bxi","PO4",10,"O",33,197,0.16751269035533
580,"1bxi","PO4",10,"P",0,197,0
580,"1bxi","PO4",10,"S",0,197,0
581,"1bzq","PO4",10,"C",112,175,0.64
581,"1bzq","PO4",10,"N",34,175,0.194285714285714
581,"1bzq","PO4",10,"O",28,175,0.16
581,"1bzq","PO4",10,"P",0,175,0
581,"1bzq","PO4",10,"S",1,175,0.00571428571428571
582,"1c1s","PO4",10,"C",80,130,0.615384615384615
582,"1c1s","PO4",10,"N",24,130,0.184615384615385
582,"1c1s","PO4",10,"O",26,130,0.2
582,"1c1s","PO4",10,"P",0,130,0
582,"1c1s","PO4",10,"S",0,130,0
583,"1c8x","PO4",10,"C",158,236,0.669491525423729
583,"1c8x","PO4",10,"N",33,236,0.139830508474576
583,"1c8x","PO4",10,"O",45,236,0.190677966101695
583,"1c8x","PO4",10,"P",0,236,0
583,"1c8x","PO4",10,"S",0,236,0
584,"1c8z","PO4",10,"C",128,204,0.627450980392157
584,"1c8z","PO4",10,"N",31,204,0.151960784313725
584,"1c8z","PO4",10,"O",44,204,0.215686274509804
584,"1c8z","PO4",10,"P",0,204,0
584,"1c8z","PO4",10,"S",1,204,0.00490196078431373
585,"1c9k","PO4",10,"C",95,159,0.59748427672956
585,"1c9k","PO4",10,"N",30,159,0.188679245283019
585,"1c9k","PO4",10,"O",33,159,0.207547169811321
585,"1c9k","PO4",10,"P",0,159,0
585,"1c9k","PO4",10,"S",1,159,0.00628930817610063
586,"1cbf","PO4",10,"C",61,102,0.598039215686274
586,"1cbf","PO4",10,"N",20,102,0.196078431372549
586,"1cbf","PO4",10,"O",20,102,0.196078431372549
586,"1cbf","PO4",10,"P",0,102,0
586,"1cbf","PO4",10,"S",1,102,0.00980392156862745
587,"1cdd","PO4",10,"C",127,201,0.6318407960199
587,"1cdd","PO4",10,"N",36,201,0.17910447761194
587,"1cdd","PO4",10,"O",37,201,0.18407960199005
587,"1cdd","PO4",10,"P",0,201,0
587,"1cdd","PO4",10,"S",1,201,0.00497512437810945
588,"1cdt","PO4",10,"C",92,148,0.621621621621622
588,"1cdt","PO4",10,"N",27,148,0.182432432432432
588,"1cdt","PO4",10,"O",24,148,0.162162162162162
588,"1cdt","PO4",10,"P",0,148,0
588,"1cdt","PO4",10,"S",5,148,0.0337837837837838
589,"1cle","PO4",10,"C",139,213,0.652582159624413
589,"1cle","PO4",10,"N",37,213,0.173708920187793
589,"1cle","PO4",10,"O",37,213,0.173708920187793
589,"1cle","PO4",10,"P",0,213,0
589,"1cle","PO4",10,"S",0,213,0
590,"1cmb","PO4",10,"C",68,108,0.62962962962963
590,"1cmb","PO4",10,"N",18,108,0.166666666666667
590,"1cmb","PO4",10,"O",21,108,0.194444444444444
590,"1cmb","PO4",10,"P",0,108,0
590,"1cmb","PO4",10,"S",1,108,0.00925925925925926
591,"1cqj","PO4",10,"C",94,156,0.602564102564103
591,"1cqj","PO4",10,"N",29,156,0.185897435897436
591,"1cqj","PO4",10,"O",32,156,0.205128205128205
591,"1cqj","PO4",10,"P",0,156,0
591,"1cqj","PO4",10,"S",1,156,0.00641025641025641
592,"1crk","PO4",10,"C",101,179,0.564245810055866
592,"1crk","PO4",10,"N",44,179,0.245810055865922
592,"1crk","PO4",10,"O",33,179,0.184357541899441
592,"1crk","PO4",10,"P",0,179,0
592,"1crk","PO4",10,"S",1,179,0.00558659217877095
593,"1crx","PO4",10,"C",105,171,0.614035087719298
593,"1crx","PO4",10,"N",37,171,0.216374269005848
593,"1crx","PO4",10,"O",29,171,0.169590643274854
593,"1crx","PO4",10,"P",0,171,0
593,"1crx","PO4",10,"S",0,171,0
594,"1cu1","PO4",10,"C",118,185,0.637837837837838
594,"1cu1","PO4",10,"N",32,185,0.172972972972973
594,"1cu1","PO4",10,"O",34,185,0.183783783783784
594,"1cu1","PO4",10,"P",0,185,0
594,"1cu1","PO4",10,"S",1,185,0.00540540540540541
595,"1cy1","PO4",10,"C",76,126,0.603174603174603
595,"1cy1","PO4",10,"N",24,126,0.19047619047619
595,"1cy1","PO4",10,"O",25,126,0.198412698412698
595,"1cy1","PO4",10,"P",0,126,0
595,"1cy1","PO4",10,"S",1,126,0.00793650793650794
596,"1d0i","PO4",10,"C",163,264,0.617424242424242
596,"1d0i","PO4",10,"N",56,264,0.212121212121212
596,"1d0i","PO4",10,"O",45,264,0.170454545454545
596,"1d0i","PO4",10,"P",0,264,0
596,"1d0i","PO4",10,"S",0,264,0
597,"1d0s","PO4",10,"C",160,242,0.661157024793388
597,"1d0s","PO4",10,"N",40,242,0.165289256198347
597,"1d0s","PO4",10,"O",41,242,0.169421487603306
597,"1d0s","PO4",10,"P",0,242,0
597,"1d0s","PO4",10,"S",1,242,0.00413223140495868
598,"1d1q","PO4",10,"C",170,272,0.625
598,"1d1q","PO4",10,"N",50,272,0.183823529411765
598,"1d1q","PO4",10,"O",49,272,0.180147058823529
598,"1d1q","PO4",10,"P",0,272,0
598,"1d1q","PO4",10,"S",3,272,0.0110294117647059
599,"1d9v","PO4",10,"C",119,194,0.61340206185567
599,"1d9v","PO4",10,"N",39,194,0.201030927835052
599,"1d9v","PO4",10,"O",36,194,0.185567010309278
599,"1d9v","PO4",10,"P",0,194,0
599,"1d9v","PO4",10,"S",0,194,0
600,"1dak","PO4",10,"C",101,160,0.63125
600,"1dak","PO4",10,"N",29,160,0.18125
600,"1dak","PO4",10,"O",28,160,0.175
600,"1dak","PO4",10,"P",0,160,0
600,"1dak","PO4",10,"S",2,160,0.0125
601,"1dgr","PO4",10,"C",109,163,0.668711656441718
601,"1dgr","PO4",10,"N",26,163,0.159509202453988
601,"1dgr","PO4",10,"O",27,163,0.165644171779141
601,"1dgr","PO4",10,"P",0,163,0
601,"1dgr","PO4",10,"S",1,163,0.00613496932515337
602,"1di0","PO4",10,"C",119,179,0.664804469273743
602,"1di0","PO4",10,"N",31,179,0.173184357541899
602,"1di0","PO4",10,"O",29,179,0.162011173184358
602,"1di0","PO4",10,"P",0,179,0
602,"1di0","PO4",10,"S",0,179,0
603,"1dk4","PO4",10,"C",157,257,0.610894941634241
603,"1dk4","PO4",10,"N",44,257,0.171206225680934
603,"1dk4","PO4",10,"O",55,257,0.214007782101167
603,"1dk4","PO4",10,"P",0,257,0
603,"1dk4","PO4",10,"S",1,257,0.00389105058365759
604,"1dks","PO4",10,"C",96,149,0.644295302013423
604,"1dks","PO4",10,"N",29,149,0.194630872483221
604,"1dks","PO4",10,"O",24,149,0.161073825503356
604,"1dks","PO4",10,"P",0,149,0
604,"1dks","PO4",10,"S",0,149,0
605,"1dpg","PO4",10,"C",139,207,0.671497584541063
605,"1dpg","PO4",10,"N",31,207,0.14975845410628
605,"1dpg","PO4",10,"O",35,207,0.169082125603865
605,"1dpg","PO4",10,"P",0,207,0
605,"1dpg","PO4",10,"S",2,207,0.00966183574879227
606,"1dxe","PO4",10,"C",152,232,0.655172413793103
606,"1dxe","PO4",10,"N",40,232,0.172413793103448
606,"1dxe","PO4",10,"O",40,232,0.172413793103448
606,"1dxe","PO4",10,"P",0,232,0
606,"1dxe","PO4",10,"S",0,232,0
607,"1e04","PO4",10,"C",79,128,0.6171875
607,"1e04","PO4",10,"N",25,128,0.1953125
607,"1e04","PO4",10,"O",24,128,0.1875
607,"1e04","PO4",10,"P",0,128,0
607,"1e04","PO4",10,"S",0,128,0
608,"1e1q","PO4",10,"C",89,139,0.640287769784173
608,"1e1q","PO4",10,"N",25,139,0.179856115107914
608,"1e1q","PO4",10,"O",24,139,0.172661870503597
608,"1e1q","PO4",10,"P",0,139,0
608,"1e1q","PO4",10,"S",1,139,0.00719424460431655
609,"1e3j","PO4",10,"C",119,197,0.604060913705584
609,"1e3j","PO4",10,"N",39,197,0.197969543147208
609,"1e3j","PO4",10,"O",36,197,0.182741116751269
609,"1e3j","PO4",10,"P",0,197,0
609,"1e3j","PO4",10,"S",3,197,0.0152284263959391
610,"1e6c","PO4",10,"C",95,155,0.612903225806452
610,"1e6c","PO4",10,"N",29,155,0.187096774193548
610,"1e6c","PO4",10,"O",28,155,0.180645161290323
610,"1e6c","PO4",10,"P",0,155,0
610,"1e6c","PO4",10,"S",3,155,0.0193548387096774
611,"1e9g","PO4",10,"C",145,241,0.601659751037344
611,"1e9g","PO4",10,"N",37,241,0.153526970954357
611,"1e9g","PO4",10,"O",59,241,0.244813278008299
611,"1e9g","PO4",10,"P",0,241,0
611,"1e9g","PO4",10,"S",0,241,0
612,"1ejd","PO4",10,"C",148,227,0.651982378854626
612,"1ejd","PO4",10,"N",43,227,0.18942731277533
612,"1ejd","PO4",10,"O",35,227,0.154185022026432
612,"1ejd","PO4",10,"P",0,227,0
612,"1ejd","PO4",10,"S",1,227,0.00440528634361234
613,"1eu3","PO4",10,"C",62,103,0.601941747572815
613,"1eu3","PO4",10,"N",21,103,0.203883495145631
613,"1eu3","PO4",10,"O",20,103,0.194174757281553
613,"1eu3","PO4",10,"P",0,103,0
613,"1eu3","PO4",10,"S",0,103,0
614,"1euc","PO4",10,"C",100,164,0.609756097560976
614,"1euc","PO4",10,"N",30,164,0.182926829268293
614,"1euc","PO4",10,"O",33,164,0.201219512195122
614,"1euc","PO4",10,"P",0,164,0
614,"1euc","PO4",10,"S",1,164,0.00609756097560976
615,"1ew2","PO4",10,"C",155,269,0.576208178438662
615,"1ew2","PO4",10,"N",58,269,0.215613382899628
615,"1ew2","PO4",10,"O",56,269,0.20817843866171
615,"1ew2","PO4",10,"P",0,269,0
615,"1ew2","PO4",10,"S",0,269,0
616,"1ex2","PO4",10,"C",117,191,0.612565445026178
616,"1ex2","PO4",10,"N",39,191,0.204188481675393
616,"1ex2","PO4",10,"O",35,191,0.183246073298429
616,"1ex2","PO4",10,"P",0,191,0
616,"1ex2","PO4",10,"S",0,191,0
617,"1eyv","PO4",10,"C",87,141,0.617021276595745
617,"1eyv","PO4",10,"N",29,141,0.205673758865248
617,"1eyv","PO4",10,"O",25,141,0.177304964539007
617,"1eyv","PO4",10,"P",0,141,0
617,"1eyv","PO4",10,"S",0,141,0
618,"1f0i","PO4",10,"C",171,278,0.615107913669065
618,"1f0i","PO4",10,"N",50,278,0.179856115107914
618,"1f0i","PO4",10,"O",57,278,0.205035971223022
618,"1f0i","PO4",10,"P",0,278,0
618,"1f0i","PO4",10,"S",0,278,0
619,"1f2f","PO4",10,"C",104,176,0.590909090909091
619,"1f2f","PO4",10,"N",39,176,0.221590909090909
619,"1f2f","PO4",10,"O",32,176,0.181818181818182
619,"1f2f","PO4",10,"P",0,176,0
619,"1f2f","PO4",10,"S",1,176,0.00568181818181818
620,"1fb8","PO4",10,"C",103,161,0.639751552795031
620,"1fb8","PO4",10,"N",33,161,0.204968944099379
620,"1fb8","PO4",10,"O",25,161,0.15527950310559
620,"1fb8","PO4",10,"P",0,161,0
620,"1fb8","PO4",10,"S",0,161,0
621,"1fbt","PO4",10,"C",146,245,0.595918367346939
621,"1fbt","PO4",10,"N",52,245,0.212244897959184
621,"1fbt","PO4",10,"O",45,245,0.183673469387755
621,"1fbt","PO4",10,"P",0,245,0
621,"1fbt","PO4",10,"S",2,245,0.00816326530612245
622,"1fik","PO4",10,"C",75,123,0.609756097560976
622,"1fik","PO4",10,"N",28,123,0.227642276422764
622,"1fik","PO4",10,"O",20,123,0.16260162601626
622,"1fik","PO4",10,"P",0,123,0
622,"1fik","PO4",10,"S",0,123,0
623,"1fwn","PO4",10,"C",89,155,0.574193548387097
623,"1fwn","PO4",10,"N",32,155,0.206451612903226
623,"1fwn","PO4",10,"O",32,155,0.206451612903226
623,"1fwn","PO4",10,"P",0,155,0
623,"1fwn","PO4",10,"S",2,155,0.0129032258064516
624,"1fxx","PO4",10,"C",106,157,0.67515923566879
624,"1fxx","PO4",10,"N",28,157,0.178343949044586
624,"1fxx","PO4",10,"O",23,157,0.146496815286624
624,"1fxx","PO4",10,"P",0,157,0
624,"1fxx","PO4",10,"S",0,157,0
625,"1g19","PO4",10,"C",119,181,0.657458563535912
625,"1g19","PO4",10,"N",29,181,0.160220994475138
625,"1g19","PO4",10,"O",33,181,0.18232044198895
625,"1g19","PO4",10,"P",0,181,0
625,"1g19","PO4",10,"S",0,181,0
626,"1gk0","PO4",10,"C",127,211,0.601895734597156
626,"1gk0","PO4",10,"N",40,211,0.18957345971564
626,"1gk0","PO4",10,"O",44,211,0.208530805687204
626,"1gk0","PO4",10,"P",0,211,0
626,"1gk0","PO4",10,"S",0,211,0
627,"1glf","PO4",10,"C",34,65,0.523076923076923
627,"1glf","PO4",10,"N",18,65,0.276923076923077
627,"1glf","PO4",10,"O",13,65,0.2
627,"1glf","PO4",10,"P",0,65,0
627,"1glf","PO4",10,"S",0,65,0
628,"1go7","PO4",10,"C",138,224,0.616071428571429
628,"1go7","PO4",10,"N",40,224,0.178571428571429
628,"1go7","PO4",10,"O",45,224,0.200892857142857
628,"1go7","PO4",10,"P",0,224,0
628,"1go7","PO4",10,"S",1,224,0.00446428571428571
629,"1gpm","PO4",10,"C",102,152,0.671052631578947
629,"1gpm","PO4",10,"N",25,152,0.164473684210526
629,"1gpm","PO4",10,"O",24,152,0.157894736842105
629,"1gpm","PO4",10,"P",0,152,0
629,"1gpm","PO4",10,"S",1,152,0.00657894736842105
630,"1gs4","PO4",10,"C",79,123,0.642276422764228
630,"1gs4","PO4",10,"N",22,123,0.178861788617886
630,"1gs4","PO4",10,"O",22,123,0.178861788617886
630,"1gs4","PO4",10,"P",0,123,0
630,"1gs4","PO4",10,"S",0,123,0
631,"1gyp","PO4",10,"C",143,236,0.60593220338983
631,"1gyp","PO4",10,"N",45,236,0.190677966101695
631,"1gyp","PO4",10,"O",45,236,0.190677966101695
631,"1gyp","PO4",10,"P",0,236,0
631,"1gyp","PO4",10,"S",3,236,0.0127118644067797
632,"1h2e","PO4",10,"C",188,301,0.624584717607973
632,"1h2e","PO4",10,"N",56,301,0.186046511627907
632,"1h2e","PO4",10,"O",55,301,0.182724252491694
632,"1h2e","PO4",10,"P",0,301,0
632,"1h2e","PO4",10,"S",2,301,0.00664451827242525
633,"1h53","PO4",10,"C",114,175,0.651428571428571
633,"1h53","PO4",10,"N",35,175,0.2
633,"1h53","PO4",10,"O",26,175,0.148571428571429
633,"1h53","PO4",10,"P",0,175,0
633,"1h53","PO4",10,"S",0,175,0
634,"1h54","PO4",10,"C",150,238,0.630252100840336
634,"1h54","PO4",10,"N",38,238,0.159663865546218
634,"1h54","PO4",10,"O",50,238,0.210084033613445
634,"1h54","PO4",10,"P",0,238,0
634,"1h54","PO4",10,"S",0,238,0
635,"1h6l","PO4",10,"C",114,206,0.553398058252427
635,"1h6l","PO4",10,"N",36,206,0.174757281553398
635,"1h6l","PO4",10,"O",56,206,0.271844660194175
635,"1h6l","PO4",10,"P",0,206,0
635,"1h6l","PO4",10,"S",0,206,0
636,"1h7b","PO4",10,"C",120,187,0.641711229946524
636,"1h7b","PO4",10,"N",32,187,0.171122994652406
636,"1h7b","PO4",10,"O",32,187,0.171122994652406
636,"1h7b","PO4",10,"P",0,187,0
636,"1h7b","PO4",10,"S",3,187,0.0160427807486631
637,"1h9j","PO4",10,"C",78,127,0.614173228346457
637,"1h9j","PO4",10,"N",22,127,0.173228346456693
637,"1h9j","PO4",10,"O",27,127,0.21259842519685
637,"1h9j","PO4",10,"P",0,127,0
637,"1h9j","PO4",10,"S",0,127,0
638,"1hkq","PO4",10,"C",33,49,0.673469387755102
638,"1hkq","PO4",10,"N",10,49,0.204081632653061
638,"1hkq","PO4",10,"O",6,49,0.122448979591837
638,"1hkq","PO4",10,"P",0,49,0
638,"1hkq","PO4",10,"S",0,49,0
639,"1hn9","PO4",10,"C",62,100,0.62
639,"1hn9","PO4",10,"N",16,100,0.16
639,"1hn9","PO4",10,"O",21,100,0.21
639,"1hn9","PO4",10,"P",0,100,0
639,"1hn9","PO4",10,"S",1,100,0.01
640,"1ho4","PO4",10,"C",145,244,0.594262295081967
640,"1ho4","PO4",10,"N",53,244,0.217213114754098
640,"1ho4","PO4",10,"O",46,244,0.188524590163934
640,"1ho4","PO4",10,"P",0,244,0
640,"1ho4","PO4",10,"S",0,244,0
641,"1ho5","PO4",10,"C",137,241,0.568464730290456
641,"1ho5","PO4",10,"N",51,241,0.211618257261411
641,"1ho5","PO4",10,"O",53,241,0.219917012448133
641,"1ho5","PO4",10,"P",0,241,0
641,"1ho5","PO4",10,"S",0,241,0
642,"1hq0","PO4",10,"C",71,109,0.651376146788991
642,"1hq0","PO4",10,"N",16,109,0.146788990825688
642,"1hq0","PO4",10,"O",22,109,0.201834862385321
642,"1hq0","PO4",10,"P",0,109,0
642,"1hq0","PO4",10,"S",0,109,0
643,"1hru","PO4",10,"C",62,97,0.639175257731959
643,"1hru","PO4",10,"N",15,97,0.154639175257732
643,"1hru","PO4",10,"O",20,97,0.206185567010309
643,"1hru","PO4",10,"P",0,97,0
643,"1hru","PO4",10,"S",0,97,0
644,"1ia1","PO4",10,"C",116,182,0.637362637362637
644,"1ia1","PO4",10,"N",33,182,0.181318681318681
644,"1ia1","PO4",10,"O",31,182,0.17032967032967
644,"1ia1","PO4",10,"P",0,182,0
644,"1ia1","PO4",10,"S",2,182,0.010989010989011
645,"1ie7","PO4",10,"C",153,264,0.579545454545455
645,"1ie7","PO4",10,"N",56,264,0.212121212121212
645,"1ie7","PO4",10,"O",52,264,0.196969696969697
645,"1ie7","PO4",10,"P",0,264,0
645,"1ie7","PO4",10,"S",3,264,0.0113636363636364
646,"1igs","PO4",10,"C",148,237,0.624472573839662
646,"1igs","PO4",10,"N",42,237,0.177215189873418
646,"1igs","PO4",10,"O",46,237,0.194092827004219
646,"1igs","PO4",10,"P",0,237,0
646,"1igs","PO4",10,"S",1,237,0.00421940928270042
647,"1ii7","PO4",10,"C",129,211,0.611374407582938
647,"1ii7","PO4",10,"N",42,211,0.199052132701422
647,"1ii7","PO4",10,"O",40,211,0.18957345971564
647,"1ii7","PO4",10,"P",0,211,0
647,"1ii7","PO4",10,"S",0,211,0
648,"1imd","PO4",10,"C",152,252,0.603174603174603
648,"1imd","PO4",10,"N",42,252,0.166666666666667
648,"1imd","PO4",10,"O",58,252,0.23015873015873
648,"1imd","PO4",10,"P",0,252,0
648,"1imd","PO4",10,"S",0,252,0
649,"1iug","PO4",10,"C",57,89,0.640449438202247
649,"1iug","PO4",10,"N",17,89,0.191011235955056
649,"1iug","PO4",10,"O",15,89,0.168539325842697
649,"1iug","PO4",10,"P",0,89,0
649,"1iug","PO4",10,"S",0,89,0
650,"1j70","PO4",10,"C",164,264,0.621212121212121
650,"1j70","PO4",10,"N",53,264,0.200757575757576
650,"1j70","PO4",10,"O",44,264,0.166666666666667
650,"1j70","PO4",10,"P",0,264,0
650,"1j70","PO4",10,"S",3,264,0.0113636363636364
651,"1jcm","PO4",10,"C",68,116,0.586206896551724
651,"1jcm","PO4",10,"N",24,116,0.206896551724138
651,"1jcm","PO4",10,"O",24,116,0.206896551724138
651,"1jcm","PO4",10,"P",0,116,0
651,"1jcm","PO4",10,"S",0,116,0
652,"1jds","PO4",10,"C",134,210,0.638095238095238
652,"1jds","PO4",10,"N",36,210,0.171428571428571
652,"1jds","PO4",10,"O",38,210,0.180952380952381
652,"1jds","PO4",10,"P",0,210,0
652,"1jds","PO4",10,"S",2,210,0.00952380952380952
653,"1jft","PO4",10,"C",87,142,0.612676056338028
653,"1jft","PO4",10,"N",30,142,0.211267605633803
653,"1jft","PO4",10,"O",25,142,0.176056338028169
653,"1jft","PO4",10,"P",0,142,0
653,"1jft","PO4",10,"S",0,142,0
654,"1jhg","PO4",10,"C",64,114,0.56140350877193
654,"1jhg","PO4",10,"N",24,114,0.210526315789474
654,"1jhg","PO4",10,"O",25,114,0.219298245614035
654,"1jhg","PO4",10,"P",0,114,0
654,"1jhg","PO4",10,"S",1,114,0.0087719298245614
655,"1js1","PO4",10,"C",102,164,0.621951219512195
655,"1js1","PO4",10,"N",35,164,0.213414634146341
655,"1js1","PO4",10,"O",25,164,0.152439024390244
655,"1js1","PO4",10,"P",0,164,0
655,"1js1","PO4",10,"S",2,164,0.0121951219512195
656,"1jwh","PO4",10,"C",61,97,0.628865979381443
656,"1jwh","PO4",10,"N",21,97,0.216494845360825
656,"1jwh","PO4",10,"O",15,97,0.154639175257732
656,"1jwh","PO4",10,"P",0,97,0
656,"1jwh","PO4",10,"S",0,97,0
657,"1jxz","PO4",10,"C",114,188,0.606382978723404
657,"1jxz","PO4",10,"N",34,188,0.180851063829787
657,"1jxz","PO4",10,"O",39,188,0.207446808510638
657,"1jxz","PO4",10,"P",0,188,0
657,"1jxz","PO4",10,"S",1,188,0.00531914893617021
658,"1k0g","PO4",10,"C",165,272,0.606617647058823
658,"1k0g","PO4",10,"N",49,272,0.180147058823529
658,"1k0g","PO4",10,"O",56,272,0.205882352941176
658,"1k0g","PO4",10,"P",0,272,0
658,"1k0g","PO4",10,"S",2,272,0.00735294117647059
659,"1k27","PO4",10,"C",161,260,0.619230769230769
659,"1k27","PO4",10,"N",47,260,0.180769230769231
659,"1k27","PO4",10,"O",49,260,0.188461538461538
659,"1k27","PO4",10,"P",0,260,0
659,"1k27","PO4",10,"S",3,260,0.0115384615384615
660,"1k3s","PO4",10,"C",52,91,0.571428571428571
660,"1k3s","PO4",10,"N",19,91,0.208791208791209
660,"1k3s","PO4",10,"O",20,91,0.21978021978022
660,"1k3s","PO4",10,"P",0,91,0
660,"1k3s","PO4",10,"S",0,91,0
661,"1k9s","PO4",10,"C",148,252,0.587301587301587
661,"1k9s","PO4",10,"N",48,252,0.19047619047619
661,"1k9s","PO4",10,"O",49,252,0.194444444444444
661,"1k9s","PO4",10,"P",0,252,0
661,"1k9s","PO4",10,"S",7,252,0.0277777777777778
662,"1kv8","PO4",10,"C",144,238,0.605042016806723
662,"1kv8","PO4",10,"N",51,238,0.214285714285714
662,"1kv8","PO4",10,"O",43,238,0.180672268907563
662,"1kv8","PO4",10,"P",0,238,0
662,"1kv8","PO4",10,"S",0,238,0
663,"1kxj","PO4",10,"C",165,255,0.647058823529412
663,"1kxj","PO4",10,"N",45,255,0.176470588235294
663,"1kxj","PO4",10,"O",43,255,0.168627450980392
663,"1kxj","PO4",10,"P",0,255,0
663,"1kxj","PO4",10,"S",2,255,0.00784313725490196
664,"1kyv","PO4",10,"C",65,100,0.65
664,"1kyv","PO4",10,"N",16,100,0.16
664,"1kyv","PO4",10,"O",18,100,0.18
664,"1kyv","PO4",10,"P",0,100,0
664,"1kyv","PO4",10,"S",1,100,0.01
665,"1l3p","PO4",10,"C",82,132,0.621212121212121
665,"1l3p","PO4",10,"N",24,132,0.181818181818182
665,"1l3p","PO4",10,"O",26,132,0.196969696969697
665,"1l3p","PO4",10,"P",0,132,0
665,"1l3p","PO4",10,"S",0,132,0
666,"1l5w","PO4",10,"C",145,237,0.611814345991561
666,"1l5w","PO4",10,"N",44,237,0.185654008438819
666,"1l5w","PO4",10,"O",46,237,0.194092827004219
666,"1l5w","PO4",10,"P",0,237,0
666,"1l5w","PO4",10,"S",2,237,0.00843881856540084
667,"1l7m","PO4",10,"C",179,287,0.623693379790941
667,"1l7m","PO4",10,"N",45,287,0.156794425087108
667,"1l7m","PO4",10,"O",63,287,0.219512195121951
667,"1l7m","PO4",10,"P",0,287,0
667,"1l7m","PO4",10,"S",0,287,0
668,"1l8o","PO4",10,"C",152,246,0.617886178861789
668,"1l8o","PO4",10,"N",47,246,0.191056910569106
668,"1l8o","PO4",10,"O",46,246,0.186991869918699
668,"1l8o","PO4",10,"P",0,246,0
668,"1l8o","PO4",10,"S",1,246,0.0040650406504065
669,"1lby","PO4",10,"C",147,247,0.595141700404858
669,"1lby","PO4",10,"N",43,247,0.174089068825911
669,"1lby","PO4",10,"O",57,247,0.230769230769231
669,"1lby","PO4",10,"P",0,247,0
669,"1lby","PO4",10,"S",0,247,0
670,"1lc0","PO4",10,"C",109,168,0.648809523809524
670,"1lc0","PO4",10,"N",32,168,0.19047619047619
670,"1lc0","PO4",10,"O",26,168,0.154761904761905
670,"1lc0","PO4",10,"P",0,168,0
670,"1lc0","PO4",10,"S",1,168,0.00595238095238095
671,"1lkc","PO4",10,"C",124,197,0.629441624365482
671,"1lkc","PO4",10,"N",37,197,0.187817258883249
671,"1lkc","PO4",10,"O",34,197,0.17258883248731
671,"1lkc","PO4",10,"P",0,197,0
671,"1lkc","PO4",10,"S",2,197,0.0101522842639594
672,"1lqk","PO4",10,"C",120,197,0.609137055837564
672,"1lqk","PO4",10,"N",38,197,0.192893401015228
672,"1lqk","PO4",10,"O",38,197,0.192893401015228
672,"1lqk","PO4",10,"P",0,197,0
672,"1lqk","PO4",10,"S",1,197,0.0050761421319797
673,"1lw3","PO4",10,"C",158,265,0.59622641509434
673,"1lw3","PO4",10,"N",57,265,0.215094339622642
673,"1lw3","PO4",10,"O",49,265,0.184905660377358
673,"1lw3","PO4",10,"P",0,265,0
673,"1lw3","PO4",10,"S",1,265,0.00377358490566038
674,"1lyv","PO4",10,"C",175,274,0.638686131386861
674,"1lyv","PO4",10,"N",53,274,0.193430656934307
674,"1lyv","PO4",10,"O",44,274,0.160583941605839
674,"1lyv","PO4",10,"P",0,274,0
674,"1lyv","PO4",10,"S",2,274,0.0072992700729927
675,"1m1f","PO4",10,"C",60,103,0.58252427184466
675,"1m1f","PO4",10,"N",22,103,0.213592233009709
675,"1m1f","PO4",10,"O",21,103,0.203883495145631
675,"1m1f","PO4",10,"P",0,103,0
675,"1m1f","PO4",10,"S",0,103,0
676,"1m32","PO4",10,"C",92,144,0.638888888888889
676,"1m32","PO4",10,"N",25,144,0.173611111111111
676,"1m32","PO4",10,"O",27,144,0.1875
676,"1m32","PO4",10,"P",0,144,0
676,"1m32","PO4",10,"S",0,144,0
677,"1maa","PO4",10,"C",101,165,0.612121212121212
677,"1maa","PO4",10,"N",33,165,0.2
677,"1maa","PO4",10,"O",30,165,0.181818181818182
677,"1maa","PO4",10,"P",0,165,0
677,"1maa","PO4",10,"S",1,165,0.00606060606060606
678,"1mec","PO4",10,"C",103,159,0.647798742138365
678,"1mec","PO4",10,"N",26,159,0.163522012578616
678,"1mec","PO4",10,"O",30,159,0.188679245283019
678,"1mec","PO4",10,"P",0,159,0
678,"1mec","PO4",10,"S",0,159,0
679,"1mh9","PO4",10,"C",168,250,0.672
679,"1mh9","PO4",10,"N",40,250,0.16
679,"1mh9","PO4",10,"O",39,250,0.156
679,"1mh9","PO4",10,"P",0,250,0
679,"1mh9","PO4",10,"S",3,250,0.012
680,"1mky","PO4",10,"C",101,167,0.604790419161677
680,"1mky","PO4",10,"N",29,167,0.173652694610778
680,"1mky","PO4",10,"O",36,167,0.215568862275449
680,"1mky","PO4",10,"P",0,167,0
680,"1mky","PO4",10,"S",1,167,0.00598802395209581
681,"1mpu","PO4",10,"C",80,123,0.650406504065041
681,"1mpu","PO4",10,"N",19,123,0.154471544715447
681,"1mpu","PO4",10,"O",24,123,0.195121951219512
681,"1mpu","PO4",10,"P",0,123,0
681,"1mpu","PO4",10,"S",0,123,0
682,"1mq4","PO4",10,"C",104,178,0.584269662921348
682,"1mq4","PO4",10,"N",40,178,0.224719101123595
682,"1mq4","PO4",10,"O",31,178,0.174157303370787
682,"1mq4","PO4",10,"P",0,178,0
682,"1mq4","PO4",10,"S",3,178,0.0168539325842697
683,"1mzh","PO4",10,"C",113,183,0.617486338797814
683,"1mzh","PO4",10,"N",34,183,0.185792349726776
683,"1mzh","PO4",10,"O",35,183,0.191256830601093
683,"1mzh","PO4",10,"P",0,183,0
683,"1mzh","PO4",10,"S",1,183,0.00546448087431694
684,"1nd6","PO4",10,"C",171,265,0.645283018867924
684,"1nd6","PO4",10,"N",47,265,0.177358490566038
684,"1nd6","PO4",10,"O",46,265,0.173584905660377
684,"1nd6","PO4",10,"P",0,265,0
684,"1nd6","PO4",10,"S",1,265,0.00377358490566038
685,"1nel","PO4",10,"C",147,259,0.567567567567568
685,"1nel","PO4",10,"N",49,259,0.189189189189189
685,"1nel","PO4",10,"O",63,259,0.243243243243243
685,"1nel","PO4",10,"P",0,259,0
685,"1nel","PO4",10,"S",0,259,0
686,"1nep","PO4",10,"C",73,130,0.561538461538462
686,"1nep","PO4",10,"N",27,130,0.207692307692308
686,"1nep","PO4",10,"O",28,130,0.215384615384615
686,"1nep","PO4",10,"P",0,130,0
686,"1nep","PO4",10,"S",2,130,0.0153846153846154
687,"1npl","PO4",10,"C",55,90,0.611111111111111
687,"1npl","PO4",10,"N",15,90,0.166666666666667
687,"1npl","PO4",10,"O",20,90,0.222222222222222
687,"1npl","PO4",10,"P",0,90,0
687,"1npl","PO4",10,"S",0,90,0
688,"1nrw","PO4",10,"C",172,285,0.603508771929825
688,"1nrw","PO4",10,"N",52,285,0.182456140350877
688,"1nrw","PO4",10,"O",61,285,0.214035087719298
688,"1nrw","PO4",10,"P",0,285,0
688,"1nrw","PO4",10,"S",0,285,0
689,"1nsj","PO4",10,"C",139,227,0.612334801762115
689,"1nsj","PO4",10,"N",39,227,0.171806167400881
689,"1nsj","PO4",10,"O",48,227,0.211453744493392
689,"1nsj","PO4",10,"P",0,227,0
689,"1nsj","PO4",10,"S",1,227,0.00440528634361234
690,"1nx6","PO4",10,"C",123,206,0.597087378640777
690,"1nx6","PO4",10,"N",42,206,0.203883495145631
690,"1nx6","PO4",10,"O",39,206,0.189320388349515
690,"1nx6","PO4",10,"P",0,206,0
690,"1nx6","PO4",10,"S",2,206,0.00970873786407767
691,"1ny5","PO4",10,"C",77,133,0.578947368421053
691,"1ny5","PO4",10,"N",28,133,0.210526315789474
691,"1ny5","PO4",10,"O",27,133,0.203007518796992
691,"1ny5","PO4",10,"P",0,133,0
691,"1ny5","PO4",10,"S",1,133,0.0075187969924812
692,"1o58","PO4",10,"C",177,275,0.643636363636364
692,"1o58","PO4",10,"N",47,275,0.170909090909091
692,"1o58","PO4",10,"O",46,275,0.167272727272727
692,"1o58","PO4",10,"P",0,275,0
692,"1o58","PO4",10,"S",5,275,0.0181818181818182
693,"1o83","PO4",10,"C",78,114,0.68421052631579
693,"1o83","PO4",10,"N",18,114,0.157894736842105
693,"1o83","PO4",10,"O",18,114,0.157894736842105
693,"1o83","PO4",10,"P",0,114,0
693,"1o83","PO4",10,"S",0,114,0
694,"1ojr","PO4",10,"C",136,215,0.632558139534884
694,"1ojr","PO4",10,"N",44,215,0.204651162790698
694,"1ojr","PO4",10,"O",35,215,0.162790697674419
694,"1ojr","PO4",10,"P",0,215,0
694,"1ojr","PO4",10,"S",0,215,0
695,"1ooy","PO4",10,"C",107,180,0.594444444444444
695,"1ooy","PO4",10,"N",36,180,0.2
695,"1ooy","PO4",10,"O",36,180,0.2
695,"1ooy","PO4",10,"P",0,180,0
695,"1ooy","PO4",10,"S",1,180,0.00555555555555556
696,"1oz0","PO4",10,"C",120,189,0.634920634920635
696,"1oz0","PO4",10,"N",33,189,0.174603174603175
696,"1oz0","PO4",10,"O",35,189,0.185185185185185
696,"1oz0","PO4",10,"P",0,189,0
696,"1oz0","PO4",10,"S",1,189,0.00529100529100529
697,"1ozf","PO4",10,"C",172,279,0.616487455197133
697,"1ozf","PO4",10,"N",55,279,0.197132616487455
697,"1ozf","PO4",10,"O",52,279,0.186379928315412
697,"1ozf","PO4",10,"P",0,279,0
697,"1ozf","PO4",10,"S",0,279,0
698,"1p0k","PO4",10,"C",105,165,0.636363636363636
698,"1p0k","PO4",10,"N",27,165,0.163636363636364
698,"1p0k","PO4",10,"O",31,165,0.187878787878788
698,"1p0k","PO4",10,"P",0,165,0
698,"1p0k","PO4",10,"S",2,165,0.0121212121212121
699,"1p1j","PO4",10,"C",162,267,0.606741573033708
699,"1p1j","PO4",10,"N",51,267,0.191011235955056
699,"1p1j","PO4",10,"O",53,267,0.198501872659176
699,"1p1j","PO4",10,"P",0,267,0
699,"1p1j","PO4",10,"S",1,267,0.00374531835205993
700,"1p35","PO4",10,"C",81,130,0.623076923076923
700,"1p35","PO4",10,"N",25,130,0.192307692307692
700,"1p35","PO4",10,"O",23,130,0.176923076923077
700,"1p35","PO4",10,"P",0,130,0
700,"1p35","PO4",10,"S",1,130,0.00769230769230769
701,"1p49","PO4",10,"C",55,97,0.56701030927835
701,"1p49","PO4",10,"N",19,97,0.195876288659794
701,"1p49","PO4",10,"O",21,97,0.216494845360825
701,"1p49","PO4",10,"P",0,97,0
701,"1p49","PO4",10,"S",2,97,0.0206185567010309
702,"1pie","PO4",10,"C",152,251,0.605577689243028
702,"1pie","PO4",10,"N",44,251,0.175298804780877
702,"1pie","PO4",10,"O",53,251,0.211155378486056
702,"1pie","PO4",10,"P",0,251,0
702,"1pie","PO4",10,"S",2,251,0.00796812749003984
703,"1pt7","PO4",10,"C",100,152,0.657894736842105
703,"1pt7","PO4",10,"N",22,152,0.144736842105263
703,"1pt7","PO4",10,"O",29,152,0.190789473684211
703,"1pt7","PO4",10,"P",0,152,0
703,"1pt7","PO4",10,"S",1,152,0.00657894736842105
704,"1ptm","PO4",10,"C",149,222,0.671171171171171
704,"1ptm","PO4",10,"N",37,222,0.166666666666667
704,"1ptm","PO4",10,"O",36,222,0.162162162162162
704,"1ptm","PO4",10,"P",0,222,0
704,"1ptm","PO4",10,"S",0,222,0
705,"1pvw","PO4",10,"C",157,258,0.608527131782946
705,"1pvw","PO4",10,"N",45,258,0.174418604651163
705,"1pvw","PO4",10,"O",54,258,0.209302325581395
705,"1pvw","PO4",10,"P",0,258,0
705,"1pvw","PO4",10,"S",2,258,0.00775193798449612
706,"1q08","PO4",10,"C",80,132,0.606060606060606
706,"1q08","PO4",10,"N",22,132,0.166666666666667
706,"1q08","PO4",10,"O",27,132,0.204545454545455
706,"1q08","PO4",10,"P",0,132,0
706,"1q08","PO4",10,"S",3,132,0.0227272727272727
707,"1q3f","PO4",10,"C",99,151,0.655629139072848
707,"1q3f","PO4",10,"N",28,151,0.185430463576159
707,"1q3f","PO4",10,"O",24,151,0.158940397350993
707,"1q3f","PO4",10,"P",0,151,0
707,"1q3f","PO4",10,"S",0,151,0
708,"1qf5","PO4",10,"C",145,253,0.573122529644269
708,"1qf5","PO4",10,"N",53,253,0.209486166007905
708,"1qf5","PO4",10,"O",55,253,0.217391304347826
708,"1qf5","PO4",10,"P",0,253,0
708,"1qf5","PO4",10,"S",0,253,0
709,"1qfc","PO4",10,"C",131,216,0.606481481481482
709,"1qfc","PO4",10,"N",41,216,0.189814814814815
709,"1qfc","PO4",10,"O",44,216,0.203703703703704
709,"1qfc","PO4",10,"P",0,216,0
709,"1qfc","PO4",10,"S",0,216,0
710,"1qhb","PO4",10,"C",174,281,0.619217081850534
710,"1qhb","PO4",10,"N",58,281,0.206405693950178
710,"1qhb","PO4",10,"O",48,281,0.170818505338078
710,"1qhb","PO4",10,"P",0,281,0
710,"1qhb","PO4",10,"S",1,281,0.00355871886120996
711,"1qlm","PO4",10,"C",148,242,0.611570247933884
711,"1qlm","PO4",10,"N",43,242,0.177685950413223
711,"1qlm","PO4",10,"O",47,242,0.194214876033058
711,"1qlm","PO4",10,"P",0,242,0
711,"1qlm","PO4",10,"S",4,242,0.0165289256198347
712,"1qwt","PO4",10,"C",65,112,0.580357142857143
712,"1qwt","PO4",10,"N",22,112,0.196428571428571
712,"1qwt","PO4",10,"O",23,112,0.205357142857143
712,"1qwt","PO4",10,"P",0,112,0
712,"1qwt","PO4",10,"S",2,112,0.0178571428571429
713,"1rer","PO4",10,"C",55,82,0.670731707317073
713,"1rer","PO4",10,"N",13,82,0.158536585365854
713,"1rer","PO4",10,"O",13,82,0.158536585365854
713,"1rer","PO4",10,"P",0,82,0
713,"1rer","PO4",10,"S",1,82,0.0121951219512195
714,"1rkd","PO4",10,"C",98,155,0.632258064516129
714,"1rkd","PO4",10,"N",26,155,0.167741935483871
714,"1rkd","PO4",10,"O",31,155,0.2
714,"1rkd","PO4",10,"P",0,155,0
714,"1rkd","PO4",10,"S",0,155,0
715,"1rkv","PO4",10,"C",142,224,0.633928571428571
715,"1rkv","PO4",10,"N",36,224,0.160714285714286
715,"1rkv","PO4",10,"O",43,224,0.191964285714286
715,"1rkv","PO4",10,"P",0,224,0
715,"1rkv","PO4",10,"S",3,224,0.0133928571428571
716,"1rli","PO4",10,"C",133,212,0.627358490566038
716,"1rli","PO4",10,"N",37,212,0.174528301886792
716,"1rli","PO4",10,"O",42,212,0.19811320754717
716,"1rli","PO4",10,"P",0,212,0
716,"1rli","PO4",10,"S",0,212,0
717,"1rn4","PO4",10,"C",121,193,0.626943005181347
717,"1rn4","PO4",10,"N",34,193,0.176165803108808
717,"1rn4","PO4",10,"O",38,193,0.196891191709845
717,"1rn4","PO4",10,"P",0,193,0
717,"1rn4","PO4",10,"S",0,193,0
718,"1rv3","PO4",10,"C",104,176,0.590909090909091
718,"1rv3","PO4",10,"N",40,176,0.227272727272727
718,"1rv3","PO4",10,"O",31,176,0.176136363636364
718,"1rv3","PO4",10,"P",0,176,0
718,"1rv3","PO4",10,"S",1,176,0.00568181818181818
719,"1rw9","PO4",10,"C",153,242,0.632231404958678
719,"1rw9","PO4",10,"N",50,242,0.206611570247934
719,"1rw9","PO4",10,"O",39,242,0.161157024793388
719,"1rw9","PO4",10,"P",0,242,0
719,"1rw9","PO4",10,"S",0,242,0
720,"1rxc","PO4",10,"C",137,225,0.608888888888889
720,"1rxc","PO4",10,"N",38,225,0.168888888888889
720,"1rxc","PO4",10,"O",47,225,0.208888888888889
720,"1rxc","PO4",10,"P",0,225,0
720,"1rxc","PO4",10,"S",3,225,0.0133333333333333
721,"1s96","PO4",10,"C",100,164,0.609756097560976
721,"1s96","PO4",10,"N",34,164,0.207317073170732
721,"1s96","PO4",10,"O",30,164,0.182926829268293
721,"1s96","PO4",10,"P",0,164,0
721,"1s96","PO4",10,"S",0,164,0
722,"1sb7","PO4",10,"C",146,227,0.643171806167401
722,"1sb7","PO4",10,"N",40,227,0.176211453744493
722,"1sb7","PO4",10,"O",41,227,0.180616740088106
722,"1sb7","PO4",10,"P",0,227,0
722,"1sb7","PO4",10,"S",0,227,0
723,"1sf3","PO4",10,"C",47,84,0.55952380952381
723,"1sf3","PO4",10,"N",16,84,0.19047619047619
723,"1sf3","PO4",10,"O",20,84,0.238095238095238
723,"1sf3","PO4",10,"P",0,84,0
723,"1sf3","PO4",10,"S",1,84,0.0119047619047619
724,"1sfs","PO4",10,"C",80,130,0.615384615384615
724,"1sfs","PO4",10,"N",24,130,0.184615384615385
724,"1sfs","PO4",10,"O",26,130,0.2
724,"1sfs","PO4",10,"P",0,130,0
724,"1sfs","PO4",10,"S",0,130,0
725,"1tco","PO4",10,"C",149,244,0.610655737704918
725,"1tco","PO4",10,"N",49,244,0.200819672131148
725,"1tco","PO4",10,"O",44,244,0.180327868852459
725,"1tco","PO4",10,"P",0,244,0
725,"1tco","PO4",10,"S",2,244,0.00819672131147541
726,"1tg7","PO4",10,"C",124,215,0.576744186046512
726,"1tg7","PO4",10,"N",41,215,0.190697674418605
726,"1tg7","PO4",10,"O",50,215,0.232558139534884
726,"1tg7","PO4",10,"P",0,215,0
726,"1tg7","PO4",10,"S",0,215,0
727,"1uam","PO4",10,"C",73,115,0.634782608695652
727,"1uam","PO4",10,"N",20,115,0.173913043478261
727,"1uam","PO4",10,"O",20,115,0.173913043478261
727,"1uam","PO4",10,"P",0,115,0
727,"1uam","PO4",10,"S",2,115,0.0173913043478261
728,"1udn","PO4",10,"C",142,231,0.614718614718615
728,"1udn","PO4",10,"N",41,231,0.177489177489178
728,"1udn","PO4",10,"O",45,231,0.194805194805195
728,"1udn","PO4",10,"P",0,231,0
728,"1udn","PO4",10,"S",3,231,0.012987012987013
729,"1uu0","PO4",10,"C",163,247,0.659919028340081
729,"1uu0","PO4",10,"N",41,247,0.165991902834008
729,"1uu0","PO4",10,"O",42,247,0.17004048582996
729,"1uu0","PO4",10,"P",0,247,0
729,"1uu0","PO4",10,"S",1,247,0.00404858299595142
730,"1uw3","PO4",10,"C",64,104,0.615384615384615
730,"1uw3","PO4",10,"N",19,104,0.182692307692308
730,"1uw3","PO4",10,"O",21,104,0.201923076923077
730,"1uw3","PO4",10,"P",0,104,0
730,"1uw3","PO4",10,"S",0,104,0
731,"1uwg","PO4",10,"C",100,153,0.65359477124183
731,"1uwg","PO4",10,"N",24,153,0.156862745098039
731,"1uwg","PO4",10,"O",29,153,0.189542483660131
731,"1uwg","PO4",10,"P",0,153,0
731,"1uwg","PO4",10,"S",0,153,0
732,"1uwv","PO4",10,"C",72,119,0.605042016806723
732,"1uwv","PO4",10,"N",26,119,0.218487394957983
732,"1uwv","PO4",10,"O",21,119,0.176470588235294
732,"1uwv","PO4",10,"P",0,119,0
732,"1uwv","PO4",10,"S",0,119,0
733,"1v04","PO4",10,"C",173,278,0.622302158273381
733,"1v04","PO4",10,"N",49,278,0.176258992805755
733,"1v04","PO4",10,"O",55,278,0.197841726618705
733,"1v04","PO4",10,"P",0,278,0
733,"1v04","PO4",10,"S",1,278,0.00359712230215827
734,"1v2i","PO4",10,"C",137,219,0.625570776255708
734,"1v2i","PO4",10,"N",39,219,0.178082191780822
734,"1v2i","PO4",10,"O",41,219,0.187214611872146
734,"1v2i","PO4",10,"P",0,219,0
734,"1v2i","PO4",10,"S",2,219,0.0091324200913242
735,"1v2x","PO4",10,"C",82,132,0.621212121212121
735,"1v2x","PO4",10,"N",25,132,0.189393939393939
735,"1v2x","PO4",10,"O",25,132,0.189393939393939
735,"1v2x","PO4",10,"P",0,132,0
735,"1v2x","PO4",10,"S",0,132,0
736,"1v33","PO4",10,"C",148,232,0.637931034482759
736,"1v33","PO4",10,"N",43,232,0.185344827586207
736,"1v33","PO4",10,"O",41,232,0.176724137931034
736,"1v33","PO4",10,"P",0,232,0
736,"1v33","PO4",10,"S",0,232,0
737,"1v9f","PO4",10,"C",123,200,0.615
737,"1v9f","PO4",10,"N",40,200,0.2
737,"1v9f","PO4",10,"O",36,200,0.18
737,"1v9f","PO4",10,"P",0,200,0
737,"1v9f","PO4",10,"S",1,200,0.005
738,"1vdr","PO4",10,"C",74,124,0.596774193548387
738,"1vdr","PO4",10,"N",29,124,0.233870967741935
738,"1vdr","PO4",10,"O",20,124,0.161290322580645
738,"1vdr","PO4",10,"P",0,124,0
738,"1vdr","PO4",10,"S",1,124,0.00806451612903226
739,"1vj5","PO4",10,"C",167,253,0.660079051383399
739,"1vj5","PO4",10,"N",38,253,0.150197628458498
739,"1vj5","PO4",10,"O",45,253,0.177865612648221
739,"1vj5","PO4",10,"P",0,253,0
739,"1vj5","PO4",10,"S",3,253,0.0118577075098814
740,"1vkf","PO4",10,"C",115,173,0.664739884393064
740,"1vkf","PO4",10,"N",30,173,0.173410404624277
740,"1vkf","PO4",10,"O",28,173,0.161849710982659
740,"1vkf","PO4",10,"P",0,173,0
740,"1vkf","PO4",10,"S",0,173,0
741,"1vkk","PO4",10,"C",95,144,0.659722222222222
741,"1vkk","PO4",10,"N",24,144,0.166666666666667
741,"1vkk","PO4",10,"O",23,144,0.159722222222222
741,"1vkk","PO4",10,"P",0,144,0
741,"1vkk","PO4",10,"S",2,144,0.0138888888888889
742,"1vl8","PO4",10,"C",65,98,0.663265306122449
742,"1vl8","PO4",10,"N",18,98,0.183673469387755
742,"1vl8","PO4",10,"O",15,98,0.153061224489796
742,"1vl8","PO4",10,"P",0,98,0
742,"1vl8","PO4",10,"S",0,98,0
743,"1vlp","PO4",10,"C",123,212,0.580188679245283
743,"1vlp","PO4",10,"N",42,212,0.19811320754717
743,"1vlp","PO4",10,"O",47,212,0.221698113207547
743,"1vlp","PO4",10,"P",0,212,0
743,"1vlp","PO4",10,"S",0,212,0
744,"1vlv","PO4",10,"C",143,232,0.616379310344828
744,"1vlv","PO4",10,"N",46,232,0.198275862068966
744,"1vlv","PO4",10,"O",41,232,0.176724137931034
744,"1vlv","PO4",10,"P",0,232,0
744,"1vlv","PO4",10,"S",2,232,0.00862068965517241
745,"1vqv","PO4",10,"C",66,113,0.584070796460177
745,"1vqv","PO4",10,"N",23,113,0.20353982300885
745,"1vqv","PO4",10,"O",24,113,0.212389380530973
745,"1vqv","PO4",10,"P",0,113,0
745,"1vqv","PO4",10,"S",0,113,0
746,"1wa6","PO4",10,"C",157,241,0.651452282157676
746,"1wa6","PO4",10,"N",41,241,0.170124481327801
746,"1wa6","PO4",10,"O",43,241,0.178423236514523
746,"1wa6","PO4",10,"P",0,241,0
746,"1wa6","PO4",10,"S",0,241,0
747,"1wbh","PO4",10,"C",110,174,0.632183908045977
747,"1wbh","PO4",10,"N",31,174,0.17816091954023
747,"1wbh","PO4",10,"O",32,174,0.183908045977011
747,"1wbh","PO4",10,"P",0,174,0
747,"1wbh","PO4",10,"S",1,174,0.00574712643678161
748,"1wcf","PO4",10,"C",146,237,0.616033755274262
748,"1wcf","PO4",10,"N",36,237,0.151898734177215
748,"1wcf","PO4",10,"O",54,237,0.227848101265823
748,"1wcf","PO4",10,"P",0,237,0
748,"1wcf","PO4",10,"S",1,237,0.00421940928270042
749,"1wvq","PO4",10,"C",54,84,0.642857142857143
749,"1wvq","PO4",10,"N",17,84,0.202380952380952
749,"1wvq","PO4",10,"O",13,84,0.154761904761905
749,"1wvq","PO4",10,"P",0,84,0
749,"1wvq","PO4",10,"S",0,84,0
750,"1wxx","PO4",10,"C",44,73,0.602739726027397
750,"1wxx","PO4",10,"N",15,73,0.205479452054795
750,"1wxx","PO4",10,"O",14,73,0.191780821917808
750,"1wxx","PO4",10,"P",0,73,0
750,"1wxx","PO4",10,"S",0,73,0
751,"1wzc","PO4",10,"C",171,284,0.602112676056338
751,"1wzc","PO4",10,"N",46,284,0.161971830985915
751,"1wzc","PO4",10,"O",64,284,0.225352112676056
751,"1wzc","PO4",10,"P",0,284,0
751,"1wzc","PO4",10,"S",3,284,0.0105633802816901
752,"1x86","PO4",10,"C",120,183,0.655737704918033
752,"1x86","PO4",10,"N",27,183,0.147540983606557
752,"1x86","PO4",10,"O",33,183,0.180327868852459
752,"1x86","PO4",10,"P",0,183,0
752,"1x86","PO4",10,"S",3,183,0.0163934426229508
753,"1xjo","PO4",10,"C",119,210,0.566666666666667
753,"1xjo","PO4",10,"N",42,210,0.2
753,"1xjo","PO4",10,"O",49,210,0.233333333333333
753,"1xjo","PO4",10,"P",0,210,0
753,"1xjo","PO4",10,"S",0,210,0
754,"1y89","PO4",10,"C",125,208,0.600961538461538
754,"1y89","PO4",10,"N",41,208,0.197115384615385
754,"1y89","PO4",10,"O",42,208,0.201923076923077
754,"1y89","PO4",10,"P",0,208,0
754,"1y89","PO4",10,"S",0,208,0
755,"1yb0","PO4",10,"C",129,208,0.620192307692308
755,"1yb0","PO4",10,"N",40,208,0.192307692307692
755,"1yb0","PO4",10,"O",37,208,0.177884615384615
755,"1yb0","PO4",10,"P",0,208,0
755,"1yb0","PO4",10,"S",2,208,0.00961538461538462
756,"1yr9","PO4",10,"C",82,138,0.594202898550725
756,"1yr9","PO4",10,"N",28,138,0.202898550724638
756,"1yr9","PO4",10,"O",28,138,0.202898550724638
756,"1yr9","PO4",10,"P",0,138,0
756,"1yr9","PO4",10,"S",0,138,0
757,"1yrr","PO4",10,"C",140,234,0.598290598290598
757,"1yrr","PO4",10,"N",46,234,0.196581196581197
757,"1yrr","PO4",10,"O",48,234,0.205128205128205
757,"1yrr","PO4",10,"P",0,234,0
757,"1yrr","PO4",10,"S",0,234,0
758,"1ywf","PO4",10,"C",209,310,0.674193548387097
758,"1ywf","PO4",10,"N",46,310,0.148387096774194
758,"1ywf","PO4",10,"O",53,310,0.170967741935484
758,"1ywf","PO4",10,"P",0,310,0
758,"1ywf","PO4",10,"S",2,310,0.00645161290322581
759,"1z5g","PO4",10,"C",168,265,0.633962264150943
759,"1z5g","PO4",10,"N",42,265,0.158490566037736
759,"1z5g","PO4",10,"O",54,265,0.20377358490566
759,"1z5g","PO4",10,"P",0,265,0
759,"1z5g","PO4",10,"S",1,265,0.00377358490566038
760,"1z6a","PO4",10,"C",85,122,0.69672131147541
760,"1z6a","PO4",10,"N",17,122,0.139344262295082
760,"1z6a","PO4",10,"O",20,122,0.163934426229508
760,"1z6a","PO4",10,"P",0,122,0
760,"1z6a","PO4",10,"S",0,122,0
761,"1z7m","PO4",10,"C",74,119,0.621848739495798
761,"1z7m","PO4",10,"N",20,119,0.168067226890756
761,"1z7m","PO4",10,"O",24,119,0.201680672268908
761,"1z7m","PO4",10,"P",0,119,0
761,"1z7m","PO4",10,"S",1,119,0.00840336134453781
762,"1zc0","PO4",10,"C",159,257,0.618677042801556
762,"1zc0","PO4",10,"N",50,257,0.194552529182879
762,"1zc0","PO4",10,"O",45,257,0.175097276264591
762,"1zc0","PO4",10,"P",0,257,0
762,"1zc0","PO4",10,"S",3,257,0.0116731517509728
763,"1zcn","PO4",10,"C",91,159,0.572327044025157
763,"1zcn","PO4",10,"N",36,159,0.226415094339623
763,"1zcn","PO4",10,"O",30,159,0.188679245283019
763,"1zcn","PO4",10,"P",0,159,0
763,"1zcn","PO4",10,"S",2,159,0.0125786163522013
764,"1zui","PO4",10,"C",130,211,0.616113744075829
764,"1zui","PO4",10,"N",38,211,0.180094786729858
764,"1zui","PO4",10,"O",40,211,0.18957345971564
764,"1zui","PO4",10,"P",0,211,0
764,"1zui","PO4",10,"S",3,211,0.014218009478673
765,"1zwk","PO4",10,"C",124,202,0.613861386138614
765,"1zwk","PO4",10,"N",39,202,0.193069306930693
765,"1zwk","PO4",10,"O",38,202,0.188118811881188
765,"1zwk","PO4",10,"P",0,202,0
765,"1zwk","PO4",10,"S",1,202,0.00495049504950495
766,"1zwx","PO4",10,"C",149,240,0.620833333333333
766,"1zwx","PO4",10,"N",37,240,0.154166666666667
766,"1zwx","PO4",10,"O",54,240,0.225
766,"1zwx","PO4",10,"P",0,240,0
766,"1zwx","PO4",10,"S",0,240,0
767,"2a3l","PO4",10,"C",82,134,0.611940298507463
767,"2a3l","PO4",10,"N",28,134,0.208955223880597
767,"2a3l","PO4",10,"O",24,134,0.17910447761194
767,"2a3l","PO4",10,"P",0,134,0
767,"2a3l","PO4",10,"S",0,134,0
768,"2a96","PO4",10,"C",162,264,0.613636363636364
768,"2a96","PO4",10,"N",52,264,0.196969696969697
768,"2a96","PO4",10,"O",49,264,0.185606060606061
768,"2a96","PO4",10,"P",0,264,0
768,"2a96","PO4",10,"S",1,264,0.00378787878787879
769,"2acx","PO4",10,"C",92,154,0.597402597402597
769,"2acx","PO4",10,"N",36,154,0.233766233766234
769,"2acx","PO4",10,"O",25,154,0.162337662337662
769,"2acx","PO4",10,"P",0,154,0
769,"2acx","PO4",10,"S",1,154,0.00649350649350649
770,"2aml","PO4",10,"C",144,239,0.602510460251046
770,"2aml","PO4",10,"N",39,239,0.163179916317992
770,"2aml","PO4",10,"O",56,239,0.234309623430962
770,"2aml","PO4",10,"P",0,239,0
770,"2aml","PO4",10,"S",0,239,0
771,"2an4","PO4",10,"C",78,122,0.639344262295082
771,"2an4","PO4",10,"N",25,122,0.204918032786885
771,"2an4","PO4",10,"O",19,122,0.155737704918033
771,"2an4","PO4",10,"P",0,122,0
771,"2an4","PO4",10,"S",0,122,0
772,"2ark","PO4",10,"C",111,186,0.596774193548387
772,"2ark","PO4",10,"N",34,186,0.182795698924731
772,"2ark","PO4",10,"O",41,186,0.220430107526882
772,"2ark","PO4",10,"P",0,186,0
772,"2ark","PO4",10,"S",0,186,0
773,"2b44","PO4",10,"C",151,259,0.583011583011583
773,"2b44","PO4",10,"N",56,259,0.216216216216216
773,"2b44","PO4",10,"O",51,259,0.196911196911197
773,"2b44","PO4",10,"P",0,259,0
773,"2b44","PO4",10,"S",1,259,0.00386100386100386
774,"2c1w","PO4",10,"C",122,198,0.616161616161616
774,"2c1w","PO4",10,"N",41,198,0.207070707070707
774,"2c1w","PO4",10,"O",34,198,0.171717171717172
774,"2c1w","PO4",10,"P",0,198,0
774,"2c1w","PO4",10,"S",1,198,0.00505050505050505
775,"2c30","PO4",10,"C",75,116,0.646551724137931
775,"2c30","PO4",10,"N",24,116,0.206896551724138
775,"2c30","PO4",10,"O",17,116,0.146551724137931
775,"2c30","PO4",10,"P",0,116,0
775,"2c30","PO4",10,"S",0,116,0
776,"2c4n","PO4",10,"C",140,226,0.619469026548673
776,"2c4n","PO4",10,"N",40,226,0.176991150442478
776,"2c4n","PO4",10,"O",46,226,0.20353982300885
776,"2c4n","PO4",10,"P",0,226,0
776,"2c4n","PO4",10,"S",0,226,0
777,"2c6p","PO4",10,"C",163,263,0.619771863117871
777,"2c6p","PO4",10,"N",48,263,0.182509505703422
777,"2c6p","PO4",10,"O",52,263,0.197718631178707
777,"2c6p","PO4",10,"P",0,263,0
777,"2c6p","PO4",10,"S",0,263,0
778,"2c91","PO4",10,"C",69,110,0.627272727272727
778,"2c91","PO4",10,"N",20,110,0.181818181818182
778,"2c91","PO4",10,"O",21,110,0.190909090909091
778,"2c91","PO4",10,"P",0,110,0
778,"2c91","PO4",10,"S",0,110,0
779,"2ccl","PO4",10,"C",48,81,0.592592592592593
779,"2ccl","PO4",10,"N",16,81,0.197530864197531
779,"2ccl","PO4",10,"O",17,81,0.209876543209877
779,"2ccl","PO4",10,"P",0,81,0
779,"2ccl","PO4",10,"S",0,81,0
780,"2chp","PO4",10,"C",59,83,0.710843373493976
780,"2chp","PO4",10,"N",11,83,0.132530120481928
780,"2chp","PO4",10,"O",13,83,0.156626506024096
780,"2chp","PO4",10,"P",0,83,0
780,"2chp","PO4",10,"S",0,83,0
781,"2ck3","PO4",10,"C",91,139,0.654676258992806
781,"2ck3","PO4",10,"N",22,139,0.158273381294964
781,"2ck3","PO4",10,"O",25,139,0.179856115107914
781,"2ck3","PO4",10,"P",0,139,0
781,"2ck3","PO4",10,"S",1,139,0.00719424460431655
782,"2cm6","PO4",10,"C",78,115,0.678260869565217
782,"2cm6","PO4",10,"N",17,115,0.147826086956522
782,"2cm6","PO4",10,"O",20,115,0.173913043478261
782,"2cm6","PO4",10,"P",0,115,0
782,"2cm6","PO4",10,"S",0,115,0
783,"2cmw","PO4",10,"C",101,156,0.647435897435897
783,"2cmw","PO4",10,"N",28,156,0.17948717948718
783,"2cmw","PO4",10,"O",27,156,0.173076923076923
783,"2cmw","PO4",10,"P",0,156,0
783,"2cmw","PO4",10,"S",0,156,0
784,"2cns","PO4",10,"C",123,195,0.630769230769231
784,"2cns","PO4",10,"N",38,195,0.194871794871795
784,"2cns","PO4",10,"O",34,195,0.174358974358974
784,"2cns","PO4",10,"P",0,195,0
784,"2cns","PO4",10,"S",0,195,0
785,"2cx7","PO4",10,"C",55,94,0.585106382978723
785,"2cx7","PO4",10,"N",17,94,0.180851063829787
785,"2cx7","PO4",10,"O",22,94,0.234042553191489
785,"2cx7","PO4",10,"P",0,94,0
785,"2cx7","PO4",10,"S",0,94,0
786,"2cxn","PO4",10,"C",134,215,0.623255813953488
786,"2cxn","PO4",10,"N",38,215,0.176744186046512
786,"2cxn","PO4",10,"O",43,215,0.2
786,"2cxn","PO4",10,"P",0,215,0
786,"2cxn","PO4",10,"S",0,215,0
787,"2d0d","PO4",10,"C",54,91,0.593406593406593
787,"2d0d","PO4",10,"N",17,91,0.186813186813187
787,"2d0d","PO4",10,"O",20,91,0.21978021978022
787,"2d0d","PO4",10,"P",0,91,0
787,"2d0d","PO4",10,"S",0,91,0
788,"2dc6","PO4",10,"C",72,104,0.692307692307692
788,"2dc6","PO4",10,"N",15,104,0.144230769230769
788,"2dc6","PO4",10,"O",17,104,0.163461538461538
788,"2dc6","PO4",10,"P",0,104,0
788,"2dc6","PO4",10,"S",0,104,0
789,"2dj5","PO4",10,"C",48,76,0.631578947368421
789,"2dj5","PO4",10,"N",15,76,0.197368421052632
789,"2dj5","PO4",10,"O",13,76,0.171052631578947
789,"2dj5","PO4",10,"P",0,76,0
789,"2dj5","PO4",10,"S",0,76,0
790,"2dkc","PO4",10,"C",118,216,0.546296296296296
790,"2dkc","PO4",10,"N",50,216,0.231481481481481
790,"2dkc","PO4",10,"O",48,216,0.222222222222222
790,"2dkc","PO4",10,"P",0,216,0
790,"2dkc","PO4",10,"S",0,216,0
791,"2dql","PO4",10,"C",101,154,0.655844155844156
791,"2dql","PO4",10,"N",28,154,0.181818181818182
791,"2dql","PO4",10,"O",24,154,0.155844155844156
791,"2dql","PO4",10,"P",0,154,0
791,"2dql","PO4",10,"S",1,154,0.00649350649350649
792,"2dxq","PO4",10,"C",125,194,0.644329896907217
792,"2dxq","PO4",10,"N",39,194,0.201030927835052
792,"2dxq","PO4",10,"O",29,194,0.149484536082474
792,"2dxq","PO4",10,"P",0,194,0
792,"2dxq","PO4",10,"S",1,194,0.00515463917525773
793,"2e5f","PO4",10,"C",151,252,0.599206349206349
793,"2e5f","PO4",10,"N",47,252,0.186507936507937
793,"2e5f","PO4",10,"O",51,252,0.202380952380952
793,"2e5f","PO4",10,"P",0,252,0
793,"2e5f","PO4",10,"S",3,252,0.0119047619047619
794,"2ehh","PO4",10,"C",78,124,0.629032258064516
794,"2ehh","PO4",10,"N",21,124,0.169354838709677
794,"2ehh","PO4",10,"O",25,124,0.201612903225806
794,"2ehh","PO4",10,"P",0,124,0
794,"2ehh","PO4",10,"S",0,124,0
795,"2ez2","PO4",10,"C",141,235,0.6
795,"2ez2","PO4",10,"N",47,235,0.2
795,"2ez2","PO4",10,"O",44,235,0.187234042553191
795,"2ez2","PO4",10,"P",0,235,0
795,"2ez2","PO4",10,"S",3,235,0.0127659574468085
796,"2f10","PO4",10,"C",72,119,0.605042016806723
796,"2f10","PO4",10,"N",22,119,0.184873949579832
796,"2f10","PO4",10,"O",25,119,0.210084033613445
796,"2f10","PO4",10,"P",0,119,0
796,"2f10","PO4",10,"S",0,119,0
797,"2f6d","PO4",10,"C",123,204,0.602941176470588
797,"2f6d","PO4",10,"N",33,204,0.161764705882353
797,"2f6d","PO4",10,"O",48,204,0.235294117647059
797,"2f6d","PO4",10,"P",0,204,0
797,"2f6d","PO4",10,"S",0,204,0
798,"2f6s","PO4",10,"C",140,207,0.676328502415459
798,"2f6s","PO4",10,"N",34,207,0.164251207729469
798,"2f6s","PO4",10,"O",33,207,0.159420289855072
798,"2f6s","PO4",10,"P",0,207,0
798,"2f6s","PO4",10,"S",0,207,0
799,"2f7m","PO4",10,"C",109,177,0.615819209039548
799,"2f7m","PO4",10,"N",36,177,0.203389830508475
799,"2f7m","PO4",10,"O",32,177,0.180790960451977
799,"2f7m","PO4",10,"P",0,177,0
799,"2f7m","PO4",10,"S",0,177,0
800,"2f7o","PO4",10,"C",143,233,0.613733905579399
800,"2f7o","PO4",10,"N",51,233,0.218884120171674
800,"2f7o","PO4",10,"O",39,233,0.167381974248927
800,"2f7o","PO4",10,"P",0,233,0
800,"2f7o","PO4",10,"S",0,233,0
801,"2f84","PO4",10,"C",112,176,0.636363636363636
801,"2f84","PO4",10,"N",32,176,0.181818181818182
801,"2f84","PO4",10,"O",31,176,0.176136363636364
801,"2f84","PO4",10,"P",0,176,0
801,"2f84","PO4",10,"S",1,176,0.00568181818181818
802,"2f8m","PO4",10,"C",118,200,0.59
802,"2f8m","PO4",10,"N",37,200,0.185
802,"2f8m","PO4",10,"O",45,200,0.225
802,"2f8m","PO4",10,"P",0,200,0
802,"2f8m","PO4",10,"S",0,200,0
803,"2fb1","PO4",10,"C",163,247,0.659919028340081
803,"2fb1","PO4",10,"N",42,247,0.17004048582996
803,"2fb1","PO4",10,"O",41,247,0.165991902834008
803,"2fb1","PO4",10,"P",0,247,0
803,"2fb1","PO4",10,"S",1,247,0.00404858299595142
804,"2ffi","PO4",10,"C",156,262,0.595419847328244
804,"2ffi","PO4",10,"N",55,262,0.209923664122137
804,"2ffi","PO4",10,"O",51,262,0.194656488549618
804,"2ffi","PO4",10,"P",0,262,0
804,"2ffi","PO4",10,"S",0,262,0
805,"2fn0","PO4",10,"C",191,297,0.643097643097643
805,"2fn0","PO4",10,"N",52,297,0.175084175084175
805,"2fn0","PO4",10,"O",54,297,0.181818181818182
805,"2fn0","PO4",10,"P",0,297,0
805,"2fn0","PO4",10,"S",0,297,0
806,"2fn6","PO4",10,"C",128,203,0.630541871921182
806,"2fn6","PO4",10,"N",36,203,0.177339901477833
806,"2fn6","PO4",10,"O",38,203,0.187192118226601
806,"2fn6","PO4",10,"P",0,203,0
806,"2fn6","PO4",10,"S",1,203,0.00492610837438424
807,"2for","PO4",10,"C",109,178,0.612359550561798
807,"2for","PO4",10,"N",37,178,0.207865168539326
807,"2for","PO4",10,"O",32,178,0.179775280898876
807,"2for","PO4",10,"P",0,178,0
807,"2for","PO4",10,"S",0,178,0
808,"2fuq","PO4",10,"C",139,215,0.646511627906977
808,"2fuq","PO4",10,"N",35,215,0.162790697674419
808,"2fuq","PO4",10,"O",41,215,0.190697674418605
808,"2fuq","PO4",10,"P",0,215,0
808,"2fuq","PO4",10,"S",0,215,0
809,"2fwr","PO4",10,"C",106,161,0.658385093167702
809,"2fwr","PO4",10,"N",30,161,0.186335403726708
809,"2fwr","PO4",10,"O",24,161,0.149068322981366
809,"2fwr","PO4",10,"P",0,161,0
809,"2fwr","PO4",10,"S",1,161,0.0062111801242236
810,"2g09","PO4",10,"C",147,242,0.607438016528926
810,"2g09","PO4",10,"N",41,242,0.169421487603306
810,"2g09","PO4",10,"O",53,242,0.21900826446281
810,"2g09","PO4",10,"P",0,242,0
810,"2g09","PO4",10,"S",1,242,0.00413223140495868
811,"2g0t","PO4",10,"C",127,203,0.625615763546798
811,"2g0t","PO4",10,"N",38,203,0.187192118226601
811,"2g0t","PO4",10,"O",37,203,0.182266009852217
811,"2g0t","PO4",10,"P",0,203,0
811,"2g0t","PO4",10,"S",1,203,0.00492610837438424
812,"2g25","PO4",10,"C",142,241,0.589211618257261
812,"2g25","PO4",10,"N",56,241,0.232365145228216
812,"2g25","PO4",10,"O",43,241,0.178423236514523
812,"2g25","PO4",10,"P",0,241,0
812,"2g25","PO4",10,"S",0,241,0
813,"2g8s","PO4",10,"C",86,133,0.646616541353383
813,"2g8s","PO4",10,"N",26,133,0.195488721804511
813,"2g8s","PO4",10,"O",21,133,0.157894736842105
813,"2g8s","PO4",10,"P",0,133,0
813,"2g8s","PO4",10,"S",0,133,0
814,"2gax","PO4",10,"C",74,120,0.616666666666667
814,"2gax","PO4",10,"N",23,120,0.191666666666667
814,"2gax","PO4",10,"O",23,120,0.191666666666667
814,"2gax","PO4",10,"P",0,120,0
814,"2gax","PO4",10,"S",0,120,0
815,"2gd9","PO4",10,"C",122,193,0.632124352331606
815,"2gd9","PO4",10,"N",37,193,0.191709844559585
815,"2gd9","PO4",10,"O",34,193,0.176165803108808
815,"2gd9","PO4",10,"P",0,193,0
815,"2gd9","PO4",10,"S",0,193,0
816,"2gfh","PO4",10,"C",147,238,0.61764705882353
816,"2gfh","PO4",10,"N",40,238,0.168067226890756
816,"2gfh","PO4",10,"O",49,238,0.205882352941176
816,"2gfh","PO4",10,"P",0,238,0
816,"2gfh","PO4",10,"S",2,238,0.00840336134453781
817,"2gju","PO4",10,"C",83,125,0.664
817,"2gju","PO4",10,"N",18,125,0.144
817,"2gju","PO4",10,"O",23,125,0.184
817,"2gju","PO4",10,"P",0,125,0
817,"2gju","PO4",10,"S",1,125,0.008
818,"2gk6","PO4",10,"C",146,250,0.584
818,"2gk6","PO4",10,"N",49,250,0.196
818,"2gk6","PO4",10,"O",54,250,0.216
818,"2gk6","PO4",10,"P",0,250,0
818,"2gk6","PO4",10,"S",1,250,0.004
819,"2gte","PO4",10,"C",72,116,0.620689655172414
819,"2gte","PO4",10,"N",23,116,0.198275862068966
819,"2gte","PO4",10,"O",21,116,0.181034482758621
819,"2gte","PO4",10,"P",0,116,0
819,"2gte","PO4",10,"S",0,116,0
820,"2gvg","PO4",10,"C",90,148,0.608108108108108
820,"2gvg","PO4",10,"N",27,148,0.182432432432432
820,"2gvg","PO4",10,"O",31,148,0.209459459459459
820,"2gvg","PO4",10,"P",0,148,0
820,"2gvg","PO4",10,"S",0,148,0
821,"2h5f","PO4",10,"C",49,77,0.636363636363636
821,"2h5f","PO4",10,"N",15,77,0.194805194805195
821,"2h5f","PO4",10,"O",11,77,0.142857142857143
821,"2h5f","PO4",10,"P",0,77,0
821,"2h5f","PO4",10,"S",2,77,0.025974025974026
822,"2hdo","PO4",10,"C",159,247,0.643724696356275
822,"2hdo","PO4",10,"N",36,247,0.145748987854251
822,"2hdo","PO4",10,"O",52,247,0.210526315789474
822,"2hdo","PO4",10,"P",0,247,0
822,"2hdo","PO4",10,"S",0,247,0
823,"2hek","PO4",10,"C",138,236,0.584745762711864
823,"2hek","PO4",10,"N",45,236,0.190677966101695
823,"2hek","PO4",10,"O",53,236,0.224576271186441
823,"2hek","PO4",10,"P",0,236,0
823,"2hek","PO4",10,"S",0,236,0
824,"2hhc","PO4",10,"C",67,108,0.62037037037037
824,"2hhc","PO4",10,"N",21,108,0.194444444444444
824,"2hhc","PO4",10,"O",20,108,0.185185185185185
824,"2hhc","PO4",10,"P",0,108,0
824,"2hhc","PO4",10,"S",0,108,0
825,"2hhg","PO4",10,"C",93,150,0.62
825,"2hhg","PO4",10,"N",33,150,0.22
825,"2hhg","PO4",10,"O",23,150,0.153333333333333
825,"2hhg","PO4",10,"P",0,150,0
825,"2hhg","PO4",10,"S",1,150,0.00666666666666667
826,"2hhz","PO4",10,"C",96,155,0.619354838709677
826,"2hhz","PO4",10,"N",31,155,0.2
826,"2hhz","PO4",10,"O",28,155,0.180645161290323
826,"2hhz","PO4",10,"P",0,155,0
826,"2hhz","PO4",10,"S",0,155,0
827,"2hia","PO4",10,"C",177,278,0.636690647482014
827,"2hia","PO4",10,"N",53,278,0.190647482014388
827,"2hia","PO4",10,"O",48,278,0.172661870503597
827,"2hia","PO4",10,"P",0,278,0
827,"2hia","PO4",10,"S",0,278,0
828,"2hld","PO4",10,"C",111,181,0.613259668508287
828,"2hld","PO4",10,"N",37,181,0.204419889502762
828,"2hld","PO4",10,"O",32,181,0.176795580110497
828,"2hld","PO4",10,"P",0,181,0
828,"2hld","PO4",10,"S",1,181,0.00552486187845304
829,"2hnh","PO4",10,"C",156,266,0.586466165413534
829,"2hnh","PO4",10,"N",57,266,0.214285714285714
829,"2hnh","PO4",10,"O",52,266,0.195488721804511
829,"2hnh","PO4",10,"P",0,266,0
829,"2hnh","PO4",10,"S",1,266,0.0037593984962406
830,"2ho4","PO4",10,"C",140,226,0.619469026548673
830,"2ho4","PO4",10,"N",41,226,0.18141592920354
830,"2ho4","PO4",10,"O",45,226,0.199115044247788
830,"2ho4","PO4",10,"P",0,226,0
830,"2ho4","PO4",10,"S",0,226,0
831,"2hoy","PO4",10,"C",121,201,0.601990049751244
831,"2hoy","PO4",10,"N",36,201,0.17910447761194
831,"2hoy","PO4",10,"O",41,201,0.203980099502488
831,"2hoy","PO4",10,"P",0,201,0
831,"2hoy","PO4",10,"S",3,201,0.0149253731343284
832,"2hqj","PO4",10,"C",81,128,0.6328125
832,"2hqj","PO4",10,"N",23,128,0.1796875
832,"2hqj","PO4",10,"O",23,128,0.1796875
832,"2hqj","PO4",10,"P",0,128,0
832,"2hqj","PO4",10,"S",1,128,0.0078125
833,"2hry","PO4",10,"C",142,244,0.581967213114754
833,"2hry","PO4",10,"N",52,244,0.213114754098361
833,"2hry","PO4",10,"O",50,244,0.204918032786885
833,"2hry","PO4",10,"P",0,244,0
833,"2hry","PO4",10,"S",0,244,0
834,"2hse","PO4",10,"C",81,127,0.637795275590551
834,"2hse","PO4",10,"N",20,127,0.15748031496063
834,"2hse","PO4",10,"O",26,127,0.204724409448819
834,"2hse","PO4",10,"P",0,127,0
834,"2hse","PO4",10,"S",0,127,0
835,"2huw","PO4",10,"C",81,127,0.637795275590551
835,"2huw","PO4",10,"N",26,127,0.204724409448819
835,"2huw","PO4",10,"O",20,127,0.15748031496063
835,"2huw","PO4",10,"P",0,127,0
835,"2huw","PO4",10,"S",0,127,0
836,"2hxp","PO4",10,"C",123,197,0.624365482233503
836,"2hxp","PO4",10,"N",36,197,0.182741116751269
836,"2hxp","PO4",10,"O",38,197,0.192893401015228
836,"2hxp","PO4",10,"P",0,197,0
836,"2hxp","PO4",10,"S",0,197,0
837,"2hy1","PO4",10,"C",116,201,0.577114427860697
837,"2hy1","PO4",10,"N",43,201,0.213930348258706
837,"2hy1","PO4",10,"O",40,201,0.199004975124378
837,"2hy1","PO4",10,"P",0,201,0
837,"2hy1","PO4",10,"S",2,201,0.0099502487562189
838,"2hzm","PO4",10,"C",103,167,0.616766467065868
838,"2hzm","PO4",10,"N",32,167,0.191616766467066
838,"2hzm","PO4",10,"O",32,167,0.191616766467066
838,"2hzm","PO4",10,"P",0,167,0
838,"2hzm","PO4",10,"S",0,167,0
839,"2i1o","PO4",10,"C",94,151,0.622516556291391
839,"2i1o","PO4",10,"N",27,151,0.178807947019868
839,"2i1o","PO4",10,"O",29,151,0.19205298013245
839,"2i1o","PO4",10,"P",0,151,0
839,"2i1o","PO4",10,"S",1,151,0.00662251655629139
840,"2i3c","PO4",10,"C",155,255,0.607843137254902
840,"2i3c","PO4",10,"N",49,255,0.192156862745098
840,"2i3c","PO4",10,"O",51,255,0.2
840,"2i3c","PO4",10,"P",0,255,0
840,"2i3c","PO4",10,"S",0,255,0
841,"2i6j","PO4",10,"C",121,198,0.611111111111111
841,"2i6j","PO4",10,"N",38,198,0.191919191919192
841,"2i6j","PO4",10,"O",38,198,0.191919191919192
841,"2i6j","PO4",10,"P",0,198,0
841,"2i6j","PO4",10,"S",1,198,0.00505050505050505
842,"2ibg","PO4",10,"C",142,214,0.663551401869159
842,"2ibg","PO4",10,"N",35,214,0.163551401869159
842,"2ibg","PO4",10,"O",35,214,0.163551401869159
842,"2ibg","PO4",10,"P",0,214,0
842,"2ibg","PO4",10,"S",2,214,0.00934579439252336
843,"2imd","PO4",10,"C",78,117,0.666666666666667
843,"2imd","PO4",10,"N",20,117,0.170940170940171
843,"2imd","PO4",10,"O",19,117,0.162393162393162
843,"2imd","PO4",10,"P",0,117,0
843,"2imd","PO4",10,"S",0,117,0
844,"2in3","PO4",10,"C",142,203,0.699507389162562
844,"2in3","PO4",10,"N",32,203,0.157635467980296
844,"2in3","PO4",10,"O",27,203,0.133004926108374
844,"2in3","PO4",10,"P",0,203,0
844,"2in3","PO4",10,"S",2,203,0.00985221674876847
845,"2inw","PO4",10,"C",46,80,0.575
845,"2inw","PO4",10,"N",18,80,0.225
845,"2inw","PO4",10,"O",15,80,0.1875
845,"2inw","PO4",10,"P",0,80,0
845,"2inw","PO4",10,"S",1,80,0.0125
846,"2iof","PO4",10,"C",183,290,0.631034482758621
846,"2iof","PO4",10,"N",47,290,0.162068965517241
846,"2iof","PO4",10,"O",55,290,0.189655172413793
846,"2iof","PO4",10,"P",0,290,0
846,"2iof","PO4",10,"S",5,290,0.0172413793103448
847,"2irv","PO4",10,"C",78,116,0.672413793103448
847,"2irv","PO4",10,"N",19,116,0.163793103448276
847,"2irv","PO4",10,"O",19,116,0.163793103448276
847,"2irv","PO4",10,"P",0,116,0
847,"2irv","PO4",10,"S",0,116,0
848,"2isi","PO4",10,"C",134,224,0.598214285714286
848,"2isi","PO4",10,"N",42,224,0.1875
848,"2isi","PO4",10,"O",48,224,0.214285714285714
848,"2isi","PO4",10,"P",0,224,0
848,"2isi","PO4",10,"S",0,224,0
849,"2iss","PO4",10,"C",95,164,0.579268292682927
849,"2iss","PO4",10,"N",38,164,0.231707317073171
849,"2iss","PO4",10,"O",30,164,0.182926829268293
849,"2iss","PO4",10,"P",0,164,0
849,"2iss","PO4",10,"S",1,164,0.00609756097560976
850,"2isy","PO4",10,"C",129,211,0.611374407582938
850,"2isy","PO4",10,"N",42,211,0.199052132701422
850,"2isy","PO4",10,"O",39,211,0.184834123222749
850,"2isy","PO4",10,"P",0,211,0
850,"2isy","PO4",10,"S",1,211,0.004739336492891
851,"2iuc","PO4",10,"C",110,190,0.578947368421053
851,"2iuc","PO4",10,"N",39,190,0.205263157894737
851,"2iuc","PO4",10,"O",41,190,0.215789473684211
851,"2iuc","PO4",10,"P",0,190,0
851,"2iuc","PO4",10,"S",0,190,0
852,"2iw0","PO4",10,"C",101,166,0.608433734939759
852,"2iw0","PO4",10,"N",39,166,0.234939759036145
852,"2iw0","PO4",10,"O",26,166,0.156626506024096
852,"2iw0","PO4",10,"P",0,166,0
852,"2iw0","PO4",10,"S",0,166,0
853,"2j1d","PO4",10,"C",87,141,0.617021276595745
853,"2j1d","PO4",10,"N",26,141,0.184397163120567
853,"2j1d","PO4",10,"O",28,141,0.198581560283688
853,"2j1d","PO4",10,"P",0,141,0
853,"2j1d","PO4",10,"S",0,141,0
854,"2j6r","PO4",10,"C",66,100,0.66
854,"2j6r","PO4",10,"N",14,100,0.14
854,"2j6r","PO4",10,"O",20,100,0.2
854,"2j6r","PO4",10,"P",0,100,0
854,"2j6r","PO4",10,"S",0,100,0
855,"2j9r","PO4",10,"C",116,187,0.620320855614973
855,"2j9r","PO4",10,"N",31,187,0.165775401069519
855,"2j9r","PO4",10,"O",38,187,0.203208556149733
855,"2j9r","PO4",10,"P",0,187,0
855,"2j9r","PO4",10,"S",2,187,0.0106951871657754
856,"2jbh","PO4",10,"C",107,174,0.614942528735632
856,"2jbh","PO4",10,"N",31,174,0.17816091954023
856,"2jbh","PO4",10,"O",35,174,0.201149425287356
856,"2jbh","PO4",10,"P",0,174,0
856,"2jbh","PO4",10,"S",1,174,0.00574712643678161
857,"2jbo","PO4",10,"C",102,165,0.618181818181818
857,"2jbo","PO4",10,"N",29,165,0.175757575757576
857,"2jbo","PO4",10,"O",33,165,0.2
857,"2jbo","PO4",10,"P",0,165,0
857,"2jbo","PO4",10,"S",1,165,0.00606060606060606
858,"2jcb","PO4",10,"C",135,207,0.652173913043478
858,"2jcb","PO4",10,"N",38,207,0.183574879227053
858,"2jcb","PO4",10,"O",32,207,0.154589371980676
858,"2jcb","PO4",10,"P",0,207,0
858,"2jcb","PO4",10,"S",2,207,0.00966183574879227
859,"2jfr","PO4",10,"C",139,244,0.569672131147541
859,"2jfr","PO4",10,"N",49,244,0.200819672131148
859,"2jfr","PO4",10,"O",56,244,0.229508196721311
859,"2jfr","PO4",10,"P",0,244,0
859,"2jfr","PO4",10,"S",0,244,0
860,"2jfu","PO4",10,"C",146,236,0.61864406779661
860,"2jfu","PO4",10,"N",40,236,0.169491525423729
860,"2jfu","PO4",10,"O",47,236,0.199152542372881
860,"2jfu","PO4",10,"P",0,236,0
860,"2jfu","PO4",10,"S",3,236,0.0127118644067797
861,"2ns2","PO4",10,"C",98,155,0.632258064516129
861,"2ns2","PO4",10,"N",30,155,0.193548387096774
861,"2ns2","PO4",10,"O",25,155,0.161290322580645
861,"2ns2","PO4",10,"P",0,155,0
861,"2ns2","PO4",10,"S",2,155,0.0129032258064516
862,"2ns9","PO4",10,"C",109,170,0.641176470588235
862,"2ns9","PO4",10,"N",32,170,0.188235294117647
862,"2ns9","PO4",10,"O",28,170,0.164705882352941
862,"2ns9","PO4",10,"P",0,170,0
862,"2ns9","PO4",10,"S",1,170,0.00588235294117647
863,"2nt1","PO4",10,"C",113,186,0.60752688172043
863,"2nt1","PO4",10,"N",38,186,0.204301075268817
863,"2nt1","PO4",10,"O",34,186,0.182795698924731
863,"2nt1","PO4",10,"P",0,186,0
863,"2nt1","PO4",10,"S",1,186,0.00537634408602151
864,"2nxf","PO4",10,"C",160,263,0.608365019011407
864,"2nxf","PO4",10,"N",51,263,0.193916349809886
864,"2nxf","PO4",10,"O",51,263,0.193916349809886
864,"2nxf","PO4",10,"P",0,263,0
864,"2nxf","PO4",10,"S",1,263,0.00380228136882129
865,"2nzc","PO4",10,"C",122,183,0.666666666666667
865,"2nzc","PO4",10,"N",32,183,0.174863387978142
865,"2nzc","PO4",10,"O",29,183,0.158469945355191
865,"2nzc","PO4",10,"P",0,183,0
865,"2nzc","PO4",10,"S",0,183,0
866,"2o08","PO4",10,"C",123,199,0.618090452261307
866,"2o08","PO4",10,"N",39,199,0.195979899497487
866,"2o08","PO4",10,"O",37,199,0.185929648241206
866,"2o08","PO4",10,"P",0,199,0
866,"2o08","PO4",10,"S",0,199,0
867,"2o0m","PO4",10,"C",119,193,0.616580310880829
867,"2o0m","PO4",10,"N",41,193,0.212435233160622
867,"2o0m","PO4",10,"O",33,193,0.170984455958549
867,"2o0m","PO4",10,"P",0,193,0
867,"2o0m","PO4",10,"S",0,193,0
868,"2o16","PO4",10,"C",108,178,0.606741573033708
868,"2o16","PO4",10,"N",33,178,0.185393258426966
868,"2o16","PO4",10,"O",35,178,0.196629213483146
868,"2o16","PO4",10,"P",0,178,0
868,"2o16","PO4",10,"S",2,178,0.0112359550561798
869,"2o4v","PO4",10,"C",149,248,0.600806451612903
869,"2o4v","PO4",10,"N",50,248,0.201612903225806
869,"2o4v","PO4",10,"O",49,248,0.19758064516129
869,"2o4v","PO4",10,"P",0,248,0
869,"2o4v","PO4",10,"S",0,248,0
870,"2o9z","PO4",10,"C",133,212,0.627358490566038
870,"2o9z","PO4",10,"N",37,212,0.174528301886792
870,"2o9z","PO4",10,"O",39,212,0.183962264150943
870,"2o9z","PO4",10,"P",0,212,0
870,"2o9z","PO4",10,"S",3,212,0.0141509433962264
871,"2oaf","PO4",10,"C",60,94,0.638297872340426
871,"2oaf","PO4",10,"N",18,94,0.191489361702128
871,"2oaf","PO4",10,"O",16,94,0.170212765957447
871,"2oaf","PO4",10,"P",0,94,0
871,"2oaf","PO4",10,"S",0,94,0
872,"2oaq","PO4",10,"C",123,207,0.594202898550725
872,"2oaq","PO4",10,"N",45,207,0.217391304347826
872,"2oaq","PO4",10,"O",39,207,0.188405797101449
872,"2oaq","PO4",10,"P",0,207,0
872,"2oaq","PO4",10,"S",0,207,0
873,"2ob1","PO4",10,"C",194,291,0.666666666666667
873,"2ob1","PO4",10,"N",43,291,0.147766323024055
873,"2ob1","PO4",10,"O",52,291,0.178694158075601
873,"2ob1","PO4",10,"P",0,291,0
873,"2ob1","PO4",10,"S",2,291,0.00687285223367698
874,"2obn","PO4",10,"C",113,196,0.576530612244898
874,"2obn","PO4",10,"N",37,196,0.188775510204082
874,"2obn","PO4",10,"O",46,196,0.23469387755102
874,"2obn","PO4",10,"P",0,196,0
874,"2obn","PO4",10,"S",0,196,0
875,"2oej","PO4",10,"C",108,169,0.63905325443787
875,"2oej","PO4",10,"N",31,169,0.183431952662722
875,"2oej","PO4",10,"O",30,169,0.177514792899408
875,"2oej","PO4",10,"P",0,169,0
875,"2oej","PO4",10,"S",0,169,0
876,"2ofx","PO4",10,"C",127,203,0.625615763546798
876,"2ofx","PO4",10,"N",36,203,0.177339901477833
876,"2ofx","PO4",10,"O",40,203,0.197044334975369
876,"2ofx","PO4",10,"P",0,203,0
876,"2ofx","PO4",10,"S",0,203,0
877,"2oiv","PO4",10,"C",114,175,0.651428571428571
877,"2oiv","PO4",10,"N",31,175,0.177142857142857
877,"2oiv","PO4",10,"O",30,175,0.171428571428571
877,"2oiv","PO4",10,"P",0,175,0
877,"2oiv","PO4",10,"S",0,175,0
878,"2ojw","PO4",10,"C",119,211,0.563981042654028
878,"2ojw","PO4",10,"N",47,211,0.222748815165877
878,"2ojw","PO4",10,"O",44,211,0.208530805687204
878,"2ojw","PO4",10,"P",0,211,0
878,"2ojw","PO4",10,"S",1,211,0.004739336492891
879,"2onk","PO4",10,"C",123,188,0.654255319148936
879,"2onk","PO4",10,"N",29,188,0.154255319148936
879,"2onk","PO4",10,"O",35,188,0.186170212765957
879,"2onk","PO4",10,"P",0,188,0
879,"2onk","PO4",10,"S",1,188,0.00531914893617021
880,"2oov","PO4",10,"C",52,81,0.641975308641975
880,"2oov","PO4",10,"N",16,81,0.197530864197531
880,"2oov","PO4",10,"O",13,81,0.160493827160494
880,"2oov","PO4",10,"P",0,81,0
880,"2oov","PO4",10,"S",0,81,0
881,"2otd","PO4",10,"C",147,251,0.585657370517928
881,"2otd","PO4",10,"N",50,251,0.199203187250996
881,"2otd","PO4",10,"O",53,251,0.211155378486056
881,"2otd","PO4",10,"P",0,251,0
881,"2otd","PO4",10,"S",1,251,0.00398406374501992
882,"2ozt","PO4",10,"C",129,198,0.651515151515151
882,"2ozt","PO4",10,"N",32,198,0.161616161616162
882,"2ozt","PO4",10,"O",35,198,0.176767676767677
882,"2ozt","PO4",10,"P",0,198,0
882,"2ozt","PO4",10,"S",2,198,0.0101010101010101
883,"2p0e","PO4",10,"C",131,205,0.639024390243902
883,"2p0e","PO4",10,"N",37,205,0.180487804878049
883,"2p0e","PO4",10,"O",36,205,0.175609756097561
883,"2p0e","PO4",10,"P",0,205,0
883,"2p0e","PO4",10,"S",1,205,0.0048780487804878
884,"2p0f","PO4",10,"C",85,140,0.607142857142857
884,"2p0f","PO4",10,"N",30,140,0.214285714285714
884,"2p0f","PO4",10,"O",25,140,0.178571428571429
884,"2p0f","PO4",10,"P",0,140,0
884,"2p0f","PO4",10,"S",0,140,0
885,"2p0k","PO4",10,"C",110,166,0.662650602409639
885,"2p0k","PO4",10,"N",30,166,0.180722891566265
885,"2p0k","PO4",10,"O",25,166,0.150602409638554
885,"2p0k","PO4",10,"P",0,166,0
885,"2p0k","PO4",10,"S",1,166,0.00602409638554217
886,"2p6u","PO4",10,"C",128,190,0.673684210526316
886,"2p6u","PO4",10,"N",30,190,0.157894736842105
886,"2p6u","PO4",10,"O",31,190,0.163157894736842
886,"2p6u","PO4",10,"P",0,190,0
886,"2p6u","PO4",10,"S",1,190,0.00526315789473684
887,"2p8i","PO4",10,"C",87,140,0.621428571428571
887,"2p8i","PO4",10,"N",35,140,0.25
887,"2p8i","PO4",10,"O",18,140,0.128571428571429
887,"2p8i","PO4",10,"P",0,140,0
887,"2p8i","PO4",10,"S",0,140,0
888,"2p9e","PO4",10,"C",27,44,0.613636363636364
888,"2p9e","PO4",10,"N",8,44,0.181818181818182
888,"2p9e","PO4",10,"O",9,44,0.204545454545455
888,"2p9e","PO4",10,"P",0,44,0
888,"2p9e","PO4",10,"S",0,44,0
889,"2pb9","PO4",10,"C",119,191,0.62303664921466
889,"2pb9","PO4",10,"N",37,191,0.193717277486911
889,"2pb9","PO4",10,"O",35,191,0.183246073298429
889,"2pb9","PO4",10,"P",0,191,0
889,"2pb9","PO4",10,"S",0,191,0
890,"2pbl","PO4",10,"C",72,113,0.63716814159292
890,"2pbl","PO4",10,"N",18,113,0.15929203539823
890,"2pbl","PO4",10,"O",23,113,0.20353982300885
890,"2pbl","PO4",10,"P",0,113,0
890,"2pbl","PO4",10,"S",0,113,0
891,"2pce","PO4",10,"C",102,173,0.589595375722543
891,"2pce","PO4",10,"N",40,173,0.23121387283237
891,"2pce","PO4",10,"O",30,173,0.173410404624277
891,"2pce","PO4",10,"P",0,173,0
891,"2pce","PO4",10,"S",1,173,0.00578034682080925
892,"2pmb","PO4",10,"C",166,259,0.640926640926641
892,"2pmb","PO4",10,"N",46,259,0.177606177606178
892,"2pmb","PO4",10,"O",47,259,0.181467181467181
892,"2pmb","PO4",10,"P",0,259,0
892,"2pmb","PO4",10,"S",0,259,0
893,"2pnk","PO4",10,"C",142,221,0.642533936651584
893,"2pnk","PO4",10,"N",42,221,0.190045248868778
893,"2pnk","PO4",10,"O",37,221,0.167420814479638
893,"2pnk","PO4",10,"P",0,221,0
893,"2pnk","PO4",10,"S",0,221,0
894,"2ppq","PO4",10,"C",120,179,0.670391061452514
894,"2ppq","PO4",10,"N",27,179,0.150837988826816
894,"2ppq","PO4",10,"O",32,179,0.17877094972067
894,"2ppq","PO4",10,"P",0,179,0
894,"2ppq","PO4",10,"S",0,179,0
895,"2ppv","PO4",10,"C",99,150,0.66
895,"2ppv","PO4",10,"N",21,150,0.14
895,"2ppv","PO4",10,"O",30,150,0.2
895,"2ppv","PO4",10,"P",0,150,0
895,"2ppv","PO4",10,"S",0,150,0
896,"2pq7","PO4",10,"C",135,227,0.594713656387665
896,"2pq7","PO4",10,"N",49,227,0.215859030837004
896,"2pq7","PO4",10,"O",43,227,0.18942731277533
896,"2pq7","PO4",10,"P",0,227,0
896,"2pq7","PO4",10,"S",0,227,0
897,"2pqv","PO4",10,"C",81,123,0.658536585365854
897,"2pqv","PO4",10,"N",19,123,0.154471544715447
897,"2pqv","PO4",10,"O",23,123,0.186991869918699
897,"2pqv","PO4",10,"P",0,123,0
897,"2pqv","PO4",10,"S",0,123,0
898,"2pup","PO4",10,"C",109,179,0.608938547486033
898,"2pup","PO4",10,"N",37,179,0.206703910614525
898,"2pup","PO4",10,"O",33,179,0.184357541899441
898,"2pup","PO4",10,"P",0,179,0
898,"2pup","PO4",10,"S",0,179,0
899,"2qgz","PO4",10,"C",125,200,0.625
899,"2qgz","PO4",10,"N",34,200,0.17
899,"2qgz","PO4",10,"O",40,200,0.2
899,"2qgz","PO4",10,"P",0,200,0
899,"2qgz","PO4",10,"S",1,200,0.005
900,"2qjc","PO4",10,"C",135,227,0.594713656387665
900,"2qjc","PO4",10,"N",52,227,0.229074889867841
900,"2qjc","PO4",10,"O",40,227,0.176211453744493
900,"2qjc","PO4",10,"P",0,227,0
900,"2qjc","PO4",10,"S",0,227,0
901,"2v3q","PO4",10,"C",194,312,0.621794871794872
901,"2v3q","PO4",10,"N",51,312,0.163461538461538
901,"2v3q","PO4",10,"O",67,312,0.21474358974359
901,"2v3q","PO4",10,"P",0,312,0
901,"2v3q","PO4",10,"S",0,312,0
902,"3k67","PO4",10,"C",72,113,0.63716814159292
902,"3k67","PO4",10,"N",19,113,0.168141592920354
902,"3k67","PO4",10,"O",22,113,0.194690265486726
902,"3k67","PO4",10,"P",0,113,0
902,"3k67","PO4",10,"S",0,113,0
903,"3sil","PO4",10,"C",124,212,0.584905660377358
903,"3sil","PO4",10,"N",43,212,0.202830188679245
903,"3sil","PO4",10,"O",44,212,0.207547169811321
903,"3sil","PO4",10,"P",0,212,0
903,"3sil","PO4",10,"S",1,212,0.00471698113207547
904,"4kbp","PO4",10,"C",139,237,0.586497890295359
904,"4kbp","PO4",10,"N",53,237,0.223628691983122
904,"4kbp","PO4",10,"O",45,237,0.189873417721519
904,"4kbp","PO4",10,"P",0,237,0
904,"4kbp","PO4",10,"S",0,237,0
