"channel","label","threshold","mean_value"
"ILR1","AMP",4.8,0.932911795336679
"ILR1","AMP",4.9,0.924546878296048
"ILR1","AMP",5,0.916980491619813
"ILR1","AMP",5.1,0.910542883118697
"ILR1","AMP",5.2,0.90556430060342
"ILR1","AMP",5.3,0.902374991884703
"ILR1","AMP",5.4,0.90126775209222
"ILR1","AMP",5.5,0.901906288353691
"ILR1","AMP",5.6,0.90343231105474
"ILR1","AMP",5.7,0.90497173023118
"ILR1","AMP",5.8,0.905650455918822
"ILR1","AMP",5.9,0.904595149826524
"ILR1","AMP",6,0.901314323571152
"ILR1","AMP",6.1,0.896318468941564
"ILR1","AMP",6.2,0.890280439104825
"ILR1","AMP",6.3,0.883873087228002
"ILR1","AMP",6.4,0.877769266478161
"ILR1","AMP",6.5,0.872583415855683
"ILR1","AMP",6.6,0.868356113587431
"ILR1","AMP",6.7,0.864802220506834
"ILR1","AMP",6.8,0.861632858940649
"ILR1","AMP",6.9,0.858559151215637
"ILR1","AMP",7,0.855294347704671
"ILR1","AMP",7.1,0.851737104798426
"ILR1","AMP",7.2,0.848112733966274
"ILR1","AMP",7.3,0.844679797398144
"ILR1","AMP",7.4,0.841696857283963
"ILR1","AMP",7.5,0.839422475813659
"ILR1","AMP",7.6,0.838078486487488
"ILR1","AMP",7.7,0.837660059179182
"ILR1","AMP",7.8,0.838075983325655
"ILR1","AMP",7.9,0.839234878323594
"ILR1","AMP",8,0.841045363569683
"ILR1","AMP",8.1,0.843415613578086
"ILR1","AMP",8.2,0.846239105262616
"ILR1","AMP",8.3,0.849391602621869
"ILR1","AMP",8.4,0.852747815118091
"ILR1","AMP",8.5,0.85618245221353
"ILR1","AMP",8.6,0.859570223370433
"ILR1","AMP",8.7,0.862807334610769
"ILR1","AMP",8.8,0.865875978195401
"ILR1","AMP",8.9,0.86877984294491
"ILR1","AMP",9,0.871522617679883
"ILR1","AMP",9.1,0.874107991220903
"ILR1","AMP",9.2,0.876537321587122
"ILR1","AMP",9.3,0.878772816617378
"ILR1","AMP",9.4,0.880744198605544
"ILR1","AMP",9.5,0.882380206538639
"ILR1","AMP",9.6,0.883609579403679
"ILR1","AMP",9.7,0.884361181376313
"ILR1","AMP",9.8,0.884627472455532
"ILR1","AMP",9.9,0.884567789082298
"ILR1","AMP",10,0.884368508441357
"ILR1","AMP",10.1,0.884216007717454
"ILR1","AMP",10.2,0.884296664095335
"ILR1","AMP",10.3,0.884776275185863
"ILR1","AMP",10.4,0.885618464866073
"ILR1","AMP",10.5,0.886672105309029
"ILR1","AMP",10.6,0.887784751595068
"ILR1","AMP",10.7,0.888803958804523
"ILR1","AMP",10.8,0.889578121744504
"ILR1","AMP",10.9,0.890028796417155
"ILR1","AMP",11,0.890206436884169
"ILR1","AMP",11.1,0.890174617938056
"ILR1","AMP",11.2,0.889996914371327
"ILR1","AMP",11.3,0.889736900976493
"ILR1","AMP",11.4,0.88945513792152
"ILR1","AMP",11.5,0.889193581233087
"ILR1","AMP",11.6,0.888987096987554
"ILR1","AMP",11.7,0.88887053730469
"ILR1","AMP",11.8,0.888878754304258
"ILR1","AMP",11.9,0.88904631803324
"ILR1","AMP",12,0.889398479689566
"ILR1","AMP",12.1,0.88994925979546
"ILR1","AMP",12.2,0.890712010256169
"ILR1","AMP",12.3,0.891700082976946
"ILR1","AMP",12.4,0.89292682986304
"ILR1","AMP",12.5,0.894394101695358
"ILR1","AMP",12.6,0.896057744757417
"ILR1","AMP",12.7,0.897862104208394
"ILR1","AMP",12.8,0.899751525207463
"ILR1","AMP",12.9,0.901670352913798
"ILR1","AMP",13,0.903563131108115
"ILR1","AMP",13.1,0.905377739792329
"ILR1","AMP",13.2,0.907064827256085
"ILR1","AMP",13.3,0.908575125582491
"ILR1","AMP",13.4,0.909859366854656
"ILR1","AMP",13.5,0.910868348203721
"ILR1","AMP",13.6,0.911585911161848
"ILR1","AMP",13.7,0.912082606289856
"ILR1","AMP",13.8,0.912443034523806
"ILR1","AMP",13.9,0.912751796799753
"ILR1","AMP",14,0.913093494053758
"ILR1","AMP",14.1,0.913544586863007
"ILR1","AMP",14.2,0.914101564919137
"ILR1","AMP",14.3,0.914715527272719
"ILR1","AMP",14.4,0.91533705199136
"ILR1","AMP",14.5,0.915916717142663
"ILR1","AMP",14.6,0.916405273834325
"ILR1","AMP",14.7,0.916768549292179
"ILR1","AMP",14.8,0.916998932396388
"ILR1","AMP",14.9,0.917091515778572
"ILR1","AMP",15,0.917041392070354
"ILR1","AMP",15.1,0.916843653903354
"ILR1","AMP",15.2,0.916498400204372
"ILR1","AMP",15.3,0.9160366252311
"ILR1","AMP",15.4,0.915501097305812
"ILR1","AMP",15.5,0.914934607928079
"ILR1","AMP",15.6,0.914379948597468
"ILR1","AMP",15.7,0.913879013338551
"ILR1","AMP",15.8,0.91344404626114
"ILR1","AMP",15.9,0.91305155867419
"ILR1","AMP",16,0.912675934538511
"ILR1","AMP",16.1,0.912291557814915
"ILR1","AMP",16.2,0.911872812464213
"ILR1","AMP",16.3,0.911404083338879
"ILR1","AMP",16.4,0.910909758858048
"ILR1","AMP",16.5,0.910424228332518
"ILR1","AMP",16.6,0.909981881073088
"ILR1","AMP",16.7,0.909617106390556
"ILR1","AMP",16.8,0.909361761910532
"ILR1","AMP",16.9,0.909205180859003
"ILR1","AMP",17,0.909101411099657
"ILR1","AMP",17.1,0.909003432441494
"ILR1","AMP",17.2,0.908864224693515
"ILR1","AMP",17.3,0.908636816204132
"ILR1","AMP",17.4,0.908298893343167
"ILR1","AMP",17.5,0.907892845516922
"ILR1","AMP",17.6,0.907471546644742
"ILR1","AMP",17.7,0.907087870645972
"ILR1","AMP",17.8,0.906794691439954
"ILR1","AMP",17.9,0.906638231460389
"ILR1","AMP",18,0.906599368946004
"ILR1","AMP",18.1,0.90662189345157
"ILR1","AMP",18.2,0.906649168836779
"ILR1","AMP",18.3,0.906624558961322
"ILR1","AMP",18.4,0.906491895763186
"ILR1","AMP",18.5,0.906235792501694
"ILR1","AMP",18.6,0.905912712454259
"ILR1","AMP",18.7,0.905586432621634
"ILR1","AMP",18.8,0.905320730004567
"ILR1","AMP",18.9,0.905179381603814
"ILR1","AMP",19,0.905211055377064
"ILR1","AMP",19.1,0.905371176900549
"ILR1","AMP",19.2,0.9055796375196
"ILR1","AMP",19.3,0.905756258630276
"ILR1","AMP",19.4,0.905820861628637
"ILR1","AMP",19.5,0.905694692313223
"ILR1","AMP",19.6,0.905346054520068
"ILR1","AMP",19.7,0.904799964406182
"ILR1","AMP",19.8,0.904084814490006
"ILR1","AMP",19.9,0.903228997289986
"ILR1","AMP",20,0.902260905324565
"ILR1","ATP",4.8,0.89103277837994
"ILR1","ATP",4.9,0.872300150009697
"ILR1","ATP",5,0.857884244037376
"ILR1","ATP",5.1,0.847147589395215
"ILR1","ATP",5.2,0.839452715015448
"ILR1","ATP",5.3,0.834162149830313
"ILR1","ATP",5.4,0.830649909945595
"ILR1","ATP",5.5,0.828482960085271
"ILR1","ATP",5.6,0.827388367454646
"ILR1","ATP",5.7,0.827098045410369
"ILR1","ATP",5.8,0.827343907309082
"ILR1","ATP",5.9,0.827857942362749
"ILR1","ATP",6,0.828410674282358
"ILR1","ATP",6.1,0.828873741911202
"ILR1","ATP",6.2,0.829135168840192
"ILR1","ATP",6.3,0.829082978660239
"ILR1","ATP",6.4,0.828605194962255
"ILR1","ATP",6.5,0.827601038013053
"ILR1","ATP",6.6,0.826079724223481
"ILR1","ATP",6.7,0.824112902669206
"ILR1","ATP",6.8,0.821772939013152
"ILR1","ATP",6.9,0.819132198918245
"ILR1","ATP",7,0.816263663406204
"ILR1","ATP",7.1,0.813293926633903
"ILR1","ATP",7.2,0.810444040333491
"ILR1","ATP",7.3,0.807944671218313
"ILR1","ATP",7.4,0.806026486001714
"ILR1","ATP",7.5,0.80492015139704
"ILR1","ATP",7.6,0.804814018441229
"ILR1","ATP",7.7,0.805635295594133
"ILR1","ATP",7.8,0.807211671113686
"ILR1","ATP",7.9,0.80937063735191
"ILR1","ATP",8,0.811939686660828
"ILR1","ATP",8.1,0.814748938140649
"ILR1","ATP",8.2,0.817715290868653
"ILR1","ATP",8.3,0.820860227414673
"ILR1","ATP",8.4,0.824211456714607
"ILR1","ATP",8.5,0.827796687704356
"ILR1","ATP",8.6,0.831643629319817
"ILR1","ATP",8.7,0.835743821540796
"ILR1","ATP",8.8,0.839944128522725
"ILR1","ATP",8.9,0.84405524546494
"ILR1","ATP",9,0.84788786756678
"ILR1","ATP",9.1,0.851252690027583
"ILR1","ATP",9.2,0.853970672546037
"ILR1","ATP",9.3,0.856035186333365
"ILR1","ATP",9.4,0.857582664060494
"ILR1","ATP",9.5,0.858753868734013
"ILR1","ATP",9.6,0.859689563360514
"ILR1","ATP",9.7,0.860530435742906
"ILR1","ATP",9.8,0.861378970214523
"ILR1","ATP",9.9,0.862237404602907
"ILR1","ATP",10,0.863091732740661
"ILR1","ATP",10.1,0.863927948460386
"ILR1","ATP",10.2,0.864732045594686
"ILR1","ATP",10.3,0.865491609347614
"ILR1","ATP",10.4,0.866209858556345
"ILR1","ATP",10.5,0.866898885545257
"ILR1","ATP",10.6,0.867570884486502
"ILR1","ATP",10.7,0.868238049552231
"ILR1","ATP",10.8,0.868912543116601
"ILR1","ATP",10.9,0.869603757153471
"ILR1","ATP",11,0.870316202644492
"ILR1","ATP",11.1,0.871053893727649
"ILR1","ATP",11.2,0.871820844540926
"ILR1","ATP",11.3,0.872621069222305
"ILR1","ATP",11.4,0.873454545109628
"ILR1","ATP",11.5,0.874296337250954
"ILR1","ATP",11.6,0.875112016738449
"ILR1","ATP",11.7,0.87586713597539
"ILR1","ATP",11.8,0.876527247365052
"ILR1","ATP",11.9,0.877059337713071
"ILR1","ATP",12,0.877477782228979
"ILR1","ATP",12.1,0.877854066586635
"ILR1","ATP",12.2,0.878263076524759
"ILR1","ATP",12.3,0.878779697782063
"ILR1","ATP",12.4,0.879478816097265
"ILR1","ATP",12.5,0.880421463569031
"ILR1","ATP",12.6,0.881613257735832
"ILR1","ATP",12.7,0.883045962496088
"ILR1","ATP",12.8,0.884711341748219
"ILR1","ATP",12.9,0.886601159390648
"ILR1","ATP",13,0.888703580597421
"ILR1","ATP",13.1,0.890946323219152
"ILR1","ATP",13.2,0.893206947885515
"ILR1","ATP",13.3,0.895361497014341
"ILR1","ATP",13.4,0.897286013023464
"ILR1","ATP",13.5,0.898856649003889
"ILR1","ATP",13.6,0.900005780020396
"ILR1","ATP",13.7,0.900813308482323
"ILR1","ATP",13.8,0.901383042205179
"ILR1","ATP",13.9,0.901818789004472
"ILR1","ATP",14,0.902224356695709
"ILR1","ATP",14.1,0.902695446583245
"ILR1","ATP",14.2,0.903248121605835
"ILR1","ATP",14.3,0.903853242796035
"ILR1","ATP",14.4,0.904481152369682
"ILR1","ATP",14.5,0.905102192542617
"ILR1","ATP",14.6,0.905686747936846
"ILR1","ATP",14.7,0.906208897811769
"ILR1","ATP",14.8,0.906649230773578
"ILR1","ATP",14.9,0.906988998024844
"ILR1","ATP",15,0.907209450768137
"ILR1","ATP",15.1,0.907291840206026
"ILR1","ATP",15.2,0.907227068872242
"ILR1","ATP",15.3,0.907065600524765
"ILR1","ATP",15.4,0.906880597422639
"ILR1","ATP",15.5,0.906745266506997
"ILR1","ATP",15.6,0.906732814718971
"ILR1","ATP",15.7,0.906914187057552
"ILR1","ATP",15.8,0.907285600655328
"ILR1","ATP",15.9,0.907753213837295
"ILR1","ATP",16,0.908217823287808
"ILR1","ATP",16.1,0.908580225691222
"ILR1","ATP",16.2,0.908741217731892
"ILR1","ATP",16.3,0.908631692986103
"ILR1","ATP",16.4,0.908302932597856
"ILR1","ATP",16.5,0.907836314603081
"ILR1","ATP",16.6,0.907313217037705
"ILR1","ATP",16.7,0.90681501793766
"ILR1","ATP",16.8,0.906419978715499
"ILR1","ATP",16.9,0.9061540112505
"ILR1","ATP",17,0.905999589483631
"ILR1","ATP",17.1,0.90593787253038
"ILR1","ATP",17.2,0.905950019506226
"ILR1","ATP",17.3,0.906017191443446
"ILR1","ATP",17.4,0.906121523104755
"ILR1","ATP",17.5,0.906247704336875
"ILR1","ATP",17.6,0.906380839013641
"ILR1","ATP",17.7,0.906506031008892
"ILR1","ATP",17.8,0.906608384196465
"ILR1","ATP",17.9,0.906674983809213
"ILR1","ATP",18,0.906712379950961
"ILR1","ATP",18.1,0.906738170783406
"ILR1","ATP",18.2,0.906770081275224
"ILR1","ATP",18.3,0.90682583639509
"ILR1","ATP",18.4,0.906922929805024
"ILR1","ATP",18.5,0.907058702574786
"ILR1","ATP",18.6,0.907194990202695
"ILR1","ATP",18.7,0.907290014020593
"ILR1","ATP",18.8,0.907301995360324
"ILR1","ATP",18.9,0.907189155553733
"ILR1","ATP",19,0.906916974201152
"ILR1","ATP",19.1,0.906495723828359
"ILR1","ATP",19.2,0.905952747333319
"ILR1","ATP",19.3,0.905315421217093
"ILR1","ATP",19.4,0.904611121980741
"ILR1","ATP",19.5,0.90386722037712
"ILR1","ATP",19.6,0.903110897255462
"ILR1","ATP",19.7,0.90236910460133
"ILR1","ATP",19.8,0.901668780774912
"ILR1","ATP",19.9,0.901036864136398
"ILR1","ATP",20,0.900500293045977
"ILR1","FAD",4.8,1.01977345546206
"ILR1","FAD",4.9,0.987668247508053
"ILR1","FAD",5,0.96319493424133
"ILR1","FAD",5.1,0.945259983016032
"ILR1","FAD",5.2,0.932769861186299
"ILR1","FAD",5.3,0.924631036106271
"ILR1","FAD",5.4,0.919762700429463
"ILR1","FAD",5.5,0.917297792072275
"ILR1","FAD",5.6,0.916546607811114
"ILR1","FAD",5.7,0.916824812908057
"ILR1","FAD",5.8,0.91744807262518
"ILR1","FAD",5.9,0.917732452117713
"ILR1","FAD",6,0.917197162262033
"ILR1","FAD",6.1,0.915894471505958
"ILR1","FAD",6.2,0.913963025218111
"ILR1","FAD",6.3,0.911541468767112
"ILR1","FAD",6.4,0.908768447521581
"ILR1","FAD",6.5,0.905773852074956
"ILR1","FAD",6.6,0.902601566109239
"ILR1","FAD",6.7,0.899246656679992
"ILR1","FAD",6.8,0.895703630537167
"ILR1","FAD",6.9,0.891966994430715
"ILR1","FAD",7,0.888032532519028
"ILR1","FAD",7.1,0.884007323171
"ILR1","FAD",7.2,0.880194526951358
"ILR1","FAD",7.3,0.876917263931732
"ILR1","FAD",7.4,0.874498654183753
"ILR1","FAD",7.5,0.873261817779051
"ILR1","FAD",7.6,0.873467868446269
"ILR1","FAD",7.7,0.874995260399204
"ILR1","FAD",7.8,0.877576618119071
"ILR1","FAD",7.9,0.880944279020678
"ILR1","FAD",8,0.884830580518833
"ILR1","FAD",8.1,0.888969438234651
"ILR1","FAD",8.2,0.893146907049308
"ILR1","FAD",8.3,0.897211877835656
"ILR1","FAD",8.4,0.901016982400001
"ILR1","FAD",8.5,0.904414852548652
"ILR1","FAD",8.6,0.907258120087914
"ILR1","FAD",8.7,0.909453569012797
"ILR1","FAD",8.8,0.911124592073105
"ILR1","FAD",8.9,0.912448734207341
"ILR1","FAD",9,0.91360354035401
"ILR1","FAD",9.1,0.914766555451615
"ILR1","FAD",9.2,0.91610586865674
"ILR1","FAD",9.3,0.91763074153899
"ILR1","FAD",9.4,0.919218645707434
"ILR1","FAD",9.5,0.920743063613141
"ILR1","FAD",9.6,0.922077477707179
"ILR1","FAD",9.7,0.9230954645806
"ILR1","FAD",9.8,0.923718423934958
"ILR1","FAD",9.9,0.923993244066892
"ILR1","FAD",10,0.923987147509004
"ILR1","FAD",10.1,0.923767356793895
"ILR1","FAD",10.2,0.923401094454168
"ILR1","FAD",10.3,0.92295385006821
"ILR1","FAD",10.4,0.922474088672246
"ILR1","FAD",10.5,0.922000612349813
"ILR1","FAD",10.6,0.921572112275381
"ILR1","FAD",10.7,0.921227279623421
"ILR1","FAD",10.8,0.921004210475146
"ILR1","FAD",10.9,0.920889153411845
"ILR1","FAD",11,0.920777010200013
"ILR1","FAD",11.1,0.920553384274023
"ILR1","FAD",11.2,0.920103879068246
"ILR1","FAD",11.3,0.919314098017054
"ILR1","FAD",11.4,0.918105344461141
"ILR1","FAD",11.5,0.916619236440867
"ILR1","FAD",11.6,0.915081352887387
"ILR1","FAD",11.7,0.913717438009199
"ILR1","FAD",11.8,0.912753236014804
"ILR1","FAD",11.9,0.912409611195163
"ILR1","FAD",12,0.912746209824939
"ILR1","FAD",12.1,0.913628385165865
"ILR1","FAD",12.2,0.914909923267746
"ILR1","FAD",12.3,0.916444610180381
"ILR1","FAD",12.4,0.918086231953573
"ILR1","FAD",12.5,0.919705934048331
"ILR1","FAD",12.6,0.921244299570486
"ILR1","FAD",12.7,0.92265927103707
"ILR1","FAD",12.8,0.923908790965119
"ILR1","FAD",12.9,0.924950801871669
"ILR1","FAD",13,0.92574628172196
"ILR1","FAD",13.1,0.926307194525306
"ILR1","FAD",13.2,0.926687810850383
"ILR1","FAD",13.3,0.926943681845581
"ILR1","FAD",13.4,0.927130358659289
"ILR1","FAD",13.5,0.927303350573757
"ILR1","FAD",13.6,0.927496898874239
"ILR1","FAD",13.7,0.927689437286928
"ILR1","FAD",13.8,0.92785035645268
"ILR1","FAD",13.9,0.927949047012349
"ILR1","FAD",14,0.92795489960679
"ILR1","FAD",14.1,0.927840695614296
"ILR1","FAD",14.2,0.927612527017722
"ILR1","FAD",14.3,0.927295392551865
"ILR1","FAD",14.4,0.926914507958718
"ILR1","FAD",14.5,0.926495088980276
"ILR1","FAD",14.6,0.926062254085185
"ILR1","FAD",14.7,0.925632646801782
"ILR1","FAD",14.8,0.925207979199721
"ILR1","FAD",14.9,0.924788443452618
"ILR1","FAD",15,0.92437423173409
"ILR1","FAD",15.1,0.923965536217752
"ILR1","FAD",15.2,0.923559607528111
"ILR1","FAD",15.3,0.923135543118531
"ILR1","FAD",15.4,0.922665522354653
"ILR1","FAD",15.5,0.922121710983836
"ILR1","FAD",15.6,0.921476274753438
"ILR1","FAD",15.7,0.920702421203505
"ILR1","FAD",15.8,0.919807775617777
"ILR1","FAD",15.9,0.918841442063023
"ILR1","FAD",16,0.917854994040539
"ILR1","FAD",16.1,0.91690000505162
"ILR1","FAD",16.2,0.916028048597564
"ILR1","FAD",16.3,0.915281074940814
"ILR1","FAD",16.4,0.914662541388432
"ILR1","FAD",16.5,0.914166282008626
"ILR1","FAD",16.6,0.913786130869603
"ILR1","FAD",16.7,0.913515922039575
"ILR1","FAD",16.8,0.913348551168519
"ILR1","FAD",16.9,0.913261151412683
"ILR1","FAD",17,0.913217776724216
"ILR1","FAD",17.1,0.913182085160076
"ILR1","FAD",17.2,0.913117734777221
"ILR1","FAD",17.3,0.912988411961768
"ILR1","FAD",17.4,0.912772194313304
"ILR1","FAD",17.5,0.912484922202191
"ILR1","FAD",17.6,0.912148555097428
"ILR1","FAD",17.7,0.911785052468019
"ILR1","FAD",17.8,0.911416373782963
"ILR1","FAD",17.9,0.911062062705997
"ILR1","FAD",18,0.910717930029939
"ILR1","FAD",18.1,0.910366316017451
"ILR1","FAD",18.2,0.909989406319658
"ILR1","FAD",18.3,0.909569386587687
"ILR1","FAD",18.4,0.909088613697532
"ILR1","FAD",18.5,0.90854436249206
"ILR1","FAD",18.6,0.9079601908318
"ILR1","FAD",18.7,0.907362331965892
"ILR1","FAD",18.8,0.906777019143471
"ILR1","FAD",18.9,0.906230485613677
"ILR1","FAD",19,0.905745003792
"ILR1","FAD",19.1,0.905318402615928
"ILR1","FAD",19.2,0.904939195728999
"ILR1","FAD",19.3,0.904595878437561
"ILR1","FAD",19.4,0.904276946047963
"ILR1","FAD",19.5,0.903971038257657
"ILR1","FAD",19.6,0.903671565018337
"ILR1","FAD",19.7,0.903377685186757
"ILR1","FAD",19.8,0.903088899880066
"ILR1","FAD",19.9,0.902804710215411
"ILR1","FAD",20,0.902524617309941
"ILR1","FMN",4.8,1.02555625967822
"ILR1","FMN",4.9,0.993739183295932
"ILR1","FMN",5,0.967928651976876
"ILR1","FMN",5.1,0.947781312059343
"ILR1","FMN",5.2,0.932953809881621
"ILR1","FMN",5.3,0.923102791782001
"ILR1","FMN",5.4,0.917855325383777
"ILR1","FMN",5.5,0.916341648331831
"ILR1","FMN",5.6,0.917279744930815
"ILR1","FMN",5.7,0.919375120964992
"ILR1","FMN",5.8,0.92133328221863
"ILR1","FMN",5.9,0.921860610075595
"ILR1","FMN",6,0.920108290519353
"ILR1","FMN",6.1,0.916394683807494
"ILR1","FMN",6.2,0.9112272797124
"ILR1","FMN",6.3,0.905113568006448
"ILR1","FMN",6.4,0.89856103846202
"ILR1","FMN",6.5,0.892054261408239
"ILR1","FMN",6.6,0.885852646563691
"ILR1","FMN",6.7,0.880087804831369
"ILR1","FMN",6.8,0.8748898802699
"ILR1","FMN",6.9,0.870389016937908
"ILR1","FMN",7,0.866714647535414
"ILR1","FMN",7.1,0.863934227643957
"ILR1","FMN",7.2,0.86200601929917
"ILR1","FMN",7.3,0.860877169558479
"ILR1","FMN",7.4,0.860494825479311
"ILR1","FMN",7.5,0.860806134119092
"ILR1","FMN",7.6,0.861760391335044
"ILR1","FMN",7.7,0.863320153864594
"ILR1","FMN",7.8,0.865453032103948
"ILR1","FMN",7.9,0.868126646397455
"ILR1","FMN",8,0.871308617089468
"ILR1","FMN",8.1,0.874964349663913
"ILR1","FMN",8.2,0.878986077178871
"ILR1","FMN",8.3,0.883177848434819
"ILR1","FMN",8.4,0.887338462192706
"ILR1","FMN",8.5,0.891266717213486
"ILR1","FMN",8.6,0.894761412258111
"ILR1","FMN",8.7,0.897664880910058
"ILR1","FMN",8.8,0.899993596042895
"ILR1","FMN",8.9,0.901807565352717
"ILR1","FMN",9,0.903166796535617
"ILR1","FMN",9.1,0.904131297287689
"ILR1","FMN",9.2,0.904761174246102
"ILR1","FMN",9.3,0.905118195948905
"ILR1","FMN",9.4,0.905265509925389
"ILR1","FMN",9.5,0.905266305445611
"ILR1","FMN",9.6,0.905183771779626
"ILR1","FMN",9.7,0.905081052467143
"ILR1","FMN",9.8,0.904998060029831
"ILR1","FMN",9.9,0.904913748432193
"ILR1","FMN",10,0.90479719388303
"ILR1","FMN",10.1,0.904617472591145
"ILR1","FMN",10.2,0.904343660765339
"ILR1","FMN",10.3,0.903950508375211
"ILR1","FMN",10.4,0.903468504416409
"ILR1","FMN",10.5,0.902959774774781
"ILR1","FMN",10.6,0.902486808456863
"ILR1","FMN",10.7,0.90211209446919
"ILR1","FMN",10.8,0.901897705495105
"ILR1","FMN",10.9,0.90186944205971
"ILR1","FMN",11,0.901989199077885
"ILR1","FMN",11.1,0.902212366414614
"ILR1","FMN",11.2,0.902494333934879
"ILR1","FMN",11.3,0.902790491503662
"ILR1","FMN",11.4,0.903065368677632
"ILR1","FMN",11.5,0.903339898758904
"ILR1","FMN",11.6,0.903656510250411
"ILR1","FMN",11.7,0.904057673968474
"ILR1","FMN",11.8,0.904585860729411
"ILR1","FMN",11.9,0.905283200928032
"ILR1","FMN",12,0.906180578441106
"ILR1","FMN",12.1,0.90729532332601
"ILR1","FMN",12.2,0.90864395871506
"ILR1","FMN",12.3,0.910243007740575
"ILR1","FMN",12.4,0.91210899353487
"ILR1","FMN",12.5,0.914227077969392
"ILR1","FMN",12.6,0.91645697787211
"ILR1","FMN",12.7,0.918627048810117
"ILR1","FMN",12.8,0.920565646350512
"ILR1","FMN",12.9,0.922101126060392
"ILR1","FMN",13,0.923072032098214
"ILR1","FMN",13.1,0.923488045117964
"ILR1","FMN",13.2,0.923500849265733
"ILR1","FMN",13.3,0.923266426999588
"ILR1","FMN",13.4,0.922940760777601
"ILR1","FMN",13.5,0.922679727769718
"ILR1","FMN",13.6,0.922585718779524
"ILR1","FMN",13.7,0.922620775542968
"ILR1","FMN",13.8,0.922724197561481
"ILR1","FMN",13.9,0.922835284336496
"ILR1","FMN",14,0.922893335369446
"ILR1","FMN",14.1,0.922842253712061
"ILR1","FMN",14.2,0.9226711676942
"ILR1","FMN",14.3,0.922394875042185
"ILR1","FMN",14.4,0.922028468109558
"ILR1","FMN",14.5,0.921587039249863
"ILR1","FMN",14.6,0.921085718904092
"ILR1","FMN",14.7,0.920542955882738
"ILR1","FMN",14.8,0.919983045420592
"ILR1","FMN",14.9,0.919430877868921
"ILR1","FMN",15,0.918911343578999
"ILR1","FMN",15.1,0.918449332902095
"ILR1","FMN",15.2,0.91806345391084
"ILR1","FMN",15.3,0.917733544874956
"ILR1","FMN",15.4,0.917424669075511
"ILR1","FMN",15.5,0.917101860708949
"ILR1","FMN",15.6,0.916730153971714
"ILR1","FMN",15.7,0.916275385826106
"ILR1","FMN",15.8,0.915729914239729
"ILR1","FMN",15.9,0.915118059154068
"ILR1","FMN",16,0.914466043363006
"ILR1","FMN",16.1,0.913800089660426
"ILR1","FMN",16.2,0.913146420840212
"ILR1","FMN",16.3,0.912531191048782
"ILR1","FMN",16.4,0.9119802798427
"ILR1","FMN",16.5,0.911519498131065
"ILR1","FMN",16.6,0.911174656822976
"ILR1","FMN",16.7,0.910971566827532
"ILR1","FMN",16.8,0.910933360889722
"ILR1","FMN",16.9,0.911038186966745
"ILR1","FMN",17,0.911226866103508
"ILR1","FMN",17.1,0.911439089494438
"ILR1","FMN",17.2,0.911614548333961
"ILR1","FMN",17.3,0.91169297748674
"ILR1","FMN",17.4,0.911636296299415
"ILR1","FMN",17.5,0.91146463654868
"ILR1","FMN",17.6,0.911207562783089
"ILR1","FMN",17.7,0.910894639551199
"ILR1","FMN",17.8,0.910555431401567
"ILR1","FMN",17.9,0.910217062357539
"ILR1","FMN",18,0.909882680722814
"ILR1","FMN",18.1,0.909541826432529
"ILR1","FMN",18.2,0.909183883228208
"ILR1","FMN",18.3,0.908798234851373
"ILR1","FMN",18.4,0.908374417261294
"ILR1","FMN",18.5,0.90791522838838
"ILR1","FMN",18.6,0.907446831587091
"ILR1","FMN",18.7,0.906997768614169
"ILR1","FMN",18.8,0.906596581226356
"ILR1","FMN",18.9,0.906271811180395
"ILR1","FMN",19,0.90604220254578
"ILR1","FMN",19.1,0.905866034960965
"ILR1","FMN",19.2,0.905678545355498
"ILR1","FMN",19.3,0.90541492529927
"ILR1","FMN",19.4,0.905010366362166
"ILR1","FMN",19.5,0.90440259319793
"ILR1","FMN",19.6,0.903613016045433
"ILR1","FMN",19.7,0.902763899408137
"ILR1","FMN",19.8,0.90198351213642
"ILR1","FMN",19.9,0.901400123080657
"ILR1","FMN",20,0.901142001091227
"ILR1","GLC",4.8,0.958272502431034
"ILR1","GLC",4.9,0.960680919972413
"ILR1","GLC",5,0.96294707162504
"ILR1","GLC",5.1,0.96522179164514
"ILR1","GLC",5.2,0.967655914288942
"ILR1","GLC",5.3,0.970400273812671
"ILR1","GLC",5.4,0.973578437375809
"ILR1","GLC",5.5,0.976855970122228
"ILR1","GLC",5.6,0.97951840203494
"ILR1","GLC",5.7,0.980839759790514
"ILR1","GLC",5.8,0.980094070065522
"ILR1","GLC",5.9,0.976556241755581
"ILR1","GLC",6,0.969949351030312
"ILR1","GLC",6.1,0.961172472044083
"ILR1","GLC",6.2,0.95131523826462
"ILR1","GLC",6.3,0.941467283159646
"ILR1","GLC",6.4,0.93271824019689
"ILR1","GLC",6.5,0.926051829721386
"ILR1","GLC",6.6,0.921411281560873
"ILR1","GLC",6.7,0.918149253970977
"ILR1","GLC",6.8,0.915611626767471
"ILR1","GLC",6.9,0.913144279766128
"ILR1","GLC",7,0.910097027304085
"ILR1","GLC",7.1,0.90616247889227
"ILR1","GLC",7.2,0.901637193070903
"ILR1","GLC",7.3,0.896879205276511
"ILR1","GLC",7.4,0.892246550945618
"ILR1","GLC",7.5,0.888097265514748
"ILR1","GLC",7.6,0.884724516536138
"ILR1","GLC",7.7,0.882021152627953
"ILR1","GLC",7.8,0.879727462754564
"ILR1","GLC",7.9,0.877583435566064
"ILR1","GLC",8,0.875329059712547
"ILR1","GLC",8.1,0.872711847961273
"ILR1","GLC",8.2,0.869727887617033
"ILR1","GLC",8.3,0.86667283731629
"ILR1","GLC",8.4,0.863860190639901
"ILR1","GLC",8.5,0.861603441168723
"ILR1","GLC",8.6,0.860216082483615
"ILR1","GLC",8.7,0.859902485333325
"ILR1","GLC",8.8,0.860430529138167
"ILR1","GLC",8.9,0.861458970486347
"ILR1","GLC",9,0.86264656596607
"ILR1","GLC",9.1,0.86365207216554
"ILR1","GLC",9.2,0.86415008586635
"ILR1","GLC",9.3,0.86408126959838
"ILR1","GLC",9.4,0.863607058586832
"ILR1","GLC",9.5,0.862895570638492
"ILR1","GLC",9.6,0.862114923560148
"ILR1","GLC",9.7,0.861433114911784
"ILR1","GLC",9.8,0.860957056876488
"ILR1","GLC",9.9,0.860633372646413
"ILR1","GLC",10,0.860382712103847
"ILR1","GLC",10.1,0.860125725131083
"ILR1","GLC",10.2,0.859783061610409
"ILR1","GLC",10.3,0.859285024986172
"ILR1","GLC",10.4,0.858656755296339
"ILR1","GLC",10.5,0.857977220840893
"ILR1","GLC",10.6,0.85732600774779
"ILR1","GLC",10.7,0.856782702144982
"ILR1","GLC",10.8,0.856426175876117
"ILR1","GLC",10.9,0.856273068764445
"ILR1","GLC",11,0.856230377991826
"ILR1","GLC",11.1,0.856193940047802
"ILR1","GLC",11.2,0.856059591421909
"ILR1","GLC",11.3,0.855723168603689
"ILR1","GLC",11.4,0.855114709259787
"ILR1","GLC",11.5,0.85437531665447
"ILR1","GLC",11.6,0.853726530153725
"ILR1","GLC",11.7,0.853390047462317
"ILR1","GLC",11.8,0.853587566285015
"ILR1","GLC",11.9,0.854534302224767
"ILR1","GLC",12,0.856231321446625
"ILR1","GLC",12.1,0.858421606432082
"ILR1","GLC",12.2,0.860832774680538
"ILR1","GLC",12.3,0.863192443691394
"ILR1","GLC",12.4,0.865228230964049
"ILR1","GLC",12.5,0.866738573590588
"ILR1","GLC",12.6,0.867805187033823
"ILR1","GLC",12.7,0.868580606349247
"ILR1","GLC",12.8,0.869217366592358
"ILR1","GLC",12.9,0.86986800281865
"ILR1","GLC",13,0.870677818607136
"ILR1","GLC",13.1,0.871670651330328
"ILR1","GLC",13.2,0.872769549657289
"ILR1","GLC",13.3,0.873894511477943
"ILR1","GLC",13.4,0.874965534682218
"ILR1","GLC",13.5,0.875902701956334
"ILR1","GLC",13.6,0.876669172506995
"ILR1","GLC",13.7,0.877341139009003
"ILR1","GLC",13.8,0.878013110137992
"ILR1","GLC",13.9,0.878779594569598
"ILR1","GLC",14,0.879735100979454
"ILR1","GLC",14.1,0.880959426241785
"ILR1","GLC",14.2,0.882387838493773
"ILR1","GLC",14.3,0.883873572867935
"ILR1","GLC",14.4,0.885268922941503
"ILR1","GLC",14.5,0.886426182291705
"ILR1","GLC",14.6,0.88719883174457
"ILR1","GLC",14.7,0.887543791177552
"ILR1","GLC",14.8,0.887600223158428
"ILR1","GLC",14.9,0.887525841017426
"ILR1","GLC",15,0.887478358084776
"ILR1","GLC",15.1,0.887615487690704
"ILR1","GLC",15.2,0.888064803411558
"ILR1","GLC",15.3,0.888767877472176
"ILR1","GLC",15.4,0.889595397861415
"ILR1","GLC",15.5,0.890417913032234
"ILR1","GLC",15.6,0.891105971437592
"ILR1","GLC",15.7,0.891533103280549
"ILR1","GLC",15.8,0.891671346952688
"ILR1","GLC",15.9,0.891611458673689
"ILR1","GLC",16,0.891451262515322
"ILR1","GLC",16.1,0.891288582549358
"ILR1","GLC",16.2,0.891221242847569
"ILR1","GLC",16.3,0.891323233095506
"ILR1","GLC",16.4,0.891573205433845
"ILR1","GLC",16.5,0.891925977617043
"ILR1","GLC",16.6,0.892336367399558
"ILR1","GLC",16.7,0.892759192535847
"ILR1","GLC",16.8,0.89315071124457
"ILR1","GLC",16.9,0.893491377041596
"ILR1","GLC",17,0.893781719912654
"ILR1","GLC",17.1,0.894022877539309
"ILR1","GLC",17.2,0.894215987603131
"ILR1","GLC",17.3,0.894362202915627
"ILR1","GLC",17.4,0.894470362298409
"ILR1","GLC",17.5,0.894569472784644
"ILR1","GLC",17.6,0.894691809474786
"ILR1","GLC",17.7,0.89486964746929
"ILR1","GLC",17.8,0.89513526186861
"ILR1","GLC",17.9,0.89551437866223
"ILR1","GLC",18,0.895968385373451
"ILR1","GLC",18.1,0.8964221516828
"ILR1","GLC",18.2,0.896800128127701
"ILR1","GLC",18.3,0.897026765245577
"ILR1","GLC",18.4,0.897027152554426
"ILR1","GLC",18.5,0.896782050754645
"ILR1","GLC",18.6,0.896370304064546
"ILR1","GLC",18.7,0.895880740773892
"ILR1","GLC",18.8,0.895402189172446
"ILR1","GLC",18.9,0.895023477549969
"ILR1","GLC",19,0.894819379767836
"ILR1","GLC",19.1,0.894777935645565
"ILR1","GLC",19.2,0.894854131069242
"ILR1","GLC",19.3,0.89500288685816
"ILR1","GLC",19.4,0.895179123831604
"ILR1","GLC",19.5,0.895338011401002
"ILR1","GLC",19.6,0.895442931725332
"ILR1","GLC",19.7,0.895467164613379
"ILR1","GLC",19.8,0.895384579129356
"ILR1","GLC",19.9,0.895169044337475
"ILR1","GLC",20,0.894794429301951
"ILR1","HEM",4.8,1.31172281928352
"ILR1","HEM",4.9,1.30906814979382
"ILR1","HEM",5,1.30460761734557
"ILR1","HEM",5.1,1.29851773665016
"ILR1","HEM",5.2,1.29097502241895
"ILR1","HEM",5.3,1.28215598936334
"ILR1","HEM",5.4,1.27223526925849
"ILR1","HEM",5.5,1.26135586643561
"ILR1","HEM",5.6,1.24963454180259
"ILR1","HEM",5.7,1.23718726190361
"ILR1","HEM",5.8,1.22412999328287
"ILR1","HEM",5.9,1.21057869510567
"ILR1","HEM",6,1.19664557806116
"ILR1","HEM",6.1,1.18243301677804
"ILR1","HEM",6.2,1.16804179204478
"ILR1","HEM",6.3,1.15357268464982
"ILR1","HEM",6.4,1.13912647538164
"ILR1","HEM",6.5,1.12480180242911
"ILR1","HEM",6.6,1.11067625508312
"ILR1","HEM",6.7,1.09681547549942
"ILR1","HEM",6.8,1.08328496870738
"ILR1","HEM",6.9,1.07015023973637
"ILR1","HEM",7,1.05747698312429
"ILR1","HEM",7.1,1.04534740433806
"ILR1","HEM",7.2,1.03387279840103
"ILR1","HEM",7.3,1.02316742140707
"ILR1","HEM",7.4,1.01334552945005
"ILR1","HEM",7.5,1.0045213786238
"ILR1","HEM",7.6,0.996798977744902
"ILR1","HEM",7.7,0.990219096645518
"ILR1","HEM",7.8,0.984798405079739
"ILR1","HEM",7.9,0.980553525360558
"ILR1","HEM",8,0.977501079800964
"ILR1","HEM",8.1,0.97565364145249
"ILR1","HEM",8.2,0.974890007765786
"ILR1","HEM",8.3,0.97492775559627
"ILR1","HEM",8.4,0.975474863549969
"ILR1","HEM",8.5,0.976239310232914
"ILR1","HEM",8.6,0.976929074251131
"ILR1","HEM",8.7,0.977309358876083
"ILR1","HEM",8.8,0.977374266040961
"ILR1","HEM",8.9,0.97717512234439
"ILR1","HEM",9,0.976763254384996
"ILR1","HEM",9.1,0.976189988761404
"ILR1","HEM",9.2,0.975505322179985
"ILR1","HEM",9.3,0.974736913313143
"ILR1","HEM",9.4,0.973893885459982
"ILR1","HEM",9.5,0.972984800871314
"ILR1","HEM",9.6,0.972018221797947
"ILR1","HEM",9.7,0.971002670267193
"ILR1","HEM",9.8,0.969926234770307
"ILR1","HEM",9.9,0.968723385878122
"ILR1","HEM",10,0.967319905886299
"ILR1","HEM",10.1,0.965641577090495
"ILR1","HEM",10.2,0.963614181786372
"ILR1","HEM",10.3,0.961177385891133
"ILR1","HEM",10.4,0.958407248020031
"ILR1","HEM",10.5,0.955457241862051
"ILR1","HEM",10.6,0.952481729657957
"ILR1","HEM",10.7,0.949635073648511
"ILR1","HEM",10.8,0.947070793757603
"ILR1","HEM",10.9,0.944869023051407
"ILR1","HEM",11,0.942980598955819
"ILR1","HEM",11.1,0.941343197695574
"ILR1","HEM",11.2,0.939894495495398
"ILR1","HEM",11.3,0.938572168580024
"ILR1","HEM",11.4,0.937326007503507
"ILR1","HEM",11.5,0.936180563935608
"ILR1","HEM",11.6,0.935188880653946
"ILR1","HEM",11.7,0.934404056520998
"ILR1","HEM",11.8,0.933879190399243
"ILR1","HEM",11.9,0.933665145971912
"ILR1","HEM",12,0.933738943222725
"ILR1","HEM",12.1,0.933988608887674
"ILR1","HEM",12.2,0.93429687150009
"ILR1","HEM",12.3,0.934546459593309
"ILR1","HEM",12.4,0.934620101700666
"ILR1","HEM",12.5,0.934433084707854
"ILR1","HEM",12.6,0.934030928910023
"ILR1","HEM",12.7,0.933491712954679
"ILR1","HEM",12.8,0.932893515489331
"ILR1","HEM",12.9,0.932314415161488
"ILR1","HEM",13,0.931829066777675
"ILR1","HEM",13.1,0.931454615315436
"ILR1","HEM",13.2,0.931160485968636
"ILR1","HEM",13.3,0.930914659498225
"ILR1","HEM",13.4,0.930685116665155
"ILR1","HEM",13.5,0.930439849561155
"ILR1","HEM",13.6,0.93015260631442
"ILR1","HEM",13.7,0.929812238983466
"ILR1","HEM",13.8,0.929410047075384
"ILR1","HEM",13.9,0.928937330097263
"ILR1","HEM",14,0.928385387556195
"ILR1","HEM",14.1,0.927747816510776
"ILR1","HEM",14.2,0.927040785165588
"ILR1","HEM",14.3,0.926293272872406
"ILR1","HEM",14.4,0.9255344060263
"ILR1","HEM",14.5,0.924793311022343
"ILR1","HEM",14.6,0.924098900892023
"ILR1","HEM",14.7,0.92346149936477
"ILR1","HEM",14.8,0.922858678860218
"ILR1","HEM",14.9,0.922264677992031
"ILR1","HEM",15,0.92165373537388
"ILR1","HEM",15.1,0.921000089619428
"ILR1","HEM",15.2,0.920280973362257
"ILR1","HEM",15.3,0.91949209621995
"ILR1","HEM",15.4,0.918636209301366
"ILR1","HEM",15.5,0.917716077576565
"ILR1","HEM",15.6,0.91673446601561
"ILR1","HEM",15.7,0.915694513364732
"ILR1","HEM",15.8,0.914611706827252
"ILR1","HEM",15.9,0.913516415435394
"ILR1","HEM",16,0.912439894209328
"ILR1","HEM",16.1,0.911413398169227
"ILR1","HEM",16.2,0.910468182335265
"ILR1","HEM",16.3,0.909626117251214
"ILR1","HEM",16.4,0.908871535555232
"ILR1","HEM",16.5,0.908179385409079
"ILR1","HEM",16.6,0.907524614974511
"ILR1","HEM",16.7,0.906882172413287
"ILR1","HEM",16.8,0.906228484518144
"ILR1","HEM",16.9,0.905564814461581
"ILR1","HEM",17,0.904913033835389
"ILR1","HEM",17.1,0.904295638028809
"ILR1","HEM",17.2,0.903735122431075
"ILR1","HEM",17.3,0.903253956435467
"ILR1","HEM",17.4,0.902861403487468
"ILR1","HEM",17.5,0.902532074417579
"ILR1","HEM",17.6,0.902234964928894
"ILR1","HEM",17.7,0.901939070724504
"ILR1","HEM",17.8,0.901613387507503
"ILR1","HEM",17.9,0.901230185961873
"ILR1","HEM",18,0.900793910183862
"ILR1","HEM",18.1,0.900327265563163
"ILR1","HEM",18.2,0.899853167088243
"ILR1","HEM",18.3,0.899394529747573
"ILR1","HEM",18.4,0.898974065453747
"ILR1","HEM",18.5,0.89859679313399
"ILR1","HEM",18.6,0.898236559569126
"ILR1","HEM",18.7,0.897864038479477
"ILR1","HEM",18.8,0.897449903585361
"ILR1","HEM",18.9,0.896964828607102
"ILR1","HEM",19,0.896385192241783
"ILR1","HEM",19.1,0.895722580288458
"ILR1","HEM",19.2,0.895001995806349
"ILR1","HEM",19.3,0.894248468266605
"ILR1","HEM",19.4,0.893487027140376
"ILR1","HEM",19.5,0.892742347150967
"ILR1","HEM",19.6,0.89202738320394
"ILR1","HEM",19.7,0.891340965985042
"ILR1","HEM",19.8,0.89068108529624
"ILR1","HEM",19.9,0.890045730939498
"ILR1","HEM",20,0.889432892716782
"ILR1","NAD",4.8,0.941436510811174
"ILR1","NAD",4.9,0.924049290035558
"ILR1","NAD",5,0.910331666482458
"ILR1","NAD",5.1,0.899669654257528
"ILR1","NAD",5.2,0.891449267466424
"ILR1","NAD",5.3,0.8850565202148
"ILR1","NAD",5.4,0.87988898906114
"ILR1","NAD",5.5,0.875538463638795
"ILR1","NAD",5.6,0.871757885267413
"ILR1","NAD",5.7,0.868305073176436
"ILR1","NAD",5.8,0.864937846595302
"ILR1","NAD",5.9,0.861414253866258
"ILR1","NAD",6,0.857608732636224
"ILR1","NAD",6.1,0.853701127920499
"ILR1","NAD",6.2,0.84992077310015
"ILR1","NAD",6.3,0.846497001556243
"ILR1","NAD",6.4,0.843659146669845
"ILR1","NAD",6.5,0.841608232165522
"ILR1","NAD",6.6,0.840267167702355
"ILR1","NAD",6.7,0.839401008294769
"ILR1","NAD",6.8,0.838772997139173
"ILR1","NAD",6.9,0.838146377431974
"ILR1","NAD",7,0.837286319401763
"ILR1","NAD",7.1,0.836125885955967
"ILR1","NAD",7.2,0.834893939441914
"ILR1","NAD",7.3,0.833849452084774
"ILR1","NAD",7.4,0.833251396109716
"ILR1","NAD",7.5,0.833358743741909
"ILR1","NAD",7.6,0.834381051076934
"ILR1","NAD",7.7,0.836222912632873
"ILR1","NAD",7.8,0.838672703511927
"ILR1","NAD",7.9,0.841518570037918
"ILR1","NAD",8,0.844548658534668
"ILR1","NAD",8.1,0.847554474532521
"ILR1","NAD",8.2,0.850438501792027
"ILR1","NAD",8.3,0.853236970259247
"ILR1","NAD",8.4,0.855994072443847
"ILR1","NAD",8.5,0.85875400085549
"ILR1","NAD",8.6,0.861560948003839
"ILR1","NAD",8.7,0.864436673375134
"ILR1","NAD",8.8,0.867313204361918
"ILR1","NAD",8.9,0.870100135333306
"ILR1","NAD",9,0.872707060658416
"ILR1","NAD",9.1,0.875043574706364
"ILR1","NAD",9.2,0.877024950475292
"ILR1","NAD",9.3,0.878661844185258
"ILR1","NAD",9.4,0.880044057948358
"ILR1","NAD",9.5,0.881263789548312
"ILR1","NAD",9.6,0.882413236768838
"ILR1","NAD",9.7,0.883584521425762
"ILR1","NAD",9.8,0.88483117364496
"ILR1","NAD",9.9,0.886105458350142
"ILR1","NAD",10,0.887343231399996
"ILR1","NAD",10.1,0.888480348653216
"ILR1","NAD",10.2,0.88945266596849
"ILR1","NAD",10.3,0.89020469740602
"ILR1","NAD",10.4,0.890766015197628
"ILR1","NAD",10.5,0.891214469706751
"ILR1","NAD",10.6,0.891628465421722
"ILR1","NAD",10.7,0.892086406830873
"ILR1","NAD",10.8,0.89266600901165
"ILR1","NAD",10.9,0.893384922117753
"ILR1","NAD",11,0.894154971731348
"ILR1","NAD",11.1,0.894877211389458
"ILR1","NAD",11.2,0.895452694629102
"ILR1","NAD",11.3,0.895782474987303
"ILR1","NAD",11.4,0.895787034847647
"ILR1","NAD",11.5,0.895506757762588
"ILR1","NAD",11.6,0.895027721053361
"ILR1","NAD",11.7,0.89443609198956
"ILR1","NAD",11.8,0.893818037840784
"ILR1","NAD",11.9,0.89325910620229
"ILR1","NAD",12,0.89282437246521
"ILR1","NAD",12.1,0.892554239801583
"ILR1","NAD",12.2,0.892487642525752
"ILR1","NAD",12.3,0.892663514952057
"ILR1","NAD",12.4,0.893120791394845
"ILR1","NAD",12.5,0.893880056469412
"ILR1","NAD",12.6,0.894888495994874
"ILR1","NAD",12.7,0.896074946091304
"ILR1","NAD",12.8,0.897368242878773
"ILR1","NAD",12.9,0.898697222477353
"ILR1","NAD",13,0.899991794975917
"ILR1","NAD",13.1,0.901199909783045
"ILR1","NAD",13.2,0.902284484747486
"ILR1","NAD",13.3,0.903208890798575
"ILR1","NAD",13.4,0.903936498865649
"ILR1","NAD",13.5,0.904430749244492
"ILR1","NAD",13.6,0.904690320386593
"ILR1","NAD",13.7,0.904806356218944
"ILR1","NAD",13.8,0.904884983821357
"ILR1","NAD",13.9,0.905032330273644
"ILR1","NAD",14,0.905354522655616
"ILR1","NAD",14.1,0.905944336700159
"ILR1","NAD",14.2,0.906763384507969
"ILR1","NAD",14.3,0.907698831069288
"ILR1","NAD",14.4,0.908636986888152
"ILR1","NAD",14.5,0.9094641624686
"ILR1","NAD",14.6,0.91006742168088
"ILR1","NAD",14.7,0.910399465426294
"ILR1","NAD",14.8,0.910528636319392
"ILR1","NAD",14.9,0.910535048321757
"ILR1","NAD",15,0.910498815394972
"ILR1","NAD",15.1,0.910500051500618
"ILR1","NAD",15.2,0.910603874750199
"ILR1","NAD",15.3,0.910782859421174
"ILR1","NAD",15.4,0.910974311773226
"ILR1","NAD",15.5,0.911115468640802
"ILR1","NAD",15.6,0.911143566858354
"ILR1","NAD",15.7,0.910997082763564
"ILR1","NAD",15.8,0.910655442208325
"ILR1","NAD",15.9,0.91014742163621
"ILR1","NAD",16,0.90950473557253
"ILR1","NAD",16.1,0.908759098542592
"ILR1","NAD",16.2,0.907942225071707
"ILR1","NAD",16.3,0.907088197161161
"ILR1","NAD",16.4,0.906240566716143
"ILR1","NAD",16.5,0.905445253117821
"ILR1","NAD",16.6,0.904748175747361
"ILR1","NAD",16.7,0.904195253985931
"ILR1","NAD",16.8,0.903828887078403
"ILR1","NAD",16.9,0.903632346980344
"ILR1","NAD",17,0.903539843747727
"ILR1","NAD",17.1,0.903484102379028
"ILR1","NAD",17.2,0.903397847872722
"ILR1","NAD",17.3,0.90321386008292
"ILR1","NAD",17.4,0.902892785528112
"ILR1","NAD",17.5,0.90246839329294
"ILR1","NAD",17.6,0.901986301279971
"ILR1","NAD",17.7,0.901492127391774
"ILR1","NAD",17.8,0.901031489530915
"ILR1","NAD",17.9,0.900646806657138
"ILR1","NAD",18,0.900349071315897
"ILR1","NAD",18.1,0.900131438747464
"ILR1","NAD",18.2,0.89998685945977
"ILR1","NAD",18.3,0.899908283960749
"ILR1","NAD",18.4,0.899888584805433
"ILR1","NAD",18.5,0.899913842902688
"ILR1","NAD",18.6,0.89995817339165
"ILR1","NAD",18.7,0.899994473397437
"ILR1","NAD",18.8,0.899995640045169
"ILR1","NAD",18.9,0.899934570459965
"ILR1","NAD",19,0.899787449651073
"ILR1","NAD",19.1,0.899550753134916
"ILR1","NAD",19.2,0.899228689044298
"ILR1","NAD",19.3,0.898825480733709
"ILR1","NAD",19.4,0.89834535155764
"ILR1","NAD",19.5,0.897793157191525
"ILR1","NAD",19.6,0.897194643321112
"ILR1","NAD",19.7,0.896600731373287
"ILR1","NAD",19.8,0.896063841609755
"ILR1","NAD",19.9,0.895636394292225
"ILR1","NAD",20,0.895370809682401
"ILR1","PO4",4.8,0.878761207929508
"ILR1","PO4",4.9,0.852843544396148
"ILR1","PO4",5,0.834497231444401
"ILR1","PO4",5.1,0.822501203629271
"ILR1","PO4",5.2,0.815634395505761
"ILR1","PO4",5.3,0.812675741628875
"ILR1","PO4",5.4,0.812424587098831
"ILR1","PO4",5.5,0.814023110392493
"ILR1","PO4",5.6,0.816897961960645
"ILR1","PO4",5.7,0.820484402952838
"ILR1","PO4",5.8,0.824217694518619
"ILR1","PO4",5.9,0.827533438405755
"ILR1","PO4",6,0.830040260257717
"ILR1","PO4",6.1,0.83180080314507
"ILR1","PO4",6.2,0.832951279353881
"ILR1","PO4",6.3,0.833627901170211
"ILR1","PO4",6.4,0.833966880880123
"ILR1","PO4",6.5,0.834091699849764
"ILR1","PO4",6.6,0.834000770887981
"ILR1","PO4",6.7,0.833621519194158
"ILR1","PO4",6.8,0.832880555188801
"ILR1","PO4",6.9,0.831704489292413
"ILR1","PO4",7,0.830021738306622
"ILR1","PO4",7.1,0.827918099988203
"ILR1","PO4",7.2,0.825756651595976
"ILR1","PO4",7.3,0.823928695093773
"ILR1","PO4",7.4,0.822825532445423
"ILR1","PO4",7.5,0.822838465614762
"ILR1","PO4",7.6,0.824270514684868
"ILR1","PO4",7.7,0.826879886095125
"ILR1","PO4",7.8,0.830217160380185
"ILR1","PO4",7.9,0.833832509362295
"ILR1","PO4",8,0.837276104863698
"ILR1","PO4",8.1,0.840106520821159
"ILR1","PO4",8.2,0.842159912140062
"ILR1","PO4",8.3,0.843606962359486
"ILR1","PO4",8.4,0.844638271141826
"ILR1","PO4",8.5,0.845444438149475
"ILR1","PO4",8.6,0.846216063044824
"ILR1","PO4",8.7,0.847094362967945
"ILR1","PO4",8.8,0.84802302496962
"ILR1","PO4",8.9,0.848896353578311
"ILR1","PO4",9,0.849608653322482
"ILR1","PO4",9.1,0.850054228730595
"ILR1","PO4",9.2,0.850134929674772
"ILR1","PO4",9.3,0.849879344221488
"ILR1","PO4",9.4,0.849421223664518
"ILR1","PO4",9.5,0.8488975024895
"ILR1","PO4",9.6,0.848445115182073
"ILR1","PO4",9.7,0.848200883504237
"ILR1","PO4",9.8,0.848244365613141
"ILR1","PO4",9.9,0.848504859064991
"ILR1","PO4",10,0.848887313111562
"ILR1","PO4",10.1,0.849296677004634
"ILR1","PO4",10.2,0.849637899995984
"ILR1","PO4",10.3,0.849829066112267
"ILR1","PO4",10.4,0.849917295408547
"ILR1","PO4",10.5,0.850022947444612
"ILR1","PO4",10.6,0.850267222405843
"ILR1","PO4",10.7,0.850771320477618
"ILR1","PO4",10.8,0.851655292170545
"ILR1","PO4",10.9,0.85293902258075
"ILR1","PO4",11,0.854465921726898
"ILR1","PO4",11.1,0.856061435959352
"ILR1","PO4",11.2,0.857551011628471
"ILR1","PO4",11.3,0.858760095084615
"ILR1","PO4",11.4,0.859550946367174
"ILR1","PO4",11.5,0.860013013698299
"ILR1","PO4",11.6,0.860322325642855
"ILR1","PO4",11.7,0.860655081199454
"ILR1","PO4",11.8,0.861187479366711
"ILR1","PO4",11.9,0.862091944338713
"ILR1","PO4",12,0.863416191952691
"ILR1","PO4",12.1,0.865057644902801
"ILR1","PO4",12.2,0.866904778198405
"ILR1","PO4",12.3,0.868846066848862
"ILR1","PO4",12.4,0.870769985863533
"ILR1","PO4",12.5,0.87258638311015
"ILR1","PO4",12.6,0.874290597889948
"ILR1","PO4",12.7,0.875899342362535
"ILR1","PO4",12.8,0.877429328687518
"ILR1","PO4",12.9,0.878897269024505
"ILR1","PO4",13,0.880318618432078
"ILR1","PO4",13.1,0.881687716600076
"ILR1","PO4",13.2,0.882981382372822
"ILR1","PO4",13.3,0.884175904255146
"ILR1","PO4",13.4,0.885247570751882
"ILR1","PO4",13.5,0.88617271429229
"ILR1","PO4",13.6,0.886949980916526
"ILR1","PO4",13.7,0.88763656793114
"ILR1","PO4",13.8,0.888299160319748
"ILR1","PO4",13.9,0.889004443065971
"ILR1","PO4",14,0.889819101153428
"ILR1","PO4",14.1,0.890800813953473
"ILR1","PO4",14.2,0.891918789702548
"ILR1","PO4",14.3,0.8930920213431
"ILR1","PO4",14.4,0.894238925458388
"ILR1","PO4",14.5,0.895277918631672
"ILR1","PO4",14.6,0.896128005579386
"ILR1","PO4",14.7,0.896759432120767
"ILR1","PO4",14.8,0.89723272251729
"ILR1","PO4",14.9,0.897617590611281
"ILR1","PO4",15,0.897983750245062
"ILR1","PO4",15.1,0.898400915260955
"ILR1","PO4",15.2,0.898927635222292
"ILR1","PO4",15.3,0.89955356161881
"ILR1","PO4",15.4,0.900242089210018
"ILR1","PO4",15.5,0.900956561068955
"ILR1","PO4",15.6,0.901660320268655
"ILR1","PO4",15.7,0.902317248739636
"ILR1","PO4",15.8,0.9029090306669
"ILR1","PO4",15.9,0.90343880474619
"ILR1","PO4",16,0.903910986965047
"ILR1","PO4",16.1,0.904329993311017
"ILR1","PO4",16.2,0.904700239771642
"ILR1","PO4",16.3,0.905026942857533
"ILR1","PO4",16.4,0.905318521171594
"ILR1","PO4",16.5,0.905584193839798
"ILR1","PO4",16.6,0.905833179988114
"ILR1","PO4",16.7,0.906074698742513
"ILR1","PO4",16.8,0.906317578229355
"ILR1","PO4",16.9,0.906564079003347
"ILR1","PO4",17,0.906811012062073
"ILR1","PO4",17.1,0.907055023450149
"ILR1","PO4",17.2,0.907292759212197
"ILR1","PO4",17.3,0.907520866689634
"ILR1","PO4",17.4,0.907736651996325
"ILR1","PO4",17.5,0.907939149875421
"ILR1","PO4",17.6,0.908127675178043
"ILR1","PO4",17.7,0.908301542755311
"ILR1","PO4",17.8,0.908460067458352
"ILR1","PO4",17.9,0.908602137980803
"ILR1","PO4",18,0.908722456445242
"ILR1","PO4",18.1,0.908813348720142
"ILR1","PO4",18.2,0.908867113399896
"ILR1","PO4",18.3,0.908876049078901
"ILR1","PO4",18.4,0.9088325379685
"ILR1","PO4",18.5,0.908736247406883
"ILR1","PO4",18.6,0.908599679934191
"ILR1","PO4",18.7,0.908436644605421
"ILR1","PO4",18.8,0.908260950475575
"ILR1","PO4",18.9,0.908086406599649
"ILR1","PO4",19,0.907925018389827
"ILR1","PO4",19.1,0.907777660444077
"ILR1","PO4",19.2,0.90764096545967
"ILR1","PO4",19.3,0.907511557783685
"ILR1","PO4",19.4,0.907386061763194
"ILR1","PO4",19.5,0.907260667052635
"ILR1","PO4",19.6,0.907117202349614
"ILR1","PO4",19.7,0.906920189144792
"ILR1","PO4",19.8,0.906633118546279
"ILR1","PO4",19.9,0.906219481662186
"ILR1","PO4",20,0.905642769600621
"ILR2","AMP",4.8,0.492317179936745
"ILR2","AMP",4.9,0.495844953319794
"ILR2","AMP",5,0.497264508457571
"ILR2","AMP",5.1,0.497228459666844
"ILR2","AMP",5.2,0.496389421264378
"ILR2","AMP",5.3,0.495400007566942
"ILR2","AMP",5.4,0.494886663312725
"ILR2","AMP",5.5,0.495036266099777
"ILR2","AMP",5.6,0.495670955024748
"ILR2","AMP",5.7,0.496601828893322
"ILR2","AMP",5.8,0.497639986511188
"ILR2","AMP",5.9,0.49859672283496
"ILR2","AMP",6,0.499382977493428
"ILR2","AMP",6.1,0.500171159304369
"ILR2","AMP",6.2,0.501176045686325
"ILR2","AMP",6.3,0.502612414057839
"ILR2","AMP",6.4,0.504695041837454
"ILR2","AMP",6.5,0.507607000143618
"ILR2","AMP",6.6,0.511219877402643
"ILR2","AMP",6.7,0.51522846771151
"ILR2","AMP",6.8,0.519325535963995
"ILR2","AMP",6.9,0.523203847053873
"ILR2","AMP",7,0.526557644489887
"ILR2","AMP",7.1,0.529209996109896
"ILR2","AMP",7.2,0.5312109371494
"ILR2","AMP",7.3,0.532633606202778
"ILR2","AMP",7.4,0.533551141864408
"ILR2","AMP",7.5,0.534036682728669
"ILR2","AMP",7.6,0.534173494671555
"ILR2","AMP",7.7,0.534107342024566
"ILR2","AMP",7.8,0.534007806985224
"ILR2","AMP",7.9,0.534044518636607
"ILR2","AMP",8,0.534387106061799
"ILR2","AMP",8.1,0.535198829035635
"ILR2","AMP",8.2,0.536432524260559
"ILR2","AMP",8.3,0.537787435610736
"ILR2","AMP",8.4,0.538947709340787
"ILR2","AMP",8.5,0.539597491705334
"ILR2","AMP",8.6,0.539420928958997
"ILR2","AMP",8.7,0.538232287048444
"ILR2","AMP",8.8,0.53636631068852
"ILR2","AMP",8.9,0.534287864286115
"ILR2","AMP",9,0.532461812248121
"ILR2","AMP",9.1,0.531353018981428
"ILR2","AMP",9.2,0.531399696475675
"ILR2","AMP",9.3,0.532592379399471
"ILR2","AMP",9.4,0.534550134355974
"ILR2","AMP",9.5,0.536880783959813
"ILR2","AMP",9.6,0.539192150825619
"ILR2","AMP",9.7,0.541092358925066
"ILR2","AMP",9.8,0.542342621608518
"ILR2","AMP",9.9,0.54310586116687
"ILR2","AMP",10,0.543610093012667
"ILR2","AMP",10.1,0.544083332558451
"ILR2","AMP",10.2,0.544753595216768
"ILR2","AMP",10.3,0.545825493883083
"ILR2","AMP",10.4,0.547273735125099
"ILR2","AMP",10.5,0.548942533075297
"ILR2","AMP",10.6,0.550674604105065
"ILR2","AMP",10.7,0.55231266458579
"ILR2","AMP",10.8,0.553700443497029
"ILR2","AMP",10.9,0.5547698933048
"ILR2","AMP",11,0.555608401828616
"ILR2","AMP",11.1,0.556319178890581
"ILR2","AMP",11.2,0.557005434312801
"ILR2","AMP",11.3,0.557770377917381
"ILR2","AMP",11.4,0.558697164225631
"ILR2","AMP",11.5,0.55974518055535
"ILR2","AMP",11.6,0.560826647128021
"ILR2","AMP",11.7,0.561853691316513
"ILR2","AMP",11.8,0.562738440493698
"ILR2","AMP",11.9,0.563394607541424
"ILR2","AMP",12,0.563788285860395
"ILR2","AMP",12.1,0.563948695597698
"ILR2","AMP",12.2,0.563908815143923
"ILR2","AMP",12.3,0.56370162288966
"ILR2","AMP",12.4,0.563360097225501
"ILR2","AMP",12.5,0.562915995935228
"ILR2","AMP",12.6,0.562396194375398
"ILR2","AMP",12.7,0.561826347295756
"ILR2","AMP",12.8,0.561232109446052
"ILR2","AMP",12.9,0.560639135576032
"ILR2","AMP",13,0.560072725997234
"ILR2","AMP",13.1,0.559552227566883
"ILR2","AMP",13.2,0.559092047159652
"ILR2","AMP",13.3,0.558706442121591
"ILR2","AMP",13.4,0.558409669798753
"ILR2","AMP",13.5,0.558215994875747
"ILR2","AMP",13.6,0.558143410025026
"ILR2","AMP",13.7,0.558219690217854
"ILR2","AMP",13.8,0.558474195554184
"ILR2","AMP",13.9,0.558936286133966
"ILR2","AMP",14,0.559635322057153
"ILR2","AMP",14.1,0.560593218794358
"ILR2","AMP",14.2,0.561758755777567
"ILR2","AMP",14.3,0.563039201185573
"ILR2","AMP",14.4,0.564341346740889
"ILR2","AMP",14.5,0.565571984166029
"ILR2","AMP",14.6,0.566638367445817
"ILR2","AMP",14.7,0.56748802516877
"ILR2","AMP",14.8,0.568139443187878
"ILR2","AMP",14.9,0.568618330204709
"ILR2","AMP",15,0.568950394920837
"ILR2","AMP",15.1,0.569161346037831
"ILR2","AMP",15.2,0.569281107275761
"ILR2","AMP",15.3,0.569365614482742
"ILR2","AMP",15.4,0.56948071660595
"ILR2","AMP",15.5,0.569692282106533
"ILR2","AMP",15.6,0.570066179445644
"ILR2","AMP",15.7,0.570665488926738
"ILR2","AMP",15.8,0.571461178384289
"ILR2","AMP",15.9,0.572313205670534
"ILR2","AMP",16,0.573074919671326
"ILR2","AMP",16.1,0.573599669272516
"ILR2","AMP",16.2,0.573740803359956
"ILR2","AMP",16.3,0.573404893851441
"ILR2","AMP",16.4,0.572711404792533
"ILR2","AMP",16.5,0.571833023260734
"ILR2","AMP",16.6,0.570942436333548
"ILR2","AMP",16.7,0.570212331088478
"ILR2","AMP",16.8,0.569806675767382
"ILR2","AMP",16.9,0.569742989419601
"ILR2","AMP",17,0.569917272322647
"ILR2","AMP",17.1,0.570221846495241
"ILR2","AMP",17.2,0.570549033956105
"ILR2","AMP",17.3,0.570791227100236
"ILR2","AMP",17.4,0.570876569471727
"ILR2","AMP",17.5,0.570827016192894
"ILR2","AMP",17.6,0.570679723662042
"ILR2","AMP",17.7,0.57047184827748
"ILR2","AMP",17.8,0.570240546437516
"ILR2","AMP",17.9,0.57002233204804
"ILR2","AMP",18,0.569847407169435
"ILR2","AMP",18.1,0.569742391324365
"ILR2","AMP",18.2,0.569733862915981
"ILR2","AMP",18.3,0.569848400347433
"ILR2","AMP",18.4,0.57011238485458
"ILR2","AMP",18.5,0.570535019473005
"ILR2","AMP",18.6,0.571095242059042
"ILR2","AMP",18.7,0.571768909730094
"ILR2","AMP",18.8,0.572531879603565
"ILR2","AMP",18.9,0.57336000879686
"ILR2","AMP",19,0.57422478960893
"ILR2","AMP",19.1,0.5750707777508
"ILR2","AMP",19.2,0.575832263527141
"ILR2","AMP",19.3,0.576443517035129
"ILR2","AMP",19.4,0.576838808371942
"ILR2","AMP",19.5,0.576954622885749
"ILR2","AMP",19.6,0.576800631253756
"ILR2","AMP",19.7,0.576474703961154
"ILR2","AMP",19.8,0.576079962458441
"ILR2","AMP",19.9,0.575719528196118
"ILR2","AMP",20,0.575496522624685
"ILR2","ATP",4.8,0.462908014024681
"ILR2","ATP",4.9,0.46514321319591
"ILR2","ATP",5,0.4686602515402
"ILR2","ATP",5.1,0.473004439927294
"ILR2","ATP",5.2,0.477721089226937
"ILR2","ATP",5.3,0.482355510308871
"ILR2","ATP",5.4,0.48647177136579
"ILR2","ATP",5.5,0.489949004999261
"ILR2","ATP",5.6,0.492927773999433
"ILR2","ATP",5.7,0.495556554402071
"ILR2","ATP",5.8,0.497983822242941
"ILR2","ATP",5.9,0.500357895232776
"ILR2","ATP",6,0.502746661965446
"ILR2","ATP",6.1,0.505006963765577
"ILR2","ATP",6.2,0.506961443750627
"ILR2","ATP",6.3,0.508432745038053
"ILR2","ATP",6.4,0.509243510745312
"ILR2","ATP",6.5,0.509249145885041
"ILR2","ATP",6.6,0.50862690832814
"ILR2","ATP",6.7,0.50773673627304
"ILR2","ATP",6.8,0.506940664679462
"ILR2","ATP",6.9,0.506600728507129
"ILR2","ATP",7,0.507076685386428
"ILR2","ATP",7.1,0.508529880629558
"ILR2","ATP",7.2,0.510772089496008
"ILR2","ATP",7.3,0.513579503974431
"ILR2","ATP",7.4,0.51672831605348
"ILR2","ATP",7.5,0.519994717721807
"ILR2","ATP",7.6,0.523173783076919
"ILR2","ATP",7.7,0.526177113304762
"ILR2","ATP",7.8,0.528960717513962
"ILR2","ATP",7.9,0.53148069223031
"ILR2","ATP",8,0.533693133979602
"ILR2","ATP",8.1,0.535553357017561
"ILR2","ATP",8.2,0.536990831714626
"ILR2","ATP",8.3,0.537903882503253
"ILR2","ATP",8.4,0.538188979546104
"ILR2","ATP",8.5,0.537742593005836
"ILR2","ATP",8.6,0.536461193045111
"ILR2","ATP",8.7,0.534320489820051
"ILR2","ATP",8.8,0.531613153460624
"ILR2","ATP",8.9,0.528711094090263
"ILR2","ATP",9,0.525986221832397
"ILR2","ATP",9.1,0.523810446810459
"ILR2","ATP",9.2,0.522537236896215
"ILR2","ATP",9.3,0.522210287765513
"ILR2","ATP",9.4,0.52261625621163
"ILR2","ATP",9.5,0.523534018702925
"ILR2","ATP",9.6,0.524742451707753
"ILR2","ATP",9.7,0.526020560695654
"ILR2","ATP",9.8,0.527212883735225
"ILR2","ATP",9.9,0.528335917467015
"ILR2","ATP",10,0.529434022786292
"ILR2","ATP",10.1,0.530551560588324
"ILR2","ATP",10.2,0.53173289176838
"ILR2","ATP",10.3,0.533016785036078
"ILR2","ATP",10.4,0.534387071469238
"ILR2","ATP",10.5,0.535796400118508
"ILR2","ATP",10.6,0.537197062134654
"ILR2","ATP",10.7,0.538541348668441
"ILR2","ATP",10.8,0.539781725827323
"ILR2","ATP",10.9,0.540885902820017
"ILR2","ATP",11,0.541848444706544
"ILR2","ATP",11.1,0.542666650245138
"ILR2","ATP",11.2,0.54333781819404
"ILR2","ATP",11.3,0.543859247311483
"ILR2","ATP",11.4,0.544236214633722
"ILR2","ATP",11.5,0.544523233514568
"ILR2","ATP",11.6,0.544793581035759
"ILR2","ATP",11.7,0.545120571215502
"ILR2","ATP",11.8,0.545577518072007
"ILR2","ATP",11.9,0.546236166296906
"ILR2","ATP",12,0.547116414681614
"ILR2","ATP",12.1,0.548175679570535
"ILR2","ATP",12.2,0.549367657422859
"ILR2","ATP",12.3,0.550646044697769
"ILR2","ATP",12.4,0.551964537854456
"ILR2","ATP",12.5,0.553278011661211
"ILR2","ATP",12.6,0.554546054122752
"ILR2","ATP",12.7,0.555729431552903
"ILR2","ATP",12.8,0.556788910265486
"ILR2","ATP",12.9,0.557685256574325
"ILR2","ATP",13,0.558381807207784
"ILR2","ATP",13.1,0.558885073825997
"ILR2","ATP",13.2,0.559237393241777
"ILR2","ATP",13.3,0.559482186661577
"ILR2","ATP",13.4,0.559662875291846
"ILR2","ATP",13.5,0.559822875305936
"ILR2","ATP",13.6,0.56000304606234
"ILR2","ATP",13.7,0.560237537797102
"ILR2","ATP",13.8,0.560559413596644
"ILR2","ATP",13.9,0.561001736547386
"ILR2","ATP",14,0.561597569735749
"ILR2","ATP",14.1,0.562372091441092
"ILR2","ATP",14.2,0.563273019598191
"ILR2","ATP",14.3,0.564204106457647
"ILR2","ATP",14.4,0.565068599642405
"ILR2","ATP",14.5,0.565769746775414
"ILR2","ATP",14.6,0.56621167774314
"ILR2","ATP",14.7,0.566375389641276
"ILR2","ATP",14.8,0.566377307015919
"ILR2","ATP",14.9,0.56634763978067
"ILR2","ATP",15,0.566416597849134
"ILR2","ATP",15.1,0.566714391134914
"ILR2","ATP",15.2,0.567344332357347
"ILR2","ATP",15.3,0.568243743680417
"ILR2","ATP",15.4,0.569286689051959
"ILR2","ATP",15.5,0.570347107895766
"ILR2","ATP",15.6,0.571298939635627
"ILR2","ATP",15.7,0.572018622364488
"ILR2","ATP",15.8,0.572465142800683
"ILR2","ATP",15.9,0.5726969717122
"ILR2","ATP",16,0.572778502638357
"ILR2","ATP",16.1,0.572774129118473
"ILR2","ATP",16.2,0.572748244691865
"ILR2","ATP",16.3,0.572749741057009
"ILR2","ATP",16.4,0.572765502549025
"ILR2","ATP",16.5,0.57276691166219
"ILR2","ATP",16.6,0.572725350890782
"ILR2","ATP",16.7,0.572612202729079
"ILR2","ATP",16.8,0.57240052023789
"ILR2","ATP",16.9,0.572091416775263
"ILR2","ATP",17,0.571709289220293
"ILR2","ATP",17.1,0.571279239222337
"ILR2","ATP",17.2,0.57082636843075
"ILR2","ATP",17.3,0.570375767375567
"ILR2","ATP",17.4,0.569946877973662
"ILR2","ATP",17.5,0.569544320092003
"ILR2","ATP",17.6,0.569170311825029
"ILR2","ATP",17.7,0.568827071267184
"ILR2","ATP",17.8,0.568516816512908
"ILR2","ATP",17.9,0.568243271987844
"ILR2","ATP",18,0.568024960315351
"ILR2","ATP",18.1,0.567888803421565
"ILR2","ATP",18.2,0.567861819637818
"ILR2","ATP",18.3,0.567971027295444
"ILR2","ATP",18.4,0.568243020067877
"ILR2","ATP",18.5,0.568667393309089
"ILR2","ATP",18.6,0.569168557385544
"ILR2","ATP",18.7,0.569664287384029
"ILR2","ATP",18.8,0.570072358391333
"ILR2","ATP",18.9,0.570310545494244
"ILR2","ATP",19,0.570314082623751
"ILR2","ATP",19.1,0.570125947411386
"ILR2","ATP",19.2,0.569830178103746
"ILR2","ATP",19.3,0.56951089377541
"ILR2","ATP",19.4,0.569252213500954
"ILR2","ATP",19.5,0.569136368904699
"ILR2","ATP",19.6,0.569183235846892
"ILR2","ATP",19.7,0.569337541705287
"ILR2","ATP",19.8,0.569539539901475
"ILR2","ATP",19.9,0.569729483857046
"ILR2","ATP",20,0.569847626993588
"ILR2","FAD",4.8,0.453666017511099
"ILR2","FAD",4.9,0.472016147010203
"ILR2","FAD",5,0.483039693553682
"ILR2","FAD",5.1,0.488591367302799
"ILR2","FAD",5.2,0.49052587841882
"ILR2","FAD",5.3,0.49069793706301
"ILR2","FAD",5.4,0.490897370598562
"ILR2","FAD",5.5,0.491824178139799
"ILR2","FAD",5.6,0.493274054802914
"ILR2","FAD",5.7,0.495015323273664
"ILR2","FAD",5.8,0.496816306237804
"ILR2","FAD",5.9,0.498445400680474
"ILR2","FAD",6,0.499708747673706
"ILR2","FAD",6.1,0.500511529367935
"ILR2","FAD",6.2,0.500774976580465
"ILR2","FAD",6.3,0.500420320128598
"ILR2","FAD",6.4,0.499368790829636
"ILR2","FAD",6.5,0.497575486069434
"ILR2","FAD",6.6,0.495328208403289
"ILR2","FAD",6.7,0.493103600372741
"ILR2","FAD",6.8,0.491380471979715
"ILR2","FAD",6.9,0.490637633226138
"ILR2","FAD",7,0.491350099083454
"ILR2","FAD",7.1,0.493662242492349
"ILR2","FAD",7.2,0.497135899214504
"ILR2","FAD",7.3,0.501273607660317
"ILR2","FAD",7.4,0.505577906240183
"ILR2","FAD",7.5,0.5095513333645
"ILR2","FAD",7.6,0.512773414235594
"ILR2","FAD",7.7,0.515298782359704
"ILR2","FAD",7.8,0.517363132772237
"ILR2","FAD",7.9,0.519202516928938
"ILR2","FAD",8,0.521052986285546
"ILR2","FAD",8.1,0.523145308231245
"ILR2","FAD",8.2,0.525535680252617
"ILR2","FAD",8.3,0.52806991570475
"ILR2","FAD",8.4,0.530581302747924
"ILR2","FAD",8.5,0.532903129542417
"ILR2","FAD",8.6,0.534868684248513
"ILR2","FAD",8.7,0.536346381879481
"ILR2","FAD",8.8,0.537345144860559
"ILR2","FAD",8.9,0.537909022469974
"ILR2","FAD",9,0.538082063985954
"ILR2","FAD",9.1,0.537908318686727
"ILR2","FAD",9.2,0.537435342453352
"ILR2","FAD",9.3,0.53676959113633
"ILR2","FAD",9.4,0.53606639386313
"ILR2","FAD",9.5,0.535482559109291
"ILR2","FAD",9.6,0.535174895350351
"ILR2","FAD",9.7,0.535300093569045
"ILR2","FAD",9.8,0.535955158403329
"ILR2","FAD",9.9,0.537080476582518
"ILR2","FAD",10,0.538591056390119
"ILR2","FAD",10.1,0.540401906109637
"ILR2","FAD",10.2,0.542428034024577
"ILR2","FAD",10.3,0.544586029593377
"ILR2","FAD",10.4,0.546808015737022
"ILR2","FAD",10.5,0.549034932007926
"ILR2","FAD",10.6,0.5512078191537
"ILR2","FAD",10.7,0.553267717921952
"ILR2","FAD",10.8,0.555156177482106
"ILR2","FAD",10.9,0.556859043254141
"ILR2","FAD",11,0.5584402034065
"ILR2","FAD",11.1,0.559971490198471
"ILR2","FAD",11.2,0.561524735889345
"ILR2","FAD",11.3,0.563171772738411
"ILR2","FAD",11.4,0.564960135383086
"ILR2","FAD",11.5,0.566787410636935
"ILR2","FAD",11.6,0.568494040906529
"ILR2","FAD",11.7,0.569920356109449
"ILR2","FAD",11.8,0.570906686163278
"ILR2","FAD",11.9,0.571297686285552
"ILR2","FAD",12,0.571080906788588
"ILR2","FAD",12.1,0.570416109001399
"ILR2","FAD",12.2,0.569473306815851
"ILR2","FAD",12.3,0.568422514123809
"ILR2","FAD",12.4,0.567433744817141
"ILR2","FAD",12.5,0.566642508542207
"ILR2","FAD",12.6,0.566046297963346
"ILR2","FAD",12.7,0.565608101499393
"ILR2","FAD",12.8,0.565290907569182
"ILR2","FAD",12.9,0.565057704591545
"ILR2","FAD",13,0.56487230438059
"ILR2","FAD",13.1,0.564712349217859
"ILR2","FAD",13.2,0.564566957456484
"ILR2","FAD",13.3,0.564425594819478
"ILR2","FAD",13.4,0.56427772702985
"ILR2","FAD",13.5,0.564112841257491
"ILR2","FAD",13.6,0.563931319686118
"ILR2","FAD",13.7,0.563762133187306
"ILR2","FAD",13.8,0.563638885158198
"ILR2","FAD",13.9,0.563595178995935
"ILR2","FAD",14,0.563664618097659
"ILR2","FAD",14.1,0.563876910884601
"ILR2","FAD",14.2,0.564223501534672
"ILR2","FAD",14.3,0.564674115840117
"ILR2","FAD",14.4,0.56519823031472
"ILR2","FAD",14.5,0.565765321472269
"ILR2","FAD",14.6,0.566344927379778
"ILR2","FAD",14.7,0.566911948929244
"ILR2","FAD",14.8,0.56745073543315
"ILR2","FAD",14.9,0.567946597973167
"ILR2","FAD",15,0.568384847630963
"ILR2","FAD",15.1,0.56875079548821
"ILR2","FAD",15.2,0.569033372214582
"ILR2","FAD",15.3,0.569243846029809
"ILR2","FAD",15.4,0.569401997888374
"ILR2","FAD",15.5,0.569527625502114
"ILR2","FAD",15.6,0.569640526582864
"ILR2","FAD",15.7,0.569759918345959
"ILR2","FAD",15.8,0.569885840122414
"ILR2","FAD",15.9,0.569995218882643
"ILR2","FAD",16,0.570063605605366
"ILR2","FAD",16.1,0.570066551269298
"ILR2","FAD",16.2,0.569979606853157
"ILR2","FAD",16.3,0.569786176124188
"ILR2","FAD",16.4,0.569501074003751
"ILR2","FAD",16.5,0.569146968201735
"ILR2","FAD",16.6,0.568746526428028
"ILR2","FAD",16.7,0.568322416392521
"ILR2","FAD",16.8,0.567896932141818
"ILR2","FAD",16.9,0.567486091347098
"ILR2","FAD",17,0.56710070374755
"ILR2","FAD",17.1,0.56675142144317
"ILR2","FAD",17.2,0.566448896533952
"ILR2","FAD",17.3,0.566203776790588
"ILR2","FAD",17.4,0.566024510699021
"ILR2","FAD",17.5,0.565913775787369
"ILR2","FAD",17.6,0.565873314454796
"ILR2","FAD",17.7,0.565904869100471
"ILR2","FAD",17.8,0.566010182123563
"ILR2","FAD",17.9,0.566189107293916
"ILR2","FAD",18,0.566422944486942
"ILR2","FAD",18.1,0.566682462580962
"ILR2","FAD",18.2,0.566938309582019
"ILR2","FAD",18.3,0.56716113349616
"ILR2","FAD",18.4,0.567321712580777
"ILR2","FAD",18.5,0.567402173241961
"ILR2","FAD",18.6,0.567404635467731
"ILR2","FAD",18.7,0.567333254423414
"ILR2","FAD",18.8,0.567192185274342
"ILR2","FAD",18.9,0.566985583185844
"ILR2","FAD",19,0.566718944476488
"ILR2","FAD",19.1,0.566406042118859
"ILR2","FAD",19.2,0.566063803279268
"ILR2","FAD",19.3,0.565709161333068
"ILR2","FAD",19.4,0.565359049655615
"ILR2","FAD",19.5,0.565030134354557
"ILR2","FAD",19.6,0.564730251804443
"ILR2","FAD",19.7,0.564456597165604
"ILR2","FAD",19.8,0.564205732074921
"ILR2","FAD",19.9,0.563974218169275
"ILR2","FAD",20,0.563758617085544
"ILR2","FMN",4.8,0.397306577346135
"ILR2","FMN",4.9,0.401071666988558
"ILR2","FMN",5,0.405671675366815
"ILR2","FMN",5.1,0.410774331381341
"ILR2","FMN",5.2,0.416047363932573
"ILR2","FMN",5.3,0.421158501920947
"ILR2","FMN",5.4,0.425787617876143
"ILR2","FMN",5.5,0.42981855935026
"ILR2","FMN",5.6,0.433304425727955
"ILR2","FMN",5.7,0.436303439487472
"ILR2","FMN",5.8,0.438873823107055
"ILR2","FMN",5.9,0.441073878506995
"ILR2","FMN",6,0.443002264167656
"ILR2","FMN",6.1,0.44486353481857
"ILR2","FMN",6.2,0.446879404671504
"ILR2","FMN",6.3,0.449271587938226
"ILR2","FMN",6.4,0.452261798830503
"ILR2","FMN",6.5,0.456034019971862
"ILR2","FMN",6.6,0.460401558862957
"ILR2","FMN",6.7,0.464967331668415
"ILR2","FMN",6.8,0.469331839731214
"ILR2","FMN",6.9,0.473095584394334
"ILR2","FMN",7,0.475861718227509
"ILR2","FMN",7.1,0.47746438193165
"ILR2","FMN",7.2,0.478144679514809
"ILR2","FMN",7.3,0.478185140403112
"ILR2","FMN",7.4,0.477868294022687
"ILR2","FMN",7.5,0.47747666979966
"ILR2","FMN",7.6,0.477275721967279
"ILR2","FMN",7.7,0.477425528684225
"ILR2","FMN",7.8,0.478046009785191
"ILR2","FMN",7.9,0.479257006053047
"ILR2","FMN",8,0.481178358270667
"ILR2","FMN",8.1,0.483923554386531
"ILR2","FMN",8.2,0.48739620352409
"ILR2","FMN",8.3,0.491246977882005
"ILR2","FMN",8.4,0.495111491088532
"ILR2","FMN",8.5,0.498625356771927
"ILR2","FMN",8.6,0.501424188560445
"ILR2","FMN",8.7,0.503246441235791
"ILR2","FMN",8.8,0.504241934193457
"ILR2","FMN",8.9,0.504663327982382
"ILR2","FMN",9,0.504763283151506
"ILR2","FMN",9.1,0.504794460249769
"ILR2","FMN",9.2,0.505004415440904
"ILR2","FMN",9.3,0.505554967168386
"ILR2","FMN",9.4,0.506536791506881
"ILR2","FMN",9.5,0.508038411118543
"ILR2","FMN",9.6,0.510148348665529
"ILR2","FMN",9.7,0.512954936102438
"ILR2","FMN",9.8,0.516449625944611
"ILR2","FMN",9.9,0.520369657533131
"ILR2","FMN",10,0.524411077376638
"ILR2","FMN",10.1,0.528269931983771
"ILR2","FMN",10.2,0.531642267863173
"ILR2","FMN",10.3,0.534254485985873
"ILR2","FMN",10.4,0.536131189561408
"ILR2","FMN",10.5,0.537466238281596
"ILR2","FMN",10.6,0.538455434523849
"ILR2","FMN",10.7,0.539294580665575
"ILR2","FMN",10.8,0.540178663207385
"ILR2","FMN",10.9,0.541231585383631
"ILR2","FMN",11,0.542452013339762
"ILR2","FMN",11.1,0.543825865146218
"ILR2","FMN",11.2,0.545339058873438
"ILR2","FMN",11.3,0.54697751259186
"ILR2","FMN",11.4,0.548718386158856
"ILR2","FMN",11.5,0.550484789903923
"ILR2","FMN",11.6,0.552179236136933
"ILR2","FMN",11.7,0.553704196620476
"ILR2","FMN",11.8,0.554962143117142
"ILR2","FMN",11.9,0.555856790584096
"ILR2","FMN",12,0.55633292544374
"ILR2","FMN",12.1,0.556384831680282
"ILR2","FMN",12.2,0.556009740109514
"ILR2","FMN",12.3,0.555204881547228
"ILR2","FMN",12.4,0.553967486809218
"ILR2","FMN",12.5,0.552329811446609
"ILR2","FMN",12.6,0.550464209951858
"ILR2","FMN",12.7,0.548578061552752
"ILR2","FMN",12.8,0.546878745477079
"ILR2","FMN",12.9,0.545573640952628
"ILR2","FMN",13,0.544858413842191
"ILR2","FMN",13.1,0.544731982080923
"ILR2","FMN",13.2,0.545030008579365
"ILR2","FMN",13.3,0.545583214672203
"ILR2","FMN",13.4,0.546222321694123
"ILR2","FMN",13.5,0.54677820037908
"ILR2","FMN",13.6,0.547157616289482
"ILR2","FMN",13.7,0.547466484212799
"ILR2","FMN",13.8,0.547842989178521
"ILR2","FMN",13.9,0.548425316216138
"ILR2","FMN",14,0.549351650355138
"ILR2","FMN",14.1,0.550738420037549
"ILR2","FMN",14.2,0.552488316990138
"ILR2","FMN",14.3,0.554382718207974
"ILR2","FMN",14.4,0.556201608264525
"ILR2","FMN",14.5,0.557724971733261
"ILR2","FMN",14.6,0.558734308838758
"ILR2","FMN",14.7,0.559143170908481
"ILR2","FMN",14.8,0.559097761715146
"ILR2","FMN",14.9,0.558767967080052
"ILR2","FMN",15,0.558323672824499
"ILR2","FMN",15.1,0.557934764769785
"ILR2","FMN",15.2,0.557749978598141
"ILR2","FMN",15.3,0.557787526216923
"ILR2","FMN",15.4,0.558015877539754
"ILR2","FMN",15.5,0.55840340456295
"ILR2","FMN",15.6,0.558918479282825
"ILR2","FMN",15.7,0.559529364812858
"ILR2","FMN",15.8,0.560200727100266
"ILR2","FMN",15.9,0.560892896942339
"ILR2","FMN",16,0.56156594704372
"ILR2","FMN",16.1,0.562179950109055
"ILR2","FMN",16.2,0.562694978842987
"ILR2","FMN",16.3,0.563088267656272
"ILR2","FMN",16.4,0.56340569778411
"ILR2","FMN",16.5,0.563710312167813
"ILR2","FMN",16.6,0.564065153748693
"ILR2","FMN",16.7,0.564533265468063
"ILR2","FMN",16.8,0.565172203080277
"ILR2","FMN",16.9,0.565947354746262
"ILR2","FMN",17,0.566747630958725
"ILR2","FMN",17.1,0.567459627303374
"ILR2","FMN",17.2,0.567969939365918
"ILR2","FMN",17.3,0.568165282889133
"ILR2","FMN",17.4,0.567993413406132
"ILR2","FMN",17.5,0.567562255821128
"ILR2","FMN",17.6,0.567005688964932
"ILR2","FMN",17.7,0.566457591668357
"ILR2","FMN",17.8,0.566051842762215
"ILR2","FMN",17.9,0.565910075112383
"ILR2","FMN",18,0.566033617225215
"ILR2","FMN",18.1,0.566355514106588
"ILR2","FMN",18.2,0.56680802702062
"ILR2","FMN",18.3,0.567323417231434
"ILR2","FMN",18.4,0.567834105603217
"ILR2","FMN",18.5,0.568286418156193
"ILR2","FMN",18.6,0.568651179521215
"ILR2","FMN",18.7,0.56890170808022
"ILR2","FMN",18.8,0.569011322215144
"ILR2","FMN",18.9,0.568953340307922
"ILR2","FMN",19,0.568714995129289
"ILR2","FMN",19.1,0.56836938926604
"ILR2","FMN",19.2,0.568022349886032
"ILR2","FMN",19.3,0.56777976857559
"ILR2","FMN",19.4,0.56774753692104
"ILR2","FMN",19.5,0.568027875429156
"ILR2","FMN",19.6,0.568601723015672
"ILR2","FMN",19.7,0.569303855243888
"ILR2","FMN",19.8,0.569960345858914
"ILR2","FMN",19.9,0.570397268605858
"ILR2","FMN",20,0.57044069722983
"ILR2","GLC",4.8,0.636905260904449
"ILR2","GLC",4.9,0.640202699058673
"ILR2","GLC",5,0.634356117568174
"ILR2","GLC",5.1,0.622384817006941
"ILR2","GLC",5.2,0.607308097948962
"ILR2","GLC",5.3,0.592145260968228
"ILR2","GLC",5.4,0.579788701651212
"ILR2","GLC",5.5,0.57099920837223
"ILR2","GLC",5.6,0.564768831242112
"ILR2","GLC",5.7,0.560036082330083
"ILR2","GLC",5.8,0.555739473705365
"ILR2","GLC",5.9,0.550818466390285
"ILR2","GLC",6,0.544694589583904
"ILR2","GLC",6.1,0.538054326972651
"ILR2","GLC",6.2,0.53178913611338
"ILR2","GLC",6.3,0.526790474562945
"ILR2","GLC",6.4,0.523949799878196
"ILR2","GLC",6.5,0.524034885458621
"ILR2","GLC",6.6,0.526598431541747
"ILR2","GLC",6.7,0.53050347550363
"ILR2","GLC",6.8,0.534605138934254
"ILR2","GLC",6.9,0.537758543423601
"ILR2","GLC",7,0.538827229738456
"ILR2","GLC",7.1,0.53740825942418
"ILR2","GLC",7.2,0.53439103766472
"ILR2","GLC",7.3,0.530796519281505
"ILR2","GLC",7.4,0.527645659095959
"ILR2","GLC",7.5,0.525959411929511
"ILR2","GLC",7.6,0.526580918017727
"ILR2","GLC",7.7,0.529255971101036
"ILR2","GLC",7.8,0.533312171356824
"ILR2","GLC",7.9,0.538076295746805
"ILR2","GLC",8,0.542875121232693
"ILR2","GLC",8.1,0.547045128998053
"ILR2","GLC",8.2,0.550243398963256
"ILR2","GLC",8.3,0.552513382844709
"ILR2","GLC",8.4,0.553921534958769
"ILR2","GLC",8.5,0.554534309621792
"ILR2","GLC",8.6,0.554418161150134
"ILR2","GLC",8.7,0.553639902601285
"ILR2","GLC",8.8,0.552267781997273
"ILR2","GLC",8.9,0.550370406101255
"ILR2","GLC",9,0.548016381676391
"ILR2","GLC",9.1,0.545274315485841
"ILR2","GLC",9.2,0.542218773160235
"ILR2","GLC",9.3,0.539024410682285
"ILR2","GLC",9.4,0.535948935750098
"ILR2","GLC",9.5,0.533252569958997
"ILR2","GLC",9.6,0.531195534904304
"ILR2","GLC",9.7,0.530037776346339
"ILR2","GLC",9.8,0.529899115863835
"ILR2","GLC",9.9,0.530531686976359
"ILR2","GLC",10,0.531628042842802
"ILR2","GLC",10.1,0.532880736622056
"ILR2","GLC",10.2,0.533982321473012
"ILR2","GLC",10.3,0.534658792529177
"ILR2","GLC",10.4,0.534964678882675
"ILR2","GLC",10.5,0.535140982076084
"ILR2","GLC",10.6,0.535430843938357
"ILR2","GLC",10.7,0.536077406298446
"ILR2","GLC",10.8,0.537321752244577
"ILR2","GLC",10.9,0.539225597079151
"ILR2","GLC",11,0.541534639402998
"ILR2","GLC",11.1,0.543962409993093
"ILR2","GLC",11.2,0.546222439626409
"ILR2","GLC",11.3,0.54802825907992
"ILR2","GLC",11.4,0.549151103445636
"ILR2","GLC",11.5,0.549718318241222
"ILR2","GLC",11.6,0.549992960984518
"ILR2","GLC",11.7,0.550238356342971
"ILR2","GLC",11.8,0.550717828984029
"ILR2","GLC",11.9,0.551688700206736
"ILR2","GLC",12,0.553209957805859
"ILR2","GLC",12.1,0.555101566574936
"ILR2","GLC",12.2,0.557169261100921
"ILR2","GLC",12.3,0.559218775970765
"ILR2","GLC",12.4,0.561055845771421
"ILR2","GLC",12.5,0.562529118604953
"ILR2","GLC",12.6,0.563658896633865
"ILR2","GLC",12.7,0.56450839553577
"ILR2","GLC",12.8,0.565140830988284
"ILR2","GLC",12.9,0.565619418669019
"ILR2","GLC",13,0.566007961332581
"ILR2","GLC",13.1,0.566380122792436
"ILR2","GLC",13.2,0.566817749247629
"ILR2","GLC",13.3,0.567402934570314
"ILR2","GLC",13.4,0.568217772632642
"ILR2","GLC",13.5,0.569344234121335
"ILR2","GLC",13.6,0.570801711524389
"ILR2","GLC",13.7,0.572445391150856
"ILR2","GLC",13.8,0.574103851256786
"ILR2","GLC",13.9,0.575605670098226
"ILR2","GLC",14,0.57677942593123
"ILR2","GLC",14.1,0.577474193272711
"ILR2","GLC",14.2,0.577740401906337
"ILR2","GLC",14.3,0.577742768766365
"ILR2","GLC",14.4,0.577647322547746
"ILR2","GLC",14.5,0.577620091945434
"ILR2","GLC",14.6,0.577826151802164
"ILR2","GLC",14.7,0.578347472586422
"ILR2","GLC",14.8,0.579119608451647
"ILR2","GLC",14.9,0.580063209610415
"ILR2","GLC",15,0.581098926275306
"ILR2","GLC",15.1,0.582147408658896
"ILR2","GLC",15.2,0.583137152614472
"ILR2","GLC",15.3,0.584045071768781
"ILR2","GLC",15.4,0.584866531533199
"ILR2","GLC",15.5,0.585596933641517
"ILR2","GLC",15.6,0.586231679827522
"ILR2","GLC",15.7,0.586766513440646
"ILR2","GLC",15.8,0.587208463798922
"ILR2","GLC",15.9,0.58757816158389
"ILR2","GLC",16,0.587897047232684
"ILR2","GLC",16.1,0.588186561182439
"ILR2","GLC",16.2,0.588468143870289
"ILR2","GLC",16.3,0.588753620733461
"ILR2","GLC",16.4,0.589016357209556
"ILR2","GLC",16.5,0.589220103736268
"ILR2","GLC",16.6,0.589328610751289
"ILR2","GLC",16.7,0.589305628692314
"ILR2","GLC",16.8,0.589117960028693
"ILR2","GLC",16.9,0.588783671824028
"ILR2","GLC",17,0.588363368833151
"ILR2","GLC",17.1,0.587918943386749
"ILR2","GLC",17.2,0.587512287815508
"ILR2","GLC",17.3,0.587205246463668
"ILR2","GLC",17.4,0.587035286559485
"ILR2","GLC",17.5,0.58697590939499
"ILR2","GLC",17.6,0.586990251189277
"ILR2","GLC",17.7,0.587041448161441
"ILR2","GLC",17.8,0.587092636530574
"ILR2","GLC",17.9,0.587109391179382
"ILR2","GLC",18,0.587081244421873
"ILR2","GLC",18.1,0.587011326560345
"ILR2","GLC",18.2,0.586902923971566
"ILR2","GLC",18.3,0.586759323032306
"ILR2","GLC",18.4,0.586583834900798
"ILR2","GLC",18.5,0.586381929820315
"ILR2","GLC",18.6,0.586162881988838
"ILR2","GLC",18.7,0.585936352814723
"ILR2","GLC",18.8,0.58571200370632
"ILR2","GLC",18.9,0.585499496071985
"ILR2","GLC",19,0.585308382450403
"ILR2","GLC",19.1,0.585147543513271
"ILR2","GLC",19.2,0.585025603886956
"ILR2","GLC",19.3,0.584951187693795
"ILR2","GLC",19.4,0.584932919056127
"ILR2","GLC",19.5,0.584979358289332
"ILR2","GLC",19.6,0.585096957715895
"ILR2","GLC",19.7,0.585289629196016
"ILR2","GLC",19.8,0.585561133343767
"ILR2","GLC",19.9,0.585915230773219
"ILR2","GLC",20,0.586355682098445
"ILR2","HEM",4.8,0.576204623676631
"ILR2","HEM",4.9,0.573529881598133
"ILR2","HEM",5,0.57135567739777
"ILR2","HEM",5.1,0.569308065526688
"ILR2","HEM",5.2,0.567013100436032
"ILR2","HEM",5.3,0.564096836576948
"ILR2","HEM",5.4,0.560208994761602
"ILR2","HEM",5.5,0.555396816709937
"ILR2","HEM",5.6,0.550037394048628
"ILR2","HEM",5.7,0.544517802650402
"ILR2","HEM",5.8,0.539225118387991
"ILR2","HEM",5.9,0.53454616359621
"ILR2","HEM",6,0.530738963348953
"ILR2","HEM",6.1,0.527723576679153
"ILR2","HEM",6.2,0.525365298430064
"ILR2","HEM",6.3,0.523529423444937
"ILR2","HEM",6.4,0.522081246567024
"ILR2","HEM",6.5,0.520898705643238
"ILR2","HEM",6.6,0.51998394338847
"ILR2","HEM",6.7,0.519409599906028
"ILR2","HEM",6.8,0.519249124451457
"ILR2","HEM",6.9,0.519575966280298
"ILR2","HEM",7,0.52046294224902
"ILR2","HEM",7.1,0.521927771444614
"ILR2","HEM",7.2,0.523891099695933
"ILR2","HEM",7.3,0.526263691596274
"ILR2","HEM",7.4,0.528956311738935
"ILR2","HEM",7.5,0.531879724717211
"ILR2","HEM",7.6,0.534922303550843
"ILR2","HEM",7.7,0.537834236224613
"ILR2","HEM",7.8,0.540313049059568
"ILR2","HEM",7.9,0.542056164712063
"ILR2","HEM",8,0.542761005838453
"ILR2","HEM",8.1,0.542135271576252
"ILR2","HEM",8.2,0.540226165551619
"ILR2","HEM",8.3,0.537490047584986
"ILR2","HEM",8.4,0.534407636563237
"ILR2","HEM",8.5,0.531459651373256
"ILR2","HEM",8.6,0.529126810901926
"ILR2","HEM",8.7,0.527769473470995
"ILR2","HEM",8.8,0.527266555141665
"ILR2","HEM",8.9,0.527376611410007
"ILR2","HEM",9,0.527858197772086
"ILR2","HEM",9.1,0.528469869723972
"ILR2","HEM",9.2,0.528980934711093
"ILR2","HEM",9.3,0.529341299328295
"ILR2","HEM",9.4,0.529650725464641
"ILR2","HEM",9.5,0.530013510987828
"ILR2","HEM",9.6,0.530533953765555
"ILR2","HEM",9.7,0.531316271318272
"ILR2","HEM",9.8,0.532423864764575
"ILR2","HEM",9.9,0.533813032341817
"ILR2","HEM",10,0.53542271728184
"ILR2","HEM",10.1,0.537191862816484
"ILR2","HEM",10.2,0.539059412177589
"ILR2","HEM",10.3,0.540965807050406
"ILR2","HEM",10.4,0.542866209926483
"ILR2","HEM",10.5,0.544724138673582
"ILR2","HEM",10.6,0.546503207060482
"ILR2","HEM",10.7,0.548167028855962
"ILR2","HEM",10.8,0.549679543486007
"ILR2","HEM",10.9,0.551033063260466
"ILR2","HEM",11,0.552269888869951
"ILR2","HEM",11.1,0.553437409398877
"ILR2","HEM",11.2,0.554583013931662
"ILR2","HEM",11.3,0.555754091552723
"ILR2","HEM",11.4,0.556986043092882
"ILR2","HEM",11.5,0.558240286317939
"ILR2","HEM",11.6,0.559450044397275
"ILR2","HEM",11.7,0.560548484999097
"ILR2","HEM",11.8,0.561468775791613
"ILR2","HEM",11.9,0.562145826524404
"ILR2","HEM",12,0.562572100153938
"ILR2","HEM",12.1,0.562809420284004
"ILR2","HEM",12.2,0.562923739896458
"ILR2","HEM",12.3,0.562981011973162
"ILR2","HEM",12.4,0.563047189495971
"ILR2","HEM",12.5,0.563173990579758
"ILR2","HEM",12.6,0.563356193871441
"ILR2","HEM",12.7,0.563574343150948
"ILR2","HEM",12.8,0.563808982198209
"ILR2","HEM",12.9,0.564040654793155
"ILR2","HEM",13,0.564251477802747
"ILR2","HEM",13.1,0.564449991040217
"ILR2","HEM",13.2,0.564666659219321
"ILR2","HEM",13.3,0.564932610699912
"ILR2","HEM",13.4,0.56527897384184
"ILR2","HEM",13.5,0.565736819971326
"ILR2","HEM",13.6,0.566308247329654
"ILR2","HEM",13.7,0.566919328326976
"ILR2","HEM",13.8,0.567483816108983
"ILR2","HEM",13.9,0.567915463821367
"ILR2","HEM",14,0.568128024609819
"ILR2","HEM",14.1,0.568045851090586
"ILR2","HEM",14.2,0.56769742507866
"ILR2","HEM",14.3,0.567170331036853
"ILR2","HEM",14.4,0.566552831794095
"ILR2","HEM",14.5,0.565933190179314
"ILR2","HEM",14.6,0.565399259406226
"ILR2","HEM",14.7,0.565003204963229
"ILR2","HEM",14.8,0.564734316403724
"ILR2","HEM",14.9,0.56457548304343
"ILR2","HEM",15,0.564509594198066
"ILR2","HEM",15.1,0.56451953918335
"ILR2","HEM",15.2,0.564589344831135
"ILR2","HEM",15.3,0.564710057922387
"ILR2","HEM",15.4,0.564875400507497
"ILR2","HEM",15.5,0.565079099903137
"ILR2","HEM",15.6,0.565314883425978
"ILR2","HEM",15.7,0.565576331876391
"ILR2","HEM",15.8,0.56585218559032
"ILR2","HEM",15.9,0.566125351384361
"ILR2","HEM",16,0.566378388777214
"ILR2","HEM",16.1,0.566593857287578
"ILR2","HEM",16.2,0.566754316434153
"ILR2","HEM",16.3,0.566844655934374
"ILR2","HEM",16.4,0.566859086300627
"ILR2","HEM",16.5,0.566794148244029
"ILR2","HEM",16.6,0.566646382475701
"ILR2","HEM",16.7,0.566412329706763
"ILR2","HEM",16.8,0.566089677045263
"ILR2","HEM",16.9,0.565695367485156
"ILR2","HEM",17,0.565262321927588
"ILR2","HEM",17.1,0.564823944909908
"ILR2","HEM",17.2,0.564413640969464
"ILR2","HEM",17.3,0.56406478630895
"ILR2","HEM",17.4,0.563796363125497
"ILR2","HEM",17.5,0.563589583518961
"ILR2","HEM",17.6,0.563419539303367
"ILR2","HEM",17.7,0.563261322292745
"ILR2","HEM",17.8,0.563090024301119
"ILR2","HEM",17.9,0.562882943758355
"ILR2","HEM",18,0.562639056888295
"ILR2","HEM",18.1,0.562369644004688
"ILR2","HEM",18.2,0.562086126644696
"ILR2","HEM",18.3,0.561799926345483
"ILR2","HEM",18.4,0.561522438333506
"ILR2","HEM",18.5,0.56126276551513
"ILR2","HEM",18.6,0.561025972103644
"ILR2","HEM",18.7,0.560816711207586
"ILR2","HEM",18.8,0.560639635935492
"ILR2","HEM",18.9,0.560499399395901
"ILR2","HEM",19,0.560400497463031
"ILR2","HEM",19.1,0.560346455671535
"ILR2","HEM",19.2,0.560340429764244
"ILR2","HEM",19.3,0.560385574756049
"ILR2","HEM",19.4,0.560485045661847
"ILR2","HEM",19.5,0.560641353906798
"ILR2","HEM",19.6,0.560835748618284
"ILR2","HEM",19.7,0.561023854517725
"ILR2","HEM",19.8,0.561159770780517
"ILR2","HEM",19.9,0.56119759658205
"ILR2","HEM",20,0.561091431097718
"ILR2","NAD",4.8,0.487152122637718
"ILR2","NAD",4.9,0.496275479869322
"ILR2","NAD",5,0.504350166579344
"ILR2","NAD",5.1,0.511395958559438
"ILR2","NAD",5.2,0.517432631601262
"ILR2","NAD",5.3,0.522479961496472
"ILR2","NAD",5.4,0.526559638347622
"ILR2","NAD",5.5,0.529725506698143
"ILR2","NAD",5.6,0.532058091799613
"ILR2","NAD",5.7,0.533638726503523
"ILR2","NAD",5.8,0.534548743661362
"ILR2","NAD",5.9,0.534869466981839
"ILR2","NAD",6,0.534677575641233
"ILR2","NAD",6.1,0.534037561489581
"ILR2","NAD",6.2,0.53301194153636
"ILR2","NAD",6.3,0.531663232791046
"ILR2","NAD",6.4,0.530053952263115
"ILR2","NAD",6.5,0.528255509660838
"ILR2","NAD",6.6,0.526426676565444
"ILR2","NAD",6.7,0.524775810246642
"ILR2","NAD",6.8,0.523511837106861
"ILR2","NAD",6.9,0.522843683548532
"ILR2","NAD",7,0.522978656846109
"ILR2","NAD",7.1,0.523982997749015
"ILR2","NAD",7.2,0.525674410862145
"ILR2","NAD",7.3,0.527845301915748
"ILR2","NAD",7.4,0.530288076640071
"ILR2","NAD",7.5,0.532795140765363
"ILR2","NAD",7.6,0.535182172736816
"ILR2","NAD",7.7,0.537408473819159
"ILR2","NAD",7.8,0.539488079254862
"ILR2","NAD",7.9,0.541435132030441
"ILR2","NAD",8,0.543263775132417
"ILR2","NAD",8.1,0.544986332429671
"ILR2","NAD",8.2,0.546555029534394
"ILR2","NAD",8.3,0.547849664227002
"ILR2","NAD",8.4,0.548745722305365
"ILR2","NAD",8.5,0.549118689567354
"ILR2","NAD",8.6,0.54884405181084
"ILR2","NAD",8.7,0.547876682197855
"ILR2","NAD",8.8,0.546489003347068
"ILR2","NAD",8.9,0.545032825241308
"ILR2","NAD",9,0.543859957863406
"ILR2","NAD",9.1,0.54332221119619
"ILR2","NAD",9.2,0.543748139081768
"ILR2","NAD",9.3,0.545075664873541
"ILR2","NAD",9.4,0.546918579463584
"ILR2","NAD",9.5,0.548880862559604
"ILR2","NAD",9.6,0.550566493869309
"ILR2","NAD",9.7,0.551579796191745
"ILR2","NAD",9.8,0.55169938272503
"ILR2","NAD",9.9,0.551161207419189
"ILR2","NAD",10,0.550275331952988
"ILR2","NAD",10.1,0.549351818005192
"ILR2","NAD",10.2,0.548700727254565
"ILR2","NAD",10.3,0.548605418807882
"ILR2","NAD",10.4,0.549086925704675
"ILR2","NAD",10.5,0.550017387443053
"ILR2","NAD",10.6,0.551267234556516
"ILR2","NAD",10.7,0.552706897578567
"ILR2","NAD",10.8,0.554207213784095
"ILR2","NAD",10.9,0.555674457791427
"ILR2","NAD",11,0.557077339021956
"ILR2","NAD",11.1,0.558390922231267
"ILR2","NAD",11.2,0.559590272174944
"ILR2","NAD",11.3,0.560650453608572
"ILR2","NAD",11.4,0.561553344587102
"ILR2","NAD",11.5,0.562322870054649
"ILR2","NAD",11.6,0.562998978826062
"ILR2","NAD",11.7,0.563621651259247
"ILR2","NAD",11.8,0.564230867712105
"ILR2","NAD",11.9,0.564865573180963
"ILR2","NAD",12,0.56553050738338
"ILR2","NAD",12.1,0.566189187307458
"ILR2","NAD",12.2,0.566802675750894
"ILR2","NAD",12.3,0.567332035511385
"ILR2","NAD",12.4,0.567738329386628
"ILR2","NAD",12.5,0.567998596462715
"ILR2","NAD",12.6,0.568153780979312
"ILR2","NAD",12.7,0.568260803464482
"ILR2","NAD",12.8,0.568376584446286
"ILR2","NAD",12.9,0.568558044452785
"ILR2","NAD",13,0.568859730623514
"ILR2","NAD",13.1,0.569296324587583
"ILR2","NAD",13.2,0.569849428871504
"ILR2","NAD",13.3,0.570499644728501
"ILR2","NAD",13.4,0.5712275734118
"ILR2","NAD",13.5,0.572013800290996
"ILR2","NAD",13.6,0.572830841851644
"ILR2","NAD",13.7,0.573630041700511
"ILR2","NAD",13.8,0.574359312580285
"ILR2","NAD",13.9,0.574966567233651
"ILR2","NAD",14,0.575399718403297
"ILR2","NAD",14.1,0.575612961719172
"ILR2","NAD",14.2,0.575622215895677
"ILR2","NAD",14.3,0.575478433026583
"ILR2","NAD",14.4,0.575232967310446
"ILR2","NAD",14.5,0.574937172945822
"ILR2","NAD",14.6,0.574642358419415
"ILR2","NAD",14.7,0.574395849572911
"ILR2","NAD",14.8,0.574237955478863
"ILR2","NAD",14.9,0.574208270962154
"ILR2","NAD",15,0.574346390847666
"ILR2","NAD",15.1,0.57469190996028
"ILR2","NAD",15.2,0.575272064612605
"ILR2","NAD",15.3,0.576037823076222
"ILR2","NAD",15.4,0.576911088232736
"ILR2","NAD",15.5,0.577813705748415
"ILR2","NAD",15.6,0.578667521289528
"ILR2","NAD",15.7,0.579395688030647
"ILR2","NAD",15.8,0.579964555346546
"ILR2","NAD",15.9,0.580392530812918
"ILR2","NAD",16,0.580701121284392
"ILR2","NAD",16.1,0.580911833615598
"ILR2","NAD",16.2,0.581046174661168
"ILR2","NAD",16.3,0.581122629488251
"ILR2","NAD",16.4,0.58114759601408
"ILR2","NAD",16.5,0.581124450368407
"ILR2","NAD",16.6,0.581056568680986
"ILR2","NAD",16.7,0.580947327081567
"ILR2","NAD",16.8,0.580800017990198
"ILR2","NAD",16.9,0.580616527765442
"ILR2","NAD",17,0.580397576061827
"ILR2","NAD",17.1,0.580143847218846
"ILR2","NAD",17.2,0.579856025575995
"ILR2","NAD",17.3,0.579534810067982
"ILR2","NAD",17.4,0.579188313999581
"ILR2","NAD",17.5,0.578844106099365
"ILR2","NAD",17.6,0.578532907662705
"ILR2","NAD",17.7,0.578285439984973
"ILR2","NAD",17.8,0.578132424361542
"ILR2","NAD",17.9,0.578100755264561
"ILR2","NAD",18,0.578179732454838
"ILR2","NAD",18.1,0.578337317326894
"ILR2","NAD",18.2,0.578541226358562
"ILR2","NAD",18.3,0.578759176027677
"ILR2","NAD",18.4,0.578958991836668
"ILR2","NAD",18.5,0.579117998055803
"ILR2","NAD",18.6,0.579230254230678
"ILR2","NAD",18.7,0.57929152341619
"ILR2","NAD",18.8,0.579297568667235
"ILR2","NAD",18.9,0.579244153038707
"ILR2","NAD",19,0.579129305676041
"ILR2","NAD",19.1,0.578965040440828
"ILR2","NAD",19.2,0.578768700703887
"ILR2","NAD",19.3,0.5785576403272
"ILR2","NAD",19.4,0.578349213172749
"ILR2","NAD",19.5,0.578160444729999
"ILR2","NAD",19.6,0.577997512033419
"ILR2","NAD",19.7,0.577853518026538
"ILR2","NAD",19.8,0.577720787288401
"ILR2","NAD",19.9,0.577591644398055
"ILR2","NAD",20,0.577458413934544
"ILR2","PO4",4.8,0.231216586172361
"ILR2","PO4",4.9,0.245528177390348
"ILR2","PO4",5,0.256461854552883
"ILR2","PO4",5.1,0.265117775868123
"ILR2","PO4",5.2,0.272596099544225
"ILR2","PO4",5.3,0.279996983789345
"ILR2","PO4",5.4,0.28837372004736
"ILR2","PO4",5.5,0.297992384580873
"ILR2","PO4",5.6,0.308465848125324
"ILR2","PO4",5.7,0.319387209499977
"ILR2","PO4",5.8,0.330349567524092
"ILR2","PO4",5.9,0.340946255312097
"ILR2","PO4",6,0.350889627922829
"ILR2","PO4",6.1,0.360204355871609
"ILR2","PO4",6.2,0.368965717429648
"ILR2","PO4",6.3,0.377248990868159
"ILR2","PO4",6.4,0.385129454458352
"ILR2","PO4",6.5,0.392672028085191
"ILR2","PO4",6.6,0.39983987084712
"ILR2","PO4",6.7,0.406538383480857
"ILR2","PO4",6.8,0.412672303786399
"ILR2","PO4",6.9,0.418146369563746
"ILR2","PO4",7,0.42286655126635
"ILR2","PO4",7.1,0.426846214280217
"ILR2","PO4",7.2,0.430287936297186
"ILR2","PO4",7.3,0.433413555219383
"ILR2","PO4",7.4,0.436444908948932
"ILR2","PO4",7.5,0.439603835387959
"ILR2","PO4",7.6,0.443084052368733
"ILR2","PO4",7.7,0.446905740440571
"ILR2","PO4",7.8,0.451022945914425
"ILR2","PO4",7.9,0.45538958491574
"ILR2","PO4",8,0.459959573569958
"ILR2","PO4",8.1,0.464684334873257
"ILR2","PO4",8.2,0.46943292621786
"ILR2","PO4",8.3,0.473975141515892
"ILR2","PO4",8.4,0.478074865039733
"ILR2","PO4",8.5,0.481495981061762
"ILR2","PO4",8.6,0.484002373854357
"ILR2","PO4",8.7,0.485448284551554
"ILR2","PO4",8.8,0.486049381734005
"ILR2","PO4",8.9,0.486111690844021
"ILR2","PO4",9,0.485941237323909
"ILR2","PO4",9.1,0.48584404661598
"ILR2","PO4",9.2,0.486112673557059
"ILR2","PO4",9.3,0.486813408907497
"ILR2","PO4",9.4,0.487824796863721
"ILR2","PO4",9.5,0.489019698710472
"ILR2","PO4",9.6,0.490270975732489
"ILR2","PO4",9.7,0.491451595119084
"ILR2","PO4",9.8,0.492488323581026
"ILR2","PO4",9.9,0.493449098620632
"ILR2","PO4",10,0.494424733127298
"ILR2","PO4",10.1,0.495506039990417
"ILR2","PO4",10.2,0.496783832099385
"ILR2","PO4",10.3,0.498338487449159
"ILR2","PO4",10.4,0.500147871631755
"ILR2","PO4",10.5,0.502131665267809
"ILR2","PO4",10.6,0.504208881144716
"ILR2","PO4",10.7,0.506298532049865
"ILR2","PO4",10.8,0.508320148559642
"ILR2","PO4",10.9,0.510238373616064
"ILR2","PO4",11,0.512097330770909
"ILR2","PO4",11.1,0.513949234028906
"ILR2","PO4",11.2,0.515846297394781
"ILR2","PO4",11.3,0.517840734873261
"ILR2","PO4",11.4,0.519971456714794
"ILR2","PO4",11.5,0.522195271760317
"ILR2","PO4",11.6,0.524437700391626
"ILR2","PO4",11.7,0.526624201399064
"ILR2","PO4",11.8,0.528680233572975
"ILR2","PO4",11.9,0.530532913805478
"ILR2","PO4",12,0.532164137758552
"ILR2","PO4",12.1,0.533621818109415
"ILR2","PO4",12.2,0.534957797850615
"ILR2","PO4",12.3,0.536223919974697
"ILR2","PO4",12.4,0.537472027474207
"ILR2","PO4",12.5,0.538737398919458
"ILR2","PO4",12.6,0.539989055191831
"ILR2","PO4",12.7,0.541179452750472
"ILR2","PO4",12.8,0.542261048054529
"ILR2","PO4",12.9,0.543186297563148
"ILR2","PO4",13,0.543910983338688
"ILR2","PO4",13.1,0.544446747184964
"ILR2","PO4",13.2,0.544851581500556
"ILR2","PO4",13.3,0.545184881672903
"ILR2","PO4",13.4,0.545506043089442
"ILR2","PO4",13.5,0.545874430252464
"ILR2","PO4",13.6,0.546333718009185
"ILR2","PO4",13.7,0.546886411304835
"ILR2","PO4",13.8,0.547528343892722
"ILR2","PO4",13.9,0.548255349526155
"ILR2","PO4",14,0.54906326195844
"ILR2","PO4",14.1,0.549945633643162
"ILR2","PO4",14.2,0.550873605545376
"ILR2","PO4",14.3,0.551805598102866
"ILR2","PO4",14.4,0.552699885750227
"ILR2","PO4",14.5,0.553514742922056
"ILR2","PO4",14.6,0.554208817831955
"ILR2","PO4",14.7,0.554773324189326
"ILR2","PO4",14.8,0.555256850780818
"ILR2","PO4",14.9,0.555713826690031
"ILR2","PO4",15,0.556198681000566
"ILR2","PO4",15.1,0.556765842796023
"ILR2","PO4",15.2,0.557460111702596
"ILR2","PO4",15.3,0.558266861111664
"ILR2","PO4",15.4,0.559148817357374
"ILR2","PO4",15.5,0.560068662193052
"ILR2","PO4",15.6,0.560989077372021
"ILR2","PO4",15.7,0.561873286341802
"ILR2","PO4",15.8,0.562702408520957
"ILR2","PO4",15.9,0.563479130781944
"ILR2","PO4",16,0.564207424013082
"ILR2","PO4",16.1,0.56489125910269
"ILR2","PO4",16.2,0.565534606939088
"ILR2","PO4",16.3,0.566137087140493
"ILR2","PO4",16.4,0.566680914244723
"ILR2","PO4",16.5,0.567143951519495
"ILR2","PO4",16.6,0.567504062232527
"ILR2","PO4",16.7,0.567739109651536
"ILR2","PO4",16.8,0.567829299393969
"ILR2","PO4",16.9,0.567794181232871
"ILR2","PO4",17,0.567685951440634
"ILR2","PO4",17.1,0.567557794468443
"ILR2","PO4",17.2,0.567462894767478
"ILR2","PO4",17.3,0.567454389012629
"ILR2","PO4",17.4,0.567561143520186
"ILR2","PO4",17.5,0.567748338803282
"ILR2","PO4",17.6,0.567970835695015
"ILR2","PO4",17.7,0.568183495028483
"ILR2","PO4",17.8,0.568341177636788
"ILR2","PO4",17.9,0.568404639396314
"ILR2","PO4",18,0.568392549088685
"ILR2","PO4",18.1,0.568356446256894
"ILR2","PO4",18.2,0.5683482477267
"ILR2","PO4",18.3,0.568419870323862
"ILR2","PO4",18.4,0.568622791669862
"ILR2","PO4",18.5,0.568970223713374
"ILR2","PO4",18.6,0.569407960546242
"ILR2","PO4",18.7,0.569874933693452
"ILR2","PO4",18.8,0.570310074679992
"ILR2","PO4",18.9,0.570652315030846
"ILR2","PO4",19,0.570850217261772
"ILR2","PO4",19.1,0.570911779586187
"ILR2","PO4",19.2,0.570867650880988
"ILR2","PO4",19.3,0.570748524610991
"ILR2","PO4",19.4,0.570585094241008
"ILR2","PO4",19.5,0.570407862778412
"ILR2","PO4",19.6,0.5702410410808
"ILR2","PO4",19.7,0.570101256977752
"ILR2","PO4",19.8,0.570004686844153
"ILR2","PO4",19.9,0.569967507054889
"ILR2","PO4",20,0.570005893984845
"c12","AMP",4.8,-1.40630911603359
"c12","AMP",4.9,-1.4560598425174
"c12","AMP",5,-1.5048342539601
"c12","AMP",5.1,-1.5509189224829
"c12","AMP",5.2,-1.592600420207
"c12","AMP",5.3,-1.62816531925361
"c12","AMP",5.4,-1.65601518593669
"c12","AMP",5.5,-1.67648312965174
"c12","AMP",5.6,-1.69150499135583
"c12","AMP",5.7,-1.70306512518115
"c12","AMP",5.8,-1.71314788525985
"c12","AMP",5.9,-1.72373573479703
"c12","AMP",6,-1.73585054604153
"c12","AMP",6.1,-1.74799358544566
"c12","AMP",6.2,-1.75825767921264
"c12","AMP",6.3,-1.76473565354565
"c12","AMP",6.4,-1.7655203346479
"c12","AMP",6.5,-1.75897721144884
"c12","AMP",6.6,-1.74615041150048
"c12","AMP",6.7,-1.72960442971635
"c12","AMP",6.8,-1.71192121142446
"c12","AMP",6.9,-1.69568270195283
"c12","AMP",7,-1.68345538888462
"c12","AMP",7.1,-1.67645900378482
"c12","AMP",7.2,-1.67354051438716
"c12","AMP",7.3,-1.67330536116242
"c12","AMP",7.4,-1.67435898458141
"c12","AMP",7.5,-1.67530682511491
"c12","AMP",7.6,-1.67491564299651
"c12","AMP",7.7,-1.67294775051442
"c12","AMP",7.8,-1.66954486013972
"c12","AMP",7.9,-1.66484943119425
"c12","AMP",8,-1.65900392299986
"c12","AMP",8.1,-1.65214803314452
"c12","AMP",8.2,-1.6443302197129
"c12","AMP",8.3,-1.63548898286806
"c12","AMP",8.4,-1.62555627644099
"c12","AMP",8.5,-1.61446405426266
"c12","AMP",8.6,-1.60214427016406
"c12","AMP",8.7,-1.58873765883932
"c12","AMP",8.8,-1.5752200784352
"c12","AMP",8.9,-1.56277616796163
"c12","AMP",9,-1.5525905664285
"c12","AMP",9.1,-1.54584791284575
"c12","AMP",9.2,-1.54366498725426
"c12","AMP",9.3,-1.54601875107451
"c12","AMP",9.4,-1.55194038134614
"c12","AMP",9.5,-1.56043242710624
"c12","AMP",9.6,-1.57049743739189
"c12","AMP",9.7,-1.58113828470121
"c12","AMP",9.8,-1.59152215973425
"c12","AMP",9.9,-1.60124742674065
"c12","AMP",10,-1.60998231755196
"c12","AMP",10.1,-1.61739506399976
"c12","AMP",10.2,-1.62315389791561
"c12","AMP",10.3,-1.62692688671156
"c12","AMP",10.4,-1.62838048254233
"c12","AMP",10.5,-1.62718022075943
"c12","AMP",10.6,-1.62299162619152
"c12","AMP",10.7,-1.61548022366726
"c12","AMP",10.8,-1.60431353516974
"c12","AMP",10.9,-1.58933308476153
"c12","AMP",11,-1.57068695970988
"c12","AMP",11.1,-1.54855445281995
"c12","AMP",11.2,-1.52311485689688
"c12","AMP",11.3,-1.49454746474585
"c12","AMP",11.4,-1.46314184005777
"c12","AMP",11.5,-1.42986806083252
"c12","AMP",11.6,-1.39595554585684
"c12","AMP",11.7,-1.36263422443087
"c12","AMP",11.8,-1.33113402585471
"c12","AMP",11.9,-1.30266572920909
"c12","AMP",12,-1.27780744706704
"c12","AMP",12.1,-1.25637482956242
"c12","AMP",12.2,-1.23813813371641
"c12","AMP",12.3,-1.22286761655021
"c12","AMP",12.4,-1.210333535085
"c12","AMP",12.5,-1.2002906386935
"c12","AMP",12.6,-1.19243164615452
"c12","AMP",12.7,-1.18643376859841
"c12","AMP",12.8,-1.18197421715551
"c12","AMP",12.9,-1.17873020295615
"c12","AMP",13,-1.17635640961829
"c12","AMP",13.1,-1.17412912895028
"c12","AMP",13.2,-1.17101067555659
"c12","AMP",13.3,-1.16595386024741
"c12","AMP",13.4,-1.15791149383294
"c12","AMP",13.5,-1.145837737618
"c12","AMP",13.6,-1.12937280419034
"c12","AMP",13.7,-1.109957115508
"c12","AMP",13.8,-1.08932280037371
"c12","AMP",13.9,-1.06920198759023
"c12","AMP",14,-1.05132680596029
"c12","AMP",14.1,-1.03725604651106
"c12","AMP",14.2,-1.0268456299627
"c12","AMP",14.3,-1.01898494559886
"c12","AMP",14.4,-1.01255228908555
"c12","AMP",14.5,-1.00642595608878
"c12","AMP",14.6,-0.999486824851703
"c12","AMP",14.7,-0.990840780649564
"c12","AMP",14.8,-0.979990134346465
"c12","AMP",14.9,-0.966477549574102
"c12","AMP",15,-0.949845689964173
"c12","AMP",15.1,-0.929637219148371
"c12","AMP",15.2,-0.905558378338333
"c12","AMP",15.3,-0.87832489445892
"c12","AMP",15.4,-0.849037204669294
"c12","AMP",15.5,-0.818796503432229
"c12","AMP",15.6,-0.788703985210496
"c12","AMP",15.7,-0.75984653041703
"c12","AMP",15.8,-0.732838125670089
"c12","AMP",15.9,-0.707722846344357
"c12","AMP",16,-0.684510838214896
"c12","AMP",16.1,-0.663212247056767
"c12","AMP",16.2,-0.643837218645035
"c12","AMP",16.3,-0.626313287881443
"c12","AMP",16.4,-0.610237546174464
"c12","AMP",16.5,-0.595124474059249
"c12","AMP",16.6,-0.580488552070952
"c12","AMP",16.7,-0.565844260744725
"c12","AMP",16.8,-0.550724234612788
"c12","AMP",16.9,-0.534966038626858
"c12","AMP",17,-0.518660259072784
"c12","AMP",17.1,-0.501905140953925
"c12","AMP",17.2,-0.484798929273643
"c12","AMP",17.3,-0.467440156162688
"c12","AMP",17.4,-0.450073214466029
"c12","AMP",17.5,-0.433325237839759
"c12","AMP",17.6,-0.417885379456253
"c12","AMP",17.7,-0.404442792487888
"c12","AMP",17.8,-0.393686630107037
"c12","AMP",17.9,-0.386189348295432
"c12","AMP",18,-0.381376969833907
"c12","AMP",18.1,-0.378024813968264
"c12","AMP",18.2,-0.374900731324101
"c12","AMP",18.3,-0.370772572527016
"c12","AMP",18.4,-0.364416032351328
"c12","AMP",18.5,-0.355290227028421
"c12","AMP",18.6,-0.34405834961792
"c12","AMP",18.7,-0.331506158003168
"c12","AMP",18.8,-0.318419410067508
"c12","AMP",18.9,-0.305583863694285
"c12","AMP",19,-0.293609079473254
"c12","AMP",19.1,-0.282017252288827
"c12","AMP",19.2,-0.269916187094197
"c12","AMP",19.3,-0.256412873114346
"c12","AMP",19.4,-0.240614299574258
"c12","AMP",19.5,-0.221697417458087
"c12","AMP",19.6,-0.201150506978975
"c12","AMP",19.7,-0.183247362835673
"c12","AMP",19.8,-0.172427615007931
"c12","AMP",19.9,-0.173130893475502
"c12","AMP",20,-0.189796828218138
"c12","ATP",4.8,-1.52107880560831
"c12","ATP",4.9,-1.53937341940748
"c12","ATP",5,-1.56222557667915
"c12","ATP",5.1,-1.58682521635164
"c12","ATP",5.2,-1.61036227735331
"c12","ATP",5.3,-1.63002669861251
"c12","ATP",5.4,-1.64313072817443
"c12","ATP",5.5,-1.64904102503177
"c12","ATP",5.6,-1.64882893149362
"c12","ATP",5.7,-1.64361738902775
"c12","ATP",5.8,-1.63452933910192
"c12","ATP",5.9,-1.62268832504041
"c12","ATP",6,-1.60952363326717
"c12","ATP",6.1,-1.59726682491455
"c12","ATP",6.2,-1.58827946211795
"c12","ATP",6.3,-1.58492310701275
"c12","ATP",6.4,-1.58955932173434
"c12","ATP",6.5,-1.60420152949119
"c12","ATP",6.6,-1.62744303667386
"c12","ATP",6.7,-1.65593592701648
"c12","ATP",6.8,-1.68631000336186
"c12","ATP",6.9,-1.71519506855282
"c12","ATP",7,-1.73923581415161
"c12","ATP",7.1,-1.75637411140358
"c12","ATP",7.2,-1.76683724999137
"c12","ATP",7.3,-1.77108515583923
"c12","ATP",7.4,-1.76957775487139
"c12","ATP",7.5,-1.76277497301208
"c12","ATP",7.6,-1.75130235220794
"c12","ATP",7.7,-1.73680749995131
"c12","ATP",7.8,-1.7213275280835
"c12","ATP",7.9,-1.70690031518668
"c12","ATP",8,-1.69556373984302
"c12","ATP",8.1,-1.68931012682604
"c12","ATP",8.2,-1.68862683804558
"c12","ATP",8.3,-1.69218751895582
"c12","ATP",8.4,-1.69855783561267
"c12","ATP",8.5,-1.70630345407202
"c12","ATP",8.6,-1.71399004038975
"c12","ATP",8.7,-1.72048147270025
"c12","ATP",8.8,-1.7258344774517
"c12","ATP",8.9,-1.73040399317079
"c12","ATP",9,-1.73454495838419
"c12","ATP",9.1,-1.73861231161856
"c12","ATP",9.2,-1.74293104215444
"c12","ATP",9.3,-1.74732308552858
"c12","ATP",9.4,-1.75119295965966
"c12","ATP",9.5,-1.75393254762813
"c12","ATP",9.6,-1.75493373251445
"c12","ATP",9.7,-1.75358929613784
"c12","ATP",9.8,-1.74974857961328
"c12","ATP",9.9,-1.74445894283774
"c12","ATP",10,-1.73896187328275
"c12","ATP",10.1,-1.73449885841985
"c12","ATP",10.2,-1.73231138572058
"c12","ATP",10.3,-1.7334599975866
"c12","ATP",10.4,-1.73722763205312
"c12","ATP",10.5,-1.74188827744574
"c12","ATP",10.6,-1.74570434160561
"c12","ATP",10.7,-1.74693823237383
"c12","ATP",10.8,-1.74386203762805
"c12","ATP",10.9,-1.73559121842611
"c12","ATP",11,-1.7227271214289
"c12","ATP",11.1,-1.70602234386765
"c12","ATP",11.2,-1.68622948297359
"c12","ATP",11.3,-1.66410113597795
"c12","ATP",11.4,-1.64048927251816
"c12","ATP",11.5,-1.6168591187941
"c12","ATP",11.6,-1.59490961018322
"c12","ATP",11.7,-1.57634014212041
"c12","ATP",11.8,-1.56285011004056
"c12","ATP",11.9,-1.55608336288146
"c12","ATP",12,-1.55584865789875
"c12","ATP",12.1,-1.55974317885224
"c12","ATP",12.2,-1.56523244373081
"c12","ATP",12.3,-1.56978197052335
"c12","ATP",12.4,-1.57085727721875
"c12","ATP",12.5,-1.56661474435176
"c12","ATP",12.6,-1.55797420264061
"c12","ATP",12.7,-1.54654634534939
"c12","ATP",12.8,-1.5339418657422
"c12","ATP",12.9,-1.52177145708312
"c12","ATP",13,-1.51158729517043
"c12","ATP",13.1,-1.5039586452436
"c12","ATP",13.2,-1.49863918536216
"c12","ATP",13.3,-1.49535790652974
"c12","ATP",13.4,-1.49384379974998
"c12","ATP",13.5,-1.49382520543882
"c12","ATP",13.6,-1.49469996546445
"c12","ATP",13.7,-1.49499868830108
"c12","ATP",13.8,-1.49311145548136
"c12","ATP",13.9,-1.48742834853791
"c12","ATP",14,-1.4763394490034
"c12","ATP",14.1,-1.45848492400059
"c12","ATP",14.2,-1.43496178148981
"c12","ATP",14.3,-1.40826150668201
"c12","ATP",14.4,-1.3808915902659
"c12","ATP",14.5,-1.35535952293019
"c12","ATP",14.6,-1.33415445740812
"c12","ATP",14.7,-1.31816785206318
"c12","ATP",14.8,-1.30547628909512
"c12","ATP",14.9,-1.2938698201496
"c12","ATP",15,-1.28113849687226
"c12","ATP",15.1,-1.26507237090877
"c12","ATP",15.2,-1.24387313884005
"c12","ATP",15.3,-1.21828288011148
"c12","ATP",15.4,-1.1900118020718
"c12","ATP",15.5,-1.16077201783332
"c12","ATP",15.6,-1.13227564050836
"c12","ATP",15.7,-1.10619235911512
"c12","ATP",15.8,-1.08279029630285
"c12","ATP",15.9,-1.0606484672695
"c12","ATP",16,-1.0382453263973
"c12","ATP",16.1,-1.01405932806849
"c12","ATP",16.2,-0.986568926665298
"c12","ATP",16.3,-0.954971254527779
"c12","ATP",16.4,-0.921338155827309
"c12","ATP",16.5,-0.888460152693091
"c12","ATP",16.6,-0.859127767254323
"c12","ATP",16.7,-0.83613152164021
"c12","ATP",16.8,-0.822087648110977
"c12","ATP",16.9,-0.81668485378398
"c12","ATP",17,-0.817182680727778
"c12","ATP",17.1,-0.820767142472462
"c12","ATP",17.2,-0.824624252548122
"c12","ATP",17.3,-0.825942375536832
"c12","ATP",17.4,-0.823104210428383
"c12","ATP",17.5,-0.817626408506829
"c12","ATP",17.6,-0.811533448284701
"c12","ATP",17.7,-0.806849808274531
"c12","ATP",17.8,-0.805599966988851
"c12","ATP",17.9,-0.809540271595135
"c12","ATP",18,-0.817792946926988
"c12","ATP",18.1,-0.827985117437966
"c12","ATP",18.2,-0.837726747175538
"c12","ATP",18.3,-0.844627800187177
"c12","ATP",18.4,-0.846314679810659
"c12","ATP",18.5,-0.841846062551717
"c12","ATP",18.6,-0.832804055978133
"c12","ATP",18.7,-0.82102763156873
"c12","ATP",18.8,-0.808355760802328
"c12","ATP",18.9,-0.796627415157747
"c12","ATP",19,-0.787424503322755
"c12","ATP",19.1,-0.78074252333474
"c12","ATP",19.2,-0.775972399629901
"c12","ATP",19.3,-0.772503866538925
"c12","ATP",19.4,-0.769726658392495
"c12","ATP",19.5,-0.767042236942368
"c12","ATP",19.6,-0.764239503184566
"c12","ATP",19.7,-0.761574283213301
"c12","ATP",19.8,-0.759330201454212
"c12","ATP",19.9,-0.757790882332941
"c12","ATP",20,-0.757239950275128
"c12","FAD",4.8,-2.38438571079679
"c12","FAD",4.9,-2.39544654518814
"c12","FAD",5,-2.39547440766046
"c12","FAD",5.1,-2.3888929492774
"c12","FAD",5.2,-2.38012582110262
"c12","FAD",5.3,-2.37359667419979
"c12","FAD",5.4,-2.37346925465428
"c12","FAD",5.5,-2.37954171711914
"c12","FAD",5.6,-2.38798979061241
"c12","FAD",5.7,-2.39487955673941
"c12","FAD",5.8,-2.39627709710548
"c12","FAD",5.9,-2.38825280955637
"c12","FAD",6,-2.36906974207801
"c12","FAD",6.1,-2.34274449115402
"c12","FAD",6.2,-2.31422596120164
"c12","FAD",6.3,-2.2884630566381
"c12","FAD",6.4,-2.27040468188064
"c12","FAD",6.5,-2.264508809126
"c12","FAD",6.6,-2.2704104924366
"c12","FAD",6.7,-2.28500734781335
"c12","FAD",6.8,-2.30516557159499
"c12","FAD",6.9,-2.32775136012031
"c12","FAD",7,-2.34964862077468
"c12","FAD",7.1,-2.36928433587983
"c12","FAD",7.2,-2.38780413341288
"c12","FAD",7.3,-2.40663037645431
"c12","FAD",7.4,-2.42718542808461
"c12","FAD",7.5,-2.45089165138427
"c12","FAD",7.6,-2.4788443657627
"c12","FAD",7.7,-2.51012060723343
"c12","FAD",7.8,-2.54302825354654
"c12","FAD",7.9,-2.57587366836105
"c12","FAD",8,-2.606963215336
"c12","FAD",8.1,-2.63464408688528
"c12","FAD",8.2,-2.65861233650983
"c12","FAD",8.3,-2.68018960702513
"c12","FAD",8.4,-2.70079432051747
"c12","FAD",8.5,-2.72184489907314
"c12","FAD",8.6,-2.74475976477844
"c12","FAD",8.7,-2.77051356957924
"c12","FAD",8.8,-2.79830588485976
"c12","FAD",8.9,-2.82689251186377
"c12","FAD",9,-2.85502925183508
"c12","FAD",9.1,-2.88147190601748
"c12","FAD",9.2,-2.90503548916299
"c12","FAD",9.3,-2.92552961791986
"c12","FAD",9.4,-2.94358919720745
"c12","FAD",9.5,-2.9598741126439
"c12","FAD",9.6,-2.97504424984733
"c12","FAD",9.7,-2.98975824607971
"c12","FAD",9.8,-3.00404057366154
"c12","FAD",9.9,-3.0162516461201
"c12","FAD",10,-3.02448223204694
"c12","FAD",10.1,-3.02682310003361
"c12","FAD",10.2,-3.02136501867167
"c12","FAD",10.3,-3.00661452298621
"c12","FAD",10.4,-2.98516263744556
"c12","FAD",10.5,-2.96191870015155
"c12","FAD",10.6,-2.94181865825774
"c12","FAD",10.7,-2.92979845891769
"c12","FAD",10.8,-2.93075944277502
"c12","FAD",10.9,-2.94658785829263
"c12","FAD",11,-2.97385785465377
"c12","FAD",11.1,-3.00860285432353
"c12","FAD",11.2,-3.04685627976697
"c12","FAD",11.3,-3.08465155344915
"c12","FAD",11.4,-3.11849309665138
"c12","FAD",11.5,-3.14779200390509
"c12","FAD",11.6,-3.17306708917991
"c12","FAD",11.7,-3.19483934699551
"c12","FAD",11.8,-3.21362977187159
"c12","FAD",11.9,-3.22996504442017
"c12","FAD",12,-3.24455969689659
"c12","FAD",12.1,-3.2583546522698
"c12","FAD",12.2,-3.27230431165354
"c12","FAD",12.3,-3.2873630761616
"c12","FAD",12.4,-3.30448534690771
"c12","FAD",12.5,-3.32435801091801
"c12","FAD",12.6,-3.34659789886801
"c12","FAD",12.7,-3.37055432734562
"c12","FAD",12.8,-3.39557661293872
"c12","FAD",12.9,-3.42101407223519
"c12","FAD",13,-3.44619368909718
"c12","FAD",13.1,-3.47006732738382
"c12","FAD",13.2,-3.49127558858899
"c12","FAD",13.3,-3.50844965258789
"c12","FAD",13.4,-3.52022069925574
"c12","FAD",13.5,-3.52522192323281
"c12","FAD",13.6,-3.52311001983119
"c12","FAD",13.7,-3.51622736624376
"c12","FAD",13.8,-3.50735152892543
"c12","FAD",13.9,-3.49926007433109
"c12","FAD",14,-3.49473056891566
"c12","FAD",14.1,-3.49619731041446
"c12","FAD",14.2,-3.50272232466168
"c12","FAD",14.3,-3.51145357111117
"c12","FAD",14.4,-3.51951704001872
"c12","FAD",14.5,-3.52403872164011
"c12","FAD",14.6,-3.52216382659306
"c12","FAD",14.7,-3.51271213952924
"c12","FAD",14.8,-3.49745377065791
"c12","FAD",14.9,-3.47845914834366
"c12","FAD",15,-3.45779870095105
"c12","FAD",15.1,-3.43754285684465
"c12","FAD",15.2,-3.419383817841
"c12","FAD",15.3,-3.4026796376615
"c12","FAD",15.4,-3.38589883722012
"c12","FAD",15.5,-3.367508186382
"c12","FAD",15.6,-3.34597445501227
"c12","FAD",15.7,-3.31980468835127
"c12","FAD",15.8,-3.28883651070129
"c12","FAD",15.9,-3.25451110296956
"c12","FAD",16,-3.21836511361936
"c12","FAD",16.1,-3.18193519111395
"c12","FAD",16.2,-3.14675798391657
"c12","FAD",16.3,-3.11414789564538
"c12","FAD",16.4,-3.08453035053809
"c12","FAD",16.5,-3.0581085279873
"c12","FAD",16.6,-3.03508560738562
"c12","FAD",16.7,-3.01566476812563
"c12","FAD",16.8,-3.0000032449391
"c12","FAD",16.9,-2.98748654583263
"c12","FAD",17,-2.9768598251023
"c12","FAD",17.1,-2.96684885414039
"c12","FAD",17.2,-2.95617940433918
"c12","FAD",17.3,-2.94357813043851
"c12","FAD",17.4,-2.92822042774128
"c12","FAD",17.5,-2.91045919385465
"c12","FAD",17.6,-2.89083812945983
"c12","FAD",17.7,-2.86990093523804
"c12","FAD",17.8,-2.84819131187047
"c12","FAD",17.9,-2.82618409154617
"c12","FAD",18,-2.80367754238699
"c12","FAD",18.1,-2.7800859218024
"c12","FAD",18.2,-2.75481907961838
"c12","FAD",18.3,-2.72728686566088
"c12","FAD",18.4,-2.69690495154169
"c12","FAD",18.5,-2.66359623196103
"c12","FAD",18.6,-2.62817724574053
"c12","FAD",18.7,-2.59155549710506
"c12","FAD",18.8,-2.55463849027949
"c12","FAD",18.9,-2.51833372948868
"c12","FAD",19,-2.48344517475098
"c12","FAD",19.1,-2.45013778410648
"c12","FAD",19.2,-2.41833299496144
"c12","FAD",19.3,-2.38795176535076
"c12","FAD",19.4,-2.35891505330935
"c12","FAD",19.5,-2.33114129123301
"c12","FAD",19.6,-2.30446547188393
"c12","FAD",19.7,-2.27862203016995
"c12","FAD",19.8,-2.25333941429872
"c12","FAD",19.9,-2.22834607247793
"c12","FAD",20,-2.20337045291525
"c12","FMN",4.8,-1.89397580235952
"c12","FMN",4.9,-1.92809848313854
"c12","FMN",5,-1.94204502674064
"c12","FMN",5.1,-1.9423603476705
"c12","FMN",5.2,-1.93558936043281
"c12","FMN",5.3,-1.92827697953226
"c12","FMN",5.4,-1.92663096748984
"c12","FMN",5.5,-1.93119598710036
"c12","FMN",5.6,-1.93781764538584
"c12","FMN",5.7,-1.94219931337517
"c12","FMN",5.8,-1.94004436209725
"c12","FMN",5.9,-1.92706041582984
"c12","FMN",6,-1.9011157492722
"c12","FMN",6.1,-1.86574821785555
"c12","FMN",6.2,-1.82541437876518
"c12","FMN",6.3,-1.78457078918635
"c12","FMN",6.4,-1.74767400630432
"c12","FMN",6.5,-1.71882205503866
"c12","FMN",6.6,-1.69859073933063
"c12","FMN",6.7,-1.68555668720794
"c12","FMN",6.8,-1.67827358063327
"c12","FMN",6.9,-1.67529510156932
"c12","FMN",7,-1.67517775831693
"c12","FMN",7.1,-1.67672430388923
"c12","FMN",7.2,-1.67917133420702
"c12","FMN",7.3,-1.68179960672487
"c12","FMN",7.4,-1.68388987889735
"c12","FMN",7.5,-1.68472290817902
"c12","FMN",7.6,-1.68386811711106
"c12","FMN",7.7,-1.6826763660144
"c12","FMN",7.8,-1.68317741272848
"c12","FMN",7.9,-1.68740235150515
"c12","FMN",8,-1.69738227659627
"c12","FMN",8.1,-1.71508256075907
"c12","FMN",8.2,-1.74029733329852
"c12","FMN",8.3,-1.77020403438146
"c12","FMN",8.4,-1.80182431989117
"c12","FMN",8.5,-1.83217984571094
"c12","FMN",8.6,-1.85829226772404
"c12","FMN",8.7,-1.87791125283907
"c12","FMN",8.8,-1.89169851206583
"c12","FMN",8.9,-1.90104376743947
"c12","FMN",9,-1.9073367409951
"c12","FMN",9.1,-1.91196715476785
"c12","FMN",9.2,-1.91628981247733
"c12","FMN",9.3,-1.92107299926195
"c12","FMN",9.4,-1.9265983262374
"c12","FMN",9.5,-1.93313267335503
"c12","FMN",9.6,-1.94094292056617
"c12","FMN",9.7,-1.95029491646821
"c12","FMN",9.8,-1.96093058185349
"c12","FMN",9.9,-1.97121704270303
"c12","FMN",10,-1.97929865254532
"c12","FMN",10.1,-1.98331976490885
"c12","FMN",10.2,-1.9814247333221
"c12","FMN",10.3,-1.97199940797307
"c12","FMN",10.4,-1.95580210223294
"c12","FMN",10.5,-1.93493771484636
"c12","FMN",10.6,-1.91152660034422
"c12","FMN",10.7,-1.88768911325737
"c12","FMN",10.8,-1.86553782666233
"c12","FMN",10.9,-1.84650735442263
"c12","FMN",11,-1.83083785715436
"c12","FMN",11.1,-1.81864791024889
"c12","FMN",11.2,-1.81005608909758
"c12","FMN",11.3,-1.80518096909182
"c12","FMN",11.4,-1.80393881735095
"c12","FMN",11.5,-1.80499739670454
"c12","FMN",11.6,-1.80654867089797
"c12","FMN",11.7,-1.80678366706425
"c12","FMN",11.8,-1.80389341233637
"c12","FMN",11.9,-1.79612495492077
"c12","FMN",12,-1.78357611330131
"c12","FMN",12.1,-1.7685751746258
"c12","FMN",12.2,-1.7535832167346
"c12","FMN",12.3,-1.74106131746807
"c12","FMN",12.4,-1.73347055466658
"c12","FMN",12.5,-1.73249083840012
"c12","FMN",12.6,-1.73667740765722
"c12","FMN",12.7,-1.74380433365605
"c12","FMN",12.8,-1.75164568761479
"c12","FMN",12.9,-1.75797554075158
"c12","FMN",13,-1.76065528722353
"c12","FMN",13.1,-1.7590130736774
"c12","FMN",13.2,-1.75359411022115
"c12","FMN",13.3,-1.7449804463276
"c12","FMN",13.4,-1.73375413146957
"c12","FMN",13.5,-1.72049671724339
"c12","FMN",13.6,-1.70553683398422
"c12","FMN",13.7,-1.68853944265495
"c12","FMN",13.8,-1.6690619628948
"c12","FMN",13.9,-1.64666181434303
"c12","FMN",14,-1.62089641663886
"c12","FMN",14.1,-1.59147138042363
"c12","FMN",14.2,-1.55954814474327
"c12","FMN",14.3,-1.52711446167137
"c12","FMN",14.4,-1.49616756750568
"c12","FMN",14.5,-1.46870469854392
"c12","FMN",14.6,-1.44671046112033
"c12","FMN",14.7,-1.43106907599797
"c12","FMN",14.8,-1.42072606454052
"c12","FMN",14.9,-1.41442960493176
"c12","FMN",15,-1.41092787535546
"c12","FMN",15.1,-1.4089690539954
"c12","FMN",15.2,-1.4074901787861
"c12","FMN",15.3,-1.40659379714246
"c12","FMN",15.4,-1.40682662663392
"c12","FMN",15.5,-1.40873625918063
"c12","FMN",15.6,-1.41287028670272
"c12","FMN",15.7,-1.41973379454899
"c12","FMN",15.8,-1.42842757689654
"c12","FMN",15.9,-1.43636003665608
"c12","FMN",16,-1.4408388204211
"c12","FMN",16.1,-1.43917157478504
"c12","FMN",16.2,-1.4286659463414
"c12","FMN",16.3,-1.40747530756912
"c12","FMN",16.4,-1.37713593448907
"c12","FMN",16.5,-1.34002982900761
"c12","FMN",16.6,-1.29853899303112
"c12","FMN",16.7,-1.25504542846593
"c12","FMN",16.8,-1.21182390855312
"c12","FMN",16.9,-1.16934810004638
"c12","FMN",17,-1.12659717017689
"c12","FMN",17.1,-1.08250504908261
"c12","FMN",17.2,-1.03600566690154
"c12","FMN",17.3,-0.986033905444595
"c12","FMN",17.4,-0.93200809636847
"c12","FMN",17.5,-0.874615151338585
"c12","FMN",17.6,-0.814747543372102
"c12","FMN",17.7,-0.753297745486195
"c12","FMN",17.8,-0.691158230698026
"c12","FMN",17.9,-0.629177848020782
"c12","FMN",18,-0.567776884252516
"c12","FMN",18.1,-0.507132378745063
"c12","FMN",18.2,-0.447418578914007
"c12","FMN",18.3,-0.38880973217493
"c12","FMN",18.4,-0.331486699824633
"c12","FMN",18.5,-0.27620657756107
"c12","FMN",18.6,-0.224741691849199
"c12","FMN",18.7,-0.178967711048025
"c12","FMN",18.8,-0.140760303516547
"c12","FMN",18.9,-0.111995137613765
"c12","FMN",19,-0.0939001959795295
"c12","FMN",19.1,-0.0837064007739112
"c12","FMN",19.2,-0.077121413298976
"c12","FMN",19.3,-0.0698498963117922
"c12","FMN",19.4,-0.0575965125694286
"c12","FMN",19.5,-0.0361868307781557
"c12","FMN",19.6,-0.00544079396598708
"c12","FMN",19.7,0.0300078068616204
"c12","FMN",19.8,0.0652385888196274
"c12","FMN",19.9,0.0953311690229903
"c12","FMN",20,0.115365164586667
"c12","GLC",4.8,-1.15130757475589
"c12","GLC",4.9,-1.12502642930924
"c12","GLC",5,-1.10472849980837
"c12","GLC",5.1,-1.09002212535563
"c12","GLC",5.2,-1.0805156450534
"c12","GLC",5.3,-1.07581739800403
"c12","GLC",5.4,-1.07546908342662
"c12","GLC",5.5,-1.0778930587511
"c12","GLC",5.6,-1.08058288803439
"c12","GLC",5.7,-1.08100402163269
"c12","GLC",5.8,-1.0766219099022
"c12","GLC",5.9,-1.06490484016701
"c12","GLC",6,-1.04476227944811
"c12","GLC",6.1,-1.01888537298695
"c12","GLC",6.2,-0.990578051092926
"c12","GLC",6.3,-0.963144244075441
"c12","GLC",6.4,-0.939887882243902
"c12","GLC",6.5,-0.923780284115441
"c12","GLC",6.6,-0.914525189959911
"c12","GLC",6.7,-0.909971696693452
"c12","GLC",6.8,-0.907947614077502
"c12","GLC",6.9,-0.906280751873498
"c12","GLC",7,-0.902819172857928
"c12","GLC",7.1,-0.897175483743521
"c12","GLC",7.2,-0.892071129053203
"c12","GLC",7.3,-0.890544006670058
"c12","GLC",7.4,-0.89563201447717
"c12","GLC",7.5,-0.910373050357623
"c12","GLC",7.6,-0.936895355731727
"c12","GLC",7.7,-0.971713412460171
"c12","GLC",7.8,-1.00920232516712
"c12","GLC",7.9,-1.04373298710423
"c12","GLC",8,-1.06967629152315
"c12","GLC",8.1,-1.08153696620351
"c12","GLC",8.2,-1.07824123518257
"c12","GLC",8.3,-1.06404391944488
"c12","GLC",8.4,-1.04351707737459
"c12","GLC",8.5,-1.0212327673559
"c12","GLC",8.6,-1.00176304777299
"c12","GLC",8.7,-0.988717672644168
"c12","GLC",8.8,-0.98185717852429
"c12","GLC",8.9,-0.979979797602346
"c12","GLC",9,-0.981883762067327
"c12","GLC",9.1,-0.986367304108223
"c12","GLC",9.2,-0.99222242534189
"c12","GLC",9.3,-0.99813647324389
"c12","GLC",9.4,-1.00270995669068
"c12","GLC",9.5,-1.00454075603611
"c12","GLC",9.6,-1.00222675163402
"c12","GLC",9.7,-0.994367932659934
"c12","GLC",9.8,-0.980635569711066
"c12","GLC",9.9,-0.963511992705633
"c12","GLC",10,-0.945935037048233
"c12","GLC",10.1,-0.930842538143464
"c12","GLC",10.2,-0.921172331395922
"c12","GLC",10.3,-0.91945461658795
"c12","GLC",10.4,-0.924214981148852
"c12","GLC",10.5,-0.931706036278236
"c12","GLC",10.6,-0.938154304495886
"c12","GLC",10.7,-0.939786308321585
"c12","GLC",10.8,-0.932858516876921
"c12","GLC",10.9,-0.916236496965705
"c12","GLC",11,-0.893382618768747
"c12","GLC",11.1,-0.868227168120052
"c12","GLC",11.2,-0.844700430853626
"c12","GLC",11.3,-0.826732692803475
"c12","GLC",11.4,-0.817555695948034
"c12","GLC",11.5,-0.816090261157062
"c12","GLC",11.6,-0.819614337639993
"c12","GLC",11.7,-0.825402640606932
"c12","GLC",11.8,-0.830729885267983
"c12","GLC",11.9,-0.832926995210676
"c12","GLC",12,-0.831181852269351
"c12","GLC",12.1,-0.826920264416596
"c12","GLC",12.2,-0.82170127429742
"c12","GLC",12.3,-0.817083924556828
"c12","GLC",12.4,-0.814627257839829
"c12","GLC",12.5,-0.815327616266325
"c12","GLC",12.6,-0.817930539855808
"c12","GLC",12.7,-0.82061886810267
"c12","GLC",12.8,-0.821575440501299
"c12","GLC",12.9,-0.818983096546084
"c12","GLC",13,-0.811172246549587
"c12","GLC",13.1,-0.798952029410851
"c12","GLC",13.2,-0.785188352307188
"c12","GLC",13.3,-0.772809378854828
"c12","GLC",13.4,-0.764743272669999
"c12","GLC",13.5,-0.763915439113578
"c12","GLC",13.6,-0.77185008982763
"c12","GLC",13.7,-0.786394682070007
"c12","GLC",13.8,-0.804800889942536
"c12","GLC",13.9,-0.824320387547038
"c12","GLC",14,-0.842204848985338
"c12","GLC",14.1,-0.855955663907416
"c12","GLC",14.2,-0.865527427508331
"c12","GLC",14.3,-0.872267148879663
"c12","GLC",14.4,-0.877537818908073
"c12","GLC",14.5,-0.882702428480219
"c12","GLC",14.6,-0.889114534177958
"c12","GLC",14.7,-0.89730572877712
"c12","GLC",14.8,-0.906359439266164
"c12","GLC",14.9,-0.915211681620987
"c12","GLC",15,-0.922798471817488
"c12","GLC",15.1,-0.928055825831566
"c12","GLC",15.2,-0.930106303194406
"c12","GLC",15.3,-0.929223678989035
"c12","GLC",15.4,-0.926120451104433
"c12","GLC",15.5,-0.92150998105715
"c12","GLC",15.6,-0.916105630363733
"c12","GLC",15.7,-0.910611289721329
"c12","GLC",15.8,-0.905417962015522
"c12","GLC",15.9,-0.900539571211025
"c12","GLC",16,-0.895967591922842
"c12","GLC",16.1,-0.891693498765977
"c12","GLC",16.2,-0.887708766355434
"c12","GLC",16.3,-0.883989107360661
"c12","GLC",16.4,-0.880447186668873
"c12","GLC",16.5,-0.876979907221732
"c12","GLC",16.6,-0.873484171960896
"c12","GLC",16.7,-0.869856883828026
"c12","GLC",16.8,-0.866015972849942
"c12","GLC",16.9,-0.862232558374518
"c12","GLC",17,-0.859070824749047
"c12","GLC",17.1,-0.857103827122378
"c12","GLC",17.2,-0.856904620643357
"c12","GLC",17.3,-0.859045334084431
"c12","GLC",17.4,-0.863627497006162
"c12","GLC",17.5,-0.869517779226118
"c12","GLC",17.6,-0.875382753259176
"c12","GLC",17.7,-0.879888991620214
"c12","GLC",17.8,-0.88170306682411
"c12","GLC",17.9,-0.8797318597016
"c12","GLC",18,-0.875243039978399
"c12","GLC",18.1,-0.870844236549445
"c12","GLC",18.2,-0.86915845804189
"c12","GLC",18.3,-0.872808713082887
"c12","GLC",18.4,-0.884391895366729
"c12","GLC",18.5,-0.904229635062587
"c12","GLC",18.6,-0.928634920146151
"c12","GLC",18.7,-0.953512692767229
"c12","GLC",18.8,-0.974767895075627
"c12","GLC",18.9,-0.988305469221153
"c12","GLC",19,-0.990959262839122
"c12","GLC",19.1,-0.985295674547185
"c12","GLC",19.2,-0.97606575104928
"c12","GLC",19.3,-0.968024839537704
"c12","GLC",19.4,-0.965928287204755
"c12","GLC",19.5,-0.97442196798078
"c12","GLC",19.6,-0.994535083586462
"c12","GLC",19.7,-1.0229381780907
"c12","GLC",19.8,-1.05604230338592
"c12","GLC",19.9,-1.09025851136454
"c12","GLC",20,-1.12199785391899
"c12","HEM",4.8,-2.80529530282911
"c12","HEM",4.9,-2.8457556784788
"c12","HEM",5,-2.87829638325427
"c12","HEM",5.1,-2.90436842724102
"c12","HEM",5.2,-2.92542282052452
"c12","HEM",5.3,-2.94291057319027
"c12","HEM",5.4,-2.95822667646613
"c12","HEM",5.5,-2.97182517983083
"c12","HEM",5.6,-2.98337936993492
"c12","HEM",5.7,-2.99253890047342
"c12","HEM",5.8,-2.99895342514134
"c12","HEM",5.9,-3.0022731468041
"c12","HEM",6,-3.00242724688829
"c12","HEM",6.1,-3.00007695095853
"c12","HEM",6.2,-2.99600210538496
"c12","HEM",6.3,-2.99098255653772
"c12","HEM",6.4,-2.98579815078696
"c12","HEM",6.5,-2.98124303200082
"c12","HEM",6.6,-2.9782518026676
"c12","HEM",6.7,-2.97783878812437
"c12","HEM",6.8,-2.98101922874806
"c12","HEM",6.9,-2.98880836491561
"c12","HEM",7,-3.00220812993063
"c12","HEM",7.1,-3.02106107833349
"c12","HEM",7.2,-3.04316712890957
"c12","HEM",7.3,-3.06611827742354
"c12","HEM",7.4,-3.08750651964011
"c12","HEM",7.5,-3.10492385132398
"c12","HEM",7.6,-3.11628810277936
"c12","HEM",7.7,-3.12152792579754
"c12","HEM",7.8,-3.12133828673502
"c12","HEM",7.9,-3.1164156604415
"c12","HEM",8,-3.10745652176672
"c12","HEM",8.1,-3.0951716223811
"c12","HEM",8.2,-3.08074337780919
"c12","HEM",8.3,-3.06592263254772
"c12","HEM",8.4,-3.05249407244618
"c12","HEM",8.5,-3.04224238335407
"c12","HEM",8.6,-3.03695225112088
"c12","HEM",8.7,-3.03766763115173
"c12","HEM",8.8,-3.04246955707419
"c12","HEM",8.9,-3.04869833207143
"c12","HEM",9,-3.05369425932664
"c12","HEM",9.1,-3.05479764202301
"c12","HEM",9.2,-3.04950157992501
"c12","HEM",9.3,-3.0378656778736
"c12","HEM",9.4,-3.02207914306154
"c12","HEM",9.5,-3.00439564373933
"c12","HEM",9.6,-2.98706884815748
"c12","HEM",9.7,-2.9723500790881
"c12","HEM",9.8,-2.96129915627714
"c12","HEM",9.9,-2.95184937676621
"c12","HEM",10,-2.94142741426293
"c12","HEM",10.1,-2.92745994247495
"c12","HEM",10.2,-2.90737363510989
"c12","HEM",10.3,-2.87895124729136
"c12","HEM",10.4,-2.84347367797327
"c12","HEM",10.5,-2.80420733608488
"c12","HEM",10.6,-2.76444141976607
"c12","HEM",10.7,-2.72746512715674
"c12","HEM",10.8,-2.6965476736426
"c12","HEM",10.9,-2.67321727715279
"c12","HEM",11,-2.65593480285218
"c12","HEM",11.1,-2.64284888537182
"c12","HEM",11.2,-2.63210815934276
"c12","HEM",11.3,-2.62186125939606
"c12","HEM",11.4,-2.61052578535356
"c12","HEM",11.5,-2.59817920092296
"c12","HEM",11.6,-2.58553153609403
"c12","HEM",11.7,-2.57329406606577
"c12","HEM",11.8,-2.56217806603715
"c12","HEM",11.9,-2.55287218682152
"c12","HEM",12,-2.54531763656507
"c12","HEM",12.1,-2.53855483768846
"c12","HEM",12.2,-2.53157058443897
"c12","HEM",12.3,-2.52335167106384
"c12","HEM",12.4,-2.51288489181032
"c12","HEM",12.5,-2.49946354144119
"c12","HEM",12.6,-2.48360691678129
"c12","HEM",12.7,-2.466140815171
"c12","HEM",12.8,-2.44789103395068
"c12","HEM",12.9,-2.4296833704607
"c12","HEM",13,-2.41234528577835
"c12","HEM",13.1,-2.39673218656209
"c12","HEM",13.2,-2.38372266780381
"c12","HEM",13.3,-2.37419602638438
"c12","HEM",13.4,-2.36903155918469
"c12","HEM",13.5,-2.36910780036149
"c12","HEM",13.6,-2.37491582021071
"c12","HEM",13.7,-2.38592997775573
"c12","HEM",13.8,-2.40145988360665
"c12","HEM",13.9,-2.42081514837358
"c12","HEM",14,-2.44330538266664
"c12","HEM",14.1,-2.46815329807198
"c12","HEM",14.2,-2.4937279101645
"c12","HEM",14.3,-2.51791368556155
"c12","HEM",14.4,-2.53858952934294
"c12","HEM",14.5,-2.5536343465885
"c12","HEM",14.6,-2.56094669668186
"c12","HEM",14.7,-2.56013752022683
"c12","HEM",14.8,-2.5538346934633
"c12","HEM",14.9,-2.54497319112835
"c12","HEM",15,-2.53648798795903
"c12","HEM",15.1,-2.53131405869241
"c12","HEM",15.2,-2.53190126654237
"c12","HEM",15.3,-2.53770570777657
"c12","HEM",15.4,-2.54704256822852
"c12","HEM",15.5,-2.55822478784505
"c12","HEM",15.6,-2.56956530657299
"c12","HEM",15.7,-2.57939725895956
"c12","HEM",15.8,-2.58672094931235
"c12","HEM",15.9,-2.59134072621302
"c12","HEM",16,-2.59310880692557
"c12","HEM",16.1,-2.591877408714
"c12","HEM",16.2,-2.58749874884231
"c12","HEM",16.3,-2.58013209559112
"c12","HEM",16.4,-2.57116492130746
"c12","HEM",16.5,-2.56229174935499
"c12","HEM",16.6,-2.55520710309734
"c12","HEM",16.7,-2.55160550589817
"c12","HEM",16.8,-2.55305905719783
"c12","HEM",16.9,-2.55908351710008
"c12","HEM",17,-2.56748836227777
"c12","HEM",17.1,-2.57603142181109
"c12","HEM",17.2,-2.58247052478025
"c12","HEM",17.3,-2.58456530454902
"c12","HEM",17.4,-2.58099197053564
"c12","HEM",17.5,-2.57283184215951
"c12","HEM",17.6,-2.56155596409152
"c12","HEM",17.7,-2.54863538100257
"c12","HEM",17.8,-2.53554113756358
"c12","HEM",17.9,-2.52369719687358
"c12","HEM",18,-2.51406499266979
"c12","HEM",18.1,-2.50734343184476
"c12","HEM",18.2,-2.50422840807046
"c12","HEM",18.3,-2.50541581501886
"c12","HEM",18.4,-2.51158792187691
"c12","HEM",18.5,-2.52223996457405
"c12","HEM",18.6,-2.53477582058889
"c12","HEM",18.7,-2.54638648482158
"c12","HEM",18.8,-2.55426295217228
"c12","HEM",18.9,-2.55559621754115
"c12","HEM",19,-2.54825261010019
"c12","HEM",19.1,-2.53426614691208
"c12","HEM",19.2,-2.51725913119738
"c12","HEM",19.3,-2.50085699272421
"c12","HEM",19.4,-2.48868516126068
"c12","HEM",19.5,-2.48431294179859
"c12","HEM",19.6,-2.48945544301566
"c12","HEM",19.7,-2.50359317601384
"c12","HEM",19.8,-2.52607361538822
"c12","HEM",19.9,-2.55624423573389
"c12","HEM",20,-2.59345251164594
"c12","NAD",4.8,-1.90024802769565
"c12","NAD",4.9,-1.90874097617999
"c12","NAD",5,-1.92717142621986
"c12","NAD",5.1,-1.95006888227815
"c12","NAD",5.2,-1.97196284881778
"c12","NAD",5.3,-1.98738283030167
"c12","NAD",5.4,-1.99113452509116
"c12","NAD",5.5,-1.98266282593539
"c12","NAD",5.6,-1.96526207804293
"c12","NAD",5.7,-1.94234314592323
"c12","NAD",5.8,-1.91731689408579
"c12","NAD",5.9,-1.89359243731482
"c12","NAD",6,-1.87369002997234
"c12","NAD",6.1,-1.85779754267467
"c12","NAD",6.2,-1.84572490538616
"c12","NAD",6.3,-1.83728204807116
"c12","NAD",6.4,-1.83227890069402
"c12","NAD",6.5,-1.83052623546631
"c12","NAD",6.6,-1.83184309883637
"c12","NAD",6.7,-1.83605323362304
"c12","NAD",6.8,-1.84298043654901
"c12","NAD",6.9,-1.85244850433696
"c12","NAD",7,-1.86427992156512
"c12","NAD",7.1,-1.87818285222673
"c12","NAD",7.2,-1.89366404614237
"c12","NAD",7.3,-1.91020975087559
"c12","NAD",7.4,-1.92730621398998
"c12","NAD",7.5,-1.9444396830491
"c12","NAD",7.6,-1.96120152928128
"c12","NAD",7.7,-1.97783187319793
"c12","NAD",7.8,-1.99481807059606
"c12","NAD",7.9,-2.01264796395636
"c12","NAD",8,-2.0318093957595
"c12","NAD",8.1,-2.05277606956407
"c12","NAD",8.2,-2.07555458083578
"c12","NAD",8.3,-2.09958858647556
"c12","NAD",8.4,-2.12428822890233
"c12","NAD",8.5,-2.14906365053499
"c12","NAD",8.6,-2.17332499379247
"c12","NAD",8.7,-2.19644511163359
"c12","NAD",8.8,-2.21764769917686
"c12","NAD",8.9,-2.23611916208066
"c12","NAD",9,-2.2510459060034
"c12","NAD",9.1,-2.2616143366035
"c12","NAD",9.2,-2.26708239825089
"c12","NAD",9.3,-2.26790966211076
"c12","NAD",9.4,-2.26555277014029
"c12","NAD",9.5,-2.26149854469059
"c12","NAD",9.6,-2.25723380811274
"c12","NAD",9.7,-2.25424417635979
"c12","NAD",9.8,-2.25340241516015
"c12","NAD",9.9,-2.25397316160175
"c12","NAD",10,-2.25496047078724
"c12","NAD",10.1,-2.25536839781928
"c12","NAD",10.2,-2.25420099780053
"c12","NAD",10.3,-2.25058851326768
"c12","NAD",10.4,-2.24490085210956
"c12","NAD",10.5,-2.23821154334722
"c12","NAD",10.6,-2.23160219199752
"c12","NAD",10.7,-2.2261544030773
"c12","NAD",10.8,-2.22293807152543
"c12","NAD",10.9,-2.22200285173804
"c12","NAD",11,-2.22160090114351
"c12","NAD",11.1,-2.21980140720201
"c12","NAD",11.2,-2.21467355737369
"c12","NAD",11.3,-2.20428653911874
"c12","NAD",11.4,-2.18728210158179
"c12","NAD",11.5,-2.16583544171036
"c12","NAD",11.6,-2.14346833670988
"c12","NAD",11.7,-2.12370521453436
"c12","NAD",11.8,-2.11007050313778
"c12","NAD",11.9,-2.10599290059801
"c12","NAD",12,-2.11173847352986
"c12","NAD",12.1,-2.123761821258
"c12","NAD",12.2,-2.13829062784519
"c12","NAD",12.3,-2.15155257735417
"c12","NAD",12.4,-2.1597753538477
"c12","NAD",12.5,-2.16006301349171
"c12","NAD",12.6,-2.15302510086475
"c12","NAD",12.7,-2.14014753264857
"c12","NAD",12.8,-2.1229162255249
"c12","NAD",12.9,-2.10281709617546
"c12","NAD",13,-2.08133321074936
"c12","NAD",13.1,-2.05989975535525
"c12","NAD",13.2,-2.0399121868031
"c12","NAD",13.3,-2.02276475933441
"c12","NAD",13.4,-2.00985172719073
"c12","NAD",13.5,-2.00256538255328
"c12","NAD",13.6,-2.00130129098626
"c12","NAD",13.7,-2.00383959171425
"c12","NAD",13.8,-2.00753661894354
"c12","NAD",13.9,-2.00974870688043
"c12","NAD",14,-2.0078321897312
"c12","NAD",14.1,-1.99943163281763
"c12","NAD",14.2,-1.98502318393985
"c12","NAD",14.3,-1.96669016759783
"c12","NAD",14.4,-1.94653435508297
"c12","NAD",14.5,-1.92665751768664
"c12","NAD",14.6,-1.90914836936312
"c12","NAD",14.7,-1.89495800357199
"c12","NAD",14.8,-1.88303321252826
"c12","NAD",14.9,-1.87211676755477
"c12","NAD",15,-1.86095143997436
"c12","NAD",15.1,-1.84828000110986
"c12","NAD",15.2,-1.83302668537036
"c12","NAD",15.3,-1.81523558963689
"c12","NAD",15.4,-1.79537758508586
"c12","NAD",15.5,-1.77392438300059
"c12","NAD",15.6,-1.75134769466438
"c12","NAD",15.7,-1.72811915753507
"c12","NAD",15.8,-1.70470797009586
"c12","NAD",15.9,-1.68158039148269
"c12","NAD",16,-1.65920250583781
"c12","NAD",16.1,-1.63804039730346
"c12","NAD",16.2,-1.6185601500219
"c12","NAD",16.3,-1.60089908779427
"c12","NAD",16.4,-1.5838794930573
"c12","NAD",16.5,-1.5659948879066
"c12","NAD",16.6,-1.5457387944378
"c12","NAD",16.7,-1.52160473474651
"c12","NAD",16.8,-1.49218692304797
"c12","NAD",16.9,-1.45777088650391
"c12","NAD",17,-1.42004554869308
"c12","NAD",17.1,-1.3807423126822
"c12","NAD",17.2,-1.34159258153797
"c12","NAD",17.3,-1.30432667069821
"c12","NAD",17.4,-1.27012238011838
"c12","NAD",17.5,-1.2387077004273
"c12","NAD",17.6,-1.20957569441089
"c12","NAD",17.7,-1.18221942485508
"c12","NAD",17.8,-1.15613195454579
"c12","NAD",17.9,-1.13082387182069
"c12","NAD",18,-1.10597793603773
"c12","NAD",18.1,-1.08137462903133
"c12","NAD",18.2,-1.05679555427124
"c12","NAD",18.3,-1.03202231522721
"c12","NAD",18.4,-1.00683570773108
"c12","NAD",18.5,-0.980946162162674
"c12","NAD",18.6,-0.953940136484154
"c12","NAD",18.7,-0.925391469315508
"c12","NAD",18.8,-0.894873999276715
"c12","NAD",18.9,-0.86196156498776
"c12","NAD",19,-0.826374388060962
"c12","NAD",19.1,-0.788736062927052
"c12","NAD",19.2,-0.750014455128368
"c12","NAD",19.3,-0.711178107906278
"c12","NAD",19.4,-0.673195564502155
"c12","NAD",19.5,-0.637005396127071
"c12","NAD",19.6,-0.602555986916943
"c12","NAD",19.7,-0.568602390171616
"c12","NAD",19.8,-0.533828614378361
"c12","NAD",19.9,-0.496918668024452
"c12","NAD",20,-0.456556559597166
"c12","PO4",4.8,-0.529724788562131
"c12","PO4",4.9,-0.519888899614398
"c12","PO4",5,-0.517395557167754
"c12","PO4",5.1,-0.519482580282188
"c12","PO4",5.2,-0.523387788017682
"c12","PO4",5.3,-0.526348999434223
"c12","PO4",5.4,-0.525728754982055
"c12","PO4",5.5,-0.520984524713431
"c12","PO4",5.6,-0.513312083057349
"c12","PO4",5.7,-0.503959821279318
"c12","PO4",5.8,-0.494176130644847
"c12","PO4",5.9,-0.485208676958709
"c12","PO4",6,-0.477936591970781
"c12","PO4",6.1,-0.472271968267209
"c12","PO4",6.2,-0.467970198914737
"c12","PO4",6.3,-0.464786676980106
"c12","PO4",6.4,-0.46247679553006
"c12","PO4",6.5,-0.460765487544351
"c12","PO4",6.6,-0.459078446108159
"c12","PO4",6.7,-0.456671518861609
"c12","PO4",6.8,-0.452798603999261
"c12","PO4",6.9,-0.446713599715676
"c12","PO4",7,-0.43768009970463
"c12","PO4",7.1,-0.42580641802899
"c12","PO4",7.2,-0.412689127881108
"c12","PO4",7.3,-0.400076294628567
"c12","PO4",7.4,-0.389715983638948
"c12","PO4",7.5,-0.383356260279834
"c12","PO4",7.6,-0.382343946437077
"c12","PO4",7.7,-0.385549671583816
"c12","PO4",7.8,-0.390900399967639
"c12","PO4",7.9,-0.396321238227422
"c12","PO4",8,-0.399737293002042
"c12","PO4",8.1,-0.399119084613067
"c12","PO4",8.2,-0.393937466899133
"c12","PO4",8.3,-0.385471431065295
"c12","PO4",8.4,-0.375107615564473
"c12","PO4",8.5,-0.364232658849585
"c12","PO4",8.6,-0.354233199373549
"c12","PO4",8.7,-0.346253287358945
"c12","PO4",8.8,-0.340466620106997
"c12","PO4",8.9,-0.336804306688595
"c12","PO4",9,-0.335197456174625
"c12","PO4",9.1,-0.335577177635974
"c12","PO4",9.2,-0.337863668296883
"c12","PO4",9.3,-0.341793840457453
"c12","PO4",9.4,-0.346952522555154
"c12","PO4",9.5,-0.352919939592145
"c12","PO4",9.6,-0.359276316570592
"c12","PO4",9.7,-0.365601912864855
"c12","PO4",9.8,-0.371494448926303
"c12","PO4",9.9,-0.37659746334734
"c12","PO4",10,-0.380561919115317
"c12","PO4",10.1,-0.383038779217588
"c12","PO4",10.2,-0.383679006641504
"c12","PO4",10.3,-0.382202797845748
"c12","PO4",10.4,-0.379010498911358
"c12","PO4",10.5,-0.374888501755514
"c12","PO4",10.6,-0.37062762923756
"c12","PO4",10.7,-0.36701870421684
"c12","PO4",10.8,-0.364847327102955
"c12","PO4",10.9,-0.364444092371615
"c12","PO4",11,-0.365337948462921
"c12","PO4",11.1,-0.366976243039733
"c12","PO4",11.2,-0.368806323764913
"c12","PO4",11.3,-0.370275538301323
"c12","PO4",11.4,-0.370948697967857
"c12","PO4",11.5,-0.371115517108855
"c12","PO4",11.6,-0.37134196718563
"c12","PO4",11.7,-0.372194563472714
"c12","PO4",11.8,-0.374239821244641
"c12","PO4",11.9,-0.378021194285157
"c12","PO4",12,-0.383320253052688
"c12","PO4",12.1,-0.389000379020553
"c12","PO4",12.2,-0.393870289387609
"c12","PO4",12.3,-0.396738701352711
"c12","PO4",12.4,-0.396414332114717
"c12","PO4",12.5,-0.392135934828721
"c12","PO4",12.6,-0.38486240647477
"c12","PO4",12.7,-0.37598267998915
"c12","PO4",12.8,-0.366885688308149
"c12","PO4",12.9,-0.358960364368051
"c12","PO4",13,-0.353533883987397
"c12","PO4",13.1,-0.350896096397604
"c12","PO4",13.2,-0.350476111001514
"c12","PO4",13.3,-0.351676983417923
"c12","PO4",13.4,-0.353901769265625
"c12","PO4",13.5,-0.356553778399169
"c12","PO4",13.6,-0.359165472435037
"c12","PO4",13.7,-0.361608209246927
"c12","PO4",13.8,-0.363808261630934
"c12","PO4",13.9,-0.365691902383153
"c12","PO4",14,-0.36718540429968
"c12","PO4",14.1,-0.368248950401939
"c12","PO4",14.2,-0.369175857764973
"c12","PO4",14.3,-0.370448526880251
"c12","PO4",14.4,-0.372551528493667
"c12","PO4",14.5,-0.375969433351112
"c12","PO4",14.6,-0.381182385487765
"c12","PO4",14.7,-0.388284851767947
"c12","PO4",14.8,-0.396691798961555
"c12","PO4",14.9,-0.4057490264836
"c12","PO4",15,-0.414802333749088
"c12","PO4",15.1,-0.423197520173031
"c12","PO4",15.2,-0.430338920828284
"c12","PO4",15.3,-0.435992111676183
"c12","PO4",15.4,-0.440060335873373
"c12","PO4",15.5,-0.442447107574914
"c12","PO4",15.6,-0.443055940935868
"c12","PO4",15.7,-0.44180441890593
"c12","PO4",15.8,-0.439074915724279
"c12","PO4",15.9,-0.435809952083216
"c12","PO4",16,-0.432985396929
"c12","PO4",16.1,-0.431577119207887
"c12","PO4",16.2,-0.432560987866134
"c12","PO4",16.3,-0.436541258414729
"c12","PO4",16.4,-0.442635732623583
"c12","PO4",16.5,-0.449590598827334
"c12","PO4",16.6,-0.456152045360625
"c12","PO4",16.7,-0.461066260558095
"c12","PO4",16.8,-0.463150702541538
"c12","PO4",16.9,-0.462419939138801
"c12","PO4",17,-0.459881860836151
"c12","PO4",17.1,-0.456574425061312
"c12","PO4",17.2,-0.453535589242008
"c12","PO4",17.3,-0.45180244810289
"c12","PO4",17.4,-0.451973843208155
"c12","PO4",17.5,-0.45349863292735
"c12","PO4",17.6,-0.455639331766518
"c12","PO4",17.7,-0.457658454231708
"c12","PO4",17.8,-0.458818514828963
"c12","PO4",17.9,-0.45846113772532
"c12","PO4",18,-0.456705120397382
"c12","PO4",18.1,-0.454110375791435
"c12","PO4",18.2,-0.451241879872068
"c12","PO4",18.3,-0.448664608603869
"c12","PO4",18.4,-0.446941645184085
"c12","PO4",18.5,-0.446471165455239
"c12","PO4",18.6,-0.447360805472769
"c12","PO4",18.7,-0.449688626802385
"c12","PO4",18.8,-0.453532691009796
"c12","PO4",18.9,-0.458971059660714
"c12","PO4",19,-0.466049776860308
"c12","PO4",19.1,-0.474617297478103
"c12","PO4",19.2,-0.484446776059761
"c12","PO4",19.3,-0.495311218921964
"c12","PO4",19.4,-0.50698363238139
"c12","PO4",19.5,-0.519228579522027
"c12","PO4",19.6,-0.531531684036733
"c12","PO4",19.7,-0.543042403872328
"c12","PO4",19.8,-0.552890183387032
"c12","PO4",19.9,-0.560204466939062
"c12","PO4",20,-0.56411469888664
"c13","AMP",4.8,-0.0341519514009995
"c13","AMP",4.9,-0.0153586190776141
"c13","AMP",5,0.00293841170009341
"c13","AMP",5.1,0.0212824620518654
"c13","AMP",5.2,0.0402168530974449
"c13","AMP",5.3,0.0602849059565746
"c13","AMP",5.4,0.082008623060934
"c13","AMP",5.5,0.105551919503635
"c13","AMP",5.6,0.130781581162904
"c13","AMP",5.7,0.157555400095443
"c13","AMP",5.8,0.185731168357949
"c13","AMP",5.9,0.215166481011351
"c13","AMP",6,0.245618859264224
"c13","AMP",6.1,0.276583228960606
"c13","AMP",6.2,0.307511964857708
"c13","AMP",6.3,0.33785744171274
"c13","AMP",6.4,0.367072034282914
"c13","AMP",6.5,0.394695750646548
"c13","AMP",6.6,0.421129508628534
"c13","AMP",6.7,0.447262869452262
"c13","AMP",6.8,0.473991002873676
"c13","AMP",6.9,0.502209078648717
"c13","AMP",7,0.532804939504539
"c13","AMP",7.1,0.566028060784888
"c13","AMP",7.2,0.601003218914112
"c13","AMP",7.3,0.636740705491704
"c13","AMP",7.4,0.672250812117154
"c13","AMP",7.5,0.706543830389953
"c13","AMP",7.6,0.73875859152294
"c13","AMP",7.7,0.768827182768727
"c13","AMP",7.8,0.796983997507613
"c13","AMP",7.9,0.823464024210701
"c13","AMP",8,0.84850225134909
"c13","AMP",8.1,0.87233162522399
"c13","AMP",8.2,0.895117624894233
"c13","AMP",8.3,0.916944420802562
"c13","AMP",8.4,0.937891342692711
"c13","AMP",8.5,0.958037720308417
"c13","AMP",8.6,0.977462883393416
"c13","AMP",8.7,0.996403604422633
"c13","AMP",8.8,1.01572642679574
"c13","AMP",8.9,1.03645533664361
"c13","AMP",9,1.05961432009709
"c13","AMP",9.1,1.08622736328705
"c13","AMP",9.2,1.1172648758701
"c13","AMP",9.3,1.15279735016171
"c13","AMP",9.4,1.19214855636734
"c13","AMP",9.5,1.23461966211735
"c13","AMP",9.6,1.27951183504213
"c13","AMP",9.7,1.32612633119004
"c13","AMP",9.8,1.37380932295275
"c13","AMP",9.9,1.42202484391412
"c13","AMP",10,1.47025602594567
"c13","AMP",10.1,1.51798600091895
"c13","AMP",10.2,1.56469790070551
"c13","AMP",10.3,1.60993212376544
"c13","AMP",10.4,1.6537916555249
"c13","AMP",10.5,1.69669879990788
"c13","AMP",10.6,1.73907952590002
"c13","AMP",10.7,1.78135980248699
"c13","AMP",10.8,1.82396665246955
"c13","AMP",10.9,1.8674189122907
"c13","AMP",11,1.91239717901415
"c13","AMP",11.1,1.95959851556486
"c13","AMP",11.2,2.00971998486777
"c13","AMP",11.3,2.06345864984784
"c13","AMP",11.4,2.1213617454701
"c13","AMP",11.5,2.18305187396546
"c13","AMP",11.6,2.24779926439987
"c13","AMP",11.7,2.31487345219128
"c13","AMP",11.8,2.38354397275766
"c13","AMP",11.9,2.45308317849846
"c13","AMP",12,2.52285648653443
"c13","AMP",12.1,2.59234147158208
"c13","AMP",12.2,2.66102238564731
"c13","AMP",12.3,2.72838348073607
"c13","AMP",12.4,2.79390900885427
"c13","AMP",12.5,2.85725193062947
"c13","AMP",12.6,2.91874004117581
"c13","AMP",12.7,2.97886984422906
"c13","AMP",12.8,3.03813784352501
"c13","AMP",12.9,3.09704054279941
"c13","AMP",13,3.15606485921931
"c13","AMP",13.1,3.21553668555512
"c13","AMP",13.2,3.27564830177552
"c13","AMP",13.3,3.33658794351556
"c13","AMP",13.4,3.39854384641026
"c13","AMP",13.5,3.46170391076318
"c13","AMP",13.6,3.52608568849993
"c13","AMP",13.7,3.59125973471968
"c13","AMP",13.8,3.65672417292782
"c13","AMP",13.9,3.72197712662975
"c13","AMP",14,3.78651671933086
"c13","AMP",14.1,3.84992147748307
"c13","AMP",14.2,3.9125598060851
"c13","AMP",14.3,3.97524843696559
"c13","AMP",14.4,4.03880924774173
"c13","AMP",14.5,4.10406411603073
"c13","AMP",14.6,4.17182685996961
"c13","AMP",14.7,4.24220911548336
"c13","AMP",14.8,4.31408538828707
"c13","AMP",14.9,4.38620425471775
"c13","AMP",15,4.45731429111242
"c13","AMP",15.1,4.52616407380811
"c13","AMP",15.2,4.59172542373588
"c13","AMP",15.3,4.65434787036314
"c13","AMP",15.4,4.71490598136925
"c13","AMP",15.5,4.77427535797331
"c13","AMP",15.6,4.83333160139444
"c13","AMP",15.7,4.89293057241072
"c13","AMP",15.8,4.95327596611824
"c13","AMP",15.9,5.01378551560851
"c13","AMP",16,5.07383016181645
"c13","AMP",16.1,5.13278084567699
"c13","AMP",16.2,5.19000850812509
"c13","AMP",16.3,5.24507889554072
"c13","AMP",16.4,5.29833697608417
"c13","AMP",16.5,5.35032252336074
"c13","AMP",16.6,5.40157531097576
"c13","AMP",16.7,5.45263511253456
"c13","AMP",16.8,5.50403721688463
"c13","AMP",16.9,5.55624158295678
"c13","AMP",17,5.60964566336955
"c13","AMP",17.1,5.6646450187343
"c13","AMP",17.2,5.72163520966234
"c13","AMP",17.3,5.78101094074636
"c13","AMP",17.4,5.84273205909628
"c13","AMP",17.5,5.90561733893918
"c13","AMP",17.6,5.96830065447008
"c13","AMP",17.7,6.02941587988403
"c13","AMP",17.8,6.08759688937605
"c13","AMP",17.9,6.14167386405606
"c13","AMP",18,6.1924055041656
"c13","AMP",18.1,6.24164511730354
"c13","AMP",18.2,6.29125857471131
"c13","AMP",18.3,6.3431117476303
"c13","AMP",18.4,6.39905500222144
"c13","AMP",18.5,6.45958782450765
"c13","AMP",18.6,6.52282967065611
"c13","AMP",18.7,6.58665772995126
"c13","AMP",18.8,6.64894919167758
"c13","AMP",18.9,6.70758124511952
"c13","AMP",19,6.76064657426109
"c13","AMP",19.1,6.80756774472759
"c13","AMP",19.2,6.8482741337525
"c13","AMP",19.3,6.88269611622998
"c13","AMP",19.4,6.91076406705417
"c13","AMP",19.5,6.93247489557672
"c13","AMP",19.6,6.95002361248538
"c13","AMP",19.7,6.96825428557147
"c13","AMP",19.8,6.99216869393292
"c13","AMP",19.9,7.02676861666769
"c13","AMP",20,7.07705583287369
"c13","ATP",4.8,-0.125853275673921
"c13","ATP",4.9,-0.0916042131791364
"c13","ATP",5,-0.0631015758128853
"c13","ATP",5.1,-0.0381921405215051
"c13","ATP",5.2,-0.0147226842513329
"c13","ATP",5.3,0.00946001605129348
"c13","ATP",5.4,0.0364093261376586
"c13","ATP",5.5,0.066501321133156
"c13","ATP",5.6,0.0987203150112784
"c13","ATP",5.7,0.132008494446078
"c13","ATP",5.8,0.165308046111606
"c13","ATP",5.9,0.197562214623598
"c13","ATP",6,0.228251678973225
"c13","ATP",6.1,0.25826735441634
"c13","ATP",6.2,0.28872867161252
"c13","ATP",6.3,0.320755061221343
"c13","ATP",6.4,0.355465953902391
"c13","ATP",6.5,0.393821930825857
"c13","ATP",6.6,0.43522303577822
"c13","ATP",6.7,0.47818356779315
"c13","ATP",6.8,0.521207659536997
"c13","ATP",6.9,0.562799443676111
"c13","ATP",7,0.601476232241308
"c13","ATP",7.1,0.636903589392708
"c13","ATP",7.2,0.670770111736313
"c13","ATP",7.3,0.704970323447939
"c13","ATP",7.4,0.741398748703408
"c13","ATP",7.5,0.781949911678537
"c13","ATP",7.6,0.828129368439685
"c13","ATP",7.7,0.879042237599922
"c13","ATP",7.8,0.932878842403769
"c13","ATP",7.9,0.987827705317466
"c13","ATP",8,1.04207734880725
"c13","ATP",8.1,1.09385307228648
"c13","ATP",8.2,1.1425951765324
"c13","ATP",8.3,1.18920822966105
"c13","ATP",8.4,1.23468397477424
"c13","ATP",8.5,1.28001415497374
"c13","ATP",8.6,1.32619051336135
"c13","ATP",8.7,1.3740232379117
"c13","ATP",8.8,1.42359629609073
"c13","ATP",8.9,1.47481210023723
"c13","ATP",9,1.52757306268998
"c13","ATP",9.1,1.58178159578777
"c13","ATP",9.2,1.63731690343101
"c13","ATP",9.3,1.69366836028177
"c13","ATP",9.4,1.75000187339229
"c13","ATP",9.5,1.80547355875488
"c13","ATP",9.6,1.85923953236181
"c13","ATP",9.7,1.91045683778143
"c13","ATP",9.8,1.95875372721443
"c13","ATP",9.9,2.00499491173333
"c13","ATP",10,2.05024545883703
"c13","ATP",10.1,2.09557043602439
"c13","ATP",10.2,2.14203491079432
"c13","ATP",10.3,2.19061401229617
"c13","ATP",10.4,2.24139931533375
"c13","ATP",10.5,2.29398089847399
"c13","ATP",10.6,2.34794308422945
"c13","ATP",10.7,2.4028701951127
"c13","ATP",10.8,2.45834902893381
"c13","ATP",10.9,2.51418204379814
"c13","ATP",11,2.57055165597836
"c13","ATP",11.1,2.62767895827073
"c13","ATP",11.2,2.68578504347144
"c13","ATP",11.3,2.74509100437675
"c13","ATP",11.4,2.80586279993463
"c13","ATP",11.5,2.86864327140928
"c13","ATP",11.6,2.93408077860701
"c13","ATP",11.7,3.0028238890478
"c13","ATP",11.8,3.07552117025163
"c13","ATP",11.9,3.1527875021886
"c13","ATP",12,3.23412482799649
"c13","ATP",12.1,3.31769382725395
"c13","ATP",12.2,3.40157532756958
"c13","ATP",12.3,3.48385015655199
"c13","ATP",12.4,3.56259914180977
"c13","ATP",12.5,3.63639826848161
"c13","ATP",12.6,3.70580415182652
"c13","ATP",12.7,3.77186856463355
"c13","ATP",12.8,3.8356432796918
"c13","ATP",12.9,3.89818006979033
"c13","ATP",13,3.96048779949632
"c13","ATP",13.1,4.0228546093371
"c13","ATP",13.2,4.08497060649718
"c13","ATP",13.3,4.14650779625496
"c13","ATP",13.4,4.20713818388882
"c13","ATP",13.5,4.26653410246228
"c13","ATP",13.6,4.32453439987198
"c13","ATP",13.7,4.3814148615591
"c13","ATP",13.8,4.4375220745474
"c13","ATP",13.9,4.49320262586063
"c13","ATP",14,4.54880310252257
"c13","ATP",14.1,4.60469036215504
"c13","ATP",14.2,4.66143040073519
"c13","ATP",14.3,4.71970224309498
"c13","ATP",14.4,4.78018621138462
"c13","ATP",14.5,4.84356262775433
"c13","ATP",14.6,4.91050537486844
"c13","ATP",14.7,4.98112729518337
"c13","ATP",14.8,5.05455277007194
"c13","ATP",14.9,5.12980556393994
"c13","ATP",15,5.2059094411932
"c13","ATP",15.1,5.28188816623753
"c13","ATP",15.2,5.35696579545618
"c13","ATP",15.3,5.43160244637099
"c13","ATP",15.4,5.50672929356185
"c13","ATP",15.5,5.58327843888633
"c13","ATP",15.6,5.662181984202
"c13","ATP",15.7,5.74434008082647
"c13","ATP",15.8,5.82959732890501
"c13","ATP",15.9,5.91652622375084
"c13","ATP",16,6.00362352606389
"c13","ATP",16.1,6.08938599654411
"c13","ATP",16.2,6.17231039589144
"c13","ATP",16.3,6.25118198259812
"c13","ATP",16.4,6.32594000632565
"c13","ATP",16.5,6.39681221452783
"c13","ATP",16.6,6.46402635465845
"c13","ATP",16.7,6.52781017417131
"c13","ATP",16.8,6.58840769697979
"c13","ATP",16.9,6.64633634065386
"c13","ATP",17,6.70234037591861
"c13","ATP",17.1,6.7571709401305
"c13","ATP",17.2,6.81157917064599
"c13","ATP",17.3,6.86631546185945
"c13","ATP",17.4,6.92175278342224
"c13","ATP",17.5,6.97727373651631
"c13","ATP",17.6,7.03210044251165
"c13","ATP",17.7,7.08545502277824
"c13","ATP",17.8,7.13655959868608
"c13","ATP",17.9,7.1848511402435
"c13","ATP",18,7.23187729048209
"c13","ATP",18.1,7.28038368844092
"c13","ATP",18.2,7.33312972347195
"c13","ATP",18.3,7.3928747849271
"c13","ATP",18.4,7.46234969150548
"c13","ATP",18.5,7.54179604377717
"c13","ATP",18.6,7.62706984710085
"c13","ATP",18.7,7.71358069038447
"c13","ATP",18.8,7.79673816253599
"c13","ATP",18.9,7.87195185246339
"c13","ATP",19,7.93556325894351
"c13","ATP",19.1,7.98966497267563
"c13","ATP",19.2,8.03854129830995
"c13","ATP",19.3,8.08648085489419
"c13","ATP",19.4,8.1377722614761
"c13","ATP",19.5,8.1965724694473
"c13","ATP",19.6,8.26268852096844
"c13","ATP",19.7,8.33068513485559
"c13","ATP",19.8,8.39481492881413
"c13","ATP",19.9,8.44933052054939
"c13","ATP",20,8.48848452776672
"c13","FAD",4.8,-0.241960550456331
"c13","FAD",4.9,-0.224787123999612
"c13","FAD",5,-0.207452644441279
"c13","FAD",5.1,-0.191375506060016
"c13","FAD",5.2,-0.177974103134503
"c13","FAD",5.3,-0.168666829943422
"c13","FAD",5.4,-0.164730951922263
"c13","FAD",5.5,-0.165073210968554
"c13","FAD",5.6,-0.166633365727854
"c13","FAD",5.7,-0.166291636115002
"c13","FAD",5.8,-0.160928242044838
"c13","FAD",5.9,-0.147426342926812
"c13","FAD",6,-0.124162361432832
"c13","FAD",6.1,-0.0934310665514478
"c13","FAD",6.2,-0.0581621581072151
"c13","FAD",6.3,-0.0212853359246901
"c13","FAD",6.4,0.0142697001715717
"c13","FAD",6.5,0.045792798727525
"c13","FAD",6.6,0.0727306514810258
"c13","FAD",6.7,0.0957541518838996
"c13","FAD",6.8,0.115548244483684
"c13","FAD",6.9,0.132797873827918
"c13","FAD",7,0.148185654706299
"c13","FAD",7.1,0.162191221756708
"c13","FAD",7.2,0.174936591788578
"c13","FAD",7.3,0.186507379145088
"c13","FAD",7.4,0.196989198169419
"c13","FAD",7.5,0.20646766320475
"c13","FAD",7.6,0.215078377823535
"c13","FAD",7.7,0.223265443943689
"c13","FAD",7.8,0.231590530744567
"c13","FAD",7.9,0.24061553883714
"c13","FAD",8,0.250902368832377
"c13","FAD",8.1,0.263002607154087
"c13","FAD",8.2,0.277127090042745
"c13","FAD",8.3,0.293075996286943
"c13","FAD",8.4,0.310625056231628
"c13","FAD",8.5,0.329550000221742
"c13","FAD",8.6,0.349626558602233
"c13","FAD",8.7,0.370754152236372
"c13","FAD",8.8,0.393326964060739
"c13","FAD",8.9,0.41786286753024
"c13","FAD",9,0.444879736099781
"c13","FAD",9.1,0.474895443224269
"c13","FAD",9.2,0.508376201809243
"c13","FAD",9.3,0.54492048897008
"c13","FAD",9.4,0.583406762915346
"c13","FAD",9.5,0.622691687559341
"c13","FAD",9.6,0.661631926816367
"c13","FAD",9.7,0.699085468803556
"c13","FAD",9.8,0.734582996677928
"c13","FAD",9.9,0.769420355974772
"c13","FAD",10,0.805179420041612
"c13","FAD",10.1,0.843442062225972
"c13","FAD",10.2,0.885790155875373
"c13","FAD",10.3,0.933536847281264
"c13","FAD",10.4,0.985355308136199
"c13","FAD",10.5,1.03842028806805
"c13","FAD",10.6,1.0898893381731
"c13","FAD",10.7,1.13692000954762
"c13","FAD",10.8,1.17669315833301
"c13","FAD",10.9,1.20842009272432
"c13","FAD",11,1.23488944533834
"c13","FAD",11.1,1.25925399012141
"c13","FAD",11.2,1.2846665010199
"c13","FAD",11.3,1.31427975198016
"c13","FAD",11.4,1.35055866459016
"c13","FAD",11.5,1.39172321972626
"c13","FAD",11.6,1.43437567142196
"c13","FAD",11.7,1.47511508920911
"c13","FAD",11.8,1.51054054261955
"c13","FAD",11.9,1.53734935739845
"c13","FAD",12,1.55548495344945
"c13","FAD",12.1,1.56880280361386
"c13","FAD",12.2,1.5813912843497
"c13","FAD",12.3,1.59733877211502
"c13","FAD",12.4,1.62073364336785
"c13","FAD",12.5,1.6543874032847
"c13","FAD",12.6,1.69600407191596
"c13","FAD",12.7,1.74201079803048
"c13","FAD",12.8,1.7888347303971
"c13","FAD",12.9,1.83290301778468
"c13","FAD",13,1.87087091654764
"c13","FAD",13.1,1.90322517764179
"c13","FAD",13.2,1.93363180149686
"c13","FAD",13.3,1.96585302143022
"c13","FAD",13.4,2.00365107075926
"c13","FAD",13.5,2.05078485929574
"c13","FAD",13.6,2.1093249559979
"c13","FAD",13.7,2.17691169683627
"c13","FAD",13.8,2.25046754056809
"c13","FAD",13.9,2.32691494595057
"c13","FAD",14,2.40317637174094
"c13","FAD",14.1,2.47645034536302
"c13","FAD",14.2,2.54664749282115
"c13","FAD",14.3,2.61521779900457
"c13","FAD",14.4,2.68362891719717
"c13","FAD",14.5,2.75334850068285
"c13","FAD",14.6,2.82583189327218
"c13","FAD",14.7,2.90146197591277
"c13","FAD",14.8,2.97873212539763
"c13","FAD",14.9,3.05594338299918
"c13","FAD",15,3.13139678998983
"c13","FAD",15.1,3.20339338764197
"c13","FAD",15.2,3.27058239933018
"c13","FAD",15.3,3.33376178334655
"c13","FAD",15.4,3.39454837070494
"c13","FAD",15.5,3.45456060437337
"c13","FAD",15.6,3.51541692731987
"c13","FAD",15.7,3.57870215907116
"c13","FAD",15.8,3.6448903002784
"c13","FAD",15.9,3.71311664050391
"c13","FAD",16,3.78243676930099
"c13","FAD",16.1,3.85190627622294
"c13","FAD",16.2,3.92058075082308
"c13","FAD",16.3,3.9877704965398
"c13","FAD",16.4,4.05380467235187
"c13","FAD",16.5,4.11926715112313
"c13","FAD",16.6,4.18474180571744
"c13","FAD",16.7,4.25081250899867
"c13","FAD",16.8,4.31804755769
"c13","FAD",16.9,4.38675361802715
"c13","FAD",17,4.4570202637855
"c13","FAD",17.1,4.52893049755609
"c13","FAD",17.2,4.60256732192996
"c13","FAD",17.3,4.67801333617018
"c13","FAD",17.4,4.7551462489301
"c13","FAD",17.5,4.83330613267652
"c13","FAD",17.6,4.91174594103428
"c13","FAD",17.7,4.98971862762827
"c13","FAD",17.8,5.06647714608334
"c13","FAD",17.9,5.14137650897955
"c13","FAD",18,5.21477435607288
"c13","FAD",18.1,5.28759740785352
"c13","FAD",18.2,5.36077891658478
"c13","FAD",18.3,5.43525213452997
"c13","FAD",18.4,5.51194215877065
"c13","FAD",18.5,5.59106356617679
"c13","FAD",18.6,5.67157911321695
"c13","FAD",18.7,5.75232413164454
"c13","FAD",18.8,5.832133953213
"c13","FAD",18.9,5.90984390967574
"c13","FAD",19,5.98449111747872
"c13","FAD",19.1,6.05635796619358
"c13","FAD",19.2,6.12620141309478
"c13","FAD",19.3,6.19477934964517
"c13","FAD",19.4,6.2628496673076
"c13","FAD",19.5,6.3311744824806
"c13","FAD",19.6,6.40065549091913
"c13","FAD",19.7,6.47236260340975
"c13","FAD",19.8,6.54737574540134
"c13","FAD",19.9,6.62677484234281
"c13","FAD",20,6.71163981968304
"c13","FMN",4.8,0.74681654607689
"c13","FMN",4.9,0.801286876807502
"c13","FMN",5,0.844316516880829
"c13","FMN",5.1,0.879029889098401
"c13","FMN",5.2,0.908551416261748
"c13","FMN",5.3,0.936005521172401
"c13","FMN",5.4,0.96442316627496
"c13","FMN",5.5,0.995265472081262
"c13","FMN",5.6,1.02869095537846
"c13","FMN",5.7,1.06481870436564
"c13","FMN",5.8,1.10376780724187
"c13","FMN",5.9,1.14565685432187
"c13","FMN",6,1.19035151065708
"c13","FMN",6.1,1.23705376142519
"c13","FMN",6.2,1.28485804877853
"c13","FMN",6.3,1.33285881486946
"c13","FMN",6.4,1.38015050185033
"c13","FMN",6.5,1.42591361842886
"c13","FMN",6.6,1.47017419115267
"c13","FMN",6.7,1.51343815368212
"c13","FMN",6.8,1.55621694793709
"c13","FMN",6.9,1.59902201583747
"c13","FMN",7,1.64236003737075
"c13","FMN",7.1,1.68632280916263
"c13","FMN",7.2,1.73027117121294
"c13","FMN",7.3,1.77349155832749
"c13","FMN",7.4,1.81527040531212
"c13","FMN",7.5,1.85489414697264
"c13","FMN",7.6,1.89182438382591
"c13","FMN",7.7,1.92660371589253
"c13","FMN",7.8,1.96018670699497
"c13","FMN",7.9,1.99352873190808
"c13","FMN",8,2.0275851654067
"c13","FMN",8.1,2.06330941341489
"c13","FMN",8.2,2.10158983686036
"c13","FMN",8.3,2.14323640724141
"c13","FMN",8.4,2.18905442915075
"c13","FMN",8.5,2.23984920718109
"c13","FMN",8.6,2.29642604592514
"c13","FMN",8.7,2.35904387719418
"c13","FMN",8.8,2.42577614167362
"c13","FMN",8.9,2.49414990726745
"c13","FMN",9,2.56169224187963
"c13","FMN",9.1,2.62593021341413
"c13","FMN",9.2,2.68455887109231
"c13","FMN",9.3,2.7380948253257
"c13","FMN",9.4,2.78939592613671
"c13","FMN",9.5,2.84139089066599
"c13","FMN",9.6,2.8970084360542
"c13","FMN",9.7,2.95917430052801
"c13","FMN",9.8,3.0293009339998
"c13","FMN",9.9,3.10482989401406
"c13","FMN",10,3.1825592926903
"c13","FMN",10.1,3.25928724214804
"c13","FMN",10.2,3.3318118545068
"c13","FMN",10.3,3.39733012836888
"c13","FMN",10.4,3.45695772314337
"c13","FMN",10.5,3.51403448926734
"c13","FMN",10.6,3.57192580591277
"c13","FMN",10.7,3.63399705225161
"c13","FMN",10.8,3.70358594126934
"c13","FMN",10.9,3.78161976945238
"c13","FMN",11,3.86477907365902
"c13","FMN",11.1,3.94931210658345
"c13","FMN",11.2,4.03146712091986
"c13","FMN",11.3,4.10749236936243
"c13","FMN",11.4,4.17428907084321
"c13","FMN",11.5,4.23278809241949
"c13","FMN",11.6,4.28545598100427
"c13","FMN",11.7,4.33476230650237
"c13","FMN",11.8,4.38317663881865
"c13","FMN",11.9,4.43313719829327
"c13","FMN",12,4.48604650853782
"c13","FMN",12.1,4.5420589160526
"c13","FMN",12.2,4.60125445725874
"c13","FMN",12.3,4.66371316857738
"c13","FMN",12.4,4.72951508642964
"c13","FMN",12.5,4.79852273583917
"c13","FMN",12.6,4.86972859623975
"c13","FMN",12.7,4.94190763566767
"c13","FMN",12.8,5.01383482215921
"c13","FMN",12.9,5.08428512375067
"c13","FMN",13,5.15208522581259
"c13","FMN",13.1,5.21693050331405
"c13","FMN",13.2,5.27923714157009
"c13","FMN",13.3,5.33944314414616
"c13","FMN",13.4,5.39798651460769
"c13","FMN",13.5,5.45530506721424
"c13","FMN",13.6,5.51174044884535
"c13","FMN",13.7,5.56738196166087
"c13","FMN",13.8,5.62227801775356
"c13","FMN",13.9,5.67647702921619
"c13","FMN",14,5.73002740814152
"c13","FMN",14.1,5.78300739162405
"c13","FMN",14.2,5.83578821757538
"c13","FMN",14.3,5.88890742811683
"c13","FMN",14.4,5.94290447416985
"c13","FMN",14.5,5.99831880665585
"c13","FMN",14.6,6.05568832294992
"c13","FMN",14.7,6.11541556770099
"c13","FMN",14.8,6.17766461619262
"c13","FMN",14.9,6.24257526954653
"c13","FMN",15,6.31028732888448
"c13","FMN",15.1,6.38094059532822
"c13","FMN",15.2,6.45439250594206
"c13","FMN",15.3,6.52875794552849
"c13","FMN",15.4,6.60148772045865
"c13","FMN",15.5,6.67003132986266
"c13","FMN",15.6,6.73183827287064
"c13","FMN",15.7,6.7844415120135
"c13","FMN",15.8,6.82813139328513
"c13","FMN",15.9,6.86652134252548
"c13","FMN",16,6.90342262474675
"c13","FMN",16.1,6.94264650496113
"c13","FMN",16.2,6.98800424818081
"c13","FMN",16.3,7.04209325827019
"c13","FMN",16.4,7.10265549450264
"c13","FMN",16.5,7.16621905500372
"c13","FMN",16.6,7.229312037899
"c13","FMN",16.7,7.28846254131405
"c13","FMN",16.8,7.34040506380511
"c13","FMN",16.9,7.38534098616216
"c13","FMN",17,7.42634839517746
"c13","FMN",17.1,7.46659245282502
"c13","FMN",17.2,7.50923832107879
"c13","FMN",17.3,7.55744810112453
"c13","FMN",17.4,7.6128290137303
"c13","FMN",17.5,7.67290824896172
"c13","FMN",17.6,7.73455186662812
"c13","FMN",17.7,7.79462592653879
"c13","FMN",17.8,7.84999648850306
"c13","FMN",17.9,7.89785229057987
"c13","FMN",18,7.93855206195274
"c13","FMN",18.1,7.97425378572523
"c13","FMN",18.2,8.00713609640887
"c13","FMN",18.3,8.03937762851522
"c13","FMN",18.4,8.07314297351452
"c13","FMN",18.5,8.10937322290418
"c13","FMN",18.6,8.14685386134289
"c13","FMN",18.7,8.1841509509691
"c13","FMN",18.8,8.21983055392122
"c13","FMN",18.9,8.2524587323377
"c13","FMN",19,8.28097024997975
"c13","FMN",19.1,8.30657523756764
"c13","FMN",19.2,8.33135095741592
"c13","FMN",19.3,8.35737637879111
"c13","FMN",19.4,8.38673047095973
"c13","FMN",19.5,8.42142788286923
"c13","FMN",19.6,8.46135831070406
"c13","FMN",19.7,8.50385054905647
"c13","FMN",19.8,8.54608092954022
"c13","FMN",19.9,8.58522578376904
"c13","FMN",20,8.61846144335669
"c13","GLC",4.8,0.264903102106399
"c13","GLC",4.9,0.275074945679065
"c13","GLC",5,0.28868899964441
"c13","GLC",5.1,0.30381836706844
"c13","GLC",5.2,0.318536151017164
"c13","GLC",5.3,0.330915454556591
"c13","GLC",5.4,0.339193666873754
"c13","GLC",5.5,0.344367670594813
"c13","GLC",5.6,0.349724086157741
"c13","GLC",5.7,0.358618842207818
"c13","GLC",5.8,0.374407867390326
"c13","GLC",5.9,0.400444042497746
"c13","GLC",6,0.438531939101171
"c13","GLC",6.1,0.486413340991937
"c13","GLC",6.2,0.541171695757012
"c13","GLC",6.3,0.599890450983361
"c13","GLC",6.4,0.65965305425795
"c13","GLC",6.5,0.717761616029213
"c13","GLC",6.6,0.773666390696626
"c13","GLC",6.7,0.828036896775207
"c13","GLC",6.8,0.881556647203102
"c13","GLC",6.9,0.93490915491846
"c13","GLC",7,0.988769806575844
"c13","GLC",7.1,1.04310598637237
"c13","GLC",7.2,1.09663769397465
"c13","GLC",7.3,1.14795795586828
"c13","GLC",7.4,1.19565979853884
"c13","GLC",7.5,1.23833624847193
"c13","GLC",7.6,1.27492968290781
"c13","GLC",7.7,1.30653842610514
"c13","GLC",7.8,1.33508242354192
"c13","GLC",7.9,1.36248323806075
"c13","GLC",8,1.39066243250422
"c13","GLC",8.1,1.42150751924985
"c13","GLC",8.2,1.45578108419942
"c13","GLC",8.3,1.49289000029348
"c13","GLC",8.4,1.53216042825903
"c13","GLC",8.5,1.57291852882312
"c13","GLC",8.6,1.61449046271276
"c13","GLC",8.7,1.65620645833178
"c13","GLC",8.8,1.69741301479118
"c13","GLC",8.9,1.73746069887872
"c13","GLC",9,1.77570007738221
"c13","GLC",9.1,1.81148171708942
"c13","GLC",9.2,1.8442015901499
"c13","GLC",9.3,1.87401833689909
"c13","GLC",9.4,1.90172343490206
"c13","GLC",9.5,1.92812751711083
"c13","GLC",9.6,1.95404121647745
"c13","GLC",9.7,1.98027534138286
"c13","GLC",9.8,2.0077298180907
"c13","GLC",9.9,2.03753841959219
"c13","GLC",10,2.0708728115216
"c13","GLC",10.1,2.1089046595132
"c13","GLC",10.2,2.15280562920125
"c13","GLC",10.3,2.20356124411822
"c13","GLC",10.4,2.26032836778862
"c13","GLC",10.5,2.32122593537738
"c13","GLC",10.6,2.38436096895494
"c13","GLC",10.7,2.44784049059171
"c13","GLC",10.8,2.5097784775227
"c13","GLC",10.9,2.568894875697
"c13","GLC",11,2.62497724882687
"c13","GLC",11.1,2.67792183507113
"c13","GLC",11.2,2.7276248725886
"c13","GLC",11.3,2.77398259953812
"c13","GLC",11.4,2.81704928542428
"c13","GLC",11.5,2.85785445801061
"c13","GLC",11.6,2.89779931137384
"c13","GLC",11.7,2.93828577121733
"c13","GLC",11.8,2.9807157632444
"c13","GLC",11.9,3.0264649950534
"c13","GLC",12,3.0760430057366
"c13","GLC",12.1,3.12891546539069
"c13","GLC",12.2,3.18448589749312
"c13","GLC",12.3,3.24215782552133
"c13","GLC",12.4,3.30133477295275
"c13","GLC",12.5,3.36141658024779
"c13","GLC",12.6,3.42178835579872
"c13","GLC",12.7,3.48183152498079
"c13","GLC",12.8,3.54092751316925
"c13","GLC",12.9,3.59845774573934
"c13","GLC",13,3.65385372907306
"c13","GLC",13.1,3.70738817396276
"c13","GLC",13.2,3.76003179523242
"c13","GLC",13.3,3.81277643563077
"c13","GLC",13.4,3.86661393790652
"c13","GLC",13.5,3.92253479782088
"c13","GLC",13.6,3.98084524147462
"c13","GLC",13.7,4.04005596060362
"c13","GLC",13.8,4.09838669763938
"c13","GLC",13.9,4.15405719501333
"c13","GLC",14,4.20528719515696
"c13","GLC",14.1,4.25053414355117
"c13","GLC",14.2,4.29059068043467
"c13","GLC",14.3,4.3275748782499
"c13","GLC",14.4,4.36362002243447
"c13","GLC",14.5,4.40085939842597
"c13","GLC",14.6,4.44141656051319
"c13","GLC",14.7,4.48656723664286
"c13","GLC",14.8,4.53609342341597
"c13","GLC",14.9,4.58962506823299
"c13","GLC",15,4.64679211849439
"c13","GLC",15.1,4.70722452160066
"c13","GLC",15.2,4.77046196932192
"c13","GLC",15.3,4.83548715919116
"c13","GLC",15.4,4.90107052087003
"c13","GLC",15.5,4.96598206617004
"c13","GLC",15.6,5.0289918069027
"c13","GLC",15.7,5.08889810009709
"c13","GLC",15.8,5.14543574478548
"c13","GLC",15.9,5.1994680995891
"c13","GLC",16,5.25192571179311
"c13","GLC",16.1,5.30373912868266
"c13","GLC",16.2,5.35583889754292
"c13","GLC",16.3,5.40892602268608
"c13","GLC",16.4,5.46278333653258
"c13","GLC",16.5,5.5169641285299
"c13","GLC",16.6,5.57102168812555
"c13","GLC",16.7,5.624509304767
"c13","GLC",16.8,5.67700972464929
"c13","GLC",16.9,5.72860047527395
"c13","GLC",17,5.77976963756144
"c13","GLC",17.1,5.8310177194976
"c13","GLC",17.2,5.88284522906827
"c13","GLC",17.3,5.93575236373151
"c13","GLC",17.4,5.99008157282907
"c13","GLC",17.5,6.04576137216123
"c13","GLC",17.6,6.10265320352608
"c13","GLC",17.7,6.16061850872172
"c13","GLC",17.8,6.21951872954622
"c13","GLC",17.9,6.2791832966167
"c13","GLC",18,6.33912716270825
"c13","GLC",18.1,6.39868678625081
"c13","GLC",18.2,6.45719657695872
"c13","GLC",18.3,6.51399094454632
"c13","GLC",18.4,6.56840884866658
"c13","GLC",18.5,6.62018566237282
"c13","GLC",18.6,6.66975517429331
"c13","GLC",18.7,6.7176222658469
"c13","GLC",18.8,6.76429181845243
"c13","GLC",18.9,6.81026871352876
"c13","GLC",19,6.85598795354773
"c13","GLC",19.1,6.90145329729437
"c13","GLC",19.2,6.94650415862278
"c13","GLC",19.3,6.99097962787343
"c13","GLC",19.4,7.03471879538679
"c13","GLC",19.5,7.07755394589632
"c13","GLC",19.6,7.11909252704506
"c13","GLC",19.7,7.15867102249379
"c13","GLC",19.8,7.19560978409409
"c13","GLC",19.9,7.22922916369755
"c13","GLC",20,7.25884951315573
"c13","HEM",4.8,1.50863092964164
"c13","HEM",4.9,1.51800743409613
"c13","HEM",5,1.52516254239746
"c13","HEM",5.1,1.52939526804944
"c13","HEM",5.2,1.53000462455589
"c13","HEM",5.3,1.52628962542063
"c13","HEM",5.4,1.51764550444949
"c13","HEM",5.5,1.50508369583379
"c13","HEM",5.6,1.49095670422428
"c13","HEM",5.7,1.47765762721157
"c13","HEM",5.8,1.46757956238631
"c13","HEM",5.9,1.46311341197358
"c13","HEM",6,1.46553483249061
"c13","HEM",6.1,1.47319305815431
"c13","HEM",6.2,1.48396312421924
"c13","HEM",6.3,1.49572006593991
"c13","HEM",6.4,1.50633891857087
"c13","HEM",6.5,1.51391837964812
"c13","HEM",6.6,1.51875440496068
"c13","HEM",6.7,1.52239009117902
"c13","HEM",6.8,1.52638284935959
"c13","HEM",6.9,1.53229009055885
"c13","HEM",7,1.54165466364204
"c13","HEM",7.1,1.55475068656379
"c13","HEM",7.2,1.56961698092544
"c13","HEM",7.3,1.58406483409044
"c13","HEM",7.4,1.59590553342221
"c13","HEM",7.5,1.60295036628419
"c13","HEM",7.6,1.60340051737139
"c13","HEM",7.7,1.5978633433371
"c13","HEM",7.8,1.58786318159588
"c13","HEM",7.9,1.57492617464255
"c13","HEM",8,1.56057846497192
"c13","HEM",8.1,1.54633788205804
"c13","HEM",8.2,1.53344761780034
"c13","HEM",8.3,1.5228198827163
"c13","HEM",8.4,1.51534718238528
"c13","HEM",8.5,1.51192202238665
"c13","HEM",8.6,1.51343690829978
"c13","HEM",8.7,1.52041446793786
"c13","HEM",8.8,1.53189781804924
"c13","HEM",8.9,1.54656019761608
"c13","HEM",9,1.56307484562055
"c13","HEM",9.1,1.58011500104482
"c13","HEM",9.2,1.59640217545708
"c13","HEM",9.3,1.61146870901918
"c13","HEM",9.4,1.62551974106086
"c13","HEM",9.5,1.63878077590912
"c13","HEM",9.6,1.65147731789096
"c13","HEM",9.7,1.66383489541421
"c13","HEM",9.8,1.67609126994936
"c13","HEM",9.9,1.68851630271598
"c13","HEM",10,1.7013850563934
"c13","HEM",10.1,1.71497259366092
"c13","HEM",10.2,1.72955397719783
"c13","HEM",10.3,1.74544850854393
"c13","HEM",10.4,1.76341009180445
"c13","HEM",10.5,1.78443930697067
"c13","HEM",10.6,1.80953956532096
"c13","HEM",10.7,1.8397142781337
"c13","HEM",10.8,1.8759539772931
"c13","HEM",10.9,1.91812707746741
"c13","HEM",11,1.96412500632178
"c13","HEM",11.1,2.01163795098764
"c13","HEM",11.2,2.05835609859642
"c13","HEM",11.3,2.10196963627955
"c13","HEM",11.4,2.14058181456483
"c13","HEM",11.5,2.1748450205882
"c13","HEM",11.6,2.20638310539927
"c13","HEM",11.7,2.23682183237822
"c13","HEM",11.8,2.26778696490518
"c13","HEM",11.9,2.30088554782738
"c13","HEM",12,2.33710622112573
"c13","HEM",12.1,2.37669234985821
"c13","HEM",12.2,2.41984292922694
"c13","HEM",12.3,2.46675695443401
"c13","HEM",12.4,2.51763342068153
"c13","HEM",12.5,2.57247756097063
"c13","HEM",12.6,2.63051955949845
"c13","HEM",12.7,2.69079583826118
"c13","HEM",12.8,2.75234281925498
"c13","HEM",12.9,2.81419692447602
"c13","HEM",13,2.87540861193036
"c13","HEM",13.1,2.9352641007276
"c13","HEM",13.2,2.9932452368651
"c13","HEM",13.3,3.0488397877819
"c13","HEM",13.4,3.10153552091703
"c13","HEM",13.5,3.15082095694036
"c13","HEM",13.6,3.19656725778593
"c13","HEM",13.7,3.23964964209072
"c13","HEM",13.8,3.28110602635208
"c13","HEM",13.9,3.32197432706736
"c13","HEM",14,3.3632924607339
"c13","HEM",14.1,3.40604675918763
"c13","HEM",14.2,3.45071678655053
"c13","HEM",14.3,3.49749447087247
"c13","HEM",14.4,3.54656843878498
"c13","HEM",14.5,3.59812731691958
"c13","HEM",14.6,3.65235565579939
"c13","HEM",14.7,3.70908287500145
"c13","HEM",14.8,3.76751271146039
"c13","HEM",14.9,3.82678521291678
"c13","HEM",15,3.88604042711121
"c13","HEM",15.1,3.94441840178424
"c13","HEM",15.2,4.00122965325122
"c13","HEM",15.3,4.05683670991163
"c13","HEM",15.4,4.11200301699818
"c13","HEM",15.5,4.16749280894997
"c13","HEM",15.6,4.22407032020608
"c13","HEM",15.7,4.28247570319768
"c13","HEM",15.8,4.34265351216801
"c13","HEM",15.9,4.40358948067423
"c13","HEM",16,4.46421225899542
"c13","HEM",16.1,4.52345049741067
"c13","HEM",16.2,4.58023284619908
"c13","HEM",16.3,4.63392146615519
"c13","HEM",16.4,4.68561256013543
"c13","HEM",16.5,4.73683584151164
"c13","HEM",16.6,4.78912102365571
"c13","HEM",16.7,4.84399781993949
"c13","HEM",16.8,4.90290734764346
"c13","HEM",16.9,4.96580258657523
"c13","HEM",17,5.03140170851845
"c13","HEM",17.1,5.09838550878069
"c13","HEM",17.2,5.16543478266953
"c13","HEM",17.3,5.23123144058001
"c13","HEM",17.4,5.29502385733194
"c13","HEM",17.5,5.3575468193165
"c13","HEM",17.6,5.41977597181415
"c13","HEM",17.7,5.48268696010533
"c13","HEM",17.8,5.54725542947051
"c13","HEM",17.9,5.61427729318759
"c13","HEM",18,5.68278277734141
"c13","HEM",18.1,5.75079992237058
"c13","HEM",18.2,5.81634526586554
"c13","HEM",18.3,5.87743534541676
"c13","HEM",18.4,5.93210404597525
"c13","HEM",18.5,5.97989664128211
"c13","HEM",18.6,6.02302122492666
"c13","HEM",18.7,6.0639569430072
"c13","HEM",18.8,6.10518294162202
"c13","HEM",18.9,6.14917836686942
"c13","HEM",19,6.19801694022077
"c13","HEM",19.1,6.25127038764883
"c13","HEM",19.2,6.30755693646674
"c13","HEM",19.3,6.36549293702177
"c13","HEM",19.4,6.4236947396612
"c13","HEM",19.5,6.48078396697267
"c13","HEM",19.6,6.53555642074493
"c13","HEM",19.7,6.58701781604154
"c13","HEM",19.8,6.63418636508846
"c13","HEM",19.9,6.67608028011168
"c13","HEM",20,6.71171777333716
"c13","NAD",4.8,0.0491371378092461
"c13","NAD",4.9,0.0788411051945803
"c13","NAD",5,0.101455004409954
"c13","NAD",5.1,0.119080058160353
"c13","NAD",5.2,0.133817489150763
"c13","NAD",5.3,0.14776852008617
"c13","NAD",5.4,0.162983755896648
"c13","NAD",5.5,0.180663581074259
"c13","NAD",5.6,0.201302894873208
"c13","NAD",5.7,0.225375242173905
"c13","NAD",5.8,0.25335416785676
"c13","NAD",5.9,0.285712374813641
"c13","NAD",6,0.322494835755623
"c13","NAD",6.1,0.362624152663489
"c13","NAD",6.2,0.404841057992332
"c13","NAD",6.3,0.447886284197244
"c13","NAD",6.4,0.490500563733317
"c13","NAD",6.5,0.53149203920469
"c13","NAD",6.6,0.570331090519736
"c13","NAD",6.7,0.606863976577912
"c13","NAD",6.8,0.640941270528214
"c13","NAD",6.9,0.672413545519639
"c13","NAD",7,0.701138497136666
"c13","NAD",7.1,0.727594363155465
"c13","NAD",7.2,0.753352675199251
"c13","NAD",7.3,0.780096252945701
"c13","NAD",7.4,0.809507916072494
"c13","NAD",7.5,0.843270484257309
"c13","NAD",7.6,0.882594472254001
"c13","NAD",7.7,0.925775661189333
"c13","NAD",7.8,0.96999904098034
"c13","NAD",7.9,1.01244741494719
"c13","NAD",8,1.05030358641004
"c13","NAD",8.1,1.08082527359084
"c13","NAD",8.2,1.1037451610964
"c13","NAD",8.3,1.12177865647491
"c13","NAD",8.4,1.13781874333805
"c13","NAD",8.5,1.1547584052975
"c13","NAD",8.6,1.17549062596494
"c13","NAD",8.7,1.20218209661707
"c13","NAD",8.8,1.23409433919074
"c13","NAD",8.9,1.26976258328781
"c13","NAD",9,1.30772205851015
"c13","NAD",9.1,1.34650799445962
"c13","NAD",9.2,1.38470749275625
"c13","NAD",9.3,1.42177894282484
"c13","NAD",9.4,1.45790370034312
"c13","NAD",9.5,1.49328500449648
"c13","NAD",9.6,1.52812609447028
"c13","NAD",9.7,1.56263001389571
"c13","NAD",9.8,1.5969004648674
"c13","NAD",9.9,1.63078047572364
"c13","NAD",10,1.66407083509427
"c13","NAD",10.1,1.69657233160913
"c13","NAD",10.2,1.72808575389806
"c13","NAD",10.3,1.75847471747277
"c13","NAD",10.4,1.78822004913241
"c13","NAD",10.5,1.8181528983694
"c13","NAD",10.6,1.84910843559661
"c13","NAD",10.7,1.88192183122691
"c13","NAD",10.8,1.91742523320287
"c13","NAD",10.9,1.95618745674225
"c13","NAD",11,1.99831336787196
"c13","NAD",11.1,2.04386060652045
"c13","NAD",11.2,2.09288681261621
"c13","NAD",11.3,2.1454496260877
"c13","NAD",11.4,2.20141839547248
"c13","NAD",11.5,2.2595004673448
"c13","NAD",11.6,2.3179603548225
"c13","NAD",11.7,2.37506169930401
"c13","NAD",11.8,2.4290681421878
"c13","NAD",11.9,2.47829306319743
"c13","NAD",12,2.52269304894576
"c13","NAD",12.1,2.56420500824971
"c13","NAD",12.2,2.60488374817831
"c13","NAD",12.3,2.64678407580064
"c13","NAD",12.4,2.69196079818573
"c13","NAD",12.5,2.74188492379489
"c13","NAD",12.6,2.79569226665842
"c13","NAD",12.7,2.85193484219886
"c13","NAD",12.8,2.90916466583876
"c13","NAD",12.9,2.96593375300068
"c13","NAD",13,3.02084388993585
"c13","NAD",13.1,3.07333285728371
"c13","NAD",13.2,3.12353211660861
"c13","NAD",13.3,3.17159412654325
"c13","NAD",13.4,3.21767134572034
"c13","NAD",13.5,3.261916665415
"c13","NAD",13.6,3.30470275925584
"c13","NAD",13.7,3.34697901322811
"c13","NAD",13.8,3.38978826408153
"c13","NAD",13.9,3.43417334856582
"c13","NAD",14,3.4811771034307
"c13","NAD",14.1,3.53172693129809
"c13","NAD",14.2,3.58561620991841
"c13","NAD",14.3,3.64199465634546
"c13","NAD",14.4,3.70000459984887
"c13","NAD",14.5,3.75878836969826
"c13","NAD",14.6,3.81749353432049
"c13","NAD",14.7,3.87572412371629
"c13","NAD",14.8,3.93388837852155
"c13","NAD",14.9,3.99247640120389
"c13","NAD",15,4.05197829423096
"c13","NAD",15.1,4.1128841600704
"c13","NAD",15.2,4.17562860285642
"c13","NAD",15.3,4.24030373006367
"c13","NAD",15.4,4.30687112530859
"c13","NAD",15.5,4.37529211527083
"c13","NAD",15.6,4.4455280266301
"c13","NAD",15.7,4.51752033628475
"c13","NAD",15.8,4.5905547431734
"c13","NAD",15.9,4.66312663086822
"c13","NAD",16,4.73368433160797
"c13","NAD",16.1,4.80067617763142
"c13","NAD",16.2,4.86255050117733
"c13","NAD",16.3,4.91838760509691
"c13","NAD",16.4,4.96979567469112
"c13","NAD",16.5,5.01901486587338
"c13","NAD",16.6,5.06828533455709
"c13","NAD",16.7,5.11984723665568
"c13","NAD",16.8,5.17580811357911
"c13","NAD",16.9,5.2360479975
"c13","NAD",17,5.2985986059493
"c13","NAD",17.1,5.36143570971437
"c13","NAD",17.2,5.42253507958255
"c13","NAD",17.3,5.47987477100742
"c13","NAD",17.4,5.53259344990066
"c13","NAD",17.5,5.58287524229328
"c13","NAD",17.6,5.63339776212759
"c13","NAD",17.7,5.68683862334588
"c13","NAD",17.8,5.7458754398905
"c13","NAD",17.9,5.81283792268541
"c13","NAD",18,5.88663798340268
"c13","NAD",18.1,5.96424762648427
"c13","NAD",18.2,6.04261659057892
"c13","NAD",18.3,6.11869461433542
"c13","NAD",18.4,6.18944983254054
"c13","NAD",18.5,6.25345314350665
"c13","NAD",18.6,6.31209925273317
"c13","NAD",18.7,6.3670703053762
"c13","NAD",18.8,6.42004844659184
"c13","NAD",18.9,6.47271582153618
"c13","NAD",19,6.52656515222045
"c13","NAD",19.1,6.58192017430358
"c13","NAD",19.2,6.63865912827048
"c13","NAD",19.3,6.69665937764706
"c13","NAD",19.4,6.75579828595922
"c13","NAD",19.5,6.8159406350502
"c13","NAD",19.6,6.8765355452476
"c13","NAD",19.7,6.93653119951426
"c13","NAD",19.8,6.99484595756526
"c13","NAD",19.9,7.05039817911569
"c13","NAD",20,7.10210622388061
"c13","PO4",4.8,0.346745269251212
"c13","PO4",4.9,0.381809258133282
"c13","PO4",5,0.410642720282701
"c13","PO4",5.1,0.435185748439568
"c13","PO4",5.2,0.45737843534398
"c13","PO4",5.3,0.479160873736036
"c13","PO4",5.4,0.502412409289044
"c13","PO4",5.5,0.527992026788786
"c13","PO4",5.6,0.55591204877763
"c13","PO4",5.7,0.58615917012914
"c13","PO4",5.8,0.618720085716882
"c13","PO4",5.9,0.653580994339387
"c13","PO4",6,0.690476088678468
"c13","PO4",6.1,0.728478293397069
"c13","PO4",6.2,0.766553380951026
"c13","PO4",6.3,0.80366712379617
"c13","PO4",6.4,0.838785294388338
"c13","PO4",6.5,0.871025105369801
"c13","PO4",6.6,0.900991517774368
"c13","PO4",6.7,0.930133923115416
"c13","PO4",6.8,0.959911405078251
"c13","PO4",6.9,0.991783047348181
"c13","PO4",7,1.0271970847268
"c13","PO4",7.1,1.06665654302243
"c13","PO4",7.2,1.10899914439379
"c13","PO4",7.3,1.15289309719166
"c13","PO4",7.4,1.1970066097668
"c13","PO4",7.5,1.24000789046995
"c13","PO4",7.6,1.28077202168394
"c13","PO4",7.7,1.31945076673935
"c13","PO4",7.8,1.35668242604214
"c13","PO4",7.9,1.39310625774841
"c13","PO4",8,1.42936152001428
"c13","PO4",8.1,1.46607751895963
"c13","PO4",8.2,1.50355477491559
"c13","PO4",8.3,1.5416975697346
"c13","PO4",8.4,1.58038659525738
"c13","PO4",8.5,1.61950254332462
"c13","PO4",8.6,1.65892610577704
"c13","PO4",8.7,1.69856469335701
"c13","PO4",8.8,1.73843259241362
"c13","PO4",8.9,1.77857080819759
"c13","PO4",9,1.81902034595967
"c13","PO4",9.1,1.85982221095061
"c13","PO4",9.2,1.90100550795675
"c13","PO4",9.3,1.94239945115133
"c13","PO4",9.4,1.98366739198489
"c13","PO4",9.5,2.02446766139959
"c13","PO4",9.6,2.06445859033757
"c13","PO4",9.7,2.10329903915075
"c13","PO4",9.8,2.14091680836878
"c13","PO4",9.9,2.1779454017829
"c13","PO4",10,2.21513267570083
"c13","PO4",10.1,2.25322648643033
"c13","PO4",10.2,2.29297469027911
"c13","PO4",10.3,2.33505200752559
"c13","PO4",10.4,2.37941467009591
"c13","PO4",10.5,2.42561110341664
"c13","PO4",10.6,2.47318505220847
"c13","PO4",10.7,2.52168026119206
"c13","PO4",10.8,2.5706428931269
"c13","PO4",10.9,2.61982978240198
"c13","PO4",11,2.66936893236041
"c13","PO4",11.1,2.71942612820142
"c13","PO4",11.2,2.77016715512422
"c13","PO4",11.3,2.82175779832803
"c13","PO4",11.4,2.8742478715321
"c13","PO4",11.5,2.926971494091
"c13","PO4",11.6,2.97899003761943
"c13","PO4",11.7,3.02936433682705
"c13","PO4",11.8,3.07715522642355
"c13","PO4",11.9,3.12145850238283
"c13","PO4",12,3.16252497725962
"c13","PO4",12.1,3.20199743986914
"c13","PO4",12.2,3.24160155017144
"c13","PO4",12.3,3.28306296812657
"c13","PO4",12.4,3.32810735369455
"c13","PO4",12.5,3.37791597033215
"c13","PO4",12.6,3.43149249548284
"c13","PO4",12.7,3.48729621008681
"c13","PO4",12.8,3.54378639508424
"c13","PO4",12.9,3.59942233141531
"c13","PO4",13,3.65274194136091
"c13","PO4",13.1,3.70360407597174
"c13","PO4",13.2,3.75296364998468
"c13","PO4",13.3,3.80180875495224
"c13","PO4",13.4,3.85112748242692
"c13","PO4",13.5,3.90190715772742
"c13","PO4",13.6,3.95474585939675
"c13","PO4",13.7,4.00922027630877
"c13","PO4",13.8,4.06474159083429
"c13","PO4",13.9,4.12072098534414
"c13","PO4",14,4.17656964220909
"c13","PO4",14.1,4.23173447024373
"c13","PO4",14.2,4.28601335484609
"c13","PO4",14.3,4.33940339206458
"c13","PO4",14.4,4.39190396444001
"c13","PO4",14.5,4.4435144545132
"c13","PO4",14.6,4.49423527639504
"c13","PO4",14.7,4.54415671973863
"c13","PO4",14.8,4.59352742020268
"c13","PO4",14.9,4.6426121317282
"c13","PO4",15,4.69167560825618
"c13","PO4",15.1,4.74098260372766
"c13","PO4",15.2,4.79071134326607
"c13","PO4",15.3,4.84050605702363
"c13","PO4",15.4,4.88980747219274
"c13","PO4",15.5,4.93805591536942
"c13","PO4",15.6,4.98469171314973
"c13","PO4",15.7,5.02917411237241
"c13","PO4",15.8,5.07158742863593
"c13","PO4",15.9,5.11276928349913
"c13","PO4",16,5.15360214650364
"c13","PO4",16.1,5.19496848719108
"c13","PO4",16.2,5.23775077510306
"c13","PO4",16.3,5.28257676057612
"c13","PO4",16.4,5.32905531712654
"c13","PO4",16.5,5.37654059906549
"c13","PO4",16.6,5.42438676070415
"c13","PO4",16.7,5.47194795635371
"c13","PO4",16.8,5.51860805341284
"c13","PO4",16.9,5.56425000629648
"c13","PO4",17,5.6091708955763
"c13","PO4",17.1,5.65368033703279
"c13","PO4",17.2,5.69808794644643
"c13","PO4",17.3,5.74270289923218
"c13","PO4",17.4,5.78761066512904
"c13","PO4",17.5,5.83230970665931
"c13","PO4",17.6,5.87620336739645
"c13","PO4",17.7,5.91869499091393
"c13","PO4",17.8,5.95918792078523
"c13","PO4",17.9,5.99718554164599
"c13","PO4",18,6.03317404152683
"c13","PO4",18.1,6.06819743742118
"c13","PO4",18.2,6.10330614895039
"c13","PO4",18.3,6.13955059573587
"c13","PO4",18.4,6.17797227469145
"c13","PO4",18.5,6.21883529183517
"c13","PO4",18.6,6.26103411757522
"c13","PO4",18.7,6.30332380501428
"c13","PO4",18.8,6.344459407255
"c13","PO4",18.9,6.38319597740005
"c13","PO4",19,6.4185204483182
"c13","PO4",19.1,6.45085075162018
"c13","PO4",19.2,6.48115016577407
"c13","PO4",19.3,6.51038304276539
"c13","PO4",19.4,6.53951373457966
"c13","PO4",19.5,6.56949702967059
"c13","PO4",19.6,6.60097176573657
"c13","PO4",19.7,6.63419601022719
"c13","PO4",19.8,6.66940516147955
"c13","PO4",19.9,6.70683461783074
"c13","PO4",20,6.74671977761787
"c23","AMP",4.8,3.64718825801072
"c23","AMP",4.9,3.6996803123175
"c23","AMP",5,3.74629639113206
"c23","AMP",5.1,3.78886237635315
"c23","AMP",5.2,3.82920414987949
"c23","AMP",5.3,3.86914759360983
"c23","AMP",5.4,3.91044563571978
"c23","AMP",5.5,3.95362580981672
"c23","AMP",5.6,3.99819885699194
"c23","AMP",5.7,4.04364474098475
"c23","AMP",5.8,4.08944342553447
"c23","AMP",5.9,4.13507533113498
"c23","AMP",6,4.18025290959689
"c23","AMP",6.1,4.22529746655985
"c23","AMP",6.2,4.27062896664861
"c23","AMP",6.3,4.31666737448788
"c23","AMP",6.4,4.36383265470239
"c23","AMP",6.5,4.41251010083842
"c23","AMP",6.6,4.46274439776737
"c23","AMP",6.7,4.51438690442713
"c23","AMP",6.8,4.56728676080658
"c23","AMP",6.9,4.62129310689458
"c23","AMP",7,4.67625289296472
"c23","AMP",7.1,4.73182229034756
"c23","AMP",7.2,4.78732134907941
"c23","AMP",7.3,4.84203590489549
"c23","AMP",7.4,4.89525179353101
"c23","AMP",7.5,4.94625485072117
"c23","AMP",7.6,4.99447938686267
"c23","AMP",7.7,5.04027599348074
"c23","AMP",7.8,5.08434445250823
"c23","AMP",7.9,5.12738523326064
"c23","AMP",8,5.17009880505348
"c23","AMP",8.1,5.21318766811445
"c23","AMP",8.2,5.25742141799144
"c23","AMP",8.3,5.30365051062393
"c23","AMP",8.4,5.35273021596538
"c23","AMP",8.5,5.40551580396927
"c23","AMP",8.6,5.46286254458906
"c23","AMP",8.7,5.52531274136372
"c23","AMP",8.8,5.59215683217418
"c23","AMP",8.9,5.66237228848687
"c23","AMP",9,5.7349365817682
"c23","AMP",9.1,5.80882718348461
"c23","AMP",9.2,5.88305813515813
"c23","AMP",9.3,5.95725774096361
"c23","AMP",9.4,6.03156400022592
"c23","AMP",9.5,6.10613034026218
"c23","AMP",9.6,6.18111018838947
"c23","AMP",9.7,6.25665688516873
"c23","AMP",9.8,6.33287969902692
"c23","AMP",9.9,6.40977225241735
"c23","AMP",10,6.48730942846081
"c23","AMP",10.1,6.56546611027806
"c23","AMP",10.2,6.64421718098987
"c23","AMP",10.3,6.72352380652584
"c23","AMP",10.4,6.80321239512932
"c23","AMP",10.5,6.88303286798561
"c23","AMP",10.6,6.96273426837978
"c23","AMP",10.7,7.0420656395969
"c23","AMP",10.8,7.12077811489674
"c23","AMP",10.9,7.1988049165846
"c23","AMP",11,7.2764000780819
"c23","AMP",11.1,7.35385028866473
"c23","AMP",11.2,7.43144223760914
"c23","AMP",11.3,7.50946261419123
"c23","AMP",11.4,7.58820952298502
"c23","AMP",11.5,7.66805151575049
"c23","AMP",11.6,7.74938399133728
"c23","AMP",11.7,7.83260240144359
"c23","AMP",11.8,7.91810219776767
"c23","AMP",11.9,8.00625469798465
"c23","AMP",12,8.09663390315573
"c23","AMP",12.1,8.18785292268291
"c23","AMP",12.2,8.278467659395
"c23","AMP",12.3,8.36703401612078
"c23","AMP",12.4,8.45210789568904
"c23","AMP",12.5,8.53283637397928
"c23","AMP",12.6,8.61073121907368
"c23","AMP",12.7,8.68789537210507
"c23","AMP",12.8,8.76643177420632
"c23","AMP",12.9,8.84844336651027
"c23","AMP",13,8.93595852757892
"c23","AMP",13.1,9.02975321779151
"c23","AMP",13.2,9.12956418169569
"c23","AMP",13.3,9.23509670775451
"c23","AMP",13.4,9.34605608443104
"c23","AMP",13.5,9.46214724916827
"c23","AMP",13.6,9.58289682123425
"c23","AMP",13.7,9.70736351019763
"c23","AMP",13.8,9.8345302053007
"c23","AMP",13.9,9.96337979578571
"c23","AMP",14,10.092895170895
"c23","AMP",14.1,10.2220717797174
"c23","AMP",14.2,10.3500284592752
"c23","AMP",14.3,10.4759540802956
"c23","AMP",14.4,10.5990383173357
"c23","AMP",14.5,10.7184708449528
"c23","AMP",14.6,10.8334549686584
"c23","AMP",14.7,10.9443815908491
"c23","AMP",14.8,11.0537339653914
"c23","AMP",14.9,11.1642083298118
"c23","AMP",15,11.2785009216363
"c23","AMP",15.1,11.3993079783911
"c23","AMP",15.2,11.5287521947768
"c23","AMP",15.3,11.6654167627777
"c23","AMP",15.4,11.8065359866213
"c23","AMP",15.5,11.9493415152442
"c23","AMP",15.6,12.0910649975833
"c23","AMP",15.7,12.2289930473623
"c23","AMP",15.8,12.362228152016
"c23","AMP",15.9,12.4920612118034
"c23","AMP",16,12.6199134138864
"c23","AMP",16.1,12.7472059454269
"c23","AMP",16.2,12.8753599935869
"c23","AMP",16.3,13.0055153647432
"c23","AMP",16.4,13.1376863421321
"c23","AMP",16.5,13.2716058282047
"c23","AMP",16.6,13.4070067254122
"c23","AMP",16.7,13.5436219362057
"c23","AMP",16.8,13.6811747476691
"c23","AMP",16.9,13.8192269387662
"c23","AMP",17,13.9572062742804
"c23","AMP",17.1,14.0945364625124
"c23","AMP",17.2,14.230641211763
"c23","AMP",17.3,14.3649453804219
"c23","AMP",17.4,14.4974580722387
"c23","AMP",17.5,14.6297214599875
"c23","AMP",17.6,14.7635261357288
"c23","AMP",17.7,14.9006626915233
"c23","AMP",17.8,15.0429217194319
"c23","AMP",17.9,15.191822162237
"c23","AMP",18,15.346214280213
"c23","AMP",18.1,15.5034336172591
"c23","AMP",18.2,15.6607983317212
"c23","AMP",18.3,15.8156265819447
"c23","AMP",18.4,15.9652594630509
"c23","AMP",18.5,16.1090364367277
"c23","AMP",18.6,16.2498177597051
"c23","AMP",18.7,16.3908220758303
"c23","AMP",18.8,16.5352680289507
"c23","AMP",18.9,16.6863742629135
"c23","AMP",19,16.8466979109653
"c23","AMP",19.1,17.014713728433
"c23","AMP",19.2,17.187340695712
"c23","AMP",19.3,17.3614947306488
"c23","AMP",19.4,17.5340917510896
"c23","AMP",19.5,17.702093747554
"c23","AMP",19.6,17.8639848151618
"c23","AMP",19.7,18.0200834239723
"c23","AMP",19.8,18.1708172533433
"c23","AMP",19.9,18.3166139826327
"c23","AMP",20,18.4579012911984
"c23","ATP",4.8,5.96333327889135
"c23","ATP",4.9,5.97986549127564
"c23","ATP",5,6.01317026692411
"c23","ATP",5.1,6.05834417228914
"c23","ATP",5.2,6.11048377382309
"c23","ATP",5.3,6.16468563797834
"c23","ATP",5.4,6.21624027913055
"c23","ATP",5.5,6.26369593067955
"c23","ATP",5.6,6.30830397520616
"c23","ATP",5.7,6.35139761707131
"c23","ATP",5.8,6.39431006063596
"c23","ATP",5.9,6.43837360666942
"c23","ATP",6,6.48446153138722
"c23","ATP",6.1,6.53224262334712
"c23","ATP",6.2,6.58119049531235
"c23","ATP",6.3,6.63077876004615
"c23","ATP",6.4,6.68048103031175
"c23","ATP",6.5,6.72986401287303
"c23","ATP",6.6,6.77940896995625
"c23","ATP",6.7,6.83011625593525
"c23","ATP",6.8,6.88299218319996
"c23","ATP",6.9,6.93904306414026
"c23","ATP",7,6.99926307609152
"c23","ATP",7.1,7.06358912976197
"c23","ATP",7.2,7.13009540498734
"c23","ATP",7.3,7.19666647137613
"c23","ATP",7.4,7.26118689853685
"c23","ATP",7.5,7.32154125607796
"c23","ATP",7.6,7.37618680277068
"c23","ATP",7.7,7.42711503189497
"c23","ATP",7.8,7.47766431679864
"c23","ATP",7.9,7.53117568216822
"c23","ATP",8,7.59099015269022
"c23","ATP",8.1,7.6603557953097
"c23","ATP",8.2,7.73944962862335
"c23","ATP",8.3,7.82474757596503
"c23","ATP",8.4,7.91250521639247
"c23","ATP",8.5,7.99897812896342
"c23","ATP",8.6,8.0804218927356
"c23","ATP",8.7,8.15408448520398
"c23","ATP",8.8,8.22118347761242
"c23","ATP",8.9,8.28392883964198
"c23","ATP",9,8.34453054097375
"c23","ATP",9.1,8.40519855128879
"c23","ATP",9.2,8.46807448643444
"c23","ATP",9.3,8.53415183145683
"c23","ATP",9.4,8.60347138984425
"c23","ATP",9.5,8.67604512831143
"c23","ATP",9.6,8.75188501357304
"c23","ATP",9.7,8.83100217685928
"c23","ATP",9.8,8.91298332328727
"c23","ATP",9.9,8.9963014571693
"c23","ATP",10,9.07924911817117
"c23","ATP",10.1,9.16011884595865
"c23","ATP",10.2,9.23720318019753
"c23","ATP",10.3,9.30902307864643
"c23","ATP",10.4,9.37634347840792
"c23","ATP",10.5,9.44120297587022
"c23","ATP",10.6,9.50565478617947
"c23","ATP",10.7,9.5717521244818
"c23","ATP",10.8,9.64153694078881
"c23","ATP",10.9,9.71606971026413
"c23","ATP",11,9.79468170991742
"c23","ATP",11.1,9.87652819903096
"c23","ATP",11.2,9.96076443688704
"c23","ATP",11.3,10.0465456827679
"c23","ATP",11.4,10.1330848651508
"c23","ATP",11.5,10.2199508062018
"c23","ATP",11.6,10.30684795749
"c23","ATP",11.7,10.3934810375713
"c23","ATP",11.8,10.4795547650019
"c23","ATP",11.9,10.5647807140042
"c23","ATP",12,10.6490969497103
"c23","ATP",12.1,10.7327144943463
"c23","ATP",12.2,10.8158606206069
"c23","ATP",12.3,10.898762601187
"c23","ATP",12.4,10.9816477087813
"c23","ATP",12.5,11.0647749700659
"c23","ATP",12.6,11.1485304276412
"c23","ATP",12.7,11.2333318780888
"c23","ATP",12.8,11.3195971179903
"c23","ATP",12.9,11.4077439439272
"c23","ATP",13,11.4981937695148
"c23","ATP",13.1,11.5914287632277
"c23","ATP",13.2,11.6879815059454
"c23","ATP",13.3,11.788386104483
"c23","ATP",13.4,11.893176665656
"c23","ATP",13.5,12.002886516264
"c23","ATP",13.6,12.1176527352181
"c23","ATP",13.7,12.236572640729
"c23","ATP",13.8,12.3585750676528
"c23","ATP",13.9,12.4825888508461
"c23","ATP",14,12.607542825165
"c23","ATP",14.1,12.7324980408782
"c23","ATP",14.2,12.857814432463
"c23","ATP",14.3,12.9845891675348
"c23","ATP",14.4,13.1139278754956
"c23","ATP",14.5,13.2469361857473
"c23","ATP",14.6,13.3847063022118
"c23","ATP",14.7,13.5271607338814
"c23","ATP",14.8,13.6721611785947
"c23","ATP",14.9,13.8173595610684
"c23","ATP",15,13.9604078060187
"c23","ATP",15.1,14.0989578381624
"c23","ATP",15.2,14.231147930996
"c23","ATP",15.3,14.358117760443
"c23","ATP",15.4,14.4821508227065
"c23","ATP",15.5,14.6055328656043
"c23","ATP",15.6,14.7305496369541
"c23","ATP",15.7,14.8594386321956
"c23","ATP",15.8,14.9928432311651
"c23","ATP",15.9,15.1294856541997
"c23","ATP",16,15.2679737456288
"c23","ATP",16.1,15.406915349782
"c23","ATP",16.2,15.5449183109889
"c23","ATP",16.3,15.6809397331431
"c23","ATP",16.4,15.8153337583955
"c23","ATP",16.5,15.9488037884608
"c23","ATP",16.6,16.0820532250541
"c23","ATP",16.7,16.2157854698902
"c23","ATP",16.8,16.3506800202482
"c23","ATP",16.9,16.4870148535891
"c23","ATP",17,16.624734779301
"c23","ATP",17.1,16.7637745220883
"c23","ATP",17.2,16.9040688066553
"c23","ATP",17.3,17.0455523721352
"c23","ATP",17.4,17.1881672874498
"c23","ATP",17.5,17.3318748550023
"c23","ATP",17.6,17.4766394937988
"c23","ATP",17.7,17.6224256228457
"c23","ATP",17.8,17.7691976611491
"c23","ATP",17.9,17.9169091667656
"c23","ATP",18,18.0654069997814
"c23","ATP",18.1,18.2144774596271
"c23","ATP",18.2,18.3639061506324
"c23","ATP",18.3,18.5134786771272
"c23","ATP",18.4,18.662983155543
"c23","ATP",18.5,18.8124265691749
"c23","ATP",18.6,18.9622015089342
"c23","ATP",18.7,19.1127398173221
"c23","ATP",18.8,19.2644733368395
"c23","ATP",18.9,19.4178339099873
"c23","ATP",19,19.5732110133174
"c23","ATP",19.1,19.7307326705563
"c23","ATP",19.2,19.8904272669945
"c23","ATP",19.3,20.0523229917838
"c23","ATP",19.4,20.2164480340758
"c23","ATP",19.5,20.3828290520751
"c23","ATP",19.6,20.5514421260178
"c23","ATP",19.7,20.7222023817504
"c23","ATP",19.8,20.8950213162067
"c23","ATP",19.9,21.0698104263206
"c23","ATP",20,21.2464812090262
"c23","FAD",4.8,13.4698668208522
"c23","FAD",4.9,13.5389143028935
"c23","FAD",5,13.5935632276505
"c23","FAD",5.1,13.6374395696513
"c23","FAD",5.2,13.6741693034239
"c23","FAD",5.3,13.7073784034963
"c23","FAD",5.4,13.7406046169397
"c23","FAD",5.5,13.7759037452586
"c23","FAD",5.6,13.8141019197759
"c23","FAD",5.7,13.8559880508561
"c23","FAD",5.8,13.9023510488636
"c23","FAD",5.9,13.9539789668504
"c23","FAD",6,14.011224343172
"c23","FAD",6.1,14.0732969187617
"c23","FAD",6.2,14.1392212550754
"c23","FAD",6.3,14.2080219135689
"c23","FAD",6.4,14.2787234556982
"c23","FAD",6.5,14.3505079404
"c23","FAD",6.6,14.4241046818619
"c23","FAD",6.7,14.5011212002244
"c23","FAD",6.8,14.5831750954667
"c23","FAD",6.9,14.6718839675679
"c23","FAD",7,14.7688444523672
"c23","FAD",7.1,14.8738266850024
"c23","FAD",7.2,14.9833828051148
"c23","FAD",7.3,15.0937373876573
"c23","FAD",7.4,15.201115007583
"c23","FAD",7.5,15.3017402398449
"c23","FAD",7.6,15.3927111274571
"c23","FAD",7.7,15.4765161436441
"c23","FAD",7.8,15.5576980291076
"c23","FAD",7.9,15.6408035683829
"c23","FAD",8,15.7303795460052
"c23","FAD",8.1,15.830859858611
"c23","FAD",8.2,15.9429489211483
"c23","FAD",8.3,16.0628565377854
"c23","FAD",8.4,16.1865249265607
"c23","FAD",8.5,16.3098963055122
"c23","FAD",8.6,16.4289128926782
"c23","FAD",8.7,16.5401953517143
"c23","FAD",8.8,16.6430781287444
"c23","FAD",8.9,16.73757411551
"c23","FAD",9,16.8236962037523
"c23","FAD",9.1,16.9014572852128
"c23","FAD",9.2,16.9710203037269
"c23","FAD",9.3,17.0350686093972
"c23","FAD",9.4,17.0983769033875
"c23","FAD",9.5,17.1657831900886
"c23","FAD",9.6,17.2421254738913
"c23","FAD",9.7,17.3322366277642
"c23","FAD",9.8,17.4383427621308
"c23","FAD",9.9,17.5558298014456
"c23","FAD",10,17.6789752829391
"c23","FAD",10.1,17.8020567438418
"c23","FAD",10.2,17.9193517213843
"c23","FAD",10.3,18.025721112317
"c23","FAD",10.4,18.1217567373122
"c23","FAD",10.5,18.2113032297247
"c23","FAD",10.6,18.2982425579184
"c23","FAD",10.7,18.3864566902572
"c23","FAD",10.8,18.479807336378
"c23","FAD",10.9,18.5803911643275
"c23","FAD",11,18.6871951275571
"c23","FAD",11.1,18.7988896369089
"c23","FAD",11.2,18.9141451032249
"c23","FAD",11.3,19.0316319373471
"c23","FAD",11.4,19.150208781424
"c23","FAD",11.5,19.2698959087694
"c23","FAD",11.6,19.3911562848439
"c23","FAD",11.7,19.5144537465492
"c23","FAD",11.8,19.6402521307872
"c23","FAD",11.9,19.7689972129726
"c23","FAD",12,19.9005380704996
"c23","FAD",12.1,20.0340046659956
"c23","FAD",12.2,20.1684841496739
"c23","FAD",12.3,20.303063671748
"c23","FAD",12.4,20.436830382431
"c23","FAD",12.5,20.5690796698553
"c23","FAD",12.6,20.6999398738285
"c23","FAD",12.7,20.8297475720767
"c23","FAD",12.8,20.9588393423266
"c23","FAD",12.9,21.0875517623044
"c23","FAD",13,21.2161823035726
"c23","FAD",13.1,21.3443715763486
"c23","FAD",13.2,21.4712151486914
"c23","FAD",13.3,21.595792090747
"c23","FAD",13.4,21.7171814726618
"c23","FAD",13.5,21.8344633778673
"c23","FAD",13.6,21.9472326388638
"c23","FAD",13.7,22.0564347978124
"c23","FAD",13.8,22.1632342665573
"c23","FAD",13.9,22.2687954569425
"c23","FAD",14,22.3742827808118
"c23","FAD",14.1,22.480717560502
"c23","FAD",14.2,22.5877154070304
"c23","FAD",14.3,22.694094064322
"c23","FAD",14.4,22.7986621185731
"c23","FAD",14.5,22.90022815598
"c23","FAD",14.6,22.9976157457251
"c23","FAD",14.7,23.0909538496429
"c23","FAD",14.8,23.1826713179133
"c23","FAD",14.9,23.2754311098718
"c23","FAD",15,23.371896184854
"c23","FAD",15.1,23.4747295021956
"c23","FAD",15.2,23.5860577522343
"c23","FAD",15.3,23.704698150429
"c23","FAD",15.4,23.8282066870027
"c23","FAD",15.5,23.954136869452
"c23","FAD",15.6,24.0800422052734
"c23","FAD",15.7,24.2035279460268
"c23","FAD",15.8,24.3239088138159
"c23","FAD",15.9,24.442559711052
"c23","FAD",16,24.5609781927416
"c23","FAD",16.1,24.6806618138911
"c23","FAD",16.2,24.8031081295069
"c23","FAD",16.3,24.929402957869
"c23","FAD",16.4,25.0589851703526
"c23","FAD",16.5,25.1908819016063
"c23","FAD",16.6,25.3241202862787
"c23","FAD",16.7,25.4577274590186
"c23","FAD",16.8,25.5907583398968
"c23","FAD",16.9,25.7227345572466
"c23","FAD",17,25.8535649987222
"c23","FAD",17.1,25.9831702739528
"c23","FAD",17.2,26.1114709925676
"c23","FAD",17.3,26.2383885450174
"c23","FAD",17.4,26.3642409790352
"c23","FAD",17.5,26.4903871773105
"c23","FAD",17.6,26.6183546799596
"c23","FAD",17.7,26.7496710270993
"c23","FAD",17.8,26.885863758846
"c23","FAD",17.9,27.0282402922861
"c23","FAD",18,27.1759455558592
"c23","FAD",18.1,27.3268970719892
"c23","FAD",18.2,27.4789982752261
"c23","FAD",18.3,27.63015260012
"c23","FAD",18.4,27.7782806518406
"c23","FAD",18.5,27.9227990257892
"c23","FAD",18.6,28.065760007474
"c23","FAD",18.7,28.2094841733346
"c23","FAD",18.8,28.3562920998102
"c23","FAD",18.9,28.5085043633403
"c23","FAD",19,28.6679169934093
"c23","FAD",19.1,28.8330888848221
"c23","FAD",19.2,29.0013452756561
"c23","FAD",19.3,29.1700089755308
"c23","FAD",19.4,29.3364027940654
"c23","FAD",19.5,29.4979248619797
"c23","FAD",19.6,29.6544616959643
"c23","FAD",19.7,29.8088987083598
"c23","FAD",19.8,29.9642998504104
"c23","FAD",19.9,30.1237290733603
"c23","FAD",20,30.2902503284537
"c23","FMN",4.8,5.89767770966249
"c23","FMN",4.9,5.89025676718253
"c23","FMN",5,5.88616261989084
"c23","FMN",5.1,5.88864008147048
"c23","FMN",5.2,5.90093396560452
"c23","FMN",5.3,5.926289085976
"c23","FMN",5.4,5.96767278849196
"c23","FMN",5.5,6.02339182750895
"c23","FMN",5.6,6.08788575025511
"c23","FMN",5.7,6.15547704724058
"c23","FMN",5.8,6.22048820897548
"c23","FMN",5.9,6.27724674310691
"c23","FMN",6,6.32262886286168
"c23","FMN",6.1,6.36019862504482
"c23","FMN",6.2,6.39460378804643
"c23","FMN",6.3,6.4304921102566
"c23","FMN",6.4,6.47251135006546
"c23","FMN",6.5,6.52484809729648
"c23","FMN",6.6,6.58715842177486
"c23","FMN",6.7,6.65652691739842
"c23","FMN",6.8,6.73000866327671
"c23","FMN",6.9,6.80465873851927
"c23","FMN",7,6.87754982060905
"c23","FMN",7.1,6.94728784531036
"c23","FMN",7.2,7.01518009870242
"c23","FMN",7.3,7.08280884144868
"c23","FMN",7.4,7.15175633421253
"c23","FMN",7.5,7.22360483765742
"c23","FMN",7.6,7.29952783626701
"c23","FMN",7.7,7.3781761356009
"c23","FMN",7.8,7.45723916020338
"c23","FMN",7.9,7.53440444213643
"c23","FMN",8,7.607359513462
"c23","FMN",8.1,7.67383525140914
"c23","FMN",8.2,7.73299452909756
"c23","FMN",8.3,7.78572599944788
"c23","FMN",8.4,7.83302105948047
"c23","FMN",8.5,7.87587110621573
"c23","FMN",8.6,7.91526753667405
"c23","FMN",8.7,7.9524734367697
"c23","FMN",8.8,7.98983864799238
"c23","FMN",8.9,8.02998470072569
"c23","FMN",9,8.07553312535321
"c23","FMN",9.1,8.12910545225852
"c23","FMN",9.2,8.19311575864411
"c23","FMN",9.3,8.26649355656115
"c23","FMN",9.4,8.34527697934917
"c23","FMN",9.5,8.42541664103694
"c23","FMN",9.6,8.50286315565324
"c23","FMN",9.7,8.5735711957188
"c23","FMN",9.8,8.63555714767394
"c23","FMN",9.9,8.69224736775193
"c23","FMN",10,8.74794484645106
"c23","FMN",10.1,8.8069525742696
"c23","FMN",10.2,8.87357354170584
"c23","FMN",10.3,8.95154843761131
"c23","FMN",10.4,9.03909389945976
"c23","FMN",10.5,9.13129117074265
"c23","FMN",10.6,9.22318550764601
"c23","FMN",10.7,9.3098221663559
"c23","FMN",10.8,9.3862841737334
"c23","FMN",10.9,9.45094532670216
"c23","FMN",11,9.50797722080397
"c23","FMN",11.1,9.56214161837808
"c23","FMN",11.2,9.6182002817637
"c23","FMN",11.3,9.6809149733001
"c23","FMN",11.4,9.75428423773545
"c23","FMN",11.5,9.83759657792506
"c23","FMN",11.6,9.92834552201939
"c23","FMN",11.7,10.0240210647541
"c23","FMN",11.8,10.1221132008649
"c23","FMN",11.9,10.2201326533595
"c23","FMN",12,10.3162749459386
"c23","FMN",12.1,10.4095608946178
"c23","FMN",12.2,10.4990604490948
"c23","FMN",12.3,10.583843559067
"c23","FMN",12.4,10.6629801742321
"c23","FMN",12.5,10.7360054801252
"c23","FMN",12.6,10.8043156056317
"c23","FMN",12.7,10.8697719154743
"c23","FMN",12.8,10.9342357743758
"c23","FMN",12.9,10.9995685470592
"c23","FMN",13,11.0675754772739
"c23","FMN",13.1,11.1391191517963
"c23","FMN",13.2,11.2142799713374
"c23","FMN",13.3,11.2931146605725
"c23","FMN",13.4,11.3756799441771
"c23","FMN",13.5,11.4620324570825
"c23","FMN",13.6,11.5521832442129
"c23","FMN",13.7,11.6460237215954
"c23","FMN",13.8,11.7434259205298
"c23","FMN",13.9,11.8442618723158
"c23","FMN",14,11.9484036082533
"c23","FMN",14.1,12.0556666536592
"c23","FMN",14.2,12.1653114190764
"c23","FMN",14.3,12.2762832376885
"c23","FMN",14.4,12.3875238262958
"c23","FMN",14.5,12.4979749016988
"c23","FMN",14.6,12.6065813409137
"c23","FMN",14.7,12.7125633547556
"c23","FMN",14.8,12.8156262471597
"c23","FMN",14.9,12.9155247004326
"c23","FMN",15,13.0120133968808
"c23","FMN",15.1,13.1048470188111
"c23","FMN",15.2,13.1940808902902
"c23","FMN",15.3,13.2816256847656
"c23","FMN",15.4,13.3700991405652
"c23","FMN",15.5,13.4621203878768
"c23","FMN",15.6,13.5603085568884
"c23","FMN",15.7,13.6671984921201
"c23","FMN",15.8,13.7825404893672
"c23","FMN",15.9,13.9027290261748
"c23","FMN",16,14.0239587918386
"c23","FMN",16.1,14.1424244756545
"c23","FMN",16.2,14.2543207669182
"c23","FMN",16.3,14.3569100730359
"c23","FMN",16.4,14.451725673856
"c23","FMN",16.5,14.5413685673372
"c23","FMN",16.6,14.6284397514384
"c23","FMN",16.7,14.7155402241185
"c23","FMN",16.8,14.8051718488513
"c23","FMN",16.9,14.8981713395615
"c23","FMN",17,14.9939937232918
"c23","FMN",17.1,15.0920522047241
"c23","FMN",17.2,15.1917599885401
"c23","FMN",17.3,15.2925302240583
"c23","FMN",17.4,15.3937479358963
"c23","FMN",17.5,15.4947243490144
"c23","FMN",17.6,15.5947587298387
"c23","FMN",17.7,15.6931503447956
"c23","FMN",17.8,15.7891984603111
"c23","FMN",17.9,15.8823343208109
"c23","FMN",18,15.9732857225883
"c23","FMN",18.1,16.0635163712617
"c23","FMN",18.2,16.1544984190416
"c23","FMN",18.3,16.2477040181386
"c23","FMN",18.4,16.3445942759439
"c23","FMN",18.5,16.445668019986
"c23","FMN",18.6,16.5497286980629
"c23","FMN",18.7,16.6554071826745
"c23","FMN",18.8,16.7613343463208
"c23","FMN",18.9,16.8661410615016
"c23","FMN",19,16.9687436323755
"c23","FMN",19.1,17.0698198464391
"c23","FMN",19.2,17.170718784164
"c23","FMN",19.3,17.2727908474649
"c23","FMN",19.4,17.3773864382561
"c23","FMN",19.5,17.4858056129654
"c23","FMN",19.6,17.5976851623096
"c23","FMN",19.7,17.710657380773
"c23","FMN",19.8,17.8222352253896
"c23","FMN",19.9,17.9299316531937
"c23","FMN",20,18.0312596212193
"c23","GLC",4.8,1.87340620642033
"c23","GLC",4.9,1.94849629631635
"c23","GLC",5,2.00892771479606
"c23","GLC",5.1,2.06008113077433
"c23","GLC",5.2,2.10733721316602
"c23","GLC",5.3,2.15607663088602
"c23","GLC",5.4,2.21142553754572
"c23","GLC",5.5,2.27423502501856
"c23","GLC",5.6,2.34180887813591
"c23","GLC",5.7,2.41134350808545
"c23","GLC",5.8,2.48003532605488
"c23","GLC",5.9,2.54508249263431
"c23","GLC",6,2.6045718648396
"c23","GLC",6.1,2.65892225310302
"c23","GLC",6.2,2.708930338778
"c23","GLC",6.3,2.75539280321798
"c23","GLC",6.4,2.79910632777642
"c23","GLC",6.5,2.84092619764419
"c23","GLC",6.6,2.88228342211129
"c23","GLC",6.7,2.92493578546529
"c23","GLC",6.8,2.97064482263938
"c23","GLC",6.9,3.02117206856675
"c23","GLC",7,3.07826447597014
"c23","GLC",7.1,3.14239852248766
"c23","GLC",7.2,3.2118123164548
"c23","GLC",7.3,3.28451611916892
"c23","GLC",7.4,3.35852019192739
"c23","GLC",7.5,3.43183479602755
"c23","GLC",7.6,3.50277403950077
"c23","GLC",7.7,3.57152715860259
"c23","GLC",7.8,3.63899799209263
"c23","GLC",7.9,3.7060917854283
"c23","GLC",8,3.77371378406704
"c23","GLC",8.1,3.84275063495472
"c23","GLC",8.2,3.91347454532176
"c23","GLC",8.3,3.9854172261047
"c23","GLC",8.4,4.05806630287935
"c23","GLC",8.5,4.13090940122151
"c23","GLC",8.6,4.20343414670698
"c23","GLC",8.7,4.27544558529977
"c23","GLC",8.8,4.34801844451671
"c23","GLC",8.9,4.42254487226282
"c23","GLC",9,4.50041701644315
"c23","GLC",9.1,4.58302702496272
"c23","GLC",9.2,4.67167665792019
"c23","GLC",9.3,4.76614944272898
"c23","GLC",9.4,4.86496912675112
"c23","GLC",9.5,4.96662132499284
"c23","GLC",9.6,5.06959165246036
"c23","GLC",9.7,5.17236552241207
"c23","GLC",9.8,5.27332586021161
"c23","GLC",9.9,5.37058666137269
"c23","GLC",10,5.46221834387898
"c23","GLC",10.1,5.54629132571414
"c23","GLC",10.2,5.62087602486184
"c23","GLC",10.3,5.68438205293175
"c23","GLC",10.4,5.73855125971544
"c23","GLC",10.5,5.7870168386631
"c23","GLC",10.6,5.833433691617
"c23","GLC",10.7,5.88145672041939
"c23","GLC",10.8,5.9347232283156
"c23","GLC",10.9,5.99533724079443
"c23","GLC",11,6.06270139871759
"c23","GLC",11.1,6.13594336486994
"c23","GLC",11.2,6.21419080203637
"c23","GLC",11.3,6.29657137300174
"c23","GLC",11.4,6.3822103861771
"c23","GLC",11.5,6.47021862043514
"c23","GLC",11.6,6.55970131751012
"c23","GLC",11.7,6.6497637082364
"c23","GLC",11.8,6.73951102344839
"c23","GLC",11.9,6.82806297416154
"c23","GLC",12,6.91501765366958
"c23","GLC",12.1,7.00054968099405
"c23","GLC",12.2,7.0848679985486
"c23","GLC",12.3,7.16818154874691
"c23","GLC",12.4,7.25069927400267
"c23","GLC",12.5,7.33276679433653
"c23","GLC",12.6,7.41527644019717
"c23","GLC",12.7,7.49925721964024
"c23","GLC",12.8,7.58573814072141
"c23","GLC",12.9,7.67574821149633
"c23","GLC",13,7.77024922271458
"c23","GLC",13.1,7.86907392443741
"c23","GLC",13.2,7.97111822552239
"c23","GLC",13.3,8.07524967752606
"c23","GLC",13.4,8.180335832005
"c23","GLC",13.5,8.28524469862695
"c23","GLC",13.6,8.38907700754259
"c23","GLC",13.7,8.49154415111479
"c23","GLC",13.8,8.59245647372277
"c23","GLC",13.9,8.69162431974575
"c23","GLC",14,8.78885803356296
"c23","GLC",14.1,8.88404724404224
"c23","GLC",14.2,8.97786047086751
"c23","GLC",14.3,9.07140832403121
"c23","GLC",14.4,9.16580648773302
"c23","GLC",14.5,9.26217064617264
"c23","GLC",14.6,9.36160738139888
"c23","GLC",14.7,9.46443025056444
"c23","GLC",14.8,9.5695556306608
"c23","GLC",14.9,9.67575767757178
"c23","GLC",15,9.78181054718122
"c23","GLC",15.1,9.88648839537297
"c23","GLC",15.2,9.9888500952488
"c23","GLC",15.3,10.0897115942231
"c23","GLC",15.4,10.1905584524266
"c23","GLC",15.5,10.2928775481251
"c23","GLC",15.6,10.3981557595846
"c23","GLC",15.7,10.5078412493053
"c23","GLC",15.8,10.6221031255999
"c23","GLC",15.9,10.7395690357371
"c23","GLC",16,10.8587748562812
"c23","GLC",16.1,10.9782564637969
"c23","GLC",16.2,11.0965497348486
"c23","GLC",16.3,11.2126359797262
"c23","GLC",16.4,11.3272782436203
"c23","GLC",16.5,11.4416850054471
"c23","GLC",16.6,11.5570647441225
"c23","GLC",16.7,11.6746259385626
"c23","GLC",16.8,11.7955020267049
"c23","GLC",16.9,11.919565992552
"c23","GLC",17,12.045644936469
"c23","GLC",17.1,12.1725343009083
"c23","GLC",17.2,12.2990295283223
"c23","GLC",17.3,12.423926865103
"c23","GLC",17.4,12.5464309590679
"c23","GLC",17.5,12.6668181098049
"c23","GLC",17.6,12.7855382679019
"c23","GLC",17.7,12.9030413839465
"c23","GLC",17.8,13.0197774085265
"c23","GLC",17.9,13.1361272571454
"c23","GLC",18,13.2517936446393
"c23","GLC",18.1,13.3660943462147
"c23","GLC",18.2,13.4783427188326
"c23","GLC",18.3,13.5878521194544
"c23","GLC",18.4,13.6939521472969
"c23","GLC",18.5,13.797387508127
"c23","GLC",18.6,13.901396094
"c23","GLC",18.7,14.0094695822205
"c23","GLC",18.8,14.1250996500932
"c23","GLC",18.9,14.2517779749224
"c23","GLC",19,14.3919797297222
"c23","GLC",19.1,14.5419069383421
"c23","GLC",19.2,14.6953709571333
"c23","GLC",19.3,14.8461784364085
"c23","GLC",19.4,14.9881360264805
"c23","GLC",19.5,15.115231494743
"c23","GLC",19.6,15.2274361802996
"c23","GLC",19.7,15.3319325652903
"c23","GLC",19.8,15.4363324464171
"c23","GLC",19.9,15.548247620382
"c23","GLC",20,15.6752898838872
"c23","HEM",4.8,5.12058079469799
"c23","HEM",4.9,5.12639535583849
"c23","HEM",5,5.13806712598369
"c23","HEM",5.1,5.15426688494402
"c23","HEM",5.2,5.17366541252993
"c23","HEM",5.3,5.19493348855183
"c23","HEM",5.4,5.21678155946901
"c23","HEM",5.5,5.23858634748296
"c23","HEM",5.6,5.2602774287134
"c23","HEM",5.7,5.28180111364751
"c23","HEM",5.8,5.30310371277249
"c23","HEM",5.9,5.32413203437972
"c23","HEM",6,5.34508577129812
"c23","HEM",6.1,5.36682818936539
"c23","HEM",6.2,5.39033008012815
"c23","HEM",6.3,5.41656223513296
"c23","HEM",6.4,5.44649544592642
"c23","HEM",6.5,5.48095525208816
"c23","HEM",6.6,5.51934023787448
"c23","HEM",6.7,5.56023906257394
"c23","HEM",6.8,5.60223108934923
"c23","HEM",6.9,5.64389568136303
"c23","HEM",7,5.68382503354153
"c23","HEM",7.1,5.7217293082084
"c23","HEM",7.2,5.75928834338894
"c23","HEM",7.3,5.79838247341361
"c23","HEM",7.4,5.84089203261284
"c23","HEM",7.5,5.8886973553171
"c23","HEM",7.6,5.94330170927543
"c23","HEM",7.7,6.00388137263983
"c23","HEM",7.8,6.06872581882459
"c23","HEM",7.9,6.13612277556537
"c23","HEM",8,6.20435997059784
"c23","HEM",8.1,6.27175089282706
"c23","HEM",8.2,6.33746010386505
"c23","HEM",8.3,6.40167784151211
"c23","HEM",8.4,6.46465540708117
"c23","HEM",8.5,6.52664410188514
"c23","HEM",8.6,6.58789522723695
"c23","HEM",8.7,6.64865617605119
"c23","HEM",8.8,6.709158707649
"c23","HEM",8.9,6.76963067295324
"c23","HEM",9,6.83029992288672
"c23","HEM",9.1,6.89139430837225
"c23","HEM",9.2,6.95317351313094
"c23","HEM",9.3,7.01643191241712
"c23","HEM",9.4,7.08240755111088
"c23","HEM",9.5,7.15235190355408
"c23","HEM",9.6,7.22751644408857
"c23","HEM",9.7,7.30915110375485
"c23","HEM",9.8,7.39772181650592
"c23","HEM",9.9,7.49163729559076
"c23","HEM",10,7.58897290116601
"c23","HEM",10.1,7.68780399338834
"c23","HEM",10.2,7.7862059324144
"c23","HEM",10.3,7.88238304907679
"c23","HEM",10.4,7.97580668212878
"c23","HEM",10.5,8.06666731081275
"c23","HEM",10.6,8.15516366849436
"c23","HEM",10.7,8.24149448853928
"c23","HEM",10.8,8.32586194983383
"c23","HEM",10.9,8.40876842225285
"c23","HEM",11,8.4912451630943
"c23","HEM",11.1,8.57437726591661
"c23","HEM",11.2,8.65924982427821
"c23","HEM",11.3,8.74694793173753
"c23","HEM",11.4,8.83835754739196
"c23","HEM",11.5,8.93313571257678
"c23","HEM",11.6,9.03047113387627
"c23","HEM",11.7,9.12955159595588
"c23","HEM",11.8,9.22956488348112
"c23","HEM",11.9,9.32971039420195
"c23","HEM",12,9.42957118777184
"c23","HEM",12.1,9.52919269665395
"c23","HEM",12.2,9.62864788062291
"c23","HEM",12.3,9.72800969945332
"c23","HEM",12.4,9.82735111291981
"c23","HEM",12.5,9.92679459573169
"c23","HEM",12.6,10.026660682337
"c23","HEM",12.7,10.1273194221186
"c23","HEM",12.8,10.2291408644591
"c23","HEM",12.9,10.3324950587414
"c23","HEM",13,10.4377369288042
"c23","HEM",13.1,10.544967336613
"c23","HEM",13.2,10.654076331863
"c23","HEM",13.3,10.7649475831603
"c23","HEM",13.4,10.8774647591112
"c23","HEM",13.5,10.9915108749165
"c23","HEM",13.6,11.1066370158129
"c23","HEM",13.7,11.2215232775852
"c23","HEM",13.8,11.3347086204428
"c23","HEM",13.9,11.444732004595
"c23","HEM",14,11.5501323902514
"c23","HEM",14.1,11.6496400591383
"c23","HEM",14.2,11.7438648355647
"c23","HEM",14.3,11.8344833526181
"c23","HEM",14.4,11.9231844879633
"c23","HEM",14.5,12.0116571192648
"c23","HEM",14.6,12.1015842122525
"c23","HEM",14.7,12.1941336553236
"c23","HEM",14.8,12.2895658548611
"c23","HEM",14.9,12.3880488432644
"c23","HEM",15,12.4897506529328
"c23","HEM",15.1,12.5948393162658
"c23","HEM",15.2,12.7033668838228
"c23","HEM",15.3,12.8146696478637
"c23","HEM",15.4,12.9278111285434
"c23","HEM",15.5,13.0418543090639
"c23","HEM",15.6,13.1558621726269
"c23","HEM",15.7,13.2689208630225
"c23","HEM",15.8,13.3808816812458
"c23","HEM",15.9,13.492518062816
"c23","HEM",16,13.6046583424242
"c23","HEM",16.1,13.7181308547613
"c23","HEM",16.2,13.8337639345182
"c23","HEM",16.3,13.9521168414456
"c23","HEM",16.4,14.0726725355335
"c23","HEM",16.5,14.1946449018315
"c23","HEM",16.6,14.3172478253893
"c23","HEM",16.7,14.4396951912565
"c23","HEM",16.8,14.5612475640923
"c23","HEM",16.9,14.6819495801211
"c23","HEM",17,14.8024964726245
"c23","HEM",17.1,14.9236031678441
"c23","HEM",17.2,15.0459845920219
"c23","HEM",17.3,15.1703551582259
"c23","HEM",17.4,15.2971685873931
"c23","HEM",17.5,15.4261945402022
"c23","HEM",17.6,15.5570918318586
"c23","HEM",17.7,15.6895192775678
"c23","HEM",17.8,15.8231356925353
"c23","HEM",17.9,15.9576495791822
"c23","HEM",18,16.0932575671372
"c23","HEM",18.1,16.2304333419438
"c23","HEM",18.2,16.369653769127
"c23","HEM",18.3,16.5113957142123
"c23","HEM",18.4,16.6561304830864
"c23","HEM",18.5,16.8038449981281
"c23","HEM",18.6,16.9536727772009
"c23","HEM",18.7,17.1046604688158
"c23","HEM",18.8,17.2558547214838
"c23","HEM",18.9,17.406302183716
"c23","HEM",19,17.5551730368677
"c23","HEM",19.1,17.7023998200778
"c23","HEM",19.2,17.8482056034333
"c23","HEM",19.3,17.992814028933
"c23","HEM",19.4,18.1364487385752
"c23","HEM",19.5,18.2793422208918
"c23","HEM",19.6,18.4220192276617
"c23","HEM",19.7,18.5653567337476
"c23","HEM",19.8,18.7102526835726
"c23","HEM",19.9,18.8576050215597
"c23","HEM",20,19.008311692132
"c23","NAD",4.8,11.3736619371299
"c23","NAD",4.9,11.3994480469085
"c23","NAD",5,11.4476125993556
"c23","NAD",5.1,11.5094747035259
"c23","NAD",5.2,11.5763534684741
"c23","NAD",5.3,11.639568003255
"c23","NAD",5.4,11.6908520460608
"c23","NAD",5.5,11.7289038088781
"c23","NAD",5.6,11.7582003972975
"c23","NAD",5.7,11.7833938385772
"c23","NAD",5.8,11.8091361599753
"c23","NAD",5.9,11.8400760768467
"c23","NAD",6,11.8791798577308
"c23","NAD",6.1,11.9249990042274
"c23","NAD",6.2,11.9753696468497
"c23","NAD",6.3,12.0281279161106
"c23","NAD",6.4,12.081109942523
"c23","NAD",6.5,12.1323047666924
"c23","NAD",6.6,12.1812036179713
"c23","NAD",6.7,12.2281503523869
"c23","NAD",6.8,12.2734986122126
"c23","NAD",6.9,12.3176020397216
"c23","NAD",7,12.3608137377915
"c23","NAD",7.1,12.4034398144496
"c23","NAD",7.2,12.4457035804832
"c23","NAD",7.3,12.4878199186218
"c23","NAD",7.4,12.530003711595
"c23","NAD",7.5,12.5724698421323
"c23","NAD",7.6,12.6154996912662
"c23","NAD",7.7,12.6597850207593
"c23","NAD",7.8,12.706173986531
"c23","NAD",7.9,12.7555150523633
"c23","NAD",8,12.8086566820382
"c23","NAD",8.1,12.8664078366796
"c23","NAD",8.2,12.9282724266333
"c23","NAD",8.3,12.9921815712294
"c23","NAD",8.4,13.0559727538675
"c23","NAD",8.5,13.1174834579474
"c23","NAD",8.6,13.1745511668686
"c23","NAD",8.7,13.2257713815889
"c23","NAD",8.8,13.272771673298
"c23","NAD",8.9,13.3179376307434
"c23","NAD",9,13.3636548426728
"c23","NAD",9.1,13.4123088978338
"c23","NAD",9.2,13.4661931542657
"c23","NAD",9.3,13.5260517823293
"c23","NAD",9.4,13.5913434868883
"c23","NAD",9.5,13.6614880629766
"c23","NAD",9.6,13.7359053056277
"c23","NAD",9.7,13.8140144689211
"c23","NAD",9.8,13.894960002058
"c23","NAD",9.9,13.9771652619126
"c23","NAD",10,14.0589367591906
"c23","NAD",10.1,14.1385810045976
"c23","NAD",10.2,14.2144045088393
"c23","NAD",10.3,14.2848830606386
"c23","NAD",10.4,14.350155435959
"c23","NAD",10.5,14.4113043049881
"c23","NAD",10.6,14.4694231717064
"c23","NAD",10.7,14.5256055400946
"c23","NAD",10.8,14.5809423542645
"c23","NAD",10.9,14.6363015297713
"c23","NAD",11,14.6921580423306
"c23","NAD",11.1,14.7489468697106
"c23","NAD",11.2,14.8071029896794
"c23","NAD",11.3,14.8670613800051
"c23","NAD",11.4,14.9292406001203
"c23","NAD",11.5,14.9939578870456
"c23","NAD",11.6,15.0614918643093
"c23","NAD",11.7,15.1321210794288
"c23","NAD",11.8,15.2061240799213
"c23","NAD",11.9,15.2837665833888
"c23","NAD",12,15.364890445036
"c23","NAD",12.1,15.4488266993537
"c23","NAD",12.2,15.5348759691809
"c23","NAD",12.3,15.6223388773566
"c23","NAD",12.4,15.7105160467198
"c23","NAD",12.5,15.7987136468526
"c23","NAD",12.6,15.8862600343093
"c23","NAD",12.7,15.9724891123872
"c23","NAD",12.8,16.0567347843837
"c23","NAD",12.9,16.1383309535961
"c23","NAD",13,16.2166816097807
"c23","NAD",13.1,16.2923679761853
"c23","NAD",13.2,16.3669481060798
"c23","NAD",13.3,16.4420096204592
"c23","NAD",13.4,16.5191401403185
"c23","NAD",13.5,16.5999258821036
"c23","NAD",13.6,16.6852395512556
"c23","NAD",13.7,16.7740815891037
"c23","NAD",13.8,16.8651490543455
"c23","NAD",13.9,16.9571390056783
"c23","NAD",14,17.0487485017995
"c23","NAD",14.1,17.1387961482659
"c23","NAD",14.2,17.2272946269813
"c23","NAD",14.3,17.3149343651375
"c23","NAD",14.4,17.4024135689255
"c23","NAD",14.5,17.4904304445361
"c23","NAD",14.6,17.5796751808848
"c23","NAD",14.7,17.6701394617701
"c23","NAD",14.8,17.7605843192202
"c23","NAD",14.9,17.849645515336
"c23","NAD",15,17.9359588122179
"c23","NAD",15.1,18.0181599719667
"c23","NAD",15.2,18.0952317462467
"c23","NAD",15.3,18.1682982621317
"c23","NAD",15.4,18.239299714744
"c23","NAD",15.5,18.3101779056384
"c23","NAD",15.6,18.3828746363703
"c23","NAD",15.7,18.4593032551416
"c23","NAD",15.8,18.5404370956712
"c23","NAD",15.9,18.6261166266899
"c23","NAD",16,18.7161148719432
"c23","NAD",16.1,18.8102048551766
"c23","NAD",16.2,18.9081596001357
"c23","NAD",16.3,19.0096270031129
"c23","NAD",16.4,19.1137544505884
"c23","NAD",16.5,19.2195642015896
"c23","NAD",16.6,19.3260785151436
"c23","NAD",16.7,19.4323196502776
"c23","NAD",16.8,19.5373805032272
"c23","NAD",16.9,19.6415404545856
"c23","NAD",17,19.7460633910363
"c23","NAD",17.1,19.852242999335
"c23","NAD",17.2,19.9613729662375
"c23","NAD",17.3,20.0747452241827
"c23","NAD",17.4,20.1927605126299
"c23","NAD",17.5,20.3134810666259
"c23","NAD",17.6,20.4345901887693
"c23","NAD",17.7,20.553771181659
"c23","NAD",17.8,20.6687073478936
"c23","NAD",17.9,20.7774455526436
"c23","NAD",18,20.8816042997835
"c23","NAD",18.1,20.9848293180874
"c23","NAD",18.2,21.0907896043341
"c23","NAD",18.3,21.2031541553023
"c23","NAD",18.4,21.3255626267432
"c23","NAD",18.5,21.4590983373805
"c23","NAD",18.6,21.6003407582055
"c23","NAD",18.7,21.7454109066533
"c23","NAD",18.8,21.8904298001595
"c23","NAD",18.9,22.0315184561591
"c23","NAD",19,22.1654639376065
"c23","NAD",19.1,22.2931636716995
"c23","NAD",19.2,22.4170815260229
"c23","NAD",19.3,22.5396844517055
"c23","NAD",19.4,22.6634393998764
"c23","NAD",19.5,22.7907585604165
"c23","NAD",19.6,22.9222449738366
"c23","NAD",19.7,23.0563213717086
"c23","NAD",19.8,23.1912806811653
"c23","NAD",19.9,23.3254158293397
"c23","NAD",20,23.4570197433645
"c23","PO4",4.8,1.2669477757679
"c23","PO4",4.9,1.28721014190086
"c23","PO4",5,1.30881583691125
"c23","PO4",5.1,1.33271704235292
"c23","PO4",5.2,1.3598659397797
"c23","PO4",5.3,1.39121471074543
"c23","PO4",5.4,1.42763651881107
"c23","PO4",5.5,1.46867727218881
"c23","PO4",5.6,1.51278156581537
"c23","PO4",5.7,1.55836065891174
"c23","PO4",5.8,1.6038258106989
"c23","PO4",5.9,1.64758960307999
"c23","PO4",6,1.68873654048905
"c23","PO4",6.1,1.72811426266269
"c23","PO4",6.2,1.76685610868138
"c23","PO4",6.3,1.80609541762558
"c23","PO4",6.4,1.84696552857578
"c23","PO4",6.5,1.89052440911009
"c23","PO4",6.6,1.9370895771679
"c23","PO4",6.7,1.98655827919164
"c23","PO4",6.8,2.03882293784761
"c23","PO4",6.9,2.09377597580209
"c23","PO4",7,2.15130678715459
"c23","PO4",7.1,2.21104090212473
"c23","PO4",7.2,2.2721389659328
"c23","PO4",7.3,2.33371430244327
"c23","PO4",7.4,2.39488023552064
"c23","PO4",7.5,2.45475008902939
"c23","PO4",7.6,2.51261437865662
"c23","PO4",7.7,2.56885712332802
"c23","PO4",7.8,2.62427907088541
"c23","PO4",7.9,2.67968178950313
"c23","PO4",8,2.7358668473555
"c23","PO4",8.1,2.79361474459383
"c23","PO4",8.2,2.85300995631212
"c23","PO4",8.3,2.91329813816874
"c23","PO4",8.4,2.97367500680448
"c23","PO4",8.5,3.03333627886013
"c23","PO4",8.6,3.0914776709765
"c23","PO4",8.7,3.147608602965
"c23","PO4",8.8,3.20249330731955
"c23","PO4",8.9,3.2572097197047
"c23","PO4",9,3.312835775785
"c23","PO4",9.1,3.37044941122497
"c23","PO4",9.2,3.431075358475
"c23","PO4",9.3,3.49484470224737
"c23","PO4",9.4,3.56114700745685
"c23","PO4",9.5,3.62934939391219
"c23","PO4",9.6,3.69881898142216
"c23","PO4",9.7,3.76892342365177
"c23","PO4",9.8,3.83930157323002
"c23","PO4",9.9,3.91030391313837
"c23","PO4",10,3.98239623930358
"c23","PO4",10.1,4.05604434765243
"c23","PO4",10.2,4.13171403411169
"c23","PO4",10.3,4.20978510396094
"c23","PO4",10.4,4.28979259036178
"c23","PO4",10.5,4.37079204262707
"c23","PO4",10.6,4.45183350666828
"c23","PO4",10.7,4.53196702839684
"c23","PO4",10.8,4.61025089366031
"c23","PO4",10.9,4.68646129273913
"c23","PO4",11,4.76163924610545
"c23","PO4",11.1,4.83695452323298
"c23","PO4",11.2,4.91357689359544
"c23","PO4",11.3,4.99267612666658
"c23","PO4",11.4,5.0752541048686
"c23","PO4",11.5,5.16127662988456
"c23","PO4",11.6,5.25031465792453
"c23","PO4",11.7,5.3419383679437
"c23","PO4",11.8,5.43571793889729
"c23","PO4",11.9,5.53122403388428
"c23","PO4",12,5.62804331068069
"c23","PO4",12.1,5.72578170315868
"c23","PO4",12.2,5.82404629279054
"c23","PO4",12.3,5.92244416104857
"c23","PO4",12.4,6.02058238940509
"c23","PO4",12.5,6.11816775099623
"c23","PO4",12.6,6.21530578561363
"c23","PO4",12.7,6.31220172471272
"c23","PO4",12.8,6.40906079974899
"c23","PO4",12.9,6.50608824217789
"c23","PO4",13,6.60347161729474
"c23","PO4",13.1,6.70110175411093
"c23","PO4",13.2,6.79862325953062
"c23","PO4",13.3,6.89567328754667
"c23","PO4",13.4,6.99188899215194
"c23","PO4",13.5,7.08690804827967
"c23","PO4",13.6,7.18063276858817
"c23","PO4",13.7,7.27365987929369
"c23","PO4",13.8,7.36669862973968
"c23","PO4",13.9,7.4604582692696
"c23","PO4",14,7.55564804722688
"c23","PO4",14.1,7.65292587384828
"c23","PO4",14.2,7.75244530398651
"c23","PO4",14.3,7.85407362563541
"c23","PO4",14.4,7.95767484108596
"c23","PO4",14.5,8.06311295262919
"c23","PO4",14.6,8.17025122735271
"c23","PO4",14.7,8.27888887774948
"c23","PO4",14.8,8.38871226259323
"c23","PO4",14.9,8.49939625310491
"c23","PO4",15,8.61061572050542
"c23","PO4",15.1,8.72204553601567
"c23","PO4",15.2,8.83346839247038
"c23","PO4",15.3,8.94533238183011
"c23","PO4",15.4,9.05833917651742
"c23","PO4",15.5,9.17319094812905
"c23","PO4",15.6,9.29058986826174
"c23","PO4",15.7,9.41121465051042
"c23","PO4",15.8,9.53496902559397
"c23","PO4",15.9,9.66082274823176
"c23","PO4",16,9.78768996899058
"c23","PO4",16.1,9.91448483843726
"c23","PO4",16.2,10.0401215071386
"c23","PO4",16.3,10.1638720295595
"c23","PO4",16.4,10.2864400757578
"c23","PO4",16.5,10.4088872196892
"c23","PO4",16.6,10.5322750353097
"c23","PO4",16.7,10.657665096575
"c23","PO4",16.8,10.7860508083388
"c23","PO4",16.9,10.9172805475649
"c23","PO4",17,11.0502525843542
"c23","PO4",17.1,11.1838364299676
"c23","PO4",17.2,11.3169015956661
"c23","PO4",17.3,11.4483187365895
"c23","PO4",17.4,11.5775395984332
"c23","PO4",17.5,11.7055407176607
"c23","PO4",17.6,11.8335457086094
"c23","PO4",17.7,11.9627781856168
"c23","PO4",17.8,12.0944617630205
"c23","PO4",17.9,12.2296453481555
"c23","PO4",18,12.3676615267668
"c23","PO4",18.1,12.5068687183547
"c23","PO4",18.2,12.6456141611712
"c23","PO4",18.3,12.7822450934686
"c23","PO4",18.4,12.9151229538368
"c23","PO4",18.5,13.0438463852992
"c23","PO4",18.6,13.1701937827369
"c23","PO4",18.7,13.2961654213092
"c23","PO4",18.8,13.4237615761757
"c23","PO4",18.9,13.5549825224957
"c23","PO4",19,13.6914118129495
"c23","PO4",19.1,13.8320612823254
"c23","PO4",19.2,13.9749626958769
"c23","PO4",19.3,14.1181458895872
"c23","PO4",19.4,14.2596406994392
"c23","PO4",19.5,14.3975314668796
"c23","PO4",19.6,14.5317032323776
"c23","PO4",19.7,14.6642111613456
"c23","PO4",19.8,14.7972396173319
"c23","PO4",19.9,14.9329729638849
"c23","PO4",20,15.073595564553
"v1","AMP",4.8,2.3212511759337
"v1","AMP",4.9,2.42523223057366
"v1","AMP",5,2.52394445332902
"v1","AMP",5.1,2.61727663909325
"v1","AMP",5.2,2.70511758275978
"v1","AMP",5.3,2.78735607922208
"v1","AMP",5.4,2.86394939902717
"v1","AMP",5.5,2.9360049897158
"v1","AMP",5.6,3.0055846782505
"v1","AMP",5.7,3.07477917976016
"v1","AMP",5.8,3.14567920937363
"v1","AMP",5.9,3.220373555666
"v1","AMP",6,3.29997231788542
"v1","AMP",6.1,3.38301749907364
"v1","AMP",6.2,3.4676349666531
"v1","AMP",6.3,3.55195058804623
"v1","AMP",6.4,3.63409023067548
"v1","AMP",6.5,3.71242179602251
"v1","AMP",6.6,3.78769092816699
"v1","AMP",6.7,3.86199285310288
"v1","AMP",6.8,3.93743828700397
"v1","AMP",6.9,4.01613794604402
"v1","AMP",7,4.10018961281394
"v1","AMP",7.1,4.19056423149745
"v1","AMP",7.2,4.28624744130832
"v1","AMP",7.3,4.38602279422807
"v1","AMP",7.4,4.4886738422382
"v1","AMP",7.5,4.59298413732022
"v1","AMP",7.6,4.69789714663217
"v1","AMP",7.7,4.80334322126872
"v1","AMP",7.8,4.9096288091286
"v1","AMP",7.9,5.01706109845858
"v1","AMP",8,5.12594727750543
"v1","AMP",8.1,5.23657557089622
"v1","AMP",8.2,5.34860770145123
"v1","AMP",8.3,5.46095035898372
"v1","AMP",8.4,5.57246528250466
"v1","AMP",8.5,5.682014211025
"v1","AMP",8.6,5.78845888355574
"v1","AMP",8.7,5.89123545227836
"v1","AMP",8.8,5.9920777220565
"v1","AMP",8.9,6.09329391092432
"v1","AMP",9,6.19719223691598
"v1","AMP",9.1,6.30608091806563
"v1","AMP",9.2,6.42213138583768
"v1","AMP",9.3,6.54521748478237
"v1","AMP",9.4,6.67330659663375
"v1","AMP",9.5,6.80430839629177
"v1","AMP",9.6,6.93613255865637
"v1","AMP",9.7,7.06668918368405
"v1","AMP",9.8,7.19410430006724
"v1","AMP",9.9,7.31707053690196
"v1","AMP",10,7.43437233550262
"v1","AMP",10.1,7.54479413718366
"v1","AMP",10.2,7.6471203832595
"v1","AMP",10.3,7.7404231762979
"v1","AMP",10.4,7.8266006030192
"v1","AMP",10.5,7.90915474929226
"v1","AMP",10.6,7.99160611130617
"v1","AMP",10.7,8.07747518524997
"v1","AMP",10.8,8.17026033649879
"v1","AMP",10.9,8.27153178325985
"v1","AMP",11,8.37946266379475
"v1","AMP",11.1,8.49188032239667
"v1","AMP",11.2,8.60661210335879
"v1","AMP",11.3,8.72148535097431
"v1","AMP",11.4,8.83471312167504
"v1","AMP",11.5,8.94688881578563
"v1","AMP",11.6,9.05951297143825
"v1","AMP",11.7,9.17408791246946
"v1","AMP",11.8,9.29211596271581
"v1","AMP",11.9,9.41505593267018
"v1","AMP",12,9.54292908087939
"v1","AMP",12.1,9.67402419017047
"v1","AMP",12.2,9.8065269006299
"v1","AMP",12.3,9.93862285234422
"v1","AMP",12.4,10.0684976853999
"v1","AMP",12.5,10.1949356285431
"v1","AMP",12.6,10.3191152651581
"v1","AMP",12.7,10.4428137672891
"v1","AMP",12.8,10.5678083069801
"v1","AMP",12.9,10.695876056275
"v1","AMP",13,10.8286715656544
"v1","AMP",13.1,10.9657897265243
"v1","AMP",13.2,11.1051163922494
"v1","AMP",13.3,11.2444856852225
"v1","AMP",13.4,11.381731727836
"v1","AMP",13.5,11.5146907232219
"v1","AMP",13.6,11.6422558900354
"v1","AMP",13.7,11.766094072311
"v1","AMP",13.8,11.8883215537545
"v1","AMP",13.9,12.0110546180718
"v1","AMP",14,12.1364095489688
"v1","AMP",14.1,12.2662567927549
"v1","AMP",14.2,12.4000516891569
"v1","AMP",14.3,12.5358787885789
"v1","AMP",14.4,12.6718069078317
"v1","AMP",14.5,12.805904863726
"v1","AMP",14.6,12.9362507984031
"v1","AMP",14.7,13.0617353234058
"v1","AMP",14.8,13.1826804884777
"v1","AMP",14.9,13.2995540516481
"v1","AMP",15,13.4128237709462
"v1","AMP",15.1,13.5229574044014
"v1","AMP",15.2,13.6304981165274
"v1","AMP",15.3,13.7364544275967
"v1","AMP",15.4,13.8420122027618
"v1","AMP",15.5,13.9483576562796
"v1","AMP",15.6,14.0566770024067
"v1","AMP",15.7,14.1681328365005
"v1","AMP",15.8,14.2831074554665
"v1","AMP",15.9,14.401042774107
"v1","AMP",16,14.5213247216853
"v1","AMP",16.1,14.6433392274646
"v1","AMP",16.2,14.7664722207081
"v1","AMP",16.3,14.8902403931915
"v1","AMP",16.4,15.0146834867395
"v1","AMP",16.5,15.1399720056896
"v1","AMP",16.6,15.2662764543789
"v1","AMP",16.7,15.3937673371448
"v1","AMP",16.8,15.5225811777186
"v1","AMP",16.9,15.6522837318444
"v1","AMP",17,15.7819671505732
"v1","AMP",17.1,15.910709249388
"v1","AMP",17.2,16.0375878437719
"v1","AMP",17.3,16.1616816813188
"v1","AMP",17.4,16.2825430219388
"v1","AMP",17.5,16.4009666293173
"v1","AMP",17.6,16.5179486030852
"v1","AMP",17.7,16.6344850428734
"v1","AMP",17.8,16.7515720483127
"v1","AMP",17.9,16.870099791393
"v1","AMP",18,16.9899178109589
"v1","AMP",18.1,17.1102849933286
"v1","AMP",18.2,17.2304534454514
"v1","AMP",18.3,17.3496752742766
"v1","AMP",18.4,17.4672066551903
"v1","AMP",18.5,17.5826582261566
"v1","AMP",18.6,17.6962651302258
"v1","AMP",18.7,17.8083260797772
"v1","AMP",18.8,17.9191397871899
"v1","AMP",18.9,18.0290049648431
"v1","AMP",19,18.1381645630791
"v1","AMP",19.1,18.2465174081869
"v1","AMP",19.2,18.3538311824052
"v1","AMP",19.3,18.4598733098154
"v1","AMP",19.4,18.5644112144987
"v1","AMP",19.5,18.667240663741
"v1","AMP",19.6,18.7690938003257
"v1","AMP",19.7,18.8718312464757
"v1","AMP",19.8,18.9773808083062
"v1","AMP",19.9,19.0876702919323
"v1","AMP",20,19.2046275034693
"v1","ATP",4.8,2.68782163713327
"v1","ATP",4.9,2.76180977700475
"v1","ATP",5,2.83585219387629
"v1","ATP",5.1,2.90954795082286
"v1","ATP",5.2,2.98249611091946
"v1","ATP",5.3,3.05429573724106
"v1","ATP",5.4,3.12458224281964
"v1","ATP",5.5,3.19360160637087
"v1","ATP",5.6,3.26210643413591
"v1","ATP",5.7,3.33086466749403
"v1","ATP",5.8,3.40064424782447
"v1","ATP",5.9,3.4722129365138
"v1","ATP",6,3.54624705866215
"v1","ATP",6.1,3.62318300911407
"v1","ATP",6.2,3.70341830429309
"v1","ATP",6.3,3.78735046062275
"v1","ATP",6.4,3.87537699452661
"v1","ATP",6.5,3.96784116922486
"v1","ATP",6.6,4.06455326446815
"v1","ATP",6.7,4.1650210441453
"v1","ATP",6.8,4.26874879994014
"v1","ATP",6.9,4.3752408235365
"v1","ATP",7,4.48399899243608
"v1","ATP",7.1,4.59431484852326
"v1","ATP",7.2,4.7051093567268
"v1","ATP",7.3,4.81526576037981
"v1","ATP",7.4,4.92366730281542
"v1","ATP",7.5,5.02919722736674
"v1","ATP",7.6,5.13099757379755
"v1","ATP",7.7,5.22980749132578
"v1","ATP",7.8,5.32697478003405
"v1","ATP",7.9,5.42384843813664
"v1","ATP",8,5.5217774638478
"v1","ATP",8.1,5.62208880054356
"v1","ATP",8.2,5.725380765092
"v1","ATP",8.3,5.83137356506067
"v1","ATP",8.4,5.93973512988204
"v1","ATP",8.5,6.05013338898858
"v1","ATP",8.6,6.16223627181275
"v1","ATP",8.7,6.27579948179918
"v1","ATP",8.8,6.39092981844117
"v1","ATP",8.9,6.50782185524416
"v1","ATP",9,6.62667016571358
"v1","ATP",9.1,6.7476693233549
"v1","ATP",9.2,6.87097818186376
"v1","ATP",9.3,6.99615561375546
"v1","ATP",9.4,7.12226264669612
"v1","ATP",9.5,7.24834523905711
"v1","ATP",9.6,7.37344934920979
"v1","ATP",9.7,7.49662198745545
"v1","ATP",9.8,7.61744454449827
"v1","ATP",9.9,7.73690063363502
"v1","ATP",10,7.8562010850267
"v1","ATP",10.1,7.97655672883428
"v1","ATP",10.2,8.09917839521876
"v1","ATP",10.3,8.22513054488316
"v1","ATP",10.4,8.3540397049752
"v1","ATP",10.5,8.48471624654492
"v1","ATP",10.6,8.615961172997
"v1","ATP",10.7,8.74657548773616
"v1","ATP",10.8,8.87536797300748
"v1","ATP",10.9,9.0018251425239
"v1","ATP",11,9.12662756199621
"v1","ATP",11.1,9.25057734151614
"v1","ATP",11.2,9.37447659117539
"v1","ATP",11.3,9.49912742106567
"v1","ATP",11.4,9.62531585156113
"v1","ATP",11.5,9.75372860862155
"v1","ATP",11.6,9.88501457757473
"v1","ATP",11.7,10.019822569259
"v1","ATP",11.8,10.1588013945127
"v1","ATP",11.9,10.3025659919835
"v1","ATP",12,10.4506122635046
"v1","ATP",12.1,10.6010874959134
"v1","ATP",12.2,10.7520586864107
"v1","ATP",12.3,10.9015928321972
"v1","ATP",12.4,11.0477569304734
"v1","ATP",12.5,11.189104357685
"v1","ATP",12.6,11.3261340072564
"v1","ATP",12.7,11.4598311518571
"v1","ATP",12.8,11.5911810641564
"v1","ATP",12.9,11.7211690168237
"v1","ATP",13,11.8507647917097
"v1","ATP",13.1,11.9806779733207
"v1","ATP",13.2,12.1114022428782
"v1","ATP",13.3,12.2434247464145
"v1","ATP",13.4,12.377232629962
"v1","ATP",13.5,12.5133121290171
"v1","ATP",13.6,12.6516869267605
"v1","ATP",13.7,12.7911669618132
"v1","ATP",13.8,12.9303654970084
"v1","ATP",13.9,13.0678957951794
"v1","ATP",14,13.2023711191593
"v1","ATP",14.1,13.3325675811505
"v1","ATP",14.2,13.4588611255568
"v1","ATP",14.3,13.582535744864
"v1","ATP",14.4,13.7048858539174
"v1","ATP",14.5,13.8272058675626
"v1","ATP",14.6,13.9507812532071
"v1","ATP",14.7,14.0761179327559
"v1","ATP",14.8,14.2023483964385
"v1","ATP",14.9,14.3284653307715
"v1","ATP",15,14.4534614222716
"v1","ATP",15.1,14.5763293574557
"v1","ATP",15.2,14.6962263964272
"v1","ATP",15.3,14.8133254316574
"v1","ATP",15.4,14.9281864083128
"v1","ATP",15.5,15.0413700334745
"v1","ATP",15.6,15.1534370142237
"v1","ATP",15.7,15.2649445946516
"v1","ATP",15.8,15.3763356119184
"v1","ATP",15.9,15.4879150248762
"v1","ATP",16,15.5999795838082
"v1","ATP",16.1,15.7128260389977
"v1","ATP",16.2,15.8267511407278
"v1","ATP",16.3,15.9420125673924
"v1","ATP",16.4,16.0587117098288
"v1","ATP",16.5,16.176910886985
"v1","ATP",16.6,16.2966724178092
"v1","ATP",16.7,16.4180586212493
"v1","ATP",16.8,16.5411047058262
"v1","ATP",16.9,16.6653905096035
"v1","ATP",17,16.7901180190653
"v1","ATP",17.1,16.9144777834844
"v1","ATP",17.2,17.0376603521334
"v1","ATP",17.3,17.1588572742648
"v1","ATP",17.4,17.27776808885
"v1","ATP",17.5,17.3954253078825
"v1","ATP",17.6,17.5130774389842
"v1","ATP",17.7,17.6319729897773
"v1","ATP",17.8,17.7533604678838
"v1","ATP",17.9,17.8783182220127
"v1","ATP",18,18.0062529597106
"v1","ATP",18.1,18.1356225824251
"v1","ATP",18.2,18.2648741014331
"v1","ATP",18.3,18.3924545280116
"v1","ATP",18.4,18.5168203479969
"v1","ATP",18.5,18.6372535182056
"v1","ATP",18.6,18.7544903403089
"v1","ATP",18.7,18.8694151559675
"v1","ATP",18.8,18.9829123068418
"v1","ATP",18.9,19.0958661345926
"v1","ATP",19,19.2090603764862
"v1","ATP",19.1,19.3226579102651
"v1","ATP",19.2,19.436585007041
"v1","ATP",19.3,19.5507674721646
"v1","ATP",19.4,19.6651311109869
"v1","ATP",19.5,19.7795908596767
"v1","ATP",19.6,19.8937025688468
"v1","ATP",19.7,20.0065893346553
"v1","ATP",19.8,20.117348489274
"v1","ATP",19.9,20.2250773648753
"v1","ATP",20,20.3288732936308
"v1","FAD",4.8,3.34935925537066
"v1","FAD",4.9,3.41581452737944
"v1","FAD",5,3.47979098721273
"v1","FAD",5.1,3.54217397770131
"v1","FAD",5.2,3.603848841676
"v1","FAD",5.3,3.6657009219676
"v1","FAD",5.4,3.72857851936629
"v1","FAD",5.5,3.79270774413652
"v1","FAD",5.6,3.85779843310181
"v1","FAD",5.7,3.92354479597479
"v1","FAD",5.8,3.98964104246812
"v1","FAD",5.9,4.0557821622979
"v1","FAD",6,4.12205938694147
"v1","FAD",6.1,4.18960369249768
"v1","FAD",6.2,4.25971453581425
"v1","FAD",6.3,4.33369137373888
"v1","FAD",6.4,4.41283366311929
"v1","FAD",6.5,4.49830925772543
"v1","FAD",6.6,4.58999314269131
"v1","FAD",6.7,4.68702648438935
"v1","FAD",6.8,4.78854202659497
"v1","FAD",6.9,4.8936725130836
"v1","FAD",7,5.00155338074845
"v1","FAD",7.1,5.11155470436761
"v1","FAD",7.2,5.22345995229539
"v1","FAD",7.3,5.33709467285117
"v1","FAD",7.4,5.45228441435428
"v1","FAD",7.5,5.56885472512407
"v1","FAD",7.6,5.68666556791449
"v1","FAD",7.7,5.80578928715218
"v1","FAD",7.8,5.92637916491552
"v1","FAD",7.9,6.04858864260894
"v1","FAD",8,6.1725711616369
"v1","FAD",8.1,6.29846592792661
"v1","FAD",8.2,6.42594184941587
"v1","FAD",8.3,6.55410105115172
"v1","FAD",8.4,6.6820119148277
"v1","FAD",8.5,6.80874282213734
"v1","FAD",8.6,6.93336215477419
"v1","FAD",8.7,7.05528244678521
"v1","FAD",8.8,7.17529284163116
"v1","FAD",8.9,7.29452663512625
"v1","FAD",9,7.41411712308464
"v1","FAD",9.1,7.53519760132056
"v1","FAD",9.2,7.65884440270194
"v1","FAD",9.3,7.78517706060871
"v1","FAD",9.4,7.9135211873573
"v1","FAD",9.5,8.04317836402117
"v1","FAD",9.6,8.17345017167381
"v1","FAD",9.7,8.30363823342606
"v1","FAD",9.8,8.43306552738198
"v1","FAD",9.9,8.5611110674841
"v1","FAD",10,8.68716294775077
"v1","FAD",10.1,8.81060926220038
"v1","FAD",10.2,8.93083810485128
"v1","FAD",10.3,9.04743688974751
"v1","FAD",10.4,9.16195115086508
"v1","FAD",10.5,9.27703783064303
"v1","FAD",10.6,9.39536662800204
"v1","FAD",10.7,9.51960724186281
"v1","FAD",10.8,9.65240904117192
"v1","FAD",10.9,9.79465014588309
"v1","FAD",11,9.9440880249266
"v1","FAD",11.1,10.0981624913876
"v1","FAD",11.2,10.2543133583512
"v1","FAD",11.3,10.4099804389025
"v1","FAD",11.4,10.5629232336752
"v1","FAD",11.5,10.7128741298872
"v1","FAD",11.6,10.8603173725097
"v1","FAD",11.7,11.0057386865487
"v1","FAD",11.8,11.1496237970102
"v1","FAD",11.9,11.2924586118214
"v1","FAD",12,11.4347350820784
"v1","FAD",12.1,11.5769524418452
"v1","FAD",12.2,11.7196103587762
"v1","FAD",12.3,11.8632085005259
"v1","FAD",12.4,12.0082465347486
"v1","FAD",12.5,12.1550581621047
"v1","FAD",12.6,12.3033132152783
"v1","FAD",12.7,12.4525155599594
"v1","FAD",12.8,12.602169061838
"v1","FAD",12.9,12.7517775866041
"v1","FAD",13,12.9008679815468
"v1","FAD",13.1,13.0493531130026
"v1","FAD",13.2,13.1974661533455
"v1","FAD",13.3,13.3454499703115
"v1","FAD",13.4,13.4935474316367
"v1","FAD",13.5,13.6420015050311
"v1","FAD",13.6,13.79110594489
"v1","FAD",13.7,13.9412877706714
"v1","FAD",13.8,14.092995596172
"v1","FAD",13.9,14.2466780351886
"v1","FAD",14,14.402783701518
"v1","FAD",14.1,14.5616442740907
"v1","FAD",14.2,14.7224426637141
"v1","FAD",14.3,14.8837097523824
"v1","FAD",14.4,15.0439689382584
"v1","FAD",14.5,15.2017436195052
"v1","FAD",14.6,15.3555670624057
"v1","FAD",14.7,15.5048322932002
"v1","FAD",14.8,15.6504470945538
"v1","FAD",14.9,15.7934734385071
"v1","FAD",15,15.9349732971003
"v1","FAD",15.1,16.076008642374
"v1","FAD",15.2,16.2175125408714
"v1","FAD",15.3,16.3596225451193
"v1","FAD",15.4,16.5021730410119
"v1","FAD",15.5,16.6449978176591
"v1","FAD",15.6,16.7879306641705
"v1","FAD",15.7,16.9308066112856
"v1","FAD",15.8,17.0735017095028
"v1","FAD",15.9,17.215941444569
"v1","FAD",16,17.3580542453526
"v1","FAD",16.1,17.4997685407223
"v1","FAD",16.2,17.6410127595466
"v1","FAD",16.3,17.7817963781505
"v1","FAD",16.4,17.9224530626859
"v1","FAD",16.5,18.0633975267609
"v1","FAD",16.6,18.2050444839839
"v1","FAD",16.7,18.3478086479632
"v1","FAD",16.8,18.4920788827452
"v1","FAD",16.9,18.6378098605173
"v1","FAD",17,18.7845959751984
"v1","FAD",17.1,18.9320207154239
"v1","FAD",17.2,19.0796675698289
"v1","FAD",17.3,19.2271201200038
"v1","FAD",17.4,19.3740091688169
"v1","FAD",17.5,19.520089428513
"v1","FAD",17.6,19.6651356896756
"v1","FAD",17.7,19.8089227428879
"v1","FAD",17.8,19.9512253787335
"v1","FAD",17.9,20.0918288517275
"v1","FAD",18,20.2306212140504
"v1","FAD",18.1,20.367548864766
"v1","FAD",18.2,20.5025588726299
"v1","FAD",18.3,20.6355983063975
"v1","FAD",18.4,20.7666149808884
"v1","FAD",18.5,20.8956217117449
"v1","FAD",18.6,21.0227458354286
"v1","FAD",18.7,21.1481263456502
"v1","FAD",18.8,21.2719022361206
"v1","FAD",18.9,21.3942125005506
"v1","FAD",19,21.5152215096763
"v1","FAD",19.1,21.6352502433747
"v1","FAD",19.2,21.7546793645265
"v1","FAD",19.3,21.8738896534988
"v1","FAD",19.4,21.9932618906583
"v1","FAD",19.5,22.1131686478175
"v1","FAD",19.6,22.233711310471
"v1","FAD",19.7,22.3546644420369
"v1","FAD",19.8,22.4757831486194
"v1","FAD",19.9,22.5968225363225
"v1","FAD",20,22.7175377112502
"v1","FMN",4.8,3.17217502585579
"v1","FMN",4.9,3.27113387708996
"v1","FMN",5,3.34260878823719
"v1","FMN",5.1,3.39499123466182
"v1","FMN",5.2,3.43667269172822
"v1","FMN",5.3,3.47604463480075
"v1","FMN",5.4,3.5211765194088
"v1","FMN",5.5,3.57472887416658
"v1","FMN",5.6,3.63487407623866
"v1","FMN",5.7,3.69964865067174
"v1","FMN",5.8,3.76708912251252
"v1","FMN",5.9,3.83523319278971
"v1","FMN",6,3.90271596139582
"v1","FMN",6.1,3.96974011224983
"v1","FMN",6.2,4.03676234138605
"v1","FMN",6.3,4.10423934483878
"v1","FMN",6.4,4.1726278186423
"v1","FMN",6.5,4.24242032500851
"v1","FMN",6.6,4.3144617754781
"v1","FMN",6.7,4.38979707139802
"v1","FMN",6.8,4.46947340955064
"v1","FMN",6.9,4.55453798671828
"v1","FMN",7,4.64602535537555
"v1","FMN",7.1,4.74386843268403
"v1","FMN",7.2,4.84605923456519
"v1","FMN",7.3,4.95039220963182
"v1","FMN",7.4,5.05466180649677
"v1","FMN",7.5,5.15666247377283
"v1","FMN",7.6,5.25464684468887
"v1","FMN",7.7,5.34969514549767
"v1","FMN",7.8,5.44396518478977
"v1","FMN",7.9,5.53961689238072
"v1","FMN",8,5.63881019808613
"v1","FMN",8.1,5.74365426212182
"v1","FMN",8.2,5.85458096755586
"v1","FMN",8.3,5.97000081524351
"v1","FMN",8.4,6.08820396328505
"v1","FMN",8.5,6.20748056978074
"v1","FMN",8.6,6.32612079283086
"v1","FMN",8.7,6.44264778071617
"v1","FMN",8.8,6.55651664243946
"v1","FMN",8.9,6.66741547718397
"v1","FMN",9,6.77503238413299
"v1","FMN",9.1,6.87905546246978
"v1","FMN",9.2,6.97926848913468
"v1","FMN",9.3,7.07706232839362
"v1","FMN",9.4,7.17516135325157
"v1","FMN",9.5,7.27633030076723
"v1","FMN",9.6,7.38333390799934
"v1","FMN",9.7,7.49893371589292
"v1","FMN",9.8,7.62426763964158
"v1","FMN",9.9,7.75621317489824
"v1","FMN",10,7.89095745676009
"v1","FMN",10.1,8.02468762032432
"v1","FMN",10.2,8.15359080068814
"v1","FMN",10.3,8.27430603417631
"v1","FMN",10.4,8.38791183477348
"v1","FMN",10.5,8.49800651770927
"v1","FMN",10.6,8.60821731989194
"v1","FMN",10.7,8.72217147822969
"v1","FMN",10.8,8.84347263870206
"v1","FMN",10.9,8.97366908762557
"v1","FMN",11,9.11068790376123
"v1","FMN",11.1,9.25208755760916
"v1","FMN",11.2,9.39542651966945
"v1","FMN",11.3,9.5382632604422
"v1","FMN",11.4,9.67851980336676
"v1","FMN",11.5,9.81636176478997
"v1","FMN",11.6,9.95280978371212
"v1","FMN",11.7,10.0888861822489
"v1","FMN",11.8,10.2256132825162
"v1","FMN",11.9,10.3639872866859
"v1","FMN",12,10.504141471384
"v1","FMN",12.1,10.6451691525161
"v1","FMN",12.2,10.7861017320477
"v1","FMN",12.3,10.925970611944
"v1","FMN",12.4,11.0638071941703
"v1","FMN",12.5,11.1989215604177
"v1","FMN",12.6,11.3317385112817
"v1","FMN",12.7,11.4629615270832
"v1","FMN",12.8,11.5932940881435
"v1","FMN",12.9,11.7234396747837
"v1","FMN",13,11.8540490492931
"v1","FMN",13.1,11.9848874757692
"v1","FMN",13.2,12.1149854607401
"v1","FMN",13.3,12.2433512703141
"v1","FMN",13.4,12.3689931705996
"v1","FMN",13.5,12.4909207331677
"v1","FMN",13.6,12.6088067046222
"v1","FMN",13.7,12.7240640132975
"v1","FMN",13.8,12.8383875674628
"v1","FMN",13.9,12.9534722753877
"v1","FMN",14,13.0710130453416
"v1","FMN",14.1,13.1925341665035
"v1","FMN",14.2,13.3178837661087
"v1","FMN",14.3,13.4459585993443
"v1","FMN",14.4,13.575644501776
"v1","FMN",14.5,13.7058273089693
"v1","FMN",14.6,13.8354010819125
"v1","FMN",14.7,13.9639765215661
"v1","FMN",14.8,14.0924269313086
"v1","FMN",14.9,14.2217541367519
"v1","FMN",15,14.3529599635076
"v1","FMN",15.1,14.4870462371876
"v1","FMN",15.2,14.6246900301269
"v1","FMN",15.3,14.7645642659674
"v1","FMN",15.4,14.9045780967558
"v1","FMN",15.5,15.0426391710514
"v1","FMN",15.6,15.1766551374137
"v1","FMN",15.7,15.3045821371737
"v1","FMN",15.8,15.4259783691555
"v1","FMN",15.9,15.5423327629065
"v1","FMN",16,15.6552491938032
"v1","FMN",16.1,15.7663315372222
"v1","FMN",16.2,15.8771836685399
"v1","FMN",16.3,15.9889836066889
"v1","FMN",16.4,16.1012059448264
"v1","FMN",16.5,16.2128994196655
"v1","FMN",16.6,16.3231127679194
"v1","FMN",16.7,16.4308947263013
"v1","FMN",16.8,16.5353296341373
"v1","FMN",16.9,16.6360998433933
"v1","FMN",17,16.7333839174533
"v1","FMN",17.1,16.8273754395538
"v1","FMN",17.2,16.9182679929311
"v1","FMN",17.3,17.00625540961
"v1","FMN",17.4,17.0916579060691
"v1","FMN",17.5,17.1751273335846
"v1","FMN",17.6,17.2573692817044
"v1","FMN",17.7,17.3390893399764
"v1","FMN",17.8,17.4209930979485
"v1","FMN",17.9,17.503730725771
"v1","FMN",18,17.5874079534303
"v1","FMN",18.1,17.671821492351
"v1","FMN",18.2,17.7567645071164
"v1","FMN",18.3,17.8420301623097
"v1","FMN",18.4,17.9274166127742
"v1","FMN",18.5,18.0131567897761
"v1","FMN",18.6,18.1002496295274
"v1","FMN",18.7,18.1897720410561
"v1","FMN",18.8,18.28280093339
"v1","FMN",18.9,18.3804132155574
"v1","FMN",19,18.4833077132712
"v1","FMN",19.1,18.5898499880841
"v1","FMN",19.2,18.6975164056044
"v1","FMN",19.3,18.8037815810548
"v1","FMN",19.4,18.9061201296578
"v1","FMN",19.5,19.0020700838668
"v1","FMN",19.6,19.0912645935343
"v1","FMN",19.7,19.1758617538085
"v1","FMN",19.8,19.2581699821624
"v1","FMN",19.9,19.3404976960691
"v1","FMN",20,19.4251533130015
"v1","GLC",4.8,1.81618778103849
"v1","GLC",4.9,1.83495599709023
"v1","GLC",5,1.85299905330164
"v1","GLC",5.1,1.872815636908
"v1","GLC",5.2,1.89690443514456
"v1","GLC",5.3,1.92776413524658
"v1","GLC",5.4,1.96773882379905
"v1","GLC",5.5,2.01657577958968
"v1","GLC",5.6,2.07186753484318
"v1","GLC",5.7,2.13114139963495
"v1","GLC",5.8,2.19192468404038
"v1","GLC",5.9,2.25174726427011
"v1","GLC",6,2.3094426132379
"v1","GLC",6.1,2.36726486213558
"v1","GLC",6.2,2.42802242736735
"v1","GLC",6.3,2.4945237253374
"v1","GLC",6.4,2.56957717244992
"v1","GLC",6.5,2.65561764302298
"v1","GLC",6.6,2.75141033392064
"v1","GLC",6.7,2.85363757133482
"v1","GLC",6.8,2.95895777476388
"v1","GLC",6.9,3.06402936370619
"v1","GLC",7,3.16552990124708
"v1","GLC",7.1,3.26180483548285
"v1","GLC",7.2,3.35413815510314
"v1","GLC",7.3,3.44411296734329
"v1","GLC",7.4,3.53331237943868
"v1","GLC",7.5,3.62331949862465
"v1","GLC",7.6,3.71534446646708
"v1","GLC",7.7,3.80829574287705
"v1","GLC",7.8,3.90020462776519
"v1","GLC",7.9,3.98910069434919
"v1","GLC",8,4.07301351584675
"v1","GLC",8.1,4.15003020794137
"v1","GLC",8.2,4.2201389188898
"v1","GLC",8.3,4.28561883956792
"v1","GLC",8.4,4.34888555780755
"v1","GLC",8.5,4.41235466144049
"v1","GLC",8.6,4.47844173829855
"v1","GLC",8.7,4.54910939885113
"v1","GLC",8.8,4.62450834411787
"v1","GLC",8.9,4.70433629775602
"v1","GLC",9,4.78829098342279
"v1","GLC",9.1,4.87607012477543
"v1","GLC",9.2,4.96731753762566
"v1","GLC",9.3,5.06077155444255
"v1","GLC",9.4,5.15441916709831
"v1","GLC",9.5,5.24622462509284
"v1","GLC",9.6,5.33415217792601
"v1","GLC",9.7,5.41616890948917
"v1","GLC",9.8,5.49168177454186
"v1","GLC",9.9,5.56387597167674
"v1","GLC",10,5.63654892804462
"v1","GLC",10.1,5.7134980707963
"v1","GLC",10.2,5.79852082708257
"v1","GLC",10.3,5.89494831994541
"v1","GLC",10.4,6.00153070086163
"v1","GLC",10.5,6.11441800959724
"v1","GLC",10.6,6.22973044245525
"v1","GLC",10.7,6.34358819573869
"v1","GLC",10.8,6.45213271994941
"v1","GLC",10.9,6.55335723766263
"v1","GLC",11,6.64851749097447
"v1","GLC",11.1,6.73920131883784
"v1","GLC",11.2,6.8269965602056
"v1","GLC",11.3,6.91349105403068
"v1","GLC",11.4,7.00017581046262
"v1","GLC",11.5,7.08794428041554
"v1","GLC",11.6,7.17746218780312
"v1","GLC",11.7,7.26939480825753
"v1","GLC",11.8,7.36440741741095
"v1","GLC",11.9,7.46314082623495
"v1","GLC",12,7.56542760580288
"v1","GLC",12.1,7.67012627125693
"v1","GLC",12.2,7.77603734743264
"v1","GLC",12.3,7.88196135916562
"v1","GLC",12.4,7.9866988312914
"v1","GLC",12.5,8.08928858643402
"v1","GLC",12.6,8.18972263837116
"v1","GLC",12.7,8.28823129866896
"v1","GLC",12.8,8.38504487889355
"v1","GLC",12.9,8.48039369061105
"v1","GLC",13,8.57454222103184
"v1","GLC",13.1,8.6683290013905
"v1","GLC",13.2,8.76306888596311
"v1","GLC",13.3,8.8600911468757
"v1","GLC",13.4,8.96072505625424
"v1","GLC",13.5,9.06629816868418
"v1","GLC",13.6,9.1772655281429
"v1","GLC",13.7,9.29179269703188
"v1","GLC",13.8,9.40767424899017
"v1","GLC",13.9,9.52270475765676
"v1","GLC",14,9.6346787966707
"v1","GLC",14.1,9.74165169632187
"v1","GLC",14.2,9.84424046023838
"v1","GLC",14.3,9.94451607113362
"v1","GLC",14.4,10.0445662001466
"v1","GLC",14.5,10.1464785184164
"v1","GLC",14.6,10.252325493642
"v1","GLC",14.7,10.3628549938056
"v1","GLC",14.8,10.4764811588377
"v1","GLC",14.9,10.5913805749176
"v1","GLC",15,10.7057298282244
"v1","GLC",15.1,10.8177055049375
"v1","GLC",15.2,10.9258030426779
"v1","GLC",15.3,11.0304856057888
"v1","GLC",15.4,11.1329662499671
"v1","GLC",15.5,11.2344595070742
"v1","GLC",15.6,11.336179908971
"v1","GLC",15.7,11.4393192923861
"v1","GLC",15.8,11.5443197141086
"v1","GLC",15.9,11.6507196284222
"v1","GLC",16,11.7580036937407
"v1","GLC",16.1,11.8656565684778
"v1","GLC",16.2,11.9731629110471
"v1","GLC",16.3,12.0800157903236
"v1","GLC",16.4,12.185741917028
"v1","GLC",16.5,12.289876412342
"v1","GLC",16.6,12.3919543974475
"v1","GLC",16.7,12.4915109935263
"v1","GLC",16.8,12.5881450520256
"v1","GLC",16.9,12.6825258936945
"v1","GLC",17,12.7762110798559
"v1","GLC",17.1,12.8707850580385
"v1","GLC",17.2,12.9678322757711
"v1","GLC",17.3,13.0689355646343
"v1","GLC",17.4,13.1748568546599
"v1","GLC",17.5,13.2842040172864
"v1","GLC",17.6,13.3952358791994
"v1","GLC",17.7,13.5062112670844
"v1","GLC",17.8,13.6153890076269
"v1","GLC",17.9,13.721265750272
"v1","GLC",18,13.8246745152538
"v1","GLC",18.1,13.9277744225139
"v1","GLC",18.2,14.0327398126502
"v1","GLC",18.3,14.1417450262605
"v1","GLC",18.4,14.2569425207472
"v1","GLC",18.5,14.378578180079
"v1","GLC",18.6,14.5035388176714
"v1","GLC",18.7,14.6283693220051
"v1","GLC",18.8,14.7496145815614
"v1","GLC",18.9,14.863819484821
"v1","GLC",19,14.968332267093
"v1","GLC",19.1,15.0654588549899
"v1","GLC",19.2,15.1593945278492
"v1","GLC",19.3,15.2543382842065
"v1","GLC",19.4,15.3544891225978
"v1","GLC",19.5,15.4639181993724
"v1","GLC",19.6,15.5824731438375
"v1","GLC",19.7,15.7049115723292
"v1","GLC",19.8,15.8256880678531
"v1","GLC",19.9,15.9392572134146
"v1","GLC",20,16.0400735920194
"v1","HEM",4.8,4.19961095669855
"v1","HEM",4.9,4.27961307684483
"v1","HEM",5,4.35133060025216
"v1","HEM",5.1,4.41533334445021
"v1","HEM",5.2,4.47219112696866
"v1","HEM",5.3,4.52247376533717
"v1","HEM",5.4,4.56680196643922
"v1","HEM",5.5,4.60665121927272
"v1","HEM",5.6,4.64420628320408
"v1","HEM",5.7,4.6816733865458
"v1","HEM",5.8,4.72125875761042
"v1","HEM",5.9,4.7651668728513
"v1","HEM",6,4.81471226426491
"v1","HEM",6.1,4.86887423557806
"v1","HEM",6.2,4.92625368893747
"v1","HEM",6.3,4.98545152648982
"v1","HEM",6.4,5.04506865038185
"v1","HEM",6.5,5.10391439771931
"v1","HEM",6.6,5.16284577064568
"v1","HEM",6.7,5.22388200463616
"v1","HEM",6.8,5.28905567500328
"v1","HEM",6.9,5.3603993570596
"v1","HEM",7,5.43992688711237
"v1","HEM",7.1,5.52801946563235
"v1","HEM",7.2,5.62218185577722
"v1","HEM",7.3,5.7196260237469
"v1","HEM",7.4,5.8175639357413
"v1","HEM",7.5,5.91320755796034
"v1","HEM",7.6,6.00424365943939
"v1","HEM",7.7,6.09128915819376
"v1","HEM",7.8,6.17607763816658
"v1","HEM",7.9,6.26034488146227
"v1","HEM",8,6.34582667018522
"v1","HEM",8.1,6.43422996552861
"v1","HEM",8.2,6.52630957117325
"v1","HEM",8.3,6.62167279155579
"v1","HEM",8.4,6.71985861487882
"v1","HEM",8.5,6.82040602934494
"v1","HEM",8.6,6.92285402315675
"v1","HEM",8.7,7.02668386306145
"v1","HEM",8.8,7.13114592998476
"v1","HEM",8.9,7.235432883397
"v1","HEM",9,7.3387373827685
"v1","HEM",9.1,7.4402520875696
"v1","HEM",9.2,7.53921407142193
"v1","HEM",9.3,7.63560642689474
"v1","HEM",9.4,7.73003126879102
"v1","HEM",9.5,7.82310944913386
"v1","HEM",9.6,7.91546181994634
"v1","HEM",9.7,8.00770870798654
"v1","HEM",9.8,8.10020360540397
"v1","HEM",9.9,8.19259982613302
"v1","HEM",10,8.2844372268729
"v1","HEM",10.1,8.37525566432286
"v1","HEM",10.2,8.46459499518211
"v1","HEM",10.3,8.55209945258798
"v1","HEM",10.4,8.6384386638056
"v1","HEM",10.5,8.72486425911887
"v1","HEM",10.6,8.81263454890376
"v1","HEM",10.7,8.90300784353622
"v1","HEM",10.8,8.9972309830239
"v1","HEM",10.9,9.0955514515368
"v1","HEM",11,9.19645603171163
"v1","HEM",11.1,9.29825228168051
"v1","HEM",11.2,9.39924775957556
"v1","HEM",11.3,9.49775002352891
"v1","HEM",11.4,9.59240914361024
"v1","HEM",11.5,9.68398893254111
"v1","HEM",11.6,9.77405874037771
"v1","HEM",11.7,9.86418950287965
"v1","HEM",11.8,9.9559521558066
"v1","HEM",11.9,10.0508786142562
"v1","HEM",12,10.1492116662718
"v1","HEM",12.1,10.2496404994668
"v1","HEM",12.2,10.3507618080339
"v1","HEM",12.3,10.4511722861655
"v1","HEM",12.4,10.5494686280543
"v1","HEM",12.5,10.6446667411926
"v1","HEM",12.6,10.7374593862724
"v1","HEM",12.7,10.8289585372854
"v1","HEM",12.8,10.9202761682235
"v1","HEM",12.9,11.0125242530785
"v1","HEM",13,11.106778511992
"v1","HEM",13.1,11.2035057137198
"v1","HEM",13.2,11.302667338983
"v1","HEM",13.3,11.4042095739103
"v1","HEM",13.4,11.5080786046301
"v1","HEM",13.5,11.6142206427997
"v1","HEM",13.6,11.7225948687725
"v1","HEM",13.7,11.8331944929643
"v1","HEM",13.8,11.9460182400394
"v1","HEM",13.9,12.0610648346625
"v1","HEM",14,12.1783330014978
"v1","HEM",14.1,12.2977413764644
"v1","HEM",14.2,12.4184218036468
"v1","HEM",14.3,12.5390595522851
"v1","HEM",14.4,12.6583347659397
"v1","HEM",14.5,12.7749275881711
"v1","HEM",14.6,12.887528708544
"v1","HEM",14.7,12.9957476372508
"v1","HEM",14.8,13.1008126961488
"v1","HEM",14.9,13.2041169884129
"v1","HEM",15,13.3070536172184
"v1","HEM",15.1,13.4110156857402
"v1","HEM",15.2,13.5172256883812
"v1","HEM",15.3,13.6258532422607
"v1","HEM",15.4,13.736666717941
"v1","HEM",15.5,13.8494336961292
"v1","HEM",15.6,13.9639217575323
"v1","HEM",15.7,14.0798826606143
"v1","HEM",15.8,14.1965454438121
"v1","HEM",15.9,14.3125091858885
"v1","HEM",16,14.4263354610304
"v1","HEM",16.1,14.5365858434246
"v1","HEM",16.2,14.6418219072581
"v1","HEM",16.3,14.7411963723235
"v1","HEM",16.4,14.8362265408371
"v1","HEM",16.5,14.9290208606207
"v1","HEM",16.6,15.0216877794963
"v1","HEM",16.7,15.1163357452859
"v1","HEM",16.8,15.2149540843551
"v1","HEM",16.9,15.3175312548543
"v1","HEM",17,15.422395459634
"v1","HEM",17.1,15.5278246471802
"v1","HEM",17.2,15.6320967659789
"v1","HEM",17.3,15.7334909743685
"v1","HEM",17.4,15.8309010357586
"v1","HEM",17.5,15.9248334469442
"v1","HEM",17.6,16.0160560328605
"v1","HEM",17.7,16.105336618443
"v1","HEM",17.8,16.193443028627
"v1","HEM",17.9,16.2811252013742
"v1","HEM",18,16.3689573530159
"v1","HEM",18.1,16.4574139621179
"v1","HEM",18.2,16.5469683624795
"v1","HEM",18.3,16.6380938879002
"v1","HEM",18.4,16.7312565526839
"v1","HEM",18.5,16.8262846601011
"v1","HEM",18.6,16.9218829708835
"v1","HEM",18.7,17.0166418786481
"v1","HEM",18.8,17.1091517770116
"v1","HEM",18.9,17.1980030595909
"v1","HEM",19,17.2820960224824
"v1","HEM",19.1,17.3622434618081
"v1","HEM",19.2,17.4399870184108
"v1","HEM",19.3,17.516869767867
"v1","HEM",19.4,17.5944347857532
"v1","HEM",19.5,17.6741961441569
"v1","HEM",19.6,17.7567097258285
"v1","HEM",19.7,17.8413766449784
"v1","HEM",19.8,17.9275292668063
"v1","HEM",19.9,18.0144999565119
"v1","HEM",20,18.101621079295
"v1","NAD",4.8,3.30729116348327
"v1","NAD",4.9,3.39259681930151
"v1","NAD",5,3.47211925558323
"v1","NAD",5.1,3.54676288912375
"v1","NAD",5.2,3.61743213671839
"v1","NAD",5.3,3.68503141516248
"v1","NAD",5.4,3.75046439653388
"v1","NAD",5.5,3.81462224398393
"v1","NAD",5.6,3.87838574116407
"v1","NAD",5.7,3.94263535754804
"v1","NAD",5.8,4.00825156260958
"v1","NAD",5.9,4.07611466907823
"v1","NAD",6,4.1470253636253
"v1","NAD",6.1,4.22157539289146
"v1","NAD",6.2,4.30032264676818
"v1","NAD",6.3,4.38382501514695
"v1","NAD",6.4,4.47264038791926
"v1","NAD",6.5,4.56722701907212
"v1","NAD",6.6,4.66706433946693
"v1","NAD",6.7,4.77107621016172
"v1","NAD",6.8,4.87818011551662
"v1","NAD",6.9,4.98729353989179
"v1","NAD",7,5.09733974792781
"v1","NAD",7.1,5.20774561120198
"v1","NAD",7.2,5.31882527434492
"v1","NAD",7.3,5.43098319886976
"v1","NAD",7.4,5.54462384628958
"v1","NAD",7.5,5.66015167811752
"v1","NAD",7.6,5.77788153633786
"v1","NAD",7.7,5.89757519426874
"v1","NAD",7.8,6.01878365337348
"v1","NAD",7.9,6.14105750021021
"v1","NAD",8,6.26394732133703
"v1","NAD",8.1,6.38701992698298
"v1","NAD",8.2,6.51037810939458
"v1","NAD",8.3,6.63477060327207
"v1","NAD",8.4,6.76098459942461
"v1","NAD",8.5,6.88980728866133
"v1","NAD",8.6,7.02202586179136
"v1","NAD",8.7,7.15805899877672
"v1","NAD",8.8,7.29685133619082
"v1","NAD",8.9,7.43697899975994
"v1","NAD",9,7.57701811521034
"v1","NAD",9.1,7.71554480826833
"v1","NAD",9.2,7.85119464792488
"v1","NAD",9.3,7.98360166425827
"v1","NAD",9.4,8.11322837784885
"v1","NAD",9.5,8.24056238690433
"v1","NAD",9.6,8.3660912896324
"v1","NAD",9.7,8.49030277797462
"v1","NAD",9.8,8.61373216068108
"v1","NAD",9.9,8.73703969375728
"v1","NAD",10,8.86090587972573
"v1","NAD",10.1,8.98601122110891
"v1","NAD",10.2,9.11303622042935
"v1","NAD",10.3,9.24260602675458
"v1","NAD",10.4,9.37480199681036
"v1","NAD",10.5,9.50939683645753
"v1","NAD",10.6,9.6461597089358
"v1","NAD",10.7,9.78485977748485
"v1","NAD",10.8,9.92526437813297
"v1","NAD",10.9,10.0669816511099
"v1","NAD",11,10.2093392596864
"v1","NAD",11.1,10.351636316954
"v1","NAD",11.2,10.4931719360044
"v1","NAD",11.3,10.6332452299293
"v1","NAD",11.4,10.7713651987444
"v1","NAD",11.5,10.9083361168632
"v1","NAD",11.6,11.0454558816506
"v1","NAD",11.7,11.1840233621702
"v1","NAD",11.8,11.3253374274855
"v1","NAD",11.9,11.4706609248996
"v1","NAD",12,11.6200666494812
"v1","NAD",12.1,11.7721931965775
"v1","NAD",12.2,11.9255937766218
"v1","NAD",12.3,12.0788216000474
"v1","NAD",12.4,12.2304298772877
"v1","NAD",12.5,12.3794164456451
"v1","NAD",12.6,12.5265576498985
"v1","NAD",12.7,12.673074461696
"v1","NAD",12.8,12.8201878526853
"v1","NAD",12.9,12.9691187945146
"v1","NAD",13,13.1210041878163
"v1","NAD",13.1,13.2755688028862
"v1","NAD",13.2,13.4313656702426
"v1","NAD",13.3,13.5869123529443
"v1","NAD",13.4,13.7407264140503
"v1","NAD",13.5,13.8913266953188
"v1","NAD",13.6,14.0378816179608
"v1","NAD",13.7,14.1812641098993
"v1","NAD",13.8,14.3226232981945
"v1","NAD",13.9,14.4631083099067
"v1","NAD",14,14.6038682720962
"v1","NAD",14.1,14.7459352707737
"v1","NAD",14.2,14.8891915806805
"v1","NAD",14.3,15.0328668556662
"v1","NAD",14.4,15.1761832589532
"v1","NAD",14.5,15.3183629537639
"v1","NAD",14.6,15.4586322245164
"v1","NAD",14.7,15.5965764147839
"v1","NAD",14.8,15.7324134716447
"v1","NAD",14.9,15.8664257358564
"v1","NAD",15,15.9988955481764
"v1","NAD",15.1,16.1301052493624
"v1","NAD",15.2,16.260380158663
"v1","NAD",15.3,16.3903108283303
"v1","NAD",15.4,16.5205888896601
"v1","NAD",15.5,16.651906172923
"v1","NAD",15.6,16.7849545083896
"v1","NAD",15.7,16.9203997592407
"v1","NAD",15.8,17.0580499129583
"v1","NAD",15.9,17.1966790821626
"v1","NAD",16,17.3349998278542
"v1","NAD",16.1,17.4717247110337
"v1","NAD",16.2,17.6055662927018
"v1","NAD",16.3,17.7355305751159
"v1","NAD",16.4,17.8617973255604
"v1","NAD",16.5,17.9848397525766
"v1","NAD",16.6,18.1051310647057
"v1","NAD",16.7,18.223144470489
"v1","NAD",16.8,18.33936674112
"v1","NAD",16.9,18.4545124579658
"v1","NAD",17,18.5694852318587
"v1","NAD",17.1,18.6851943953749
"v1","NAD",17.2,18.8025492810905
"v1","NAD",17.3,18.9224582997018
"v1","NAD",17.4,19.0453615468927
"v1","NAD",17.5,19.1704702523799
"v1","NAD",17.6,19.2967965198121
"v1","NAD",17.7,19.4233524528377
"v1","NAD",17.8,19.5491501551053
"v1","NAD",17.9,19.6732686466053
"v1","NAD",18,19.7954443334689
"v1","NAD",18.1,19.915786747349
"v1","NAD",18.2,20.0344097025444
"v1","NAD",18.3,20.1514270133538
"v1","NAD",18.4,20.2669496389614
"v1","NAD",18.5,20.3808397866904
"v1","NAD",18.6,20.4925214037706
"v1","NAD",18.7,20.6013738262663
"v1","NAD",18.8,20.7067763902413
"v1","NAD",18.9,20.8081084317599
"v1","NAD",19,20.9049735132204
"v1","NAD",19.1,20.998358964169
"v1","NAD",19.2,21.0897794612719
"v1","NAD",19.3,21.1807507192802
"v1","NAD",19.4,21.2727884529448
"v1","NAD",19.5,21.3673756450527
"v1","NAD",19.6,21.4649139112789
"v1","NAD",19.7,21.5645016502075
"v1","NAD",19.8,21.6651596735446
"v1","NAD",19.9,21.7659087929962
"v1","NAD",20,21.8657698202683
"v1","PO4",4.8,1.31959524278663
"v1","PO4",4.9,1.37260017819582
"v1","PO4",5,1.42785459428076
"v1","PO4",5.1,1.48384590749003
"v1","PO4",5.2,1.53906153427221
"v1","PO4",5.3,1.59198889107586
"v1","PO4",5.4,1.64123118645617
"v1","PO4",5.5,1.68733657450867
"v1","PO4",5.6,1.73246706181452
"v1","PO4",5.7,1.77883350474984
"v1","PO4",5.8,1.82864675969074
"v1","PO4",5.9,1.88411589294877
"v1","PO4",6,1.94654061802775
"v1","PO4",6.1,2.01483449234359
"v1","PO4",6.2,2.08752441936243
"v1","PO4",6.3,2.16313730255045
"v1","PO4",6.4,2.2402000453738
"v1","PO4",6.5,2.31734523668233
"v1","PO4",6.6,2.3942437185351
"v1","PO4",6.7,2.47115563469056
"v1","PO4",6.8,2.54834789277171
"v1","PO4",6.9,2.62608740040156
"v1","PO4",7,2.70463990045064
"v1","PO4",7.1,2.78416965673148
"v1","PO4",7.2,2.8646621435541
"v1","PO4",7.3,2.94608463597134
"v1","PO4",7.4,3.02840440903604
"v1","PO4",7.5,3.11158873780103
"v1","PO4",7.6,3.19557385454576
"v1","PO4",7.7,3.28010441739719
"v1","PO4",7.8,3.36485207647818
"v1","PO4",7.9,3.44948833819504
"v1","PO4",8,3.5336847089541
"v1","PO4",8.1,3.61711900014333
"v1","PO4",8.2,3.69967732106321
"v1","PO4",8.3,3.78149681269131
"v1","PO4",8.4,3.86272956114691
"v1","PO4",8.5,3.94352765254927
"v1","PO4",8.6,4.02404317301766
"v1","PO4",8.7,4.10443817334642
"v1","PO4",8.8,4.18491456303007
"v1","PO4",8.9,4.26568421623821
"v1","PO4",9,4.34695900714043
"v1","PO4",9.1,4.42895080990632
"v1","PO4",9.2,4.51185592215625
"v1","PO4",9.3,4.59560900416034
"v1","PO4",9.4,4.67992761803388
"v1","PO4",9.5,4.76452275453545
"v1","PO4",9.6,4.84910540442366
"v1","PO4",9.7,4.93338690458201
"v1","PO4",9.8,5.01725442335158
"v1","PO4",9.9,5.10105651358713
"v1","PO4",10,5.18521649112538
"v1","PO4",10.1,5.27015767180304
"v1","PO4",10.2,5.35630337145684
"v1","PO4",10.3,5.44400740605269
"v1","PO4",10.4,5.53294082482575
"v1","PO4",10.5,5.62238714573164
"v1","PO4",10.6,5.7116254387342
"v1","PO4",10.7,5.7999347737973
"v1","PO4",10.8,5.88660161078464
"v1","PO4",10.9,5.97155625458321
"v1","PO4",11,6.05586335970501
"v1","PO4",11.1,6.14070304784696
"v1","PO4",11.2,6.22725544070599
"v1","PO4",11.3,6.31670065997904
"v1","PO4",11.4,6.41000642445386
"v1","PO4",11.5,6.50682965163134
"v1","PO4",11.6,6.60632771883708
"v1","PO4",11.7,6.70765702004985
"v1","PO4",11.8,6.80997394924843
"v1","PO4",11.9,6.91244154857881
"v1","PO4",12,7.01444249593314
"v1","PO4",12.1,7.11562416474965
"v1","PO4",12.2,7.21564968708514
"v1","PO4",12.3,7.31418219499639
"v1","PO4",12.4,7.41088482054022
"v1","PO4",12.5,7.50559732930152
"v1","PO4",12.6,7.59886602097742
"v1","PO4",12.7,7.69141382879322
"v1","PO4",12.8,7.78396368597415
"v1","PO4",12.9,7.87723852574547
"v1","PO4",13,7.97193611774941
"v1","PO4",13.1,8.06833156206943
"v1","PO4",13.2,8.16634924135048
"v1","PO4",13.3,8.26590292235093
"v1","PO4",13.4,8.36690637182915
"v1","PO4",13.5,8.46927321137619
"v1","PO4",13.6,8.57284331759071
"v1","PO4",13.7,8.67726305905004
"v1","PO4",13.8,8.78214744819303
"v1","PO4",13.9,8.88711149745849
"v1","PO4",14,8.99177021928525
"v1","PO4",14.1,9.09578300381448
"v1","PO4",14.2,9.19924520773483
"v1","PO4",14.3,9.30249963780313
"v1","PO4",14.4,9.40589194094915
"v1","PO4",14.5,9.50976776410259
"v1","PO4",14.6,9.61447009227078
"v1","PO4",14.7,9.72010999046854
"v1","PO4",14.8,9.82638991861629
"v1","PO4",14.9,9.93297074409635
"v1","PO4",15,10.0395133342911
"v1","PO4",15.1,10.1456785565827
"v1","PO4",15.2,10.2511339467735
"v1","PO4",15.3,10.3555881934609
"v1","PO4",15.4,10.458765668378
"v1","PO4",15.5,10.5603907741302
"v1","PO4",15.6,10.6601879133229
"v1","PO4",15.7,10.7578983170465
"v1","PO4",15.8,10.853819179669
"v1","PO4",15.9,10.948917718567
"v1","PO4",16,11.0442010408591
"v1","PO4",16.1,11.1406762536637
"v1","PO4",16.2,11.2393504640994
"v1","PO4",16.3,11.340875686925
"v1","PO4",16.4,11.4444835674605
"v1","PO4",16.5,11.5490506586663
"v1","PO4",16.6,11.6534535135027
"v1","PO4",16.7,11.75656868493
"v1","PO4",16.8,11.8573409194718
"v1","PO4",16.9,11.9558604024092
"v1","PO4",17,12.0531677668106
"v1","PO4",17.1,12.1503324149042
"v1","PO4",17.2,12.248423748918
"v1","PO4",17.3,12.3485101311075
"v1","PO4",17.4,12.4511316177073
"v1","PO4",17.5,12.555441981632
"v1","PO4",17.6,12.6603703617403
"v1","PO4",17.7,12.7648458968908
"v1","PO4",17.8,12.867797725942
"v1","PO4",17.9,12.968273145273
"v1","PO4",18,13.0664802307421
"v1","PO4",18.1,13.1632859045415
"v1","PO4",18.2,13.2595646509443
"v1","PO4",18.3,13.3561909542236
"v1","PO4",18.4,13.4540340385908
"v1","PO4",18.5,13.5535048453584
"v1","PO4",18.6,13.6542068963268
"v1","PO4",18.7,13.7556615248287
"v1","PO4",18.8,13.8573900641964
"v1","PO4",18.9,13.9589138477625
"v1","PO4",19,14.0598164300622
"v1","PO4",19.1,14.1600653511109
"v1","PO4",19.2,14.2597744859752
"v1","PO4",19.3,14.3590579977831
"v1","PO4",19.4,14.4580300496623
"v1","PO4",19.5,14.5568050630905
"v1","PO4",19.6,14.6555059946587
"v1","PO4",19.7,14.7542660871086
"v1","PO4",19.8,14.853219195567
"v1","PO4",19.9,14.9524991751605
"v1","PO4",20,15.0522398810157
"v2","AMP",4.8,4.41362270890334
"v2","AMP",4.9,4.51290972776075
"v2","AMP",5,4.61278659027125
"v2","AMP",5.1,4.71170412298654
"v2","AMP",5.2,4.80811315245829
"v2","AMP",5.3,4.90046450523821
"v2","AMP",5.4,4.98732134898531
"v2","AMP",5.5,5.06913383089578
"v2","AMP",5.6,5.14791785234925
"v2","AMP",5.7,5.22573670862996
"v2","AMP",5.8,5.30465369502219
"v2","AMP",5.9,5.38673084389588
"v2","AMP",6,5.47338862714927
"v2","AMP",6.1,5.56436405189952
"v2","AMP",6.2,5.65912133577186
"v2","AMP",6.3,5.75712469639154
"v2","AMP",6.4,5.85783835138382
"v2","AMP",6.5,5.96076658601209
"v2","AMP",6.6,6.06580731001713
"v2","AMP",6.7,6.17308185029017
"v2","AMP",6.8,6.28271409805124
"v2","AMP",6.9,6.3948279445204
"v2","AMP",7,6.50954020527393
"v2","AMP",7.1,6.62635123042496
"v2","AMP",7.2,6.7436752587684
"v2","AMP",7.3,6.85981597216535
"v2","AMP",7.4,6.97307705247689
"v2","AMP",7.5,7.0817621815641
"v2","AMP",7.6,7.18455763125738
"v2","AMP",7.7,7.2825107494478
"v2","AMP",7.8,7.37756867895427
"v2","AMP",7.9,7.47168033384557
"v2","AMP",8,7.56679462819047
"v2","AMP",8.1,7.66481996994385
"v2","AMP",8.2,7.76632656507597
"v2","AMP",8.3,7.8702718761339
"v2","AMP",8.4,7.97551735117252
"v2","AMP",8.5,8.08092443824673
"v2","AMP",8.6,8.18535458541142
"v2","AMP",8.7,8.28817040028054
"v2","AMP",8.8,8.39073912870425
"v2","AMP",8.9,8.49492917609174
"v2","AMP",9,8.60260894785225
"v2","AMP",9.1,8.71564684939497
"v2","AMP",9.2,8.83581574839285
"v2","AMP",9.3,8.96328377710506
"v2","AMP",9.4,9.09688751059161
"v2","AMP",9.5,9.23542321893003
"v2","AMP",9.6,9.37768717219784
"v2","AMP",9.7,9.52247601224092
"v2","AMP",9.8,9.66877523922594
"v2","AMP",9.9,9.81606592052742
"v2","AMP",10,9.96390942548308
"v2","AMP",10.1,10.1118671234306
"v2","AMP",10.2,10.2595003837078
"v2","AMP",10.3,10.4064239803649
"v2","AMP",10.4,10.5527773353496
"v2","AMP",10.5,10.6989976552873
"v2","AMP",10.6,10.8455255647051
"v2","AMP",10.7,10.9928016881301
"v2","AMP",10.8,11.1412569782213
"v2","AMP",10.9,11.2904797261334
"v2","AMP",11,11.438573591275
"v2","AMP",11.1,11.5834911101161
"v2","AMP",11.2,11.7231848191267
"v2","AMP",11.3,11.8556072547772
"v2","AMP",11.4,11.9793423927307
"v2","AMP",11.5,12.0968710070057
"v2","AMP",11.6,12.2121589230563
"v2","AMP",11.7,12.3291748896665
"v2","AMP",11.8,12.4518876556203
"v2","AMP",11.9,12.5841750113781
"v2","AMP",12,12.7269097539021
"v2","AMP",12.1,12.8773431913529
"v2","AMP",12.2,13.0325110269767
"v2","AMP",12.3,13.1894489640196
"v2","AMP",12.4,13.3451927057275
"v2","AMP",12.5,13.4974537653229
"v2","AMP",12.6,13.6466468959343
"v2","AMP",12.7,13.7938626606664
"v2","AMP",12.8,13.9401916226238
"v2","AMP",12.9,14.0867243449115
"v2","AMP",13,14.2345121629826
"v2","AMP",13.1,14.3839475103333
"v2","AMP",13.2,14.534876085068
"v2","AMP",13.3,14.6871270361255
"v2","AMP",13.4,14.840529512445
"v2","AMP",13.5,14.9949124002641
"v2","AMP",13.6,15.1499711335764
"v2","AMP",13.7,15.3050509655848
"v2","AMP",13.8,15.4594404060184
"v2","AMP",13.9,15.6124279646064
"v2","AMP",14,15.7633021510777
"v2","AMP",14.1,15.911427129229
"v2","AMP",14.2,16.0569102884147
"v2","AMP",14.3,16.2002808650692
"v2","AMP",14.4,16.3420729374873
"v2","AMP",14.5,16.4828205839635
"v2","AMP",14.6,16.6230604206163
"v2","AMP",14.7,16.7635501714492
"v2","AMP",14.8,16.9054371163957
"v2","AMP",14.9,17.0499081888839
"v2","AMP",15,17.1981503223417
"v2","AMP",15.1,17.3513504501972
"v2","AMP",15.2,17.510347751291
"v2","AMP",15.3,17.6738353078676
"v2","AMP",15.4,17.8396883349013
"v2","AMP",15.5,18.0057804373913
"v2","AMP",15.6,18.1699852203372
"v2","AMP",15.7,18.3302237661195
"v2","AMP",15.8,18.4859856691199
"v2","AMP",15.9,18.6386508268603
"v2","AMP",16,18.7897116758404
"v2","AMP",16.1,18.9406606525599
"v2","AMP",16.2,19.0929901935184
"v2","AMP",16.3,19.2478927302981
"v2","AMP",16.4,19.4053606748115
"v2","AMP",16.5,19.5650864340537
"v2","AMP",16.6,19.7267624150198
"v2","AMP",16.7,19.8900810247047
"v2","AMP",16.8,20.0547363543708
"v2","AMP",16.9,20.2204507857055
"v2","AMP",17,20.38697017487
"v2","AMP",17.1,20.5540410885756
"v2","AMP",17.2,20.721410093534
"v2","AMP",17.3,20.888824085907
"v2","AMP",17.4,21.0561973227805
"v2","AMP",17.5,21.2238832189399
"v2","AMP",17.6,21.3923063505082
"v2","AMP",17.7,21.5618912936084
"v2","AMP",17.8,21.7330626243635
"v2","AMP",17.9,21.9061748677777
"v2","AMP",18,22.0808943666628
"v2","AMP",18.1,22.2564968587916
"v2","AMP",18.2,22.4322535986653
"v2","AMP",18.3,22.6074358407852
"v2","AMP",18.4,22.7813190104125
"v2","AMP",18.5,22.9535419102732
"v2","AMP",18.6,23.1243835547535
"v2","AMP",18.7,23.2941881263643
"v2","AMP",18.8,23.4632998076166
"v2","AMP",18.9,23.6320627810214
"v2","AMP",19,23.8007327391462
"v2","AMP",19.1,23.9690192768982
"v2","AMP",19.2,24.1364238739471
"v2","AMP",19.3,24.3024476002869
"v2","AMP",19.4,24.4665915259116
"v2","AMP",19.5,24.6284175530487
"v2","AMP",19.6,24.7894973006787
"v2","AMP",19.7,24.9538244118951
"v2","AMP",19.8,25.1255367247157
"v2","AMP",19.9,25.3087720771581
"v2","AMP",20,25.50766830724
"v2","ATP",4.8,6.16301122682394
"v2","ATP",4.9,6.22913962597058
"v2","ATP",5,6.30323251451788
"v2","ATP",5.1,6.38270439083205
"v2","ATP",5.2,6.46496975327931
"v2","ATP",5.3,6.54744310022584
"v2","ATP",5.4,6.6276699838908
"v2","ATP",5.5,6.7053972516796
"v2","ATP",5.6,6.78219831407311
"v2","ATP",5.7,6.85970186989642
"v2","ATP",5.8,6.93953661797462
"v2","ATP",5.9,7.02333005839868
"v2","ATP",6,7.11210073432573
"v2","ATP",6.1,7.20526927632871
"v2","ATP",6.2,7.30199738841026
"v2","ATP",6.3,7.40144677457303
"v2","ATP",6.4,7.50277913881964
"v2","ATP",6.5,7.6052526424818
"v2","ATP",6.6,7.7090730436918
"v2","ATP",6.7,7.81498394664874
"v2","ATP",6.8,7.92373512882076
"v2","ATP",6.9,8.03607636767602
"v2","ATP",7,8.15274486264835
"v2","ATP",7.1,8.27338195193164
"v2","ATP",7.2,8.39569824545201
"v2","ATP",7.3,8.51720782134939
"v2","ATP",7.4,8.63542475776367
"v2","ATP",7.5,8.74786313283477
"v2","ATP",7.6,8.85272203536586
"v2","ATP",7.7,8.95242795792928
"v2","ATP",7.8,9.05101843669429
"v2","ATP",7.9,9.15253417917587
"v2","ATP",8,9.26101589288892
"v2","ATP",8.1,9.3803985940946
"v2","ATP",8.2,9.51112557318733
"v2","ATP",8.3,9.64943204286346
"v2","ATP",8.4,9.79130268840287
"v2","ATP",8.5,9.93272219508547
"v2","ATP",8.6,10.0696752481911
"v2","ATP",8.7,10.199201372417
"v2","ATP",8.8,10.3225594501288
"v2","ATP",8.9,10.4420632031095
"v2","ATP",9,10.5600263531423
"v2","ATP",9.1,10.6787626220099
"v2","ATP",9.2,10.8004908081073
"v2","ATP",9.3,10.9258352935422
"v2","ATP",9.4,11.0540974656989
"v2","ATP",9.5,11.1845386661571
"v2","ATP",9.6,11.3164202364968
"v2","ATP",9.7,11.4490036864665
"v2","ATP",9.8,11.5816359556728
"v2","ATP",9.9,11.7138881530134
"v2","ATP",10,11.8453677118924
"v2","ATP",10.1,11.975682065714
"v2","ATP",10.2,12.1044386478824
"v2","ATP",10.3,12.2313148124649
"v2","ATP",10.4,12.3566748141252
"v2","ATP",10.5,12.4812727851457
"v2","ATP",10.6,12.6058673327311
"v2","ATP",10.7,12.731217064086
"v2","ATP",10.8,12.8580736296107
"v2","ATP",10.9,12.9865825681031
"v2","ATP",11,13.1158215488526
"v2","ATP",11.1,13.2447595410766
"v2","ATP",11.2,13.3723655139926
"v2","ATP",11.3,13.4976084368179
"v2","ATP",11.4,13.6197853120594
"v2","ATP",11.5,13.7402175328493
"v2","ATP",11.6,13.8609979780192
"v2","ATP",11.7,13.9842210450734
"v2","ATP",11.8,14.1119811315164
"v2","ATP",11.9,14.2463200657365
"v2","ATP",12,14.3875429482919
"v2","ATP",12.1,14.5338618501253
"v2","ATP",12.2,14.6833642339042
"v2","ATP",12.3,14.8341375622962
"v2","ATP",12.4,14.984269297969
"v2","ATP",12.5,15.1324806898056
"v2","ATP",12.6,15.2800281315502
"v2","ATP",12.7,15.4288018031622
"v2","ATP",12.8,15.580691884601
"v2","ATP",12.9,15.7375885558262
"v2","ATP",13,15.9012368116488
"v2","ATP",13.1,16.0709429900902
"v2","ATP",13.2,16.2439899111654
"v2","ATP",13.3,16.4175991449053
"v2","ATP",13.4,16.5889922613406
"v2","ATP",13.5,16.7553931955984
"v2","ATP",13.6,16.915227351727
"v2","ATP",13.7,17.0700728071451
"v2","ATP",13.8,17.2220185000726
"v2","ATP",13.9,17.3731533687293
"v2","ATP",14,17.525566351335
"v2","ATP",14.1,17.6811678313359
"v2","ATP",14.2,17.8401140700791
"v2","ATP",14.3,18.0015657074928
"v2","ATP",14.4,18.1646719559996
"v2","ATP",14.5,18.3285820280219
"v2","ATP",14.6,18.4924455466855
"v2","ATP",14.7,18.6554479176265
"v2","ATP",14.8,18.8168375894117
"v2","ATP",14.9,18.9758694278446
"v2","ATP",15,19.1317982987285
"v2","ATP",15.1,19.2838790678667
"v2","ATP",15.2,19.431598465228
"v2","ATP",15.3,19.575874123247
"v2","ATP",15.4,19.7181689845251
"v2","ATP",15.5,19.8599470651091
"v2","ATP",15.6,20.0026723810456
"v2","ATP",15.7,20.1477845699949
"v2","ATP",15.8,20.2959178799608
"v2","ATP",15.9,20.4467359380045
"v2","ATP",16,20.5998445853823
"v2","ATP",16.1,20.7548496633505
"v2","ATP",16.2,20.9113570131654
"v2","ATP",16.3,21.069091476288
"v2","ATP",16.4,21.2282538949971
"v2","ATP",16.5,21.3891641117762
"v2","ATP",16.6,21.5521419691089
"v2","ATP",16.7,21.7175073094787
"v2","ATP",16.8,21.8855502194676
"v2","ATP",16.9,22.0560609794982
"v2","ATP",17,22.2284151471151
"v2","ATP",17.1,22.4019757265921
"v2","ATP",17.2,22.5761057222026
"v2","ATP",17.3,22.7501682967701
"v2","ATP",17.4,22.9236071563674
"v2","ATP",17.5,23.0960773538233
"v2","ATP",17.6,23.2672681887023
"v2","ATP",17.7,23.4368689605691
"v2","ATP",17.8,23.6045689689884
"v2","ATP",17.9,23.7701244016454
"v2","ATP",18,23.9339485551217
"v2","ATP",18.1,24.0968276941595
"v2","ATP",18.2,24.2595523643402
"v2","ATP",18.3,24.4229131112455
"v2","ATP",18.4,24.5876958715046
"v2","ATP",18.5,24.7542850267407
"v2","ATP",18.6,24.9223574843353
"v2","ATP",18.7,25.0915181367837
"v2","ATP",18.8,25.2613718765809
"v2","ATP",18.9,25.4315235962222
"v2","ATP",19,25.6016373309366
"v2","ATP",19.1,25.7717421032877
"v2","ATP",19.2,25.942006030787
"v2","ATP",19.3,26.1125975047552
"v2","ATP",19.4,26.2836849165127
"v2","ATP",19.5,26.4554312970875
"v2","ATP",19.6,26.6278225893229
"v2","ATP",19.7,26.8006313170048
"v2","ATP",19.8,26.9736172980409
"v2","ATP",19.9,27.1465403503385
"v2","ATP",20,27.319160291805
"v2","FAD",4.8,11.9539462658423
"v2","FAD",4.9,12.0350223626364
"v2","FAD",5,12.1007208348552
"v2","FAD",5.1,12.1568510321776
"v2","FAD",5.2,12.2092223042826
"v2","FAD",5.3,12.2636440008493
"v2","FAD",5.4,12.3256892775519
"v2","FAD",5.5,12.3969639688927
"v2","FAD",5.6,12.4757819554335
"v2","FAD",5.7,12.5603574733907
"v2","FAD",5.8,12.6489047589806
"v2","FAD",5.9,12.7396395130302
"v2","FAD",6,12.8315214586258
"v2","FAD",6.1,12.9254626449796
"v2","FAD",6.2,13.0226914772249
"v2","FAD",6.3,13.124436360495
"v2","FAD",6.4,13.2319256999234
"v2","FAD",6.5,13.3462743911927
"v2","FAD",6.6,13.467482213143
"v2","FAD",6.7,13.594916015918
"v2","FAD",6.8,13.7279353850562
"v2","FAD",6.9,13.8658999060965
"v2","FAD",7,14.0081678163235
"v2","FAD",7.1,14.1539798863943
"v2","FAD",7.2,14.3023699299803
"v2","FAD",7.3,14.4523506942847
"v2","FAD",7.4,14.6029349265106
"v2","FAD",7.5,14.7531353738611
"v2","FAD",7.6,14.9022943396202
"v2","FAD",7.7,15.0517879152942
"v2","FAD",7.8,15.2037672594685
"v2","FAD",7.9,15.3603850564512
"v2","FAD",8,15.5237939905504
"v2","FAD",8.1,15.6960631554605
"v2","FAD",8.2,15.876500058676
"v2","FAD",8.3,16.0610840628878
"v2","FAD",8.4,16.2455963900727
"v2","FAD",8.5,16.4258182622077
"v2","FAD",8.6,16.5975309012697
"v2","FAD",8.7,16.7576234344165
"v2","FAD",8.8,16.9074166095292
"v2","FAD",8.9,17.0493390796696
"v2","FAD",9,17.1858194978998
"v2","FAD",9.1,17.3192865172815
"v2","FAD",9.2,17.4521191803668
"v2","FAD",9.3,17.5858632281741
"v2","FAD",9.4,17.7213729552397
"v2","FAD",9.5,17.8594817266663
"v2","FAD",9.6,18.0010229075562
"v2","FAD",9.7,18.1468283088068
"v2","FAD",9.8,18.2969402049607
"v2","FAD",9.9,18.4493291147332
"v2","FAD",10,18.6016298484687
"v2","FAD",10.1,18.7514772165112
"v2","FAD",10.2,18.8965060292049
"v2","FAD",10.3,19.0347024348006
"v2","FAD",10.4,19.1675041251419
"v2","FAD",10.5,19.2983078522392
"v2","FAD",10.6,19.4305328537287
"v2","FAD",10.7,19.5675983672466
"v2","FAD",10.8,19.7129047870244
"v2","FAD",10.9,19.8682107756318
"v2","FAD",11,20.0323825329699
"v2","FAD",11.1,20.2039918307366
"v2","FAD",11.2,20.3816104406296
"v2","FAD",11.3,20.5638101343469
"v2","FAD",11.4,20.7491992477064
"v2","FAD",11.5,20.936611764546
"v2","FAD",11.6,21.1249676620972
"v2","FAD",11.7,21.3131870868701
"v2","FAD",11.8,21.5001901853747
"v2","FAD",11.9,21.6849219066263
"v2","FAD",12,21.8671466009331
"v2","FAD",12.1,22.0476161257663
"v2","FAD",12.2,22.2271411297212
"v2","FAD",12.3,22.4065322613931
"v2","FAD",12.4,22.5866001693775
"v2","FAD",12.5,22.7679292910366
"v2","FAD",12.6,22.9501992188018
"v2","FAD",12.7,23.132863333871
"v2","FAD",12.8,23.3153750174426
"v2","FAD",12.9,23.4971876507146
"v2","FAD",13,23.6777449208867
"v2","FAD",13.1,23.856327686275
"v2","FAD",13.2,24.0320816950893
"v2","FAD",13.3,24.2041486058841
"v2","FAD",13.4,24.3716700772136
"v2","FAD",13.5,24.5337891144751
"v2","FAD",13.6,24.6903329193171
"v2","FAD",13.7,24.8429240351256
"v2","FAD",13.8,24.9934759233777
"v2","FAD",13.9,25.1439020455503
"v2","FAD",14,25.2961158631207
"v2","FAD",14.1,25.4518090029236
"v2","FAD",14.2,25.6104937882694
"v2","FAD",14.3,25.770445592504
"v2","FAD",14.4,25.929925591556
"v2","FAD",14.5,26.087194961354
"v2","FAD",14.6,26.2405287559096
"v2","FAD",14.7,26.3894111572121
"v2","FAD",14.8,26.5354566329847
"v2","FAD",14.9,26.680496495997
"v2","FAD",15,26.8263620590182
"v2","FAD",15.1,26.9748846348179
"v2","FAD",15.2,27.1276441839502
"v2","FAD",15.3,27.2846694979737
"v2","FAD",15.4,27.4453982252738
"v2","FAD",15.5,27.6092668505686
"v2","FAD",15.6,27.7757118585758
"v2","FAD",15.7,27.9441676220076
"v2","FAD",15.8,28.1139987391624
"v2","FAD",15.9,28.2844857192195
"v2","FAD",16,28.4549040651219
"v2","FAD",16.1,28.6245292798129
"v2","FAD",16.2,28.7926368662355
"v2","FAD",16.3,28.9588673215926
"v2","FAD",16.4,29.1243211201245
"v2","FAD",16.5,29.2904637303315
"v2","FAD",16.6,29.4587606207136
"v2","FAD",16.7,29.6306772597709
"v2","FAD",16.8,29.8075758228693
"v2","FAD",16.9,29.9890834835115
"v2","FAD",17,30.1733877671427
"v2","FAD",17.1,30.3586326224171
"v2","FAD",17.2,30.5429619979889
"v2","FAD",17.3,30.7245213856281
"v2","FAD",17.4,30.9022401799229
"v2","FAD",17.5,31.077104748802
"v2","FAD",17.6,31.2504347732035
"v2","FAD",17.7,31.4235499340652
"v2","FAD",17.8,31.5977699123253
"v2","FAD",17.9,31.7742472268694
"v2","FAD",18,31.9524921965819
"v2","FAD",18.1,32.1310830447437
"v2","FAD",18.2,32.3085872962645
"v2","FAD",18.3,32.4835724760539
"v2","FAD",18.4,32.6546174302208
"v2","FAD",18.5,32.8212873643736
"v2","FAD",18.6,32.9848852882316
"v2","FAD",18.7,33.1468911052546
"v2","FAD",18.8,33.3087847189029
"v2","FAD",18.9,33.4720460326364
"v2","FAD",19,33.6379148826304
"v2","FAD",19.1,33.8061495787156
"v2","FAD",19.2,33.9759438280342
"v2","FAD",19.3,34.146490226306
"v2","FAD",19.4,34.3169813692509
"v2","FAD",19.5,34.4866152293826
"v2","FAD",19.6,34.6547674125579
"v2","FAD",19.7,34.8210276006914
"v2","FAD",19.8,34.984998220691
"v2","FAD",19.9,35.1462816994647
"v2","FAD",20,35.3044804639202
"v2","FMN",4.8,6.28837656265694
"v2","FMN",4.9,6.32470811598745
"v2","FMN",5,6.35581517345046
"v2","FMN",5.1,6.38788115183887
"v2","FMN",5.2,6.42708946794563
"v2","FMN",5.3,6.47962353856365
"v2","FMN",5.4,6.55124828389688
"v2","FMN",5.5,6.64069918925587
"v2","FMN",5.6,6.74087894374203
"v2","FMN",5.7,6.84451368320827
"v2","FMN",5.8,6.94432954350751
"v2","FMN",5.9,7.03305870416338
"v2","FMN",6,7.1065035294296
"v2","FMN",6.1,7.16852259664103
"v2","FMN",6.2,7.22427991600985
"v2","FMN",6.3,7.27893949774825
"v2","FMN",6.4,7.33766535206843
"v2","FMN",6.5,7.40526952871001
"v2","FMN",6.6,7.48310641772998
"v2","FMN",6.7,7.57056787759025
"v2","FMN",6.8,7.66702324128246
"v2","FMN",6.9,7.77184184179828
"v2","FMN",7,7.88438887558859
"v2","FMN",7.1,8.00366914299155
"v2","FMN",7.2,8.12805248534034
"v2","FMN",7.3,8.2558441105189
"v2","FMN",7.4,8.3853492264112
"v2","FMN",7.5,8.5148730409012
"v2","FMN",7.6,8.64305633074658
"v2","FMN",7.7,8.77061076765235
"v2","FMN",7.8,8.89903723160059
"v2","FMN",7.9,9.02983815613295
"v2","FMN",8,9.1645159747911
"v2","FMN",8.1,9.30451042257791
"v2","FMN",8.2,9.44918986054802
"v2","FMN",8.3,9.59542631904491
"v2","FMN",8.4,9.73994320965344
"v2","FMN",8.5,9.87946394395846
"v2","FMN",8.6,10.0107119335449
"v2","FMN",8.7,10.1315478211546
"v2","FMN",8.8,10.2443811741579
"v2","FMN",8.9,10.3527587910822
"v2","FMN",9,10.4602274704548
"v2","FMN",9.1,10.5703340108032
"v2","FMN",9.2,10.686452614686
"v2","FMN",9.3,10.8090584117482
"v2","FMN",9.4,10.93622097532
"v2","FMN",9.5,11.065937064807
"v2","FMN",9.6,11.196203439615
"v2","FMN",9.7,11.3250178574351
"v2","FMN",9.8,11.4508852048768
"v2","FMN",9.9,11.5736410828188
"v2","FMN",10,11.6933367217588
"v2","FMN",10.1,11.8100233521944
"v2","FMN",10.2,11.9237522046231
"v2","FMN",10.3,12.0346145805443
"v2","FMN",10.4,12.1430954389765
"v2","FMN",10.5,12.2499031748434
"v2","FMN",10.6,12.3557487476126
"v2","FMN",10.7,12.4613431167516
"v2","FMN",10.8,12.5673978257937
"v2","FMN",10.9,12.6746753049696
"v2","FMN",11,12.7840276385492
"v2","FMN",11.1,12.8963160368239
"v2","FMN",11.2,13.0124017100855
"v2","FMN",11.3,13.1331458686254
"v2","FMN",11.4,13.2592057196836
"v2","FMN",11.5,13.3899795072234
"v2","FMN",11.6,13.524385690253
"v2","FMN",11.7,13.6613417833223
"v2","FMN",11.8,13.7997653009811
"v2","FMN",11.9,13.9385825584396
"v2","FMN",12,14.0770106186444
"v2","FMN",12.1,14.2146169411983
"v2","FMN",12.2,14.3509898465284
"v2","FMN",12.3,14.4857176550615
"v2","FMN",12.4,14.6183886872245
"v2","FMN",12.5,14.7487499597656
"v2","FMN",12.6,14.8771832747178
"v2","FMN",12.7,15.0042291304354
"v2","FMN",12.8,15.1304280252727
"v2","FMN",12.9,15.2563204575839
"v2","FMN",13,15.3824094023741
"v2","FMN",13.1,15.5085675596438
"v2","FMN",13.2,15.6341446477148
"v2","FMN",13.3,15.7584745547462
"v2","FMN",13.4,15.8808911688971
"v2","FMN",13.5,16.0007293787015
"v2","FMN",13.6,16.1178322631656
"v2","FMN",13.7,16.2333764010984
"v2","FMN",13.8,16.3487544522967
"v2","FMN",13.9,16.4653590765578
"v2","FMN",14,16.5845829336785
"v2","FMN",14.1,16.7076987608645
"v2","FMN",14.2,16.8348011757841
"v2","FMN",14.3,16.9653161077359
"v2","FMN",14.4,17.0986618109729
"v2","FMN",14.5,17.234256539748
"v2","FMN",14.6,17.3715202474214
"v2","FMN",14.7,17.510020922069
"v2","FMN",14.8,17.649587364724
"v2","FMN",14.9,17.79007492497
"v2","FMN",15,17.9313389523903
"v2","FMN",15.1,18.0732347965682
"v2","FMN",15.2,18.215746174651
"v2","FMN",15.3,18.3596489980559
"v2","FMN",15.4,18.5060210796924
"v2","FMN",15.5,18.6559408267645
"v2","FMN",15.6,18.8104866464761
"v2","FMN",15.7,18.9706885808986
"v2","FMN",15.8,19.1359788314341
"v2","FMN",15.9,19.3038639506952
"v2","FMN",16,19.4717358480183
"v2","FMN",16.1,19.6369864327395
"v2","FMN",16.2,19.7970076141947
"v2","FMN",16.3,19.9498730708044
"v2","FMN",16.4,20.0963835573254
"v2","FMN",16.5,20.2380215975985
"v2","FMN",16.6,20.3762697154648
"v2","FMN",16.7,20.5126104347651
"v2","FMN",16.8,20.6484798217584
"v2","FMN",16.9,20.7845336005066
"v2","FMN",17,20.9207799925226
"v2","FMN",17.1,21.0572076200271
"v2","FMN",17.2,21.1938051052408
"v2","FMN",17.3,21.330560729181
"v2","FMN",17.4,21.4672894415522
"v2","FMN",17.5,21.6033513679655
"v2","FMN",17.6,21.7380329341033
"v2","FMN",17.7,21.8706205656484
"v2","FMN",17.8,22.0004006882834
"v2","FMN",17.9,22.1267524468003
"v2","FMN",18,22.2499658585214
"v2","FMN",18.1,22.3708479425229
"v2","FMN",18.2,22.4902116519038
"v2","FMN",18.3,22.6088699397633
"v2","FMN",18.4,22.7276373744858
"v2","FMN",18.5,22.8474692561905
"v2","FMN",18.6,22.9695688312956
"v2","FMN",18.7,23.0951645850523
"v2","FMN",18.8,23.2254850027122
"v2","FMN",18.9,23.3617585695265
"v2","FMN",19,23.5047389032482
"v2","FMN",19.1,23.6522490735951
"v2","FMN",19.2,23.8009953322791
"v2","FMN",19.3,23.9476817325515
"v2","FMN",19.4,24.0890123276637
"v2","FMN",19.5,24.2217931519999
"v2","FMN",19.6,24.3461993944096
"v2","FMN",19.7,24.4664666036642
"v2","FMN",19.8,24.5870720615908
"v2","FMN",19.9,24.7124930500167
"v2","FMN",20,24.847206850769
"v2","GLC",4.8,2.66160974663199
"v2","GLC",4.9,2.70360077966432
"v2","GLC",5,2.75818836979077
"v2","GLC",5.1,2.82216433251738
"v2","GLC",5.2,2.89232048335024
"v2","GLC",5.3,2.96544863779543
"v2","GLC",5.4,3.0384421972578
"v2","GLC",5.5,3.10990088878621
"v2","GLC",5.6,3.17984029289407
"v2","GLC",5.7,3.24831884664587
"v2","GLC",5.8,3.31539498710607
"v2","GLC",5.9,3.38112695356404
"v2","GLC",6,3.44547251555311
"v2","GLC",6.1,3.50812580838453
"v2","GLC",6.2,3.56873824794571
"v2","GLC",6.3,3.62696125012408
"v2","GLC",6.4,3.68244623080707
"v2","GLC",6.5,3.735082744295
"v2","GLC",6.6,3.78709981665666
"v2","GLC",6.7,3.8420543337512
"v2","GLC",6.8,3.90351842229623
"v2","GLC",6.9,3.97506420900934
"v2","GLC",7,4.06023784178451
"v2","GLC",7.1,4.16032206350837
"v2","GLC",7.2,4.27261186764274
"v2","GLC",7.3,4.39399632853052
"v2","GLC",7.4,4.5213645205146
"v2","GLC",7.5,4.65160551793784
"v2","GLC",7.6,4.78179571902845
"v2","GLC",7.7,4.91016755321415
"v2","GLC",7.8,5.03539400794925
"v2","GLC",7.9,5.15614893792823
"v2","GLC",8,5.27110619784558
"v2","GLC",8.1,5.37899098893839
"v2","GLC",8.2,5.48022485007307
"v2","GLC",8.3,5.57727367320067
"v2","GLC",8.4,5.67272506059545
"v2","GLC",8.5,5.76916661453163
"v2","GLC",8.6,5.86918593728347
"v2","GLC",8.7,5.97472285808951
"v2","GLC",8.8,6.08512611404548
"v2","GLC",8.9,6.19909666921144
"v2","GLC",9,6.3153354876474
"v2","GLC",9.1,6.43254353341341
"v2","GLC",9.2,6.54946303335758
"v2","GLC",9.3,6.6655293002212
"v2","GLC",9.4,6.78075274685412
"v2","GLC",9.5,6.89516119384495
"v2","GLC",9.6,7.00878246178227
"v2","GLC",9.7,7.12164429602899
"v2","GLC",9.8,7.23373622730756
"v2","GLC",9.9,7.34494751052205
"v2","GLC",10,7.45515115183177
"v2","GLC",10.1,7.564220157396
"v2","GLC",10.2,7.67202753337405
"v2","GLC",10.3,7.77847541615176
"v2","GLC",10.4,7.88375211746048
"v2","GLC",10.5,7.98820837917473
"v2","GLC",10.6,8.09219680750356
"v2","GLC",10.7,8.19607000865597
"v2","GLC",10.8,8.30018128080636
"v2","GLC",10.9,8.40494420961068
"v2","GLC",11,8.51087859740686
"v2","GLC",11.1,8.61851505849154
"v2","GLC",11.2,8.72838420716133
"v2","GLC",11.3,8.84101665771286
"v2","GLC",11.4,8.95680340481221
"v2","GLC",11.5,9.07527380901654
"v2","GLC",11.6,9.19562886619635
"v2","GLC",11.7,9.31706892583497
"v2","GLC",11.8,9.43879433741574
"v2","GLC",11.9,9.56002493279272
"v2","GLC",12,9.68062418362473
"v2","GLC",12.1,9.80123124855494
"v2","GLC",12.2,9.9225314666609
"v2","GLC",12.3,10.0452101770202
"v2","GLC",12.4,10.1699527187104
"v2","GLC",12.5,10.2972170928106
"v2","GLC",12.6,10.4265519484053
"v2","GLC",12.7,10.5572785965809
"v2","GLC",12.8,10.6887183484234
"v2","GLC",12.9,10.820192515019
"v2","GLC",13,10.9510536356758
"v2","GLC",13.1,11.0811787862413
"v2","GLC",13.2,11.2108802859058
"v2","GLC",13.3,11.3404836282659
"v2","GLC",13.4,11.4703143069177
"v2","GLC",13.5,11.6006976095138
"v2","GLC",13.6,11.7318542041548
"v2","GLC",13.7,11.8637302355902
"v2","GLC",13.8,11.9962273646655
"v2","GLC",13.9,12.1292472522263
"v2","GLC",14,12.2626915591181
"v2","GLC",14.1,12.3964731650469
"v2","GLC",14.2,12.5306151638025
"v2","GLC",14.3,12.6652032055397
"v2","GLC",14.4,12.8003236584207
"v2","GLC",14.5,12.9360628906076
"v2","GLC",14.6,13.0725069068234
"v2","GLC",14.7,13.209710047162
"v2","GLC",14.8,13.3476708638208
"v2","GLC",14.9,13.4863822302614
"v2","GLC",15,13.6258370199454
"v2","GLC",15.1,13.7660281063345
"v2","GLC",15.2,13.9069283452035
"v2","GLC",15.3,14.0483870572497
"v2","GLC",15.4,14.1902064845366
"v2","GLC",15.5,14.3321887764529
"v2","GLC",15.6,14.4741360823874
"v2","GLC",15.7,14.6158539364515
"v2","GLC",15.8,14.7572596939576
"v2","GLC",15.9,14.8984054723157
"v2","GLC",16,15.0393514119816
"v2","GLC",16.1,15.1801576534115
"v2","GLC",16.2,15.3208843370611
"v2","GLC",16.3,15.4616279042694
"v2","GLC",16.4,15.6026299999079
"v2","GLC",16.5,15.7441685697309
"v2","GLC",16.6,15.8865215594928
"v2","GLC",16.7,16.0299669149481
"v2","GLC",16.8,16.1747659920366
"v2","GLC",16.9,16.3209014896558
"v2","GLC",17,16.4681248861623
"v2","GLC",17.1,16.6161806610844
"v2","GLC",17.2,16.7648132939505
"v2","GLC",17.3,16.9137668379945
"v2","GLC",17.4,17.0625687888158
"v2","GLC",17.5,17.2101783913703
"v2","GLC",17.6,17.3554628109899
"v2","GLC",17.7,17.4972892130064
"v2","GLC",17.8,17.6345247627518
"v2","GLC",17.9,17.7662322374456
"v2","GLC",18,17.8933961054919
"v2","GLC",18.1,18.0180915671804
"v2","GLC",18.2,18.1424063419618
"v2","GLC",18.3,18.2684281492867
"v2","GLC",18.4,18.3982339882954
"v2","GLC",18.5,18.5329668510914
"v2","GLC",18.6,18.6721241621438
"v2","GLC",18.7,18.8150358410729
"v2","GLC",18.8,18.9610318074991
"v2","GLC",18.9,19.1094419810428
"v2","GLC",19,19.2595758542985
"v2","GLC",19.1,19.4106168586333
"v2","GLC",19.2,19.5617003840758
"v2","GLC",19.3,19.7119617260854
"v2","GLC",19.4,19.8605361801211
"v2","GLC",19.5,20.0066070351682
"v2","GLC",19.6,20.1509431441084
"v2","GLC",19.7,20.2962242131739
"v2","GLC",19.8,20.445243711029
"v2","GLC",19.9,20.6007951063379
"v2","GLC",20,20.765671867765
"v2","HEM",4.8,6.13798873901221
"v2","HEM",4.9,6.18038605404482
"v2","HEM",5,6.2247246726235
"v2","HEM",5.1,6.27215138052618
"v2","HEM",5.2,6.32381296353075
"v2","HEM",5.3,6.38085620741512
"v2","HEM",5.4,6.44433529660265
"v2","HEM",5.5,6.51374900213933
"v2","HEM",5.6,6.58730546369197
"v2","HEM",5.7,6.66317375473094
"v2","HEM",5.8,6.73952294872661
"v2","HEM",5.9,6.81452380217182
"v2","HEM",6,6.88720204697172
"v2","HEM",6.1,6.95882688397766
"v2","HEM",6.2,7.03103104689346
"v2","HEM",6.3,7.10544726942296
"v2","HEM",6.4,7.18370828526999
"v2","HEM",6.5,7.26733627673944
"v2","HEM",6.6,7.35676736919326
"v2","HEM",6.7,7.451821253393
"v2","HEM",6.8,7.55231054481068
"v2","HEM",6.9,7.65804785891833
"v2","HEM",7,7.7688416794646
"v2","HEM",7.1,7.88414051379806
"v2","HEM",7.2,8.00275864972746
"v2","HEM",7.3,8.12344581688362
"v2","HEM",7.4,8.24495174489738
"v2","HEM",7.5,8.36602616339955
"v2","HEM",7.6,8.48561865628323
"v2","HEM",7.7,8.60391216730997
"v2","HEM",7.8,8.7215596678581
"v2","HEM",7.9,8.83921505455719
"v2","HEM",8,8.95753222403678
"v2","HEM",8.1,9.07715240713448
"v2","HEM",8.2,9.19829839445025
"v2","HEM",8.3,9.32068869042324
"v2","HEM",8.4,9.4440117768746
"v2","HEM",8.5,9.5679561356255
"v2","HEM",8.6,9.69221024849714
"v2","HEM",8.7,9.81652113262285
"v2","HEM",8.8,9.9408699463847
"v2","HEM",8.9,10.0652963834769
"v2","HEM",9,10.1898401375937
"v2","HEM",9.1,10.3145409024292
"v2","HEM",9.2,10.4394232557777
"v2","HEM",9.3,10.5642578755479
"v2","HEM",9.4,10.6886047617908
"v2","HEM",9.5,10.8120175375366
"v2","HEM",9.6,10.9340498258158
"v2","HEM",9.7,11.0542561157477
"v2","HEM",9.8,11.1726308696489
"v2","HEM",9.9,11.2903230464336
"v2","HEM",10,11.4086686802341
"v2","HEM",10.1,11.5290038051825
"v2","HEM",10.2,11.6526644554108
"v2","HEM",10.3,11.7807824516297
"v2","HEM",10.4,11.9124834218986
"v2","HEM",10.5,12.0457543002393
"v2","HEM",10.6,12.1785689510145
"v2","HEM",10.7,12.3089012385871
"v2","HEM",10.8,12.4347418030446
"v2","HEM",10.9,12.5555428694906
"v2","HEM",11,12.6733317367727
"v2","HEM",11.1,12.7903978244376
"v2","HEM",11.2,12.9090305520315
"v2","HEM",11.3,13.031519339101
"v2","HEM",11.4,13.1597157776989
"v2","HEM",11.5,13.292769496689
"v2","HEM",11.6,13.4288004195336
"v2","HEM",11.7,13.5659264427158
"v2","HEM",11.8,13.7022654627188
"v2","HEM",11.9,13.8359728195911
"v2","HEM",12,13.9664408778401
"v2","HEM",12.1,14.094552810598
"v2","HEM",12.2,14.221280546115
"v2","HEM",12.3,14.3475960126414
"v2","HEM",12.4,14.4744711384272
"v2","HEM",12.5,14.6026496447788
"v2","HEM",12.6,14.7319624252261
"v2","HEM",12.7,14.8620121663548
"v2","HEM",12.8,14.9924015547509
"v2","HEM",12.9,15.1227332770003
"v2","HEM",13,15.25265444711
"v2","HEM",13.1,15.3825584209268
"v2","HEM",13.2,15.5134577614796
"v2","HEM",13.3,15.6463837746161
"v2","HEM",13.4,15.7823677661835
"v2","HEM",13.5,15.9224401656466
"v2","HEM",13.6,16.0671862000927
"v2","HEM",13.7,16.216022878559
"v2","HEM",13.8,16.3681779114339
"v2","HEM",13.9,16.5228790091059
"v2","HEM",14,16.6793538819636
"v2","HEM",14.1,16.8368156975385
"v2","HEM",14.2,16.9943347543353
"v2","HEM",14.3,17.1509002598883
"v2","HEM",14.4,17.3055004909891
"v2","HEM",14.5,17.4571237244289
"v2","HEM",14.6,17.6047656522417
"v2","HEM",14.7,17.7480680194388
"v2","HEM",14.8,17.8878108107115
"v2","HEM",14.9,18.0248898739107
"v2","HEM",15,18.1602010568874
"v2","HEM",15.1,18.2946402074923
"v2","HEM",15.2,18.4289883682127
"v2","HEM",15.3,18.5633180836203
"v2","HEM",15.4,18.6974318930798
"v2","HEM",15.5,18.8311318044496
"v2","HEM",15.6,18.9642198255881
"v2","HEM",15.7,19.0965011153241
"v2","HEM",15.8,19.2278849312193
"v2","HEM",15.9,19.3584059861465
"v2","HEM",16,19.488106461946
"v2","HEM",16.1,19.6170285404577
"v2","HEM",16.2,19.745214403522
"v2","HEM",16.3,19.8727700495721
"v2","HEM",16.4,20.0000567434136
"v2","HEM",16.5,20.1274995664453
"v2","HEM",16.6,20.2555236000658
"v2","HEM",16.7,20.3845539256738
"v2","HEM",16.8,20.5149792729594
"v2","HEM",16.9,20.6465777765068
"v2","HEM",17,20.7786209189608
"v2","HEM",17.1,20.9103648470894
"v2","HEM",17.2,21.0410657076604
"v2","HEM",17.3,21.1699804552549
"v2","HEM",17.4,21.296776413501
"v2","HEM",17.5,21.4221977208695
"v2","HEM",17.6,21.5471630034577
"v2","HEM",17.7,21.6725908873626
"v2","HEM",17.8,21.7993999986816
"v2","HEM",17.9,21.9284233629648
"v2","HEM",18,22.0596530659895
"v2","HEM",18.1,22.1926038848834
"v2","HEM",18.2,22.326785118339
"v2","HEM",18.3,22.4617060650488
"v2","HEM",18.4,22.5968763572053
"v2","HEM",18.5,22.7318346831538
"v2","HEM",18.6,22.8661709234294
"v2","HEM",18.7,22.9994801694988
"v2","HEM",18.8,23.1313575128283
"v2","HEM",18.9,23.2613980448846
"v2","HEM",19,23.3893360732914
"v2","HEM",19.1,23.5157650498284
"v2","HEM",19.2,23.6416058420528
"v2","HEM",19.3,23.7677799620407
"v2","HEM",19.4,23.8952089218686
"v2","HEM",19.5,24.0248285214966
"v2","HEM",19.6,24.1580465902352
"v2","HEM",19.7,24.2968398268471
"v2","HEM",19.8,24.4432187976717
"v2","HEM",19.9,24.5991940690483
"v2","HEM",20,24.7667762073165
"v2","NAD",4.8,10.7073503754094
"v2","NAD",4.9,10.7613248606083
"v2","NAD",5,10.8264995280128
"v2","NAD",5.1,10.8970523230846
"v2","NAD",5.2,10.9671611912857
"v2","NAD",5.3,11.0310040780777
"v2","NAD",5.4,11.0831044891758
"v2","NAD",5.5,11.1237902626744
"v2","NAD",5.6,11.1582054826981
"v2","NAD",5.7,11.1916400166033
"v2","NAD",5.8,11.2293837317464
"v2","NAD",5.9,11.2767229636869
"v2","NAD",6,11.3371498951546
"v2","NAD",6.1,11.4094488235993
"v2","NAD",6.2,11.4916411783388
"v2","NAD",6.3,11.5817483886906
"v2","NAD",6.4,11.6777918839724
"v2","NAD",6.5,11.777827921846
"v2","NAD",6.6,11.8802549136263
"v2","NAD",6.7,11.9836654734751
"v2","NAD",6.8,12.0866544445684
"v2","NAD",6.9,12.1878166700823
"v2","NAD",7,12.2857624855946
"v2","NAD",7.1,12.3804520022004
"v2","NAD",7.2,12.47422341469
"v2","NAD",7.3,12.5696569866334
"v2","NAD",7.4,12.6693329816006
"v2","NAD",7.5,12.7758316631617
"v2","NAD",7.6,12.8912843761292
"v2","NAD",7.7,13.0150520546488
"v2","NAD",7.8,13.1454398424547
"v2","NAD",7.9,13.2807508049536
"v2","NAD",8,13.419288007552
"v2","NAD",8.1,13.5593654380096
"v2","NAD",8.2,13.6996579262694
"v2","NAD",8.3,13.8392751737391
"v2","NAD",8.4,13.977352771849
"v2","NAD",8.5,14.113026312029
"v2","NAD",8.6,14.2454313857092
"v2","NAD",8.7,14.3740400161823
"v2","NAD",8.8,14.4996699541914
"v2","NAD",8.9,14.623475382342
"v2","NAD",9,14.7466104832399
"v2","NAD",9.1,14.8702294394908
"v2","NAD",9.2,14.9954477582124
"v2","NAD",9.3,15.1227313191893
"v2","NAD",9.4,15.252006962595
"v2","NAD",9.5,15.3831852123819
"v2","NAD",9.6,15.5161765925022
"v2","NAD",9.7,15.6508911577612
"v2","NAD",9.8,15.787000636237
"v2","NAD",9.9,15.9235513829237
"v2","NAD",10,16.0594884170415
"v2","NAD",10.1,16.1937567578107
"v2","NAD",10.2,16.3253014244516
"v2","NAD",10.3,16.4532133135149
"v2","NAD",10.4,16.5780164204458
"v2","NAD",10.5,16.7010481526841
"v2","NAD",10.6,16.8236552538188
"v2","NAD",10.7,16.9471844674388
"v2","NAD",10.8,17.0729730130454
"v2","NAD",10.9,17.2015283240003
"v2","NAD",11,17.3318958862053
"v2","NAD",11.1,17.4629723716922
"v2","NAD",11.2,17.5936544524928
"v2","NAD",11.3,17.7228388006389
"v2","NAD",11.4,17.8496965189234
"v2","NAD",11.5,17.9750923036781
"v2","NAD",11.6,18.1005362717284
"v2","NAD",11.7,18.2275398104127
"v2","NAD",11.8,18.3576143070691
"v2","NAD",11.9,18.4922321344787
"v2","NAD",12,18.631576740052
"v2","NAD",12.1,18.7742782138305
"v2","NAD",12.2,18.9188741669051
"v2","NAD",12.3,19.0639022103669
"v2","NAD",12.4,19.207899955307
"v2","NAD",12.5,19.3496855920182
"v2","NAD",12.6,19.4891996276009
"v2","NAD",12.7,19.626663148357
"v2","NAD",12.8,19.7622972405887
"v2","NAD",12.9,19.8963229905981
"v2","NAD",13,20.0290055919724
"v2","NAD",13.1,20.1613511028527
"v2","NAD",13.2,20.2949803266661
"v2","NAD",13.3,20.4315326746004
"v2","NAD",13.4,20.5726475578435
"v2","NAD",13.5,20.719962283859
"v2","NAD",13.6,20.8740454681915
"v2","NAD",13.7,21.0326614619595
"v2","NAD",13.8,21.193120211844
"v2","NAD",13.9,21.3527316645255
"v2","NAD",14,21.5088057666848
"v2","NAD",14.1,21.6589148974661
"v2","NAD",14.2,21.8032095725343
"v2","NAD",14.3,21.9433036309708
"v2","NAD",14.4,22.0808277075343
"v2","NAD",14.5,22.2174124369838
"v2","NAD",14.6,22.3546812555478
"v2","NAD",14.7,22.4936304275069
"v2","NAD",14.8,22.6341512427478
"v2","NAD",14.9,22.7760225141221
"v2","NAD",15,22.9190230544814
"v2","NAD",15.1,23.0629316766775
"v2","NAD",15.2,23.2075039460809
"v2","NAD",15.3,23.3523519609689
"v2","NAD",15.4,23.4970331449876
"v2","NAD",15.5,23.6411048141559
"v2","NAD",15.6,23.7841242844927
"v2","NAD",15.7,23.925671628191
"v2","NAD",15.8,24.0660787140172
"v2","NAD",15.9,24.206583443603
"v2","NAD",16,24.3484776591414
"v2","NAD",16.1,24.4930532028255
"v2","NAD",16.2,24.6416019168484
"v2","NAD",16.3,24.7947896299099
"v2","NAD",16.4,24.9507781167374
"v2","NAD",16.5,25.1071031385653
"v2","NAD",16.6,25.2613004566276
"v2","NAD",16.7,25.4109058321588
"v2","NAD",16.8,25.5536293439728
"v2","NAD",16.9,25.6901090614823
"v2","NAD",17,25.8234126053687
"v2","NAD",17.1,25.9566811365426
"v2","NAD",17.2,26.0930558159143
"v2","NAD",17.3,26.2356747866879
"v2","NAD",17.4,26.3861431971902
"v2","NAD",17.5,26.5420435930491
"v2","NAD",17.6,26.7003066952991
"v2","NAD",17.7,26.8578632249747
"v2","NAD",17.8,27.0116439031103
"v2","NAD",17.9,27.1589314392805
"v2","NAD",18,27.3004664784758
"v2","NAD",18.1,27.4389523537857
"v2","NAD",18.2,27.5771149255661
"v2","NAD",18.3,27.7176800541731
"v2","NAD",18.4,27.8633556291297
"v2","NAD",18.5,28.0152838311547
"v2","NAD",18.6,28.1718483181374
"v2","NAD",18.7,28.3311519537051
"v2","NAD",18.8,28.4912976014854
"v2","NAD",18.9,28.6503881251055
"v2","NAD",19,28.8067323527087
"v2","NAD",19.1,28.959910180491
"v2","NAD",19.2,29.1099859026764
"v2","NAD",19.3,29.2570247670282
"v2","NAD",19.4,29.4010920213096
"v2","NAD",19.5,29.5422648941856
"v2","NAD",19.6,29.6810164278116
"v2","NAD",19.7,29.818296681722
"v2","NAD",19.8,29.9550841146256
"v2","NAD",19.9,30.092357185231
"v2","NAD",20,30.231094352247
"v2","PO4",4.8,1.77110198837517
"v2","PO4",4.9,1.81097919652817
"v2","PO4",5,1.85811349380872
"v2","PO4",5.1,1.91095538736691
"v2","PO4",5.2,1.96795538435283
"v2","PO4",5.3,2.02756399191656
"v2","PO4",5.4,2.0882838122278
"v2","PO4",5.5,2.1494924809886
"v2","PO4",5.6,2.21129370823671
"v2","PO4",5.7,2.2738131815963
"v2","PO4",5.8,2.33717658869149
"v2","PO4",5.9,2.40150992196831
"v2","PO4",6,2.46709402338103
"v2","PO4",6.1,2.53461606243214
"v2","PO4",6.2,2.60482905014735
"v2","PO4",6.3,2.67848599755233
"v2","PO4",6.4,2.7563399156728
"v2","PO4",6.5,2.83903228455445
"v2","PO4",6.6,2.92610890389571
"v2","PO4",6.7,3.01649367665065
"v2","PO4",6.8,3.1091033677906
"v2","PO4",6.9,3.2028547422869
"v2","PO4",7,3.29666945995692
"v2","PO4",7.1,3.38989564407755
"v2","PO4",7.2,3.48263277678979
"v2","PO4",7.3,3.5750568222037
"v2","PO4",7.4,3.6673437444294
"v2","PO4",7.5,3.75966950757692
"v2","PO4",7.6,3.85219049914199
"v2","PO4",7.7,3.94494229353253
"v2","PO4",7.8,4.03791442385971
"v2","PO4",7.9,4.13109633260223
"v2","PO4",8,4.22447746223876
"v2","PO4",8.1,4.31804863156318
"v2","PO4",8.2,4.41184612874417
"v2","PO4",8.3,4.50596103968359
"v2","PO4",8.4,4.60048771265994
"v2","PO4",8.5,4.69552049595173
"v2","PO4",8.6,4.79115373783748
"v2","PO4",8.7,4.88748469654156
"v2","PO4",8.8,4.98462227007181
"v2","PO4",8.9,5.08267826638192
"v2","PO4",9,5.18176449342557
"v2","PO4",9.1,5.28199275915646
"v2","PO4",9.2,5.38347257730532
"v2","PO4",9.3,5.48627492582646
"v2","PO4",9.4,5.5904388069416
"v2","PO4",9.5,5.69600225499714
"v2","PO4",9.6,5.80300330433948
"v2","PO4",9.7,5.91147963009275
"v2","PO4",9.8,6.02128642246615
"v2","PO4",9.9,6.13180002837832
"v2","PO4",10,6.24231920273683
"v2","PO4",10.1,6.35214270044926
"v2","PO4",10.2,6.4605692764232
"v2","PO4",10.3,6.56701824861847
"v2","PO4",10.4,6.67209334642044
"v2","PO4",10.5,6.77707055879394
"v2","PO4",10.6,6.88323359073918
"v2","PO4",10.7,6.99186614725631
"v2","PO4",10.8,7.1042422647405
"v2","PO4",10.9,7.22079360237616
"v2","PO4",11,7.3404676884799
"v2","PO4",11.1,7.46206097941521
"v2","PO4",11.2,7.58436993154553
"v2","PO4",11.3,7.70619100123436
"v2","PO4",11.4,7.82658104786928
"v2","PO4",11.5,7.94620395505635
"v2","PO4",11.6,8.06633603573619
"v2","PO4",11.7,8.18825480841895
"v2","PO4",11.8,8.31323779161482
"v2","PO4",11.9,8.44252267809731
"v2","PO4",12,8.57603143630394
"v2","PO4",12.1,8.71210038034345
"v2","PO4",12.2,8.84897142257856
"v2","PO4",12.3,8.98488647537189
"v2","PO4",12.4,9.11808745108615
"v2","PO4",12.5,9.24734014668748
"v2","PO4",12.6,9.37350589755601
"v2","PO4",12.7,9.49796992367532
"v2","PO4",12.8,9.62211744502902
"v2","PO4",12.9,9.74733368160067
"v2","PO4",13,9.87493935634709
"v2","PO4",13.1,10.0051718437283
"v2","PO4",13.2,10.1373695908936
"v2","PO4",13.3,10.270843835309
"v2","PO4",13.4,10.4049058144406
"v2","PO4",13.5,10.5388671640126
"v2","PO4",13.6,10.6722418349061
"v2","PO4",13.7,10.8050746561601
"v2","PO4",13.8,10.937496480581
"v2","PO4",13.9,11.0696381609752
"v2","PO4",14,11.2016305501492
"v2","PO4",14.1,11.3336300937937
"v2","PO4",14.2,11.4660446620949
"v2","PO4",14.3,11.5994248311621
"v2","PO4",14.4,11.7343228150492
"v2","PO4",14.5,11.8712908278099
"v2","PO4",14.6,12.0108757150186
"v2","PO4",14.7,12.1531565934884
"v2","PO4",14.8,12.2973885184547
"v2","PO4",14.9,12.4427426626636
"v2","PO4",15,12.5883901988611
"v2","PO4",15.1,12.7335022997935
"v2","PO4",15.2,12.8774044919657
"v2","PO4",15.3,13.0203748646649
"v2","PO4",15.4,13.1630545243523
"v2","PO4",15.5,13.3060852920897
"v2","PO4",15.6,13.4501089889393
"v2","PO4",15.7,13.5957552871177
"v2","PO4",15.8,13.7432524969966
"v2","PO4",15.9,13.8923452249299
"v2","PO4",16,14.0427492800092
"v2","PO4",16.1,14.1941804713261
"v2","PO4",16.2,14.346354607972
"v2","PO4",16.3,14.4989802068485
"v2","PO4",16.4,14.6517366160966
"v2","PO4",16.5,14.8042958916675
"v2","PO4",16.6,14.9563300895123
"v2","PO4",16.7,15.1075112655819
"v2","PO4",16.8,15.2575255250665
"v2","PO4",16.9,15.4062949564675
"v2","PO4",17,15.5539374595551
"v2","PO4",17.1,15.7005768611219
"v2","PO4",17.2,15.8463369879609
"v2","PO4",17.3,15.9913418980301
"v2","PO4",17.4,16.1358330813205
"v2","PO4",17.5,16.2803601713262
"v2","PO4",17.6,16.4255227332718
"v2","PO4",17.7,16.5719203323817
"v2","PO4",17.8,16.7201525338806
"v2","PO4",17.9,16.8707247671277
"v2","PO4",18,17.0232176707425
"v2","PO4",18.1,17.1766869817599
"v2","PO4",18.2,17.3301824125196
"v2","PO4",18.3,17.4827536753611
"v2","PO4",18.4,17.6334585065037
"v2","PO4",18.5,17.7820537226732
"v2","PO4",18.6,17.9295278061077
"v2","PO4",18.7,18.0769946121638
"v2","PO4",18.8,18.2255679961979
"v2","PO4",18.9,18.3763618135663
"v2","PO4",19,18.5302647592104
"v2","PO4",19.1,18.6867759964355
"v2","PO4",19.2,18.844865144608
"v2","PO4",19.3,19.0035007806846
"v2","PO4",19.4,19.1616514816222
"v2","PO4",19.5,19.3182982718866
"v2","PO4",19.6,19.4728334047533
"v2","PO4",19.7,19.6251447287567
"v2","PO4",19.8,19.7751495976373
"v2","PO4",19.9,19.9227653651354
"v2","PO4",20,20.0679093849914
"v3","AMP",4.8,3.93163973396241
"v3","AMP",4.9,4.02306248766258
"v3","AMP",5,4.11157556920974
"v3","AMP",5.1,4.19751919353237
"v3","AMP",5.2,4.28123357555896
"v3","AMP",5.3,4.36305893021801
"v3","AMP",5.4,4.44337903619463
"v3","AMP",5.5,4.52330940714855
"v3","AMP",5.6,4.60457272659749
"v3","AMP",5.7,4.688910056519
"v3","AMP",5.8,4.77806245889063
"v3","AMP",5.9,4.8737688360839
"v3","AMP",6,4.9766710106058
"v3","AMP",6.1,5.08453205012188
"v3","AMP",6.2,5.19464854739473
"v3","AMP",6.3,5.30431709518688
"v3","AMP",6.4,5.41083428626089
"v3","AMP",6.5,5.51176404425401
"v3","AMP",6.6,5.60729655131652
"v3","AMP",6.7,5.69911262655604
"v3","AMP",6.8,5.78891019825614
"v3","AMP",6.9,5.87838719470043
"v3","AMP",7,5.96923390628828
"v3","AMP",7.1,6.06247517275917
"v3","AMP",7.2,6.15796341862955
"v3","AMP",7.3,6.25543172647545
"v3","AMP",7.4,6.35461317887289
"v3","AMP",7.5,6.45524085839789
"v3","AMP",7.6,6.55708397174115
"v3","AMP",7.7,6.66013465820852
"v3","AMP",7.8,6.76447001567187
"v3","AMP",7.9,6.87016730924433
"v3","AMP",8,6.97730380403904
"v3","AMP",8.1,7.08595716246338
"v3","AMP",8.2,7.19621817234998
"v3","AMP",8.3,7.3081934397289
"v3","AMP",8.4,7.42199051236474
"v3","AMP",8.5,7.53771693802211
"v3","AMP",8.6,7.6554802644656
"v3","AMP",8.7,7.775200558338
"v3","AMP",8.8,7.89604796179479
"v3","AMP",8.9,8.01700513586963
"v3","AMP",9,8.13705474159617
"v3","AMP",9.1,8.25517944000806
"v3","AMP",9.2,8.37045282193414
"v3","AMP",9.3,8.48347581460646
"v3","AMP",9.4,8.59611667927721
"v3","AMP",9.5,8.71028203820597
"v3","AMP",9.6,8.82787851365228
"v3","AMP",9.7,8.95081035153268
"v3","AMP",9.8,9.07977461552279
"v3","AMP",9.9,9.21230070408716
"v3","AMP",10,9.34540472560365
"v3","AMP",10.1,9.47610278845012
"v3","AMP",10.2,9.60141100100441
"v3","AMP",10.3,9.71869335039793
"v3","AMP",10.4,9.82873138463669
"v3","AMP",10.5,9.93424642365639
"v3","AMP",10.6,10.037982051633
"v3","AMP",10.7,10.1426818527423
"v3","AMP",10.8,10.2510753752678
"v3","AMP",10.9,10.3646692903511
"v3","AMP",11,10.4828157596221
"v3","AMP",11.1,10.6046476338886
"v3","AMP",11.2,10.7292977639588
"v3","AMP",11.3,10.8558990006407
"v3","AMP",11.4,10.9836706091655
"v3","AMP",11.5,11.1123651437743
"v3","AMP",11.6,11.2419383926291
"v3","AMP",11.7,11.372346543959
"v3","AMP",11.8,11.5035457859928
"v3","AMP",11.9,11.6355035487352
"v3","AMP",12,11.7685586571479
"v3","AMP",12.1,11.903497525407
"v3","AMP",12.2,12.0411332148605
"v3","AMP",12.3,12.1822787868562
"v3","AMP",12.4,12.327747302742
"v3","AMP",12.5,12.4781310928577
"v3","AMP",12.6,12.6331395635114
"v3","AMP",12.7,12.7922613900029
"v3","AMP",12.8,12.9549852476321
"v3","AMP",12.9,13.1207998116989
"v3","AMP",13,13.2891612386652
"v3","AMP",13.1,13.4589794701347
"v3","AMP",13.2,13.6287112164056
"v3","AMP",13.3,13.7967994688913
"v3","AMP",13.4,13.9616872190051
"v3","AMP",13.5,14.1218194637156
"v3","AMP",13.6,14.2766600220326
"v3","AMP",13.7,14.4283461180462
"v3","AMP",13.8,14.5794481757698
"v3","AMP",13.9,14.7325366192166
"v3","AMP",14,14.8901818723997
"v3","AMP",14.1,15.0546323715466
"v3","AMP",14.2,15.2249733448759
"v3","AMP",14.3,15.3984946167123
"v3","AMP",14.4,15.5724654041621
"v3","AMP",14.5,15.7441549243316
"v3","AMP",14.6,15.9108538236672
"v3","AMP",14.7,16.0717197798694
"v3","AMP",14.8,16.2291998743408
"v3","AMP",14.9,16.3860760219226
"v3","AMP",15,16.5451301374558
"v3","AMP",15.1,16.7091441357816
"v3","AMP",15.2,16.8803025686608
"v3","AMP",15.3,17.0571034832879
"v3","AMP",15.4,17.2366400173901
"v3","AMP",15.5,17.4160025431253
"v3","AMP",15.6,17.5922814326508
"v3","AMP",15.7,17.7626369549421
"v3","AMP",15.8,17.9265385627286
"v3","AMP",15.9,18.0862386375917
"v3","AMP",16,18.2441552424583
"v3","AMP",16.1,18.4027064402552
"v3","AMP",16.2,18.5643102939095
"v3","AMP",16.3,18.7308509925542
"v3","AMP",16.4,18.9020772301467
"v3","AMP",16.5,19.0772038268508
"v3","AMP",16.6,19.2554456028301
"v3","AMP",16.7,19.4360173782481
"v3","AMP",16.8,19.6181498734253
"v3","AMP",16.9,19.8013408816267
"v3","AMP",17,19.9853098045515
"v3","AMP",17.1,20.1697827517775
"v3","AMP",17.2,20.3544858328824
"v3","AMP",17.3,20.5391454272539
"v3","AMP",17.4,20.7236249775673
"v3","AMP",17.5,20.9081475827244
"v3","AMP",17.6,21.0929946205054
"v3","AMP",17.7,21.2784474686905
"v3","AMP",17.8,21.4647875050599
"v3","AMP",17.9,21.6522284781455
"v3","AMP",18,21.8403197467443
"v3","AMP",18.1,22.0282335689653
"v3","AMP",18.2,22.2151378746452
"v3","AMP",18.3,22.4002005936209
"v3","AMP",18.4,22.5825985895726
"v3","AMP",18.5,22.7622870872566
"v3","AMP",18.6,22.9405926563395
"v3","AMP",18.7,23.1189814577855
"v3","AMP",18.8,23.2989196525587
"v3","AMP",18.9,23.4818734016234
"v3","AMP",19,23.6688942535035
"v3","AMP",19.1,23.8584750605057
"v3","AMP",19.2,24.0481335679014
"v3","AMP",19.3,24.2353856014598
"v3","AMP",19.4,24.4177469869501
"v3","AMP",19.5,24.5928079693381
"v3","AMP",19.6,24.7606173833436
"v3","AMP",19.7,24.924187050217
"v3","AMP",19.8,25.0867051922676
"v3","AMP",19.9,25.2513600318042
"v3","AMP",20,25.421339791136
"v3","ATP",4.8,5.37529243707412
"v3","ATP",4.9,5.45670071428529
"v3","ATP",5,5.54087521850229
"v3","ATP",5.1,5.62718359614959
"v3","ATP",5.2,5.71499349365165
"v3","ATP",5.3,5.80367255743292
"v3","ATP",5.4,5.89259988549808
"v3","ATP",5.5,5.98134692661282
"v3","ATP",5.6,6.0696447359418
"v3","ATP",5.7,6.15722919978507
"v3","ATP",5.8,6.24383620444265
"v3","ATP",5.9,6.32920242282938
"v3","ATP",6,6.41346412816529
"v3","ATP",6.1,6.49780615116424
"v3","ATP",6.2,6.5835832313313
"v3","ATP",6.3,6.67215010817152
"v3","ATP",6.4,6.76486152118998
"v3","ATP",6.5,6.862899501518
"v3","ATP",6.6,6.96574939322346
"v3","ATP",6.7,7.07193351848235
"v3","ATP",6.8,7.17996314613475
"v3","ATP",6.9,7.28834954502073
"v3","ATP",7,7.39560944138627
"v3","ATP",7.1,7.50073503796802
"v3","ATP",7.2,7.60355624931111
"v3","ATP",7.3,7.70398826192814
"v3","ATP",7.4,7.8019462623317
"v3","ATP",7.5,7.8973454370344
"v3","ATP",7.6,7.99033168446692
"v3","ATP",7.7,8.08247469466551
"v3","ATP",7.8,8.17588675791819
"v3","ATP",7.9,8.27268123262374
"v3","ATP",8,8.3749714771809
"v3","ATP",8.1,8.48480829748185
"v3","ATP",8.2,8.60217594994169
"v3","ATP",8.3,8.7245681745093
"v3","ATP",8.4,8.84933043852535
"v3","ATP",8.5,8.97380820933052
"v3","ATP",8.6,9.09534695426548
"v3","ATP",8.7,9.21214701889479
"v3","ATP",8.8,9.3258282616786
"v3","ATP",8.9,9.43886541930092
"v3","ATP",9,9.55373322844582
"v3","ATP",9.1,9.67290642579732
"v3","ATP",9.2,9.79869735207681
"v3","ATP",9.3,9.93069060332052
"v3","ATP",9.4,10.0662073818352
"v3","ATP",9.5,10.202500379131
"v3","ATP",9.6,10.3368222867179
"v3","ATP",9.7,10.4664283100061
"v3","ATP",9.8,10.5898507157261
"v3","ATP",9.9,10.7089727996233
"v3","ATP",10,10.8262208598945
"v3","ATP",10.1,10.9440211947363
"v3","ATP",10.2,11.0648001023452
"v3","ATP",10.3,11.1907575656249
"v3","ATP",10.4,11.3218702460411
"v3","ATP",10.5,11.4568528709861
"v3","ATP",10.6,11.5944056836732
"v3","ATP",10.7,11.7332289273158
"v3","ATP",10.8,11.8720310881107
"v3","ATP",10.9,12.0102388221606
"v3","ATP",11,12.1485440834811
"v3","ATP",11.1,12.2877676226989
"v3","ATP",11.2,12.4287301904413
"v3","ATP",11.3,12.572252537335
"v3","ATP",11.4,12.7189588916784
"v3","ATP",11.5,12.8682606842493
"v3","ATP",11.6,13.0191071544229
"v3","ATP",11.7,13.1704466317484
"v3","ATP",11.8,13.3212274457752
"v3","ATP",11.9,13.4704115277078
"v3","ATP",12,13.6174101671295
"v3","ATP",12.1,13.7621762009975
"v3","ATP",12.2,13.9046947072291
"v3","ATP",12.3,14.0449507637415
"v3","ATP",12.4,14.1829294484517
"v3","ATP",12.5,14.3188417238321
"v3","ATP",12.6,14.4538020905753
"v3","ATP",12.7,14.5891509339287
"v3","ATP",12.8,14.72622863914
"v3","ATP",12.9,14.8663755914568
"v3","ATP",13,15.0108483731188
"v3","ATP",13.1,15.1594959377191
"v3","ATP",13.2,15.3109992344294
"v3","ATP",13.3,15.4640038580274
"v3","ATP",13.4,15.6171554032911
"v3","ATP",13.5,15.7691004398675
"v3","ATP",13.6,15.9189807710131
"v3","ATP",13.7,16.0672377007748
"v3","ATP",13.8,16.2145231049701
"v3","ATP",13.9,16.3614888594168
"v3","ATP",14,16.5087868399325
"v3","ATP",14.1,16.657080110262
"v3","ATP",14.2,16.8071416443438
"v3","ATP",14.3,16.9598067999976
"v3","ATP",14.4,17.1159116510699
"v3","ATP",14.5,17.2762922714076
"v3","ATP",14.6,17.4417765349616
"v3","ATP",14.7,17.612477899783
"v3","ATP",14.8,17.787251139955
"v3","ATP",14.9,17.9648229061925
"v3","ATP",15,18.1439198492107
"v3","ATP",15.1,18.3232686197248
"v3","ATP",15.2,18.5017226930124
"v3","ATP",15.3,18.6789182163055
"v3","ATP",15.4,18.8547896094186
"v3","ATP",15.5,19.029271879317
"v3","ATP",15.6,19.2023000329659
"v3","ATP",15.7,19.3738145250716
"v3","ATP",15.8,19.543935787561
"v3","ATP",15.9,19.7130011531594
"v3","ATP",16,19.881360867756
"v3","ATP",16.1,20.0493651772398
"v3","ATP",16.2,20.2173643274999
"v3","ATP",16.3,20.3857907075458
"v3","ATP",16.4,20.5554052788671
"v3","ATP",16.5,20.7270511460741
"v3","ATP",16.6,20.9015714137766
"v3","ATP",16.7,21.0798091865846
"v3","ATP",16.8,21.2625318673564
"v3","ATP",16.9,21.4492353060859
"v3","ATP",17,21.6383602595999
"v3","ATP",17.1,21.8283155480485
"v3","ATP",17.2,22.017509991582
"v3","ATP",17.3,22.2043535468111
"v3","ATP",17.4,22.3878334923033
"v3","ATP",17.5,22.5684520085329
"v3","ATP",17.6,22.7469567514514
"v3","ATP",17.7,22.9240953770109
"v3","ATP",17.8,23.100615541163
"v3","ATP",17.9,23.277244624979
"v3","ATP",18,23.4545108291017
"v3","ATP",18.1,23.6328293014393
"v3","ATP",18.2,23.8126138923076
"v3","ATP",18.3,23.9942784520223
"v3","ATP",18.4,24.1782325718793
"v3","ATP",18.5,24.3645147760509
"v3","ATP",18.6,24.5525098291297
"v3","ATP",18.7,24.7415359485196
"v3","ATP",18.8,24.9309113516246
"v3","ATP",18.9,25.1199542558486
"v3","ATP",19,25.3081466399409
"v3","ATP",19.1,25.4959811024342
"v3","ATP",19.2,25.6843353842843
"v3","ATP",19.3,25.8740879846015
"v3","ATP",19.4,26.0661174024961
"v3","ATP",19.5,26.2612596558122
"v3","ATP",19.6,26.4589473072331
"v3","ATP",19.7,26.6569215357002
"v3","ATP",19.8,26.8528228238205
"v3","ATP",19.9,27.0442916542009
"v3","ATP",20,27.2289685094484
"v3","FAD",4.8,11.1621901889874
"v3","FAD",4.9,11.2878039597474
"v3","FAD",5,11.3883371793373
"v3","FAD",5.1,11.4708006442913
"v3","FAD",5.2,11.5422051511437
"v3","FAD",5.3,11.6095614964287
"v3","FAD",5.4,11.6796579055237
"v3","FAD",5.5,11.7555441039074
"v3","FAD",5.6,11.8371677315611
"v3","FAD",5.7,11.9243825312594
"v3","FAD",5.8,12.0170422457768
"v3","FAD",5.9,12.1150001567388
"v3","FAD",6,12.2178752820364
"v3","FAD",6.1,12.3246719278325
"v3","FAD",6.2,12.434294792088
"v3","FAD",6.3,12.5456485727636
"v3","FAD",6.4,12.6576379678201
"v3","FAD",6.5,12.7693681592486
"v3","FAD",6.6,12.8819138841512
"v3","FAD",6.7,12.997467778582
"v3","FAD",6.8,13.1182353095729
"v3","FAD",6.9,13.2464219441559
"v3","FAD",7,13.3842111026264
"v3","FAD",7.1,13.5318653833588
"v3","FAD",7.2,13.6862632106691
"v3","FAD",7.3,13.843938528615
"v3","FAD",7.4,14.0014252812537
"v3","FAD",7.5,14.1552574126431
"v3","FAD",7.6,14.3025916955651
"v3","FAD",7.7,14.4444285634033
"v3","FAD",7.8,14.5832332504305
"v3","FAD",7.9,14.7214738743858
"v3","FAD",8,14.8616185530084
"v3","FAD",8.1,15.0060816145157
"v3","FAD",8.2,15.1555003407103
"v3","FAD",8.3,15.3083703935554
"v3","FAD",8.4,15.4630599339261
"v3","FAD",8.5,15.6179371226979
"v3","FAD",8.6,15.7713701207457
"v3","FAD",8.7,15.9221233936563
"v3","FAD",8.8,16.0705466258614
"v3","FAD",8.9,16.2173858065041
"v3","FAD",9,16.3633869247276
"v3","FAD",9.1,16.5092959696749
"v3","FAD",9.2,16.6558616069595
"v3","FAD",9.3,16.8038774585344
"v3","FAD",9.4,16.9541744496592
"v3","FAD",9.5,17.1075846347292
"v3","FAD",9.6,17.26494006814
"v3","FAD",9.7,17.4270716603756
"v3","FAD",9.8,17.5942292148283
"v3","FAD",9.9,17.765137700731
"v3","FAD",10,17.9382750024116
"v3","FAD",10.1,18.1121190041981
"v3","FAD",10.2,18.2851475904181
"v3","FAD",10.3,18.4559448902965
"v3","FAD",10.4,18.6241387829242
"v3","FAD",10.5,18.7899495689367
"v3","FAD",10.6,18.9536043486429
"v3","FAD",10.7,19.1153302223518
"v3","FAD",10.8,19.2753583790793
"v3","FAD",10.9,19.4342762364392
"v3","FAD",11,19.5932988285704
"v3","FAD",11.1,19.7537050756589
"v3","FAD",11.2,19.9167738978906
"v3","FAD",11.3,20.0837842154514
"v3","FAD",11.4,20.2557847027918
"v3","FAD",11.5,20.4324031197074
"v3","FAD",11.6,20.6127257221347
"v3","FAD",11.7,20.7958377000574
"v3","FAD",11.8,20.9808242434593
"v3","FAD",11.9,21.1667812447409
"v3","FAD",12,21.353158172435
"v3","FAD",12.1,21.5398306098078
"v3","FAD",12.2,21.7266995088168
"v3","FAD",12.3,21.9136658214194
"v3","FAD",12.4,22.1006304995731
"v3","FAD",12.5,22.287485813646
"v3","FAD",12.6,22.4740893076498
"v3","FAD",12.7,22.6602898440069
"v3","FAD",12.8,22.8459362851396
"v3","FAD",12.9,23.0308774934703
"v3","FAD",13,23.2149662523854
"v3","FAD",13.1,23.3981212052106
"v3","FAD",13.2,23.5803156437056
"v3","FAD",13.3,23.7615245137864
"v3","FAD",13.4,23.9417227613693
"v3","FAD",13.5,24.12088546078
"v3","FAD",13.6,24.2990529183916
"v3","FAD",13.7,24.4764366104968
"v3","FAD",13.8,24.6532757498493
"v3","FAD",13.9,24.829809549203
"v3","FAD",14,25.0062772213117
"v3","FAD",14.1,25.1828244427533
"v3","FAD",14.2,25.3586779907135
"v3","FAD",14.3,25.5325430846611
"v3","FAD",14.4,25.7031189577498
"v3","FAD",14.5,25.8691048431332
"v3","FAD",14.6,26.0292149393902
"v3","FAD",14.7,26.1834673077824
"v3","FAD",14.8,26.3341772023609
"v3","FAD",14.9,26.483893711948
"v3","FAD",15,26.6351659253657
"v3","FAD",15.1,26.7905429314361
"v3","FAD",15.2,26.9521051601361
"v3","FAD",15.3,27.1190408088482
"v3","FAD",15.4,27.2894358587819
"v3","FAD",15.5,27.4613741214298
"v3","FAD",15.6,27.6329394082847
"v3","FAD",15.7,27.8022545166468
"v3","FAD",15.8,27.9687302193805
"v3","FAD",15.9,28.1333295020536
"v3","FAD",16,28.297107761037
"v3","FAD",16.1,28.4611203927013
"v3","FAD",16.2,28.6264227934174
"v3","FAD",16.3,28.793691100109
"v3","FAD",16.4,28.9620844119113
"v3","FAD",16.5,29.1303825685127
"v3","FAD",16.6,29.2973654096016
"v3","FAD",16.7,29.4618127748663
"v3","FAD",16.8,29.6225671557016
"v3","FAD",16.9,29.7795233963873
"v3","FAD",17,29.9334495493644
"v3","FAD",17.1,30.0851400982624
"v3","FAD",17.2,30.235389526711
"v3","FAD",17.3,30.3849924632716
"v3","FAD",17.4,30.5348171618308
"v3","FAD",17.5,30.6859250702874
"v3","FAD",17.6,30.8394089417969
"v3","FAD",17.7,30.9963615295148
"v3","FAD",17.8,31.1578755865965
"v3","FAD",17.9,31.3248697407603
"v3","FAD",18,31.4965520114312
"v3","FAD",18.1,31.6711594945971
"v3","FAD",18.2,31.846918142218
"v3","FAD",18.3,32.0220539062541
"v3","FAD",18.4,32.1948062708984
"v3","FAD",18.5,32.3645937161639
"v3","FAD",18.6,32.5329119198629
"v3","FAD",18.7,32.701468000952
"v3","FAD",18.8,32.8719690783877
"v3","FAD",18.9,33.0461222711266
"v3","FAD",19,33.2252389172201
"v3","FAD",19.1,33.4081878734869
"v3","FAD",19.2,33.5929071786909
"v3","FAD",19.3,33.7773330392774
"v3","FAD",19.4,33.9594016616913
"v3","FAD",19.5,34.1371002027537
"v3","FAD",19.6,34.3100990687377
"v3","FAD",19.7,34.4800972456934
"v3","FAD",19.8,34.648914490932
"v3","FAD",19.9,34.8183705617647
"v3","FAD",20,34.990285215503
"v3","FMN",4.8,5.48980992364217
"v3","FMN",4.9,5.5576906269335
"v3","FMN",5,5.60989891044255
"v3","FMN",5.1,5.65282407638995
"v3","FMN",5.2,5.69285542699633
"v3","FMN",5.3,5.73638226448233
"v3","FMN",5.4,5.78949205281315
"v3","FMN",5.5,5.85320231650732
"v3","FMN",5.6,5.92432370939833
"v3","FMN",5.7,5.99953954730564
"v3","FMN",5.8,6.07553314604871
"v3","FMN",5.9,6.14899070530372
"v3","FMN",6,6.21806342395251
"v3","FMN",6.1,6.28474668186341
"v3","FMN",6.2,6.35165877195287
"v3","FMN",6.3,6.42141798713728
"v3","FMN",6.4,6.49664262033309
"v3","FMN",6.5,6.57970518879931
"v3","FMN",6.6,6.67056370973662
"v3","FMN",6.7,6.76780575528003
"v3","FMN",6.8,6.87000316792246
"v3","FMN",6.9,6.97572779015684
"v3","FMN",7,7.08355764633765
"v3","FMN",7.1,7.19260935550847
"v3","FMN",7.2,7.30294845246348
"v3","FMN",7.3,7.41473706358382
"v3","FMN",7.4,7.52813731525069
"v3","FMN",7.5,7.64331133384524
"v3","FMN",7.6,7.76037720091092
"v3","FMN",7.7,7.87918118424725
"v3","FMN",7.8,7.9994659647206
"v3","FMN",7.9,8.12097401928602
"v3","FMN",8,8.24344782489859
"v3","FMN",8.1,8.36661939630419
"v3","FMN",8.2,8.48987510785619
"v3","FMN",8.3,8.6121847829865
"v3","FMN",8.4,8.73249344581636
"v3","FMN",8.5,8.849746120467
"v3","FMN",8.6,8.96288783105968
"v3","FMN",8.7,9.07140085540783
"v3","FMN",8.8,9.17691648609384
"v3","FMN",8.9,9.2816032693923
"v3","FMN",9,9.3876297515778
"v3","FMN",9.1,9.49716447892494
"v3","FMN",9.2,9.61224944303563
"v3","FMN",9.3,9.73280091249405
"v3","FMN",9.4,9.85697130013386
"v3","FMN",9.5,9.98285962853619
"v3","FMN",9.6,10.1085649202822
"v3","FMN",9.7,10.2321877586327
"v3","FMN",9.8,10.3526215522092
"v3","FMN",9.9,10.470840095864
"v3","FMN",10,10.5881542912954
"v3","FMN",10.1,10.7058750402019
"v3","FMN",10.2,10.825313244282
"v3","FMN",10.3,10.9476367830351
"v3","FMN",10.4,11.0726084858768
"v3","FMN",10.5,11.1991936904407
"v3","FMN",10.6,11.3263485809399
"v3","FMN",10.7,11.4530293415871
"v3","FMN",10.8,11.5782014034386
"v3","FMN",10.9,11.7016358287749
"v3","FMN",11,11.8245230703259
"v3","FMN",11.1,11.9481980627484
"v3","FMN",11.2,12.0739957406994
"v3","FMN",11.3,12.2032510388356
"v3","FMN",11.4,12.3371114637764
"v3","FMN",11.5,12.4755678481871
"v3","FMN",11.6,12.6181702217558
"v3","FMN",11.7,12.7644677464482
"v3","FMN",11.8,12.9140095842302
"v3","FMN",11.9,13.0663367035142
"v3","FMN",12,13.2207193819907
"v3","FMN",12.1,13.3761016725452
"v3","FMN",12.2,13.5314082063071
"v3","FMN",12.3,13.6855636144062
"v3","FMN",12.4,13.8374925279718
"v3","FMN",12.5,13.9865323218132
"v3","FMN",12.6,14.1336713454571
"v3","FMN",12.7,14.2803106921099
"v3","FMN",12.8,14.4278514549778
"v3","FMN",12.9,14.5776947272673
"v3","FMN",13,14.7311587130277
"v3","FMN",13.1,14.8881693375031
"v3","FMN",13.2,15.0474972583145
"v3","FMN",13.3,15.2078781642201
"v3","FMN",13.4,15.3680477439778
"v3","FMN",13.5,15.5267424476161
"v3","FMN",13.6,15.6830854504609
"v3","FMN",13.7,15.8372147011092
"v3","FMN",13.8,15.9894325825368
"v3","FMN",13.9,16.1400414777192
"v3","FMN",14,16.289343769632
"v3","FMN",14.1,16.4376444647657
"v3","FMN",14.2,16.585274343019
"v3","FMN",14.3,16.7325788130089
"v3","FMN",14.4,16.8799034512574
"v3","FMN",14.5,17.0275938342863
"v3","FMN",14.6,17.1759916138055
"v3","FMN",14.7,17.325096492272
"v3","FMN",14.8,17.4743057134878
"v3","FMN",14.9,17.6229551960663
"v3","FMN",15,17.7703808586208
"v3","FMN",15.1,17.9159186197646
"v3","FMN",15.2,18.0590578632633
"v3","FMN",15.3,18.2002350518084
"v3","FMN",15.4,18.3402475753941
"v3","FMN",15.5,18.4798935345012
"v3","FMN",15.6,18.6199710296107
"v3","FMN",15.7,18.7612642896968
"v3","FMN",15.8,18.9040992702526
"v3","FMN",15.9,19.0482496353002
"v3","FMN",16,19.1934561682531
"v3","FMN",16.1,19.3394596525247
"v3","FMN",16.2,19.4860008715286
"v3","FMN",16.3,19.6327498620873
"v3","FMN",16.4,19.7790936746592
"v3","FMN",16.5,19.9243486131115
"v3","FMN",16.6,20.0678309813117
"v3","FMN",16.7,20.208857083127
"v3","FMN",16.8,20.3467843345656
"v3","FMN",16.9,20.4816607071253
"v3","FMN",17,20.6141071727663
"v3","FMN",17.1,20.7447620476331
"v3","FMN",17.2,20.8742636478702
"v3","FMN",17.3,21.0032503053986
"v3","FMN",17.4,21.1323683666153
"v3","FMN",17.5,21.2622852080289
"v3","FMN",17.6,21.3936716138778
"v3","FMN",17.7,21.5271983684003
"v3","FMN",17.8,21.6635362558349
"v3","FMN",17.9,21.8032497518003
"v3","FMN",18,21.9458589560354
"v3","FMN",18.1,22.0902911914157
"v3","FMN",18.2,22.2354669770648
"v3","FMN",18.3,22.3803068321068
"v3","FMN",18.4,22.5237376525007
"v3","FMN",18.5,22.6652419159909
"v3","FMN",18.6,22.8052809445574
"v3","FMN",18.7,22.9444156982334
"v3","FMN",18.8,23.0832071370521
"v3","FMN",18.9,23.2222162210468
"v3","FMN",19,23.3618926543869
"v3","FMN",19.1,23.5019995483422
"v3","FMN",19.2,23.6420383568732
"v3","FMN",19.3,23.7815100188671
"v3","FMN",19.4,23.919915473211
"v3","FMN",19.5,24.0567730126391
"v3","FMN",19.6,24.1921742495716
"v3","FMN",19.7,24.3269017366337
"v3","FMN",19.8,24.4617791614952
"v3","FMN",19.9,24.5976302118258
"v3","FMN",20,24.7352785752954
"v3","GLC",4.8,2.12897580452678
"v3","GLC",4.9,2.19561173917159
"v3","GLC",5,2.26338785992069
"v3","GLC",5.1,2.33252820068374
"v3","GLC",5.2,2.40325679537041
"v3","GLC",5.3,2.47579767789037
"v3","GLC",5.4,2.55034601957291
"v3","GLC",5.5,2.62661219059247
"v3","GLC",5.6,2.70390428890941
"v3","GLC",5.7,2.781518236083
"v3","GLC",5.8,2.85874995367251
"v3","GLC",5.9,2.93489625382113
"v3","GLC",6,3.00970636529748
"v3","GLC",6.1,3.08411666522009
"v3","GLC",6.2,3.15925589683171
"v3","GLC",6.3,3.23625280337505
"v3","GLC",6.4,3.31623612809287
"v3","GLC",6.5,3.40022043798553
"v3","GLC",6.6,3.4880986326485
"v3","GLC",6.7,3.57912696494985
"v3","GLC",6.8,3.67255438047814
"v3","GLC",6.9,3.76762982482193
"v3","GLC",7,3.86360718247609
"v3","GLC",7.1,3.96017064014756
"v3","GLC",7.2,4.05776250666151
"v3","GLC",7.3,4.15690226125416
"v3","GLC",7.4,4.25810938316175
"v3","GLC",7.5,4.36190335162051
"v3","GLC",7.6,4.468573434597
"v3","GLC",7.7,4.5769881981019
"v3","GLC",7.8,4.68547478534498
"v3","GLC",7.9,4.79235927374312
"v3","GLC",8,4.89596774071317
"v3","GLC",8.1,4.99466967554884
"v3","GLC",8.2,5.08826876732625
"v3","GLC",8.3,5.17829714095803
"v3","GLC",8.4,5.26638982358332
"v3","GLC",8.5,5.35418184234127
"v3","GLC",8.6,5.44330822437105
"v3","GLC",8.7,5.53514035216134
"v3","GLC",8.8,5.62999502959903
"v3","GLC",8.9,5.72792541592053
"v3","GLC",9,5.82898467036227
"v3","GLC",9.1,5.93322595216067
"v3","GLC",9.2,6.04066113690094
"v3","GLC",9.3,6.15060866383969
"v3","GLC",9.4,6.26181158134496
"v3","GLC",9.5,6.37299552124449
"v3","GLC",9.6,6.482886115366
"v3","GLC",9.7,6.59021050149926
"v3","GLC",9.8,6.69446084615791
"v3","GLC",9.9,6.79713676327468
"v3","GLC",10,6.90006315458616
"v3","GLC",10.1,7.00506492182893
"v3","GLC",10.2,7.11396696673957
"v3","GLC",10.3,7.22837177855419
"v3","GLC",10.4,7.3476968661041
"v3","GLC",10.5,7.47011956611794
"v3","GLC",10.6,7.59380298092429
"v3","GLC",10.7,7.71691021285174
"v3","GLC",10.8,7.83761655229333
"v3","GLC",10.9,7.95515917475539
"v3","GLC",11,8.07064612363408
"v3","GLC",11.1,8.18537588083222
"v3","GLC",11.2,8.30064692825265
"v3","GLC",11.3,8.41775774779821
"v3","GLC",11.4,8.53780581024181
"v3","GLC",11.5,8.66064808711479
"v3","GLC",11.6,8.78566880155034
"v3","GLC",11.7,8.91225124607455
"v3","GLC",11.8,9.03977871321356
"v3","GLC",11.9,9.16764881054643
"v3","GLC",12,9.2957320725877
"v3","GLC",12.1,9.42446898503528
"v3","GLC",12.2,9.55433396556455
"v3","GLC",12.3,9.68580143185084
"v3","GLC",12.4,9.81934580156953
"v3","GLC",12.5,9.95514451028078
"v3","GLC",12.6,10.092187065084
"v3","GLC",12.7,10.2291659909633
"v3","GLC",12.8,10.3647738129029
"v3","GLC",12.9,10.4977030558871
"v3","GLC",13,10.6267384268362
"v3","GLC",13.1,10.752213001131
"v3","GLC",13.2,10.8757446398888
"v3","GLC",13.3,10.9989900934809
"v3","GLC",13.4,11.1236061122791
"v3","GLC",13.5,11.2512479734108
"v3","GLC",13.6,11.3828225460502
"v3","GLC",13.7,11.5172728651162
"v3","GLC",13.8,11.653223744823
"v3","GLC",13.9,11.7892999993849
"v3","GLC",14,11.9241264430161
"v3","GLC",14.1,12.0564832693576
"v3","GLC",14.2,12.1866771195367
"v3","GLC",14.3,12.3158810303636
"v3","GLC",14.4,12.4452779829317
"v3","GLC",14.5,12.5760509583342
"v3","GLC",14.6,12.7093746058591
"v3","GLC",14.7,12.8456976662312
"v3","GLC",14.8,12.9841899480159
"v3","GLC",14.9,13.1238910753161
"v3","GLC",15,13.2638406722347
"v3","GLC",15.1,13.4030783628746
"v3","GLC",15.2,13.54090354654
"v3","GLC",15.3,13.6782187722743
"v3","GLC",15.4,13.816537541909
"v3","GLC",15.5,13.957374559939
"v3","GLC",15.6,14.102244530859
"v3","GLC",15.7,14.2526123907111
"v3","GLC",15.8,14.4082988733225
"v3","GLC",15.9,14.5671431907929
"v3","GLC",16,14.7268665855565
"v3","GLC",16.1,14.8851903000473
"v3","GLC",16.2,15.0398355766995
"v3","GLC",16.3,15.1892047398232
"v3","GLC",16.4,15.3344244412321
"v3","GLC",16.5,15.4773024146158
"v3","GLC",16.6,15.619646393664
"v3","GLC",16.7,15.7632641120665
"v3","GLC",16.8,15.9098552157743
"v3","GLC",16.9,16.0593038145056
"v3","GLC",17,16.2099875451225
"v3","GLC",17.1,16.3602384449727
"v3","GLC",17.2,16.5083885514038
"v3","GLC",17.3,16.6527715489514
"v3","GLC",17.4,16.7925578937358
"v3","GLC",17.5,16.9291137436919
"v3","GLC",17.6,17.0641610493969
"v3","GLC",17.7,17.199421761428
"v3","GLC",17.8,17.3366178303625
"v3","GLC",17.9,17.4773799657206
"v3","GLC",18,17.6224425248788
"v3","GLC",18.1,17.7720311050802
"v3","GLC",18.2,17.9263654641402
"v3","GLC",18.3,18.085665359874
"v3","GLC",18.4,18.2501421344254
"v3","GLC",18.5,18.4192739145502
"v3","GLC",18.6,18.5912470214141
"v3","GLC",18.7,18.7641162813141
"v3","GLC",18.8,18.9359365205471
"v3","GLC",18.9,19.1047625654101
"v3","GLC",19,19.2689809876253
"v3","GLC",19.1,19.4290256582302
"v3","GLC",19.2,19.5861106643551
"v3","GLC",19.3,19.7414516289888
"v3","GLC",19.4,19.8962641751202
"v3","GLC",19.5,20.0517456981144
"v3","GLC",19.6,20.2084914066575
"v3","GLC",19.7,20.3663707799742
"v3","GLC",19.8,20.5252100910696
"v3","GLC",19.9,20.6848356129492
"v3","GLC",20,20.8450736186182
"v3","HEM",4.8,6.51722968629814
"v3","HEM",4.9,6.55160474032847
"v3","HEM",5,6.59405537763494
"v3","HEM",5.1,6.64439081454113
"v3","HEM",5.2,6.70242026737063
"v3","HEM",5.3,6.767952952447
"v3","HEM",5.4,6.84076047655929
"v3","HEM",5.5,6.91998272384601
"v3","HEM",5.6,7.004235395558
"v3","HEM",5.7,7.0921183264237
"v3","HEM",5.8,7.18223135117156
"v3","HEM",5.9,7.27317492912648
"v3","HEM",6,7.36386681460218
"v3","HEM",6.1,7.45405734895998
"v3","HEM",6.2,7.54363178639105
"v3","HEM",6.3,7.63247538108663
"v3","HEM",6.4,7.72047338723791
"v3","HEM",6.5,7.80762341152265
"v3","HEM",6.6,7.89502681144663
"v3","HEM",6.7,7.98441142198072
"v3","HEM",6.8,8.07751226865488
"v3","HEM",6.9,8.17606437699913
"v3","HEM",7,8.28178785048668
"v3","HEM",7.1,8.39510270839557
"v3","HEM",7.2,8.5141384342911
"v3","HEM",7.3,8.63679135460176
"v3","HEM",7.4,8.76095779575599
"v3","HEM",7.5,8.88453408418227
"v3","HEM",7.6,9.005781994003
"v3","HEM",7.7,9.12521858534087
"v3","HEM",7.8,9.24422039715436
"v3","HEM",7.9,9.36416566028943
"v3","HEM",8,9.48643260559202
"v3","HEM",8.1,9.6123657461707
"v3","HEM",8.2,9.74219566099577
"v3","HEM",8.3,9.87481046356812
"v3","HEM",8.4,10.009018343863
"v3","HEM",8.5,10.1436274918558
"v3","HEM",8.6,10.2774460975217
"v3","HEM",8.7,10.4095234662086
"v3","HEM",8.8,10.5398733647549
"v3","HEM",8.9,10.6687506753713
"v3","HEM",9,10.796410280269
"v3","HEM",9.1,10.9231070616588
"v3","HEM",9.2,11.049096017761
"v3","HEM",9.3,11.1746340953917
"v3","HEM",9.4,11.2999798582484
"v3","HEM",9.5,11.4253919189701
"v3","HEM",9.6,11.5511288901955
"v3","HEM",9.7,11.6774488592033
"v3","HEM",9.8,11.8043430301871
"v3","HEM",9.9,11.9311023019227
"v3","HEM",10,12.0569040953389
"v3","HEM",10.1,12.1809258313645
"v3","HEM",10.2,12.3023449309283
"v3","HEM",10.3,12.4204629052857
"v3","HEM",10.4,12.5358003290602
"v3","HEM",10.5,12.6495697045366
"v3","HEM",10.6,12.7629914757804
"v3","HEM",10.7,12.8772860868572
"v3","HEM",10.8,12.993663319947
"v3","HEM",10.9,13.1124040404632
"v3","HEM",11,13.2321525144076
"v3","HEM",11.1,13.3513864158226
"v3","HEM",11.2,13.4685834187504
"v3","HEM",11.3,13.5822211972332
"v3","HEM",11.4,13.6910798097721
"v3","HEM",11.5,13.7958054189586
"v3","HEM",11.6,13.8977553508336
"v3","HEM",11.7,13.9982883313658
"v3","HEM",11.8,14.0987630865241
"v3","HEM",11.9,14.2005245105855
"v3","HEM",12,14.304460539705
"v3","HEM",12.1,14.4109084037813
"v3","HEM",12.2,14.5201725464801
"v3","HEM",12.3,14.6325574114671
"v3","HEM",12.4,14.7483674424081
"v3","HEM",12.5,14.8676417210935
"v3","HEM",12.6,14.9893578818125
"v3","HEM",12.7,15.1122281969792
"v3","HEM",12.8,15.2349649390073
"v3","HEM",12.9,15.356280380311
"v3","HEM",13,15.4749876689184
"v3","HEM",13.1,15.5915943479412
"v3","HEM",13.2,15.7080139143646
"v3","HEM",13.3,15.826202422074
"v3","HEM",13.4,15.9481159249544
"v3","HEM",13.5,16.0757087021496
"v3","HEM",13.6,16.2100334642022
"v3","HEM",13.7,16.3497771914462
"v3","HEM",13.8,16.4932435200863
"v3","HEM",13.9,16.6387360863269
"v3","HEM",14,16.7845585263725
"v3","HEM",14.1,16.9291212098025
"v3","HEM",14.2,17.0718830548702
"v3","HEM",14.3,17.2128981251269
"v3","HEM",14.4,17.35222731506
"v3","HEM",14.5,17.4899315191568
"v3","HEM",14.6,17.6260737483555
"v3","HEM",14.7,17.7609014093852
"v3","HEM",14.8,17.8949867841986
"v3","HEM",14.9,18.028935224295
"v3","HEM",15,18.1633520811735
"v3","HEM",15.1,18.2988427063336
"v3","HEM",15.2,18.4359268320292
"v3","HEM",15.3,18.5745958087847
"v3","HEM",15.4,18.7146396233442
"v3","HEM",15.5,18.8558478660664
"v3","HEM",15.6,18.9980101273102
"v3","HEM",15.7,19.1409136025038
"v3","HEM",15.8,19.2842663656698
"v3","HEM",15.9,19.4276811371188
"v3","HEM",16,19.5707649602892
"v3","HEM",16.1,19.7131248786194
"v3","HEM",16.2,19.8543679355476
"v3","HEM",16.3,19.9942641687212
"v3","HEM",16.4,20.1332355926226
"v3","HEM",16.5,20.2718672159431
"v3","HEM",16.6,20.410744047374
"v3","HEM",16.7,20.5504510956066
"v3","HEM",16.8,20.691531990275
"v3","HEM",16.9,20.8338353221588
"v3","HEM",17,20.9766329614257
"v3","HEM",17.1,21.1191793214536
"v3","HEM",17.2,21.2607288156202
"v3","HEM",17.3,21.4005366167763
"v3","HEM",17.4,21.5382437098939
"v3","HEM",17.5,21.6745034570277
"v3","HEM",17.6,21.8101332663315
"v3","HEM",17.7,21.9459505459591
"v3","HEM",17.8,22.0827727040643
"v3","HEM",17.9,22.2213245239574
"v3","HEM",18,22.3614208424885
"v3","HEM",18.1,22.5023600203815
"v3","HEM",18.2,22.6434344903703
"v3","HEM",18.3,22.783936685189
"v3","HEM",18.4,22.9231648059356
"v3","HEM",18.5,23.0609196224429
"v3","HEM",18.6,23.1978873484552
"v3","HEM",18.7,23.3348443284079
"v3","HEM",18.8,23.4725669067364
"v3","HEM",18.9,23.6118314278761
"v3","HEM",19,23.7532059658833
"v3","HEM",19.1,23.8959732965948
"v3","HEM",19.2,24.0389263747704
"v3","HEM",19.3,24.1808571909553
"v3","HEM",19.4,24.3205577356945
"v3","HEM",19.5,24.4568654043624
"v3","HEM",19.6,24.5901176333607
"v3","HEM",19.7,24.7224596439612
"v3","HEM",19.8,24.8561442836975
"v3","HEM",19.9,24.9934244001037
"v3","HEM",20,25.1365528407134
"v3","NAD",4.8,8.99140354730582
"v3","NAD",4.9,9.06398471229242
"v3","NAD",5,9.15640701066394
"v3","NAD",5.1,9.26143142310317
"v3","NAD",5.2,9.37181893029284
"v3","NAD",5.3,9.48033051291574
"v3","NAD",5.4,9.58004895022694
"v3","NAD",5.5,9.66946223187586
"v3","NAD",5.6,9.75154341511355
"v3","NAD",5.7,9.82940131596376
"v3","NAD",5.8,9.90614475045022
"v3","NAD",5.9,9.98488101584526
"v3","NAD",6,10.067945883701
"v3","NAD",6.1,10.1556506299296
"v3","NAD",6.2,10.2479784801369
"v3","NAD",6.3,10.3449126599291
"v3","NAD",6.4,10.4464363949119
"v3","NAD",6.5,10.5524323869986
"v3","NAD",6.6,10.6617957933438
"v3","NAD",6.7,10.772861250991
"v3","NAD",6.8,10.8839569634673
"v3","NAD",6.9,10.9934111342998
"v3","NAD",7,11.0995638105274
"v3","NAD",7.1,11.2017869051379
"v3","NAD",7.2,11.3012703101517
"v3","NAD",7.3,11.3993889724581
"v3","NAD",7.4,11.4975178389464
"v3","NAD",7.5,11.597031856506
"v3","NAD",7.6,11.6992167687151
"v3","NAD",7.7,11.8048078190888
"v3","NAD",7.8,11.9143304581699
"v3","NAD",7.9,12.0283097235228
"v3","NAD",8,12.147270652712
"v3","NAD",8.1,12.2717143060222
"v3","NAD",8.2,12.401349605461
"v3","NAD",8.3,12.5349308220849
"v3","NAD",8.4,12.6711553919171
"v3","NAD",8.5,12.8087207509809
"v3","NAD",8.6,12.9463243352994
"v3","NAD",8.7,13.0829044667948
"v3","NAD",8.8,13.2183630109848
"v3","NAD",8.9,13.3528427192861
"v3","NAD",9,13.4864863431152
"v3","NAD",9.1,13.6194366338888
"v3","NAD",9.2,13.7518540032861
"v3","NAD",9.3,13.8841955002086
"v3","NAD",9.4,14.0171643134669
"v3","NAD",9.5,14.1514710822951
"v3","NAD",9.6,14.287826445927
"v3","NAD",9.7,14.4269400290481
"v3","NAD",9.8,14.5690060657603
"v3","NAD",9.9,14.7128663971574
"v3","NAD",10,14.85714372188
"v3","NAD",10.1,15.000460738569
"v3","NAD",10.2,15.1414401458651
"v3","NAD",10.3,15.2788655502254
"v3","NAD",10.4,15.4131013164929
"v3","NAD",10.5,15.5454090314934
"v3","NAD",10.6,15.6770605801534
"v3","NAD",10.7,15.8093278473989
"v3","NAD",10.8,15.9434767366369
"v3","NAD",10.9,16.0802520114022
"v3","NAD",11,16.2194802720116
"v3","NAD",11.1,16.3608946575423
"v3","NAD",11.2,16.5042283070716
"v3","NAD",11.3,16.6492143596767
"v3","NAD",11.4,16.7955924352294
"v3","NAD",11.5,16.9431421485054
"v3","NAD",11.6,17.0916583561494
"v3","NAD",11.7,17.2409359448096
"v3","NAD",11.8,17.3907698011343
"v3","NAD",11.9,17.5409579060275
"v3","NAD",12,17.6914004654386
"v3","NAD",12.1,17.8421208825402
"v3","NAD",12.2,17.9931498950377
"v3","NAD",12.3,18.1445182406362
"v3","NAD",12.4,18.2962566570409
"v3","NAD",12.5,18.4484216464816
"v3","NAD",12.6,18.601172769286
"v3","NAD",12.7,18.7546953503065
"v3","NAD",12.8,18.9091747143954
"v3","NAD",12.9,19.0647961864049
"v3","NAD",13,19.2217194042131
"v3","NAD",13.1,19.3796725448032
"v3","NAD",13.2,19.5380257729555
"v3","NAD",13.3,19.6961384167579
"v3","NAD",13.4,19.8533698042984
"v3","NAD",13.5,20.0090798329972
"v3","NAD",13.6,20.1629176210096
"v3","NAD",13.7,20.3152912062557
"v3","NAD",13.8,20.4667316024012
"v3","NAD",13.9,20.6177698231118
"v3","NAD",14,20.7689368820531
"v3","NAD",14.1,20.9207401386481
"v3","NAD",14.2,21.0734545730379
"v3","NAD",14.3,21.2272232693054
"v3","NAD",14.4,21.3821877976624
"v3","NAD",14.5,21.5384897283202
"v3","NAD",14.6,21.6962679720443
"v3","NAD",14.7,21.8554297353602
"v3","NAD",14.8,22.0154739998192
"v3","NAD",14.9,22.1758581931281
"v3","NAD",15,22.3360397429932
"v3","NAD",15.1,22.495476077121
"v3","NAD",15.2,22.6537333460935
"v3","NAD",15.3,22.8110486615699
"v3","NAD",15.4,22.9679148353053
"v3","NAD",15.5,23.1248251824013
"v3","NAD",15.6,23.2822730179598
"v3","NAD",15.7,23.440740356026
"v3","NAD",15.8,23.6003358572299
"v3","NAD",15.9,23.7607182327375
"v3","NAD",16,23.921519406026
"v3","NAD",16.1,24.0823713005727
"v3","NAD",16.2,24.2429058398545
"v3","NAD",16.3,24.4028478256903
"v3","NAD",16.4,24.5622935732656
"v3","NAD",16.5,24.7214322761075
"v3","NAD",16.6,24.8804531277431
"v3","NAD",16.7,25.0395453216994
"v3","NAD",16.8,25.1989026411023
"v3","NAD",16.9,25.358795959991
"v3","NAD",17,25.5195601199348
"v3","NAD",17.1,25.6815318987401
"v3","NAD",17.2,25.8450480742133
"v3","NAD",17.3,26.0104447084115
"v3","NAD",17.4,26.1776942628556
"v3","NAD",17.5,26.345815105533
"v3","NAD",17.6,26.5136710026281
"v3","NAD",17.7,26.6801257203255
"v3","NAD",17.8,26.8440430248098
"v3","NAD",17.9,27.0044298565333
"v3","NAD",18,27.1616996999559
"v3","NAD",18.1,27.3170643792555
"v3","NAD",18.2,27.4717448817628
"v3","NAD",18.3,27.6269621948087
"v3","NAD",18.4,27.7839293308526
"v3","NAD",18.5,27.9431644916721
"v3","NAD",18.6,28.1039617362665
"v3","NAD",18.7,28.265490516267
"v3","NAD",18.8,28.4269202833052
"v3","NAD",18.9,28.5874204890124
"v3","NAD",19,28.7463105695113
"v3","NAD",19.1,28.9038355596589
"v3","NAD",19.2,29.0605932356152
"v3","NAD",19.3,29.2171820679131
"v3","NAD",19.4,29.3742005270854
"v3","NAD",19.5,29.5322340142382
"v3","NAD",19.6,29.6914361553409
"v3","NAD",19.7,29.8514402195565
"v3","NAD",19.8,30.0118484966658
"v3","NAD",19.9,30.1722632764496
"v3","NAD",20,30.3322868486887
"v3","PO4",4.8,1.49925193967993
"v3","PO4",4.9,1.54277167173221
"v3","PO4",5,1.58720171670295
"v3","PO4",5.1,1.63307775413613
"v3","PO4",5.2,1.68093546357575
"v3","PO4",5.3,1.73131052456579
"v3","PO4",5.4,1.78471159851564
"v3","PO4",5.5,1.84119352660528
"v3","PO4",5.6,1.9004345847638
"v3","PO4",5.7,1.96210165064479
"v3","PO4",5.8,2.0258616019018
"v3","PO4",5.9,2.09138160027611
"v3","PO4",6,2.15847312404329
"v3","PO4",6.1,2.22732634033773
"v3","PO4",6.2,2.2981927792297
"v3","PO4",6.3,2.37132397078945
"v3","PO4",6.4,2.44697144508725
"v3","PO4",6.5,2.5253537726584
"v3","PO4",6.6,2.60636572956685
"v3","PO4",6.7,2.68971830950968
"v3","PO4",6.8,2.77512039677372
"v3","PO4",6.9,2.8622808756458
"v3","PO4",7,2.9509089140006
"v3","PO4",7.1,3.04073838730426
"v3","PO4",7.2,3.13154670175792
"v3","PO4",7.3,3.22311569462287
"v3","PO4",7.4,3.31522720316042
"v3","PO4",7.5,3.40766306463187
"v3","PO4",7.6,3.5002196135542
"v3","PO4",7.7,3.5927826513047
"v3","PO4",7.8,3.68527207465828
"v3","PO4",7.9,3.77760784750676
"v3","PO4",8,3.86970993374199
"v3","PO4",8.1,3.96150062802133
"v3","PO4",8.2,4.05297922658928
"v3","PO4",8.3,4.14423782468827
"v3","PO4",8.4,4.23537404233833
"v3","PO4",8.5,4.32648549955942
"v3","PO4",8.6,4.41766981637154
"v3","PO4",8.7,4.50910764414517
"v3","PO4",8.8,4.60131175965259
"v3","PO4",8.9,4.69487797101655
"v3","PO4",9,4.7904020863598
"v3","PO4",9.1,4.88847991380511
"v3","PO4",9.2,4.98966074885287
"v3","PO4",9.3,5.09371262029993
"v3","PO4",9.4,5.19975528726907
"v3","PO4",9.5,5.30688888637053
"v3","PO4",9.6,5.41421355421458
"v3","PO4",9.7,5.52083028733324
"v3","PO4",9.8,5.6262769225334
"v3","PO4",9.9,5.73123757238245
"v3","PO4",10,5.83658209255674
"v3","PO4",10.1,5.94318033873265
"v3","PO4",10.2,6.05190216658656
"v3","PO4",10.3,6.16351934714346
"v3","PO4",10.4,6.27784006781329
"v3","PO4",10.5,6.39412559598992
"v3","PO4",10.6,6.51163092164958
"v3","PO4",10.7,6.62961103476846
"v3","PO4",10.8,6.74732506603732
"v3","PO4",10.9,6.86439290590268
"v3","PO4",11,6.98107004449545
"v3","PO4",11.1,7.09767667061151
"v3","PO4",11.2,7.21453297304674
"v3","PO4",11.3,7.33195914059702
"v3","PO4",11.4,7.4502598695441
"v3","PO4",11.5,7.56964424727456
"v3","PO4",11.6,7.69028492507695
"v3","PO4",11.7,7.81235448251517
"v3","PO4",11.8,7.93602549915317
"v3","PO4",11.9,8.06146234736456
"v3","PO4",12,8.1885582582726
"v3","PO4",12.1,8.31687969523816
"v3","PO4",12.2,8.44597366754132
"v3","PO4",12.3,8.57538718446218
"v3","PO4",12.4,8.70466725528084
"v3","PO4",12.5,8.83347699627156
"v3","PO4",12.6,8.96194395168528
"v3","PO4",12.7,9.0903117727671
"v3","PO4",12.8,9.21882411076215
"v3","PO4",12.9,9.34772461691548
"v3","PO4",13,9.47724828199687
"v3","PO4",13.1,9.60748462785378
"v3","PO4",13.2,9.73840247095817
"v3","PO4",13.3,9.86996697414398
"v3","PO4",13.4,10.0021433002451
"v3","PO4",13.5,10.1348967358642
"v3","PO4",13.6,10.2682554421196
"v3","PO4",13.7,10.4024125638483
"v3","PO4",13.8,10.5375879799337
"v3","PO4",13.9,10.6740015692588
"v3","PO4",14,10.8118732107069
"v3","PO4",14.1,10.9513877857542
"v3","PO4",14.2,11.0923863613503
"v3","PO4",14.3,11.2345148589033
"v3","PO4",14.4,11.3774169599875
"v3","PO4",14.5,11.5207363461768
"v3","PO4",14.6,11.6641194238129
"v3","PO4",14.7,11.807449994598
"v3","PO4",14.8,11.9510301120321
"v3","PO4",14.9,12.0952044041061
"v3","PO4",15,12.2403174988108
"v3","PO4",15.1,12.386714024137
"v3","PO4",15.2,12.5346769056351
"v3","PO4",15.3,12.6841082848134
"v3","PO4",15.4,12.8347651881813
"v3","PO4",15.5,12.9864043565889
"v3","PO4",15.6,13.1387825308862
"v3","PO4",15.7,13.2916595834829
"v3","PO4",15.8,13.4448988442456
"v3","PO4",15.9,13.5984883255139
"v3","PO4",16,13.752423462584
"v3","PO4",16.1,13.9066996907518
"v3","PO4",16.2,14.0613124453134
"v3","PO4",16.3,14.2162559561102
"v3","PO4",16.4,14.3715196311634
"v3","PO4",16.5,14.5270916730394
"v3","PO4",16.6,14.6829602843047
"v3","PO4",16.7,14.8391136675256
"v3","PO4",16.8,14.9955339097549
"v3","PO4",16.9,15.152100376525
"v3","PO4",17,15.3086071983956
"v3","PO4",17.1,15.4648459259437
"v3","PO4",17.2,15.6206081097467
"v3","PO4",17.3,15.7756857389736
"v3","PO4",17.4,15.9300936075253
"v3","PO4",17.5,16.0844311524268
"v3","PO4",17.6,16.2393925465735
"v3","PO4",17.7,16.3956719628605
"v3","PO4",17.8,16.5539635741831
"v3","PO4",17.9,16.7148508477212
"v3","PO4",18,16.8778296777066
"v3","PO4",18.1,17.0417786633019
"v3","PO4",18.2,17.2055693185042
"v3","PO4",18.3,17.3680731573104
"v3","PO4",18.4,17.52817150844
"v3","PO4",18.5,17.6856008083011
"v3","PO4",18.6,17.84160405319
"v3","PO4",18.7,17.9975775944406
"v3","PO4",18.8,18.1549177833866
"v3","PO4",18.9,18.3150209713618
"v3","PO4",19,18.4789665278403
"v3","PO4",19.1,18.6458776333205
"v3","PO4",19.2,18.8141319739272
"v3","PO4",19.3,18.9821057682767
"v3","PO4",19.4,19.1481752349852
"v3","PO4",19.5,19.3107650554694
"v3","PO4",19.6,19.4699009784809
"v3","PO4",19.7,19.6275382901981
"v3","PO4",19.8,19.7857471515856
"v3","PO4",19.9,19.9465977236082
"v3","PO4",20,20.1121601672307
