"repeat_id","outer_fold","inner_fold","t_end","num.trees","mtry_rule","min.node.size","k_use","mtry","accuracy"
1,1,1,6,400,"floor_sqrt_p",2,4,2,0.666666666666667
1,1,1,6,400,"floor_sqrt_p",5,4,2,0.673469387755102
1,1,1,6,400,"floor_sqrt_p",7,4,2,0.659863945578231
1,1,2,6,400,"floor_sqrt_p",2,4,2,0.732876712328767
1,1,2,6,400,"floor_sqrt_p",5,4,2,0.73972602739726
1,1,2,6,400,"floor_sqrt_p",7,4,2,0.732876712328767
1,1,3,6,400,"floor_sqrt_p",2,4,2,0.756944444444444
1,1,3,6,400,"floor_sqrt_p",5,4,2,0.770833333333333
1,1,3,6,400,"floor_sqrt_p",7,4,2,0.763888888888889
1,1,4,6,400,"floor_sqrt_p",2,4,2,0.732394366197183
1,1,4,6,400,"floor_sqrt_p",5,4,2,0.753521126760563
1,1,4,6,400,"floor_sqrt_p",7,4,2,0.711267605633803
1,1,5,6,400,"floor_sqrt_p",2,4,2,0.74468085106383
1,1,5,6,400,"floor_sqrt_p",5,4,2,0.73758865248227
1,1,5,6,400,"floor_sqrt_p",7,4,2,0.723404255319149
1,1,1,7,400,"floor_sqrt_p",2,5,2,0.73469387755102
1,1,1,7,400,"floor_sqrt_p",5,5,2,0.72108843537415
1,1,1,7,400,"floor_sqrt_p",7,5,2,0.700680272108844
1,1,2,7,400,"floor_sqrt_p",2,5,2,0.780821917808219
1,1,2,7,400,"floor_sqrt_p",5,5,2,0.767123287671233
1,1,2,7,400,"floor_sqrt_p",7,5,2,0.787671232876712
1,1,3,7,400,"floor_sqrt_p",2,5,2,0.791666666666667
1,1,3,7,400,"floor_sqrt_p",5,5,2,0.798611111111111
1,1,3,7,400,"floor_sqrt_p",7,5,2,0.791666666666667
1,1,4,7,400,"floor_sqrt_p",2,5,2,0.78169014084507
1,1,4,7,400,"floor_sqrt_p",5,5,2,0.788732394366197
1,1,4,7,400,"floor_sqrt_p",7,5,2,0.767605633802817
1,1,5,7,400,"floor_sqrt_p",2,5,2,0.75886524822695
1,1,5,7,400,"floor_sqrt_p",5,5,2,0.74468085106383
1,1,5,7,400,"floor_sqrt_p",7,5,2,0.75886524822695
1,1,1,8,400,"floor_sqrt_p",2,5,2,0.73469387755102
1,1,1,8,400,"floor_sqrt_p",5,5,2,0.727891156462585
1,1,1,8,400,"floor_sqrt_p",7,5,2,0.727891156462585
1,1,2,8,400,"floor_sqrt_p",2,5,2,0.801369863013699
1,1,2,8,400,"floor_sqrt_p",5,5,2,0.794520547945205
1,1,2,8,400,"floor_sqrt_p",7,5,2,0.801369863013699
1,1,3,8,400,"floor_sqrt_p",2,5,2,0.819444444444444
1,1,3,8,400,"floor_sqrt_p",5,5,2,0.833333333333333
1,1,3,8,400,"floor_sqrt_p",7,5,2,0.833333333333333
1,1,4,8,400,"floor_sqrt_p",2,5,2,0.78169014084507
1,1,4,8,400,"floor_sqrt_p",5,5,2,0.774647887323944
1,1,4,8,400,"floor_sqrt_p",7,5,2,0.78169014084507
1,1,5,8,400,"floor_sqrt_p",2,5,2,0.75886524822695
1,1,5,8,400,"floor_sqrt_p",5,5,2,0.74468085106383
1,1,5,8,400,"floor_sqrt_p",7,5,2,0.75177304964539
1,1,1,9,400,"floor_sqrt_p",2,6,2,0.748299319727891
1,1,1,9,400,"floor_sqrt_p",5,6,2,0.748299319727891
1,1,1,9,400,"floor_sqrt_p",7,6,2,0.748299319727891
1,1,2,9,400,"floor_sqrt_p",2,6,2,0.835616438356164
1,1,2,9,400,"floor_sqrt_p",5,6,2,0.828767123287671
1,1,2,9,400,"floor_sqrt_p",7,6,2,0.828767123287671
1,1,3,9,400,"floor_sqrt_p",2,6,2,0.798611111111111
1,1,3,9,400,"floor_sqrt_p",5,6,2,0.798611111111111
1,1,3,9,400,"floor_sqrt_p",7,6,2,0.8125
1,1,4,9,400,"floor_sqrt_p",2,6,2,0.774647887323944
1,1,4,9,400,"floor_sqrt_p",5,6,2,0.774647887323944
1,1,4,9,400,"floor_sqrt_p",7,6,2,0.78169014084507
1,1,5,9,400,"floor_sqrt_p",2,6,2,0.75886524822695
1,1,5,9,400,"floor_sqrt_p",5,6,2,0.75177304964539
1,1,5,9,400,"floor_sqrt_p",7,6,2,0.74468085106383
1,1,1,10,400,"floor_sqrt_p",2,6,2,0.748299319727891
1,1,1,10,400,"floor_sqrt_p",5,6,2,0.748299319727891
1,1,1,10,400,"floor_sqrt_p",7,6,2,0.755102040816326
1,1,2,10,400,"floor_sqrt_p",2,6,2,0.821917808219178
1,1,2,10,400,"floor_sqrt_p",5,6,2,0.828767123287671
1,1,2,10,400,"floor_sqrt_p",7,6,2,0.821917808219178
1,1,3,10,400,"floor_sqrt_p",2,6,2,0.791666666666667
1,1,3,10,400,"floor_sqrt_p",5,6,2,0.805555555555556
1,1,3,10,400,"floor_sqrt_p",7,6,2,0.798611111111111
1,1,4,10,400,"floor_sqrt_p",2,6,2,0.823943661971831
1,1,4,10,400,"floor_sqrt_p",5,6,2,0.802816901408451
1,1,4,10,400,"floor_sqrt_p",7,6,2,0.788732394366197
1,1,5,10,400,"floor_sqrt_p",2,6,2,0.75886524822695
1,1,5,10,400,"floor_sqrt_p",5,6,2,0.75886524822695
1,1,5,10,400,"floor_sqrt_p",7,6,2,0.75177304964539
1,1,1,11,400,"floor_sqrt_p",2,6,2,0.727891156462585
1,1,1,11,400,"floor_sqrt_p",5,6,2,0.73469387755102
1,1,1,11,400,"floor_sqrt_p",7,6,2,0.73469387755102
1,1,2,11,400,"floor_sqrt_p",2,7,2,0.821917808219178
1,1,2,11,400,"floor_sqrt_p",5,7,2,0.835616438356164
1,1,2,11,400,"floor_sqrt_p",7,7,2,0.821917808219178
1,1,3,11,400,"floor_sqrt_p",2,7,2,0.805555555555556
1,1,3,11,400,"floor_sqrt_p",5,7,2,0.805555555555556
1,1,3,11,400,"floor_sqrt_p",7,7,2,0.8125
1,1,4,11,400,"floor_sqrt_p",2,7,2,0.774647887323944
1,1,4,11,400,"floor_sqrt_p",5,7,2,0.795774647887324
1,1,4,11,400,"floor_sqrt_p",7,7,2,0.788732394366197
1,1,5,11,400,"floor_sqrt_p",2,7,2,0.765957446808511
1,1,5,11,400,"floor_sqrt_p",5,7,2,0.75886524822695
1,1,5,11,400,"floor_sqrt_p",7,7,2,0.765957446808511
1,1,1,12,400,"floor_sqrt_p",2,7,2,0.748299319727891
1,1,1,12,400,"floor_sqrt_p",5,7,2,0.748299319727891
1,1,1,12,400,"floor_sqrt_p",7,7,2,0.73469387755102
1,1,2,12,400,"floor_sqrt_p",2,7,2,0.808219178082192
1,1,2,12,400,"floor_sqrt_p",5,7,2,0.808219178082192
1,1,2,12,400,"floor_sqrt_p",7,7,2,0.808219178082192
1,1,3,12,400,"floor_sqrt_p",2,7,2,0.798611111111111
1,1,3,12,400,"floor_sqrt_p",5,7,2,0.798611111111111
1,1,3,12,400,"floor_sqrt_p",7,7,2,0.777777777777778
1,1,4,12,400,"floor_sqrt_p",2,7,2,0.746478873239437
1,1,4,12,400,"floor_sqrt_p",5,7,2,0.76056338028169
1,1,4,12,400,"floor_sqrt_p",7,7,2,0.746478873239437
1,1,5,12,400,"floor_sqrt_p",2,7,2,0.765957446808511
1,1,5,12,400,"floor_sqrt_p",5,7,2,0.773049645390071
1,1,5,12,400,"floor_sqrt_p",7,7,2,0.765957446808511
1,1,1,13,400,"floor_sqrt_p",2,7,2,0.741496598639456
1,1,1,13,400,"floor_sqrt_p",5,7,2,0.73469387755102
1,1,1,13,400,"floor_sqrt_p",7,7,2,0.727891156462585
1,1,2,13,400,"floor_sqrt_p",2,7,2,0.821917808219178
1,1,2,13,400,"floor_sqrt_p",5,7,2,0.815068493150685
1,1,2,13,400,"floor_sqrt_p",7,7,2,0.821917808219178
1,1,3,13,400,"floor_sqrt_p",2,7,2,0.784722222222222
1,1,3,13,400,"floor_sqrt_p",5,7,2,0.798611111111111
1,1,3,13,400,"floor_sqrt_p",7,7,2,0.805555555555556
1,1,4,13,400,"floor_sqrt_p",2,7,2,0.711267605633803
1,1,4,13,400,"floor_sqrt_p",5,7,2,0.711267605633803
1,1,4,13,400,"floor_sqrt_p",7,7,2,0.725352112676056
1,1,5,13,400,"floor_sqrt_p",2,7,2,0.75177304964539
1,1,5,13,400,"floor_sqrt_p",5,7,2,0.773049645390071
1,1,5,13,400,"floor_sqrt_p",7,7,2,0.773049645390071
1,1,1,14,400,"floor_sqrt_p",2,7,2,0.755102040816326
1,1,1,14,400,"floor_sqrt_p",5,7,2,0.748299319727891
1,1,1,14,400,"floor_sqrt_p",7,7,2,0.727891156462585
1,1,2,14,400,"floor_sqrt_p",2,8,2,0.828767123287671
1,1,2,14,400,"floor_sqrt_p",5,8,2,0.821917808219178
1,1,2,14,400,"floor_sqrt_p",7,8,2,0.815068493150685
1,1,3,14,400,"floor_sqrt_p",2,8,2,0.798611111111111
1,1,3,14,400,"floor_sqrt_p",5,8,2,0.798611111111111
1,1,3,14,400,"floor_sqrt_p",7,8,2,0.8125
1,1,4,14,400,"floor_sqrt_p",2,7,2,0.73943661971831
1,1,4,14,400,"floor_sqrt_p",5,7,2,0.71830985915493
1,1,4,14,400,"floor_sqrt_p",7,7,2,0.725352112676056
1,1,5,14,400,"floor_sqrt_p",2,7,2,0.780141843971631
1,1,5,14,400,"floor_sqrt_p",5,7,2,0.787234042553192
1,1,5,14,400,"floor_sqrt_p",7,7,2,0.765957446808511
1,1,1,15,400,"floor_sqrt_p",2,8,2,0.727891156462585
1,1,1,15,400,"floor_sqrt_p",5,8,2,0.727891156462585
1,1,1,15,400,"floor_sqrt_p",7,8,2,0.714285714285714
1,1,2,15,400,"floor_sqrt_p",2,8,2,0.821917808219178
1,1,2,15,400,"floor_sqrt_p",5,8,2,0.815068493150685
1,1,2,15,400,"floor_sqrt_p",7,8,2,0.815068493150685
1,1,3,15,400,"floor_sqrt_p",2,8,2,0.805555555555556
1,1,3,15,400,"floor_sqrt_p",5,8,2,0.791666666666667
1,1,3,15,400,"floor_sqrt_p",7,8,2,0.819444444444444
1,1,4,15,400,"floor_sqrt_p",2,8,2,0.746478873239437
1,1,4,15,400,"floor_sqrt_p",5,8,2,0.725352112676056
1,1,4,15,400,"floor_sqrt_p",7,8,2,0.725352112676056
1,1,5,15,400,"floor_sqrt_p",2,8,2,0.74468085106383
1,1,5,15,400,"floor_sqrt_p",5,8,2,0.73758865248227
1,1,5,15,400,"floor_sqrt_p",7,8,2,0.730496453900709
1,1,1,16,400,"floor_sqrt_p",2,8,2,0.727891156462585
1,1,1,16,400,"floor_sqrt_p",5,8,2,0.741496598639456
1,1,1,16,400,"floor_sqrt_p",7,8,2,0.755102040816326
1,1,2,16,400,"floor_sqrt_p",2,8,2,0.794520547945205
1,1,2,16,400,"floor_sqrt_p",5,8,2,0.794520547945205
1,1,2,16,400,"floor_sqrt_p",7,8,2,0.794520547945205
1,1,3,16,400,"floor_sqrt_p",2,9,3,0.784722222222222
1,1,3,16,400,"floor_sqrt_p",5,9,3,0.784722222222222
1,1,3,16,400,"floor_sqrt_p",7,9,3,0.791666666666667
1,1,4,16,400,"floor_sqrt_p",2,8,2,0.704225352112676
1,1,4,16,400,"floor_sqrt_p",5,8,2,0.71830985915493
1,1,4,16,400,"floor_sqrt_p",7,8,2,0.71830985915493
1,1,5,16,400,"floor_sqrt_p",2,8,2,0.75177304964539
1,1,5,16,400,"floor_sqrt_p",5,8,2,0.75886524822695
1,1,5,16,400,"floor_sqrt_p",7,8,2,0.75177304964539
1,1,1,17,400,"floor_sqrt_p",2,9,3,0.727891156462585
1,1,1,17,400,"floor_sqrt_p",5,9,3,0.741496598639456
1,1,1,17,400,"floor_sqrt_p",7,9,3,0.714285714285714
1,1,2,17,400,"floor_sqrt_p",2,9,3,0.794520547945205
1,1,2,17,400,"floor_sqrt_p",5,9,3,0.808219178082192
1,1,2,17,400,"floor_sqrt_p",7,9,3,0.815068493150685
1,1,3,17,400,"floor_sqrt_p",2,9,3,0.826388888888889
1,1,3,17,400,"floor_sqrt_p",5,9,3,0.8125
1,1,3,17,400,"floor_sqrt_p",7,9,3,0.798611111111111
1,1,4,17,400,"floor_sqrt_p",2,8,2,0.732394366197183
1,1,4,17,400,"floor_sqrt_p",5,8,2,0.73943661971831
1,1,4,17,400,"floor_sqrt_p",7,8,2,0.73943661971831
1,1,5,17,400,"floor_sqrt_p",2,9,3,0.730496453900709
1,1,5,17,400,"floor_sqrt_p",5,9,3,0.73758865248227
1,1,5,17,400,"floor_sqrt_p",7,9,3,0.74468085106383
1,1,1,18,400,"floor_sqrt_p",2,9,3,0.72108843537415
1,1,1,18,400,"floor_sqrt_p",5,9,3,0.727891156462585
1,1,1,18,400,"floor_sqrt_p",7,9,3,0.693877551020408
1,1,2,18,400,"floor_sqrt_p",2,9,3,0.787671232876712
1,1,2,18,400,"floor_sqrt_p",5,9,3,0.801369863013699
1,1,2,18,400,"floor_sqrt_p",7,9,3,0.794520547945205
1,1,3,18,400,"floor_sqrt_p",2,9,3,0.763888888888889
1,1,3,18,400,"floor_sqrt_p",5,9,3,0.777777777777778
1,1,3,18,400,"floor_sqrt_p",7,9,3,0.770833333333333
1,1,4,18,400,"floor_sqrt_p",2,9,3,0.711267605633803
1,1,4,18,400,"floor_sqrt_p",5,9,3,0.704225352112676
1,1,4,18,400,"floor_sqrt_p",7,9,3,0.71830985915493
1,1,5,18,400,"floor_sqrt_p",2,9,3,0.74468085106383
1,1,5,18,400,"floor_sqrt_p",5,9,3,0.730496453900709
1,1,5,18,400,"floor_sqrt_p",7,9,3,0.73758865248227
1,1,1,19,400,"floor_sqrt_p",2,9,3,0.714285714285714
1,1,1,19,400,"floor_sqrt_p",5,9,3,0.73469387755102
1,1,1,19,400,"floor_sqrt_p",7,9,3,0.72108843537415
1,1,2,19,400,"floor_sqrt_p",2,9,3,0.787671232876712
1,1,2,19,400,"floor_sqrt_p",5,9,3,0.801369863013699
1,1,2,19,400,"floor_sqrt_p",7,9,3,0.801369863013699
1,1,3,19,400,"floor_sqrt_p",2,10,3,0.770833333333333
1,1,3,19,400,"floor_sqrt_p",5,10,3,0.777777777777778
1,1,3,19,400,"floor_sqrt_p",7,10,3,0.770833333333333
1,1,4,19,400,"floor_sqrt_p",2,9,3,0.71830985915493
1,1,4,19,400,"floor_sqrt_p",5,9,3,0.711267605633803
1,1,4,19,400,"floor_sqrt_p",7,9,3,0.71830985915493
1,1,5,19,400,"floor_sqrt_p",2,9,3,0.716312056737589
1,1,5,19,400,"floor_sqrt_p",5,9,3,0.730496453900709
1,1,5,19,400,"floor_sqrt_p",7,9,3,0.730496453900709
1,1,1,20,400,"floor_sqrt_p",2,10,3,0.700680272108844
1,1,1,20,400,"floor_sqrt_p",5,10,3,0.700680272108844
1,1,1,20,400,"floor_sqrt_p",7,10,3,0.693877551020408
1,1,2,20,400,"floor_sqrt_p",2,10,3,0.794520547945205
1,1,2,20,400,"floor_sqrt_p",5,10,3,0.787671232876712
1,1,2,20,400,"floor_sqrt_p",7,10,3,0.787671232876712
1,1,3,20,400,"floor_sqrt_p",2,10,3,0.784722222222222
1,1,3,20,400,"floor_sqrt_p",5,10,3,0.763888888888889
1,1,3,20,400,"floor_sqrt_p",7,10,3,0.75
1,1,4,20,400,"floor_sqrt_p",2,10,3,0.76056338028169
1,1,4,20,400,"floor_sqrt_p",5,10,3,0.753521126760563
1,1,4,20,400,"floor_sqrt_p",7,10,3,0.732394366197183
1,1,5,20,400,"floor_sqrt_p",2,10,3,0.730496453900709
1,1,5,20,400,"floor_sqrt_p",5,10,3,0.709219858156028
1,1,5,20,400,"floor_sqrt_p",7,10,3,0.716312056737589
1,2,1,6,400,"floor_sqrt_p",2,4,2,0.689189189189189
1,2,1,6,400,"floor_sqrt_p",5,4,2,0.702702702702703
1,2,1,6,400,"floor_sqrt_p",7,4,2,0.682432432432432
1,2,2,6,400,"floor_sqrt_p",2,4,2,0.732876712328767
1,2,2,6,400,"floor_sqrt_p",5,4,2,0.726027397260274
1,2,2,6,400,"floor_sqrt_p",7,4,2,0.73972602739726
1,2,3,6,400,"floor_sqrt_p",2,4,2,0.736111111111111
1,2,3,6,400,"floor_sqrt_p",5,4,2,0.715277777777778
1,2,3,6,400,"floor_sqrt_p",7,4,2,0.722222222222222
1,2,4,6,400,"floor_sqrt_p",2,4,2,0.753521126760563
1,2,4,6,400,"floor_sqrt_p",5,4,2,0.753521126760563
1,2,4,6,400,"floor_sqrt_p",7,4,2,0.76056338028169
1,2,5,6,400,"floor_sqrt_p",2,4,2,0.716312056737589
1,2,5,6,400,"floor_sqrt_p",5,4,2,0.702127659574468
1,2,5,6,400,"floor_sqrt_p",7,4,2,0.716312056737589
1,2,1,7,400,"floor_sqrt_p",2,5,2,0.743243243243243
1,2,1,7,400,"floor_sqrt_p",5,5,2,0.722972972972973
1,2,1,7,400,"floor_sqrt_p",7,5,2,0.722972972972973
1,2,2,7,400,"floor_sqrt_p",2,5,2,0.73972602739726
1,2,2,7,400,"floor_sqrt_p",5,5,2,0.73972602739726
1,2,2,7,400,"floor_sqrt_p",7,5,2,0.746575342465753
1,2,3,7,400,"floor_sqrt_p",2,5,2,0.715277777777778
1,2,3,7,400,"floor_sqrt_p",5,5,2,0.736111111111111
1,2,3,7,400,"floor_sqrt_p",7,5,2,0.729166666666667
1,2,4,7,400,"floor_sqrt_p",2,5,2,0.788732394366197
1,2,4,7,400,"floor_sqrt_p",5,5,2,0.788732394366197
1,2,4,7,400,"floor_sqrt_p",7,5,2,0.795774647887324
1,2,5,7,400,"floor_sqrt_p",2,5,2,0.73758865248227
1,2,5,7,400,"floor_sqrt_p",5,5,2,0.73758865248227
1,2,5,7,400,"floor_sqrt_p",7,5,2,0.730496453900709
1,2,1,8,400,"floor_sqrt_p",2,5,2,0.75
1,2,1,8,400,"floor_sqrt_p",5,5,2,0.743243243243243
1,2,1,8,400,"floor_sqrt_p",7,5,2,0.743243243243243
1,2,2,8,400,"floor_sqrt_p",2,5,2,0.787671232876712
1,2,2,8,400,"floor_sqrt_p",5,5,2,0.780821917808219
1,2,2,8,400,"floor_sqrt_p",7,5,2,0.787671232876712
1,2,3,8,400,"floor_sqrt_p",2,5,2,0.763888888888889
1,2,3,8,400,"floor_sqrt_p",5,5,2,0.770833333333333
1,2,3,8,400,"floor_sqrt_p",7,5,2,0.763888888888889
1,2,4,8,400,"floor_sqrt_p",2,5,2,0.795774647887324
1,2,4,8,400,"floor_sqrt_p",5,5,2,0.795774647887324
1,2,4,8,400,"floor_sqrt_p",7,5,2,0.795774647887324
1,2,5,8,400,"floor_sqrt_p",2,5,2,0.74468085106383
1,2,5,8,400,"floor_sqrt_p",5,5,2,0.780141843971631
1,2,5,8,400,"floor_sqrt_p",7,5,2,0.765957446808511
1,2,1,9,400,"floor_sqrt_p",2,6,2,0.77027027027027
1,2,1,9,400,"floor_sqrt_p",5,6,2,0.77027027027027
1,2,1,9,400,"floor_sqrt_p",7,6,2,0.777027027027027
1,2,2,9,400,"floor_sqrt_p",2,6,2,0.767123287671233
1,2,2,9,400,"floor_sqrt_p",5,6,2,0.767123287671233
1,2,2,9,400,"floor_sqrt_p",7,6,2,0.76027397260274
1,2,3,9,400,"floor_sqrt_p",2,6,2,0.805555555555556
1,2,3,9,400,"floor_sqrt_p",5,6,2,0.8125
1,2,3,9,400,"floor_sqrt_p",7,6,2,0.791666666666667
1,2,4,9,400,"floor_sqrt_p",2,6,2,0.802816901408451
1,2,4,9,400,"floor_sqrt_p",5,6,2,0.816901408450704
1,2,4,9,400,"floor_sqrt_p",7,6,2,0.795774647887324
1,2,5,9,400,"floor_sqrt_p",2,6,2,0.787234042553192
1,2,5,9,400,"floor_sqrt_p",5,6,2,0.787234042553192
1,2,5,9,400,"floor_sqrt_p",7,6,2,0.801418439716312
1,2,1,10,400,"floor_sqrt_p",2,6,2,0.763513513513513
1,2,1,10,400,"floor_sqrt_p",5,6,2,0.77027027027027
1,2,1,10,400,"floor_sqrt_p",7,6,2,0.763513513513513
1,2,2,10,400,"floor_sqrt_p",2,6,2,0.76027397260274
1,2,2,10,400,"floor_sqrt_p",5,6,2,0.76027397260274
1,2,2,10,400,"floor_sqrt_p",7,6,2,0.746575342465753
1,2,3,10,400,"floor_sqrt_p",2,6,2,0.784722222222222
1,2,3,10,400,"floor_sqrt_p",5,6,2,0.784722222222222
1,2,3,10,400,"floor_sqrt_p",7,6,2,0.777777777777778
1,2,4,10,400,"floor_sqrt_p",2,6,2,0.788732394366197
1,2,4,10,400,"floor_sqrt_p",5,6,2,0.774647887323944
1,2,4,10,400,"floor_sqrt_p",7,6,2,0.795774647887324
1,2,5,10,400,"floor_sqrt_p",2,6,2,0.801418439716312
1,2,5,10,400,"floor_sqrt_p",5,6,2,0.787234042553192
1,2,5,10,400,"floor_sqrt_p",7,6,2,0.773049645390071
1,2,1,11,400,"floor_sqrt_p",2,7,2,0.756756756756757
1,2,1,11,400,"floor_sqrt_p",5,7,2,0.75
1,2,1,11,400,"floor_sqrt_p",7,7,2,0.75
1,2,2,11,400,"floor_sqrt_p",2,7,2,0.801369863013699
1,2,2,11,400,"floor_sqrt_p",5,7,2,0.773972602739726
1,2,2,11,400,"floor_sqrt_p",7,7,2,0.780821917808219
1,2,3,11,400,"floor_sqrt_p",2,7,2,0.763888888888889
1,2,3,11,400,"floor_sqrt_p",5,7,2,0.784722222222222
1,2,3,11,400,"floor_sqrt_p",7,7,2,0.763888888888889
1,2,4,11,400,"floor_sqrt_p",2,7,2,0.774647887323944
1,2,4,11,400,"floor_sqrt_p",5,7,2,0.795774647887324
1,2,4,11,400,"floor_sqrt_p",7,7,2,0.774647887323944
1,2,5,11,400,"floor_sqrt_p",2,7,2,0.773049645390071
1,2,5,11,400,"floor_sqrt_p",5,7,2,0.773049645390071
1,2,5,11,400,"floor_sqrt_p",7,7,2,0.773049645390071
1,2,1,12,400,"floor_sqrt_p",2,7,2,0.702702702702703
1,2,1,12,400,"floor_sqrt_p",5,7,2,0.716216216216216
1,2,1,12,400,"floor_sqrt_p",7,7,2,0.722972972972973
1,2,2,12,400,"floor_sqrt_p",2,7,2,0.753424657534247
1,2,2,12,400,"floor_sqrt_p",5,7,2,0.76027397260274
1,2,2,12,400,"floor_sqrt_p",7,7,2,0.773972602739726
1,2,3,12,400,"floor_sqrt_p",2,7,2,0.736111111111111
1,2,3,12,400,"floor_sqrt_p",5,7,2,0.756944444444444
1,2,3,12,400,"floor_sqrt_p",7,7,2,0.756944444444444
1,2,4,12,400,"floor_sqrt_p",2,7,2,0.753521126760563
1,2,4,12,400,"floor_sqrt_p",5,7,2,0.746478873239437
1,2,4,12,400,"floor_sqrt_p",7,7,2,0.746478873239437
1,2,5,12,400,"floor_sqrt_p",2,7,2,0.787234042553192
1,2,5,12,400,"floor_sqrt_p",5,7,2,0.787234042553192
1,2,5,12,400,"floor_sqrt_p",7,7,2,0.773049645390071
1,2,1,13,400,"floor_sqrt_p",2,7,2,0.716216216216216
1,2,1,13,400,"floor_sqrt_p",5,7,2,0.722972972972973
1,2,1,13,400,"floor_sqrt_p",7,7,2,0.709459459459459
1,2,2,13,400,"floor_sqrt_p",2,7,2,0.773972602739726
1,2,2,13,400,"floor_sqrt_p",5,7,2,0.76027397260274
1,2,2,13,400,"floor_sqrt_p",7,7,2,0.787671232876712
1,2,3,13,400,"floor_sqrt_p",2,7,2,0.729166666666667
1,2,3,13,400,"floor_sqrt_p",5,7,2,0.729166666666667
1,2,3,13,400,"floor_sqrt_p",7,7,2,0.729166666666667
1,2,4,13,400,"floor_sqrt_p",2,7,2,0.78169014084507
1,2,4,13,400,"floor_sqrt_p",5,7,2,0.78169014084507
1,2,4,13,400,"floor_sqrt_p",7,7,2,0.76056338028169
1,2,5,13,400,"floor_sqrt_p",2,7,2,0.780141843971631
1,2,5,13,400,"floor_sqrt_p",5,7,2,0.787234042553192
1,2,5,13,400,"floor_sqrt_p",7,7,2,0.780141843971631
1,2,1,14,400,"floor_sqrt_p",2,8,2,0.709459459459459
1,2,1,14,400,"floor_sqrt_p",5,8,2,0.702702702702703
1,2,1,14,400,"floor_sqrt_p",7,8,2,0.695945945945946
1,2,2,14,400,"floor_sqrt_p",2,8,2,0.787671232876712
1,2,2,14,400,"floor_sqrt_p",5,8,2,0.794520547945205
1,2,2,14,400,"floor_sqrt_p",7,8,2,0.801369863013699
1,2,3,14,400,"floor_sqrt_p",2,8,2,0.722222222222222
1,2,3,14,400,"floor_sqrt_p",5,8,2,0.736111111111111
1,2,3,14,400,"floor_sqrt_p",7,8,2,0.729166666666667
1,2,4,14,400,"floor_sqrt_p",2,7,2,0.774647887323944
1,2,4,14,400,"floor_sqrt_p",5,7,2,0.78169014084507
1,2,4,14,400,"floor_sqrt_p",7,7,2,0.78169014084507
1,2,5,14,400,"floor_sqrt_p",2,8,2,0.815602836879433
1,2,5,14,400,"floor_sqrt_p",5,8,2,0.801418439716312
1,2,5,14,400,"floor_sqrt_p",7,8,2,0.808510638297872
1,2,1,15,400,"floor_sqrt_p",2,8,2,0.716216216216216
1,2,1,15,400,"floor_sqrt_p",5,8,2,0.716216216216216
1,2,1,15,400,"floor_sqrt_p",7,8,2,0.702702702702703
1,2,2,15,400,"floor_sqrt_p",2,8,2,0.780821917808219
1,2,2,15,400,"floor_sqrt_p",5,8,2,0.773972602739726
1,2,2,15,400,"floor_sqrt_p",7,8,2,0.773972602739726
1,2,3,15,400,"floor_sqrt_p",2,8,2,0.736111111111111
1,2,3,15,400,"floor_sqrt_p",5,8,2,0.722222222222222
1,2,3,15,400,"floor_sqrt_p",7,8,2,0.729166666666667
1,2,4,15,400,"floor_sqrt_p",2,8,2,0.774647887323944
1,2,4,15,400,"floor_sqrt_p",5,8,2,0.788732394366197
1,2,4,15,400,"floor_sqrt_p",7,8,2,0.76056338028169
1,2,5,15,400,"floor_sqrt_p",2,8,2,0.787234042553192
1,2,5,15,400,"floor_sqrt_p",5,8,2,0.794326241134752
1,2,5,15,400,"floor_sqrt_p",7,8,2,0.794326241134752
1,2,1,16,400,"floor_sqrt_p",2,8,2,0.75
1,2,1,16,400,"floor_sqrt_p",5,8,2,0.756756756756757
1,2,1,16,400,"floor_sqrt_p",7,8,2,0.763513513513513
1,2,2,16,400,"floor_sqrt_p",2,8,2,0.787671232876712
1,2,2,16,400,"floor_sqrt_p",5,8,2,0.794520547945205
1,2,2,16,400,"floor_sqrt_p",7,8,2,0.767123287671233
1,2,3,16,400,"floor_sqrt_p",2,8,2,0.729166666666667
1,2,3,16,400,"floor_sqrt_p",5,8,2,0.75
1,2,3,16,400,"floor_sqrt_p",7,8,2,0.729166666666667
1,2,4,16,400,"floor_sqrt_p",2,8,2,0.78169014084507
1,2,4,16,400,"floor_sqrt_p",5,8,2,0.774647887323944
1,2,4,16,400,"floor_sqrt_p",7,8,2,0.774647887323944
1,2,5,16,400,"floor_sqrt_p",2,9,3,0.801418439716312
1,2,5,16,400,"floor_sqrt_p",5,9,3,0.801418439716312
1,2,5,16,400,"floor_sqrt_p",7,9,3,0.794326241134752
1,2,1,17,400,"floor_sqrt_p",2,9,3,0.77027027027027
1,2,1,17,400,"floor_sqrt_p",5,9,3,0.756756756756757
1,2,1,17,400,"floor_sqrt_p",7,9,3,0.756756756756757
1,2,2,17,400,"floor_sqrt_p",2,9,3,0.773972602739726
1,2,2,17,400,"floor_sqrt_p",5,9,3,0.780821917808219
1,2,2,17,400,"floor_sqrt_p",7,9,3,0.773972602739726
1,2,3,17,400,"floor_sqrt_p",2,9,3,0.743055555555556
1,2,3,17,400,"floor_sqrt_p",5,9,3,0.75
1,2,3,17,400,"floor_sqrt_p",7,9,3,0.756944444444444
1,2,4,17,400,"floor_sqrt_p",2,9,3,0.767605633802817
1,2,4,17,400,"floor_sqrt_p",5,9,3,0.774647887323944
1,2,4,17,400,"floor_sqrt_p",7,9,3,0.774647887323944
1,2,5,17,400,"floor_sqrt_p",2,9,3,0.780141843971631
1,2,5,17,400,"floor_sqrt_p",5,9,3,0.787234042553192
1,2,5,17,400,"floor_sqrt_p",7,9,3,0.780141843971631
1,2,1,18,400,"floor_sqrt_p",2,9,3,0.797297297297297
1,2,1,18,400,"floor_sqrt_p",5,9,3,0.797297297297297
1,2,1,18,400,"floor_sqrt_p",7,9,3,0.824324324324324
1,2,2,18,400,"floor_sqrt_p",2,9,3,0.780821917808219
1,2,2,18,400,"floor_sqrt_p",5,9,3,0.801369863013699
1,2,2,18,400,"floor_sqrt_p",7,9,3,0.773972602739726
1,2,3,18,400,"floor_sqrt_p",2,9,3,0.743055555555556
1,2,3,18,400,"floor_sqrt_p",5,9,3,0.756944444444444
1,2,3,18,400,"floor_sqrt_p",7,9,3,0.743055555555556
1,2,4,18,400,"floor_sqrt_p",2,9,3,0.73943661971831
1,2,4,18,400,"floor_sqrt_p",5,9,3,0.73943661971831
1,2,4,18,400,"floor_sqrt_p",7,9,3,0.73943661971831
1,2,5,18,400,"floor_sqrt_p",2,9,3,0.75886524822695
1,2,5,18,400,"floor_sqrt_p",5,9,3,0.75886524822695
1,2,5,18,400,"floor_sqrt_p",7,9,3,0.773049645390071
1,2,1,19,400,"floor_sqrt_p",2,10,3,0.790540540540541
1,2,1,19,400,"floor_sqrt_p",5,10,3,0.777027027027027
1,2,1,19,400,"floor_sqrt_p",7,10,3,0.783783783783784
1,2,2,19,400,"floor_sqrt_p",2,10,3,0.767123287671233
1,2,2,19,400,"floor_sqrt_p",5,10,3,0.787671232876712
1,2,2,19,400,"floor_sqrt_p",7,10,3,0.76027397260274
1,2,3,19,400,"floor_sqrt_p",2,10,3,0.743055555555556
1,2,3,19,400,"floor_sqrt_p",5,10,3,0.756944444444444
1,2,3,19,400,"floor_sqrt_p",7,10,3,0.756944444444444
1,2,4,19,400,"floor_sqrt_p",2,9,3,0.73943661971831
1,2,4,19,400,"floor_sqrt_p",5,9,3,0.725352112676056
1,2,4,19,400,"floor_sqrt_p",7,9,3,0.732394366197183
1,2,5,19,400,"floor_sqrt_p",2,10,3,0.765957446808511
1,2,5,19,400,"floor_sqrt_p",5,10,3,0.773049645390071
1,2,5,19,400,"floor_sqrt_p",7,10,3,0.74468085106383
1,2,1,20,400,"floor_sqrt_p",2,10,3,0.763513513513513
1,2,1,20,400,"floor_sqrt_p",5,10,3,0.777027027027027
1,2,1,20,400,"floor_sqrt_p",7,10,3,0.790540540540541
1,2,2,20,400,"floor_sqrt_p",2,10,3,0.780821917808219
1,2,2,20,400,"floor_sqrt_p",5,10,3,0.773972602739726
1,2,2,20,400,"floor_sqrt_p",7,10,3,0.773972602739726
1,2,3,20,400,"floor_sqrt_p",2,10,3,0.743055555555556
1,2,3,20,400,"floor_sqrt_p",5,10,3,0.743055555555556
1,2,3,20,400,"floor_sqrt_p",7,10,3,0.722222222222222
1,2,4,20,400,"floor_sqrt_p",2,10,3,0.725352112676056
1,2,4,20,400,"floor_sqrt_p",5,10,3,0.732394366197183
1,2,4,20,400,"floor_sqrt_p",7,10,3,0.704225352112676
1,2,5,20,400,"floor_sqrt_p",2,10,3,0.780141843971631
1,2,5,20,400,"floor_sqrt_p",5,10,3,0.75177304964539
1,2,5,20,400,"floor_sqrt_p",7,10,3,0.75177304964539
1,3,1,6,400,"floor_sqrt_p",2,4,2,0.758389261744966
1,3,1,6,400,"floor_sqrt_p",5,4,2,0.74496644295302
1,3,1,6,400,"floor_sqrt_p",7,4,2,0.74496644295302
1,3,2,6,400,"floor_sqrt_p",2,4,2,0.727891156462585
1,3,2,6,400,"floor_sqrt_p",5,4,2,0.707482993197279
1,3,2,6,400,"floor_sqrt_p",7,4,2,0.707482993197279
1,3,3,6,400,"floor_sqrt_p",2,4,2,0.722222222222222
1,3,3,6,400,"floor_sqrt_p",5,4,2,0.729166666666667
1,3,3,6,400,"floor_sqrt_p",7,4,2,0.736111111111111
1,3,4,6,400,"floor_sqrt_p",2,4,2,0.73943661971831
1,3,4,6,400,"floor_sqrt_p",5,4,2,0.746478873239437
1,3,4,6,400,"floor_sqrt_p",7,4,2,0.746478873239437
1,3,5,6,400,"floor_sqrt_p",2,4,2,0.697183098591549
1,3,5,6,400,"floor_sqrt_p",5,4,2,0.697183098591549
1,3,5,6,400,"floor_sqrt_p",7,4,2,0.697183098591549
1,3,1,7,400,"floor_sqrt_p",2,5,2,0.74496644295302
1,3,1,7,400,"floor_sqrt_p",5,5,2,0.738255033557047
1,3,1,7,400,"floor_sqrt_p",7,5,2,0.74496644295302
1,3,2,7,400,"floor_sqrt_p",2,5,2,0.714285714285714
1,3,2,7,400,"floor_sqrt_p",5,5,2,0.673469387755102
1,3,2,7,400,"floor_sqrt_p",7,5,2,0.693877551020408
1,3,3,7,400,"floor_sqrt_p",2,5,2,0.819444444444444
1,3,3,7,400,"floor_sqrt_p",5,5,2,0.798611111111111
1,3,3,7,400,"floor_sqrt_p",7,5,2,0.798611111111111
1,3,4,7,400,"floor_sqrt_p",2,5,2,0.732394366197183
1,3,4,7,400,"floor_sqrt_p",5,5,2,0.746478873239437
1,3,4,7,400,"floor_sqrt_p",7,5,2,0.746478873239437
1,3,5,7,400,"floor_sqrt_p",2,5,2,0.753521126760563
1,3,5,7,400,"floor_sqrt_p",5,5,2,0.732394366197183
1,3,5,7,400,"floor_sqrt_p",7,5,2,0.753521126760563
1,3,1,8,400,"floor_sqrt_p",2,5,2,0.771812080536913
1,3,1,8,400,"floor_sqrt_p",5,5,2,0.771812080536913
1,3,1,8,400,"floor_sqrt_p",7,5,2,0.785234899328859
1,3,2,8,400,"floor_sqrt_p",2,5,2,0.761904761904762
1,3,2,8,400,"floor_sqrt_p",5,5,2,0.768707482993197
1,3,2,8,400,"floor_sqrt_p",7,5,2,0.775510204081633
1,3,3,8,400,"floor_sqrt_p",2,5,2,0.805555555555556
1,3,3,8,400,"floor_sqrt_p",5,5,2,0.805555555555556
1,3,3,8,400,"floor_sqrt_p",7,5,2,0.798611111111111
1,3,4,8,400,"floor_sqrt_p",2,5,2,0.795774647887324
1,3,4,8,400,"floor_sqrt_p",5,5,2,0.78169014084507
1,3,4,8,400,"floor_sqrt_p",7,5,2,0.795774647887324
1,3,5,8,400,"floor_sqrt_p",2,5,2,0.795774647887324
1,3,5,8,400,"floor_sqrt_p",5,5,2,0.788732394366197
1,3,5,8,400,"floor_sqrt_p",7,5,2,0.774647887323944
1,3,1,9,400,"floor_sqrt_p",2,6,2,0.785234899328859
1,3,1,9,400,"floor_sqrt_p",5,6,2,0.798657718120805
1,3,1,9,400,"floor_sqrt_p",7,6,2,0.785234899328859
1,3,2,9,400,"floor_sqrt_p",2,5,2,0.795918367346939
1,3,2,9,400,"floor_sqrt_p",5,5,2,0.782312925170068
1,3,2,9,400,"floor_sqrt_p",7,5,2,0.795918367346939
1,3,3,9,400,"floor_sqrt_p",2,6,2,0.840277777777778
1,3,3,9,400,"floor_sqrt_p",5,6,2,0.826388888888889
1,3,3,9,400,"floor_sqrt_p",7,6,2,0.8125
1,3,4,9,400,"floor_sqrt_p",2,6,2,0.767605633802817
1,3,4,9,400,"floor_sqrt_p",5,6,2,0.774647887323944
1,3,4,9,400,"floor_sqrt_p",7,6,2,0.767605633802817
1,3,5,9,400,"floor_sqrt_p",2,6,2,0.795774647887324
1,3,5,9,400,"floor_sqrt_p",5,6,2,0.78169014084507
1,3,5,9,400,"floor_sqrt_p",7,6,2,0.76056338028169
1,3,1,10,400,"floor_sqrt_p",2,6,2,0.771812080536913
1,3,1,10,400,"floor_sqrt_p",5,6,2,0.778523489932886
1,3,1,10,400,"floor_sqrt_p",7,6,2,0.771812080536913
1,3,2,10,400,"floor_sqrt_p",2,6,2,0.802721088435374
1,3,2,10,400,"floor_sqrt_p",5,6,2,0.795918367346939
1,3,2,10,400,"floor_sqrt_p",7,6,2,0.795918367346939
1,3,3,10,400,"floor_sqrt_p",2,6,2,0.805555555555556
1,3,3,10,400,"floor_sqrt_p",5,6,2,0.826388888888889
1,3,3,10,400,"floor_sqrt_p",7,6,2,0.833333333333333
1,3,4,10,400,"floor_sqrt_p",2,6,2,0.788732394366197
1,3,4,10,400,"floor_sqrt_p",5,6,2,0.788732394366197
1,3,4,10,400,"floor_sqrt_p",7,6,2,0.788732394366197
1,3,5,10,400,"floor_sqrt_p",2,6,2,0.774647887323944
1,3,5,10,400,"floor_sqrt_p",5,6,2,0.795774647887324
1,3,5,10,400,"floor_sqrt_p",7,6,2,0.795774647887324
1,3,1,11,400,"floor_sqrt_p",2,7,2,0.76510067114094
1,3,1,11,400,"floor_sqrt_p",5,7,2,0.778523489932886
1,3,1,11,400,"floor_sqrt_p",7,7,2,0.771812080536913
1,3,2,11,400,"floor_sqrt_p",2,7,2,0.80952380952381
1,3,2,11,400,"floor_sqrt_p",5,7,2,0.80952380952381
1,3,2,11,400,"floor_sqrt_p",7,7,2,0.802721088435374
1,3,3,11,400,"floor_sqrt_p",2,7,2,0.784722222222222
1,3,3,11,400,"floor_sqrt_p",5,7,2,0.784722222222222
1,3,3,11,400,"floor_sqrt_p",7,7,2,0.798611111111111
1,3,4,11,400,"floor_sqrt_p",2,7,2,0.774647887323944
1,3,4,11,400,"floor_sqrt_p",5,7,2,0.767605633802817
1,3,4,11,400,"floor_sqrt_p",7,7,2,0.767605633802817
1,3,5,11,400,"floor_sqrt_p",2,7,2,0.774647887323944
1,3,5,11,400,"floor_sqrt_p",5,7,2,0.774647887323944
1,3,5,11,400,"floor_sqrt_p",7,7,2,0.774647887323944
1,3,1,12,400,"floor_sqrt_p",2,7,2,0.751677852348993
1,3,1,12,400,"floor_sqrt_p",5,7,2,0.76510067114094
1,3,1,12,400,"floor_sqrt_p",7,7,2,0.758389261744966
1,3,2,12,400,"floor_sqrt_p",2,7,2,0.768707482993197
1,3,2,12,400,"floor_sqrt_p",5,7,2,0.789115646258503
1,3,2,12,400,"floor_sqrt_p",7,7,2,0.782312925170068
1,3,3,12,400,"floor_sqrt_p",2,7,2,0.798611111111111
1,3,3,12,400,"floor_sqrt_p",5,7,2,0.8125
1,3,3,12,400,"floor_sqrt_p",7,7,2,0.805555555555556
1,3,4,12,400,"floor_sqrt_p",2,7,2,0.753521126760563
1,3,4,12,400,"floor_sqrt_p",5,7,2,0.753521126760563
1,3,4,12,400,"floor_sqrt_p",7,7,2,0.76056338028169
1,3,5,12,400,"floor_sqrt_p",2,7,2,0.732394366197183
1,3,5,12,400,"floor_sqrt_p",5,7,2,0.71830985915493
1,3,5,12,400,"floor_sqrt_p",7,7,2,0.753521126760563
1,3,1,13,400,"floor_sqrt_p",2,7,2,0.771812080536913
1,3,1,13,400,"floor_sqrt_p",5,7,2,0.778523489932886
1,3,1,13,400,"floor_sqrt_p",7,7,2,0.778523489932886
1,3,2,13,400,"floor_sqrt_p",2,7,2,0.741496598639456
1,3,2,13,400,"floor_sqrt_p",5,7,2,0.748299319727891
1,3,2,13,400,"floor_sqrt_p",7,7,2,0.741496598639456
1,3,3,13,400,"floor_sqrt_p",2,7,2,0.798611111111111
1,3,3,13,400,"floor_sqrt_p",5,7,2,0.798611111111111
1,3,3,13,400,"floor_sqrt_p",7,7,2,0.784722222222222
1,3,4,13,400,"floor_sqrt_p",2,7,2,0.71830985915493
1,3,4,13,400,"floor_sqrt_p",5,7,2,0.711267605633803
1,3,4,13,400,"floor_sqrt_p",7,7,2,0.732394366197183
1,3,5,13,400,"floor_sqrt_p",2,7,2,0.725352112676056
1,3,5,13,400,"floor_sqrt_p",5,7,2,0.73943661971831
1,3,5,13,400,"floor_sqrt_p",7,7,2,0.711267605633803
1,3,1,14,400,"floor_sqrt_p",2,8,2,0.751677852348993
1,3,1,14,400,"floor_sqrt_p",5,8,2,0.74496644295302
1,3,1,14,400,"floor_sqrt_p",7,8,2,0.74496644295302
1,3,2,14,400,"floor_sqrt_p",2,8,2,0.755102040816326
1,3,2,14,400,"floor_sqrt_p",5,8,2,0.761904761904762
1,3,2,14,400,"floor_sqrt_p",7,8,2,0.768707482993197
1,3,3,14,400,"floor_sqrt_p",2,8,2,0.798611111111111
1,3,3,14,400,"floor_sqrt_p",5,8,2,0.791666666666667
1,3,3,14,400,"floor_sqrt_p",7,8,2,0.805555555555556
1,3,4,14,400,"floor_sqrt_p",2,8,2,0.767605633802817
1,3,4,14,400,"floor_sqrt_p",5,8,2,0.746478873239437
1,3,4,14,400,"floor_sqrt_p",7,8,2,0.767605633802817
1,3,5,14,400,"floor_sqrt_p",2,8,2,0.76056338028169
1,3,5,14,400,"floor_sqrt_p",5,8,2,0.76056338028169
1,3,5,14,400,"floor_sqrt_p",7,8,2,0.732394366197183
1,3,1,15,400,"floor_sqrt_p",2,8,2,0.758389261744966
1,3,1,15,400,"floor_sqrt_p",5,8,2,0.751677852348993
1,3,1,15,400,"floor_sqrt_p",7,8,2,0.758389261744966
1,3,2,15,400,"floor_sqrt_p",2,8,2,0.748299319727891
1,3,2,15,400,"floor_sqrt_p",5,8,2,0.727891156462585
1,3,2,15,400,"floor_sqrt_p",7,8,2,0.755102040816326
1,3,3,15,400,"floor_sqrt_p",2,8,2,0.798611111111111
1,3,3,15,400,"floor_sqrt_p",5,8,2,0.805555555555556
1,3,3,15,400,"floor_sqrt_p",7,8,2,0.798611111111111
1,3,4,15,400,"floor_sqrt_p",2,8,2,0.753521126760563
1,3,4,15,400,"floor_sqrt_p",5,8,2,0.76056338028169
1,3,4,15,400,"floor_sqrt_p",7,8,2,0.753521126760563
1,3,5,15,400,"floor_sqrt_p",2,8,2,0.711267605633803
1,3,5,15,400,"floor_sqrt_p",5,8,2,0.746478873239437
1,3,5,15,400,"floor_sqrt_p",7,8,2,0.725352112676056
1,3,1,16,400,"floor_sqrt_p",2,8,2,0.731543624161074
1,3,1,16,400,"floor_sqrt_p",5,8,2,0.738255033557047
1,3,1,16,400,"floor_sqrt_p",7,8,2,0.74496644295302
1,3,2,16,400,"floor_sqrt_p",2,8,2,0.73469387755102
1,3,2,16,400,"floor_sqrt_p",5,8,2,0.768707482993197
1,3,2,16,400,"floor_sqrt_p",7,8,2,0.748299319727891
1,3,3,16,400,"floor_sqrt_p",2,8,2,0.826388888888889
1,3,3,16,400,"floor_sqrt_p",5,8,2,0.8125
1,3,3,16,400,"floor_sqrt_p",7,8,2,0.840277777777778
1,3,4,16,400,"floor_sqrt_p",2,9,3,0.774647887323944
1,3,4,16,400,"floor_sqrt_p",5,9,3,0.76056338028169
1,3,4,16,400,"floor_sqrt_p",7,9,3,0.76056338028169
1,3,5,16,400,"floor_sqrt_p",2,8,2,0.732394366197183
1,3,5,16,400,"floor_sqrt_p",5,8,2,0.76056338028169
1,3,5,16,400,"floor_sqrt_p",7,8,2,0.73943661971831
1,3,1,17,400,"floor_sqrt_p",2,9,3,0.738255033557047
1,3,1,17,400,"floor_sqrt_p",5,9,3,0.751677852348993
1,3,1,17,400,"floor_sqrt_p",7,9,3,0.74496644295302
1,3,2,17,400,"floor_sqrt_p",2,9,3,0.782312925170068
1,3,2,17,400,"floor_sqrt_p",5,9,3,0.782312925170068
1,3,2,17,400,"floor_sqrt_p",7,9,3,0.768707482993197
1,3,3,17,400,"floor_sqrt_p",2,9,3,0.826388888888889
1,3,3,17,400,"floor_sqrt_p",5,9,3,0.833333333333333
1,3,3,17,400,"floor_sqrt_p",7,9,3,0.8125
1,3,4,17,400,"floor_sqrt_p",2,9,3,0.78169014084507
1,3,4,17,400,"floor_sqrt_p",5,9,3,0.774647887323944
1,3,4,17,400,"floor_sqrt_p",7,9,3,0.746478873239437
1,3,5,17,400,"floor_sqrt_p",2,9,3,0.774647887323944
1,3,5,17,400,"floor_sqrt_p",5,9,3,0.788732394366197
1,3,5,17,400,"floor_sqrt_p",7,9,3,0.76056338028169
1,3,1,18,400,"floor_sqrt_p",2,9,3,0.718120805369127
1,3,1,18,400,"floor_sqrt_p",5,9,3,0.731543624161074
1,3,1,18,400,"floor_sqrt_p",7,9,3,0.724832214765101
1,3,2,18,400,"floor_sqrt_p",2,9,3,0.748299319727891
1,3,2,18,400,"floor_sqrt_p",5,9,3,0.748299319727891
1,3,2,18,400,"floor_sqrt_p",7,9,3,0.761904761904762
1,3,3,18,400,"floor_sqrt_p",2,9,3,0.798611111111111
1,3,3,18,400,"floor_sqrt_p",5,9,3,0.798611111111111
1,3,3,18,400,"floor_sqrt_p",7,9,3,0.819444444444444
1,3,4,18,400,"floor_sqrt_p",2,9,3,0.746478873239437
1,3,4,18,400,"floor_sqrt_p",5,9,3,0.76056338028169
1,3,4,18,400,"floor_sqrt_p",7,9,3,0.753521126760563
1,3,5,18,400,"floor_sqrt_p",2,9,3,0.788732394366197
1,3,5,18,400,"floor_sqrt_p",5,9,3,0.788732394366197
1,3,5,18,400,"floor_sqrt_p",7,9,3,0.788732394366197
1,3,1,19,400,"floor_sqrt_p",2,9,3,0.731543624161074
1,3,1,19,400,"floor_sqrt_p",5,9,3,0.751677852348993
1,3,1,19,400,"floor_sqrt_p",7,9,3,0.731543624161074
1,3,2,19,400,"floor_sqrt_p",2,10,3,0.761904761904762
1,3,2,19,400,"floor_sqrt_p",5,10,3,0.748299319727891
1,3,2,19,400,"floor_sqrt_p",7,10,3,0.755102040816326
1,3,3,19,400,"floor_sqrt_p",2,10,3,0.777777777777778
1,3,3,19,400,"floor_sqrt_p",5,10,3,0.763888888888889
1,3,3,19,400,"floor_sqrt_p",7,10,3,0.763888888888889
1,3,4,19,400,"floor_sqrt_p",2,10,3,0.78169014084507
1,3,4,19,400,"floor_sqrt_p",5,10,3,0.795774647887324
1,3,4,19,400,"floor_sqrt_p",7,10,3,0.73943661971831
1,3,5,19,400,"floor_sqrt_p",2,9,3,0.788732394366197
1,3,5,19,400,"floor_sqrt_p",5,9,3,0.788732394366197
1,3,5,19,400,"floor_sqrt_p",7,9,3,0.78169014084507
1,3,1,20,400,"floor_sqrt_p",2,10,3,0.738255033557047
1,3,1,20,400,"floor_sqrt_p",5,10,3,0.738255033557047
1,3,1,20,400,"floor_sqrt_p",7,10,3,0.718120805369127
1,3,2,20,400,"floor_sqrt_p",2,10,3,0.748299319727891
1,3,2,20,400,"floor_sqrt_p",5,10,3,0.741496598639456
1,3,2,20,400,"floor_sqrt_p",7,10,3,0.748299319727891
1,3,3,20,400,"floor_sqrt_p",2,10,3,0.770833333333333
1,3,3,20,400,"floor_sqrt_p",5,10,3,0.770833333333333
1,3,3,20,400,"floor_sqrt_p",7,10,3,0.756944444444444
1,3,4,20,400,"floor_sqrt_p",2,10,3,0.76056338028169
1,3,4,20,400,"floor_sqrt_p",5,10,3,0.76056338028169
1,3,4,20,400,"floor_sqrt_p",7,10,3,0.753521126760563
1,3,5,20,400,"floor_sqrt_p",2,10,3,0.753521126760563
1,3,5,20,400,"floor_sqrt_p",5,10,3,0.746478873239437
1,3,5,20,400,"floor_sqrt_p",7,10,3,0.746478873239437
1,4,1,6,400,"floor_sqrt_p",2,4,2,0.76510067114094
1,4,1,6,400,"floor_sqrt_p",5,4,2,0.76510067114094
1,4,1,6,400,"floor_sqrt_p",7,4,2,0.778523489932886
1,4,2,6,400,"floor_sqrt_p",2,4,2,0.795918367346939
1,4,2,6,400,"floor_sqrt_p",5,4,2,0.789115646258503
1,4,2,6,400,"floor_sqrt_p",7,4,2,0.789115646258503
1,4,3,6,400,"floor_sqrt_p",2,4,2,0.731034482758621
1,4,3,6,400,"floor_sqrt_p",5,4,2,0.710344827586207
1,4,3,6,400,"floor_sqrt_p",7,4,2,0.724137931034483
1,4,4,6,400,"floor_sqrt_p",2,4,2,0.71830985915493
1,4,4,6,400,"floor_sqrt_p",5,4,2,0.725352112676056
1,4,4,6,400,"floor_sqrt_p",7,4,2,0.73943661971831
1,4,5,6,400,"floor_sqrt_p",2,4,2,0.711267605633803
1,4,5,6,400,"floor_sqrt_p",5,4,2,0.697183098591549
1,4,5,6,400,"floor_sqrt_p",7,4,2,0.704225352112676
1,4,1,7,400,"floor_sqrt_p",2,5,2,0.758389261744966
1,4,1,7,400,"floor_sqrt_p",5,5,2,0.738255033557047
1,4,1,7,400,"floor_sqrt_p",7,5,2,0.751677852348993
1,4,2,7,400,"floor_sqrt_p",2,5,2,0.782312925170068
1,4,2,7,400,"floor_sqrt_p",5,5,2,0.802721088435374
1,4,2,7,400,"floor_sqrt_p",7,5,2,0.782312925170068
1,4,3,7,400,"floor_sqrt_p",2,5,2,0.744827586206897
1,4,3,7,400,"floor_sqrt_p",5,5,2,0.724137931034483
1,4,3,7,400,"floor_sqrt_p",7,5,2,0.751724137931034
1,4,4,7,400,"floor_sqrt_p",2,5,2,0.795774647887324
1,4,4,7,400,"floor_sqrt_p",5,5,2,0.830985915492958
1,4,4,7,400,"floor_sqrt_p",7,5,2,0.802816901408451
1,4,5,7,400,"floor_sqrt_p",2,5,2,0.690140845070423
1,4,5,7,400,"floor_sqrt_p",5,5,2,0.690140845070423
1,4,5,7,400,"floor_sqrt_p",7,5,2,0.690140845070423
1,4,1,8,400,"floor_sqrt_p",2,5,2,0.798657718120805
1,4,1,8,400,"floor_sqrt_p",5,5,2,0.812080536912752
1,4,1,8,400,"floor_sqrt_p",7,5,2,0.791946308724832
1,4,2,8,400,"floor_sqrt_p",2,5,2,0.802721088435374
1,4,2,8,400,"floor_sqrt_p",5,5,2,0.802721088435374
1,4,2,8,400,"floor_sqrt_p",7,5,2,0.795918367346939
1,4,3,8,400,"floor_sqrt_p",2,5,2,0.772413793103448
1,4,3,8,400,"floor_sqrt_p",5,5,2,0.772413793103448
1,4,3,8,400,"floor_sqrt_p",7,5,2,0.779310344827586
1,4,4,8,400,"floor_sqrt_p",2,5,2,0.802816901408451
1,4,4,8,400,"floor_sqrt_p",5,5,2,0.795774647887324
1,4,4,8,400,"floor_sqrt_p",7,5,2,0.795774647887324
1,4,5,8,400,"floor_sqrt_p",2,5,2,0.711267605633803
1,4,5,8,400,"floor_sqrt_p",5,5,2,0.704225352112676
1,4,5,8,400,"floor_sqrt_p",7,5,2,0.711267605633803
1,4,1,9,400,"floor_sqrt_p",2,6,2,0.812080536912752
1,4,1,9,400,"floor_sqrt_p",5,6,2,0.812080536912752
1,4,1,9,400,"floor_sqrt_p",7,6,2,0.812080536912752
1,4,2,9,400,"floor_sqrt_p",2,6,2,0.82312925170068
1,4,2,9,400,"floor_sqrt_p",5,6,2,0.80952380952381
1,4,2,9,400,"floor_sqrt_p",7,6,2,0.802721088435374
1,4,3,9,400,"floor_sqrt_p",2,6,2,0.779310344827586
1,4,3,9,400,"floor_sqrt_p",5,6,2,0.779310344827586
1,4,3,9,400,"floor_sqrt_p",7,6,2,0.772413793103448
1,4,4,9,400,"floor_sqrt_p",2,6,2,0.774647887323944
1,4,4,9,400,"floor_sqrt_p",5,6,2,0.774647887323944
1,4,4,9,400,"floor_sqrt_p",7,6,2,0.767605633802817
1,4,5,9,400,"floor_sqrt_p",2,6,2,0.753521126760563
1,4,5,9,400,"floor_sqrt_p",5,6,2,0.746478873239437
1,4,5,9,400,"floor_sqrt_p",7,6,2,0.76056338028169
1,4,1,10,400,"floor_sqrt_p",2,6,2,0.832214765100671
1,4,1,10,400,"floor_sqrt_p",5,6,2,0.832214765100671
1,4,1,10,400,"floor_sqrt_p",7,6,2,0.832214765100671
1,4,2,10,400,"floor_sqrt_p",2,6,2,0.802721088435374
1,4,2,10,400,"floor_sqrt_p",5,6,2,0.802721088435374
1,4,2,10,400,"floor_sqrt_p",7,6,2,0.802721088435374
1,4,3,10,400,"floor_sqrt_p",2,6,2,0.772413793103448
1,4,3,10,400,"floor_sqrt_p",5,6,2,0.772413793103448
1,4,3,10,400,"floor_sqrt_p",7,6,2,0.758620689655172
1,4,4,10,400,"floor_sqrt_p",2,6,2,0.795774647887324
1,4,4,10,400,"floor_sqrt_p",5,6,2,0.795774647887324
1,4,4,10,400,"floor_sqrt_p",7,6,2,0.788732394366197
1,4,5,10,400,"floor_sqrt_p",2,6,2,0.73943661971831
1,4,5,10,400,"floor_sqrt_p",5,6,2,0.746478873239437
1,4,5,10,400,"floor_sqrt_p",7,6,2,0.73943661971831
1,4,1,11,400,"floor_sqrt_p",2,7,2,0.805369127516778
1,4,1,11,400,"floor_sqrt_p",5,7,2,0.798657718120805
1,4,1,11,400,"floor_sqrt_p",7,7,2,0.791946308724832
1,4,2,11,400,"floor_sqrt_p",2,7,2,0.80952380952381
1,4,2,11,400,"floor_sqrt_p",5,7,2,0.802721088435374
1,4,2,11,400,"floor_sqrt_p",7,7,2,0.789115646258503
1,4,3,11,400,"floor_sqrt_p",2,7,2,0.751724137931034
1,4,3,11,400,"floor_sqrt_p",5,7,2,0.772413793103448
1,4,3,11,400,"floor_sqrt_p",7,7,2,0.76551724137931
1,4,4,11,400,"floor_sqrt_p",2,7,2,0.76056338028169
1,4,4,11,400,"floor_sqrt_p",5,7,2,0.732394366197183
1,4,4,11,400,"floor_sqrt_p",7,7,2,0.76056338028169
1,4,5,11,400,"floor_sqrt_p",2,7,2,0.73943661971831
1,4,5,11,400,"floor_sqrt_p",5,7,2,0.732394366197183
1,4,5,11,400,"floor_sqrt_p",7,7,2,0.73943661971831
1,4,1,12,400,"floor_sqrt_p",2,7,2,0.778523489932886
1,4,1,12,400,"floor_sqrt_p",5,7,2,0.771812080536913
1,4,1,12,400,"floor_sqrt_p",7,7,2,0.76510067114094
1,4,2,12,400,"floor_sqrt_p",2,7,2,0.782312925170068
1,4,2,12,400,"floor_sqrt_p",5,7,2,0.775510204081633
1,4,2,12,400,"floor_sqrt_p",7,7,2,0.768707482993197
1,4,3,12,400,"floor_sqrt_p",2,7,2,0.76551724137931
1,4,3,12,400,"floor_sqrt_p",5,7,2,0.76551724137931
1,4,3,12,400,"floor_sqrt_p",7,7,2,0.772413793103448
1,4,4,12,400,"floor_sqrt_p",2,7,2,0.73943661971831
1,4,4,12,400,"floor_sqrt_p",5,7,2,0.73943661971831
1,4,4,12,400,"floor_sqrt_p",7,7,2,0.73943661971831
1,4,5,12,400,"floor_sqrt_p",2,7,2,0.725352112676056
1,4,5,12,400,"floor_sqrt_p",5,7,2,0.711267605633803
1,4,5,12,400,"floor_sqrt_p",7,7,2,0.704225352112676
1,4,1,13,400,"floor_sqrt_p",2,7,2,0.785234899328859
1,4,1,13,400,"floor_sqrt_p",5,7,2,0.791946308724832
1,4,1,13,400,"floor_sqrt_p",7,7,2,0.785234899328859
1,4,2,13,400,"floor_sqrt_p",2,7,2,0.755102040816326
1,4,2,13,400,"floor_sqrt_p",5,7,2,0.768707482993197
1,4,2,13,400,"floor_sqrt_p",7,7,2,0.768707482993197
1,4,3,13,400,"floor_sqrt_p",2,7,2,0.731034482758621
1,4,3,13,400,"floor_sqrt_p",5,7,2,0.751724137931034
1,4,3,13,400,"floor_sqrt_p",7,7,2,0.737931034482759
1,4,4,13,400,"floor_sqrt_p",2,7,2,0.711267605633803
1,4,4,13,400,"floor_sqrt_p",5,7,2,0.711267605633803
1,4,4,13,400,"floor_sqrt_p",7,7,2,0.711267605633803
1,4,5,13,400,"floor_sqrt_p",2,7,2,0.732394366197183
1,4,5,13,400,"floor_sqrt_p",5,7,2,0.711267605633803
1,4,5,13,400,"floor_sqrt_p",7,7,2,0.697183098591549
1,4,1,14,400,"floor_sqrt_p",2,8,2,0.771812080536913
1,4,1,14,400,"floor_sqrt_p",5,8,2,0.778523489932886
1,4,1,14,400,"floor_sqrt_p",7,8,2,0.785234899328859
1,4,2,14,400,"floor_sqrt_p",2,8,2,0.789115646258503
1,4,2,14,400,"floor_sqrt_p",5,8,2,0.802721088435374
1,4,2,14,400,"floor_sqrt_p",7,8,2,0.789115646258503
1,4,3,14,400,"floor_sqrt_p",2,8,2,0.751724137931034
1,4,3,14,400,"floor_sqrt_p",5,8,2,0.751724137931034
1,4,3,14,400,"floor_sqrt_p",7,8,2,0.751724137931034
1,4,4,14,400,"floor_sqrt_p",2,8,2,0.732394366197183
1,4,4,14,400,"floor_sqrt_p",5,8,2,0.711267605633803
1,4,4,14,400,"floor_sqrt_p",7,8,2,0.711267605633803
1,4,5,14,400,"floor_sqrt_p",2,8,2,0.704225352112676
1,4,5,14,400,"floor_sqrt_p",5,8,2,0.711267605633803
1,4,5,14,400,"floor_sqrt_p",7,8,2,0.725352112676056
1,4,1,15,400,"floor_sqrt_p",2,8,2,0.771812080536913
1,4,1,15,400,"floor_sqrt_p",5,8,2,0.778523489932886
1,4,1,15,400,"floor_sqrt_p",7,8,2,0.76510067114094
1,4,2,15,400,"floor_sqrt_p",2,8,2,0.782312925170068
1,4,2,15,400,"floor_sqrt_p",5,8,2,0.782312925170068
1,4,2,15,400,"floor_sqrt_p",7,8,2,0.789115646258503
1,4,3,15,400,"floor_sqrt_p",2,8,2,0.76551724137931
1,4,3,15,400,"floor_sqrt_p",5,8,2,0.76551724137931
1,4,3,15,400,"floor_sqrt_p",7,8,2,0.758620689655172
1,4,4,15,400,"floor_sqrt_p",2,8,2,0.732394366197183
1,4,4,15,400,"floor_sqrt_p",5,8,2,0.73943661971831
1,4,4,15,400,"floor_sqrt_p",7,8,2,0.746478873239437
1,4,5,15,400,"floor_sqrt_p",2,8,2,0.725352112676056
1,4,5,15,400,"floor_sqrt_p",5,8,2,0.725352112676056
1,4,5,15,400,"floor_sqrt_p",7,8,2,0.725352112676056
1,4,1,16,400,"floor_sqrt_p",2,9,3,0.785234899328859
1,4,1,16,400,"floor_sqrt_p",5,9,3,0.778523489932886
1,4,1,16,400,"floor_sqrt_p",7,9,3,0.791946308724832
1,4,2,16,400,"floor_sqrt_p",2,8,2,0.775510204081633
1,4,2,16,400,"floor_sqrt_p",5,8,2,0.768707482993197
1,4,2,16,400,"floor_sqrt_p",7,8,2,0.768707482993197
1,4,3,16,400,"floor_sqrt_p",2,8,2,0.76551724137931
1,4,3,16,400,"floor_sqrt_p",5,8,2,0.76551724137931
1,4,3,16,400,"floor_sqrt_p",7,8,2,0.751724137931034
1,4,4,16,400,"floor_sqrt_p",2,8,2,0.774647887323944
1,4,4,16,400,"floor_sqrt_p",5,8,2,0.71830985915493
1,4,4,16,400,"floor_sqrt_p",7,8,2,0.746478873239437
1,4,5,16,400,"floor_sqrt_p",2,8,2,0.746478873239437
1,4,5,16,400,"floor_sqrt_p",5,8,2,0.732394366197183
1,4,5,16,400,"floor_sqrt_p",7,8,2,0.732394366197183
1,4,1,17,400,"floor_sqrt_p",2,9,3,0.791946308724832
1,4,1,17,400,"floor_sqrt_p",5,9,3,0.798657718120805
1,4,1,17,400,"floor_sqrt_p",7,9,3,0.798657718120805
1,4,2,17,400,"floor_sqrt_p",2,9,3,0.768707482993197
1,4,2,17,400,"floor_sqrt_p",5,9,3,0.768707482993197
1,4,2,17,400,"floor_sqrt_p",7,9,3,0.768707482993197
1,4,3,17,400,"floor_sqrt_p",2,9,3,0.76551724137931
1,4,3,17,400,"floor_sqrt_p",5,9,3,0.793103448275862
1,4,3,17,400,"floor_sqrt_p",7,9,3,0.772413793103448
1,4,4,17,400,"floor_sqrt_p",2,9,3,0.732394366197183
1,4,4,17,400,"floor_sqrt_p",5,9,3,0.711267605633803
1,4,4,17,400,"floor_sqrt_p",7,9,3,0.725352112676056
1,4,5,17,400,"floor_sqrt_p",2,9,3,0.725352112676056
1,4,5,17,400,"floor_sqrt_p",5,9,3,0.725352112676056
1,4,5,17,400,"floor_sqrt_p",7,9,3,0.725352112676056
1,4,1,18,400,"floor_sqrt_p",2,9,3,0.778523489932886
1,4,1,18,400,"floor_sqrt_p",5,9,3,0.805369127516778
1,4,1,18,400,"floor_sqrt_p",7,9,3,0.771812080536913
1,4,2,18,400,"floor_sqrt_p",2,9,3,0.761904761904762
1,4,2,18,400,"floor_sqrt_p",5,9,3,0.775510204081633
1,4,2,18,400,"floor_sqrt_p",7,9,3,0.775510204081633
1,4,3,18,400,"floor_sqrt_p",2,9,3,0.772413793103448
1,4,3,18,400,"floor_sqrt_p",5,9,3,0.786206896551724
1,4,3,18,400,"floor_sqrt_p",7,9,3,0.779310344827586
1,4,4,18,400,"floor_sqrt_p",2,9,3,0.73943661971831
1,4,4,18,400,"floor_sqrt_p",5,9,3,0.746478873239437
1,4,4,18,400,"floor_sqrt_p",7,9,3,0.753521126760563
1,4,5,18,400,"floor_sqrt_p",2,9,3,0.73943661971831
1,4,5,18,400,"floor_sqrt_p",5,9,3,0.697183098591549
1,4,5,18,400,"floor_sqrt_p",7,9,3,0.725352112676056
1,4,1,19,400,"floor_sqrt_p",2,10,3,0.805369127516778
1,4,1,19,400,"floor_sqrt_p",5,10,3,0.791946308724832
1,4,1,19,400,"floor_sqrt_p",7,10,3,0.778523489932886
1,4,2,19,400,"floor_sqrt_p",2,10,3,0.73469387755102
1,4,2,19,400,"floor_sqrt_p",5,10,3,0.727891156462585
1,4,2,19,400,"floor_sqrt_p",7,10,3,0.727891156462585
1,4,3,19,400,"floor_sqrt_p",2,9,3,0.737931034482759
1,4,3,19,400,"floor_sqrt_p",5,9,3,0.751724137931034
1,4,3,19,400,"floor_sqrt_p",7,9,3,0.737931034482759
1,4,4,19,400,"floor_sqrt_p",2,10,3,0.767605633802817
1,4,4,19,400,"floor_sqrt_p",5,10,3,0.78169014084507
1,4,4,19,400,"floor_sqrt_p",7,10,3,0.753521126760563
1,4,5,19,400,"floor_sqrt_p",2,10,3,0.704225352112676
1,4,5,19,400,"floor_sqrt_p",5,10,3,0.690140845070423
1,4,5,19,400,"floor_sqrt_p",7,10,3,0.711267605633803
1,4,1,20,400,"floor_sqrt_p",2,10,3,0.778523489932886
1,4,1,20,400,"floor_sqrt_p",5,10,3,0.778523489932886
1,4,1,20,400,"floor_sqrt_p",7,10,3,0.758389261744966
1,4,2,20,400,"floor_sqrt_p",2,10,3,0.741496598639456
1,4,2,20,400,"floor_sqrt_p",5,10,3,0.727891156462585
1,4,2,20,400,"floor_sqrt_p",7,10,3,0.741496598639456
1,4,3,20,400,"floor_sqrt_p",2,10,3,0.744827586206897
1,4,3,20,400,"floor_sqrt_p",5,10,3,0.751724137931034
1,4,3,20,400,"floor_sqrt_p",7,10,3,0.737931034482759
1,4,4,20,400,"floor_sqrt_p",2,10,3,0.746478873239437
1,4,4,20,400,"floor_sqrt_p",5,10,3,0.746478873239437
1,4,4,20,400,"floor_sqrt_p",7,10,3,0.732394366197183
1,4,5,20,400,"floor_sqrt_p",2,10,3,0.704225352112676
1,4,5,20,400,"floor_sqrt_p",5,10,3,0.711267605633803
1,4,5,20,400,"floor_sqrt_p",7,10,3,0.690140845070423
1,5,1,6,400,"floor_sqrt_p",2,4,2,0.758389261744966
1,5,1,6,400,"floor_sqrt_p",5,4,2,0.751677852348993
1,5,1,6,400,"floor_sqrt_p",7,4,2,0.74496644295302
1,5,2,6,400,"floor_sqrt_p",2,4,2,0.775510204081633
1,5,2,6,400,"floor_sqrt_p",5,4,2,0.768707482993197
1,5,2,6,400,"floor_sqrt_p",7,4,2,0.768707482993197
1,5,3,6,400,"floor_sqrt_p",2,4,2,0.710344827586207
1,5,3,6,400,"floor_sqrt_p",5,4,2,0.710344827586207
1,5,3,6,400,"floor_sqrt_p",7,4,2,0.717241379310345
1,5,4,6,400,"floor_sqrt_p",2,4,2,0.769230769230769
1,5,4,6,400,"floor_sqrt_p",5,4,2,0.762237762237762
1,5,4,6,400,"floor_sqrt_p",7,4,2,0.776223776223776
1,5,5,6,400,"floor_sqrt_p",2,4,2,0.711267605633803
1,5,5,6,400,"floor_sqrt_p",5,4,2,0.71830985915493
1,5,5,6,400,"floor_sqrt_p",7,4,2,0.711267605633803
1,5,1,7,400,"floor_sqrt_p",2,5,2,0.74496644295302
1,5,1,7,400,"floor_sqrt_p",5,5,2,0.758389261744966
1,5,1,7,400,"floor_sqrt_p",7,5,2,0.74496644295302
1,5,2,7,400,"floor_sqrt_p",2,5,2,0.761904761904762
1,5,2,7,400,"floor_sqrt_p",5,5,2,0.782312925170068
1,5,2,7,400,"floor_sqrt_p",7,5,2,0.768707482993197
1,5,3,7,400,"floor_sqrt_p",2,5,2,0.751724137931034
1,5,3,7,400,"floor_sqrt_p",5,5,2,0.744827586206897
1,5,3,7,400,"floor_sqrt_p",7,5,2,0.744827586206897
1,5,4,7,400,"floor_sqrt_p",2,5,2,0.776223776223776
1,5,4,7,400,"floor_sqrt_p",5,5,2,0.776223776223776
1,5,4,7,400,"floor_sqrt_p",7,5,2,0.783216783216783
1,5,5,7,400,"floor_sqrt_p",2,5,2,0.697183098591549
1,5,5,7,400,"floor_sqrt_p",5,5,2,0.690140845070423
1,5,5,7,400,"floor_sqrt_p",7,5,2,0.704225352112676
1,5,1,8,400,"floor_sqrt_p",2,5,2,0.731543624161074
1,5,1,8,400,"floor_sqrt_p",5,5,2,0.74496644295302
1,5,1,8,400,"floor_sqrt_p",7,5,2,0.738255033557047
1,5,2,8,400,"floor_sqrt_p",2,5,2,0.782312925170068
1,5,2,8,400,"floor_sqrt_p",5,5,2,0.789115646258503
1,5,2,8,400,"floor_sqrt_p",7,5,2,0.789115646258503
1,5,3,8,400,"floor_sqrt_p",2,5,2,0.717241379310345
1,5,3,8,400,"floor_sqrt_p",5,5,2,0.737931034482759
1,5,3,8,400,"floor_sqrt_p",7,5,2,0.758620689655172
1,5,4,8,400,"floor_sqrt_p",2,5,2,0.72027972027972
1,5,4,8,400,"floor_sqrt_p",5,5,2,0.741258741258741
1,5,4,8,400,"floor_sqrt_p",7,5,2,0.755244755244755
1,5,5,8,400,"floor_sqrt_p",2,5,2,0.711267605633803
1,5,5,8,400,"floor_sqrt_p",5,5,2,0.732394366197183
1,5,5,8,400,"floor_sqrt_p",7,5,2,0.711267605633803
1,5,1,9,400,"floor_sqrt_p",2,6,2,0.718120805369127
1,5,1,9,400,"floor_sqrt_p",5,6,2,0.74496644295302
1,5,1,9,400,"floor_sqrt_p",7,6,2,0.738255033557047
1,5,2,9,400,"floor_sqrt_p",2,6,2,0.782312925170068
1,5,2,9,400,"floor_sqrt_p",5,6,2,0.789115646258503
1,5,2,9,400,"floor_sqrt_p",7,6,2,0.782312925170068
1,5,3,9,400,"floor_sqrt_p",2,6,2,0.779310344827586
1,5,3,9,400,"floor_sqrt_p",5,6,2,0.772413793103448
1,5,3,9,400,"floor_sqrt_p",7,6,2,0.786206896551724
1,5,4,9,400,"floor_sqrt_p",2,6,2,0.776223776223776
1,5,4,9,400,"floor_sqrt_p",5,6,2,0.79020979020979
1,5,4,9,400,"floor_sqrt_p",7,6,2,0.79020979020979
1,5,5,9,400,"floor_sqrt_p",2,6,2,0.746478873239437
1,5,5,9,400,"floor_sqrt_p",5,6,2,0.71830985915493
1,5,5,9,400,"floor_sqrt_p",7,6,2,0.746478873239437
1,5,1,10,400,"floor_sqrt_p",2,7,2,0.751677852348993
1,5,1,10,400,"floor_sqrt_p",5,7,2,0.76510067114094
1,5,1,10,400,"floor_sqrt_p",7,7,2,0.74496644295302
1,5,2,10,400,"floor_sqrt_p",2,6,2,0.795918367346939
1,5,2,10,400,"floor_sqrt_p",5,6,2,0.795918367346939
1,5,2,10,400,"floor_sqrt_p",7,6,2,0.775510204081633
1,5,3,10,400,"floor_sqrt_p",2,6,2,0.751724137931034
1,5,3,10,400,"floor_sqrt_p",5,6,2,0.76551724137931
1,5,3,10,400,"floor_sqrt_p",7,6,2,0.737931034482759
1,5,4,10,400,"floor_sqrt_p",2,7,2,0.804195804195804
1,5,4,10,400,"floor_sqrt_p",5,7,2,0.783216783216783
1,5,4,10,400,"floor_sqrt_p",7,7,2,0.769230769230769
1,5,5,10,400,"floor_sqrt_p",2,6,2,0.732394366197183
1,5,5,10,400,"floor_sqrt_p",5,6,2,0.697183098591549
1,5,5,10,400,"floor_sqrt_p",7,6,2,0.725352112676056
1,5,1,11,400,"floor_sqrt_p",2,7,2,0.758389261744966
1,5,1,11,400,"floor_sqrt_p",5,7,2,0.758389261744966
1,5,1,11,400,"floor_sqrt_p",7,7,2,0.771812080536913
1,5,2,11,400,"floor_sqrt_p",2,7,2,0.789115646258503
1,5,2,11,400,"floor_sqrt_p",5,7,2,0.768707482993197
1,5,2,11,400,"floor_sqrt_p",7,7,2,0.782312925170068
1,5,3,11,400,"floor_sqrt_p",2,7,2,0.731034482758621
1,5,3,11,400,"floor_sqrt_p",5,7,2,0.731034482758621
1,5,3,11,400,"floor_sqrt_p",7,7,2,0.724137931034483
1,5,4,11,400,"floor_sqrt_p",2,7,2,0.748251748251748
1,5,4,11,400,"floor_sqrt_p",5,7,2,0.776223776223776
1,5,4,11,400,"floor_sqrt_p",7,7,2,0.748251748251748
1,5,5,11,400,"floor_sqrt_p",2,7,2,0.746478873239437
1,5,5,11,400,"floor_sqrt_p",5,7,2,0.76056338028169
1,5,5,11,400,"floor_sqrt_p",7,7,2,0.767605633802817
1,5,1,12,400,"floor_sqrt_p",2,7,2,0.791946308724832
1,5,1,12,400,"floor_sqrt_p",5,7,2,0.778523489932886
1,5,1,12,400,"floor_sqrt_p",7,7,2,0.76510067114094
1,5,2,12,400,"floor_sqrt_p",2,7,2,0.782312925170068
1,5,2,12,400,"floor_sqrt_p",5,7,2,0.748299319727891
1,5,2,12,400,"floor_sqrt_p",7,7,2,0.741496598639456
1,5,3,12,400,"floor_sqrt_p",2,7,2,0.724137931034483
1,5,3,12,400,"floor_sqrt_p",5,7,2,0.724137931034483
1,5,3,12,400,"floor_sqrt_p",7,7,2,0.710344827586207
1,5,4,12,400,"floor_sqrt_p",2,7,2,0.741258741258741
1,5,4,12,400,"floor_sqrt_p",5,7,2,0.734265734265734
1,5,4,12,400,"floor_sqrt_p",7,7,2,0.727272727272727
1,5,5,12,400,"floor_sqrt_p",2,7,2,0.746478873239437
1,5,5,12,400,"floor_sqrt_p",5,7,2,0.76056338028169
1,5,5,12,400,"floor_sqrt_p",7,7,2,0.73943661971831
1,5,1,13,400,"floor_sqrt_p",2,7,2,0.785234899328859
1,5,1,13,400,"floor_sqrt_p",5,7,2,0.778523489932886
1,5,1,13,400,"floor_sqrt_p",7,7,2,0.778523489932886
1,5,2,13,400,"floor_sqrt_p",2,7,2,0.748299319727891
1,5,2,13,400,"floor_sqrt_p",5,7,2,0.768707482993197
1,5,2,13,400,"floor_sqrt_p",7,7,2,0.775510204081633
1,5,3,13,400,"floor_sqrt_p",2,8,2,0.772413793103448
1,5,3,13,400,"floor_sqrt_p",5,8,2,0.758620689655172
1,5,3,13,400,"floor_sqrt_p",7,8,2,0.737931034482759
1,5,4,13,400,"floor_sqrt_p",2,8,2,0.797202797202797
1,5,4,13,400,"floor_sqrt_p",5,8,2,0.769230769230769
1,5,4,13,400,"floor_sqrt_p",7,8,2,0.762237762237762
1,5,5,13,400,"floor_sqrt_p",2,7,2,0.71830985915493
1,5,5,13,400,"floor_sqrt_p",5,7,2,0.76056338028169
1,5,5,13,400,"floor_sqrt_p",7,7,2,0.732394366197183
1,5,1,14,400,"floor_sqrt_p",2,8,2,0.785234899328859
1,5,1,14,400,"floor_sqrt_p",5,8,2,0.751677852348993
1,5,1,14,400,"floor_sqrt_p",7,8,2,0.778523489932886
1,5,2,14,400,"floor_sqrt_p",2,8,2,0.795918367346939
1,5,2,14,400,"floor_sqrt_p",5,8,2,0.782312925170068
1,5,2,14,400,"floor_sqrt_p",7,8,2,0.782312925170068
1,5,3,14,400,"floor_sqrt_p",2,8,2,0.731034482758621
1,5,3,14,400,"floor_sqrt_p",5,8,2,0.724137931034483
1,5,3,14,400,"floor_sqrt_p",7,8,2,0.731034482758621
1,5,4,14,400,"floor_sqrt_p",2,8,2,0.783216783216783
1,5,4,14,400,"floor_sqrt_p",5,8,2,0.776223776223776
1,5,4,14,400,"floor_sqrt_p",7,8,2,0.776223776223776
1,5,5,14,400,"floor_sqrt_p",2,8,2,0.725352112676056
1,5,5,14,400,"floor_sqrt_p",5,8,2,0.732394366197183
1,5,5,14,400,"floor_sqrt_p",7,8,2,0.732394366197183
1,5,1,15,400,"floor_sqrt_p",2,8,2,0.771812080536913
1,5,1,15,400,"floor_sqrt_p",5,8,2,0.771812080536913
1,5,1,15,400,"floor_sqrt_p",7,8,2,0.76510067114094
1,5,2,15,400,"floor_sqrt_p",2,8,2,0.789115646258503
1,5,2,15,400,"floor_sqrt_p",5,8,2,0.782312925170068
1,5,2,15,400,"floor_sqrt_p",7,8,2,0.775510204081633
1,5,3,15,400,"floor_sqrt_p",2,8,2,0.758620689655172
1,5,3,15,400,"floor_sqrt_p",5,8,2,0.758620689655172
1,5,3,15,400,"floor_sqrt_p",7,8,2,0.737931034482759
1,5,4,15,400,"floor_sqrt_p",2,8,2,0.727272727272727
1,5,4,15,400,"floor_sqrt_p",5,8,2,0.734265734265734
1,5,4,15,400,"floor_sqrt_p",7,8,2,0.755244755244755
1,5,5,15,400,"floor_sqrt_p",2,8,2,0.71830985915493
1,5,5,15,400,"floor_sqrt_p",5,8,2,0.725352112676056
1,5,5,15,400,"floor_sqrt_p",7,8,2,0.690140845070423
1,5,1,16,400,"floor_sqrt_p",2,9,3,0.785234899328859
1,5,1,16,400,"floor_sqrt_p",5,9,3,0.785234899328859
1,5,1,16,400,"floor_sqrt_p",7,9,3,0.778523489932886
1,5,2,16,400,"floor_sqrt_p",2,8,2,0.802721088435374
1,5,2,16,400,"floor_sqrt_p",5,8,2,0.775510204081633
1,5,2,16,400,"floor_sqrt_p",7,8,2,0.789115646258503
1,5,3,16,400,"floor_sqrt_p",2,9,3,0.772413793103448
1,5,3,16,400,"floor_sqrt_p",5,9,3,0.772413793103448
1,5,3,16,400,"floor_sqrt_p",7,9,3,0.772413793103448
1,5,4,16,400,"floor_sqrt_p",2,9,3,0.72027972027972
1,5,4,16,400,"floor_sqrt_p",5,9,3,0.713286713286713
1,5,4,16,400,"floor_sqrt_p",7,9,3,0.713286713286713
1,5,5,16,400,"floor_sqrt_p",2,8,2,0.753521126760563
1,5,5,16,400,"floor_sqrt_p",5,8,2,0.746478873239437
1,5,5,16,400,"floor_sqrt_p",7,8,2,0.746478873239437
1,5,1,17,400,"floor_sqrt_p",2,9,3,0.785234899328859
1,5,1,17,400,"floor_sqrt_p",5,9,3,0.778523489932886
1,5,1,17,400,"floor_sqrt_p",7,9,3,0.738255033557047
1,5,2,17,400,"floor_sqrt_p",2,9,3,0.768707482993197
1,5,2,17,400,"floor_sqrt_p",5,9,3,0.755102040816326
1,5,2,17,400,"floor_sqrt_p",7,9,3,0.768707482993197
1,5,3,17,400,"floor_sqrt_p",2,9,3,0.786206896551724
1,5,3,17,400,"floor_sqrt_p",5,9,3,0.76551724137931
1,5,3,17,400,"floor_sqrt_p",7,9,3,0.793103448275862
1,5,4,17,400,"floor_sqrt_p",2,9,3,0.713286713286713
1,5,4,17,400,"floor_sqrt_p",5,9,3,0.713286713286713
1,5,4,17,400,"floor_sqrt_p",7,9,3,0.713286713286713
1,5,5,17,400,"floor_sqrt_p",2,9,3,0.732394366197183
1,5,5,17,400,"floor_sqrt_p",5,9,3,0.73943661971831
1,5,5,17,400,"floor_sqrt_p",7,9,3,0.725352112676056
1,5,1,18,400,"floor_sqrt_p",2,9,3,0.74496644295302
1,5,1,18,400,"floor_sqrt_p",5,9,3,0.758389261744966
1,5,1,18,400,"floor_sqrt_p",7,9,3,0.771812080536913
1,5,2,18,400,"floor_sqrt_p",2,9,3,0.741496598639456
1,5,2,18,400,"floor_sqrt_p",5,9,3,0.761904761904762
1,5,2,18,400,"floor_sqrt_p",7,9,3,0.755102040816326
1,5,3,18,400,"floor_sqrt_p",2,10,3,0.779310344827586
1,5,3,18,400,"floor_sqrt_p",5,10,3,0.772413793103448
1,5,3,18,400,"floor_sqrt_p",7,10,3,0.772413793103448
1,5,4,18,400,"floor_sqrt_p",2,10,3,0.727272727272727
1,5,4,18,400,"floor_sqrt_p",5,10,3,0.699300699300699
1,5,4,18,400,"floor_sqrt_p",7,10,3,0.706293706293706
1,5,5,18,400,"floor_sqrt_p",2,9,3,0.753521126760563
1,5,5,18,400,"floor_sqrt_p",5,9,3,0.732394366197183
1,5,5,18,400,"floor_sqrt_p",7,9,3,0.711267605633803
1,5,1,19,400,"floor_sqrt_p",2,10,3,0.76510067114094
1,5,1,19,400,"floor_sqrt_p",5,10,3,0.76510067114094
1,5,1,19,400,"floor_sqrt_p",7,10,3,0.751677852348993
1,5,2,19,400,"floor_sqrt_p",2,10,3,0.761904761904762
1,5,2,19,400,"floor_sqrt_p",5,10,3,0.748299319727891
1,5,2,19,400,"floor_sqrt_p",7,10,3,0.755102040816326
1,5,3,19,400,"floor_sqrt_p",2,10,3,0.758620689655172
1,5,3,19,400,"floor_sqrt_p",5,10,3,0.724137931034483
1,5,3,19,400,"floor_sqrt_p",7,10,3,0.751724137931034
1,5,4,19,400,"floor_sqrt_p",2,10,3,0.713286713286713
1,5,4,19,400,"floor_sqrt_p",5,10,3,0.699300699300699
1,5,4,19,400,"floor_sqrt_p",7,10,3,0.671328671328671
1,5,5,19,400,"floor_sqrt_p",2,9,3,0.732394366197183
1,5,5,19,400,"floor_sqrt_p",5,9,3,0.725352112676056
1,5,5,19,400,"floor_sqrt_p",7,9,3,0.711267605633803
1,5,1,20,400,"floor_sqrt_p",2,10,3,0.758389261744966
1,5,1,20,400,"floor_sqrt_p",5,10,3,0.74496644295302
1,5,1,20,400,"floor_sqrt_p",7,10,3,0.738255033557047
1,5,2,20,400,"floor_sqrt_p",2,10,3,0.755102040816326
1,5,2,20,400,"floor_sqrt_p",5,10,3,0.755102040816326
1,5,2,20,400,"floor_sqrt_p",7,10,3,0.761904761904762
1,5,3,20,400,"floor_sqrt_p",2,10,3,0.779310344827586
1,5,3,20,400,"floor_sqrt_p",5,10,3,0.772413793103448
1,5,3,20,400,"floor_sqrt_p",7,10,3,0.793103448275862
1,5,4,20,400,"floor_sqrt_p",2,10,3,0.692307692307692
1,5,4,20,400,"floor_sqrt_p",5,10,3,0.678321678321678
1,5,4,20,400,"floor_sqrt_p",7,10,3,0.713286713286713
1,5,5,20,400,"floor_sqrt_p",2,10,3,0.732394366197183
1,5,5,20,400,"floor_sqrt_p",5,10,3,0.725352112676056
1,5,5,20,400,"floor_sqrt_p",7,10,3,0.704225352112676
2,1,1,6,400,"floor_sqrt_p",2,4,2,0.72108843537415
2,1,1,6,400,"floor_sqrt_p",5,4,2,0.707482993197279
2,1,1,6,400,"floor_sqrt_p",7,4,2,0.700680272108844
2,1,2,6,400,"floor_sqrt_p",2,4,2,0.746575342465753
2,1,2,6,400,"floor_sqrt_p",5,4,2,0.767123287671233
2,1,2,6,400,"floor_sqrt_p",7,4,2,0.76027397260274
2,1,3,6,400,"floor_sqrt_p",2,4,2,0.736111111111111
2,1,3,6,400,"floor_sqrt_p",5,4,2,0.75
2,1,3,6,400,"floor_sqrt_p",7,4,2,0.770833333333333
2,1,4,6,400,"floor_sqrt_p",2,4,2,0.746478873239437
2,1,4,6,400,"floor_sqrt_p",5,4,2,0.746478873239437
2,1,4,6,400,"floor_sqrt_p",7,4,2,0.73943661971831
2,1,5,6,400,"floor_sqrt_p",2,4,2,0.702127659574468
2,1,5,6,400,"floor_sqrt_p",5,4,2,0.723404255319149
2,1,5,6,400,"floor_sqrt_p",7,4,2,0.716312056737589
2,1,1,7,400,"floor_sqrt_p",2,5,2,0.782312925170068
2,1,1,7,400,"floor_sqrt_p",5,5,2,0.768707482993197
2,1,1,7,400,"floor_sqrt_p",7,5,2,0.782312925170068
2,1,2,7,400,"floor_sqrt_p",2,5,2,0.787671232876712
2,1,2,7,400,"floor_sqrt_p",5,5,2,0.773972602739726
2,1,2,7,400,"floor_sqrt_p",7,5,2,0.773972602739726
2,1,3,7,400,"floor_sqrt_p",2,5,2,0.756944444444444
2,1,3,7,400,"floor_sqrt_p",5,5,2,0.763888888888889
2,1,3,7,400,"floor_sqrt_p",7,5,2,0.777777777777778
2,1,4,7,400,"floor_sqrt_p",2,5,2,0.746478873239437
2,1,4,7,400,"floor_sqrt_p",5,5,2,0.774647887323944
2,1,4,7,400,"floor_sqrt_p",7,5,2,0.73943661971831
2,1,5,7,400,"floor_sqrt_p",2,5,2,0.716312056737589
2,1,5,7,400,"floor_sqrt_p",5,5,2,0.723404255319149
2,1,5,7,400,"floor_sqrt_p",7,5,2,0.716312056737589
2,1,1,8,400,"floor_sqrt_p",2,5,2,0.768707482993197
2,1,1,8,400,"floor_sqrt_p",5,5,2,0.768707482993197
2,1,1,8,400,"floor_sqrt_p",7,5,2,0.741496598639456
2,1,2,8,400,"floor_sqrt_p",2,5,2,0.794520547945205
2,1,2,8,400,"floor_sqrt_p",5,5,2,0.794520547945205
2,1,2,8,400,"floor_sqrt_p",7,5,2,0.794520547945205
2,1,3,8,400,"floor_sqrt_p",2,5,2,0.777777777777778
2,1,3,8,400,"floor_sqrt_p",5,5,2,0.770833333333333
2,1,3,8,400,"floor_sqrt_p",7,5,2,0.770833333333333
2,1,4,8,400,"floor_sqrt_p",2,5,2,0.78169014084507
2,1,4,8,400,"floor_sqrt_p",5,5,2,0.774647887323944
2,1,4,8,400,"floor_sqrt_p",7,5,2,0.774647887323944
2,1,5,8,400,"floor_sqrt_p",2,5,2,0.765957446808511
2,1,5,8,400,"floor_sqrt_p",5,5,2,0.75177304964539
2,1,5,8,400,"floor_sqrt_p",7,5,2,0.75177304964539
2,1,1,9,400,"floor_sqrt_p",2,6,2,0.741496598639456
2,1,1,9,400,"floor_sqrt_p",5,6,2,0.727891156462585
2,1,1,9,400,"floor_sqrt_p",7,6,2,0.72108843537415
2,1,2,9,400,"floor_sqrt_p",2,6,2,0.842465753424658
2,1,2,9,400,"floor_sqrt_p",5,6,2,0.835616438356164
2,1,2,9,400,"floor_sqrt_p",7,6,2,0.835616438356164
2,1,3,9,400,"floor_sqrt_p",2,6,2,0.777777777777778
2,1,3,9,400,"floor_sqrt_p",5,6,2,0.784722222222222
2,1,3,9,400,"floor_sqrt_p",7,6,2,0.777777777777778
2,1,4,9,400,"floor_sqrt_p",2,6,2,0.753521126760563
2,1,4,9,400,"floor_sqrt_p",5,6,2,0.767605633802817
2,1,4,9,400,"floor_sqrt_p",7,6,2,0.774647887323944
2,1,5,9,400,"floor_sqrt_p",2,6,2,0.73758865248227
2,1,5,9,400,"floor_sqrt_p",5,6,2,0.765957446808511
2,1,5,9,400,"floor_sqrt_p",7,6,2,0.75177304964539
2,1,1,10,400,"floor_sqrt_p",2,6,2,0.775510204081633
2,1,1,10,400,"floor_sqrt_p",5,6,2,0.748299319727891
2,1,1,10,400,"floor_sqrt_p",7,6,2,0.741496598639456
2,1,2,10,400,"floor_sqrt_p",2,6,2,0.821917808219178
2,1,2,10,400,"floor_sqrt_p",5,6,2,0.821917808219178
2,1,2,10,400,"floor_sqrt_p",7,6,2,0.821917808219178
2,1,3,10,400,"floor_sqrt_p",2,6,2,0.770833333333333
2,1,3,10,400,"floor_sqrt_p",5,6,2,0.770833333333333
2,1,3,10,400,"floor_sqrt_p",7,6,2,0.777777777777778
2,1,4,10,400,"floor_sqrt_p",2,6,2,0.767605633802817
2,1,4,10,400,"floor_sqrt_p",5,6,2,0.753521126760563
2,1,4,10,400,"floor_sqrt_p",7,6,2,0.76056338028169
2,1,5,10,400,"floor_sqrt_p",2,6,2,0.787234042553192
2,1,5,10,400,"floor_sqrt_p",5,6,2,0.765957446808511
2,1,5,10,400,"floor_sqrt_p",7,6,2,0.765957446808511
2,1,1,11,400,"floor_sqrt_p",2,7,2,0.727891156462585
2,1,1,11,400,"floor_sqrt_p",5,7,2,0.727891156462585
2,1,1,11,400,"floor_sqrt_p",7,7,2,0.748299319727891
2,1,2,11,400,"floor_sqrt_p",2,7,2,0.828767123287671
2,1,2,11,400,"floor_sqrt_p",5,7,2,0.828767123287671
2,1,2,11,400,"floor_sqrt_p",7,7,2,0.821917808219178
2,1,3,11,400,"floor_sqrt_p",2,7,2,0.770833333333333
2,1,3,11,400,"floor_sqrt_p",5,7,2,0.777777777777778
2,1,3,11,400,"floor_sqrt_p",7,7,2,0.770833333333333
2,1,4,11,400,"floor_sqrt_p",2,7,2,0.795774647887324
2,1,4,11,400,"floor_sqrt_p",5,7,2,0.767605633802817
2,1,4,11,400,"floor_sqrt_p",7,7,2,0.76056338028169
2,1,5,11,400,"floor_sqrt_p",2,6,2,0.773049645390071
2,1,5,11,400,"floor_sqrt_p",5,6,2,0.780141843971631
2,1,5,11,400,"floor_sqrt_p",7,6,2,0.773049645390071
2,1,1,12,400,"floor_sqrt_p",2,7,2,0.714285714285714
2,1,1,12,400,"floor_sqrt_p",5,7,2,0.72108843537415
2,1,1,12,400,"floor_sqrt_p",7,7,2,0.707482993197279
2,1,2,12,400,"floor_sqrt_p",2,7,2,0.815068493150685
2,1,2,12,400,"floor_sqrt_p",5,7,2,0.801369863013699
2,1,2,12,400,"floor_sqrt_p",7,7,2,0.815068493150685
2,1,3,12,400,"floor_sqrt_p",2,7,2,0.743055555555556
2,1,3,12,400,"floor_sqrt_p",5,7,2,0.75
2,1,3,12,400,"floor_sqrt_p",7,7,2,0.743055555555556
2,1,4,12,400,"floor_sqrt_p",2,7,2,0.767605633802817
2,1,4,12,400,"floor_sqrt_p",5,7,2,0.78169014084507
2,1,4,12,400,"floor_sqrt_p",7,7,2,0.767605633802817
2,1,5,12,400,"floor_sqrt_p",2,7,2,0.773049645390071
2,1,5,12,400,"floor_sqrt_p",5,7,2,0.801418439716312
2,1,5,12,400,"floor_sqrt_p",7,7,2,0.801418439716312
2,1,1,13,400,"floor_sqrt_p",2,7,2,0.714285714285714
2,1,1,13,400,"floor_sqrt_p",5,7,2,0.72108843537415
2,1,1,13,400,"floor_sqrt_p",7,7,2,0.707482993197279
2,1,2,13,400,"floor_sqrt_p",2,7,2,0.780821917808219
2,1,2,13,400,"floor_sqrt_p",5,7,2,0.787671232876712
2,1,2,13,400,"floor_sqrt_p",7,7,2,0.794520547945205
2,1,3,13,400,"floor_sqrt_p",2,7,2,0.756944444444444
2,1,3,13,400,"floor_sqrt_p",5,7,2,0.75
2,1,3,13,400,"floor_sqrt_p",7,7,2,0.743055555555556
2,1,4,13,400,"floor_sqrt_p",2,7,2,0.76056338028169
2,1,4,13,400,"floor_sqrt_p",5,7,2,0.746478873239437
2,1,4,13,400,"floor_sqrt_p",7,7,2,0.725352112676056
2,1,5,13,400,"floor_sqrt_p",2,7,2,0.801418439716312
2,1,5,13,400,"floor_sqrt_p",5,7,2,0.794326241134752
2,1,5,13,400,"floor_sqrt_p",7,7,2,0.794326241134752
2,1,1,14,400,"floor_sqrt_p",2,7,2,0.755102040816326
2,1,1,14,400,"floor_sqrt_p",5,7,2,0.707482993197279
2,1,1,14,400,"floor_sqrt_p",7,7,2,0.73469387755102
2,1,2,14,400,"floor_sqrt_p",2,7,2,0.780821917808219
2,1,2,14,400,"floor_sqrt_p",5,7,2,0.794520547945205
2,1,2,14,400,"floor_sqrt_p",7,7,2,0.773972602739726
2,1,3,14,400,"floor_sqrt_p",2,7,2,0.770833333333333
2,1,3,14,400,"floor_sqrt_p",5,7,2,0.770833333333333
2,1,3,14,400,"floor_sqrt_p",7,7,2,0.770833333333333
2,1,4,14,400,"floor_sqrt_p",2,8,2,0.753521126760563
2,1,4,14,400,"floor_sqrt_p",5,8,2,0.73943661971831
2,1,4,14,400,"floor_sqrt_p",7,8,2,0.767605633802817
2,1,5,14,400,"floor_sqrt_p",2,7,2,0.787234042553192
2,1,5,14,400,"floor_sqrt_p",5,7,2,0.787234042553192
2,1,5,14,400,"floor_sqrt_p",7,7,2,0.780141843971631
2,1,1,15,400,"floor_sqrt_p",2,8,2,0.714285714285714
2,1,1,15,400,"floor_sqrt_p",5,8,2,0.714285714285714
2,1,1,15,400,"floor_sqrt_p",7,8,2,0.727891156462585
2,1,2,15,400,"floor_sqrt_p",2,8,2,0.801369863013699
2,1,2,15,400,"floor_sqrt_p",5,8,2,0.794520547945205
2,1,2,15,400,"floor_sqrt_p",7,8,2,0.808219178082192
2,1,3,15,400,"floor_sqrt_p",2,8,2,0.75
2,1,3,15,400,"floor_sqrt_p",5,8,2,0.729166666666667
2,1,3,15,400,"floor_sqrt_p",7,8,2,0.708333333333333
2,1,4,15,400,"floor_sqrt_p",2,8,2,0.746478873239437
2,1,4,15,400,"floor_sqrt_p",5,8,2,0.746478873239437
2,1,4,15,400,"floor_sqrt_p",7,8,2,0.746478873239437
2,1,5,15,400,"floor_sqrt_p",2,8,2,0.75886524822695
2,1,5,15,400,"floor_sqrt_p",5,8,2,0.780141843971631
2,1,5,15,400,"floor_sqrt_p",7,8,2,0.794326241134752
2,1,1,16,400,"floor_sqrt_p",2,8,2,0.748299319727891
2,1,1,16,400,"floor_sqrt_p",5,8,2,0.761904761904762
2,1,1,16,400,"floor_sqrt_p",7,8,2,0.755102040816326
2,1,2,16,400,"floor_sqrt_p",2,8,2,0.787671232876712
2,1,2,16,400,"floor_sqrt_p",5,8,2,0.821917808219178
2,1,2,16,400,"floor_sqrt_p",7,8,2,0.794520547945205
2,1,3,16,400,"floor_sqrt_p",2,8,2,0.736111111111111
2,1,3,16,400,"floor_sqrt_p",5,8,2,0.729166666666667
2,1,3,16,400,"floor_sqrt_p",7,8,2,0.729166666666667
2,1,4,16,400,"floor_sqrt_p",2,8,2,0.73943661971831
2,1,4,16,400,"floor_sqrt_p",5,8,2,0.746478873239437
2,1,4,16,400,"floor_sqrt_p",7,8,2,0.732394366197183
2,1,5,16,400,"floor_sqrt_p",2,8,2,0.74468085106383
2,1,5,16,400,"floor_sqrt_p",5,8,2,0.75886524822695
2,1,5,16,400,"floor_sqrt_p",7,8,2,0.74468085106383
2,1,1,17,400,"floor_sqrt_p",2,9,3,0.748299319727891
2,1,1,17,400,"floor_sqrt_p",5,9,3,0.73469387755102
2,1,1,17,400,"floor_sqrt_p",7,9,3,0.714285714285714
2,1,2,17,400,"floor_sqrt_p",2,9,3,0.753424657534247
2,1,2,17,400,"floor_sqrt_p",5,9,3,0.76027397260274
2,1,2,17,400,"floor_sqrt_p",7,9,3,0.76027397260274
2,1,3,17,400,"floor_sqrt_p",2,9,3,0.659722222222222
2,1,3,17,400,"floor_sqrt_p",5,9,3,0.673611111111111
2,1,3,17,400,"floor_sqrt_p",7,9,3,0.673611111111111
2,1,4,17,400,"floor_sqrt_p",2,9,3,0.725352112676056
2,1,4,17,400,"floor_sqrt_p",5,9,3,0.753521126760563
2,1,4,17,400,"floor_sqrt_p",7,9,3,0.753521126760563
2,1,5,17,400,"floor_sqrt_p",2,8,2,0.787234042553192
2,1,5,17,400,"floor_sqrt_p",5,8,2,0.780141843971631
2,1,5,17,400,"floor_sqrt_p",7,8,2,0.765957446808511
2,1,1,18,400,"floor_sqrt_p",2,9,3,0.73469387755102
2,1,1,18,400,"floor_sqrt_p",5,9,3,0.727891156462585
2,1,1,18,400,"floor_sqrt_p",7,9,3,0.727891156462585
2,1,2,18,400,"floor_sqrt_p",2,9,3,0.773972602739726
2,1,2,18,400,"floor_sqrt_p",5,9,3,0.773972602739726
2,1,2,18,400,"floor_sqrt_p",7,9,3,0.794520547945205
2,1,3,18,400,"floor_sqrt_p",2,9,3,0.715277777777778
2,1,3,18,400,"floor_sqrt_p",5,9,3,0.743055555555556
2,1,3,18,400,"floor_sqrt_p",7,9,3,0.715277777777778
2,1,4,18,400,"floor_sqrt_p",2,9,3,0.725352112676056
2,1,4,18,400,"floor_sqrt_p",5,9,3,0.76056338028169
2,1,4,18,400,"floor_sqrt_p",7,9,3,0.76056338028169
2,1,5,18,400,"floor_sqrt_p",2,9,3,0.75177304964539
2,1,5,18,400,"floor_sqrt_p",5,9,3,0.75177304964539
2,1,5,18,400,"floor_sqrt_p",7,9,3,0.75886524822695
2,1,1,19,400,"floor_sqrt_p",2,10,3,0.73469387755102
2,1,1,19,400,"floor_sqrt_p",5,10,3,0.741496598639456
2,1,1,19,400,"floor_sqrt_p",7,10,3,0.727891156462585
2,1,2,19,400,"floor_sqrt_p",2,9,3,0.794520547945205
2,1,2,19,400,"floor_sqrt_p",5,9,3,0.808219178082192
2,1,2,19,400,"floor_sqrt_p",7,9,3,0.801369863013699
2,1,3,19,400,"floor_sqrt_p",2,9,3,0.729166666666667
2,1,3,19,400,"floor_sqrt_p",5,9,3,0.729166666666667
2,1,3,19,400,"floor_sqrt_p",7,9,3,0.708333333333333
2,1,4,19,400,"floor_sqrt_p",2,10,3,0.753521126760563
2,1,4,19,400,"floor_sqrt_p",5,10,3,0.753521126760563
2,1,4,19,400,"floor_sqrt_p",7,10,3,0.76056338028169
2,1,5,19,400,"floor_sqrt_p",2,9,3,0.73758865248227
2,1,5,19,400,"floor_sqrt_p",5,9,3,0.723404255319149
2,1,5,19,400,"floor_sqrt_p",7,9,3,0.716312056737589
2,1,1,20,400,"floor_sqrt_p",2,10,3,0.727891156462585
2,1,1,20,400,"floor_sqrt_p",5,10,3,0.741496598639456
2,1,1,20,400,"floor_sqrt_p",7,10,3,0.727891156462585
2,1,2,20,400,"floor_sqrt_p",2,10,3,0.767123287671233
2,1,2,20,400,"floor_sqrt_p",5,10,3,0.753424657534247
2,1,2,20,400,"floor_sqrt_p",7,10,3,0.794520547945205
2,1,3,20,400,"floor_sqrt_p",2,10,3,0.770833333333333
2,1,3,20,400,"floor_sqrt_p",5,10,3,0.736111111111111
2,1,3,20,400,"floor_sqrt_p",7,10,3,0.736111111111111
2,1,4,20,400,"floor_sqrt_p",2,10,3,0.746478873239437
2,1,4,20,400,"floor_sqrt_p",5,10,3,0.73943661971831
2,1,4,20,400,"floor_sqrt_p",7,10,3,0.732394366197183
2,1,5,20,400,"floor_sqrt_p",2,9,3,0.723404255319149
2,1,5,20,400,"floor_sqrt_p",5,9,3,0.716312056737589
2,1,5,20,400,"floor_sqrt_p",7,9,3,0.723404255319149
2,2,1,6,400,"floor_sqrt_p",2,4,2,0.709459459459459
2,2,1,6,400,"floor_sqrt_p",5,4,2,0.702702702702703
2,2,1,6,400,"floor_sqrt_p",7,4,2,0.702702702702703
2,2,2,6,400,"floor_sqrt_p",2,4,2,0.76027397260274
2,2,2,6,400,"floor_sqrt_p",5,4,2,0.746575342465753
2,2,2,6,400,"floor_sqrt_p",7,4,2,0.773972602739726
2,2,3,6,400,"floor_sqrt_p",2,4,2,0.770833333333333
2,2,3,6,400,"floor_sqrt_p",5,4,2,0.777777777777778
2,2,3,6,400,"floor_sqrt_p",7,4,2,0.784722222222222
2,2,4,6,400,"floor_sqrt_p",2,4,2,0.76056338028169
2,2,4,6,400,"floor_sqrt_p",5,4,2,0.76056338028169
2,2,4,6,400,"floor_sqrt_p",7,4,2,0.76056338028169
2,2,5,6,400,"floor_sqrt_p",2,4,2,0.716312056737589
2,2,5,6,400,"floor_sqrt_p",5,4,2,0.723404255319149
2,2,5,6,400,"floor_sqrt_p",7,4,2,0.709219858156028
2,2,1,7,400,"floor_sqrt_p",2,5,2,0.763513513513513
2,2,1,7,400,"floor_sqrt_p",5,5,2,0.75
2,2,1,7,400,"floor_sqrt_p",7,5,2,0.756756756756757
2,2,2,7,400,"floor_sqrt_p",2,5,2,0.746575342465753
2,2,2,7,400,"floor_sqrt_p",5,5,2,0.732876712328767
2,2,2,7,400,"floor_sqrt_p",7,5,2,0.746575342465753
2,2,3,7,400,"floor_sqrt_p",2,5,2,0.791666666666667
2,2,3,7,400,"floor_sqrt_p",5,5,2,0.798611111111111
2,2,3,7,400,"floor_sqrt_p",7,5,2,0.784722222222222
2,2,4,7,400,"floor_sqrt_p",2,5,2,0.73943661971831
2,2,4,7,400,"floor_sqrt_p",5,5,2,0.753521126760563
2,2,4,7,400,"floor_sqrt_p",7,5,2,0.73943661971831
2,2,5,7,400,"floor_sqrt_p",2,5,2,0.73758865248227
2,2,5,7,400,"floor_sqrt_p",5,5,2,0.73758865248227
2,2,5,7,400,"floor_sqrt_p",7,5,2,0.74468085106383
2,2,1,8,400,"floor_sqrt_p",2,5,2,0.75
2,2,1,8,400,"floor_sqrt_p",5,5,2,0.756756756756757
2,2,1,8,400,"floor_sqrt_p",7,5,2,0.756756756756757
2,2,2,8,400,"floor_sqrt_p",2,5,2,0.76027397260274
2,2,2,8,400,"floor_sqrt_p",5,5,2,0.773972602739726
2,2,2,8,400,"floor_sqrt_p",7,5,2,0.773972602739726
2,2,3,8,400,"floor_sqrt_p",2,5,2,0.798611111111111
2,2,3,8,400,"floor_sqrt_p",5,5,2,0.791666666666667
2,2,3,8,400,"floor_sqrt_p",7,5,2,0.805555555555556
2,2,4,8,400,"floor_sqrt_p",2,5,2,0.78169014084507
2,2,4,8,400,"floor_sqrt_p",5,5,2,0.774647887323944
2,2,4,8,400,"floor_sqrt_p",7,5,2,0.767605633802817
2,2,5,8,400,"floor_sqrt_p",2,5,2,0.780141843971631
2,2,5,8,400,"floor_sqrt_p",5,5,2,0.773049645390071
2,2,5,8,400,"floor_sqrt_p",7,5,2,0.787234042553192
2,2,1,9,400,"floor_sqrt_p",2,6,2,0.777027027027027
2,2,1,9,400,"floor_sqrt_p",5,6,2,0.777027027027027
2,2,1,9,400,"floor_sqrt_p",7,6,2,0.763513513513513
2,2,2,9,400,"floor_sqrt_p",2,6,2,0.73972602739726
2,2,2,9,400,"floor_sqrt_p",5,6,2,0.773972602739726
2,2,2,9,400,"floor_sqrt_p",7,6,2,0.767123287671233
2,2,3,9,400,"floor_sqrt_p",2,6,2,0.8125
2,2,3,9,400,"floor_sqrt_p",5,6,2,0.798611111111111
2,2,3,9,400,"floor_sqrt_p",7,6,2,0.791666666666667
2,2,4,9,400,"floor_sqrt_p",2,6,2,0.795774647887324
2,2,4,9,400,"floor_sqrt_p",5,6,2,0.795774647887324
2,2,4,9,400,"floor_sqrt_p",7,6,2,0.802816901408451
2,2,5,9,400,"floor_sqrt_p",2,6,2,0.780141843971631
2,2,5,9,400,"floor_sqrt_p",5,6,2,0.787234042553192
2,2,5,9,400,"floor_sqrt_p",7,6,2,0.773049645390071
2,2,1,10,400,"floor_sqrt_p",2,6,2,0.77027027027027
2,2,1,10,400,"floor_sqrt_p",5,6,2,0.756756756756757
2,2,1,10,400,"floor_sqrt_p",7,6,2,0.736486486486487
2,2,2,10,400,"floor_sqrt_p",2,6,2,0.773972602739726
2,2,2,10,400,"floor_sqrt_p",5,6,2,0.773972602739726
2,2,2,10,400,"floor_sqrt_p",7,6,2,0.780821917808219
2,2,3,10,400,"floor_sqrt_p",2,6,2,0.75
2,2,3,10,400,"floor_sqrt_p",5,6,2,0.756944444444444
2,2,3,10,400,"floor_sqrt_p",7,6,2,0.763888888888889
2,2,4,10,400,"floor_sqrt_p",2,6,2,0.795774647887324
2,2,4,10,400,"floor_sqrt_p",5,6,2,0.78169014084507
2,2,4,10,400,"floor_sqrt_p",7,6,2,0.767605633802817
2,2,5,10,400,"floor_sqrt_p",2,6,2,0.75886524822695
2,2,5,10,400,"floor_sqrt_p",5,6,2,0.75886524822695
2,2,5,10,400,"floor_sqrt_p",7,6,2,0.75886524822695
2,2,1,11,400,"floor_sqrt_p",2,7,2,0.722972972972973
2,2,1,11,400,"floor_sqrt_p",5,7,2,0.736486486486487
2,2,1,11,400,"floor_sqrt_p",7,7,2,0.716216216216216
2,2,2,11,400,"floor_sqrt_p",2,7,2,0.773972602739726
2,2,2,11,400,"floor_sqrt_p",5,7,2,0.767123287671233
2,2,2,11,400,"floor_sqrt_p",7,7,2,0.767123287671233
2,2,3,11,400,"floor_sqrt_p",2,7,2,0.722222222222222
2,2,3,11,400,"floor_sqrt_p",5,7,2,0.715277777777778
2,2,3,11,400,"floor_sqrt_p",7,7,2,0.708333333333333
2,2,4,11,400,"floor_sqrt_p",2,7,2,0.788732394366197
2,2,4,11,400,"floor_sqrt_p",5,7,2,0.76056338028169
2,2,4,11,400,"floor_sqrt_p",7,7,2,0.774647887323944
2,2,5,11,400,"floor_sqrt_p",2,7,2,0.765957446808511
2,2,5,11,400,"floor_sqrt_p",5,7,2,0.765957446808511
2,2,5,11,400,"floor_sqrt_p",7,7,2,0.780141843971631
2,2,1,12,400,"floor_sqrt_p",2,7,2,0.709459459459459
2,2,1,12,400,"floor_sqrt_p",5,7,2,0.702702702702703
2,2,1,12,400,"floor_sqrt_p",7,7,2,0.709459459459459
2,2,2,12,400,"floor_sqrt_p",2,7,2,0.746575342465753
2,2,2,12,400,"floor_sqrt_p",5,7,2,0.73972602739726
2,2,2,12,400,"floor_sqrt_p",7,7,2,0.73972602739726
2,2,3,12,400,"floor_sqrt_p",2,7,2,0.729166666666667
2,2,3,12,400,"floor_sqrt_p",5,7,2,0.715277777777778
2,2,3,12,400,"floor_sqrt_p",7,7,2,0.715277777777778
2,2,4,12,400,"floor_sqrt_p",2,7,2,0.753521126760563
2,2,4,12,400,"floor_sqrt_p",5,7,2,0.76056338028169
2,2,4,12,400,"floor_sqrt_p",7,7,2,0.774647887323944
2,2,5,12,400,"floor_sqrt_p",2,7,2,0.74468085106383
2,2,5,12,400,"floor_sqrt_p",5,7,2,0.74468085106383
2,2,5,12,400,"floor_sqrt_p",7,7,2,0.75177304964539
2,2,1,13,400,"floor_sqrt_p",2,7,2,0.736486486486487
2,2,1,13,400,"floor_sqrt_p",5,7,2,0.72972972972973
2,2,1,13,400,"floor_sqrt_p",7,7,2,0.736486486486487
2,2,2,13,400,"floor_sqrt_p",2,7,2,0.73972602739726
2,2,2,13,400,"floor_sqrt_p",5,7,2,0.73972602739726
2,2,2,13,400,"floor_sqrt_p",7,7,2,0.746575342465753
2,2,3,13,400,"floor_sqrt_p",2,7,2,0.701388888888889
2,2,3,13,400,"floor_sqrt_p",5,7,2,0.715277777777778
2,2,3,13,400,"floor_sqrt_p",7,7,2,0.694444444444444
2,2,4,13,400,"floor_sqrt_p",2,7,2,0.795774647887324
2,2,4,13,400,"floor_sqrt_p",5,7,2,0.788732394366197
2,2,4,13,400,"floor_sqrt_p",7,7,2,0.78169014084507
2,2,5,13,400,"floor_sqrt_p",2,7,2,0.74468085106383
2,2,5,13,400,"floor_sqrt_p",5,7,2,0.74468085106383
2,2,5,13,400,"floor_sqrt_p",7,7,2,0.730496453900709
2,2,1,14,400,"floor_sqrt_p",2,8,2,0.763513513513513
2,2,1,14,400,"floor_sqrt_p",5,8,2,0.756756756756757
2,2,1,14,400,"floor_sqrt_p",7,8,2,0.736486486486487
2,2,2,14,400,"floor_sqrt_p",2,8,2,0.753424657534247
2,2,2,14,400,"floor_sqrt_p",5,8,2,0.753424657534247
2,2,2,14,400,"floor_sqrt_p",7,8,2,0.746575342465753
2,2,3,14,400,"floor_sqrt_p",2,7,2,0.701388888888889
2,2,3,14,400,"floor_sqrt_p",5,7,2,0.701388888888889
2,2,3,14,400,"floor_sqrt_p",7,7,2,0.708333333333333
2,2,4,14,400,"floor_sqrt_p",2,8,2,0.78169014084507
2,2,4,14,400,"floor_sqrt_p",5,8,2,0.774647887323944
2,2,4,14,400,"floor_sqrt_p",7,8,2,0.795774647887324
2,2,5,14,400,"floor_sqrt_p",2,7,2,0.73758865248227
2,2,5,14,400,"floor_sqrt_p",5,7,2,0.74468085106383
2,2,5,14,400,"floor_sqrt_p",7,7,2,0.75177304964539
2,2,1,15,400,"floor_sqrt_p",2,8,2,0.72972972972973
2,2,1,15,400,"floor_sqrt_p",5,8,2,0.72972972972973
2,2,1,15,400,"floor_sqrt_p",7,8,2,0.736486486486487
2,2,2,15,400,"floor_sqrt_p",2,8,2,0.73972602739726
2,2,2,15,400,"floor_sqrt_p",5,8,2,0.746575342465753
2,2,2,15,400,"floor_sqrt_p",7,8,2,0.732876712328767
2,2,3,15,400,"floor_sqrt_p",2,8,2,0.715277777777778
2,2,3,15,400,"floor_sqrt_p",5,8,2,0.680555555555556
2,2,3,15,400,"floor_sqrt_p",7,8,2,0.666666666666667
2,2,4,15,400,"floor_sqrt_p",2,8,2,0.816901408450704
2,2,4,15,400,"floor_sqrt_p",5,8,2,0.809859154929577
2,2,4,15,400,"floor_sqrt_p",7,8,2,0.802816901408451
2,2,5,15,400,"floor_sqrt_p",2,8,2,0.75177304964539
2,2,5,15,400,"floor_sqrt_p",5,8,2,0.75886524822695
2,2,5,15,400,"floor_sqrt_p",7,8,2,0.75177304964539
2,2,1,16,400,"floor_sqrt_p",2,8,2,0.72972972972973
2,2,1,16,400,"floor_sqrt_p",5,8,2,0.736486486486487
2,2,1,16,400,"floor_sqrt_p",7,8,2,0.756756756756757
2,2,2,16,400,"floor_sqrt_p",2,9,3,0.767123287671233
2,2,2,16,400,"floor_sqrt_p",5,9,3,0.780821917808219
2,2,2,16,400,"floor_sqrt_p",7,9,3,0.753424657534247
2,2,3,16,400,"floor_sqrt_p",2,8,2,0.694444444444444
2,2,3,16,400,"floor_sqrt_p",5,8,2,0.680555555555556
2,2,3,16,400,"floor_sqrt_p",7,8,2,0.6875
2,2,4,16,400,"floor_sqrt_p",2,8,2,0.802816901408451
2,2,4,16,400,"floor_sqrt_p",5,8,2,0.823943661971831
2,2,4,16,400,"floor_sqrt_p",7,8,2,0.816901408450704
2,2,5,16,400,"floor_sqrt_p",2,8,2,0.74468085106383
2,2,5,16,400,"floor_sqrt_p",5,8,2,0.74468085106383
2,2,5,16,400,"floor_sqrt_p",7,8,2,0.75177304964539
2,2,1,17,400,"floor_sqrt_p",2,9,3,0.756756756756757
2,2,1,17,400,"floor_sqrt_p",5,9,3,0.77027027027027
2,2,1,17,400,"floor_sqrt_p",7,9,3,0.75
2,2,2,17,400,"floor_sqrt_p",2,9,3,0.76027397260274
2,2,2,17,400,"floor_sqrt_p",5,9,3,0.76027397260274
2,2,2,17,400,"floor_sqrt_p",7,9,3,0.767123287671233
2,2,3,17,400,"floor_sqrt_p",2,8,2,0.694444444444444
2,2,3,17,400,"floor_sqrt_p",5,8,2,0.708333333333333
2,2,3,17,400,"floor_sqrt_p",7,8,2,0.701388888888889
2,2,4,17,400,"floor_sqrt_p",2,9,3,0.809859154929577
2,2,4,17,400,"floor_sqrt_p",5,9,3,0.830985915492958
2,2,4,17,400,"floor_sqrt_p",7,9,3,0.823943661971831
2,2,5,17,400,"floor_sqrt_p",2,9,3,0.730496453900709
2,2,5,17,400,"floor_sqrt_p",5,9,3,0.74468085106383
2,2,5,17,400,"floor_sqrt_p",7,9,3,0.723404255319149
2,2,1,18,400,"floor_sqrt_p",2,9,3,0.763513513513513
2,2,1,18,400,"floor_sqrt_p",5,9,3,0.797297297297297
2,2,1,18,400,"floor_sqrt_p",7,9,3,0.790540540540541
2,2,2,18,400,"floor_sqrt_p",2,9,3,0.767123287671233
2,2,2,18,400,"floor_sqrt_p",5,9,3,0.753424657534247
2,2,2,18,400,"floor_sqrt_p",7,9,3,0.746575342465753
2,2,3,18,400,"floor_sqrt_p",2,9,3,0.729166666666667
2,2,3,18,400,"floor_sqrt_p",5,9,3,0.708333333333333
2,2,3,18,400,"floor_sqrt_p",7,9,3,0.729166666666667
2,2,4,18,400,"floor_sqrt_p",2,9,3,0.802816901408451
2,2,4,18,400,"floor_sqrt_p",5,9,3,0.78169014084507
2,2,4,18,400,"floor_sqrt_p",7,9,3,0.78169014084507
2,2,5,18,400,"floor_sqrt_p",2,9,3,0.730496453900709
2,2,5,18,400,"floor_sqrt_p",5,9,3,0.74468085106383
2,2,5,18,400,"floor_sqrt_p",7,9,3,0.74468085106383
2,2,1,19,400,"floor_sqrt_p",2,10,3,0.763513513513513
2,2,1,19,400,"floor_sqrt_p",5,10,3,0.763513513513513
2,2,1,19,400,"floor_sqrt_p",7,10,3,0.75
2,2,2,19,400,"floor_sqrt_p",2,10,3,0.753424657534247
2,2,2,19,400,"floor_sqrt_p",5,10,3,0.746575342465753
2,2,2,19,400,"floor_sqrt_p",7,10,3,0.76027397260274
2,2,3,19,400,"floor_sqrt_p",2,9,3,0.729166666666667
2,2,3,19,400,"floor_sqrt_p",5,9,3,0.715277777777778
2,2,3,19,400,"floor_sqrt_p",7,9,3,0.701388888888889
2,2,4,19,400,"floor_sqrt_p",2,10,3,0.767605633802817
2,2,4,19,400,"floor_sqrt_p",5,10,3,0.774647887323944
2,2,4,19,400,"floor_sqrt_p",7,10,3,0.76056338028169
2,2,5,19,400,"floor_sqrt_p",2,9,3,0.723404255319149
2,2,5,19,400,"floor_sqrt_p",5,9,3,0.730496453900709
2,2,5,19,400,"floor_sqrt_p",7,9,3,0.74468085106383
2,2,1,20,400,"floor_sqrt_p",2,10,3,0.77027027027027
2,2,1,20,400,"floor_sqrt_p",5,10,3,0.77027027027027
2,2,1,20,400,"floor_sqrt_p",7,10,3,0.783783783783784
2,2,2,20,400,"floor_sqrt_p",2,10,3,0.726027397260274
2,2,2,20,400,"floor_sqrt_p",5,10,3,0.73972602739726
2,2,2,20,400,"floor_sqrt_p",7,10,3,0.719178082191781
2,2,3,20,400,"floor_sqrt_p",2,10,3,0.729166666666667
2,2,3,20,400,"floor_sqrt_p",5,10,3,0.715277777777778
2,2,3,20,400,"floor_sqrt_p",7,10,3,0.736111111111111
2,2,4,20,400,"floor_sqrt_p",2,10,3,0.753521126760563
2,2,4,20,400,"floor_sqrt_p",5,10,3,0.746478873239437
2,2,4,20,400,"floor_sqrt_p",7,10,3,0.76056338028169
2,2,5,20,400,"floor_sqrt_p",2,10,3,0.730496453900709
2,2,5,20,400,"floor_sqrt_p",5,10,3,0.73758865248227
2,2,5,20,400,"floor_sqrt_p",7,10,3,0.75886524822695
2,3,1,6,400,"floor_sqrt_p",2,4,2,0.697986577181208
2,3,1,6,400,"floor_sqrt_p",5,4,2,0.711409395973154
2,3,1,6,400,"floor_sqrt_p",7,4,2,0.704697986577181
2,3,2,6,400,"floor_sqrt_p",2,4,2,0.707482993197279
2,3,2,6,400,"floor_sqrt_p",5,4,2,0.714285714285714
2,3,2,6,400,"floor_sqrt_p",7,4,2,0.727891156462585
2,3,3,6,400,"floor_sqrt_p",2,4,2,0.722222222222222
2,3,3,6,400,"floor_sqrt_p",5,4,2,0.715277777777778
2,3,3,6,400,"floor_sqrt_p",7,4,2,0.708333333333333
2,3,4,6,400,"floor_sqrt_p",2,4,2,0.753521126760563
2,3,4,6,400,"floor_sqrt_p",5,4,2,0.746478873239437
2,3,4,6,400,"floor_sqrt_p",7,4,2,0.753521126760563
2,3,5,6,400,"floor_sqrt_p",2,4,2,0.676056338028169
2,3,5,6,400,"floor_sqrt_p",5,4,2,0.647887323943662
2,3,5,6,400,"floor_sqrt_p",7,4,2,0.676056338028169
2,3,1,7,400,"floor_sqrt_p",2,5,2,0.697986577181208
2,3,1,7,400,"floor_sqrt_p",5,5,2,0.684563758389262
2,3,1,7,400,"floor_sqrt_p",7,5,2,0.684563758389262
2,3,2,7,400,"floor_sqrt_p",2,5,2,0.727891156462585
2,3,2,7,400,"floor_sqrt_p",5,5,2,0.73469387755102
2,3,2,7,400,"floor_sqrt_p",7,5,2,0.755102040816326
2,3,3,7,400,"floor_sqrt_p",2,5,2,0.756944444444444
2,3,3,7,400,"floor_sqrt_p",5,5,2,0.729166666666667
2,3,3,7,400,"floor_sqrt_p",7,5,2,0.756944444444444
2,3,4,7,400,"floor_sqrt_p",2,5,2,0.73943661971831
2,3,4,7,400,"floor_sqrt_p",5,5,2,0.73943661971831
2,3,4,7,400,"floor_sqrt_p",7,5,2,0.732394366197183
2,3,5,7,400,"floor_sqrt_p",2,5,2,0.732394366197183
2,3,5,7,400,"floor_sqrt_p",5,5,2,0.732394366197183
2,3,5,7,400,"floor_sqrt_p",7,5,2,0.732394366197183
2,3,1,8,400,"floor_sqrt_p",2,5,2,0.758389261744966
2,3,1,8,400,"floor_sqrt_p",5,5,2,0.751677852348993
2,3,1,8,400,"floor_sqrt_p",7,5,2,0.751677852348993
2,3,2,8,400,"floor_sqrt_p",2,5,2,0.761904761904762
2,3,2,8,400,"floor_sqrt_p",5,5,2,0.755102040816326
2,3,2,8,400,"floor_sqrt_p",7,5,2,0.775510204081633
2,3,3,8,400,"floor_sqrt_p",2,5,2,0.75
2,3,3,8,400,"floor_sqrt_p",5,5,2,0.743055555555556
2,3,3,8,400,"floor_sqrt_p",7,5,2,0.75
2,3,4,8,400,"floor_sqrt_p",2,5,2,0.76056338028169
2,3,4,8,400,"floor_sqrt_p",5,5,2,0.76056338028169
2,3,4,8,400,"floor_sqrt_p",7,5,2,0.753521126760563
2,3,5,8,400,"floor_sqrt_p",2,5,2,0.76056338028169
2,3,5,8,400,"floor_sqrt_p",5,5,2,0.753521126760563
2,3,5,8,400,"floor_sqrt_p",7,5,2,0.753521126760563
2,3,1,9,400,"floor_sqrt_p",2,6,2,0.778523489932886
2,3,1,9,400,"floor_sqrt_p",5,6,2,0.771812080536913
2,3,1,9,400,"floor_sqrt_p",7,6,2,0.771812080536913
2,3,2,9,400,"floor_sqrt_p",2,6,2,0.748299319727891
2,3,2,9,400,"floor_sqrt_p",5,6,2,0.748299319727891
2,3,2,9,400,"floor_sqrt_p",7,6,2,0.748299319727891
2,3,3,9,400,"floor_sqrt_p",2,6,2,0.770833333333333
2,3,3,9,400,"floor_sqrt_p",5,6,2,0.777777777777778
2,3,3,9,400,"floor_sqrt_p",7,6,2,0.777777777777778
2,3,4,9,400,"floor_sqrt_p",2,6,2,0.753521126760563
2,3,4,9,400,"floor_sqrt_p",5,6,2,0.76056338028169
2,3,4,9,400,"floor_sqrt_p",7,6,2,0.767605633802817
2,3,5,9,400,"floor_sqrt_p",2,6,2,0.76056338028169
2,3,5,9,400,"floor_sqrt_p",5,6,2,0.767605633802817
2,3,5,9,400,"floor_sqrt_p",7,6,2,0.753521126760563
2,3,1,10,400,"floor_sqrt_p",2,6,2,0.74496644295302
2,3,1,10,400,"floor_sqrt_p",5,6,2,0.74496644295302
2,3,1,10,400,"floor_sqrt_p",7,6,2,0.758389261744966
2,3,2,10,400,"floor_sqrt_p",2,6,2,0.768707482993197
2,3,2,10,400,"floor_sqrt_p",5,6,2,0.748299319727891
2,3,2,10,400,"floor_sqrt_p",7,6,2,0.755102040816326
2,3,3,10,400,"floor_sqrt_p",2,6,2,0.763888888888889
2,3,3,10,400,"floor_sqrt_p",5,6,2,0.777777777777778
2,3,3,10,400,"floor_sqrt_p",7,6,2,0.770833333333333
2,3,4,10,400,"floor_sqrt_p",2,6,2,0.732394366197183
2,3,4,10,400,"floor_sqrt_p",5,6,2,0.753521126760563
2,3,4,10,400,"floor_sqrt_p",7,6,2,0.774647887323944
2,3,5,10,400,"floor_sqrt_p",2,6,2,0.78169014084507
2,3,5,10,400,"floor_sqrt_p",5,6,2,0.753521126760563
2,3,5,10,400,"floor_sqrt_p",7,6,2,0.774647887323944
2,3,1,11,400,"floor_sqrt_p",2,7,2,0.751677852348993
2,3,1,11,400,"floor_sqrt_p",5,7,2,0.724832214765101
2,3,1,11,400,"floor_sqrt_p",7,7,2,0.718120805369127
2,3,2,11,400,"floor_sqrt_p",2,7,2,0.72108843537415
2,3,2,11,400,"floor_sqrt_p",5,7,2,0.73469387755102
2,3,2,11,400,"floor_sqrt_p",7,7,2,0.73469387755102
2,3,3,11,400,"floor_sqrt_p",2,7,2,0.770833333333333
2,3,3,11,400,"floor_sqrt_p",5,7,2,0.763888888888889
2,3,3,11,400,"floor_sqrt_p",7,7,2,0.770833333333333
2,3,4,11,400,"floor_sqrt_p",2,7,2,0.774647887323944
2,3,4,11,400,"floor_sqrt_p",5,7,2,0.767605633802817
2,3,4,11,400,"floor_sqrt_p",7,7,2,0.78169014084507
2,3,5,11,400,"floor_sqrt_p",2,7,2,0.767605633802817
2,3,5,11,400,"floor_sqrt_p",5,7,2,0.774647887323944
2,3,5,11,400,"floor_sqrt_p",7,7,2,0.753521126760563
2,3,1,12,400,"floor_sqrt_p",2,7,2,0.724832214765101
2,3,1,12,400,"floor_sqrt_p",5,7,2,0.697986577181208
2,3,1,12,400,"floor_sqrt_p",7,7,2,0.718120805369127
2,3,2,12,400,"floor_sqrt_p",2,7,2,0.73469387755102
2,3,2,12,400,"floor_sqrt_p",5,7,2,0.748299319727891
2,3,2,12,400,"floor_sqrt_p",7,7,2,0.727891156462585
2,3,3,12,400,"floor_sqrt_p",2,7,2,0.743055555555556
2,3,3,12,400,"floor_sqrt_p",5,7,2,0.763888888888889
2,3,3,12,400,"floor_sqrt_p",7,7,2,0.743055555555556
2,3,4,12,400,"floor_sqrt_p",2,7,2,0.795774647887324
2,3,4,12,400,"floor_sqrt_p",5,7,2,0.774647887323944
2,3,4,12,400,"floor_sqrt_p",7,7,2,0.795774647887324
2,3,5,12,400,"floor_sqrt_p",2,7,2,0.732394366197183
2,3,5,12,400,"floor_sqrt_p",5,7,2,0.753521126760563
2,3,5,12,400,"floor_sqrt_p",7,7,2,0.753521126760563
2,3,1,13,400,"floor_sqrt_p",2,7,2,0.711409395973154
2,3,1,13,400,"floor_sqrt_p",5,7,2,0.731543624161074
2,3,1,13,400,"floor_sqrt_p",7,7,2,0.731543624161074
2,3,2,13,400,"floor_sqrt_p",2,7,2,0.707482993197279
2,3,2,13,400,"floor_sqrt_p",5,7,2,0.714285714285714
2,3,2,13,400,"floor_sqrt_p",7,7,2,0.714285714285714
2,3,3,13,400,"floor_sqrt_p",2,7,2,0.75
2,3,3,13,400,"floor_sqrt_p",5,7,2,0.777777777777778
2,3,3,13,400,"floor_sqrt_p",7,7,2,0.777777777777778
2,3,4,13,400,"floor_sqrt_p",2,7,2,0.71830985915493
2,3,4,13,400,"floor_sqrt_p",5,7,2,0.76056338028169
2,3,4,13,400,"floor_sqrt_p",7,7,2,0.746478873239437
2,3,5,13,400,"floor_sqrt_p",2,7,2,0.774647887323944
2,3,5,13,400,"floor_sqrt_p",5,7,2,0.767605633802817
2,3,5,13,400,"floor_sqrt_p",7,7,2,0.76056338028169
2,3,1,14,400,"floor_sqrt_p",2,8,2,0.738255033557047
2,3,1,14,400,"floor_sqrt_p",5,8,2,0.738255033557047
2,3,1,14,400,"floor_sqrt_p",7,8,2,0.751677852348993
2,3,2,14,400,"floor_sqrt_p",2,8,2,0.741496598639456
2,3,2,14,400,"floor_sqrt_p",5,8,2,0.748299319727891
2,3,2,14,400,"floor_sqrt_p",7,8,2,0.748299319727891
2,3,3,14,400,"floor_sqrt_p",2,7,2,0.75
2,3,3,14,400,"floor_sqrt_p",5,7,2,0.75
2,3,3,14,400,"floor_sqrt_p",7,7,2,0.736111111111111
2,3,4,14,400,"floor_sqrt_p",2,8,2,0.73943661971831
2,3,4,14,400,"floor_sqrt_p",5,8,2,0.753521126760563
2,3,4,14,400,"floor_sqrt_p",7,8,2,0.746478873239437
2,3,5,14,400,"floor_sqrt_p",2,8,2,0.76056338028169
2,3,5,14,400,"floor_sqrt_p",5,8,2,0.767605633802817
2,3,5,14,400,"floor_sqrt_p",7,8,2,0.76056338028169
2,3,1,15,400,"floor_sqrt_p",2,8,2,0.771812080536913
2,3,1,15,400,"floor_sqrt_p",5,8,2,0.751677852348993
2,3,1,15,400,"floor_sqrt_p",7,8,2,0.731543624161074
2,3,2,15,400,"floor_sqrt_p",2,8,2,0.795918367346939
2,3,2,15,400,"floor_sqrt_p",5,8,2,0.80952380952381
2,3,2,15,400,"floor_sqrt_p",7,8,2,0.789115646258503
2,3,3,15,400,"floor_sqrt_p",2,8,2,0.784722222222222
2,3,3,15,400,"floor_sqrt_p",5,8,2,0.791666666666667
2,3,3,15,400,"floor_sqrt_p",7,8,2,0.777777777777778
2,3,4,15,400,"floor_sqrt_p",2,8,2,0.767605633802817
2,3,4,15,400,"floor_sqrt_p",5,8,2,0.73943661971831
2,3,4,15,400,"floor_sqrt_p",7,8,2,0.76056338028169
2,3,5,15,400,"floor_sqrt_p",2,8,2,0.774647887323944
2,3,5,15,400,"floor_sqrt_p",5,8,2,0.753521126760563
2,3,5,15,400,"floor_sqrt_p",7,8,2,0.767605633802817
2,3,1,16,400,"floor_sqrt_p",2,8,2,0.771812080536913
2,3,1,16,400,"floor_sqrt_p",5,8,2,0.771812080536913
2,3,1,16,400,"floor_sqrt_p",7,8,2,0.771812080536913
2,3,2,16,400,"floor_sqrt_p",2,8,2,0.782312925170068
2,3,2,16,400,"floor_sqrt_p",5,8,2,0.789115646258503
2,3,2,16,400,"floor_sqrt_p",7,8,2,0.802721088435374
2,3,3,16,400,"floor_sqrt_p",2,8,2,0.770833333333333
2,3,3,16,400,"floor_sqrt_p",5,8,2,0.777777777777778
2,3,3,16,400,"floor_sqrt_p",7,8,2,0.777777777777778
2,3,4,16,400,"floor_sqrt_p",2,8,2,0.732394366197183
2,3,4,16,400,"floor_sqrt_p",5,8,2,0.746478873239437
2,3,4,16,400,"floor_sqrt_p",7,8,2,0.73943661971831
2,3,5,16,400,"floor_sqrt_p",2,8,2,0.774647887323944
2,3,5,16,400,"floor_sqrt_p",5,8,2,0.774647887323944
2,3,5,16,400,"floor_sqrt_p",7,8,2,0.774647887323944
2,3,1,17,400,"floor_sqrt_p",2,9,3,0.76510067114094
2,3,1,17,400,"floor_sqrt_p",5,9,3,0.751677852348993
2,3,1,17,400,"floor_sqrt_p",7,9,3,0.778523489932886
2,3,2,17,400,"floor_sqrt_p",2,9,3,0.761904761904762
2,3,2,17,400,"floor_sqrt_p",5,9,3,0.768707482993197
2,3,2,17,400,"floor_sqrt_p",7,9,3,0.768707482993197
2,3,3,17,400,"floor_sqrt_p",2,9,3,0.756944444444444
2,3,3,17,400,"floor_sqrt_p",5,9,3,0.770833333333333
2,3,3,17,400,"floor_sqrt_p",7,9,3,0.763888888888889
2,3,4,17,400,"floor_sqrt_p",2,9,3,0.795774647887324
2,3,4,17,400,"floor_sqrt_p",5,9,3,0.795774647887324
2,3,4,17,400,"floor_sqrt_p",7,9,3,0.767605633802817
2,3,5,17,400,"floor_sqrt_p",2,9,3,0.774647887323944
2,3,5,17,400,"floor_sqrt_p",5,9,3,0.76056338028169
2,3,5,17,400,"floor_sqrt_p",7,9,3,0.753521126760563
2,3,1,18,400,"floor_sqrt_p",2,9,3,0.738255033557047
2,3,1,18,400,"floor_sqrt_p",5,9,3,0.758389261744966
2,3,1,18,400,"floor_sqrt_p",7,9,3,0.758389261744966
2,3,2,18,400,"floor_sqrt_p",2,9,3,0.761904761904762
2,3,2,18,400,"floor_sqrt_p",5,9,3,0.775510204081633
2,3,2,18,400,"floor_sqrt_p",7,9,3,0.768707482993197
2,3,3,18,400,"floor_sqrt_p",2,9,3,0.729166666666667
2,3,3,18,400,"floor_sqrt_p",5,9,3,0.715277777777778
2,3,3,18,400,"floor_sqrt_p",7,9,3,0.729166666666667
2,3,4,18,400,"floor_sqrt_p",2,9,3,0.73943661971831
2,3,4,18,400,"floor_sqrt_p",5,9,3,0.725352112676056
2,3,4,18,400,"floor_sqrt_p",7,9,3,0.732394366197183
2,3,5,18,400,"floor_sqrt_p",2,9,3,0.76056338028169
2,3,5,18,400,"floor_sqrt_p",5,9,3,0.767605633802817
2,3,5,18,400,"floor_sqrt_p",7,9,3,0.753521126760563
2,3,1,19,400,"floor_sqrt_p",2,10,3,0.771812080536913
2,3,1,19,400,"floor_sqrt_p",5,10,3,0.74496644295302
2,3,1,19,400,"floor_sqrt_p",7,10,3,0.76510067114094
2,3,2,19,400,"floor_sqrt_p",2,10,3,0.782312925170068
2,3,2,19,400,"floor_sqrt_p",5,10,3,0.768707482993197
2,3,2,19,400,"floor_sqrt_p",7,10,3,0.768707482993197
2,3,3,19,400,"floor_sqrt_p",2,10,3,0.715277777777778
2,3,3,19,400,"floor_sqrt_p",5,10,3,0.736111111111111
2,3,3,19,400,"floor_sqrt_p",7,10,3,0.736111111111111
2,3,4,19,400,"floor_sqrt_p",2,9,3,0.73943661971831
2,3,4,19,400,"floor_sqrt_p",5,9,3,0.746478873239437
2,3,4,19,400,"floor_sqrt_p",7,9,3,0.76056338028169
2,3,5,19,400,"floor_sqrt_p",2,10,3,0.76056338028169
2,3,5,19,400,"floor_sqrt_p",5,10,3,0.73943661971831
2,3,5,19,400,"floor_sqrt_p",7,10,3,0.753521126760563
2,3,1,20,400,"floor_sqrt_p",2,10,3,0.751677852348993
2,3,1,20,400,"floor_sqrt_p",5,10,3,0.731543624161074
2,3,1,20,400,"floor_sqrt_p",7,10,3,0.778523489932886
2,3,2,20,400,"floor_sqrt_p",2,10,3,0.768707482993197
2,3,2,20,400,"floor_sqrt_p",5,10,3,0.768707482993197
2,3,2,20,400,"floor_sqrt_p",7,10,3,0.782312925170068
2,3,3,20,400,"floor_sqrt_p",2,10,3,0.722222222222222
2,3,3,20,400,"floor_sqrt_p",5,10,3,0.715277777777778
2,3,3,20,400,"floor_sqrt_p",7,10,3,0.708333333333333
2,3,4,20,400,"floor_sqrt_p",2,10,3,0.732394366197183
2,3,4,20,400,"floor_sqrt_p",5,10,3,0.73943661971831
2,3,4,20,400,"floor_sqrt_p",7,10,3,0.71830985915493
2,3,5,20,400,"floor_sqrt_p",2,10,3,0.71830985915493
2,3,5,20,400,"floor_sqrt_p",5,10,3,0.732394366197183
2,3,5,20,400,"floor_sqrt_p",7,10,3,0.71830985915493
2,4,1,6,400,"floor_sqrt_p",2,4,2,0.738255033557047
2,4,1,6,400,"floor_sqrt_p",5,4,2,0.724832214765101
2,4,1,6,400,"floor_sqrt_p",7,4,2,0.718120805369127
2,4,2,6,400,"floor_sqrt_p",2,4,2,0.73469387755102
2,4,2,6,400,"floor_sqrt_p",5,4,2,0.727891156462585
2,4,2,6,400,"floor_sqrt_p",7,4,2,0.73469387755102
2,4,3,6,400,"floor_sqrt_p",2,4,2,0.758620689655172
2,4,3,6,400,"floor_sqrt_p",5,4,2,0.76551724137931
2,4,3,6,400,"floor_sqrt_p",7,4,2,0.758620689655172
2,4,4,6,400,"floor_sqrt_p",2,4,2,0.725352112676056
2,4,4,6,400,"floor_sqrt_p",5,4,2,0.732394366197183
2,4,4,6,400,"floor_sqrt_p",7,4,2,0.725352112676056
2,4,5,6,400,"floor_sqrt_p",2,4,2,0.725352112676056
2,4,5,6,400,"floor_sqrt_p",5,4,2,0.732394366197183
2,4,5,6,400,"floor_sqrt_p",7,4,2,0.753521126760563
2,4,1,7,400,"floor_sqrt_p",2,5,2,0.74496644295302
2,4,1,7,400,"floor_sqrt_p",5,5,2,0.758389261744966
2,4,1,7,400,"floor_sqrt_p",7,5,2,0.738255033557047
2,4,2,7,400,"floor_sqrt_p",2,5,2,0.768707482993197
2,4,2,7,400,"floor_sqrt_p",5,5,2,0.768707482993197
2,4,2,7,400,"floor_sqrt_p",7,5,2,0.761904761904762
2,4,3,7,400,"floor_sqrt_p",2,5,2,0.76551724137931
2,4,3,7,400,"floor_sqrt_p",5,5,2,0.772413793103448
2,4,3,7,400,"floor_sqrt_p",7,5,2,0.76551724137931
2,4,4,7,400,"floor_sqrt_p",2,5,2,0.78169014084507
2,4,4,7,400,"floor_sqrt_p",5,5,2,0.767605633802817
2,4,4,7,400,"floor_sqrt_p",7,5,2,0.767605633802817
2,4,5,7,400,"floor_sqrt_p",2,5,2,0.73943661971831
2,4,5,7,400,"floor_sqrt_p",5,5,2,0.746478873239437
2,4,5,7,400,"floor_sqrt_p",7,5,2,0.753521126760563
2,4,1,8,400,"floor_sqrt_p",2,5,2,0.751677852348993
2,4,1,8,400,"floor_sqrt_p",5,5,2,0.758389261744966
2,4,1,8,400,"floor_sqrt_p",7,5,2,0.751677852348993
2,4,2,8,400,"floor_sqrt_p",2,5,2,0.755102040816326
2,4,2,8,400,"floor_sqrt_p",5,5,2,0.748299319727891
2,4,2,8,400,"floor_sqrt_p",7,5,2,0.755102040816326
2,4,3,8,400,"floor_sqrt_p",2,5,2,0.779310344827586
2,4,3,8,400,"floor_sqrt_p",5,5,2,0.786206896551724
2,4,3,8,400,"floor_sqrt_p",7,5,2,0.793103448275862
2,4,4,8,400,"floor_sqrt_p",2,5,2,0.76056338028169
2,4,4,8,400,"floor_sqrt_p",5,5,2,0.76056338028169
2,4,4,8,400,"floor_sqrt_p",7,5,2,0.746478873239437
2,4,5,8,400,"floor_sqrt_p",2,5,2,0.753521126760563
2,4,5,8,400,"floor_sqrt_p",5,5,2,0.753521126760563
2,4,5,8,400,"floor_sqrt_p",7,5,2,0.774647887323944
2,4,1,9,400,"floor_sqrt_p",2,6,2,0.785234899328859
2,4,1,9,400,"floor_sqrt_p",5,6,2,0.785234899328859
2,4,1,9,400,"floor_sqrt_p",7,6,2,0.785234899328859
2,4,2,9,400,"floor_sqrt_p",2,6,2,0.761904761904762
2,4,2,9,400,"floor_sqrt_p",5,6,2,0.761904761904762
2,4,2,9,400,"floor_sqrt_p",7,6,2,0.775510204081633
2,4,3,9,400,"floor_sqrt_p",2,6,2,0.820689655172414
2,4,3,9,400,"floor_sqrt_p",5,6,2,0.820689655172414
2,4,3,9,400,"floor_sqrt_p",7,6,2,0.806896551724138
2,4,4,9,400,"floor_sqrt_p",2,6,2,0.788732394366197
2,4,4,9,400,"floor_sqrt_p",5,6,2,0.767605633802817
2,4,4,9,400,"floor_sqrt_p",7,6,2,0.78169014084507
2,4,5,9,400,"floor_sqrt_p",2,6,2,0.788732394366197
2,4,5,9,400,"floor_sqrt_p",5,6,2,0.795774647887324
2,4,5,9,400,"floor_sqrt_p",7,6,2,0.788732394366197
2,4,1,10,400,"floor_sqrt_p",2,6,2,0.76510067114094
2,4,1,10,400,"floor_sqrt_p",5,6,2,0.758389261744966
2,4,1,10,400,"floor_sqrt_p",7,6,2,0.771812080536913
2,4,2,10,400,"floor_sqrt_p",2,6,2,0.782312925170068
2,4,2,10,400,"floor_sqrt_p",5,6,2,0.782312925170068
2,4,2,10,400,"floor_sqrt_p",7,6,2,0.782312925170068
2,4,3,10,400,"floor_sqrt_p",2,7,2,0.848275862068966
2,4,3,10,400,"floor_sqrt_p",5,7,2,0.83448275862069
2,4,3,10,400,"floor_sqrt_p",7,7,2,0.827586206896552
2,4,4,10,400,"floor_sqrt_p",2,6,2,0.816901408450704
2,4,4,10,400,"floor_sqrt_p",5,6,2,0.809859154929577
2,4,4,10,400,"floor_sqrt_p",7,6,2,0.809859154929577
2,4,5,10,400,"floor_sqrt_p",2,6,2,0.802816901408451
2,4,5,10,400,"floor_sqrt_p",5,6,2,0.788732394366197
2,4,5,10,400,"floor_sqrt_p",7,6,2,0.788732394366197
2,4,1,11,400,"floor_sqrt_p",2,7,2,0.785234899328859
2,4,1,11,400,"floor_sqrt_p",5,7,2,0.785234899328859
2,4,1,11,400,"floor_sqrt_p",7,7,2,0.785234899328859
2,4,2,11,400,"floor_sqrt_p",2,7,2,0.761904761904762
2,4,2,11,400,"floor_sqrt_p",5,7,2,0.761904761904762
2,4,2,11,400,"floor_sqrt_p",7,7,2,0.761904761904762
2,4,3,11,400,"floor_sqrt_p",2,7,2,0.806896551724138
2,4,3,11,400,"floor_sqrt_p",5,7,2,0.806896551724138
2,4,3,11,400,"floor_sqrt_p",7,7,2,0.8
2,4,4,11,400,"floor_sqrt_p",2,7,2,0.802816901408451
2,4,4,11,400,"floor_sqrt_p",5,7,2,0.795774647887324
2,4,4,11,400,"floor_sqrt_p",7,7,2,0.802816901408451
2,4,5,11,400,"floor_sqrt_p",2,7,2,0.774647887323944
2,4,5,11,400,"floor_sqrt_p",5,7,2,0.774647887323944
2,4,5,11,400,"floor_sqrt_p",7,7,2,0.76056338028169
2,4,1,12,400,"floor_sqrt_p",2,7,2,0.798657718120805
2,4,1,12,400,"floor_sqrt_p",5,7,2,0.798657718120805
2,4,1,12,400,"floor_sqrt_p",7,7,2,0.785234899328859
2,4,2,12,400,"floor_sqrt_p",2,7,2,0.761904761904762
2,4,2,12,400,"floor_sqrt_p",5,7,2,0.775510204081633
2,4,2,12,400,"floor_sqrt_p",7,7,2,0.761904761904762
2,4,3,12,400,"floor_sqrt_p",2,7,2,0.8
2,4,3,12,400,"floor_sqrt_p",5,7,2,0.779310344827586
2,4,3,12,400,"floor_sqrt_p",7,7,2,0.793103448275862
2,4,4,12,400,"floor_sqrt_p",2,7,2,0.795774647887324
2,4,4,12,400,"floor_sqrt_p",5,7,2,0.774647887323944
2,4,4,12,400,"floor_sqrt_p",7,7,2,0.78169014084507
2,4,5,12,400,"floor_sqrt_p",2,7,2,0.73943661971831
2,4,5,12,400,"floor_sqrt_p",5,7,2,0.753521126760563
2,4,5,12,400,"floor_sqrt_p",7,7,2,0.753521126760563
2,4,1,13,400,"floor_sqrt_p",2,7,2,0.758389261744966
2,4,1,13,400,"floor_sqrt_p",5,7,2,0.771812080536913
2,4,1,13,400,"floor_sqrt_p",7,7,2,0.758389261744966
2,4,2,13,400,"floor_sqrt_p",2,7,2,0.768707482993197
2,4,2,13,400,"floor_sqrt_p",5,7,2,0.775510204081633
2,4,2,13,400,"floor_sqrt_p",7,7,2,0.768707482993197
2,4,3,13,400,"floor_sqrt_p",2,8,2,0.772413793103448
2,4,3,13,400,"floor_sqrt_p",5,8,2,0.758620689655172
2,4,3,13,400,"floor_sqrt_p",7,8,2,0.779310344827586
2,4,4,13,400,"floor_sqrt_p",2,7,2,0.753521126760563
2,4,4,13,400,"floor_sqrt_p",5,7,2,0.753521126760563
2,4,4,13,400,"floor_sqrt_p",7,7,2,0.746478873239437
2,4,5,13,400,"floor_sqrt_p",2,7,2,0.725352112676056
2,4,5,13,400,"floor_sqrt_p",5,7,2,0.73943661971831
2,4,5,13,400,"floor_sqrt_p",7,7,2,0.746478873239437
2,4,1,14,400,"floor_sqrt_p",2,8,2,0.76510067114094
2,4,1,14,400,"floor_sqrt_p",5,8,2,0.76510067114094
2,4,1,14,400,"floor_sqrt_p",7,8,2,0.76510067114094
2,4,2,14,400,"floor_sqrt_p",2,8,2,0.748299319727891
2,4,2,14,400,"floor_sqrt_p",5,8,2,0.748299319727891
2,4,2,14,400,"floor_sqrt_p",7,8,2,0.755102040816326
2,4,3,14,400,"floor_sqrt_p",2,8,2,0.806896551724138
2,4,3,14,400,"floor_sqrt_p",5,8,2,0.820689655172414
2,4,3,14,400,"floor_sqrt_p",7,8,2,0.8
2,4,4,14,400,"floor_sqrt_p",2,8,2,0.753521126760563
2,4,4,14,400,"floor_sqrt_p",5,8,2,0.76056338028169
2,4,4,14,400,"floor_sqrt_p",7,8,2,0.746478873239437
2,4,5,14,400,"floor_sqrt_p",2,8,2,0.767605633802817
2,4,5,14,400,"floor_sqrt_p",5,8,2,0.767605633802817
2,4,5,14,400,"floor_sqrt_p",7,8,2,0.78169014084507
2,4,1,15,400,"floor_sqrt_p",2,8,2,0.771812080536913
2,4,1,15,400,"floor_sqrt_p",5,8,2,0.758389261744966
2,4,1,15,400,"floor_sqrt_p",7,8,2,0.76510067114094
2,4,2,15,400,"floor_sqrt_p",2,8,2,0.748299319727891
2,4,2,15,400,"floor_sqrt_p",5,8,2,0.748299319727891
2,4,2,15,400,"floor_sqrt_p",7,8,2,0.748299319727891
2,4,3,15,400,"floor_sqrt_p",2,8,2,0.820689655172414
2,4,3,15,400,"floor_sqrt_p",5,8,2,0.8
2,4,3,15,400,"floor_sqrt_p",7,8,2,0.779310344827586
2,4,4,15,400,"floor_sqrt_p",2,8,2,0.774647887323944
2,4,4,15,400,"floor_sqrt_p",5,8,2,0.774647887323944
2,4,4,15,400,"floor_sqrt_p",7,8,2,0.76056338028169
2,4,5,15,400,"floor_sqrt_p",2,8,2,0.809859154929577
2,4,5,15,400,"floor_sqrt_p",5,8,2,0.823943661971831
2,4,5,15,400,"floor_sqrt_p",7,8,2,0.788732394366197
2,4,1,16,400,"floor_sqrt_p",2,9,3,0.76510067114094
2,4,1,16,400,"floor_sqrt_p",5,9,3,0.724832214765101
2,4,1,16,400,"floor_sqrt_p",7,9,3,0.771812080536913
2,4,2,16,400,"floor_sqrt_p",2,9,3,0.73469387755102
2,4,2,16,400,"floor_sqrt_p",5,9,3,0.741496598639456
2,4,2,16,400,"floor_sqrt_p",7,9,3,0.727891156462585
2,4,3,16,400,"floor_sqrt_p",2,9,3,0.813793103448276
2,4,3,16,400,"floor_sqrt_p",5,9,3,0.8
2,4,3,16,400,"floor_sqrt_p",7,9,3,0.813793103448276
2,4,4,16,400,"floor_sqrt_p",2,9,3,0.73943661971831
2,4,4,16,400,"floor_sqrt_p",5,9,3,0.73943661971831
2,4,4,16,400,"floor_sqrt_p",7,9,3,0.753521126760563
2,4,5,16,400,"floor_sqrt_p",2,8,2,0.795774647887324
2,4,5,16,400,"floor_sqrt_p",5,8,2,0.809859154929577
2,4,5,16,400,"floor_sqrt_p",7,8,2,0.802816901408451
2,4,1,17,400,"floor_sqrt_p",2,9,3,0.711409395973154
2,4,1,17,400,"floor_sqrt_p",5,9,3,0.724832214765101
2,4,1,17,400,"floor_sqrt_p",7,9,3,0.724832214765101
2,4,2,17,400,"floor_sqrt_p",2,9,3,0.741496598639456
2,4,2,17,400,"floor_sqrt_p",5,9,3,0.727891156462585
2,4,2,17,400,"floor_sqrt_p",7,9,3,0.748299319727891
2,4,3,17,400,"floor_sqrt_p",2,9,3,0.786206896551724
2,4,3,17,400,"floor_sqrt_p",5,9,3,0.793103448275862
2,4,3,17,400,"floor_sqrt_p",7,9,3,0.793103448275862
2,4,4,17,400,"floor_sqrt_p",2,9,3,0.73943661971831
2,4,4,17,400,"floor_sqrt_p",5,9,3,0.746478873239437
2,4,4,17,400,"floor_sqrt_p",7,9,3,0.732394366197183
2,4,5,17,400,"floor_sqrt_p",2,9,3,0.788732394366197
2,4,5,17,400,"floor_sqrt_p",5,9,3,0.788732394366197
2,4,5,17,400,"floor_sqrt_p",7,9,3,0.78169014084507
2,4,1,18,400,"floor_sqrt_p",2,9,3,0.738255033557047
2,4,1,18,400,"floor_sqrt_p",5,9,3,0.731543624161074
2,4,1,18,400,"floor_sqrt_p",7,9,3,0.731543624161074
2,4,2,18,400,"floor_sqrt_p",2,9,3,0.727891156462585
2,4,2,18,400,"floor_sqrt_p",5,9,3,0.727891156462585
2,4,2,18,400,"floor_sqrt_p",7,9,3,0.727891156462585
2,4,3,18,400,"floor_sqrt_p",2,10,3,0.758620689655172
2,4,3,18,400,"floor_sqrt_p",5,10,3,0.758620689655172
2,4,3,18,400,"floor_sqrt_p",7,10,3,0.76551724137931
2,4,4,18,400,"floor_sqrt_p",2,9,3,0.732394366197183
2,4,4,18,400,"floor_sqrt_p",5,9,3,0.725352112676056
2,4,4,18,400,"floor_sqrt_p",7,9,3,0.71830985915493
2,4,5,18,400,"floor_sqrt_p",2,9,3,0.774647887323944
2,4,5,18,400,"floor_sqrt_p",5,9,3,0.767605633802817
2,4,5,18,400,"floor_sqrt_p",7,9,3,0.774647887323944
2,4,1,19,400,"floor_sqrt_p",2,10,3,0.74496644295302
2,4,1,19,400,"floor_sqrt_p",5,10,3,0.751677852348993
2,4,1,19,400,"floor_sqrt_p",7,10,3,0.758389261744966
2,4,2,19,400,"floor_sqrt_p",2,10,3,0.714285714285714
2,4,2,19,400,"floor_sqrt_p",5,10,3,0.748299319727891
2,4,2,19,400,"floor_sqrt_p",7,10,3,0.73469387755102
2,4,3,19,400,"floor_sqrt_p",2,10,3,0.779310344827586
2,4,3,19,400,"floor_sqrt_p",5,10,3,0.737931034482759
2,4,3,19,400,"floor_sqrt_p",7,10,3,0.76551724137931
2,4,4,19,400,"floor_sqrt_p",2,10,3,0.73943661971831
2,4,4,19,400,"floor_sqrt_p",5,10,3,0.746478873239437
2,4,4,19,400,"floor_sqrt_p",7,10,3,0.76056338028169
2,4,5,19,400,"floor_sqrt_p",2,10,3,0.788732394366197
2,4,5,19,400,"floor_sqrt_p",5,10,3,0.78169014084507
2,4,5,19,400,"floor_sqrt_p",7,10,3,0.795774647887324
2,4,1,20,400,"floor_sqrt_p",2,10,3,0.74496644295302
2,4,1,20,400,"floor_sqrt_p",5,10,3,0.74496644295302
2,4,1,20,400,"floor_sqrt_p",7,10,3,0.731543624161074
2,4,2,20,400,"floor_sqrt_p",2,10,3,0.707482993197279
2,4,2,20,400,"floor_sqrt_p",5,10,3,0.727891156462585
2,4,2,20,400,"floor_sqrt_p",7,10,3,0.727891156462585
2,4,3,20,400,"floor_sqrt_p",2,10,3,0.731034482758621
2,4,3,20,400,"floor_sqrt_p",5,10,3,0.717241379310345
2,4,3,20,400,"floor_sqrt_p",7,10,3,0.744827586206897
2,4,4,20,400,"floor_sqrt_p",2,10,3,0.746478873239437
2,4,4,20,400,"floor_sqrt_p",5,10,3,0.753521126760563
2,4,4,20,400,"floor_sqrt_p",7,10,3,0.73943661971831
2,4,5,20,400,"floor_sqrt_p",2,10,3,0.795774647887324
2,4,5,20,400,"floor_sqrt_p",5,10,3,0.774647887323944
2,4,5,20,400,"floor_sqrt_p",7,10,3,0.774647887323944
2,5,1,6,400,"floor_sqrt_p",2,4,2,0.785234899328859
2,5,1,6,400,"floor_sqrt_p",5,4,2,0.791946308724832
2,5,1,6,400,"floor_sqrt_p",7,4,2,0.798657718120805
2,5,2,6,400,"floor_sqrt_p",2,4,2,0.727891156462585
2,5,2,6,400,"floor_sqrt_p",5,4,2,0.73469387755102
2,5,2,6,400,"floor_sqrt_p",7,4,2,0.73469387755102
2,5,3,6,400,"floor_sqrt_p",2,4,2,0.779310344827586
2,5,3,6,400,"floor_sqrt_p",5,4,2,0.779310344827586
2,5,3,6,400,"floor_sqrt_p",7,4,2,0.76551724137931
2,5,4,6,400,"floor_sqrt_p",2,4,2,0.727272727272727
2,5,4,6,400,"floor_sqrt_p",5,4,2,0.72027972027972
2,5,4,6,400,"floor_sqrt_p",7,4,2,0.755244755244755
2,5,5,6,400,"floor_sqrt_p",2,4,2,0.711267605633803
2,5,5,6,400,"floor_sqrt_p",5,4,2,0.704225352112676
2,5,5,6,400,"floor_sqrt_p",7,4,2,0.697183098591549
2,5,1,7,400,"floor_sqrt_p",2,5,2,0.805369127516778
2,5,1,7,400,"floor_sqrt_p",5,5,2,0.798657718120805
2,5,1,7,400,"floor_sqrt_p",7,5,2,0.798657718120805
2,5,2,7,400,"floor_sqrt_p",2,5,2,0.727891156462585
2,5,2,7,400,"floor_sqrt_p",5,5,2,0.741496598639456
2,5,2,7,400,"floor_sqrt_p",7,5,2,0.73469387755102
2,5,3,7,400,"floor_sqrt_p",2,5,2,0.751724137931034
2,5,3,7,400,"floor_sqrt_p",5,5,2,0.772413793103448
2,5,3,7,400,"floor_sqrt_p",7,5,2,0.758620689655172
2,5,4,7,400,"floor_sqrt_p",2,5,2,0.776223776223776
2,5,4,7,400,"floor_sqrt_p",5,5,2,0.769230769230769
2,5,4,7,400,"floor_sqrt_p",7,5,2,0.776223776223776
2,5,5,7,400,"floor_sqrt_p",2,5,2,0.753521126760563
2,5,5,7,400,"floor_sqrt_p",5,5,2,0.753521126760563
2,5,5,7,400,"floor_sqrt_p",7,5,2,0.746478873239437
2,5,1,8,400,"floor_sqrt_p",2,5,2,0.805369127516778
2,5,1,8,400,"floor_sqrt_p",5,5,2,0.805369127516778
2,5,1,8,400,"floor_sqrt_p",7,5,2,0.812080536912752
2,5,2,8,400,"floor_sqrt_p",2,5,2,0.73469387755102
2,5,2,8,400,"floor_sqrt_p",5,5,2,0.755102040816326
2,5,2,8,400,"floor_sqrt_p",7,5,2,0.73469387755102
2,5,3,8,400,"floor_sqrt_p",2,5,2,0.793103448275862
2,5,3,8,400,"floor_sqrt_p",5,5,2,0.786206896551724
2,5,3,8,400,"floor_sqrt_p",7,5,2,0.779310344827586
2,5,4,8,400,"floor_sqrt_p",2,5,2,0.769230769230769
2,5,4,8,400,"floor_sqrt_p",5,5,2,0.776223776223776
2,5,4,8,400,"floor_sqrt_p",7,5,2,0.797202797202797
2,5,5,8,400,"floor_sqrt_p",2,5,2,0.76056338028169
2,5,5,8,400,"floor_sqrt_p",5,5,2,0.753521126760563
2,5,5,8,400,"floor_sqrt_p",7,5,2,0.746478873239437
2,5,1,9,400,"floor_sqrt_p",2,6,2,0.825503355704698
2,5,1,9,400,"floor_sqrt_p",5,6,2,0.798657718120805
2,5,1,9,400,"floor_sqrt_p",7,6,2,0.791946308724832
2,5,2,9,400,"floor_sqrt_p",2,6,2,0.755102040816326
2,5,2,9,400,"floor_sqrt_p",5,6,2,0.748299319727891
2,5,2,9,400,"floor_sqrt_p",7,6,2,0.748299319727891
2,5,3,9,400,"floor_sqrt_p",2,6,2,0.737931034482759
2,5,3,9,400,"floor_sqrt_p",5,6,2,0.758620689655172
2,5,3,9,400,"floor_sqrt_p",7,6,2,0.737931034482759
2,5,4,9,400,"floor_sqrt_p",2,6,2,0.783216783216783
2,5,4,9,400,"floor_sqrt_p",5,6,2,0.79020979020979
2,5,4,9,400,"floor_sqrt_p",7,6,2,0.769230769230769
2,5,5,9,400,"floor_sqrt_p",2,6,2,0.774647887323944
2,5,5,9,400,"floor_sqrt_p",5,6,2,0.788732394366197
2,5,5,9,400,"floor_sqrt_p",7,6,2,0.774647887323944
2,5,1,10,400,"floor_sqrt_p",2,6,2,0.805369127516778
2,5,1,10,400,"floor_sqrt_p",5,6,2,0.805369127516778
2,5,1,10,400,"floor_sqrt_p",7,6,2,0.812080536912752
2,5,2,10,400,"floor_sqrt_p",2,6,2,0.761904761904762
2,5,2,10,400,"floor_sqrt_p",5,6,2,0.748299319727891
2,5,2,10,400,"floor_sqrt_p",7,6,2,0.755102040816326
2,5,3,10,400,"floor_sqrt_p",2,6,2,0.737931034482759
2,5,3,10,400,"floor_sqrt_p",5,6,2,0.751724137931034
2,5,3,10,400,"floor_sqrt_p",7,6,2,0.758620689655172
2,5,4,10,400,"floor_sqrt_p",2,6,2,0.79020979020979
2,5,4,10,400,"floor_sqrt_p",5,6,2,0.755244755244755
2,5,4,10,400,"floor_sqrt_p",7,6,2,0.755244755244755
2,5,5,10,400,"floor_sqrt_p",2,7,2,0.774647887323944
2,5,5,10,400,"floor_sqrt_p",5,7,2,0.774647887323944
2,5,5,10,400,"floor_sqrt_p",7,7,2,0.788732394366197
2,5,1,11,400,"floor_sqrt_p",2,7,2,0.76510067114094
2,5,1,11,400,"floor_sqrt_p",5,7,2,0.785234899328859
2,5,1,11,400,"floor_sqrt_p",7,7,2,0.771812080536913
2,5,2,11,400,"floor_sqrt_p",2,7,2,0.755102040816326
2,5,2,11,400,"floor_sqrt_p",5,7,2,0.748299319727891
2,5,2,11,400,"floor_sqrt_p",7,7,2,0.741496598639456
2,5,3,11,400,"floor_sqrt_p",2,7,2,0.724137931034483
2,5,3,11,400,"floor_sqrt_p",5,7,2,0.737931034482759
2,5,3,11,400,"floor_sqrt_p",7,7,2,0.724137931034483
2,5,4,11,400,"floor_sqrt_p",2,7,2,0.797202797202797
2,5,4,11,400,"floor_sqrt_p",5,7,2,0.811188811188811
2,5,4,11,400,"floor_sqrt_p",7,7,2,0.811188811188811
2,5,5,11,400,"floor_sqrt_p",2,7,2,0.795774647887324
2,5,5,11,400,"floor_sqrt_p",5,7,2,0.802816901408451
2,5,5,11,400,"floor_sqrt_p",7,7,2,0.788732394366197
2,5,1,12,400,"floor_sqrt_p",2,7,2,0.778523489932886
2,5,1,12,400,"floor_sqrt_p",5,7,2,0.771812080536913
2,5,1,12,400,"floor_sqrt_p",7,7,2,0.76510067114094
2,5,2,12,400,"floor_sqrt_p",2,7,2,0.748299319727891
2,5,2,12,400,"floor_sqrt_p",5,7,2,0.73469387755102
2,5,2,12,400,"floor_sqrt_p",7,7,2,0.72108843537415
2,5,3,12,400,"floor_sqrt_p",2,7,2,0.737931034482759
2,5,3,12,400,"floor_sqrt_p",5,7,2,0.724137931034483
2,5,3,12,400,"floor_sqrt_p",7,7,2,0.717241379310345
2,5,4,12,400,"floor_sqrt_p",2,7,2,0.783216783216783
2,5,4,12,400,"floor_sqrt_p",5,7,2,0.755244755244755
2,5,4,12,400,"floor_sqrt_p",7,7,2,0.741258741258741
2,5,5,12,400,"floor_sqrt_p",2,7,2,0.802816901408451
2,5,5,12,400,"floor_sqrt_p",5,7,2,0.788732394366197
2,5,5,12,400,"floor_sqrt_p",7,7,2,0.795774647887324
2,5,1,13,400,"floor_sqrt_p",2,7,2,0.778523489932886
2,5,1,13,400,"floor_sqrt_p",5,7,2,0.751677852348993
2,5,1,13,400,"floor_sqrt_p",7,7,2,0.771812080536913
2,5,2,13,400,"floor_sqrt_p",2,7,2,0.714285714285714
2,5,2,13,400,"floor_sqrt_p",5,7,2,0.727891156462585
2,5,2,13,400,"floor_sqrt_p",7,7,2,0.73469387755102
2,5,3,13,400,"floor_sqrt_p",2,7,2,0.737931034482759
2,5,3,13,400,"floor_sqrt_p",5,7,2,0.737931034482759
2,5,3,13,400,"floor_sqrt_p",7,7,2,0.744827586206897
2,5,4,13,400,"floor_sqrt_p",2,7,2,0.776223776223776
2,5,4,13,400,"floor_sqrt_p",5,7,2,0.79020979020979
2,5,4,13,400,"floor_sqrt_p",7,7,2,0.783216783216783
2,5,5,13,400,"floor_sqrt_p",2,8,2,0.767605633802817
2,5,5,13,400,"floor_sqrt_p",5,8,2,0.78169014084507
2,5,5,13,400,"floor_sqrt_p",7,8,2,0.767605633802817
2,5,1,14,400,"floor_sqrt_p",2,8,2,0.812080536912752
2,5,1,14,400,"floor_sqrt_p",5,8,2,0.798657718120805
2,5,1,14,400,"floor_sqrt_p",7,8,2,0.805369127516778
2,5,2,14,400,"floor_sqrt_p",2,8,2,0.72108843537415
2,5,2,14,400,"floor_sqrt_p",5,8,2,0.72108843537415
2,5,2,14,400,"floor_sqrt_p",7,8,2,0.727891156462585
2,5,3,14,400,"floor_sqrt_p",2,7,2,0.758620689655172
2,5,3,14,400,"floor_sqrt_p",5,7,2,0.751724137931034
2,5,3,14,400,"floor_sqrt_p",7,7,2,0.76551724137931
2,5,4,14,400,"floor_sqrt_p",2,8,2,0.769230769230769
2,5,4,14,400,"floor_sqrt_p",5,8,2,0.776223776223776
2,5,4,14,400,"floor_sqrt_p",7,8,2,0.762237762237762
2,5,5,14,400,"floor_sqrt_p",2,8,2,0.767605633802817
2,5,5,14,400,"floor_sqrt_p",5,8,2,0.767605633802817
2,5,5,14,400,"floor_sqrt_p",7,8,2,0.76056338028169
2,5,1,15,400,"floor_sqrt_p",2,8,2,0.798657718120805
2,5,1,15,400,"floor_sqrt_p",5,8,2,0.785234899328859
2,5,1,15,400,"floor_sqrt_p",7,8,2,0.785234899328859
2,5,2,15,400,"floor_sqrt_p",2,8,2,0.755102040816326
2,5,2,15,400,"floor_sqrt_p",5,8,2,0.741496598639456
2,5,2,15,400,"floor_sqrt_p",7,8,2,0.741496598639456
2,5,3,15,400,"floor_sqrt_p",2,8,2,0.758620689655172
2,5,3,15,400,"floor_sqrt_p",5,8,2,0.751724137931034
2,5,3,15,400,"floor_sqrt_p",7,8,2,0.737931034482759
2,5,4,15,400,"floor_sqrt_p",2,8,2,0.741258741258741
2,5,4,15,400,"floor_sqrt_p",5,8,2,0.776223776223776
2,5,4,15,400,"floor_sqrt_p",7,8,2,0.776223776223776
2,5,5,15,400,"floor_sqrt_p",2,8,2,0.774647887323944
2,5,5,15,400,"floor_sqrt_p",5,8,2,0.767605633802817
2,5,5,15,400,"floor_sqrt_p",7,8,2,0.78169014084507
2,5,1,16,400,"floor_sqrt_p",2,8,2,0.778523489932886
2,5,1,16,400,"floor_sqrt_p",5,8,2,0.76510067114094
2,5,1,16,400,"floor_sqrt_p",7,8,2,0.738255033557047
2,5,2,16,400,"floor_sqrt_p",2,8,2,0.761904761904762
2,5,2,16,400,"floor_sqrt_p",5,8,2,0.761904761904762
2,5,2,16,400,"floor_sqrt_p",7,8,2,0.768707482993197
2,5,3,16,400,"floor_sqrt_p",2,8,2,0.737931034482759
2,5,3,16,400,"floor_sqrt_p",5,8,2,0.758620689655172
2,5,3,16,400,"floor_sqrt_p",7,8,2,0.744827586206897
2,5,4,16,400,"floor_sqrt_p",2,8,2,0.755244755244755
2,5,4,16,400,"floor_sqrt_p",5,8,2,0.755244755244755
2,5,4,16,400,"floor_sqrt_p",7,8,2,0.748251748251748
2,5,5,16,400,"floor_sqrt_p",2,9,3,0.78169014084507
2,5,5,16,400,"floor_sqrt_p",5,9,3,0.78169014084507
2,5,5,16,400,"floor_sqrt_p",7,9,3,0.76056338028169
2,5,1,17,400,"floor_sqrt_p",2,9,3,0.758389261744966
2,5,1,17,400,"floor_sqrt_p",5,9,3,0.771812080536913
2,5,1,17,400,"floor_sqrt_p",7,9,3,0.738255033557047
2,5,2,17,400,"floor_sqrt_p",2,9,3,0.73469387755102
2,5,2,17,400,"floor_sqrt_p",5,9,3,0.748299319727891
2,5,2,17,400,"floor_sqrt_p",7,9,3,0.72108843537415
2,5,3,17,400,"floor_sqrt_p",2,9,3,0.744827586206897
2,5,3,17,400,"floor_sqrt_p",5,9,3,0.737931034482759
2,5,3,17,400,"floor_sqrt_p",7,9,3,0.731034482758621
2,5,4,17,400,"floor_sqrt_p",2,9,3,0.762237762237762
2,5,4,17,400,"floor_sqrt_p",5,9,3,0.79020979020979
2,5,4,17,400,"floor_sqrt_p",7,9,3,0.797202797202797
2,5,5,17,400,"floor_sqrt_p",2,9,3,0.78169014084507
2,5,5,17,400,"floor_sqrt_p",5,9,3,0.774647887323944
2,5,5,17,400,"floor_sqrt_p",7,9,3,0.78169014084507
2,5,1,18,400,"floor_sqrt_p",2,9,3,0.76510067114094
2,5,1,18,400,"floor_sqrt_p",5,9,3,0.758389261744966
2,5,1,18,400,"floor_sqrt_p",7,9,3,0.758389261744966
2,5,2,18,400,"floor_sqrt_p",2,9,3,0.714285714285714
2,5,2,18,400,"floor_sqrt_p",5,9,3,0.727891156462585
2,5,2,18,400,"floor_sqrt_p",7,9,3,0.707482993197279
2,5,3,18,400,"floor_sqrt_p",2,9,3,0.731034482758621
2,5,3,18,400,"floor_sqrt_p",5,9,3,0.737931034482759
2,5,3,18,400,"floor_sqrt_p",7,9,3,0.717241379310345
2,5,4,18,400,"floor_sqrt_p",2,9,3,0.783216783216783
2,5,4,18,400,"floor_sqrt_p",5,9,3,0.769230769230769
2,5,4,18,400,"floor_sqrt_p",7,9,3,0.769230769230769
2,5,5,18,400,"floor_sqrt_p",2,10,3,0.78169014084507
2,5,5,18,400,"floor_sqrt_p",5,10,3,0.76056338028169
2,5,5,18,400,"floor_sqrt_p",7,10,3,0.795774647887324
2,5,1,19,400,"floor_sqrt_p",2,10,3,0.724832214765101
2,5,1,19,400,"floor_sqrt_p",5,10,3,0.731543624161074
2,5,1,19,400,"floor_sqrt_p",7,10,3,0.738255033557047
2,5,2,19,400,"floor_sqrt_p",2,10,3,0.72108843537415
2,5,2,19,400,"floor_sqrt_p",5,10,3,0.707482993197279
2,5,2,19,400,"floor_sqrt_p",7,10,3,0.707482993197279
2,5,3,19,400,"floor_sqrt_p",2,9,3,0.717241379310345
2,5,3,19,400,"floor_sqrt_p",5,9,3,0.731034482758621
2,5,3,19,400,"floor_sqrt_p",7,9,3,0.724137931034483
2,5,4,19,400,"floor_sqrt_p",2,10,3,0.769230769230769
2,5,4,19,400,"floor_sqrt_p",5,10,3,0.762237762237762
2,5,4,19,400,"floor_sqrt_p",7,10,3,0.769230769230769
2,5,5,19,400,"floor_sqrt_p",2,10,3,0.795774647887324
2,5,5,19,400,"floor_sqrt_p",5,10,3,0.767605633802817
2,5,5,19,400,"floor_sqrt_p",7,10,3,0.788732394366197
2,5,1,20,400,"floor_sqrt_p",2,10,3,0.751677852348993
2,5,1,20,400,"floor_sqrt_p",5,10,3,0.711409395973154
2,5,1,20,400,"floor_sqrt_p",7,10,3,0.74496644295302
2,5,2,20,400,"floor_sqrt_p",2,10,3,0.727891156462585
2,5,2,20,400,"floor_sqrt_p",5,10,3,0.727891156462585
2,5,2,20,400,"floor_sqrt_p",7,10,3,0.714285714285714
2,5,3,20,400,"floor_sqrt_p",2,10,3,0.717241379310345
2,5,3,20,400,"floor_sqrt_p",5,10,3,0.731034482758621
2,5,3,20,400,"floor_sqrt_p",7,10,3,0.717241379310345
2,5,4,20,400,"floor_sqrt_p",2,10,3,0.762237762237762
2,5,4,20,400,"floor_sqrt_p",5,10,3,0.741258741258741
2,5,4,20,400,"floor_sqrt_p",7,10,3,0.762237762237762
2,5,5,20,400,"floor_sqrt_p",2,10,3,0.816901408450704
2,5,5,20,400,"floor_sqrt_p",5,10,3,0.795774647887324
2,5,5,20,400,"floor_sqrt_p",7,10,3,0.809859154929577
3,1,1,6,400,"floor_sqrt_p",2,4,2,0.72108843537415
3,1,1,6,400,"floor_sqrt_p",5,4,2,0.73469387755102
3,1,1,6,400,"floor_sqrt_p",7,4,2,0.72108843537415
3,1,2,6,400,"floor_sqrt_p",2,4,2,0.719178082191781
3,1,2,6,400,"floor_sqrt_p",5,4,2,0.705479452054795
3,1,2,6,400,"floor_sqrt_p",7,4,2,0.719178082191781
3,1,3,6,400,"floor_sqrt_p",2,4,2,0.722222222222222
3,1,3,6,400,"floor_sqrt_p",5,4,2,0.729166666666667
3,1,3,6,400,"floor_sqrt_p",7,4,2,0.722222222222222
3,1,4,6,400,"floor_sqrt_p",2,4,2,0.732394366197183
3,1,4,6,400,"floor_sqrt_p",5,4,2,0.76056338028169
3,1,4,6,400,"floor_sqrt_p",7,4,2,0.76056338028169
3,1,5,6,400,"floor_sqrt_p",2,4,2,0.765957446808511
3,1,5,6,400,"floor_sqrt_p",5,4,2,0.787234042553192
3,1,5,6,400,"floor_sqrt_p",7,4,2,0.794326241134752
3,1,1,7,400,"floor_sqrt_p",2,5,2,0.700680272108844
3,1,1,7,400,"floor_sqrt_p",5,5,2,0.714285714285714
3,1,1,7,400,"floor_sqrt_p",7,5,2,0.700680272108844
3,1,2,7,400,"floor_sqrt_p",2,5,2,0.73972602739726
3,1,2,7,400,"floor_sqrt_p",5,5,2,0.712328767123288
3,1,2,7,400,"floor_sqrt_p",7,5,2,0.719178082191781
3,1,3,7,400,"floor_sqrt_p",2,5,2,0.777777777777778
3,1,3,7,400,"floor_sqrt_p",5,5,2,0.756944444444444
3,1,3,7,400,"floor_sqrt_p",7,5,2,0.756944444444444
3,1,4,7,400,"floor_sqrt_p",2,5,2,0.73943661971831
3,1,4,7,400,"floor_sqrt_p",5,5,2,0.753521126760563
3,1,4,7,400,"floor_sqrt_p",7,5,2,0.746478873239437
3,1,5,7,400,"floor_sqrt_p",2,5,2,0.787234042553192
3,1,5,7,400,"floor_sqrt_p",5,5,2,0.794326241134752
3,1,5,7,400,"floor_sqrt_p",7,5,2,0.794326241134752
3,1,1,8,400,"floor_sqrt_p",2,5,2,0.72108843537415
3,1,1,8,400,"floor_sqrt_p",5,5,2,0.687074829931973
3,1,1,8,400,"floor_sqrt_p",7,5,2,0.714285714285714
3,1,2,8,400,"floor_sqrt_p",2,5,2,0.794520547945205
3,1,2,8,400,"floor_sqrt_p",5,5,2,0.794520547945205
3,1,2,8,400,"floor_sqrt_p",7,5,2,0.773972602739726
3,1,3,8,400,"floor_sqrt_p",2,5,2,0.75
3,1,3,8,400,"floor_sqrt_p",5,5,2,0.75
3,1,3,8,400,"floor_sqrt_p",7,5,2,0.763888888888889
3,1,4,8,400,"floor_sqrt_p",2,5,2,0.774647887323944
3,1,4,8,400,"floor_sqrt_p",5,5,2,0.73943661971831
3,1,4,8,400,"floor_sqrt_p",7,5,2,0.767605633802817
3,1,5,8,400,"floor_sqrt_p",2,5,2,0.829787234042553
3,1,5,8,400,"floor_sqrt_p",5,5,2,0.843971631205674
3,1,5,8,400,"floor_sqrt_p",7,5,2,0.829787234042553
3,1,1,9,400,"floor_sqrt_p",2,6,2,0.727891156462585
3,1,1,9,400,"floor_sqrt_p",5,6,2,0.741496598639456
3,1,1,9,400,"floor_sqrt_p",7,6,2,0.741496598639456
3,1,2,9,400,"floor_sqrt_p",2,6,2,0.801369863013699
3,1,2,9,400,"floor_sqrt_p",5,6,2,0.808219178082192
3,1,2,9,400,"floor_sqrt_p",7,6,2,0.808219178082192
3,1,3,9,400,"floor_sqrt_p",2,6,2,0.798611111111111
3,1,3,9,400,"floor_sqrt_p",5,6,2,0.805555555555556
3,1,3,9,400,"floor_sqrt_p",7,6,2,0.798611111111111
3,1,4,9,400,"floor_sqrt_p",2,5,2,0.78169014084507
3,1,4,9,400,"floor_sqrt_p",5,5,2,0.774647887323944
3,1,4,9,400,"floor_sqrt_p",7,5,2,0.774647887323944
3,1,5,9,400,"floor_sqrt_p",2,6,2,0.836879432624113
3,1,5,9,400,"floor_sqrt_p",5,6,2,0.836879432624113
3,1,5,9,400,"floor_sqrt_p",7,6,2,0.851063829787234
3,1,1,10,400,"floor_sqrt_p",2,6,2,0.73469387755102
3,1,1,10,400,"floor_sqrt_p",5,6,2,0.748299319727891
3,1,1,10,400,"floor_sqrt_p",7,6,2,0.73469387755102
3,1,2,10,400,"floor_sqrt_p",2,6,2,0.801369863013699
3,1,2,10,400,"floor_sqrt_p",5,6,2,0.815068493150685
3,1,2,10,400,"floor_sqrt_p",7,6,2,0.794520547945205
3,1,3,10,400,"floor_sqrt_p",2,6,2,0.8125
3,1,3,10,400,"floor_sqrt_p",5,6,2,0.777777777777778
3,1,3,10,400,"floor_sqrt_p",7,6,2,0.784722222222222
3,1,4,10,400,"floor_sqrt_p",2,6,2,0.802816901408451
3,1,4,10,400,"floor_sqrt_p",5,6,2,0.809859154929577
3,1,4,10,400,"floor_sqrt_p",7,6,2,0.795774647887324
3,1,5,10,400,"floor_sqrt_p",2,6,2,0.822695035460993
3,1,5,10,400,"floor_sqrt_p",5,6,2,0.815602836879433
3,1,5,10,400,"floor_sqrt_p",7,6,2,0.815602836879433
3,1,1,11,400,"floor_sqrt_p",2,7,2,0.755102040816326
3,1,1,11,400,"floor_sqrt_p",5,7,2,0.755102040816326
3,1,1,11,400,"floor_sqrt_p",7,7,2,0.727891156462585
3,1,2,11,400,"floor_sqrt_p",2,7,2,0.808219178082192
3,1,2,11,400,"floor_sqrt_p",5,7,2,0.815068493150685
3,1,2,11,400,"floor_sqrt_p",7,7,2,0.815068493150685
3,1,3,11,400,"floor_sqrt_p",2,7,2,0.770833333333333
3,1,3,11,400,"floor_sqrt_p",5,7,2,0.777777777777778
3,1,3,11,400,"floor_sqrt_p",7,7,2,0.777777777777778
3,1,4,11,400,"floor_sqrt_p",2,7,2,0.78169014084507
3,1,4,11,400,"floor_sqrt_p",5,7,2,0.795774647887324
3,1,4,11,400,"floor_sqrt_p",7,7,2,0.78169014084507
3,1,5,11,400,"floor_sqrt_p",2,7,2,0.808510638297872
3,1,5,11,400,"floor_sqrt_p",5,7,2,0.794326241134752
3,1,5,11,400,"floor_sqrt_p",7,7,2,0.787234042553192
3,1,1,12,400,"floor_sqrt_p",2,7,2,0.72108843537415
3,1,1,12,400,"floor_sqrt_p",5,7,2,0.714285714285714
3,1,1,12,400,"floor_sqrt_p",7,7,2,0.714285714285714
3,1,2,12,400,"floor_sqrt_p",2,7,2,0.76027397260274
3,1,2,12,400,"floor_sqrt_p",5,7,2,0.76027397260274
3,1,2,12,400,"floor_sqrt_p",7,7,2,0.753424657534247
3,1,3,12,400,"floor_sqrt_p",2,7,2,0.784722222222222
3,1,3,12,400,"floor_sqrt_p",5,7,2,0.763888888888889
3,1,3,12,400,"floor_sqrt_p",7,7,2,0.805555555555556
3,1,4,12,400,"floor_sqrt_p",2,7,2,0.774647887323944
3,1,4,12,400,"floor_sqrt_p",5,7,2,0.767605633802817
3,1,4,12,400,"floor_sqrt_p",7,7,2,0.76056338028169
3,1,5,12,400,"floor_sqrt_p",2,7,2,0.801418439716312
3,1,5,12,400,"floor_sqrt_p",5,7,2,0.808510638297872
3,1,5,12,400,"floor_sqrt_p",7,7,2,0.801418439716312
3,1,1,13,400,"floor_sqrt_p",2,7,2,0.72108843537415
3,1,1,13,400,"floor_sqrt_p",5,7,2,0.72108843537415
3,1,1,13,400,"floor_sqrt_p",7,7,2,0.707482993197279
3,1,2,13,400,"floor_sqrt_p",2,7,2,0.773972602739726
3,1,2,13,400,"floor_sqrt_p",5,7,2,0.76027397260274
3,1,2,13,400,"floor_sqrt_p",7,7,2,0.73972602739726
3,1,3,13,400,"floor_sqrt_p",2,7,2,0.763888888888889
3,1,3,13,400,"floor_sqrt_p",5,7,2,0.777777777777778
3,1,3,13,400,"floor_sqrt_p",7,7,2,0.798611111111111
3,1,4,13,400,"floor_sqrt_p",2,7,2,0.767605633802817
3,1,4,13,400,"floor_sqrt_p",5,7,2,0.753521126760563
3,1,4,13,400,"floor_sqrt_p",7,7,2,0.753521126760563
3,1,5,13,400,"floor_sqrt_p",2,7,2,0.808510638297872
3,1,5,13,400,"floor_sqrt_p",5,7,2,0.794326241134752
3,1,5,13,400,"floor_sqrt_p",7,7,2,0.801418439716312
3,1,1,14,400,"floor_sqrt_p",2,8,2,0.714285714285714
3,1,1,14,400,"floor_sqrt_p",5,8,2,0.714285714285714
3,1,1,14,400,"floor_sqrt_p",7,8,2,0.707482993197279
3,1,2,14,400,"floor_sqrt_p",2,8,2,0.767123287671233
3,1,2,14,400,"floor_sqrt_p",5,8,2,0.767123287671233
3,1,2,14,400,"floor_sqrt_p",7,8,2,0.773972602739726
3,1,3,14,400,"floor_sqrt_p",2,8,2,0.784722222222222
3,1,3,14,400,"floor_sqrt_p",5,8,2,0.763888888888889
3,1,3,14,400,"floor_sqrt_p",7,8,2,0.784722222222222
3,1,4,14,400,"floor_sqrt_p",2,7,2,0.753521126760563
3,1,4,14,400,"floor_sqrt_p",5,7,2,0.73943661971831
3,1,4,14,400,"floor_sqrt_p",7,7,2,0.732394366197183
3,1,5,14,400,"floor_sqrt_p",2,8,2,0.836879432624113
3,1,5,14,400,"floor_sqrt_p",5,8,2,0.815602836879433
3,1,5,14,400,"floor_sqrt_p",7,8,2,0.808510638297872
3,1,1,15,400,"floor_sqrt_p",2,8,2,0.72108843537415
3,1,1,15,400,"floor_sqrt_p",5,8,2,0.714285714285714
3,1,1,15,400,"floor_sqrt_p",7,8,2,0.727891156462585
3,1,2,15,400,"floor_sqrt_p",2,8,2,0.767123287671233
3,1,2,15,400,"floor_sqrt_p",5,8,2,0.773972602739726
3,1,2,15,400,"floor_sqrt_p",7,8,2,0.767123287671233
3,1,3,15,400,"floor_sqrt_p",2,8,2,0.763888888888889
3,1,3,15,400,"floor_sqrt_p",5,8,2,0.743055555555556
3,1,3,15,400,"floor_sqrt_p",7,8,2,0.756944444444444
3,1,4,15,400,"floor_sqrt_p",2,8,2,0.732394366197183
3,1,4,15,400,"floor_sqrt_p",5,8,2,0.746478873239437
3,1,4,15,400,"floor_sqrt_p",7,8,2,0.732394366197183
3,1,5,15,400,"floor_sqrt_p",2,8,2,0.815602836879433
3,1,5,15,400,"floor_sqrt_p",5,8,2,0.815602836879433
3,1,5,15,400,"floor_sqrt_p",7,8,2,0.794326241134752
3,1,1,16,400,"floor_sqrt_p",2,8,2,0.761904761904762
3,1,1,16,400,"floor_sqrt_p",5,8,2,0.755102040816326
3,1,1,16,400,"floor_sqrt_p",7,8,2,0.727891156462585
3,1,2,16,400,"floor_sqrt_p",2,8,2,0.767123287671233
3,1,2,16,400,"floor_sqrt_p",5,8,2,0.780821917808219
3,1,2,16,400,"floor_sqrt_p",7,8,2,0.753424657534247
3,1,3,16,400,"floor_sqrt_p",2,8,2,0.805555555555556
3,1,3,16,400,"floor_sqrt_p",5,8,2,0.784722222222222
3,1,3,16,400,"floor_sqrt_p",7,8,2,0.770833333333333
3,1,4,16,400,"floor_sqrt_p",2,8,2,0.76056338028169
3,1,4,16,400,"floor_sqrt_p",5,8,2,0.73943661971831
3,1,4,16,400,"floor_sqrt_p",7,8,2,0.746478873239437
3,1,5,16,400,"floor_sqrt_p",2,8,2,0.815602836879433
3,1,5,16,400,"floor_sqrt_p",5,8,2,0.808510638297872
3,1,5,16,400,"floor_sqrt_p",7,8,2,0.801418439716312
3,1,1,17,400,"floor_sqrt_p",2,9,3,0.755102040816326
3,1,1,17,400,"floor_sqrt_p",5,9,3,0.748299319727891
3,1,1,17,400,"floor_sqrt_p",7,9,3,0.73469387755102
3,1,2,17,400,"floor_sqrt_p",2,9,3,0.719178082191781
3,1,2,17,400,"floor_sqrt_p",5,9,3,0.732876712328767
3,1,2,17,400,"floor_sqrt_p",7,9,3,0.726027397260274
3,1,3,17,400,"floor_sqrt_p",2,9,3,0.777777777777778
3,1,3,17,400,"floor_sqrt_p",5,9,3,0.770833333333333
3,1,3,17,400,"floor_sqrt_p",7,9,3,0.756944444444444
3,1,4,17,400,"floor_sqrt_p",2,9,3,0.73943661971831
3,1,4,17,400,"floor_sqrt_p",5,9,3,0.746478873239437
3,1,4,17,400,"floor_sqrt_p",7,9,3,0.746478873239437
3,1,5,17,400,"floor_sqrt_p",2,9,3,0.801418439716312
3,1,5,17,400,"floor_sqrt_p",5,9,3,0.822695035460993
3,1,5,17,400,"floor_sqrt_p",7,9,3,0.801418439716312
3,1,1,18,400,"floor_sqrt_p",2,9,3,0.741496598639456
3,1,1,18,400,"floor_sqrt_p",5,9,3,0.775510204081633
3,1,1,18,400,"floor_sqrt_p",7,9,3,0.768707482993197
3,1,2,18,400,"floor_sqrt_p",2,9,3,0.73972602739726
3,1,2,18,400,"floor_sqrt_p",5,9,3,0.753424657534247
3,1,2,18,400,"floor_sqrt_p",7,9,3,0.73972602739726
3,1,3,18,400,"floor_sqrt_p",2,9,3,0.75
3,1,3,18,400,"floor_sqrt_p",5,9,3,0.770833333333333
3,1,3,18,400,"floor_sqrt_p",7,9,3,0.763888888888889
3,1,4,18,400,"floor_sqrt_p",2,9,3,0.774647887323944
3,1,4,18,400,"floor_sqrt_p",5,9,3,0.76056338028169
3,1,4,18,400,"floor_sqrt_p",7,9,3,0.767605633802817
3,1,5,18,400,"floor_sqrt_p",2,9,3,0.794326241134752
3,1,5,18,400,"floor_sqrt_p",5,9,3,0.794326241134752
3,1,5,18,400,"floor_sqrt_p",7,9,3,0.801418439716312
3,1,1,19,400,"floor_sqrt_p",2,10,3,0.741496598639456
3,1,1,19,400,"floor_sqrt_p",5,10,3,0.775510204081633
3,1,1,19,400,"floor_sqrt_p",7,10,3,0.748299319727891
3,1,2,19,400,"floor_sqrt_p",2,10,3,0.712328767123288
3,1,2,19,400,"floor_sqrt_p",5,10,3,0.719178082191781
3,1,2,19,400,"floor_sqrt_p",7,10,3,0.726027397260274
3,1,3,19,400,"floor_sqrt_p",2,10,3,0.784722222222222
3,1,3,19,400,"floor_sqrt_p",5,10,3,0.777777777777778
3,1,3,19,400,"floor_sqrt_p",7,10,3,0.770833333333333
3,1,4,19,400,"floor_sqrt_p",2,9,3,0.76056338028169
3,1,4,19,400,"floor_sqrt_p",5,9,3,0.753521126760563
3,1,4,19,400,"floor_sqrt_p",7,9,3,0.76056338028169
3,1,5,19,400,"floor_sqrt_p",2,10,3,0.794326241134752
3,1,5,19,400,"floor_sqrt_p",5,10,3,0.780141843971631
3,1,5,19,400,"floor_sqrt_p",7,10,3,0.787234042553192
3,1,1,20,400,"floor_sqrt_p",2,10,3,0.755102040816326
3,1,1,20,400,"floor_sqrt_p",5,10,3,0.755102040816326
3,1,1,20,400,"floor_sqrt_p",7,10,3,0.761904761904762
3,1,2,20,400,"floor_sqrt_p",2,10,3,0.705479452054795
3,1,2,20,400,"floor_sqrt_p",5,10,3,0.726027397260274
3,1,2,20,400,"floor_sqrt_p",7,10,3,0.712328767123288
3,1,3,20,400,"floor_sqrt_p",2,10,3,0.736111111111111
3,1,3,20,400,"floor_sqrt_p",5,10,3,0.756944444444444
3,1,3,20,400,"floor_sqrt_p",7,10,3,0.75
3,1,4,20,400,"floor_sqrt_p",2,10,3,0.732394366197183
3,1,4,20,400,"floor_sqrt_p",5,10,3,0.753521126760563
3,1,4,20,400,"floor_sqrt_p",7,10,3,0.746478873239437
3,1,5,20,400,"floor_sqrt_p",2,10,3,0.808510638297872
3,1,5,20,400,"floor_sqrt_p",5,10,3,0.801418439716312
3,1,5,20,400,"floor_sqrt_p",7,10,3,0.787234042553192
3,2,1,6,400,"floor_sqrt_p",2,4,2,0.689189189189189
3,2,1,6,400,"floor_sqrt_p",5,4,2,0.702702702702703
3,2,1,6,400,"floor_sqrt_p",7,4,2,0.716216216216216
3,2,2,6,400,"floor_sqrt_p",2,4,2,0.780821917808219
3,2,2,6,400,"floor_sqrt_p",5,4,2,0.773972602739726
3,2,2,6,400,"floor_sqrt_p",7,4,2,0.780821917808219
3,2,3,6,400,"floor_sqrt_p",2,4,2,0.736111111111111
3,2,3,6,400,"floor_sqrt_p",5,4,2,0.729166666666667
3,2,3,6,400,"floor_sqrt_p",7,4,2,0.743055555555556
3,2,4,6,400,"floor_sqrt_p",2,4,2,0.704225352112676
3,2,4,6,400,"floor_sqrt_p",5,4,2,0.704225352112676
3,2,4,6,400,"floor_sqrt_p",7,4,2,0.725352112676056
3,2,5,6,400,"floor_sqrt_p",2,4,2,0.73758865248227
3,2,5,6,400,"floor_sqrt_p",5,4,2,0.74468085106383
3,2,5,6,400,"floor_sqrt_p",7,4,2,0.73758865248227
3,2,1,7,400,"floor_sqrt_p",2,5,2,0.716216216216216
3,2,1,7,400,"floor_sqrt_p",5,5,2,0.695945945945946
3,2,1,7,400,"floor_sqrt_p",7,5,2,0.709459459459459
3,2,2,7,400,"floor_sqrt_p",2,5,2,0.815068493150685
3,2,2,7,400,"floor_sqrt_p",5,5,2,0.808219178082192
3,2,2,7,400,"floor_sqrt_p",7,5,2,0.808219178082192
3,2,3,7,400,"floor_sqrt_p",2,5,2,0.743055555555556
3,2,3,7,400,"floor_sqrt_p",5,5,2,0.729166666666667
3,2,3,7,400,"floor_sqrt_p",7,5,2,0.763888888888889
3,2,4,7,400,"floor_sqrt_p",2,5,2,0.73943661971831
3,2,4,7,400,"floor_sqrt_p",5,5,2,0.732394366197183
3,2,4,7,400,"floor_sqrt_p",7,5,2,0.73943661971831
3,2,5,7,400,"floor_sqrt_p",2,5,2,0.765957446808511
3,2,5,7,400,"floor_sqrt_p",5,5,2,0.765957446808511
3,2,5,7,400,"floor_sqrt_p",7,5,2,0.765957446808511
3,2,1,8,400,"floor_sqrt_p",2,5,2,0.716216216216216
3,2,1,8,400,"floor_sqrt_p",5,5,2,0.709459459459459
3,2,1,8,400,"floor_sqrt_p",7,5,2,0.72972972972973
3,2,2,8,400,"floor_sqrt_p",2,5,2,0.842465753424658
3,2,2,8,400,"floor_sqrt_p",5,5,2,0.835616438356164
3,2,2,8,400,"floor_sqrt_p",7,5,2,0.815068493150685
3,2,3,8,400,"floor_sqrt_p",2,5,2,0.770833333333333
3,2,3,8,400,"floor_sqrt_p",5,5,2,0.770833333333333
3,2,3,8,400,"floor_sqrt_p",7,5,2,0.763888888888889
3,2,4,8,400,"floor_sqrt_p",2,5,2,0.725352112676056
3,2,4,8,400,"floor_sqrt_p",5,5,2,0.746478873239437
3,2,4,8,400,"floor_sqrt_p",7,5,2,0.73943661971831
3,2,5,8,400,"floor_sqrt_p",2,5,2,0.787234042553192
3,2,5,8,400,"floor_sqrt_p",5,5,2,0.780141843971631
3,2,5,8,400,"floor_sqrt_p",7,5,2,0.787234042553192
3,2,1,9,400,"floor_sqrt_p",2,6,2,0.716216216216216
3,2,1,9,400,"floor_sqrt_p",5,6,2,0.722972972972973
3,2,1,9,400,"floor_sqrt_p",7,6,2,0.702702702702703
3,2,2,9,400,"floor_sqrt_p",2,6,2,0.863013698630137
3,2,2,9,400,"floor_sqrt_p",5,6,2,0.842465753424658
3,2,2,9,400,"floor_sqrt_p",7,6,2,0.856164383561644
3,2,3,9,400,"floor_sqrt_p",2,6,2,0.770833333333333
3,2,3,9,400,"floor_sqrt_p",5,6,2,0.777777777777778
3,2,3,9,400,"floor_sqrt_p",7,6,2,0.784722222222222
3,2,4,9,400,"floor_sqrt_p",2,6,2,0.767605633802817
3,2,4,9,400,"floor_sqrt_p",5,6,2,0.753521126760563
3,2,4,9,400,"floor_sqrt_p",7,6,2,0.767605633802817
3,2,5,9,400,"floor_sqrt_p",2,6,2,0.801418439716312
3,2,5,9,400,"floor_sqrt_p",5,6,2,0.808510638297872
3,2,5,9,400,"floor_sqrt_p",7,6,2,0.808510638297872
3,2,1,10,400,"floor_sqrt_p",2,6,2,0.709459459459459
3,2,1,10,400,"floor_sqrt_p",5,6,2,0.695945945945946
3,2,1,10,400,"floor_sqrt_p",7,6,2,0.702702702702703
3,2,2,10,400,"floor_sqrt_p",2,6,2,0.821917808219178
3,2,2,10,400,"floor_sqrt_p",5,6,2,0.835616438356164
3,2,2,10,400,"floor_sqrt_p",7,6,2,0.828767123287671
3,2,3,10,400,"floor_sqrt_p",2,6,2,0.798611111111111
3,2,3,10,400,"floor_sqrt_p",5,6,2,0.8125
3,2,3,10,400,"floor_sqrt_p",7,6,2,0.819444444444444
3,2,4,10,400,"floor_sqrt_p",2,6,2,0.774647887323944
3,2,4,10,400,"floor_sqrt_p",5,6,2,0.767605633802817
3,2,4,10,400,"floor_sqrt_p",7,6,2,0.774647887323944
3,2,5,10,400,"floor_sqrt_p",2,6,2,0.815602836879433
3,2,5,10,400,"floor_sqrt_p",5,6,2,0.787234042553192
3,2,5,10,400,"floor_sqrt_p",7,6,2,0.794326241134752
3,2,1,11,400,"floor_sqrt_p",2,7,2,0.736486486486487
3,2,1,11,400,"floor_sqrt_p",5,7,2,0.722972972972973
3,2,1,11,400,"floor_sqrt_p",7,7,2,0.72972972972973
3,2,2,11,400,"floor_sqrt_p",2,7,2,0.815068493150685
3,2,2,11,400,"floor_sqrt_p",5,7,2,0.828767123287671
3,2,2,11,400,"floor_sqrt_p",7,7,2,0.815068493150685
3,2,3,11,400,"floor_sqrt_p",2,7,2,0.805555555555556
3,2,3,11,400,"floor_sqrt_p",5,7,2,0.826388888888889
3,2,3,11,400,"floor_sqrt_p",7,7,2,0.819444444444444
3,2,4,11,400,"floor_sqrt_p",2,7,2,0.774647887323944
3,2,4,11,400,"floor_sqrt_p",5,7,2,0.767605633802817
3,2,4,11,400,"floor_sqrt_p",7,7,2,0.753521126760563
3,2,5,11,400,"floor_sqrt_p",2,7,2,0.808510638297872
3,2,5,11,400,"floor_sqrt_p",5,7,2,0.829787234042553
3,2,5,11,400,"floor_sqrt_p",7,7,2,0.822695035460993
3,2,1,12,400,"floor_sqrt_p",2,7,2,0.709459459459459
3,2,1,12,400,"floor_sqrt_p",5,7,2,0.716216216216216
3,2,1,12,400,"floor_sqrt_p",7,7,2,0.702702702702703
3,2,2,12,400,"floor_sqrt_p",2,7,2,0.794520547945205
3,2,2,12,400,"floor_sqrt_p",5,7,2,0.787671232876712
3,2,2,12,400,"floor_sqrt_p",7,7,2,0.794520547945205
3,2,3,12,400,"floor_sqrt_p",2,7,2,0.8125
3,2,3,12,400,"floor_sqrt_p",5,7,2,0.798611111111111
3,2,3,12,400,"floor_sqrt_p",7,7,2,0.798611111111111
3,2,4,12,400,"floor_sqrt_p",2,7,2,0.767605633802817
3,2,4,12,400,"floor_sqrt_p",5,7,2,0.767605633802817
3,2,4,12,400,"floor_sqrt_p",7,7,2,0.76056338028169
3,2,5,12,400,"floor_sqrt_p",2,7,2,0.75177304964539
3,2,5,12,400,"floor_sqrt_p",5,7,2,0.75886524822695
3,2,5,12,400,"floor_sqrt_p",7,7,2,0.75886524822695
3,2,1,13,400,"floor_sqrt_p",2,7,2,0.743243243243243
3,2,1,13,400,"floor_sqrt_p",5,7,2,0.736486486486487
3,2,1,13,400,"floor_sqrt_p",7,7,2,0.743243243243243
3,2,2,13,400,"floor_sqrt_p",2,7,2,0.787671232876712
3,2,2,13,400,"floor_sqrt_p",5,7,2,0.787671232876712
3,2,2,13,400,"floor_sqrt_p",7,7,2,0.801369863013699
3,2,3,13,400,"floor_sqrt_p",2,7,2,0.743055555555556
3,2,3,13,400,"floor_sqrt_p",5,7,2,0.770833333333333
3,2,3,13,400,"floor_sqrt_p",7,7,2,0.75
3,2,4,13,400,"floor_sqrt_p",2,7,2,0.71830985915493
3,2,4,13,400,"floor_sqrt_p",5,7,2,0.732394366197183
3,2,4,13,400,"floor_sqrt_p",7,7,2,0.71830985915493
3,2,5,13,400,"floor_sqrt_p",2,7,2,0.723404255319149
3,2,5,13,400,"floor_sqrt_p",5,7,2,0.730496453900709
3,2,5,13,400,"floor_sqrt_p",7,7,2,0.730496453900709
3,2,1,14,400,"floor_sqrt_p",2,8,2,0.783783783783784
3,2,1,14,400,"floor_sqrt_p",5,8,2,0.75
3,2,1,14,400,"floor_sqrt_p",7,8,2,0.77027027027027
3,2,2,14,400,"floor_sqrt_p",2,8,2,0.801369863013699
3,2,2,14,400,"floor_sqrt_p",5,8,2,0.821917808219178
3,2,2,14,400,"floor_sqrt_p",7,8,2,0.815068493150685
3,2,3,14,400,"floor_sqrt_p",2,8,2,0.763888888888889
3,2,3,14,400,"floor_sqrt_p",5,8,2,0.763888888888889
3,2,3,14,400,"floor_sqrt_p",7,8,2,0.763888888888889
3,2,4,14,400,"floor_sqrt_p",2,7,2,0.732394366197183
3,2,4,14,400,"floor_sqrt_p",5,7,2,0.73943661971831
3,2,4,14,400,"floor_sqrt_p",7,7,2,0.71830985915493
3,2,5,14,400,"floor_sqrt_p",2,7,2,0.74468085106383
3,2,5,14,400,"floor_sqrt_p",5,7,2,0.73758865248227
3,2,5,14,400,"floor_sqrt_p",7,7,2,0.74468085106383
3,2,1,15,400,"floor_sqrt_p",2,8,2,0.783783783783784
3,2,1,15,400,"floor_sqrt_p",5,8,2,0.763513513513513
3,2,1,15,400,"floor_sqrt_p",7,8,2,0.763513513513513
3,2,2,15,400,"floor_sqrt_p",2,8,2,0.815068493150685
3,2,2,15,400,"floor_sqrt_p",5,8,2,0.815068493150685
3,2,2,15,400,"floor_sqrt_p",7,8,2,0.808219178082192
3,2,3,15,400,"floor_sqrt_p",2,8,2,0.770833333333333
3,2,3,15,400,"floor_sqrt_p",5,8,2,0.770833333333333
3,2,3,15,400,"floor_sqrt_p",7,8,2,0.763888888888889
3,2,4,15,400,"floor_sqrt_p",2,8,2,0.774647887323944
3,2,4,15,400,"floor_sqrt_p",5,8,2,0.767605633802817
3,2,4,15,400,"floor_sqrt_p",7,8,2,0.767605633802817
3,2,5,15,400,"floor_sqrt_p",2,8,2,0.730496453900709
3,2,5,15,400,"floor_sqrt_p",5,8,2,0.730496453900709
3,2,5,15,400,"floor_sqrt_p",7,8,2,0.730496453900709
3,2,1,16,400,"floor_sqrt_p",2,9,3,0.783783783783784
3,2,1,16,400,"floor_sqrt_p",5,9,3,0.77027027027027
3,2,1,16,400,"floor_sqrt_p",7,9,3,0.783783783783784
3,2,2,16,400,"floor_sqrt_p",2,9,3,0.780821917808219
3,2,2,16,400,"floor_sqrt_p",5,9,3,0.794520547945205
3,2,2,16,400,"floor_sqrt_p",7,9,3,0.767123287671233
3,2,3,16,400,"floor_sqrt_p",2,9,3,0.75
3,2,3,16,400,"floor_sqrt_p",5,9,3,0.756944444444444
3,2,3,16,400,"floor_sqrt_p",7,9,3,0.75
3,2,4,16,400,"floor_sqrt_p",2,8,2,0.76056338028169
3,2,4,16,400,"floor_sqrt_p",5,8,2,0.753521126760563
3,2,4,16,400,"floor_sqrt_p",7,8,2,0.767605633802817
3,2,5,16,400,"floor_sqrt_p",2,8,2,0.716312056737589
3,2,5,16,400,"floor_sqrt_p",5,8,2,0.74468085106383
3,2,5,16,400,"floor_sqrt_p",7,8,2,0.75886524822695
3,2,1,17,400,"floor_sqrt_p",2,9,3,0.804054054054054
3,2,1,17,400,"floor_sqrt_p",5,9,3,0.777027027027027
3,2,1,17,400,"floor_sqrt_p",7,9,3,0.763513513513513
3,2,2,17,400,"floor_sqrt_p",2,9,3,0.780821917808219
3,2,2,17,400,"floor_sqrt_p",5,9,3,0.787671232876712
3,2,2,17,400,"floor_sqrt_p",7,9,3,0.787671232876712
3,2,3,17,400,"floor_sqrt_p",2,9,3,0.729166666666667
3,2,3,17,400,"floor_sqrt_p",5,9,3,0.729166666666667
3,2,3,17,400,"floor_sqrt_p",7,9,3,0.75
3,2,4,17,400,"floor_sqrt_p",2,9,3,0.774647887323944
3,2,4,17,400,"floor_sqrt_p",5,9,3,0.753521126760563
3,2,4,17,400,"floor_sqrt_p",7,9,3,0.753521126760563
3,2,5,17,400,"floor_sqrt_p",2,9,3,0.730496453900709
3,2,5,17,400,"floor_sqrt_p",5,9,3,0.716312056737589
3,2,5,17,400,"floor_sqrt_p",7,9,3,0.723404255319149
3,2,1,18,400,"floor_sqrt_p",2,9,3,0.790540540540541
3,2,1,18,400,"floor_sqrt_p",5,9,3,0.797297297297297
3,2,1,18,400,"floor_sqrt_p",7,9,3,0.783783783783784
3,2,2,18,400,"floor_sqrt_p",2,9,3,0.780821917808219
3,2,2,18,400,"floor_sqrt_p",5,9,3,0.787671232876712
3,2,2,18,400,"floor_sqrt_p",7,9,3,0.773972602739726
3,2,3,18,400,"floor_sqrt_p",2,9,3,0.722222222222222
3,2,3,18,400,"floor_sqrt_p",5,9,3,0.743055555555556
3,2,3,18,400,"floor_sqrt_p",7,9,3,0.743055555555556
3,2,4,18,400,"floor_sqrt_p",2,9,3,0.774647887323944
3,2,4,18,400,"floor_sqrt_p",5,9,3,0.78169014084507
3,2,4,18,400,"floor_sqrt_p",7,9,3,0.767605633802817
3,2,5,18,400,"floor_sqrt_p",2,9,3,0.74468085106383
3,2,5,18,400,"floor_sqrt_p",5,9,3,0.730496453900709
3,2,5,18,400,"floor_sqrt_p",7,9,3,0.74468085106383
3,2,1,19,400,"floor_sqrt_p",2,10,3,0.756756756756757
3,2,1,19,400,"floor_sqrt_p",5,10,3,0.77027027027027
3,2,1,19,400,"floor_sqrt_p",7,10,3,0.75
3,2,2,19,400,"floor_sqrt_p",2,10,3,0.73972602739726
3,2,2,19,400,"floor_sqrt_p",5,10,3,0.753424657534247
3,2,2,19,400,"floor_sqrt_p",7,10,3,0.746575342465753
3,2,3,19,400,"floor_sqrt_p",2,10,3,0.729166666666667
3,2,3,19,400,"floor_sqrt_p",5,10,3,0.736111111111111
3,2,3,19,400,"floor_sqrt_p",7,10,3,0.736111111111111
3,2,4,19,400,"floor_sqrt_p",2,10,3,0.774647887323944
3,2,4,19,400,"floor_sqrt_p",5,10,3,0.767605633802817
3,2,4,19,400,"floor_sqrt_p",7,10,3,0.753521126760563
3,2,5,19,400,"floor_sqrt_p",2,9,3,0.73758865248227
3,2,5,19,400,"floor_sqrt_p",5,9,3,0.716312056737589
3,2,5,19,400,"floor_sqrt_p",7,9,3,0.723404255319149
3,2,1,20,400,"floor_sqrt_p",2,10,3,0.77027027027027
3,2,1,20,400,"floor_sqrt_p",5,10,3,0.75
3,2,1,20,400,"floor_sqrt_p",7,10,3,0.783783783783784
3,2,2,20,400,"floor_sqrt_p",2,10,3,0.746575342465753
3,2,2,20,400,"floor_sqrt_p",5,10,3,0.732876712328767
3,2,2,20,400,"floor_sqrt_p",7,10,3,0.726027397260274
3,2,3,20,400,"floor_sqrt_p",2,10,3,0.756944444444444
3,2,3,20,400,"floor_sqrt_p",5,10,3,0.736111111111111
3,2,3,20,400,"floor_sqrt_p",7,10,3,0.743055555555556
3,2,4,20,400,"floor_sqrt_p",2,10,3,0.767605633802817
3,2,4,20,400,"floor_sqrt_p",5,10,3,0.78169014084507
3,2,4,20,400,"floor_sqrt_p",7,10,3,0.76056338028169
3,2,5,20,400,"floor_sqrt_p",2,10,3,0.730496453900709
3,2,5,20,400,"floor_sqrt_p",5,10,3,0.716312056737589
3,2,5,20,400,"floor_sqrt_p",7,10,3,0.723404255319149
3,3,1,6,400,"floor_sqrt_p",2,4,2,0.74496644295302
3,3,1,6,400,"floor_sqrt_p",5,4,2,0.738255033557047
3,3,1,6,400,"floor_sqrt_p",7,4,2,0.738255033557047
3,3,2,6,400,"floor_sqrt_p",2,4,2,0.680272108843537
3,3,2,6,400,"floor_sqrt_p",5,4,2,0.693877551020408
3,3,2,6,400,"floor_sqrt_p",7,4,2,0.693877551020408
3,3,3,6,400,"floor_sqrt_p",2,4,2,0.743055555555556
3,3,3,6,400,"floor_sqrt_p",5,4,2,0.736111111111111
3,3,3,6,400,"floor_sqrt_p",7,4,2,0.736111111111111
3,3,4,6,400,"floor_sqrt_p",2,4,2,0.76056338028169
3,3,4,6,400,"floor_sqrt_p",5,4,2,0.767605633802817
3,3,4,6,400,"floor_sqrt_p",7,4,2,0.76056338028169
3,3,5,6,400,"floor_sqrt_p",2,4,2,0.788732394366197
3,3,5,6,400,"floor_sqrt_p",5,4,2,0.816901408450704
3,3,5,6,400,"floor_sqrt_p",7,4,2,0.809859154929577
3,3,1,7,400,"floor_sqrt_p",2,5,2,0.785234899328859
3,3,1,7,400,"floor_sqrt_p",5,5,2,0.785234899328859
3,3,1,7,400,"floor_sqrt_p",7,5,2,0.778523489932886
3,3,2,7,400,"floor_sqrt_p",2,5,2,0.741496598639456
3,3,2,7,400,"floor_sqrt_p",5,5,2,0.727891156462585
3,3,2,7,400,"floor_sqrt_p",7,5,2,0.72108843537415
3,3,3,7,400,"floor_sqrt_p",2,5,2,0.715277777777778
3,3,3,7,400,"floor_sqrt_p",5,5,2,0.729166666666667
3,3,3,7,400,"floor_sqrt_p",7,5,2,0.722222222222222
3,3,4,7,400,"floor_sqrt_p",2,5,2,0.732394366197183
3,3,4,7,400,"floor_sqrt_p",5,5,2,0.732394366197183
3,3,4,7,400,"floor_sqrt_p",7,5,2,0.753521126760563
3,3,5,7,400,"floor_sqrt_p",2,5,2,0.802816901408451
3,3,5,7,400,"floor_sqrt_p",5,5,2,0.802816901408451
3,3,5,7,400,"floor_sqrt_p",7,5,2,0.795774647887324
3,3,1,8,400,"floor_sqrt_p",2,5,2,0.771812080536913
3,3,1,8,400,"floor_sqrt_p",5,5,2,0.771812080536913
3,3,1,8,400,"floor_sqrt_p",7,5,2,0.778523489932886
3,3,2,8,400,"floor_sqrt_p",2,5,2,0.73469387755102
3,3,2,8,400,"floor_sqrt_p",5,5,2,0.72108843537415
3,3,2,8,400,"floor_sqrt_p",7,5,2,0.714285714285714
3,3,3,8,400,"floor_sqrt_p",2,5,2,0.722222222222222
3,3,3,8,400,"floor_sqrt_p",5,5,2,0.736111111111111
3,3,3,8,400,"floor_sqrt_p",7,5,2,0.736111111111111
3,3,4,8,400,"floor_sqrt_p",2,5,2,0.73943661971831
3,3,4,8,400,"floor_sqrt_p",5,5,2,0.732394366197183
3,3,4,8,400,"floor_sqrt_p",7,5,2,0.746478873239437
3,3,5,8,400,"floor_sqrt_p",2,5,2,0.795774647887324
3,3,5,8,400,"floor_sqrt_p",5,5,2,0.802816901408451
3,3,5,8,400,"floor_sqrt_p",7,5,2,0.823943661971831
3,3,1,9,400,"floor_sqrt_p",2,6,2,0.818791946308725
3,3,1,9,400,"floor_sqrt_p",5,6,2,0.825503355704698
3,3,1,9,400,"floor_sqrt_p",7,6,2,0.832214765100671
3,3,2,9,400,"floor_sqrt_p",2,6,2,0.748299319727891
3,3,2,9,400,"floor_sqrt_p",5,6,2,0.727891156462585
3,3,2,9,400,"floor_sqrt_p",7,6,2,0.727891156462585
3,3,3,9,400,"floor_sqrt_p",2,6,2,0.763888888888889
3,3,3,9,400,"floor_sqrt_p",5,6,2,0.75
3,3,3,9,400,"floor_sqrt_p",7,6,2,0.756944444444444
3,3,4,9,400,"floor_sqrt_p",2,6,2,0.71830985915493
3,3,4,9,400,"floor_sqrt_p",5,6,2,0.711267605633803
3,3,4,9,400,"floor_sqrt_p",7,6,2,0.71830985915493
3,3,5,9,400,"floor_sqrt_p",2,6,2,0.845070422535211
3,3,5,9,400,"floor_sqrt_p",5,6,2,0.816901408450704
3,3,5,9,400,"floor_sqrt_p",7,6,2,0.830985915492958
3,3,1,10,400,"floor_sqrt_p",2,6,2,0.825503355704698
3,3,1,10,400,"floor_sqrt_p",5,6,2,0.805369127516778
3,3,1,10,400,"floor_sqrt_p",7,6,2,0.812080536912752
3,3,2,10,400,"floor_sqrt_p",2,7,2,0.727891156462585
3,3,2,10,400,"floor_sqrt_p",5,7,2,0.741496598639456
3,3,2,10,400,"floor_sqrt_p",7,7,2,0.761904761904762
3,3,3,10,400,"floor_sqrt_p",2,7,2,0.777777777777778
3,3,3,10,400,"floor_sqrt_p",5,7,2,0.756944444444444
3,3,3,10,400,"floor_sqrt_p",7,7,2,0.756944444444444
3,3,4,10,400,"floor_sqrt_p",2,6,2,0.76056338028169
3,3,4,10,400,"floor_sqrt_p",5,6,2,0.746478873239437
3,3,4,10,400,"floor_sqrt_p",7,6,2,0.73943661971831
3,3,5,10,400,"floor_sqrt_p",2,6,2,0.852112676056338
3,3,5,10,400,"floor_sqrt_p",5,6,2,0.838028169014085
3,3,5,10,400,"floor_sqrt_p",7,6,2,0.838028169014085
3,3,1,11,400,"floor_sqrt_p",2,7,2,0.771812080536913
3,3,1,11,400,"floor_sqrt_p",5,7,2,0.778523489932886
3,3,1,11,400,"floor_sqrt_p",7,7,2,0.771812080536913
3,3,2,11,400,"floor_sqrt_p",2,7,2,0.755102040816326
3,3,2,11,400,"floor_sqrt_p",5,7,2,0.768707482993197
3,3,2,11,400,"floor_sqrt_p",7,7,2,0.741496598639456
3,3,3,11,400,"floor_sqrt_p",2,7,2,0.791666666666667
3,3,3,11,400,"floor_sqrt_p",5,7,2,0.791666666666667
3,3,3,11,400,"floor_sqrt_p",7,7,2,0.784722222222222
3,3,4,11,400,"floor_sqrt_p",2,7,2,0.725352112676056
3,3,4,11,400,"floor_sqrt_p",5,7,2,0.71830985915493
3,3,4,11,400,"floor_sqrt_p",7,7,2,0.732394366197183
3,3,5,11,400,"floor_sqrt_p",2,7,2,0.816901408450704
3,3,5,11,400,"floor_sqrt_p",5,7,2,0.845070422535211
3,3,5,11,400,"floor_sqrt_p",7,7,2,0.838028169014085
3,3,1,12,400,"floor_sqrt_p",2,7,2,0.771812080536913
3,3,1,12,400,"floor_sqrt_p",5,7,2,0.778523489932886
3,3,1,12,400,"floor_sqrt_p",7,7,2,0.778523489932886
3,3,2,12,400,"floor_sqrt_p",2,7,2,0.72108843537415
3,3,2,12,400,"floor_sqrt_p",5,7,2,0.741496598639456
3,3,2,12,400,"floor_sqrt_p",7,7,2,0.741496598639456
3,3,3,12,400,"floor_sqrt_p",2,7,2,0.770833333333333
3,3,3,12,400,"floor_sqrt_p",5,7,2,0.763888888888889
3,3,3,12,400,"floor_sqrt_p",7,7,2,0.770833333333333
3,3,4,12,400,"floor_sqrt_p",2,7,2,0.711267605633803
3,3,4,12,400,"floor_sqrt_p",5,7,2,0.71830985915493
3,3,4,12,400,"floor_sqrt_p",7,7,2,0.71830985915493
3,3,5,12,400,"floor_sqrt_p",2,7,2,0.802816901408451
3,3,5,12,400,"floor_sqrt_p",5,7,2,0.816901408450704
3,3,5,12,400,"floor_sqrt_p",7,7,2,0.830985915492958
3,3,1,13,400,"floor_sqrt_p",2,7,2,0.771812080536913
3,3,1,13,400,"floor_sqrt_p",5,7,2,0.778523489932886
3,3,1,13,400,"floor_sqrt_p",7,7,2,0.771812080536913
3,3,2,13,400,"floor_sqrt_p",2,8,2,0.707482993197279
3,3,2,13,400,"floor_sqrt_p",5,8,2,0.727891156462585
3,3,2,13,400,"floor_sqrt_p",7,8,2,0.727891156462585
3,3,3,13,400,"floor_sqrt_p",2,7,2,0.763888888888889
3,3,3,13,400,"floor_sqrt_p",5,7,2,0.777777777777778
3,3,3,13,400,"floor_sqrt_p",7,7,2,0.743055555555556
3,3,4,13,400,"floor_sqrt_p",2,7,2,0.697183098591549
3,3,4,13,400,"floor_sqrt_p",5,7,2,0.725352112676056
3,3,4,13,400,"floor_sqrt_p",7,7,2,0.711267605633803
3,3,5,13,400,"floor_sqrt_p",2,7,2,0.78169014084507
3,3,5,13,400,"floor_sqrt_p",5,7,2,0.795774647887324
3,3,5,13,400,"floor_sqrt_p",7,7,2,0.795774647887324
3,3,1,14,400,"floor_sqrt_p",2,8,2,0.778523489932886
3,3,1,14,400,"floor_sqrt_p",5,8,2,0.785234899328859
3,3,1,14,400,"floor_sqrt_p",7,8,2,0.771812080536913
3,3,2,14,400,"floor_sqrt_p",2,8,2,0.741496598639456
3,3,2,14,400,"floor_sqrt_p",5,8,2,0.748299319727891
3,3,2,14,400,"floor_sqrt_p",7,8,2,0.741496598639456
3,3,3,14,400,"floor_sqrt_p",2,8,2,0.763888888888889
3,3,3,14,400,"floor_sqrt_p",5,8,2,0.756944444444444
3,3,3,14,400,"floor_sqrt_p",7,8,2,0.756944444444444
3,3,4,14,400,"floor_sqrt_p",2,8,2,0.73943661971831
3,3,4,14,400,"floor_sqrt_p",5,8,2,0.71830985915493
3,3,4,14,400,"floor_sqrt_p",7,8,2,0.73943661971831
3,3,5,14,400,"floor_sqrt_p",2,8,2,0.809859154929577
3,3,5,14,400,"floor_sqrt_p",5,8,2,0.838028169014085
3,3,5,14,400,"floor_sqrt_p",7,8,2,0.809859154929577
3,3,1,15,400,"floor_sqrt_p",2,8,2,0.778523489932886
3,3,1,15,400,"floor_sqrt_p",5,8,2,0.76510067114094
3,3,1,15,400,"floor_sqrt_p",7,8,2,0.758389261744966
3,3,2,15,400,"floor_sqrt_p",2,8,2,0.755102040816326
3,3,2,15,400,"floor_sqrt_p",5,8,2,0.73469387755102
3,3,2,15,400,"floor_sqrt_p",7,8,2,0.768707482993197
3,3,3,15,400,"floor_sqrt_p",2,8,2,0.763888888888889
3,3,3,15,400,"floor_sqrt_p",5,8,2,0.756944444444444
3,3,3,15,400,"floor_sqrt_p",7,8,2,0.756944444444444
3,3,4,15,400,"floor_sqrt_p",2,8,2,0.71830985915493
3,3,4,15,400,"floor_sqrt_p",5,8,2,0.697183098591549
3,3,4,15,400,"floor_sqrt_p",7,8,2,0.697183098591549
3,3,5,15,400,"floor_sqrt_p",2,8,2,0.830985915492958
3,3,5,15,400,"floor_sqrt_p",5,8,2,0.830985915492958
3,3,5,15,400,"floor_sqrt_p",7,8,2,0.816901408450704
3,3,1,16,400,"floor_sqrt_p",2,8,2,0.76510067114094
3,3,1,16,400,"floor_sqrt_p",5,8,2,0.758389261744966
3,3,1,16,400,"floor_sqrt_p",7,8,2,0.76510067114094
3,3,2,16,400,"floor_sqrt_p",2,9,3,0.707482993197279
3,3,2,16,400,"floor_sqrt_p",5,9,3,0.700680272108844
3,3,2,16,400,"floor_sqrt_p",7,9,3,0.72108843537415
3,3,3,16,400,"floor_sqrt_p",2,9,3,0.784722222222222
3,3,3,16,400,"floor_sqrt_p",5,9,3,0.770833333333333
3,3,3,16,400,"floor_sqrt_p",7,9,3,0.763888888888889
3,3,4,16,400,"floor_sqrt_p",2,8,2,0.676056338028169
3,3,4,16,400,"floor_sqrt_p",5,8,2,0.690140845070423
3,3,4,16,400,"floor_sqrt_p",7,8,2,0.697183098591549
3,3,5,16,400,"floor_sqrt_p",2,8,2,0.823943661971831
3,3,5,16,400,"floor_sqrt_p",5,8,2,0.859154929577465
3,3,5,16,400,"floor_sqrt_p",7,8,2,0.859154929577465
3,3,1,17,400,"floor_sqrt_p",2,9,3,0.778523489932886
3,3,1,17,400,"floor_sqrt_p",5,9,3,0.751677852348993
3,3,1,17,400,"floor_sqrt_p",7,9,3,0.76510067114094
3,3,2,17,400,"floor_sqrt_p",2,9,3,0.707482993197279
3,3,2,17,400,"floor_sqrt_p",5,9,3,0.707482993197279
3,3,2,17,400,"floor_sqrt_p",7,9,3,0.707482993197279
3,3,3,17,400,"floor_sqrt_p",2,9,3,0.763888888888889
3,3,3,17,400,"floor_sqrt_p",5,9,3,0.75
3,3,3,17,400,"floor_sqrt_p",7,9,3,0.743055555555556
3,3,4,17,400,"floor_sqrt_p",2,9,3,0.711267605633803
3,3,4,17,400,"floor_sqrt_p",5,9,3,0.71830985915493
3,3,4,17,400,"floor_sqrt_p",7,9,3,0.753521126760563
3,3,5,17,400,"floor_sqrt_p",2,9,3,0.852112676056338
3,3,5,17,400,"floor_sqrt_p",5,9,3,0.845070422535211
3,3,5,17,400,"floor_sqrt_p",7,9,3,0.859154929577465
3,3,1,18,400,"floor_sqrt_p",2,9,3,0.778523489932886
3,3,1,18,400,"floor_sqrt_p",5,9,3,0.785234899328859
3,3,1,18,400,"floor_sqrt_p",7,9,3,0.771812080536913
3,3,2,18,400,"floor_sqrt_p",2,9,3,0.72108843537415
3,3,2,18,400,"floor_sqrt_p",5,9,3,0.72108843537415
3,3,2,18,400,"floor_sqrt_p",7,9,3,0.741496598639456
3,3,3,18,400,"floor_sqrt_p",2,9,3,0.75
3,3,3,18,400,"floor_sqrt_p",5,9,3,0.75
3,3,3,18,400,"floor_sqrt_p",7,9,3,0.763888888888889
3,3,4,18,400,"floor_sqrt_p",2,9,3,0.73943661971831
3,3,4,18,400,"floor_sqrt_p",5,9,3,0.725352112676056
3,3,4,18,400,"floor_sqrt_p",7,9,3,0.725352112676056
3,3,5,18,400,"floor_sqrt_p",2,9,3,0.845070422535211
3,3,5,18,400,"floor_sqrt_p",5,9,3,0.830985915492958
3,3,5,18,400,"floor_sqrt_p",7,9,3,0.845070422535211
3,3,1,19,400,"floor_sqrt_p",2,10,3,0.771812080536913
3,3,1,19,400,"floor_sqrt_p",5,10,3,0.798657718120805
3,3,1,19,400,"floor_sqrt_p",7,10,3,0.778523489932886
3,3,2,19,400,"floor_sqrt_p",2,10,3,0.714285714285714
3,3,2,19,400,"floor_sqrt_p",5,10,3,0.73469387755102
3,3,2,19,400,"floor_sqrt_p",7,10,3,0.714285714285714
3,3,3,19,400,"floor_sqrt_p",2,10,3,0.763888888888889
3,3,3,19,400,"floor_sqrt_p",5,10,3,0.743055555555556
3,3,3,19,400,"floor_sqrt_p",7,10,3,0.736111111111111
3,3,4,19,400,"floor_sqrt_p",2,10,3,0.704225352112676
3,3,4,19,400,"floor_sqrt_p",5,10,3,0.71830985915493
3,3,4,19,400,"floor_sqrt_p",7,10,3,0.711267605633803
3,3,5,19,400,"floor_sqrt_p",2,10,3,0.767605633802817
3,3,5,19,400,"floor_sqrt_p",5,10,3,0.795774647887324
3,3,5,19,400,"floor_sqrt_p",7,10,3,0.78169014084507
3,3,1,20,400,"floor_sqrt_p",2,10,3,0.771812080536913
3,3,1,20,400,"floor_sqrt_p",5,10,3,0.778523489932886
3,3,1,20,400,"floor_sqrt_p",7,10,3,0.778523489932886
3,3,2,20,400,"floor_sqrt_p",2,10,3,0.72108843537415
3,3,2,20,400,"floor_sqrt_p",5,10,3,0.707482993197279
3,3,2,20,400,"floor_sqrt_p",7,10,3,0.700680272108844
3,3,3,20,400,"floor_sqrt_p",2,10,3,0.756944444444444
3,3,3,20,400,"floor_sqrt_p",5,10,3,0.763888888888889
3,3,3,20,400,"floor_sqrt_p",7,10,3,0.756944444444444
3,3,4,20,400,"floor_sqrt_p",2,10,3,0.711267605633803
3,3,4,20,400,"floor_sqrt_p",5,10,3,0.711267605633803
3,3,4,20,400,"floor_sqrt_p",7,10,3,0.711267605633803
3,3,5,20,400,"floor_sqrt_p",2,10,3,0.78169014084507
3,3,5,20,400,"floor_sqrt_p",5,10,3,0.788732394366197
3,3,5,20,400,"floor_sqrt_p",7,10,3,0.78169014084507
3,4,1,6,400,"floor_sqrt_p",2,4,2,0.758389261744966
3,4,1,6,400,"floor_sqrt_p",5,4,2,0.76510067114094
3,4,1,6,400,"floor_sqrt_p",7,4,2,0.74496644295302
3,4,2,6,400,"floor_sqrt_p",2,4,2,0.73469387755102
3,4,2,6,400,"floor_sqrt_p",5,4,2,0.73469387755102
3,4,2,6,400,"floor_sqrt_p",7,4,2,0.748299319727891
3,4,3,6,400,"floor_sqrt_p",2,4,2,0.758620689655172
3,4,3,6,400,"floor_sqrt_p",5,4,2,0.76551724137931
3,4,3,6,400,"floor_sqrt_p",7,4,2,0.758620689655172
3,4,4,6,400,"floor_sqrt_p",2,4,2,0.669014084507042
3,4,4,6,400,"floor_sqrt_p",5,4,2,0.669014084507042
3,4,4,6,400,"floor_sqrt_p",7,4,2,0.661971830985915
3,4,5,6,400,"floor_sqrt_p",2,4,2,0.71830985915493
3,4,5,6,400,"floor_sqrt_p",5,4,2,0.725352112676056
3,4,5,6,400,"floor_sqrt_p",7,4,2,0.725352112676056
3,4,1,7,400,"floor_sqrt_p",2,5,2,0.771812080536913
3,4,1,7,400,"floor_sqrt_p",5,5,2,0.791946308724832
3,4,1,7,400,"floor_sqrt_p",7,5,2,0.778523489932886
3,4,2,7,400,"floor_sqrt_p",2,5,2,0.782312925170068
3,4,2,7,400,"floor_sqrt_p",5,5,2,0.761904761904762
3,4,2,7,400,"floor_sqrt_p",7,5,2,0.761904761904762
3,4,3,7,400,"floor_sqrt_p",2,5,2,0.786206896551724
3,4,3,7,400,"floor_sqrt_p",5,5,2,0.786206896551724
3,4,3,7,400,"floor_sqrt_p",7,5,2,0.793103448275862
3,4,4,7,400,"floor_sqrt_p",2,5,2,0.683098591549296
3,4,4,7,400,"floor_sqrt_p",5,5,2,0.676056338028169
3,4,4,7,400,"floor_sqrt_p",7,5,2,0.697183098591549
3,4,5,7,400,"floor_sqrt_p",2,5,2,0.676056338028169
3,4,5,7,400,"floor_sqrt_p",5,5,2,0.683098591549296
3,4,5,7,400,"floor_sqrt_p",7,5,2,0.704225352112676
3,4,1,8,400,"floor_sqrt_p",2,5,2,0.812080536912752
3,4,1,8,400,"floor_sqrt_p",5,5,2,0.825503355704698
3,4,1,8,400,"floor_sqrt_p",7,5,2,0.818791946308725
3,4,2,8,400,"floor_sqrt_p",2,5,2,0.775510204081633
3,4,2,8,400,"floor_sqrt_p",5,5,2,0.775510204081633
3,4,2,8,400,"floor_sqrt_p",7,5,2,0.782312925170068
3,4,3,8,400,"floor_sqrt_p",2,5,2,0.772413793103448
3,4,3,8,400,"floor_sqrt_p",5,5,2,0.772413793103448
3,4,3,8,400,"floor_sqrt_p",7,5,2,0.76551724137931
3,4,4,8,400,"floor_sqrt_p",2,5,2,0.669014084507042
3,4,4,8,400,"floor_sqrt_p",5,5,2,0.654929577464789
3,4,4,8,400,"floor_sqrt_p",7,5,2,0.683098591549296
3,4,5,8,400,"floor_sqrt_p",2,5,2,0.732394366197183
3,4,5,8,400,"floor_sqrt_p",5,5,2,0.725352112676056
3,4,5,8,400,"floor_sqrt_p",7,5,2,0.71830985915493
3,4,1,9,400,"floor_sqrt_p",2,6,2,0.845637583892617
3,4,1,9,400,"floor_sqrt_p",5,6,2,0.838926174496644
3,4,1,9,400,"floor_sqrt_p",7,6,2,0.845637583892617
3,4,2,9,400,"floor_sqrt_p",2,6,2,0.775510204081633
3,4,2,9,400,"floor_sqrt_p",5,6,2,0.782312925170068
3,4,2,9,400,"floor_sqrt_p",7,6,2,0.768707482993197
3,4,3,9,400,"floor_sqrt_p",2,6,2,0.813793103448276
3,4,3,9,400,"floor_sqrt_p",5,6,2,0.827586206896552
3,4,3,9,400,"floor_sqrt_p",7,6,2,0.813793103448276
3,4,4,9,400,"floor_sqrt_p",2,6,2,0.676056338028169
3,4,4,9,400,"floor_sqrt_p",5,6,2,0.690140845070423
3,4,4,9,400,"floor_sqrt_p",7,6,2,0.704225352112676
3,4,5,9,400,"floor_sqrt_p",2,5,2,0.732394366197183
3,4,5,9,400,"floor_sqrt_p",5,5,2,0.732394366197183
3,4,5,9,400,"floor_sqrt_p",7,5,2,0.73943661971831
3,4,1,10,400,"floor_sqrt_p",2,6,2,0.825503355704698
3,4,1,10,400,"floor_sqrt_p",5,6,2,0.825503355704698
3,4,1,10,400,"floor_sqrt_p",7,6,2,0.825503355704698
3,4,2,10,400,"floor_sqrt_p",2,6,2,0.768707482993197
3,4,2,10,400,"floor_sqrt_p",5,6,2,0.768707482993197
3,4,2,10,400,"floor_sqrt_p",7,6,2,0.782312925170068
3,4,3,10,400,"floor_sqrt_p",2,6,2,0.806896551724138
3,4,3,10,400,"floor_sqrt_p",5,6,2,0.820689655172414
3,4,3,10,400,"floor_sqrt_p",7,6,2,0.8
3,4,4,10,400,"floor_sqrt_p",2,6,2,0.690140845070423
3,4,4,10,400,"floor_sqrt_p",5,6,2,0.697183098591549
3,4,4,10,400,"floor_sqrt_p",7,6,2,0.683098591549296
3,4,5,10,400,"floor_sqrt_p",2,6,2,0.669014084507042
3,4,5,10,400,"floor_sqrt_p",5,6,2,0.697183098591549
3,4,5,10,400,"floor_sqrt_p",7,6,2,0.704225352112676
3,4,1,11,400,"floor_sqrt_p",2,7,2,0.845637583892617
3,4,1,11,400,"floor_sqrt_p",5,7,2,0.852348993288591
3,4,1,11,400,"floor_sqrt_p",7,7,2,0.852348993288591
3,4,2,11,400,"floor_sqrt_p",2,7,2,0.768707482993197
3,4,2,11,400,"floor_sqrt_p",5,7,2,0.775510204081633
3,4,2,11,400,"floor_sqrt_p",7,7,2,0.761904761904762
3,4,3,11,400,"floor_sqrt_p",2,7,2,0.806896551724138
3,4,3,11,400,"floor_sqrt_p",5,7,2,0.8
3,4,3,11,400,"floor_sqrt_p",7,7,2,0.813793103448276
3,4,4,11,400,"floor_sqrt_p",2,7,2,0.73943661971831
3,4,4,11,400,"floor_sqrt_p",5,7,2,0.725352112676056
3,4,4,11,400,"floor_sqrt_p",7,7,2,0.732394366197183
3,4,5,11,400,"floor_sqrt_p",2,6,2,0.71830985915493
3,4,5,11,400,"floor_sqrt_p",5,6,2,0.704225352112676
3,4,5,11,400,"floor_sqrt_p",7,6,2,0.71830985915493
3,4,1,12,400,"floor_sqrt_p",2,7,2,0.825503355704698
3,4,1,12,400,"floor_sqrt_p",5,7,2,0.825503355704698
3,4,1,12,400,"floor_sqrt_p",7,7,2,0.832214765100671
3,4,2,12,400,"floor_sqrt_p",2,7,2,0.761904761904762
3,4,2,12,400,"floor_sqrt_p",5,7,2,0.748299319727891
3,4,2,12,400,"floor_sqrt_p",7,7,2,0.755102040816326
3,4,3,12,400,"floor_sqrt_p",2,7,2,0.786206896551724
3,4,3,12,400,"floor_sqrt_p",5,7,2,0.772413793103448
3,4,3,12,400,"floor_sqrt_p",7,7,2,0.786206896551724
3,4,4,12,400,"floor_sqrt_p",2,7,2,0.71830985915493
3,4,4,12,400,"floor_sqrt_p",5,7,2,0.71830985915493
3,4,4,12,400,"floor_sqrt_p",7,7,2,0.732394366197183
3,4,5,12,400,"floor_sqrt_p",2,7,2,0.732394366197183
3,4,5,12,400,"floor_sqrt_p",5,7,2,0.73943661971831
3,4,5,12,400,"floor_sqrt_p",7,7,2,0.73943661971831
3,4,1,13,400,"floor_sqrt_p",2,7,2,0.805369127516778
3,4,1,13,400,"floor_sqrt_p",5,7,2,0.812080536912752
3,4,1,13,400,"floor_sqrt_p",7,7,2,0.798657718120805
3,4,2,13,400,"floor_sqrt_p",2,7,2,0.727891156462585
3,4,2,13,400,"floor_sqrt_p",5,7,2,0.73469387755102
3,4,2,13,400,"floor_sqrt_p",7,7,2,0.748299319727891
3,4,3,13,400,"floor_sqrt_p",2,7,2,0.758620689655172
3,4,3,13,400,"floor_sqrt_p",5,7,2,0.751724137931034
3,4,3,13,400,"floor_sqrt_p",7,7,2,0.76551724137931
3,4,4,13,400,"floor_sqrt_p",2,7,2,0.71830985915493
3,4,4,13,400,"floor_sqrt_p",5,7,2,0.73943661971831
3,4,4,13,400,"floor_sqrt_p",7,7,2,0.725352112676056
3,4,5,13,400,"floor_sqrt_p",2,7,2,0.711267605633803
3,4,5,13,400,"floor_sqrt_p",5,7,2,0.697183098591549
3,4,5,13,400,"floor_sqrt_p",7,7,2,0.71830985915493
3,4,1,14,400,"floor_sqrt_p",2,8,2,0.812080536912752
3,4,1,14,400,"floor_sqrt_p",5,8,2,0.825503355704698
3,4,1,14,400,"floor_sqrt_p",7,8,2,0.818791946308725
3,4,2,14,400,"floor_sqrt_p",2,7,2,0.73469387755102
3,4,2,14,400,"floor_sqrt_p",5,7,2,0.755102040816326
3,4,2,14,400,"floor_sqrt_p",7,7,2,0.741496598639456
3,4,3,14,400,"floor_sqrt_p",2,8,2,0.737931034482759
3,4,3,14,400,"floor_sqrt_p",5,8,2,0.744827586206897
3,4,3,14,400,"floor_sqrt_p",7,8,2,0.731034482758621
3,4,4,14,400,"floor_sqrt_p",2,8,2,0.73943661971831
3,4,4,14,400,"floor_sqrt_p",5,8,2,0.746478873239437
3,4,4,14,400,"floor_sqrt_p",7,8,2,0.732394366197183
3,4,5,14,400,"floor_sqrt_p",2,7,2,0.697183098591549
3,4,5,14,400,"floor_sqrt_p",5,7,2,0.711267605633803
3,4,5,14,400,"floor_sqrt_p",7,7,2,0.732394366197183
3,4,1,15,400,"floor_sqrt_p",2,8,2,0.791946308724832
3,4,1,15,400,"floor_sqrt_p",5,8,2,0.805369127516778
3,4,1,15,400,"floor_sqrt_p",7,8,2,0.798657718120805
3,4,2,15,400,"floor_sqrt_p",2,8,2,0.775510204081633
3,4,2,15,400,"floor_sqrt_p",5,8,2,0.768707482993197
3,4,2,15,400,"floor_sqrt_p",7,8,2,0.761904761904762
3,4,3,15,400,"floor_sqrt_p",2,8,2,0.737931034482759
3,4,3,15,400,"floor_sqrt_p",5,8,2,0.731034482758621
3,4,3,15,400,"floor_sqrt_p",7,8,2,0.737931034482759
3,4,4,15,400,"floor_sqrt_p",2,8,2,0.732394366197183
3,4,4,15,400,"floor_sqrt_p",5,8,2,0.73943661971831
3,4,4,15,400,"floor_sqrt_p",7,8,2,0.732394366197183
3,4,5,15,400,"floor_sqrt_p",2,8,2,0.746478873239437
3,4,5,15,400,"floor_sqrt_p",5,8,2,0.732394366197183
3,4,5,15,400,"floor_sqrt_p",7,8,2,0.732394366197183
3,4,1,16,400,"floor_sqrt_p",2,8,2,0.791946308724832
3,4,1,16,400,"floor_sqrt_p",5,8,2,0.798657718120805
3,4,1,16,400,"floor_sqrt_p",7,8,2,0.791946308724832
3,4,2,16,400,"floor_sqrt_p",2,8,2,0.775510204081633
3,4,2,16,400,"floor_sqrt_p",5,8,2,0.768707482993197
3,4,2,16,400,"floor_sqrt_p",7,8,2,0.782312925170068
3,4,3,16,400,"floor_sqrt_p",2,8,2,0.76551724137931
3,4,3,16,400,"floor_sqrt_p",5,8,2,0.76551724137931
3,4,3,16,400,"floor_sqrt_p",7,8,2,0.751724137931034
3,4,4,16,400,"floor_sqrt_p",2,8,2,0.73943661971831
3,4,4,16,400,"floor_sqrt_p",5,8,2,0.746478873239437
3,4,4,16,400,"floor_sqrt_p",7,8,2,0.746478873239437
3,4,5,16,400,"floor_sqrt_p",2,8,2,0.73943661971831
3,4,5,16,400,"floor_sqrt_p",5,8,2,0.73943661971831
3,4,5,16,400,"floor_sqrt_p",7,8,2,0.725352112676056
3,4,1,17,400,"floor_sqrt_p",2,9,3,0.791946308724832
3,4,1,17,400,"floor_sqrt_p",5,9,3,0.785234899328859
3,4,1,17,400,"floor_sqrt_p",7,9,3,0.771812080536913
3,4,2,17,400,"floor_sqrt_p",2,9,3,0.795918367346939
3,4,2,17,400,"floor_sqrt_p",5,9,3,0.802721088435374
3,4,2,17,400,"floor_sqrt_p",7,9,3,0.795918367346939
3,4,3,17,400,"floor_sqrt_p",2,9,3,0.779310344827586
3,4,3,17,400,"floor_sqrt_p",5,9,3,0.772413793103448
3,4,3,17,400,"floor_sqrt_p",7,9,3,0.779310344827586
3,4,4,17,400,"floor_sqrt_p",2,9,3,0.71830985915493
3,4,4,17,400,"floor_sqrt_p",5,9,3,0.73943661971831
3,4,4,17,400,"floor_sqrt_p",7,9,3,0.73943661971831
3,4,5,17,400,"floor_sqrt_p",2,8,2,0.725352112676056
3,4,5,17,400,"floor_sqrt_p",5,8,2,0.71830985915493
3,4,5,17,400,"floor_sqrt_p",7,8,2,0.71830985915493
3,4,1,18,400,"floor_sqrt_p",2,9,3,0.805369127516778
3,4,1,18,400,"floor_sqrt_p",5,9,3,0.805369127516778
3,4,1,18,400,"floor_sqrt_p",7,9,3,0.771812080536913
3,4,2,18,400,"floor_sqrt_p",2,9,3,0.789115646258503
3,4,2,18,400,"floor_sqrt_p",5,9,3,0.775510204081633
3,4,2,18,400,"floor_sqrt_p",7,9,3,0.795918367346939
3,4,3,18,400,"floor_sqrt_p",2,9,3,0.76551724137931
3,4,3,18,400,"floor_sqrt_p",5,9,3,0.751724137931034
3,4,3,18,400,"floor_sqrt_p",7,9,3,0.76551724137931
3,4,4,18,400,"floor_sqrt_p",2,9,3,0.725352112676056
3,4,4,18,400,"floor_sqrt_p",5,9,3,0.71830985915493
3,4,4,18,400,"floor_sqrt_p",7,9,3,0.71830985915493
3,4,5,18,400,"floor_sqrt_p",2,9,3,0.73943661971831
3,4,5,18,400,"floor_sqrt_p",5,9,3,0.73943661971831
3,4,5,18,400,"floor_sqrt_p",7,9,3,0.732394366197183
3,4,1,19,400,"floor_sqrt_p",2,10,3,0.812080536912752
3,4,1,19,400,"floor_sqrt_p",5,10,3,0.785234899328859
3,4,1,19,400,"floor_sqrt_p",7,10,3,0.805369127516778
3,4,2,19,400,"floor_sqrt_p",2,9,3,0.775510204081633
3,4,2,19,400,"floor_sqrt_p",5,9,3,0.782312925170068
3,4,2,19,400,"floor_sqrt_p",7,9,3,0.755102040816326
3,4,3,19,400,"floor_sqrt_p",2,10,3,0.779310344827586
3,4,3,19,400,"floor_sqrt_p",5,10,3,0.786206896551724
3,4,3,19,400,"floor_sqrt_p",7,10,3,0.779310344827586
3,4,4,19,400,"floor_sqrt_p",2,10,3,0.732394366197183
3,4,4,19,400,"floor_sqrt_p",5,10,3,0.73943661971831
3,4,4,19,400,"floor_sqrt_p",7,10,3,0.725352112676056
3,4,5,19,400,"floor_sqrt_p",2,9,3,0.73943661971831
3,4,5,19,400,"floor_sqrt_p",5,9,3,0.746478873239437
3,4,5,19,400,"floor_sqrt_p",7,9,3,0.711267605633803
3,4,1,20,400,"floor_sqrt_p",2,10,3,0.751677852348993
3,4,1,20,400,"floor_sqrt_p",5,10,3,0.76510067114094
3,4,1,20,400,"floor_sqrt_p",7,10,3,0.785234899328859
3,4,2,20,400,"floor_sqrt_p",2,10,3,0.73469387755102
3,4,2,20,400,"floor_sqrt_p",5,10,3,0.748299319727891
3,4,2,20,400,"floor_sqrt_p",7,10,3,0.741496598639456
3,4,3,20,400,"floor_sqrt_p",2,10,3,0.786206896551724
3,4,3,20,400,"floor_sqrt_p",5,10,3,0.786206896551724
3,4,3,20,400,"floor_sqrt_p",7,10,3,0.786206896551724
3,4,4,20,400,"floor_sqrt_p",2,10,3,0.704225352112676
3,4,4,20,400,"floor_sqrt_p",5,10,3,0.704225352112676
3,4,4,20,400,"floor_sqrt_p",7,10,3,0.73943661971831
3,4,5,20,400,"floor_sqrt_p",2,10,3,0.73943661971831
3,4,5,20,400,"floor_sqrt_p",5,10,3,0.746478873239437
3,4,5,20,400,"floor_sqrt_p",7,10,3,0.746478873239437
3,5,1,6,400,"floor_sqrt_p",2,4,2,0.704697986577181
3,5,1,6,400,"floor_sqrt_p",5,4,2,0.718120805369127
3,5,1,6,400,"floor_sqrt_p",7,4,2,0.711409395973154
3,5,2,6,400,"floor_sqrt_p",2,4,2,0.680272108843537
3,5,2,6,400,"floor_sqrt_p",5,4,2,0.687074829931973
3,5,2,6,400,"floor_sqrt_p",7,4,2,0.680272108843537
3,5,3,6,400,"floor_sqrt_p",2,4,2,0.717241379310345
3,5,3,6,400,"floor_sqrt_p",5,4,2,0.717241379310345
3,5,3,6,400,"floor_sqrt_p",7,4,2,0.724137931034483
3,5,4,6,400,"floor_sqrt_p",2,4,2,0.748251748251748
3,5,4,6,400,"floor_sqrt_p",5,4,2,0.755244755244755
3,5,4,6,400,"floor_sqrt_p",7,4,2,0.762237762237762
3,5,5,6,400,"floor_sqrt_p",2,4,2,0.76056338028169
3,5,5,6,400,"floor_sqrt_p",5,4,2,0.753521126760563
3,5,5,6,400,"floor_sqrt_p",7,4,2,0.753521126760563
3,5,1,7,400,"floor_sqrt_p",2,5,2,0.751677852348993
3,5,1,7,400,"floor_sqrt_p",5,5,2,0.771812080536913
3,5,1,7,400,"floor_sqrt_p",7,5,2,0.738255033557047
3,5,2,7,400,"floor_sqrt_p",2,5,2,0.761904761904762
3,5,2,7,400,"floor_sqrt_p",5,5,2,0.768707482993197
3,5,2,7,400,"floor_sqrt_p",7,5,2,0.768707482993197
3,5,3,7,400,"floor_sqrt_p",2,5,2,0.751724137931034
3,5,3,7,400,"floor_sqrt_p",5,5,2,0.751724137931034
3,5,3,7,400,"floor_sqrt_p",7,5,2,0.758620689655172
3,5,4,7,400,"floor_sqrt_p",2,5,2,0.783216783216783
3,5,4,7,400,"floor_sqrt_p",5,5,2,0.769230769230769
3,5,4,7,400,"floor_sqrt_p",7,5,2,0.762237762237762
3,5,5,7,400,"floor_sqrt_p",2,5,2,0.802816901408451
3,5,5,7,400,"floor_sqrt_p",5,5,2,0.78169014084507
3,5,5,7,400,"floor_sqrt_p",7,5,2,0.809859154929577
3,5,1,8,400,"floor_sqrt_p",2,5,2,0.778523489932886
3,5,1,8,400,"floor_sqrt_p",5,5,2,0.778523489932886
3,5,1,8,400,"floor_sqrt_p",7,5,2,0.76510067114094
3,5,2,8,400,"floor_sqrt_p",2,5,2,0.775510204081633
3,5,2,8,400,"floor_sqrt_p",5,5,2,0.761904761904762
3,5,2,8,400,"floor_sqrt_p",7,5,2,0.761904761904762
3,5,3,8,400,"floor_sqrt_p",2,5,2,0.737931034482759
3,5,3,8,400,"floor_sqrt_p",5,5,2,0.744827586206897
3,5,3,8,400,"floor_sqrt_p",7,5,2,0.744827586206897
3,5,4,8,400,"floor_sqrt_p",2,5,2,0.748251748251748
3,5,4,8,400,"floor_sqrt_p",5,5,2,0.734265734265734
3,5,4,8,400,"floor_sqrt_p",7,5,2,0.748251748251748
3,5,5,8,400,"floor_sqrt_p",2,5,2,0.816901408450704
3,5,5,8,400,"floor_sqrt_p",5,5,2,0.823943661971831
3,5,5,8,400,"floor_sqrt_p",7,5,2,0.823943661971831
3,5,1,9,400,"floor_sqrt_p",2,6,2,0.798657718120805
3,5,1,9,400,"floor_sqrt_p",5,6,2,0.785234899328859
3,5,1,9,400,"floor_sqrt_p",7,6,2,0.798657718120805
3,5,2,9,400,"floor_sqrt_p",2,6,2,0.73469387755102
3,5,2,9,400,"floor_sqrt_p",5,6,2,0.72108843537415
3,5,2,9,400,"floor_sqrt_p",7,6,2,0.741496598639456
3,5,3,9,400,"floor_sqrt_p",2,6,2,0.806896551724138
3,5,3,9,400,"floor_sqrt_p",5,6,2,0.793103448275862
3,5,3,9,400,"floor_sqrt_p",7,6,2,0.793103448275862
3,5,4,9,400,"floor_sqrt_p",2,6,2,0.762237762237762
3,5,4,9,400,"floor_sqrt_p",5,6,2,0.755244755244755
3,5,4,9,400,"floor_sqrt_p",7,6,2,0.748251748251748
3,5,5,9,400,"floor_sqrt_p",2,6,2,0.809859154929577
3,5,5,9,400,"floor_sqrt_p",5,6,2,0.78169014084507
3,5,5,9,400,"floor_sqrt_p",7,6,2,0.788732394366197
3,5,1,10,400,"floor_sqrt_p",2,6,2,0.812080536912752
3,5,1,10,400,"floor_sqrt_p",5,6,2,0.798657718120805
3,5,1,10,400,"floor_sqrt_p",7,6,2,0.798657718120805
3,5,2,10,400,"floor_sqrt_p",2,6,2,0.714285714285714
3,5,2,10,400,"floor_sqrt_p",5,6,2,0.707482993197279
3,5,2,10,400,"floor_sqrt_p",7,6,2,0.707482993197279
3,5,3,10,400,"floor_sqrt_p",2,6,2,0.76551724137931
3,5,3,10,400,"floor_sqrt_p",5,6,2,0.76551724137931
3,5,3,10,400,"floor_sqrt_p",7,6,2,0.76551724137931
3,5,4,10,400,"floor_sqrt_p",2,6,2,0.783216783216783
3,5,4,10,400,"floor_sqrt_p",5,6,2,0.769230769230769
3,5,4,10,400,"floor_sqrt_p",7,6,2,0.783216783216783
3,5,5,10,400,"floor_sqrt_p",2,6,2,0.78169014084507
3,5,5,10,400,"floor_sqrt_p",5,6,2,0.767605633802817
3,5,5,10,400,"floor_sqrt_p",7,6,2,0.788732394366197
3,5,1,11,400,"floor_sqrt_p",2,7,2,0.76510067114094
3,5,1,11,400,"floor_sqrt_p",5,7,2,0.771812080536913
3,5,1,11,400,"floor_sqrt_p",7,7,2,0.76510067114094
3,5,2,11,400,"floor_sqrt_p",2,7,2,0.680272108843537
3,5,2,11,400,"floor_sqrt_p",5,7,2,0.687074829931973
3,5,2,11,400,"floor_sqrt_p",7,7,2,0.700680272108844
3,5,3,11,400,"floor_sqrt_p",2,7,2,0.744827586206897
3,5,3,11,400,"floor_sqrt_p",5,7,2,0.744827586206897
3,5,3,11,400,"floor_sqrt_p",7,7,2,0.76551724137931
3,5,4,11,400,"floor_sqrt_p",2,7,2,0.797202797202797
3,5,4,11,400,"floor_sqrt_p",5,7,2,0.797202797202797
3,5,4,11,400,"floor_sqrt_p",7,7,2,0.783216783216783
3,5,5,11,400,"floor_sqrt_p",2,7,2,0.753521126760563
3,5,5,11,400,"floor_sqrt_p",5,7,2,0.76056338028169
3,5,5,11,400,"floor_sqrt_p",7,7,2,0.767605633802817
3,5,1,12,400,"floor_sqrt_p",2,7,2,0.76510067114094
3,5,1,12,400,"floor_sqrt_p",5,7,2,0.758389261744966
3,5,1,12,400,"floor_sqrt_p",7,7,2,0.751677852348993
3,5,2,12,400,"floor_sqrt_p",2,7,2,0.693877551020408
3,5,2,12,400,"floor_sqrt_p",5,7,2,0.693877551020408
3,5,2,12,400,"floor_sqrt_p",7,7,2,0.693877551020408
3,5,3,12,400,"floor_sqrt_p",2,7,2,0.758620689655172
3,5,3,12,400,"floor_sqrt_p",5,7,2,0.76551724137931
3,5,3,12,400,"floor_sqrt_p",7,7,2,0.744827586206897
3,5,4,12,400,"floor_sqrt_p",2,7,2,0.762237762237762
3,5,4,12,400,"floor_sqrt_p",5,7,2,0.762237762237762
3,5,4,12,400,"floor_sqrt_p",7,7,2,0.776223776223776
3,5,5,12,400,"floor_sqrt_p",2,7,2,0.788732394366197
3,5,5,12,400,"floor_sqrt_p",5,7,2,0.802816901408451
3,5,5,12,400,"floor_sqrt_p",7,7,2,0.795774647887324
3,5,1,13,400,"floor_sqrt_p",2,7,2,0.771812080536913
3,5,1,13,400,"floor_sqrt_p",5,7,2,0.758389261744966
3,5,1,13,400,"floor_sqrt_p",7,7,2,0.751677852348993
3,5,2,13,400,"floor_sqrt_p",2,7,2,0.714285714285714
3,5,2,13,400,"floor_sqrt_p",5,7,2,0.714285714285714
3,5,2,13,400,"floor_sqrt_p",7,7,2,0.700680272108844
3,5,3,13,400,"floor_sqrt_p",2,7,2,0.744827586206897
3,5,3,13,400,"floor_sqrt_p",5,7,2,0.744827586206897
3,5,3,13,400,"floor_sqrt_p",7,7,2,0.737931034482759
3,5,4,13,400,"floor_sqrt_p",2,7,2,0.776223776223776
3,5,4,13,400,"floor_sqrt_p",5,7,2,0.762237762237762
3,5,4,13,400,"floor_sqrt_p",7,7,2,0.783216783216783
3,5,5,13,400,"floor_sqrt_p",2,7,2,0.788732394366197
3,5,5,13,400,"floor_sqrt_p",5,7,2,0.809859154929577
3,5,5,13,400,"floor_sqrt_p",7,7,2,0.795774647887324
3,5,1,14,400,"floor_sqrt_p",2,8,2,0.785234899328859
3,5,1,14,400,"floor_sqrt_p",5,8,2,0.791946308724832
3,5,1,14,400,"floor_sqrt_p",7,8,2,0.778523489932886
3,5,2,14,400,"floor_sqrt_p",2,7,2,0.714285714285714
3,5,2,14,400,"floor_sqrt_p",5,7,2,0.714285714285714
3,5,2,14,400,"floor_sqrt_p",7,7,2,0.707482993197279
3,5,3,14,400,"floor_sqrt_p",2,8,2,0.737931034482759
3,5,3,14,400,"floor_sqrt_p",5,8,2,0.76551724137931
3,5,3,14,400,"floor_sqrt_p",7,8,2,0.731034482758621
3,5,4,14,400,"floor_sqrt_p",2,8,2,0.79020979020979
3,5,4,14,400,"floor_sqrt_p",5,8,2,0.783216783216783
3,5,4,14,400,"floor_sqrt_p",7,8,2,0.783216783216783
3,5,5,14,400,"floor_sqrt_p",2,8,2,0.767605633802817
3,5,5,14,400,"floor_sqrt_p",5,8,2,0.76056338028169
3,5,5,14,400,"floor_sqrt_p",7,8,2,0.78169014084507
3,5,1,15,400,"floor_sqrt_p",2,8,2,0.76510067114094
3,5,1,15,400,"floor_sqrt_p",5,8,2,0.76510067114094
3,5,1,15,400,"floor_sqrt_p",7,8,2,0.758389261744966
3,5,2,15,400,"floor_sqrt_p",2,8,2,0.727891156462585
3,5,2,15,400,"floor_sqrt_p",5,8,2,0.727891156462585
3,5,2,15,400,"floor_sqrt_p",7,8,2,0.72108843537415
3,5,3,15,400,"floor_sqrt_p",2,8,2,0.786206896551724
3,5,3,15,400,"floor_sqrt_p",5,8,2,0.772413793103448
3,5,3,15,400,"floor_sqrt_p",7,8,2,0.786206896551724
3,5,4,15,400,"floor_sqrt_p",2,8,2,0.762237762237762
3,5,4,15,400,"floor_sqrt_p",5,8,2,0.755244755244755
3,5,4,15,400,"floor_sqrt_p",7,8,2,0.769230769230769
3,5,5,15,400,"floor_sqrt_p",2,8,2,0.788732394366197
3,5,5,15,400,"floor_sqrt_p",5,8,2,0.788732394366197
3,5,5,15,400,"floor_sqrt_p",7,8,2,0.767605633802817
3,5,1,16,400,"floor_sqrt_p",2,9,3,0.778523489932886
3,5,1,16,400,"floor_sqrt_p",5,9,3,0.791946308724832
3,5,1,16,400,"floor_sqrt_p",7,9,3,0.785234899328859
3,5,2,16,400,"floor_sqrt_p",2,8,2,0.72108843537415
3,5,2,16,400,"floor_sqrt_p",5,8,2,0.72108843537415
3,5,2,16,400,"floor_sqrt_p",7,8,2,0.73469387755102
3,5,3,16,400,"floor_sqrt_p",2,9,3,0.779310344827586
3,5,3,16,400,"floor_sqrt_p",5,9,3,0.758620689655172
3,5,3,16,400,"floor_sqrt_p",7,9,3,0.779310344827586
3,5,4,16,400,"floor_sqrt_p",2,8,2,0.783216783216783
3,5,4,16,400,"floor_sqrt_p",5,8,2,0.762237762237762
3,5,4,16,400,"floor_sqrt_p",7,8,2,0.755244755244755
3,5,5,16,400,"floor_sqrt_p",2,8,2,0.795774647887324
3,5,5,16,400,"floor_sqrt_p",5,8,2,0.767605633802817
3,5,5,16,400,"floor_sqrt_p",7,8,2,0.76056338028169
3,5,1,17,400,"floor_sqrt_p",2,9,3,0.798657718120805
3,5,1,17,400,"floor_sqrt_p",5,9,3,0.778523489932886
3,5,1,17,400,"floor_sqrt_p",7,9,3,0.771812080536913
3,5,2,17,400,"floor_sqrt_p",2,9,3,0.73469387755102
3,5,2,17,400,"floor_sqrt_p",5,9,3,0.707482993197279
3,5,2,17,400,"floor_sqrt_p",7,9,3,0.707482993197279
3,5,3,17,400,"floor_sqrt_p",2,9,3,0.744827586206897
3,5,3,17,400,"floor_sqrt_p",5,9,3,0.744827586206897
3,5,3,17,400,"floor_sqrt_p",7,9,3,0.731034482758621
3,5,4,17,400,"floor_sqrt_p",2,9,3,0.804195804195804
3,5,4,17,400,"floor_sqrt_p",5,9,3,0.797202797202797
3,5,4,17,400,"floor_sqrt_p",7,9,3,0.79020979020979
3,5,5,17,400,"floor_sqrt_p",2,9,3,0.795774647887324
3,5,5,17,400,"floor_sqrt_p",5,9,3,0.788732394366197
3,5,5,17,400,"floor_sqrt_p",7,9,3,0.795774647887324
3,5,1,18,400,"floor_sqrt_p",2,9,3,0.791946308724832
3,5,1,18,400,"floor_sqrt_p",5,9,3,0.785234899328859
3,5,1,18,400,"floor_sqrt_p",7,9,3,0.758389261744966
3,5,2,18,400,"floor_sqrt_p",2,9,3,0.707482993197279
3,5,2,18,400,"floor_sqrt_p",5,9,3,0.72108843537415
3,5,2,18,400,"floor_sqrt_p",7,9,3,0.714285714285714
3,5,3,18,400,"floor_sqrt_p",2,9,3,0.751724137931034
3,5,3,18,400,"floor_sqrt_p",5,9,3,0.737931034482759
3,5,3,18,400,"floor_sqrt_p",7,9,3,0.737931034482759
3,5,4,18,400,"floor_sqrt_p",2,9,3,0.783216783216783
3,5,4,18,400,"floor_sqrt_p",5,9,3,0.776223776223776
3,5,4,18,400,"floor_sqrt_p",7,9,3,0.762237762237762
3,5,5,18,400,"floor_sqrt_p",2,9,3,0.753521126760563
3,5,5,18,400,"floor_sqrt_p",5,9,3,0.767605633802817
3,5,5,18,400,"floor_sqrt_p",7,9,3,0.753521126760563
3,5,1,19,400,"floor_sqrt_p",2,10,3,0.74496644295302
3,5,1,19,400,"floor_sqrt_p",5,10,3,0.751677852348993
3,5,1,19,400,"floor_sqrt_p",7,10,3,0.76510067114094
3,5,2,19,400,"floor_sqrt_p",2,9,3,0.748299319727891
3,5,2,19,400,"floor_sqrt_p",5,9,3,0.741496598639456
3,5,2,19,400,"floor_sqrt_p",7,9,3,0.72108843537415
3,5,3,19,400,"floor_sqrt_p",2,10,3,0.731034482758621
3,5,3,19,400,"floor_sqrt_p",5,10,3,0.731034482758621
3,5,3,19,400,"floor_sqrt_p",7,10,3,0.724137931034483
3,5,4,19,400,"floor_sqrt_p",2,10,3,0.734265734265734
3,5,4,19,400,"floor_sqrt_p",5,10,3,0.748251748251748
3,5,4,19,400,"floor_sqrt_p",7,10,3,0.734265734265734
3,5,5,19,400,"floor_sqrt_p",2,10,3,0.788732394366197
3,5,5,19,400,"floor_sqrt_p",5,10,3,0.788732394366197
3,5,5,19,400,"floor_sqrt_p",7,10,3,0.802816901408451
3,5,1,20,400,"floor_sqrt_p",2,10,3,0.771812080536913
3,5,1,20,400,"floor_sqrt_p",5,10,3,0.778523489932886
3,5,1,20,400,"floor_sqrt_p",7,10,3,0.778523489932886
3,5,2,20,400,"floor_sqrt_p",2,10,3,0.741496598639456
3,5,2,20,400,"floor_sqrt_p",5,10,3,0.748299319727891
3,5,2,20,400,"floor_sqrt_p",7,10,3,0.741496598639456
3,5,3,20,400,"floor_sqrt_p",2,10,3,0.724137931034483
3,5,3,20,400,"floor_sqrt_p",5,10,3,0.731034482758621
3,5,3,20,400,"floor_sqrt_p",7,10,3,0.731034482758621
3,5,4,20,400,"floor_sqrt_p",2,10,3,0.755244755244755
3,5,4,20,400,"floor_sqrt_p",5,10,3,0.762237762237762
3,5,4,20,400,"floor_sqrt_p",7,10,3,0.741258741258741
3,5,5,20,400,"floor_sqrt_p",2,10,3,0.78169014084507
3,5,5,20,400,"floor_sqrt_p",5,10,3,0.788732394366197
3,5,5,20,400,"floor_sqrt_p",7,10,3,0.78169014084507
4,1,1,6,400,"floor_sqrt_p",2,4,2,0.768707482993197
4,1,1,6,400,"floor_sqrt_p",5,4,2,0.782312925170068
4,1,1,6,400,"floor_sqrt_p",7,4,2,0.768707482993197
4,1,2,6,400,"floor_sqrt_p",2,4,2,0.643835616438356
4,1,2,6,400,"floor_sqrt_p",5,4,2,0.636986301369863
4,1,2,6,400,"floor_sqrt_p",7,4,2,0.657534246575342
4,1,3,6,400,"floor_sqrt_p",2,4,2,0.729166666666667
4,1,3,6,400,"floor_sqrt_p",5,4,2,0.736111111111111
4,1,3,6,400,"floor_sqrt_p",7,4,2,0.736111111111111
4,1,4,6,400,"floor_sqrt_p",2,4,2,0.774647887323944
4,1,4,6,400,"floor_sqrt_p",5,4,2,0.76056338028169
4,1,4,6,400,"floor_sqrt_p",7,4,2,0.767605633802817
4,1,5,6,400,"floor_sqrt_p",2,4,2,0.75177304964539
4,1,5,6,400,"floor_sqrt_p",5,4,2,0.75177304964539
4,1,5,6,400,"floor_sqrt_p",7,4,2,0.73758865248227
4,1,1,7,400,"floor_sqrt_p",2,5,2,0.761904761904762
4,1,1,7,400,"floor_sqrt_p",5,5,2,0.775510204081633
4,1,1,7,400,"floor_sqrt_p",7,5,2,0.789115646258503
4,1,2,7,400,"floor_sqrt_p",2,5,2,0.664383561643836
4,1,2,7,400,"floor_sqrt_p",5,5,2,0.650684931506849
4,1,2,7,400,"floor_sqrt_p",7,5,2,0.671232876712329
4,1,3,7,400,"floor_sqrt_p",2,5,2,0.756944444444444
4,1,3,7,400,"floor_sqrt_p",5,5,2,0.75
4,1,3,7,400,"floor_sqrt_p",7,5,2,0.743055555555556
4,1,4,7,400,"floor_sqrt_p",2,5,2,0.838028169014085
4,1,4,7,400,"floor_sqrt_p",5,5,2,0.816901408450704
4,1,4,7,400,"floor_sqrt_p",7,5,2,0.823943661971831
4,1,5,7,400,"floor_sqrt_p",2,5,2,0.730496453900709
4,1,5,7,400,"floor_sqrt_p",5,5,2,0.73758865248227
4,1,5,7,400,"floor_sqrt_p",7,5,2,0.723404255319149
4,1,1,8,400,"floor_sqrt_p",2,5,2,0.768707482993197
4,1,1,8,400,"floor_sqrt_p",5,5,2,0.761904761904762
4,1,1,8,400,"floor_sqrt_p",7,5,2,0.775510204081633
4,1,2,8,400,"floor_sqrt_p",2,5,2,0.726027397260274
4,1,2,8,400,"floor_sqrt_p",5,5,2,0.746575342465753
4,1,2,8,400,"floor_sqrt_p",7,5,2,0.732876712328767
4,1,3,8,400,"floor_sqrt_p",2,5,2,0.756944444444444
4,1,3,8,400,"floor_sqrt_p",5,5,2,0.743055555555556
4,1,3,8,400,"floor_sqrt_p",7,5,2,0.743055555555556
4,1,4,8,400,"floor_sqrt_p",2,5,2,0.838028169014085
4,1,4,8,400,"floor_sqrt_p",5,5,2,0.845070422535211
4,1,4,8,400,"floor_sqrt_p",7,5,2,0.830985915492958
4,1,5,8,400,"floor_sqrt_p",2,5,2,0.75177304964539
4,1,5,8,400,"floor_sqrt_p",5,5,2,0.75177304964539
4,1,5,8,400,"floor_sqrt_p",7,5,2,0.75177304964539
4,1,1,9,400,"floor_sqrt_p",2,6,2,0.795918367346939
4,1,1,9,400,"floor_sqrt_p",5,6,2,0.80952380952381
4,1,1,9,400,"floor_sqrt_p",7,6,2,0.795918367346939
4,1,2,9,400,"floor_sqrt_p",2,5,2,0.746575342465753
4,1,2,9,400,"floor_sqrt_p",5,5,2,0.73972602739726
4,1,2,9,400,"floor_sqrt_p",7,5,2,0.719178082191781
4,1,3,9,400,"floor_sqrt_p",2,6,2,0.791666666666667
4,1,3,9,400,"floor_sqrt_p",5,6,2,0.791666666666667
4,1,3,9,400,"floor_sqrt_p",7,6,2,0.777777777777778
4,1,4,9,400,"floor_sqrt_p",2,6,2,0.816901408450704
4,1,4,9,400,"floor_sqrt_p",5,6,2,0.809859154929577
4,1,4,9,400,"floor_sqrt_p",7,6,2,0.802816901408451
4,1,5,9,400,"floor_sqrt_p",2,6,2,0.787234042553192
4,1,5,9,400,"floor_sqrt_p",5,6,2,0.794326241134752
4,1,5,9,400,"floor_sqrt_p",7,6,2,0.780141843971631
4,1,1,10,400,"floor_sqrt_p",2,6,2,0.761904761904762
4,1,1,10,400,"floor_sqrt_p",5,6,2,0.782312925170068
4,1,1,10,400,"floor_sqrt_p",7,6,2,0.782312925170068
4,1,2,10,400,"floor_sqrt_p",2,6,2,0.76027397260274
4,1,2,10,400,"floor_sqrt_p",5,6,2,0.773972602739726
4,1,2,10,400,"floor_sqrt_p",7,6,2,0.76027397260274
4,1,3,10,400,"floor_sqrt_p",2,6,2,0.791666666666667
4,1,3,10,400,"floor_sqrt_p",5,6,2,0.798611111111111
4,1,3,10,400,"floor_sqrt_p",7,6,2,0.791666666666667
4,1,4,10,400,"floor_sqrt_p",2,6,2,0.78169014084507
4,1,4,10,400,"floor_sqrt_p",5,6,2,0.78169014084507
4,1,4,10,400,"floor_sqrt_p",7,6,2,0.78169014084507
4,1,5,10,400,"floor_sqrt_p",2,6,2,0.74468085106383
4,1,5,10,400,"floor_sqrt_p",5,6,2,0.74468085106383
4,1,5,10,400,"floor_sqrt_p",7,6,2,0.73758865248227
4,1,1,11,400,"floor_sqrt_p",2,7,2,0.795918367346939
4,1,1,11,400,"floor_sqrt_p",5,7,2,0.795918367346939
4,1,1,11,400,"floor_sqrt_p",7,7,2,0.802721088435374
4,1,2,11,400,"floor_sqrt_p",2,6,2,0.753424657534247
4,1,2,11,400,"floor_sqrt_p",5,6,2,0.726027397260274
4,1,2,11,400,"floor_sqrt_p",7,6,2,0.73972602739726
4,1,3,11,400,"floor_sqrt_p",2,7,2,0.819444444444444
4,1,3,11,400,"floor_sqrt_p",5,7,2,0.805555555555556
4,1,3,11,400,"floor_sqrt_p",7,7,2,0.798611111111111
4,1,4,11,400,"floor_sqrt_p",2,7,2,0.816901408450704
4,1,4,11,400,"floor_sqrt_p",5,7,2,0.816901408450704
4,1,4,11,400,"floor_sqrt_p",7,7,2,0.795774647887324
4,1,5,11,400,"floor_sqrt_p",2,7,2,0.787234042553192
4,1,5,11,400,"floor_sqrt_p",5,7,2,0.780141843971631
4,1,5,11,400,"floor_sqrt_p",7,7,2,0.787234042553192
4,1,1,12,400,"floor_sqrt_p",2,7,2,0.748299319727891
4,1,1,12,400,"floor_sqrt_p",5,7,2,0.748299319727891
4,1,1,12,400,"floor_sqrt_p",7,7,2,0.755102040816326
4,1,2,12,400,"floor_sqrt_p",2,7,2,0.746575342465753
4,1,2,12,400,"floor_sqrt_p",5,7,2,0.73972602739726
4,1,2,12,400,"floor_sqrt_p",7,7,2,0.746575342465753
4,1,3,12,400,"floor_sqrt_p",2,7,2,0.784722222222222
4,1,3,12,400,"floor_sqrt_p",5,7,2,0.784722222222222
4,1,3,12,400,"floor_sqrt_p",7,7,2,0.777777777777778
4,1,4,12,400,"floor_sqrt_p",2,7,2,0.774647887323944
4,1,4,12,400,"floor_sqrt_p",5,7,2,0.774647887323944
4,1,4,12,400,"floor_sqrt_p",7,7,2,0.76056338028169
4,1,5,12,400,"floor_sqrt_p",2,7,2,0.74468085106383
4,1,5,12,400,"floor_sqrt_p",5,7,2,0.73758865248227
4,1,5,12,400,"floor_sqrt_p",7,7,2,0.75177304964539
4,1,1,13,400,"floor_sqrt_p",2,7,2,0.748299319727891
4,1,1,13,400,"floor_sqrt_p",5,7,2,0.727891156462585
4,1,1,13,400,"floor_sqrt_p",7,7,2,0.727891156462585
4,1,2,13,400,"floor_sqrt_p",2,7,2,0.732876712328767
4,1,2,13,400,"floor_sqrt_p",5,7,2,0.73972602739726
4,1,2,13,400,"floor_sqrt_p",7,7,2,0.726027397260274
4,1,3,13,400,"floor_sqrt_p",2,7,2,0.770833333333333
4,1,3,13,400,"floor_sqrt_p",5,7,2,0.763888888888889
4,1,3,13,400,"floor_sqrt_p",7,7,2,0.770833333333333
4,1,4,13,400,"floor_sqrt_p",2,7,2,0.788732394366197
4,1,4,13,400,"floor_sqrt_p",5,7,2,0.78169014084507
4,1,4,13,400,"floor_sqrt_p",7,7,2,0.78169014084507
4,1,5,13,400,"floor_sqrt_p",2,7,2,0.765957446808511
4,1,5,13,400,"floor_sqrt_p",5,7,2,0.74468085106383
4,1,5,13,400,"floor_sqrt_p",7,7,2,0.730496453900709
4,1,1,14,400,"floor_sqrt_p",2,7,2,0.73469387755102
4,1,1,14,400,"floor_sqrt_p",5,7,2,0.741496598639456
4,1,1,14,400,"floor_sqrt_p",7,7,2,0.73469387755102
4,1,2,14,400,"floor_sqrt_p",2,7,2,0.712328767123288
4,1,2,14,400,"floor_sqrt_p",5,7,2,0.719178082191781
4,1,2,14,400,"floor_sqrt_p",7,7,2,0.726027397260274
4,1,3,14,400,"floor_sqrt_p",2,8,2,0.756944444444444
4,1,3,14,400,"floor_sqrt_p",5,8,2,0.743055555555556
4,1,3,14,400,"floor_sqrt_p",7,8,2,0.736111111111111
4,1,4,14,400,"floor_sqrt_p",2,7,2,0.809859154929577
4,1,4,14,400,"floor_sqrt_p",5,7,2,0.809859154929577
4,1,4,14,400,"floor_sqrt_p",7,7,2,0.816901408450704
4,1,5,14,400,"floor_sqrt_p",2,7,2,0.787234042553192
4,1,5,14,400,"floor_sqrt_p",5,7,2,0.787234042553192
4,1,5,14,400,"floor_sqrt_p",7,7,2,0.787234042553192
4,1,1,15,400,"floor_sqrt_p",2,8,2,0.768707482993197
4,1,1,15,400,"floor_sqrt_p",5,8,2,0.768707482993197
4,1,1,15,400,"floor_sqrt_p",7,8,2,0.782312925170068
4,1,2,15,400,"floor_sqrt_p",2,8,2,0.73972602739726
4,1,2,15,400,"floor_sqrt_p",5,8,2,0.76027397260274
4,1,2,15,400,"floor_sqrt_p",7,8,2,0.732876712328767
4,1,3,15,400,"floor_sqrt_p",2,8,2,0.763888888888889
4,1,3,15,400,"floor_sqrt_p",5,8,2,0.770833333333333
4,1,3,15,400,"floor_sqrt_p",7,8,2,0.777777777777778
4,1,4,15,400,"floor_sqrt_p",2,8,2,0.802816901408451
4,1,4,15,400,"floor_sqrt_p",5,8,2,0.809859154929577
4,1,4,15,400,"floor_sqrt_p",7,8,2,0.802816901408451
4,1,5,15,400,"floor_sqrt_p",2,8,2,0.773049645390071
4,1,5,15,400,"floor_sqrt_p",5,8,2,0.780141843971631
4,1,5,15,400,"floor_sqrt_p",7,8,2,0.780141843971631
4,1,1,16,400,"floor_sqrt_p",2,8,2,0.768707482993197
4,1,1,16,400,"floor_sqrt_p",5,8,2,0.761904761904762
4,1,1,16,400,"floor_sqrt_p",7,8,2,0.755102040816326
4,1,2,16,400,"floor_sqrt_p",2,8,2,0.76027397260274
4,1,2,16,400,"floor_sqrt_p",5,8,2,0.767123287671233
4,1,2,16,400,"floor_sqrt_p",7,8,2,0.76027397260274
4,1,3,16,400,"floor_sqrt_p",2,8,2,0.770833333333333
4,1,3,16,400,"floor_sqrt_p",5,8,2,0.770833333333333
4,1,3,16,400,"floor_sqrt_p",7,8,2,0.770833333333333
4,1,4,16,400,"floor_sqrt_p",2,8,2,0.830985915492958
4,1,4,16,400,"floor_sqrt_p",5,8,2,0.838028169014085
4,1,4,16,400,"floor_sqrt_p",7,8,2,0.823943661971831
4,1,5,16,400,"floor_sqrt_p",2,8,2,0.74468085106383
4,1,5,16,400,"floor_sqrt_p",5,8,2,0.75886524822695
4,1,5,16,400,"floor_sqrt_p",7,8,2,0.75177304964539
4,1,1,17,400,"floor_sqrt_p",2,9,3,0.782312925170068
4,1,1,17,400,"floor_sqrt_p",5,9,3,0.775510204081633
4,1,1,17,400,"floor_sqrt_p",7,9,3,0.775510204081633
4,1,2,17,400,"floor_sqrt_p",2,8,2,0.732876712328767
4,1,2,17,400,"floor_sqrt_p",5,8,2,0.719178082191781
4,1,2,17,400,"floor_sqrt_p",7,8,2,0.719178082191781
4,1,3,17,400,"floor_sqrt_p",2,9,3,0.791666666666667
4,1,3,17,400,"floor_sqrt_p",5,9,3,0.784722222222222
4,1,3,17,400,"floor_sqrt_p",7,9,3,0.777777777777778
4,1,4,17,400,"floor_sqrt_p",2,9,3,0.823943661971831
4,1,4,17,400,"floor_sqrt_p",5,9,3,0.816901408450704
4,1,4,17,400,"floor_sqrt_p",7,9,3,0.809859154929577
4,1,5,17,400,"floor_sqrt_p",2,9,3,0.780141843971631
4,1,5,17,400,"floor_sqrt_p",5,9,3,0.765957446808511
4,1,5,17,400,"floor_sqrt_p",7,9,3,0.765957446808511
4,1,1,18,400,"floor_sqrt_p",2,9,3,0.761904761904762
4,1,1,18,400,"floor_sqrt_p",5,9,3,0.748299319727891
4,1,1,18,400,"floor_sqrt_p",7,9,3,0.755102040816326
4,1,2,18,400,"floor_sqrt_p",2,9,3,0.726027397260274
4,1,2,18,400,"floor_sqrt_p",5,9,3,0.73972602739726
4,1,2,18,400,"floor_sqrt_p",7,9,3,0.73972602739726
4,1,3,18,400,"floor_sqrt_p",2,9,3,0.770833333333333
4,1,3,18,400,"floor_sqrt_p",5,9,3,0.798611111111111
4,1,3,18,400,"floor_sqrt_p",7,9,3,0.777777777777778
4,1,4,18,400,"floor_sqrt_p",2,9,3,0.838028169014085
4,1,4,18,400,"floor_sqrt_p",5,9,3,0.809859154929577
4,1,4,18,400,"floor_sqrt_p",7,9,3,0.802816901408451
4,1,5,18,400,"floor_sqrt_p",2,9,3,0.75886524822695
4,1,5,18,400,"floor_sqrt_p",5,9,3,0.773049645390071
4,1,5,18,400,"floor_sqrt_p",7,9,3,0.773049645390071
4,1,1,19,400,"floor_sqrt_p",2,9,3,0.768707482993197
4,1,1,19,400,"floor_sqrt_p",5,9,3,0.775510204081633
4,1,1,19,400,"floor_sqrt_p",7,9,3,0.795918367346939
4,1,2,19,400,"floor_sqrt_p",2,9,3,0.698630136986301
4,1,2,19,400,"floor_sqrt_p",5,9,3,0.691780821917808
4,1,2,19,400,"floor_sqrt_p",7,9,3,0.671232876712329
4,1,3,19,400,"floor_sqrt_p",2,10,3,0.798611111111111
4,1,3,19,400,"floor_sqrt_p",5,10,3,0.798611111111111
4,1,3,19,400,"floor_sqrt_p",7,10,3,0.777777777777778
4,1,4,19,400,"floor_sqrt_p",2,9,3,0.78169014084507
4,1,4,19,400,"floor_sqrt_p",5,9,3,0.774647887323944
4,1,4,19,400,"floor_sqrt_p",7,9,3,0.774647887323944
4,1,5,19,400,"floor_sqrt_p",2,9,3,0.773049645390071
4,1,5,19,400,"floor_sqrt_p",5,9,3,0.787234042553192
4,1,5,19,400,"floor_sqrt_p",7,9,3,0.773049645390071
4,1,1,20,400,"floor_sqrt_p",2,10,3,0.775510204081633
4,1,1,20,400,"floor_sqrt_p",5,10,3,0.768707482993197
4,1,1,20,400,"floor_sqrt_p",7,10,3,0.782312925170068
4,1,2,20,400,"floor_sqrt_p",2,10,3,0.705479452054795
4,1,2,20,400,"floor_sqrt_p",5,10,3,0.712328767123288
4,1,2,20,400,"floor_sqrt_p",7,10,3,0.712328767123288
4,1,3,20,400,"floor_sqrt_p",2,10,3,0.770833333333333
4,1,3,20,400,"floor_sqrt_p",5,10,3,0.770833333333333
4,1,3,20,400,"floor_sqrt_p",7,10,3,0.763888888888889
4,1,4,20,400,"floor_sqrt_p",2,10,3,0.753521126760563
4,1,4,20,400,"floor_sqrt_p",5,10,3,0.78169014084507
4,1,4,20,400,"floor_sqrt_p",7,10,3,0.774647887323944
4,1,5,20,400,"floor_sqrt_p",2,10,3,0.75177304964539
4,1,5,20,400,"floor_sqrt_p",5,10,3,0.765957446808511
4,1,5,20,400,"floor_sqrt_p",7,10,3,0.75177304964539
4,2,1,6,400,"floor_sqrt_p",2,4,2,0.736486486486487
4,2,1,6,400,"floor_sqrt_p",5,4,2,0.743243243243243
4,2,1,6,400,"floor_sqrt_p",7,4,2,0.756756756756757
4,2,2,6,400,"floor_sqrt_p",2,4,2,0.73972602739726
4,2,2,6,400,"floor_sqrt_p",5,4,2,0.73972602739726
4,2,2,6,400,"floor_sqrt_p",7,4,2,0.726027397260274
4,2,3,6,400,"floor_sqrt_p",2,4,2,0.722222222222222
4,2,3,6,400,"floor_sqrt_p",5,4,2,0.736111111111111
4,2,3,6,400,"floor_sqrt_p",7,4,2,0.736111111111111
4,2,4,6,400,"floor_sqrt_p",2,4,2,0.73943661971831
4,2,4,6,400,"floor_sqrt_p",5,4,2,0.76056338028169
4,2,4,6,400,"floor_sqrt_p",7,4,2,0.753521126760563
4,2,5,6,400,"floor_sqrt_p",2,4,2,0.687943262411348
4,2,5,6,400,"floor_sqrt_p",5,4,2,0.680851063829787
4,2,5,6,400,"floor_sqrt_p",7,4,2,0.687943262411348
4,2,1,7,400,"floor_sqrt_p",2,5,2,0.72972972972973
4,2,1,7,400,"floor_sqrt_p",5,5,2,0.743243243243243
4,2,1,7,400,"floor_sqrt_p",7,5,2,0.72972972972973
4,2,2,7,400,"floor_sqrt_p",2,5,2,0.794520547945205
4,2,2,7,400,"floor_sqrt_p",5,5,2,0.780821917808219
4,2,2,7,400,"floor_sqrt_p",7,5,2,0.773972602739726
4,2,3,7,400,"floor_sqrt_p",2,5,2,0.722222222222222
4,2,3,7,400,"floor_sqrt_p",5,5,2,0.756944444444444
4,2,3,7,400,"floor_sqrt_p",7,5,2,0.763888888888889
4,2,4,7,400,"floor_sqrt_p",2,5,2,0.78169014084507
4,2,4,7,400,"floor_sqrt_p",5,5,2,0.767605633802817
4,2,4,7,400,"floor_sqrt_p",7,5,2,0.753521126760563
4,2,5,7,400,"floor_sqrt_p",2,5,2,0.73758865248227
4,2,5,7,400,"floor_sqrt_p",5,5,2,0.730496453900709
4,2,5,7,400,"floor_sqrt_p",7,5,2,0.73758865248227
4,2,1,8,400,"floor_sqrt_p",2,5,2,0.75
4,2,1,8,400,"floor_sqrt_p",5,5,2,0.75
4,2,1,8,400,"floor_sqrt_p",7,5,2,0.75
4,2,2,8,400,"floor_sqrt_p",2,5,2,0.801369863013699
4,2,2,8,400,"floor_sqrt_p",5,5,2,0.794520547945205
4,2,2,8,400,"floor_sqrt_p",7,5,2,0.794520547945205
4,2,3,8,400,"floor_sqrt_p",2,5,2,0.736111111111111
4,2,3,8,400,"floor_sqrt_p",5,5,2,0.75
4,2,3,8,400,"floor_sqrt_p",7,5,2,0.75
4,2,4,8,400,"floor_sqrt_p",2,5,2,0.767605633802817
4,2,4,8,400,"floor_sqrt_p",5,5,2,0.788732394366197
4,2,4,8,400,"floor_sqrt_p",7,5,2,0.788732394366197
4,2,5,8,400,"floor_sqrt_p",2,5,2,0.730496453900709
4,2,5,8,400,"floor_sqrt_p",5,5,2,0.723404255319149
4,2,5,8,400,"floor_sqrt_p",7,5,2,0.730496453900709
4,2,1,9,400,"floor_sqrt_p",2,6,2,0.777027027027027
4,2,1,9,400,"floor_sqrt_p",5,6,2,0.797297297297297
4,2,1,9,400,"floor_sqrt_p",7,6,2,0.790540540540541
4,2,2,9,400,"floor_sqrt_p",2,6,2,0.801369863013699
4,2,2,9,400,"floor_sqrt_p",5,6,2,0.801369863013699
4,2,2,9,400,"floor_sqrt_p",7,6,2,0.794520547945205
4,2,3,9,400,"floor_sqrt_p",2,6,2,0.770833333333333
4,2,3,9,400,"floor_sqrt_p",5,6,2,0.763888888888889
4,2,3,9,400,"floor_sqrt_p",7,6,2,0.777777777777778
4,2,4,9,400,"floor_sqrt_p",2,6,2,0.767605633802817
4,2,4,9,400,"floor_sqrt_p",5,6,2,0.774647887323944
4,2,4,9,400,"floor_sqrt_p",7,6,2,0.767605633802817
4,2,5,9,400,"floor_sqrt_p",2,6,2,0.780141843971631
4,2,5,9,400,"floor_sqrt_p",5,6,2,0.765957446808511
4,2,5,9,400,"floor_sqrt_p",7,6,2,0.75886524822695
4,2,1,10,400,"floor_sqrt_p",2,7,2,0.777027027027027
4,2,1,10,400,"floor_sqrt_p",5,7,2,0.77027027027027
4,2,1,10,400,"floor_sqrt_p",7,7,2,0.783783783783784
4,2,2,10,400,"floor_sqrt_p",2,6,2,0.808219178082192
4,2,2,10,400,"floor_sqrt_p",5,6,2,0.815068493150685
4,2,2,10,400,"floor_sqrt_p",7,6,2,0.801369863013699
4,2,3,10,400,"floor_sqrt_p",2,6,2,0.743055555555556
4,2,3,10,400,"floor_sqrt_p",5,6,2,0.777777777777778
4,2,3,10,400,"floor_sqrt_p",7,6,2,0.743055555555556
4,2,4,10,400,"floor_sqrt_p",2,6,2,0.76056338028169
4,2,4,10,400,"floor_sqrt_p",5,6,2,0.774647887323944
4,2,4,10,400,"floor_sqrt_p",7,6,2,0.78169014084507
4,2,5,10,400,"floor_sqrt_p",2,7,2,0.730496453900709
4,2,5,10,400,"floor_sqrt_p",5,7,2,0.716312056737589
4,2,5,10,400,"floor_sqrt_p",7,7,2,0.73758865248227
4,2,1,11,400,"floor_sqrt_p",2,7,2,0.756756756756757
4,2,1,11,400,"floor_sqrt_p",5,7,2,0.756756756756757
4,2,1,11,400,"floor_sqrt_p",7,7,2,0.777027027027027
4,2,2,11,400,"floor_sqrt_p",2,7,2,0.787671232876712
4,2,2,11,400,"floor_sqrt_p",5,7,2,0.787671232876712
4,2,2,11,400,"floor_sqrt_p",7,7,2,0.787671232876712
4,2,3,11,400,"floor_sqrt_p",2,7,2,0.763888888888889
4,2,3,11,400,"floor_sqrt_p",5,7,2,0.763888888888889
4,2,3,11,400,"floor_sqrt_p",7,7,2,0.756944444444444
4,2,4,11,400,"floor_sqrt_p",2,7,2,0.788732394366197
4,2,4,11,400,"floor_sqrt_p",5,7,2,0.774647887323944
4,2,4,11,400,"floor_sqrt_p",7,7,2,0.76056338028169
4,2,5,11,400,"floor_sqrt_p",2,7,2,0.75177304964539
4,2,5,11,400,"floor_sqrt_p",5,7,2,0.75886524822695
4,2,5,11,400,"floor_sqrt_p",7,7,2,0.73758865248227
4,2,1,12,400,"floor_sqrt_p",2,7,2,0.783783783783784
4,2,1,12,400,"floor_sqrt_p",5,7,2,0.777027027027027
4,2,1,12,400,"floor_sqrt_p",7,7,2,0.790540540540541
4,2,2,12,400,"floor_sqrt_p",2,7,2,0.767123287671233
4,2,2,12,400,"floor_sqrt_p",5,7,2,0.787671232876712
4,2,2,12,400,"floor_sqrt_p",7,7,2,0.780821917808219
4,2,3,12,400,"floor_sqrt_p",2,7,2,0.763888888888889
4,2,3,12,400,"floor_sqrt_p",5,7,2,0.770833333333333
4,2,3,12,400,"floor_sqrt_p",7,7,2,0.763888888888889
4,2,4,12,400,"floor_sqrt_p",2,7,2,0.767605633802817
4,2,4,12,400,"floor_sqrt_p",5,7,2,0.746478873239437
4,2,4,12,400,"floor_sqrt_p",7,7,2,0.774647887323944
4,2,5,12,400,"floor_sqrt_p",2,7,2,0.773049645390071
4,2,5,12,400,"floor_sqrt_p",5,7,2,0.780141843971631
4,2,5,12,400,"floor_sqrt_p",7,7,2,0.75886524822695
4,2,1,13,400,"floor_sqrt_p",2,8,2,0.804054054054054
4,2,1,13,400,"floor_sqrt_p",5,8,2,0.790540540540541
4,2,1,13,400,"floor_sqrt_p",7,8,2,0.790540540540541
4,2,2,13,400,"floor_sqrt_p",2,7,2,0.767123287671233
4,2,2,13,400,"floor_sqrt_p",5,7,2,0.773972602739726
4,2,2,13,400,"floor_sqrt_p",7,7,2,0.773972602739726
4,2,3,13,400,"floor_sqrt_p",2,7,2,0.729166666666667
4,2,3,13,400,"floor_sqrt_p",5,7,2,0.722222222222222
4,2,3,13,400,"floor_sqrt_p",7,7,2,0.708333333333333
4,2,4,13,400,"floor_sqrt_p",2,7,2,0.76056338028169
4,2,4,13,400,"floor_sqrt_p",5,7,2,0.753521126760563
4,2,4,13,400,"floor_sqrt_p",7,7,2,0.753521126760563
4,2,5,13,400,"floor_sqrt_p",2,8,2,0.808510638297872
4,2,5,13,400,"floor_sqrt_p",5,8,2,0.808510638297872
4,2,5,13,400,"floor_sqrt_p",7,8,2,0.836879432624113
4,2,1,14,400,"floor_sqrt_p",2,8,2,0.810810810810811
4,2,1,14,400,"floor_sqrt_p",5,8,2,0.804054054054054
4,2,1,14,400,"floor_sqrt_p",7,8,2,0.797297297297297
4,2,2,14,400,"floor_sqrt_p",2,8,2,0.746575342465753
4,2,2,14,400,"floor_sqrt_p",5,8,2,0.767123287671233
4,2,2,14,400,"floor_sqrt_p",7,8,2,0.767123287671233
4,2,3,14,400,"floor_sqrt_p",2,7,2,0.75
4,2,3,14,400,"floor_sqrt_p",5,7,2,0.756944444444444
4,2,3,14,400,"floor_sqrt_p",7,7,2,0.722222222222222
4,2,4,14,400,"floor_sqrt_p",2,8,2,0.76056338028169
4,2,4,14,400,"floor_sqrt_p",5,8,2,0.753521126760563
4,2,4,14,400,"floor_sqrt_p",7,8,2,0.73943661971831
4,2,5,14,400,"floor_sqrt_p",2,8,2,0.808510638297872
4,2,5,14,400,"floor_sqrt_p",5,8,2,0.801418439716312
4,2,5,14,400,"floor_sqrt_p",7,8,2,0.787234042553192
4,2,1,15,400,"floor_sqrt_p",2,8,2,0.797297297297297
4,2,1,15,400,"floor_sqrt_p",5,8,2,0.797297297297297
4,2,1,15,400,"floor_sqrt_p",7,8,2,0.763513513513513
4,2,2,15,400,"floor_sqrt_p",2,8,2,0.787671232876712
4,2,2,15,400,"floor_sqrt_p",5,8,2,0.753424657534247
4,2,2,15,400,"floor_sqrt_p",7,8,2,0.767123287671233
4,2,3,15,400,"floor_sqrt_p",2,8,2,0.722222222222222
4,2,3,15,400,"floor_sqrt_p",5,8,2,0.743055555555556
4,2,3,15,400,"floor_sqrt_p",7,8,2,0.75
4,2,4,15,400,"floor_sqrt_p",2,8,2,0.767605633802817
4,2,4,15,400,"floor_sqrt_p",5,8,2,0.788732394366197
4,2,4,15,400,"floor_sqrt_p",7,8,2,0.753521126760563
4,2,5,15,400,"floor_sqrt_p",2,8,2,0.794326241134752
4,2,5,15,400,"floor_sqrt_p",5,8,2,0.822695035460993
4,2,5,15,400,"floor_sqrt_p",7,8,2,0.801418439716312
4,2,1,16,400,"floor_sqrt_p",2,9,3,0.77027027027027
4,2,1,16,400,"floor_sqrt_p",5,9,3,0.743243243243243
4,2,1,16,400,"floor_sqrt_p",7,9,3,0.756756756756757
4,2,2,16,400,"floor_sqrt_p",2,8,2,0.773972602739726
4,2,2,16,400,"floor_sqrt_p",5,8,2,0.767123287671233
4,2,2,16,400,"floor_sqrt_p",7,8,2,0.753424657534247
4,2,3,16,400,"floor_sqrt_p",2,8,2,0.729166666666667
4,2,3,16,400,"floor_sqrt_p",5,8,2,0.708333333333333
4,2,3,16,400,"floor_sqrt_p",7,8,2,0.715277777777778
4,2,4,16,400,"floor_sqrt_p",2,8,2,0.73943661971831
4,2,4,16,400,"floor_sqrt_p",5,8,2,0.753521126760563
4,2,4,16,400,"floor_sqrt_p",7,8,2,0.76056338028169
4,2,5,16,400,"floor_sqrt_p",2,9,3,0.780141843971631
4,2,5,16,400,"floor_sqrt_p",5,9,3,0.773049645390071
4,2,5,16,400,"floor_sqrt_p",7,9,3,0.808510638297872
4,2,1,17,400,"floor_sqrt_p",2,9,3,0.756756756756757
4,2,1,17,400,"floor_sqrt_p",5,9,3,0.736486486486487
4,2,1,17,400,"floor_sqrt_p",7,9,3,0.756756756756757
4,2,2,17,400,"floor_sqrt_p",2,9,3,0.73972602739726
4,2,2,17,400,"floor_sqrt_p",5,9,3,0.732876712328767
4,2,2,17,400,"floor_sqrt_p",7,9,3,0.746575342465753
4,2,3,17,400,"floor_sqrt_p",2,8,2,0.715277777777778
4,2,3,17,400,"floor_sqrt_p",5,8,2,0.694444444444444
4,2,3,17,400,"floor_sqrt_p",7,8,2,0.673611111111111
4,2,4,17,400,"floor_sqrt_p",2,9,3,0.76056338028169
4,2,4,17,400,"floor_sqrt_p",5,9,3,0.753521126760563
4,2,4,17,400,"floor_sqrt_p",7,9,3,0.746478873239437
4,2,5,17,400,"floor_sqrt_p",2,9,3,0.780141843971631
4,2,5,17,400,"floor_sqrt_p",5,9,3,0.780141843971631
4,2,5,17,400,"floor_sqrt_p",7,9,3,0.780141843971631
4,2,1,18,400,"floor_sqrt_p",2,9,3,0.783783783783784
4,2,1,18,400,"floor_sqrt_p",5,9,3,0.763513513513513
4,2,1,18,400,"floor_sqrt_p",7,9,3,0.783783783783784
4,2,2,18,400,"floor_sqrt_p",2,9,3,0.746575342465753
4,2,2,18,400,"floor_sqrt_p",5,9,3,0.73972602739726
4,2,2,18,400,"floor_sqrt_p",7,9,3,0.732876712328767
4,2,3,18,400,"floor_sqrt_p",2,9,3,0.694444444444444
4,2,3,18,400,"floor_sqrt_p",5,9,3,0.673611111111111
4,2,3,18,400,"floor_sqrt_p",7,9,3,0.6875
4,2,4,18,400,"floor_sqrt_p",2,9,3,0.746478873239437
4,2,4,18,400,"floor_sqrt_p",5,9,3,0.73943661971831
4,2,4,18,400,"floor_sqrt_p",7,9,3,0.73943661971831
4,2,5,18,400,"floor_sqrt_p",2,9,3,0.794326241134752
4,2,5,18,400,"floor_sqrt_p",5,9,3,0.815602836879433
4,2,5,18,400,"floor_sqrt_p",7,9,3,0.794326241134752
4,2,1,19,400,"floor_sqrt_p",2,10,3,0.777027027027027
4,2,1,19,400,"floor_sqrt_p",5,10,3,0.777027027027027
4,2,1,19,400,"floor_sqrt_p",7,10,3,0.77027027027027
4,2,2,19,400,"floor_sqrt_p",2,10,3,0.76027397260274
4,2,2,19,400,"floor_sqrt_p",5,10,3,0.746575342465753
4,2,2,19,400,"floor_sqrt_p",7,10,3,0.73972602739726
4,2,3,19,400,"floor_sqrt_p",2,9,3,0.701388888888889
4,2,3,19,400,"floor_sqrt_p",5,9,3,0.701388888888889
4,2,3,19,400,"floor_sqrt_p",7,9,3,0.694444444444444
4,2,4,19,400,"floor_sqrt_p",2,10,3,0.753521126760563
4,2,4,19,400,"floor_sqrt_p",5,10,3,0.732394366197183
4,2,4,19,400,"floor_sqrt_p",7,10,3,0.746478873239437
4,2,5,19,400,"floor_sqrt_p",2,10,3,0.780141843971631
4,2,5,19,400,"floor_sqrt_p",5,10,3,0.780141843971631
4,2,5,19,400,"floor_sqrt_p",7,10,3,0.801418439716312
4,2,1,20,400,"floor_sqrt_p",2,10,3,0.783783783783784
4,2,1,20,400,"floor_sqrt_p",5,10,3,0.756756756756757
4,2,1,20,400,"floor_sqrt_p",7,10,3,0.77027027027027
4,2,2,20,400,"floor_sqrt_p",2,10,3,0.767123287671233
4,2,2,20,400,"floor_sqrt_p",5,10,3,0.746575342465753
4,2,2,20,400,"floor_sqrt_p",7,10,3,0.753424657534247
4,2,3,20,400,"floor_sqrt_p",2,9,3,0.708333333333333
4,2,3,20,400,"floor_sqrt_p",5,9,3,0.708333333333333
4,2,3,20,400,"floor_sqrt_p",7,9,3,0.715277777777778
4,2,4,20,400,"floor_sqrt_p",2,10,3,0.746478873239437
4,2,4,20,400,"floor_sqrt_p",5,10,3,0.73943661971831
4,2,4,20,400,"floor_sqrt_p",7,10,3,0.73943661971831
4,2,5,20,400,"floor_sqrt_p",2,10,3,0.780141843971631
4,2,5,20,400,"floor_sqrt_p",5,10,3,0.794326241134752
4,2,5,20,400,"floor_sqrt_p",7,10,3,0.794326241134752
4,3,1,6,400,"floor_sqrt_p",2,4,2,0.758389261744966
4,3,1,6,400,"floor_sqrt_p",5,4,2,0.74496644295302
4,3,1,6,400,"floor_sqrt_p",7,4,2,0.751677852348993
4,3,2,6,400,"floor_sqrt_p",2,4,2,0.727891156462585
4,3,2,6,400,"floor_sqrt_p",5,4,2,0.714285714285714
4,3,2,6,400,"floor_sqrt_p",7,4,2,0.714285714285714
4,3,3,6,400,"floor_sqrt_p",2,4,2,0.708333333333333
4,3,3,6,400,"floor_sqrt_p",5,4,2,0.715277777777778
4,3,3,6,400,"floor_sqrt_p",7,4,2,0.708333333333333
4,3,4,6,400,"floor_sqrt_p",2,4,2,0.753521126760563
4,3,4,6,400,"floor_sqrt_p",5,4,2,0.746478873239437
4,3,4,6,400,"floor_sqrt_p",7,4,2,0.767605633802817
4,3,5,6,400,"floor_sqrt_p",2,4,2,0.753521126760563
4,3,5,6,400,"floor_sqrt_p",5,4,2,0.753521126760563
4,3,5,6,400,"floor_sqrt_p",7,4,2,0.753521126760563
4,3,1,7,400,"floor_sqrt_p",2,5,2,0.724832214765101
4,3,1,7,400,"floor_sqrt_p",5,5,2,0.724832214765101
4,3,1,7,400,"floor_sqrt_p",7,5,2,0.724832214765101
4,3,2,7,400,"floor_sqrt_p",2,5,2,0.741496598639456
4,3,2,7,400,"floor_sqrt_p",5,5,2,0.741496598639456
4,3,2,7,400,"floor_sqrt_p",7,5,2,0.741496598639456
4,3,3,7,400,"floor_sqrt_p",2,5,2,0.736111111111111
4,3,3,7,400,"floor_sqrt_p",5,5,2,0.743055555555556
4,3,3,7,400,"floor_sqrt_p",7,5,2,0.743055555555556
4,3,4,7,400,"floor_sqrt_p",2,5,2,0.809859154929577
4,3,4,7,400,"floor_sqrt_p",5,5,2,0.802816901408451
4,3,4,7,400,"floor_sqrt_p",7,5,2,0.795774647887324
4,3,5,7,400,"floor_sqrt_p",2,5,2,0.753521126760563
4,3,5,7,400,"floor_sqrt_p",5,5,2,0.746478873239437
4,3,5,7,400,"floor_sqrt_p",7,5,2,0.76056338028169
4,3,1,8,400,"floor_sqrt_p",2,5,2,0.758389261744966
4,3,1,8,400,"floor_sqrt_p",5,5,2,0.751677852348993
4,3,1,8,400,"floor_sqrt_p",7,5,2,0.758389261744966
4,3,2,8,400,"floor_sqrt_p",2,5,2,0.775510204081633
4,3,2,8,400,"floor_sqrt_p",5,5,2,0.775510204081633
4,3,2,8,400,"floor_sqrt_p",7,5,2,0.768707482993197
4,3,3,8,400,"floor_sqrt_p",2,5,2,0.75
4,3,3,8,400,"floor_sqrt_p",5,5,2,0.743055555555556
4,3,3,8,400,"floor_sqrt_p",7,5,2,0.736111111111111
4,3,4,8,400,"floor_sqrt_p",2,5,2,0.795774647887324
4,3,4,8,400,"floor_sqrt_p",5,5,2,0.788732394366197
4,3,4,8,400,"floor_sqrt_p",7,5,2,0.795774647887324
4,3,5,8,400,"floor_sqrt_p",2,5,2,0.774647887323944
4,3,5,8,400,"floor_sqrt_p",5,5,2,0.802816901408451
4,3,5,8,400,"floor_sqrt_p",7,5,2,0.795774647887324
4,3,1,9,400,"floor_sqrt_p",2,6,2,0.785234899328859
4,3,1,9,400,"floor_sqrt_p",5,6,2,0.771812080536913
4,3,1,9,400,"floor_sqrt_p",7,6,2,0.778523489932886
4,3,2,9,400,"floor_sqrt_p",2,6,2,0.761904761904762
4,3,2,9,400,"floor_sqrt_p",5,6,2,0.775510204081633
4,3,2,9,400,"floor_sqrt_p",7,6,2,0.775510204081633
4,3,3,9,400,"floor_sqrt_p",2,6,2,0.701388888888889
4,3,3,9,400,"floor_sqrt_p",5,6,2,0.715277777777778
4,3,3,9,400,"floor_sqrt_p",7,6,2,0.708333333333333
4,3,4,9,400,"floor_sqrt_p",2,6,2,0.809859154929577
4,3,4,9,400,"floor_sqrt_p",5,6,2,0.809859154929577
4,3,4,9,400,"floor_sqrt_p",7,6,2,0.788732394366197
4,3,5,9,400,"floor_sqrt_p",2,6,2,0.838028169014085
4,3,5,9,400,"floor_sqrt_p",5,6,2,0.845070422535211
4,3,5,9,400,"floor_sqrt_p",7,6,2,0.838028169014085
4,3,1,10,400,"floor_sqrt_p",2,6,2,0.76510067114094
4,3,1,10,400,"floor_sqrt_p",5,6,2,0.76510067114094
4,3,1,10,400,"floor_sqrt_p",7,6,2,0.771812080536913
4,3,2,10,400,"floor_sqrt_p",2,6,2,0.741496598639456
4,3,2,10,400,"floor_sqrt_p",5,6,2,0.755102040816326
4,3,2,10,400,"floor_sqrt_p",7,6,2,0.748299319727891
4,3,3,10,400,"floor_sqrt_p",2,6,2,0.715277777777778
4,3,3,10,400,"floor_sqrt_p",5,6,2,0.75
4,3,3,10,400,"floor_sqrt_p",7,6,2,0.722222222222222
4,3,4,10,400,"floor_sqrt_p",2,6,2,0.816901408450704
4,3,4,10,400,"floor_sqrt_p",5,6,2,0.802816901408451
4,3,4,10,400,"floor_sqrt_p",7,6,2,0.795774647887324
4,3,5,10,400,"floor_sqrt_p",2,6,2,0.830985915492958
4,3,5,10,400,"floor_sqrt_p",5,6,2,0.823943661971831
4,3,5,10,400,"floor_sqrt_p",7,6,2,0.823943661971831
4,3,1,11,400,"floor_sqrt_p",2,7,2,0.791946308724832
4,3,1,11,400,"floor_sqrt_p",5,7,2,0.771812080536913
4,3,1,11,400,"floor_sqrt_p",7,7,2,0.778523489932886
4,3,2,11,400,"floor_sqrt_p",2,7,2,0.741496598639456
4,3,2,11,400,"floor_sqrt_p",5,7,2,0.761904761904762
4,3,2,11,400,"floor_sqrt_p",7,7,2,0.741496598639456
4,3,3,11,400,"floor_sqrt_p",2,7,2,0.715277777777778
4,3,3,11,400,"floor_sqrt_p",5,7,2,0.701388888888889
4,3,3,11,400,"floor_sqrt_p",7,7,2,0.715277777777778
4,3,4,11,400,"floor_sqrt_p",2,7,2,0.816901408450704
4,3,4,11,400,"floor_sqrt_p",5,7,2,0.795774647887324
4,3,4,11,400,"floor_sqrt_p",7,7,2,0.802816901408451
4,3,5,11,400,"floor_sqrt_p",2,7,2,0.802816901408451
4,3,5,11,400,"floor_sqrt_p",5,7,2,0.795774647887324
4,3,5,11,400,"floor_sqrt_p",7,7,2,0.788732394366197
4,3,1,12,400,"floor_sqrt_p",2,7,2,0.751677852348993
4,3,1,12,400,"floor_sqrt_p",5,7,2,0.74496644295302
4,3,1,12,400,"floor_sqrt_p",7,7,2,0.738255033557047
4,3,2,12,400,"floor_sqrt_p",2,7,2,0.748299319727891
4,3,2,12,400,"floor_sqrt_p",5,7,2,0.755102040816326
4,3,2,12,400,"floor_sqrt_p",7,7,2,0.741496598639456
4,3,3,12,400,"floor_sqrt_p",2,7,2,0.708333333333333
4,3,3,12,400,"floor_sqrt_p",5,7,2,0.708333333333333
4,3,3,12,400,"floor_sqrt_p",7,7,2,0.708333333333333
4,3,4,12,400,"floor_sqrt_p",2,7,2,0.746478873239437
4,3,4,12,400,"floor_sqrt_p",5,7,2,0.746478873239437
4,3,4,12,400,"floor_sqrt_p",7,7,2,0.753521126760563
4,3,5,12,400,"floor_sqrt_p",2,7,2,0.823943661971831
4,3,5,12,400,"floor_sqrt_p",5,7,2,0.823943661971831
4,3,5,12,400,"floor_sqrt_p",7,7,2,0.823943661971831
4,3,1,13,400,"floor_sqrt_p",2,7,2,0.724832214765101
4,3,1,13,400,"floor_sqrt_p",5,7,2,0.724832214765101
4,3,1,13,400,"floor_sqrt_p",7,7,2,0.718120805369127
4,3,2,13,400,"floor_sqrt_p",2,7,2,0.761904761904762
4,3,2,13,400,"floor_sqrt_p",5,7,2,0.755102040816326
4,3,2,13,400,"floor_sqrt_p",7,7,2,0.755102040816326
4,3,3,13,400,"floor_sqrt_p",2,7,2,0.722222222222222
4,3,3,13,400,"floor_sqrt_p",5,7,2,0.708333333333333
4,3,3,13,400,"floor_sqrt_p",7,7,2,0.6875
4,3,4,13,400,"floor_sqrt_p",2,7,2,0.774647887323944
4,3,4,13,400,"floor_sqrt_p",5,7,2,0.774647887323944
4,3,4,13,400,"floor_sqrt_p",7,7,2,0.767605633802817
4,3,5,13,400,"floor_sqrt_p",2,7,2,0.802816901408451
4,3,5,13,400,"floor_sqrt_p",5,7,2,0.802816901408451
4,3,5,13,400,"floor_sqrt_p",7,7,2,0.795774647887324
4,3,1,14,400,"floor_sqrt_p",2,8,2,0.751677852348993
4,3,1,14,400,"floor_sqrt_p",5,8,2,0.758389261744966
4,3,1,14,400,"floor_sqrt_p",7,8,2,0.738255033557047
4,3,2,14,400,"floor_sqrt_p",2,8,2,0.775510204081633
4,3,2,14,400,"floor_sqrt_p",5,8,2,0.768707482993197
4,3,2,14,400,"floor_sqrt_p",7,8,2,0.768707482993197
4,3,3,14,400,"floor_sqrt_p",2,7,2,0.701388888888889
4,3,3,14,400,"floor_sqrt_p",5,7,2,0.708333333333333
4,3,3,14,400,"floor_sqrt_p",7,7,2,0.701388888888889
4,3,4,14,400,"floor_sqrt_p",2,8,2,0.78169014084507
4,3,4,14,400,"floor_sqrt_p",5,8,2,0.753521126760563
4,3,4,14,400,"floor_sqrt_p",7,8,2,0.753521126760563
4,3,5,14,400,"floor_sqrt_p",2,8,2,0.802816901408451
4,3,5,14,400,"floor_sqrt_p",5,8,2,0.823943661971831
4,3,5,14,400,"floor_sqrt_p",7,8,2,0.816901408450704
4,3,1,15,400,"floor_sqrt_p",2,8,2,0.74496644295302
4,3,1,15,400,"floor_sqrt_p",5,8,2,0.738255033557047
4,3,1,15,400,"floor_sqrt_p",7,8,2,0.731543624161074
4,3,2,15,400,"floor_sqrt_p",2,8,2,0.768707482993197
4,3,2,15,400,"floor_sqrt_p",5,8,2,0.761904761904762
4,3,2,15,400,"floor_sqrt_p",7,8,2,0.768707482993197
4,3,3,15,400,"floor_sqrt_p",2,8,2,0.75
4,3,3,15,400,"floor_sqrt_p",5,8,2,0.743055555555556
4,3,3,15,400,"floor_sqrt_p",7,8,2,0.736111111111111
4,3,4,15,400,"floor_sqrt_p",2,8,2,0.774647887323944
4,3,4,15,400,"floor_sqrt_p",5,8,2,0.774647887323944
4,3,4,15,400,"floor_sqrt_p",7,8,2,0.767605633802817
4,3,5,15,400,"floor_sqrt_p",2,8,2,0.809859154929577
4,3,5,15,400,"floor_sqrt_p",5,8,2,0.809859154929577
4,3,5,15,400,"floor_sqrt_p",7,8,2,0.823943661971831
4,3,1,16,400,"floor_sqrt_p",2,9,3,0.738255033557047
4,3,1,16,400,"floor_sqrt_p",5,9,3,0.731543624161074
4,3,1,16,400,"floor_sqrt_p",7,9,3,0.724832214765101
4,3,2,16,400,"floor_sqrt_p",2,8,2,0.755102040816326
4,3,2,16,400,"floor_sqrt_p",5,8,2,0.741496598639456
4,3,2,16,400,"floor_sqrt_p",7,8,2,0.748299319727891
4,3,3,16,400,"floor_sqrt_p",2,8,2,0.729166666666667
4,3,3,16,400,"floor_sqrt_p",5,8,2,0.715277777777778
4,3,3,16,400,"floor_sqrt_p",7,8,2,0.736111111111111
4,3,4,16,400,"floor_sqrt_p",2,8,2,0.774647887323944
4,3,4,16,400,"floor_sqrt_p",5,8,2,0.767605633802817
4,3,4,16,400,"floor_sqrt_p",7,8,2,0.76056338028169
4,3,5,16,400,"floor_sqrt_p",2,8,2,0.809859154929577
4,3,5,16,400,"floor_sqrt_p",5,8,2,0.809859154929577
4,3,5,16,400,"floor_sqrt_p",7,8,2,0.788732394366197
4,3,1,17,400,"floor_sqrt_p",2,9,3,0.724832214765101
4,3,1,17,400,"floor_sqrt_p",5,9,3,0.711409395973154
4,3,1,17,400,"floor_sqrt_p",7,9,3,0.704697986577181
4,3,2,17,400,"floor_sqrt_p",2,9,3,0.73469387755102
4,3,2,17,400,"floor_sqrt_p",5,9,3,0.727891156462585
4,3,2,17,400,"floor_sqrt_p",7,9,3,0.748299319727891
4,3,3,17,400,"floor_sqrt_p",2,9,3,0.729166666666667
4,3,3,17,400,"floor_sqrt_p",5,9,3,0.722222222222222
4,3,3,17,400,"floor_sqrt_p",7,9,3,0.722222222222222
4,3,4,17,400,"floor_sqrt_p",2,9,3,0.788732394366197
4,3,4,17,400,"floor_sqrt_p",5,9,3,0.76056338028169
4,3,4,17,400,"floor_sqrt_p",7,9,3,0.753521126760563
4,3,5,17,400,"floor_sqrt_p",2,9,3,0.802816901408451
4,3,5,17,400,"floor_sqrt_p",5,9,3,0.78169014084507
4,3,5,17,400,"floor_sqrt_p",7,9,3,0.788732394366197
4,3,1,18,400,"floor_sqrt_p",2,9,3,0.704697986577181
4,3,1,18,400,"floor_sqrt_p",5,9,3,0.704697986577181
4,3,1,18,400,"floor_sqrt_p",7,9,3,0.704697986577181
4,3,2,18,400,"floor_sqrt_p",2,9,3,0.73469387755102
4,3,2,18,400,"floor_sqrt_p",5,9,3,0.741496598639456
4,3,2,18,400,"floor_sqrt_p",7,9,3,0.72108843537415
4,3,3,18,400,"floor_sqrt_p",2,9,3,0.75
4,3,3,18,400,"floor_sqrt_p",5,9,3,0.708333333333333
4,3,3,18,400,"floor_sqrt_p",7,9,3,0.715277777777778
4,3,4,18,400,"floor_sqrt_p",2,9,3,0.767605633802817
4,3,4,18,400,"floor_sqrt_p",5,9,3,0.732394366197183
4,3,4,18,400,"floor_sqrt_p",7,9,3,0.746478873239437
4,3,5,18,400,"floor_sqrt_p",2,9,3,0.795774647887324
4,3,5,18,400,"floor_sqrt_p",5,9,3,0.788732394366197
4,3,5,18,400,"floor_sqrt_p",7,9,3,0.809859154929577
4,3,1,19,400,"floor_sqrt_p",2,10,3,0.704697986577181
4,3,1,19,400,"floor_sqrt_p",5,10,3,0.718120805369127
4,3,1,19,400,"floor_sqrt_p",7,10,3,0.711409395973154
4,3,2,19,400,"floor_sqrt_p",2,9,3,0.748299319727891
4,3,2,19,400,"floor_sqrt_p",5,9,3,0.741496598639456
4,3,2,19,400,"floor_sqrt_p",7,9,3,0.741496598639456
4,3,3,19,400,"floor_sqrt_p",2,10,3,0.722222222222222
4,3,3,19,400,"floor_sqrt_p",5,10,3,0.743055555555556
4,3,3,19,400,"floor_sqrt_p",7,10,3,0.729166666666667
4,3,4,19,400,"floor_sqrt_p",2,10,3,0.73943661971831
4,3,4,19,400,"floor_sqrt_p",5,10,3,0.697183098591549
4,3,4,19,400,"floor_sqrt_p",7,10,3,0.711267605633803
4,3,5,19,400,"floor_sqrt_p",2,10,3,0.823943661971831
4,3,5,19,400,"floor_sqrt_p",5,10,3,0.809859154929577
4,3,5,19,400,"floor_sqrt_p",7,10,3,0.795774647887324
4,3,1,20,400,"floor_sqrt_p",2,10,3,0.697986577181208
4,3,1,20,400,"floor_sqrt_p",5,10,3,0.684563758389262
4,3,1,20,400,"floor_sqrt_p",7,10,3,0.704697986577181
4,3,2,20,400,"floor_sqrt_p",2,10,3,0.741496598639456
4,3,2,20,400,"floor_sqrt_p",5,10,3,0.748299319727891
4,3,2,20,400,"floor_sqrt_p",7,10,3,0.714285714285714
4,3,3,20,400,"floor_sqrt_p",2,10,3,0.715277777777778
4,3,3,20,400,"floor_sqrt_p",5,10,3,0.722222222222222
4,3,3,20,400,"floor_sqrt_p",7,10,3,0.701388888888889
4,3,4,20,400,"floor_sqrt_p",2,10,3,0.746478873239437
4,3,4,20,400,"floor_sqrt_p",5,10,3,0.73943661971831
4,3,4,20,400,"floor_sqrt_p",7,10,3,0.725352112676056
4,3,5,20,400,"floor_sqrt_p",2,10,3,0.809859154929577
4,3,5,20,400,"floor_sqrt_p",5,10,3,0.774647887323944
4,3,5,20,400,"floor_sqrt_p",7,10,3,0.795774647887324
4,4,1,6,400,"floor_sqrt_p",2,4,2,0.724832214765101
4,4,1,6,400,"floor_sqrt_p",5,4,2,0.724832214765101
4,4,1,6,400,"floor_sqrt_p",7,4,2,0.731543624161074
4,4,2,6,400,"floor_sqrt_p",2,4,2,0.727891156462585
4,4,2,6,400,"floor_sqrt_p",5,4,2,0.72108843537415
4,4,2,6,400,"floor_sqrt_p",7,4,2,0.73469387755102
4,4,3,6,400,"floor_sqrt_p",2,4,2,0.737931034482759
4,4,3,6,400,"floor_sqrt_p",5,4,2,0.710344827586207
4,4,3,6,400,"floor_sqrt_p",7,4,2,0.717241379310345
4,4,4,6,400,"floor_sqrt_p",2,4,2,0.732394366197183
4,4,4,6,400,"floor_sqrt_p",5,4,2,0.704225352112676
4,4,4,6,400,"floor_sqrt_p",7,4,2,0.725352112676056
4,4,5,6,400,"floor_sqrt_p",2,4,2,0.725352112676056
4,4,5,6,400,"floor_sqrt_p",5,4,2,0.732394366197183
4,4,5,6,400,"floor_sqrt_p",7,4,2,0.71830985915493
4,4,1,7,400,"floor_sqrt_p",2,5,2,0.74496644295302
4,4,1,7,400,"floor_sqrt_p",5,5,2,0.751677852348993
4,4,1,7,400,"floor_sqrt_p",7,5,2,0.731543624161074
4,4,2,7,400,"floor_sqrt_p",2,5,2,0.782312925170068
4,4,2,7,400,"floor_sqrt_p",5,5,2,0.782312925170068
4,4,2,7,400,"floor_sqrt_p",7,5,2,0.775510204081633
4,4,3,7,400,"floor_sqrt_p",2,5,2,0.737931034482759
4,4,3,7,400,"floor_sqrt_p",5,5,2,0.731034482758621
4,4,3,7,400,"floor_sqrt_p",7,5,2,0.744827586206897
4,4,4,7,400,"floor_sqrt_p",2,5,2,0.753521126760563
4,4,4,7,400,"floor_sqrt_p",5,5,2,0.753521126760563
4,4,4,7,400,"floor_sqrt_p",7,5,2,0.753521126760563
4,4,5,7,400,"floor_sqrt_p",2,5,2,0.71830985915493
4,4,5,7,400,"floor_sqrt_p",5,5,2,0.704225352112676
4,4,5,7,400,"floor_sqrt_p",7,5,2,0.71830985915493
4,4,1,8,400,"floor_sqrt_p",2,5,2,0.738255033557047
4,4,1,8,400,"floor_sqrt_p",5,5,2,0.731543624161074
4,4,1,8,400,"floor_sqrt_p",7,5,2,0.758389261744966
4,4,2,8,400,"floor_sqrt_p",2,5,2,0.802721088435374
4,4,2,8,400,"floor_sqrt_p",5,5,2,0.80952380952381
4,4,2,8,400,"floor_sqrt_p",7,5,2,0.795918367346939
4,4,3,8,400,"floor_sqrt_p",2,5,2,0.751724137931034
4,4,3,8,400,"floor_sqrt_p",5,5,2,0.76551724137931
4,4,3,8,400,"floor_sqrt_p",7,5,2,0.772413793103448
4,4,4,8,400,"floor_sqrt_p",2,5,2,0.746478873239437
4,4,4,8,400,"floor_sqrt_p",5,5,2,0.73943661971831
4,4,4,8,400,"floor_sqrt_p",7,5,2,0.746478873239437
4,4,5,8,400,"floor_sqrt_p",2,5,2,0.732394366197183
4,4,5,8,400,"floor_sqrt_p",5,5,2,0.76056338028169
4,4,5,8,400,"floor_sqrt_p",7,5,2,0.753521126760563
4,4,1,9,400,"floor_sqrt_p",2,6,2,0.771812080536913
4,4,1,9,400,"floor_sqrt_p",5,6,2,0.758389261744966
4,4,1,9,400,"floor_sqrt_p",7,6,2,0.751677852348993
4,4,2,9,400,"floor_sqrt_p",2,6,2,0.768707482993197
4,4,2,9,400,"floor_sqrt_p",5,6,2,0.789115646258503
4,4,2,9,400,"floor_sqrt_p",7,6,2,0.775510204081633
4,4,3,9,400,"floor_sqrt_p",2,6,2,0.758620689655172
4,4,3,9,400,"floor_sqrt_p",5,6,2,0.76551724137931
4,4,3,9,400,"floor_sqrt_p",7,6,2,0.744827586206897
4,4,4,9,400,"floor_sqrt_p",2,6,2,0.802816901408451
4,4,4,9,400,"floor_sqrt_p",5,6,2,0.802816901408451
4,4,4,9,400,"floor_sqrt_p",7,6,2,0.802816901408451
4,4,5,9,400,"floor_sqrt_p",2,6,2,0.73943661971831
4,4,5,9,400,"floor_sqrt_p",5,6,2,0.753521126760563
4,4,5,9,400,"floor_sqrt_p",7,6,2,0.73943661971831
4,4,1,10,400,"floor_sqrt_p",2,6,2,0.76510067114094
4,4,1,10,400,"floor_sqrt_p",5,6,2,0.76510067114094
4,4,1,10,400,"floor_sqrt_p",7,6,2,0.771812080536913
4,4,2,10,400,"floor_sqrt_p",2,7,2,0.775510204081633
4,4,2,10,400,"floor_sqrt_p",5,7,2,0.748299319727891
4,4,2,10,400,"floor_sqrt_p",7,7,2,0.755102040816326
4,4,3,10,400,"floor_sqrt_p",2,6,2,0.76551724137931
4,4,3,10,400,"floor_sqrt_p",5,6,2,0.758620689655172
4,4,3,10,400,"floor_sqrt_p",7,6,2,0.737931034482759
4,4,4,10,400,"floor_sqrt_p",2,6,2,0.816901408450704
4,4,4,10,400,"floor_sqrt_p",5,6,2,0.816901408450704
4,4,4,10,400,"floor_sqrt_p",7,6,2,0.823943661971831
4,4,5,10,400,"floor_sqrt_p",2,6,2,0.71830985915493
4,4,5,10,400,"floor_sqrt_p",5,6,2,0.732394366197183
4,4,5,10,400,"floor_sqrt_p",7,6,2,0.71830985915493
4,4,1,11,400,"floor_sqrt_p",2,7,2,0.791946308724832
4,4,1,11,400,"floor_sqrt_p",5,7,2,0.771812080536913
4,4,1,11,400,"floor_sqrt_p",7,7,2,0.778523489932886
4,4,2,11,400,"floor_sqrt_p",2,7,2,0.755102040816326
4,4,2,11,400,"floor_sqrt_p",5,7,2,0.748299319727891
4,4,2,11,400,"floor_sqrt_p",7,7,2,0.768707482993197
4,4,3,11,400,"floor_sqrt_p",2,7,2,0.772413793103448
4,4,3,11,400,"floor_sqrt_p",5,7,2,0.751724137931034
4,4,3,11,400,"floor_sqrt_p",7,7,2,0.744827586206897
4,4,4,11,400,"floor_sqrt_p",2,7,2,0.78169014084507
4,4,4,11,400,"floor_sqrt_p",5,7,2,0.78169014084507
4,4,4,11,400,"floor_sqrt_p",7,7,2,0.78169014084507
4,4,5,11,400,"floor_sqrt_p",2,7,2,0.725352112676056
4,4,5,11,400,"floor_sqrt_p",5,7,2,0.73943661971831
4,4,5,11,400,"floor_sqrt_p",7,7,2,0.746478873239437
4,4,1,12,400,"floor_sqrt_p",2,7,2,0.758389261744966
4,4,1,12,400,"floor_sqrt_p",5,7,2,0.778523489932886
4,4,1,12,400,"floor_sqrt_p",7,7,2,0.751677852348993
4,4,2,12,400,"floor_sqrt_p",2,7,2,0.768707482993197
4,4,2,12,400,"floor_sqrt_p",5,7,2,0.755102040816326
4,4,2,12,400,"floor_sqrt_p",7,7,2,0.768707482993197
4,4,3,12,400,"floor_sqrt_p",2,7,2,0.751724137931034
4,4,3,12,400,"floor_sqrt_p",5,7,2,0.731034482758621
4,4,3,12,400,"floor_sqrt_p",7,7,2,0.737931034482759
4,4,4,12,400,"floor_sqrt_p",2,7,2,0.809859154929577
4,4,4,12,400,"floor_sqrt_p",5,7,2,0.816901408450704
4,4,4,12,400,"floor_sqrt_p",7,7,2,0.802816901408451
4,4,5,12,400,"floor_sqrt_p",2,7,2,0.746478873239437
4,4,5,12,400,"floor_sqrt_p",5,7,2,0.753521126760563
4,4,5,12,400,"floor_sqrt_p",7,7,2,0.746478873239437
4,4,1,13,400,"floor_sqrt_p",2,7,2,0.738255033557047
4,4,1,13,400,"floor_sqrt_p",5,7,2,0.74496644295302
4,4,1,13,400,"floor_sqrt_p",7,7,2,0.724832214765101
4,4,2,13,400,"floor_sqrt_p",2,8,2,0.782312925170068
4,4,2,13,400,"floor_sqrt_p",5,8,2,0.775510204081633
4,4,2,13,400,"floor_sqrt_p",7,8,2,0.789115646258503
4,4,3,13,400,"floor_sqrt_p",2,7,2,0.731034482758621
4,4,3,13,400,"floor_sqrt_p",5,7,2,0.731034482758621
4,4,3,13,400,"floor_sqrt_p",7,7,2,0.724137931034483
4,4,4,13,400,"floor_sqrt_p",2,7,2,0.788732394366197
4,4,4,13,400,"floor_sqrt_p",5,7,2,0.795774647887324
4,4,4,13,400,"floor_sqrt_p",7,7,2,0.774647887323944
4,4,5,13,400,"floor_sqrt_p",2,7,2,0.732394366197183
4,4,5,13,400,"floor_sqrt_p",5,7,2,0.753521126760563
4,4,5,13,400,"floor_sqrt_p",7,7,2,0.732394366197183
4,4,1,14,400,"floor_sqrt_p",2,8,2,0.751677852348993
4,4,1,14,400,"floor_sqrt_p",5,8,2,0.751677852348993
4,4,1,14,400,"floor_sqrt_p",7,8,2,0.74496644295302
4,4,2,14,400,"floor_sqrt_p",2,8,2,0.782312925170068
4,4,2,14,400,"floor_sqrt_p",5,8,2,0.789115646258503
4,4,2,14,400,"floor_sqrt_p",7,8,2,0.789115646258503
4,4,3,14,400,"floor_sqrt_p",2,8,2,0.731034482758621
4,4,3,14,400,"floor_sqrt_p",5,8,2,0.717241379310345
4,4,3,14,400,"floor_sqrt_p",7,8,2,0.724137931034483
4,4,4,14,400,"floor_sqrt_p",2,8,2,0.76056338028169
4,4,4,14,400,"floor_sqrt_p",5,8,2,0.76056338028169
4,4,4,14,400,"floor_sqrt_p",7,8,2,0.76056338028169
4,4,5,14,400,"floor_sqrt_p",2,8,2,0.746478873239437
4,4,5,14,400,"floor_sqrt_p",5,8,2,0.753521126760563
4,4,5,14,400,"floor_sqrt_p",7,8,2,0.767605633802817
4,4,1,15,400,"floor_sqrt_p",2,8,2,0.731543624161074
4,4,1,15,400,"floor_sqrt_p",5,8,2,0.724832214765101
4,4,1,15,400,"floor_sqrt_p",7,8,2,0.718120805369127
4,4,2,15,400,"floor_sqrt_p",2,8,2,0.816326530612245
4,4,2,15,400,"floor_sqrt_p",5,8,2,0.795918367346939
4,4,2,15,400,"floor_sqrt_p",7,8,2,0.789115646258503
4,4,3,15,400,"floor_sqrt_p",2,8,2,0.751724137931034
4,4,3,15,400,"floor_sqrt_p",5,8,2,0.744827586206897
4,4,3,15,400,"floor_sqrt_p",7,8,2,0.737931034482759
4,4,4,15,400,"floor_sqrt_p",2,8,2,0.753521126760563
4,4,4,15,400,"floor_sqrt_p",5,8,2,0.774647887323944
4,4,4,15,400,"floor_sqrt_p",7,8,2,0.753521126760563
4,4,5,15,400,"floor_sqrt_p",2,8,2,0.753521126760563
4,4,5,15,400,"floor_sqrt_p",5,8,2,0.753521126760563
4,4,5,15,400,"floor_sqrt_p",7,8,2,0.73943661971831
4,4,1,16,400,"floor_sqrt_p",2,8,2,0.731543624161074
4,4,1,16,400,"floor_sqrt_p",5,8,2,0.718120805369127
4,4,1,16,400,"floor_sqrt_p",7,8,2,0.731543624161074
4,4,2,16,400,"floor_sqrt_p",2,9,3,0.782312925170068
4,4,2,16,400,"floor_sqrt_p",5,9,3,0.775510204081633
4,4,2,16,400,"floor_sqrt_p",7,9,3,0.782312925170068
4,4,3,16,400,"floor_sqrt_p",2,8,2,0.779310344827586
4,4,3,16,400,"floor_sqrt_p",5,8,2,0.751724137931034
4,4,3,16,400,"floor_sqrt_p",7,8,2,0.731034482758621
4,4,4,16,400,"floor_sqrt_p",2,8,2,0.732394366197183
4,4,4,16,400,"floor_sqrt_p",5,8,2,0.746478873239437
4,4,4,16,400,"floor_sqrt_p",7,8,2,0.725352112676056
4,4,5,16,400,"floor_sqrt_p",2,8,2,0.725352112676056
4,4,5,16,400,"floor_sqrt_p",5,8,2,0.725352112676056
4,4,5,16,400,"floor_sqrt_p",7,8,2,0.732394366197183
4,4,1,17,400,"floor_sqrt_p",2,9,3,0.724832214765101
4,4,1,17,400,"floor_sqrt_p",5,9,3,0.704697986577181
4,4,1,17,400,"floor_sqrt_p",7,9,3,0.718120805369127
4,4,2,17,400,"floor_sqrt_p",2,9,3,0.768707482993197
4,4,2,17,400,"floor_sqrt_p",5,9,3,0.748299319727891
4,4,2,17,400,"floor_sqrt_p",7,9,3,0.775510204081633
4,4,3,17,400,"floor_sqrt_p",2,9,3,0.744827586206897
4,4,3,17,400,"floor_sqrt_p",5,9,3,0.751724137931034
4,4,3,17,400,"floor_sqrt_p",7,9,3,0.744827586206897
4,4,4,17,400,"floor_sqrt_p",2,9,3,0.753521126760563
4,4,4,17,400,"floor_sqrt_p",5,9,3,0.746478873239437
4,4,4,17,400,"floor_sqrt_p",7,9,3,0.73943661971831
4,4,5,17,400,"floor_sqrt_p",2,9,3,0.753521126760563
4,4,5,17,400,"floor_sqrt_p",5,9,3,0.73943661971831
4,4,5,17,400,"floor_sqrt_p",7,9,3,0.725352112676056
4,4,1,18,400,"floor_sqrt_p",2,9,3,0.751677852348993
4,4,1,18,400,"floor_sqrt_p",5,9,3,0.751677852348993
4,4,1,18,400,"floor_sqrt_p",7,9,3,0.76510067114094
4,4,2,18,400,"floor_sqrt_p",2,10,3,0.768707482993197
4,4,2,18,400,"floor_sqrt_p",5,10,3,0.748299319727891
4,4,2,18,400,"floor_sqrt_p",7,10,3,0.775510204081633
4,4,3,18,400,"floor_sqrt_p",2,9,3,0.717241379310345
4,4,3,18,400,"floor_sqrt_p",5,9,3,0.724137931034483
4,4,3,18,400,"floor_sqrt_p",7,9,3,0.717241379310345
4,4,4,18,400,"floor_sqrt_p",2,9,3,0.76056338028169
4,4,4,18,400,"floor_sqrt_p",5,9,3,0.725352112676056
4,4,4,18,400,"floor_sqrt_p",7,9,3,0.73943661971831
4,4,5,18,400,"floor_sqrt_p",2,9,3,0.73943661971831
4,4,5,18,400,"floor_sqrt_p",5,9,3,0.746478873239437
4,4,5,18,400,"floor_sqrt_p",7,9,3,0.732394366197183
4,4,1,19,400,"floor_sqrt_p",2,10,3,0.724832214765101
4,4,1,19,400,"floor_sqrt_p",5,10,3,0.724832214765101
4,4,1,19,400,"floor_sqrt_p",7,10,3,0.711409395973154
4,4,2,19,400,"floor_sqrt_p",2,10,3,0.741496598639456
4,4,2,19,400,"floor_sqrt_p",5,10,3,0.761904761904762
4,4,2,19,400,"floor_sqrt_p",7,10,3,0.761904761904762
4,4,3,19,400,"floor_sqrt_p",2,10,3,0.731034482758621
4,4,3,19,400,"floor_sqrt_p",5,10,3,0.724137931034483
4,4,3,19,400,"floor_sqrt_p",7,10,3,0.724137931034483
4,4,4,19,400,"floor_sqrt_p",2,10,3,0.774647887323944
4,4,4,19,400,"floor_sqrt_p",5,10,3,0.753521126760563
4,4,4,19,400,"floor_sqrt_p",7,10,3,0.73943661971831
4,4,5,19,400,"floor_sqrt_p",2,10,3,0.71830985915493
4,4,5,19,400,"floor_sqrt_p",5,10,3,0.725352112676056
4,4,5,19,400,"floor_sqrt_p",7,10,3,0.73943661971831
4,4,1,20,400,"floor_sqrt_p",2,10,3,0.731543624161074
4,4,1,20,400,"floor_sqrt_p",5,10,3,0.738255033557047
4,4,1,20,400,"floor_sqrt_p",7,10,3,0.724832214765101
4,4,2,20,400,"floor_sqrt_p",2,10,3,0.73469387755102
4,4,2,20,400,"floor_sqrt_p",5,10,3,0.741496598639456
4,4,2,20,400,"floor_sqrt_p",7,10,3,0.73469387755102
4,4,3,20,400,"floor_sqrt_p",2,10,3,0.737931034482759
4,4,3,20,400,"floor_sqrt_p",5,10,3,0.724137931034483
4,4,3,20,400,"floor_sqrt_p",7,10,3,0.731034482758621
4,4,4,20,400,"floor_sqrt_p",2,10,3,0.78169014084507
4,4,4,20,400,"floor_sqrt_p",5,10,3,0.774647887323944
4,4,4,20,400,"floor_sqrt_p",7,10,3,0.76056338028169
4,4,5,20,400,"floor_sqrt_p",2,10,3,0.711267605633803
4,4,5,20,400,"floor_sqrt_p",5,10,3,0.711267605633803
4,4,5,20,400,"floor_sqrt_p",7,10,3,0.711267605633803
4,5,1,6,400,"floor_sqrt_p",2,4,2,0.751677852348993
4,5,1,6,400,"floor_sqrt_p",5,4,2,0.758389261744966
4,5,1,6,400,"floor_sqrt_p",7,4,2,0.74496644295302
4,5,2,6,400,"floor_sqrt_p",2,4,2,0.72108843537415
4,5,2,6,400,"floor_sqrt_p",5,4,2,0.727891156462585
4,5,2,6,400,"floor_sqrt_p",7,4,2,0.727891156462585
4,5,3,6,400,"floor_sqrt_p",2,4,2,0.758620689655172
4,5,3,6,400,"floor_sqrt_p",5,4,2,0.76551724137931
4,5,3,6,400,"floor_sqrt_p",7,4,2,0.772413793103448
4,5,4,6,400,"floor_sqrt_p",2,4,2,0.741258741258741
4,5,4,6,400,"floor_sqrt_p",5,4,2,0.748251748251748
4,5,4,6,400,"floor_sqrt_p",7,4,2,0.769230769230769
4,5,5,6,400,"floor_sqrt_p",2,4,2,0.746478873239437
4,5,5,6,400,"floor_sqrt_p",5,4,2,0.746478873239437
4,5,5,6,400,"floor_sqrt_p",7,4,2,0.753521126760563
4,5,1,7,400,"floor_sqrt_p",2,5,2,0.758389261744966
4,5,1,7,400,"floor_sqrt_p",5,5,2,0.76510067114094
4,5,1,7,400,"floor_sqrt_p",7,5,2,0.738255033557047
4,5,2,7,400,"floor_sqrt_p",2,5,2,0.727891156462585
4,5,2,7,400,"floor_sqrt_p",5,5,2,0.727891156462585
4,5,2,7,400,"floor_sqrt_p",7,5,2,0.741496598639456
4,5,3,7,400,"floor_sqrt_p",2,5,2,0.772413793103448
4,5,3,7,400,"floor_sqrt_p",5,5,2,0.76551724137931
4,5,3,7,400,"floor_sqrt_p",7,5,2,0.751724137931034
4,5,4,7,400,"floor_sqrt_p",2,5,2,0.776223776223776
4,5,4,7,400,"floor_sqrt_p",5,5,2,0.776223776223776
4,5,4,7,400,"floor_sqrt_p",7,5,2,0.797202797202797
4,5,5,7,400,"floor_sqrt_p",2,5,2,0.767605633802817
4,5,5,7,400,"floor_sqrt_p",5,5,2,0.788732394366197
4,5,5,7,400,"floor_sqrt_p",7,5,2,0.78169014084507
4,5,1,8,400,"floor_sqrt_p",2,5,2,0.751677852348993
4,5,1,8,400,"floor_sqrt_p",5,5,2,0.76510067114094
4,5,1,8,400,"floor_sqrt_p",7,5,2,0.758389261744966
4,5,2,8,400,"floor_sqrt_p",2,5,2,0.748299319727891
4,5,2,8,400,"floor_sqrt_p",5,5,2,0.727891156462585
4,5,2,8,400,"floor_sqrt_p",7,5,2,0.741496598639456
4,5,3,8,400,"floor_sqrt_p",2,5,2,0.779310344827586
4,5,3,8,400,"floor_sqrt_p",5,5,2,0.76551724137931
4,5,3,8,400,"floor_sqrt_p",7,5,2,0.744827586206897
4,5,4,8,400,"floor_sqrt_p",2,5,2,0.79020979020979
4,5,4,8,400,"floor_sqrt_p",5,5,2,0.811188811188811
4,5,4,8,400,"floor_sqrt_p",7,5,2,0.811188811188811
4,5,5,8,400,"floor_sqrt_p",2,5,2,0.73943661971831
4,5,5,8,400,"floor_sqrt_p",5,5,2,0.73943661971831
4,5,5,8,400,"floor_sqrt_p",7,5,2,0.746478873239437
4,5,1,9,400,"floor_sqrt_p",2,6,2,0.791946308724832
4,5,1,9,400,"floor_sqrt_p",5,6,2,0.791946308724832
4,5,1,9,400,"floor_sqrt_p",7,6,2,0.785234899328859
4,5,2,9,400,"floor_sqrt_p",2,6,2,0.761904761904762
4,5,2,9,400,"floor_sqrt_p",5,6,2,0.761904761904762
4,5,2,9,400,"floor_sqrt_p",7,6,2,0.768707482993197
4,5,3,9,400,"floor_sqrt_p",2,6,2,0.76551724137931
4,5,3,9,400,"floor_sqrt_p",5,6,2,0.779310344827586
4,5,3,9,400,"floor_sqrt_p",7,6,2,0.76551724137931
4,5,4,9,400,"floor_sqrt_p",2,6,2,0.783216783216783
4,5,4,9,400,"floor_sqrt_p",5,6,2,0.797202797202797
4,5,4,9,400,"floor_sqrt_p",7,6,2,0.797202797202797
4,5,5,9,400,"floor_sqrt_p",2,6,2,0.802816901408451
4,5,5,9,400,"floor_sqrt_p",5,6,2,0.802816901408451
4,5,5,9,400,"floor_sqrt_p",7,6,2,0.767605633802817
4,5,1,10,400,"floor_sqrt_p",2,6,2,0.778523489932886
4,5,1,10,400,"floor_sqrt_p",5,6,2,0.778523489932886
4,5,1,10,400,"floor_sqrt_p",7,6,2,0.778523489932886
4,5,2,10,400,"floor_sqrt_p",2,6,2,0.789115646258503
4,5,2,10,400,"floor_sqrt_p",5,6,2,0.775510204081633
4,5,2,10,400,"floor_sqrt_p",7,6,2,0.768707482993197
4,5,3,10,400,"floor_sqrt_p",2,6,2,0.793103448275862
4,5,3,10,400,"floor_sqrt_p",5,6,2,0.793103448275862
4,5,3,10,400,"floor_sqrt_p",7,6,2,0.786206896551724
4,5,4,10,400,"floor_sqrt_p",2,6,2,0.783216783216783
4,5,4,10,400,"floor_sqrt_p",5,6,2,0.783216783216783
4,5,4,10,400,"floor_sqrt_p",7,6,2,0.79020979020979
4,5,5,10,400,"floor_sqrt_p",2,6,2,0.823943661971831
4,5,5,10,400,"floor_sqrt_p",5,6,2,0.830985915492958
4,5,5,10,400,"floor_sqrt_p",7,6,2,0.823943661971831
4,5,1,11,400,"floor_sqrt_p",2,7,2,0.758389261744966
4,5,1,11,400,"floor_sqrt_p",5,7,2,0.76510067114094
4,5,1,11,400,"floor_sqrt_p",7,7,2,0.74496644295302
4,5,2,11,400,"floor_sqrt_p",2,7,2,0.768707482993197
4,5,2,11,400,"floor_sqrt_p",5,7,2,0.761904761904762
4,5,2,11,400,"floor_sqrt_p",7,7,2,0.768707482993197
4,5,3,11,400,"floor_sqrt_p",2,7,2,0.772413793103448
4,5,3,11,400,"floor_sqrt_p",5,7,2,0.758620689655172
4,5,3,11,400,"floor_sqrt_p",7,7,2,0.772413793103448
4,5,4,11,400,"floor_sqrt_p",2,7,2,0.762237762237762
4,5,4,11,400,"floor_sqrt_p",5,7,2,0.769230769230769
4,5,4,11,400,"floor_sqrt_p",7,7,2,0.769230769230769
4,5,5,11,400,"floor_sqrt_p",2,7,2,0.802816901408451
4,5,5,11,400,"floor_sqrt_p",5,7,2,0.795774647887324
4,5,5,11,400,"floor_sqrt_p",7,7,2,0.816901408450704
4,5,1,12,400,"floor_sqrt_p",2,7,2,0.74496644295302
4,5,1,12,400,"floor_sqrt_p",5,7,2,0.74496644295302
4,5,1,12,400,"floor_sqrt_p",7,7,2,0.751677852348993
4,5,2,12,400,"floor_sqrt_p",2,7,2,0.755102040816326
4,5,2,12,400,"floor_sqrt_p",5,7,2,0.755102040816326
4,5,2,12,400,"floor_sqrt_p",7,7,2,0.741496598639456
4,5,3,12,400,"floor_sqrt_p",2,7,2,0.737931034482759
4,5,3,12,400,"floor_sqrt_p",5,7,2,0.779310344827586
4,5,3,12,400,"floor_sqrt_p",7,7,2,0.744827586206897
4,5,4,12,400,"floor_sqrt_p",2,7,2,0.755244755244755
4,5,4,12,400,"floor_sqrt_p",5,7,2,0.769230769230769
4,5,4,12,400,"floor_sqrt_p",7,7,2,0.755244755244755
4,5,5,12,400,"floor_sqrt_p",2,7,2,0.802816901408451
4,5,5,12,400,"floor_sqrt_p",5,7,2,0.802816901408451
4,5,5,12,400,"floor_sqrt_p",7,7,2,0.795774647887324
4,5,1,13,400,"floor_sqrt_p",2,7,2,0.76510067114094
4,5,1,13,400,"floor_sqrt_p",5,7,2,0.74496644295302
4,5,1,13,400,"floor_sqrt_p",7,7,2,0.751677852348993
4,5,2,13,400,"floor_sqrt_p",2,8,2,0.748299319727891
4,5,2,13,400,"floor_sqrt_p",5,8,2,0.73469387755102
4,5,2,13,400,"floor_sqrt_p",7,8,2,0.73469387755102
4,5,3,13,400,"floor_sqrt_p",2,7,2,0.779310344827586
4,5,3,13,400,"floor_sqrt_p",5,7,2,0.751724137931034
4,5,3,13,400,"floor_sqrt_p",7,7,2,0.744827586206897
4,5,4,13,400,"floor_sqrt_p",2,7,2,0.755244755244755
4,5,4,13,400,"floor_sqrt_p",5,7,2,0.762237762237762
4,5,4,13,400,"floor_sqrt_p",7,7,2,0.755244755244755
4,5,5,13,400,"floor_sqrt_p",2,7,2,0.767605633802817
4,5,5,13,400,"floor_sqrt_p",5,7,2,0.767605633802817
4,5,5,13,400,"floor_sqrt_p",7,7,2,0.774647887323944
4,5,1,14,400,"floor_sqrt_p",2,8,2,0.778523489932886
4,5,1,14,400,"floor_sqrt_p",5,8,2,0.751677852348993
4,5,1,14,400,"floor_sqrt_p",7,8,2,0.758389261744966
4,5,2,14,400,"floor_sqrt_p",2,8,2,0.782312925170068
4,5,2,14,400,"floor_sqrt_p",5,8,2,0.795918367346939
4,5,2,14,400,"floor_sqrt_p",7,8,2,0.782312925170068
4,5,3,14,400,"floor_sqrt_p",2,8,2,0.737931034482759
4,5,3,14,400,"floor_sqrt_p",5,8,2,0.772413793103448
4,5,3,14,400,"floor_sqrt_p",7,8,2,0.758620689655172
4,5,4,14,400,"floor_sqrt_p",2,8,2,0.769230769230769
4,5,4,14,400,"floor_sqrt_p",5,8,2,0.769230769230769
4,5,4,14,400,"floor_sqrt_p",7,8,2,0.783216783216783
4,5,5,14,400,"floor_sqrt_p",2,8,2,0.78169014084507
4,5,5,14,400,"floor_sqrt_p",5,8,2,0.774647887323944
4,5,5,14,400,"floor_sqrt_p",7,8,2,0.78169014084507
4,5,1,15,400,"floor_sqrt_p",2,8,2,0.771812080536913
4,5,1,15,400,"floor_sqrt_p",5,8,2,0.751677852348993
4,5,1,15,400,"floor_sqrt_p",7,8,2,0.751677852348993
4,5,2,15,400,"floor_sqrt_p",2,8,2,0.775510204081633
4,5,2,15,400,"floor_sqrt_p",5,8,2,0.768707482993197
4,5,2,15,400,"floor_sqrt_p",7,8,2,0.761904761904762
4,5,3,15,400,"floor_sqrt_p",2,8,2,0.76551724137931
4,5,3,15,400,"floor_sqrt_p",5,8,2,0.779310344827586
4,5,3,15,400,"floor_sqrt_p",7,8,2,0.758620689655172
4,5,4,15,400,"floor_sqrt_p",2,8,2,0.762237762237762
4,5,4,15,400,"floor_sqrt_p",5,8,2,0.755244755244755
4,5,4,15,400,"floor_sqrt_p",7,8,2,0.769230769230769
4,5,5,15,400,"floor_sqrt_p",2,8,2,0.774647887323944
4,5,5,15,400,"floor_sqrt_p",5,8,2,0.774647887323944
4,5,5,15,400,"floor_sqrt_p",7,8,2,0.788732394366197
4,5,1,16,400,"floor_sqrt_p",2,8,2,0.758389261744966
4,5,1,16,400,"floor_sqrt_p",5,8,2,0.758389261744966
4,5,1,16,400,"floor_sqrt_p",7,8,2,0.758389261744966
4,5,2,16,400,"floor_sqrt_p",2,9,3,0.768707482993197
4,5,2,16,400,"floor_sqrt_p",5,9,3,0.802721088435374
4,5,2,16,400,"floor_sqrt_p",7,9,3,0.795918367346939
4,5,3,16,400,"floor_sqrt_p",2,8,2,0.744827586206897
4,5,3,16,400,"floor_sqrt_p",5,8,2,0.772413793103448
4,5,3,16,400,"floor_sqrt_p",7,8,2,0.76551724137931
4,5,4,16,400,"floor_sqrt_p",2,8,2,0.762237762237762
4,5,4,16,400,"floor_sqrt_p",5,8,2,0.776223776223776
4,5,4,16,400,"floor_sqrt_p",7,8,2,0.769230769230769
4,5,5,16,400,"floor_sqrt_p",2,8,2,0.767605633802817
4,5,5,16,400,"floor_sqrt_p",5,8,2,0.767605633802817
4,5,5,16,400,"floor_sqrt_p",7,8,2,0.774647887323944
4,5,1,17,400,"floor_sqrt_p",2,9,3,0.785234899328859
4,5,1,17,400,"floor_sqrt_p",5,9,3,0.778523489932886
4,5,1,17,400,"floor_sqrt_p",7,9,3,0.798657718120805
4,5,2,17,400,"floor_sqrt_p",2,9,3,0.816326530612245
4,5,2,17,400,"floor_sqrt_p",5,9,3,0.80952380952381
4,5,2,17,400,"floor_sqrt_p",7,9,3,0.816326530612245
4,5,3,17,400,"floor_sqrt_p",2,9,3,0.76551724137931
4,5,3,17,400,"floor_sqrt_p",5,9,3,0.744827586206897
4,5,3,17,400,"floor_sqrt_p",7,9,3,0.772413793103448
4,5,4,17,400,"floor_sqrt_p",2,9,3,0.776223776223776
4,5,4,17,400,"floor_sqrt_p",5,9,3,0.769230769230769
4,5,4,17,400,"floor_sqrt_p",7,9,3,0.769230769230769
4,5,5,17,400,"floor_sqrt_p",2,9,3,0.753521126760563
4,5,5,17,400,"floor_sqrt_p",5,9,3,0.76056338028169
4,5,5,17,400,"floor_sqrt_p",7,9,3,0.753521126760563
4,5,1,18,400,"floor_sqrt_p",2,9,3,0.758389261744966
4,5,1,18,400,"floor_sqrt_p",5,9,3,0.785234899328859
4,5,1,18,400,"floor_sqrt_p",7,9,3,0.785234899328859
4,5,2,18,400,"floor_sqrt_p",2,10,3,0.816326530612245
4,5,2,18,400,"floor_sqrt_p",5,10,3,0.80952380952381
4,5,2,18,400,"floor_sqrt_p",7,10,3,0.795918367346939
4,5,3,18,400,"floor_sqrt_p",2,9,3,0.758620689655172
4,5,3,18,400,"floor_sqrt_p",5,9,3,0.751724137931034
4,5,3,18,400,"floor_sqrt_p",7,9,3,0.779310344827586
4,5,4,18,400,"floor_sqrt_p",2,9,3,0.769230769230769
4,5,4,18,400,"floor_sqrt_p",5,9,3,0.762237762237762
4,5,4,18,400,"floor_sqrt_p",7,9,3,0.769230769230769
4,5,5,18,400,"floor_sqrt_p",2,9,3,0.78169014084507
4,5,5,18,400,"floor_sqrt_p",5,9,3,0.774647887323944
4,5,5,18,400,"floor_sqrt_p",7,9,3,0.767605633802817
4,5,1,19,400,"floor_sqrt_p",2,10,3,0.771812080536913
4,5,1,19,400,"floor_sqrt_p",5,10,3,0.778523489932886
4,5,1,19,400,"floor_sqrt_p",7,10,3,0.771812080536913
4,5,2,19,400,"floor_sqrt_p",2,10,3,0.789115646258503
4,5,2,19,400,"floor_sqrt_p",5,10,3,0.789115646258503
4,5,2,19,400,"floor_sqrt_p",7,10,3,0.782312925170068
4,5,3,19,400,"floor_sqrt_p",2,10,3,0.737931034482759
4,5,3,19,400,"floor_sqrt_p",5,10,3,0.737931034482759
4,5,3,19,400,"floor_sqrt_p",7,10,3,0.724137931034483
4,5,4,19,400,"floor_sqrt_p",2,10,3,0.748251748251748
4,5,4,19,400,"floor_sqrt_p",5,10,3,0.741258741258741
4,5,4,19,400,"floor_sqrt_p",7,10,3,0.741258741258741
4,5,5,19,400,"floor_sqrt_p",2,10,3,0.767605633802817
4,5,5,19,400,"floor_sqrt_p",5,10,3,0.767605633802817
4,5,5,19,400,"floor_sqrt_p",7,10,3,0.774647887323944
4,5,1,20,400,"floor_sqrt_p",2,10,3,0.791946308724832
4,5,1,20,400,"floor_sqrt_p",5,10,3,0.771812080536913
4,5,1,20,400,"floor_sqrt_p",7,10,3,0.785234899328859
4,5,2,20,400,"floor_sqrt_p",2,10,3,0.789115646258503
4,5,2,20,400,"floor_sqrt_p",5,10,3,0.795918367346939
4,5,2,20,400,"floor_sqrt_p",7,10,3,0.775510204081633
4,5,3,20,400,"floor_sqrt_p",2,10,3,0.744827586206897
4,5,3,20,400,"floor_sqrt_p",5,10,3,0.737931034482759
4,5,3,20,400,"floor_sqrt_p",7,10,3,0.744827586206897
4,5,4,20,400,"floor_sqrt_p",2,10,3,0.741258741258741
4,5,4,20,400,"floor_sqrt_p",5,10,3,0.748251748251748
4,5,4,20,400,"floor_sqrt_p",7,10,3,0.741258741258741
4,5,5,20,400,"floor_sqrt_p",2,10,3,0.73943661971831
4,5,5,20,400,"floor_sqrt_p",5,10,3,0.73943661971831
4,5,5,20,400,"floor_sqrt_p",7,10,3,0.753521126760563
5,1,1,6,400,"floor_sqrt_p",2,4,2,0.741496598639456
5,1,1,6,400,"floor_sqrt_p",5,4,2,0.748299319727891
5,1,1,6,400,"floor_sqrt_p",7,4,2,0.755102040816326
5,1,2,6,400,"floor_sqrt_p",2,4,2,0.712328767123288
5,1,2,6,400,"floor_sqrt_p",5,4,2,0.746575342465753
5,1,2,6,400,"floor_sqrt_p",7,4,2,0.76027397260274
5,1,3,6,400,"floor_sqrt_p",2,4,2,0.729166666666667
5,1,3,6,400,"floor_sqrt_p",5,4,2,0.75
5,1,3,6,400,"floor_sqrt_p",7,4,2,0.770833333333333
5,1,4,6,400,"floor_sqrt_p",2,4,2,0.697183098591549
5,1,4,6,400,"floor_sqrt_p",5,4,2,0.71830985915493
5,1,4,6,400,"floor_sqrt_p",7,4,2,0.697183098591549
5,1,5,6,400,"floor_sqrt_p",2,4,2,0.680851063829787
5,1,5,6,400,"floor_sqrt_p",5,4,2,0.673758865248227
5,1,5,6,400,"floor_sqrt_p",7,4,2,0.680851063829787
5,1,1,7,400,"floor_sqrt_p",2,5,2,0.775510204081633
5,1,1,7,400,"floor_sqrt_p",5,5,2,0.775510204081633
5,1,1,7,400,"floor_sqrt_p",7,5,2,0.789115646258503
5,1,2,7,400,"floor_sqrt_p",2,5,2,0.780821917808219
5,1,2,7,400,"floor_sqrt_p",5,5,2,0.773972602739726
5,1,2,7,400,"floor_sqrt_p",7,5,2,0.780821917808219
5,1,3,7,400,"floor_sqrt_p",2,5,2,0.791666666666667
5,1,3,7,400,"floor_sqrt_p",5,5,2,0.777777777777778
5,1,3,7,400,"floor_sqrt_p",7,5,2,0.777777777777778
5,1,4,7,400,"floor_sqrt_p",2,5,2,0.76056338028169
5,1,4,7,400,"floor_sqrt_p",5,5,2,0.746478873239437
5,1,4,7,400,"floor_sqrt_p",7,5,2,0.746478873239437
5,1,5,7,400,"floor_sqrt_p",2,5,2,0.74468085106383
5,1,5,7,400,"floor_sqrt_p",5,5,2,0.74468085106383
5,1,5,7,400,"floor_sqrt_p",7,5,2,0.75886524822695
5,1,1,8,400,"floor_sqrt_p",2,5,2,0.782312925170068
5,1,1,8,400,"floor_sqrt_p",5,5,2,0.789115646258503
5,1,1,8,400,"floor_sqrt_p",7,5,2,0.782312925170068
5,1,2,8,400,"floor_sqrt_p",2,5,2,0.808219178082192
5,1,2,8,400,"floor_sqrt_p",5,5,2,0.801369863013699
5,1,2,8,400,"floor_sqrt_p",7,5,2,0.808219178082192
5,1,3,8,400,"floor_sqrt_p",2,5,2,0.777777777777778
5,1,3,8,400,"floor_sqrt_p",5,5,2,0.770833333333333
5,1,3,8,400,"floor_sqrt_p",7,5,2,0.770833333333333
5,1,4,8,400,"floor_sqrt_p",2,5,2,0.71830985915493
5,1,4,8,400,"floor_sqrt_p",5,5,2,0.704225352112676
5,1,4,8,400,"floor_sqrt_p",7,5,2,0.704225352112676
5,1,5,8,400,"floor_sqrt_p",2,5,2,0.787234042553192
5,1,5,8,400,"floor_sqrt_p",5,5,2,0.75177304964539
5,1,5,8,400,"floor_sqrt_p",7,5,2,0.75886524822695
5,1,1,9,400,"floor_sqrt_p",2,6,2,0.802721088435374
5,1,1,9,400,"floor_sqrt_p",5,6,2,0.789115646258503
5,1,1,9,400,"floor_sqrt_p",7,6,2,0.802721088435374
5,1,2,9,400,"floor_sqrt_p",2,6,2,0.828767123287671
5,1,2,9,400,"floor_sqrt_p",5,6,2,0.821917808219178
5,1,2,9,400,"floor_sqrt_p",7,6,2,0.821917808219178
5,1,3,9,400,"floor_sqrt_p",2,6,2,0.770833333333333
5,1,3,9,400,"floor_sqrt_p",5,6,2,0.763888888888889
5,1,3,9,400,"floor_sqrt_p",7,6,2,0.770833333333333
5,1,4,9,400,"floor_sqrt_p",2,6,2,0.725352112676056
5,1,4,9,400,"floor_sqrt_p",5,6,2,0.732394366197183
5,1,4,9,400,"floor_sqrt_p",7,6,2,0.725352112676056
5,1,5,9,400,"floor_sqrt_p",2,6,2,0.75177304964539
5,1,5,9,400,"floor_sqrt_p",5,6,2,0.730496453900709
5,1,5,9,400,"floor_sqrt_p",7,6,2,0.730496453900709
5,1,1,10,400,"floor_sqrt_p",2,6,2,0.782312925170068
5,1,1,10,400,"floor_sqrt_p",5,6,2,0.795918367346939
5,1,1,10,400,"floor_sqrt_p",7,6,2,0.782312925170068
5,1,2,10,400,"floor_sqrt_p",2,6,2,0.801369863013699
5,1,2,10,400,"floor_sqrt_p",5,6,2,0.815068493150685
5,1,2,10,400,"floor_sqrt_p",7,6,2,0.815068493150685
5,1,3,10,400,"floor_sqrt_p",2,6,2,0.770833333333333
5,1,3,10,400,"floor_sqrt_p",5,6,2,0.798611111111111
5,1,3,10,400,"floor_sqrt_p",7,6,2,0.777777777777778
5,1,4,10,400,"floor_sqrt_p",2,6,2,0.73943661971831
5,1,4,10,400,"floor_sqrt_p",5,6,2,0.732394366197183
5,1,4,10,400,"floor_sqrt_p",7,6,2,0.732394366197183
5,1,5,10,400,"floor_sqrt_p",2,6,2,0.73758865248227
5,1,5,10,400,"floor_sqrt_p",5,6,2,0.730496453900709
5,1,5,10,400,"floor_sqrt_p",7,6,2,0.73758865248227
5,1,1,11,400,"floor_sqrt_p",2,7,2,0.795918367346939
5,1,1,11,400,"floor_sqrt_p",5,7,2,0.802721088435374
5,1,1,11,400,"floor_sqrt_p",7,7,2,0.789115646258503
5,1,2,11,400,"floor_sqrt_p",2,7,2,0.794520547945205
5,1,2,11,400,"floor_sqrt_p",5,7,2,0.787671232876712
5,1,2,11,400,"floor_sqrt_p",7,7,2,0.794520547945205
5,1,3,11,400,"floor_sqrt_p",2,7,2,0.784722222222222
5,1,3,11,400,"floor_sqrt_p",5,7,2,0.777777777777778
5,1,3,11,400,"floor_sqrt_p",7,7,2,0.798611111111111
5,1,4,11,400,"floor_sqrt_p",2,7,2,0.725352112676056
5,1,4,11,400,"floor_sqrt_p",5,7,2,0.73943661971831
5,1,4,11,400,"floor_sqrt_p",7,7,2,0.746478873239437
5,1,5,11,400,"floor_sqrt_p",2,7,2,0.74468085106383
5,1,5,11,400,"floor_sqrt_p",5,7,2,0.73758865248227
5,1,5,11,400,"floor_sqrt_p",7,7,2,0.723404255319149
5,1,1,12,400,"floor_sqrt_p",2,7,2,0.80952380952381
5,1,1,12,400,"floor_sqrt_p",5,7,2,0.802721088435374
5,1,1,12,400,"floor_sqrt_p",7,7,2,0.802721088435374
5,1,2,12,400,"floor_sqrt_p",2,7,2,0.794520547945205
5,1,2,12,400,"floor_sqrt_p",5,7,2,0.794520547945205
5,1,2,12,400,"floor_sqrt_p",7,7,2,0.780821917808219
5,1,3,12,400,"floor_sqrt_p",2,7,2,0.756944444444444
5,1,3,12,400,"floor_sqrt_p",5,7,2,0.763888888888889
5,1,3,12,400,"floor_sqrt_p",7,7,2,0.756944444444444
5,1,4,12,400,"floor_sqrt_p",2,7,2,0.725352112676056
5,1,4,12,400,"floor_sqrt_p",5,7,2,0.732394366197183
5,1,4,12,400,"floor_sqrt_p",7,7,2,0.71830985915493
5,1,5,12,400,"floor_sqrt_p",2,7,2,0.723404255319149
5,1,5,12,400,"floor_sqrt_p",5,7,2,0.716312056737589
5,1,5,12,400,"floor_sqrt_p",7,7,2,0.709219858156028
5,1,1,13,400,"floor_sqrt_p",2,7,2,0.789115646258503
5,1,1,13,400,"floor_sqrt_p",5,7,2,0.802721088435374
5,1,1,13,400,"floor_sqrt_p",7,7,2,0.795918367346939
5,1,2,13,400,"floor_sqrt_p",2,7,2,0.787671232876712
5,1,2,13,400,"floor_sqrt_p",5,7,2,0.780821917808219
5,1,2,13,400,"floor_sqrt_p",7,7,2,0.794520547945205
5,1,3,13,400,"floor_sqrt_p",2,7,2,0.819444444444444
5,1,3,13,400,"floor_sqrt_p",5,7,2,0.770833333333333
5,1,3,13,400,"floor_sqrt_p",7,7,2,0.805555555555556
5,1,4,13,400,"floor_sqrt_p",2,7,2,0.746478873239437
5,1,4,13,400,"floor_sqrt_p",5,7,2,0.746478873239437
5,1,4,13,400,"floor_sqrt_p",7,7,2,0.73943661971831
5,1,5,13,400,"floor_sqrt_p",2,7,2,0.73758865248227
5,1,5,13,400,"floor_sqrt_p",5,7,2,0.723404255319149
5,1,5,13,400,"floor_sqrt_p",7,7,2,0.730496453900709
5,1,1,14,400,"floor_sqrt_p",2,8,2,0.789115646258503
5,1,1,14,400,"floor_sqrt_p",5,8,2,0.782312925170068
5,1,1,14,400,"floor_sqrt_p",7,8,2,0.802721088435374
5,1,2,14,400,"floor_sqrt_p",2,8,2,0.780821917808219
5,1,2,14,400,"floor_sqrt_p",5,8,2,0.801369863013699
5,1,2,14,400,"floor_sqrt_p",7,8,2,0.773972602739726
5,1,3,14,400,"floor_sqrt_p",2,8,2,0.798611111111111
5,1,3,14,400,"floor_sqrt_p",5,8,2,0.756944444444444
5,1,3,14,400,"floor_sqrt_p",7,8,2,0.777777777777778
5,1,4,14,400,"floor_sqrt_p",2,8,2,0.746478873239437
5,1,4,14,400,"floor_sqrt_p",5,8,2,0.71830985915493
5,1,4,14,400,"floor_sqrt_p",7,8,2,0.73943661971831
5,1,5,14,400,"floor_sqrt_p",2,8,2,0.709219858156028
5,1,5,14,400,"floor_sqrt_p",5,8,2,0.680851063829787
5,1,5,14,400,"floor_sqrt_p",7,8,2,0.709219858156028
5,1,1,15,400,"floor_sqrt_p",2,8,2,0.768707482993197
5,1,1,15,400,"floor_sqrt_p",5,8,2,0.748299319727891
5,1,1,15,400,"floor_sqrt_p",7,8,2,0.761904761904762
5,1,2,15,400,"floor_sqrt_p",2,8,2,0.780821917808219
5,1,2,15,400,"floor_sqrt_p",5,8,2,0.773972602739726
5,1,2,15,400,"floor_sqrt_p",7,8,2,0.767123287671233
5,1,3,15,400,"floor_sqrt_p",2,8,2,0.784722222222222
5,1,3,15,400,"floor_sqrt_p",5,8,2,0.784722222222222
5,1,3,15,400,"floor_sqrt_p",7,8,2,0.777777777777778
5,1,4,15,400,"floor_sqrt_p",2,8,2,0.767605633802817
5,1,4,15,400,"floor_sqrt_p",5,8,2,0.732394366197183
5,1,4,15,400,"floor_sqrt_p",7,8,2,0.746478873239437
5,1,5,15,400,"floor_sqrt_p",2,8,2,0.73758865248227
5,1,5,15,400,"floor_sqrt_p",5,8,2,0.723404255319149
5,1,5,15,400,"floor_sqrt_p",7,8,2,0.695035460992908
5,1,1,16,400,"floor_sqrt_p",2,8,2,0.768707482993197
5,1,1,16,400,"floor_sqrt_p",5,8,2,0.761904761904762
5,1,1,16,400,"floor_sqrt_p",7,8,2,0.741496598639456
5,1,2,16,400,"floor_sqrt_p",2,8,2,0.773972602739726
5,1,2,16,400,"floor_sqrt_p",5,8,2,0.787671232876712
5,1,2,16,400,"floor_sqrt_p",7,8,2,0.787671232876712
5,1,3,16,400,"floor_sqrt_p",2,9,3,0.784722222222222
5,1,3,16,400,"floor_sqrt_p",5,9,3,0.798611111111111
5,1,3,16,400,"floor_sqrt_p",7,9,3,0.791666666666667
5,1,4,16,400,"floor_sqrt_p",2,8,2,0.78169014084507
5,1,4,16,400,"floor_sqrt_p",5,8,2,0.767605633802817
5,1,4,16,400,"floor_sqrt_p",7,8,2,0.767605633802817
5,1,5,16,400,"floor_sqrt_p",2,8,2,0.75177304964539
5,1,5,16,400,"floor_sqrt_p",5,8,2,0.74468085106383
5,1,5,16,400,"floor_sqrt_p",7,8,2,0.723404255319149
5,1,1,17,400,"floor_sqrt_p",2,9,3,0.782312925170068
5,1,1,17,400,"floor_sqrt_p",5,9,3,0.761904761904762
5,1,1,17,400,"floor_sqrt_p",7,9,3,0.755102040816326
5,1,2,17,400,"floor_sqrt_p",2,9,3,0.773972602739726
5,1,2,17,400,"floor_sqrt_p",5,9,3,0.773972602739726
5,1,2,17,400,"floor_sqrt_p",7,9,3,0.780821917808219
5,1,3,17,400,"floor_sqrt_p",2,9,3,0.826388888888889
5,1,3,17,400,"floor_sqrt_p",5,9,3,0.833333333333333
5,1,3,17,400,"floor_sqrt_p",7,9,3,0.826388888888889
5,1,4,17,400,"floor_sqrt_p",2,9,3,0.774647887323944
5,1,4,17,400,"floor_sqrt_p",5,9,3,0.76056338028169
5,1,4,17,400,"floor_sqrt_p",7,9,3,0.767605633802817
5,1,5,17,400,"floor_sqrt_p",2,9,3,0.73758865248227
5,1,5,17,400,"floor_sqrt_p",5,9,3,0.730496453900709
5,1,5,17,400,"floor_sqrt_p",7,9,3,0.716312056737589
5,1,1,18,400,"floor_sqrt_p",2,9,3,0.761904761904762
5,1,1,18,400,"floor_sqrt_p",5,9,3,0.768707482993197
5,1,1,18,400,"floor_sqrt_p",7,9,3,0.755102040816326
5,1,2,18,400,"floor_sqrt_p",2,9,3,0.767123287671233
5,1,2,18,400,"floor_sqrt_p",5,9,3,0.794520547945205
5,1,2,18,400,"floor_sqrt_p",7,9,3,0.767123287671233
5,1,3,18,400,"floor_sqrt_p",2,9,3,0.805555555555556
5,1,3,18,400,"floor_sqrt_p",5,9,3,0.798611111111111
5,1,3,18,400,"floor_sqrt_p",7,9,3,0.8125
5,1,4,18,400,"floor_sqrt_p",2,9,3,0.788732394366197
5,1,4,18,400,"floor_sqrt_p",5,9,3,0.774647887323944
5,1,4,18,400,"floor_sqrt_p",7,9,3,0.746478873239437
5,1,5,18,400,"floor_sqrt_p",2,9,3,0.74468085106383
5,1,5,18,400,"floor_sqrt_p",5,9,3,0.730496453900709
5,1,5,18,400,"floor_sqrt_p",7,9,3,0.730496453900709
5,1,1,19,400,"floor_sqrt_p",2,10,3,0.741496598639456
5,1,1,19,400,"floor_sqrt_p",5,10,3,0.727891156462585
5,1,1,19,400,"floor_sqrt_p",7,10,3,0.73469387755102
5,1,2,19,400,"floor_sqrt_p",2,10,3,0.773972602739726
5,1,2,19,400,"floor_sqrt_p",5,10,3,0.76027397260274
5,1,2,19,400,"floor_sqrt_p",7,10,3,0.767123287671233
5,1,3,19,400,"floor_sqrt_p",2,10,3,0.729166666666667
5,1,3,19,400,"floor_sqrt_p",5,10,3,0.729166666666667
5,1,3,19,400,"floor_sqrt_p",7,10,3,0.743055555555556
5,1,4,19,400,"floor_sqrt_p",2,10,3,0.767605633802817
5,1,4,19,400,"floor_sqrt_p",5,10,3,0.746478873239437
5,1,4,19,400,"floor_sqrt_p",7,10,3,0.746478873239437
5,1,5,19,400,"floor_sqrt_p",2,10,3,0.74468085106383
5,1,5,19,400,"floor_sqrt_p",5,10,3,0.75177304964539
5,1,5,19,400,"floor_sqrt_p",7,10,3,0.730496453900709
5,1,1,20,400,"floor_sqrt_p",2,10,3,0.73469387755102
5,1,1,20,400,"floor_sqrt_p",5,10,3,0.72108843537415
5,1,1,20,400,"floor_sqrt_p",7,10,3,0.73469387755102
5,1,2,20,400,"floor_sqrt_p",2,10,3,0.767123287671233
5,1,2,20,400,"floor_sqrt_p",5,10,3,0.767123287671233
5,1,2,20,400,"floor_sqrt_p",7,10,3,0.76027397260274
5,1,3,20,400,"floor_sqrt_p",2,10,3,0.736111111111111
5,1,3,20,400,"floor_sqrt_p",5,10,3,0.743055555555556
5,1,3,20,400,"floor_sqrt_p",7,10,3,0.729166666666667
5,1,4,20,400,"floor_sqrt_p",2,10,3,0.753521126760563
5,1,4,20,400,"floor_sqrt_p",5,10,3,0.73943661971831
5,1,4,20,400,"floor_sqrt_p",7,10,3,0.71830985915493
5,1,5,20,400,"floor_sqrt_p",2,10,3,0.723404255319149
5,1,5,20,400,"floor_sqrt_p",5,10,3,0.75177304964539
5,1,5,20,400,"floor_sqrt_p",7,10,3,0.75177304964539
5,2,1,6,400,"floor_sqrt_p",2,4,2,0.743243243243243
5,2,1,6,400,"floor_sqrt_p",5,4,2,0.756756756756757
5,2,1,6,400,"floor_sqrt_p",7,4,2,0.756756756756757
5,2,2,6,400,"floor_sqrt_p",2,4,2,0.773972602739726
5,2,2,6,400,"floor_sqrt_p",5,4,2,0.767123287671233
5,2,2,6,400,"floor_sqrt_p",7,4,2,0.767123287671233
5,2,3,6,400,"floor_sqrt_p",2,4,2,0.694444444444444
5,2,3,6,400,"floor_sqrt_p",5,4,2,0.708333333333333
5,2,3,6,400,"floor_sqrt_p",7,4,2,0.694444444444444
5,2,4,6,400,"floor_sqrt_p",2,4,2,0.73943661971831
5,2,4,6,400,"floor_sqrt_p",5,4,2,0.76056338028169
5,2,4,6,400,"floor_sqrt_p",7,4,2,0.767605633802817
5,2,5,6,400,"floor_sqrt_p",2,4,2,0.680851063829787
5,2,5,6,400,"floor_sqrt_p",5,4,2,0.687943262411348
5,2,5,6,400,"floor_sqrt_p",7,4,2,0.680851063829787
5,2,1,7,400,"floor_sqrt_p",2,5,2,0.743243243243243
5,2,1,7,400,"floor_sqrt_p",5,5,2,0.743243243243243
5,2,1,7,400,"floor_sqrt_p",7,5,2,0.736486486486487
5,2,2,7,400,"floor_sqrt_p",2,5,2,0.821917808219178
5,2,2,7,400,"floor_sqrt_p",5,5,2,0.801369863013699
5,2,2,7,400,"floor_sqrt_p",7,5,2,0.801369863013699
5,2,3,7,400,"floor_sqrt_p",2,5,2,0.708333333333333
5,2,3,7,400,"floor_sqrt_p",5,5,2,0.701388888888889
5,2,3,7,400,"floor_sqrt_p",7,5,2,0.694444444444444
5,2,4,7,400,"floor_sqrt_p",2,5,2,0.774647887323944
5,2,4,7,400,"floor_sqrt_p",5,5,2,0.78169014084507
5,2,4,7,400,"floor_sqrt_p",7,5,2,0.767605633802817
5,2,5,7,400,"floor_sqrt_p",2,5,2,0.723404255319149
5,2,5,7,400,"floor_sqrt_p",5,5,2,0.723404255319149
5,2,5,7,400,"floor_sqrt_p",7,5,2,0.730496453900709
5,2,1,8,400,"floor_sqrt_p",2,5,2,0.77027027027027
5,2,1,8,400,"floor_sqrt_p",5,5,2,0.763513513513513
5,2,1,8,400,"floor_sqrt_p",7,5,2,0.783783783783784
5,2,2,8,400,"floor_sqrt_p",2,5,2,0.842465753424658
5,2,2,8,400,"floor_sqrt_p",5,5,2,0.835616438356164
5,2,2,8,400,"floor_sqrt_p",7,5,2,0.835616438356164
5,2,3,8,400,"floor_sqrt_p",2,5,2,0.736111111111111
5,2,3,8,400,"floor_sqrt_p",5,5,2,0.729166666666667
5,2,3,8,400,"floor_sqrt_p",7,5,2,0.75
5,2,4,8,400,"floor_sqrt_p",2,5,2,0.78169014084507
5,2,4,8,400,"floor_sqrt_p",5,5,2,0.767605633802817
5,2,4,8,400,"floor_sqrt_p",7,5,2,0.788732394366197
5,2,5,8,400,"floor_sqrt_p",2,5,2,0.75886524822695
5,2,5,8,400,"floor_sqrt_p",5,5,2,0.765957446808511
5,2,5,8,400,"floor_sqrt_p",7,5,2,0.765957446808511
5,2,1,9,400,"floor_sqrt_p",2,6,2,0.77027027027027
5,2,1,9,400,"floor_sqrt_p",5,6,2,0.763513513513513
5,2,1,9,400,"floor_sqrt_p",7,6,2,0.75
5,2,2,9,400,"floor_sqrt_p",2,6,2,0.849315068493151
5,2,2,9,400,"floor_sqrt_p",5,6,2,0.876712328767123
5,2,2,9,400,"floor_sqrt_p",7,6,2,0.863013698630137
5,2,3,9,400,"floor_sqrt_p",2,6,2,0.770833333333333
5,2,3,9,400,"floor_sqrt_p",5,6,2,0.756944444444444
5,2,3,9,400,"floor_sqrt_p",7,6,2,0.75
5,2,4,9,400,"floor_sqrt_p",2,6,2,0.809859154929577
5,2,4,9,400,"floor_sqrt_p",5,6,2,0.809859154929577
5,2,4,9,400,"floor_sqrt_p",7,6,2,0.823943661971831
5,2,5,9,400,"floor_sqrt_p",2,6,2,0.773049645390071
5,2,5,9,400,"floor_sqrt_p",5,6,2,0.765957446808511
5,2,5,9,400,"floor_sqrt_p",7,6,2,0.765957446808511
5,2,1,10,400,"floor_sqrt_p",2,6,2,0.77027027027027
5,2,1,10,400,"floor_sqrt_p",5,6,2,0.777027027027027
5,2,1,10,400,"floor_sqrt_p",7,6,2,0.77027027027027
5,2,2,10,400,"floor_sqrt_p",2,6,2,0.849315068493151
5,2,2,10,400,"floor_sqrt_p",5,6,2,0.863013698630137
5,2,2,10,400,"floor_sqrt_p",7,6,2,0.856164383561644
5,2,3,10,400,"floor_sqrt_p",2,6,2,0.722222222222222
5,2,3,10,400,"floor_sqrt_p",5,6,2,0.708333333333333
5,2,3,10,400,"floor_sqrt_p",7,6,2,0.729166666666667
5,2,4,10,400,"floor_sqrt_p",2,6,2,0.809859154929577
5,2,4,10,400,"floor_sqrt_p",5,6,2,0.816901408450704
5,2,4,10,400,"floor_sqrt_p",7,6,2,0.802816901408451
5,2,5,10,400,"floor_sqrt_p",2,6,2,0.787234042553192
5,2,5,10,400,"floor_sqrt_p",5,6,2,0.794326241134752
5,2,5,10,400,"floor_sqrt_p",7,6,2,0.787234042553192
5,2,1,11,400,"floor_sqrt_p",2,7,2,0.722972972972973
5,2,1,11,400,"floor_sqrt_p",5,7,2,0.716216216216216
5,2,1,11,400,"floor_sqrt_p",7,7,2,0.72972972972973
5,2,2,11,400,"floor_sqrt_p",2,7,2,0.856164383561644
5,2,2,11,400,"floor_sqrt_p",5,7,2,0.86986301369863
5,2,2,11,400,"floor_sqrt_p",7,7,2,0.842465753424658
5,2,3,11,400,"floor_sqrt_p",2,7,2,0.729166666666667
5,2,3,11,400,"floor_sqrt_p",5,7,2,0.736111111111111
5,2,3,11,400,"floor_sqrt_p",7,7,2,0.715277777777778
5,2,4,11,400,"floor_sqrt_p",2,7,2,0.816901408450704
5,2,4,11,400,"floor_sqrt_p",5,7,2,0.823943661971831
5,2,4,11,400,"floor_sqrt_p",7,7,2,0.816901408450704
5,2,5,11,400,"floor_sqrt_p",2,7,2,0.787234042553192
5,2,5,11,400,"floor_sqrt_p",5,7,2,0.780141843971631
5,2,5,11,400,"floor_sqrt_p",7,7,2,0.787234042553192
5,2,1,12,400,"floor_sqrt_p",2,7,2,0.743243243243243
5,2,1,12,400,"floor_sqrt_p",5,7,2,0.75
5,2,1,12,400,"floor_sqrt_p",7,7,2,0.72972972972973
5,2,2,12,400,"floor_sqrt_p",2,7,2,0.828767123287671
5,2,2,12,400,"floor_sqrt_p",5,7,2,0.808219178082192
5,2,2,12,400,"floor_sqrt_p",7,7,2,0.787671232876712
5,2,3,12,400,"floor_sqrt_p",2,7,2,0.715277777777778
5,2,3,12,400,"floor_sqrt_p",5,7,2,0.708333333333333
5,2,3,12,400,"floor_sqrt_p",7,7,2,0.694444444444444
5,2,4,12,400,"floor_sqrt_p",2,7,2,0.788732394366197
5,2,4,12,400,"floor_sqrt_p",5,7,2,0.809859154929577
5,2,4,12,400,"floor_sqrt_p",7,7,2,0.809859154929577
5,2,5,12,400,"floor_sqrt_p",2,7,2,0.730496453900709
5,2,5,12,400,"floor_sqrt_p",5,7,2,0.75177304964539
5,2,5,12,400,"floor_sqrt_p",7,7,2,0.74468085106383
5,2,1,13,400,"floor_sqrt_p",2,7,2,0.736486486486487
5,2,1,13,400,"floor_sqrt_p",5,7,2,0.756756756756757
5,2,1,13,400,"floor_sqrt_p",7,7,2,0.743243243243243
5,2,2,13,400,"floor_sqrt_p",2,7,2,0.787671232876712
5,2,2,13,400,"floor_sqrt_p",5,7,2,0.794520547945205
5,2,2,13,400,"floor_sqrt_p",7,7,2,0.780821917808219
5,2,3,13,400,"floor_sqrt_p",2,7,2,0.694444444444444
5,2,3,13,400,"floor_sqrt_p",5,7,2,0.6875
5,2,3,13,400,"floor_sqrt_p",7,7,2,0.673611111111111
5,2,4,13,400,"floor_sqrt_p",2,7,2,0.802816901408451
5,2,4,13,400,"floor_sqrt_p",5,7,2,0.774647887323944
5,2,4,13,400,"floor_sqrt_p",7,7,2,0.774647887323944
5,2,5,13,400,"floor_sqrt_p",2,7,2,0.74468085106383
5,2,5,13,400,"floor_sqrt_p",5,7,2,0.765957446808511
5,2,5,13,400,"floor_sqrt_p",7,7,2,0.765957446808511
5,2,1,14,400,"floor_sqrt_p",2,8,2,0.75
5,2,1,14,400,"floor_sqrt_p",5,8,2,0.756756756756757
5,2,1,14,400,"floor_sqrt_p",7,8,2,0.756756756756757
5,2,2,14,400,"floor_sqrt_p",2,8,2,0.801369863013699
5,2,2,14,400,"floor_sqrt_p",5,8,2,0.801369863013699
5,2,2,14,400,"floor_sqrt_p",7,8,2,0.794520547945205
5,2,3,14,400,"floor_sqrt_p",2,8,2,0.701388888888889
5,2,3,14,400,"floor_sqrt_p",5,8,2,0.694444444444444
5,2,3,14,400,"floor_sqrt_p",7,8,2,0.701388888888889
5,2,4,14,400,"floor_sqrt_p",2,8,2,0.78169014084507
5,2,4,14,400,"floor_sqrt_p",5,8,2,0.795774647887324
5,2,4,14,400,"floor_sqrt_p",7,8,2,0.788732394366197
5,2,5,14,400,"floor_sqrt_p",2,8,2,0.730496453900709
5,2,5,14,400,"floor_sqrt_p",5,8,2,0.73758865248227
5,2,5,14,400,"floor_sqrt_p",7,8,2,0.723404255319149
5,2,1,15,400,"floor_sqrt_p",2,8,2,0.763513513513513
5,2,1,15,400,"floor_sqrt_p",5,8,2,0.756756756756757
5,2,1,15,400,"floor_sqrt_p",7,8,2,0.75
5,2,2,15,400,"floor_sqrt_p",2,8,2,0.801369863013699
5,2,2,15,400,"floor_sqrt_p",5,8,2,0.815068493150685
5,2,2,15,400,"floor_sqrt_p",7,8,2,0.801369863013699
5,2,3,15,400,"floor_sqrt_p",2,8,2,0.715277777777778
5,2,3,15,400,"floor_sqrt_p",5,8,2,0.743055555555556
5,2,3,15,400,"floor_sqrt_p",7,8,2,0.715277777777778
5,2,4,15,400,"floor_sqrt_p",2,8,2,0.788732394366197
5,2,4,15,400,"floor_sqrt_p",5,8,2,0.774647887323944
5,2,4,15,400,"floor_sqrt_p",7,8,2,0.802816901408451
5,2,5,15,400,"floor_sqrt_p",2,8,2,0.74468085106383
5,2,5,15,400,"floor_sqrt_p",5,8,2,0.73758865248227
5,2,5,15,400,"floor_sqrt_p",7,8,2,0.730496453900709
5,2,1,16,400,"floor_sqrt_p",2,8,2,0.756756756756757
5,2,1,16,400,"floor_sqrt_p",5,8,2,0.722972972972973
5,2,1,16,400,"floor_sqrt_p",7,8,2,0.743243243243243
5,2,2,16,400,"floor_sqrt_p",2,9,3,0.835616438356164
5,2,2,16,400,"floor_sqrt_p",5,9,3,0.815068493150685
5,2,2,16,400,"floor_sqrt_p",7,9,3,0.835616438356164
5,2,3,16,400,"floor_sqrt_p",2,8,2,0.729166666666667
5,2,3,16,400,"floor_sqrt_p",5,8,2,0.701388888888889
5,2,3,16,400,"floor_sqrt_p",7,8,2,0.715277777777778
5,2,4,16,400,"floor_sqrt_p",2,8,2,0.774647887323944
5,2,4,16,400,"floor_sqrt_p",5,8,2,0.76056338028169
5,2,4,16,400,"floor_sqrt_p",7,8,2,0.78169014084507
5,2,5,16,400,"floor_sqrt_p",2,8,2,0.716312056737589
5,2,5,16,400,"floor_sqrt_p",5,8,2,0.730496453900709
5,2,5,16,400,"floor_sqrt_p",7,8,2,0.723404255319149
5,2,1,17,400,"floor_sqrt_p",2,9,3,0.75
5,2,1,17,400,"floor_sqrt_p",5,9,3,0.75
5,2,1,17,400,"floor_sqrt_p",7,9,3,0.743243243243243
5,2,2,17,400,"floor_sqrt_p",2,9,3,0.821917808219178
5,2,2,17,400,"floor_sqrt_p",5,9,3,0.828767123287671
5,2,2,17,400,"floor_sqrt_p",7,9,3,0.835616438356164
5,2,3,17,400,"floor_sqrt_p",2,9,3,0.6875
5,2,3,17,400,"floor_sqrt_p",5,9,3,0.6875
5,2,3,17,400,"floor_sqrt_p",7,9,3,0.673611111111111
5,2,4,17,400,"floor_sqrt_p",2,9,3,0.809859154929577
5,2,4,17,400,"floor_sqrt_p",5,9,3,0.795774647887324
5,2,4,17,400,"floor_sqrt_p",7,9,3,0.774647887323944
5,2,5,17,400,"floor_sqrt_p",2,9,3,0.687943262411348
5,2,5,17,400,"floor_sqrt_p",5,9,3,0.716312056737589
5,2,5,17,400,"floor_sqrt_p",7,9,3,0.702127659574468
5,2,1,18,400,"floor_sqrt_p",2,9,3,0.75
5,2,1,18,400,"floor_sqrt_p",5,9,3,0.743243243243243
5,2,1,18,400,"floor_sqrt_p",7,9,3,0.756756756756757
5,2,2,18,400,"floor_sqrt_p",2,10,3,0.849315068493151
5,2,2,18,400,"floor_sqrt_p",5,10,3,0.808219178082192
5,2,2,18,400,"floor_sqrt_p",7,10,3,0.787671232876712
5,2,3,18,400,"floor_sqrt_p",2,9,3,0.694444444444444
5,2,3,18,400,"floor_sqrt_p",5,9,3,0.694444444444444
5,2,3,18,400,"floor_sqrt_p",7,9,3,0.701388888888889
5,2,4,18,400,"floor_sqrt_p",2,9,3,0.767605633802817
5,2,4,18,400,"floor_sqrt_p",5,9,3,0.767605633802817
5,2,4,18,400,"floor_sqrt_p",7,9,3,0.788732394366197
5,2,5,18,400,"floor_sqrt_p",2,9,3,0.695035460992908
5,2,5,18,400,"floor_sqrt_p",5,9,3,0.695035460992908
5,2,5,18,400,"floor_sqrt_p",7,9,3,0.702127659574468
5,2,1,19,400,"floor_sqrt_p",2,10,3,0.736486486486487
5,2,1,19,400,"floor_sqrt_p",5,10,3,0.756756756756757
5,2,1,19,400,"floor_sqrt_p",7,10,3,0.743243243243243
5,2,2,19,400,"floor_sqrt_p",2,10,3,0.794520547945205
5,2,2,19,400,"floor_sqrt_p",5,10,3,0.801369863013699
5,2,2,19,400,"floor_sqrt_p",7,10,3,0.808219178082192
5,2,3,19,400,"floor_sqrt_p",2,9,3,0.701388888888889
5,2,3,19,400,"floor_sqrt_p",5,9,3,0.708333333333333
5,2,3,19,400,"floor_sqrt_p",7,9,3,0.6875
5,2,4,19,400,"floor_sqrt_p",2,10,3,0.767605633802817
5,2,4,19,400,"floor_sqrt_p",5,10,3,0.78169014084507
5,2,4,19,400,"floor_sqrt_p",7,10,3,0.767605633802817
5,2,5,19,400,"floor_sqrt_p",2,10,3,0.680851063829787
5,2,5,19,400,"floor_sqrt_p",5,10,3,0.673758865248227
5,2,5,19,400,"floor_sqrt_p",7,10,3,0.666666666666667
5,2,1,20,400,"floor_sqrt_p",2,10,3,0.75
5,2,1,20,400,"floor_sqrt_p",5,10,3,0.75
5,2,1,20,400,"floor_sqrt_p",7,10,3,0.743243243243243
5,2,2,20,400,"floor_sqrt_p",2,10,3,0.801369863013699
5,2,2,20,400,"floor_sqrt_p",5,10,3,0.780821917808219
5,2,2,20,400,"floor_sqrt_p",7,10,3,0.780821917808219
5,2,3,20,400,"floor_sqrt_p",2,10,3,0.6875
5,2,3,20,400,"floor_sqrt_p",5,10,3,0.715277777777778
5,2,3,20,400,"floor_sqrt_p",7,10,3,0.701388888888889
5,2,4,20,400,"floor_sqrt_p",2,10,3,0.753521126760563
5,2,4,20,400,"floor_sqrt_p",5,10,3,0.774647887323944
5,2,4,20,400,"floor_sqrt_p",7,10,3,0.746478873239437
5,2,5,20,400,"floor_sqrt_p",2,10,3,0.687943262411348
5,2,5,20,400,"floor_sqrt_p",5,10,3,0.673758865248227
5,2,5,20,400,"floor_sqrt_p",7,10,3,0.680851063829787
5,3,1,6,400,"floor_sqrt_p",2,4,2,0.671140939597315
5,3,1,6,400,"floor_sqrt_p",5,4,2,0.671140939597315
5,3,1,6,400,"floor_sqrt_p",7,4,2,0.671140939597315
5,3,2,6,400,"floor_sqrt_p",2,4,2,0.727891156462585
5,3,2,6,400,"floor_sqrt_p",5,4,2,0.727891156462585
5,3,2,6,400,"floor_sqrt_p",7,4,2,0.727891156462585
5,3,3,6,400,"floor_sqrt_p",2,4,2,0.715277777777778
5,3,3,6,400,"floor_sqrt_p",5,4,2,0.715277777777778
5,3,3,6,400,"floor_sqrt_p",7,4,2,0.722222222222222
5,3,4,6,400,"floor_sqrt_p",2,4,2,0.78169014084507
5,3,4,6,400,"floor_sqrt_p",5,4,2,0.767605633802817
5,3,4,6,400,"floor_sqrt_p",7,4,2,0.788732394366197
5,3,5,6,400,"floor_sqrt_p",2,4,2,0.746478873239437
5,3,5,6,400,"floor_sqrt_p",5,4,2,0.73943661971831
5,3,5,6,400,"floor_sqrt_p",7,4,2,0.732394366197183
5,3,1,7,400,"floor_sqrt_p",2,5,2,0.758389261744966
5,3,1,7,400,"floor_sqrt_p",5,5,2,0.738255033557047
5,3,1,7,400,"floor_sqrt_p",7,5,2,0.731543624161074
5,3,2,7,400,"floor_sqrt_p",2,5,2,0.73469387755102
5,3,2,7,400,"floor_sqrt_p",5,5,2,0.73469387755102
5,3,2,7,400,"floor_sqrt_p",7,5,2,0.73469387755102
5,3,3,7,400,"floor_sqrt_p",2,5,2,0.756944444444444
5,3,3,7,400,"floor_sqrt_p",5,5,2,0.770833333333333
5,3,3,7,400,"floor_sqrt_p",7,5,2,0.75
5,3,4,7,400,"floor_sqrt_p",2,5,2,0.802816901408451
5,3,4,7,400,"floor_sqrt_p",5,5,2,0.809859154929577
5,3,4,7,400,"floor_sqrt_p",7,5,2,0.795774647887324
5,3,5,7,400,"floor_sqrt_p",2,5,2,0.73943661971831
5,3,5,7,400,"floor_sqrt_p",5,5,2,0.746478873239437
5,3,5,7,400,"floor_sqrt_p",7,5,2,0.746478873239437
5,3,1,8,400,"floor_sqrt_p",2,5,2,0.771812080536913
5,3,1,8,400,"floor_sqrt_p",5,5,2,0.758389261744966
5,3,1,8,400,"floor_sqrt_p",7,5,2,0.76510067114094
5,3,2,8,400,"floor_sqrt_p",2,5,2,0.714285714285714
5,3,2,8,400,"floor_sqrt_p",5,5,2,0.748299319727891
5,3,2,8,400,"floor_sqrt_p",7,5,2,0.72108843537415
5,3,3,8,400,"floor_sqrt_p",2,5,2,0.756944444444444
5,3,3,8,400,"floor_sqrt_p",5,5,2,0.743055555555556
5,3,3,8,400,"floor_sqrt_p",7,5,2,0.75
5,3,4,8,400,"floor_sqrt_p",2,5,2,0.78169014084507
5,3,4,8,400,"floor_sqrt_p",5,5,2,0.78169014084507
5,3,4,8,400,"floor_sqrt_p",7,5,2,0.788732394366197
5,3,5,8,400,"floor_sqrt_p",2,5,2,0.774647887323944
5,3,5,8,400,"floor_sqrt_p",5,5,2,0.774647887323944
5,3,5,8,400,"floor_sqrt_p",7,5,2,0.774647887323944
5,3,1,9,400,"floor_sqrt_p",2,6,2,0.798657718120805
5,3,1,9,400,"floor_sqrt_p",5,6,2,0.778523489932886
5,3,1,9,400,"floor_sqrt_p",7,6,2,0.785234899328859
5,3,2,9,400,"floor_sqrt_p",2,6,2,0.768707482993197
5,3,2,9,400,"floor_sqrt_p",5,6,2,0.761904761904762
5,3,2,9,400,"floor_sqrt_p",7,6,2,0.782312925170068
5,3,3,9,400,"floor_sqrt_p",2,6,2,0.75
5,3,3,9,400,"floor_sqrt_p",5,6,2,0.736111111111111
5,3,3,9,400,"floor_sqrt_p",7,6,2,0.715277777777778
5,3,4,9,400,"floor_sqrt_p",2,6,2,0.838028169014085
5,3,4,9,400,"floor_sqrt_p",5,6,2,0.838028169014085
5,3,4,9,400,"floor_sqrt_p",7,6,2,0.845070422535211
5,3,5,9,400,"floor_sqrt_p",2,6,2,0.809859154929577
5,3,5,9,400,"floor_sqrt_p",5,6,2,0.802816901408451
5,3,5,9,400,"floor_sqrt_p",7,6,2,0.816901408450704
5,3,1,10,400,"floor_sqrt_p",2,6,2,0.791946308724832
5,3,1,10,400,"floor_sqrt_p",5,6,2,0.791946308724832
5,3,1,10,400,"floor_sqrt_p",7,6,2,0.778523489932886
5,3,2,10,400,"floor_sqrt_p",2,6,2,0.782312925170068
5,3,2,10,400,"floor_sqrt_p",5,6,2,0.775510204081633
5,3,2,10,400,"floor_sqrt_p",7,6,2,0.782312925170068
5,3,3,10,400,"floor_sqrt_p",2,6,2,0.701388888888889
5,3,3,10,400,"floor_sqrt_p",5,6,2,0.715277777777778
5,3,3,10,400,"floor_sqrt_p",7,6,2,0.708333333333333
5,3,4,10,400,"floor_sqrt_p",2,6,2,0.809859154929577
5,3,4,10,400,"floor_sqrt_p",5,6,2,0.809859154929577
5,3,4,10,400,"floor_sqrt_p",7,6,2,0.795774647887324
5,3,5,10,400,"floor_sqrt_p",2,6,2,0.788732394366197
5,3,5,10,400,"floor_sqrt_p",5,6,2,0.788732394366197
5,3,5,10,400,"floor_sqrt_p",7,6,2,0.78169014084507
5,3,1,11,400,"floor_sqrt_p",2,7,2,0.704697986577181
5,3,1,11,400,"floor_sqrt_p",5,7,2,0.711409395973154
5,3,1,11,400,"floor_sqrt_p",7,7,2,0.718120805369127
5,3,2,11,400,"floor_sqrt_p",2,7,2,0.782312925170068
5,3,2,11,400,"floor_sqrt_p",5,7,2,0.802721088435374
5,3,2,11,400,"floor_sqrt_p",7,7,2,0.802721088435374
5,3,3,11,400,"floor_sqrt_p",2,7,2,0.722222222222222
5,3,3,11,400,"floor_sqrt_p",5,7,2,0.736111111111111
5,3,3,11,400,"floor_sqrt_p",7,7,2,0.729166666666667
5,3,4,11,400,"floor_sqrt_p",2,7,2,0.795774647887324
5,3,4,11,400,"floor_sqrt_p",5,7,2,0.788732394366197
5,3,4,11,400,"floor_sqrt_p",7,7,2,0.788732394366197
5,3,5,11,400,"floor_sqrt_p",2,7,2,0.78169014084507
5,3,5,11,400,"floor_sqrt_p",5,7,2,0.795774647887324
5,3,5,11,400,"floor_sqrt_p",7,7,2,0.788732394366197
5,3,1,12,400,"floor_sqrt_p",2,7,2,0.718120805369127
5,3,1,12,400,"floor_sqrt_p",5,7,2,0.711409395973154
5,3,1,12,400,"floor_sqrt_p",7,7,2,0.711409395973154
5,3,2,12,400,"floor_sqrt_p",2,7,2,0.748299319727891
5,3,2,12,400,"floor_sqrt_p",5,7,2,0.775510204081633
5,3,2,12,400,"floor_sqrt_p",7,7,2,0.775510204081633
5,3,3,12,400,"floor_sqrt_p",2,7,2,0.708333333333333
5,3,3,12,400,"floor_sqrt_p",5,7,2,0.694444444444444
5,3,3,12,400,"floor_sqrt_p",7,7,2,0.694444444444444
5,3,4,12,400,"floor_sqrt_p",2,7,2,0.816901408450704
5,3,4,12,400,"floor_sqrt_p",5,7,2,0.823943661971831
5,3,4,12,400,"floor_sqrt_p",7,7,2,0.830985915492958
5,3,5,12,400,"floor_sqrt_p",2,7,2,0.76056338028169
5,3,5,12,400,"floor_sqrt_p",5,7,2,0.78169014084507
5,3,5,12,400,"floor_sqrt_p",7,7,2,0.774647887323944
5,3,1,13,400,"floor_sqrt_p",2,7,2,0.738255033557047
5,3,1,13,400,"floor_sqrt_p",5,7,2,0.731543624161074
5,3,1,13,400,"floor_sqrt_p",7,7,2,0.724832214765101
5,3,2,13,400,"floor_sqrt_p",2,8,2,0.761904761904762
5,3,2,13,400,"floor_sqrt_p",5,8,2,0.775510204081633
5,3,2,13,400,"floor_sqrt_p",7,8,2,0.789115646258503
5,3,3,13,400,"floor_sqrt_p",2,7,2,0.694444444444444
5,3,3,13,400,"floor_sqrt_p",5,7,2,0.680555555555556
5,3,3,13,400,"floor_sqrt_p",7,7,2,0.680555555555556
5,3,4,13,400,"floor_sqrt_p",2,7,2,0.816901408450704
5,3,4,13,400,"floor_sqrt_p",5,7,2,0.816901408450704
5,3,4,13,400,"floor_sqrt_p",7,7,2,0.816901408450704
5,3,5,13,400,"floor_sqrt_p",2,7,2,0.73943661971831
5,3,5,13,400,"floor_sqrt_p",5,7,2,0.71830985915493
5,3,5,13,400,"floor_sqrt_p",7,7,2,0.725352112676056
5,3,1,14,400,"floor_sqrt_p",2,8,2,0.738255033557047
5,3,1,14,400,"floor_sqrt_p",5,8,2,0.731543624161074
5,3,1,14,400,"floor_sqrt_p",7,8,2,0.711409395973154
5,3,2,14,400,"floor_sqrt_p",2,8,2,0.82312925170068
5,3,2,14,400,"floor_sqrt_p",5,8,2,0.836734693877551
5,3,2,14,400,"floor_sqrt_p",7,8,2,0.829931972789116
5,3,3,14,400,"floor_sqrt_p",2,8,2,0.756944444444444
5,3,3,14,400,"floor_sqrt_p",5,8,2,0.75
5,3,3,14,400,"floor_sqrt_p",7,8,2,0.729166666666667
5,3,4,14,400,"floor_sqrt_p",2,8,2,0.788732394366197
5,3,4,14,400,"floor_sqrt_p",5,8,2,0.788732394366197
5,3,4,14,400,"floor_sqrt_p",7,8,2,0.788732394366197
5,3,5,14,400,"floor_sqrt_p",2,8,2,0.795774647887324
5,3,5,14,400,"floor_sqrt_p",5,8,2,0.788732394366197
5,3,5,14,400,"floor_sqrt_p",7,8,2,0.767605633802817
5,3,1,15,400,"floor_sqrt_p",2,8,2,0.731543624161074
5,3,1,15,400,"floor_sqrt_p",5,8,2,0.738255033557047
5,3,1,15,400,"floor_sqrt_p",7,8,2,0.74496644295302
5,3,2,15,400,"floor_sqrt_p",2,8,2,0.836734693877551
5,3,2,15,400,"floor_sqrt_p",5,8,2,0.843537414965986
5,3,2,15,400,"floor_sqrt_p",7,8,2,0.82312925170068
5,3,3,15,400,"floor_sqrt_p",2,8,2,0.736111111111111
5,3,3,15,400,"floor_sqrt_p",5,8,2,0.743055555555556
5,3,3,15,400,"floor_sqrt_p",7,8,2,0.729166666666667
5,3,4,15,400,"floor_sqrt_p",2,8,2,0.788732394366197
5,3,4,15,400,"floor_sqrt_p",5,8,2,0.809859154929577
5,3,4,15,400,"floor_sqrt_p",7,8,2,0.809859154929577
5,3,5,15,400,"floor_sqrt_p",2,8,2,0.767605633802817
5,3,5,15,400,"floor_sqrt_p",5,8,2,0.753521126760563
5,3,5,15,400,"floor_sqrt_p",7,8,2,0.76056338028169
5,3,1,16,400,"floor_sqrt_p",2,8,2,0.751677852348993
5,3,1,16,400,"floor_sqrt_p",5,8,2,0.758389261744966
5,3,1,16,400,"floor_sqrt_p",7,8,2,0.74496644295302
5,3,2,16,400,"floor_sqrt_p",2,9,3,0.836734693877551
5,3,2,16,400,"floor_sqrt_p",5,9,3,0.829931972789116
5,3,2,16,400,"floor_sqrt_p",7,9,3,0.816326530612245
5,3,3,16,400,"floor_sqrt_p",2,8,2,0.743055555555556
5,3,3,16,400,"floor_sqrt_p",5,8,2,0.715277777777778
5,3,3,16,400,"floor_sqrt_p",7,8,2,0.736111111111111
5,3,4,16,400,"floor_sqrt_p",2,8,2,0.795774647887324
5,3,4,16,400,"floor_sqrt_p",5,8,2,0.795774647887324
5,3,4,16,400,"floor_sqrt_p",7,8,2,0.809859154929577
5,3,5,16,400,"floor_sqrt_p",2,9,3,0.746478873239437
5,3,5,16,400,"floor_sqrt_p",5,9,3,0.76056338028169
5,3,5,16,400,"floor_sqrt_p",7,9,3,0.746478873239437
5,3,1,17,400,"floor_sqrt_p",2,9,3,0.758389261744966
5,3,1,17,400,"floor_sqrt_p",5,9,3,0.758389261744966
5,3,1,17,400,"floor_sqrt_p",7,9,3,0.771812080536913
5,3,2,17,400,"floor_sqrt_p",2,9,3,0.80952380952381
5,3,2,17,400,"floor_sqrt_p",5,9,3,0.816326530612245
5,3,2,17,400,"floor_sqrt_p",7,9,3,0.816326530612245
5,3,3,17,400,"floor_sqrt_p",2,9,3,0.722222222222222
5,3,3,17,400,"floor_sqrt_p",5,9,3,0.715277777777778
5,3,3,17,400,"floor_sqrt_p",7,9,3,0.722222222222222
5,3,4,17,400,"floor_sqrt_p",2,9,3,0.823943661971831
5,3,4,17,400,"floor_sqrt_p",5,9,3,0.802816901408451
5,3,4,17,400,"floor_sqrt_p",7,9,3,0.802816901408451
5,3,5,17,400,"floor_sqrt_p",2,9,3,0.774647887323944
5,3,5,17,400,"floor_sqrt_p",5,9,3,0.767605633802817
5,3,5,17,400,"floor_sqrt_p",7,9,3,0.76056338028169
5,3,1,18,400,"floor_sqrt_p",2,9,3,0.718120805369127
5,3,1,18,400,"floor_sqrt_p",5,9,3,0.731543624161074
5,3,1,18,400,"floor_sqrt_p",7,9,3,0.724832214765101
5,3,2,18,400,"floor_sqrt_p",2,9,3,0.80952380952381
5,3,2,18,400,"floor_sqrt_p",5,9,3,0.802721088435374
5,3,2,18,400,"floor_sqrt_p",7,9,3,0.80952380952381
5,3,3,18,400,"floor_sqrt_p",2,9,3,0.736111111111111
5,3,3,18,400,"floor_sqrt_p",5,9,3,0.736111111111111
5,3,3,18,400,"floor_sqrt_p",7,9,3,0.75
5,3,4,18,400,"floor_sqrt_p",2,9,3,0.802816901408451
5,3,4,18,400,"floor_sqrt_p",5,9,3,0.788732394366197
5,3,4,18,400,"floor_sqrt_p",7,9,3,0.788732394366197
5,3,5,18,400,"floor_sqrt_p",2,9,3,0.774647887323944
5,3,5,18,400,"floor_sqrt_p",5,9,3,0.78169014084507
5,3,5,18,400,"floor_sqrt_p",7,9,3,0.774647887323944
5,3,1,19,400,"floor_sqrt_p",2,9,3,0.731543624161074
5,3,1,19,400,"floor_sqrt_p",5,9,3,0.751677852348993
5,3,1,19,400,"floor_sqrt_p",7,9,3,0.731543624161074
5,3,2,19,400,"floor_sqrt_p",2,10,3,0.82312925170068
5,3,2,19,400,"floor_sqrt_p",5,10,3,0.80952380952381
5,3,2,19,400,"floor_sqrt_p",7,10,3,0.802721088435374
5,3,3,19,400,"floor_sqrt_p",2,10,3,0.736111111111111
5,3,3,19,400,"floor_sqrt_p",5,10,3,0.756944444444444
5,3,3,19,400,"floor_sqrt_p",7,10,3,0.75
5,3,4,19,400,"floor_sqrt_p",2,10,3,0.767605633802817
5,3,4,19,400,"floor_sqrt_p",5,10,3,0.76056338028169
5,3,4,19,400,"floor_sqrt_p",7,10,3,0.767605633802817
5,3,5,19,400,"floor_sqrt_p",2,10,3,0.746478873239437
5,3,5,19,400,"floor_sqrt_p",5,10,3,0.73943661971831
5,3,5,19,400,"floor_sqrt_p",7,10,3,0.732394366197183
5,3,1,20,400,"floor_sqrt_p",2,10,3,0.731543624161074
5,3,1,20,400,"floor_sqrt_p",5,10,3,0.697986577181208
5,3,1,20,400,"floor_sqrt_p",7,10,3,0.731543624161074
5,3,2,20,400,"floor_sqrt_p",2,10,3,0.789115646258503
5,3,2,20,400,"floor_sqrt_p",5,10,3,0.782312925170068
5,3,2,20,400,"floor_sqrt_p",7,10,3,0.782312925170068
5,3,3,20,400,"floor_sqrt_p",2,10,3,0.743055555555556
5,3,3,20,400,"floor_sqrt_p",5,10,3,0.722222222222222
5,3,3,20,400,"floor_sqrt_p",7,10,3,0.729166666666667
5,3,4,20,400,"floor_sqrt_p",2,10,3,0.774647887323944
5,3,4,20,400,"floor_sqrt_p",5,10,3,0.753521126760563
5,3,4,20,400,"floor_sqrt_p",7,10,3,0.746478873239437
5,3,5,20,400,"floor_sqrt_p",2,10,3,0.732394366197183
5,3,5,20,400,"floor_sqrt_p",5,10,3,0.732394366197183
5,3,5,20,400,"floor_sqrt_p",7,10,3,0.746478873239437
5,4,1,6,400,"floor_sqrt_p",2,4,2,0.718120805369127
5,4,1,6,400,"floor_sqrt_p",5,4,2,0.738255033557047
5,4,1,6,400,"floor_sqrt_p",7,4,2,0.731543624161074
5,4,2,6,400,"floor_sqrt_p",2,4,2,0.73469387755102
5,4,2,6,400,"floor_sqrt_p",5,4,2,0.755102040816326
5,4,2,6,400,"floor_sqrt_p",7,4,2,0.768707482993197
5,4,3,6,400,"floor_sqrt_p",2,4,2,0.703448275862069
5,4,3,6,400,"floor_sqrt_p",5,4,2,0.717241379310345
5,4,3,6,400,"floor_sqrt_p",7,4,2,0.717241379310345
5,4,4,6,400,"floor_sqrt_p",2,4,2,0.732394366197183
5,4,4,6,400,"floor_sqrt_p",5,4,2,0.73943661971831
5,4,4,6,400,"floor_sqrt_p",7,4,2,0.746478873239437
5,4,5,6,400,"floor_sqrt_p",2,4,2,0.746478873239437
5,4,5,6,400,"floor_sqrt_p",5,4,2,0.753521126760563
5,4,5,6,400,"floor_sqrt_p",7,4,2,0.76056338028169
5,4,1,7,400,"floor_sqrt_p",2,5,2,0.731543624161074
5,4,1,7,400,"floor_sqrt_p",5,5,2,0.724832214765101
5,4,1,7,400,"floor_sqrt_p",7,5,2,0.74496644295302
5,4,2,7,400,"floor_sqrt_p",2,5,2,0.73469387755102
5,4,2,7,400,"floor_sqrt_p",5,5,2,0.755102040816326
5,4,2,7,400,"floor_sqrt_p",7,5,2,0.741496598639456
5,4,3,7,400,"floor_sqrt_p",2,5,2,0.731034482758621
5,4,3,7,400,"floor_sqrt_p",5,5,2,0.717241379310345
5,4,3,7,400,"floor_sqrt_p",7,5,2,0.703448275862069
5,4,4,7,400,"floor_sqrt_p",2,5,2,0.732394366197183
5,4,4,7,400,"floor_sqrt_p",5,5,2,0.725352112676056
5,4,4,7,400,"floor_sqrt_p",7,5,2,0.71830985915493
5,4,5,7,400,"floor_sqrt_p",2,5,2,0.753521126760563
5,4,5,7,400,"floor_sqrt_p",5,5,2,0.767605633802817
5,4,5,7,400,"floor_sqrt_p",7,5,2,0.767605633802817
5,4,1,8,400,"floor_sqrt_p",2,5,2,0.758389261744966
5,4,1,8,400,"floor_sqrt_p",5,5,2,0.791946308724832
5,4,1,8,400,"floor_sqrt_p",7,5,2,0.771812080536913
5,4,2,8,400,"floor_sqrt_p",2,5,2,0.741496598639456
5,4,2,8,400,"floor_sqrt_p",5,5,2,0.741496598639456
5,4,2,8,400,"floor_sqrt_p",7,5,2,0.748299319727891
5,4,3,8,400,"floor_sqrt_p",2,5,2,0.772413793103448
5,4,3,8,400,"floor_sqrt_p",5,5,2,0.751724137931034
5,4,3,8,400,"floor_sqrt_p",7,5,2,0.772413793103448
5,4,4,8,400,"floor_sqrt_p",2,5,2,0.76056338028169
5,4,4,8,400,"floor_sqrt_p",5,5,2,0.753521126760563
5,4,4,8,400,"floor_sqrt_p",7,5,2,0.753521126760563
5,4,5,8,400,"floor_sqrt_p",2,5,2,0.76056338028169
5,4,5,8,400,"floor_sqrt_p",5,5,2,0.78169014084507
5,4,5,8,400,"floor_sqrt_p",7,5,2,0.774647887323944
5,4,1,9,400,"floor_sqrt_p",2,6,2,0.785234899328859
5,4,1,9,400,"floor_sqrt_p",5,6,2,0.771812080536913
5,4,1,9,400,"floor_sqrt_p",7,6,2,0.798657718120805
5,4,2,9,400,"floor_sqrt_p",2,6,2,0.73469387755102
5,4,2,9,400,"floor_sqrt_p",5,6,2,0.727891156462585
5,4,2,9,400,"floor_sqrt_p",7,6,2,0.727891156462585
5,4,3,9,400,"floor_sqrt_p",2,6,2,0.772413793103448
5,4,3,9,400,"floor_sqrt_p",5,6,2,0.76551724137931
5,4,3,9,400,"floor_sqrt_p",7,6,2,0.779310344827586
5,4,4,9,400,"floor_sqrt_p",2,6,2,0.76056338028169
5,4,4,9,400,"floor_sqrt_p",5,6,2,0.746478873239437
5,4,4,9,400,"floor_sqrt_p",7,6,2,0.73943661971831
5,4,5,9,400,"floor_sqrt_p",2,6,2,0.73943661971831
5,4,5,9,400,"floor_sqrt_p",5,6,2,0.746478873239437
5,4,5,9,400,"floor_sqrt_p",7,6,2,0.73943661971831
5,4,1,10,400,"floor_sqrt_p",2,6,2,0.785234899328859
5,4,1,10,400,"floor_sqrt_p",5,6,2,0.771812080536913
5,4,1,10,400,"floor_sqrt_p",7,6,2,0.785234899328859
5,4,2,10,400,"floor_sqrt_p",2,6,2,0.755102040816326
5,4,2,10,400,"floor_sqrt_p",5,6,2,0.755102040816326
5,4,2,10,400,"floor_sqrt_p",7,6,2,0.755102040816326
5,4,3,10,400,"floor_sqrt_p",2,6,2,0.758620689655172
5,4,3,10,400,"floor_sqrt_p",5,6,2,0.751724137931034
5,4,3,10,400,"floor_sqrt_p",7,6,2,0.76551724137931
5,4,4,10,400,"floor_sqrt_p",2,6,2,0.76056338028169
5,4,4,10,400,"floor_sqrt_p",5,6,2,0.76056338028169
5,4,4,10,400,"floor_sqrt_p",7,6,2,0.746478873239437
5,4,5,10,400,"floor_sqrt_p",2,6,2,0.732394366197183
5,4,5,10,400,"floor_sqrt_p",5,6,2,0.73943661971831
5,4,5,10,400,"floor_sqrt_p",7,6,2,0.746478873239437
5,4,1,11,400,"floor_sqrt_p",2,7,2,0.798657718120805
5,4,1,11,400,"floor_sqrt_p",5,7,2,0.785234899328859
5,4,1,11,400,"floor_sqrt_p",7,7,2,0.785234899328859
5,4,2,11,400,"floor_sqrt_p",2,7,2,0.748299319727891
5,4,2,11,400,"floor_sqrt_p",5,7,2,0.741496598639456
5,4,2,11,400,"floor_sqrt_p",7,7,2,0.741496598639456
5,4,3,11,400,"floor_sqrt_p",2,7,2,0.751724137931034
5,4,3,11,400,"floor_sqrt_p",5,7,2,0.76551724137931
5,4,3,11,400,"floor_sqrt_p",7,7,2,0.751724137931034
5,4,4,11,400,"floor_sqrt_p",2,7,2,0.746478873239437
5,4,4,11,400,"floor_sqrt_p",5,7,2,0.746478873239437
5,4,4,11,400,"floor_sqrt_p",7,7,2,0.73943661971831
5,4,5,11,400,"floor_sqrt_p",2,7,2,0.732394366197183
5,4,5,11,400,"floor_sqrt_p",5,7,2,0.732394366197183
5,4,5,11,400,"floor_sqrt_p",7,7,2,0.732394366197183
5,4,1,12,400,"floor_sqrt_p",2,7,2,0.758389261744966
5,4,1,12,400,"floor_sqrt_p",5,7,2,0.758389261744966
5,4,1,12,400,"floor_sqrt_p",7,7,2,0.758389261744966
5,4,2,12,400,"floor_sqrt_p",2,7,2,0.755102040816326
5,4,2,12,400,"floor_sqrt_p",5,7,2,0.768707482993197
5,4,2,12,400,"floor_sqrt_p",7,7,2,0.768707482993197
5,4,3,12,400,"floor_sqrt_p",2,7,2,0.758620689655172
5,4,3,12,400,"floor_sqrt_p",5,7,2,0.751724137931034
5,4,3,12,400,"floor_sqrt_p",7,7,2,0.76551724137931
5,4,4,12,400,"floor_sqrt_p",2,7,2,0.753521126760563
5,4,4,12,400,"floor_sqrt_p",5,7,2,0.73943661971831
5,4,4,12,400,"floor_sqrt_p",7,7,2,0.73943661971831
5,4,5,12,400,"floor_sqrt_p",2,7,2,0.71830985915493
5,4,5,12,400,"floor_sqrt_p",5,7,2,0.725352112676056
5,4,5,12,400,"floor_sqrt_p",7,7,2,0.71830985915493
5,4,1,13,400,"floor_sqrt_p",2,7,2,0.76510067114094
5,4,1,13,400,"floor_sqrt_p",5,7,2,0.778523489932886
5,4,1,13,400,"floor_sqrt_p",7,7,2,0.76510067114094
5,4,2,13,400,"floor_sqrt_p",2,7,2,0.741496598639456
5,4,2,13,400,"floor_sqrt_p",5,7,2,0.761904761904762
5,4,2,13,400,"floor_sqrt_p",7,7,2,0.73469387755102
5,4,3,13,400,"floor_sqrt_p",2,7,2,0.731034482758621
5,4,3,13,400,"floor_sqrt_p",5,7,2,0.731034482758621
5,4,3,13,400,"floor_sqrt_p",7,7,2,0.724137931034483
5,4,4,13,400,"floor_sqrt_p",2,7,2,0.746478873239437
5,4,4,13,400,"floor_sqrt_p",5,7,2,0.76056338028169
5,4,4,13,400,"floor_sqrt_p",7,7,2,0.753521126760563
5,4,5,13,400,"floor_sqrt_p",2,7,2,0.732394366197183
5,4,5,13,400,"floor_sqrt_p",5,7,2,0.725352112676056
5,4,5,13,400,"floor_sqrt_p",7,7,2,0.71830985915493
5,4,1,14,400,"floor_sqrt_p",2,8,2,0.791946308724832
5,4,1,14,400,"floor_sqrt_p",5,8,2,0.805369127516778
5,4,1,14,400,"floor_sqrt_p",7,8,2,0.785234899328859
5,4,2,14,400,"floor_sqrt_p",2,8,2,0.72108843537415
5,4,2,14,400,"floor_sqrt_p",5,8,2,0.73469387755102
5,4,2,14,400,"floor_sqrt_p",7,8,2,0.714285714285714
5,4,3,14,400,"floor_sqrt_p",2,8,2,0.737931034482759
5,4,3,14,400,"floor_sqrt_p",5,8,2,0.758620689655172
5,4,3,14,400,"floor_sqrt_p",7,8,2,0.737931034482759
5,4,4,14,400,"floor_sqrt_p",2,8,2,0.732394366197183
5,4,4,14,400,"floor_sqrt_p",5,8,2,0.73943661971831
5,4,4,14,400,"floor_sqrt_p",7,8,2,0.725352112676056
5,4,5,14,400,"floor_sqrt_p",2,7,2,0.746478873239437
5,4,5,14,400,"floor_sqrt_p",5,7,2,0.753521126760563
5,4,5,14,400,"floor_sqrt_p",7,7,2,0.73943661971831
5,4,1,15,400,"floor_sqrt_p",2,8,2,0.785234899328859
5,4,1,15,400,"floor_sqrt_p",5,8,2,0.791946308724832
5,4,1,15,400,"floor_sqrt_p",7,8,2,0.778523489932886
5,4,2,15,400,"floor_sqrt_p",2,8,2,0.741496598639456
5,4,2,15,400,"floor_sqrt_p",5,8,2,0.741496598639456
5,4,2,15,400,"floor_sqrt_p",7,8,2,0.748299319727891
5,4,3,15,400,"floor_sqrt_p",2,8,2,0.737931034482759
5,4,3,15,400,"floor_sqrt_p",5,8,2,0.737931034482759
5,4,3,15,400,"floor_sqrt_p",7,8,2,0.731034482758621
5,4,4,15,400,"floor_sqrt_p",2,8,2,0.725352112676056
5,4,4,15,400,"floor_sqrt_p",5,8,2,0.71830985915493
5,4,4,15,400,"floor_sqrt_p",7,8,2,0.711267605633803
5,4,5,15,400,"floor_sqrt_p",2,8,2,0.767605633802817
5,4,5,15,400,"floor_sqrt_p",5,8,2,0.767605633802817
5,4,5,15,400,"floor_sqrt_p",7,8,2,0.802816901408451
5,4,1,16,400,"floor_sqrt_p",2,8,2,0.771812080536913
5,4,1,16,400,"floor_sqrt_p",5,8,2,0.76510067114094
5,4,1,16,400,"floor_sqrt_p",7,8,2,0.76510067114094
5,4,2,16,400,"floor_sqrt_p",2,9,3,0.755102040816326
5,4,2,16,400,"floor_sqrt_p",5,9,3,0.755102040816326
5,4,2,16,400,"floor_sqrt_p",7,9,3,0.748299319727891
5,4,3,16,400,"floor_sqrt_p",2,8,2,0.751724137931034
5,4,3,16,400,"floor_sqrt_p",5,8,2,0.744827586206897
5,4,3,16,400,"floor_sqrt_p",7,8,2,0.731034482758621
5,4,4,16,400,"floor_sqrt_p",2,8,2,0.746478873239437
5,4,4,16,400,"floor_sqrt_p",5,8,2,0.71830985915493
5,4,4,16,400,"floor_sqrt_p",7,8,2,0.725352112676056
5,4,5,16,400,"floor_sqrt_p",2,8,2,0.823943661971831
5,4,5,16,400,"floor_sqrt_p",5,8,2,0.809859154929577
5,4,5,16,400,"floor_sqrt_p",7,8,2,0.823943661971831
5,4,1,17,400,"floor_sqrt_p",2,9,3,0.758389261744966
5,4,1,17,400,"floor_sqrt_p",5,9,3,0.751677852348993
5,4,1,17,400,"floor_sqrt_p",7,9,3,0.74496644295302
5,4,2,17,400,"floor_sqrt_p",2,9,3,0.775510204081633
5,4,2,17,400,"floor_sqrt_p",5,9,3,0.775510204081633
5,4,2,17,400,"floor_sqrt_p",7,9,3,0.775510204081633
5,4,3,17,400,"floor_sqrt_p",2,9,3,0.737931034482759
5,4,3,17,400,"floor_sqrt_p",5,9,3,0.724137931034483
5,4,3,17,400,"floor_sqrt_p",7,9,3,0.731034482758621
5,4,4,17,400,"floor_sqrt_p",2,9,3,0.71830985915493
5,4,4,17,400,"floor_sqrt_p",5,9,3,0.704225352112676
5,4,4,17,400,"floor_sqrt_p",7,9,3,0.725352112676056
5,4,5,17,400,"floor_sqrt_p",2,9,3,0.78169014084507
5,4,5,17,400,"floor_sqrt_p",5,9,3,0.788732394366197
5,4,5,17,400,"floor_sqrt_p",7,9,3,0.788732394366197
5,4,1,18,400,"floor_sqrt_p",2,9,3,0.74496644295302
5,4,1,18,400,"floor_sqrt_p",5,9,3,0.738255033557047
5,4,1,18,400,"floor_sqrt_p",7,9,3,0.758389261744966
5,4,2,18,400,"floor_sqrt_p",2,9,3,0.782312925170068
5,4,2,18,400,"floor_sqrt_p",5,9,3,0.768707482993197
5,4,2,18,400,"floor_sqrt_p",7,9,3,0.775510204081633
5,4,3,18,400,"floor_sqrt_p",2,9,3,0.744827586206897
5,4,3,18,400,"floor_sqrt_p",5,9,3,0.76551724137931
5,4,3,18,400,"floor_sqrt_p",7,9,3,0.744827586206897
5,4,4,18,400,"floor_sqrt_p",2,9,3,0.732394366197183
5,4,4,18,400,"floor_sqrt_p",5,9,3,0.73943661971831
5,4,4,18,400,"floor_sqrt_p",7,9,3,0.73943661971831
5,4,5,18,400,"floor_sqrt_p",2,9,3,0.788732394366197
5,4,5,18,400,"floor_sqrt_p",5,9,3,0.795774647887324
5,4,5,18,400,"floor_sqrt_p",7,9,3,0.767605633802817
5,4,1,19,400,"floor_sqrt_p",2,10,3,0.771812080536913
5,4,1,19,400,"floor_sqrt_p",5,10,3,0.76510067114094
5,4,1,19,400,"floor_sqrt_p",7,10,3,0.76510067114094
5,4,2,19,400,"floor_sqrt_p",2,10,3,0.768707482993197
5,4,2,19,400,"floor_sqrt_p",5,10,3,0.768707482993197
5,4,2,19,400,"floor_sqrt_p",7,10,3,0.768707482993197
5,4,3,19,400,"floor_sqrt_p",2,9,3,0.758620689655172
5,4,3,19,400,"floor_sqrt_p",5,9,3,0.76551724137931
5,4,3,19,400,"floor_sqrt_p",7,9,3,0.744827586206897
5,4,4,19,400,"floor_sqrt_p",2,10,3,0.71830985915493
5,4,4,19,400,"floor_sqrt_p",5,10,3,0.746478873239437
5,4,4,19,400,"floor_sqrt_p",7,10,3,0.725352112676056
5,4,5,19,400,"floor_sqrt_p",2,9,3,0.73943661971831
5,4,5,19,400,"floor_sqrt_p",5,9,3,0.753521126760563
5,4,5,19,400,"floor_sqrt_p",7,9,3,0.767605633802817
5,4,1,20,400,"floor_sqrt_p",2,10,3,0.771812080536913
5,4,1,20,400,"floor_sqrt_p",5,10,3,0.74496644295302
5,4,1,20,400,"floor_sqrt_p",7,10,3,0.751677852348993
5,4,2,20,400,"floor_sqrt_p",2,10,3,0.768707482993197
5,4,2,20,400,"floor_sqrt_p",5,10,3,0.755102040816326
5,4,2,20,400,"floor_sqrt_p",7,10,3,0.782312925170068
5,4,3,20,400,"floor_sqrt_p",2,10,3,0.76551724137931
5,4,3,20,400,"floor_sqrt_p",5,10,3,0.772413793103448
5,4,3,20,400,"floor_sqrt_p",7,10,3,0.772413793103448
5,4,4,20,400,"floor_sqrt_p",2,10,3,0.697183098591549
5,4,4,20,400,"floor_sqrt_p",5,10,3,0.697183098591549
5,4,4,20,400,"floor_sqrt_p",7,10,3,0.711267605633803
5,4,5,20,400,"floor_sqrt_p",2,10,3,0.746478873239437
5,4,5,20,400,"floor_sqrt_p",5,10,3,0.774647887323944
5,4,5,20,400,"floor_sqrt_p",7,10,3,0.76056338028169
5,5,1,6,400,"floor_sqrt_p",2,4,2,0.731543624161074
5,5,1,6,400,"floor_sqrt_p",5,4,2,0.731543624161074
5,5,1,6,400,"floor_sqrt_p",7,4,2,0.724832214765101
5,5,2,6,400,"floor_sqrt_p",2,4,2,0.700680272108844
5,5,2,6,400,"floor_sqrt_p",5,4,2,0.700680272108844
5,5,2,6,400,"floor_sqrt_p",7,4,2,0.693877551020408
5,5,3,6,400,"floor_sqrt_p",2,4,2,0.737931034482759
5,5,3,6,400,"floor_sqrt_p",5,4,2,0.724137931034483
5,5,3,6,400,"floor_sqrt_p",7,4,2,0.744827586206897
5,5,4,6,400,"floor_sqrt_p",2,4,2,0.783216783216783
5,5,4,6,400,"floor_sqrt_p",5,4,2,0.769230769230769
5,5,4,6,400,"floor_sqrt_p",7,4,2,0.762237762237762
5,5,5,6,400,"floor_sqrt_p",2,4,2,0.732394366197183
5,5,5,6,400,"floor_sqrt_p",5,4,2,0.73943661971831
5,5,5,6,400,"floor_sqrt_p",7,4,2,0.76056338028169
5,5,1,7,400,"floor_sqrt_p",2,5,2,0.76510067114094
5,5,1,7,400,"floor_sqrt_p",5,5,2,0.751677852348993
5,5,1,7,400,"floor_sqrt_p",7,5,2,0.738255033557047
5,5,2,7,400,"floor_sqrt_p",2,5,2,0.741496598639456
5,5,2,7,400,"floor_sqrt_p",5,5,2,0.741496598639456
5,5,2,7,400,"floor_sqrt_p",7,5,2,0.727891156462585
5,5,3,7,400,"floor_sqrt_p",2,5,2,0.76551724137931
5,5,3,7,400,"floor_sqrt_p",5,5,2,0.772413793103448
5,5,3,7,400,"floor_sqrt_p",7,5,2,0.751724137931034
5,5,4,7,400,"floor_sqrt_p",2,5,2,0.804195804195804
5,5,4,7,400,"floor_sqrt_p",5,5,2,0.769230769230769
5,5,4,7,400,"floor_sqrt_p",7,5,2,0.783216783216783
5,5,5,7,400,"floor_sqrt_p",2,5,2,0.732394366197183
5,5,5,7,400,"floor_sqrt_p",5,5,2,0.704225352112676
5,5,5,7,400,"floor_sqrt_p",7,5,2,0.71830985915493
5,5,1,8,400,"floor_sqrt_p",2,5,2,0.785234899328859
5,5,1,8,400,"floor_sqrt_p",5,5,2,0.771812080536913
5,5,1,8,400,"floor_sqrt_p",7,5,2,0.778523489932886
5,5,2,8,400,"floor_sqrt_p",2,5,2,0.761904761904762
5,5,2,8,400,"floor_sqrt_p",5,5,2,0.755102040816326
5,5,2,8,400,"floor_sqrt_p",7,5,2,0.761904761904762
5,5,3,8,400,"floor_sqrt_p",2,5,2,0.772413793103448
5,5,3,8,400,"floor_sqrt_p",5,5,2,0.786206896551724
5,5,3,8,400,"floor_sqrt_p",7,5,2,0.786206896551724
5,5,4,8,400,"floor_sqrt_p",2,5,2,0.797202797202797
5,5,4,8,400,"floor_sqrt_p",5,5,2,0.769230769230769
5,5,4,8,400,"floor_sqrt_p",7,5,2,0.769230769230769
5,5,5,8,400,"floor_sqrt_p",2,5,2,0.767605633802817
5,5,5,8,400,"floor_sqrt_p",5,5,2,0.76056338028169
5,5,5,8,400,"floor_sqrt_p",7,5,2,0.76056338028169
5,5,1,9,400,"floor_sqrt_p",2,6,2,0.74496644295302
5,5,1,9,400,"floor_sqrt_p",5,6,2,0.738255033557047
5,5,1,9,400,"floor_sqrt_p",7,6,2,0.738255033557047
5,5,2,9,400,"floor_sqrt_p",2,6,2,0.775510204081633
5,5,2,9,400,"floor_sqrt_p",5,6,2,0.761904761904762
5,5,2,9,400,"floor_sqrt_p",7,6,2,0.741496598639456
5,5,3,9,400,"floor_sqrt_p",2,6,2,0.793103448275862
5,5,3,9,400,"floor_sqrt_p",5,6,2,0.8
5,5,3,9,400,"floor_sqrt_p",7,6,2,0.793103448275862
5,5,4,9,400,"floor_sqrt_p",2,6,2,0.797202797202797
5,5,4,9,400,"floor_sqrt_p",5,6,2,0.797202797202797
5,5,4,9,400,"floor_sqrt_p",7,6,2,0.783216783216783
5,5,5,9,400,"floor_sqrt_p",2,6,2,0.78169014084507
5,5,5,9,400,"floor_sqrt_p",5,6,2,0.788732394366197
5,5,5,9,400,"floor_sqrt_p",7,6,2,0.788732394366197
5,5,1,10,400,"floor_sqrt_p",2,6,2,0.751677852348993
5,5,1,10,400,"floor_sqrt_p",5,6,2,0.738255033557047
5,5,1,10,400,"floor_sqrt_p",7,6,2,0.74496644295302
5,5,2,10,400,"floor_sqrt_p",2,6,2,0.755102040816326
5,5,2,10,400,"floor_sqrt_p",5,6,2,0.755102040816326
5,5,2,10,400,"floor_sqrt_p",7,6,2,0.755102040816326
5,5,3,10,400,"floor_sqrt_p",2,7,2,0.76551724137931
5,5,3,10,400,"floor_sqrt_p",5,7,2,0.758620689655172
5,5,3,10,400,"floor_sqrt_p",7,7,2,0.758620689655172
5,5,4,10,400,"floor_sqrt_p",2,6,2,0.769230769230769
5,5,4,10,400,"floor_sqrt_p",5,6,2,0.776223776223776
5,5,4,10,400,"floor_sqrt_p",7,6,2,0.762237762237762
5,5,5,10,400,"floor_sqrt_p",2,6,2,0.767605633802817
5,5,5,10,400,"floor_sqrt_p",5,6,2,0.795774647887324
5,5,5,10,400,"floor_sqrt_p",7,6,2,0.788732394366197
5,5,1,11,400,"floor_sqrt_p",2,7,2,0.718120805369127
5,5,1,11,400,"floor_sqrt_p",5,7,2,0.724832214765101
5,5,1,11,400,"floor_sqrt_p",7,7,2,0.724832214765101
5,5,2,11,400,"floor_sqrt_p",2,7,2,0.714285714285714
5,5,2,11,400,"floor_sqrt_p",5,7,2,0.741496598639456
5,5,2,11,400,"floor_sqrt_p",7,7,2,0.727891156462585
5,5,3,11,400,"floor_sqrt_p",2,7,2,0.779310344827586
5,5,3,11,400,"floor_sqrt_p",5,7,2,0.76551724137931
5,5,3,11,400,"floor_sqrt_p",7,7,2,0.758620689655172
5,5,4,11,400,"floor_sqrt_p",2,7,2,0.776223776223776
5,5,4,11,400,"floor_sqrt_p",5,7,2,0.776223776223776
5,5,4,11,400,"floor_sqrt_p",7,7,2,0.755244755244755
5,5,5,11,400,"floor_sqrt_p",2,7,2,0.774647887323944
5,5,5,11,400,"floor_sqrt_p",5,7,2,0.767605633802817
5,5,5,11,400,"floor_sqrt_p",7,7,2,0.809859154929577
5,5,1,12,400,"floor_sqrt_p",2,7,2,0.731543624161074
5,5,1,12,400,"floor_sqrt_p",5,7,2,0.731543624161074
5,5,1,12,400,"floor_sqrt_p",7,7,2,0.711409395973154
5,5,2,12,400,"floor_sqrt_p",2,7,2,0.755102040816326
5,5,2,12,400,"floor_sqrt_p",5,7,2,0.755102040816326
5,5,2,12,400,"floor_sqrt_p",7,7,2,0.768707482993197
5,5,3,12,400,"floor_sqrt_p",2,7,2,0.76551724137931
5,5,3,12,400,"floor_sqrt_p",5,7,2,0.751724137931034
5,5,3,12,400,"floor_sqrt_p",7,7,2,0.772413793103448
5,5,4,12,400,"floor_sqrt_p",2,7,2,0.762237762237762
5,5,4,12,400,"floor_sqrt_p",5,7,2,0.762237762237762
5,5,4,12,400,"floor_sqrt_p",7,7,2,0.762237762237762
5,5,5,12,400,"floor_sqrt_p",2,7,2,0.774647887323944
5,5,5,12,400,"floor_sqrt_p",5,7,2,0.788732394366197
5,5,5,12,400,"floor_sqrt_p",7,7,2,0.788732394366197
5,5,1,13,400,"floor_sqrt_p",2,7,2,0.751677852348993
5,5,1,13,400,"floor_sqrt_p",5,7,2,0.704697986577181
5,5,1,13,400,"floor_sqrt_p",7,7,2,0.718120805369127
5,5,2,13,400,"floor_sqrt_p",2,7,2,0.72108843537415
5,5,2,13,400,"floor_sqrt_p",5,7,2,0.73469387755102
5,5,2,13,400,"floor_sqrt_p",7,7,2,0.748299319727891
5,5,3,13,400,"floor_sqrt_p",2,7,2,0.76551724137931
5,5,3,13,400,"floor_sqrt_p",5,7,2,0.751724137931034
5,5,3,13,400,"floor_sqrt_p",7,7,2,0.758620689655172
5,5,4,13,400,"floor_sqrt_p",2,7,2,0.762237762237762
5,5,4,13,400,"floor_sqrt_p",5,7,2,0.748251748251748
5,5,4,13,400,"floor_sqrt_p",7,7,2,0.769230769230769
5,5,5,13,400,"floor_sqrt_p",2,7,2,0.774647887323944
5,5,5,13,400,"floor_sqrt_p",5,7,2,0.767605633802817
5,5,5,13,400,"floor_sqrt_p",7,7,2,0.78169014084507
5,5,1,14,400,"floor_sqrt_p",2,7,2,0.74496644295302
5,5,1,14,400,"floor_sqrt_p",5,7,2,0.74496644295302
5,5,1,14,400,"floor_sqrt_p",7,7,2,0.738255033557047
5,5,2,14,400,"floor_sqrt_p",2,7,2,0.73469387755102
5,5,2,14,400,"floor_sqrt_p",5,7,2,0.73469387755102
5,5,2,14,400,"floor_sqrt_p",7,7,2,0.72108843537415
5,5,3,14,400,"floor_sqrt_p",2,8,2,0.786206896551724
5,5,3,14,400,"floor_sqrt_p",5,8,2,0.786206896551724
5,5,3,14,400,"floor_sqrt_p",7,8,2,0.76551724137931
5,5,4,14,400,"floor_sqrt_p",2,8,2,0.776223776223776
5,5,4,14,400,"floor_sqrt_p",5,8,2,0.748251748251748
5,5,4,14,400,"floor_sqrt_p",7,8,2,0.762237762237762
5,5,5,14,400,"floor_sqrt_p",2,7,2,0.788732394366197
5,5,5,14,400,"floor_sqrt_p",5,7,2,0.78169014084507
5,5,5,14,400,"floor_sqrt_p",7,7,2,0.76056338028169
5,5,1,15,400,"floor_sqrt_p",2,8,2,0.791946308724832
5,5,1,15,400,"floor_sqrt_p",5,8,2,0.778523489932886
5,5,1,15,400,"floor_sqrt_p",7,8,2,0.791946308724832
5,5,2,15,400,"floor_sqrt_p",2,8,2,0.707482993197279
5,5,2,15,400,"floor_sqrt_p",5,8,2,0.73469387755102
5,5,2,15,400,"floor_sqrt_p",7,8,2,0.727891156462585
5,5,3,15,400,"floor_sqrt_p",2,8,2,0.772413793103448
5,5,3,15,400,"floor_sqrt_p",5,8,2,0.779310344827586
5,5,3,15,400,"floor_sqrt_p",7,8,2,0.779310344827586
5,5,4,15,400,"floor_sqrt_p",2,8,2,0.748251748251748
5,5,4,15,400,"floor_sqrt_p",5,8,2,0.762237762237762
5,5,4,15,400,"floor_sqrt_p",7,8,2,0.755244755244755
5,5,5,15,400,"floor_sqrt_p",2,8,2,0.76056338028169
5,5,5,15,400,"floor_sqrt_p",5,8,2,0.73943661971831
5,5,5,15,400,"floor_sqrt_p",7,8,2,0.746478873239437
5,5,1,16,400,"floor_sqrt_p",2,8,2,0.751677852348993
5,5,1,16,400,"floor_sqrt_p",5,8,2,0.74496644295302
5,5,1,16,400,"floor_sqrt_p",7,8,2,0.74496644295302
5,5,2,16,400,"floor_sqrt_p",2,8,2,0.72108843537415
5,5,2,16,400,"floor_sqrt_p",5,8,2,0.714285714285714
5,5,2,16,400,"floor_sqrt_p",7,8,2,0.72108843537415
5,5,3,16,400,"floor_sqrt_p",2,9,3,0.786206896551724
5,5,3,16,400,"floor_sqrt_p",5,9,3,0.786206896551724
5,5,3,16,400,"floor_sqrt_p",7,9,3,0.758620689655172
5,5,4,16,400,"floor_sqrt_p",2,8,2,0.79020979020979
5,5,4,16,400,"floor_sqrt_p",5,8,2,0.783216783216783
5,5,4,16,400,"floor_sqrt_p",7,8,2,0.776223776223776
5,5,5,16,400,"floor_sqrt_p",2,8,2,0.774647887323944
5,5,5,16,400,"floor_sqrt_p",5,8,2,0.76056338028169
5,5,5,16,400,"floor_sqrt_p",7,8,2,0.76056338028169
5,5,1,17,400,"floor_sqrt_p",2,9,3,0.751677852348993
5,5,1,17,400,"floor_sqrt_p",5,9,3,0.751677852348993
5,5,1,17,400,"floor_sqrt_p",7,9,3,0.758389261744966
5,5,2,17,400,"floor_sqrt_p",2,8,2,0.748299319727891
5,5,2,17,400,"floor_sqrt_p",5,8,2,0.72108843537415
5,5,2,17,400,"floor_sqrt_p",7,8,2,0.748299319727891
5,5,3,17,400,"floor_sqrt_p",2,9,3,0.76551724137931
5,5,3,17,400,"floor_sqrt_p",5,9,3,0.76551724137931
5,5,3,17,400,"floor_sqrt_p",7,9,3,0.772413793103448
5,5,4,17,400,"floor_sqrt_p",2,9,3,0.762237762237762
5,5,4,17,400,"floor_sqrt_p",5,9,3,0.741258741258741
5,5,4,17,400,"floor_sqrt_p",7,9,3,0.762237762237762
5,5,5,17,400,"floor_sqrt_p",2,9,3,0.802816901408451
5,5,5,17,400,"floor_sqrt_p",5,9,3,0.78169014084507
5,5,5,17,400,"floor_sqrt_p",7,9,3,0.767605633802817
5,5,1,18,400,"floor_sqrt_p",2,9,3,0.74496644295302
5,5,1,18,400,"floor_sqrt_p",5,9,3,0.74496644295302
5,5,1,18,400,"floor_sqrt_p",7,9,3,0.751677852348993
5,5,2,18,400,"floor_sqrt_p",2,9,3,0.768707482993197
5,5,2,18,400,"floor_sqrt_p",5,9,3,0.73469387755102
5,5,2,18,400,"floor_sqrt_p",7,9,3,0.748299319727891
5,5,3,18,400,"floor_sqrt_p",2,9,3,0.772413793103448
5,5,3,18,400,"floor_sqrt_p",5,9,3,0.772413793103448
5,5,3,18,400,"floor_sqrt_p",7,9,3,0.76551724137931
5,5,4,18,400,"floor_sqrt_p",2,9,3,0.748251748251748
5,5,4,18,400,"floor_sqrt_p",5,9,3,0.748251748251748
5,5,4,18,400,"floor_sqrt_p",7,9,3,0.748251748251748
5,5,5,18,400,"floor_sqrt_p",2,9,3,0.802816901408451
5,5,5,18,400,"floor_sqrt_p",5,9,3,0.788732394366197
5,5,5,18,400,"floor_sqrt_p",7,9,3,0.809859154929577
5,5,1,19,400,"floor_sqrt_p",2,9,3,0.74496644295302
5,5,1,19,400,"floor_sqrt_p",5,9,3,0.738255033557047
5,5,1,19,400,"floor_sqrt_p",7,9,3,0.76510067114094
5,5,2,19,400,"floor_sqrt_p",2,9,3,0.748299319727891
5,5,2,19,400,"floor_sqrt_p",5,9,3,0.73469387755102
5,5,2,19,400,"floor_sqrt_p",7,9,3,0.748299319727891
5,5,3,19,400,"floor_sqrt_p",2,10,3,0.76551724137931
5,5,3,19,400,"floor_sqrt_p",5,10,3,0.76551724137931
5,5,3,19,400,"floor_sqrt_p",7,10,3,0.758620689655172
5,5,4,19,400,"floor_sqrt_p",2,10,3,0.706293706293706
5,5,4,19,400,"floor_sqrt_p",5,10,3,0.692307692307692
5,5,4,19,400,"floor_sqrt_p",7,10,3,0.699300699300699
5,5,5,19,400,"floor_sqrt_p",2,9,3,0.78169014084507
5,5,5,19,400,"floor_sqrt_p",5,9,3,0.774647887323944
5,5,5,19,400,"floor_sqrt_p",7,9,3,0.767605633802817
5,5,1,20,400,"floor_sqrt_p",2,10,3,0.76510067114094
5,5,1,20,400,"floor_sqrt_p",5,10,3,0.74496644295302
5,5,1,20,400,"floor_sqrt_p",7,10,3,0.724832214765101
5,5,2,20,400,"floor_sqrt_p",2,10,3,0.72108843537415
5,5,2,20,400,"floor_sqrt_p",5,10,3,0.73469387755102
5,5,2,20,400,"floor_sqrt_p",7,10,3,0.73469387755102
5,5,3,20,400,"floor_sqrt_p",2,10,3,0.758620689655172
5,5,3,20,400,"floor_sqrt_p",5,10,3,0.76551724137931
5,5,3,20,400,"floor_sqrt_p",7,10,3,0.758620689655172
5,5,4,20,400,"floor_sqrt_p",2,10,3,0.657342657342657
5,5,4,20,400,"floor_sqrt_p",5,10,3,0.671328671328671
5,5,4,20,400,"floor_sqrt_p",7,10,3,0.671328671328671
5,5,5,20,400,"floor_sqrt_p",2,10,3,0.76056338028169
5,5,5,20,400,"floor_sqrt_p",5,10,3,0.78169014084507
5,5,5,20,400,"floor_sqrt_p",7,10,3,0.774647887323944
