code5,selected_fpocket_number,overlap_score,pdb_id,chain_id,instance_id,rcsb_entity_id,rcsb30_cluster_id,mapping_status
11asA,1,0.5502,11AS,A,11AS.A,11AS_1,RCSB30_1278,mapped
13pkD,3,0.7658,13PK,D,13PK.D,13PK_1,RCSB30_2300,mapped
154lA,2,0.6782,154L,A,154L.A,154L_1,RCSB30_7741,mapped
1a05B,3,0.9232,1A05,B,1A05.B,1A05_1,RCSB30_117,mapped
1a0iA,1,0.9102,1A0I,A,1A0I.A,1A0I_1,RCSB30_102985,mapped
1a0jC,2,0.9014,1A0J,C,1A0J.C,1A0J_1,RCSB30_67,mapped
1a3gB,1,0.703,1A3G,B,1A3G.B,1A3G_1,RCSB30_4384,mapped
1a4eD,1,0.8828,1A4E,D,1A4E.D,1A4E_1,RCSB30_842,mapped
1a4iB,2,0.6481,1A4I,B,1A4I.B,1A4I_1,RCSB30_254,mapped
1a4mD,2,0.9471,1A4M,D,1A4M.D,1A4M_1,RCSB30_3172,mapped
1a6eA,1,0.8621,1A6E,A,1A6E.A,1A6E_1,RCSB30_504,mapped
1a6eB,1,0.829,1A6E,B,1A6E.B,1A6E_2,RCSB30_504,mapped
1a6vD,1,0.8423,1A6V,D,1A6V.D,1A6V_2,RCSB30_1,mapped
1a7sA,1,0.5204,1A7S,A,1A7S.A,1A7S_1,RCSB30_1853,mapped
1a80A,1,0.8691,1A80,A,1A80.A,1A80_1,RCSB30_438,mapped
1a8pA,1,0.7795,1A8P,A,1A8P.A,1A8P_1,RCSB30_5720,mapped
1a8tA,1,0.9169,1A8T,A,1A8T.A,1A8T_1,RCSB30_440,mapped
1a8uB,2,0.7633,1A8U,B,1A8U.B,1A8U_1,RCSB30_5189,mapped
1a9wB,1,0.759,1A9W,B,1A9W.B,1A9W_2,RCSB30_70,mapped
1adyC,1,0.9313,1ADY,C,1ADY.C,1ADY_1,RCSB30_249,mapped
1ae1A,1,0.8234,1AE1,A,1AE1.A,1AE1_1,RCSB30_1170,mapped
1af7A,1,0.8242,1AF7,A,1AF7.A,1AF7_1,RCSB30_29290,mapped
1afwA,1,0.6491,1AFW,A,1AFW.A,1AFW_1,RCSB30_891,mapped
1ahaA,1,0.9555,1AHA,A,1AHA.A,1AHA_1,RCSB30_1998,mapped
1ahhA,3,0.6507,1AHH,A,1AHH.A,1AHH_1,RCSB30_708,mapped
1ai9A,2,0.6549,1AI9,A,1AI9.A,1AI9_1,RCSB30_1132,mapped
1aimA,2,0.8035,1AIM,A,1AIM.A,1AIM_1,RCSB30_3073,mapped
1alwB,2,0.9547,1ALW,B,1ALW.B,1ALW_1,RCSB30_6673,mapped
1aodA,2,0.5776,1AOD,A,1AOD.A,1AOD_1,RCSB30_61673,mapped
1aomA,1,0.7313,1AOM,A,1AOM.A,1AOM_1,RCSB30_7674,mapped
1apuA,3,0.5994,1APU,A,1APU.A,1APU_1,RCSB30_57,mapped
1aqcC,3,0.5694,1AQC,C,1AQC.C,1AQC_1,RCSB30_13813,mapped
1aqyB,1,0.6019,1AQY,B,1AQY.B,1AQY_1,RCSB30_2740,mapped
1ashA,1,0.8545,1ASH,A,1ASH.A,1ASH_1,RCSB30_11650,mapped
1aszC,2,0.7764,1ASZ,C,1ASZ.C,1ASZ_2,RCSB30_5340,mapped
1atlA,1,0.9487,1ATL,A,1ATL.A,1ATL_1,RCSB30_2141,mapped
1avpA,2,0.684,1AVP,A,1AVP.A,1AVP_1,RCSB30_19883,mapped
1awbA,1,0.9061,1AWB,A,1AWB.A,1AWB_1,RCSB30_3956,mapped
1awiB,1,0.6159,1AWI,B,1AWI.B,1AWI_1,RCSB30_4173,mapped
1awpB,1,1.0,1AWP,B,1AWP.B,1AWP_1,RCSB30_1639,mapped
1ay4A,2,0.8222,1AY4,A,1AY4.A,1AY4_1,RCSB30_578,mapped
1aygA,1,0.8591,1AYG,A,1AYG.A,1AYG_1,RCSB30_5606,mapped
1aymA,1,0.7991,1AYM,A,1AYM.A,1AYM_1,RCSB30_19,mapped
1ayxA,2,0.854,1AYX,A,1AYX.A,1AYX_1,RCSB30_21016,mapped
1b0bA,1,0.8607,1B0B,A,1B0B.A,1B0B_1,RCSB30_41466,mapped
1b0uA,3,0.8589,1B0U,A,1B0U.A,1B0U_1,RCSB30_788,mapped
1b1cA,1,0.9181,1B1C,A,1B1C.A,1B1C_1,RCSB30_980,mapped
1b25C,1,0.7448,1B25,C,1B25.C,1B25_1,RCSB30_15157,mapped
1b2iA,1,1.0,1B2I,A,1B2I.A,1B2I_1,RCSB30_158,mapped
1b33H,1,0.8158,1B33,H,1B33.H,1B33_1,RCSB30_2391,mapped
1b48A,1,0.5685,1B48,A,1B48.A,1B48_1,RCSB30_2361,mapped
1b4kA,1,0.8433,1B4K,A,1B4K.A,1B4K_1,RCSB30_1667,mapped
1b4uB,1,0.5901,1B4U,B,1B4U.B,1B4U_2,RCSB30_15791,mapped
1b5dA,1,0.6425,1B5D,A,1B5D.A,1B5D_1,RCSB30_34106,mapped
1b5jA,1,0.7563,1B5J,A,1B5J.A,1B5J_1,RCSB30_1164,mapped
1b5pB,2,0.8541,1B5P,B,1B5P.B,1B5P_1,RCSB30_3326,mapped
1b6sD,1,0.946,1B6S,D,1B6S.D,1B6S_1,RCSB30_14824,mapped
1b74A,1,0.7162,1B74,A,1B74.A,1B74_1,RCSB30_801,mapped
1b76A,1,0.8976,1B76,A,1B76.A,1B76_1,RCSB30_2237,mapped
1b80A,1,0.9074,1B80,A,1B80.A,1B80_1,RCSB30_2251,mapped
1b8gB,1,0.8593,1B8G,B,1B8G.B,1B8G_1,RCSB30_3217,mapped
1b8hB,1,0.7309,1B8H,B,1B8H.B,1B8H_1,RCSB30_13369,mapped
1b8vA,1,0.6914,1B8V,A,1B8V.A,1B8V_1,RCSB30_838,mapped
1b9hA,1,0.7535,1B9H,A,1B9H.A,1B9H_1,RCSB30_7040,mapped
1bagA,1,0.8795,1BAG,A,1BAG.A,1BAG_1,RCSB30_42007,mapped
1baiA,2,0.4256,1BAI,A,1BAI.A,1BAI_1,RCSB30_64306,mapped
1bbuA,1,0.5737,1BBU,A,1BBU.A,1BBU_1,RCSB30_534,mapped
1bcpE,1,0.857,1BCP,E,1BCP.E,1BCP_4,RCSB30_20186,mapped
1bd4A,3,0.8276,1BD4,A,1BD4.A,1BD4_1,RCSB30_6117,mapped
1bdaA,2,0.8564,1BDA,A,1BDA.A,1BDA_1,RCSB30_784,mapped
1bdgA,1,0.5707,1BDG,A,1BDG.A,1BDG_1,RCSB30_1141,mapped
1bdiB,1,0.6787,1BDI,B,1BDI.B,1BDI_2,RCSB30_985,mapped
1bdoA,1,1.0,1BDO,A,1BDO.A,1BDO_1,RCSB30_6383,mapped
1be2A,1,0.9249,1BE2,A,1BE2.A,1BE2_1,RCSB30_1950,mapped
1bevA,1,0.7251,1BEV,A,1BEV.A,1BEV_1,RCSB30_19,mapped
1bfvB,1,0.9596,1BFV,B,1BFV.B,1BFV_2,RCSB30_2,mapped
1bggB,1,0.6196,1BGG,B,1BGG.B,1BGG_1,RCSB30_1388,mapped
1bgpA,1,0.7897,1BGP,A,1BGP.A,1BGP_1,RCSB30_2932,mapped
1bgvA,1,0.4654,1BGV,A,1BGV.A,1BGV_1,RCSB30_1558,mapped
1bh6A,1,0.6802,1BH6,A,1BH6.A,1BH6_1,RCSB30_459,mapped
1bhyA,1,0.9437,1BHY,A,1BHY.A,1BHY_1,RCSB30_4505,mapped
1bi9D,2,0.9296,1BI9,D,1BI9.D,1BI9_1,RCSB30_68,mapped
1bibA,1,0.7418,1BIB,A,1BIB.A,1BIB_1,RCSB30_5223,mapped
1bifA,3,0.4943,1BIF,A,1BIF.A,1BIF_1,RCSB30_3531,mapped
1binA,1,0.8749,1BIN,A,1BIN.A,1BIN_1,RCSB30_2183,mapped
1bj4A,1,0.7431,1BJ4,A,1BJ4.A,1BJ4_1,RCSB30_144,mapped
1bk9A,1,0.7716,1BK9,A,1BK9.A,1BK9_1,RCSB30_263,mapped
1bkcA,1,0.8329,1BKC,A,1BKC.A,1BKC_1,RCSB30_4664,mapped
1bmdB,1,0.7546,1BMD,B,1BMD.B,1BMD_1,RCSB30_838,mapped
1bobA,1,0.9797,1BOB,A,1BOB.A,1BOB_1,RCSB30_20667,mapped
1booA,1,0.7526,1BOO,A,1BOO.A,1BOO_1,RCSB30_91951,mapped
1bpwA,2,0.7759,1BPW,A,1BPW.A,1BPW_1,RCSB30_1061,mapped
1bq4C,2,0.7211,1BQ4,C,1BQ4.C,1BQ4_1,RCSB30_337,mapped
1bqsA,1,0.5295,1BQS,A,1BQS.A,1BQS_1,RCSB30_21414,mapped
1bqyB,1,0.7991,1BQY,B,1BQY.B,1BQY_1,RCSB30_8448,mapped
1br1A,1,0.8225,1BR1,A,1BR1.A,1BR1_1,RCSB30_538,mapped
1br2D,3,0.852,1BR2,D,1BR2.D,1BR2_1,RCSB30_538,mapped
1br8B,1,0.6387,1BR8,B,1BR8.B,1BR8_1,RCSB30_360,mapped
1brdA,1,0.7694,1BRD,A,1BRD.A,1BRD_1,RCSB30_780,mapped
1bruA,2,0.6016,1BRU,A,1BRU.A,1BRU_1,RCSB30_1853,mapped
1bsvA,1,0.5889,1BSV,A,1BSV.A,1BSV_1,RCSB30_7227,mapped
1bx9A,1,0.841,1BX9,A,1BX9.A,1BX9_1,RCSB30_4672,mapped
1bxkB,1,0.7953,1BXK,B,1BXK.B,1BXK_1,RCSB30_4354,mapped
1byeC,3,0.5912,1BYE,C,1BYE.C,1BYE_1,RCSB30_24090,mapped
1c0pA,1,0.9092,1C0P,A,1C0P.A,1C0P_1,RCSB30_24996,mapped
1c1jB,1,0.8189,1C1J,B,1C1J.B,1C1J_1,RCSB30_263,mapped
1c1lA,1,0.6466,1C1L,A,1C1L.A,1C1L_1,RCSB30_14837,mapped
1c1yA,1,0.9346,1C1Y,A,1C1Y.A,1C1Y_1,RCSB30_1427,mapped
1c21A,1,0.9643,1C21,A,1C21.A,1C21_1,RCSB30_1898,mapped
1c2rA,1,0.9057,1C2R,A,1C2R.A,1C2R_1,RCSB30_1265,mapped
1c3xA,1,0.6752,1C3X,A,1C3X.A,1C3X_1,RCSB30_4716,mapped
1c5fA,2,0.5939,1C5F,A,1C5F.A,1C5F_1,RCSB30_29108,mapped
1c6oB,1,0.9543,1C6O,B,1C6O.B,1C6O_1,RCSB30_3267,mapped
1c6sA,1,0.8385,1C6S,A,1C6S.A,1C6S_1,RCSB30_3267,mapped
1c7gD,2,0.8315,1C7G,D,1C7G.D,1C7G_1,RCSB30_1645,mapped
1c7nF,1,0.7869,1C7N,F,1C7N.F,1C7N_1,RCSB30_6233,mapped
1c7sA,1,0.6808,1C7S,A,1C7S.A,1C7S_1,RCSB30_22839,mapped
1c80A,1,0.5732,1C80,A,1C80.A,1C80_1,RCSB30_3531,mapped
1c8uA,1,0.5373,1C8U,A,1C8U.A,1C8U_1,RCSB30_6531,mapped
1c9kB,5,0.7525,1C9K,B,1C9K.B,1C9K_1,RCSB30_10692,mapped
1cbfA,1,0.762,1CBF,A,1CBF.A,1CBF_1,RCSB30_1266,mapped
1cbrA,2,0.6042,1CBR,A,1CBR.A,1CBR_1,RCSB30_211,mapped
1cbvC,3,0.671,1CBV,C,1CBV.C,1CBV_3,RCSB30_1,mapped
1cc5A,1,0.8802,1CC5,A,1CC5.A,1CC5_1,RCSB30_25711,mapped
1cc7A,1,1.0,1CC7,A,1CC7.A,1CC7_1,RCSB30_10813,mapped
1ccrA,1,0.9253,1CCR,A,1CCR.A,1CCR_1,RCSB30_4061,mapped
1cdoA,2,0.7105,1CDO,A,1CDO.A,1CDO_1,RCSB30_434,mapped
1cebA,1,1.0,1CEB,A,1CEB.A,1CEB_1,RCSB30_158,mapped
1cenA,3,0.9622,1CEN,A,1CEN.A,1CEN_1,RCSB30_30414,mapped
1cerH,2,0.6189,1CER,H,1CER.H,1CER_1,RCSB30_304,mapped
1cf2C,1,0.8404,1CF2,C,1CF2.C,1CF2_1,RCSB30_3780,mapped
1cfaA,2,0.8052,1CFA,A,1CFA.A,1CFA_1,RCSB30_3266,mapped
1cfmA,1,0.9654,1CFM,A,1CFM.A,1CFM_1,RCSB30_4500,mapped
1cfsB,1,0.7481,1CFS,B,1CFS.B,1CFS_2,RCSB30_1,mapped
1cg5B,1,0.8062,1CG5,B,1CG5.B,1CG5_2,RCSB30_95,mapped
1cg6A,1,0.8282,1CG6,A,1CG6.A,1CG6_1,RCSB30_1321,mapped
1cg8A,1,0.933,1CG8,A,1CG8.A,1CG8_1,RCSB30_95,mapped
1cghA,2,0.6936,1CGH,A,1CGH.A,1CGH_1,RCSB30_2120,mapped
1cguA,3,0.9509,1CGU,A,1CGU.A,1CGU_1,RCSB30_2963,mapped
1cgzA,1,0.7726,1CGZ,A,1CGZ.A,1CGZ_1,RCSB30_323,mapped
1chmB,2,0.8427,1CHM,B,1CHM.B,1CHM_1,RCSB30_36151,mapped
1ci3A,1,0.9647,1CI3,A,1CI3.A,1CI3_1,RCSB30_1287,mapped
1ci7B,6,0.4368,1CI7,B,1CI7.B,1CI7_1,RCSB30_121,mapped
1ci9A,1,0.5182,1CI9,A,1CI9.A,1CI9_1,RCSB30_21293,mapped
1civA,1,0.8394,1CIV,A,1CIV.A,1CIV_1,RCSB30_7603,mapped
1cjaB,1,0.8555,1CJA,B,1CJA.B,1CJA_1,RCSB30_98756,mapped
1ckmA,1,0.8573,1CKM,A,1CKM.A,1CKM_1,RCSB30_45017,mapped
1cl6A,1,0.9581,1CL6,A,1CL6.A,1CL6_1,RCSB30_6917,mapped
1cm0A,1,0.84,1CM0,A,1CM0.A,1CM0_1,RCSB30_3992,mapped
1cm8A,2,0.7629,1CM8,A,1CM8.A,1CM8_1,RCSB30_286,mapped
1co6A,1,0.8725,1CO6,A,1CO6.A,1CO6_1,RCSB30_8755,mapped
1corA,1,0.8808,1COR,A,1COR.A,1COR_1,RCSB30_5606,mapped
1covA,1,0.8023,1COV,A,1COV.A,1COV_1,RCSB30_19,mapped
1cprA,1,0.8425,1CPR,A,1CPR.A,1CPR_1,RCSB30_2723,mapped
1cptA,1,0.6773,1CPT,A,1CPT.A,1CPT_1,RCSB30_305,mapped
1cqpB,1,0.9408,1CQP,B,1CQP.B,1CQP_1,RCSB30_2385,mapped
1csvA,1,1.0,1CSV,A,1CSV.A,1CSV_1,RCSB30_502,mapped
1ct5A,1,0.527,1CT5,A,1CT5.A,1CT5_1,RCSB30_10453,mapped
1ctjA,1,0.9777,1CTJ,A,1CTJ.A,1CTJ_1,RCSB30_3267,mapped
1ctuA,2,0.8599,1CTU,A,1CTU.A,1CTU_1,RCSB30_1518,mapped
1cv8A,3,0.6796,1CV8,A,1CV8.A,1CV8_1,RCSB30_9015,mapped
1cvrA,2,0.9177,1CVR,A,1CVR.A,1CVR_1,RCSB30_23597,mapped
1cw0D,2,0.4401,1CW0,D,1CW0.D,1CW0_4,RCSB30_23816,mapped
1cwpD,3,0.4229,1CWP,D,1CWP.D,1CWP_3,RCSB30_16272,mapped
1cxyA,1,0.9475,1CXY,A,1CXY.A,1CXY_1,RCSB30_1639,mapped
1cy6A,3,0.8531,1CY6,A,1CY6.A,1CY6_1,RCSB30_6234,mapped
1cydA,1,0.8822,1CYD,A,1CYD.A,1CYD_1,RCSB30_2630,mapped
1cyiA,1,0.9777,1CYI,A,1CYI.A,1CYI_1,RCSB30_3267,mapped
1cz2A,1,0.8641,1CZ2,A,1CZ2.A,1CZ2_1,RCSB30_1950,mapped
1cziA,1,0.7977,1CZI,A,1CZI.A,1CZI_1,RCSB30_464,mapped
1cznA,1,0.973,1CZN,A,1CZN.A,1CZN_1,RCSB30_2475,mapped
1d00D,3,0.5794,1D00,D,1D00.D,1D00_1,RCSB30_4727,mapped
1d06A,1,0.9575,1D06,A,1D06.A,1D06_1,RCSB30_61023,mapped
1d1sB,1,0.8863,1D1S,B,1D1S.B,1D1S_1,RCSB30_434,mapped
1d2aB,1,0.8213,1D2A,B,1D2A.B,1D2A_1,RCSB30_4799,mapped
1d2eB,1,0.6691,1D2E,B,1D2E.B,1D2E_1,RCSB30_1519,mapped
1d2fA,2,0.8947,1D2F,A,1D2F.A,1D2F_1,RCSB30_6233,mapped
1d5cA,1,0.8182,1D5C,A,1D5C.A,1D5C_1,RCSB30_28676,mapped
1d6uB,2,0.8131,1D6U,B,1D6U.B,1D6U_1,RCSB30_4065,mapped
1d7aD,3,0.8539,1D7A,D,1D7A.D,1D7A_1,RCSB30_332,mapped
1d9uA,1,0.5908,1D9U,A,1D9U.A,,SINGLETON_1d9uA,missing_entity
1d9zA,1,0.5241,1D9Z,A,1D9Z.A,1D9Z_1,RCSB30_399,mapped
1daeA,2,0.7196,1DAE,A,1DAE.A,1DAE_1,RCSB30_2200,mapped
1daoG,1,0.9446,1DAO,G,1DAO.G,1DAO_1,RCSB30_3091,mapped
1dapA,1,0.7315,1DAP,A,1DAP.A,1DAP_1,RCSB30_7075,mapped
1dbjB,1,0.9513,1DBJ,B,1DBJ.B,1DBJ_2,RCSB30_1,mapped
1dbtC,1,0.8658,1DBT,C,1DBT.C,1DBT_1,RCSB30_483,mapped
1ddlC,2,0.7795,1DDL,C,1DDL.C,1DDL_3,RCSB30_22503,mapped
1de5B,1,0.9707,1DE5,B,1DE5.B,1DE5_1,RCSB30_1316,mapped
1de9H,1,0.7209,1DE9,H,1DE9.H,1DE9_4,RCSB30_2659,mapped
1delA,2,0.8424,1DEL,A,1DEL.A,1DEL_1,RCSB30_88247,mapped
1dfiD,1,0.7599,1DFI,D,1DFI.D,1DFI_1,RCSB30_1340,mapped
1dfpB,1,0.757,1DFP,B,1DFP.B,1DFP_1,RCSB30_2120,mapped
1dg1A,1,0.9721,1DG1,A,1DG1.A,1DG1_1,RCSB30_41,mapped
1dgmA,1,0.724,1DGM,A,1DGM.A,1DGM_1,RCSB30_5030,mapped
1dhiB,2,0.8652,1DHI,B,1DHI.B,1DHI_1,RCSB30_899,mapped
1dilA,2,0.8094,1DIL,A,1DIL.A,1DIL_1,RCSB30_12784,mapped
1diqB,1,0.922,1DIQ,B,1DIQ.B,1DIQ_2,RCSB30_54458,mapped
1dirB,1,0.8037,1DIR,B,1DIR.B,1DIR_1,RCSB30_6331,mapped
1dj2B,1,0.7737,1DJ2,B,1DJ2.B,1DJ2_1,RCSB30_243,mapped
1dj3B,1,0.8727,1DJ3,B,1DJ3.B,1DJ3_1,RCSB30_243,mapped
1djeA,3,0.9093,1DJE,A,1DJE.A,1DJE_1,RCSB30_970,mapped
1djlA,1,0.9223,1DJL,A,1DJL.A,1DJL_1,RCSB30_1792,mapped
1dk0A,1,0.812,1DK0,A,1DK0.A,1DK0_1,RCSB30_3868,mapped
1dk8A,1,0.5108,1DK8,A,1DK8.A,1DK8_1,RCSB30_6274,mapped
1dl5A,1,0.7167,1DL5,A,1DL5.A,1DL5_1,RCSB30_76080,mapped
1dlhD,2,1.0,1DLH,D,1DLH.D,1DLH_1,RCSB30_542,mapped
1dlwA,1,0.9588,1DLW,A,1DLW.A,1DLW_1,RCSB30_5060,mapped
1dlyA,1,0.7116,1DLY,A,1DLY.A,1DLY_1,RCSB30_5060,mapped
1dmyB,1,0.8384,1DMY,B,1DMY.B,1DMY_1,RCSB30_1286,mapped
1doaA,1,0.859,1DOA,A,1DOA.A,1DOA_1,RCSB30_344,mapped
1dp2A,1,0.6199,1DP2,A,1DP2.A,1DP2_1,RCSB30_10536,mapped
1dppC,2,0.9008,1DPP,C,1DPP.C,1DPP_1,RCSB30_3642,mapped
1dqeA,1,0.9016,1DQE,A,1DQE.A,1DQE_1,RCSB30_4827,mapped
1dr5A,1,0.8472,1DR5,A,1DR5.A,1DR5_1,RCSB30_1132,mapped
1drfA,1,0.8076,1DRF,A,1DRF.A,1DRF_1,RCSB30_1132,mapped
1drkA,2,1.0,1DRK,A,1DRK.A,1DRK_1,RCSB30_11330,mapped
1drmA,1,1.0,1DRM,A,1DRM.A,1DRM_1,RCSB30_7729,mapped
1drvA,1,0.7418,1DRV,A,1DRV.A,1DRV_1,RCSB30_348,mapped
1ds1A,1,0.5776,1DS1,A,1DS1.A,1DS1_1,RCSB30_22753,mapped
1ds5C,1,0.8286,1DS5,C,1DS5.C,1DS5_1,RCSB30_342,mapped
1dsyA,2,0.9062,1DSY,A,1DSY.A,1DSY_1,RCSB30_6101,mapped
1dt1A,1,0.8915,1DT1,A,1DT1.A,1DT1_1,RCSB30_23853,mapped
1dt6A,1,0.8864,1DT6,A,1DT6.A,1DT6_1,RCSB30_426,mapped
1dtdA,1,0.7511,1DTD,A,1DTD.A,1DTD_1,RCSB30_2544,mapped
1dtpA,1,0.9007,1DTP,A,1DTP.A,1DTP_1,RCSB30_10716,mapped
1ducA,1,0.9082,1DUC,A,1DUC.A,1DUC_1,RCSB30_5581,mapped
1dudA,3,0.9017,1DUD,A,1DUD.A,1DUD_1,RCSB30_794,mapped
1dv2B,2,0.8895,1DV2,B,1DV2.B,1DV2_1,RCSB30_1778,mapped
1dvhA,1,1.0,1DVH,A,1DVH.A,1DVH_1,RCSB30_21985,mapped
1dw2C,1,0.9588,1DW2,C,1DW2.C,1DW2_1,RCSB30_37071,mapped
1dxlD,1,0.9057,1DXL,D,1DXL.D,1DXL_1,RCSB30_865,mapped
1dytA,2,0.9499,1DYT,A,1DYT.A,1DYT_1,RCSB30_2067,mapped
1e00A,1,1.0,1E00,A,1E00.A,1E00_1,RCSB30_10517,mapped
1e0jA,1,0.9511,1E0J,A,1E0J.A,1E0J_1,RCSB30_12107,mapped
1e19B,2,0.8288,1E19,B,1E19.B,1E19_1,RCSB30_3368,mapped
1e29A,1,0.77,1E29,A,1E29.A,1E29_1,RCSB30_12201,mapped
1e3eA,1,0.7397,1E3E,A,1E3E.A,1E3E_1,RCSB30_434,mapped
1e5fA,1,0.7833,1E5F,A,1E5F.A,1E5F_1,RCSB30_965,mapped
1e5iA,1,0.8188,1E5I,A,1E5I.A,1E5I_1,RCSB30_9972,mapped
1e5nA,1,0.7717,1E5N,A,1E5N.A,1E5N_1,RCSB30_20711,mapped
1e6aB,1,0.6335,1E6A,B,1E6A.B,1E6A_1,RCSB30_7320,mapped
1e6eC,1,0.8476,1E6E,C,1E6E.C,1E6E_1,RCSB30_6444,mapped
1e6iA,1,0.4521,1E6I,A,1E6I.A,1E6I_1,RCSB30_18903,mapped
1e7uA,3,0.8834,1E7U,A,1E7U.A,1E7U_1,RCSB30_892,mapped
1e8uA,1,0.8937,1E8U,A,1E8U.A,1E8U_1,RCSB30_10863,mapped
1e8xA,3,0.958,1E8X,A,1E8X.A,1E8X_1,RCSB30_892,mapped
1e96A,1,0.8789,1E96,A,1E96.A,1E96_1,RCSB30_344,mapped
1e9aA,3,0.7322,1E9A,A,1E9A.A,1E9A_1,RCSB30_4140,mapped
1e9lA,1,0.5509,1E9L,A,1E9L.A,1E9L_1,RCSB30_1818,mapped
1ea6A,1,0.8202,1EA6,A,1EA6.A,1EA6_1,RCSB30_9581,mapped
1eaxA,1,0.7858,1EAX,A,1EAX.A,1EAX_1,RCSB30_1853,mapped
1eb8A,1,0.9406,1EB8,A,1EB8.A,1EB8_1,RCSB30_4776,mapped
1ebdA,1,0.8636,1EBD,A,1EBD.A,1EBD_1,RCSB30_4505,mapped
1eceB,1,0.8493,1ECE,B,1ECE.B,1ECE_1,RCSB30_23047,mapped
1ecjA,1,0.5522,1ECJ,A,1ECJ.A,1ECJ_1,RCSB30_2446,mapped
1ecmA,1,0.9176,1ECM,A,1ECM.A,1ECM_1,RCSB30_14833,mapped
1ecnA,1,0.8085,1ECN,A,1ECN.A,1ECN_1,RCSB30_6584,mapped
1ecqD,3,0.9722,1ECQ,D,1ECQ.D,1ECQ_1,RCSB30_5202,mapped
1ecxA,2,0.9402,1ECX,A,1ECX.A,1ECX_1,RCSB30_5069,mapped
1edoA,1,0.6003,1EDO,A,1EDO.A,1EDO_1,RCSB30_708,mapped
1ee0A,1,0.7692,1EE0,A,1EE0.A,1EE0_1,RCSB30_323,mapped
1ee9A,5,0.6648,1EE9,A,1EE9.A,1EE9_1,RCSB30_18238,mapped
1eemA,1,0.6178,1EEM,A,1EEM.A,1EEM_1,RCSB30_4394,mapped
1ef9A,1,0.7057,1EF9,A,1EF9.A,1EF9_1,RCSB30_15219,mapped
1efdA,1,0.8612,1EFD,A,1EFD.A,1EFD_1,RCSB30_18886,mapped
1efpC,1,0.8118,1EFP,C,1EFP.C,1EFP_1,RCSB30_5871,mapped
1eh4A,2,0.8991,1EH4,A,1EH4.A,1EH4_1,RCSB30_31007,mapped
1ei1B,1,0.8946,1EI1,B,1EI1.B,1EI1_1,RCSB30_1546,mapped
1eioA,1,0.604,1EIO,A,1EIO.A,1EIO_1,RCSB30_4614,mapped
1ej0A,1,0.6871,1EJ0,A,1EJ0.A,1EJ0_1,RCSB30_486,mapped
1ejeA,2,0.6405,1EJE,A,1EJE.A,1EJE_1,RCSB30_11864,mapped
1ek2A,1,0.8534,1EK2,A,1EK2.A,1EK2_1,RCSB30_805,mapped
1ek5A,1,0.6534,1EK5,A,1EK5.A,1EK5_1,RCSB30_1788,mapped
1eksA,2,0.9063,1EKS,A,1EKS.A,1EKS_1,RCSB30_1169,mapped
1el7A,1,0.8497,1EL7,A,1EL7.A,1EL7_1,RCSB30_2624,mapped
1eljA,1,0.7841,1ELJ,A,1ELJ.A,1ELJ_1,RCSB30_16978,mapped
1emjC,1,0.624,1EMJ,C,1EMJ.C,1EMJ_3,RCSB30_1401,mapped
1enpA,2,0.6646,1ENP,A,1ENP.A,1ENP_1,RCSB30_15784,mapped
1eobB,1,0.7795,1EOB,B,1EOB.B,1EOB_2,RCSB30_3606,mapped
1eomA,1,0.6234,1EOM,A,1EOM.A,1EOM_1,RCSB30_62319,mapped
1ep2B,2,0.8495,1EP2,B,1EP2.B,1EP2_2,RCSB30_3302,mapped
1epbB,1,0.8739,1EPB,B,1EPB.B,1EPB_1,RCSB30_45605,mapped
1epzA,1,0.6468,1EPZ,A,1EPZ.A,1EPZ_1,RCSB30_3536,mapped
1eqcA,1,0.6953,1EQC,A,1EQC.A,1EQC_1,RCSB30_7006,mapped
1ereA,2,1.0,1ERE,A,1ERE.A,1ERE_1,RCSB30_340,mapped
1eseA,1,0.6343,1ESE,A,1ESE.A,1ESE_1,RCSB30_45334,mapped
1etuA,1,0.5155,1ETU,A,1ETU.A,1ETU_1,RCSB30_41,mapped
1eu8A,1,0.9299,1EU8,A,1EU8.A,1EU8_1,RCSB30_7044,mapped
1ev1A,1,0.728,1EV1,A,1EV1.A,1EV1_1,RCSB30_19,mapped
1evhA,2,0.6323,1EVH,A,1EVH.A,1EVH_1,RCSB30_8171,mapped
1ex7A,2,0.9675,1EX7,A,1EX7.A,1EX7_1,RCSB30_11129,mapped
1ex8A,1,0.7623,1EX8,A,1EX8.A,1EX8_1,RCSB30_2503,mapped
1eyrB,1,0.908,1EYR,B,1EYR.B,1EYR_1,RCSB30_20544,mapped
1eyyD,2,0.8757,1EYY,D,1EYY.D,1EYY_1,RCSB30_21708,mapped
1ez4A,3,0.6407,1EZ4,A,1EZ4.A,1EZ4_1,RCSB30_319,mapped
1ezvD,1,0.8799,1EZV,D,1EZV.D,1EZV_4,RCSB30_3268,mapped
1f0xB,1,0.6974,1F0X,B,1F0X.B,1F0X_1,RCSB30_25850,mapped
1f1cA,1,0.6629,1F1C,A,1F1C.A,1F1C_1,RCSB30_1298,mapped
1f1vA,1,1.0,1F1V,A,1F1V.A,1F1V_1,RCSB30_5855,mapped
1f2eC,2,0.7812,1F2E,C,1F2E.C,1F2E_1,RCSB30_7920,mapped
1f2pA,1,0.882,1F2P,A,1F2P.A,1F2P_1,RCSB30_15595,mapped
1f2uA,3,0.7903,1F2U,A,1F2U.A,1F2U_1,RCSB30_5379,mapped
1f3bB,1,0.5821,1F3B,B,1F3B.B,1F3B_1,RCSB30_2361,mapped
1f3jA,1,0.766,1F3J,A,1F3J.A,1F3J_1,RCSB30_542,mapped
1f3lA,1,0.9429,1F3L,A,1F3L.A,1F3L_1,RCSB30_2281,mapped
1f4cB,1,0.8479,1F4C,B,1F4C.B,1F4C_1,RCSB30_121,mapped
1f4lA,1,0.601,1F4L,A,1F4L.A,1F4L_1,RCSB30_649,mapped
1f5oF,1,0.9159,1F5O,F,1F5O.F,1F5O_1,RCSB30_12932,mapped
1f6dB,1,0.6646,1F6D,B,1F6D.B,1F6D_1,RCSB30_6315,mapped
1f7kA,1,0.9595,1F7K,A,1F7K.A,1F7K_1,RCSB30_5581,mapped
1f7uB,3,0.5018,1F7U,B,1F7U.B,1F7U_2,RCSB30_1102,mapped
1f8fA,1,0.6236,1F8F,A,1F8F.A,1F8F_1,RCSB30_9514,mapped
1f8iC,3,0.8534,1F8I,C,1F8I.C,1F8I_1,RCSB30_2490,mapped
1f8yB,1,0.5342,1F8Y,B,1F8Y.B,1F8Y_1,RCSB30_12930,mapped
1f99A,1,0.9107,1F99,A,1F99.A,1F99_1,RCSB30_1219,mapped
1f9aE,1,0.9055,1F9A,E,1F9A.E,1F9A_1,RCSB30_4116,mapped
1f9eJ,2,0.7304,1F9E,J,1F9E.J,1F9E_1,RCSB30_5957,mapped
1f9tA,2,0.7134,1F9T,A,1F9T.A,1F9T_1,RCSB30_26991,mapped
1fayH,3,0.8641,1FAY,H,1FAY.H,1FAY_1,RCSB30_1350,mapped
1fbdA,1,0.9514,1FBD,A,1FBD.A,1FBD_1,RCSB30_1386,mapped
1fboA,2,0.5346,1FBO,A,1FBO.A,1FBO_1,RCSB30_4618,mapped
1fchB,1,0.6873,1FCH,B,1FCH.B,1FCH_1,RCSB30_10457,mapped
1fdqB,1,0.903,1FDQ,B,1FDQ.B,1FDQ_1,RCSB30_211,mapped
1fdwA,1,0.7097,1FDW,A,1FDW.A,1FDW_1,RCSB30_5404,mapped
1ff1A,2,0.8151,1FF1,A,1FF1.A,1FF1_1,RCSB30_11346,mapped
1ffuB,1,0.5849,1FFU,B,1FFU.B,1FFU_2,RCSB30_11565,mapped
1ffvC,1,0.9229,1FFV,C,1FFV.C,1FFV_3,RCSB30_10883,mapped
1fhvA,1,0.7125,1FHV,A,1FHV.A,1FHV_1,RCSB30_3055,mapped
1figB,1,0.8902,1FIG,B,1FIG.B,1FIG_2,RCSB30_1,mapped
1fipB,1,0.7908,1FIP,B,1FIP.B,1FIP_1,RCSB30_1247,mapped
1fk8B,1,0.8357,1FK8,B,1FK8.B,1FK8_1,RCSB30_36308,mapped
1fl2A,1,0.8784,1FL2,A,1FL2.A,1FL2_1,RCSB30_7243,mapped
1fm7B,1,0.9695,1FM7,B,1FM7.B,1FM7_1,RCSB30_2700,mapped
1fnnA,1,0.8181,1FNN,A,1FNN.A,1FNN_1,RCSB30_48008,mapped
1fnzA,1,0.8715,1FNZ,A,1FNZ.A,1FNZ_1,RCSB30_1350,mapped
1fo0A,1,0.7956,1FO0,A,1FO0.A,1FO0_1,RCSB30_63,mapped
1fo2A,2,0.8005,1FO2,A,1FO2.A,1FO2_1,RCSB30_3350,mapped
1fpnA,2,0.8507,1FPN,A,1FPN.A,1FPN_1,RCSB30_19,mapped
1fpqA,3,0.5618,1FPQ,A,1FPQ.A,1FPQ_1,RCSB30_1093,mapped
1fpxA,1,0.431,1FPX,A,1FPX.A,,SINGLETON_1fpxA,missing_entity
1fqjA,1,0.8314,1FQJ,A,1FQJ.A,1FQJ_1,RCSB30_52,mapped
1frwA,1,0.694,1FRW,A,1FRW.A,1FRW_1,RCSB30_2143,mapped
1fthC,3,0.6899,1FTH,C,1FTH.C,1FTH_1,RCSB30_6053,mapped
1fueA,1,0.8937,1FUE,A,1FUE.A,1FUE_1,RCSB30_2475,mapped
1furB,2,0.7596,1FUR,B,1FUR.B,1FUR_1,RCSB30_921,mapped
1futA,1,0.9591,1FUT,A,1FUT.A,1FUT_1,RCSB30_6743,mapped
1fvgA,1,0.5803,1FVG,A,1FVG.A,1FVG_1,RCSB30_951,mapped
1fviA,1,0.8321,1FVI,A,1FVI.A,1FVI_1,RCSB30_39409,mapped
1fw9A,2,1.0,1FW9,A,1FW9.A,1FW9_1,RCSB30_2275,mapped
1fwkD,2,0.7194,1FWK,D,1FWK.D,1FWK_1,RCSB30_3843,mapped
1fwrA,2,0.9585,1FWR,A,1FWR.A,1FWR_1,RCSB30_6297,mapped
1fwyB,1,0.7058,1FWY,B,1FWY.B,1FWY_1,RCSB30_174,mapped
1fy7A,1,0.838,1FY7,A,1FY7.A,1FY7_1,RCSB30_5837,mapped
1g0cA,1,0.6955,1G0C,A,1G0C.A,1G0C_1,RCSB30_14037,mapped
1g0nB,1,0.8829,1G0N,B,1G0N.B,1G0N_1,RCSB30_2917,mapped
1g16B,2,0.8837,1G16,B,1G16.B,1G16_1,RCSB30_2062,mapped
1g1aB,1,0.8075,1G1A,B,1G1A.B,1G1A_1,RCSB30_4354,mapped
1g1rC,3,0.8447,1G1R,C,1G1R.C,1G1R_1,RCSB30_4627,mapped
1g21G,1,0.8595,1G21,G,1G21.G,1G21_3,RCSB30_1006,mapped
1g28A,1,0.9499,1G28,A,1G28.A,1G28_1,RCSB30_5987,mapped
1g4aB,1,0.8406,1G4A,B,1G4A.B,1G4A_1,RCSB30_324,mapped
1g51A,1,0.943,1G51,A,1G51.A,1G51_1,RCSB30_148,mapped
1g55A,1,0.7979,1G55,A,1G55.A,1G55_1,RCSB30_8711,mapped
1g60B,1,0.7684,1G60,B,1G60.B,1G60_1,RCSB30_25234,mapped
1g6oA,1,0.6303,1G6O,A,1G6O.A,1G6O_1,RCSB30_9876,mapped
1g74A,1,0.936,1G74,A,1G74.A,1G74_1,RCSB30_211,mapped
1g97A,1,0.7667,1G97,A,1G97.A,1G97_1,RCSB30_174,mapped
1g99A,1,0.8445,1G99,A,1G99.A,1G99_1,RCSB30_378,mapped
1g9rA,1,0.9795,1G9R,A,1G9R.A,1G9R_1,RCSB30_43498,mapped
1g9sA,1,0.5113,1G9S,A,1G9S.A,1G9S_1,RCSB30_6568,mapped
1gaeB,2,0.6432,1GAE,B,1GAE.B,1GAE_1,RCSB30_304,mapped
1ganA,3,0.7648,1GAN,A,1GAN.A,1GAN_1,RCSB30_2488,mapped
1gaqB,3,0.4812,1GAQ,B,1GAQ.B,1GAQ_2,RCSB30_9850,mapped
1garB,1,0.7782,1GAR,B,1GAR.B,1GAR_1,RCSB30_4335,mapped
1gawB,3,0.8485,1GAW,B,1GAW.B,1GAW_1,RCSB30_5282,mapped
1gaxD,1,0.9347,1GAX,D,1GAX.D,1GAX_2,RCSB30_582,mapped
1gbkA,1,0.8362,1GBK,A,1GBK.A,1GBK_1,RCSB30_3678,mapped
1gc5A,3,0.6814,1GC5,A,1GC5.A,1GC5_1,RCSB30_7088,mapped
1gcvD,1,0.9777,1GCV,D,1GCV.D,1GCV_2,RCSB30_95,mapped
1gcwA,1,0.9068,1GCW,A,1GCW.A,1GCW_1,RCSB30_95,mapped
1gd9B,1,0.9419,1GD9,B,1GD9.B,1GD9_1,RCSB30_2224,mapped
1gdvA,1,0.9151,1GDV,A,1GDV.A,1GDV_1,RCSB30_3267,mapped
1gecA,1,0.8296,1GEC,A,1GEC.A,1GEC_1,RCSB30_28768,mapped
1geeB,1,0.8591,1GEE,B,1GEE.B,1GEE_1,RCSB30_4490,mapped
1gegH,1,0.8134,1GEG,H,1GEG.H,1GEG_1,RCSB30_708,mapped
1gerA,1,0.7891,1GER,A,1GER.A,1GER_1,RCSB30_812,mapped
1gewA,1,0.7987,1GEW,A,1GEW.A,1GEW_1,RCSB30_499,mapped
1gffA,1,0.8766,1GFF,A,1GFF.A,1GFF_1,RCSB30_18351,mapped
1gheB,1,0.9018,1GHE,B,1GHE.B,1GHE_1,RCSB30_30708,mapped
1ghpA,1,0.8295,1GHP,A,1GHP.A,1GHP_1,RCSB30_199,mapped
1gitA,2,0.9317,1GIT,A,1GIT.A,1GIT_1,RCSB30_52,mapped
1gjpA,1,0.7459,1GJP,A,1GJP.A,1GJP_1,RCSB30_1667,mapped
1gklA,2,0.9557,1GKL,A,1GKL.A,1GKL_1,RCSB30_10985,mapped
1gkmA,1,0.5679,1GKM,A,1GKM.A,1GKM_1,RCSB30_872,mapped
1gksA,1,0.8807,1GKS,A,1GKS.A,1GKS_1,RCSB30_67721,mapped
1gkzA,1,0.9137,1GKZ,A,1GKZ.A,1GKZ_1,RCSB30_7346,mapped
1gljA,1,0.8169,1GLJ,A,1GLJ.A,1GLJ_1,RCSB30_675,mapped
1gn8B,1,0.8157,1GN8,B,1GN8.B,1GN8_1,RCSB30_137,mapped
1gnyA,1,0.6933,1GNY,A,1GNY.A,1GNY_1,RCSB30_54800,mapped
1goxA,1,0.6789,1GOX,A,1GOX.A,1GOX_1,RCSB30_1113,mapped
1goyA,2,0.8299,1GOY,A,1GOY.A,1GOY_1,RCSB30_22299,mapped
1gq2K,1,0.8432,1GQ2,K,1GQ2.K,1GQ2_1,RCSB30_2448,mapped
1gqaA,1,0.7731,1GQA,A,1GQA.A,1GQA_1,RCSB30_2723,mapped
1gqyB,2,0.7818,1GQY,B,1GQY.B,1GQY_1,RCSB30_223,mapped
1gr0A,1,0.8868,1GR0,A,1GR0.A,1GR0_1,RCSB30_24443,mapped
1gr1A,1,0.8778,1GR1,A,1GR1.A,1GR1_1,RCSB30_5051,mapped
1grqA,1,0.7259,1GRQ,A,1GRQ.A,1GRQ_1,RCSB30_27807,mapped
1gsuA,3,0.6777,1GSU,A,1GSU.A,1GSU_1,RCSB30_803,mapped
1gt4B,2,0.9367,1GT4,B,1GT4.B,1GT4_1,RCSB30_10517,mapped
1gt6A,1,0.8747,1GT6,A,1GT6.A,1GT6_1,RCSB30_4951,mapped
1gtzJ,1,0.87,1GTZ,J,1GTZ.J,1GTZ_1,RCSB30_651,mapped
1gu2B,1,0.7979,1GU2,B,1GU2.B,1GU2_1,RCSB30_49763,mapped
1gu3A,2,0.6396,1GU3,A,1GU3.A,1GU3_1,RCSB30_17926,mapped
1guzB,1,0.7949,1GUZ,B,1GUZ.B,1GUZ_1,RCSB30_598,mapped
1gv4A,1,0.8622,1GV4,A,1GV4.A,1GV4_1,RCSB30_5595,mapped
1gwfA,1,0.8197,1GWF,A,1GWF.A,1GWF_1,RCSB30_842,mapped
1gwiA,1,0.7918,1GWI,A,1GWI.A,1GWI_1,RCSB30_305,mapped
1gwjA,1,0.672,1GWJ,A,1GWJ.A,1GWJ_1,RCSB30_1103,mapped
1gwoA,1,0.836,1GWO,A,1GWO.A,1GWO_1,RCSB30_652,mapped
1gx0A,3,0.7755,1GX0,A,1GX0.A,1GX0_1,RCSB30_5120,mapped
1gxaA,1,0.934,1GXA,A,1GXA.A,1GXA_1,RCSB30_1506,mapped
1gxbC,1,0.5296,1GXB,C,1GXB.C,1GXB_1,RCSB30_357,mapped
1gxzA,2,0.9513,1GXZ,A,1GXZ.A,1GXZ_1,RCSB30_8998,mapped
1gyeA,1,0.7541,1GYE,A,1GYE.A,1GYE_1,RCSB30_28013,mapped
1gyxA,2,1.0,1GYX,A,1GYX.A,1GYX_1,RCSB30_10105,mapped
1gz6B,2,0.823,1GZ6,B,1GZ6.B,1GZ6_1,RCSB30_5208,mapped
1gz6D,1,0.8448,1GZ6,D,1GZ6.D,1GZ6_1,RCSB30_5208,mapped
1gzwB,1,0.9016,1GZW,B,1GZW.B,1GZW_2,RCSB30_2488,mapped
1h2cA,2,0.5714,1H2C,A,1H2C.A,1H2C_1,RCSB30_7146,mapped
1h2hA,3,0.5593,1H2H,A,1H2H.A,1H2H_1,RCSB30_9083,mapped
1h3fA,1,0.5803,1H3F,A,1H3F.A,1H3F_1,RCSB30_1842,mapped
1h3hA,3,0.559,1H3H,A,1H3H.A,1H3H_1,RCSB30_2012,mapped
1h3vB,3,0.6519,1H3V,B,1H3V.B,1H3V_1,RCSB30_167,mapped
1h41B,2,0.7944,1H41,B,1H41.B,1H41_1,RCSB30_7155,mapped
1h4hC,1,0.7064,1H4H,C,1H4H.C,1H4H_1,RCSB30_10944,mapped
1h4tC,1,0.6314,1H4T,C,1H4T.C,1H4T_1,RCSB30_1593,mapped
1h4wA,1,0.9367,1H4W,A,1H4W.A,1H4W_1,RCSB30_67,mapped
1h4xB,3,0.6034,1H4X,B,1H4X.B,1H4X_1,RCSB30_52124,mapped
1h51A,1,0.9281,1H51,A,1H51.A,1H51_1,RCSB30_1103,mapped
1h5qD,1,0.8293,1H5Q,D,1H5Q.D,1H5Q_1,RCSB30_9467,mapped
1h65A,7,0.7029,1H65,A,1H65.A,1H65_1,RCSB30_11016,mapped
1h6eA,4,0.6065,1H6E,A,1H6E.A,1H6E_1,RCSB30_9283,mapped
1h6hA,2,0.732,1H6H,A,1H6H.A,1H6H_1,RCSB30_21766,mapped
1h6wA,2,0.6152,1H6W,A,1H6W.A,,SINGLETON_1h6wA,missing_entity
1h7gB,1,0.8385,1H7G,B,1H7G.B,1H7G_1,RCSB30_352,mapped
1h7lA,1,0.8288,1H7L,A,1H7L.A,1H7L_1,RCSB30_29259,mapped
1h8gB,3,0.7574,1H8G,B,1H8G.B,1H8G_1,RCSB30_19956,mapped
1h8pA,1,1.0,1H8P,A,1H8P.A,1H8P_1,RCSB30_31975,mapped
1h8sA,1,0.7639,1H8S,A,1H8S.A,1H8S_1,RCSB30_2,mapped
1h97A,1,0.9372,1H97,A,1H97.A,1H97_1,RCSB30_30664,mapped
1h9lB,2,0.7485,1H9L,B,1H9L.B,1H9L_2,RCSB30_1359,mapped
1h9oA,1,0.6046,1H9O,A,1H9O.A,1H9O_1,RCSB30_1526,mapped
1hbrA,1,0.9778,1HBR,A,1HBR.A,1HBR_1,RCSB30_95,mapped
1hcnB,2,0.6908,1HCN,B,1HCN.B,1HCN_2,RCSB30_4459,mapped
1hdcB,1,0.842,1HDC,B,1HDC.B,1HDC_1,RCSB30_3214,mapped
1hdgB,1,0.7047,1HDG,B,1HDG.B,1HDG_1,RCSB30_304,mapped
1hdoA,1,0.8486,1HDO,A,1HDO.A,1HDO_1,RCSB30_7361,mapped
1hdsD,1,0.8757,1HDS,D,1HDS.D,1HDS_2,RCSB30_70,mapped
1hfcA,1,0.7694,1HFC,A,1HFC.A,1HFC_1,RCSB30_1062,mapped
1hg4A,1,0.9636,1HG4,A,1HG4.A,1HG4_1,RCSB30_4050,mapped
1hh8A,1,0.6847,1HH8,A,1HH8.A,1HH8_1,RCSB30_17778,mapped
1hi4A,1,0.7622,1HI4,A,1HI4.A,1HI4_1,RCSB30_2067,mapped
1himB,1,0.8902,1HIM,B,1HIM.B,1HIM_2,RCSB30_1,mapped
1hkcA,1,0.7381,1HKC,A,1HKC.A,1HKC_1,RCSB30_1141,mapped
1hlbA,1,0.7533,1HLB,A,1HLB.A,1HLB_1,RCSB30_37910,mapped
1hlcA,3,0.8976,1HLC,A,1HLC.A,1HLC_1,RCSB30_8149,mapped
1hlmA,1,0.7434,1HLM,A,1HLM.A,1HLM_1,RCSB30_37910,mapped
1ho3B,3,0.7376,1HO3,B,1HO3.B,1HO3_1,RCSB30_1382,mapped
1ho5B,1,0.7129,1HO5,B,1HO5.B,1HO5_1,RCSB30_10224,mapped
1hopB,1,0.6745,1HOP,B,1HOP.B,1HOP_1,RCSB30_243,mapped
1horB,1,0.7419,1HOR,B,1HOR.B,1HOR_1,RCSB30_1640,mapped
1hp0A,1,0.9429,1HP0,A,1HP0.A,1HP0_1,RCSB30_10077,mapped
1hpcA,1,0.5764,1HPC,A,1HPC.A,1HPC_1,RCSB30_1385,mapped
1hpgA,1,0.7317,1HPG,A,1HPG.A,1HPG_1,RCSB30_6455,mapped
1hqsA,1,0.6165,1HQS,A,1HQS.A,1HQS_1,RCSB30_2870,mapped
1hqtA,1,0.7399,1HQT,A,1HQT.A,1HQT_1,RCSB30_438,mapped
1hqyF,1,0.8309,1HQY,F,1HQY.F,1HQY_2,RCSB30_324,mapped
1hrcA,1,0.98,1HRC,A,1HRC.A,1HRC_1,RCSB30_1265,mapped
1hriA,2,0.7053,1HRI,A,1HRI.A,1HRI_1,RCSB30_19,mapped
1hroB,1,0.8958,1HRO,B,1HRO.B,1HRO_1,RCSB30_4061,mapped
1hshA,2,0.8197,1HSH,A,1HSH.A,1HSH_1,RCSB30_81,mapped
1hslB,1,0.8757,1HSL,B,1HSL.B,1HSL_1,RCSB30_2617,mapped
1htmD,3,0.705,1HTM,D,1HTM.D,1HTM_2,RCSB30_1399,mapped
1htwB,1,0.8451,1HTW,B,1HTW.B,1HTW_1,RCSB30_14416,mapped
1huxA,1,0.8379,1HUX,A,1HUX.A,1HUX_1,RCSB30_9783,mapped
1hwpA,6,0.7579,1HWP,A,1HWP.A,1HWP_1,RCSB30_779,mapped
1hxdB,2,0.9481,1HXD,B,1HXD.B,1HXD_1,RCSB30_5223,mapped
1hxqB,2,0.9135,1HXQ,B,1HXQ.B,1HXQ_1,RCSB30_5323,mapped
1hy3A,1,0.6285,1HY3,A,1HY3.A,1HY3_1,RCSB30_2740,mapped
1hyfA,1,0.9615,1HYF,A,1HYF.A,1HYF_1,RCSB30_3574,mapped
1hygA,3,0.6556,1HYG,A,1HYG.A,1HYG_1,RCSB30_319,mapped
1hyhB,3,0.5924,1HYH,B,1HYH.B,1HYH_1,RCSB30_3270,mapped
1hyiA,2,0.8735,1HYI,A,1HYI.A,1HYI_1,RCSB30_22602,mapped
1i0rA,1,0.9017,1I0R,A,1I0R.A,1I0R_1,RCSB30_35368,mapped
1i0zA,1,0.7104,1I0Z,A,1I0Z.A,1I0Z_1,RCSB30_319,mapped
1i12B,2,0.7763,1I12,B,1I12.B,1I12_1,RCSB30_11766,mapped
1i19B,1,0.6789,1I19,B,1I19.B,1I19_1,RCSB30_46263,mapped
1i1nA,1,0.8951,1I1N,A,1I1N.A,1I1N_1,RCSB30_7645,mapped
1i1qA,2,0.8547,1I1Q,A,1I1Q.A,1I1Q_1,RCSB30_8619,mapped
1i2kA,1,0.8938,1I2K,A,1I2K.A,1I2K_1,RCSB30_18384,mapped
1i36A,1,0.5397,1I36,A,1I36.A,1I36_1,RCSB30_99502,mapped
1i3sB,1,0.8918,1I3S,B,1I3S.B,1I3S_1,RCSB30_41137,mapped
1i3uA,1,0.9296,1I3U,A,1I3U.A,1I3U_1,RCSB30_2,mapped
1i3zA,1,0.5069,1I3Z,A,1I3Z.A,1I3Z_1,RCSB30_26503,mapped
1i52A,1,0.7833,1I52,A,1I52.A,1I52_1,RCSB30_186,mapped
1i5cB,1,0.8899,1I5C,B,1I5C.B,1I5C_1,RCSB30_5012,mapped
1i5eA,2,0.7828,1I5E,A,1I5E.A,1I5E_1,RCSB30_416,mapped
1i69B,3,0.4419,1I69,B,1I69.B,1I69_1,RCSB30_6259,mapped
1i7bA,2,0.618,1I7B,A,1I7B.A,1I7B_1,RCSB30_1714,mapped
1i7lB,1,0.7939,1I7L,B,1I7L.B,1I7L_1,RCSB30_11007,mapped
1i7sC,3,0.9692,1I7S,C,1I7S.C,1I7S_1,RCSB30_8619,mapped
1i7zC,1,1.0,1I7Z,C,1I7Z.C,1I7Z_1,RCSB30_2,mapped
1i82A,1,0.9549,1I82,A,1I82.A,1I82_1,RCSB30_4364,mapped
1i8kB,1,0.8123,1I8K,B,1I8K.B,1I8K_2,RCSB30_2,mapped
1i8pA,1,0.9178,1I8P,A,1I8P.A,1I8P_1,RCSB30_10723,mapped
1i8tA,1,0.9084,1I8T,A,1I8T.A,1I8T_1,RCSB30_4989,mapped
1i9gA,1,0.704,1I9G,A,1I9G.A,1I9G_1,RCSB30_25689,mapped
1ia7A,2,0.6044,1IA7,A,1IA7.A,1IA7_1,RCSB30_4618,mapped
1ib1G,1,0.7439,1IB1,G,1IB1.G,1IB1_2,RCSB30_11939,mapped
1ib6D,1,0.6741,1IB6,D,1IB6.D,1IB6_1,RCSB30_1159,mapped
1ibjB,1,0.741,1IBJ,B,1IBJ.B,1IBJ_1,RCSB30_965,mapped
1ibwC,2,0.4158,1IBW,C,1IBW.C,1IBW_1,RCSB30_13154,mapped
1icsA,1,0.6263,1ICS,A,1ICS.A,1ICS_1,RCSB30_2138,mapped
1id0A,1,0.6674,1ID0,A,1ID0.A,1ID0_1,RCSB30_9803,mapped
1id8A,1,0.7452,1ID8,A,1ID8.A,1ID8_1,RCSB30_9851,mapped
1igjB,1,0.7719,1IGJ,B,1IGJ.B,1IGJ_2,RCSB30_1,mapped
1ih8A,1,0.6481,1IH8,A,1IH8.A,1IH8_1,RCSB30_763,mapped
1ihjA,2,0.7103,1IHJ,A,1IHJ.A,1IHJ_1,RCSB30_24231,mapped
1ihxA,2,0.7177,1IHX,A,1IHX.A,1IHX_1,RCSB30_304,mapped
1ii5A,3,0.7884,1II5,A,1II5.A,1II5_1,RCSB30_15239,mapped
1ii6A,1,0.6773,1II6,A,1II6.A,1II6_1,RCSB30_2850,mapped
1ii7A,2,0.8537,1II7,A,1II7.A,1II7_1,RCSB30_8006,mapped
1iktA,1,0.8474,1IKT,A,1IKT.A,1IKT_1,RCSB30_5208,mapped
1il2D,3,0.7632,1IL2,D,1IL2.D,1IL2_2,RCSB30_148,mapped
1im8B,1,0.7302,1IM8,B,1IM8.B,1IM8_1,RCSB30_1081,mapped
1in6A,1,0.8778,1IN6,A,1IN6.A,1IN6_1,RCSB30_143,mapped
1io9B,1,0.8942,1IO9,B,1IO9.B,1IO9_1,RCSB30_12907,mapped
1ionA,1,0.7867,1ION,A,1ION.A,1ION_1,RCSB30_7073,mapped
1iooA,1,0.7412,1IOO,A,1IOO.A,1IOO_1,RCSB30_23038,mapped
1ipbA,1,0.7014,1IPB,A,1IPB.A,1IPB_1,RCSB30_2406,mapped
1ipeB,1,0.8238,1IPE,B,1IPE.B,1IPE_1,RCSB30_1170,mapped
1iqpB,1,0.9506,1IQP,B,1IQP.B,1IQP_1,RCSB30_6029,mapped
1irjD,1,0.8402,1IRJ,D,1IRJ.D,1IRJ_1,RCSB30_5242,mapped
1isfA,2,0.4778,1ISF,A,1ISF.A,1ISF_1,RCSB30_2268,mapped
1isoA,2,0.8859,1ISO,A,1ISO.A,1ISO_1,RCSB30_2870,mapped
1issB,1,0.777,1ISS,B,1ISS.B,1ISS_1,RCSB30_1567,mapped
1it3A,1,0.9094,1IT3,A,1IT3.A,1IT3_1,RCSB30_12932,mapped
1it7A,1,0.5857,1IT7,A,1IT7.A,1IT7_1,RCSB30_5722,mapped
1ithA,1,0.92,1ITH,A,1ITH.A,1ITH_1,RCSB30_76536,mapped
1itkB,2,0.8317,1ITK,B,1ITK.B,1ITK_1,RCSB30_318,mapped
1ixsB,1,0.7417,1IXS,B,1IXS.B,1IXS_2,RCSB30_143,mapped
1iybA,2,0.8394,1IYB,A,1IYB.A,1IYB_1,RCSB30_8243,mapped
1iynA,1,0.7371,1IYN,A,1IYN.A,1IYN_1,RCSB30_22911,mapped
1iyzA,1,0.941,1IYZ,A,1IYZ.A,1IYZ_1,RCSB30_62186,mapped
1iz2A,7,0.7267,1IZ2,A,1IZ2.A,1IZ2_1,RCSB30_360,mapped
1j0aC,2,0.7918,1J0A,C,1J0A.C,1J0A_1,RCSB30_1625,mapped
1j0cD,1,0.8194,1J0C,D,1J0C.D,1J0C_1,RCSB30_1625,mapped
1j0kA,3,0.9693,1J0K,A,1J0K.A,1J0K_1,RCSB30_4824,mapped
1j0nA,1,0.6508,1J0N,A,1J0N.A,1J0N_1,RCSB30_10708,mapped
1j12C,1,0.7819,1J12,C,1J12.C,1J12_1,RCSB30_12970,mapped
1j14A,1,0.9367,1J14,A,1J14.A,1J14_1,RCSB30_67,mapped
1j1aA,1,0.924,1J1A,A,1J1A.A,1J1A_1,RCSB30_263,mapped
1j1cB,1,0.8319,1J1C,B,1J1C.B,1J1C_1,RCSB30_1574,mapped
1j1nB,2,0.7757,1J1N,B,1J1N.B,1J1N_1,RCSB30_10625,mapped
1j1wB,1,0.791,1J1W,B,1J1W.B,1J1W_1,RCSB30_11189,mapped
1j2qL,1,0.7822,1J2Q,L,1J2Q.L,1J2Q_2,RCSB30_1765,mapped
1j32B,1,0.8065,1J32,B,1J32.B,1J32_1,RCSB30_3326,mapped
1j36B,1,0.5484,1J36,B,1J36.B,1J36_1,RCSB30_6626,mapped
1j49B,1,0.7837,1J49,B,1J49.B,1J49_1,RCSB30_3379,mapped
1j71A,3,0.6504,1J71,A,1J71.A,1J71_1,RCSB30_5916,mapped
1j7lA,1,0.9015,1J7L,A,1J7L.A,1J7L_1,RCSB30_17153,mapped
1j9eA,1,0.9714,1J9E,A,1J9E.A,1J9E_1,RCSB30_3102,mapped
1jb9A,2,0.8282,1JB9,A,1JB9.A,1JB9_1,RCSB30_6435,mapped
1jbvA,1,0.654,1JBV,A,1JBV.A,1JBV_1,RCSB30_12624,mapped
1jcgA,1,0.891,1JCG,A,1JCG.A,1JCG_1,RCSB30_5343,mapped
1jclA,1,0.8148,1JCL,A,1JCL.A,1JCL_1,RCSB30_1424,mapped
1jcnB,1,0.7414,1JCN,B,1JCN.B,1JCN_1,RCSB30_522,mapped
1jd0A,2,0.9664,1JD0,A,1JD0.A,1JD0_1,RCSB30_3349,mapped
1jd6A,1,0.6568,1JD6,A,1JD6.A,1JD6_1,RCSB30_23617,mapped
1jdlA,1,0.8841,1JDL,A,1JDL.A,1JDL_1,RCSB30_10723,mapped
1jdvA,1,0.9417,1JDV,A,1JDV.A,1JDV_1,RCSB30_372,mapped
1jdxA,3,0.7445,1JDX,A,1JDX.A,1JDX_1,RCSB30_8644,mapped
1jebC,1,0.9778,1JEB,C,1JEB.C,1JEB_1,RCSB30_95,mapped
1jehA,1,0.9152,1JEH,A,1JEH.A,1JEH_1,RCSB30_865,mapped
1jeoA,1,0.7792,1JEO,A,1JEO.A,1JEO_1,RCSB30_5627,mapped
1jf8A,1,0.6618,1JF8,A,1JF8.A,1JF8_1,RCSB30_3043,mapped
1jfpA,1,0.4988,1JFP,A,1JFP.A,1JFP_1,RCSB30_293,mapped
1jg2A,1,0.9236,1JG2,A,1JG2.A,1JG2_1,RCSB30_1038,mapped
1jgiA,1,0.533,1JGI,A,1JGI.A,1JGI_1,RCSB30_6826,mapped
1jhgA,2,1.0,1JHG,A,1JHG.A,1JHG_1,RCSB30_1900,mapped
1jhxA,1,0.4321,1JHX,A,1JHX.A,1JHX_1,RCSB30_742,mapped
1ji4E,1,0.9541,1JI4,E,1JI4.E,1JI4_1,RCSB30_3133,mapped
1ji5A,3,0.5998,1JI5,A,1JI5.A,1JI5_1,RCSB30_3133,mapped
1jibB,1,0.9246,1JIB,B,1JIB.B,1JIB_1,RCSB30_4824,mapped
1jijA,1,0.8356,1JIJ,A,1JIJ.A,1JIJ_1,RCSB30_1380,mapped
1jivA,1,0.8413,1JIV,A,1JIV.A,1JIV_1,RCSB30_11004,mapped
1jjvA,2,0.7845,1JJV,A,1JJV.A,1JJV_1,RCSB30_3225,mapped
1jkfB,1,0.7672,1JKF,B,1JKF.B,1JKF_1,RCSB30_3168,mapped
1jl7A,1,0.9331,1JL7,A,1JL7.A,1JL7_1,RCSB30_16146,mapped
1jltA,1,0.5603,1JLT,A,1JLT.A,1JLT_1,RCSB30_263,mapped
1jlvF,2,0.6196,1JLV,F,1JLV.F,1JLV_1,RCSB30_2104,mapped
1jmjA,3,0.4454,1JMJ,A,1JMJ.A,1JMJ_1,RCSB30_360,mapped
1jmuB,2,0.7966,1JMU,B,1JMU.B,1JMU_2,RCSB30_21761,mapped
1jnhD,1,0.9512,1JNH,D,1JNH.D,1JNH_2,RCSB30_1,mapped
1jnqA,2,0.8046,1JNQ,A,1JNQ.A,1JNQ_1,RCSB30_1282,mapped
1jp4A,1,0.8797,1JP4,A,1JP4.A,1JP4_1,RCSB30_10306,mapped
1jp5A,1,0.7754,1JP5,A,1JP5.A,1JP5_1,RCSB30_2,mapped
1jq3A,1,0.8896,1JQ3,A,1JQ3.A,1JQ3_1,RCSB30_1178,mapped
1jq5A,1,0.7704,1JQ5,A,1JQ5.A,1JQ5_1,RCSB30_6747,mapped
1jqhC,1,0.8806,1JQH,C,1JQH.C,1JQH_1,RCSB30_1134,mapped
1jraB,2,0.7681,1JRA,B,1JRA.B,1JRA_1,RCSB30_49423,mapped
1jrkA,2,0.7008,1JRK,A,1JRK.A,1JRK_1,RCSB30_68099,mapped
1jrrA,1,0.7904,1JRR,A,1JRR.A,1JRR_1,RCSB30_1339,mapped
1js4A,1,0.7275,1JS4,A,1JS4.A,1JS4_1,RCSB30_13548,mapped
1js6A,3,0.8861,1JS6,A,1JS6.A,1JS6_1,RCSB30_5642,mapped
1jslB,2,0.8433,1JSL,B,1JSL.B,1JSL_1,RCSB30_1382,mapped
1jubA,1,0.7038,1JUB,A,1JUB.A,1JUB_1,RCSB30_1540,mapped
1juvA,2,0.6685,1JUV,A,1JUV.A,1JUV_1,RCSB30_109682,mapped
1jv1B,2,0.8197,1JV1,B,1JV1.B,1JV1_1,RCSB30_2821,mapped
1jwaA,1,0.7182,1JWA,A,1JWA.A,1JWA_1,RCSB30_1323,mapped
1jwgA,1,0.7877,1JWG,A,1JWG.A,1JWG_1,RCSB30_5593,mapped
1jxiB,1,0.7663,1JXI,B,1JXI.B,1JXI_1,RCSB30_3700,mapped
1jxnD,3,1.0,1JXN,D,1JXN.D,1JXN_1,RCSB30_603,mapped
1jxzC,3,0.7329,1JXZ,C,1JXZ.C,1JXZ_1,RCSB30_5413,mapped
1jylB,1,0.7638,1JYL,B,1JYL.B,1JYL_1,RCSB30_37090,mapped
1jyrA,2,0.7404,1JYR,A,1JYR.A,1JYR_1,RCSB30_2012,mapped
1jziB,1,0.7639,1JZI,B,1JZI.B,1JZI_1,RCSB30_1288,mapped
1jzrC,2,0.7255,1JZR,C,1JZR.C,1JZR_1,RCSB30_7795,mapped
1k02A,1,0.8397,1K02,A,1K02.A,1K02_1,RCSB30_1103,mapped
1k0aB,1,0.5997,1K0A,B,1K0A.B,1K0A_1,RCSB30_7795,mapped
1k0eB,1,0.8214,1K0E,B,1K0E.B,1K0E_1,RCSB30_1158,mapped
1k0gA,1,0.9489,1K0G,A,1K0G.A,1K0G_1,RCSB30_1158,mapped
1k1wA,1,0.5319,1K1W,A,1K1W.A,1K1W_1,RCSB30_23785,mapped
1k1yA,1,0.5507,1K1Y,A,1K1Y.A,1K1Y_1,RCSB30_23785,mapped
1k39C,2,0.719,1K39,C,1K39.C,1K39_1,RCSB30_9363,mapped
1k3hA,1,0.8917,1K3H,A,1K3H.A,1K3H_1,RCSB30_20342,mapped
1k7xB,1,0.7007,1K7X,B,1K7X.B,1K7X_2,RCSB30_135,mapped
1k9iH,1,0.5848,1K9I,H,1K9I.H,1K9I_1,RCSB30_5573,mapped
1ka0A,1,0.7676,1KA0,A,1KA0.A,1KA0_1,RCSB30_7196,mapped
1kahA,1,0.442,1KAH,A,1KAH.A,1KAH_1,RCSB30_499,mapped
1kapA,3,0.6734,1KAP,A,1KAP.A,1KAP_1,RCSB30_5217,mapped
1kaqC,1,0.8736,1KAQ,C,1KAQ.C,1KAQ_1,RCSB30_953,mapped
1kcsB,1,0.9216,1KCS,B,1KCS.B,1KCS_2,RCSB30_1,mapped
1kdmA,1,0.9279,1KDM,A,1KDM.A,1KDM_1,RCSB30_11489,mapped
1kdnA,1,0.8582,1KDN,A,1KDN.A,1KDN_1,RCSB30_1490,mapped
1kdrA,3,0.7938,1KDR,A,1KDR.A,1KDR_1,RCSB30_179,mapped
1kdzA,2,0.7096,1KDZ,A,1KDZ.A,,SINGLETON_1kdzA,missing_entity
1kecB,2,0.6263,1KEC,B,1KEC.B,1KEC_2,RCSB30_2840,mapped
1kevC,1,0.8311,1KEV,C,1KEV.C,1KEV_1,RCSB30_7504,mapped
1kfdA,1,0.6736,1KFD,A,1KFD.A,1KFD_1,RCSB30_602,mapped
1kglA,1,0.9509,1KGL,A,1KGL.A,1KGL_1,RCSB30_1345,mapped
1kh2B,2,0.7565,1KH2,B,1KH2.B,1KH2_1,RCSB30_272,mapped
1kheA,1,0.6099,1KHE,A,1KHE.A,1KHE_1,RCSB30_1018,mapped
1khhB,1,0.978,1KHH,B,1KHH.B,1KHH_1,RCSB30_15755,mapped
1khzB,1,0.6378,1KHZ,B,1KHZ.B,1KHZ_1,RCSB30_6949,mapped
1ki7A,1,0.9397,1KI7,A,1KI7.A,1KI7_1,RCSB30_5763,mapped
1kiaC,1,0.8647,1KIA,C,1KIA.C,1KIA_1,RCSB30_9111,mapped
1kibA,1,0.9342,1KIB,A,1KIB.A,1KIB_1,RCSB30_3267,mapped
1kj9B,1,0.5927,1KJ9,B,1KJ9.B,1KJ9_1,RCSB30_817,mapped
1kk3A,3,0.7757,1KK3,A,1KK3.A,1KK3_1,RCSB30_1063,mapped
1kkjA,1,0.9405,1KKJ,A,1KKJ.A,1KKJ_1,RCSB30_144,mapped
1kkrB,3,0.9058,1KKR,B,1KKR.B,1KKR_1,RCSB30_16996,mapped
1kl7A,1,0.7124,1KL7,A,1KL7.A,1KL7_1,RCSB30_8509,mapped
1kmjA,1,0.8084,1KMJ,A,1KMJ.A,1KMJ_1,RCSB30_1331,mapped
1kmmA,1,0.9287,1KMM,A,1KMM.A,1KMM_1,RCSB30_249,mapped
1kmmB,1,0.9452,1KMM,B,1KMM.B,1KMM_1,RCSB30_249,mapped
1knfA,1,0.8585,1KNF,A,1KNF.A,1KNF_1,RCSB30_4990,mapped
1kofA,1,0.9404,1KOF,A,1KOF.A,1KOF_1,RCSB30_14867,mapped
1kogP,1,0.915,1KOG,P,1KOG.P,1KOG_2,RCSB30_5,mapped
1kolA,1,0.8083,1KOL,A,1KOL.A,1KOL_1,RCSB30_8191,mapped
1kp2A,1,0.8038,1KP2,A,1KP2.A,1KP2_1,RCSB30_1584,mapped
1kq0A,1,0.6087,1KQ0,A,1KQ0.A,1KQ0_1,RCSB30_4498,mapped
1kqoC,1,0.8705,1KQO,C,1KQO.C,1KQO_1,RCSB30_8429,mapped
1kr1A,1,0.7312,1KR1,A,1KR1.A,1KR1_1,RCSB30_2279,mapped
1krjA,1,0.9145,1KRJ,A,1KRJ.A,1KRJ_1,RCSB30_502,mapped
1kspB,1,0.9112,1KSP,B,1KSP.B,1KSP_2,RCSB30_602,mapped
1ktgA,1,0.8689,1KTG,A,1KTG.A,1KTG_1,RCSB30_8699,mapped
1kukA,1,0.7812,1KUK,A,1KUK.A,1KUK_1,RCSB30_1252,mapped
1kvkA,1,0.9181,1KVK,A,1KVK.A,1KVK_1,RCSB30_10659,mapped
1kw8A,1,0.7504,1KW8,A,1KW8.A,1KW8_1,RCSB30_4990,mapped
1kwsA,1,0.8124,1KWS,A,1KWS.A,1KWS_1,RCSB30_25717,mapped
1kx7A,1,0.778,1KX7,A,1KX7.A,1KX7_1,RCSB30_41194,mapped
1kxhA,1,0.7135,1KXH,A,1KXH.A,1KXH_1,RCSB30_7096,mapped
1ky8A,1,0.6614,1KY8,A,1KY8.A,1KY8_1,RCSB30_21687,mapped
1kyfA,3,0.7963,1KYF,A,1KYF.A,1KYF_1,RCSB30_2755,mapped
1kyiU,1,0.9028,1KYI,U,1KYI.U,1KYI_1,RCSB30_324,mapped
1kyqB,2,0.8721,1KYQ,B,1KYQ.B,1KYQ_1,RCSB30_96686,mapped
1l0oA,1,0.8569,1L0O,A,1L0O.A,1L0O_1,RCSB30_5730,mapped
1l0vF,2,0.4357,1L0V,F,1L0V.F,1L0V_2,RCSB30_3288,mapped
1l1eA,1,0.8945,1L1E,A,1L1E.A,1L1E_1,RCSB30_4566,mapped
1l1qA,2,0.7792,1L1Q,A,1L1Q.A,1L1Q_1,RCSB30_335,mapped
1l1yE,1,0.6348,1L1Y,E,1L1Y.E,1L1Y_1,RCSB30_4618,mapped
1l3iE,1,0.7956,1L3I,E,1L3I.E,1L3I_1,RCSB30_5873,mapped
1l6oC,3,0.7281,1L6O,C,1L6O.C,1L6O_1,RCSB30_4969,mapped
1l6sB,1,0.9457,1L6S,B,1L6S.B,1L6S_1,RCSB30_1667,mapped
1l8oA,1,0.4387,1L8O,A,1L8O.A,1L8O_1,RCSB30_12160,mapped
1la3A,2,0.8497,1LA3,A,1LA3.A,1LA3_1,RCSB30_2181,mapped
1lahA,2,0.8176,1LAH,A,1LAH.A,1LAH_1,RCSB30_2617,mapped
1lbzA,1,0.7155,1LBZ,A,1LBZ.A,1LBZ_1,RCSB30_9826,mapped
1lc7A,1,0.5999,1LC7,A,1LC7.A,1LC7_1,RCSB30_600,mapped
1ldmA,1,0.6586,1LDM,A,1LDM.A,1LDM_1,RCSB30_319,mapped
1lf9A,1,1.0,1LF9,A,1LF9.A,1LF9_1,RCSB30_43416,mapped
1lg1A,1,0.6262,1LG1,A,1LG1.A,1LG1_1,RCSB30_4238,mapped
1lg9A,1,0.8422,1LG9,A,1LG9.A,1LG9_1,RCSB30_305,mapped
1lgrL,3,0.8153,1LGR,L,1LGR.L,1LGR_1,RCSB30_1616,mapped
1lh2A,1,0.8367,1LH2,A,1LH2.A,1LH2_1,RCSB30_2183,mapped
1lhtA,1,0.7893,1LHT,A,1LHT.A,1LHT_1,RCSB30_165,mapped
1lj8A,5,0.6082,1LJ8,A,1LJ8.A,1LJ8_1,RCSB30_5783,mapped
1ljwA,1,0.9785,1LJW,A,1LJW.A,1LJW_1,RCSB30_95,mapped
1lkkA,1,0.6382,1LKK,A,1LKK.A,1LKK_1,RCSB30_9188,mapped
1lkxD,1,0.829,1LKX,D,1LKX.D,1LKX_1,RCSB30_6144,mapped
1lldB,1,0.766,1LLD,B,1LLD.B,1LLD_1,RCSB30_319,mapped
1llqB,1,0.6926,1LLQ,B,1LLQ.B,1LLQ_1,RCSB30_1504,mapped
1lluB,1,0.8507,1LLU,B,1LLU.B,1LLU_1,RCSB30_711,mapped
1lmpA,2,0.717,1LMP,A,1LMP.A,1LMP_1,RCSB30_21,mapped
1ln3A,1,0.8496,1LN3,A,1LN3.A,1LN3_1,RCSB30_14100,mapped
1lnxD,1,0.6552,1LNX,D,1LNX.D,1LNX_1,RCSB30_13779,mapped
1lo3B,1,1.0,1LO3,B,1LO3.B,1LO3_2,RCSB30_1,mapped
1lo6A,1,0.9615,1LO6,A,1LO6.A,1LO6_1,RCSB30_8994,mapped
1lo9A,2,0.5221,1LO9,A,1LO9.A,1LO9_1,RCSB30_34975,mapped
1lpcA,1,0.9037,1LPC,A,1LPC.A,1LPC_1,RCSB30_4797,mapped
1lqaA,1,0.7176,1LQA,A,1LQA.A,1LQA_1,RCSB30_10271,mapped
1lqyA,2,0.879,1LQY,A,1LQY.A,1LQY_1,RCSB30_1611,mapped
1lriA,1,0.8764,1LRI,A,1LRI.A,1LRI_1,RCSB30_9994,mapped
1ls9A,1,0.7683,1LS9,A,1LS9.A,1LS9_1,RCSB30_3267,mapped
1lssD,1,0.8813,1LSS,D,1LSS.D,1LSS_1,RCSB30_22508,mapped
1lt4A,1,0.9441,1LT4,A,1LT4.A,1LT4_1,RCSB30_3053,mapped
1ltkB,2,0.6078,1LTK,B,1LTK.B,1LTK_1,RCSB30_940,mapped
1ltmA,1,0.7743,1LTM,A,1LTM.A,1LTM_1,RCSB30_11133,mapped
1lu2B,1,0.76,1LU2,B,1LU2.B,1LU2_1,RCSB30_603,mapped
1luaC,2,0.8038,1LUA,C,1LUA.C,1LUA_1,RCSB30_32418,mapped
1lv5E,1,0.8926,1LV5,E,1LV5.E,1LV5_3,RCSB30_602,mapped
1lv8B,1,0.9476,1LV8,B,1LV8.B,1LV8_1,RCSB30_2290,mapped
1lvbA,1,0.7269,1LVB,A,1LVB.A,1LVB_1,RCSB30_38727,mapped
1lvoC,2,1.0,1LVO,C,1LVO.C,1LVO_1,RCSB30_10,mapped
1lw5D,1,0.5748,1LW5,D,1LW5.D,1LW5_1,RCSB30_3988,mapped
1lwiA,1,0.5042,1LWI,A,1LWI.A,1LWI_1,RCSB30_366,mapped
1lwjB,1,0.8804,1LWJ,B,1LWJ.B,1LWJ_1,RCSB30_12333,mapped
1lwwC,1,0.7623,1LWW,C,1LWW.C,1LWW_3,RCSB30_2669,mapped
1lxkA,2,0.771,1LXK,A,1LXK.A,1LXK_1,RCSB30_8518,mapped
1lxmA,34,0.5725,1LXM,A,1LXM.A,1LXM_1,RCSB30_8518,mapped
1ly2A,1,0.6183,1LY2,A,1LY2.A,1LY2_1,RCSB30_3282,mapped
1ly9A,1,0.9267,1LY9,A,1LY9.A,1LY9_1,RCSB30_2251,mapped
1lzyA,1,0.9664,1LZY,A,1LZY.A,1LZY_1,RCSB30_21,mapped
1m01A,1,0.9065,1M01,A,1M01.A,1M01_1,RCSB30_7193,mapped
1m0sB,1,0.9696,1M0S,B,1M0S.B,1M0S_1,RCSB30_692,mapped
1m1yI,2,0.7557,1M1Y,I,1M1Y.I,1M1Y_1,RCSB30_1095,mapped
1m21A,5,0.636,1M21,A,1M21.A,1M21_1,RCSB30_16080,mapped
1m27A,1,0.7049,1M27,A,1M27.A,1M27_1,RCSB30_6901,mapped
1m2hA,1,0.6059,1M2H,A,1M2H.A,1M2H_1,RCSB30_1867,mapped
1m2xA,1,0.6875,1M2X,A,1M2X.A,1M2X_1,RCSB30_440,mapped
1m32E,1,0.471,1M32,E,1M32.E,1M32_1,RCSB30_1223,mapped
1m48B,1,0.7299,1M48,B,1M48.B,1M48_1,RCSB30_59,mapped
1m4uA,3,0.8416,1M4U,A,1M4U.A,1M4U_1,RCSB30_2692,mapped
1m6dA,1,0.6173,1M6D,A,1M6D.A,1M6D_1,RCSB30_13959,mapped
1m72A,2,0.6471,1M72,A,1M72.A,1M72_1,RCSB30_2842,mapped
1m7dB,3,0.7048,1M7D,B,1M7D.B,1M7D_2,RCSB30_1,mapped
1m7eA,3,0.7578,1M7E,A,1M7E.A,1M7E_1,RCSB30_19303,mapped
1m7hC,1,0.4738,1M7H,C,1M7H.C,1M7H_1,RCSB30_2329,mapped
1m7sB,1,0.9315,1M7S,B,1M7S.B,1M7S_1,RCSB30_842,mapped
1m7wA,1,0.8823,1M7W,A,1M7W.A,1M7W_1,RCSB30_10615,mapped
1m8pB,2,0.7135,1M8P,B,1M8P.B,1M8P_1,RCSB30_4547,mapped
1m8vQ,1,1.0,1M8V,Q,1M8V.Q,1M8V_2,RCSB30_12583,mapped
1m9aA,1,0.5808,1M9A,A,1M9A.A,1M9A_1,RCSB30_5940,mapped
1maaC,1,0.8092,1MAA,C,1MAA.C,1MAA_1,RCSB30_295,mapped
1mawE,1,0.6873,1MAW,E,1MAW.E,1MAW_1,RCSB30_935,mapped
1mb9B,1,0.667,1MB9,B,1MB9.B,1MB9_1,RCSB30_34036,mapped
1mbqA,1,0.9696,1MBQ,A,1MBQ.A,1MBQ_1,RCSB30_2234,mapped
1mc0A,2,0.9111,1MC0,A,1MC0.A,1MC0_1,RCSB30_1773,mapped
1mc3A,1,0.5913,1MC3,A,1MC3.A,1MC3_1,RCSB30_2374,mapped
1mcsB,1,0.8954,1MCS,B,1MCS.B,1MCS_1,RCSB30_4,mapped
1mdcA,1,0.7798,1MDC,A,1MDC.A,1MDC_1,RCSB30_11960,mapped
1mdrA,2,1.0,1MDR,A,1MDR.A,1MDR_1,RCSB30_11363,mapped
1me8A,1,0.704,1ME8,A,1ME8.A,1ME8_1,RCSB30_522,mapped
1mf1A,1,0.7021,1MF1,A,1MF1.A,1MF1_1,RCSB30_497,mapped
1mfcB,1,0.8709,1MFC,B,1MFC.B,1MFC_2,RCSB30_1,mapped
1mhcA,3,0.5991,1MHC,A,1MHC.A,1MHC_1,RCSB30_171,mapped
1miwA,2,0.9344,1MIW,A,1MIW.A,1MIW_1,RCSB30_2000,mapped
1mj4A,1,0.971,1MJ4,A,1MJ4.A,1MJ4_1,RCSB30_4722,mapped
1mjhB,1,0.8361,1MJH,B,1MJH.B,1MJH_1,RCSB30_67019,mapped
1mk0A,1,0.7036,1MK0,A,1MK0.A,1MK0_1,RCSB30_90614,mapped
1mk1A,2,0.8442,1MK1,A,1MK1.A,1MK1_1,RCSB30_27066,mapped
1mkjA,2,0.7888,1MKJ,A,1MKJ.A,1MKJ_1,RCSB30_2256,mapped
1mkpA,1,0.9135,1MKP,A,1MKP.A,1MKP_1,RCSB30_5487,mapped
1mkyA,10,0.7001,1MKY,A,1MKY.A,1MKY_1,RCSB30_673,mapped
1mndA,1,0.4852,1MND,A,1MND.A,1MND_1,RCSB30_538,mapped
1mo4A,1,0.858,1MO4,A,1MO4.A,1MO4_1,RCSB30_591,mapped
1mokC,1,0.7839,1MOK,C,1MOK.C,1MOK_1,RCSB30_26410,mapped
1mozB,2,0.8053,1MOZ,B,1MOZ.B,1MOZ_1,RCSB30_9292,mapped
1mpnC,1,0.8856,1MPN,C,1MPN.C,1MPN_1,RCSB30_2430,mapped
1mqbA,1,0.862,1MQB,A,1MQB.A,1MQB_1,RCSB30_581,mapped
1mqfA,1,0.8452,1MQF,A,1MQF.A,1MQF_1,RCSB30_842,mapped
1mqvB,1,1.0,1MQV,B,1MQV.B,1MQV_1,RCSB30_18350,mapped
1mskA,1,0.6863,1MSK,A,1MSK.A,1MSK_1,RCSB30_2654,mapped
1mt1E,1,0.7952,1MT1,E,1MT1.E,1MT1_1,RCSB30_9073,mapped
1mtoA,1,0.5981,1MTO,A,1MTO.A,1MTO_1,RCSB30_1937,mapped
1mvlA,2,0.7616,1MVL,A,1MVL.A,1MVL_1,RCSB30_11993,mapped
1mwvA,1,0.8634,1MWV,A,1MWV.A,,SINGLETON_1mwvA,missing_entity
1mwwC,1,0.866,1MWW,C,1MWW.C,1MWW_1,RCSB30_5124,mapped
1mx0D,1,0.9381,1MX0,D,1MX0.D,1MX0_1,RCSB30_5122,mapped
1mx9A,1,0.8603,1MX9,A,1MX9.A,1MX9_1,RCSB30_1756,mapped
1mxiA,1,0.9138,1MXI,A,1MXI.A,1MXI_1,RCSB30_4539,mapped
1mzmA,1,0.9753,1MZM,A,1MZM.A,1MZM_1,RCSB30_4081,mapped
1mzuA,1,0.9222,1MZU,A,1MZU.A,1MZU_1,RCSB30_1953,mapped
1mzvA,1,0.6356,1MZV,A,1MZV.A,1MZV_1,RCSB30_9800,mapped
1n06B,1,0.9012,1N06,B,1N06.B,1N06_1,RCSB30_7285,mapped
1n0uA,1,0.7856,1N0U,A,1N0U.A,1N0U_1,RCSB30_1205,mapped
1n0xB,1,0.6287,1N0X,B,1N0X.B,1N0X_2,RCSB30_1,mapped
1n1dB,1,0.8137,1N1D,B,1N1D.B,1N1D_1,RCSB30_3130,mapped
1n1eB,1,0.769,1N1E,B,1N1E.B,1N1E_1,RCSB30_460,mapped
1n1yA,2,0.8155,1N1Y,A,1N1Y.A,1N1Y_1,RCSB30_4416,mapped
1n24A,1,0.8549,1N24,A,1N24.A,1N24_1,RCSB30_235,mapped
1n2hB,1,0.6439,1N2H,B,1N2H.B,1N2H_1,RCSB30_228,mapped
1n2sA,3,0.6536,1N2S,A,1N2S.A,1N2S_1,RCSB30_6932,mapped
1n2tB,3,0.9141,1N2T,B,1N2T.B,1N2T_1,RCSB30_52275,mapped
1n2xA,1,0.8629,1N2X,A,1N2X.A,1N2X_1,RCSB30_381,mapped
1n3qB,1,0.8889,1N3Q,B,1N3Q.B,1N3Q_1,RCSB30_2258,mapped
1n4uA,1,0.7144,1N4U,A,1N4U.A,1N4U_1,RCSB30_7861,mapped
1n52B,1,0.6043,1N52,B,1N52.B,1N52_2,RCSB30_5241,mapped
1n5sB,2,0.7185,1N5S,B,1N5S.B,1N5S_1,RCSB30_39199,mapped
1n61C,1,0.7326,1N61,C,1N61.C,1N61_3,RCSB30_10883,mapped
1n69B,3,0.7255,1N69,B,1N69.B,1N69_1,RCSB30_7186,mapped
1n6cA,3,0.7964,1N6C,A,1N6C.A,1N6C_1,RCSB30_5375,mapped
1n6mB,2,0.8035,1N6M,B,1N6M.B,1N6M_1,RCSB30_17193,mapped
1n71B,1,0.8632,1N71,B,1N71.B,1N71_1,RCSB30_33109,mapped
1n78C,1,0.9571,1N78,C,1N78.C,1N78_2,RCSB30_457,mapped
1n7gD,1,0.8453,1N7G,D,1N7G.D,1N7G_1,RCSB30_2708,mapped
1n7tA,2,0.5985,1N7T,A,1N7T.A,1N7T_1,RCSB30_15080,mapped
1n89A,1,0.617,1N89,A,1N89.A,1N89_1,RCSB30_15701,mapped
1n8pD,1,0.7082,1N8P,D,1N8P.D,1N8P_1,RCSB30_965,mapped
1n9gB,1,0.7184,1N9G,B,1N9G.B,1N9G_2,RCSB30_5393,mapped
1n9nA,1,0.9518,1N9N,A,1N9N.A,1N9N_1,RCSB30_5663,mapped
1namA,3,0.6786,1NAM,A,1NAM.A,1NAM_1,RCSB30_960,mapped
1naqF,2,0.9562,1NAQ,F,1NAQ.F,1NAQ_1,RCSB30_3072,mapped
1nb0A,1,0.9073,1NB0,A,1NB0.A,1NB0_1,RCSB30_21458,mapped
1nepA,2,0.6934,1NEP,A,1NEP.A,1NEP_1,RCSB30_9872,mapped
1nfrC,1,0.8355,1NFR,C,1NFR.C,1NFR_1,RCSB30_1272,mapped
1ngkE,1,0.9767,1NGK,E,1NGK.E,1NGK_1,RCSB30_11493,mapped
1nh6A,1,0.7988,1NH6,A,1NH6.A,1NH6_1,RCSB30_2405,mapped
1nhhA,1,0.8781,1NHH,A,1NHH.A,1NHH_1,RCSB30_622,mapped
1nj6A,1,0.7731,1NJ6,A,1NJ6.A,1NJ6_1,RCSB30_1593,mapped
1njuC,3,0.705,1NJU,C,1NJU.C,1NJU_1,RCSB30_10477,mapped
1nksD,1,0.8655,1NKS,D,1NKS.D,1NKS_1,RCSB30_4488,mapped
1nktB,1,0.6701,1NKT,B,1NKT.B,1NKT_1,RCSB30_1013,mapped
1nlkA,1,0.7751,1NLK,A,1NLK.A,1NLK_1,RCSB30_454,mapped
1nlmA,1,0.881,1NLM,A,1NLM.A,1NLM_1,RCSB30_392,mapped
1nltA,3,0.6936,1NLT,A,1NLT.A,1NLT_1,RCSB30_3591,mapped
1nneC,2,0.8431,1NNE,C,1NNE.C,1NNE_3,RCSB30_200,mapped
1nopD,1,0.7075,1NOP,D,1NOP.D,1NOP_2,RCSB30_3937,mapped
1nosA,1,0.8861,1NOS,A,1NOS.A,1NOS_1,RCSB30_86,mapped
1npdA,2,0.87,1NPD,A,1NPD.A,1NPD_1,RCSB30_253,mapped
1nptC,1,0.6776,1NPT,C,1NPT.C,1NPT_1,RCSB30_304,mapped
1npxA,2,0.8739,1NPX,A,1NPX.A,1NPX_1,RCSB30_7948,mapped
1npzA,2,0.8127,1NPZ,A,1NPZ.A,1NPZ_1,RCSB30_735,mapped
1nrjB,1,0.7265,1NRJ,B,1NRJ.B,1NRJ_2,RCSB30_58820,mapped
1ns8B,1,0.8082,1NS8,B,1NS8.B,1NS8_1,RCSB30_10935,mapped
1nstA,1,0.7215,1NST,A,1NST.A,1NST_1,RCSB30_5041,mapped
1nt2A,2,0.7461,1NT2,A,1NT2.A,1NT2_1,RCSB30_10779,mapped
1ntmD,1,0.9185,1NTM,D,1NTM.D,1NTM_4,RCSB30_15,mapped
1nuqA,1,0.8722,1NUQ,A,1NUQ.A,1NUQ_1,RCSB30_8429,mapped
1nv9A,1,0.8511,1NV9,A,1NV9.A,1NV9_1,RCSB30_6814,mapped
1nvmD,1,0.8542,1NVM,D,1NVM.D,1NVM_2,RCSB30_1188,mapped
1nvtA,5,0.7785,1NVT,A,1NVT.A,1NVT_1,RCSB30_253,mapped
1nw7A,1,0.7423,1NW7,A,1NW7.A,1NW7_1,RCSB30_33311,mapped
1nwzA,1,1.0,1NWZ,A,1NWZ.A,1NWZ_1,RCSB30_1953,mapped
1nx8A,3,0.9272,1NX8,A,1NX8.A,1NX8_1,RCSB30_54419,mapped
1nxjB,1,1.0,1NXJ,B,1NXJ.B,1NXJ_1,RCSB30_974,mapped
1ny6A,1,0.9173,1NY6,A,1NY6.A,1NY6_1,RCSB30_12917,mapped
1nyqA,2,0.8311,1NYQ,A,1NYQ.A,1NYQ_1,RCSB30_5,mapped
1nytC,3,0.7111,1NYT,C,1NYT.C,1NYT_1,RCSB30_253,mapped
1o0rB,1,0.9001,1O0R,B,1O0R.B,1O0R_1,RCSB30_4859,mapped
1o0vB,2,0.4544,1O0V,B,1O0V.B,1O0V_1,RCSB30_1,mapped
1o1vA,1,0.7799,1O1V,A,1O1V.A,1O1V_1,RCSB30_4614,mapped
1o2dB,1,0.7642,1O2D,B,1O2D.B,1O2D_1,RCSB30_70610,mapped
1o3wA,1,0.8385,1O3W,A,1O3W.A,1O3W_1,RCSB30_2437,mapped
1o51A,2,0.8722,1O51,A,1O51.A,1O51_1,RCSB30_22647,mapped
1o5iB,1,0.6422,1O5I,B,1O5I.B,1O5I_1,RCSB30_23882,mapped
1o5oA,1,0.8919,1O5O,A,1O5O.A,1O5O_1,RCSB30_3397,mapped
1o5wA,1,0.6217,1O5W,A,1O5W.A,1O5W_1,RCSB30_2280,mapped
1o5xA,1,0.7739,1O5X,A,1O5X.A,1O5X_1,RCSB30_473,mapped
1o61B,1,0.7675,1O61,B,1O61.B,1O61_1,RCSB30_20783,mapped
1o68B,3,0.9073,1O68,B,1O68.B,1O68_1,RCSB30_4046,mapped
1o6bA,1,0.7344,1O6B,A,1O6B.A,1O6B_1,RCSB30_137,mapped
1o6oA,2,0.7432,1O6O,A,1O6O.A,1O6O_1,RCSB30_3089,mapped
1o6zD,1,0.7811,1O6Z,D,1O6Z.D,1O6Z_1,RCSB30_319,mapped
1o70A,2,0.643,1O70,A,1O70.A,1O70_1,RCSB30_58462,mapped
1o72A,1,0.7612,1O72,A,1O72.A,1O72_1,RCSB30_3449,mapped
1o7dA,3,0.5316,1O7D,A,1O7D.A,1O7D_1,RCSB30_3017,mapped
1o7nA,1,0.868,1O7N,A,1O7N.A,1O7N_1,RCSB30_2796,mapped
1o87B,3,0.7726,1O87,B,1O87.B,1O87_1,RCSB30_2377,mapped
1o8bB,3,0.9326,1O8B,B,1O8B.B,1O8B_1,RCSB30_692,mapped
1o8sA,1,0.9451,1O8S,A,1O8S.A,1O8S_1,RCSB30_5622,mapped
1o8vA,1,0.742,1O8V,A,1O8V.A,1O8V_1,RCSB30_211,mapped
1o91C,1,0.8388,1O91,C,1O91.C,1O91_1,RCSB30_11112,mapped
1o94E,1,0.8307,1O94,E,1O94.E,1O94_2,RCSB30_6727,mapped
1o96B,2,0.7893,1O96,B,1O96.B,1O96_2,RCSB30_22193,mapped
1oa3A,2,0.8365,1OA3,A,1OA3.A,1OA3_1,RCSB30_4312,mapped
1oa7A,1,0.4319,1OA7,A,1OA7.A,1OA7_1,RCSB30_12179,mapped
1oagA,1,0.8506,1OAG,A,1OAG.A,1OAG_1,RCSB30_2895,mapped
1oaiA,1,0.8725,1OAI,A,1OAI.A,1OAI_1,RCSB30_5960,mapped
1oasB,2,0.8916,1OAS,B,1OAS.B,1OAS_1,RCSB30_2274,mapped
1oatB,1,0.7767,1OAT,B,1OAT.B,1OAT_1,RCSB30_1595,mapped
1oc1A,1,0.8781,1OC1,A,1OC1.A,1OC1_1,RCSB30_2168,mapped
1oclA,3,0.9649,1OCL,A,1OCL.A,1OCL_1,RCSB30_18197,mapped
1ocuA,1,0.7226,1OCU,A,1OCU.A,1OCU_1,RCSB30_6697,mapped
1od6A,1,0.6213,1OD6,A,1OD6.A,1OD6_1,RCSB30_137,mapped
1odiA,1,0.9662,1ODI,A,1ODI.A,1ODI_1,RCSB30_372,mapped
1odzA,1,0.8527,1ODZ,A,1ODZ.A,1ODZ_1,RCSB30_23942,mapped
1oe7A,1,0.7026,1OE7,A,1OE7.A,1OE7_1,RCSB30_10736,mapped
1of4A,2,0.6911,1OF4,A,1OF4.A,1OF4_1,RCSB30_14136,mapped
1ofiA,2,0.7307,1OFI,A,1OFI.A,1OFI_1,RCSB30_324,mapped
1ofiD,1,0.7345,1OFI,D,1OFI.D,1OFI_2,RCSB30_308,mapped
1og2A,1,0.8684,1OG2,A,1OG2.A,1OG2_1,RCSB30_426,mapped
1og6A,1,0.8224,1OG6,A,1OG6.A,1OG6_1,RCSB30_13581,mapped
1ogdA,3,0.9392,1OGD,A,1OGD.A,1OGD_1,RCSB30_925,mapped
1ogkC,1,0.9208,1OGK,C,1OGK.C,1OGK_1,RCSB30_14695,mapped
1ogoA,1,0.635,1OGO,A,1OGO.A,1OGO_1,RCSB30_18213,mapped
1ogxA,1,1.0,1OGX,A,1OGX.A,1OGX_1,RCSB30_2212,mapped
1ogzA,1,0.9411,1OGZ,A,1OGZ.A,1OGZ_1,RCSB30_2212,mapped
1oh7A,1,0.95,1OH7,A,1OH7.A,1OH7_1,RCSB30_200,mapped
1ohvC,2,0.9063,1OHV,C,1OHV.C,1OHV_1,RCSB30_4423,mapped
1oijC,1,1.0,1OIJ,C,1OIJ.C,1OIJ_3,RCSB30_3586,mapped
1oipA,1,1.0,1OIP,A,1OIP.A,1OIP_1,RCSB30_8242,mapped
1oj7D,2,0.6618,1OJ7,D,1OJ7.D,1OJ7_1,RCSB30_9976,mapped
1ojlE,1,0.9478,1OJL,E,1OJL.E,1OJL_1,RCSB30_2170,mapped
1ojzA,7,0.6834,1OJZ,A,1OJZ.A,1OJZ_1,RCSB30_9213,mapped
1olmB,1,0.702,1OLM,B,1OLM.B,1OLM_1,RCSB30_5072,mapped
1omoA,2,0.6534,1OMO,A,1OMO.A,1OMO_1,RCSB30_5848,mapped
1omzA,1,0.8259,1OMZ,A,1OMZ.A,1OMZ_1,RCSB30_20594,mapped
1oniH,1,0.6858,1ONI,H,1ONI.H,1ONI_1,RCSB30_4015,mapped
1onxA,1,0.6042,1ONX,A,1ONX.A,1ONX_1,RCSB30_12133,mapped
1oopA,1,0.8345,1OOP,A,1OOP.A,1OOP_1,RCSB30_19,mapped
1or6B,1,0.936,1OR6,B,1OR6.B,1OR6_1,RCSB30_61965,mapped
1ordA,2,0.7774,1ORD,A,1ORD.A,1ORD_1,RCSB30_4518,mapped
1ossA,1,0.9029,1OSS,A,1OSS.A,1OSS_1,RCSB30_6539,mapped
1ot3C,1,0.9463,1OT3,C,1OT3.C,1OT3_1,RCSB30_2362,mapped
1ot7A,1,0.8715,1OT7,A,1OT7.A,1OT7_1,RCSB30_2194,mapped
1otjB,1,0.6501,1OTJ,B,1OTJ.B,1OTJ_1,RCSB30_3586,mapped
1ouuA,1,0.8631,1OUU,A,1OUU.A,1OUU_1,RCSB30_95,mapped
1ouuD,1,0.8921,1OUU,D,1OUU.D,1OUU_2,RCSB30_70,mapped
1ow7B,3,0.7318,1OW7,B,1OW7.B,1OW7_1,RCSB30_8821,mapped
1ox5A,3,0.6482,1OX5,A,1OX5.A,1OX5_1,RCSB30_664,mapped
1ox9M,3,0.5674,1OX9,M,1OX9.M,1OX9_1,RCSB30_11107,mapped
1oxuA,3,0.6865,1OXU,A,1OXU.A,1OXU_1,RCSB30_10649,mapped
1oyjB,4,0.5294,1OYJ,B,1OYJ.B,1OYJ_1,RCSB30_1026,mapped
1p0fB,2,0.6473,1P0F,B,1P0F.B,1P0F_1,RCSB30_434,mapped
1p0nA,1,0.8607,1P0N,A,1P0N.A,1P0N_1,RCSB30_2074,mapped
1p0yC,3,0.8549,1P0Y,C,1P0Y.C,1P0Y_1,RCSB30_14162,mapped
1p0zH,1,0.856,1P0Z,H,1P0Z.H,1P0Z_1,RCSB30_7360,mapped
1p16B,1,0.6159,1P16,B,1P16.B,1P16_1,RCSB30_10365,mapped
1p19B,1,0.8456,1P19,B,1P19.B,1P19_1,RCSB30_4471,mapped
1p1hD,1,0.7626,1P1H,D,1P1H.D,1P1H_1,RCSB30_3168,mapped
1p1iA,1,0.8055,1P1I,A,1P1I.A,1P1I_1,RCSB30_3168,mapped
1p22A,1,0.4182,1P22,A,1P22.A,1P22_1,RCSB30_5235,mapped
1p3eA,1,0.9156,1P3E,A,1P3E.A,1P3E_1,RCSB30_52751,mapped
1p3hN,2,0.938,1P3H,N,1P3H.N,1P3H_1,RCSB30_215,mapped
1p3vA,1,0.8913,1P3V,A,1P3V.A,1P3V_1,RCSB30_28815,mapped
1p42B,1,0.9352,1P42,B,1P42.B,1P42_1,RCSB30_369,mapped
1p4bB,1,0.7083,1P4B,B,1P4B.B,1P4B_2,RCSB30_1,mapped
1p5jA,2,0.9774,1P5J,A,1P5J.A,1P5J_1,RCSB30_6063,mapped
1p5rB,3,0.778,1P5R,B,1P5R.B,1P5R_1,RCSB30_1959,mapped
1p6eA,1,0.9496,1P6E,A,1P6E.A,1P6E_1,RCSB30_19742,mapped
1p73D,1,0.681,1P73,D,1P73.D,1P73_1,RCSB30_5763,mapped
1p77A,3,0.7288,1P77,A,1P77.A,1P77_1,RCSB30_253,mapped
1p7mA,3,0.8073,1P7M,A,1P7M.A,1P7M_1,RCSB30_12683,mapped
1p7wA,1,0.7118,1P7W,A,1P7W.A,1P7W_1,RCSB30_459,mapped
1p7yB,1,0.9504,1P7Y,B,1P7Y.B,1P7Y_1,RCSB30_1646,mapped
1p91B,1,0.7143,1P91,B,1P91.B,1P91_1,RCSB30_22377,mapped
1p99A,1,0.5661,1P99,A,1P99.A,1P99_1,RCSB30_2785,mapped
1padA,3,0.7824,1PAD,A,1PAD.A,1PAD_1,RCSB30_2501,mapped
1pbtA,3,0.7184,1PBT,A,1PBT.A,1PBT_1,RCSB30_42057,mapped
1pcmA,1,0.6344,1PCM,A,1PCM.A,1PCM_1,RCSB30_8163,mapped
1pegA,1,0.6624,1PEG,A,1PEG.A,1PEG_1,RCSB30_33571,mapped
1pfbA,1,0.826,1PFB,A,1PFB.A,1PFB_1,RCSB30_69573,mapped
1pg0A,1,0.859,1PG0,A,1PG0.A,1PG0_1,RCSB30_649,mapped
1pgoA,2,0.6501,1PGO,A,1PGO.A,1PGO_1,RCSB30_1441,mapped
1phpA,1,0.7822,1PHP,A,1PHP.A,1PHP_1,RCSB30_229,mapped
1pieA,1,0.6505,1PIE,A,1PIE.A,1PIE_1,RCSB30_1206,mapped
1piwB,1,0.6798,1PIW,B,1PIW.B,1PIW_1,RCSB30_711,mapped
1pjcA,3,0.6314,1PJC,A,1PJC.A,1PJC_1,RCSB30_3085,mapped
1pk8B,1,0.8921,1PK8,B,1PK8.B,1PK8_1,RCSB30_11007,mapped
1pkgB,1,0.9132,1PKG,B,1PKG.B,1PKG_1,RCSB30_1146,mapped
1pkkB,2,0.8587,1PKK,B,1PKK.B,1PKK_1,RCSB30_804,mapped
1pkxC,2,0.9381,1PKX,C,1PKX.C,1PKX_1,RCSB30_5775,mapped
1pl8D,1,0.5914,1PL8,D,1PL8.D,1PL8_1,RCSB30_644,mapped
1pmmC,3,0.8795,1PMM,C,1PMM.C,1PMM_1,RCSB30_2762,mapped
1pmpB,1,0.8805,1PMP,B,1PMP.B,1PMP_1,RCSB30_211,mapped
1pmtA,2,0.6718,1PMT,A,1PMT.A,1PMT_1,RCSB30_7920,mapped
1pn4A,1,0.6428,1PN4,A,1PN4.A,1PN4_1,RCSB30_9440,mapped
1pnfA,1,0.7178,1PNF,A,1PNF.A,1PNF_1,RCSB30_43298,mapped
1pnvA,1,0.6902,1PNV,A,1PNV.A,1PNV_1,RCSB30_16613,mapped
1po5A,1,0.6512,1PO5,A,1PO5.A,1PO5_1,RCSB30_426,mapped
1po8A,1,0.7388,1PO8,A,1PO8.A,1PO8_1,RCSB30_782,mapped
1poyD,1,0.9686,1POY,D,1POY.D,1POY_1,RCSB30_3898,mapped
1pq6A,1,0.9821,1PQ6,A,1PQ6.A,1PQ6_1,RCSB30_4049,mapped
1pq7A,3,0.7821,1PQ7,A,1PQ7.A,1PQ7_1,RCSB30_6539,mapped
1pqpA,1,0.5173,1PQP,A,1PQP.A,1PQP_1,RCSB30_4542,mapped
1pr6A,1,0.7752,1PR6,A,1PR6.A,1PR6_1,RCSB30_372,mapped
1prhA,3,0.8021,1PRH,A,1PRH.A,1PRH_1,RCSB30_1972,mapped
1pt2A,3,0.8279,1PT2,A,1PT2.A,1PT2_1,RCSB30_12323,mapped
1pt5A,1,0.8044,1PT5,A,1PT5.A,1PT5_1,RCSB30_1959,mapped
1ptgA,1,0.712,1PTG,A,1PTG.A,1PTG_1,RCSB30_7068,mapped
1ptrA,1,1.0,1PTR,A,1PTR.A,1PTR_1,RCSB30_11776,mapped
1pubA,1,0.6919,1PUB,A,1PUB.A,1PUB_1,RCSB30_15794,mapped
1pv8A,1,0.9619,1PV8,A,1PV8.A,1PV8_1,RCSB30_1667,mapped
1pvfB,1,0.6652,1PVF,B,1PVF.B,1PVF_1,RCSB30_2460,mapped
1pvgA,1,0.8346,1PVG,A,1PVG.A,1PVG_1,RCSB30_6517,mapped
1pvoG,3,0.5698,1PVO,G,1PVO.G,1PVO_2,RCSB30_2389,mapped
1pw1A,1,0.8594,1PW1,A,1PW1.A,1PW1_1,RCSB30_7543,mapped
1pz0A,1,0.6234,1PZ0,A,1PZ0.A,1PZ0_1,RCSB30_2513,mapped
1pz1A,1,0.7376,1PZ1,A,1PZ1.A,1PZ1_1,RCSB30_46949,mapped
1pz2A,1,0.8099,1PZ2,A,1PZ2.A,1PZ2_1,RCSB30_10913,mapped
1pz4A,1,0.9091,1PZ4,A,1PZ4.A,1PZ4_1,RCSB30_4300,mapped
1pzfC,1,0.8093,1PZF,C,1PZF.C,1PZF_1,RCSB30_598,mapped
1pzmA,1,0.7278,1PZM,A,1PZM.A,1PZM_1,RCSB30_4471,mapped
1pzxB,1,0.9379,1PZX,B,1PZX.B,1PZX_1,RCSB30_2818,mapped
1q13B,1,0.7996,1Q13,B,1Q13.B,1Q13_1,RCSB30_366,mapped
1q17B,1,0.6824,1Q17,B,1Q17.B,1Q17_1,RCSB30_11535,mapped
1q1wB,1,0.7791,1Q1W,B,1Q1W.B,1Q1W_1,RCSB30_2999,mapped
1q1zA,1,0.5898,1Q1Z,A,1Q1Z.A,1Q1Z_1,RCSB30_2233,mapped
1q33A,1,0.6118,1Q33,A,1Q33.A,1Q33_1,RCSB30_6006,mapped
1q3sH,1,0.8694,1Q3S,H,1Q3S.H,1Q3S_1,RCSB30_565,mapped
1q51G,2,0.6495,1Q51,G,1Q51.G,1Q51_1,RCSB30_4245,mapped
1q5eA,1,0.6527,1Q5E,A,1Q5E.A,1Q5E_1,RCSB30_305,mapped
1q6iB,2,0.7941,1Q6I,B,1Q6I.B,1Q6I_1,RCSB30_5366,mapped
1q6oA,1,0.9079,1Q6O,A,1Q6O.A,1Q6O_1,RCSB30_1218,mapped
1q8aB,1,0.7918,1Q8A,B,1Q8A.B,1Q8A_1,RCSB30_2654,mapped
1q99A,1,0.8832,1Q99,A,1Q99.A,1Q99_1,RCSB30_10775,mapped
1qa7C,5,0.7073,1QA7,C,1QA7.C,1QA7_1,RCSB30_25896,mapped
1qaoA,1,0.8196,1QAO,A,1QAO.A,1QAO_1,RCSB30_8772,mapped
1qciA,1,0.7712,1QCI,A,1QCI.A,1QCI_1,RCSB30_4797,mapped
1qd0A,1,0.8667,1QD0,A,1QD0.A,1QD0_1,RCSB30_1,mapped
1qd1A,1,0.4212,1QD1,A,1QD1.A,1QD1_1,RCSB30_12077,mapped
1qd2A,1,0.9588,1QD2,A,1QD2.A,1QD2_1,RCSB30_1998,mapped
1qf1A,1,0.7909,1QF1,A,1QF1.A,1QF1_1,RCSB30_743,mapped
1qfvB,1,0.8617,1QFV,B,1QFV.B,1QFV_1,RCSB30_29663,mapped
1qgjB,1,0.8467,1QGJ,B,1QGJ.B,1QGJ_1,RCSB30_2932,mapped
1qgnC,1,0.9185,1QGN,C,1QGN.C,1QGN_1,RCSB30_2099,mapped
1qh1C,1,0.6332,1QH1,C,1QH1.C,1QH1_1,RCSB30_1095,mapped
1qhuA,3,0.9044,1QHU,A,1QHU.A,1QHU_1,RCSB30_16313,mapped
1qi3A,1,0.9122,1QI3,A,1QI3.A,1QI3_1,RCSB30_13317,mapped
1qipD,3,0.4873,1QIP,D,1QIP.D,1QIP_1,RCSB30_6873,mapped
1qk3D,1,0.9158,1QK3,D,1QK3.D,1QK3_1,RCSB30_2962,mapped
1qkiB,3,0.7706,1QKI,B,1QKI.B,1QKI_1,RCSB30_1242,mapped
1qkqA,2,0.8145,1QKQ,A,1QKQ.A,1QKQ_1,RCSB30_2817,mapped
1ql6A,1,0.8444,1QL6,A,1QL6.A,1QL6_1,RCSB30_4819,mapped
1qllB,1,0.8712,1QLL,B,1QLL.B,1QLL_1,RCSB30_263,mapped
1qltA,1,0.8039,1QLT,A,1QLT.A,1QLT_1,RCSB30_3343,mapped
1qn2C,1,0.8886,1QN2,C,1QN2.C,1QN2_1,RCSB30_502,mapped
1qnuD,1,1.0,1QNU,D,1QNU.D,1QNU_1,RCSB30_13850,mapped
1qo4A,1,0.766,1QO4,A,1QO4.A,1QO4_1,RCSB30_652,mapped
1qooD,1,0.916,1QOO,D,1QOO.D,1QOO_1,RCSB30_603,mapped
1qopA,1,0.9538,1QOP,A,1QOP.A,1QOP_1,RCSB30_135,mapped
1qorB,1,0.8199,1QOR,B,1QOR.B,1QOR_1,RCSB30_4338,mapped
1qp8A,1,0.689,1QP8,A,1QP8.A,1QP8_1,RCSB30_72221,mapped
1qpqA,1,0.9518,1QPQ,A,1QPQ.A,1QPQ_1,RCSB30_5349,mapped
1qruB,1,0.917,1QRU,B,1QRU.B,1QRU_2,RCSB30_1334,mapped
1qs0A,2,0.7401,1QS0,A,1QS0.A,1QS0_1,RCSB30_2566,mapped
1qs2A,2,0.6187,1QS2,A,1QS2.A,1QS2_1,RCSB30_5173,mapped
1qsmC,1,0.9391,1QSM,C,1QSM.C,1QSM_1,RCSB30_23655,mapped
1qsrA,1,0.9118,1QSR,A,1QSR.A,1QSR_1,RCSB30_14123,mapped
1qu2B,1,0.8425,1QU2,B,1QU2.B,1QU2_2,RCSB30_296,mapped
1qviA,2,0.734,1QVI,A,1QVI.A,1QVI_1,RCSB30_538,mapped
1qwjA,1,0.7826,1QWJ,A,1QWJ.A,1QWJ_1,RCSB30_18290,mapped
1qwlA,1,0.9097,1QWL,A,1QWL.A,1QWL_1,RCSB30_842,mapped
1qxsA,1,0.9053,1QXS,A,1QXS.A,1QXS_1,RCSB30_1217,mapped
1qxwA,1,0.7632,1QXW,A,1QXW.A,1QXW_1,RCSB30_1898,mapped
1qy4B,1,0.8459,1QY4,B,1QY4.B,1QY4_1,RCSB30_7796,mapped
1qygB,1,0.8514,1QYG,B,1QYG.B,1QYG_2,RCSB30_1,mapped
1qzgC,1,0.4258,1QZG,C,1QZG.C,1QZG_2,RCSB30_12887,mapped
1qzuC,3,0.5689,1QZU,C,1QZU.C,1QZU_1,RCSB30_15300,mapped
1qzzA,1,0.5864,1QZZ,A,1QZZ.A,1QZZ_1,RCSB30_6206,mapped
1r0bA,1,0.8495,1R0B,A,1R0B.A,1R0B_1,RCSB30_220,mapped
1r0lB,3,0.8615,1R0L,B,1R0L.B,1R0L_1,RCSB30_248,mapped
1r0zA,3,0.904,1R0Z,A,1R0Z.A,1R0Z_1,RCSB30_1973,mapped
1r17A,1,0.6856,1R17,A,1R17.A,1R17_1,RCSB30_12848,mapped
1r18A,2,0.5845,1R18,A,1R18.A,1R18_1,RCSB30_18320,mapped
1r1aA,1,0.6351,1R1A,A,1R1A.A,1R1A_1,RCSB30_19,mapped
1r1sG,2,0.7524,1R1S,G,1R1S.G,1R1S_1,RCSB30_2012,mapped
1r3nH,3,0.6808,1R3N,H,1R3N.H,1R3N_1,RCSB30_3798,mapped
1r3wA,1,0.8247,1R3W,A,1R3W.A,1R3W_1,RCSB30_435,mapped
1r4aE,1,1.0,1R4A,E,1R4A.E,1R4A_1,RCSB30_10117,mapped
1r4wB,1,0.8068,1R4W,B,1R4W.B,1R4W_1,RCSB30_10296,mapped
1r55A,1,0.676,1R55,A,1R55.A,1R55_1,RCSB30_2141,mapped
1r5nA,2,0.6837,1R5N,A,1R5N.A,1R5N_1,RCSB30_11022,mapped
1r6zA,1,0.9241,1R6Z,A,1R6Z.A,1R6Z_1,RCSB30_8941,mapped
1r9qA,1,0.7645,1R9Q,A,1R9Q.A,1R9Q_1,RCSB30_27586,mapped
1racB,1,0.9294,1RAC,B,1RAC.B,1RAC_2,RCSB30_762,mapped
1rakA,2,0.9287,1RAK,A,1RAK.A,1RAK_1,RCSB30_11057,mapped
1rbpA,1,0.9792,1RBP,A,1RBP.A,1RBP_1,RCSB30_4272,mapped
1rbqB,1,0.9041,1RBQ,B,1RBQ.B,1RBQ_1,RCSB30_241,mapped
1rccA,2,1.0,1RCC,A,1RCC.A,1RCC_1,RCSB30_461,mapped
1rcfA,1,1.0,1RCF,A,1RCF.A,1RCF_1,RCSB30_2475,mapped
1rd5A,2,0.9163,1RD5,A,1RD5.A,1RD5_1,RCSB30_6726,mapped
1rdsA,1,0.922,1RDS,A,1RDS.A,1RDS_1,RCSB30_6743,mapped
1re0B,2,0.7666,1RE0,B,1RE0.B,1RE0_2,RCSB30_19711,mapped
1redB,1,0.8644,1RED,B,1RED.B,1RED_1,RCSB30_1179,mapped
1remA,1,0.8324,1REM,A,1REM.A,1REM_1,RCSB30_21,mapped
1rfvA,1,0.7119,1RFV,A,1RFV.A,1RFV_1,RCSB30_3630,mapped
1rgbA,1,0.7843,1RGB,A,1RGB.A,1RGB_1,RCSB30_263,mapped
1ri4A,1,0.5826,1RI4,A,1RI4.A,1RI4_1,RCSB30_8031,mapped
1rjdB,1,0.7664,1RJD,B,1RJD.B,1RJD_1,RCSB30_20979,mapped
1rksA,3,1.0,1RKS,A,1RKS.A,1RKS_1,RCSB30_2341,mapped
1rkxB,1,0.7736,1RKX,B,1RKX.B,1RKX_1,RCSB30_44608,mapped
1rljA,1,0.9711,1RLJ,A,1RLJ.A,1RLJ_1,RCSB30_15813,mapped
1rluA,1,0.9634,1RLU,A,1RLU.A,1RLU_1,RCSB30_3458,mapped
1rm6E,1,0.7976,1RM6,E,1RM6.E,1RM6_2,RCSB30_60786,mapped
1ro8A,1,0.8966,1RO8,A,1RO8.A,1RO8_1,RCSB30_17720,mapped
1rozA,3,0.6674,1ROZ,A,1ROZ.A,1ROZ_1,RCSB30_964,mapped
1rp0A,1,0.7139,1RP0,A,1RP0.A,1RP0_1,RCSB30_3112,mapped
1rpjA,2,0.9591,1RPJ,A,1RPJ.A,1RPJ_1,RCSB30_13298,mapped
1rpwB,1,0.6426,1RPW,B,1RPW.B,1RPW_1,RCSB30_7139,mapped
1rq5A,1,0.8219,1RQ5,A,1RQ5.A,1RQ5_1,RCSB30_17926,mapped
1rr2A,1,0.5751,1RR2,A,1RR2.A,1RR2_1,RCSB30_2132,mapped
1rrwA,3,0.8311,1RRW,A,1RRW.A,1RRW_1,RCSB30_6416,mapped
1rs0A,3,0.6556,1RS0,A,1RS0.A,1RS0_1,RCSB30_3726,mapped
1rteA,1,0.9393,1RTE,A,1RTE.A,1RTE_1,RCSB30_5060,mapped
1rtvA,1,0.6465,1RTV,A,1RTV.A,1RTV_1,RCSB30_3536,mapped
1rwcA,1,0.5708,1RWC,A,1RWC.A,1RWC_1,RCSB30_10708,mapped
1rxuF,1,0.9202,1RXU,F,1RXU.F,1RXU_1,RCSB30_372,mapped
1rxzA,3,0.6749,1RXZ,A,1RXZ.A,1RXZ_1,RCSB30_9115,mapped
1ry2A,1,0.4725,1RY2,A,1RY2.A,1RY2_1,RCSB30_1561,mapped
1ryeA,1,0.7379,1RYE,A,1RYE.A,1RYE_1,RCSB30_15383,mapped
1rz0F,1,0.5291,1RZ0,F,1RZ0.F,1RZ0_1,RCSB30_5927,mapped
1rzuA,3,0.8553,1RZU,A,1RZU.A,1RZU_1,RCSB30_769,mapped
1s05A,1,0.6917,1S05,A,1S05.A,1S05_1,RCSB30_18350,mapped
1s0iA,1,0.8847,1S0I,A,1S0I.A,1S0I_1,RCSB30_4416,mapped
1s16A,1,0.8468,1S16,A,1S16.A,1S16_1,RCSB30_377,mapped
1s2dB,2,0.6535,1S2D,B,1S2D.B,1S2D_1,RCSB30_12930,mapped
1s4dJ,1,0.7884,1S4D,J,1S4D.J,1S4D_1,RCSB30_12633,mapped
1s4vB,2,0.8668,1S4V,B,1S4V.B,1S4V_1,RCSB30_2957,mapped
1s59A,3,0.8009,1S59,A,1S59.A,1S59_1,RCSB30_454,mapped
1s5pA,1,0.5343,1S5P,A,1S5P.A,1S5P_1,RCSB30_1867,mapped
1s60A,2,0.842,1S60,A,1S60.A,1S60_1,RCSB30_13352,mapped
1s76D,2,0.5173,1S76,D,1S76.D,1S76_4,RCSB30_10914,mapped
1s7lA,1,0.9155,1S7L,A,1S7L.A,1S7L_1,RCSB30_8928,mapped
1s7yA,3,0.9074,1S7Y,A,1S7Y.A,1S7Y_1,RCSB30_288,mapped
1s8gA,1,0.7753,1S8G,A,1S8G.A,1S8G_1,RCSB30_263,mapped
1s9vE,1,0.4899,1S9V,E,1S9V.E,1S9V_2,RCSB30_1834,mapped
1sbfA,2,0.849,1SBF,A,1SBF.A,1SBF_1,RCSB30_1350,mapped
1sc6B,1,0.6664,1SC6,B,1SC6.B,1SC6_1,RCSB30_6012,mapped
1schB,1,0.8791,1SCH,B,1SCH.B,1SCH_1,RCSB30_652,mapped
1sdmA,1,0.648,1SDM,A,1SDM.A,1SDM_1,RCSB30_13214,mapped
1se6B,1,0.6476,1SE6,B,1SE6.B,1SE6_1,RCSB30_305,mapped
1sesB,2,0.8125,1SES,B,1SES.B,1SES_1,RCSB30_1300,mapped
1sfjB,2,0.8819,1SFJ,B,1SFJ.B,1SFJ_1,RCSB30_9746,mapped
1sfqD,1,0.8899,1SFQ,D,1SFQ.D,1SFQ_2,RCSB30_299,mapped
1sftB,2,0.9689,1SFT,B,1SFT.B,1SFT_1,RCSB30_5115,mapped
1sfyC,2,1.0,1SFY,C,1SFY.C,1SFY_1,RCSB30_2258,mapped
1sg4B,1,0.8485,1SG4,B,1SG4.B,1SG4_1,RCSB30_10741,mapped
1sg6B,1,0.8044,1SG6,B,1SG6.B,1SG6_1,RCSB30_2307,mapped
1sgjB,1,0.7826,1SGJ,B,1SGJ.B,1SGJ_1,RCSB30_84946,mapped
1shvA,2,0.8481,1SHV,A,1SHV.A,1SHV_1,RCSB30_945,mapped
1shzC,1,0.598,1SHZ,C,1SHZ.C,1SHZ_1,RCSB30_52,mapped
1si8D,1,0.949,1SI8,D,1SI8.D,1SI8_1,RCSB30_842,mapped
1sioC,1,0.8348,1SIO,C,1SIO.C,1SIO_1,RCSB30_14747,mapped
1siqA,1,0.667,1SIQ,A,1SIQ.A,1SIQ_1,RCSB30_1976,mapped
1sjaC,2,0.82,1SJA,C,1SJA.C,1SJA_1,RCSB30_6736,mapped
1sk7A,1,0.906,1SK7,A,1SK7.A,1SK7_1,RCSB30_28815,mapped
1skmC,1,0.8744,1SKM,C,1SKM.C,1SKM_3,RCSB30_6478,mapped
1sknC,1,0.8202,1SKN,C,1SKN.C,1SKN_3,RCSB30_70454,mapped
1skrC,2,0.7024,1SKR,C,1SKR.C,1SKR_3,RCSB30_9359,mapped
1smkC,1,0.5678,1SMK,C,1SMK.C,1SMK_1,RCSB30_3609,mapped
1smrC,1,0.7686,1SMR,C,1SMR.C,1SMR_1,RCSB30_464,mapped
1snyA,1,0.7588,1SNY,A,1SNY.A,1SNY_1,RCSB30_6483,mapped
1so0A,1,0.7784,1SO0,A,1SO0.A,1SO0_1,RCSB30_5238,mapped
1sojB,2,0.7556,1SOJ,B,1SOJ.B,1SOJ_1,RCSB30_10451,mapped
1sowB,2,0.7275,1SOW,B,1SOW.B,1SOW_1,RCSB30_598,mapped
1spgA,1,0.7006,1SPG,A,1SPG.A,1SPG_1,RCSB30_95,mapped
1spgB,1,0.8695,1SPG,B,1SPG.B,1SPG_2,RCSB30_70,mapped
1sqcA,1,0.76,1SQC,A,1SQC.A,1SQC_1,RCSB30_8470,mapped
1sqfA,4,0.5012,1SQF,A,1SQF.A,1SQF_1,RCSB30_2599,mapped
1srqC,1,0.6119,1SRQ,C,1SRQ.C,1SRQ_1,RCSB30_14678,mapped
1ss4B,2,0.4596,1SS4,B,1SS4.B,1SS4_1,RCSB30_57933,mapped
1st4B,1,0.6204,1ST4,B,1ST4.B,1ST4_1,RCSB30_6220,mapped
1stoA,1,0.6306,1STO,A,1STO.A,1STO_1,RCSB30_920,mapped
1suaA,4,0.5864,1SUA,A,1SUA.A,1SUA_1,RCSB30_2166,mapped
1susC,1,0.8623,1SUS,C,1SUS.C,1SUS_1,RCSB30_2246,mapped
1svlA,1,0.8217,1SVL,A,1SVL.A,1SVL_1,RCSB30_3993,mapped
1svuA,1,0.7334,1SVU,A,1SVU.A,1SVU_1,RCSB30_6478,mapped
1svwB,2,0.7289,1SVW,B,1SVW.B,1SVW_1,RCSB30_9411,mapped
1sw1B,1,0.8178,1SW1,B,1SW1.B,1SW1_1,RCSB30_4044,mapped
1sxjA,1,0.7855,1SXJ,A,1SXJ.A,1SXJ_1,RCSB30_5532,mapped
1sxjC,1,0.6675,1SXJ,C,1SXJ.C,1SXJ_3,RCSB30_3241,mapped
1sxjE,1,0.838,1SXJ,E,1SXJ.E,1SXJ_5,RCSB30_2016,mapped
1sy7B,1,0.8768,1SY7,B,1SY7.B,1SY7_1,RCSB30_1646,mapped
1sz2A,1,0.6235,1SZ2,A,1SZ2.A,1SZ2_1,RCSB30_1370,mapped
1szfA,1,0.9801,1SZF,A,1SZF.A,1SZF_1,RCSB30_1113,mapped
1szoE,1,0.9663,1SZO,E,1SZO.E,1SZO_1,RCSB30_34364,mapped
1szrA,3,0.8151,1SZR,A,1SZR.A,1SZR_1,RCSB30_2809,mapped
1szuD,3,0.8333,1SZU,D,1SZU.D,1SZU_1,RCSB30_1595,mapped
1t09A,3,0.6551,1T09,A,1T09.A,1T09_1,RCSB30_1142,mapped
1t1nA,1,0.9545,1T1N,A,1T1N.A,1T1N_1,RCSB30_95,mapped
1t2wA,3,0.6452,1T2W,A,1T2W.A,1T2W_1,RCSB30_25845,mapped
1t3iB,2,0.8736,1T3I,B,1T3I.B,1T3I_1,RCSB30_5193,mapped
1t3qF,1,0.7691,1T3Q,F,1T3Q.F,1T3Q_3,RCSB30_10883,mapped
1t47B,1,0.6685,1T47,B,1T47.B,1T47_1,RCSB30_1054,mapped
1t5cB,3,0.4844,1T5C,B,1T5C.B,1T5C_1,RCSB30_14648,mapped
1t5wB,2,0.4764,1T5W,B,1T5W.B,1T5W_2,RCSB30_1069,mapped
1t6nB,1,0.7387,1T6N,B,1T6N.B,1T6N_1,RCSB30_19372,mapped
1t6zB,2,0.8815,1T6Z,B,1T6Z.B,1T6Z_1,RCSB30_5458,mapped
1t7lB,1,0.4958,1T7L,B,1T7L.B,1T7L_1,RCSB30_518,mapped
1t7oA,2,0.7248,1T7O,A,1T7O.A,1T7O_1,RCSB30_4196,mapped
1t8uA,1,0.8844,1T8U,A,1T8U.A,1T8U_1,RCSB30_22391,mapped
1t90C,1,0.7983,1T90,C,1T90.C,1T90_1,RCSB30_2339,mapped
1t9gF,1,0.6889,1T9G,F,1T9G.F,1T9G_3,RCSB30_3023,mapped
1ta9A,1,0.4976,1TA9,A,1TA9.A,1TA9_1,RCSB30_6747,mapped
1taeC,1,0.6125,1TAE,C,1TAE.C,1TAE_1,RCSB30_153,mapped
1tc0A,2,0.9115,1TC0,A,1TC0.A,1TC0_1,RCSB30_3475,mapped
1td2A,2,0.8344,1TD2,A,1TD2.A,1TD2_1,RCSB30_3297,mapped
1tdjA,1,0.6087,1TDJ,A,1TDJ.A,1TDJ_1,RCSB30_2735,mapped
1tedC,1,0.7728,1TED,C,1TED.C,1TED_1,RCSB30_22527,mapped
1tf2A,1,0.6035,1TF2,A,1TF2.A,1TF2_1,RCSB30_1608,mapped
1tg6A,2,0.7224,1TG6,A,1TG6.A,1TG6_1,RCSB30_411,mapped
1ti1A,1,0.8384,1TI1,A,1TI1.A,1TI1_1,RCSB30_605,mapped
1tiqB,2,0.6784,1TIQ,B,1TIQ.B,1TIQ_1,RCSB30_25579,mapped
1tj4A,1,0.9433,1TJ4,A,1TJ4.A,1TJ4_1,RCSB30_7310,mapped
1tjgB,1,0.759,1TJG,B,1TJG.B,1TJG_2,RCSB30_1,mapped
1tk2A,1,0.7491,1TK2,A,1TK2.A,1TK2_1,RCSB30_459,mapped
1tkkB,1,0.9322,1TKK,B,1TKK.B,1TKK_1,RCSB30_2857,mapped
1tkwB,1,0.9314,1TKW,B,1TKW.B,1TKW_2,RCSB30_1287,mapped
1tl9A,1,0.9109,1TL9,A,1TL9.A,1TL9_1,RCSB30_3037,mapped
1tlzA,1,0.4595,1TLZ,A,1TLZ.A,1TLZ_1,RCSB30_17093,mapped
1to9A,2,0.8561,1TO9,A,1TO9.A,1TO9_1,RCSB30_20151,mapped
1tq6A,2,0.7899,1TQ6,A,1TQ6.A,1TQ6_1,RCSB30_5428,mapped
1tr7A,2,0.9606,1TR7,A,1TR7.A,1TR7_1,RCSB30_1843,mapped
1trbA,1,0.7152,1TRB,A,1TRB.A,1TRB_1,RCSB30_2318,mapped
1tt6B,2,0.8867,1TT6,B,1TT6.B,1TT6_1,RCSB30_279,mapped
1tu8B,2,0.5984,1TU8,B,1TU8.B,1TU8_1,RCSB30_17075,mapped
1tu9A,1,0.721,1TU9,A,1TU9.A,1TU9_1,RCSB30_72803,mapped
1tujA,1,0.5991,1TUJ,A,1TUJ.A,1TUJ_1,RCSB30_191952,mapped
1tuvA,1,0.9635,1TUV,A,1TUV.A,1TUV_1,RCSB30_22971,mapped
1tv8B,3,0.7887,1TV8,B,1TV8.B,1TV8_1,RCSB30_841,mapped
1tvcA,2,0.4207,1TVC,A,1TVC.A,1TVC_1,RCSB30_38520,mapped
1tveB,1,0.8499,1TVE,B,1TVE.B,1TVE_1,RCSB30_4215,mapped
1tvpB,1,0.5301,1TVP,B,1TVP.B,1TVP_1,RCSB30_9635,mapped
1twiC,1,0.7428,1TWI,C,1TWI.C,1TWI_1,RCSB30_2808,mapped
1txzA,1,0.961,1TXZ,A,1TXZ.A,1TXZ_1,RCSB30_49614,mapped
1tyaA,1,0.8141,1TYA,A,1TYA.A,1TYA_1,RCSB30_879,mapped
1tyqB,1,0.8578,1TYQ,B,1TYQ.B,1TYQ_2,RCSB30_2347,mapped
1tytA,1,0.8373,1TYT,A,1TYT.A,1TYT_1,RCSB30_812,mapped
1tywA,4,0.7233,1TYW,A,1TYW.A,1TYW_1,RCSB30_7069,mapped
1tyzA,1,0.7977,1TYZ,A,1TYZ.A,1TYZ_1,RCSB30_1625,mapped
1tz6B,2,0.8387,1TZ6,B,1TZ6.B,1TZ6_1,RCSB30_3162,mapped
1tzdA,2,0.5391,1TZD,A,1TZD.A,1TZD_1,RCSB30_8162,mapped
1tzlA,1,0.6159,1TZL,A,1TZL.A,1TZL_1,RCSB30_4413,mapped
1tzxA,3,0.9225,1TZX,A,1TZX.A,1TZX_1,RCSB30_1227,mapped
1u00A,2,0.593,1U00,A,1U00.A,1U00_1,RCSB30_232,mapped
1u08B,1,0.5685,1U08,B,1U08.B,1U08_1,RCSB30_2224,mapped
1u0aC,1,0.8339,1U0A,C,1U0A.C,1U0A_1,RCSB30_11695,mapped
1u0hC,2,0.9632,1U0H,C,1U0H.C,1U0H_3,RCSB30_204,mapped
1u0jA,1,0.8751,1U0J,A,1U0J.A,1U0J_1,RCSB30_9573,mapped
1u11A,3,0.9223,1U11,A,1U11.A,1U11_1,RCSB30_332,mapped
1u1xA,1,0.917,1U1X,A,1U1X.A,1U1X_1,RCSB30_14024,mapped
1u2dC,1,0.9466,1U2D,C,1U2D.C,1U2D_2,RCSB30_1792,mapped
1u2zB,2,0.8861,1U2Z,B,1U2Z.B,1U2Z_1,RCSB30_40489,mapped
1u38A,1,0.7444,1U38,A,1U38.A,1U38_1,RCSB30_13813,mapped
1u3fA,2,0.6671,1U3F,A,1U3F.A,1U3F_1,RCSB30_40024,mapped
1u4gA,1,0.6305,1U4G,A,1U4G.A,1U4G_1,RCSB30_5174,mapped
1u4jB,1,0.5581,1U4J,B,1U4J.B,1U4J_1,RCSB30_782,mapped
1u54A,3,0.7436,1U54,A,1U54.A,1U54_1,RCSB30_9807,mapped
1u56A,1,0.9821,1U56,A,1U56.A,1U56_1,RCSB30_10962,mapped
1u5bA,1,0.8346,1U5B,A,1U5B.A,1U5B_1,RCSB30_2566,mapped
1u5rB,1,0.6788,1U5R,B,1U5R.B,1U5R_1,RCSB30_29477,mapped
1u5uB,1,0.656,1U5U,B,1U5U.B,1U5U_1,RCSB30_2813,mapped
1u6rA,1,0.7912,1U6R,A,1U6R.A,1U6R_1,RCSB30_2546,mapped
1u7tB,1,0.8915,1U7T,B,1U7T.B,1U7T_1,RCSB30_3837,mapped
1u80A,2,0.7958,1U80,A,1U80.A,1U80_1,RCSB30_5540,mapped
1u8uA,1,0.8944,1U8U,A,1U8U.A,1U8U_1,RCSB30_7385,mapped
1u9mF,1,1.0,1U9M,F,1U9M.F,1U9M_1,RCSB30_1639,mapped
1ua2A,2,0.9362,1UA2,A,1UA2.A,1UA2_1,RCSB30_2535,mapped
1uasA,2,0.8632,1UAS,A,1UAS.A,1UAS_1,RCSB30_2498,mapped
1uayA,1,0.692,1UAY,A,1UAY.A,1UAY_1,RCSB30_3837,mapped
1uazB,1,0.9051,1UAZ,B,1UAZ.B,1UAZ_1,RCSB30_780,mapped
1ub3A,1,0.8334,1UB3,A,1UB3.A,1UB3_1,RCSB30_2276,mapped
1ucaA,3,0.7257,1UCA,A,1UCA.A,1UCA_1,RCSB30_17281,mapped
1ue8A,1,0.8458,1UE8,A,1UE8.A,1UE8_1,RCSB30_12907,mapped
1uefA,2,0.5462,1UEF,A,1UEF.A,1UEF_1,RCSB30_22210,mapped
1ueiA,1,0.9317,1UEI,A,1UEI.A,1UEI_1,RCSB30_766,mapped
1uf7A,1,0.7876,1UF7,A,1UF7.A,1UF7_1,RCSB30_10185,mapped
1uf9C,2,0.6151,1UF9,C,1UF9.C,1UF9_1,RCSB30_2480,mapped
1ugyC,2,1.0,1UGY,C,1UGY.C,1UGY_3,RCSB30_3445,mapped
1uhbB,2,0.7789,1UHB,B,1UHB.B,1UHB_2,RCSB30_67,mapped
1uhvD,3,0.8116,1UHV,D,1UHV.D,1UHV_1,RCSB30_17261,mapped
1uimA,2,0.8834,1UIM,A,1UIM.A,1UIM_1,RCSB30_5599,mapped
1ujpA,1,0.7943,1UJP,A,1UJP.A,1UJP_1,RCSB30_688,mapped
1uk9A,2,0.904,1UK9,A,1UK9.A,1UK9_1,RCSB30_10616,mapped
1ukmB,3,0.6481,1UKM,B,1UKM.B,1UKM_2,RCSB30_995,mapped
1uljE,3,0.9388,1ULJ,E,1ULJ.E,1ULJ_1,RCSB30_2796,mapped
1ulmA,1,0.4103,1ULM,A,1ULM.A,1ULM_1,RCSB30_25101,mapped
1umbA,1,0.7329,1UMB,A,1UMB.A,1UMB_1,RCSB30_2566,mapped
1umoB,1,0.9518,1UMO,B,1UMO.B,1UMO_1,RCSB30_13859,mapped
1un8B,1,0.8031,1UN8,B,1UN8.B,1UN8_1,RCSB30_3853,mapped
1unlA,1,0.5454,1UNL,A,1UNL.A,1UNL_1,RCSB30_6847,mapped
1up6G,1,0.8649,1UP6,G,1UP6.G,1UP6_1,RCSB30_16990,mapped
1uqsA,1,0.8146,1UQS,A,1UQS.A,1UQS_1,RCSB30_2534,mapped
1uqtB,1,0.757,1UQT,B,1UQT.B,1UQT_1,RCSB30_5589,mapped
1ur1A,1,0.5077,1UR1,A,1UR1.A,1UR1_1,RCSB30_4805,mapped
1ursB,1,0.7933,1URS,B,1URS.B,1URS_1,RCSB30_33648,mapped
1us5A,1,0.6982,1US5,A,1US5.A,1US5_1,RCSB30_16924,mapped
1uscB,1,0.9029,1USC,B,1USC.B,1USC_1,RCSB30_37205,mapped
1uskA,1,0.9594,1USK,A,1USK.A,1USK_1,RCSB30_5022,mapped
1uvcB,1,0.8811,1UVC,B,1UVC.B,1UVC_1,RCSB30_4081,mapped
1uvjA,1,0.6262,1UVJ,A,1UVJ.A,1UVJ_1,RCSB30_8155,mapped
1uw5C,1,0.6384,1UW5,C,1UW5.C,1UW5_1,RCSB30_4869,mapped
1uwgD,1,1.0,1UWG,D,1UWG.D,1UWG_1,RCSB30_1,mapped
1uwsB,1,0.6354,1UWS,B,1UWS.B,1UWS_1,RCSB30_6585,mapped
1ux8A,1,0.8644,1UX8,A,1UX8.A,1UX8_1,RCSB30_11493,mapped
1uxkA,3,0.6336,1UXK,A,1UXK.A,1UXK_1,RCSB30_598,mapped
1uxxA,1,0.8006,1UXX,A,1UXX.A,1UXX_1,RCSB30_1812,mapped
1uy2A,1,1.0,1UY2,A,1UY2.A,1UY2_1,RCSB30_5622,mapped
1uz0A,2,0.8672,1UZ0,A,1UZ0.A,1UZ0_1,RCSB30_14563,mapped
1uznA,1,0.9121,1UZN,A,1UZN.A,1UZN_1,RCSB30_9467,mapped
1v0pB,1,0.7369,1V0P,B,1V0P.B,1V0P_1,RCSB30_2802,mapped
1v1bC,2,0.7974,1V1B,C,1V1B.C,1V1B_1,RCSB30_13116,mapped
1v25B,3,0.6373,1V25,B,1V25.B,1V25_1,RCSB30_8572,mapped
1v2aA,1,0.6543,1V2A,A,1V2A.A,1V2A_1,RCSB30_2104,mapped
1v2bB,4,0.6801,1V2B,B,1V2B.B,1V2B_1,RCSB30_7120,mapped
1v2dA,2,0.8075,1V2D,A,1V2D.A,1V2D_1,RCSB30_2224,mapped
1v2xA,1,0.8328,1V2X,A,1V2X.A,1V2X_1,RCSB30_5423,mapped
1v30A,1,0.9249,1V30,A,1V30.A,1V30_1,RCSB30_90715,mapped
1v3hA,1,0.8761,1V3H,A,1V3H.A,1V3H_1,RCSB30_4007,mapped
1v3lB,2,0.9179,1V3L,B,1V3L.B,1V3L_1,RCSB30_2963,mapped
1v47B,1,0.7802,1V47,B,1V47.B,1V47_1,RCSB30_1641,mapped
1v4xA,1,0.9388,1V4X,A,1V4X.A,1V4X_1,RCSB30_95,mapped
1v4xB,1,0.8653,1V4X,B,1V4X.B,1V4X_2,RCSB30_70,mapped
1v6jC,1,1.0,1V6J,C,1V6J.C,1V6J_1,RCSB30_603,mapped
1v72A,1,0.7982,1V72,A,1V72.A,1V72_1,RCSB30_20552,mapped
1v83B,1,0.6479,1V83,B,1V83.B,1V83_1,RCSB30_15782,mapped
1v8kA,2,0.7189,1V8K,A,1V8K.A,1V8K_1,RCSB30_7945,mapped
1v8xB,1,0.8223,1V8X,B,1V8X.B,1V8X_1,RCSB30_980,mapped
1v9lC,3,0.5039,1V9L,C,1V9L.C,1V9L_1,RCSB30_1558,mapped
1v9nA,4,0.6201,1V9N,A,1V9N.A,1V9N_1,RCSB30_10824,mapped
1v9pA,1,0.7055,1V9P,A,1V9P.A,1V9P_1,RCSB30_153,mapped
1v9tB,1,0.8785,1V9T,B,1V9T.B,1V9T_1,RCSB30_3788,mapped
1vb6A,1,0.8873,1VB6,A,1VB6.A,1VB6_1,RCSB30_15054,mapped
1vbiA,2,0.6945,1VBI,A,1VBI.A,1VBI_1,RCSB30_17429,mapped
1vbpA,2,0.9137,1VBP,A,1VBP.A,1VBP_1,RCSB30_3445,mapped
1vbwA,1,0.6114,1VBW,A,1VBW.A,1VBW_1,RCSB30_34951,mapped
1vc9A,1,0.6842,1VC9,A,1VC9.A,1VC9_1,RCSB30_20868,mapped
1vcgD,1,0.7625,1VCG,D,1VCG.D,1VCG_1,RCSB30_2707,mapped
1vd3A,1,0.6186,1VD3,A,1VD3.A,1VD3_1,RCSB30_8243,mapped
1vdcA,1,0.8122,1VDC,A,1VDC.A,1VDC_1,RCSB30_2984,mapped
1vdnA,2,0.649,1VDN,A,1VDN.A,1VDN_1,RCSB30_11601,mapped
1ve1A,1,0.6103,1VE1,A,1VE1.A,1VE1_1,RCSB30_3722,mapped
1ve3A,1,0.7602,1VE3,A,1VE3.A,1VE3_1,RCSB30_138167,mapped
1ve5B,1,0.697,1VE5,B,1VE5.B,1VE5_1,RCSB30_19358,mapped
1ve5D,1,0.9275,1VE5,D,1VE5.D,1VE5_1,RCSB30_19358,mapped
1vf2A,1,0.566,1VF2,A,1VF2.A,1VF2_1,RCSB30_2361,mapped
1vf5C,1,0.8802,1VF5,C,1VF5.C,1VF5_3,RCSB30_4500,mapped
1vfgC,3,0.7832,1VFG,C,1VFG.C,1VFG_2,RCSB30_10601,mapped
1vfhA,1,0.6686,1VFH,A,1VFH.A,1VFH_1,RCSB30_1088,mapped
1vfvA,3,0.5553,1VFV,A,1VFV.A,1VFV_1,RCSB30_3476,mapped
1vfzA,2,0.6329,1VFZ,A,1VFZ.A,1VFZ_1,RCSB30_3476,mapped
1vg1A,2,0.9372,1VG1,A,1VG1.A,1VG1_1,RCSB30_3568,mapped
1vh3A,2,0.6813,1VH3,A,1VH3.A,1VH3_1,RCSB30_352,mapped
1vhtB,1,0.881,1VHT,B,1VHT.B,1VHT_1,RCSB30_1583,mapped
1vhwE,1,0.7274,1VHW,E,1VHW.E,1VHW_1,RCSB30_372,mapped
1vhzB,2,0.4488,1VHZ,B,1VHZ.B,1VHZ_1,RCSB30_28979,mapped
1vj7A,1,0.7887,1VJ7,A,1VJ7.A,1VJ7_1,RCSB30_835,mapped
1vjcA,1,0.7747,1VJC,A,1VJC.A,1VJC_1,RCSB30_940,mapped
1vjeA,1,0.4467,1VJE,A,1VJE.A,1VJE_1,RCSB30_577,mapped
1vjoA,1,0.6564,1VJO,A,1VJO.A,1VJO_1,RCSB30_3972,mapped
1vjtA,1,0.577,1VJT,A,1VJT.A,1VJT_1,RCSB30_19017,mapped
1vkfD,3,0.8123,1VKF,D,1VKF.D,1VKF_1,RCSB30_195948,mapped
1vl0B,2,0.6553,1VL0,B,1VL0.B,1VL0_1,RCSB30_6932,mapped
1vl8B,1,0.8134,1VL8,B,1VL8.B,1VL8_1,RCSB30_1170,mapped
1vlhF,1,0.6774,1VLH,F,1VLH.F,1VLH_1,RCSB30_137,mapped
1vljB,1,0.8064,1VLJ,B,1VLJ.B,1VLJ_1,RCSB30_9976,mapped
1vltA,3,0.8146,1VLT,A,1VLT.A,1VLT_1,RCSB30_6457,mapped
1vm6A,1,0.8202,1VM6,A,1VM6.A,1VM6_1,RCSB30_348,mapped
1vmaB,3,0.9197,1VMA,B,1VMA.B,1VMA_1,RCSB30_42837,mapped
1vmkA,1,0.8413,1VMK,A,1VMK.A,1VMK_1,RCSB30_4716,mapped
1vp3A,2,0.772,1VP3,A,1VP3.A,1VP3_1,RCSB30_7413,mapped
1vp5A,1,0.7901,1VP5,A,1VP5.A,1VP5_1,RCSB30_3684,mapped
1vp6B,1,0.9324,1VP6,B,1VP6.B,1VP6_1,RCSB30_9319,mapped
1vp8A,1,0.7637,1VP8,A,1VP8.A,1VP8_1,RCSB30_62879,mapped
1vpmA,1,0.5654,1VPM,A,1VPM.A,1VPM_1,RCSB30_17357,mapped
1vpvB,1,0.789,1VPV,B,1VPV.B,1VPV_1,RCSB30_2818,mapped
1vrlC,3,0.6131,1VRL,C,1VRL.C,1VRL_3,RCSB30_8487,mapped
1vrwA,1,0.9162,1VRW,A,1VRW.A,1VRW_1,RCSB30_6507,mapped
1vsgA,3,0.6125,1VSG,A,1VSG.A,1VSG_1,RCSB30_11685,mapped
1vsvA,2,0.5859,1VSV,A,1VSV.A,1VSV_1,RCSB30_1217,mapped
1vyfA,1,0.9145,1VYF,A,1VYF.A,1VYF_1,RCSB30_11960,mapped
1vyqA,1,0.9245,1VYQ,A,1VYQ.A,1VYQ_1,RCSB30_1024,mapped
1vz5B,1,0.9222,1VZ5,B,1VZ5.B,1VZ5_1,RCSB30_3586,mapped
1vzbA,2,0.627,1VZB,A,1VZB.A,1VZB_1,RCSB30_121,mapped
1w0eA,1,0.6253,1W0E,A,1W0E.A,1W0E_1,RCSB30_1171,mapped
1w1aB,1,0.7942,1W1A,B,1W1A.B,1W1A_1,RCSB30_20738,mapped
1w1pB,2,0.8456,1W1P,B,1W1P.B,1W1P_1,RCSB30_2405,mapped
1w27B,2,0.751,1W27,B,1W27.B,1W27_1,RCSB30_1669,mapped
1w2gB,1,0.8554,1W2G,B,1W2G.B,1W2G_1,RCSB30_8775,mapped
1w2tD,1,0.969,1W2T,D,1W2T.D,1W2T_1,RCSB30_7237,mapped
1w3nC,1,0.6065,1W3N,C,1W3N.C,1W3N_1,RCSB30_9485,mapped
1w3rA,1,0.4116,1W3R,A,1W3R.A,1W3R_1,RCSB30_28333,mapped
1w4rH,1,1.0,1W4R,H,1W4R.H,1W4R_1,RCSB30_5332,mapped
1w4zA,1,0.84,1W4Z,A,1W4Z.A,1W4Z_1,RCSB30_1001,mapped
1w5cP,1,0.9429,1W5C,P,1W5C.P,1W5C_9,RCSB30_1298,mapped
1w5eA,1,0.9079,1W5E,A,1W5E.A,1W5E_1,RCSB30_10074,mapped
1w5fB,3,0.739,1W5F,B,1W5F.B,1W5F_1,RCSB30_2828,mapped
1w5sA,2,0.7698,1W5S,A,1W5S.A,1W5S_1,RCSB30_56200,mapped
1w61A,2,0.9036,1W61,A,1W61.A,1W61_1,RCSB30_2418,mapped
1w66A,1,0.6639,1W66,A,1W66.A,1W66_1,RCSB30_1245,mapped
1w6fA,1,0.6901,1W6F,A,1W6F.A,1W6F_1,RCSB30_14478,mapped
1w73D,1,0.6989,1W73,D,1W73.D,1W73_1,RCSB30_11315,mapped
1w77A,2,0.9349,1W77,A,1W77.A,1W77_1,RCSB30_12915,mapped
1w7fA,2,0.9617,1W7F,A,1W7F.A,1W7F_1,RCSB30_175,mapped
1w7iA,3,0.6956,1W7I,A,1W7I.A,1W7I_1,RCSB30_2801,mapped
1w7kA,1,0.7925,1W7K,A,1W7K.A,1W7K_1,RCSB30_13709,mapped
1w7vC,2,0.9044,1W7V,C,1W7V.C,1W7V_1,RCSB30_6828,mapped
1w88A,2,0.7088,1W88,A,1W88.A,1W88_1,RCSB30_2566,mapped
1w9vA,1,0.7444,1W9V,A,1W9V.A,1W9V_1,RCSB30_5484,mapped
1w9wA,1,0.5582,1W9W,A,1W9W.A,1W9W_1,RCSB30_12920,mapped
1w9xA,1,0.7514,1W9X,A,1W9X.A,1W9X_1,RCSB30_4242,mapped
1wbiG,1,0.9417,1WBI,G,1WBI.G,1WBI_1,RCSB30_3667,mapped
1wbpA,1,0.6898,1WBP,A,1WBP.A,1WBP_1,RCSB30_6795,mapped
1wcqA,2,0.971,1WCQ,A,1WCQ.A,1WCQ_1,RCSB30_17865,mapped
1wdaA,1,0.7191,1WDA,A,1WDA.A,1WDA_1,RCSB30_1311,mapped
1wdiA,3,0.8825,1WDI,A,1WDI.A,1WDI_1,RCSB30_251,mapped
1wdlD,1,0.6684,1WDL,D,1WDL.D,1WDL_2,RCSB30_891,mapped
1wdnA,2,0.8167,1WDN,A,1WDN.A,1WDN_1,RCSB30_15239,mapped
1wdtA,3,0.8381,1WDT,A,1WDT.A,1WDT_1,RCSB30_60,mapped
1wdwF,1,0.7994,1WDW,F,1WDW.F,1WDW_2,RCSB30_135,mapped
1we1C,1,0.7268,1WE1,C,1WE1.C,1WE1_1,RCSB30_980,mapped
1weiA,1,0.5507,1WEI,A,1WEI.A,1WEI_1,RCSB30_8153,mapped
1wf3A,2,0.6604,1WF3,A,1WF3.A,1WF3_1,RCSB30_590,mapped
1wg8A,1,0.6558,1WG8,A,1WG8.A,1WG8_1,RCSB30_381,mapped
1wiyA,1,0.771,1WIY,A,1WIY.A,1WIY_1,RCSB30_77544,mapped
1wklB,1,0.7826,1WKL,B,1WKL.B,1WKL_1,RCSB30_1490,mapped
1wkmA,1,0.9645,1WKM,A,1WKM.A,1WKM_1,RCSB30_5819,mapped
1wkvA,1,0.6883,1WKV,A,1WKV.A,1WKV_1,RCSB30_19593,mapped
1wl4A,1,0.711,1WL4,A,1WL4.A,1WL4_1,RCSB30_733,mapped
1wleB,2,0.8259,1WLE,B,1WLE.B,1WLE_1,RCSB30_866,mapped
1wmuA,1,0.935,1WMU,A,1WMU.A,1WMU_1,RCSB30_95,mapped
1wmuB,1,0.8606,1WMU,B,1WMU.B,1WMU_2,RCSB30_70,mapped
1wmzC,3,0.9453,1WMZ,C,1WMZ.C,1WMZ_1,RCSB30_7081,mapped
1wnbC,1,0.6461,1WNB,C,1WNB.C,1WNB_1,RCSB30_68,mapped
1wnuB,1,0.7758,1WNU,B,1WNU.B,1WNU_1,RCSB30_45407,mapped
1wnzA,2,0.708,1WNZ,A,1WNZ.A,1WNZ_1,RCSB30_1070,mapped
1wogA,1,0.788,1WOG,A,1WOG.A,1WOG_1,RCSB30_2585,mapped
1woqB,1,0.5787,1WOQ,B,1WOQ.B,1WOQ_1,RCSB30_35336,mapped
1worA,1,0.4088,1WOR,A,1WOR.A,1WOR_1,RCSB30_906,mapped
1woxB,1,0.8406,1WOX,B,1WOX.B,1WOX_1,RCSB30_9855,mapped
1wp4A,1,0.7822,1WP4,A,1WP4.A,1WP4_1,RCSB30_4048,mapped
1wq4A,1,0.8187,1WQ4,A,1WQ4.A,1WQ4_1,RCSB30_879,mapped
1wstA,3,0.8719,1WST,A,1WST.A,1WST_1,RCSB30_7651,mapped
1wtaA,1,0.5188,1WTA,A,1WTA.A,1WTA_1,RCSB30_1321,mapped
1wtfA,1,0.4496,1WTF,A,1WTF.A,1WTF_1,RCSB30_21491,mapped
1wu5A,3,0.7183,1WU5,A,1WU5.A,1WU5_1,RCSB30_6802,mapped
1wvcA,1,0.6679,1WVC,A,1WVC.A,1WVC_1,RCSB30_28247,mapped
1wvgB,1,0.5927,1WVG,B,1WVG.B,1WVG_1,RCSB30_44608,mapped
1wvmA,5,0.5859,1WVM,A,1WVM.A,1WVM_1,RCSB30_68557,mapped
1ww4B,2,0.8278,1WW4,B,1WW4.B,1WW4_1,RCSB30_7368,mapped
1wwkB,3,0.6779,1WWK,B,1WWK.B,1WWK_1,RCSB30_1515,mapped
1wwzA,1,0.8076,1WWZ,A,1WWZ.A,1WWZ_1,RCSB30_68250,mapped
1wy7D,1,0.9071,1WY7,D,1WY7.D,1WY7_1,RCSB30_8795,mapped
1wyvD,2,0.9115,1WYV,D,1WYV.D,1WYV_2,RCSB30_2014,mapped
1wznB,1,0.7773,1WZN,B,1WZN.B,1WZN_1,RCSB30_137626,mapped
1wzuA,1,0.6886,1WZU,A,1WZU.A,1WZU_1,RCSB30_837,mapped
1x0xA,3,0.6002,1X0X,A,1X0X.A,1X0X_1,RCSB30_4964,mapped
1x14B,1,0.5538,1X14,B,1X14.B,1X14_1,RCSB30_1792,mapped
1x1dA,1,0.5427,1X1D,A,1X1D.A,1X1D_1,RCSB30_34681,mapped
1x2hA,1,0.5595,1X2H,A,1X2H.A,1X2H_1,RCSB30_2564,mapped
1x3sA,1,0.9328,1X3S,A,1X3S.A,1X3S_1,RCSB30_3776,mapped
1x3xA,1,0.9711,1X3X,A,1X3X.A,1X3X_1,RCSB30_13989,mapped
1x46A,1,0.599,1X46,A,1X46.A,1X46_1,RCSB30_6584,mapped
1x55A,1,0.7582,1X55,A,1X55.A,1X55_1,RCSB30_1868,mapped
1x6uA,1,0.67,1X6U,A,1X6U.A,1X6U_1,RCSB30_383,mapped
1x71C,1,0.8619,1X71,C,1X71.C,1X71_1,RCSB30_3284,mapped
1x7pA,1,0.9279,1X7P,A,1X7P.A,1X7P_1,RCSB30_20599,mapped
1x7wA,2,0.817,1X7W,A,1X7W.A,1X7W_1,RCSB30_2566,mapped
1x87B,2,0.8608,1X87,B,1X87.B,1X87_1,RCSB30_1031,mapped
1x8dD,1,0.7165,1X8D,D,1X8D.D,1X8D_1,RCSB30_2058,mapped
1x8lB,1,0.5469,1X8L,B,1X8L.B,1X8L_1,RCSB30_19625,mapped
1x9fE,1,0.9765,1X9F,E,1X9F.E,1X9F_1,RCSB30_2325,mapped
1x9iB,1,0.9379,1X9I,B,1X9I.B,1X9I_1,RCSB30_32682,mapped
1x9nD,3,0.7765,1X9N,D,1X9N.D,1X9N_4,RCSB30_5271,mapped
1xa8B,1,0.5817,1XA8,B,1XA8.B,1XA8_1,RCSB30_6454,mapped
1xahA,1,0.6993,1XAH,A,1XAH.A,1XAH_1,RCSB30_320,mapped
1xcbG,3,0.7118,1XCB,G,1XCB.G,1XCB_1,RCSB30_1355,mapped
1xd3C,1,0.4725,1XD3,C,1XD3.C,1XD3_1,RCSB30_3683,mapped
1xdiB,1,0.7762,1XDI,B,1XDI.B,1XDI_1,RCSB30_52046,mapped
1xdnA,1,0.6921,1XDN,A,1XDN.A,1XDN_1,RCSB30_18535,mapped
1xdpA,1,0.5743,1XDP,A,1XDP.A,1XDP_1,RCSB30_2749,mapped
1xe7C,2,0.7575,1XE7,C,1XE7.C,1XE7_1,RCSB30_34570,mapped
1xesC,1,0.6172,1XES,C,1XES.C,1XES_1,RCSB30_323,mapped
1xfcB,1,0.7636,1XFC,B,1XFC.B,1XFC_1,RCSB30_1088,mapped
1xfwE,1,0.946,1XFW,E,1XFW.E,1XFW_1,RCSB30_11357,mapped
1xg4A,3,0.9439,1XG4,A,1XG4.A,1XG4_1,RCSB30_3510,mapped
1xg5D,1,0.811,1XG5,D,1XG5.D,1XG5_1,RCSB30_6860,mapped
1xgeA,1,0.7362,1XGE,A,1XGE.A,1XGE_1,RCSB30_894,mapped
1xhcA,2,0.5649,1XHC,A,1XHC.A,1XHC_1,RCSB30_51087,mapped
1xi9D,1,0.8852,1XI9,D,1XI9.D,1XI9_1,RCSB30_11384,mapped
1xk1A,1,0.9294,1XK1,A,1XK1.A,1XK1_1,RCSB30_15655,mapped
1xkqD,1,0.7346,1XKQ,D,1XKQ.D,1XKQ_1,RCSB30_4490,mapped
1xljA,2,0.9419,1XLJ,A,1XLJ.A,1XLJ_1,RCSB30_931,mapped
1xmvA,1,0.6754,1XMV,A,1XMV.A,1XMV_1,RCSB30_479,mapped
1xnfB,1,0.6451,1XNF,B,1XNF.B,1XNF_1,RCSB30_7605,mapped
1xnxA,1,0.885,1XNX,A,1XNX.A,1XNX_1,RCSB30_749,mapped
1xocA,1,0.6684,1XOC,A,1XOC.A,1XOC_1,RCSB30_23180,mapped
1xp8A,1,0.7201,1XP8,A,1XP8.A,1XP8_1,RCSB30_591,mapped
1xpjB,3,0.8312,1XPJ,B,1XPJ.B,1XPJ_1,RCSB30_166278,mapped
1xplA,2,0.8127,1XPL,A,1XPL.A,1XPL_1,RCSB30_6880,mapped
1xpyD,1,0.8418,1XPY,D,1XPY.D,1XPY_1,RCSB30_6736,mapped
1xq5A,1,0.9309,1XQ5,A,1XQ5.A,1XQ5_1,RCSB30_95,mapped
1xqsD,1,0.9607,1XQS,D,1XQS.D,1XQS_2,RCSB30_140,mapped
1xrmA,1,0.7643,1XRM,A,1XRM.A,1XRM_1,RCSB30_7774,mapped
1xs5A,2,0.8177,1XS5,A,1XS5.A,1XS5_1,RCSB30_2785,mapped
1xscA,1,0.6188,1XSC,A,1XSC.A,1XSC_1,RCSB30_8699,mapped
1xskA,1,0.9655,1XSK,A,1XSK.A,1XSK_1,RCSB30_8521,mapped
1xtbA,1,0.78,1XTB,A,1XTB.A,1XTB_1,RCSB30_326,mapped
1xtpA,1,0.701,1XTP,A,1XTP.A,1XTP_1,RCSB30_4583,mapped
1xttD,1,0.9233,1XTT,D,1XTT.D,1XTT_1,RCSB30_7309,mapped
1xu3B,2,0.6607,1XU3,B,1XU3.B,1XU3_1,RCSB30_4186,mapped
1xv9B,1,0.9209,1XV9,B,1XV9.B,1XV9_2,RCSB30_92397,mapped
1xvuA,1,0.7277,1XVU,A,1XVU.A,1XVU_1,RCSB30_5239,mapped
1xwqA,2,0.5132,1XWQ,A,1XWQ.A,1XWQ_1,RCSB30_6802,mapped
1xx6A,3,0.5927,1XX6,A,1XX6.A,1XX6_1,RCSB30_5332,mapped
1xxrD,2,0.8987,1XXR,D,1XXR.D,1XXR_1,RCSB30_15378,mapped
1xxxG,2,0.6754,1XXX,G,1XXX.G,1XXX_1,RCSB30_321,mapped
1xzkA,1,0.9283,1XZK,A,1XZK.A,1XZK_1,RCSB30_2243,mapped
1xzxA,1,0.961,1XZX,A,1XZX.A,1XZX_1,RCSB30_2613,mapped
1y0gD,1,0.8912,1Y0G,D,1Y0G.D,1Y0G_1,RCSB30_2052,mapped
1y0yA,2,0.8034,1Y0Y,A,1Y0Y.A,1Y0Y_1,RCSB30_4963,mapped
1y1aB,3,0.6557,1Y1A,B,1Y1A.B,1Y1A_1,RCSB30_4482,mapped
1y1pA,2,0.8197,1Y1P,A,1Y1P.A,1Y1P_1,RCSB30_13072,mapped
1y1zA,2,0.7773,1Y1Z,A,1Y1Z.A,1Y1Z_1,RCSB30_288,mapped
1y63A,1,0.5774,1Y63,A,1Y63.A,1Y63_1,RCSB30_6686,mapped
1y6gC,1,0.6957,1Y6G,C,1Y6G.C,1Y6G_3,RCSB30_39194,mapped
1y7iB,1,0.6297,1Y7I,B,1Y7I.B,1Y7I_1,RCSB30_3018,mapped
1y81A,1,0.8158,1Y81,A,1Y81.A,1Y81_1,RCSB30_13748,mapped
1y8nA,1,0.9174,1Y8N,A,1Y8N.A,1Y8N_1,RCSB30_1969,mapped
1y8qD,2,0.8716,1Y8Q,D,1Y8Q.D,1Y8Q_2,RCSB30_6341,mapped
1y9qA,1,0.7063,1Y9Q,A,1Y9Q.A,1Y9Q_1,RCSB30_26853,mapped
1y9tA,1,0.8131,1Y9T,A,1Y9T.A,1Y9T_1,RCSB30_34214,mapped
1ya3C,1,0.9759,1YA3,C,1YA3.C,1YA3_1,RCSB30_5236,mapped
1ya6C,1,0.5822,1YA6,C,1YA6.C,1YA6_3,RCSB30_39194,mapped
1yasA,1,0.8427,1YAS,A,1YAS.A,1YAS_1,RCSB30_4776,mapped
1yb5A,1,0.7837,1YB5,A,1YB5.A,1YB5_1,RCSB30_4338,mapped
1ye4D,1,0.8773,1YE4,D,1YE4.D,1YE4_1,RCSB30_3039,mapped
1yffD,1,0.9543,1YFF,D,1YFF.D,1YFF_2,RCSB30_70,mapped
1yfjM,1,0.907,1YFJ,M,1YFJ.M,1YFJ_2,RCSB30_20976,mapped
1yfrB,3,0.8779,1YFR,B,1YFR.B,1YFR_1,RCSB30_170,mapped
1yfzB,3,0.8189,1YFZ,B,1YFZ.B,1YFZ_1,RCSB30_2970,mapped
1yg6H,1,0.8567,1YG6,H,1YG6.H,1YG6_1,RCSB30_411,mapped
1ygpA,1,0.4858,1YGP,A,1YGP.A,1YGP_1,RCSB30_3957,mapped
1yhuG,1,0.8446,1YHU,G,1YHU.G,1YHU_3,RCSB30_2325,mapped
1yhuI,1,1.0,1YHU,I,1YHU.I,1YHU_1,RCSB30_2325,mapped
1yhuJ,1,0.9154,1YHU,J,1YHU.J,1YHU_2,RCSB30_2325,mapped
1yiyA,3,0.9111,1YIY,A,1YIY.A,1YIY_1,RCSB30_2224,mapped
1yjhA,1,0.9422,1YJH,A,1YJH.A,1YJH_1,RCSB30_20547,mapped
1yjxH,2,0.8811,1YJX,H,1YJX.H,1YJX_1,RCSB30_337,mapped
1yk0A,2,0.4294,1YK0,A,1YK0.A,1YK0_1,RCSB30_23947,mapped
1yk3G,2,0.8743,1YK3,G,1YK3.G,1YK3_1,RCSB30_34268,mapped
1ykfB,1,0.7744,1YKF,B,1YKF.B,1YKF_1,RCSB30_7504,mapped
1yl7B,3,0.7017,1YL7,B,1YL7.B,1YL7_1,RCSB30_1270,mapped
1ym0A,3,0.7916,1YM0,A,1YM0.A,1YM0_1,RCSB30_7215,mapped
1ynhC,3,0.8636,1YNH,C,1YNH.C,1YNH_1,RCSB30_1433,mapped
1ynpB,3,0.4791,1YNP,B,1YNP.B,1YNP_1,RCSB30_48799,mapped
1yobA,1,0.9482,1YOB,A,1YOB.A,1YOB_1,RCSB30_2475,mapped
1yoeA,2,0.8969,1YOE,A,1YOE.A,1YOE_1,RCSB30_788,mapped
1yonA,2,0.6525,1YON,A,1YON.A,1YON_1,RCSB30_12966,mapped
1yp1A,1,0.8079,1YP1,A,1YP1.A,1YP1_1,RCSB30_1252,mapped
1yp3A,1,0.764,1YP3,A,1YP3.A,1YP3_1,RCSB30_2584,mapped
1ypzG,3,0.7403,1YPZ,G,1YPZ.G,1YPZ_3,RCSB30_4774,mapped
1yquB,2,0.8382,1YQU,B,1YQU.B,1YQU_1,RCSB30_3767,mapped
1yqxB,1,0.6948,1YQX,B,1YQX.B,1YQX_1,RCSB30_711,mapped
1yr9A,1,0.7844,1YR9,A,1YR9.A,1YR9_1,RCSB30_26248,mapped
1yreB,1,0.8213,1YRE,B,1YRE.B,1YRE_1,RCSB30_22067,mapped
1ys7B,2,0.5258,1YS7,B,1YS7.B,1YS7_1,RCSB30_2147,mapped
1ysrC,3,0.8564,1YSR,C,1YSR.C,1YSR_1,RCSB30_25508,mapped
1ytmB,2,0.6108,1YTM,B,1YTM.B,1YTM_1,RCSB30_957,mapped
1yunB,1,0.747,1YUN,B,1YUN.B,1YUN_1,RCSB30_1007,mapped
1yvdA,2,0.7523,1YVD,A,1YVD.A,1YVD_1,RCSB30_8545,mapped
1yvkD,2,0.6173,1YVK,D,1YVK.D,1YVK_1,RCSB30_48889,mapped
1ywhA,2,0.5605,1YWH,A,1YWH.A,1YWH_1,RCSB30_9547,mapped
1ywoA,1,0.4838,1YWO,A,1YWO.A,1YWO_1,RCSB30_3974,mapped
1yxmB,1,0.4368,1YXM,B,1YXM.B,1YXM_1,RCSB30_5524,mapped
1yxuC,2,0.9273,1YXU,C,1YXU.C,1YXU_1,RCSB30_955,mapped
1yy5B,1,0.7738,1YY5,B,1YY5.B,1YY5_1,RCSB30_11169,mapped
1yy7A,1,0.578,1YY7,A,1YY7.A,1YY7_1,RCSB30_7189,mapped
1yztB,1,0.9357,1YZT,B,1YZT.B,1YZT_1,RCSB30_2062,mapped
1z03E,2,0.8778,1Z03,E,1Z03.E,1Z03_1,RCSB30_6857,mapped
1z0aC,1,0.9456,1Z0A,C,1Z0A.C,1Z0A_1,RCSB30_6988,mapped
1z0kA,1,0.9518,1Z0K,A,1Z0K.A,1Z0K_1,RCSB30_8247,mapped
1z0nA,1,0.9432,1Z0N,A,1Z0N.A,1Z0N_1,RCSB30_4377,mapped
1z0uB,8,0.4946,1Z0U,B,1Z0U.B,1Z0U_1,RCSB30_24756,mapped
1z16A,2,0.861,1Z16,A,1Z16.A,1Z16_1,RCSB30_5022,mapped
1z2aA,1,0.9008,1Z2A,A,1Z2A.A,1Z2A_1,RCSB30_13330,mapped
1z2nA,1,0.7377,1Z2N,A,1Z2N.A,1Z2N_1,RCSB30_46723,mapped
1z37A,1,0.8818,1Z37,A,1Z37.A,1Z37_1,RCSB30_372,mapped
1z41A,1,0.7764,1Z41,A,1Z41.A,1Z41_1,RCSB30_1944,mapped
1z4aC,2,0.7524,1Z4A,C,1Z4A.C,1Z4A_1,RCSB30_796,mapped
1z4lA,1,0.7207,1Z4L,A,1Z4L.A,1Z4L_1,RCSB30_5713,mapped
1z5oB,1,1.0,1Z5O,B,1Z5O.B,1Z5O_1,RCSB30_703,mapped
1z5wA,1,0.942,1Z5W,A,1Z5W.A,1Z5W_1,RCSB30_1757,mapped
1z6kA,1,0.4596,1Z6K,A,1Z6K.A,1Z6K_1,RCSB30_13235,mapped
1z6tD,1,0.5989,1Z6T,D,1Z6T.D,1Z6T_1,RCSB30_8113,mapped
1z6xA,3,0.7774,1Z6X,A,1Z6X.A,1Z6X_1,RCSB30_873,mapped
1z6zF,1,0.7783,1Z6Z,F,1Z6Z.F,1Z6Z_1,RCSB30_6281,mapped
1z76A,1,0.9277,1Z76,A,1Z76.A,1Z76_1,RCSB30_263,mapped
1z7sA,1,0.5796,1Z7S,A,1Z7S.A,1Z7S_1,RCSB30_19,mapped
1z7wA,1,0.618,1Z7W,A,1Z7W.A,1Z7W_1,RCSB30_2274,mapped
1z8gA,1,0.7165,1Z8G,A,1Z8G.A,1Z8G_1,RCSB30_7149,mapped
1z9hB,1,0.8198,1Z9H,B,1Z9H.B,1Z9H_1,RCSB30_10490,mapped
1zaiB,2,0.8958,1ZAI,B,1ZAI.B,1ZAI_1,RCSB30_968,mapped
1zakA,1,0.5272,1ZAK,A,1ZAK.A,1ZAK_1,RCSB30_2858,mapped
1zapA,1,0.7479,1ZAP,A,1ZAP.A,1ZAP_1,RCSB30_5916,mapped
1zarA,1,0.8798,1ZAR,A,1ZAR.A,1ZAR_1,RCSB30_16958,mapped
1zauA,1,0.7329,1ZAU,A,1ZAU.A,1ZAU_1,RCSB30_153,mapped
1zb7A,1,0.6149,1ZB7,A,1ZB7.A,1ZB7_1,RCSB30_802,mapped
1zbdA,1,0.8962,1ZBD,A,1ZBD.A,1ZBD_1,RCSB30_1229,mapped
1zbhC,1,0.8697,1ZBH,C,1ZBH.C,1ZBH_2,RCSB30_17625,mapped
1zc2B,1,0.541,1ZC2,B,1ZC2.B,1ZC2_1,RCSB30_621,mapped
1zc9A,1,0.6727,1ZC9,A,1ZC9.A,1ZC9_1,RCSB30_8953,mapped
1zcaA,1,0.6545,1ZCA,A,1ZCA.A,1ZCA_1,RCSB30_2860,mapped
1zcbA,1,0.9171,1ZCB,A,1ZCB.A,1ZCB_1,RCSB30_2860,mapped
1zchA,2,0.402,1ZCH,A,1ZCH.A,1ZCH_1,RCSB30_5943,mapped
1zdtA,1,0.7408,1ZDT,A,1ZDT.A,1ZDT_1,RCSB30_3646,mapped
1zeiA,3,1.0,1ZEI,A,1ZEI.A,1ZEI_1,RCSB30_84,mapped
1zemA,1,0.8981,1ZEM,A,1ZEM.A,1ZEM_1,RCSB30_1001,mapped
1zfjA,1,0.5751,1ZFJ,A,1ZFJ.A,1ZFJ_1,RCSB30_522,mapped
1zfnA,1,0.8936,1ZFN,A,1ZFN.A,1ZFN_1,RCSB30_1323,mapped
1zg9C,1,0.9144,1ZG9,C,1ZG9.C,1ZG9_1,RCSB30_3015,mapped
1zgdA,1,0.8051,1ZGD,A,1ZGD.A,1ZGD_1,RCSB30_438,mapped
1zh8B,1,0.7463,1ZH8,B,1ZH8.B,1ZH8_1,RCSB30_62034,mapped
1zhfA,3,0.7165,1ZHF,A,1ZHF.A,1ZHF_1,RCSB30_1291,mapped
1zhyA,1,0.7527,1ZHY,A,1ZHY.A,1ZHY_1,RCSB30_8276,mapped
1zizA,1,0.7941,1ZIZ,A,1ZIZ.A,1ZIZ_1,RCSB30_1166,mapped
1zj8B,1,0.813,1ZJ8,B,1ZJ8.B,1ZJ8_1,RCSB30_5548,mapped
1zjnD,1,1.0,1ZJN,D,1ZJN.D,1ZJN_4,RCSB30_301,mapped
1zklA,1,0.6111,1ZKL,A,1ZKL.A,1ZKL_1,RCSB30_19294,mapped
1zlpA,2,0.8406,1ZLP,A,1ZLP.A,1ZLP_1,RCSB30_9077,mapped
1zmtB,1,0.8173,1ZMT,B,1ZMT.B,1ZMT_1,RCSB30_13332,mapped
1zn8B,1,0.9252,1ZN8,B,1ZN8.B,1ZN8_1,RCSB30_1167,mapped
1znkA,1,0.8431,1ZNK,A,1ZNK.A,1ZNK_1,RCSB30_2225,mapped
1znnA,1,0.7007,1ZNN,A,1ZNN.A,1ZNN_1,RCSB30_601,mapped
1znyA,3,0.7915,1ZNY,A,1ZNY.A,1ZNY_1,RCSB30_4681,mapped
1zotA,1,0.825,1ZOT,A,1ZOT.A,1ZOT_1,RCSB30_12029,mapped
1zp9C,2,0.7733,1ZP9,C,1ZP9.C,1ZP9_1,RCSB30_16113,mapped
1zq9A,1,0.7195,1ZQ9,A,1ZQ9.A,1ZQ9_1,RCSB30_1715,mapped
1zrhA,1,0.8328,1ZRH,A,1ZRH.A,1ZRH_1,RCSB30_14351,mapped
1zrtB,1,0.7713,1ZRT,B,1ZRT.B,1ZRT_2,RCSB30_7379,mapped
1zs6B,1,0.7767,1ZS6,B,1ZS6.B,1ZS6_1,RCSB30_454,mapped
1zsqA,2,0.6522,1ZSQ,A,1ZSQ.A,1ZSQ_1,RCSB30_4479,mapped
1zt4A,1,0.8891,1ZT4,A,1ZT4.A,1ZT4_1,RCSB30_2534,mapped
1zu0A,1,0.4544,1ZU0,A,1ZU0.A,1ZU0_1,RCSB30_15694,mapped
1zubA,2,0.4258,1ZUB,A,1ZUB.A,1ZUB_1,RCSB30_7728,mapped
1zuiA,2,0.9381,1ZUI,A,1ZUI.A,1ZUI_1,RCSB30_7527,mapped
1zunA,1,0.5408,1ZUN,A,1ZUN.A,1ZUN_1,RCSB30_880,mapped
1zunB,1,0.4427,1ZUN,B,1ZUN.B,1ZUN_2,RCSB30_1528,mapped
1zuwB,1,0.8226,1ZUW,B,1ZUW.B,1ZUW_1,RCSB30_801,mapped
1zx9A,1,0.8016,1ZX9,A,1ZX9.A,1ZX9_1,RCSB30_13160,mapped
1zxnC,1,0.8653,1ZXN,C,1ZXN.C,1ZXN_1,RCSB30_11662,mapped
1zy1B,1,0.9069,1ZY1,B,1ZY1.B,1ZY1_1,RCSB30_14236,mapped
1zy8D,1,0.7801,1ZY8,D,1ZY8.D,1ZY8_1,RCSB30_865,mapped
1zydA,3,0.801,1ZYD,A,1ZYD.A,1ZYD_1,RCSB30_19014,mapped
1zz1D,2,0.8786,1ZZ1,D,1ZZ1.D,1ZZ1_1,RCSB30_6314,mapped
1zzdA,3,0.7231,1ZZD,A,1ZZD.A,1ZZD_1,RCSB30_2304,mapped
256bB,1,0.9724,256B,B,256B.B,256B_1,RCSB30_1551,mapped
2a00A,1,0.9117,2A00,A,2A00.A,2A00_1,RCSB30_1338,mapped
2a0nA,2,0.8352,2A0N,A,2A0N.A,2A0N_1,RCSB30_112,mapped
2a14A,1,0.865,2A14,A,2A14.A,2A14_1,RCSB30_2210,mapped
2a15A,2,0.8751,2A15,A,2A15.A,2A15_1,RCSB30_21204,mapped
2a19B,3,0.6972,2A19,B,2A19.B,2A19_2,RCSB30_15748,mapped
2a19C,1,0.6719,2A19,C,2A19.C,2A19_2,RCSB30_15748,mapped
2a1lA,1,0.8046,2A1L,A,2A1L.A,2A1L_1,RCSB30_4869,mapped
2a1uA,3,0.7744,2A1U,A,2A1U.A,2A1U_1,RCSB30_12432,mapped
2a1xA,1,0.5523,2A1X,A,2A1X.A,2A1X_1,RCSB30_21100,mapped
2a1yA,10,0.6644,2A1Y,A,2A1Y.A,2A1Y_1,RCSB30_2180,mapped
2a2gA,1,0.9334,2A2G,A,2A2G.A,2A2G_1,RCSB30_2225,mapped
2a30D,1,0.9156,2A30,D,2A30.D,2A30_1,RCSB30_2362,mapped
2a4mC,1,0.5215,2A4M,C,2A4M.C,2A4M_1,RCSB30_8650,mapped
2a5dA,1,0.9272,2A5D,A,2A5D.A,2A5D_1,RCSB30_2467,mapped
2a5fB,1,0.664,2A5F,B,2A5F.B,2A5F_2,RCSB30_6184,mapped
2a5tB,1,0.7253,2A5T,B,2A5T.B,2A5T_2,RCSB30_2691,mapped
2a5yC,1,0.8872,2A5Y,C,2A5Y.C,2A5Y_2,RCSB30_16842,mapped
2a6cB,3,0.5892,2A6C,B,2A6C.B,2A6C_1,RCSB30_96589,mapped
2a73B,2,0.4169,2A73,B,2A73.B,2A73_2,RCSB30_1344,mapped
2a78A,1,0.9761,2A78,A,2A78.A,2A78_1,RCSB30_3848,mapped
2a8sA,1,0.7744,2A8S,A,2A8S.A,2A8S_1,RCSB30_8900,mapped
2a8vC,1,0.7096,2A8V,C,2A8V.C,2A8V_3,RCSB30_2389,mapped
2a91A,3,0.434,2A91,A,2A91.A,2A91_1,RCSB30_6160,mapped
2a9gA,1,0.6151,2A9G,A,2A9G.A,2A9G_1,RCSB30_1289,mapped
2aa9A,1,0.6587,2AA9,A,2AA9.A,2AA9_1,RCSB30_618,mapped
2aacA,1,0.816,2AAC,A,2AAC.A,2AAC_1,RCSB30_19995,mapped
2ac7B,1,0.7206,2AC7,B,2AC7.B,2AC7_1,RCSB30_372,mapped
2acoB,1,0.6003,2ACO,B,2ACO.B,2ACO_1,RCSB30_8551,mapped
2acwA,1,0.6335,2ACW,A,2ACW.A,2ACW_1,RCSB30_956,mapped
2aexA,2,0.6548,2AEX,A,2AEX.A,2AEX_1,RCSB30_5539,mapped
2afxB,1,0.869,2AFX,B,2AFX.B,2AFX_1,RCSB30_1897,mapped
2ag5D,1,0.8523,2AG5,D,2AG5.D,2AG5_1,RCSB30_1170,mapped
2agjB,3,0.7595,2AGJ,B,2AGJ.B,2AGJ_2,RCSB30_1051,mapped
2agkA,2,0.8809,2AGK,A,2AGK.A,2AGK_1,RCSB30_7018,mapped
2agwA,1,0.8739,2AGW,A,2AGW.A,2AGW_1,RCSB30_2987,mapped
2agwD,2,0.7195,2AGW,D,2AGW.D,2AGW_2,RCSB30_7860,mapped
2ahgB,1,0.7689,2AHG,B,2AHG.B,2AHG_1,RCSB30_11370,mapped
2ahrE,2,0.5516,2AHR,E,2AHR.E,2AHR_1,RCSB30_1858,mapped
2ahvA,1,0.7852,2AHV,A,2AHV.A,2AHV_1,RCSB30_23770,mapped
2ai7A,1,0.8852,2AI7,A,2AI7.A,2AI7_1,RCSB30_1611,mapped
2aijA,1,0.4313,2AIJ,A,2AIJ.A,2AIJ_1,RCSB30_4311,mapped
2aiqA,1,0.8324,2AIQ,A,2AIQ.A,2AIQ_1,RCSB30_2392,mapped
2ajhA,2,1.0,2AJH,A,2AJH.A,2AJH_1,RCSB30_155,mapped
2ajvA,3,0.8413,2AJV,A,2AJV.A,2AJV_1,RCSB30_59,mapped
2ak3A,1,0.8585,2AK3,A,2AK3.A,2AK3_1,RCSB30_368,mapped
2akoD,2,0.9515,2AKO,D,2AKO.D,2AKO_1,RCSB30_315,mapped
2am3A,1,0.7841,2AM3,A,2AM3.A,2AM3_1,RCSB30_12395,mapped
2amoA,1,0.7685,2AMO,A,2AMO.A,2AMO_1,RCSB30_86,mapped
2angA,1,0.8971,2ANG,A,2ANG.A,2ANG_1,RCSB30_1766,mapped
2anyA,1,0.7263,2ANY,A,2ANY.A,2ANY_1,RCSB30_1202,mapped
2aowB,2,0.9095,2AOW,B,2AOW.B,2AOW_1,RCSB30_10353,mapped
2aphA,1,0.6369,2APH,A,2APH.A,2APH_1,RCSB30_2909,mapped
2aq8A,1,0.7874,2AQ8,A,2AQ8.A,2AQ8_1,RCSB30_1411,mapped
2aqxA,1,0.8952,2AQX,A,2AQX.A,2AQX_1,RCSB30_8162,mapped
2asnA,1,0.9097,2ASN,A,2ASN.A,2ASN_1,RCSB30_2747,mapped
2at0A,1,0.8863,2AT0,A,2AT0.A,2AT0_1,RCSB30_2747,mapped
2atpC,1,0.4675,2ATP,C,2ATP.C,2ATP_3,RCSB30_21418,mapped
2atpD,1,0.6733,2ATP,D,2ATP.D,2ATP_1,RCSB30_8058,mapped
2atsA,1,0.474,2ATS,A,2ATS.A,2ATS_1,RCSB30_321,mapped
2atvA,1,0.7918,2ATV,A,2ATV.A,2ATV_1,RCSB30_21098,mapped
2atxA,1,0.764,2ATX,A,2ATX.A,2ATX_1,RCSB30_6182,mapped
2au9A,2,0.9405,2AU9,A,2AU9.A,2AU9_1,RCSB30_1125,mapped
2avdB,2,0.7673,2AVD,B,2AVD.B,2AVD_1,RCSB30_2246,mapped
2avnB,1,0.6779,2AVN,B,2AVN.B,2AVN_1,RCSB30_233731,mapped
2awnA,3,0.7788,2AWN,A,2AWN.A,2AWN_1,RCSB30_736,mapped
2ax4A,2,1.0,2AX4,A,2AX4.A,2AX4_1,RCSB30_1641,mapped
2az3G,1,0.8768,2AZ3,G,2AZ3.G,2AZ3_1,RCSB30_454,mapped
2b13B,1,0.7896,2B13,B,2B13.B,2B13_1,RCSB30_16861,mapped
2b24C,1,1.0,2B24,C,2B24.C,2B24_1,RCSB30_2796,mapped
2b25A,1,0.7181,2B25,A,2B25.A,2B25_1,RCSB30_25689,mapped
2b26A,1,0.5194,2B26,A,2B26.A,2B26_1,RCSB30_799,mapped
2b2wA,2,0.7291,2B2W,A,2B2W.A,2B2W_1,RCSB30_5715,mapped
2b3bC,3,0.926,2B3B,C,2B3B.C,2B3B_1,RCSB30_13807,mapped
2b3tA,1,0.8027,2B3T,A,2B3T.A,2B3T_1,RCSB30_6814,mapped
2b4kA,2,0.7668,2B4K,A,2B4K.A,2B4K_1,RCSB30_36932,mapped
2b4mA,1,0.6752,2B4M,A,2B4M.A,2B4M_1,RCSB30_31701,mapped
2b4pA,1,0.4102,2B4P,A,2B4P.A,2B4P_1,RCSB30_9270,mapped
2b4qA,2,0.9097,2B4Q,A,2B4Q.A,2B4Q_1,RCSB30_8820,mapped
2b4rC,2,0.5961,2B4R,C,2B4R.C,2B4R_1,RCSB30_304,mapped
2b5oA,3,0.7225,2B5O,A,2B5O.A,2B5O_1,RCSB30_5051,mapped
2b5sB,1,0.8077,2B5S,B,2B5S.B,2B5S_1,RCSB30_1950,mapped
2b5uC,3,0.7003,2B5U,C,2B5U.C,2B5U_1,RCSB30_4284,mapped
2b7pC,1,0.7958,2B7P,C,2B7P.C,2B7P_1,RCSB30_5841,mapped
2b8jB,1,0.8792,2B8J,B,2B8J.B,2B8J_1,RCSB30_6039,mapped
2b8tB,1,0.9359,2B8T,B,2B8T.B,2B8T_1,RCSB30_21848,mapped
2b92A,1,0.9223,2B92,A,2B92.A,2B92_1,RCSB30_4083,mapped
2b9eA,3,0.6297,2B9E,A,2B9E.A,2B9E_1,RCSB30_25664,mapped
2b9fA,1,0.9171,2B9F,A,2B9F.A,2B9F_1,RCSB30_16737,mapped
2bb3A,1,0.8347,2BB3,A,2BB3.A,2BB3_1,RCSB30_168596,mapped
2bbsB,2,0.7566,2BBS,B,2BBS.B,2BBS_1,RCSB30_1973,mapped
2bc0B,1,0.8916,2BC0,B,2BC0.B,2BC0_1,RCSB30_7948,mapped
2bcgB,1,0.8503,2BCG,B,2BCG.B,2BCG_2,RCSB30_1516,mapped
2bd0C,1,0.7351,2BD0,C,2BD0.C,2BD0_1,RCSB30_85232,mapped
2bdzB,3,0.8304,2BDZ,B,2BDZ.B,2BDZ_1,RCSB30_735,mapped
2beiA,1,0.6383,2BEI,A,2BEI.A,2BEI_1,RCSB30_10204,mapped
2bejA,4,0.7836,2BEJ,A,2BEJ.A,2BEJ_1,RCSB30_14208,mapped
2bexB,2,0.7712,2BEX,B,2BEX.B,2BEX_1,RCSB30_1832,mapped
2bf6A,3,0.9736,2BF6,A,2BF6.A,2BF6_1,RCSB30_12393,mapped
2bfgF,3,0.7676,2BFG,F,2BFG.F,2BFG_1,RCSB30_17261,mapped
2bfoC,1,0.9658,2BFO,C,2BFO.C,2BFO_1,RCSB30_1409,mapped
2bfqA,1,0.9431,2BFQ,A,2BFQ.A,2BFQ_1,RCSB30_17197,mapped
2bgcA,2,0.8407,2BGC,A,2BGC.A,2BGC_1,RCSB30_6366,mapped
2bglA,1,0.8174,2BGL,A,2BGL.A,2BGL_1,RCSB30_6494,mapped
2bgsA,1,0.8039,2BGS,A,2BGS.A,2BGS_1,RCSB30_438,mapped
2bh2B,2,0.8276,2BH2,B,2BH2.B,2BH2_1,RCSB30_835,mapped
2bh4A,1,0.9256,2BH4,A,2BH4.A,2BH4_1,RCSB30_1265,mapped
2bi7A,1,0.9258,2BI7,A,2BI7.A,2BI7_1,RCSB30_4989,mapped
2biwC,1,0.6076,2BIW,C,2BIW.C,2BIW_1,RCSB30_12911,mapped
2biyA,1,0.8543,2BIY,A,2BIY.A,2BIY_1,RCSB30_2556,mapped
2bj0A,3,0.8618,2BJ0,A,2BJ0.A,2BJ0_1,RCSB30_2800,mapped
2bkmB,1,0.8701,2BKM,B,2BKM.B,2BKM_1,RCSB30_11493,mapped
2bkvB,1,0.6456,2BKV,B,2BKV.B,2BKV_1,RCSB30_2422,mapped
2bkwA,2,0.8997,2BKW,A,2BKW.A,2BKW_1,RCSB30_16119,mapped
2bl8B,3,1.0,2BL8,B,2BL8.B,2BL8_1,RCSB30_45139,mapped
2bm1A,2,0.6758,2BM1,A,2BM1.A,2BM1_1,RCSB30_60,mapped
2bm9B,1,0.8551,2BM9,B,2BM9.B,2BM9_1,RCSB30_39060,mapped
2bmmA,1,0.8889,2BMM,A,2BMM.A,2BMM_1,RCSB30_11493,mapped
2bneA,1,0.8319,2BNE,A,2BNE.A,2BNE_1,RCSB30_913,mapped
2bnnA,1,0.9261,2BNN,A,2BNN.A,2BNN_1,RCSB30_14141,mapped
2bo7J,1,0.8671,2BO7,J,2BO7.J,2BO7_1,RCSB30_18206,mapped
2bofA,1,0.6517,2BOF,A,2BOF.A,2BOF_1,RCSB30_21598,mapped
2bpbB,1,0.971,2BPB,B,2BPB.B,2BPB_2,RCSB30_37525,mapped
2bqyA,1,0.7698,2BQY,A,2BQY.A,2BQY_1,RCSB30_7649,mapped
2braA,1,0.7994,2BRA,A,2BRA.A,2BRA_1,RCSB30_10640,mapped
2bruC,3,0.7155,2BRU,C,2BRU.C,2BRU_2,RCSB30_1792,mapped
2bsbA,1,0.9545,2BSB,A,2BSB.A,2BSB_1,RCSB30_10514,mapped
2bsyA,2,0.9356,2BSY,A,2BSY.A,2BSY_1,RCSB30_34449,mapped
2btdA,1,0.8919,2BTD,A,2BTD.A,2BTD_1,RCSB30_11824,mapped
2btoB,2,0.8864,2BTO,B,2BTO.B,2BTO_1,RCSB30_58,mapped
2bu3A,2,0.7855,2BU3,A,2BU3.A,2BU3_1,RCSB30_29828,mapped
2bu8A,1,0.8039,2BU8,A,2BU8.A,2BU8_1,RCSB30_1969,mapped
2bufC,1,0.8406,2BUF,C,2BUF.C,2BUF_1,RCSB30_1605,mapped
2bugA,3,0.6093,2BUG,A,2BUG.A,2BUG_1,RCSB30_5339,mapped
2buiB,1,0.497,2BUI,B,2BUI.B,2BUI_1,RCSB30_2119,mapped
2bvdA,1,0.7362,2BVD,A,2BVD.A,2BVD_1,RCSB30_2178,mapped
2bvfA,1,0.7582,2BVF,A,2BVF.A,2BVF_1,RCSB30_50648,mapped
2bwaB,1,0.8261,2BWA,B,2BWA.B,2BWA_1,RCSB30_17294,mapped
2bwgC,1,0.872,2BWG,C,2BWG.C,2BWG_1,RCSB30_1989,mapped
2bwjB,3,0.6554,2BWJ,B,2BWJ.B,2BWJ_1,RCSB30_4866,mapped
2bxcA,1,0.5077,2BXC,A,2BXC.A,2BXC_1,RCSB30_614,mapped
2bxwA,1,0.6377,2BXW,A,2BXW.A,2BXW_1,RCSB30_2575,mapped
2bycA,1,0.8813,2BYC,A,2BYC.A,2BYC_1,RCSB30_208434,mapped
2bz0B,1,0.9095,2BZ0,B,2BZ0.B,2BZ0_1,RCSB30_2537,mapped
2bz9A,1,0.8984,2BZ9,A,2BZ9.A,2BZ9_1,RCSB30_1662,mapped
2bznC,1,0.8486,2BZN,C,2BZN.C,2BZN_1,RCSB30_1989,mapped
2c0cA,1,0.8254,2C0C,A,2C0C.A,2C0C_1,RCSB30_8053,mapped
2c0jA,1,0.9783,2C0J,A,2C0J.A,2C0J_1,RCSB30_3346,mapped
2c0kB,1,0.8725,2C0K,B,2C0K.B,2C0K_1,RCSB30_16334,mapped
2c0rA,2,0.8611,2C0R,A,2C0R.A,2C0R_1,RCSB30_567,mapped
2c0tA,2,0.8984,2C0T,A,2C0T.A,2C0T_1,RCSB30_548,mapped
2c1dH,3,0.604,2C1D,H,2C1D.H,2C1D_2,RCSB30_41851,mapped
2c1hB,1,0.7463,2C1H,B,2C1H.B,2C1H_1,RCSB30_1667,mapped
2c1qA,1,1.0,2C1Q,A,2C1Q.A,2C1Q_1,RCSB30_3667,mapped
2c20E,1,0.6712,2C20,E,2C20.E,2C20_1,RCSB30_1788,mapped
2c23A,1,0.5952,2C23,A,2C23.A,2C23_1,RCSB30_537,mapped
2c2cA,1,0.9107,2C2C,A,2C2C.A,2C2C_1,RCSB30_4061,mapped
2c2lA,2,0.6881,2C2L,A,2C2L.A,2C2L_1,RCSB30_3490,mapped
2c39P,1,0.8972,2C39,P,2C39.P,2C39_2,RCSB30_4954,mapped
2c3hC,1,0.9377,2C3H,C,2C3H.C,2C3H_1,RCSB30_82358,mapped
2c3qD,1,0.7832,2C3Q,D,2C3Q.D,2C3Q_1,RCSB30_7245,mapped
2c40A,1,0.8656,2C40,A,2C40.A,2C40_1,RCSB30_10077,mapped
2c47A,1,0.8035,2C47,A,2C47.A,2C47_1,RCSB30_5653,mapped
2c4jA,2,0.5672,2C4J,A,2C4J.A,2C4J_1,RCSB30_803,mapped
2c4mC,1,0.5979,2C4M,C,2C4M.C,2C4M_1,RCSB30_3957,mapped
2c53A,1,0.595,2C53,A,2C53.A,2C53_1,RCSB30_1025,mapped
2c57D,3,0.9607,2C57,D,2C57.D,2C57_1,RCSB30_1469,mapped
2c5sA,2,0.7583,2C5S,A,2C5S.A,2C5S_1,RCSB30_1395,mapped
2c5uB,1,0.4675,2C5U,B,2C5U.B,2C5U_1,RCSB30_69873,mapped
2c7tA,2,0.8855,2C7T,A,2C7T.A,2C7T_1,RCSB30_7040,mapped
2c8cC,1,0.8431,2C8C,C,2C8C.C,2C8C_1,RCSB30_9213,mapped
2c8mD,1,0.6571,2C8M,D,2C8M.D,2C8M_1,RCSB30_28041,mapped
2c8nB,3,0.9709,2C8N,B,2C8N.B,2C8N_1,RCSB30_10913,mapped
2c8sA,1,0.7454,2C8S,A,2C8S.A,2C8S_1,RCSB30_21967,mapped
2c98A,3,0.8067,2C98,A,2C98.A,2C98_1,RCSB30_2496,mapped
2c9kA,1,0.5958,2C9K,A,2C9K.A,2C9K_1,RCSB30_2586,mapped
2c9oB,1,0.7976,2C9O,B,2C9O.B,2C9O_1,RCSB30_1123,mapped
2cbqE,1,0.8305,2CBQ,E,2CBQ.E,2CBQ_1,RCSB30_9184,mapped
2ccdA,1,0.8419,2CCD,A,2CCD.A,2CCD_1,RCSB30_318,mapped
2ccyA,1,0.9481,2CCY,A,2CCY.A,2CCY_1,RCSB30_60183,mapped
2cdaB,1,0.7618,2CDA,B,2CDA.B,2CDA_1,RCSB30_13187,mapped
2ce7B,1,0.9436,2CE7,B,2CE7.B,2CE7_1,RCSB30_3836,mapped
2cf6A,1,0.7062,2CF6,A,2CF6.A,2CF6_1,RCSB30_711,mapped
2cfeA,2,1.0,2CFE,A,2CFE.A,2CFE_1,RCSB30_11601,mapped
2cffA,2,0.9554,2CFF,A,2CFF.A,2CFF_1,RCSB30_168,mapped
2cfmA,1,0.7047,2CFM,A,2CFM.A,2CFM_1,RCSB30_4802,mapped
2cfoA,1,0.6717,2CFO,A,2CFO.A,2CFO_1,RCSB30_1274,mapped
2cftA,1,0.8469,2CFT,A,2CFT.A,2CFT_1,RCSB30_4568,mapped
2cfwA,2,0.6205,2CFW,A,2CFW.A,2CFW_1,RCSB30_1213,mapped
2cg5A,1,0.7628,2CG5,A,2CG5.A,2CG5_1,RCSB30_9921,mapped
2cgnA,1,0.7631,2CGN,A,2CGN.A,2CGN_1,RCSB30_3173,mapped
2ch5A,2,0.8261,2CH5,A,2CH5.A,2CH5_1,RCSB30_13580,mapped
2chgC,1,0.9268,2CHG,C,2CHG.C,2CHG_1,RCSB30_6029,mapped
2ci9A,1,0.7828,2CI9,A,2CI9.A,2CI9_1,RCSB30_3974,mapped
2cicA,1,0.9748,2CIC,A,2CIC.A,2CIC_1,RCSB30_55546,mapped
2cirA,1,0.8156,2CIR,A,2CIR.A,2CIR_1,RCSB30_3973,mapped
2cjaA,1,0.8944,2CJA,A,2CJA.A,2CJA_1,RCSB30_12407,mapped
2cjpB,1,0.491,2CJP,B,2CJP.B,2CJP_1,RCSB30_805,mapped
2ckpA,2,0.6956,2CKP,A,2CKP.A,2CKP_1,RCSB30_7017,mapped
2cl7A,1,1.0,2CL7,A,2CL7.A,2CL7_1,RCSB30_91,mapped
2cl8A,1,0.408,2CL8,A,2CL8.A,2CL8_1,RCSB30_23752,mapped
2clpE,1,0.7807,2CLP,E,2CLP.E,2CLP_1,RCSB30_7066,mapped
2clsB,1,0.8079,2CLS,B,2CLS.B,2CLS_1,RCSB30_8782,mapped
2cm4A,1,0.9261,2CM4,A,2CM4.A,2CM4_1,RCSB30_21067,mapped
2cmeC,1,0.8488,2CME,C,2CME.C,2CME_3,RCSB30_18637,mapped
2cn5A,1,0.872,2CN5,A,2CN5.A,2CN5_1,RCSB30_4642,mapped
2cndA,2,0.6894,2CND,A,2CND.A,2CND_1,RCSB30_3146,mapped
2cntB,1,0.8702,2CNT,B,2CNT.B,2CNT_1,RCSB30_14320,mapped
2cnyA,1,0.5781,2CNY,A,2CNY.A,2CNY_1,RCSB30_7147,mapped
2ct8D,1,0.8732,2CT8,D,2CT8.D,2CT8_2,RCSB30_2512,mapped
2ctzB,2,0.8007,2CTZ,B,2CTZ.B,2CTZ_1,RCSB30_2099,mapped
2cu0A,1,0.6968,2CU0,A,2CU0.A,2CU0_1,RCSB30_522,mapped
2cukC,1,0.5312,2CUK,C,2CUK.C,2CUK_1,RCSB30_1515,mapped
2cwwB,1,0.6907,2CWW,B,2CWW.B,2CWW_1,RCSB30_2264,mapped
2cxbA,1,0.9128,2CXB,A,2CXB.A,2CXB_1,RCSB30_10723,mapped
2cxxA,2,0.8668,2CXX,A,2CXX.A,2CXX_1,RCSB30_13480,mapped
2cy2A,1,0.7055,2CY2,A,2CY2.A,2CY2_1,RCSB30_67229,mapped
2cybA,1,0.5757,2CYB,A,2CYB.A,2CYB_1,RCSB30_14584,mapped
2cycB,1,0.5705,2CYC,B,2CYC.B,2CYC_1,RCSB30_2010,mapped
2cz2A,1,0.7182,2CZ2,A,2CZ2.A,2CZ2_1,RCSB30_977,mapped
2czcC,1,0.8183,2CZC,C,2CZC.C,2CZC_1,RCSB30_3780,mapped
2czeA,1,0.8951,2CZE,A,2CZE.A,2CZE_1,RCSB30_14083,mapped
2czvB,3,0.552,2CZV,B,2CZV.B,2CZV_1,RCSB30_22777,mapped
2d0hA,1,0.8159,2D0H,A,2D0H.A,2D0H_1,RCSB30_12408,mapped
2d0oC,1,0.7177,2D0O,C,2D0O.C,2D0O_1,RCSB30_25312,mapped
2d0qB,3,0.8363,2D0Q,B,2D0Q.B,2D0Q_2,RCSB30_4557,mapped
2d0sA,1,0.9114,2D0S,A,2D0S.A,2D0S_1,RCSB30_5606,mapped
2d0wA,1,0.9046,2D0W,A,2D0W.A,2D0W_1,RCSB30_21967,mapped
2d1fA,2,0.9083,2D1F,A,2D1F.A,2D1F_1,RCSB30_5599,mapped
2d1qA,1,0.4618,2D1Q,A,2D1Q.A,2D1Q_1,RCSB30_323,mapped
2d1yC,1,0.7565,2D1Y,C,2D1Y.C,2D1Y_1,RCSB30_1272,mapped
2d29A,1,0.6123,2D29,A,2D29.A,2D29_1,RCSB30_2786,mapped
2d3bH,1,0.7977,2D3B,H,2D3B.H,2D3B_1,RCSB30_1271,mapped
2d3mB,1,0.6746,2D3M,B,2D3M.B,2D3M_1,RCSB30_323,mapped
2d3tA,5,0.6395,2D3T,A,2D3T.A,2D3T_1,RCSB30_533,mapped
2d4eD,1,0.6605,2D4E,D,2D4E.D,2D4E_1,RCSB30_1058,mapped
2d5aA,1,0.7666,2D5A,A,2D5A.A,2D5A_1,RCSB30_13889,mapped
2d5cB,1,0.7323,2D5C,B,2D5C.B,2D5C_1,RCSB30_253,mapped
2d5iA,1,0.815,2D5I,A,2D5I.A,2D5I_1,RCSB30_635,mapped
2d5nB,7,0.596,2D5N,B,2D5N.B,2D5N_1,RCSB30_3931,mapped
2d5wA,2,0.5719,2D5W,A,2D5W.A,2D5W_1,RCSB30_134611,mapped
2d6yA,1,0.5672,2D6Y,A,2D6Y.A,2D6Y_1,RCSB30_57032,mapped
2d7gB,3,0.8562,2D7G,B,2D7G.B,2D7G_1,RCSB30_6782,mapped
2db3E,2,0.741,2DB3,E,2DB3.E,2DB3_2,RCSB30_13837,mapped
2dbrE,2,0.7743,2DBR,E,2DBR.E,2DBR_1,RCSB30_1515,mapped
2dcnD,2,0.8063,2DCN,D,2DCN.D,2DCN_1,RCSB30_13116,mapped
2dd4F,2,0.6683,2DD4,F,2DD4.F,2DD4_3,RCSB30_2760,mapped
2dd8C,3,0.8461,2DD8,C,2DD8.C,2DD8_3,RCSB30_24,mapped
2ddwB,1,0.6272,2DDW,B,2DDW.B,2DDW_1,RCSB30_5076,mapped
2deuD,1,0.5937,2DEU,D,2DEU.D,2DEU_2,RCSB30_458,mapped
2df8A,1,0.7566,2DF8,A,2DF8.A,2DF8_1,RCSB30_38385,mapped
2dftA,1,0.8171,2DFT,A,2DFT.A,2DFT_1,RCSB30_1279,mapped
2dfvA,1,0.6192,2DFV,A,2DFV.A,2DFV_1,RCSB30_11452,mapped
2dg5D,7,0.539,2DG5,D,2DG5.D,2DG5_2,RCSB30_3688,mapped
2dgeD,1,0.9777,2DGE,D,2DGE.D,2DGE_1,RCSB30_27167,mapped
2dhrC,3,0.7956,2DHR,C,2DHR.C,2DHR_1,RCSB30_2629,mapped
2djhA,2,0.6698,2DJH,A,2DJH.A,2DJH_1,RCSB30_30541,mapped
2dkdA,2,0.6926,2DKD,A,2DKD.A,2DKD_1,RCSB30_196,mapped
2dkkA,1,0.8267,2DKK,A,2DKK.A,2DKK_1,RCSB30_305,mapped
2dknA,1,0.5952,2DKN,A,2DKN.A,2DKN_1,RCSB30_36308,mapped
2dlcB,1,0.6827,2DLC,B,2DLC.B,2DLC_2,RCSB30_5870,mapped
2dm6B,1,0.8733,2DM6,B,2DM6.B,2DM6_1,RCSB30_2874,mapped
2dpgA,3,0.8848,2DPG,A,2DPG.A,2DPG_1,RCSB30_1242,mapped
2dphB,1,0.7479,2DPH,B,2DPH.B,2DPH_1,RCSB30_8191,mapped
2dpmA,1,0.7264,2DPM,A,2DPM.A,2DPM_1,RCSB30_6445,mapped
2dq3A,1,0.7929,2DQ3,A,2DQ3.A,2DQ3_1,RCSB30_1300,mapped
2dr1A,1,0.9386,2DR1,A,2DR1.A,2DR1_1,RCSB30_8916,mapped
2drjA,1,0.7031,2DRJ,A,2DRJ.A,2DRJ_1,RCSB30_17720,mapped
2drzA,3,0.8272,2DRZ,A,2DRZ.A,2DRZ_1,RCSB30_34675,mapped
2dt8A,1,0.9242,2DT8,A,2DT8.A,2DT8_1,RCSB30_2818,mapped
2dteA,1,0.9321,2DTE,A,2DTE.A,2DTE_1,RCSB30_1170,mapped
2dvlB,1,0.4632,2DVL,B,2DVL.B,2DVL_1,RCSB30_29810,mapped
2dvmD,1,0.8138,2DVM,D,2DVM.D,2DVM_1,RCSB30_5646,mapped
2dvoA,1,0.8318,2DVO,A,2DVO.A,2DVO_1,RCSB30_1056,mapped
2dvuB,1,0.6787,2DVU,B,2DVU.B,2DVU_1,RCSB30_5165,mapped
2dw7H,2,0.7903,2DW7,H,2DW7.H,2DW7_1,RCSB30_29252,mapped
2dwcA,1,0.9436,2DWC,A,2DWC.A,2DWC_1,RCSB30_817,mapped
2dwuB,1,0.85,2DWU,B,2DWU.B,2DWU_1,RCSB30_801,mapped
2dxuA,1,0.9275,2DXU,A,2DXU.A,2DXU_1,RCSB30_8387,mapped
2dy3D,2,0.8609,2DY3,D,2DY3.D,2DY3_1,RCSB30_1088,mapped
2dyaB,1,0.9096,2DYA,B,2DYA.B,2DYA_1,RCSB30_454,mapped
2dykB,1,0.5868,2DYK,B,2DYK.B,2DYK_1,RCSB30_1022,mapped
2dzaB,1,0.4699,2DZA,B,2DZA.B,2DZA_1,RCSB30_4737,mapped
2e0nA,2,0.9456,2E0N,A,2E0N.A,2E0N_1,RCSB30_94268,mapped
2e1tA,3,0.5793,2E1T,A,2E1T.A,2E1T_1,RCSB30_4068,mapped
2e2pA,2,0.8702,2E2P,A,2E2P.A,2E2P_1,RCSB30_53358,mapped
2e2xA,1,0.9397,2E2X,A,2E2X.A,2E2X_1,RCSB30_5204,mapped
2e3vC,1,0.8169,2E3V,C,2E3V.C,2E3V_1,RCSB30_5968,mapped
2e40A,1,0.5746,2E40,A,2E40.A,2E40_1,RCSB30_1388,mapped
2e47B,1,1.0,2E47,B,2E47.B,2E47_1,RCSB30_4967,mapped
2e4gA,2,0.9118,2E4G,A,2E4G.A,2E4G_1,RCSB30_3660,mapped
2e4vA,2,0.7915,2E4V,A,2E4V.A,2E4V_1,RCSB30_1567,mapped
2e50B,1,0.6184,2E50,B,2E50.B,2E50_1,RCSB30_5739,mapped
2e54A,1,0.7168,2E54,A,2E54.A,2E54_1,RCSB30_1000,mapped
2e5mA,3,0.6162,2E5M,A,2E5M.A,2E5M_1,RCSB30_2870,mapped
2e5vA,1,0.6996,2E5V,A,2E5V.A,2E5V_1,RCSB30_17439,mapped
2e5yB,1,0.8248,2E5Y,B,2E5Y.B,2E5Y_1,RCSB30_156,mapped
2e7jB,2,0.826,2E7J,B,2E7J.B,2E7J_1,RCSB30_7253,mapped
2e7pD,1,0.7344,2E7P,D,2E7P.D,2E7P_1,RCSB30_12382,mapped
2e7uA,1,0.6882,2E7U,A,2E7U.A,2E7U_1,RCSB30_145,mapped
2e89C,1,0.5844,2E89,C,2E89.C,2E89_1,RCSB30_23071,mapped
2e8zA,1,0.5744,2E8Z,A,2E8Z.A,2E8Z_1,RCSB30_11456,mapped
2eacB,3,0.8641,2EAC,B,2EAC.B,2EAC_1,RCSB30_9885,mapped
2ebsB,1,0.6606,2EBS,B,2EBS.B,2EBS_1,RCSB30_7517,mapped
2ec0E,1,0.6809,2EC0,E,2EC0.E,2EC0_3,RCSB30_388,mapped
2eekA,1,0.9028,2EEK,A,2EEK.A,2EEK_1,RCSB30_67,mapped
2eerA,1,0.813,2EER,A,2EER.A,2EER_1,RCSB30_7252,mapped
2efhB,1,0.7597,2EFH,B,2EFH.B,2EFH_2,RCSB30_2116,mapped
2efuA,2,0.9193,2EFU,A,2EFU.A,2EFU_1,RCSB30_54486,mapped
2efuF,1,0.8606,2EFU,F,2EFU.F,2EFU_1,RCSB30_54486,mapped
2eg2A,3,0.7654,2EG2,A,2EG2.A,2EG2_1,RCSB30_1670,mapped
2egwA,1,0.9493,2EGW,A,2EGW.A,2EGW_1,RCSB30_62798,mapped
2egyB,3,0.9094,2EGY,B,2EGY.B,2EGY_1,RCSB30_7651,mapped
2egzB,1,0.8305,2EGZ,B,2EGZ.B,2EGZ_1,RCSB30_1568,mapped
2eh8A,3,0.732,2EH8,A,2EH8.A,2EH8_1,RCSB30_527,mapped
2ei1A,1,0.8715,2EI1,A,2EI1.A,2EI1_1,RCSB30_4990,mapped
2ej9A,1,0.7764,2EJ9,A,2EJ9.A,2EJ9_1,RCSB30_5223,mapped
2ejkA,2,0.9027,2EJK,A,2EJK.A,2EJK_1,RCSB30_902,mapped
2ejvB,3,0.6196,2EJV,B,2EJV.B,2EJV_1,RCSB30_11452,mapped
2ejyA,1,0.7271,2EJY,A,2EJY.A,2EJY_1,RCSB30_3262,mapped
2ek9A,1,0.862,2EK9,A,2EK9.A,2EK9_1,RCSB30_32256,mapped
2eklA,3,0.615,2EKL,A,2EKL.A,2EKL_1,RCSB30_1515,mapped
2eknA,2,0.4683,2EKN,A,2EKN.A,2EKN_1,RCSB30_1169,mapped
2eo5A,2,0.7086,2EO5,A,2EO5.A,2EO5_1,RCSB30_2943,mapped
2eo7A,1,0.5478,2EO7,A,2EO7.A,2EO7_1,RCSB30_17551,mapped
2ep7B,3,0.5309,2EP7,B,2EP7.B,2EP7_1,RCSB30_304,mapped
2epjA,1,0.6944,2EPJ,A,2EPJ.A,2EPJ_1,RCSB30_145,mapped
2eq9G,1,0.9319,2EQ9,G,2EQ9.G,2EQ9_1,RCSB30_4505,mapped
2erpB,3,0.815,2ERP,B,2ERP.B,2ERP_1,RCSB30_2346,mapped
2erxA,1,0.866,2ERX,A,2ERX.A,2ERX_1,RCSB30_11073,mapped
2eryA,1,0.8764,2ERY,A,2ERY.A,2ERY_1,RCSB30_5040,mapped
2esrB,1,0.5501,2ESR,B,2ESR.B,2ESR_1,RCSB30_47051,mapped
2eufB,1,0.6864,2EUF,B,2EUF.B,2EUF_2,RCSB30_3975,mapped
2eugA,1,0.5212,2EUG,A,2EUG.A,2EUG_1,RCSB30_1401,mapped
2euhA,2,0.7256,2EUH,A,2EUH.A,2EUH_1,RCSB30_68,mapped
2evaA,2,0.9211,2EVA,A,2EVA.A,2EVA_1,RCSB30_6239,mapped
2ew1A,1,0.9769,2EW1,A,2EW1.A,2EW1_1,RCSB30_4200,mapped
2ew5A,1,0.8808,2EW5,A,2EW5.A,2EW5_1,RCSB30_4006,mapped
2eweA,3,0.6382,2EWE,A,2EWE.A,2EWE_1,RCSB30_7803,mapped
2ewmB,1,0.7732,2EWM,B,2EWM.B,2EWM_1,RCSB30_4665,mapped
2ewsA,1,0.7358,2EWS,A,2EWS.A,2EWS_1,RCSB30_6480,mapped
2ewwA,2,0.4803,2EWW,A,2EWW.A,2EWW_1,RCSB30_6107,mapped
2ex1A,1,0.8527,2EX1,A,2EX1.A,2EX1_1,RCSB30_8659,mapped
2ex4A,2,0.8144,2EX4,A,2EX4.A,2EX4_1,RCSB30_4583,mapped
2exkC,1,0.774,2EXK,C,2EXK.C,2EXK_1,RCSB30_7906,mapped
2exrA,1,0.5478,2EXR,A,2EXR.A,2EXR_1,RCSB30_1995,mapped
2exuA,1,0.7742,2EXU,A,2EXU.A,2EXU_1,RCSB30_22052,mapped
2exxA,1,0.882,2EXX,A,2EXX.A,2EXX_1,RCSB30_5129,mapped
2f01A,1,1.0,2F01,A,2F01.A,2F01_1,RCSB30_632,mapped
2f02B,1,0.6428,2F02,B,2F02.B,2F02_1,RCSB30_3540,mapped
2f07A,1,0.6573,2F07,A,2F07.A,2F07_1,RCSB30_86790,mapped
2f12A,1,0.5425,2F12,A,2F12.A,2F12_1,RCSB30_6799,mapped
2f1kD,2,0.6977,2F1K,D,2F1K.D,2F1K_1,RCSB30_8563,mapped
2f2gB,1,0.9613,2F2G,B,2F2G.B,2F2G_1,RCSB30_28808,mapped
2f2tB,3,0.8339,2F2T,B,2F2T.B,2F2T_1,RCSB30_17011,mapped
2f48A,1,0.8156,2F48,A,2F48.A,2F48_1,RCSB30_4861,mapped
2f5tA,1,0.7892,2F5T,A,2F5T.A,2F5T_1,RCSB30_47260,mapped
2f5xA,3,0.7874,2F5X,A,2F5X.A,2F5X_1,RCSB30_36409,mapped
2f6jA,2,0.5256,2F6J,A,2F6J.A,2F6J_1,RCSB30_4530,mapped
2f6rA,1,0.59,2F6R,A,2F6R.A,2F6R_1,RCSB30_12217,mapped
2f6uA,2,0.8566,2F6U,A,2F6U.A,2F6U_1,RCSB30_2793,mapped
2f8dB,2,0.7933,2F8D,B,2F8D.B,2F8D_1,RCSB30_3906,mapped
2f8jA,1,0.8844,2F8J,A,2F8J.A,2F8J_1,RCSB30_24183,mapped
2f8lA,1,0.8501,2F8L,A,2F8L.A,2F8L_1,RCSB30_65600,mapped
2f99A,1,0.8528,2F99,A,2F99.A,2F99_1,RCSB30_26103,mapped
2f9aA,1,0.5167,2F9A,A,2F9A.A,2F9A_1,RCSB30_3693,mapped
2f9qA,1,0.6618,2F9Q,A,2F9Q.A,2F9Q_1,RCSB30_426,mapped
2fa0A,3,0.704,2FA0,A,2FA0.A,2FA0_1,RCSB30_3693,mapped
2fapA,1,0.8104,2FAP,A,2FAP.A,2FAP_1,RCSB30_1447,mapped
2faqB,2,0.8134,2FAQ,B,2FAQ.B,2FAQ_1,RCSB30_22513,mapped
2favB,1,0.7169,2FAV,B,2FAV.B,2FAV_1,RCSB30_44,mapped
2fcvB,1,0.6506,2FCV,B,2FCV.B,2FCV_1,RCSB30_32923,mapped
2ffcA,1,0.8813,2FFC,A,2FFC.A,2FFC_1,RCSB30_9147,mapped
2fg5A,1,0.7246,2FG5,A,2FG5.A,2FG5_1,RCSB30_8545,mapped
2fg6A,1,0.8722,2FG6,A,2FG6.A,2FG6_1,RCSB30_35272,mapped
2fgeA,1,0.5414,2FGE,A,2FGE.A,2FGE_1,RCSB30_26198,mapped
2fghB,1,0.4551,2FGH,B,2FGH.B,2FGH_1,RCSB30_1457,mapped
2fh5B,1,0.6787,2FH5,B,2FH5.B,2FH5_2,RCSB30_9262,mapped
2fh8A,2,0.8314,2FH8,A,2FH8.A,2FH8_1,RCSB30_6293,mapped
2fiwA,1,0.7232,2FIW,A,2FIW.A,2FIW_1,RCSB30_39472,mapped
2fjdB,2,0.7238,2FJD,B,2FJD.B,2FJD_1,RCSB30_25024,mapped
2fknB,1,0.7832,2FKN,B,2FKN.B,2FKN_1,RCSB30_1031,mapped
2fl5H,2,0.8711,2FL5,H,2FL5.H,2FL5_2,RCSB30_1,mapped
2fljA,1,0.5931,2FLJ,A,2FLJ.A,2FLJ_1,RCSB30_11960,mapped
2fmbA,2,0.917,2FMB,A,2FMB.A,2FMB_1,RCSB30_73546,mapped
2fmtC,1,0.6878,2FMT,C,2FMT.C,2FMT_2,RCSB30_4131,mapped
2fn1A,1,0.8306,2FN1,A,2FN1.A,2FN1_1,RCSB30_9358,mapped
2fn4A,1,0.7077,2FN4,A,2FN4.A,2FN4_1,RCSB30_5040,mapped
2fn8A,2,1.0,2FN8,A,2FN8.A,2FN8_1,RCSB30_16583,mapped
2fnaA,1,0.8936,2FNA,A,2FNA.A,2FNA_1,RCSB30_71535,mapped
2fniA,1,0.8231,2FNI,A,2FNI.A,2FNI_1,RCSB30_35083,mapped
2fo5B,1,0.5137,2FO5,B,2FO5.B,2FO5_1,RCSB30_735,mapped
2fp2B,1,0.9653,2FP2,B,2FP2.B,2FP2_1,RCSB30_19609,mapped
2fpdC,2,0.4254,2FPD,C,2FPD.C,2FPD_1,RCSB30_12423,mapped
2fpgB,1,0.7379,2FPG,B,2FPG.B,2FPG_2,RCSB30_247,mapped
2fpkA,2,0.7003,2FPK,A,2FPK.A,2FPK_1,RCSB30_612,mapped
2fpuB,1,0.8269,2FPU,B,2FPU.B,2FPU_1,RCSB30_1191,mapped
2fqfA,2,0.6831,2FQF,A,2FQF.A,2FQF_1,RCSB30_3524,mapped
2fqyA,1,0.8283,2FQY,A,2FQY.A,2FQY_1,RCSB30_11875,mapped
2fr0A,3,0.6361,2FR0,A,2FR0.A,2FR0_1,RCSB30_3141,mapped
2fr6B,1,0.795,2FR6,B,2FR6.B,2FR6_1,RCSB30_4167,mapped
2fr8A,1,0.4561,2FR8,A,2FR8.A,2FR8_1,RCSB30_1792,mapped
2fsiB,3,0.4587,2FSI,B,2FSI.B,2FSI_1,RCSB30_566,mapped
2fsnB,1,0.7814,2FSN,B,2FSN.B,2FSN_1,RCSB30_40626,mapped
2fsoA,2,0.8382,2FSO,A,2FSO.A,2FSO_1,RCSB30_286,mapped
2ft0A,3,0.6887,2FT0,A,2FT0.A,2FT0_1,RCSB30_29554,mapped
2ftbA,1,0.5613,2FTB,A,2FTB.A,2FTB_1,RCSB30_4614,mapped
2fugI,1,0.9266,2FUG,I,2FUG.I,2FUG_1,RCSB30_5185,mapped
2fupA,1,0.9623,2FUP,A,2FUP.A,2FUP_1,RCSB30_71687,mapped
2fv7A,1,0.8452,2FV7,A,2FV7.A,2FV7_1,RCSB30_11075,mapped
2fvkD,1,0.5275,2FVK,D,2FVK.D,2FVK_1,RCSB30_10644,mapped
2fxvB,1,0.7715,2FXV,B,2FXV.B,2FXV_1,RCSB30_1161,mapped
2fy5A,1,0.6388,2FY5,A,2FY5.A,2FY5_1,RCSB30_4196,mapped
2fynQ,1,0.9011,2FYN,Q,2FYN.Q,2FYN_2,RCSB30_7379,mapped
2fz5A,1,0.9302,2FZ5,A,2FZ5.A,2FZ5_1,RCSB30_10498,mapped
2fzeA,1,0.7504,2FZE,A,2FZE.A,2FZE_1,RCSB30_434,mapped
2fzmA,1,0.8962,2FZM,A,2FZM.A,2FZM_1,RCSB30_2797,mapped
2g0bA,1,0.9035,2G0B,A,2G0B.A,2G0B_1,RCSB30_139607,mapped
2g2lA,1,0.8381,2G2L,A,2G2L.A,2G2L_1,RCSB30_3989,mapped
2g2zA,1,0.4908,2G2Z,A,2G2Z.A,2G2Z_1,RCSB30_5741,mapped
2g3fB,1,0.4811,2G3F,B,2G3F.B,2G3F_1,RCSB30_684,mapped
2g3hA,1,0.7357,2G3H,A,2G3H.A,2G3H_1,RCSB30_16334,mapped
2g3nA,3,0.7015,2G3N,A,2G3N.A,2G3N_1,RCSB30_17638,mapped
2g5cD,1,0.7432,2G5C,D,2G5C.D,2G5C_1,RCSB30_31427,mapped
2g6bA,1,0.8513,2G6B,A,2G6B.A,2G6B_1,RCSB30_3080,mapped
2g77B,1,0.9276,2G77,B,2G77.B,2G77_2,RCSB30_12079,mapped
2g8gA,2,0.5745,2G8G,A,2G8G.A,2G8G_1,RCSB30_1336,mapped
2g8iC,2,0.6014,2G8I,C,2G8I.C,2G8I_3,RCSB30_2263,mapped
2g99A,1,0.7459,2G99,A,2G99.A,2G99_1,RCSB30_831,mapped
2g9uA,1,0.5377,2G9U,A,2G9U.A,2G9U_1,RCSB30_510,mapped
2ga4A,1,0.6103,2GA4,A,2GA4.A,2GA4_1,RCSB30_10254,mapped
2gamB,1,0.5108,2GAM,B,2GAM.B,2GAM_1,RCSB30_9415,mapped
2gaoA,2,0.8044,2GAO,A,2GAO.A,2GAO_1,RCSB30_1721,mapped
2gb4A,1,0.6512,2GB4,A,2GB4.A,2GB4_1,RCSB30_8481,mapped
2gbbD,2,1.0,2GBB,D,2GBB.D,2GBB_1,RCSB30_96824,mapped
2gbpA,1,1.0,2GBP,A,2GBP.A,2GBP_1,RCSB30_8704,mapped
2gbxE,1,0.9466,2GBX,E,2GBX.E,2GBX_1,RCSB30_2796,mapped
2gc4P,1,0.9562,2GC4,P,2GC4.P,2GC4_4,RCSB30_21967,mapped
2gcgB,1,0.7848,2GCG,B,2GCG.B,2GCG_1,RCSB30_2204,mapped
2gd2D,7,0.6682,2GD2,D,2GD2.D,2GD2_1,RCSB30_4316,mapped
2gdrA,1,0.6613,2GDR,A,2GDR.A,2GDR_1,RCSB30_7920,mapped
2gduA,1,0.7684,2GDU,A,2GDU.A,2GDU_1,RCSB30_8677,mapped
2gdzA,1,0.6899,2GDZ,A,2GDZ.A,2GDZ_1,RCSB30_2135,mapped
2ge3C,1,0.7472,2GE3,C,2GE3.C,2GE3_1,RCSB30_31821,mapped
2gekA,2,0.6689,2GEK,A,2GEK.A,2GEK_1,RCSB30_20086,mapped
2gesA,1,0.7912,2GES,A,2GES.A,2GES_1,RCSB30_670,mapped
2gfjB,1,0.97,2GFJ,B,2GFJ.B,2GFJ_1,RCSB30_2254,mapped
2gftA,1,0.7363,2GFT,A,2GFT.A,2GFT_1,RCSB30_16246,mapped
2ggqA,9,0.6814,2GGQ,A,2GGQ.A,2GGQ_1,RCSB30_14471,mapped
2ggsA,2,0.571,2GGS,A,2GGS.A,2GGS_1,RCSB30_6932,mapped
2gh4A,3,0.9472,2GH4,A,2GH4.A,2GH4_1,RCSB30_24559,mapped
2gh9A,1,0.8302,2GH9,A,2GH9.A,2GH9_1,RCSB30_16978,mapped
2ghaB,1,0.9221,2GHA,B,2GHA.B,2GHA_1,RCSB30_16978,mapped
2ghqA,1,0.7234,2GHQ,A,2GHQ.A,2GHQ_1,RCSB30_4218,mapped
2gilB,1,0.9563,2GIL,B,2GIL.B,2GIL_1,RCSB30_3624,mapped
2gj3B,1,0.7861,2GJ3,B,2GJ3.B,2GJ3_1,RCSB30_53984,mapped
2gj8B,1,0.956,2GJ8,B,2GJ8.B,2GJ8_1,RCSB30_197,mapped
2gjnA,1,0.6052,2GJN,A,2GJN.A,2GJN_1,RCSB30_7917,mapped
2gk6A,2,0.813,2GK6,A,2GK6.A,2GK6_1,RCSB30_10808,mapped
2gkeA,3,0.9684,2GKE,A,2GKE.A,2GKE_1,RCSB30_544,mapped
2gluA,1,0.7473,2GLU,A,2GLU.A,2GLU_1,RCSB30_22381,mapped
2glxD,1,0.7829,2GLX,D,2GLX.D,2GLX_1,RCSB30_45411,mapped
2gm3D,1,0.9727,2GM3,D,2GM3.D,2GM3_1,RCSB30_21039,mapped
2gm8D,2,0.9614,2GM8,D,2GM8.D,2GM8_1,RCSB30_20151,mapped
2gmjB,1,0.769,2GMJ,B,2GMJ.B,2GMJ_1,RCSB30_5214,mapped
2gmsA,1,0.8949,2GMS,A,2GMS.A,2GMS_1,RCSB30_18019,mapped
2gnkA,1,0.8485,2GNK,A,2GNK.A,2GNK_1,RCSB30_1670,mapped
2gnvA,1,0.9495,2GNV,A,2GNV.A,2GNV_1,RCSB30_2183,mapped
2gooC,3,0.9436,2GOO,C,2GOO.C,2GOO_3,RCSB30_6966,mapped
2goyD,2,0.7122,2GOY,D,2GOY.D,2GOY_1,RCSB30_14647,mapped
2gpjA,1,0.6561,2GPJ,A,2GPJ.A,2GPJ_1,RCSB30_13781,mapped
2gpvF,1,0.9545,2GPV,F,2GPV.F,2GPV_1,RCSB30_3633,mapped
2gqfA,1,0.7438,2GQF,A,2GQF.A,2GQF_1,RCSB30_14582,mapped
2gqrA,1,0.5255,2GQR,A,2GQR.A,2GQR_1,RCSB30_332,mapped
2gqtA,1,0.7891,2GQT,A,2GQT.A,2GQT_1,RCSB30_14492,mapped
2gqwA,1,0.7322,2GQW,A,2GQW.A,2GQW_1,RCSB30_2999,mapped
2gr6A,1,0.8604,2GR6,A,2GR6.A,2GR6_1,RCSB30_1389,mapped
2gs9A,1,0.7115,2GS9,A,2GS9.A,2GS9_1,RCSB30_124567,mapped
2gsiB,2,0.8801,2GSI,B,2GSI.B,2GSI_2,RCSB30_1,mapped
2gsuB,1,0.8204,2GSU,B,2GSU.B,2GSU_1,RCSB30_19345,mapped
2gteB,1,0.9594,2GTE,B,2GTE.B,2GTE_1,RCSB30_10751,mapped
2gtlH,1,0.9507,2GTL,H,2GTL.H,2GTL_4,RCSB30_2325,mapped
2gtlJ,1,0.8849,2GTL,J,2GTL.J,2GTL_2,RCSB30_2325,mapped
2gtlK,1,0.8908,2GTL,K,2GTL.K,2GTL_3,RCSB30_2325,mapped
2gtvA,1,0.8195,2GTV,A,2GTV.A,2GTV_1,RCSB30_14833,mapped
2guzF,3,0.4538,2GUZ,F,2GUZ.F,2GUZ_2,RCSB30_13642,mapped
2gvvA,2,0.8377,2GVV,A,2GVV.A,2GVV_1,RCSB30_6279,mapped
2gwcD,1,0.6455,2GWC,D,2GWC.D,2GWC_1,RCSB30_10468,mapped
2gwlA,5,0.5949,2GWL,A,2GWL.A,2GWL_1,RCSB30_22710,mapped
2gxqA,2,0.6724,2GXQ,A,2GXQ.A,2GXQ_1,RCSB30_4674,mapped
2gyoA,1,0.8285,2GYO,A,2GYO.A,2GYO_1,RCSB30_276,mapped
2gz2B,2,0.8416,2GZ2,B,2GZ2.B,2GZ2_1,RCSB30_3278,mapped
2gzmD,1,0.8578,2GZM,D,2GZM.D,2GZM_1,RCSB30_801,mapped
2h00B,1,0.7931,2H00,B,2H00.B,2H00_1,RCSB30_13722,mapped
2h16C,2,0.9629,2H16,C,2H16.C,2H16_1,RCSB30_3552,mapped
2h1fA,1,0.6321,2H1F,A,2H1F.A,2H1F_1,RCSB30_19463,mapped
2h1tA,1,0.6532,2H1T,A,2H1T.A,2H1T_1,RCSB30_74707,mapped
2h29B,1,0.8751,2H29,B,2H29.B,2H29_1,RCSB30_953,mapped
2h2gA,1,0.6241,2H2G,A,2H2G.A,2H2G_1,RCSB30_7684,mapped
2h3hA,2,0.9031,2H3H,A,2H3H.A,2H3H_1,RCSB30_20349,mapped
2h3qA,2,0.8563,2H3Q,A,2H3Q.A,2H3Q_1,RCSB30_519,mapped
2h42A,1,0.8863,2H42,A,2H42.A,2H42_1,RCSB30_1773,mapped
2h57A,1,1.0,2H57,A,2H57.A,2H57_1,RCSB30_5907,mapped
2h58A,2,0.7434,2H58,A,2H58.A,,SINGLETON_2h58A,missing_entity
2h5eA,2,0.7853,2H5E,A,2H5E.A,2H5E_1,RCSB30_521,mapped
2h5zB,1,0.7967,2H5Z,B,2H5Z.B,2H5Z_1,RCSB30_13074,mapped
2h63A,1,0.7665,2H63,A,2H63.A,2H63_1,RCSB30_24628,mapped
2h6fA,3,0.5294,2H6F,A,2H6F.A,2H6F_1,RCSB30_1708,mapped
2h6tA,1,0.7204,2H6T,A,2H6T.A,2H6T_1,RCSB30_5916,mapped
2h72A,2,1.0,2H72,A,2H72.A,2H72_1,RCSB30_2998,mapped
2h8gA,1,0.6234,2H8G,A,2H8G.A,2H8G_1,RCSB30_12810,mapped
2h8kB,2,0.8304,2H8K,B,2H8K.B,2H8K_1,RCSB30_2233,mapped
2h8xA,1,0.6986,2H8X,A,2H8X.A,2H8X_1,RCSB30_1944,mapped
2h92A,2,0.8209,2H92,A,2H92.A,2H92_1,RCSB30_179,mapped
2h9vA,2,0.9434,2H9V,A,2H9V.A,2H9V_1,RCSB30_2944,mapped
2ha8A,1,0.8495,2HA8,A,2HA8.A,2HA8_1,RCSB30_26726,mapped
2haeC,1,0.7014,2HAE,C,2HAE.C,2HAE_1,RCSB30_32482,mapped
2hbmA,3,0.6813,2HBM,A,2HBM.A,2HBM_1,RCSB30_6681,mapped
2hd0B,1,0.9088,2HD0,B,2HD0.B,2HD0_1,RCSB30_117647,mapped
2hd1A,1,0.8412,2HD1,A,2HD1.A,2HD1_1,RCSB30_6251,mapped
2hd9A,1,0.4903,2HD9,A,2HD9.A,2HD9_1,RCSB30_20083,mapped
2hdjB,1,0.7132,2HDJ,B,2HDJ.B,2HDJ_1,RCSB30_366,mapped
2hdxE,2,0.6574,2HDX,E,2HDX.E,2HDX_1,RCSB30_13196,mapped
2he5B,1,0.836,2HE5,B,2HE5.B,2HE5_1,RCSB30_366,mapped
2henD,1,0.851,2HEN,D,2HEN.D,2HEN_1,RCSB30_581,mapped
2hfkB,1,0.5673,2HFK,B,2HFK.B,2HFK_1,RCSB30_6310,mapped
2hfnJ,1,0.9684,2HFN,J,2HFN.J,2HFN_1,RCSB30_28374,mapped
2hfuA,1,0.5969,2HFU,A,2HFU.A,2HFU_1,RCSB30_31613,mapped
2hgvA,1,0.6144,2HGV,A,2HGV.A,2HGV_1,RCSB30_1626,mapped
2hgxA,1,0.7317,2HGX,A,2HGX.A,2HGX_1,RCSB30_2189,mapped
2hi7B,2,0.9076,2HI7,B,2HI7.B,2HI7_2,RCSB30_3237,mapped
2hixA,1,0.8869,2HIX,A,2HIX.A,2HIX_1,RCSB30_17218,mapped
2hj0B,3,0.401,2HJ0,B,2HJ0.B,2HJ0_1,RCSB30_23075,mapped
2hj9B,2,0.9255,2HJ9,B,2HJ9.B,2HJ9_1,RCSB30_19745,mapped
2hk1D,1,0.6631,2HK1,D,2HK1.D,2HK1_1,RCSB30_4234,mapped
2hkxA,1,0.5892,2HKX,A,2HKX.A,2HKX_1,RCSB30_40632,mapped
2hm9A,1,0.7059,2HM9,A,2HM9.A,2HM9_1,RCSB30_899,mapped
2hmaA,1,0.676,2HMA,A,2HMA.A,2HMA_1,RCSB30_458,mapped
2hmuB,1,0.952,2HMU,B,2HMU.B,2HMU_1,RCSB30_6983,mapped
2hndA,1,0.9692,2HND,A,2HND.A,2HND_1,RCSB30_42,mapped
2hnuA,2,0.9577,2HNU,A,2HNU.A,2HNU_1,RCSB30_6172,mapped
2hrbA,1,0.7076,2HRB,A,2HRB.A,2HRB_1,RCSB30_2017,mapped
2hs8B,1,0.9095,2HS8,B,2HS8.B,2HS8_1,RCSB30_2138,mapped
2ht6A,2,0.8948,2HT6,A,2HT6.A,2HT6_1,RCSB30_7390,mapped
2ht7A,1,0.6908,2HT7,A,2HT7.A,2HT7_1,RCSB30_588,mapped
2htwA,1,0.4672,2HTW,A,2HTW.A,2HTW_1,RCSB30_588,mapped
2hu7B,2,0.6858,2HU7,B,2HU7.B,2HU7_1,RCSB30_14517,mapped
2hunA,1,0.7491,2HUN,A,2HUN.A,2HUN_1,RCSB30_4354,mapped
2hupA,2,0.9253,2HUP,A,2HUP.A,2HUP_1,RCSB30_5407,mapped
2hv7C,3,0.6751,2HV7,C,2HV7.C,2HV7_1,RCSB30_16434,mapped
2hv8A,1,0.9777,2HV8,A,2HV8.A,2HV8_1,RCSB30_1436,mapped
2hveA,2,0.7234,2HVE,A,2HVE.A,2HVE_1,RCSB30_1949,mapped
2hvsG,1,0.9413,2HVS,G,2HVS.G,2HVS_4,RCSB30_45554,mapped
2hxuA,1,0.7352,2HXU,A,2HXU.A,2HXU_1,RCSB30_10311,mapped
2hxwB,1,0.6734,2HXW,B,2HXW.B,2HXW_1,RCSB30_26115,mapped
2hyiE,1,0.91,2HYI,E,2HYI.E,2HYI_4,RCSB30_947,mapped
2hz2A,1,0.8803,2HZ2,A,2HZ2.A,2HZ2_1,RCSB30_5060,mapped
2hzpA,2,0.7411,2HZP,A,2HZP.A,2HZP_1,RCSB30_12067,mapped
2hzqA,1,0.7116,2HZQ,A,2HZQ.A,2HZQ_1,RCSB30_11056,mapped
2i04C,1,0.7188,2I04,C,2I04.C,2I04_1,RCSB30_3989,mapped
2i0gA,1,0.9748,2I0G,A,2I0G.A,2I0G_1,RCSB30_3753,mapped
2i0zA,1,0.869,2I0Z,A,2I0Z.A,2I0Z_1,RCSB30_14582,mapped
2i22C,3,0.7281,2I22,C,2I22.C,2I22_1,RCSB30_1901,mapped
2i2fA,2,0.5592,2I2F,A,2I2F.A,2I2F_1,RCSB30_1074,mapped
2i2qA,3,0.4035,2I2Q,A,2I2Q.A,2I2Q_1,RCSB30_2035,mapped
2i39E,2,1.0,2I39,E,2I39.E,2I39_1,RCSB30_24268,mapped
2i3hA,1,0.7319,2I3H,A,2I3H.A,2I3H_1,RCSB30_13019,mapped
2i4gA,2,0.87,2I4G,A,2I4G.A,2I4G_1,RCSB30_9562,mapped
2i4oA,1,0.6829,2I4O,A,2I4O.A,2I4O_1,RCSB30_160,mapped
2i54C,1,0.6729,2I54,C,2I54.C,2I54_1,RCSB30_2888,mapped
2i57D,3,0.9671,2I57,D,2I57.D,2I57_1,RCSB30_10138,mapped
2i58A,1,0.7793,2I58,A,2I58.A,2I58_1,RCSB30_23517,mapped
2i5bD,1,0.9271,2I5B,D,2I5B.D,2I5B_1,RCSB30_3700,mapped
2i5sA,1,0.8335,2I5S,A,2I5S.A,2I5S_1,RCSB30_6258,mapped
2i6aC,1,0.5599,2I6A,C,2I6A.C,2I6A_1,RCSB30_4725,mapped
2i76A,3,0.7277,2I76,A,2I76.A,2I76_1,RCSB30_111884,mapped
2i79E,1,0.8874,2I79,E,2I79.E,2I79_1,RCSB30_74470,mapped
2i7dB,1,0.7738,2I7D,B,2I7D.B,2I7D_1,RCSB30_5713,mapped
2i89C,1,1.0,2I89,C,2I89.C,2I89_1,RCSB30_1639,mapped
2i8cB,5,0.4871,2I8C,B,2I8C.B,2I8C_1,RCSB30_645,mapped
2i8tA,1,0.9133,2I8T,A,2I8T.A,2I8T_1,RCSB30_18859,mapped
2i9pC,1,0.7233,2I9P,C,2I9P.C,2I9P_1,RCSB30_4048,mapped
2i9uB,1,0.9625,2I9U,B,2I9U.B,2I9U_1,RCSB30_5416,mapped
2iagA,1,0.7721,2IAG,A,2IAG.A,2IAG_1,RCSB30_6518,mapped
2ibjA,1,0.9724,2IBJ,A,2IBJ.A,2IBJ_1,RCSB30_1639,mapped
2ibsE,1,0.9785,2IBS,E,2IBS.E,2IBS_3,RCSB30_14844,mapped
2ibyA,1,0.7082,2IBY,A,2IBY.A,2IBY_1,RCSB30_733,mapped
2ichA,1,0.6403,2ICH,A,2ICH.A,2ICH_1,RCSB30_90605,mapped
2icsA,1,0.4963,2ICS,A,2ICS.A,2ICS_1,RCSB30_20496,mapped
2icxB,2,0.7108,2ICX,B,2ICX.B,2ICX_1,RCSB30_2574,mapped
2idoA,1,0.8782,2IDO,A,2IDO.A,2IDO_1,RCSB30_8895,mapped
2if8A,2,0.7496,2IF8,A,2IF8.A,2IF8_1,RCSB30_51338,mapped
2ifbA,1,0.8836,2IFB,A,2IFB.A,2IFB_1,RCSB30_8639,mapped
2ifrA,1,0.567,2IFR,A,2IFR.A,2IFR_1,RCSB30_18915,mapped
2ig3B,1,0.9558,2IG3,B,2IG3.B,2IG3_1,RCSB30_83857,mapped
2igbA,1,0.7014,2IGB,A,2IGB.A,2IGB_1,RCSB30_1004,mapped
2igqA,1,1.0,2IGQ,A,2IGQ.A,2IGQ_1,RCSB30_7882,mapped
2igtA,1,0.5674,2IGT,A,2IGT.A,2IGT_1,RCSB30_45076,mapped
2igwA,3,0.8993,2IGW,A,2IGW.A,2IGW_1,RCSB30_1672,mapped
2ii5G,3,0.8491,2II5,G,2II5.G,2II5_1,RCSB30_2847,mapped
2iipB,1,0.8082,2IIP,B,2IIP.B,2IIP_1,RCSB30_2210,mapped
2iizA,1,0.7284,2IIZ,A,2IIZ.A,2IIZ_1,RCSB30_8239,mapped
2ij5C,1,0.861,2IJ5,C,2IJ5.C,2IJ5_1,RCSB30_2410,mapped
2ijmB,1,0.8744,2IJM,B,2IJM.B,2IJM_1,RCSB30_2299,mapped
2ikfA,1,0.6575,2IKF,A,2IKF.A,2IKF_1,RCSB30_17706,mapped
2iluA,11,0.5147,2ILU,A,2ILU.A,2ILU_1,RCSB30_1058,mapped
2imgA,2,0.8707,2IMG,A,2IMG.A,2IMG_1,RCSB30_20325,mapped
2imlD,1,0.6498,2IML,D,2IML.D,2IML_1,RCSB30_85909,mapped
2in6A,1,0.7874,2IN6,A,2IN6.A,2IN6_1,RCSB30_4691,mapped
2io7B,1,0.7593,2IO7,B,2IO7.B,2IO7_1,RCSB30_9185,mapped
2iopA,2,0.8901,2IOP,A,2IOP.A,2IOP_1,RCSB30_412,mapped
2ioyA,1,1.0,2IOY,A,2IOY.A,2IOY_1,RCSB30_11330,mapped
2iphA,1,0.8822,2IPH,A,2IPH.A,2IPH_1,RCSB30_1726,mapped
2ipxA,2,0.7559,2IPX,A,2IPX.A,2IPX_1,RCSB30_1090,mapped
2is6C,3,0.7816,2IS6,C,2IS6.C,2IS6_2,RCSB30_4004,mapped
2issA,1,0.8864,2ISS,A,2ISS.A,2ISS_1,RCSB30_601,mapped
2itmA,1,0.6233,2ITM,A,2ITM.A,2ITM_1,RCSB30_13169,mapped
2iuuE,1,0.737,2IUU,E,2IUU.E,2IUU_1,RCSB30_8584,mapped
2iuwA,1,0.5373,2IUW,A,2IUW.A,2IUW_1,RCSB30_21697,mapped
2iv3B,1,0.7603,2IV3,B,2IV3.B,2IV3_1,RCSB30_97218,mapped
2iv7A,1,0.6747,2IV7,A,2IV7.A,2IV7_1,RCSB30_17448,mapped
2ivfC,1,0.7972,2IVF,C,2IVF.C,2IVF_3,RCSB30_245548,mapped
2ivpA,1,0.7766,2IVP,A,2IVP.A,2IVP_1,RCSB30_3277,mapped
2iwzB,2,0.7775,2IWZ,B,2IWZ.B,2IWZ_1,RCSB30_1649,mapped
2ix4A,1,0.537,2IX4,A,2IX4.A,2IX4_1,RCSB30_1649,mapped
2ix9A,1,0.5891,2IX9,A,2IX9.A,2IX9_1,RCSB30_15884,mapped
2ixcA,1,0.5632,2IXC,A,2IXC.A,2IXC_1,RCSB30_9507,mapped
2iyoA,2,0.7541,2IYO,A,2IYO.A,2IYO_1,RCSB30_1441,mapped
2izzA,1,0.8058,2IZZ,A,2IZZ.A,2IZZ_1,RCSB30_1858,mapped
2j0dB,1,0.9249,2J0D,B,2J0D.B,2J0D_1,RCSB30_1171,mapped
2j1eA,1,0.8882,2J1E,A,2J1E.A,2J1E_1,RCSB30_8166,mapped
2j1lA,2,0.5835,2J1L,A,2J1L.A,2J1L_1,RCSB30_4840,mapped
2j1vA,2,0.9064,2J1V,A,2J1V.A,2J1V_1,RCSB30_12727,mapped
2j2mC,1,0.7798,2J2M,C,2J2M.C,2J2M_1,RCSB30_842,mapped
2j3iB,1,0.8244,2J3I,B,2J3I.B,2J3I_1,RCSB30_2206,mapped
2j3lA,1,0.9619,2J3L,A,2J3L.A,2J3L_1,RCSB30_160,mapped
2j4eH,1,0.9511,2J4E,H,2J4E.H,2J4E_1,RCSB30_2199,mapped
2j4hA,2,0.7905,2J4H,A,2J4H.A,2J4H_1,RCSB30_804,mapped
2j4lD,1,0.8853,2J4L,D,2J4L.D,2J4L_1,RCSB30_3353,mapped
2j4lH,1,0.8389,2J4L,H,2J4L.H,2J4L_1,RCSB30_3353,mapped
2j4rA,1,0.4734,2J4R,A,2J4R.A,2J4R_1,RCSB30_66473,mapped
2j59B,1,0.9274,2J59,B,2J59.B,2J59_1,RCSB30_873,mapped
2j5bA,1,0.6407,2J5B,A,2J5B.A,2J5B_1,RCSB30_2010,mapped
2j5sA,1,0.8873,2J5S,A,2J5S.A,2J5S_1,RCSB30_34364,mapped
2j5tC,3,0.9283,2J5T,C,2J5T.C,2J5T_1,RCSB30_315,mapped
2j61A,3,0.7951,2J61,A,2J61.A,2J61_1,RCSB30_4225,mapped
2j66A,1,0.7744,2J66,A,2J66.A,2J66_1,RCSB30_28833,mapped
2j6tA,1,0.8534,2J6T,A,2J6T.A,2J6T_1,RCSB30_1335,mapped
2j6xG,1,0.8792,2J6X,G,2J6X.G,2J6X_1,RCSB30_12755,mapped
2j72B,1,1.0,2J72,B,2J72.B,2J72_1,RCSB30_11456,mapped
2j77A,1,0.6085,2J77,A,2J77.A,2J77_1,RCSB30_1954,mapped
2j7qA,1,0.5733,2J7Q,A,2J7Q.A,2J7Q_1,RCSB30_22056,mapped
2j87A,1,0.7601,2J87,A,2J87.A,2J87_1,RCSB30_21848,mapped
2j8rB,2,0.7908,2J8R,B,2J8R.B,2J8R_1,RCSB30_9209,mapped
2j97A,1,0.8185,2J97,A,2J97.A,2J97_1,RCSB30_5440,mapped
2j9bA,1,0.8561,2J9B,A,2J9B.A,2J9B_1,RCSB30_2723,mapped
2j9dJ,1,0.8576,2J9D,J,2J9D.J,2J9D_1,RCSB30_15724,mapped
2j9lD,2,0.843,2J9L,D,2J9L.D,2J9L_1,RCSB30_4086,mapped
2j9pB,2,0.623,2J9P,B,2J9P.B,2J9P_1,RCSB30_10061,mapped
2j9rA,1,0.7709,2J9R,A,2J9R.A,2J9R_1,RCSB30_2784,mapped
2jahA,1,0.7486,2JAH,A,2JAH.A,2JAH_1,RCSB30_19707,mapped
2jasE,1,0.8182,2JAS,E,2JAS.E,2JAS_1,RCSB30_22087,mapped
2jbfD,1,0.7652,2JBF,D,2JBF.D,2JBF_1,RCSB30_50174,mapped
2jc3H,2,0.8238,2JC3,H,2JC3.H,2JC3_1,RCSB30_3863,mapped
2jc5A,1,0.749,2JC5,A,2JC5.A,2JC5_1,RCSB30_7448,mapped
2jcbA,7,0.6706,2JCB,A,2JCB.A,2JCB_1,RCSB30_13874,mapped
2jdcA,1,0.834,2JDC,A,2JDC.A,2JDC_1,RCSB30_49834,mapped
2jdmC,1,0.9079,2JDM,C,2JDM.C,2JDM_1,RCSB30_2645,mapped
2je2A,1,0.7857,2JE2,A,2JE2.A,2JE2_1,RCSB30_24123,mapped
2jeqA,3,0.5811,2JEQ,A,2JEQ.A,2JEQ_1,RCSB30_11451,mapped
2jf4A,2,1.0,2JF4,A,2JF4.A,2JF4_1,RCSB30_3467,mapped
2jfkB,1,0.5979,2JFK,B,2JFK.B,2JFK_1,RCSB30_3028,mapped
2jfoB,2,0.9374,2JFO,B,2JFO.B,2JFO_1,RCSB30_801,mapped
2jfqA,1,0.8121,2JFQ,A,2JFQ.A,2JFQ_1,RCSB30_801,mapped
2jfvA,1,0.6863,2JFV,A,2JFV.A,2JFV_1,RCSB30_801,mapped
2jfyB,3,0.9682,2JFY,B,2JFY.B,2JFY_1,RCSB30_801,mapped
2jg7C,1,0.7577,2JG7,C,2JG7.C,2JG7_1,RCSB30_68,mapped
2jgdA,3,0.8648,2JGD,A,2JGD.A,2JGD_1,RCSB30_1718,mapped
2jgrA,1,0.5036,2JGR,A,2JGR.A,2JGR_1,RCSB30_2815,mapped
2jgsA,1,0.9638,2JGS,A,2JGS.A,2JGS_1,RCSB30_3667,mapped
2jgvD,2,0.7483,2JGV,D,2JGV.D,2JGV_1,RCSB30_3540,mapped
2ji5B,1,0.8565,2JI5,B,2JI5.B,2JI5_1,RCSB30_3353,mapped
2jigA,1,0.8347,2JIG,A,2JIG.A,2JIG_1,RCSB30_11216,mapped
2jihB,1,0.7568,2JIH,B,2JIH.B,2JIH_1,RCSB30_5289,mapped
2jisA,1,0.7851,2JIS,A,2JIS.A,2JIS_1,RCSB30_13264,mapped
2jj4A,3,0.9684,2JJ4,A,2JJ4.A,2JJ4_1,RCSB30_427,mapped
2jj9A,2,0.8522,2JJ9,A,2JJ9.A,2JJ9_1,RCSB30_538,mapped
2jjeA,3,0.795,2JJE,A,2JJE.A,2JJE_1,RCSB30_4423,mapped
2jjqA,1,0.7652,2JJQ,A,2JJQ.A,2JJQ_1,RCSB30_20534,mapped
2jjyD,1,0.6734,2JJY,D,2JJY.D,2JJY_1,RCSB30_1340,mapped
2jk0G,1,0.7372,2JK0,G,2JK0.G,2JK0_1,RCSB30_1382,mapped
2jk6A,1,0.8516,2JK6,A,2JK6.A,2JK6_1,RCSB30_812,mapped
2jkpA,3,0.8037,2JKP,A,2JKP.A,2JKP_1,RCSB30_14417,mapped
2jkrD,1,0.6995,2JKR,D,2JKR.D,2JKR_3,RCSB30_2023,mapped
2jkzC,3,0.819,2JKZ,C,2JKZ.C,2JKZ_1,RCSB30_14511,mapped
2jl4B,1,0.6632,2JL4,B,2JL4.B,2JL4_1,RCSB30_977,mapped
2jlyA,3,0.7215,2JLY,A,2JLY.A,2JLY_1,RCSB30_48,mapped
2jxmB,1,0.9679,2JXM,B,2JXM.B,2JXM_2,RCSB30_4500,mapped
2k31A,1,0.8835,2K31,A,2K31.A,2K31_1,RCSB30_1773,mapped
2k4hA,1,0.6154,2K4H,A,2K4H.A,2K4H_1,RCSB30_33158,mapped
2k62A,2,0.833,2K62,A,2K62.A,2K62_1,RCSB30_4614,mapped
2k78A,1,0.8111,2K78,A,2K78.A,2K78_1,RCSB30_12925,mapped
2kb2A,1,0.8827,2KB2,A,2KB2.A,2KB2_1,RCSB30_11268,mapped
2kmxA,2,0.83,2KMX,A,2KMX.A,2KMX_1,RCSB30_1089,mapped
2kotB,1,0.8854,2KOT,B,2KOT.B,2KOT_1,RCSB30_3553,mapped
2kqdA,1,0.9269,2KQD,A,2KQD.A,2KQD_1,RCSB30_14081,mapped
2kr2A,2,0.7044,2KR2,A,2KR2.A,2KR2_1,RCSB30_9398,mapped
2krbA,1,0.7303,2KRB,A,2KRB.A,2KRB_1,RCSB30_1921,mapped
2krdA,1,0.752,2KRD,A,2KRD.A,2KRD_1,RCSB30_194,mapped
2ks9A,14,0.6006,2KS9,A,2KS9.A,2KS9_1,RCSB30_10034,mapped
2ksyA,1,0.9483,2KSY,A,2KSY.A,2KSY_1,RCSB30_7908,mapped
2kt4A,2,0.7927,2KT4,A,2KT4.A,2KT4_1,RCSB30_4772,mapped
2ktdA,4,0.6421,2KTD,A,2KTD.A,2KTD_1,RCSB30_4772,mapped
2l4dA,1,0.739,2L4D,A,2L4D.A,2L4D_1,RCSB30_99250,mapped
2l4kA,5,0.5963,2L4K,A,2L4K.A,2L4K_1,RCSB30_6243,mapped
2l6xA,1,0.4096,2L6X,A,2L6X.A,2L6X_1,RCSB30_8552,mapped
2lbdA,1,0.9389,2LBD,A,2LBD.A,2LBD_1,RCSB30_2613,mapped
2liqA,1,0.8047,2LIQ,A,2LIQ.A,2LIQ_1,RCSB30_44869,mapped
2lkdA,3,0.7216,2LKD,A,2LKD.A,2LKD_1,RCSB30_40969,mapped
2ll4A,1,0.7947,2LL4,A,2LL4.A,2LL4_1,RCSB30_50124,mapped
2ll8A,1,0.6574,2LL8,A,2LL8.A,2LL8_1,RCSB30_16550,mapped
2lmlA,1,0.7994,2LML,A,2LML.A,2LML_1,RCSB30_201733,mapped
2lp2A,2,0.5686,2LP2,A,2LP2.A,2LP2_1,RCSB30_6143,mapped
2lxyA,1,0.8211,2LXY,A,2LXY.A,2LXY_1,RCSB30_47084,mapped
2m0oA,1,0.7783,2M0O,A,2M0O.A,2M0O_1,RCSB30_12178,mapped
2m0uA,1,0.657,2M0U,A,2M0U.A,2M0U_1,RCSB30_5511,mapped
2m2wA,3,0.5347,2M2W,A,2M2W.A,2M2W_1,RCSB30_8057,mapped
2m3gC,1,0.7419,2M3G,C,2M3G.C,2M3G_1,RCSB30_780,mapped
2m9pA,1,0.7279,2M9P,A,2M9P.A,2M9P_1,RCSB30_48,mapped
2manA,1,0.5814,2MAN,A,2MAN.A,2MAN_1,RCSB30_17551,mapped
2mgeA,1,0.9574,2MGE,A,2MGE.A,2MGE_1,RCSB30_165,mapped
2mjpA,1,0.6885,2MJP,A,2MJP.A,2MJP_1,RCSB30_2199,mapped
2mtzA,1,0.5858,2MTZ,A,2MTZ.A,2MTZ_1,RCSB30_19170,mapped
2n14A,1,0.61,2N14,A,2N14.A,2N14_1,RCSB30_4315,mapped
2n5iA,1,0.7778,2N5I,A,2N5I.A,2N5I_1,RCSB30_22402,mapped
2nadB,1,0.8805,2NAD,B,2NAD.B,2NAD_1,RCSB30_2668,mapped
2ncdA,1,0.6676,2NCD,A,2NCD.A,2NCD_1,RCSB30_17193,mapped
2nmpA,1,0.8949,2NMP,A,2NMP.A,2NMP_1,RCSB30_965,mapped
2noxO,1,0.8787,2NOX,O,2NOX.O,2NOX_1,RCSB30_2965,mapped
2np5B,2,0.6758,2NP5,B,2NP5.B,2NP5_1,RCSB30_158997,mapped
2npnA,1,0.7344,2NPN,A,2NPN.A,2NPN_1,RCSB30_47175,mapped
2nq9D,1,0.5401,2NQ9,D,2NQ9.D,2NQ9_4,RCSB30_2948,mapped
2nqlB,2,0.6537,2NQL,B,2NQL.B,2NQL_1,RCSB30_46959,mapped
2nr4A,2,0.5734,2NR4,A,2NR4.A,2NR4_1,RCSB30_85909,mapped
2nr5A,1,0.9175,2NR5,A,2NR5.A,2NR5_1,RCSB30_175121,mapped
2ns8D,1,0.7367,2NS8,D,2NS8.D,2NS8_1,RCSB30_2693,mapped
2nspB,2,0.6472,2NSP,B,2NSP.B,2NSP_1,RCSB30_19732,mapped
2nt8A,3,0.7297,2NT8,A,2NT8.A,2NT8_1,RCSB30_14448,mapped
2ntfD,1,0.9186,2NTF,D,2NTF.D,2NTF_2,RCSB30_1,mapped
2ntkA,2,0.8809,2NTK,A,2NTK.A,2NTK_1,RCSB30_9091,mapped
2ntuA,1,0.9262,2NTU,A,2NTU.A,2NTU_1,RCSB30_780,mapped
2ntyC,1,0.9719,2NTY,C,2NTY.C,2NTY_2,RCSB30_3207,mapped
2nu9E,1,0.7301,2NU9,E,2NU9.E,2NU9_1,RCSB30_1491,mapped
2nudB,1,0.4125,2NUD,B,2NUD.B,2NUD_1,RCSB30_23465,mapped
2nv4A,1,0.8615,2NV4,A,2NV4.A,2NV4_1,RCSB30_21393,mapped
2nv9B,3,0.8115,2NV9,B,2NV9.B,2NV9_1,RCSB30_2809,mapped
2nw7D,1,0.8543,2NW7,D,2NW7.D,2NW7_1,RCSB30_2965,mapped
2nwbA,2,0.6095,2NWB,A,2NWB.A,2NWB_1,RCSB30_95576,mapped
2nx5P,1,0.886,2NX5,P,2NX5.P,2NX5_1,RCSB30_171,mapped
2nxyB,2,0.4976,2NXY,B,2NXY.B,2NXY_2,RCSB30_2330,mapped
2ny4D,2,0.6577,2NY4,D,2NY4.D,2NY4_4,RCSB30_1,mapped
2nygC,2,0.7383,2NYG,C,2NYG.C,2NYG_1,RCSB30_19713,mapped
2nyrA,1,0.7804,2NYR,A,2NYR.A,2NYR_1,RCSB30_1867,mapped
2nyuB,2,0.654,2NYU,B,2NYU.B,2NYU_1,RCSB30_19359,mapped
2nzjC,2,0.8347,2NZJ,C,2NZJ.C,2NZJ_1,RCSB30_7390,mapped
2nzuA,1,0.7106,2NZU,A,2NZU.A,2NZU_1,RCSB30_985,mapped
2o05A,2,0.9772,2O05,A,2O05.A,2O05_1,RCSB30_7844,mapped
2o0cB,1,0.9046,2O0C,B,2O0C.B,2O0C_1,RCSB30_9059,mapped
2o0hA,1,0.4166,2O0H,A,2O0H.A,2O0H_1,RCSB30_29993,mapped
2o0vA,1,0.6466,2O0V,A,2O0V.A,2O0V_1,RCSB30_7523,mapped
2o0zA,1,0.7705,2O0Z,A,2O0Z.A,2O0Z_1,RCSB30_6466,mapped
2o12A,1,0.708,2O12,A,2O12.A,2O12_1,RCSB30_138,mapped
2o1bA,1,0.8527,2O1B,A,2O1B.A,2O1B_1,RCSB30_6045,mapped
2o1cC,1,0.6151,2O1C,C,2O1C.C,2O1C_1,RCSB30_16495,mapped
2o1vA,1,0.8281,2O1V,A,2O1V.A,2O1V_1,RCSB30_412,mapped
2o1xA,1,0.7531,2O1X,A,2O1X.A,2O1X_1,RCSB30_242,mapped
2o1xC,1,0.9275,2O1X,C,2O1X.C,2O1X_1,RCSB30_242,mapped
2o2dC,1,0.7105,2O2D,C,2O2D.C,2O2D_1,RCSB30_326,mapped
2o2zC,1,0.8139,2O2Z,C,2O2Z.C,2O2Z_1,RCSB30_8937,mapped
2o3kA,2,1.0,2O3K,A,2O3K.A,2O3K_1,RCSB30_10426,mapped
2o48A,1,0.4849,2O48,A,2O48.A,2O48_1,RCSB30_10087,mapped
2o4cA,2,0.6013,2O4C,A,2O4C.A,2O4C_1,RCSB30_1296,mapped
2o4gC,1,0.9385,2O4G,C,2O4G.C,2O4G_1,RCSB30_3410,mapped
2o5yB,1,0.9465,2O5Y,B,2O5Y.B,2O5Y_2,RCSB30_1,mapped
2o74B,2,0.9272,2O74,B,2O74.B,2O74_1,RCSB30_19288,mapped
2o7bG,1,0.67,2O7B,G,2O7B.G,2O7B_1,RCSB30_1669,mapped
2o7iA,1,0.5276,2O7I,A,2O7I.A,2O7I_1,RCSB30_20988,mapped
2o7pB,1,0.6724,2O7P,B,2O7P.B,2O7P_1,RCSB30_3931,mapped
2o7vA,1,0.5916,2O7V,A,2O7V.A,2O7V_1,RCSB30_3009,mapped
2o8bC,3,0.7957,2O8B,C,2O8B.C,2O8B_3,RCSB30_3749,mapped
2o8jB,1,0.7935,2O8J,B,2O8J.B,2O8J_1,RCSB30_5753,mapped
2o98A,1,0.6755,2O98,A,2O98.A,2O98_1,RCSB30_151,mapped
2o9cA,1,0.6493,2O9C,A,2O9C.A,2O9C_1,RCSB30_1576,mapped
2o9tA,1,0.6419,2O9T,A,2O9T.A,2O9T_1,RCSB30_789,mapped
2oa6D,2,0.6503,2OA6,D,2OA6.D,2OA6_1,RCSB30_8826,mapped
2oapB,1,0.6863,2OAP,B,2OAP.B,2OAP_1,RCSB30_27726,mapped
2oasA,1,0.5026,2OAS,A,2OAS.A,2OAS_1,RCSB30_6295,mapped
2ob0B,1,0.594,2OB0,B,2OB0.B,2OB0_1,RCSB30_5836,mapped
2obyD,1,0.9174,2OBY,D,2OBY.D,2OBY_1,RCSB30_9977,mapped
2ociA,1,0.7747,2OCI,A,2OCI.A,2OCI_1,RCSB30_20705,mapped
2ocpD,1,0.8747,2OCP,D,2OCP.D,2OCP_1,RCSB30_2362,mapped
2od6C,1,0.6918,2OD6,C,2OD6.C,2OD6_1,RCSB30_161805,mapped
2oddB,1,0.6008,2ODD,B,2ODD.B,2ODD_2,RCSB30_86058,mapped
2ofbB,1,0.9693,2OFB,B,2OFB.B,2OFB_1,RCSB30_3667,mapped
2ofeA,3,0.954,2OFE,A,2OFE.A,2OFE_1,RCSB30_7265,mapped
2og7A,1,0.6212,2OG7,A,2OG7.A,2OG7_1,RCSB30_50810,mapped
2ogiA,1,0.7652,2OGI,A,2OGI.A,2OGI_1,RCSB30_12148,mapped
2ogzA,2,0.8711,2OGZ,A,2OGZ.A,2OGZ_1,RCSB30_1150,mapped
2ohvA,2,0.7623,2OHV,A,2OHV.A,2OHV_1,RCSB30_801,mapped
2oidA,1,0.8183,2OID,A,2OID.A,2OID_1,RCSB30_1799,mapped
2oigB,3,0.5348,2OIG,B,2OIG.B,2OIG_1,RCSB30_8575,mapped
2ojwA,1,0.8964,2OJW,A,2OJW.A,2OJW_1,RCSB30_1271,mapped
2ok8D,2,0.9167,2OK8,D,2OK8.D,2OK8_1,RCSB30_35223,mapped
2okcA,2,0.8857,2OKC,A,2OKC.A,2OKC_1,RCSB30_32742,mapped
2ol1A,3,0.841,2OL1,A,2OL1.A,2OL1_1,RCSB30_19801,mapped
2omdA,3,0.8436,2OMD,A,2OMD.A,2OMD_1,RCSB30_11948,mapped
2omeG,3,0.6459,2OME,G,2OME.G,2OME_1,RCSB30_6049,mapped
2on5B,5,0.5102,2ON5,B,2ON5.B,2ON5_1,RCSB30_1513,mapped
2onfB,2,0.7532,2ONF,B,2ONF.B,2ONF_1,RCSB30_108081,mapped
2oorA,1,0.8183,2OOR,A,2OOR.A,2OOR_1,RCSB30_1792,mapped
2ooxF,1,0.5258,2OOX,F,2OOX.F,2OOX_3,RCSB30_18367,mapped
2opzA,2,0.7541,2OPZ,A,2OPZ.A,2OPZ_1,RCSB30_1620,mapped
2oq2D,1,0.746,2OQ2,D,2OQ2.D,2OQ2_1,RCSB30_19403,mapped
2oq5A,1,0.9369,2OQ5,A,2OQ5.A,2OQ5_1,RCSB30_8137,mapped
2oscA,1,0.7728,2OSC,A,2OSC.A,2OSC_1,RCSB30_8528,mapped
2osuB,3,0.7261,2OSU,B,2OSU.B,2OSU_1,RCSB30_1152,mapped
2ot9A,2,0.5928,2OT9,A,2OT9.A,2OT9_1,RCSB30_16193,mapped
2ou2A,2,0.7791,2OU2,A,2OU2.A,2OU2_1,RCSB30_10852,mapped
2ou3A,2,0.8549,2OU3,A,2OU3.A,2OU3_1,RCSB30_153343,mapped
2ov5B,1,0.8612,2OV5,B,2OV5.B,2OV5_1,RCSB30_199,mapped
2ovdA,1,0.799,2OVD,A,2OVD.A,2OVD_1,RCSB30_11353,mapped
2ovfA,1,0.56,2OVF,A,2OVF.A,2OVF_1,RCSB30_23843,mapped
2ow0A,1,0.9531,2OW0,A,2OW0.A,2OW0_1,RCSB30_1062,mapped
2owmC,1,0.694,2OWM,C,2OWM.C,2OWM_1,RCSB30_20394,mapped
2owoD,1,0.5376,2OWO,D,2OWO.D,2OWO_4,RCSB30_153,mapped
2owxA,2,0.5297,2OWX,A,2OWX.A,2OWX_1,RCSB30_5725,mapped
2oxtD,2,0.7673,2OXT,D,2OXT.D,2OXT_1,RCSB30_48,mapped
2oy0B,1,0.805,2OY0,B,2OY0.B,2OY0_1,RCSB30_48,mapped
2oykB,1,0.6476,2OYK,B,2OYK.B,2OYK_1,RCSB30_35311,mapped
2oyrA,1,0.7298,2OYR,A,2OYR.A,2OYR_1,RCSB30_1143,mapped
2oyyE,1,0.7791,2OYY,E,2OYY.E,2OYY_1,RCSB30_199115,mapped
2oz1F,1,0.9543,2OZ1,F,2OZ1.F,2OZ1_2,RCSB30_41851,mapped
2oz4B,1,0.5011,2OZ4,B,2OZ4.B,2OZ4_2,RCSB30_4,mapped
2ozeA,2,0.6477,2OZE,A,2OZE.A,2OZE_1,RCSB30_215242,mapped
2ozrD,1,0.8576,2OZR,D,2OZR.D,2OZR_1,RCSB30_1236,mapped
2p0aA,1,0.5896,2P0A,A,2P0A.A,2P0A_1,RCSB30_69057,mapped
2p0rB,1,0.9187,2P0R,B,2P0R.B,2P0R_1,RCSB30_7837,mapped
2p0wA,1,0.8243,2P0W,A,2P0W.A,2P0W_1,RCSB30_12109,mapped
2p0xA,2,0.7722,2P0X,A,2P0X.A,2P0X_1,RCSB30_15508,mapped
2p16A,1,0.8047,2P16,A,2P16.A,2P16_1,RCSB30_252,mapped
2p18A,1,0.7501,2P18,A,2P18.A,2P18_1,RCSB30_4074,mapped
2p2iB,1,0.9043,2P2I,B,2P2I.B,2P2I_1,RCSB30_2511,mapped
2p2mB,1,0.5981,2P2M,B,2P2M.B,2P2M_1,RCSB30_1116,mapped
2p2vA,1,0.6348,2P2V,A,2P2V.A,2P2V_1,RCSB30_17720,mapped
2p34D,2,1.0,2P34,D,2P34.D,2P34_1,RCSB30_1172,mapped
2p39A,1,0.6719,2P39,A,2P39.A,2P39_1,RCSB30_25028,mapped
2p3dB,2,0.7653,2P3D,B,2P3D.B,2P3D_1,RCSB30_81,mapped
2p3vD,3,0.821,2P3V,D,2P3V.D,2P3V_1,RCSB30_4622,mapped
2p5sB,3,0.6678,2P5S,B,2P5S.B,2P5S_1,RCSB30_8746,mapped
2p5uB,1,0.9021,2P5U,B,2P5U.B,2P5U_1,RCSB30_10629,mapped
2p6eC,1,0.8299,2P6E,C,2P6E.C,2P6E_1,RCSB30_5666,mapped
2p6wA,1,0.5632,2P6W,A,2P6W.A,2P6W_1,RCSB30_61483,mapped
2p6zA,3,0.4312,2P6Z,A,2P6Z.A,2P6Z_1,RCSB30_6258,mapped
2p7hD,1,0.5212,2P7H,D,2P7H.D,2P7H_1,RCSB30_85047,mapped
2p86A,1,0.4856,2P86,A,2P86.A,2P86_1,RCSB30_3073,mapped
2p8cA,1,0.7798,2P8C,A,2P8C.A,2P8C_1,RCSB30_2857,mapped
2p8iC,2,0.5764,2P8I,C,2P8I.C,2P8I_1,RCSB30_21834,mapped
2p8nA,3,0.9516,2P8N,A,2P8N.A,2P8N_1,RCSB30_779,mapped
2p8uB,2,0.6759,2P8U,B,2P8U.B,2P8U_1,RCSB30_3693,mapped
2p9kA,1,0.7265,2P9K,A,2P9K.A,2P9K_1,RCSB30_1410,mapped
2pa3A,1,0.935,2PA3,A,2PA3.A,2PA3_1,RCSB30_6012,mapped
2pa4C,1,0.7702,2PA4,C,2PA4.C,2PA4_1,RCSB30_2463,mapped
2pauB,2,0.847,2PAU,B,2PAU.B,2PAU_1,RCSB30_3108,mapped
2pbfA,1,0.7976,2PBF,A,2PBF.A,2PBF_1,RCSB30_7645,mapped
2pbzB,2,0.8205,2PBZ,B,2PBZ.B,2PBZ_1,RCSB30_4923,mapped
2pc4D,1,0.7753,2PC4,D,2PC4.D,2PC4_1,RCSB30_9908,mapped
2pc9B,1,0.7776,2PC9,B,2PC9.B,2PC9_1,RCSB30_1530,mapped
2pcpB,2,1.0,2PCP,B,2PCP.B,2PCP_2,RCSB30_1,mapped
2pcuA,1,0.6204,2PCU,A,2PCU.A,2PCU_1,RCSB30_2544,mapped
2pd6C,1,0.8942,2PD6,C,2PD6.C,2PD6_1,RCSB30_708,mapped
2pdrA,1,0.7887,2PDR,A,2PDR.A,2PDR_1,RCSB30_18180,mapped
2pehA,1,0.7411,2PEH,A,2PEH.A,2PEH_1,RCSB30_20025,mapped
2pemB,1,0.7545,2PEM,B,2PEM.B,2PEM_1,RCSB30_9466,mapped
2peyB,1,0.9269,2PEY,B,2PEY.B,2PEY_1,RCSB30_2329,mapped
2pfeA,1,0.7719,2PFE,A,2PFE.A,2PFE_1,RCSB30_3678,mapped
2pfrA,1,0.6282,2PFR,A,2PFR.A,2PFR_1,RCSB30_5537,mapped
2pg7B,1,0.8072,2PG7,B,2PG7.B,2PG7_1,RCSB30_426,mapped
2pgzA,1,0.9332,2PGZ,A,2PGZ.A,2PGZ_1,RCSB30_1980,mapped
2ph5A,2,0.6554,2PH5,A,2PH5.A,2PH5_1,RCSB30_11576,mapped
2phlA,1,0.5406,2PHL,A,2PHL.A,2PHL_1,RCSB30_4346,mapped
2phnA,2,1.0,2PHN,A,2PHN.A,2PHN_1,RCSB30_5707,mapped
2pi8C,5,0.5844,2PI8,C,2PI8.C,2PI8_1,RCSB30_16040,mapped
2piaA,1,0.679,2PIA,A,2PIA.A,2PIA_1,RCSB30_23143,mapped
2pijB,1,0.5082,2PIJ,B,2PIJ.B,2PIJ_1,RCSB30_94170,mapped
2pjrE,1,0.5998,2PJR,E,2PJR.E,2PJR_4,RCSB30_4004,mapped
2pk4A,1,0.8711,2PK4,A,2PK4.A,2PK4_1,RCSB30_37877,mapped
2pkaD,1,0.9292,2PKA,D,2PKA.D,2PKA_2,RCSB30_21601,mapped
2pkkA,2,0.8952,2PKK,A,2PKK.A,2PKK_1,RCSB30_8756,mapped
2pkrK,1,0.7325,2PKR,K,2PKR.K,2PKR_1,RCSB30_304,mapped
2pkuA,1,0.7103,2PKU,A,2PKU.A,2PKU_1,RCSB30_8085,mapped
2plaB,1,0.8214,2PLA,B,2PLA.B,2PLA_1,RCSB30_4964,mapped
2plmA,1,0.9239,2PLM,A,2PLM.A,2PLM_1,RCSB30_2333,mapped
2plwA,2,0.5428,2PLW,A,2PLW.A,2PLW_1,RCSB30_486,mapped
2pmlA,1,0.7978,2PML,A,2PML.A,2PML_1,RCSB30_51686,mapped
2pnyA,1,0.6844,2PNY,A,2PNY.A,2PNY_1,RCSB30_6081,mapped
2potA,1,0.7116,2POT,A,2POT.A,2POT_1,RCSB30_262,mapped
2pp3B,3,0.9223,2PP3,B,2PP3.B,2PP3_1,RCSB30_7395,mapped
2pqjA,1,0.7412,2PQJ,A,2PQJ.A,2PQJ_1,RCSB30_20346,mapped
2pqmA,2,0.8424,2PQM,A,2PQM.A,2PQM_1,RCSB30_2274,mapped
2pr5A,1,0.9438,2PR5,A,2PR5.A,2PR5_1,RCSB30_32692,mapped
2prbA,1,0.7643,2PRB,A,2PRB.A,2PRB_1,RCSB30_23390,mapped
2preA,1,0.7689,2PRE,A,2PRE.A,2PRE_1,RCSB30_735,mapped
2prgB,1,0.8009,2PRG,B,2PRG.B,2PRG_1,RCSB30_314,mapped
2przC,1,0.8536,2PRZ,C,2PRZ.C,2PRZ_1,RCSB30_920,mapped
2ps8B,1,0.6909,2PS8,B,2PS8.B,2PS8_1,RCSB30_5485,mapped
2ptmA,2,0.941,2PTM,A,2PTM.A,2PTM_1,RCSB30_92451,mapped
2pupB,3,0.8205,2PUP,B,2PUP.B,2PUP_1,RCSB30_1021,mapped
2puwB,1,0.6849,2PUW,B,2PUW.B,2PUW_1,RCSB30_3003,mapped
2puzB,2,0.9041,2PUZ,B,2PUZ.B,2PUZ_1,RCSB30_684,mapped
2pv3A,2,0.7262,2PV3,A,2PV3.A,2PV3_1,RCSB30_3392,mapped
2pwpA,2,0.6881,2PWP,A,2PWP.A,2PWP_1,RCSB30_1178,mapped
2pwyA,1,1.0,2PWY,A,2PWY.A,2PWY_1,RCSB30_30149,mapped
2px2A,1,0.8976,2PX2,A,2PX2.A,2PX2_1,RCSB30_48,mapped
2px3A,1,0.7246,2PX3,A,2PX3.A,2PX3_1,RCSB30_54493,mapped
2pxxA,1,0.6477,2PXX,A,2PXX.A,2PXX_1,RCSB30_11317,mapped
2py7A,1,0.9143,2PY7,A,2PY7.A,2PY7_1,RCSB30_957,mapped
2pyhB,1,0.6661,2PYH,B,2PYH.B,2PYH_1,RCSB30_11215,mapped
2pyjG,2,0.7197,2PYJ,G,2PYJ.G,2PYJ_3,RCSB30_25863,mapped
2pyyB,2,0.8061,2PYY,B,2PYY.B,2PYY_1,RCSB30_15239,mapped
2pz8A,1,0.5778,2PZ8,A,2PZ8.A,2PZ8_1,RCSB30_763,mapped
2pzjA,1,0.8185,2PZJ,A,2PZJ.A,2PZJ_1,RCSB30_36417,mapped
2pzkB,1,0.8282,2PZK,B,2PZK.B,2PZK_1,RCSB30_53775,mapped
2q09A,3,0.87,2Q09,A,2Q09.A,2Q09_1,RCSB30_684,mapped
2q0jA,1,0.5559,2Q0J,A,2Q0J.A,2Q0J_1,RCSB30_5776,mapped
2q16B,1,0.8091,2Q16,B,2Q16.B,2Q16_1,RCSB30_1056,mapped
2q1aA,1,0.8715,2Q1A,A,2Q1A.A,2Q1A_1,RCSB30_28746,mapped
2q1vA,2,1.0,2Q1V,A,2Q1V.A,2Q1V_1,RCSB30_8556,mapped
2q1wA,1,0.8951,2Q1W,A,2Q1W.A,2Q1W_1,RCSB30_53775,mapped
2q2cC,2,0.8346,2Q2C,C,2Q2C.C,2Q2C_1,RCSB30_5360,mapped
2q2oA,1,0.9026,2Q2O,A,2Q2O.A,2Q2O_1,RCSB30_2751,mapped
2q2qC,1,0.8734,2Q2Q,C,2Q2Q.C,2Q2Q_1,RCSB30_4371,mapped
2q37A,3,0.7294,2Q37,A,2Q37.A,2Q37_1,RCSB30_7902,mapped
2q3hA,1,0.7,2Q3H,A,2Q3H.A,2Q3H_1,RCSB30_6182,mapped
2q3mA,1,0.595,2Q3M,A,2Q3M.A,2Q3M_1,RCSB30_2740,mapped
2q3oB,1,0.9123,2Q3O,B,2Q3O.B,2Q3O_1,RCSB30_1103,mapped
2q3rA,1,0.9609,2Q3R,A,2Q3R.A,2Q3R_1,RCSB30_2138,mapped
2q3uA,1,0.4352,2Q3U,A,2Q3U.A,2Q3U_1,RCSB30_2914,mapped
2q46B,1,0.8647,2Q46,B,2Q46.B,2Q46_1,RCSB30_12861,mapped
2q4gA,2,0.8463,2Q4G,A,2Q4G.A,2Q4G_1,RCSB30_307,mapped
2q4hB,3,0.8947,2Q4H,B,2Q4H.B,2Q4H_1,RCSB30_19721,mapped
2q5yA,1,0.707,2Q5Y,A,2Q5Y.A,2Q5Y_1,RCSB30_4387,mapped
2q66B,1,0.5234,2Q66,B,2Q66.B,2Q66_2,RCSB30_19067,mapped
2q6gB,2,0.8976,2Q6G,B,2Q6G.B,2Q6G_1,RCSB30_10,mapped
2q7bA,1,0.5606,2Q7B,A,2Q7B.A,2Q7B_1,RCSB30_46213,mapped
2q7tB,1,0.5529,2Q7T,B,2Q7T.B,2Q7T_1,RCSB30_6800,mapped
2q8qA,2,0.6755,2Q8Q,A,2Q8Q.A,2Q8Q_1,RCSB30_15116,mapped
2q9cA,3,0.6737,2Q9C,A,2Q9C.A,2Q9C_1,RCSB30_5105,mapped
2q9gA,1,0.5608,2Q9G,A,2Q9G.A,2Q9G_1,RCSB30_2297,mapped
2q9nA,1,0.5726,2Q9N,A,2Q9N.A,2Q9N_1,RCSB30_621,mapped
2qa1A,1,0.6032,2QA1,A,2QA1.A,2QA1_1,RCSB30_5903,mapped
2qa2A,1,0.636,2QA2,A,2QA2.A,2QA2_1,RCSB30_5903,mapped
2qa9A,1,0.7639,2QA9,A,2QA9.A,2QA9_1,RCSB30_6455,mapped
2qaeA,1,0.9882,2QAE,A,2QAE.A,2QAE_1,RCSB30_865,mapped
2qb5B,1,0.6933,2QB5,B,2QB5.B,2QB5_1,RCSB30_14482,mapped
2qbuA,2,0.9725,2QBU,A,2QBU.A,2QBU_1,RCSB30_83501,mapped
2qbwA,1,0.7512,2QBW,A,2QBW.A,2QBW_1,RCSB30_18672,mapped
2qbxA,1,0.7777,2QBX,A,2QBX.A,2QBX_1,RCSB30_581,mapped
2qbyC,1,0.7499,2QBY,C,2QBY.C,2QBY_3,RCSB30_6142,mapped
2qbyD,1,0.755,2QBY,D,2QBY.D,2QBY_4,RCSB30_45975,mapped
2qcdB,1,0.8903,2QCD,B,2QCD.B,2QCD_2,RCSB30_989,mapped
2qd1A,1,0.8455,2QD1,A,2QD1.A,2QD1_1,RCSB30_2768,mapped
2qdsA,1,0.8806,2QDS,A,2QDS.A,2QDS_1,RCSB30_12862,mapped
2qenA,1,0.9256,2QEN,A,2QEN.A,2QEN_1,RCSB30_71535,mapped
2qeoB,2,1.0,2QEO,B,2QEO.B,2QEO_1,RCSB30_18894,mapped
2qetA,1,0.9163,2QET,A,2QET.A,2QET_1,RCSB30_4797,mapped
2qeuA,1,0.6758,2QEU,A,2QEU.A,2QEU_1,RCSB30_106856,mapped
2qfnB,1,0.9505,2QFN,B,2QFN.B,2QFN_1,RCSB30_1931,mapped
2qfvC,2,0.5746,2QFV,C,2QFV.C,2QFV_1,RCSB30_1142,mapped
2qgaB,1,0.6433,2QGA,B,2QGA.B,2QGA_1,RCSB30_5123,mapped
2qgiB,2,0.79,2QGI,B,2QGI.B,2QGI_1,RCSB30_55514,mapped
2qguA,1,0.8533,2QGU,A,2QGU.A,2QGU_1,RCSB30_39267,mapped
2qhdA,2,0.8605,2QHD,A,2QHD.A,2QHD_1,RCSB30_263,mapped
2qhvA,2,0.8852,2QHV,A,2QHV.A,2QHV_1,RCSB30_1245,mapped
2qiaA,1,0.9771,2QIA,A,2QIA.A,2QIA_1,RCSB30_699,mapped
2qicA,2,0.6689,2QIC,A,2QIC.A,2QIC_1,RCSB30_13811,mapped
2qikA,2,0.8147,2QIK,A,2QIK.A,2QIK_1,RCSB30_79876,mapped
2qjnA,3,0.9386,2QJN,A,2QJN.A,2QJN_1,RCSB30_2615,mapped
2qk4B,1,0.5097,2QK4,B,2QK4.B,2QK4_1,RCSB30_241,mapped
2qkmF,3,0.6962,2QKM,F,2QKM.F,2QKM_2,RCSB30_20791,mapped
2qluA,2,0.7967,2QLU,A,2QLU.A,2QLU_1,RCSB30_6966,mapped
2qlxB,1,0.4827,2QLX,B,2QLX.B,2QLX_1,RCSB30_2058,mapped
2qm2B,4,0.5679,2QM2,B,2QM2.B,2QM2_1,RCSB30_86083,mapped
2qmcB,1,0.7195,2QMC,B,2QMC.B,2QMC_2,RCSB30_4904,mapped
2qmmA,1,0.8682,2QMM,A,2QMM.A,2QMM_1,RCSB30_7145,mapped
2qmuA,3,0.7194,2QMU,A,2QMU.A,2QMU_1,RCSB30_1063,mapped
2qmxB,2,0.9055,2QMX,B,2QMX.B,2QMX_1,RCSB30_17299,mapped
2qnyA,1,0.929,2QNY,A,2QNY.A,2QNY_1,RCSB30_276,mapped
2qo3A,1,0.6294,2QO3,A,2QO3.A,2QO3_1,RCSB30_1830,mapped
2qo6A,1,0.8115,2QO6,A,2QO6.A,2QO6_1,RCSB30_4614,mapped
2qpqC,2,0.8535,2QPQ,C,2QPQ.C,2QPQ_1,RCSB30_15578,mapped
2qqeA,1,0.9672,2QQE,A,2QQE.A,2QQE_1,RCSB30_5332,mapped
2qqoA,2,0.8117,2QQO,A,2QQO.A,2QQO_1,RCSB30_5296,mapped
2qqsB,1,0.4677,2QQS,B,2QQS.B,2QQS_1,RCSB30_1752,mapped
2qrkA,1,0.7995,2QRK,A,2QRK.A,2QRK_1,RCSB30_10429,mapped
2qrvH,1,0.7251,2QRV,H,2QRV.H,2QRV_1,RCSB30_2660,mapped
2qryC,1,0.8245,2QRY,C,2QRY.C,2QRY_1,RCSB30_21686,mapped
2qs8B,1,0.5811,2QS8,B,2QS8.B,2QS8_1,RCSB30_9397,mapped
2qsiA,2,0.8186,2QSI,A,2QSI.A,2QSI_1,RCSB30_40387,mapped
2qsyA,3,0.6576,2QSY,A,2QSY.A,2QSY_1,RCSB30_8768,mapped
2qt5A,3,0.7148,2QT5,A,2QT5.A,2QT5_1,RCSB30_10611,mapped
2qtlA,2,0.8047,2QTL,A,2QTL.A,2QTL_1,RCSB30_12180,mapped
2qtsE,2,0.4951,2QTS,E,2QTS.E,2QTS_1,RCSB30_3516,mapped
2qtvB,2,0.752,2QTV,B,2QTV.B,2QTV_2,RCSB30_1721,mapped
2qu8A,5,0.7786,2QU8,A,2QU8.A,2QU8_1,RCSB30_3530,mapped
2quhA,2,0.9349,2QUH,A,2QUH.A,2QUH_1,RCSB30_2151,mapped
2qunB,1,0.9479,2QUN,B,2QUN.B,2QUN_1,RCSB30_4234,mapped
2qv7A,6,0.7642,2QV7,A,2QV7.A,2QV7_1,RCSB30_3618,mapped
2qvhB,1,0.6384,2QVH,B,2QVH.B,2QVH_1,RCSB30_15284,mapped
2qvzA,2,0.871,2QVZ,A,2QVZ.A,2QVZ_1,RCSB30_18285,mapped
2qw5A,2,0.8076,2QW5,A,2QW5.A,2QW5_1,RCSB30_107295,mapped
2qxfA,3,0.6111,2QXF,A,2QXF.A,2QXF_1,RCSB30_10252,mapped
2qxgB,1,0.8872,2QXG,B,2QXG.B,2QXG_1,RCSB30_1986,mapped
2qxlA,1,0.8867,2QXL,A,2QXL.A,2QXL_1,RCSB30_3057,mapped
2qyqA,1,0.8957,2QYQ,A,2QYQ.A,2QYQ_1,RCSB30_4070,mapped
2qz4A,1,0.8044,2QZ4,A,2QZ4.A,2QZ4_1,RCSB30_7943,mapped
2r05A,2,0.7752,2R05,A,2R05.A,2R05_1,RCSB30_6759,mapped
2r1hB,1,0.8461,2R1H,B,2R1H.B,2R1H_2,RCSB30_70,mapped
2r1mA,1,0.7078,2R1M,A,2R1M.A,2R1M_1,RCSB30_1183,mapped
2r2iA,2,0.7452,2R2I,A,2R2I.A,2R2I_1,RCSB30_4589,mapped
2r2jA,1,0.4301,2R2J,A,2R2J.A,2R2J_1,RCSB30_7540,mapped
2r40B,1,0.8501,2R40,B,2R40.B,2R40_2,RCSB30_1194,mapped
2r4pA,2,0.9046,2R4P,A,2R4P.A,2R4P_1,RCSB30_8425,mapped
2r58A,3,0.7588,2R58,A,2R58.A,2R58_1,RCSB30_10076,mapped
2r5vA,2,0.8534,2R5V,A,2R5V.A,2R5V_1,RCSB30_50318,mapped
2r65A,2,0.8867,2R65,A,2R65.A,2R65_1,RCSB30_69233,mapped
2r68A,3,0.8724,2R68,A,2R68.A,2R68_1,RCSB30_47782,mapped
2r6hB,3,0.8129,2R6H,B,2R6H.B,2R6H_1,RCSB30_2306,mapped
2r6sA,1,0.5097,2R6S,A,2R6S.A,2R6S_1,RCSB30_4817,mapped
2r75A,1,0.8049,2R75,A,2R75.A,2R75_1,RCSB30_12470,mapped
2r79A,2,0.6772,2R79,A,2R79.A,2R79_1,RCSB30_13455,mapped
2r7aA,1,0.656,2R7A,A,2R7A.A,2R7A_1,RCSB30_13455,mapped
2r86B,1,0.91,2R86,B,2R86.B,2R86_1,RCSB30_4923,mapped
2r8qB,1,0.7319,2R8Q,B,2R8Q.B,2R8Q_1,RCSB30_6151,mapped
2r8vA,1,0.7581,2R8V,A,2R8V.A,2R8V_1,RCSB30_2606,mapped
2r9eA,1,0.8277,2R9E,A,2R9E.A,2R9E_1,RCSB30_1864,mapped
2r9zA,1,0.8685,2R9Z,A,2R9Z.A,2R9Z_1,RCSB30_812,mapped
2ra5A,3,0.6814,2RA5,A,2RA5.A,2RA5_1,RCSB30_8958,mapped
2ra6C,1,0.7519,2RA6,C,2RA6.C,2RA6_1,RCSB30_2225,mapped
2rakA,3,0.7745,2RAK,A,2RAK.A,2RAK_1,RCSB30_6186,mapped
2ramC,3,0.8105,2RAM,C,2RAM.C,2RAM_2,RCSB30_6205,mapped
2rc4A,1,0.8955,2RC4,A,2RC4.A,2RC4_1,RCSB30_5950,mapped
2rc5C,1,0.6455,2RC5,C,2RC5.C,2RC5_1,RCSB30_6435,mapped
2rcmB,1,0.7156,2RCM,B,2RCM.B,2RCM_1,RCSB30_4646,mapped
2rcuB,1,0.6256,2RCU,B,2RCU.B,2RCU_1,RCSB30_8144,mapped
2rd5C,1,0.8613,2RD5,C,2RD5.C,2RD5_2,RCSB30_1670,mapped
2rdbB,2,0.9281,2RDB,B,2RDB.B,2RDB_2,RCSB30_5768,mapped
2rdeB,1,0.9127,2RDE,B,2RDE.B,2RDE_1,RCSB30_46978,mapped
2rdlA,1,0.6825,2RDL,A,2RDL.A,2RDL_1,RCSB30_1986,mapped
2rdqA,2,0.9296,2RDQ,A,2RDQ.A,2RDQ_1,RCSB30_30753,mapped
2regA,1,1.0,2REG,A,2REG.A,2REG_1,RCSB30_23348,mapped
2repA,2,0.727,2REP,A,2REP.A,,SINGLETON_2repA,missing_entity
2rfbB,1,0.8937,2RFB,B,2RFB.B,2RFB_1,RCSB30_12907,mapped
2rfyA,1,0.6897,2RFY,A,2RFY.A,2RFY_1,RCSB30_1299,mapped
2rg9A,1,0.4363,2RG9,A,2RG9.A,2RG9_1,RCSB30_779,mapped
2rghA,1,0.7174,2RGH,A,2RGH.A,2RGH_1,RCSB30_6240,mapped
2rgoA,1,0.7865,2RGO,A,2RGO.A,2RGO_1,RCSB30_6240,mapped
2rgzA,1,0.7154,2RGZ,A,2RGZ.A,2RGZ_1,RCSB30_9855,mapped
2rhgB,1,0.649,2RHG,B,2RHG.B,2RHG_2,RCSB30_135,mapped
2rhlB,1,0.9383,2RHL,B,2RHL.B,2RHL_1,RCSB30_2828,mapped
2rhmB,1,0.5132,2RHM,B,2RHM.B,2RHM_1,RCSB30_253989,mapped
2ri4D,1,0.6788,2RI4,D,2RI4.D,2RI4_2,RCSB30_70,mapped
2rioA,2,0.9298,2RIO,A,2RIO.A,2RIO_1,RCSB30_21644,mapped
2rirC,3,0.6366,2RIR,C,2RIR.C,2RIR_1,RCSB30_55351,mapped
2rjoA,2,1.0,2RJO,A,2RJO.A,2RJO_1,RCSB30_120829,mapped
2rjpB,1,0.7584,2RJP,B,2RJP.B,2RJP_1,RCSB30_16417,mapped
2rkbA,1,0.6487,2RKB,A,2RKB.A,2RKB_1,RCSB30_6063,mapped
2rkgA,2,0.7031,2RKG,A,2RKG.A,2RKG_1,RCSB30_81,mapped
2rl1A,1,0.6846,2RL1,A,2RL1.A,2RL1_1,RCSB30_188,mapped
2rl7C,2,0.4772,2RL7,C,2RL7.C,2RL7_1,RCSB30_12697,mapped
2rlcA,2,0.7462,2RLC,A,2RLC.A,2RLC_1,RCSB30_5695,mapped
2rolA,2,0.433,2ROL,A,2ROL.A,2ROL_1,RCSB30_8361,mapped
2rpqA,1,0.6687,2RPQ,A,2RPQ.A,2RPQ_1,RCSB30_3717,mapped
2sarA,2,0.9104,2SAR,A,2SAR.A,2SAR_1,RCSB30_5499,mapped
2shkB,1,0.7105,2SHK,B,2SHK.B,2SHK_1,RCSB30_2921,mapped
2shpB,2,0.9149,2SHP,B,2SHP.B,2SHP_1,RCSB30_1295,mapped
2sn3A,2,0.5847,2SN3,A,2SN3.A,2SN3_1,RCSB30_509,mapped
2srtA,1,0.8177,2SRT,A,2SRT.A,2SRT_1,RCSB30_1062,mapped
2uuqA,1,0.7694,2UUQ,A,2UUQ.A,2UUQ_1,RCSB30_305,mapped
2uv6A,2,0.8317,2UV6,A,2UV6.A,2UV6_1,RCSB30_3867,mapped
2uvfA,2,0.7749,2UVF,A,2UVF.A,2UVF_1,RCSB30_55352,mapped
2uvjA,1,0.72,2UVJ,A,2UVJ.A,2UVJ_1,RCSB30_24661,mapped
2uw1A,1,0.6524,2UW1,A,2UW1.A,2UW1_1,RCSB30_3698,mapped
2uxuA,1,0.7425,2UXU,A,2UXU.A,2UXU_1,RCSB30_5178,mapped
2uy3A,2,0.8584,2UY3,A,2UY3.A,2UY3_1,RCSB30_34199,mapped
2uynC,1,0.6347,2UYN,C,2UYN.C,2UYN_2,RCSB30_4096,mapped
2uyqA,3,0.8365,2UYQ,A,2UYQ.A,2UYQ_1,RCSB30_1078,mapped
2uywA,1,0.8892,2UYW,A,2UYW.A,2UYW_1,RCSB30_3667,mapped
2uyyD,1,0.8654,2UYY,D,2UYY.D,2UYY_1,RCSB30_5492,mapped
2uzfA,1,0.6205,2UZF,A,2UZF.A,2UZF_1,RCSB30_4245,mapped
2uzjA,2,0.6992,2UZJ,A,2UZJ.A,2UZJ_1,RCSB30_11424,mapped
2uzzB,1,0.8649,2UZZ,B,2UZZ.B,2UZZ_1,RCSB30_2624,mapped
2v08A,1,0.9556,2V08,A,2V08.A,2V08_1,RCSB30_3267,mapped
2v0gC,1,0.5339,2V0G,C,2V0G.C,2V0G_1,RCSB30_155,mapped
2v0uA,1,1.0,2V0U,A,2V0U.A,2V0U_1,RCSB30_5987,mapped
2v10B,1,0.7803,2V10,B,2V10.B,2V10_1,RCSB30_464,mapped
2v1sE,1,0.6558,2V1S,E,2V1S.E,2V1S_1,RCSB30_1660,mapped
2v1uA,1,0.8043,2V1U,A,2V1U.A,2V1U_1,RCSB30_6142,mapped
2v1xA,1,0.4354,2V1X,A,2V1X.A,2V1X_1,RCSB30_12168,mapped
2v34A,3,0.9164,2V34,A,2V34.A,2V34_1,RCSB30_3691,mapped
2v3bA,2,0.6062,2V3B,A,2V3B.A,2V3B_1,RCSB30_3617,mapped
2v3sB,2,0.796,2V3S,B,2V3S.B,2V3S_1,RCSB30_8067,mapped
2v40A,1,0.4746,2V40,A,2V40.A,2V40_1,RCSB30_497,mapped
2v4vA,1,0.9391,2V4V,A,2V4V.A,2V4V_1,RCSB30_21062,mapped
2v55B,1,0.8716,2V55,B,2V55.B,2V55_2,RCSB30_8782,mapped
2v57A,1,0.7295,2V57,A,2V57.A,2V57_1,RCSB30_66832,mapped
2v5eA,3,0.4542,2V5E,A,2V5E.A,2V5E_1,RCSB30_7842,mapped
2v64C,1,0.7898,2V64,C,2V64.C,2V64_1,RCSB30_4945,mapped
2v6gA,1,0.6325,2V6G,A,2V6G.A,2V6G_1,RCSB30_4476,mapped
2v6tB,1,0.723,2V6T,B,2V6T.B,2V6T_1,RCSB30_10065,mapped
2v72A,2,0.932,2V72,A,2V72.A,2V72_1,RCSB30_26346,mapped
2v74A,1,0.9031,2V74,A,2V74.A,2V74_1,RCSB30_2541,mapped
2v7bA,1,0.5547,2V7B,A,2V7B.A,2V7B_1,RCSB30_10104,mapped
2v7gB,1,0.7795,2V7G,B,2V7G.B,2V7G_1,RCSB30_1031,mapped
2v7yA,1,0.8168,2V7Y,A,2V7Y.A,2V7Y_1,RCSB30_232,mapped
2v89B,3,0.6415,2V89,B,2V89.B,2V89_1,RCSB30_1059,mapped
2v8kA,2,0.5097,2V8K,A,2V8K.A,2V8K_1,RCSB30_23536,mapped
2v8mD,1,1.0,2V8M,D,2V8M.D,2V8M_1,RCSB30_21097,mapped
2v95A,1,0.8833,2V95,A,2V95.A,2V95_1,RCSB30_360,mapped
2v9gC,1,0.8238,2V9G,C,2V9G.C,2V9G_1,RCSB30_2646,mapped
2vawA,1,0.8959,2VAW,A,2VAW.A,2VAW_1,RCSB30_3458,mapped
2vaxK,1,0.829,2VAX,K,2VAX.K,2VAX_1,RCSB30_7453,mapped
2vb6A,3,0.7308,2VB6,A,2VB6.A,2VB6_1,RCSB30_1732,mapped
2vbvB,1,1.0,2VBV,B,2VBV.B,2VBV_1,RCSB30_4137,mapped
2vc7B,1,0.7767,2VC7,B,2VC7.B,2VC7_1,RCSB30_1183,mapped
2vcdA,1,0.6841,2VCD,A,2VCD.A,2VCD_1,RCSB30_5366,mapped
2vchA,1,0.5825,2VCH,A,2VCH.A,2VCH_1,RCSB30_956,mapped
2vczC,3,0.5531,2VCZ,C,2VCZ.C,2VCZ_1,RCSB30_1513,mapped
2vd0A,2,0.6685,2VD0,A,2VD0.A,2VD0_1,RCSB30_1513,mapped
2vdcK,1,0.8065,2VDC,K,2VDC.K,2VDC_2,RCSB30_6005,mapped
2vdjA,1,0.7772,2VDJ,A,2VDJ.A,2VDJ_1,RCSB30_884,mapped
2vdvA,1,0.6622,2VDV,A,2VDV.A,2VDV_1,RCSB30_2213,mapped
2vdwG,2,0.748,2VDW,G,2VDW.G,2VDW_1,RCSB30_16717,mapped
2vdyB,1,0.9328,2VDY,B,2VDY.B,2VDY_1,RCSB30_360,mapped
2ve4B,1,0.5802,2VE4,B,2VE4.B,2VE4_1,RCSB30_11467,mapped
2vedA,1,0.8494,2VED,A,2VED.A,2VED_1,RCSB30_3864,mapped
2veeA,1,0.9603,2VEE,A,2VEE.A,2VEE_1,RCSB30_9981,mapped
2venB,1,0.6729,2VEN,B,2VEN.B,2VEN_1,RCSB30_1189,mapped
2vf5A,1,0.9496,2VF5,A,2VF5.A,2VF5_1,RCSB30_1696,mapped
2vfaB,1,0.8122,2VFA,B,2VFA.B,2VFA_1,RCSB30_2962,mapped
2vfcA,1,0.8534,2VFC,A,2VFC.A,2VFC_1,RCSB30_14478,mapped
2vfkA,1,0.5926,2VFK,A,2VFK.A,2VFK_1,RCSB30_23896,mapped
2vfrA,1,0.6109,2VFR,A,2VFR.A,2VFR_1,RCSB30_27467,mapped
2vgoA,3,0.8237,2VGO,A,2VGO.A,2VGO_1,RCSB30_6978,mapped
2vgrA,1,0.7875,2VGR,A,2VGR.A,2VGR_1,RCSB30_41690,mapped
2vhbB,1,0.831,2VHB,B,2VHB.B,2VHB_1,RCSB30_2673,mapped
2vhjC,3,0.4965,2VHJ,C,2VHJ.C,2VHJ_1,RCSB30_13276,mapped
2vhwE,1,0.8565,2VHW,E,2VHW.E,2VHW_1,RCSB30_3085,mapped
2vinA,1,0.7885,2VIN,A,2VIN.A,2VIN_1,RCSB30_784,mapped
2vjrA,1,0.636,2VJR,A,2VJR.A,2VJR_1,RCSB30_1219,mapped
2vjtB,1,0.7802,2VJT,B,2VJT.B,2VJT_2,RCSB30_617,mapped
2vk3A,3,0.6645,2VK3,A,2VK3.A,2VK3_1,RCSB30_4173,mapped
2vkhC,1,0.9224,2VKH,C,2VKH.C,2VKH_1,RCSB30_3087,mapped
2vl4A,1,0.783,2VL4,A,2VL4.A,2VL4_1,RCSB30_12522,mapped
2vnaA,1,0.7943,2VNA,A,2VNA.A,2VNA_1,RCSB30_2874,mapped
2vnfC,2,0.6956,2VNF,C,2VNF.C,2VNF_1,RCSB30_26930,mapped
2vngA,1,0.7845,2VNG,A,2VNG.A,2VNG_1,RCSB30_12073,mapped
2vohA,1,0.7468,2VOH,A,2VOH.A,2VOH_1,RCSB30_6185,mapped
2vorA,1,0.6868,2VOR,A,2VOR.A,2VOR_1,RCSB30_41811,mapped
2vouA,1,0.6996,2VOU,A,2VOU.A,2VOU_1,RCSB30_76644,mapped
2vpeA,1,0.6917,2VPE,A,2VPE.A,2VPE_1,RCSB30_13366,mapped
2vpqB,2,0.7066,2VPQ,B,2VPQ.B,2VPQ_1,RCSB30_1778,mapped
2vprA,1,0.8764,2VPR,A,2VPR.A,2VPR_1,RCSB30_2693,mapped
2vq3B,2,0.6383,2VQ3,B,2VQ3.B,2VQ3_1,RCSB30_10532,mapped
2vq5A,1,0.476,2VQ5,A,2VQ5.A,2VQ5_1,RCSB30_26936,mapped
2vqdA,1,0.7241,2VQD,A,2VQD.A,2VQD_1,RCSB30_1778,mapped
2vr3A,1,0.6057,2VR3,A,2VR3.A,2VR3_1,RCSB30_18305,mapped
2vraA,5,0.5838,2VRA,A,2VRA.A,2VRA_1,RCSB30_47474,mapped
2vrbA,1,0.8547,2VRB,A,2VRB.A,2VRB_1,RCSB30_18288,mapped
2vrqB,9,0.7154,2VRQ,B,2VRQ.B,2VRQ_1,RCSB30_14205,mapped
2vryA,1,0.9103,2VRY,A,2VRY.A,2VRY_1,RCSB30_3320,mapped
2vsiA,1,0.8816,2VSI,A,2VSI.A,2VSI_1,RCSB30_4616,mapped
2vsmB,2,0.9094,2VSM,B,2VSM.B,2VSM_2,RCSB30_16894,mapped
2vsnB,3,0.6763,2VSN,B,2VSN.B,2VSN_1,RCSB30_34125,mapped
2vssB,1,0.7195,2VSS,B,2VSS.B,2VSS_1,RCSB30_12664,mapped
2vt3A,1,0.8957,2VT3,A,2VT3.A,2VT3_1,RCSB30_1355,mapped
2vtcB,2,0.4758,2VTC,B,2VTC.B,2VTC_1,RCSB30_52508,mapped
2vtzC,1,0.78,2VTZ,C,2VTZ.C,2VTZ_1,RCSB30_733,mapped
2vu9A,2,0.7607,2VU9,A,2VU9.A,2VU9_1,RCSB30_802,mapped
2vurB,1,1.0,2VUR,B,2VUR.B,2VUR_1,RCSB30_8166,mapped
2vutH,1,0.8286,2VUT,H,2VUT.H,2VUT_1,RCSB30_14777,mapped
2vuwA,1,0.6738,2VUW,A,2VUW.A,2VUW_1,RCSB30_4700,mapped
2vvlH,1,0.8461,2VVL,H,2VVL.H,2VVL_1,RCSB30_16682,mapped
2vwbA,2,0.8742,2VWB,A,2VWB.A,2VWB_1,RCSB30_3277,mapped
2vwpA,1,0.6438,2VWP,A,2VWP.A,2VWP_1,RCSB30_16051,mapped
2vwuA,1,0.6216,2VWU,A,2VWU.A,2VWU_1,RCSB30_581,mapped
2vx6A,1,0.5581,2VX6,A,2VX6.A,2VX6_1,RCSB30_17394,mapped
2vxjE,1,1.0,2VXJ,E,2VXJ.E,2VXJ_1,RCSB30_4782,mapped
2vxoB,1,0.4964,2VXO,B,2VXO.B,2VXO_1,RCSB30_2240,mapped
2vy0B,1,0.6344,2VY0,B,2VY0.B,2VY0_1,RCSB30_78039,mapped
2vyaB,1,0.6988,2VYA,B,2VYA.B,2VYA_1,RCSB30_5233,mapped
2vypB,1,0.8508,2VYP,B,2VYP.B,2VYP_1,RCSB30_78,mapped
2vytA,3,0.8778,2VYT,A,2VYT.A,2VYT_1,RCSB30_10076,mapped
2vywA,1,0.8063,2VYW,A,2VYW.A,2VYW_1,RCSB30_30664,mapped
2vzsB,3,0.7847,2VZS,B,2VZS.B,2VZS_1,RCSB30_12535,mapped
2vzwB,1,0.9809,2VZW,B,2VZW.B,2VZW_1,RCSB30_9076,mapped
2vzzA,2,0.782,2VZZ,A,2VZZ.A,2VZZ_1,RCSB30_41977,mapped
2w0mA,1,0.9614,2W0M,A,2W0M.A,2W0M_1,RCSB30_2177,mapped
2w0sA,1,0.7235,2W0S,A,2W0S.A,2W0S_1,RCSB30_4140,mapped
2w12A,1,0.7193,2W12,A,2W12.A,2W12_1,RCSB30_1252,mapped
2w1uA,3,0.8756,2W1U,A,2W1U.A,2W1U_1,RCSB30_19962,mapped
2w2iC,1,0.6505,2W2I,C,2W2I.C,2W2I_1,RCSB30_623,mapped
2w2lC,1,0.6553,2W2L,C,2W2L.C,2W2L_1,RCSB30_19619,mapped
2w2uA,1,0.5619,2W2U,A,2W2U.A,2W2U_1,RCSB30_643,mapped
2w31B,1,0.8399,2W31,B,2W31.B,2W31_1,RCSB30_43881,mapped
2w39A,1,0.6767,2W39,A,2W39.A,2W39_1,RCSB30_34892,mapped
2w3yB,1,0.9162,2W3Y,B,2W3Y.B,2W3Y_1,RCSB30_189974,mapped
2w41A,2,0.8672,2W41,A,2W41.A,2W41_1,RCSB30_599,mapped
2w47A,2,0.8435,2W47,A,2W47.A,2W47_1,RCSB30_7798,mapped
2w48A,2,0.897,2W48,A,2W48.A,2W48_1,RCSB30_23937,mapped
2w4kA,1,0.9247,2W4K,A,2W4K.A,2W4K_1,RCSB30_2336,mapped
2w4yA,1,0.922,2W4Y,A,2W4Y.A,2W4Y_1,RCSB30_66800,mapped
2w55E,1,0.8939,2W55,E,2W55.E,2W55_1,RCSB30_20611,mapped
2w58A,2,0.5715,2W58,A,2W58.A,2W58_1,RCSB30_24046,mapped
2w5bA,1,0.7469,2W5B,A,2W5B.A,2W5B_1,RCSB30_5758,mapped
2w68A,1,0.7846,2W68,A,2W68.A,2W68_1,RCSB30_27283,mapped
2w6eD,1,0.6172,2W6E,D,2W6E.D,2W6E_2,RCSB30_706,mapped
2w7yB,1,0.5962,2W7Y,B,2W7Y.B,2W7Y_1,RCSB30_236578,mapped
2w8qA,1,0.5326,2W8Q,A,2W8Q.A,2W8Q_1,RCSB30_68,mapped
2w90A,2,0.655,2W90,A,2W90.A,2W90_1,RCSB30_1441,mapped
2w9rA,1,0.8167,2W9R,A,2W9R.A,2W9R_1,RCSB30_1325,mapped
2wa2B,1,0.7376,2WA2,B,2WA2.B,2WA2_1,RCSB30_48,mapped
2wabA,2,0.9147,2WAB,A,2WAB.A,2WAB_1,RCSB30_22603,mapped
2walA,1,1.0,2WAL,A,2WAL.A,2WAL_1,RCSB30_8728,mapped
2watD,1,0.8668,2WAT,D,2WAT.D,2WAT_1,RCSB30_3251,mapped
2wbeC,3,0.539,2WBE,C,2WBE.C,2WBE_3,RCSB30_2850,mapped
2wbqA,1,0.7662,2WBQ,A,2WBQ.A,2WBQ_1,RCSB30_5585,mapped
2wc5A,1,1.0,2WC5,A,2WC5.A,2WC5_1,RCSB30_4827,mapped
2wcoA,1,0.547,2WCO,A,2WCO.A,2WCO_1,RCSB30_10708,mapped
2wcqB,1,0.7214,2WCQ,B,2WCQ.B,2WCQ_1,RCSB30_35172,mapped
2wcuA,1,0.9575,2WCU,A,2WCU.A,2WCU_1,RCSB30_3312,mapped
2wcvB,1,1.0,2WCV,B,2WCV.B,2WCV_1,RCSB30_3312,mapped
2wd9C,1,0.5146,2WD9,C,2WD9.C,2WD9_1,RCSB30_5207,mapped
2wdrJ,1,0.4352,2WDR,J,2WDR.J,2WDR_2,RCSB30_3288,mapped
2wdwB,1,0.747,2WDW,B,2WDW.B,2WDW_1,RCSB30_15635,mapped
2we5B,2,0.7972,2WE5,B,2WE5.B,2WE5_1,RCSB30_3368,mapped
2welA,3,0.8775,2WEL,A,2WEL.A,2WEL_1,RCSB30_1942,mapped
2weuB,2,0.8013,2WEU,B,2WEU.B,2WEU_1,RCSB30_3660,mapped
2wewA,1,0.7622,2WEW,A,2WEW.A,2WEW_1,RCSB30_24457,mapped
2weyA,1,0.7169,2WEY,A,2WEY.A,2WEY_1,RCSB30_420,mapped
2wf6A,1,0.8697,2WF6,A,2WF6.A,2WF6_1,RCSB30_3602,mapped
2wfgA,1,0.7921,2WFG,A,2WFG.A,2WFG_1,RCSB30_1882,mapped
2wg9A,1,0.6334,2WG9,A,2WG9.A,2WG9_1,RCSB30_15567,mapped
2wgiB,3,0.876,2WGI,B,2WGI.B,2WGI_1,RCSB30_1230,mapped
2wgjA,1,0.8326,2WGJ,A,2WGJ.A,2WGJ_1,RCSB30_1193,mapped
2wgrA,2,0.8613,2WGR,A,2WGR.A,2WGR_1,RCSB30_4599,mapped
2wgsA,2,1.0,2WGS,A,2WGS.A,2WGS_1,RCSB30_1616,mapped
2whkA,2,0.7101,2WHK,A,2WHK.A,2WHK_1,RCSB30_29546,mapped
2whlA,1,0.6084,2WHL,A,2WHL.A,2WHL_1,RCSB30_20892,mapped
2whyA,1,0.6093,2WHY,A,2WHY.A,2WHY_1,RCSB30_32843,mapped
2wioA,1,0.655,2WIO,A,2WIO.A,2WIO_1,RCSB30_305,mapped
2witC,2,0.7106,2WIT,C,2WIT.C,2WIT_1,RCSB30_4134,mapped
2wivA,1,0.7673,2WIV,A,2WIV.A,2WIV_1,RCSB30_68313,mapped
2wjhA,3,0.7767,2WJH,A,2WJH.A,2WJH_1,RCSB30_3345,mapped
2wk1A,1,0.899,2WK1,A,2WK1.A,2WK1_1,RCSB30_12830,mapped
2wk8B,1,0.8015,2WK8,B,2WK8.B,2WK8_1,RCSB30_23135,mapped
2wl9B,1,0.8315,2WL9,B,2WL9.B,2WL9_1,RCSB30_4990,mapped
2wm5A,1,0.5879,2WM5,A,2WM5.A,2WM5_1,RCSB30_305,mapped
2wmeH,2,0.9135,2WME,H,2WME.H,2WME_1,RCSB30_1061,mapped
2wmgA,2,0.8022,2WMG,A,2WMG.A,2WMG_1,RCSB30_12727,mapped
2wnsB,1,0.8797,2WNS,B,2WNS.B,2WNS_1,RCSB30_989,mapped
2wnuF,2,0.8318,2WNU,F,2WNU.F,2WNU_3,RCSB30_11252,mapped
2wo9A,1,0.9768,2WO9,A,2WO9.A,2WO9_1,RCSB30_1236,mapped
2woeA,1,0.8271,2WOE,A,2WOE.A,2WOE_1,RCSB30_28092,mapped
2woiC,1,0.6786,2WOI,C,2WOI.C,2WOI_1,RCSB30_812,mapped
2wopA,1,0.4579,2WOP,A,2WOP.A,2WOP_1,RCSB30_57612,mapped
2wp1A,1,0.6525,2WP1,A,2WP1.A,2WP1_1,RCSB30_1456,mapped
2wpxA,1,0.7616,2WPX,A,2WPX.A,2WPX_1,RCSB30_77561,mapped
2wqnA,2,0.7397,2WQN,A,2WQN.A,2WQN_1,RCSB30_7026,mapped
2wr8A,2,0.7206,2WR8,A,2WR8.A,2WR8_1,RCSB30_15370,mapped
2wsbC,1,0.7444,2WSB,C,2WSB.C,2WSB_1,RCSB30_7345,mapped
2wt9A,2,0.9309,2WT9,A,2WT9.A,2WT9_1,RCSB30_9459,mapped
2wtgA,1,0.9566,2WTG,A,2WTG.A,2WTG_1,RCSB30_11650,mapped
2wtkC,1,0.8001,2WTK,C,2WTK.C,2WTK_3,RCSB30_18972,mapped
2wtnB,1,0.7855,2WTN,B,2WTN.B,2WTN_1,RCSB30_4936,mapped
2wtzA,3,0.6848,2WTZ,A,2WTZ.A,2WTZ_1,RCSB30_1875,mapped
2wufB,1,0.7235,2WUF,B,2WUF.B,2WUF_1,RCSB30_3570,mapped
2wv4A,2,0.7617,2WV4,A,2WV4.A,2WV4_1,RCSB30_41044,mapped
2wvmB,1,0.7463,2WVM,B,2WVM.B,2WVM_1,RCSB30_19565,mapped
2wvtA,2,1.0,2WVT,A,2WVT.A,2WVT_1,RCSB30_7519,mapped
2ww0H,1,0.6989,2WW0,H,2WW0.H,2WW0_1,RCSB30_21439,mapped
2ww2B,1,0.6003,2WW2,B,2WW2.B,2WW2_1,RCSB30_21439,mapped
2ww4B,2,0.7764,2WW4,B,2WW4.B,2WW4_1,RCSB30_726,mapped
2wy4A,1,0.7752,2WY4,A,2WY4.A,2WY4_1,RCSB30_2673,mapped
2wyaB,3,0.6937,2WYA,B,2WYA.B,2WYA_1,RCSB30_3693,mapped
2wyoD,3,0.6954,2WYO,D,2WYO.D,2WYO_1,RCSB30_43855,mapped
2wz5B,3,0.9228,2WZ5,B,2WZ5.B,2WZ5_1,RCSB30_869,mapped
2wzgA,1,0.8737,2WZG,A,2WZG.A,2WZG_1,RCSB30_45020,mapped
2wzmB,1,0.7291,2WZM,B,2WZM.B,2WZM_1,RCSB30_3413,mapped
2x0fA,1,0.829,2X0F,A,2X0F.A,2X0F_1,RCSB30_57416,mapped
2x0iA,1,0.685,2X0I,A,2X0I.A,2X0I_1,RCSB30_598,mapped
2x0kA,3,0.6081,2X0K,A,2X0K.A,2X0K_1,RCSB30_5458,mapped
2x0qA,1,0.5932,2X0Q,A,2X0Q.A,2X0Q_1,RCSB30_9154,mapped
2x1eA,1,0.5045,2X1E,A,2X1E.A,2X1E_1,RCSB30_14353,mapped
2x1fA,2,0.7813,2X1F,A,2X1F.A,2X1F_1,RCSB30_22250,mapped
2x1nD,1,0.7916,2X1N,D,2X1N.D,2X1N_2,RCSB30_1185,mapped
2x2eB,1,0.943,2X2E,B,2X2E.B,2X2E_1,RCSB30_1563,mapped
2x2oA,1,1.0,2X2O,A,2X2O.A,2X2O_1,RCSB30_15813,mapped
2x2wB,1,0.9728,2X2W,B,2X2W.B,2X2W_1,RCSB30_1694,mapped
2x3fA,1,0.7536,2X3F,A,2X3F.A,2X3F_1,RCSB30_228,mapped
2x3kA,2,0.6148,2X3K,A,2X3K.A,2X3K_1,RCSB30_33022,mapped
2x3nA,2,0.5531,2X3N,A,2X3N.A,2X3N_1,RCSB30_39252,mapped
2x46A,1,0.5348,2X46,A,2X46.A,2X46_1,RCSB30_30383,mapped
2x4yI,1,0.5451,2X4Y,I,2X4Y.I,2X4Y_1,RCSB30_380,mapped
2x5dD,1,0.5628,2X5D,D,2X5D.D,2X5D_1,RCSB30_6045,mapped
2x5iA,3,0.7678,2X5I,A,2X5I.A,2X5I_1,RCSB30_19,mapped
2x5tA,1,0.8628,2X5T,A,2X5T.A,2X5T_1,RCSB30_62339,mapped
2x60B,2,0.9148,2X60,B,2X60.B,2X60_1,RCSB30_8081,mapped
2x64C,3,0.4686,2X64,C,2X64.C,2X64_1,RCSB30_7920,mapped
2x66A,1,0.8262,2X66,A,2X66.A,2X66_1,RCSB30_14373,mapped
2x6fA,1,0.6853,2X6F,A,2X6F.A,2X6F_1,RCSB30_1850,mapped
2x6mA,1,0.8428,2X6M,A,2X6M.A,2X6M_1,RCSB30_668,mapped
2x6yA,1,0.6877,2X6Y,A,2X6Y.A,2X6Y_1,RCSB30_7314,mapped
2x77B,3,0.7107,2X77,B,2X77.B,2X77_1,RCSB30_9292,mapped
2x7iA,2,0.8114,2X7I,A,2X7I.A,2X7I_1,RCSB30_52578,mapped
2x7wA,1,0.4225,2X7W,A,2X7W.A,2X7W_1,RCSB30_1357,mapped
2x7xA,1,0.9279,2X7X,A,2X7X.A,2X7X_1,RCSB30_196363,mapped
2x8tB,1,0.7268,2X8T,B,2X8T.B,2X8T_1,RCSB30_14503,mapped
2x8wA,1,0.8836,2X8W,A,2X8W.A,2X8W_1,RCSB30_2594,mapped
2x9fA,1,0.5945,2X9F,A,2X9F.A,2X9F_1,RCSB30_581,mapped
2x9pA,1,0.7636,2X9P,A,2X9P.A,2X9P_1,RCSB30_305,mapped
2xa2A,3,0.474,2XA2,A,2XA2.A,2XA2_1,RCSB30_14787,mapped
2xaaC,1,0.6706,2XAA,C,2XAA.C,2XAA_1,RCSB30_7252,mapped
2xauA,3,0.9542,2XAU,A,2XAU.A,2XAU_1,RCSB30_4414,mapped
2xbnA,2,0.8606,2XBN,A,2XBN.A,2XBN_1,RCSB30_3465,mapped
2xcmB,1,0.8881,2XCM,B,2XCM.B,2XCM_1,RCSB30_166,mapped
2xd3A,1,0.7193,2XD3,A,2XD3.A,2XD3_1,RCSB30_17568,mapped
2xd4A,1,0.6674,2XD4,A,2XD4.A,2XD4_1,RCSB30_1826,mapped
2xdlA,1,0.9191,2XDL,A,2XDL.A,2XDL_1,RCSB30_166,mapped
2xecD,1,0.8423,2XEC,D,2XEC.D,2XEC_1,RCSB30_26154,mapped
2xewF,1,0.5151,2XEW,F,2XEW.F,2XEW_1,RCSB30_99,mapped
2xf8M,3,0.6516,2XF8,M,2XF8.M,2XF8_1,RCSB30_520,mapped
2xfyA,3,0.7451,2XFY,A,2XFY.A,2XFY_1,RCSB30_4007,mapped
2xgtB,1,0.9475,2XGT,B,2XGT.B,2XGT_1,RCSB30_11313,mapped
2xhkB,2,0.9513,2XHK,B,2XHK.B,2XHK_1,RCSB30_10528,mapped
2xkbK,1,0.8757,2XKB,K,2XKB.K,2XKB_1,RCSB30_28847,mapped
2xlcF,3,0.6571,2XLC,F,2XLC.F,2XLC_1,RCSB30_7819,mapped
2xldA,1,1.0,2XLD,A,2XLD.A,2XLD_1,RCSB30_2723,mapped
2xm1A,3,0.9444,2XM1,A,2XM1.A,2XM1_1,RCSB30_6025,mapped
2xm7A,1,0.5272,2XM7,A,2XM7.A,2XM7_1,RCSB30_24779,mapped
2xmhE,1,0.9062,2XMH,E,2XMH.E,2XMH_1,RCSB30_30968,mapped
2xn1A,2,0.7017,2XN1,A,2XN1.A,2XN1_1,RCSB30_5793,mapped
2xonA,2,0.8883,2XON,A,2XON.A,2XON_1,RCSB30_98830,mapped
2xp2A,2,0.6585,2XP2,A,2XP2.A,2XP2_1,RCSB30_2820,mapped
2xq0A,6,0.7333,2XQ0,A,2XQ0.A,2XQ0_1,RCSB30_1384,mapped
2xq1O,1,0.9253,2XQ1,O,2XQ1.O,2XQ1_1,RCSB30_842,mapped
2xrhA,1,0.586,2XRH,A,2XRH.A,2XRH_1,RCSB30_76307,mapped
2xrxO,1,0.7638,2XRX,O,2XRX.O,2XRX_1,RCSB30_2796,mapped
2xryA,1,0.7624,2XRY,A,2XRY.A,2XRY_1,RCSB30_3155,mapped
2xs0A,1,0.9784,2XS0,A,2XS0.A,2XS0_1,RCSB30_1402,mapped
2xs4A,1,0.7608,2XS4,A,2XS4.A,2XS4_1,RCSB30_27996,mapped
2xsbA,1,0.9112,2XSB,A,2XSB.A,2XSB_1,RCSB30_35032,mapped
2xsqA,2,0.6421,2XSQ,A,2XSQ.A,2XSQ_1,RCSB30_8900,mapped
2xszC,1,0.8159,2XSZ,C,2XSZ.C,2XSZ_1,RCSB30_1123,mapped
2xt9A,1,0.7246,2XT9,A,2XT9.A,,SINGLETON_2xt9A,missing_entity
2xtkA,1,0.9253,2XTK,A,2XTK.A,2XTK_1,RCSB30_16896,mapped
2xtoB,1,0.9204,2XTO,B,2XTO.B,2XTO_1,RCSB30_18765,mapped
2xtsD,1,0.7635,2XTS,D,2XTS.D,2XTS_2,RCSB30_132265,mapped
2xtzB,1,0.7313,2XTZ,B,2XTZ.B,2XTZ_1,RCSB30_2860,mapped
2xu2A,1,0.857,2XU2,A,2XU2.A,2XU2_1,RCSB30_554,mapped
2xu4A,1,0.8568,2XU4,A,2XU4.A,2XU4_1,RCSB30_658,mapped
2xuaB,1,0.6265,2XUA,B,2XUA.B,2XUA_1,RCSB30_26865,mapped
2xvaA,1,0.8874,2XVA,A,2XVA.A,2XVA_1,RCSB30_6926,mapped
2xviC,1,0.7561,2XVI,C,2XVI.C,2XVI_1,RCSB30_5992,mapped
2xvkA,1,0.5546,2XVK,A,2XVK.A,2XVK_1,RCSB30_7909,mapped
2xwmA,1,0.9399,2XWM,A,2XWM.A,2XWM_1,RCSB30_7925,mapped
2xwpA,1,0.7394,2XWP,A,2XWP.A,2XWP_1,RCSB30_20907,mapped
2xwqA,1,0.4125,2XWQ,A,2XWQ.A,2XWQ_1,RCSB30_40081,mapped
2xx2D,1,0.9724,2XX2,D,2XX2.D,2XX2_1,RCSB30_166,mapped
2xykA,1,0.9565,2XYK,A,2XYK.A,2XYK_1,RCSB30_11493,mapped
2xyqA,1,0.719,2XYQ,A,2XYQ.A,2XYQ_1,RCSB30_2423,mapped
2y05D,1,0.8725,2Y05,D,2Y05.D,2Y05_1,RCSB30_2874,mapped
2y08B,1,0.6314,2Y08,B,2Y08.B,2Y08_1,RCSB30_15635,mapped
2y0dA,2,0.8508,2Y0D,A,2Y0D.A,2Y0D_1,RCSB30_7426,mapped
2y0mA,1,0.7494,2Y0M,A,2Y0M.A,2Y0M_1,RCSB30_4877,mapped
2y1fB,1,0.5673,2Y1F,B,2Y1F.B,2Y1F_1,RCSB30_248,mapped
2y27B,1,0.6365,2Y27,B,2Y27.B,2Y27_1,RCSB30_12090,mapped
2y2lA,1,0.722,2Y2L,A,2Y2L.A,2Y2L_1,RCSB30_5616,mapped
2y41A,1,0.5486,2Y41,A,2Y41.A,2Y41_1,RCSB30_117,mapped
2y4iA,1,0.503,2Y4I,A,2Y4I.A,2Y4I_1,RCSB30_7111,mapped
2y4oA,2,0.4656,2Y4O,A,2Y4O.A,2Y4O_1,RCSB30_12090,mapped
2y53B,1,0.8259,2Y53,B,2Y53.B,2Y53_1,RCSB30_12506,mapped
2y55C,1,0.8006,2Y55,C,2Y55.C,2Y55_1,RCSB30_10061,mapped
2y5sB,1,0.7979,2Y5S,B,2Y5S.B,2Y5S_1,RCSB30_4737,mapped
2y5yB,2,0.9235,2Y5Y,B,2Y5Y.B,2Y5Y_1,RCSB30_9594,mapped
2y65D,4,0.6305,2Y65,D,2Y65.D,2Y65_1,RCSB30_2256,mapped
2y6gA,1,0.8993,2Y6G,A,2Y6G.A,2Y6G_1,RCSB30_18544,mapped
2y6pC,1,0.9445,2Y6P,C,2Y6P.C,2Y6P_1,RCSB30_352,mapped
2y7fD,3,1.0,2Y7F,D,2Y7F.D,2Y7F_1,RCSB30_18396,mapped
2y7hB,1,0.6118,2Y7H,B,2Y7H.B,2Y7H_2,RCSB30_29619,mapped
2y7iA,3,0.968,2Y7I,A,2Y7I.A,2Y7I_1,RCSB30_4931,mapped
2y7kD,1,0.6562,2Y7K,D,2Y7K.D,2Y7K_1,RCSB30_6710,mapped
2y7lA,1,0.6952,2Y7L,A,2Y7L.A,2Y7L_1,RCSB30_35187,mapped
2y88A,1,0.7299,2Y88,A,2Y88.A,2Y88_1,RCSB30_168,mapped
2y8hA,1,1.0,2Y8H,A,2Y8H.A,2Y8H_1,RCSB30_9076,mapped
2y99A,1,0.7391,2Y99,A,2Y99.A,2Y99_1,RCSB30_5074,mapped
2y9xA,2,0.904,2Y9X,A,2Y9X.A,2Y9X_1,RCSB30_21636,mapped
2ya5B,3,0.9749,2YA5,B,2YA5.B,2YA5_1,RCSB30_5716,mapped
2yabA,1,0.7408,2YAB,A,2YAB.A,2YAB_1,RCSB30_2336,mapped
2yajC,3,1.0,2YAJ,C,2YAJ.C,2YAJ_1,RCSB30_25923,mapped
2yb0D,2,0.8915,2YB0,D,2YB0.D,2YB0_1,RCSB30_14695,mapped
2yb1A,2,0.7097,2YB1,A,2YB1.A,2YB1_1,RCSB30_18948,mapped
2yb9A,1,0.7527,2YB9,A,2YB9.A,2YB9_1,RCSB30_2030,mapped
2ybbU,3,0.6171,2YBB,U,2YBB.U,2YBB_21,RCSB30_446,mapped
2yboA,1,0.7773,2YBO,A,2YBO.A,2YBO_1,RCSB30_38620,mapped
2ycuA,2,0.8492,2YCU,A,2YCU.A,,SINGLETON_2ycuA,missing_entity
2yd8A,1,0.6556,2YD8,A,2YD8.A,2YD8_1,RCSB30_2284,mapped
2yepC,1,0.5496,2YEP,C,2YEP.C,2YEP_1,RCSB30_1101,mapped
2yfoA,1,0.7161,2YFO,A,2YFO.A,2YFO_1,RCSB30_5793,mapped
2yg5A,1,0.807,2YG5,A,2YG5.A,2YG5_1,RCSB30_17668,mapped
2yguA,1,0.8601,2YGU,A,2YGU.A,2YGU_1,RCSB30_33480,mapped
2ygxC,1,0.6527,2YGX,C,2YGX.C,2YGX_1,RCSB30_305,mapped
2yhgA,1,0.66,2YHG,A,2YHG.A,2YHG_1,RCSB30_79192,mapped
2yiuE,1,0.8559,2YIU,E,2YIU.E,2YIU_2,RCSB30_7379,mapped
2yj4B,1,0.7972,2YJ4,B,2YJ4.B,2YJ4_1,RCSB30_35577,mapped
2yjzB,2,0.6508,2YJZ,B,2YJZ.B,2YJZ_1,RCSB30_10532,mapped
2yk1A,3,0.9148,2YK1,A,2YK1.A,2YK1_1,RCSB30_1,mapped
2yk3A,1,0.9807,2YK3,A,2YK3.A,2YK3_1,RCSB30_4061,mapped
2yktA,1,0.8095,2YKT,A,2YKT.A,2YKT_1,RCSB30_9493,mapped
2ykvC,1,0.8079,2YKV,C,2YKV.C,2YKV_1,RCSB30_145,mapped
2ylaC,2,0.7872,2YLA,C,2YLA.C,2YLA_1,RCSB30_10958,mapped
2ylzA,2,0.7863,2YLZ,A,2YLZ.A,2YLZ_1,RCSB30_3610,mapped
2yoeC,3,0.6521,2YOE,C,2YOE.C,2YOE_1,RCSB30_3498,mapped
2yptC,1,0.4896,2YPT,C,2YPT.C,2YPT_1,RCSB30_4886,mapped
2yq5C,1,0.8363,2YQ5,C,2YQ5.C,2YQ5_1,RCSB30_3379,mapped
2yqsA,1,0.7893,2YQS,A,2YQS.A,2YQS_1,RCSB30_2821,mapped
2yquA,1,0.6865,2YQU,A,2YQU.A,2YQU_1,RCSB30_865,mapped
2yqzB,5,0.5989,2YQZ,B,2YQZ.B,2YQZ_1,RCSB30_97676,mapped
2yr4B,1,0.7198,2YR4,B,2YR4.B,2YR4_1,RCSB30_30014,mapped
2yrrB,2,0.7595,2YRR,B,2YRR.B,2YRR_1,RCSB30_3972,mapped
2ys6A,1,0.78,2YS6,A,2YS6.A,2YS6_1,RCSB30_1826,mapped
2ytzB,1,0.8585,2YTZ,B,2YTZ.B,2YTZ_1,RCSB30_4319,mapped
2yu1A,1,0.4905,2YU1,A,2YU1.A,2YU1_1,RCSB30_4465,mapped
2yutA,1,0.6724,2YUT,A,2YUT.A,2YUT_1,RCSB30_106895,mapped
2yvlA,1,0.9353,2YVL,A,2YVL.A,2YVL_1,RCSB30_31446,mapped
2yvwA,1,0.6982,2YVW,A,2YVW.A,2YVW_1,RCSB30_188,mapped
2yw2B,3,0.6804,2YW2,B,2YW2.B,2YW2_1,RCSB30_1826,mapped
2yw9H,1,0.808,2YW9,H,2YW9.H,2YW9_1,RCSB30_1340,mapped
2ywvB,2,0.7761,2YWV,B,2YWV.B,2YWV_1,RCSB30_2851,mapped
2yx1B,1,0.6148,2YX1,B,2YX1.B,2YX1_1,RCSB30_15632,mapped
2yxlA,1,0.4873,2YXL,A,2YXL.A,2YXL_1,RCSB30_140695,mapped
2yxxA,1,0.6695,2YXX,A,2YXX.A,2YXX_1,RCSB30_2808,mapped
2yy5C,1,0.9449,2YY5,C,2YY5.C,2YY5_1,RCSB30_935,mapped
2yy8B,1,0.9219,2YY8,B,2YY8.B,2YY8_1,RCSB30_7100,mapped
2yyiA,2,0.6976,2YYI,A,2YYI.A,2YYI_1,RCSB30_8742,mapped
2yyuA,1,0.6853,2YYU,A,2YYU.A,2YYU_1,RCSB30_483,mapped
2yyyA,1,0.8863,2YYY,A,2YYY.A,2YYY_1,RCSB30_3780,mapped
2yzoB,1,0.6097,2YZO,B,2YZO.B,2YZO_1,RCSB30_3842,mapped
2yzqA,2,0.9417,2YZQ,A,2YZQ.A,2YZQ_1,RCSB30_159665,mapped
2z02A,1,0.9459,2Z02,A,2Z02.A,2Z02_1,RCSB30_332,mapped
2z08A,1,0.9106,2Z08,A,2Z08.A,2Z08_1,RCSB30_40181,mapped
2z0aB,1,0.9193,2Z0A,B,2Z0A.B,2Z0A_1,RCSB30_4558,mapped
2z0kA,1,0.8732,2Z0K,A,2Z0K.A,2Z0K_1,RCSB30_26284,mapped
2z0yA,2,0.947,2Z0Y,A,2Z0Y.A,2Z0Y_1,RCSB30_53564,mapped
2z1aA,1,0.5845,2Z1A,A,2Z1A.A,2Z1A_1,RCSB30_2907,mapped
2z23A,1,0.6399,2Z23,A,2Z23.A,2Z23_1,RCSB30_1164,mapped
2z31A,1,0.4134,2Z31,A,2Z31.A,2Z31_1,RCSB30_25056,mapped
2z3iD,2,0.8856,2Z3I,D,2Z3I.D,2Z3I_1,RCSB30_18712,mapped
2z3tD,1,0.6387,2Z3T,D,2Z3T.D,2Z3T_1,RCSB30_305,mapped
2z4rC,1,0.8057,2Z4R,C,2Z4R.C,2Z4R_1,RCSB30_508,mapped
2z52A,1,0.6892,2Z52,A,2Z52.A,2Z52_1,RCSB30_4696,mapped
2z5fA,1,0.5704,2Z5F,A,2Z5F.A,2Z5F_1,RCSB30_2233,mapped
2z5sA,1,0.6954,2Z5S,A,2Z5S.A,2Z5S_1,RCSB30_8027,mapped
2z6dB,1,0.9714,2Z6D,B,2Z6D.B,2Z6D_1,RCSB30_5663,mapped
2z6iB,3,0.7738,2Z6I,B,2Z6I.B,2Z6I_1,RCSB30_7917,mapped
2z6mF,2,0.9327,2Z6M,F,2Z6M.F,2Z6M_1,RCSB30_461,mapped
2z6vA,1,0.9141,2Z6V,A,2Z6V.A,2Z6V_1,RCSB30_55541,mapped
2z70B,1,0.592,2Z70,B,2Z70.B,2Z70_2,RCSB30_25810,mapped
2z71B,1,0.6671,2Z71,B,2Z71.B,2Z71_1,RCSB30_27458,mapped
2z7qA,1,0.7571,2Z7Q,A,2Z7Q.A,2Z7Q_1,RCSB30_2163,mapped
2z95D,1,0.7387,2Z95,D,2Z95.D,2Z95_1,RCSB30_2708,mapped
2z9wA,2,1.0,2Z9W,A,2Z9W.A,2Z9W_1,RCSB30_34955,mapped
2zacA,1,0.7842,2ZAC,A,2ZAC.A,2ZAC_1,RCSB30_19899,mapped
2zalD,3,0.913,2ZAL,D,2ZAL.D,2ZAL_2,RCSB30_1701,mapped
2zaoA,2,0.8183,2ZAO,A,2ZAO.A,2ZAO_1,RCSB30_4501,mapped
2zatA,1,0.8702,2ZAT,A,2ZAT.A,2ZAT_1,RCSB30_1170,mapped
2zbcH,3,0.7828,2ZBC,H,2ZBC.H,2ZBC_1,RCSB30_1947,mapped
2zblB,2,0.9045,2ZBL,B,2ZBL.B,2ZBL_1,RCSB30_17205,mapped
2zboE,1,0.9548,2ZBO,E,2ZBO.E,2ZBO_1,RCSB30_3267,mapped
2zbpA,3,0.8237,2ZBP,A,2ZBP.A,2ZBP_1,RCSB30_13678,mapped
2zbtC,1,0.7495,2ZBT,C,2ZBT.C,2ZBT_1,RCSB30_601,mapped
2zbuB,3,0.9222,2ZBU,B,2ZBU.B,2ZBU_1,RCSB30_15370,mapped
2zbyA,1,0.701,2ZBY,A,2ZBY.A,2ZBY_1,RCSB30_305,mapped
2zc0D,1,0.7759,2ZC0,D,2ZC0.D,2ZC0_1,RCSB30_7651,mapped
2zc4B,1,0.5907,2ZC4,B,2ZC4.B,2ZC4_2,RCSB30_5920,mapped
2zcvA,1,0.7646,2ZCV,A,2ZCV.A,2ZCV_1,RCSB30_18288,mapped
2zczC,1,0.8669,2ZCZ,C,2ZCZ.C,2ZCZ_1,RCSB30_5252,mapped
2zdoA,1,0.9317,2ZDO,A,2ZDO.A,2ZDO_1,RCSB30_3952,mapped
2zdqB,1,0.8367,2ZDQ,B,2ZDQ.B,2ZDQ_1,RCSB30_645,mapped
2ze3A,2,0.8399,2ZE3,A,2ZE3.A,2ZE3_1,RCSB30_21378,mapped
2ze8B,3,0.5968,2ZE8,B,2ZE8.B,2ZE8_1,RCSB30_12672,mapped
2zecC,1,0.9371,2ZEC,C,2ZEC.C,2ZEC_1,RCSB30_3048,mapped
2zetA,1,0.7246,2ZET,A,2ZET.A,2ZET_1,RCSB30_1229,mapped
2zfaB,1,0.7927,2ZFA,B,2ZFA.B,2ZFA_1,RCSB30_12755,mapped
2zfnA,1,0.7461,2ZFN,A,2ZFN.A,2ZFN_1,RCSB30_11139,mapped
2zfoB,1,0.9545,2ZFO,B,2ZFO.B,2ZFO_2,RCSB30_2325,mapped
2zfoD,1,0.9772,2ZFO,D,2ZFO.D,2ZFO_4,RCSB30_12059,mapped
2zfuA,1,0.9148,2ZFU,A,2ZFU.A,2ZFU_1,RCSB30_35194,mapped
2zgjA,1,0.6158,2ZGJ,A,2ZGJ.A,2ZGJ_1,RCSB30_11660,mapped
2zh6B,1,0.8664,2ZH6,B,2ZH6.B,2ZH6_2,RCSB30_2913,mapped
2zi8B,1,0.9034,2ZI8,B,2ZI8.B,2ZI8_1,RCSB30_4990,mapped
2zicA,2,0.6894,2ZIC,A,2ZIC.A,2ZIC_1,RCSB30_12333,mapped
2zifB,1,0.8534,2ZIF,B,2ZIF.B,2ZIF_1,RCSB30_50054,mapped
2zitB,1,0.9418,2ZIT,B,2ZIT.B,2ZIT_2,RCSB30_6639,mapped
2zj3A,1,0.8893,2ZJ3,A,2ZJ3.A,2ZJ3_1,RCSB30_3003,mapped
2zjaA,2,0.4331,2ZJA,A,2ZJA.A,2ZJA_1,RCSB30_25218,mapped
2zjdC,2,0.5283,2ZJD,C,2ZJD.C,2ZJD_1,RCSB30_2267,mapped
2zjfA,3,0.7676,2ZJF,A,2ZJF.A,2ZJF_1,RCSB30_805,mapped
2zjlA,1,0.5143,2ZJL,A,2ZJL.A,2ZJL_1,RCSB30_317,mapped
2zkjB,1,0.8606,2ZKJ,B,2ZKJ.B,2ZKJ_1,RCSB30_1969,mapped
2zl4G,1,0.677,2ZL4,G,2ZL4.G,2ZL4_1,RCSB30_411,mapped
2zmaA,1,0.7979,2ZMA,A,2ZMA.A,2ZMA_1,RCSB30_9990,mapped
2zmfB,2,1.0,2ZMF,B,2ZMF.B,2ZMF_1,RCSB30_420,mapped
2zmlD,1,0.8957,2ZML,D,2ZML.D,2ZML_1,RCSB30_1350,mapped
2zneB,1,0.6647,2ZNE,B,2ZNE.B,2ZNE_1,RCSB30_4026,mapped
2zo9B,1,0.8324,2ZO9,B,2ZO9.B,2ZO9_1,RCSB30_23715,mapped
2zofB,1,0.5327,2ZOF,B,2ZOF.B,2ZOF_1,RCSB30_6816,mapped
2zokE,1,0.5953,2ZOK,E,2ZOK.E,2ZOK_1,RCSB30_63,mapped
2zonD,1,0.8138,2ZON,D,2ZON.D,2ZON_2,RCSB30_32520,mapped
2zooA,1,0.8933,2ZOO,A,2ZOO.A,2ZOO_1,RCSB30_695,mapped
2zpaB,2,0.7496,2ZPA,B,2ZPA.B,2ZPA_1,RCSB30_14048,mapped
2zptA,1,0.4892,2ZPT,A,2ZPT.A,2ZPT_1,RCSB30_2740,mapped
2zpyA,2,0.6966,2ZPY,A,2ZPY.A,2ZPY_1,RCSB30_2712,mapped
2zqxA,1,0.7736,2ZQX,A,2ZQX.A,2ZQX_1,RCSB30_7568,mapped
2zr2B,1,0.8073,2ZR2,B,2ZR2.B,2ZR2_1,RCSB30_818,mapped
2zr8A,1,0.852,2ZR8,A,2ZR8.A,2ZR8_1,RCSB30_3413,mapped
2zruA,1,0.806,2ZRU,A,2ZRU.A,2ZRU_1,RCSB30_2707,mapped
2zs0A,1,0.9778,2ZS0,A,2ZS0.A,2ZS0_1,RCSB30_2325,mapped
2zs1C,1,0.8755,2ZS1,C,2ZS1.C,2ZS1_3,RCSB30_2325,mapped
2zscA,1,1.0,2ZSC,A,2ZSC.A,2ZSC_1,RCSB30_5084,mapped
2zsjA,2,0.7367,2ZSJ,A,2ZSJ.A,2ZSJ_1,RCSB30_5599,mapped
2ztkA,3,0.9398,2ZTK,A,2ZTK.A,2ZTK_1,RCSB30_10157,mapped
2ztmD,1,0.8666,2ZTM,D,2ZTM.D,2ZTM_1,RCSB30_4371,mapped
2zu2A,2,0.6622,2ZU2,A,2ZU2.A,2ZU2_1,RCSB30_10,mapped
2zu8A,1,0.6071,2ZU8,A,2ZU8.A,2ZU8_1,RCSB30_19565,mapped
2zueA,1,0.5698,2ZUE,A,2ZUE.A,2ZUE_1,RCSB30_4793,mapped
2zuwB,1,0.7427,2ZUW,B,2ZUW.B,2ZUW_1,RCSB30_22100,mapped
2zvcA,1,0.9099,2ZVC,A,2ZVC.A,2ZVC_1,RCSB30_43036,mapped
2zvwD,1,0.7492,2ZVW,D,2ZVW.D,2ZVW_1,RCSB30_1162,mapped
2zw5B,1,0.8654,2ZW5,B,2ZW5.B,2ZW5_1,RCSB30_53204,mapped
2zw9B,1,0.7157,2ZW9,B,2ZW9.B,2ZW9_1,RCSB30_30183,mapped
2zwjA,1,0.9748,2ZWJ,A,2ZWJ.A,2ZWJ_1,RCSB30_16334,mapped
2zxdB,2,0.8191,2ZXD,B,2ZXD.B,2ZXD_1,RCSB30_10102,mapped
2zxyA,1,0.8156,2ZXY,A,2ZXY.A,2ZXY_1,RCSB30_46067,mapped
2zy5B,1,0.9008,2ZY5,B,2ZY5.B,2ZY5_1,RCSB30_22173,mapped
2zyaA,2,0.8781,2ZYA,A,2ZYA.A,2ZYA_1,RCSB30_1441,mapped
2zybA,1,0.9302,2ZYB,A,2ZYB.A,2ZYB_1,RCSB30_548,mapped
2zyiB,1,0.7381,2ZYI,B,2ZYI.B,2ZYI_1,RCSB30_44174,mapped
2zykC,1,0.8972,2ZYK,C,2ZYK.C,2ZYK_1,RCSB30_17568,mapped
2zz0D,1,0.7605,2ZZ0,D,2ZZ0.D,2ZZ0_1,RCSB30_1683,mapped
2zzgA,2,0.8175,2ZZG,A,2ZZG.A,2ZZG_1,RCSB30_3178,mapped
2zznA,1,0.8712,2ZZN,A,2ZZN.A,2ZZN_1,RCSB30_15632,mapped
3a05A,3,0.7278,3A05,A,3A05.A,3A05_1,RCSB30_2151,mapped
3a06B,6,0.6115,3A06,B,3A06.B,3A06_1,RCSB30_248,mapped
3a0tA,1,0.8817,3A0T,A,3A0T.A,3A0T_1,RCSB30_24456,mapped
3a15A,1,0.875,3A15,A,3A15.A,3A15_1,RCSB30_14066,mapped
3a1eA,1,0.8181,3A1E,A,3A1E.A,3A1E_1,RCSB30_1089,mapped
3a1iA,2,0.885,3A1I,A,3A1I.A,3A1I_1,RCSB30_13087,mapped
3a1nB,1,0.7339,3A1N,B,3A1N.B,3A1N_1,RCSB30_3555,mapped
3a25A,1,0.7722,3A25,A,3A25.A,3A25_1,RCSB30_15632,mapped
3a27A,1,0.8193,3A27,A,3A27.A,3A27_1,RCSB30_15632,mapped
3a28G,1,0.7952,3A28,G,3A28.G,3A28_1,RCSB30_708,mapped
3a35A,2,0.9343,3A35,A,3A35.A,3A35_1,RCSB30_5810,mapped
3a37A,3,0.9468,3A37,A,3A37.A,3A37_1,RCSB30_1157,mapped
3a3iB,1,0.6262,3A3I,B,3A3I.B,3A3I_1,RCSB30_13954,mapped
3a4aA,2,0.6434,3A4A,A,3A4A.A,3A4A_1,RCSB30_1407,mapped
3a4hA,1,0.9553,3A4H,A,3A4H.A,3A4H_1,RCSB30_305,mapped
3a4mA,2,0.705,3A4M,A,3A4M.A,3A4M_1,RCSB30_24097,mapped
3a4tB,1,0.8421,3A4T,B,3A4T.B,3A4T_1,RCSB30_38055,mapped
3a4xA,1,0.7816,3A4X,A,3A4X.A,3A4X_1,RCSB30_28215,mapped
3a58F,1,0.9554,3A58,F,3A58.F,3A58_2,RCSB30_344,mapped
3a5cC,2,0.6677,3A5C,C,3A5C.C,3A5C_1,RCSB30_659,mapped
3a5rA,1,0.6464,3A5R,A,3A5R.A,3A5R_1,RCSB30_323,mapped
3a5yA,1,0.6045,3A5Y,A,3A5Y.A,3A5Y_1,RCSB30_808,mapped
3a5zG,1,0.8032,3A5Z,G,3A5Z.G,3A5Z_1,RCSB30_808,mapped
3a6jE,1,0.9663,3A6J,E,3A6J.E,3A6J_1,RCSB30_15998,mapped
3a6uA,1,0.9018,3A6U,A,3A6U.A,3A6U_1,RCSB30_6195,mapped
3a72A,2,0.7719,3A72,A,3A72.A,3A72_1,RCSB30_19653,mapped
3a75D,3,0.7443,3A75,D,3A75.D,3A75_2,RCSB30_4904,mapped
3a76B,2,0.8998,3A76,B,3A76.B,3A76_1,RCSB30_34781,mapped
3a7jA,1,0.7366,3A7J,A,3A7J.A,3A7J_1,RCSB30_3354,mapped
3a8iA,1,0.5347,3A8I,A,3A8I.A,3A8I_1,RCSB30_1283,mapped
3a8uA,1,0.5112,3A8U,A,3A8U.A,3A8U_1,RCSB30_4078,mapped
3a8wB,1,0.7562,3A8W,B,3A8W.B,3A8W_1,RCSB30_1542,mapped
3aatA,3,0.9649,3AAT,A,3AAT.A,3AAT_1,RCSB30_578,mapped
3ab1A,1,0.7797,3AB1,A,3AB1.A,3AB1_1,RCSB30_867,mapped
3ab6A,1,0.506,3AB6,A,3AB6.A,3AB6_1,RCSB30_11780,mapped
3abbA,1,0.7893,3ABB,A,3ABB.A,3ABB_1,RCSB30_305,mapped
3abiA,1,0.7738,3ABI,A,3ABI.A,3ABI_1,RCSB30_148546,mapped
3ac0C,1,0.6343,3AC0,C,3AC0.C,3AC0_1,RCSB30_5218,mapped
3acdA,3,0.6885,3ACD,A,3ACD.A,3ACD_1,RCSB30_2970,mapped
3adpA,1,0.9408,3ADP,A,3ADP.A,3ADP_1,RCSB30_12525,mapped
3aefA,1,0.9061,3AEF,A,3AEF.A,3AEF_1,RCSB30_999,mapped
3aegB,3,0.4164,3AEG,B,3AEG.B,3AEG_2,RCSB30_2399,mapped
3aegD,2,0.55,3AEG,D,3AEG.D,3AEG_4,RCSB30_4420,mapped
3aepC,1,0.819,3AEP,C,3AEP.C,3AEP_1,RCSB30_13322,mapped
3afjA,3,0.6716,3AFJ,A,3AFJ.A,3AFJ_1,RCSB30_7658,mapped
3aflA,2,0.8348,3AFL,A,3AFL.A,3AFL_1,RCSB30_87585,mapped
3afnB,2,0.6379,3AFN,B,3AFN.B,3AFN_1,RCSB30_31713,mapped
3agaA,1,0.8369,3AGA,A,3AGA.A,3AGA_1,RCSB30_22760,mapped
3ageA,3,0.6834,3AGE,A,3AGE.A,3AGE_1,RCSB30_18267,mapped
3agoA,1,0.8195,3AGO,A,3AGO.A,3AGO_1,RCSB30_35242,mapped
3agyA,3,0.5973,3AGY,A,3AGY.A,3AGY_1,RCSB30_799,mapped
3ah1B,2,0.9412,3AH1,B,3AH1.B,3AH1_1,RCSB30_10411,mapped
3ahrA,1,0.662,3AHR,A,3AHR.A,3AHR_1,RCSB30_6271,mapped
3ahyA,1,0.8014,3AHY,A,3AHY.A,3AHY_1,RCSB30_1388,mapped
3ai2B,1,0.8125,3AI2,B,3AI2.B,3AI2_1,RCSB30_4490,mapped
3aiaA,1,0.9002,3AIA,A,3AIA.A,3AIA_1,RCSB30_7145,mapped
3aiqA,1,0.6483,3AIQ,A,3AIQ.A,3AIQ_1,RCSB30_1388,mapped
3ajzA,3,0.7197,3AJZ,A,3AJZ.A,3AJZ_1,RCSB30_14837,mapped
3ak4C,1,0.7998,3AK4,C,3AK4.C,3AK4_1,RCSB30_2086,mapped
3akdA,1,0.6917,3AKD,A,3AKD.A,3AKD_1,RCSB30_179,mapped
3aklC,1,0.951,3AKL,C,3AKL.C,3AKL_1,RCSB30_54442,mapped
3akzD,2,0.8922,3AKZ,D,3AKZ.D,3AKZ_1,RCSB30_457,mapped
3al6B,2,0.9645,3AL6,B,3AL6.B,3AL6_1,RCSB30_10135,mapped
3algA,2,0.7182,3ALG,A,3ALG.A,3ALG_1,RCSB30_7244,mapped
3alnB,1,0.8474,3ALN,B,3ALN.B,3ALN_1,RCSB30_6783,mapped
3aluD,2,0.8338,3ALU,D,3ALU.D,3ALU_1,RCSB30_3682,mapped
3amgB,1,0.7017,3AMG,B,3AMG.B,3AMG_1,RCSB30_12155,mapped
3amqD,1,0.837,3AMQ,D,3AMQ.D,3AMQ_1,RCSB30_11911,mapped
3amtA,1,0.7512,3AMT,A,3AMT.A,3AMT_1,RCSB30_8181,mapped
3ankA,1,0.7409,3ANK,A,3ANK.A,3ANK_1,RCSB30_11370,mapped
3anpA,1,0.6907,3ANP,A,3ANP.A,3ANP_1,RCSB30_100509,mapped
3anxA,1,0.6745,3ANX,A,3ANX.A,3ANX_1,RCSB30_4927,mapped
3aoeA,3,0.6426,3AOE,A,3AOE.A,3AOE_1,RCSB30_1342,mapped
3aoeD,2,0.7463,3AOE,D,3AOE.D,3AOE_2,RCSB30_1342,mapped
3aosB,1,0.95,3AOS,B,3AOS.B,3AOS_1,RCSB30_25019,mapped
3aovA,1,0.6468,3AOV,A,3AOV.A,3AOV_1,RCSB30_7651,mapped
3ap1B,1,0.8938,3AP1,B,3AP1.B,3AP1_1,RCSB30_11275,mapped
3apwA,1,0.9537,3APW,A,3APW.A,3APW_1,RCSB30_13753,mapped
3apyC,1,0.7434,3APY,C,3APY.C,3APY_1,RCSB30_2373,mapped
3aq0D,1,0.4092,3AQ0,D,3AQ0.D,3AQ0_1,RCSB30_17744,mapped
3aq9B,1,0.8942,3AQ9,B,3AQ9.B,3AQ9_1,RCSB30_5060,mapped
3aqtA,1,0.8139,3AQT,A,3AQT.A,3AQT_1,RCSB30_76576,mapped
3asvB,1,0.7987,3ASV,B,3ASV.B,3ASV_1,RCSB30_5453,mapped
3aszB,1,0.8159,3ASZ,B,3ASZ.B,3ASZ_1,RCSB30_766,mapped
3at5A,1,0.7535,3AT5,A,3AT5.A,3AT5_1,RCSB30_95,mapped
3at6B,1,0.7593,3AT6,B,3AT6.B,3AT6_2,RCSB30_70,mapped
3atpB,1,0.7408,3ATP,B,3ATP.B,3ATP_1,RCSB30_6457,mapped
3attA,1,0.5367,3ATT,A,3ATT.A,3ATT_1,RCSB30_24035,mapped
3au8A,1,0.7715,3AU8,A,3AU8.A,3AU8_1,RCSB30_248,mapped
3auyA,2,0.972,3AUY,A,3AUY.A,3AUY_1,RCSB30_28460,mapped
3aw8B,1,0.7241,3AW8,B,3AW8.B,3AW8_1,RCSB30_332,mapped
3awiB,1,0.7969,3AWI,B,3AWI.B,3AWI_1,RCSB30_2187,mapped
3awjA,1,0.6673,3AWJ,A,3AWJ.A,3AWJ_1,RCSB30_2439,mapped
3awnA,1,0.8896,3AWN,A,3AWN.A,3AWN_1,RCSB30_12969,mapped
3axtA,1,0.7615,3AXT,A,3AXT.A,3AXT_1,RCSB30_4319,mapped
3aysA,1,0.6159,3AYS,A,3AYS.A,3AYS_1,RCSB30_21058,mapped
3ayuA,1,0.6418,3AYU,A,3AYU.A,3AYU_1,RCSB30_1062,mapped
3azaM,1,0.9217,3AZA,M,3AZA.M,3AZA_1,RCSB30_6839,mapped
3azqB,1,0.4774,3AZQ,B,3AZQ.B,3AZQ_1,RCSB30_11981,mapped
3aztD,1,0.9504,3AZT,D,3AZT.D,3AZT_1,RCSB30_12155,mapped
3b00D,2,0.8069,3B00,D,3B00.D,3B00_1,RCSB30_8277,mapped
3b07B,1,1.0,3B07,B,3B07.B,3B07_1,RCSB30_5690,mapped
3b0vD,1,0.7363,3B0V,D,3B0V.D,3B0V_2,RCSB30_7429,mapped
3b0xA,2,0.7837,3B0X,A,3B0X.A,3B0X_1,RCSB30_25499,mapped
3b18A,1,0.8533,3B18,A,3B18.A,3B18_1,RCSB30_18754,mapped
3b1cD,2,0.9232,3B1C,D,3B1C.D,3B1C_1,RCSB30_6233,mapped
3b1fA,2,0.6624,3B1F,A,3B1F.A,3B1F_1,RCSB30_8563,mapped
3b1qD,1,0.7144,3B1Q,D,3B1Q.D,3B1Q_1,RCSB30_8756,mapped
3b20D,1,0.6494,3B20,D,3B20.D,3B20_1,RCSB30_304,mapped
3b2tA,1,0.8721,3B2T,A,3B2T.A,3B2T_1,RCSB30_910,mapped
3b3wA,1,1.0,3B3W,A,3B3W.A,3B3W_1,RCSB30_9649,mapped
3b4wA,2,0.7203,3B4W,A,3B4W.A,3B4W_1,RCSB30_1058,mapped
3b50A,1,0.6478,3B50,A,3B50.A,3B50_1,RCSB30_4042,mapped
3b5iA,1,0.6592,3B5I,A,3B5I.A,3B5I_1,RCSB30_1254,mapped
3b5jA,2,0.5924,3B5J,A,3B5J.A,3B5J_1,RCSB30_3375,mapped
3b6cB,1,0.6079,3B6C,B,3B6C.B,3B6C_1,RCSB30_29647,mapped
3b6vA,2,0.806,3B6V,A,3B6V.A,3B6V_1,RCSB30_8815,mapped
3b70A,3,0.4809,3B70,A,3B70.A,3B70_1,RCSB30_2875,mapped
3b7gA,2,0.6289,3B7G,A,3B7G.A,3B7G_1,RCSB30_15952,mapped
3b7kB,3,0.7858,3B7K,B,3B7K.B,3B7K_1,RCSB30_8268,mapped
3b7qA,1,0.5885,3B7Q,A,3B7Q.A,3B7Q_1,RCSB30_8790,mapped
3b8aA,1,0.6486,3B8A,A,3B8A.A,3B8A_1,RCSB30_6432,mapped
3b8cB,1,0.642,3B8C,B,3B8C.B,,SINGLETON_3b8cB,missing_entity
3b8tD,1,0.7182,3B8T,D,3B8T.D,3B8T_1,RCSB30_1333,mapped
3b8yB,2,0.7368,3B8Y,B,3B8Y.B,3B8Y_1,RCSB30_39047,mapped
3b98A,1,0.6452,3B98,A,3B98.A,3B98_1,RCSB30_6518,mapped
3b9aA,1,0.7523,3B9A,A,3B9A.A,3B9A_1,RCSB30_2405,mapped
3b9oA,1,0.6959,3B9O,A,3B9O.A,3B9O_1,RCSB30_8560,mapped
3b9xA,1,0.8781,3B9X,A,3B9X.A,3B9X_1,RCSB30_788,mapped
3b9xC,2,0.8985,3B9X,C,3B9X.C,3B9X_1,RCSB30_788,mapped
3bazA,2,0.677,3BAZ,A,3BAZ.A,3BAZ_1,RCSB30_5405,mapped
3bb3A,1,0.9698,3BB3,A,3BB3.A,3BB3_1,RCSB30_11016,mapped
3bb5D,3,0.9069,3BB5,D,3BB5.D,3BB5_1,RCSB30_52135,mapped
3bbhA,1,0.9001,3BBH,A,3BBH.A,3BBH_1,RCSB30_8464,mapped
3bbtB,1,0.8716,3BBT,B,3BBT.B,3BBT_1,RCSB30_2525,mapped
3bc1A,1,0.9355,3BC1,A,3BC1.A,3BC1_1,RCSB30_1229,mapped
3bcqB,1,0.8508,3BCQ,B,3BCQ.B,3BCQ_2,RCSB30_70,mapped
3bcqC,1,0.907,3BCQ,C,3BCQ.C,3BCQ_1,RCSB30_95,mapped
3bd9A,1,0.843,3BD9,A,3BD9.A,3BD9_1,RCSB30_14351,mapped
3bdkA,1,0.8727,3BDK,A,3BDK.A,3BDK_1,RCSB30_1548,mapped
3be7G,1,0.9155,3BE7,G,3BE7.G,3BE7_1,RCSB30_9397,mapped
3bf8A,1,0.755,3BF8,A,3BF8.A,3BF8_1,RCSB30_12358,mapped
3bfcB,1,0.8121,3BFC,B,3BFC.B,3BFC_1,RCSB30_199,mapped
3bfkA,1,0.9716,3BFK,A,3BFK.A,3BFK_1,RCSB30_1436,mapped
3bfwA,1,0.6746,3BFW,A,3BFW.A,3BFW_1,RCSB30_12350,mapped
3bfxA,1,0.6807,3BFX,A,3BFX.A,3BFX_1,RCSB30_2233,mapped
3bg3B,1,0.6002,3BG3,B,3BG3.B,3BG3_1,RCSB30_2132,mapped
3bhiA,1,0.7871,3BHI,A,3BHI.A,3BHI_1,RCSB30_2017,mapped
3bibA,1,0.882,3BIB,A,3BIB.A,3BIB_1,RCSB30_22348,mapped
3bj3B,1,0.939,3BJ3,B,3BJ3.B,3BJ3_2,RCSB30_70,mapped
3bj7D,1,0.9789,3BJ7,D,3BJ7.D,3BJ7_1,RCSB30_7599,mapped
3bjfC,3,0.8588,3BJF,C,3BJF.C,3BJF_1,RCSB30_1935,mapped
3bk2A,1,0.6107,3BK2,A,3BK2.A,3BK2_1,RCSB30_18343,mapped
3bksA,1,0.8573,3BKS,A,3BKS.A,3BKS_1,RCSB30_69283,mapped
3bkvA,1,0.5197,3BKV,A,3BKV.A,3BKV_1,RCSB30_64765,mapped
3bleA,1,0.9016,3BLE,A,3BLE.A,3BLE_1,RCSB30_36939,mapped
3bllA,1,0.778,3BLL,A,3BLL.A,3BLL_1,RCSB30_262,mapped
3blqB,1,0.5428,3BLQ,B,3BLQ.B,3BLQ_2,RCSB30_7692,mapped
3blvC,3,0.7864,3BLV,C,3BLV.C,3BLV_1,RCSB30_7514,mapped
3bmcA,1,0.8026,3BMC,A,3BMC.A,3BMC_1,RCSB30_1409,mapped
3bn1A,1,0.516,3BN1,A,3BN1.A,3BN1_1,RCSB30_7040,mapped
3bo5A,1,0.9771,3BO5,A,3BO5.A,3BO5_1,RCSB30_12296,mapped
3bomC,1,0.7925,3BOM,C,3BOM.C,3BOM_1,RCSB30_95,mapped
3bosB,1,0.7751,3BOS,B,3BOS.B,3BOS_1,RCSB30_3321,mapped
3bpbA,1,0.6859,3BPB,A,3BPB.A,3BPB_1,RCSB30_29503,mapped
3bpfC,2,0.8124,3BPF,C,3BPF.C,3BPF_1,RCSB30_2957,mapped
3bpmA,2,0.8412,3BPM,A,3BPM.A,3BPM_1,RCSB30_2957,mapped
3bpwB,1,0.9569,3BPW,B,3BPW.B,3BPW_1,RCSB30_9147,mapped
3bpzC,1,1.0,3BPZ,C,3BPZ.C,3BPZ_1,RCSB30_6409,mapped
3brbB,1,0.6859,3BRB,B,3BRB.B,3BRB_1,RCSB30_3351,mapped
3breB,3,0.923,3BRE,B,3BRE.B,3BRE_1,RCSB30_36952,mapped
3brnA,1,0.9332,3BRN,A,3BRN.A,3BRN_1,RCSB30_30383,mapped
3brqA,1,0.7044,3BRQ,A,3BRQ.A,3BRQ_1,RCSB30_985,mapped
3bs4A,1,0.6946,3BS4,A,3BS4.A,3BS4_1,RCSB30_248428,mapped
3bs8A,1,0.6413,3BS8,A,3BS8.A,3BS8_1,RCSB30_145,mapped
3bsfB,1,0.7233,3BSF,B,3BSF.B,3BSF_1,RCSB30_12810,mapped
3bsoA,1,0.679,3BSO,A,3BSO.A,3BSO_1,RCSB30_1726,mapped
3bssA,2,0.7367,3BSS,A,3BSS.A,3BSS_1,RCSB30_13650,mapped
3btsA,2,0.6446,3BTS,A,3BTS.A,3BTS_1,RCSB30_19708,mapped
3bu0A,2,0.879,3BU0,A,3BU0.A,3BU0_1,RCSB30_8698,mapped
3bu1A,1,0.677,3BU1,A,3BU1.A,3BU1_1,RCSB30_30383,mapped
3buaD,1,0.7395,3BUA,D,3BUA.D,3BUA_1,RCSB30_10953,mapped
3bujA,1,0.6956,3BUJ,A,3BUJ.A,3BUJ_1,RCSB30_305,mapped
3busA,1,0.7413,3BUS,A,3BUS.A,3BUS_1,RCSB30_8513,mapped
3bv7B,1,0.8369,3BV7,B,3BV7.B,3BV7_1,RCSB30_366,mapped
3bwcB,1,0.8568,3BWC,B,3BWC.B,3BWC_1,RCSB30_1178,mapped
3bwlA,2,0.9597,3BWL,A,3BWL.A,3BWL_1,RCSB30_135252,mapped
3bwnD,1,0.7709,3BWN,D,3BWN.D,3BWN_1,RCSB30_7629,mapped
3bxdA,1,0.9176,3BXD,A,3BXD.A,3BXD_1,RCSB30_7110,mapped
3bxhB,2,0.8328,3BXH,B,3BXH.B,3BXH_1,RCSB30_19194,mapped
3bxxE,1,0.6827,3BXX,E,3BXX.E,3BXX_1,RCSB30_934,mapped
3bxzB,12,0.7999,3BXZ,B,3BXZ.B,3BXZ_1,RCSB30_1013,mapped
3by8A,2,0.8695,3BY8,A,3BY8.A,3BY8_1,RCSB30_7360,mapped
3c00B,1,0.8672,3C00,B,3C00.B,3C00_2,RCSB30_9907,mapped
3c0iA,1,0.6929,3C0I,A,3C0I.A,3C0I_1,RCSB30_3262,mapped
3c0oA,1,0.5953,3C0O,A,3C0O.A,3C0O_1,RCSB30_9050,mapped
3c0zB,1,0.764,3C0Z,B,3C0Z.B,3C0Z_1,RCSB30_5091,mapped
3c14B,1,0.7539,3C14,B,3C14.B,3C14_2,RCSB30_4184,mapped
3c1hA,1,0.791,3C1H,A,3C1H.A,3C1H_1,RCSB30_1968,mapped
3c1oA,1,0.5637,3C1O,A,3C1O.A,3C1O_1,RCSB30_1549,mapped
3c20B,1,0.5064,3C20,B,3C20.B,3C20_1,RCSB30_4215,mapped
3c21A,2,0.8765,3C21,A,3C21.A,3C21_1,RCSB30_3010,mapped
3c2rB,2,0.8214,3C2R,B,3C2R.B,3C2R_1,RCSB30_5841,mapped
3c2tA,1,0.9126,3C2T,A,3C2T.A,3C2T_1,RCSB30_3567,mapped
3c2uB,1,0.9517,3C2U,B,3C2U.B,3C2U_1,RCSB30_7906,mapped
3c3xA,1,0.8224,3C3X,A,3C3X.A,3C3X_1,RCSB30_1549,mapped
3c3yB,1,0.7557,3C3Y,B,3C3Y.B,3C3Y_1,RCSB30_2246,mapped
3c41A,3,0.7269,3C41,A,3C41.A,3C41_1,RCSB30_505,mapped
3c4aA,1,0.6903,3C4A,A,3C4A.A,3C4A_1,RCSB30_31648,mapped
3c4nB,1,0.6734,3C4N,B,3C4N.B,3C4N_1,RCSB30_111280,mapped
3c5cB,1,0.8609,3C5C,B,3C5C.B,3C5C_1,RCSB30_28337,mapped
3c5hA,1,0.8184,3C5H,A,3C5H.A,3C5H_1,RCSB30_9039,mapped
3c5iA,2,0.7106,3C5I,A,3C5I.A,3C5I_1,RCSB30_36266,mapped
3c7dA,4,0.6678,3C7D,A,3C7D.A,3C7D_1,RCSB30_25707,mapped
3c7fA,2,0.5655,3C7F,A,3C7F.A,3C7F_1,RCSB30_21062,mapped
3c7kC,1,0.6201,3C7K,C,3C7K.C,3C7K_1,RCSB30_52,mapped
3c85C,1,0.8767,3C85,C,3C85.C,3C85_1,RCSB30_137124,mapped
3c8wB,3,0.717,3C8W,B,3C8W.B,3C8W_1,RCSB30_6155,mapped
3c96A,1,0.6074,3C96,A,3C96.A,3C96_1,RCSB30_41100,mapped
3c9cA,1,0.6485,3C9C,A,3C9C.A,3C9C_1,RCSB30_1181,mapped
3c9hA,1,0.7687,3C9H,A,3C9H.A,3C9H_1,RCSB30_16274,mapped
3cb3B,1,0.922,3CB3,B,3CB3.B,3CB3_1,RCSB30_7395,mapped
3ccfB,3,0.8606,3CCF,B,3CCF.B,3CCF_1,RCSB30_77997,mapped
3cdgA,2,0.7395,3CDG,A,3CDG.A,3CDG_1,RCSB30_171,mapped
3ceaC,1,0.7491,3CEA,C,3CEA.C,3CEA_1,RCSB30_13866,mapped
3cf0L,2,0.9729,3CF0,L,3CF0.L,3CF0_1,RCSB30_643,mapped
3cfdB,2,0.7815,3CFD,B,3CFD.B,3CFD_2,RCSB30_1,mapped
3cgyB,1,0.8527,3CGY,B,3CGY.B,3CGY_1,RCSB30_9803,mapped
3ch0A,1,0.7953,3CH0,A,3CH0.A,3CH0_1,RCSB30_113384,mapped
3chtA,1,0.4659,3CHT,A,3CHT.A,3CHT_1,RCSB30_23273,mapped
3cinA,4,0.5587,3CIN,A,3CIN.A,3CIN_1,RCSB30_139980,mapped
3cjaA,1,0.8531,3CJA,A,3CJA.A,3CJA_1,RCSB30_5748,mapped
3cjdA,1,0.7197,3CJD,A,3CJD.A,3CJD_1,RCSB30_133984,mapped
3ckbB,1,0.7233,3CKB,B,3CKB.B,3CKB_1,RCSB30_28557,mapped
3ckkA,1,0.9282,3CKK,A,3CKK.A,3CKK_1,RCSB30_2213,mapped
3ckoA,1,0.8523,3CKO,A,3CKO.A,3CKO_1,RCSB30_5052,mapped
3cl8A,1,0.7004,3CL8,A,3CL8.A,3CL8_1,RCSB30_14431,mapped
3claA,3,0.7881,3CLA,A,3CLA.A,3CLA_1,RCSB30_6035,mapped
3clhB,1,0.6801,3CLH,B,3CLH.B,3CLH_1,RCSB30_320,mapped
3clvA,1,0.8977,3CLV,A,3CLV.A,3CLV_1,RCSB30_1035,mapped
3cnnA,1,0.8211,3CNN,A,3CNN.A,3CNN_1,RCSB30_35580,mapped
3cnvC,2,0.7576,3CNV,C,3CNV.C,3CNV_1,RCSB30_184814,mapped
3cnzA,1,0.7233,3CNZ,A,3CNZ.A,3CNZ_1,RCSB30_13214,mapped
3co8A,1,0.5947,3CO8,A,3CO8.A,3CO8_1,RCSB30_5115,mapped
3cojH,2,0.7313,3COJ,H,3COJ.H,3COJ_1,RCSB30_3165,mapped
3cokA,1,0.7168,3COK,A,3COK.A,3COK_1,RCSB30_4495,mapped
3cosA,1,0.9166,3COS,A,3COS.A,3COS_1,RCSB30_434,mapped
3coxA,1,0.6795,3COX,A,3COX.A,3COX_1,RCSB30_7861,mapped
3cp5A,1,0.8938,3CP5,A,3CP5.A,3CP5_1,RCSB30_67091,mapped
3cpaA,2,0.8685,3CPA,A,3CPA.A,3CPA_1,RCSB30_2544,mapped
3cpjB,1,0.8124,3CPJ,B,3CPJ.B,3CPJ_2,RCSB30_1436,mapped
3cr3B,1,0.8719,3CR3,B,3CR3.B,3CR3_1,RCSB30_11824,mapped
3crcB,1,0.507,3CRC,B,3CRC.B,3CRC_1,RCSB30_17352,mapped
3crqA,1,0.5682,3CRQ,A,3CRQ.A,3CRQ_1,RCSB30_287,mapped
3cs9B,1,0.8963,3CS9,B,3CS9.B,3CS9_1,RCSB30_1665,mapped
3cslB,2,0.698,3CSL,B,3CSL.B,3CSL_1,RCSB30_35347,mapped
3ct5A,1,0.8063,3CT5,A,3CT5.A,3CT5_1,RCSB30_35784,mapped
3ctlB,1,0.9783,3CTL,B,3CTL.B,3CTL_1,RCSB30_4540,mapped
3cu1C,1,0.6819,3CU1,C,3CU1.C,3CU1_1,RCSB30_910,mapped
3cu2B,1,0.7731,3CU2,B,3CU2.B,3CU2_1,RCSB30_234743,mapped
3cu4A,1,0.9526,3CU4,A,3CU4.A,3CU4_1,RCSB30_47916,mapped
3cueW,1,0.7629,3CUE,W,3CUE.W,3CUE_4,RCSB30_3346,mapped
3cv3A,1,0.6687,3CV3,A,3CV3.A,3CV3_1,RCSB30_36675,mapped
3cvnA,1,0.7565,3CVN,A,3CVN.A,3CVN_1,RCSB30_11508,mapped
3cvuC,1,0.9076,3CVU,C,3CVU.C,3CVU_3,RCSB30_2048,mapped
3cwqB,2,0.7059,3CWQ,B,3CWQ.B,3CWQ_1,RCSB30_84619,mapped
3czkA,1,0.7753,3CZK,A,3CZK.A,3CZK_1,RCSB30_6826,mapped
3czvB,1,0.8269,3CZV,B,3CZV.B,3CZV_1,RCSB30_1286,mapped
3d04B,2,0.5391,3D04,B,3D04.B,3D04_1,RCSB30_485,mapped
3d0qA,2,0.534,3D0Q,A,3D0Q.A,3D0Q_1,RCSB30_17182,mapped
3d1cA,1,0.8156,3D1C,A,3D1C.A,3D1C_1,RCSB30_65017,mapped
3d1rA,1,0.6297,3D1R,A,3D1R.A,3D1R_1,RCSB30_3181,mapped
3d2sH,1,0.9465,3D2S,H,3D2S.H,3D2S_2,RCSB30_9030,mapped
3d2zA,1,0.5655,3D2Z,A,3D2Z.A,3D2Z_1,RCSB30_13546,mapped
3d3fB,1,0.8891,3D3F,B,3D3F.B,3D3F_1,RCSB30_366,mapped
3d3hA,3,0.5052,3D3H,A,3D3H.A,3D3H_1,RCSB30_7432,mapped
3d3wA,1,0.8541,3D3W,A,3D3W.A,3D3W_1,RCSB30_2630,mapped
3d3xA,3,0.7585,3D3X,A,3D3X.A,3D3X_1,RCSB30_802,mapped
3d40A,1,0.7037,3D40,A,3D40.A,3D40_1,RCSB30_23480,mapped
3d44A,2,0.9027,3D44,A,3D44.A,3D44_1,RCSB30_6360,mapped
3d46D,2,0.8841,3D46,D,3D46.D,3D46_1,RCSB30_3149,mapped
3d4pA,1,0.6446,3D4P,A,3D4P.A,3D4P_1,RCSB30_3270,mapped
3d54I,5,0.6062,3D54,I,3D54.I,3D54_1,RCSB30_629,mapped
3d5iB,1,0.9586,3D5I,B,3D5I.B,3D5I_1,RCSB30_5499,mapped
3d5wA,1,0.8005,3D5W,A,3D5W.A,3D5W_1,RCSB30_2674,mapped
3d6fB,1,0.7613,3D6F,B,3D6F.B,3D6F_2,RCSB30_1581,mapped
3d6hA,1,0.6443,3D6H,A,3D6H.A,3D6H_1,RCSB30_1581,mapped
3d6nA,2,0.8547,3D6N,A,3D6N.A,3D6N_1,RCSB30_1489,mapped
3d6nB,1,0.6537,3D6N,B,3D6N.B,3D6N_2,RCSB30_281,mapped
3d8bB,1,0.7867,3D8B,B,3D8B.B,3D8B_1,RCSB30_12165,mapped
3d8nA,2,0.6533,3D8N,A,3D8N.A,3D8N_1,RCSB30_26928,mapped
3d8vA,1,0.7086,3D8V,A,3D8V.A,3D8V_1,RCSB30_174,mapped
3d8xB,1,0.8254,3D8X,B,3D8X.B,3D8X_1,RCSB30_2984,mapped
3d90B,2,0.977,3D90,B,3D90.B,3D90_1,RCSB30_6467,mapped
3damA,1,0.6705,3DAM,A,3DAM.A,3DAM_1,RCSB30_4646,mapped
3daoB,1,0.4609,3DAO,B,3DAO.B,3DAO_1,RCSB30_188537,mapped
3daxB,1,0.686,3DAX,B,3DAX.B,3DAX_1,RCSB30_6518,mapped
3dbaA,1,0.9021,3DBA,A,3DBA.A,3DBA_1,RCSB30_3545,mapped
3dbgA,3,0.4921,3DBG,A,3DBG.A,3DBG_1,RCSB30_13057,mapped
3dcbA,2,0.8338,3DCB,A,3DCB.A,3DCB_1,RCSB30_39391,mapped
3dcjB,1,0.5762,3DCJ,B,3DCJ.B,3DCJ_1,RCSB30_241,mapped
3dcmA,1,0.907,3DCM,A,3DCM.A,3DCM_1,RCSB30_139,mapped
3dd5D,1,0.7845,3DD5,D,3DD5.D,3DD5_1,RCSB30_2243,mapped
3dd7A,1,0.8611,3DD7,A,3DD7.A,3DD7_1,RCSB30_35043,mapped
3dddA,3,0.8987,3DDD,A,3DDD.A,3DDD_1,RCSB30_198572,mapped
3depA,1,0.5812,3DEP,A,3DEP.A,3DEP_1,RCSB30_14827,mapped
3deqC,2,0.8818,3DEQ,C,3DEQ.C,3DEQ_1,RCSB30_2857,mapped
3dfkA,1,0.6096,3DFK,A,3DFK.A,3DFK_1,RCSB30_29856,mapped
3dg6A,2,0.9106,3DG6,A,3DG6.A,3DG6_1,RCSB30_2857,mapped
3dgbA,1,1.0,3DGB,A,3DGB.A,3DGB_1,RCSB30_2857,mapped
3dghA,1,0.7278,3DGH,A,3DGH.A,3DGH_1,RCSB30_1683,mapped
3dh0A,1,0.841,3DH0,A,3DH0.A,3DH0_1,RCSB30_231698,mapped
3diwA,1,0.6915,3DIW,A,3DIW.A,3DIW_1,RCSB30_8406,mapped
3djdB,1,0.6673,3DJD,B,3DJD.B,3DJD_1,RCSB30_20930,mapped
3dktC,1,0.8357,3DKT,C,3DKT.C,3DKT_1,RCSB30_4888,mapped
3dlcA,1,0.5981,3DLC,A,3DLC.A,3DLC_1,RCSB30_114550,mapped
3dlsA,2,1.0,3DLS,A,3DLS.A,3DLS_1,RCSB30_15774,mapped
3dm0A,1,0.6874,3DM0,A,3DM0.A,3DM0_1,RCSB30_189,mapped
3dm1A,1,0.6186,3DM1,A,3DM1.A,3DM1_1,RCSB30_8127,mapped
3dm5A,1,0.9045,3DM5,A,3DM5.A,3DM5_1,RCSB30_1163,mapped
3dmfA,1,0.8258,3DMF,A,3DMF.A,3DMF_1,RCSB30_38725,mapped
3dmiA,1,0.9156,3DMI,A,3DMI.A,3DMI_1,RCSB30_3267,mapped
3dmoB,1,0.5874,3DMO,B,3DMO.B,3DMO_1,RCSB30_4167,mapped
3dntB,1,0.6625,3DNT,B,3DNT.B,3DNT_1,RCSB30_13673,mapped
3docD,3,0.6308,3DOC,D,3DOC.D,3DOC_1,RCSB30_520,mapped
3doeA,1,0.9754,3DOE,A,3DOE.A,3DOE_1,RCSB30_2764,mapped
3doiB,1,0.781,3DOI,B,3DOI.B,3DOI_1,RCSB30_79732,mapped
3dooA,1,0.5735,3DOO,A,3DOO.A,3DOO_1,RCSB30_253,mapped
3douA,5,0.6658,3DOU,A,3DOU.A,3DOU_1,RCSB30_486,mapped
3dowA,3,0.6995,3DOW,A,3DOW.A,3DOW_1,RCSB30_2094,mapped
3dr0B,1,0.9779,3DR0,B,3DR0.B,3DR0_1,RCSB30_3267,mapped
3dr8B,1,0.728,3DR8,B,3DR8.B,3DR8_1,RCSB30_9209,mapped
3drbB,1,0.6697,3DRB,B,3DRB.B,3DRB_1,RCSB30_2546,mapped
3drwA,1,0.8049,3DRW,A,3DRW.A,3DRW_1,RCSB30_7088,mapped
3dttA,1,0.659,3DTT,A,3DTT.A,3DTT_1,RCSB30_86866,mapped
3durC,2,0.4392,3DUR,C,3DUR.C,3DUR_1,RCSB30_2,mapped
3duwA,1,0.7426,3DUW,A,3DUW.A,3DUW_1,RCSB30_9386,mapped
3dwfB,1,0.8262,3DWF,B,3DWF.B,3DWF_1,RCSB30_3197,mapped
3dwiA,1,0.7026,3DWI,A,3DWI.A,3DWI_1,RCSB30_3967,mapped
3dwlG,1,0.8524,3DWL,G,3DWL.G,3DWL_1,RCSB30_1410,mapped
3dxaO,3,0.4606,3DXA,O,3DXA.O,3DXA_5,RCSB30_767,mapped
3dxgB,1,0.9622,3DXG,B,3DXG.B,3DXG_1,RCSB30_307,mapped
3dxzA,2,0.7375,3DXZ,A,3DXZ.A,3DXZ_1,RCSB30_2553,mapped
3dy9A,2,0.7826,3DY9,A,3DY9.A,3DY9_1,RCSB30_11106,mapped
3dydB,2,0.8386,3DYD,B,3DYD.B,3DYD_1,RCSB30_4080,mapped
3dzdB,1,0.8589,3DZD,B,3DZD.B,3DZD_1,RCSB30_2170,mapped
3dzvB,1,0.7955,3DZV,B,3DZV.B,3DZV_1,RCSB30_16551,mapped
3e0mB,1,0.744,3E0M,B,3E0M.B,3E0M_1,RCSB30_2188,mapped
3e0nA,1,0.7021,3E0N,A,3E0N.A,3E0N_1,RCSB30_2234,mapped
3e0xB,1,0.7144,3E0X,B,3E0X.B,3E0X_1,RCSB30_160076,mapped
3e12A,1,0.7248,3E12,A,3E12.A,3E12_1,RCSB30_383,mapped
3e18A,1,0.7828,3E18,A,3E18.A,3E18_1,RCSB30_57622,mapped
3e1gA,1,0.7679,3E1G,A,3E1G.A,3E1G_1,RCSB30_8173,mapped
3e1oJ,3,0.4585,3E1O,J,3E1O.J,3E1O_1,RCSB30_1449,mapped
3e23A,1,0.7998,3E23,A,3E23.A,3E23_1,RCSB30_166892,mapped
3e27C,1,0.9532,3E27,C,3E27.C,3E27_1,RCSB30_953,mapped
3e3aA,1,0.4375,3E3A,A,3E3A.A,3E3A_1,RCSB30_24003,mapped
3e3cB,1,0.7026,3E3C,B,3E3C.B,3E3C_1,RCSB30_62586,mapped
3e4eA,1,0.7068,3E4E,A,3E4E.A,3E4E_1,RCSB30_426,mapped
3e4pA,3,0.9191,3E4P,A,3E4P.A,3E4P_1,RCSB30_24775,mapped
3e4vA,3,0.6218,3E4V,A,3E4V.A,3E4V_1,RCSB30_80827,mapped
3e4yA,1,0.7624,3E4Y,A,3E4Y.A,3E4Y_1,RCSB30_35582,mapped
3e5hA,1,0.8827,3E5H,A,3E5H.A,3E5H_1,RCSB30_10830,mapped
3e5lA,1,0.8056,3E5L,A,3E5L.A,3E5L_1,RCSB30_305,mapped
3e5pB,1,0.8076,3E5P,B,3E5P.B,3E5P_1,RCSB30_5115,mapped
3e5rC,2,0.6223,3E5R,C,3E5R.C,3E5R_1,RCSB30_304,mapped
3e6bB,2,0.9551,3E6B,B,3E6B.B,3E6B_1,RCSB30_26511,mapped
3e6jA,1,0.6736,3E6J,A,3E6J.A,3E6J_1,RCSB30_8427,mapped
3e77B,1,0.8996,3E77,B,3E77.B,3E77_1,RCSB30_567,mapped
3e78A,1,0.7635,3E78,A,3E78.A,3E78_1,RCSB30_50812,mapped
3e7jB,2,0.7035,3E7J,B,3E7J.B,3E7J_1,RCSB30_37677,mapped
3e7xA,1,0.4936,3E7X,A,3E7X.A,3E7X_1,RCSB30_2695,mapped
3e8bB,1,0.8036,3E8B,B,3E8B.B,3E8B_1,RCSB30_3482,mapped
3e8sA,1,0.5976,3E8S,A,3E8S.A,3E8S_1,RCSB30_226096,mapped
3e8xA,2,0.6657,3E8X,A,3E8X.A,3E8X_1,RCSB30_30646,mapped
3e9hC,1,0.9292,3E9H,C,3E9H.C,3E9H_1,RCSB30_534,mapped
3e9sA,1,0.841,3E9S,A,3E9S.A,3E9S_1,RCSB30_44,mapped
3ea0B,1,0.824,3EA0,B,3EA0.B,3EA0_1,RCSB30_132573,mapped
3eb9A,1,0.7429,3EB9,A,3EB9.A,3EB9_1,RCSB30_21921,mapped
3ebhA,1,0.54,3EBH,A,3EBH.A,3EBH_1,RCSB30_1529,mapped
3eccA,1,0.66,3ECC,A,3ECC.A,3ECC_1,RCSB30_81336,mapped
3ecnB,1,0.5396,3ECN,B,3ECN.B,3ECN_1,RCSB30_9767,mapped
3ecrB,1,0.6407,3ECR,B,3ECR.B,3ECR_1,RCSB30_394,mapped
3edjA,1,0.8375,3EDJ,A,3EDJ.A,3EDJ_1,RCSB30_23945,mapped
3eeyB,1,0.9415,3EEY,B,3EEY.B,3EEY_1,RCSB30_14512,mapped
3efrB,1,0.9178,3EFR,B,3EFR.B,3EFR_1,RCSB30_5223,mapped
3efvC,1,0.7529,3EFV,C,3EFV.C,3EFV_1,RCSB30_5265,mapped
3efwB,1,0.9492,3EFW,B,3EFW.B,3EFW_1,RCSB30_882,mapped
3egiC,1,0.7459,3EGI,C,3EGI.C,3EGI_1,RCSB30_18152,mapped
3eglA,1,0.7707,3EGL,A,3EGL.A,3EGL_1,RCSB30_2818,mapped
3eheA,1,0.9839,3EHE,A,3EHE.A,3EHE_1,RCSB30_20443,mapped
3ehfD,1,0.9433,3EHF,D,3EHF.D,3EHF_1,RCSB30_13166,mapped
3eibA,2,0.7632,3EIB,A,3EIB.A,3EIB_1,RCSB30_2047,mapped
3eihA,1,0.9224,3EIH,A,3EIH.A,3EIH_1,RCSB30_4720,mapped
3ekgB,1,0.659,3EKG,B,3EKG.B,3EKG_1,RCSB30_3149,mapped
3ekmA,1,0.9701,3EKM,A,3EKM.A,3EKM_1,RCSB30_544,mapped
3elbA,2,0.7809,3ELB,A,3ELB.A,3ELB_1,RCSB30_5961,mapped
3eleA,2,0.7911,3ELE,A,3ELE.A,3ELE_1,RCSB30_100622,mapped
3eluA,1,0.7607,3ELU,A,3ELU.A,3ELU_1,RCSB30_48,mapped
3emmA,1,0.544,3EMM,A,3EMM.A,3EMM_1,RCSB30_5053,mapped
3emwA,1,0.9083,3EMW,A,3EMW.A,3EMW_1,RCSB30_6135,mapped
3emzA,1,0.8731,3EMZ,A,3EMZ.A,3EMZ_1,RCSB30_19293,mapped
3en6B,1,0.9726,3EN6,B,3EN6.B,3EN6_1,RCSB30_548,mapped
3engA,1,0.9614,3ENG,A,3ENG.A,3ENG_1,RCSB30_12179,mapped
3envA,1,0.6789,3ENV,A,3ENV.A,3ENV_1,RCSB30_692,mapped
3eokA,1,0.9778,3EOK,A,3EOK.A,3EOK_1,RCSB30_95,mapped
3eonC,1,0.9369,3EON,C,3EON.C,3EON_1,RCSB30_1976,mapped
3ephA,1,0.5049,3EPH,A,3EPH.A,3EPH_1,RCSB30_7276,mapped
3epnA,3,0.9425,3EPN,A,3EPN.A,3EPN_1,RCSB30_715,mapped
3eppB,1,0.758,3EPP,B,3EPP.B,3EPP_1,RCSB30_8031,mapped
3epzA,1,0.4874,3EPZ,A,3EPZ.A,3EPZ_1,RCSB30_4510,mapped
3eq9A,7,0.7012,3EQ9,A,3EQ9.A,3EQ9_1,RCSB30_1508,mapped
3eqiA,1,0.7273,3EQI,A,3EQI.A,3EQI_1,RCSB30_1199,mapped
3er9B,1,0.6086,3ER9,B,3ER9.B,3ER9_2,RCSB30_32413,mapped
3ergA,1,0.6728,3ERG,A,3ERG.A,3ERG_1,RCSB30_42850,mapped
3eryB,3,0.5269,3ERY,B,3ERY.B,3ERY_1,RCSB30_171,mapped
3es7A,2,0.853,3ES7,A,3ES7.A,3ES7_1,RCSB30_30658,mapped
3eslA,1,0.951,3ESL,A,3ESL.A,3ESL_1,RCSB30_47722,mapped
3et1A,1,0.6021,3ET1,A,3ET1.A,3ET1_1,RCSB30_2229,mapped
3etrE,1,0.8283,3ETR,E,3ETR.E,3ETR_2,RCSB30_19360,mapped
3eujA,1,0.508,3EUJ,A,3EUJ.A,3EUJ_1,RCSB30_83170,mapped
3eutC,1,0.6411,3EUT,C,3EUT.C,3EUT_1,RCSB30_15211,mapped
3euvB,3,0.6235,3EUV,B,3EUV.B,3EUV_2,RCSB30_2734,mapped
3evaA,1,0.7169,3EVA,A,3EVA.A,3EVA_1,RCSB30_48,mapped
3evgA,2,0.7204,3EVG,A,3EVG.A,3EVG_1,RCSB30_48,mapped
3ew2A,1,0.9676,3EW2,A,3EW2.A,3EW2_1,RCSB30_632,mapped
3ewcA,1,0.9033,3EWC,A,3EWC.A,3EWC_1,RCSB30_16329,mapped
3ewkA,1,0.8106,3EWK,A,3EWK.A,3EWK_1,RCSB30_53984,mapped
3ewpB,1,0.9596,3EWP,B,3EWP.B,3EWP_1,RCSB30_37493,mapped
3ewrA,1,0.8704,3EWR,A,3EWR.A,3EWR_1,RCSB30_29617,mapped
3exhC,1,0.865,3EXH,C,3EXH.C,3EXH_3,RCSB30_8255,mapped
3exhE,2,0.6268,3EXH,E,3EXH.E,3EXH_1,RCSB30_8255,mapped
3exmA,6,0.5563,3EXM,A,3EXM.A,3EXM_1,RCSB30_90238,mapped
3eyfD,1,0.6909,3EYF,D,3EYF.D,3EYF_2,RCSB30_1,mapped
3eysB,1,0.659,3EYS,B,3EYS.B,3EYS_2,RCSB30_1,mapped
3eyvB,1,0.9552,3EYV,B,3EYV.B,3EYV_2,RCSB30_1,mapped
3ez6A,2,0.8588,3EZ6,A,3EZ6.A,3EZ6_1,RCSB30_18008,mapped
3f0mA,1,0.8307,3F0M,A,3F0M.A,3F0M_1,RCSB30_6088,mapped
3f2dC,2,0.6433,3F2D,C,3F2D.C,3F2D_3,RCSB30_3124,mapped
3f2eA,2,0.8349,3F2E,A,3F2E.A,3F2E_1,RCSB30_65434,mapped
3f4nH,1,0.8922,3F4N,H,3F4N.H,3F4N_1,RCSB30_678,mapped
3f4wA,1,0.5377,3F4W,A,3F4W.A,3F4W_1,RCSB30_5627,mapped
3f5mD,1,0.5537,3F5M,D,3F5M.D,3F5M_1,RCSB30_3720,mapped
3f5pN,1,0.8131,3F5P,N,3F5P.N,3F5P_1,RCSB30_1134,mapped
3f65G,1,0.8585,3F65,G,3F65.G,3F65_1,RCSB30_22362,mapped
3f6hB,3,0.4891,3F6H,B,3F6H.B,3F6H_1,RCSB30_36939,mapped
3f6sF,1,0.9456,3F6S,F,3F6S.F,3F6S_1,RCSB30_3102,mapped
3f70A,2,0.6484,3F70,A,3F70.A,3F70_1,RCSB30_17080,mapped
3f7tA,1,0.7688,3F7T,A,3F7T.A,3F7T_1,RCSB30_475,mapped
3f8dC,1,0.8454,3F8D,C,3F8D.C,3F8D_1,RCSB30_2318,mapped
3f8fA,1,0.5121,3F8F,A,3F8F.A,3F8F_1,RCSB30_5287,mapped
3f8kA,1,0.8505,3F8K,A,3F8K.A,3F8K_1,RCSB30_80737,mapped
3f8wC,1,0.8509,3F8W,C,3F8W.C,3F8W_1,RCSB30_3767,mapped
3f9cB,1,0.6961,3F9C,B,3F9C.B,3F9C_1,RCSB30_4543,mapped
3fa3B,2,0.9717,3FA3,B,3FA3.B,3FA3_1,RCSB30_18494,mapped
3falC,1,0.9755,3FAL,C,3FAL.C,3FAL_1,RCSB30_1194,mapped
3faxA,1,0.4196,3FAX,A,3FAX.A,3FAX_1,RCSB30_18748,mapped
3fbfB,1,0.9571,3FBF,B,3FBF.B,3FBF_1,RCSB30_1276,mapped
3fbsA,1,0.8795,3FBS,A,3FBS.A,3FBS_1,RCSB30_21962,mapped
3fbuA,1,0.7864,3FBU,A,3FBU.A,3FBU_1,RCSB30_8928,mapped
3fceA,1,0.7324,3FCE,A,3FCE.A,3FCE_1,RCSB30_2695,mapped
3fcrA,1,0.5809,3FCR,A,3FCR.A,3FCR_1,RCSB30_4078,mapped
3fdxB,1,0.7983,3FDX,B,3FDX.B,3FDX_1,RCSB30_10019,mapped
3fe2B,3,0.8016,3FE2,B,3FE2.B,3FE2_1,RCSB30_3695,mapped
3ff5A,1,0.4259,3FF5,A,3FF5.A,3FF5_1,RCSB30_21252,mapped
3ffuB,1,0.8618,3FFU,B,3FFU.B,3FFU_1,RCSB30_6195,mapped
3fg2A,1,0.8033,3FG2,A,3FG2.A,3FG2_1,RCSB30_2999,mapped
3fg4B,3,0.7835,3FG4,B,3FG4.B,3FG4_1,RCSB30_2813,mapped
3fhrA,1,0.9397,3FHR,A,3FHR.A,3FHR_1,RCSB30_3801,mapped
3fhvA,2,0.7093,3FHV,A,3FHV.A,3FHV_1,RCSB30_62686,mapped
3fkyC,9,0.5961,3FKY,C,3FKY.C,3FKY_1,RCSB30_1271,mapped
3flvA,2,0.7218,3FLV,A,3FLV.A,3FLV_1,RCSB30_8956,mapped
3fmaE,2,0.5898,3FMA,E,3FMA.E,3FMA_1,RCSB30_67640,mapped
3fmoB,1,0.8123,3FMO,B,3FMO.B,3FMO_2,RCSB30_17566,mapped
3fmqA,1,0.695,3FMQ,A,3FMQ.A,3FMQ_1,RCSB30_5819,mapped
3fmwA,1,0.7361,3FMW,A,3FMW.A,3FMW_1,RCSB30_5903,mapped
3fmxA,2,0.6311,3FMX,A,3FMX.A,3FMX_1,RCSB30_117,mapped
3fnaB,5,0.4954,3FNA,B,3FNA.B,3FNA_1,RCSB30_2238,mapped
3fncB,1,0.4984,3FNC,B,3FNC.B,3FNC_1,RCSB30_90195,mapped
3fo2B,3,0.8512,3FO2,B,3FO2.B,3FO2_2,RCSB30_1,mapped
3fo9D,1,0.4137,3FO9,D,3FO9.D,3FO9_2,RCSB30_1,mapped
3fpkA,2,0.9245,3FPK,A,3FPK.A,3FPK_1,RCSB30_5720,mapped
3fqjA,1,0.4707,3FQJ,A,3FQJ.A,3FQJ_1,RCSB30_9719,mapped
3fr8B,1,0.7565,3FR8,B,3FR8.B,3FR8_1,RCSB30_10475,mapped
3fr9B,1,0.4669,3FR9,B,3FR9.B,3FR9_1,RCSB30_1513,mapped
3friA,1,0.8404,3FRI,A,3FRI.A,3FRI_1,RCSB30_17599,mapped
3frjA,1,0.7468,3FRJ,A,3FRJ.A,3FRJ_1,RCSB30_3197,mapped
3frqA,1,0.8514,3FRQ,A,3FRQ.A,3FRQ_1,RCSB30_56664,mapped
3fslE,1,0.9404,3FSL,E,3FSL.E,3FSL_1,RCSB30_578,mapped
3fssA,1,0.6723,3FSS,A,3FSS.A,3FSS_1,RCSB30_15620,mapped
3fstA,1,0.8733,3FST,A,3FST.A,3FST_1,RCSB30_2373,mapped
3ftfA,1,0.7487,3FTF,A,3FTF.A,3FTF_1,RCSB30_12390,mapped
3fuwA,1,0.8566,3FUW,A,3FUW.A,3FUW_1,RCSB30_628,mapped
3fvlB,1,0.9308,3FVL,B,3FVL.B,3FVL_1,RCSB30_2544,mapped
3fw3B,1,0.7518,3FW3,B,3FW3.B,3FW3_1,RCSB30_1286,mapped
3fwrA,1,0.9131,3FWR,A,3FWR.A,3FWR_1,RCSB30_41323,mapped
3fwyB,1,0.7302,3FWY,B,3FWY.B,3FWY_1,RCSB30_1849,mapped
3fwzA,3,0.7529,3FWZ,A,3FWZ.A,3FWZ_1,RCSB30_26324,mapped
3fxlA,2,0.8109,3FXL,A,3FXL.A,3FXL_1,RCSB30_6450,mapped
3fxrA,2,0.833,3FXR,A,3FXR.A,3FXR_1,RCSB30_21846,mapped
3fysA,1,0.8618,3FYS,A,3FYS.A,3FYS_1,RCSB30_2818,mapped
3fz0D,1,0.8373,3FZ0,D,3FZ0.D,3FZ0_1,RCSB30_20621,mapped
3fz5A,3,0.5928,3FZ5,A,3FZ5.A,3FZ5_1,RCSB30_160864,mapped
3fzgA,1,0.8726,3FZG,A,3FZG.A,3FZG_1,RCSB30_39155,mapped
3fzpA,1,0.609,3FZP,A,3FZP.A,3FZP_1,RCSB30_2299,mapped
3g00A,1,1.0,3G00,A,3G00.A,3G00_1,RCSB30_7448,mapped
3g07B,1,0.6839,3G07,B,3G07.B,,SINGLETON_3g07B,missing_entity
3g0oA,1,0.428,3G0O,A,3G0O.A,3G0O_1,RCSB30_1297,mapped
3g1dA,1,0.9548,3G1D,A,3G1D.A,3G1D_1,RCSB30_1591,mapped
3g1qD,1,0.7168,3G1Q,D,3G1Q.D,3G1Q_1,RCSB30_3079,mapped
3g20A,1,0.9445,3G20,A,3G20.A,3G20_1,RCSB30_9819,mapped
3g2fB,1,0.8779,3G2F,B,3G2F.B,3G2F_1,RCSB30_9721,mapped
3g2oA,1,0.7565,3G2O,A,3G2O.A,3G2O_1,RCSB30_55085,mapped
3g3uB,1,0.5094,3G3U,B,3G3U.B,3G3U_1,RCSB30_2364,mapped
3g4lC,1,0.8986,3G4L,C,3G4L.C,3G4L_1,RCSB30_1439,mapped
3g68B,2,0.6503,3G68,B,3G68.B,3G68_1,RCSB30_50282,mapped
3g6nA,1,0.9692,3G6N,A,3G6N.A,3G6N_1,RCSB30_1611,mapped
3g6vA,3,0.8467,3G6V,A,3G6V.A,3G6V_1,RCSB30_4122,mapped
3g7jB,1,0.6099,3G7J,B,3G7J.B,3G7J_1,RCSB30_2104,mapped
3g8bB,3,0.8349,3G8B,B,3G8B.B,3G8B_1,RCSB30_750,mapped
3gacE,1,0.6132,3GAC,E,3GAC.E,3GAC_1,RCSB30_17381,mapped
3gbjA,1,0.7812,3GBJ,A,3GBJ.A,3GBJ_1,RCSB30_9699,mapped
3gbuA,2,0.8773,3GBU,A,3GBU.A,3GBU_1,RCSB30_3162,mapped
3gc0A,2,0.732,3GC0,A,3GC0.A,3GC0_1,RCSB30_208,mapped
3gc6A,3,0.7731,3GC6,A,3GC6.A,3GC6_1,RCSB30_2268,mapped
3gcoA,2,0.7975,3GCO,A,3GCO.A,3GCO_1,RCSB30_4139,mapped
3gczA,1,0.6394,3GCZ,A,3GCZ.A,3GCZ_1,RCSB30_48,mapped
3gd1C,2,0.9105,3GD1,C,3GD1.C,3GD1_2,RCSB30_1816,mapped
3gd9A,3,0.5742,3GD9,A,3GD9.A,3GD9_1,RCSB30_51268,mapped
3gdlB,1,0.8885,3GDL,B,3GDL.B,3GDL_1,RCSB30_4688,mapped
3ge1B,2,0.8377,3GE1,B,3GE1.B,3GE1_1,RCSB30_599,mapped
3gegA,1,0.921,3GEG,A,3GEG.A,3GEG_1,RCSB30_40660,mapped
3gf2A,2,0.4121,3GF2,A,3GF2.A,3GF2_1,RCSB30_20438,mapped
3gf3A,3,0.5114,3GF3,A,3GF3.A,3GF3_1,RCSB30_34295,mapped
3gfrA,2,0.8463,3GFR,A,3GFR.A,3GFR_1,RCSB30_22183,mapped
3gg2C,1,0.6311,3GG2,C,3GG2.C,3GG2_1,RCSB30_7426,mapped
3gguB,1,0.7566,3GGU,B,3GGU.B,3GGU_1,RCSB30_81,mapped
3gh5A,2,0.9008,3GH5,A,3GH5.A,3GH5_1,RCSB30_7193,mapped
3gh6A,1,0.6422,3GH6,A,3GH6.A,3GH6_1,RCSB30_2104,mapped
3ghfA,2,0.956,3GHF,A,3GHF.A,3GHF_1,RCSB30_1988,mapped
3ghgE,3,0.9,3GHG,E,3GHG.E,3GHG_2,RCSB30_2182,mapped
3gidB,1,0.7665,3GID,B,3GID.B,3GID_1,RCSB30_1820,mapped
3gjbB,3,0.8234,3GJB,B,3GJB.B,3GJB_1,RCSB30_32923,mapped
3gjfI,1,0.8803,3GJF,I,3GJF.I,3GJF_5,RCSB30_1,mapped
3gjoB,1,0.8742,3GJO,B,3GJO.B,3GJO_1,RCSB30_3234,mapped
3gjxB,1,0.9791,3GJX,B,3GJX.B,3GJX_2,RCSB30_928,mapped
3gkaB,1,0.7308,3GKA,B,3GKA.B,3GKA_1,RCSB30_1103,mapped
3gkrA,2,0.4533,3GKR,A,3GKR.A,3GKR_1,RCSB30_17100,mapped
3gkzA,3,0.8581,3GKZ,A,3GKZ.A,3GKZ_1,RCSB30_2,mapped
3gl2B,1,0.9143,3GL2,B,3GL2.B,3GL2_1,RCSB30_13496,mapped
3glgB,1,0.8993,3GLG,B,3GLG.B,3GLG_2,RCSB30_4656,mapped
3glvB,1,0.5706,3GLV,B,3GLV.B,3GLV_1,RCSB30_3130,mapped
3gm5A,1,0.6023,3GM5,A,3GM5.A,3GM5_1,RCSB30_162898,mapped
3gmvA,2,0.7923,3GMV,A,3GMV.A,3GMV_1,RCSB30_50031,mapped
3gneA,1,0.7904,3GNE,A,3GNE.A,3GNE_1,RCSB30_70720,mapped
3gniB,1,0.911,3GNI,B,3GNI.B,3GNI_2,RCSB30_11453,mapped
3gnqG,1,0.6669,3GNQ,G,3GNQ.G,3GNQ_1,RCSB30_520,mapped
3go4A,1,0.4886,3GO4,A,3GO4.A,3GO4_1,RCSB30_15366,mapped
3go6B,1,0.8654,3GO6,B,3GO6.B,3GO6_1,RCSB30_49815,mapped
3goyA,1,1.0,3GOY,A,3GOY.A,3GOY_1,RCSB30_1965,mapped
3gp4A,3,0.9094,3GP4,A,3GP4.A,3GP4_1,RCSB30_20810,mapped
3gplB,2,0.7639,3GPL,B,3GPL.B,3GPL_1,RCSB30_44900,mapped
3gpoB,1,0.9358,3GPO,B,3GPO.B,3GPO_1,RCSB30_1173,mapped
3gq1A,1,0.8712,3GQ1,A,3GQ1.A,3GQ1_1,RCSB30_3518,mapped
3gqcC,2,0.7424,3GQC,C,3GQC.C,3GQC_1,RCSB30_8241,mapped
3gqlB,1,0.9275,3GQL,B,3GQL.B,3GQL_1,RCSB30_910,mapped
3gqoC,1,0.9782,3GQO,C,3GQO.C,3GQO_1,RCSB30_1173,mapped
3grsA,1,0.9283,3GRS,A,3GRS.A,3GRS_1,RCSB30_812,mapped
3gryA,1,0.9586,3GRY,A,3GRY.A,3GRY_1,RCSB30_2516,mapped
3gsmA,3,0.6721,3GSM,A,3GSM.A,3GSM_1,RCSB30_2351,mapped
3gt8D,2,0.9278,3GT8,D,3GT8.D,3GT8_1,RCSB30_523,mapped
3guzB,1,0.6599,3GUZ,B,3GUZ.B,3GUZ_1,RCSB30_2134,mapped
3gviD,1,0.8037,3GVI,D,3GVI.D,3GVI_1,RCSB30_598,mapped
3gxnB,3,0.5357,3GXN,B,3GXN.B,3GXN_1,RCSB30_2498,mapped
3gxrB,1,0.4184,3GXR,B,3GXR.B,3GXR_1,RCSB30_7741,mapped
3gxwC,3,0.7629,3GXW,C,3GXW.C,3GXW_1,RCSB30_5291,mapped
3gy9A,2,0.8135,3GY9,A,3GY9.A,3GY9_1,RCSB30_76929,mapped
3gydA,3,0.969,3GYD,A,3GYD.A,3GYD_1,RCSB30_130436,mapped
3gyhA,1,0.6894,3GYH,A,3GYH.A,3GYH_1,RCSB30_13233,mapped
3gyqB,3,0.9392,3GYQ,B,3GYQ.B,3GYQ_1,RCSB30_35779,mapped
3gyxC,1,0.8248,3GYX,C,3GYX.C,3GYX_1,RCSB30_25024,mapped
3gz1B,2,0.6122,3GZ1,B,3GZ1.B,3GZ1_1,RCSB30_8622,mapped
3gz4A,1,0.8473,3GZ4,A,3GZ4.A,3GZ4_1,RCSB30_9338,mapped
3gz7A,1,1.0,3GZ7,A,3GZ7.A,3GZ7_1,RCSB30_88422,mapped
3gzbB,2,0.8682,3GZB,B,3GZB.B,3GZB_1,RCSB30_72467,mapped
3gzcB,3,0.9,3GZC,B,3GZC.B,3GZC_1,RCSB30_814,mapped
3gzjC,2,0.6873,3GZJ,C,3GZJ.C,3GZJ_1,RCSB30_3018,mapped
3gzlA,1,0.6247,3GZL,A,3GZL.A,3GZL_1,RCSB30_4105,mapped
3gzxA,1,0.7143,3GZX,A,3GZX.A,3GZX_1,RCSB30_2796,mapped
3h0lQ,3,1.0,3H0L,Q,3H0L.Q,3H0L_2,RCSB30_209,mapped
3h0mJ,1,0.8539,3H0M,J,3H0M.J,3H0M_1,RCSB30_213,mapped
3h0oA,1,0.6583,3H0O,A,3H0O.A,3H0O_1,RCSB30_25620,mapped
3h1qA,1,0.7309,3H1Q,A,3H1Q.A,3H1Q_1,RCSB30_39051,mapped
3h2bB,1,0.8143,3H2B,B,3H2B.B,3H2B_1,RCSB30_65974,mapped
3h2sA,2,0.5732,3H2S,A,3H2S.A,3H2S_1,RCSB30_210144,mapped
3h35C,2,0.4405,3H35,C,3H35.C,3H35_1,RCSB30_210470,mapped
3h39A,3,0.8661,3H39,A,3H39.A,3H39_1,RCSB30_10601,mapped
3h3lB,1,0.5767,3H3L,B,3H3L.B,3H3L_1,RCSB30_21247,mapped
3h3tB,1,0.7984,3H3T,B,3H3T.B,3H3T_1,RCSB30_5374,mapped
3h4lA,1,0.7774,3H4L,A,3H4L.A,3H4L_1,RCSB30_11018,mapped
3h4mC,1,0.9167,3H4M,C,3H4M.C,3H4M_1,RCSB30_760,mapped
3h4zC,1,0.7952,3H4Z,C,3H4Z.C,3H4Z_1,RCSB30_8663,mapped
3h5nB,1,0.918,3H5N,B,3H5N.B,3H5N_1,RCSB30_30825,mapped
3h5zA,1,0.6374,3H5Z,A,3H5Z.A,3H5Z_1,RCSB30_1037,mapped
3h62A,2,0.9621,3H62,A,3H62.A,3H62_1,RCSB30_5339,mapped
3h77B,1,0.5298,3H77,B,3H77.B,3H77_1,RCSB30_276,mapped
3h7jB,3,0.9725,3H7J,B,3H7J.B,3H7J_1,RCSB30_26214,mapped
3h7qA,3,0.698,3H7Q,A,3H7Q.A,3H7Q_1,RCSB30_462,mapped
3h7uA,1,0.7169,3H7U,A,3H7U.A,3H7U_1,RCSB30_438,mapped
3h83B,1,0.7405,3H83,B,3H83.B,3H83_1,RCSB30_2970,mapped
3h8gC,2,0.936,3H8G,C,3H8G.C,3H8G_1,RCSB30_560,mapped
3h8iB,1,0.647,3H8I,B,3H8I.B,3H8I_1,RCSB30_63017,mapped
3h8tA,1,0.9539,3H8T,A,3H8T.A,3H8T_1,RCSB30_60367,mapped
3h8vA,1,0.8876,3H8V,A,3H8V.A,3H8V_1,RCSB30_5276,mapped
3h9kD,1,0.7138,3H9K,D,3H9K.D,3H9K_1,RCSB30_121,mapped
3ha3A,1,0.745,3HA3,A,3HA3.A,3HA3_1,RCSB30_5766,mapped
3hadA,1,0.7547,3HAD,A,3HAD.A,3HAD_1,RCSB30_4332,mapped
3hb9D,3,0.9323,3HB9,D,3HB9.D,3HB9_1,RCSB30_2132,mapped
3hbjA,3,0.6084,3HBJ,A,3HBJ.A,3HBJ_1,RCSB30_4655,mapped
3hbnA,1,0.6844,3HBN,A,3HBN.A,3HBN_1,RCSB30_50513,mapped
3hbqA,1,0.7777,3HBQ,A,3HBQ.A,3HBQ_1,RCSB30_4722,mapped
3hdmA,1,0.8055,3HDM,A,3HDM.A,3HDM_1,RCSB30_6162,mapped
3hemA,1,0.5127,3HEM,A,3HEM.A,3HEM_1,RCSB30_5766,mapped
3hf2B,1,0.7866,3HF2,B,3HF2.B,3HF2_1,RCSB30_783,mapped
3hf3C,1,0.7398,3HF3,C,3HF3.C,3HF3_1,RCSB30_1944,mapped
3hf4C,1,0.9559,3HF4,C,3HF4.C,3HF4_1,RCSB30_95,mapped
3hf5C,1,0.9224,3HF5,C,3HF5.C,3HF5_1,RCSB30_36293,mapped
3hf7A,1,0.9296,3HF7,A,3HF7.A,3HF7_1,RCSB30_23910,mapped
3hfwA,2,0.614,3HFW,A,3HFW.A,3HFW_1,RCSB30_10838,mapped
3hgmD,1,0.8355,3HGM,D,3HGM.D,3HGM_1,RCSB30_67729,mapped
3hh2A,3,0.4138,3HH2,A,3HH2.A,3HH2_1,RCSB30_3926,mapped
3hhiB,2,0.7327,3HHI,B,3HHI.B,3HHI_1,RCSB30_2365,mapped
3hhwC,2,1.0,3HHW,C,3HHW.C,3HHW_1,RCSB30_33979,mapped
3hi0B,2,0.5714,3HI0,B,3HI0.B,3HI0_1,RCSB30_69370,mapped
3hitB,1,0.7538,3HIT,B,3HIT.B,3HIT_1,RCSB30_37449,mapped
3hiyB,2,0.9154,3HIY,B,3HIY.B,3HIY_1,RCSB30_26831,mapped
3hjaC,2,0.6025,3HJA,C,3HJA.C,3HJA_1,RCSB30_304,mapped
3hk9E,2,0.9671,3HK9,E,3HK9.E,3HK9_1,RCSB30_22254,mapped
3hklB,3,0.6519,3HKL,B,3HKL.B,3HKL_1,RCSB30_128662,mapped
3hkoA,1,0.7385,3HKO,A,3HKO.A,3HKO_1,RCSB30_5049,mapped
3hkvA,2,0.7917,3HKV,A,3HKV.A,3HKV_1,RCSB30_21409,mapped
3hl2A,3,0.8741,3HL2,A,3HL2.A,3HL2_1,RCSB30_6273,mapped
3hl3A,1,0.8313,3HL3,A,3HL3.A,3HL3_1,RCSB30_2374,mapped
3hlfA,1,0.9759,3HLF,A,3HLF.A,3HLF_1,RCSB30_7293,mapped
3hmkA,1,0.6491,3HMK,A,3HMK.A,3HMK_1,RCSB30_3413,mapped
3hmzA,1,0.7152,3HMZ,A,3HMZ.A,3HMZ_1,RCSB30_62354,mapped
3hpeA,1,0.8453,3HPE,A,3HPE.A,3HPE_1,RCSB30_2052,mapped
3hpyB,1,0.842,3HPY,B,3HPY.B,3HPY_1,RCSB30_13664,mapped
3hqoD,1,0.8246,3HQO,D,3HQO.D,3HQO_1,RCSB30_1108,mapped
3hr4E,1,0.9447,3HR4,E,3HR4.E,3HR4_1,RCSB30_86,mapped
3hrdC,1,0.6485,3HRD,C,3HRD.C,3HRD_3,RCSB30_77833,mapped
3hrkB,1,0.8673,3HRK,B,3HRK.B,3HRK_1,RCSB30_2626,mapped
3hrpA,2,0.6437,3HRP,A,3HRP.A,3HRP_1,RCSB30_181095,mapped
3hrrB,2,0.7167,3HRR,B,3HRR.B,3HRR_1,RCSB30_1830,mapped
3ht5A,1,0.7342,3HT5,A,3HT5.A,3HT5_1,RCSB30_5863,mapped
3ht7A,2,1.0,3HT7,A,3HT7.A,3HT7_1,RCSB30_182,mapped
3hthA,1,0.9299,3HTH,A,3HTH.A,3HTH_1,RCSB30_19396,mapped
3htxD,1,0.7134,3HTX,D,3HTX.D,3HTX_1,RCSB30_24458,mapped
3hudA,1,0.8648,3HUD,A,3HUD.A,3HUD_1,RCSB30_434,mapped
3hunA,7,0.7372,3HUN,A,3HUN.A,3HUN_1,RCSB30_12897,mapped
3hv0B,1,0.6464,3HV0,B,3HV0.B,3HV0_1,RCSB30_2151,mapped
3hvfA,1,0.8005,3HVF,A,3HVF.A,3HVF_1,RCSB30_199,mapped
3hw4D,1,0.8089,3HW4,D,3HW4.D,3HW4_1,RCSB30_539,mapped
3hwkE,1,0.7284,3HWK,E,3HWK.E,3HWK_1,RCSB30_3510,mapped
3hwoB,2,0.9288,3HWO,B,3HWO.B,3HWO_1,RCSB30_15684,mapped
3hwsA,2,0.8142,3HWS,A,3HWS.A,3HWS_1,RCSB30_1448,mapped
3hwwA,3,0.8867,3HWW,A,3HWW.A,3HWW_1,RCSB30_1680,mapped
3hxfB,1,0.8607,3HXF,B,3HXF.B,3HXF_2,RCSB30_3689,mapped
3hxgA,1,0.5846,3HXG,A,3HXG.A,3HXG_1,RCSB30_24255,mapped
3hxxA,2,0.7213,3HXX,A,3HXX.A,3HXX_1,RCSB30_170,mapped
3hy4A,1,0.6174,3HY4,A,3HY4.A,3HY4_1,RCSB30_13658,mapped
3hy7B,1,0.7593,3HY7,B,3HY7.B,3HY7_1,RCSB30_5506,mapped
3hyuA,1,0.933,3HYU,A,3HYU.A,3HYU_1,RCSB30_95,mapped
3hyuB,1,0.8887,3HYU,B,3HYU.B,3HYU_2,RCSB30_70,mapped
3hzaA,2,0.7233,3HZA,A,3HZA.A,3HZA_1,RCSB30_1024,mapped
3i02B,1,0.4567,3I02,B,3I02.B,3I02_2,RCSB30_1,mapped
3i0pA,2,0.7317,3I0P,A,3I0P.A,3I0P_1,RCSB30_20677,mapped
3i0qA,1,0.5647,3I0Q,A,3I0Q.A,3I0Q_1,RCSB30_49726,mapped
3i0uA,2,0.6885,3I0U,A,3I0U.A,3I0U_1,RCSB30_10280,mapped
3i16A,1,0.4238,3I16,A,3I16.A,3I16_1,RCSB30_13875,mapped
3i3aB,3,0.8109,3I3A,B,3I3A.B,3I3A_1,RCSB30_4073,mapped
3i3fB,3,0.8974,3I3F,B,3I3F.B,3I3F_1,RCSB30_184603,mapped
3i3lA,1,0.8382,3I3L,A,3I3L.A,3I3L_1,RCSB30_186971,mapped
3i3oE,1,0.8884,3I3O,E,3I3O.E,3I3O_1,RCSB30_8235,mapped
3i43B,1,0.7891,3I43,B,3I43.B,3I43_1,RCSB30_2661,mapped
3i45A,2,0.9474,3I45,A,3I45.A,3I45_1,RCSB30_179986,mapped
3i53A,1,0.7832,3I53,A,3I53.A,3I53_1,RCSB30_6206,mapped
3i54A,2,0.9697,3I54,A,3I54.A,3I54_1,RCSB30_10614,mapped
3i5aA,3,0.8823,3I5A,A,3I5A.A,3I5A_1,RCSB30_36952,mapped
3i61A,1,0.7701,3I61,A,3I61.A,3I61_1,RCSB30_13969,mapped
3i6bA,3,0.4781,3I6B,A,3I6B.A,3I6B_1,RCSB30_2238,mapped
3i6iA,2,0.6354,3I6I,A,3I6I.A,3I6I_1,RCSB30_1549,mapped
3i6mA,1,0.7386,3I6M,A,3I6M.A,3I6M_1,RCSB30_295,mapped
3i6vA,1,0.6823,3I6V,A,3I6V.A,3I6V_1,RCSB30_2617,mapped
3i71B,2,0.5322,3I71,B,3I71.B,3I71_1,RCSB30_8506,mapped
3i90A,1,0.6974,3I90,A,3I90.A,3I90_1,RCSB30_20805,mapped
3i98A,3,0.9401,3I98,A,3I98.A,3I98_1,RCSB30_1125,mapped
3i99A,1,0.638,3I99,A,3I99.A,3I99_1,RCSB30_1319,mapped
3ia8A,1,0.758,3IA8,A,3IA8.A,3IA8_1,RCSB30_5053,mapped
3iaaA,2,0.6168,3IAA,A,3IAA.A,3IAA_1,RCSB30_10746,mapped
3ialB,1,0.8675,3IAL,B,3IAL.B,3IAL_1,RCSB30_1593,mapped
3iayC,3,0.6001,3IAY,C,3IAY.C,3IAY_3,RCSB30_3409,mapped
3ibgF,3,0.9743,3IBG,F,3IBG.F,3IBG_1,RCSB30_1157,mapped
3ibqA,1,0.7904,3IBQ,A,3IBQ.A,3IBQ_1,RCSB30_39732,mapped
3ic9C,1,0.7137,3IC9,C,3IC9.C,3IC9_1,RCSB30_89388,mapped
3iccA,2,0.5786,3ICC,A,3ICC.A,3ICC_1,RCSB30_2917,mapped
3icpA,1,0.7694,3ICP,A,3ICP.A,3ICP_1,RCSB30_20443,mapped
3id5B,3,0.7572,3ID5,B,3ID5.B,3ID5_2,RCSB30_1090,mapped
3ie1B,1,0.6702,3IE1,B,3IE1.B,3IE1_1,RCSB30_10782,mapped
3ie7A,1,0.7992,3IE7,A,3IE7.A,3IE7_1,RCSB30_50123,mapped
3iedA,1,0.87,3IED,A,3IED.A,3IED_1,RCSB30_16354,mapped
3ieiG,2,0.7007,3IEI,G,3IEI.G,3IEI_1,RCSB30_8539,mapped
3ieqC,3,0.9503,3IEQ,C,3IEQ.C,3IEQ_1,RCSB30_186,mapped
3ievA,1,0.8001,3IEV,A,3IEV.A,3IEV_1,RCSB30_590,mapped
3if2A,2,0.9388,3IF2,A,3IF2.A,3IF2_1,RCSB30_29676,mapped
3if9A,1,0.7282,3IF9,A,3IF9.A,3IF9_1,RCSB30_23511,mapped
3ifzB,2,0.8115,3IFZ,B,3IFZ.B,3IFZ_1,RCSB30_377,mapped
3igsA,1,0.6568,3IGS,A,3IGS.A,3IGS_1,RCSB30_1241,mapped
3ihlA,2,0.8099,3IHL,A,3IHL.A,3IHL_1,RCSB30_4055,mapped
3ihtA,1,0.5813,3IHT,A,3IHT.A,3IHT_1,RCSB30_208620,mapped
3iifA,1,0.9793,3IIF,A,3IIF.A,3IIF_1,RCSB30_9993,mapped
3iiiA,1,0.5338,3III,A,3III.A,3III_1,RCSB30_30946,mapped
3ijpA,1,0.697,3IJP,A,3IJP.A,3IJP_1,RCSB30_348,mapped
3ijqB,2,0.8104,3IJQ,B,3IJQ.B,3IJQ_1,RCSB30_37283,mapped
3ikbB,1,0.7145,3IKB,B,3IKB.B,3IKB_1,RCSB30_61543,mapped
3ikhB,1,0.8647,3IKH,B,3IKH.B,3IKH_1,RCSB30_69894,mapped
3il4C,1,0.8051,3IL4,C,3IL4.C,3IL4_1,RCSB30_276,mapped
3ilfA,1,0.8182,3ILF,A,3ILF.A,3ILF_1,RCSB30_58844,mapped
3immC,2,0.6701,3IMM,C,3IMM.C,3IMM_1,RCSB30_79914,mapped
3in1A,2,1.0,3IN1,A,3IN1.A,3IN1_1,RCSB30_37317,mapped
3ingA,1,0.5719,3ING,A,3ING.A,3ING_1,RCSB30_58628,mapped
3innA,1,0.6338,3INN,A,3INN.A,3INN_1,RCSB30_179,mapped
3io3A,1,0.8574,3IO3,A,3IO3.A,3IO3_1,RCSB30_1157,mapped
3iojB,2,0.8843,3IOJ,B,3IOJ.B,3IOJ_1,RCSB30_1166,mapped
3ioqA,1,0.6413,3IOQ,A,3IOQ.A,3IOQ_1,RCSB30_37088,mapped
3ipcA,1,0.6798,3IPC,A,3IPC.A,3IPC_1,RCSB30_5022,mapped
3iq0A,3,0.8139,3IQ0,A,3IQ0.A,3IQ0_1,RCSB30_38382,mapped
3iqiA,1,0.585,3IQI,A,3IQI.A,3IQI_1,RCSB30_3863,mapped
3ir1C,1,0.9033,3IR1,C,3IR1.C,3IR1_1,RCSB30_2785,mapped
3irdA,1,0.5447,3IRD,A,3IRD.A,3IRD_1,RCSB30_2771,mapped
3is5E,3,0.85,3IS5,E,3IS5.E,3IS5_1,RCSB30_4731,mapped
3islA,1,0.933,3ISL,A,3ISL.A,3ISL_1,RCSB30_3972,mapped
3istA,1,0.8354,3IST,A,3IST.A,3IST_1,RCSB30_801,mapped
3it3A,1,0.732,3IT3,A,3IT3.A,3IT3_1,RCSB30_26613,mapped
3it6A,2,0.5886,3IT6,A,3IT6.A,3IT6_1,RCSB30_1101,mapped
3it7B,1,0.7693,3IT7,B,3IT7.B,3IT7_1,RCSB30_43720,mapped
3itbD,1,0.4335,3ITB,D,3ITB.D,3ITB_1,RCSB30_5472,mapped
3itcA,2,0.8302,3ITC,A,3ITC.A,3ITC_1,RCSB30_9166,mapped
3ituA,2,0.7631,3ITU,A,3ITU.A,3ITU_1,RCSB30_1773,mapped
3iupA,1,0.7468,3IUP,A,3IUP.A,3IUP_1,RCSB30_177753,mapped
3iuqA,2,0.8793,3IUQ,A,3IUQ.A,3IUQ_1,RCSB30_1508,mapped
3iuyB,1,0.8455,3IUY,B,3IUY.B,3IUY_1,RCSB30_19997,mapped
3iv6C,1,0.7397,3IV6,C,3IV6.C,3IV6_1,RCSB30_171105,mapped
3iv8A,1,0.734,3IV8,A,3IV8.A,3IV8_1,RCSB30_9679,mapped
3ivdA,1,0.8602,3IVD,A,3IVD.A,3IVD_1,RCSB30_40972,mapped
3ivqA,3,0.5806,3IVQ,A,3IVQ.A,3IVQ_1,RCSB30_7484,mapped
3ivuA,1,0.8672,3IVU,A,3IVU.A,3IVU_1,RCSB30_10157,mapped
3ivyA,2,0.8654,3IVY,A,3IVY.A,3IVY_1,RCSB30_305,mapped
3iwkA,1,0.8317,3IWK,A,3IWK.A,3IWK_1,RCSB30_9186,mapped
3ix3B,1,1.0,3IX3,B,3IX3.B,3IX3_1,RCSB30_8760,mapped
3ixlA,1,0.7305,3IXL,A,3IXL.A,3IXL_1,RCSB30_20600,mapped
3ixsC,5,1.0,3IXS,C,3IXS.C,3IXS_1,RCSB30_6316,mapped
3iylR,1,0.9012,3IYL,R,3IYL.R,3IYL_1,RCSB30_51143,mapped
3j1fL,1,0.7493,3J1F,L,3J1F.L,3J1F_1,RCSB30_504,mapped
3j5vA,1,0.8689,3J5V,A,3J5V.A,3J5V_1,RCSB30_39720,mapped
3j95C,1,0.7019,3J95,C,3J95.C,3J95_1,RCSB30_1922,mapped
3j9lG,1,0.8226,3J9L,G,3J9L.G,3J9L_1,RCSB30_205588,mapped
3jbeA,1,0.8811,3JBE,A,3JBE.A,3JBE_1,RCSB30_19,mapped
3jd0B,3,0.6197,3JD0,B,3JD0.B,3JD0_1,RCSB30_1342,mapped
3jq3A,1,0.8155,3JQ3,A,3JQ3.A,3JQ3_1,RCSB30_35604,mapped
3jqlA,1,0.8721,3JQL,A,3JQL.A,3JQL_1,RCSB30_782,mapped
3jrsB,1,0.9761,3JRS,B,3JRS.B,3JRS_1,RCSB30_1835,mapped
3js3D,3,0.8333,3JS3,D,3JS3.D,3JS3_1,RCSB30_1568,mapped
3jsaA,1,0.4818,3JSA,A,3JSA.A,3JSA_1,RCSB30_58628,mapped
3jtfB,1,0.7506,3JTF,B,3JTF.B,3JTF_1,RCSB30_4986,mapped
3jtkB,2,0.8429,3JTK,B,3JTK.B,3JTK_1,RCSB30_1037,mapped
3jtyA,1,0.9285,3JTY,A,3JTY.A,3JTY_1,RCSB30_4754,mapped
3ju8B,1,0.7757,3JU8,B,3JU8.B,3JU8_1,RCSB30_1475,mapped
3jucA,1,0.699,3JUC,A,3JUC.A,3JUC_1,RCSB30_9205,mapped
3jukA,1,0.9192,3JUK,A,3JUK.A,3JUK_1,RCSB30_2463,mapped
3jupA,1,0.8705,3JUP,A,3JUP.A,3JUP_1,RCSB30_7104,mapped
3juxA,2,0.6608,3JUX,A,3JUX.A,3JUX_1,RCSB30_1013,mapped
3jvoM,2,0.7857,3JVO,M,3JVO.M,3JVO_1,RCSB30_148338,mapped
3jvvA,1,0.6442,3JVV,A,3JVV.A,3JVV_1,RCSB30_6107,mapped
3jwhB,1,0.7905,3JWH,B,3JWH.B,3JWH_1,RCSB30_18224,mapped
3jxeB,1,0.8661,3JXE,B,3JXE.B,3JXE_1,RCSB30_2151,mapped
3jyjA,1,0.7909,3JYJ,A,3JYJ.A,3JYJ_1,RCSB30_1190,mapped
3jynA,1,0.7238,3JYN,A,3JYN.A,3JYN_1,RCSB30_4338,mapped
3jyoA,4,0.5373,3JYO,A,3JYO.A,3JYO_1,RCSB30_20039,mapped
3jyyA,1,0.4665,3JYY,A,3JYY.A,3JYY_1,RCSB30_85719,mapped
3jz4B,3,0.8081,3JZ4,B,3JZ4.B,3JZ4_1,RCSB30_68,mapped
3jzjA,1,0.7967,3JZJ,A,3JZJ.A,3JZJ_1,RCSB30_38457,mapped
3jztB,1,0.7642,3JZT,B,3JZT.B,3JZT_1,RCSB30_29617,mapped
3k0zB,3,0.8794,3K0Z,B,3K0Z.B,3K0Z_1,RCSB30_244284,mapped
3k1gA,2,0.7905,3K1G,A,3K1G.A,3K1G_1,RCSB30_2857,mapped
3k1uA,1,0.591,3K1U,A,3K1U.A,3K1U_1,RCSB30_17099,mapped
3k2dA,2,0.8568,3K2D,A,3K2D.A,3K2D_1,RCSB30_2785,mapped
3k2gC,1,0.5689,3K2G,C,3K2G.C,3K2G_1,RCSB30_31771,mapped
3k31A,2,0.4879,3K31,A,3K31.A,3K31_1,RCSB30_1340,mapped
3k35B,1,0.8225,3K35,B,3K35.B,3K35_1,RCSB30_3647,mapped
3k38O,3,0.6206,3K38,O,3K38.O,3K38_1,RCSB30_588,mapped
3k3cA,1,0.9748,3K3C,A,3K3C.A,3K3C_1,RCSB30_33382,mapped
3k3oA,1,0.6798,3K3O,A,3K3O.A,3K3O_1,RCSB30_8611,mapped
3k4dB,1,0.7445,3K4D,B,3K4D.B,3K4D_1,RCSB30_2474,mapped
3k4hA,1,0.9162,3K4H,A,3K4H.A,3K4H_1,RCSB30_25482,mapped
3k4uB,3,0.8905,3K4U,B,3K4U.B,3K4U_1,RCSB30_4931,mapped
3k5hB,1,0.7683,3K5H,B,3K5H.B,3K5H_1,RCSB30_7231,mapped
3k60A,1,0.6973,3K60,A,3K60.A,3K60_1,RCSB30_166,mapped
3k6lA,1,0.837,3K6L,A,3K6L.A,3K6L_1,RCSB30_630,mapped
3k6pA,1,0.8781,3K6P,A,3K6P.A,3K6P_1,RCSB30_3633,mapped
3k6vA,1,0.7858,3K6V,A,3K6V.A,3K6V_1,RCSB30_7930,mapped
3k7vB,1,0.7168,3K7V,B,3K7V.B,3K7V_2,RCSB30_1482,mapped
3k7yA,1,0.559,3K7Y,A,3K7Y.A,3K7Y_1,RCSB30_578,mapped
3k87B,5,0.557,3K87,B,3K87.B,3K87_1,RCSB30_10186,mapped
3k8gB,1,0.6583,3K8G,B,3K8G.B,3K8G_1,RCSB30_41859,mapped
3k9fC,3,0.5252,3K9F,C,3K9F.C,3K9F_2,RCSB30_377,mapped
3k9uB,1,0.9589,3K9U,B,3K9U.B,3K9U_1,RCSB30_40870,mapped
3k9yB,1,0.5308,3K9Y,B,3K9Y.B,3K9Y_1,RCSB30_5733,mapped
3kaaB,3,0.8019,3KAA,B,3KAA.B,3KAA_1,RCSB30_14085,mapped
3kakA,1,0.4907,3KAK,A,3KAK.A,3KAK_1,RCSB30_4694,mapped
3kaqA,1,0.9456,3KAQ,A,3KAQ.A,3KAQ_1,RCSB30_3102,mapped
3kb1A,3,0.6458,3KB1,A,3KB1.A,3KB1_1,RCSB30_6485,mapped
3kb4C,1,0.9161,3KB4,C,3KB4.C,,SINGLETON_3kb4C,missing_entity
3kd6A,2,0.7656,3KD6,A,3KD6.A,3KD6_1,RCSB30_100415,mapped
3kdsA,2,0.7197,3KDS,A,3KDS.A,3KDS_1,RCSB30_3836,mapped
3kdzB,1,0.6218,3KDZ,B,3KDZ.B,3KDZ_1,RCSB30_872,mapped
3ke7A,1,0.6512,3KE7,A,3KE7.A,3KE7_1,RCSB30_104065,mapped
3keqA,1,0.7724,3KEQ,A,3KEQ.A,3KEQ_1,RCSB30_1355,mapped
3kfeH,1,0.9141,3KFE,H,3KFE.H,3KFE_1,RCSB30_565,mapped
3kfhA,1,0.8108,3KFH,A,3KFH.A,3KFH_1,RCSB30_2225,mapped
3kgyA,2,0.5978,3KGY,A,3KGY.A,3KGY_1,RCSB30_99621,mapped
3khjF,2,0.8209,3KHJ,F,3KHJ.F,3KHJ_1,RCSB30_522,mapped
3khpB,1,0.6122,3KHP,B,3KHP.B,3KHP_1,RCSB30_5208,mapped
3khsD,1,0.8577,3KHS,D,3KHS.D,3KHS_1,RCSB30_2290,mapped
3ki6A,1,0.6433,3KI6,A,3KI6.A,3KI6_1,RCSB30_6639,mapped
3kiaB,1,0.7228,3KIA,B,3KIA.B,3KIA_1,RCSB30_5052,mapped
3kicR,3,0.7486,3KIC,R,3KIC.R,3KIC_1,RCSB30_1336,mapped
3kifD,1,1.0,3KIF,D,3KIF.D,3KIF_1,RCSB30_22744,mapped
3kihB,1,0.961,3KIH,B,3KIH.B,3KIH_1,RCSB30_22744,mapped
3kjgA,1,0.753,3KJG,A,3KJG.A,3KJG_1,RCSB30_26739,mapped
3kjrB,1,0.6011,3KJR,B,3KJR.B,3KJR_1,RCSB30_121,mapped
3kkoB,1,0.9541,3KKO,B,3KKO.B,3KKO_1,RCSB30_5040,mapped
3kkzA,1,0.7774,3KKZ,A,3KKZ.A,3KKZ_1,RCSB30_23870,mapped
3kl5C,1,0.7303,3KL5,C,3KL5.C,3KL5_1,RCSB30_7798,mapped
3kloA,3,0.8513,3KLO,A,3KLO.A,3KLO_1,RCSB30_84885,mapped
3kmwA,2,0.7738,3KMW,A,3KMW.A,3KMW_1,RCSB30_5866,mapped
3kn3C,1,0.5516,3KN3,C,3KN3.C,3KN3_1,RCSB30_28890,mapped
3kn5A,1,0.6271,3KN5,A,3KN5.A,3KN5_1,RCSB30_2163,mapped
3ko4D,1,0.7143,3KO4,D,3KO4.D,3KO4_1,RCSB30_524,mapped
3ko6A,1,0.8842,3KO6,A,3KO6.A,3KO6_1,RCSB30_6621,mapped
3kp4A,1,0.877,3KP4,A,3KP4.A,3KP4_1,RCSB30_14533,mapped
3kpbA,2,0.9277,3KPB,A,3KPB.A,3KPB_1,RCSB30_29827,mapped
3kpjB,1,0.8944,3KPJ,B,3KPJ.B,3KPJ_1,RCSB30_2210,mapped
3kqiA,1,0.5202,3KQI,A,3KQI.A,3KQI_1,RCSB30_8611,mapped
3krbA,1,0.8171,3KRB,A,3KRB.A,3KRB_1,RCSB30_438,mapped
3krpA,2,0.4792,3KRP,A,3KRP.A,3KRP_1,RCSB30_2845,mapped
3ks0C,1,0.9385,3KS0,C,3KS0.C,3KS0_3,RCSB30_1113,mapped
3ksgB,1,0.8546,3KSG,B,3KSG.B,3KSG_1,RCSB30_6621,mapped
3ksmB,2,0.9359,3KSM,B,3KSM.B,3KSM_1,RCSB30_20349,mapped
3kspA,2,0.7353,3KSP,A,3KSP.A,3KSP_1,RCSB30_230092,mapped
3ksxA,1,0.5171,3KSX,A,3KSX.A,3KSX_1,RCSB30_11588,mapped
3kt6D,3,0.8701,3KT6,D,3KT6.D,3KT6_1,RCSB30_2151,mapped
3kt7A,2,0.6854,3KT7,A,3KT7.A,3KT7_1,RCSB30_13048,mapped
3ku1A,1,0.7864,3KU1,A,3KU1.A,3KU1_1,RCSB30_17958,mapped
3kusA,2,0.5608,3KUS,A,3KUS.A,3KUS_1,RCSB30_10277,mapped
3kvaA,1,0.5475,3KVA,A,3KVA.A,3KVA_1,RCSB30_14013,mapped
3kvgA,1,0.8972,3KVG,A,3KVG.A,3KVG_1,RCSB30_140,mapped
3kvnB,1,0.7149,3KVN,B,3KVN.B,3KVN_1,RCSB30_42148,mapped
3kw0A,2,0.8815,3KW0,A,3KW0.A,3KW0_1,RCSB30_103193,mapped
3kw1F,3,0.8977,3KW1,F,3KW1.F,3KW1_1,RCSB30_12976,mapped
3kw2A,1,0.9749,3KW2,A,3KW2.A,3KW2_1,RCSB30_102559,mapped
3kw5A,1,0.6327,3KW5,A,3KW5.A,3KW5_1,RCSB30_3683,mapped
3kxaD,3,1.0,3KXA,D,3KXA.D,3KXA_1,RCSB30_75504,mapped
3kxiA,1,0.4834,3KXI,A,3KXI.A,3KXI_1,RCSB30_21299,mapped
3kydB,2,0.7412,3KYD,B,3KYD.B,3KYD_2,RCSB30_6341,mapped
3kz7A,1,0.8184,3KZ7,A,3KZ7.A,3KZ7_1,RCSB30_19824,mapped
3kzbA,2,0.4978,3KZB,A,3KZB.A,3KZB_1,RCSB30_77633,mapped
3kzhA,3,0.5709,3KZH,A,3KZH.A,3KZH_1,RCSB30_16887,mapped
3kziM,3,0.4324,3KZI,M,3KZI.M,3KZI_13,RCSB30_1147,mapped
3l01A,2,0.9563,3L01,A,3L01.A,3L01_1,RCSB30_68275,mapped
3l0dB,2,0.6274,3L0D,B,3L0D.B,3L0D_1,RCSB30_520,mapped
3l0lC,1,0.9205,3L0L,C,3L0L.C,3L0L_1,RCSB30_1052,mapped
3l0qA,2,0.4909,3L0Q,A,3L0Q.A,3L0Q_1,RCSB30_8891,mapped
3l0sB,1,0.5406,3L0S,B,3L0S.B,3L0S_1,RCSB30_368,mapped
3l11A,1,0.6563,3L11,A,3L11.A,3L11_1,RCSB30_5365,mapped
3l1nA,1,0.4256,3L1N,A,3L1N.A,3L1N_1,RCSB30_30553,mapped
3l1sA,1,0.6974,3L1S,A,3L1S.A,3L1S_1,RCSB30_1574,mapped
3l2bA,1,0.9681,3L2B,A,3L2B.A,3L2B_1,RCSB30_45464,mapped
3l2kB,2,0.8728,3L2K,B,3L2K.B,3L2K_1,RCSB30_51583,mapped
3l49A,1,0.9665,3L49,A,3L49.A,3L49_1,RCSB30_71202,mapped
3l4bB,1,0.9187,3L4B,B,3L4B.B,3L4B_1,RCSB30_41987,mapped
3l4gM,1,0.8143,3L4G,M,3L4G.M,3L4G_1,RCSB30_234,mapped
3l4kA,8,0.8246,3L4K,A,3L4K.A,3L4K_1,RCSB30_3417,mapped
3l4lA,1,0.7068,3L4L,A,3L4L.A,3L4L_1,RCSB30_37926,mapped
3l4nA,2,0.7845,3L4N,A,3L4N.A,3L4N_1,RCSB30_45142,mapped
3l6hA,1,0.9162,3L6H,A,3L6H.A,3L6H_1,RCSB30_20252,mapped
3l7kD,1,0.7484,3L7K,D,3L7K.D,3L7K_1,RCSB30_31598,mapped
3l85A,3,0.7228,3L85,A,3L85.A,3L85_1,RCSB30_1527,mapped
3l8aA,1,0.9222,3L8A,A,3L8A.A,3L8A_1,RCSB30_6233,mapped
3l8hC,1,0.5783,3L8H,C,3L8H.C,3L8H_1,RCSB30_15631,mapped
3l8kA,2,0.6838,3L8K,A,3L8K.A,3L8K_1,RCSB30_119155,mapped
3l92A,1,0.6502,3L92,A,3L92.A,3L92_1,RCSB30_137,mapped
3l95C,3,0.8046,3L95,C,3L95.C,3L95_3,RCSB30_2711,mapped
3la6I,1,0.8191,3LA6,I,3LA6.I,3LA6_1,RCSB30_3864,mapped
3la7A,1,0.7659,3LA7,A,3LA7.A,3LA7_1,RCSB30_10528,mapped
3ladB,1,0.8769,3LAD,B,3LAD.B,3LAD_1,RCSB30_865,mapped
3lb5C,1,0.8425,3LB5,C,3LB5.C,3LB5_1,RCSB30_8614,mapped
3lbaA,1,0.6753,3LBA,A,3LBA.A,3LBA_1,RCSB30_3767,mapped
3lbfA,1,0.8712,3LBF,A,3LBF.A,3LBF_1,RCSB30_1038,mapped
3lbyA,1,0.8041,3LBY,A,3LBY.A,3LBY_1,RCSB30_14512,mapped
3lc6A,3,0.8272,3LC6,A,3LC6.A,3LC6_1,RCSB30_1688,mapped
3lccA,1,0.7016,3LCC,A,3LCC.A,3LCC_1,RCSB30_12521,mapped
3lcuA,1,0.9239,3LCU,A,3LCU.A,3LCU_1,RCSB30_17599,mapped
3ld4A,1,0.63,3LD4,A,3LD4.A,3LD4_1,RCSB30_1501,mapped
3ldbA,2,0.8317,3LDB,A,3LDB.A,3LDB_1,RCSB30_9384,mapped
3ldfA,1,0.5083,3LDF,A,3LDF.A,3LDF_1,RCSB30_34664,mapped
3ldrA,2,0.825,3LDR,A,3LDR.A,3LDR_1,RCSB30_20246,mapped
3lduA,2,0.6479,3LDU,A,3LDU.A,3LDU_1,RCSB30_1145,mapped
3legA,2,0.8439,3LEG,A,3LEG.A,3LEG_1,RCSB30_12727,mapped
3lf2C,1,0.8652,3LF2,C,3LF2.C,3LF2_1,RCSB30_3252,mapped
3lf5B,2,0.7529,3LF5,B,3LF5.B,3LF5_1,RCSB30_20130,mapped
3lfrA,1,0.7014,3LFR,A,3LFR.A,3LFR_1,RCSB30_4986,mapped
3lftA,1,0.6642,3LFT,A,3LFT.A,3LFT_1,RCSB30_25362,mapped
3lgaD,1,0.8228,3LGA,D,3LGA.D,3LGA_1,RCSB30_31446,mapped
3lgxC,2,0.8434,3LGX,C,3LGX.C,3LGX_1,RCSB30_2695,mapped
3lhhA,1,0.7246,3LHH,A,3LHH.A,3LHH_1,RCSB30_4986,mapped
3lhlA,1,0.6323,3LHL,A,3LHL.A,3LHL_1,RCSB30_32005,mapped
3li2A,1,1.0,3LI2,A,3LI2.A,3LI2_1,RCSB30_20077,mapped
3liaA,1,0.9274,3LIA,A,3LIA.A,3LIA_1,RCSB30_44077,mapped
3livA,3,0.89,3LIV,A,3LIV.A,3LIV_1,RCSB30_14185,mapped
3ljrB,1,0.7363,3LJR,B,3LJR.B,3LJR_1,RCSB30_7245,mapped
3lk0D,2,0.9078,3LK0,D,3LK0.D,3LK0_1,RCSB30_2774,mapped
3lkbA,1,0.9562,3LKB,A,3LKB.A,3LKB_1,RCSB30_129120,mapped
3lkiB,1,0.816,3LKI,B,3LKI.B,3LKI_1,RCSB30_3162,mapped
3lkvA,1,1.0,3LKV,A,3LKV.A,3LKV_1,RCSB30_25362,mapped
3ll9A,1,0.7171,3LL9,A,3LL9.A,3LL9_1,RCSB30_10933,mapped
3llmB,1,0.5969,3LLM,B,3LLM.B,3LLM_1,RCSB30_5769,mapped
3lloA,3,0.9155,3LLO,A,3LLO.A,3LLO_1,RCSB30_1565,mapped
3llrC,1,0.9538,3LLR,C,3LLR.C,3LLR_1,RCSB30_2660,mapped
3lltA,1,0.7319,3LLT,A,3LLT.A,3LLT_1,RCSB30_63155,mapped
3lluA,1,0.9753,3LLU,A,3LLU.A,3LLU_1,RCSB30_4383,mapped
3llxA,1,0.6993,3LLX,A,3LLX.A,3LLX_1,RCSB30_12969,mapped
3lm1A,2,1.0,3LM1,A,3LM1.A,3LM1_1,RCSB30_3445,mapped
3lm5A,2,0.8561,3LM5,A,3LM5.A,3LM5_1,RCSB30_12733,mapped
3lmiB,1,1.0,3LMI,B,3LMI.B,3LMI_1,RCSB30_18428,mapped
3lmjA,2,0.5048,3LMJ,A,3LMJ.A,3LMJ_1,RCSB30_1,mapped
3lmkB,1,0.7241,3LMK,B,3LMK.B,3LMK_1,RCSB30_1567,mapped
3lnbA,1,0.4823,3LNB,A,3LNB.A,3LNB_1,RCSB30_54218,mapped
3lncA,1,0.759,3LNC,A,3LNC.A,3LNC_1,RCSB30_1465,mapped
3lntB,2,0.6819,3LNT,B,3LNT.B,3LNT_1,RCSB30_337,mapped
3lo5A,3,0.7324,3LO5,A,3LO5.A,3LO5_1,RCSB30_91,mapped
3looA,1,0.757,3LOO,A,3LOO.A,3LOO_1,RCSB30_4725,mapped
3loqA,2,0.7457,3LOQ,A,3LOQ.A,3LOQ_1,RCSB30_162253,mapped
3lphA,2,0.4209,3LPH,A,3LPH.A,3LPH_1,RCSB30_13832,mapped
3lqiA,1,0.918,3LQI,A,3LQI.A,3LQI_1,RCSB30_22243,mapped
3lqvA,1,0.6547,3LQV,A,3LQV.A,3LQV_1,RCSB30_3363,mapped
3lreA,3,0.743,3LRE,A,3LRE.A,3LRE_1,RCSB30_30599,mapped
3lrgB,1,0.8114,3LRG,B,3LRG.B,3LRG_1,RCSB30_4,mapped
3lrpA,1,0.9278,3LRP,A,3LRP.A,3LRP_1,RCSB30_873,mapped
3lspA,1,0.7297,3LSP,A,3LSP.A,3LSP_1,RCSB30_5209,mapped
3lstA,3,0.6701,3LST,A,3LST.A,3LST_1,RCSB30_8446,mapped
3ltaA,2,0.8217,3LTA,A,3LTA.A,3LTA_1,RCSB30_15508,mapped
3lupA,1,0.9439,3LUP,A,3LUP.A,3LUP_1,RCSB30_2818,mapped
3lusA,1,0.6636,3LUS,A,3LUS.A,3LUS_1,RCSB30_4697,mapped
3luyA,3,0.6872,3LUY,A,3LUY.A,3LUY_1,RCSB30_222868,mapped
3lv1B,1,0.7953,3LV1,B,3LV1.B,,SINGLETON_3lv1B,missing_entity
3lvlA,1,0.8896,3LVL,A,3LVL.A,3LVL_1,RCSB30_814,mapped
3lw7B,1,0.8789,3LW7,B,3LW7.B,3LW7_1,RCSB30_5368,mapped
3lxdA,1,0.708,3LXD,A,3LXD.A,3LXD_1,RCSB30_2999,mapped
3lxeA,1,0.9373,3LXE,A,3LXE.A,3LXE_1,RCSB30_1286,mapped
3lxxA,4,0.6711,3LXX,A,3LXX.A,3LXX_1,RCSB30_15534,mapped
3lyiA,2,0.8869,3LYI,A,3LYI.A,3LYI_1,RCSB30_380,mapped
3lzzB,1,0.6601,3LZZ,B,3LZZ.B,3LZZ_1,RCSB30_12953,mapped
3m2pB,1,0.7639,3M2P,B,3M2P.B,3M2P_1,RCSB30_188117,mapped
3m2tA,1,0.4511,3M2T,A,3M2T.A,3M2T_1,RCSB30_186355,mapped
3m34A,1,0.6635,3M34,A,3M34.A,3M34_1,RCSB30_1153,mapped
3m3mA,5,0.6579,3M3M,A,3M3M.A,3M3M_1,RCSB30_21451,mapped
3m4fC,1,0.6812,3M4F,C,3M4F.C,3M4F_1,RCSB30_1179,mapped
3m4pC,1,0.884,3M4P,C,3M4P.C,3M4P_1,RCSB30_11313,mapped
3m5hE,1,0.8201,3M5H,E,3M5H.E,3M5H_1,RCSB30_256,mapped
3m5pA,1,0.5647,3M5P,A,3M5P.A,3M5P_1,RCSB30_326,mapped
3m6aA,3,0.8602,3M6A,A,3M6A.A,3M6A_1,RCSB30_1119,mapped
3m6iB,2,0.5994,3M6I,B,3M6I.B,3M6I_1,RCSB30_644,mapped
3m6sC,3,0.952,3M6S,C,3M6S.C,3M6S_1,RCSB30_290,mapped
3m6vA,1,0.6985,3M6V,A,3M6V.A,3M6V_1,RCSB30_30698,mapped
3m84A,1,0.5223,3M84,A,3M84.A,3M84_1,RCSB30_241,mapped
3m85D,2,0.7946,3M85,D,3M85.D,3M85_2,RCSB30_4954,mapped
3m8tA,1,0.6341,3M8T,A,3M8T.A,,SINGLETON_3m8tA,missing_entity
3m97A,1,0.9611,3M97,A,3M97.A,3M97_1,RCSB30_15342,mapped
3m9vA,2,0.7767,3M9V,A,3M9V.A,3M9V_1,RCSB30_27012,mapped
3ma0A,1,1.0,3MA0,A,3MA0.A,3MA0_1,RCSB30_23789,mapped
3makA,2,0.6198,3MAK,A,3MAK.A,3MAK_1,RCSB30_2104,mapped
3maqA,3,0.8878,3MAQ,A,3MAQ.A,3MAQ_1,RCSB30_15754,mapped
3mauB,2,0.7818,3MAU,B,3MAU.B,3MAU_1,RCSB30_5206,mapped
3maxA,1,0.9566,3MAX,A,3MAX.A,3MAX_1,RCSB30_1609,mapped
3mbaA,1,0.9542,3MBA,A,3MBA.A,3MBA_1,RCSB30_17449,mapped
3mbcA,2,0.4216,3MBC,A,3MBC.A,3MBC_1,RCSB30_11189,mapped
3mbhB,3,0.8594,3MBH,B,3MBH.B,3MBH_1,RCSB30_39732,mapped
3mcfA,1,0.4347,3MCF,A,3MCF.A,3MCF_1,RCSB30_12249,mapped
3meaA,1,0.6033,3MEA,A,3MEA.A,3MEA_1,RCSB30_14374,mapped
3mebA,1,0.6694,3MEB,A,3MEB.A,3MEB_1,RCSB30_578,mapped
3meqA,1,0.7789,3MEQ,A,3MEQ.A,3MEQ_1,RCSB30_711,mapped
3meyB,1,0.6713,3MEY,B,3MEY.B,3MEY_1,RCSB30_11986,mapped
3mf2B,2,0.7665,3MF2,B,3MF2.B,3MF2_1,RCSB30_11986,mapped
3mfhA,3,0.8288,3MFH,A,3MFH.A,3MFH_1,RCSB30_17114,mapped
3mgbB,1,0.8636,3MGB,B,3MGB.B,3MGB_1,RCSB30_23843,mapped
3mgcA,2,0.7006,3MGC,A,3MGC.A,3MGC_1,RCSB30_23843,mapped
3mgdB,1,0.6808,3MGD,B,3MGD.B,3MGD_1,RCSB30_214301,mapped
3mgxA,1,0.956,3MGX,A,3MGX.A,3MGX_1,RCSB30_83954,mapped
3mh1A,3,0.9484,3MH1,A,3MH1.A,3MH1_1,RCSB30_286,mapped
3mi0C,1,0.8806,3MI0,C,3MI0.C,3MI0_2,RCSB30_2066,mapped
3mi5A,2,0.9404,3MI5,A,3MI5.A,3MI5_1,RCSB30_3877,mapped
3mjeA,1,0.7508,3MJE,A,3MJE.A,3MJE_1,RCSB30_15844,mapped
3mjhA,1,0.9566,3MJH,A,3MJH.A,3MJH_1,RCSB30_2116,mapped
3mkbD,1,0.8271,3MKB,D,3MKB.D,3MKB_2,RCSB30_95,mapped
3mkjA,1,0.4371,3MKJ,A,3MKJ.A,3MKJ_1,RCSB30_965,mapped
3mksD,1,0.9333,3MKS,D,3MKS.D,3MKS_2,RCSB30_31881,mapped
3ml5A,2,0.6293,3ML5,A,3ML5.A,3ML5_1,RCSB30_1286,mapped
3mlpF,1,0.4877,3MLP,F,3MLP.F,3MLP_1,RCSB30_7852,mapped
3mm1A,1,0.7516,3MM1,A,3MM1.A,3MM1_1,RCSB30_8029,mapped
3mmgB,2,0.8364,3MMG,B,3MMG.B,3MMG_1,RCSB30_38727,mapped
3mnnG,1,0.5131,3MNN,G,3MNN.G,3MNN_3,RCSB30_55,mapped
3mosA,2,0.7946,3MOS,A,3MOS.A,3MOS_1,RCSB30_3528,mapped
3mp5B,1,0.8454,3MP5,B,3MP5.B,3MP5_1,RCSB30_7780,mapped
3mpbB,1,0.9197,3MPB,B,3MPB.B,3MPB_1,RCSB30_38649,mapped
3mq2B,1,0.9174,3MQ2,B,3MQ2.B,3MQ2_1,RCSB30_10727,mapped
3mqwC,3,0.932,3MQW,C,3MQW.C,3MQW_1,RCSB30_4096,mapped
3msdB,3,0.7788,3MSD,B,3MSD.B,3MSD_1,RCSB30_4805,mapped
3msuA,2,0.7231,3MSU,A,3MSU.A,3MSU_1,RCSB30_1864,mapped
3mupC,3,0.7257,3MUP,C,3MUP.C,3MUP_1,RCSB30_1620,mapped
3mvcA,1,0.9236,3MVC,A,3MVC.A,3MVC_1,RCSB30_79819,mapped
3mvyA,1,0.9192,3MVY,A,3MVY.A,3MVY_1,RCSB30_4961,mapped
3mw2A,2,0.4958,3MW2,A,3MW2.A,3MW2_1,RCSB30_19325,mapped
3mw3A,2,0.7875,3MW3,A,3MW3.A,3MW3_1,RCSB30_4372,mapped
3mwfA,2,0.7339,3MWF,A,3MWF.A,3MWF_1,RCSB30_35360,mapped
3mx5C,1,0.5341,3MX5,C,3MX5.C,3MX5_1,RCSB30_6976,mapped
3mx6A,1,0.6791,3MX6,A,3MX6.A,3MX6_1,RCSB30_2578,mapped
3mxgJ,2,0.7237,3MXG,J,3MXG.J,3MXG_1,RCSB30_6408,mapped
3my0J,1,0.7373,3MY0,J,3MY0.J,3MY0_1,RCSB30_4626,mapped
3myuA,1,0.6203,3MYU,A,3MYU.A,3MYU_1,RCSB30_61840,mapped
3n0sA,1,0.578,3N0S,A,3N0S.A,3N0S_1,RCSB30_19713,mapped
3n0tB,1,0.6945,3N0T,B,3N0T.B,3N0T_1,RCSB30_4836,mapped
3n10B,1,0.9433,3N10,B,3N10.B,3N10_1,RCSB30_34392,mapped
3n15A,1,0.8731,3N15,A,3N15.A,3N15_1,RCSB30_17722,mapped
3n1cC,2,0.7619,3N1C,C,3N1C.C,3N1C_1,RCSB30_14178,mapped
3n1tD,1,0.9453,3N1T,D,3N1T.D,3N1T_1,RCSB30_10977,mapped
3n23D,2,0.7617,3N23,D,3N23.D,3N23_1,RCSB30_836,mapped
3n29B,3,0.4464,3N29,B,3N29.B,3N29_1,RCSB30_16540,mapped
3n2cF,2,0.8276,3N2C,F,3N2C.F,3N2C_1,RCSB30_9397,mapped
3n2iB,1,0.791,3N2I,B,3N2I.B,3N2I_1,RCSB30_56,mapped
3n39A,2,0.9242,3N39,A,3N39.A,3N39_1,RCSB30_1749,mapped
3n39B,1,0.9709,3N39,B,3N39.B,3N39_2,RCSB30_1905,mapped
3n3tB,1,0.7042,3N3T,B,3N3T.B,3N3T_1,RCSB30_18066,mapped
3n5bA,2,0.8596,3N5B,A,3N5B.A,3N5B_1,RCSB30_1670,mapped
3n5oA,5,0.6944,3N5O,A,3N5O.A,3N5O_1,RCSB30_977,mapped
3n6mA,2,0.6447,3N6M,A,3N6M.A,3N6M_1,RCSB30_388,mapped
3n7sA,1,0.6004,3N7S,A,3N7S.A,3N7S_1,RCSB30_44007,mapped
3n7uC,1,0.943,3N7U,C,3N7U.C,3N7U_1,RCSB30_2668,mapped
3n8rA,1,0.7627,3N8R,A,3N8R.A,3N8R_1,RCSB30_199,mapped
3na5A,1,0.4701,3NA5,A,3NA5.A,3NA5_1,RCSB30_12476,mapped
3nazC,3,0.5875,3NAZ,C,3NAZ.C,3NAZ_1,RCSB30_3229,mapped
3nbcA,2,0.9503,3NBC,A,3NBC.A,3NBC_1,RCSB30_47770,mapped
3nbqD,2,0.7119,3NBQ,D,3NBQ.D,3NBQ_1,RCSB30_9391,mapped
3nc5B,1,0.8355,3NC5,B,3NC5.B,3NC5_1,RCSB30_16502,mapped
3nd1A,2,0.6596,3ND1,A,3ND1.A,3ND1_1,RCSB30_47175,mapped
3nd6F,1,0.9355,3ND6,F,3ND6.F,3ND6_1,RCSB30_137,mapped
3ndcA,1,0.9242,3NDC,A,3NDC.A,3NDC_1,RCSB30_16297,mapped
3ndyE,1,0.6418,3NDY,E,3NDY.E,3NDY_1,RCSB30_6565,mapped
3necA,3,1.0,3NEC,A,3NEC.A,3NEC_1,RCSB30_29047,mapped
3nemB,1,0.6842,3NEM,B,3NEM.B,3NEM_1,RCSB30_4654,mapped
3nevB,1,0.8772,3NEV,B,3NEV.B,3NEV_1,RCSB30_1733,mapped
3nf4A,1,0.6315,3NF4,A,3NF4.A,3NF4_1,RCSB30_2786,mapped
3nf7A,1,0.8709,3NF7,A,3NF7.A,3NF7_1,RCSB30_42,mapped
3nfeB,1,0.9334,3NFE,B,3NFE.B,3NFE_2,RCSB30_70,mapped
3nfzA,1,0.8934,3NFZ,A,3NFZ.A,3NFZ_1,RCSB30_4636,mapped
3ng0A,2,0.7511,3NG0,A,3NG0.A,3NG0_1,RCSB30_1616,mapped
3nglA,3,0.6936,3NGL,A,3NGL.A,3NGL_1,RCSB30_994,mapped
3ngoA,1,0.6764,3NGO,A,3NGO.A,3NGO_1,RCSB30_7195,mapped
3ngtG,1,0.8321,3NGT,G,3NGT.G,3NGT_1,RCSB30_454,mapped
3nh1C,1,0.9226,3NH1,C,3NH1.C,3NH1_1,RCSB30_2230,mapped
3nhbA,1,0.5089,3NHB,A,3NHB.A,3NHB_1,RCSB30_7333,mapped
3nhiA,1,0.8271,3NHI,A,3NHI.A,3NHI_1,RCSB30_11106,mapped
3nieB,1,0.8628,3NIE,B,3NIE.B,3NIE_1,RCSB30_62277,mapped
3nihA,2,0.7872,3NIH,A,3NIH.A,3NIH_1,RCSB30_14957,mapped
3nixF,1,0.8244,3NIX,F,3NIX.F,3NIX_1,RCSB30_98245,mapped
3nizA,1,0.8221,3NIZ,A,3NIZ.A,3NIZ_1,RCSB30_208,mapped
3njjA,1,0.8578,3NJJ,A,3NJJ.A,3NJJ_1,RCSB30_21548,mapped
3njqA,2,0.7697,3NJQ,A,3NJQ.A,3NJQ_1,RCSB30_14840,mapped
3njrA,1,0.4426,3NJR,A,3NJR.A,3NJR_1,RCSB30_28338,mapped
3njzA,3,0.8697,3NJZ,A,3NJZ.A,3NJZ_1,RCSB30_4738,mapped
3nk7A,1,0.7503,3NK7,A,3NK7.A,3NK7_1,RCSB30_35779,mapped
3nlcA,1,0.9164,3NLC,A,3NLC.A,3NLC_1,RCSB30_25487,mapped
3nmuH,1,0.8346,3NMU,H,3NMU.H,3NMU_4,RCSB30_1090,mapped
3nmvA,1,0.9433,3NMV,A,3NMV.A,3NMV_1,RCSB30_1835,mapped
3nmxB,3,0.562,3NMX,B,3NMX.B,3NMX_1,RCSB30_9370,mapped
3nn3D,1,0.9181,3NN3,D,3NN3.D,3NN3_1,RCSB30_13537,mapped
3nnbA,3,0.6242,3NNB,A,3NNB.A,3NNB_1,RCSB30_10726,mapped
3nneC,1,0.7976,3NNE,C,3NNE.C,3NNE_1,RCSB30_16431,mapped
3nnlA,2,0.507,3NNL,A,3NNL.A,3NNL_1,RCSB30_53233,mapped
3nntA,2,0.9357,3NNT,A,3NNT.A,3NNT_1,RCSB30_1568,mapped
3noqA,3,0.9313,3NOQ,A,3NOQ.A,3NOQ_1,RCSB30_3986,mapped
3npkB,2,0.6136,3NPK,B,3NPK.B,3NPK_1,RCSB30_26860,mapped
3nqnB,1,0.9329,3NQN,B,3NQN.B,3NQN_1,RCSB30_76008,mapped
3nqrB,1,0.649,3NQR,B,3NQR.B,3NQR_1,RCSB30_4986,mapped
3nrbD,1,0.6438,3NRB,D,3NRB.D,3NRB_1,RCSB30_4335,mapped
3nrfA,2,0.9212,3NRF,A,3NRF.A,3NRF_1,RCSB30_70580,mapped
3nrnA,1,0.5234,3NRN,A,3NRN.A,3NRN_1,RCSB30_63094,mapped
3nsnA,1,0.7282,3NSN,A,3NSN.A,3NSN_1,RCSB30_14954,mapped
3ntwA,1,0.6379,3NTW,A,3NTW.A,3NTW_1,RCSB30_7815,mapped
3nugA,1,0.8081,3NUG,A,3NUG.A,3NUG_1,RCSB30_708,mapped
3nutA,1,0.7029,3NUT,A,3NUT.A,3NUT_1,RCSB30_43036,mapped
3nwzD,2,0.9093,3NWZ,D,3NWZ.D,3NWZ_1,RCSB30_167467,mapped
3nx2A,1,0.5407,3NX2,A,3NX2.A,3NX2_1,RCSB30_10926,mapped
3nx4B,1,0.8189,3NX4,B,3NX4.B,3NX4_1,RCSB30_10763,mapped
3ny3A,1,0.473,3NY3,A,3NY3.A,3NY3_1,RCSB30_9557,mapped
3nyiB,1,0.9139,3NYI,B,3NYI.B,3NYI_1,RCSB30_173926,mapped
3nyoB,1,0.7745,3NYO,B,3NYO.B,3NYO_1,RCSB30_2655,mapped
3nysA,1,0.758,3NYS,A,3NYS.A,3NYS_1,RCSB30_1784,mapped
3nzpB,2,0.8763,3NZP,B,3NZP.B,3NZP_1,RCSB30_1776,mapped
3nztA,3,0.9335,3NZT,A,3NZT.A,3NZT_1,RCSB30_2003,mapped
3o05A,2,0.8677,3O05,A,3O05.A,3O05_1,RCSB30_601,mapped
3o0fA,1,0.5754,3O0F,A,3O0F.A,3O0F_1,RCSB30_69365,mapped
3o0hA,4,0.6574,3O0H,A,3O0H.A,3O0H_1,RCSB30_812,mapped
3o0mB,3,0.5256,3O0M,B,3O0M.B,3O0M_1,RCSB30_42273,mapped
3o14A,1,0.5072,3O14,A,3O14.A,3O14_1,RCSB30_239848,mapped
3o18A,1,0.8527,3O18,A,3O18.A,3O18_1,RCSB30_1219,mapped
3o1aA,1,0.7205,3O1A,A,3O1A.A,3O1A_1,RCSB30_305,mapped
3o26A,2,0.6185,3O26,A,3O26.A,3O26_1,RCSB30_2017,mapped
3o2qD,1,0.7813,3O2Q,D,3O2Q.D,3O2Q_2,RCSB30_4299,mapped
3o31B,1,0.6812,3O31,B,3O31.B,3O31_1,RCSB30_36583,mapped
3o35B,3,0.6955,3O35,B,3O35.B,3O35_1,RCSB30_5220,mapped
3o3nC,1,0.7491,3O3N,C,3O3N.C,3O3N_1,RCSB30_30428,mapped
3o3uA,1,0.8272,3O3U,A,3O3U.A,3O3U_1,RCSB30_74031,mapped
3o3xA,3,1.0,3O3X,A,3O3X.A,3O3X_1,RCSB30_3985,mapped
3o52E,1,0.763,3O52,E,3O52.E,3O52_1,RCSB30_5310,mapped
3o5bB,1,0.6044,3O5B,B,3O5B.B,3O5B_1,RCSB30_6432,mapped
3o5nE,2,0.4947,3O5N,E,3O5N.E,3O5N_1,RCSB30_15498,mapped
3o5sA,2,0.8901,3O5S,A,3O5S.A,3O5S_1,RCSB30_11695,mapped
3o6dA,1,0.6859,3O6D,A,3O6D.A,3O6D_1,RCSB30_678,mapped
3o72C,1,0.7487,3O72,C,3O72.C,3O72_1,RCSB30_6851,mapped
3o75B,1,0.8567,3O75,B,3O75.B,3O75_1,RCSB30_10521,mapped
3o7qA,2,0.8536,3O7Q,A,3O7Q.A,3O7Q_1,RCSB30_21326,mapped
3o7wA,1,0.6777,3O7W,A,3O7W.A,3O7W_1,RCSB30_8539,mapped
3o82B,1,0.7433,3O82,B,3O82.B,3O82_1,RCSB30_4632,mapped
3o94D,2,0.9209,3O94,D,3O94.D,3O94_1,RCSB30_16001,mapped
3o96A,1,0.5368,3O96,A,3O96.A,3O96_1,RCSB30_2335,mapped
3o9mA,1,0.6447,3O9M,A,3O9M.A,3O9M_1,RCSB30_295,mapped
3o9pA,1,0.6608,3O9P,A,3O9P.A,3O9P_1,RCSB30_1164,mapped
3oa2B,2,0.678,3OA2,B,3OA2.B,3OA2_1,RCSB30_40429,mapped
3oa8D,1,0.8865,3OA8,D,3OA8.D,3OA8_2,RCSB30_64867,mapped
3oaaD,1,0.8625,3OAA,D,3OAA.D,3OAA_2,RCSB30_384,mapped
3oaaS,1,0.714,3OAA,S,3OAA.S,3OAA_1,RCSB30_76,mapped
3oauA,3,0.8601,3OAU,A,3OAU.A,3OAU_1,RCSB30_1,mapped
3ob6A,1,0.8079,3OB6,A,3OB6.A,3OB6_1,RCSB30_7912,mapped
3ob9A,1,1.0,3OB9,A,3OB9.A,3OB9_1,RCSB30_20522,mapped
3obxA,1,0.6382,3OBX,A,3OBX.A,3OBX_1,RCSB30_3086,mapped
3obzA,1,0.7875,3OBZ,A,3OBZ.A,3OBZ_1,RCSB30_7264,mapped
3ocdC,1,0.8771,3OCD,C,3OCD.C,3OCD_1,RCSB30_36959,mapped
3ocjA,1,0.6931,3OCJ,A,3OCJ.A,3OCJ_1,RCSB30_249285,mapped
3ocmA,1,0.8583,3OCM,A,3OCM.A,3OCM_1,RCSB30_36912,mapped
3ocpB,1,0.9238,3OCP,B,3OCP.B,3OCP_1,RCSB30_7424,mapped
3ocxA,1,0.6381,3OCX,A,3OCX.A,3OCX_1,RCSB30_12876,mapped
3od2A,1,0.6997,3OD2,A,3OD2.A,3OD2_1,RCSB30_1322,mapped
3odgA,1,0.4741,3ODG,A,3ODG.A,3ODG_1,RCSB30_3767,mapped
3odmE,1,0.6327,3ODM,E,3ODM.E,3ODM_1,RCSB30_26134,mapped
3oeaA,1,0.7592,3OEA,A,3OEA.A,3OEA_1,RCSB30_36436,mapped
3oekA,1,0.5794,3OEK,A,3OEK.A,3OEK_1,RCSB30_10495,mapped
3oenA,1,0.5216,3OEN,A,3OEN.A,3OEN_1,RCSB30_10495,mapped
3oesA,1,0.9338,3OES,A,3OES.A,3OES_1,RCSB30_1427,mapped
3oetB,1,0.6616,3OET,B,3OET.B,3OET_1,RCSB30_1296,mapped
3of4C,3,0.4873,3OF4,C,3OF4.C,3OF4_1,RCSB30_127602,mapped
3ofkB,1,0.7016,3OFK,B,3OFK.B,3OFK_1,RCSB30_31322,mapped
3ofsB,1,0.9241,3OFS,B,3OFS.B,3OFS_1,RCSB30_2268,mapped
3ofuD,1,0.7814,3OFU,D,3OFU.D,3OFU_1,RCSB30_1389,mapped
3og9A,1,0.7811,3OG9,A,3OG9.A,3OG9_1,RCSB30_37124,mapped
3ogmB,1,0.8195,3OGM,B,3OGM.B,3OGM_2,RCSB30_2881,mapped
3ognB,1,0.8257,3OGN,B,3OGN.B,3OGN_1,RCSB30_21987,mapped
3oh2A,4,0.6556,3OH2,A,3OH2.A,3OH2_1,RCSB30_8210,mapped
3oi7C,1,0.8182,3OI7,C,3OI7.C,3OI7_1,RCSB30_11383,mapped
3oi8B,1,0.6325,3OI8,B,3OI8.B,3OI8_1,RCSB30_4986,mapped
3oijB,1,0.95,3OIJ,B,3OIJ.B,3OIJ_1,RCSB30_2407,mapped
3oisA,3,1.0,3OIS,A,3OIS.A,3OIS_1,RCSB30_150508,mapped
3oixC,1,0.8516,3OIX,C,3OIX.C,3OIX_1,RCSB30_1540,mapped
3ojlB,2,0.6971,3OJL,B,3OJL.B,3OJL_1,RCSB30_9194,mapped
3okaB,1,0.6979,3OKA,B,3OKA.B,3OKA_1,RCSB30_23275,mapped
3okfB,1,0.8416,3OKF,B,3OKF.B,3OKF_1,RCSB30_320,mapped
3okxB,1,0.8769,3OKX,B,3OKX.B,3OKX_1,RCSB30_21393,mapped
3ol8A,2,0.6477,3OL8,A,3OL8.A,3OL8_1,RCSB30_388,mapped
3olrD,2,0.7397,3OLR,D,3OLR.D,3OLR_1,RCSB30_11066,mapped
3omfA,2,0.7805,3OMF,A,3OMF.A,3OMF_1,RCSB30_2022,mapped
3omgA,1,0.7933,3OMG,A,3OMG.A,3OMG_1,RCSB30_6556,mapped
3oo6A,1,0.6152,3OO6,A,3OO6.A,3OO6_1,RCSB30_41570,mapped
3ooiA,3,0.7849,3OOI,A,3OOI.A,3OOI_1,RCSB30_15179,mapped
3optA,1,0.5962,3OPT,A,3OPT.A,3OPT_1,RCSB30_50298,mapped
3opxA,1,0.5786,3OPX,A,3OPX.A,3OPX_1,RCSB30_25011,mapped
3oqjA,1,0.7895,3OQJ,A,3OQJ.A,3OQJ_1,RCSB30_15647,mapped
3orfC,1,0.6733,3ORF,C,3ORF.C,3ORF_1,RCSB30_6331,mapped
3oriB,1,0.945,3ORI,B,3ORI.B,3ORI_1,RCSB30_4511,mapped
3osqA,1,0.72,3OSQ,A,3OSQ.A,3OSQ_1,RCSB30_12404,mapped
3osrA,2,0.8304,3OSR,A,3OSR.A,3OSR_1,RCSB30_1607,mapped
3otgA,1,0.5669,3OTG,A,3OTG.A,3OTG_1,RCSB30_101769,mapped
3otpD,2,0.7055,3OTP,D,3OTP.D,3OTP_1,RCSB30_2725,mapped
3otwF,1,0.7797,3OTW,F,3OTW.F,3OTW_1,RCSB30_137,mapped
3ou6A,1,0.905,3OU6,A,3OU6.A,3OU6_1,RCSB30_70701,mapped
3outC,1,0.945,3OUT,C,3OUT.C,3OUT_1,RCSB30_801,mapped
3ouuA,3,0.804,3OUU,A,3OUU.A,3OUU_1,RCSB30_9046,mapped
3ov2C,1,0.4367,3OV2,C,3OV2.C,3OV2_1,RCSB30_323,mapped
3owcB,1,0.6267,3OWC,B,3OWC.B,3OWC_1,RCSB30_43366,mapped
3ox4C,1,0.9147,3OX4,C,3OX4.C,3OX4_1,RCSB30_2887,mapped
3oxoG,1,0.6919,3OXO,G,3OXO.G,3OXO_1,RCSB30_2015,mapped
3oy7A,1,0.8653,3OY7,A,3OY7.A,3OY7_1,RCSB30_78588,mapped
3oyzA,2,0.8368,3OYZ,A,3OYZ.A,3OYZ_1,RCSB30_35651,mapped
3ozbE,2,0.964,3OZB,E,3OZB.E,3OZB_1,RCSB30_1321,mapped
3ozmF,1,0.7765,3OZM,F,3OZM.F,3OZM_1,RCSB30_7395,mapped
3p0fA,3,0.8206,3P0F,A,3P0F.A,3P0F_1,RCSB30_9391,mapped
3p0jA,3,0.7049,3P0J,A,3P0J.A,3P0J_1,RCSB30_2010,mapped
3p0wC,2,0.7919,3P0W,C,3P0W.C,3P0W_1,RCSB30_5202,mapped
3p0xA,1,1.0,3P0X,A,3P0X.A,3P0X_1,RCSB30_2490,mapped
3p13A,2,0.945,3P13,A,3P13.A,3P13_1,RCSB30_925,mapped
3p19C,1,0.9483,3P19,C,3P19.C,3P19_1,RCSB30_22408,mapped
3p2kB,1,0.9565,3P2K,B,3P2K.B,3P2K_1,RCSB30_10727,mapped
3p2oB,6,0.5524,3P2O,B,3P2O.B,3P2O_1,RCSB30_264,mapped
3p37C,5,0.6065,3P37,C,3P37.C,3P37_1,RCSB30_3310,mapped
3p3xB,2,0.9223,3P3X,B,3P3X.B,3P3X_1,RCSB30_29511,mapped
3p40A,1,0.4776,3P40,A,3P40.A,3P40_1,RCSB30_7046,mapped
3p4pE,1,0.7084,3P4P,E,3P4P.E,3P4P_1,RCSB30_999,mapped
3p4uD,2,0.7808,3P4U,D,3P4U.D,3P4U_2,RCSB30_2842,mapped
3p5nA,1,0.909,3P5N,A,3P5N.A,3P5N_1,RCSB30_37776,mapped
3p6yA,2,0.5364,3P6Y,A,3P6Y.A,3P6Y_1,RCSB30_4863,mapped
3p72A,2,0.4704,3P72,A,3P72.A,3P72_1,RCSB30_10290,mapped
3p73A,1,0.6443,3P73,A,3P73.A,3P73_1,RCSB30_3462,mapped
3p7nB,1,0.8382,3P7N,B,3P7N.B,3P7N_1,RCSB30_11575,mapped
3p87G,2,0.7425,3P87,G,3P87.G,3P87_1,RCSB30_1162,mapped
3p8eA,2,0.8831,3P8E,A,3P8E.A,3P8E_1,RCSB30_6129,mapped
3p8hA,3,0.9413,3P8H,A,3P8H.A,3P8H_1,RCSB30_5410,mapped
3p8xA,1,0.9167,3P8X,A,3P8X.A,3P8X_1,RCSB30_749,mapped
3p8yA,3,1.0,3P8Y,A,3P8Y.A,3P8Y_1,RCSB30_26898,mapped
3paeB,1,0.7849,3PAE,B,3PAE.B,3PAE_1,RCSB30_1230,mapped
3paoB,2,0.9718,3PAO,B,3PAO.B,3PAO_1,RCSB30_2485,mapped
3pbkA,1,0.5757,3PBK,A,3PBK.A,3PBK_1,RCSB30_3465,mapped
3pcnF,2,0.7793,3PCN,F,3PCN.F,3PCN_2,RCSB30_3606,mapped
3pcsB,9,0.5412,3PCS,B,3PCS.B,3PCS_1,RCSB30_29442,mapped
3pduA,1,0.6928,3PDU,A,3PDU.A,3PDU_1,RCSB30_5492,mapped
3pefC,1,0.7759,3PEF,C,3PEF.C,3PEF_1,RCSB30_5492,mapped
3peyA,1,0.8199,3PEY,A,3PEY.A,3PEY_1,RCSB30_2905,mapped
3pf7B,2,0.9672,3PF7,B,3PF7.B,3PF7_1,RCSB30_40317,mapped
3pfiA,2,0.6889,3PFI,A,3PFI.A,3PFI_1,RCSB30_143,mapped
3pfqA,2,0.8017,3PFQ,A,3PFQ.A,3PFQ_1,RCSB30_6101,mapped
3pfrC,1,0.5934,3PFR,C,3PFR.C,3PFR_1,RCSB30_5202,mapped
3pfwB,1,0.6094,3PFW,B,3PFW.B,3PFW_1,RCSB30_1217,mapped
3pg6C,1,0.6804,3PG6,C,3PG6.C,3PG6_1,RCSB30_43398,mapped
3pgxC,1,0.7199,3PGX,C,3PGX.C,3PGX_1,RCSB30_11500,mapped
3phcD,1,0.8918,3PHC,D,3PHC.D,3PHC_1,RCSB30_12025,mapped
3phdB,1,0.9108,3PHD,B,3PHD.B,3PHD_1,RCSB30_1809,mapped
3pi2B,1,0.9765,3PI2,B,3PI2.B,3PI2_1,RCSB30_2321,mapped
3pijB,2,0.8014,3PIJ,B,3PIJ.B,3PIJ_1,RCSB30_4258,mapped
3pjtA,1,0.8704,3PJT,A,3PJT.A,3PJT_1,RCSB30_24166,mapped
3pkdA,1,0.8629,3PKD,A,3PKD.A,3PKD_1,RCSB30_6102,mapped
3pkoA,2,0.6492,3PKO,A,3PKO.A,3PKO_1,RCSB30_58394,mapped
3pkpB,1,0.7321,3PKP,B,3PKP.B,3PKP_1,RCSB30_2374,mapped
3pkxA,2,0.9614,3PKX,A,3PKX.A,3PKX_1,RCSB30_38619,mapped
3pkyA,2,0.8878,3PKY,A,3PKY.A,3PKY_1,RCSB30_10864,mapped
3pl2B,1,0.6118,3PL2,B,3PL2.B,3PL2_1,RCSB30_5971,mapped
3pl5A,1,0.6202,3PL5,A,3PL5.A,3PL5_1,RCSB30_2818,mapped
3plnA,1,0.5611,3PLN,A,3PLN.A,3PLN_1,RCSB30_7864,mapped
3plsA,1,0.7862,3PLS,A,3PLS.A,3PLS_1,RCSB30_1193,mapped
3pmdA,3,0.7769,3PMD,A,3PMD.A,3PMD_1,RCSB30_62003,mapped
3pmiD,1,0.8743,3PMI,D,3PMI.D,3PMI_1,RCSB30_17444,mapped
3pnaA,2,0.7054,3PNA,A,3PNA.A,3PNA_1,RCSB30_3436,mapped
3pocA,1,0.8552,3POC,A,3POC.A,3POC_1,RCSB30_7909,mapped
3popB,1,0.731,3POP,B,3POP.B,3POP_1,RCSB30_15635,mapped
3pp6B,1,0.8561,3PP6,B,3PP6.B,3PP6_1,RCSB30_211,mapped
3pp9C,1,0.9368,3PP9,C,3PP9.C,3PP9_1,RCSB30_62917,mapped
3pplA,1,0.6821,3PPL,A,3PPL.A,3PPL_1,RCSB30_16867,mapped
3ppoB,1,0.8274,3PPO,B,3PPO.B,3PPO_1,RCSB30_4044,mapped
3ppuA,1,0.5473,3PPU,A,3PPU.A,3PPU_1,RCSB30_24520,mapped
3pqdF,2,0.4988,3PQD,F,3PQD.F,3PQD_1,RCSB30_319,mapped
3pqvC,1,0.5488,3PQV,C,3PQV.C,3PQV_1,RCSB30_3126,mapped
3pr3B,2,0.7576,3PR3,B,3PR3.B,3PR3_1,RCSB30_2663,mapped
3pr8A,2,0.819,3PR8,A,3PR8.A,3PR8_1,RCSB30_30948,mapped
3pt1A,1,0.6264,3PT1,A,3PT1.A,3PT1_1,RCSB30_11086,mapped
3pt8B,1,0.9335,3PT8,B,3PT8.B,3PT8_2,RCSB30_2321,mapped
3pt9A,3,0.8622,3PT9,A,3PT9.A,3PT9_1,RCSB30_4510,mapped
3ptkB,1,0.8314,3PTK,B,3PTK.B,3PTK_1,RCSB30_789,mapped
3ptyA,2,0.4003,3PTY,A,3PTY.A,3PTY_1,RCSB30_7078,mapped
3pukA,1,0.4528,3PUK,A,3PUK.A,3PUK_1,RCSB30_4683,mapped
3puqB,2,0.7074,3PUQ,B,3PUQ.B,3PUQ_1,RCSB30_17906,mapped
3pvcA,1,0.8475,3PVC,A,3PVC.A,3PVC_1,RCSB30_2187,mapped
3pvrA,1,0.9184,3PVR,A,3PVR.A,3PVR_1,RCSB30_21397,mapped
3pvzC,1,0.7164,3PVZ,C,3PVZ.C,3PVZ_1,RCSB30_230817,mapped
3pwvD,1,0.8264,3PWV,D,3PWV.D,3PWV_1,RCSB30_171,mapped
3pxpC,1,0.7919,3PXP,C,3PXP.C,3PXP_1,RCSB30_253919,mapped
3pxuA,1,0.8739,3PXU,A,3PXU.A,3PXU_1,RCSB30_137,mapped
3pxxA,1,0.8926,3PXX,A,3PXX.A,3PXX_1,RCSB30_11500,mapped
3py7A,1,0.6995,3PY7,A,3PY7.A,3PY7_1,RCSB30_26057,mapped
3pyfA,3,0.7512,3PYF,A,3PYF.A,3PYF_1,RCSB30_4584,mapped
3pyzA,2,0.7636,3PYZ,A,3PYZ.A,3PYZ_1,RCSB30_13709,mapped
3pzgA,1,0.6951,3PZG,A,3PZG.A,3PZG_1,RCSB30_14136,mapped
3pzpA,2,0.8366,3PZP,A,3PZP.A,3PZP_1,RCSB30_10631,mapped
3q09R,1,0.9162,3Q09,R,3Q09.R,3Q09_1,RCSB30_13537,mapped
3q0gF,1,0.6933,3Q0G,F,3Q0G.F,3Q0G_1,RCSB30_6378,mapped
3q1kC,3,0.6968,3Q1K,C,3Q1K.C,3Q1K_1,RCSB30_645,mapped
3q28A,1,0.905,3Q28,A,3Q28.A,3Q28_1,RCSB30_1094,mapped
3q34A,1,0.7481,3Q34,A,3Q34.A,3Q34_1,RCSB30_41379,mapped
3q35A,1,0.7589,3Q35,A,3Q35.A,3Q35_1,RCSB30_11139,mapped
3q3cA,1,0.5486,3Q3C,A,3Q3C.A,3Q3C_1,RCSB30_7926,mapped
3q3hA,1,0.7251,3Q3H,A,3Q3H.A,3Q3H_1,RCSB30_23533,mapped
3q3mD,2,0.8902,3Q3M,D,3Q3M.D,3Q3M_4,RCSB30_9579,mapped
3q3mE,3,0.6891,3Q3M,E,3Q3M.E,3Q3M_1,RCSB30_5786,mapped
3q3uA,1,0.8745,3Q3U,A,3Q3U.A,3Q3U_1,RCSB30_2251,mapped
3q45G,3,0.8392,3Q45,G,3Q45.G,3Q45_1,RCSB30_2857,mapped
3q5eC,1,0.9266,3Q5E,C,3Q5E.C,3Q5E_1,RCSB30_4708,mapped
3q5iA,3,0.8485,3Q5I,A,3Q5I.A,3Q5I_1,RCSB30_1098,mapped
3q5lA,1,0.8795,3Q5L,A,3Q5L.A,3Q5L_1,RCSB30_166,mapped
3q5rA,2,0.8183,3Q5R,A,3Q5R.A,3Q5R_1,RCSB30_12194,mapped
3q67B,1,0.8328,3Q67,B,3Q67.B,3Q67_1,RCSB30_366,mapped
3q6kA,1,0.6047,3Q6K,A,3Q6K.A,3Q6K_1,RCSB30_16288,mapped
3q71A,2,0.7095,3Q71,A,3Q71.A,3Q71_1,RCSB30_1965,mapped
3q7jA,2,0.6976,3Q7J,A,3Q7J.A,3Q7J_1,RCSB30_2736,mapped
3q7pA,2,0.8353,3Q7P,A,3Q7P.A,3Q7P_1,RCSB30_7390,mapped
3q7uA,1,0.8885,3Q7U,A,3Q7U.A,3Q7U_1,RCSB30_7925,mapped
3q87B,1,0.8318,3Q87,B,3Q87.B,3Q87_2,RCSB30_231949,mapped
3q8iA,1,0.5759,3Q8I,A,3Q8I.A,3Q8I_1,RCSB30_10751,mapped
3q8nB,1,0.7389,3Q8N,B,3Q8N.B,3Q8N_1,RCSB30_1000,mapped
3q8xD,2,0.7051,3Q8X,D,3Q8X.D,3Q8X_2,RCSB30_24222,mapped
3q8yA,1,0.8355,3Q8Y,A,3Q8Y.A,3Q8Y_1,RCSB30_454,mapped
3q92B,1,0.7671,3Q92,B,3Q92.B,3Q92_1,RCSB30_4515,mapped
3q9cE,2,0.9444,3Q9C,E,3Q9C.E,3Q9C_1,RCSB30_8646,mapped
3qaeA,2,0.7219,3QAE,A,3QAE.A,3QAE_1,RCSB30_6452,mapped
3qaxA,2,0.8172,3QAX,A,3QAX.A,3QAX_1,RCSB30_4931,mapped
3qazZ,1,0.7462,3QAZ,Z,3QAZ.Z,3QAZ_2,RCSB30_14832,mapped
3qb0B,1,0.6804,3QB0,B,3QB0.B,3QB0_1,RCSB30_9868,mapped
3qb8A,1,0.7085,3QB8,A,3QB8.A,3QB8_1,RCSB30_163598,mapped
3qbdB,1,0.7784,3QBD,B,3QBD.B,3QBD_1,RCSB30_1087,mapped
3qboB,1,1.0,3QBO,B,3QBO.B,3QBO_1,RCSB30_567,mapped
3qbwB,1,0.5723,3QBW,B,3QBW.B,3QBW_1,RCSB30_765,mapped
3qbyB,1,0.6911,3QBY,B,3QBY.B,3QBY_1,RCSB30_11299,mapped
3qc9C,1,0.852,3QC9,C,3QC9.C,3QC9_1,RCSB30_2655,mapped
3qcuA,1,1.0,3QCU,A,3QCU.A,3QCU_1,RCSB30_1,mapped
3qd9B,1,0.7213,3QD9,B,3QD9.B,3QD9_1,RCSB30_37051,mapped
3qdqA,2,0.45,3QDQ,A,3QDQ.A,3QDQ_1,RCSB30_6295,mapped
3qdrA,1,0.4076,3QDR,A,3QDR.A,3QDR_1,RCSB30_7408,mapped
3qe4B,2,0.6675,3QE4,B,3QE4.B,3QE4_1,RCSB30_2010,mapped
3qefB,2,0.8189,3QEF,B,3QEF.B,3QEF_1,RCSB30_6820,mapped
3qelC,1,0.4723,3QEL,C,3QEL.C,3QEL_1,RCSB30_288,mapped
3qewA,2,0.6456,3QEW,A,3QEW.A,3QEW_1,RCSB30_1664,mapped
3qf3D,1,1.0,3QF3,D,3QF3.D,3QF3_1,RCSB30_19558,mapped
3qfoA,1,0.7011,3QFO,A,3QFO.A,3QFO_1,RCSB30_39089,mapped
3qfuA,2,0.7161,3QFU,A,3QFU.A,3QFU_1,RCSB30_140,mapped
3qglI,1,0.6937,3QGL,I,3QGL.I,3QGL_1,RCSB30_6855,mapped
3qgpB,1,0.9536,3QGP,B,3QGP.B,3QGP_1,RCSB30_3952,mapped
3qhnA,1,0.9209,3QHN,A,3QHN.A,3QHN_1,RCSB30_4805,mapped
3qicA,2,0.7357,3QIC,A,3QIC.A,3QIC_1,RCSB30_1141,mapped
3qj4A,1,0.8363,3QJ4,A,3QJ4.A,3QJ4_1,RCSB30_34904,mapped
3qjmB,1,0.7674,3QJM,B,3QJM.B,3QJM_1,RCSB30_6044,mapped
3qk8C,1,0.7038,3QK8,C,3QK8.C,3QK8_1,RCSB30_31853,mapped
3qkjD,1,1.0,3QKJ,D,3QKJ.D,3QKJ_1,RCSB30_16074,mapped
3qkwA,1,0.7684,3QKW,A,3QKW.A,3QKW_1,RCSB30_17268,mapped
3qkzB,1,0.8011,3QKZ,B,3QKZ.B,3QKZ_1,RCSB30_366,mapped
3ql9A,3,0.5068,3QL9,A,3QL9.A,3QL9_1,RCSB30_21648,mapped
3qm5A,1,0.7896,3QM5,A,3QM5.A,3QM5_1,RCSB30_165,mapped
3qmkA,1,0.6896,3QMK,A,3QMK.A,3QMK_1,RCSB30_1092,mapped
3qnrC,1,0.9661,3QNR,C,3QNR.C,3QNR_1,RCSB30_3582,mapped
3qo6A,1,0.4646,3QO6,A,3QO6.A,3QO6_1,RCSB30_65773,mapped
3qo7A,2,0.7266,3QO7,A,3QO7.A,3QO7_1,RCSB30_1300,mapped
3qomA,1,0.4678,3QOM,A,3QOM.A,3QOM_1,RCSB30_3827,mapped
3qoxA,1,0.8318,3QOX,A,3QOX.A,3QOX_1,RCSB30_4321,mapped
3qp2A,1,1.0,3QP2,A,3QP2.A,3QP2_1,RCSB30_32596,mapped
3qpeB,1,0.7898,3QPE,B,3QPE.B,3QPE_1,RCSB30_28998,mapped
3qpiB,1,0.8156,3QPI,B,3QPI.B,3QPI_1,RCSB30_10943,mapped
3qpsA,2,0.7717,3QPS,A,3QPS.A,3QPS_1,RCSB30_36719,mapped
3qq3A,2,0.5216,3QQ3,A,3QQ3.A,3QQ3_1,RCSB30_171,mapped
3qqqA,1,0.8208,3QQQ,A,3QQQ.A,3QQQ_1,RCSB30_2183,mapped
3qqrB,1,0.9104,3QQR,B,3QQR.B,3QQR_1,RCSB30_2183,mapped
3qryB,2,1.0,3QRY,B,3QRY.B,3QRY_1,RCSB30_7965,mapped
3qs1C,1,0.9105,3QS1,C,3QS1.C,3QS1_1,RCSB30_4092,mapped
3qslB,3,0.8353,3QSL,B,3QSL.B,3QSL_1,RCSB30_58202,mapped
3qt6B,1,0.6969,3QT6,B,3QT6.B,3QT6_1,RCSB30_9775,mapped
3qtbA,1,0.8291,3QTB,A,3QTB.A,3QTB_1,RCSB30_85311,mapped
3qu2A,1,0.7671,3QU2,A,3QU2.A,3QU2_1,RCSB30_15624,mapped
3quhA,1,0.964,3QUH,A,3QUH.A,3QUH_1,RCSB30_6887,mapped
3qupA,1,0.7631,3QUP,A,3QUP.A,3QUP_1,RCSB30_3351,mapped
3qv2A,1,0.8137,3QV2,A,3QV2.A,3QV2_1,RCSB30_182611,mapped
3qw2C,1,0.8424,3QW2,C,3QW2.C,3QW2_1,RCSB30_34795,mapped
3qw8A,2,0.7921,3QW8,A,3QW8.A,3QW8_1,RCSB30_802,mapped
3qwbD,1,0.7587,3QWB,D,3QWB.D,3QWB_1,RCSB30_4338,mapped
3qwuB,2,0.9623,3QWU,B,3QWU.B,3QWU_1,RCSB30_19508,mapped
3qx9C,1,0.6798,3QX9,C,3QX9.C,3QX9_1,RCSB30_1258,mapped
3qxjA,3,0.7886,3QXJ,A,3QXJ.A,3QXJ_1,RCSB30_13654,mapped
3qxqC,1,0.8892,3QXQ,C,3QXQ.C,3QXQ_1,RCSB30_14629,mapped
3qxvB,1,0.9457,3QXV,B,3QXV.B,3QXV_1,RCSB30_21951,mapped
3qxyA,1,0.6541,3QXY,A,3QXY.A,3QXY_1,RCSB30_17742,mapped
3qzpA,1,0.9065,3QZP,A,3QZP.A,3QZP_1,RCSB30_9447,mapped
3qzyA,4,0.6621,3QZY,A,3QZY.A,3QZY_1,RCSB30_22132,mapped
3r03A,1,0.7315,3R03,A,3R03.A,3R03_1,RCSB30_9998,mapped
3r0qA,1,0.8419,3R0Q,A,3R0Q.A,3R0Q_1,RCSB30_2281,mapped
3r12A,1,0.8297,3R12,A,3R12.A,3R12_1,RCSB30_1136,mapped
3r1oB,1,0.9523,3R1O,B,3R1O.B,3R1O_1,RCSB30_8787,mapped
3r1rC,1,0.9361,3R1R,C,3R1R.C,3R1R_1,RCSB30_3615,mapped
3r1zA,1,0.5754,3R1Z,A,3R1Z.A,3R1Z_1,RCSB30_2857,mapped
3r20A,1,0.4389,3R20,A,3R20.A,3R20_1,RCSB30_179,mapped
3r2hA,1,0.7916,3R2H,A,3R2H.A,3R2H_1,RCSB30_1449,mapped
3r2jD,1,0.906,3R2J,D,3R2J.D,3R2J_1,RCSB30_9459,mapped
3r2qA,1,0.6993,3R2Q,A,3R2Q.A,3R2Q_1,RCSB30_12715,mapped
3r3eA,1,0.7962,3R3E,A,3R3E.A,3R3E_1,RCSB30_6512,mapped
3r3sC,1,0.8067,3R3S,C,3R3S.C,3R3S_1,RCSB30_8235,mapped
3r4dB,3,0.475,3R4D,B,3R4D.B,3R4D_2,RCSB30_1047,mapped
3r52A,2,1.0,3R52,A,3R52.A,3R52_1,RCSB30_3445,mapped
3r5aA,2,0.4214,3R5A,A,3R5A.A,3R5A_1,RCSB30_16660,mapped
3r5xB,2,0.6556,3R5X,B,3R5X.B,3R5X_1,RCSB30_573,mapped
3r5xC,1,0.4428,3R5X,C,3R5X.C,3R5X_1,RCSB30_573,mapped
3r69B,3,0.8717,3R69,B,3R69.B,3R69_1,RCSB30_47739,mapped
3r6fA,1,0.627,3R6F,A,3R6F.A,3R6F_1,RCSB30_67258,mapped
3r6sE,3,0.8885,3R6S,E,3R6S.E,3R6S_1,RCSB30_10614,mapped
3r6uA,1,0.7808,3R6U,A,3R6U.A,3R6U_1,RCSB30_4044,mapped
3r75A,1,0.7414,3R75,A,3R75.A,3R75_1,RCSB30_28999,mapped
3r77B,1,0.9191,3R77,B,3R77.B,3R77_1,RCSB30_6903,mapped
3r7wB,2,0.9789,3R7W,B,3R7W.B,3R7W_2,RCSB30_4383,mapped
3r8fA,2,0.8996,3R8F,A,3R8F.A,3R8F_1,RCSB30_4765,mapped
3r95A,1,0.6954,3R95,A,3R95.A,3R95_1,RCSB30_8928,mapped
3r97A,1,0.7678,3R97,A,3R97.A,3R97_1,RCSB30_5741,mapped
3r9rA,1,0.4426,3R9R,A,3R9R.A,3R9R_1,RCSB30_1476,mapped
3r9tB,1,0.6603,3R9T,B,3R9T.B,3R9T_1,RCSB30_1535,mapped
3r9uA,1,0.769,3R9U,A,3R9U.A,3R9U_1,RCSB30_2318,mapped
3racA,2,0.7042,3RAC,A,3RAC.A,3RAC_1,RCSB30_123429,mapped
3rapB,1,0.9057,3RAP,B,3RAP.B,3RAP_1,RCSB30_4386,mapped
3ravA,3,0.8829,3RAV,A,3RAV.A,3RAV_1,RCSB30_1029,mapped
3rbfA,2,0.7395,3RBF,A,3RBF.A,3RBF_1,RCSB30_5642,mapped
3rbqA,1,0.8957,3RBQ,A,3RBQ.A,3RBQ_1,RCSB30_7181,mapped
3rbvA,1,0.7702,3RBV,A,3RBV.A,3RBV_1,RCSB30_15142,mapped
3rc3A,2,0.5316,3RC3,A,3RC3.A,3RC3_1,RCSB30_6165,mapped
3rceA,1,0.7005,3RCE,A,3RCE.A,3RCE_1,RCSB30_31235,mapped
3rcmA,1,0.5889,3RCM,A,3RCM.A,3RCM_1,RCSB30_2804,mapped
3re4A,2,0.9017,3RE4,A,3RE4.A,3RE4_1,RCSB30_16113,mapped
3redB,1,0.8692,3RED,B,3RED.B,3RED_1,RCSB30_3360,mapped
3remA,2,1.0,3REM,A,3REM.A,3REM_1,RCSB30_28934,mapped
3rf1A,2,0.6586,3RF1,A,3RF1.A,3RF1_1,RCSB30_134,mapped
3rf4B,1,0.9619,3RF4,B,3RF4.B,3RF4_1,RCSB30_8562,mapped
3rfbB,1,0.937,3RFB,B,3RFB.B,3RFB_1,RCSB30_6621,mapped
3rfrH,1,0.6568,3RFR,H,3RFR.H,3RFR_4,RCSB30_6953,mapped
3rfxB,2,0.7415,3RFX,B,3RFX.B,3RFX_1,RCSB30_19026,mapped
3rgfA,1,0.8449,3RGF,A,3RGF.A,3RGF_1,RCSB30_4600,mapped
3rggD,2,0.9269,3RGG,D,3RGG.D,3RGG_1,RCSB30_2851,mapped
3rgqA,1,0.5615,3RGQ,A,3RGQ.A,3RGQ_1,RCSB30_12422,mapped
3rgsD,1,0.9828,3RGS,D,3RGS.D,3RGS_1,RCSB30_842,mapped
3rguC,1,1.0,3RGU,C,3RGU.C,3RGU_1,RCSB30_45539,mapped
3rh7D,2,0.9574,3RH7,D,3RH7.D,3RH7_1,RCSB30_52704,mapped
3rhaA,1,0.7461,3RHA,A,3RHA.A,3RHA_1,RCSB30_17668,mapped
3rhdB,1,0.5839,3RHD,B,3RHD.B,3RHD_1,RCSB30_68,mapped
3rhhB,2,0.8737,3RHH,B,3RHH.B,3RHH_1,RCSB30_68,mapped
3ribB,2,0.8132,3RIB,B,3RIB.B,3RIB_1,RCSB30_2765,mapped
3rivA,1,0.8886,3RIV,A,3RIV.A,3RIV_1,RCSB30_8621,mapped
3rj9C,1,0.8098,3RJ9,C,3RJ9.C,3RJ9_1,RCSB30_2135,mapped
3rjmB,2,0.7141,3RJM,B,3RJM.B,3RJM_2,RCSB30_5580,mapped
3rk1A,1,0.7371,3RK1,A,3RK1.A,3RK1_1,RCSB30_12095,mapped
3rkrB,1,0.7845,3RKR,B,3RKR.B,3RKR_1,RCSB30_1001,mapped
3rkuA,1,0.7171,3RKU,A,3RKU.A,3RKU_1,RCSB30_5453,mapped
3rl3A,1,0.814,3RL3,A,3RL3.A,3RL3_1,RCSB30_12055,mapped
3rl7E,1,0.8157,3RL7,E,3RL7.E,3RL7_1,RCSB30_1745,mapped
3rm8A,1,0.8838,3RM8,A,3RM8.A,3RM8_1,RCSB30_1818,mapped
3ro3A,1,0.5683,3RO3,A,3RO3.A,3RO3_1,RCSB30_7901,mapped
3roeD,1,0.7137,3ROE,D,3ROE.D,3ROE_1,RCSB30_4163,mapped
3rp6A,2,0.6512,3RP6,A,3RP6.A,3RP6_1,RCSB30_21589,mapped
3rpdB,3,0.8449,3RPD,B,3RPD.B,3RPD_1,RCSB30_84155,mapped
3rpnB,1,0.8584,3RPN,B,3RPN.B,3RPN_1,RCSB30_10296,mapped
3rq1B,1,0.5199,3RQ1,B,3RQ1.B,3RQ1_1,RCSB30_90188,mapped
3rq4A,1,0.7002,3RQ4,A,3RQ4.A,3RQ4_1,RCSB30_31925,mapped
3rqiA,1,0.4413,3RQI,A,3RQI.A,3RQI_1,RCSB30_30060,mapped
3rqqA,1,0.6966,3RQQ,A,3RQQ.A,3RQQ_1,RCSB30_2095,mapped
3rsbC,1,0.663,3RSB,C,3RSB.C,3RSB_1,RCSB30_70399,mapped
3rsjC,3,0.737,3RSJ,C,3RSJ.C,3RSJ_1,RCSB30_802,mapped
3rt3A,2,0.7025,3RT3,A,3RT3.A,3RT3_1,RCSB30_1041,mapped
3rtxA,1,0.827,3RTX,A,3RTX.A,3RTX_1,RCSB30_4933,mapped
3ruwA,1,0.8202,3RUW,A,3RUW.A,3RUW_1,RCSB30_565,mapped
3ruxA,1,0.8459,3RUX,A,3RUX.A,3RUX_1,RCSB30_11097,mapped
3rv8B,1,0.8151,3RV8,B,3RV8.B,3RV8_1,RCSB30_9358,mapped
3rwlA,1,0.9131,3RWL,A,3RWL.A,3RWL_1,RCSB30_12027,mapped
3rx6A,2,1.0,3RX6,A,3RX6.A,3RX6_1,RCSB30_21226,mapped
3rybA,1,0.5073,3RYB,A,3RYB.A,3RYB_1,RCSB30_16649,mapped
3rykB,1,0.466,3RYK,B,3RYK.B,3RYK_1,RCSB30_3536,mapped
3ryrB,1,0.9723,3RYR,B,3RYR.B,3RYR_1,RCSB30_3012,mapped
3rysB,1,0.9399,3RYS,B,3RYS.B,3RYS_1,RCSB30_1899,mapped
3rywC,1,0.6646,3RYW,C,3RYW.C,3RYW_1,RCSB30_2971,mapped
3rznA,1,0.7525,3RZN,A,3RZN.A,3RZN_1,RCSB30_4060,mapped
3s0eA,1,0.8793,3S0E,A,3S0E.A,3S0E_1,RCSB30_26133,mapped
3s1jC,1,0.9087,3S1J,C,3S1J.C,3S1J_1,RCSB30_3320,mapped
3s1sA,1,0.7222,3S1S,A,3S1S.A,3S1S_1,RCSB30_103682,mapped
3s1vE,2,0.8463,3S1V,E,3S1V.E,3S1V_1,RCSB30_691,mapped
3s1yA,1,0.6784,3S1Y,A,3S1Y.A,3S1Y_1,RCSB30_621,mapped
3s21A,1,0.672,3S21,A,3S21.A,3S21_1,RCSB30_8965,mapped
3s2iH,1,0.8981,3S2I,H,3S2I.H,3S2I_1,RCSB30_711,mapped
3s2uA,1,0.7835,3S2U,A,3S2U.A,3S2U_1,RCSB30_392,mapped
3s3nA,3,0.5697,3S3N,A,3S3N.A,3S3N_1,RCSB30_3959,mapped
3s3sA,6,0.5558,3S3S,A,3S3S.A,3S3S_1,RCSB30_2320,mapped
3s3tD,1,0.9764,3S3T,D,3S3T.D,3S3T_1,RCSB30_13192,mapped
3s55D,1,0.7835,3S55,D,3S55.D,3S55_1,RCSB30_11500,mapped
3s6fA,2,0.7115,3S6F,A,3S6F.A,3S6F_1,RCSB30_145504,mapped
3s6yC,2,0.5991,3S6Y,C,3S6Y.C,3S6Y_1,RCSB30_25612,mapped
3s7zA,3,1.0,3S7Z,A,3S7Z.A,3S7Z_1,RCSB30_16568,mapped
3s86A,2,0.8191,3S86,A,3S86.A,3S86_1,RCSB30_3598,mapped
3s99A,1,0.5811,3S99,A,3S99.A,3S99_1,RCSB30_36718,mapped
3s9kA,3,0.8304,3S9K,A,3S9K.A,3S9K_1,RCSB30_676,mapped
3s9zA,2,0.8503,3S9Z,A,3S9Z.A,3S9Z_1,RCSB30_1417,mapped
3sbcC,3,1.0,3SBC,C,3SBC.C,3SBC_1,RCSB30_2087,mapped
3sbfD,1,0.5642,3SBF,D,3SBF.D,3SBF_1,RCSB30_2615,mapped
3sc2B,2,0.6445,3SC2,B,3SC2.B,3SC2_2,RCSB30_1719,mapped
3sc6B,2,0.6322,3SC6,B,3SC6.B,3SC6_1,RCSB30_6932,mapped
3sczB,1,0.7554,3SCZ,B,3SCZ.B,3SCZ_1,RCSB30_4716,mapped
3se7D,1,0.7383,3SE7,D,3SE7.D,3SE7_1,RCSB30_645,mapped
3sefC,1,0.8138,3SEF,C,3SEF.C,3SEF_1,RCSB30_253,mapped
3sf6A,8,0.5023,3SF6,A,3SF6.A,3SF6_1,RCSB30_1976,mapped
3sg0A,1,0.6568,3SG0,A,3SG0.A,3SG0_1,RCSB30_18133,mapped
3sigA,1,0.755,3SIG,A,3SIG.A,3SIG_1,RCSB30_19197,mapped
3sikB,1,0.866,3SIK,B,3SIK.B,3SIK_1,RCSB30_29599,mapped
3siwA,1,0.7946,3SIW,A,3SIW.A,3SIW_1,RCSB30_26521,mapped
3sjdA,11,0.5306,3SJD,A,3SJD.A,3SJD_1,RCSB30_1157,mapped
3sjiA,1,0.8516,3SJI,A,3SJI.A,3SJI_1,RCSB30_388,mapped
3sjuB,2,0.6719,3SJU,B,3SJU.B,3SJU_1,RCSB30_1001,mapped
3sl0A,1,0.8513,3SL0,A,3SL0.A,3SL0_1,RCSB30_40928,mapped
3sl2A,1,0.7527,3SL2,A,3SL2.A,3SL2_1,RCSB30_6020,mapped
3sm8A,1,0.746,3SM8,A,3SM8.A,3SM8_1,RCSB30_26400,mapped
3smaA,1,0.7598,3SMA,A,3SMA.A,3SMA_1,RCSB30_19713,mapped
3sn4A,1,0.6568,3SN4,A,3SN4.A,3SN4_1,RCSB30_41785,mapped
3sn9I,1,0.8154,3SN9,I,3SN9.I,3SN9_1,RCSB30_10431,mapped
3so6A,3,0.7317,3SO6,A,3SO6.A,3SO6_1,RCSB30_22407,mapped
3souA,1,0.7149,3SOU,A,3SOU.A,3SOU_1,RCSB30_2593,mapped
3sp1B,1,0.6088,3SP1,B,3SP1.B,3SP1_1,RCSB30_311,mapped
3sp9B,1,0.8587,3SP9,B,3SP9.B,3SP9_1,RCSB30_314,mapped
3spfA,3,0.7732,3SPF,A,3SPF.A,3SPF_1,RCSB30_3782,mapped
3splB,1,0.8398,3SPL,B,3SPL.B,3SPL_1,RCSB30_23021,mapped
3sqmA,2,0.7935,3SQM,A,3SQM.A,3SQM_1,RCSB30_96714,mapped
3sqzA,1,0.8111,3SQZ,A,3SQZ.A,3SQZ_1,RCSB30_6880,mapped
3sr6F,1,0.4961,3SR6,F,3SR6.F,3SR6_3,RCSB30_1610,mapped
3sraB,1,0.9152,3SRA,B,3SRA.B,3SRA_2,RCSB30_6252,mapped
3sreA,3,0.4217,3SRE,A,3SRE.A,3SRE_1,RCSB30_7982,mapped
3srzA,1,0.8504,3SRZ,A,3SRZ.A,3SRZ_1,RCSB30_3087,mapped
3ss5B,2,0.8616,3SS5,B,3SS5.B,3SS5_1,RCSB30_3183,mapped
3ss8A,1,0.7828,3SS8,A,3SS8.A,3SS8_1,RCSB30_3345,mapped
3ss9A,1,0.6714,3SS9,A,3SS9.A,3SS9_1,RCSB30_1870,mapped
3ssoC,1,0.843,3SSO,C,3SSO.C,3SSO_1,RCSB30_18567,mapped
3sthA,2,0.6329,3STH,A,3STH.A,3STH_1,RCSB30_1217,mapped
3stmA,1,0.6605,3STM,A,3STM.A,3STM_1,RCSB30_4254,mapped
3sttA,2,0.9213,3STT,A,3STT.A,3STT_1,RCSB30_4776,mapped
3su9A,1,0.896,3SU9,A,3SU9.A,3SU9_1,RCSB30_188,mapped
3sucA,1,0.7992,3SUC,A,3SUC.A,3SUC_1,RCSB30_20489,mapped
3svmA,1,0.6344,3SVM,A,3SVM.A,3SVM_1,RCSB30_17916,mapped
3sw5D,2,0.8892,3SW5,D,3SW5.D,3SW5_1,RCSB30_1125,mapped
3sx2C,1,0.7384,3SX2,C,3SX2.C,3SX2_1,RCSB30_11500,mapped
3sxnD,2,0.9463,3SXN,D,3SXN.D,3SXN_1,RCSB30_4240,mapped
3sxpE,1,0.7731,3SXP,E,3SXP.E,3SXP_1,RCSB30_69460,mapped
3sxrA,1,0.8971,3SXR,A,3SXR.A,3SXR_1,RCSB30_676,mapped
3sxuA,2,0.4913,3SXU,A,3SXU.A,3SXU_1,RCSB30_23439,mapped
3symA,1,0.6541,3SYM,A,3SYM.A,3SYM_1,RCSB30_510,mapped
3sz3A,2,0.7062,3SZ3,A,3SZ3.A,3SZ3_1,RCSB30_4744,mapped
3sz5A,1,0.7893,3SZ5,A,3SZ5.A,3SZ5_1,RCSB30_47978,mapped
3szjA,1,0.9678,3SZJ,A,3SZJ.A,3SZJ_1,RCSB30_6634,mapped
3sztA,1,0.8828,3SZT,A,3SZT.A,3SZT_1,RCSB30_16413,mapped
3t01A,1,0.4802,3T01,A,3T01.A,3T01_1,RCSB30_15122,mapped
3t0iA,2,0.7387,3T0I,A,3T0I.A,3T0I_1,RCSB30_23870,mapped
3t1mA,1,0.8453,3T1M,A,3T1M.A,3T1M_1,RCSB30_1240,mapped
3t1tA,3,1.0,3T1T,A,3T1T.A,3T1T_1,RCSB30_16606,mapped
3t1uA,1,0.7676,3T1U,A,3T1U.A,3T1U_1,RCSB30_3788,mapped
3t2zB,1,0.7519,3T2Z,B,3T2Z.B,3T2Z_1,RCSB30_10972,mapped
3t35B,3,0.9252,3T35,B,3T35.B,3T35_1,RCSB30_3826,mapped
3t37A,1,0.8677,3T37,A,3T37.A,3T37_1,RCSB30_5062,mapped
3t40A,2,0.8227,3T40,A,3T40.A,3T40_1,RCSB30_926,mapped
3t4jB,1,0.9248,3T4J,B,3T4J.B,3T4J_1,RCSB30_5852,mapped
3t4nC,3,0.7691,3T4N,C,3T4N.C,3T4N_3,RCSB30_13998,mapped
3t50B,1,0.9466,3T50,B,3T50.B,3T50_1,RCSB30_11575,mapped
3t58A,2,0.5159,3T58,A,3T58.A,3T58_1,RCSB30_8271,mapped
3t5mB,3,0.8709,3T5M,B,3T5M.B,3T5M_1,RCSB30_10382,mapped
3t6sB,1,0.7428,3T6S,B,3T6S.B,3T6S_2,RCSB30_13136,mapped
3t7cC,1,0.7077,3T7C,C,3T7C.C,3T7C_1,RCSB30_11500,mapped
3t7sA,1,0.9119,3T7S,A,3T7S.A,3T7S_1,RCSB30_23870,mapped
3t80B,2,0.8604,3T80,B,3T80.B,3T80_1,RCSB30_186,mapped
3t89F,2,0.8498,3T89,F,3T89.F,3T89_1,RCSB30_4245,mapped
3t93B,2,0.9391,3T93,B,3T93.B,3T93_1,RCSB30_224,mapped
3t94A,1,0.8596,3T94,A,3T94.A,3T94_1,RCSB30_1321,mapped
3t9bA,1,0.8903,3T9B,A,3T9B.A,3T9B_1,RCSB30_6326,mapped
3t9zB,1,0.7388,3T9Z,B,3T9Z.B,3T9Z_1,RCSB30_1670,mapped
3tavA,1,0.8387,3TAV,A,3TAV.A,3TAV_1,RCSB30_6102,mapped
3tazB,2,0.5475,3TAZ,B,3TAZ.B,3TAZ_1,RCSB30_23229,mapped
3tb5B,1,0.7429,3TB5,B,3TB5.B,3TB5_1,RCSB30_1898,mapped
3tb6A,1,0.7961,3TB6,A,3TB6.A,3TB6_1,RCSB30_52150,mapped
3tbeF,3,0.6976,3TBE,F,3TBE.F,3TBE_1,RCSB30_8929,mapped
3tbhA,1,0.6217,3TBH,A,3TBH.A,3TBH_1,RCSB30_2274,mapped
3td5D,1,0.8519,3TD5,D,3TD5.D,3TD5_1,RCSB30_23943,mapped
3td7A,2,0.6035,3TD7,A,3TD7.A,3TD7_1,RCSB30_98170,mapped
3td9A,1,0.6127,3TD9,A,3TD9.A,3TD9_1,RCSB30_32033,mapped
3tdvA,1,0.9286,3TDV,A,3TDV.A,3TDV_1,RCSB30_2526,mapped
3te4A,1,0.7147,3TE4,A,3TE4.A,3TE4_1,RCSB30_11532,mapped
3tegA,1,0.536,3TEG,A,3TEG.A,3TEG_1,RCSB30_5298,mapped
3tehB,1,0.8627,3TEH,B,3TEH.B,3TEH_2,RCSB30_662,mapped
3tfiB,2,0.4833,3TFI,B,3TFI.B,3TFI_1,RCSB30_41691,mapped
3tfkD,2,0.6727,3TFK,D,3TFK.D,3TFK_4,RCSB30_278,mapped
3tfzC,1,0.8174,3TFZ,C,3TFZ.C,3TFZ_1,RCSB30_28691,mapped
3thtB,2,0.7677,3THT,B,3THT.B,3THT_1,RCSB30_9301,mapped
3tiiB,2,0.7884,3TII,B,3TII.B,3TII_1,RCSB30_595,mapped
3tj7A,1,0.5359,3TJ7,A,3TJ7.A,3TJ7_1,RCSB30_32350,mapped
3tjoB,1,0.9159,3TJO,B,3TJO.B,3TJO_1,RCSB30_6211,mapped
3tjrA,1,0.8761,3TJR,A,3TJR.A,3TJR_1,RCSB30_9508,mapped
3tjvA,1,0.685,3TJV,A,3TJV.A,3TJV_1,RCSB30_1986,mapped
3tjzD,1,0.927,3TJZ,D,3TJZ.D,3TJZ_1,RCSB30_873,mapped
3tktA,1,0.9562,3TKT,A,3TKT.A,3TKT_1,RCSB30_305,mapped
3tl1A,1,0.7116,3TL1,A,3TL1.A,3TL1_1,RCSB30_8446,mapped
3tlbA,1,0.7967,3TLB,A,3TLB.A,3TLB_1,RCSB30_10382,mapped
3tljB,1,0.9581,3TLJ,B,3TLJ.B,3TLJ_1,RCSB30_31621,mapped
3tlmA,1,0.7085,3TLM,A,3TLM.A,3TLM_1,RCSB30_982,mapped
3tlxD,2,0.4368,3TLX,D,3TLX.D,3TLX_1,RCSB30_368,mapped
3tmgA,1,0.9517,3TMG,A,3TMG.A,3TMG_1,RCSB30_20252,mapped
3tmqC,1,0.6856,3TMQ,C,3TMQ.C,3TMQ_1,RCSB30_383,mapped
3tn7A,1,0.7887,3TN7,A,3TN7.A,3TN7_1,RCSB30_25025,mapped
3tnjA,1,0.8341,3TNJ,A,3TNJ.A,3TNJ_1,RCSB30_40793,mapped
3tnoA,3,0.8208,3TNO,A,3TNO.A,3TNO_1,RCSB30_681,mapped
3tnyA,1,0.7333,3TNY,A,3TNY.A,3TNY_1,RCSB30_35360,mapped
3to3B,1,0.5445,3TO3,B,3TO3.B,3TO3_1,RCSB30_60239,mapped
3topA,3,0.8927,3TOP,A,3TOP.A,3TOP_1,RCSB30_11369,mapped
3touA,3,0.6588,3TOU,A,3TOU.A,3TOU_1,RCSB30_12715,mapped
3toxC,1,0.7835,3TOX,C,3TOX.C,3TOX_1,RCSB30_2086,mapped
3tozB,2,0.7972,3TOZ,B,3TOZ.B,3TOZ_1,RCSB30_253,mapped
3tpkA,3,0.7948,3TPK,A,3TPK.A,3TPK_1,RCSB30_717,mapped
3tptB,1,0.6959,3TPT,B,3TPT.B,3TPT_1,RCSB30_13673,mapped
3tqaA,1,0.7072,3TQA,A,3TQA.A,3TQA_1,RCSB30_853,mapped
3tqcA,1,0.6075,3TQC,A,3TQC.A,3TQC_1,RCSB30_670,mapped
3tqhA,1,0.7699,3TQH,A,3TQH.A,3TQH_1,RCSB30_9011,mapped
3tqlA,1,0.5045,3TQL,A,3TQL.A,3TQL_1,RCSB30_4931,mapped
3tqwB,2,0.7646,3TQW,B,3TQW.B,3TQW_1,RCSB30_2785,mapped
3tqxB,2,0.8511,3TQX,B,3TQX.B,3TQX_1,RCSB30_3862,mapped
3tr0A,1,0.6319,3TR0,A,3TR0.A,3TR0_1,RCSB30_1465,mapped
3tr5B,3,0.7061,3TR5,B,3TR5.B,3TR5_1,RCSB30_521,mapped
3tr6A,1,0.8045,3TR6,A,3TR6.A,3TR6_1,RCSB30_9386,mapped
3tr9B,1,0.6797,3TR9,B,3TR9.B,3TR9_1,RCSB30_3153,mapped
3triA,5,0.7443,3TRI,A,3TRI.A,3TRI_1,RCSB30_12539,mapped
3troB,1,0.7049,3TRO,B,3TRO.B,3TRO_1,RCSB30_1540,mapped
3tscD,2,0.7698,3TSC,D,3TSC.D,3TSC_1,RCSB30_11500,mapped
3tsdA,1,0.6386,3TSD,A,3TSD.A,3TSD_1,RCSB30_522,mapped
3tslA,1,0.9493,3TSL,A,3TSL.A,3TSL_1,RCSB30_9120,mapped
3tsoA,1,0.9777,3TSO,A,3TSO.A,3TSO_1,RCSB30_1035,mapped
3tt7B,1,0.8253,3TT7,B,3TT7.B,3TT7_1,RCSB30_291,mapped
3tteA,3,0.8713,3TTE,A,3TTE.A,3TTE_1,RCSB30_11363,mapped
3ttnA,2,0.8531,3TTN,A,3TTN.A,3TTN_1,RCSB30_3898,mapped
3ttyF,3,0.7177,3TTY,F,3TTY.F,3TTY_1,RCSB30_5195,mapped
3tuiC,3,0.7991,3TUI,C,3TUI.C,3TUI_2,RCSB30_689,mapped
3tv1B,1,0.5614,3TV1,B,3TV1.B,3TV1_1,RCSB30_2050,mapped
3tvlA,1,0.4855,3TVL,A,3TVL.A,3TVL_1,RCSB30_19048,mapped
3tvqA,1,0.5586,3TVQ,A,3TVQ.A,3TVQ_1,RCSB30_8446,mapped
3tw2A,1,0.9176,3TW2,A,3TW2.A,3TW2_1,RCSB30_2022,mapped
3twbB,1,0.4916,3TWB,B,3TWB.B,3TWB_1,RCSB30_2615,mapped
3twoB,1,0.7837,3TWO,B,3TWO.B,3TWO_1,RCSB30_711,mapped
3twwB,1,0.5778,3TWW,B,3TWW.B,3TWW_1,RCSB30_512,mapped
3tx2A,3,1.0,3TX2,A,3TX2.A,3TX2_1,RCSB30_14769,mapped
3txtA,4,0.6698,3TXT,A,3TXT.A,3TXT_1,RCSB30_1918,mapped
3ty2B,3,0.5501,3TY2,B,3TY2.B,3TY2_1,RCSB30_270,mapped
3ty3B,3,0.5172,3TY3,B,3TY3.B,3TY3_1,RCSB30_117,mapped
3tycA,3,0.9618,3TYC,A,3TYC.A,3TYC_1,RCSB30_3153,mapped
3tykA,1,0.5248,3TYK,A,3TYK.A,3TYK_1,RCSB30_22160,mapped
3tywB,1,0.8027,3TYW,B,3TYW.B,3TYW_1,RCSB30_305,mapped
3tz6A,2,0.503,3TZ6,A,3TZ6.A,3TZ6_1,RCSB30_3278,mapped
3tzeB,1,0.8178,3TZE,B,3TZE.B,3TZE_1,RCSB30_2151,mapped
3u02B,1,0.4808,3U02,B,3U02.B,3U02_1,RCSB30_8181,mapped
3u1tA,1,0.7256,3U1T,A,3U1T.A,3U1T_1,RCSB30_2539,mapped
3u2lA,1,0.8356,3U2L,A,3U2L.A,3U2L_1,RCSB30_12839,mapped
3u2sC,3,0.9435,3U2S,C,3U2S.C,3U2S_3,RCSB30_18194,mapped
3u3dA,3,0.5454,3U3D,A,3U3D.A,3U3D_1,RCSB30_51590,mapped
3u3jB,1,0.8352,3U3J,B,3U3J.B,3U3J_1,RCSB30_2740,mapped
3u40C,1,0.8287,3U40,C,3U40.C,3U40_1,RCSB30_372,mapped
3u41C,1,0.7132,3U41,C,3U41.C,3U41_1,RCSB30_15483,mapped
3u4cA,1,0.7293,3U4C,A,3U4C.A,3U4C_1,RCSB30_23882,mapped
3u5kC,1,0.7175,3U5K,C,3U5K.C,3U5K_1,RCSB30_150,mapped
3u5zB,1,0.9552,3U5Z,B,3U5Z.B,3U5Z_1,RCSB30_30876,mapped
3u6wA,2,0.898,3U6W,A,3U6W.A,3U6W_1,RCSB30_3933,mapped
3u7hA,1,0.5918,3U7H,A,3U7H.A,3U7H_1,RCSB30_8897,mapped
3u7mA,1,0.7381,3U7M,A,3U7M.A,3U7M_1,RCSB30_1611,mapped
3u86A,1,0.5306,3U86,A,3U86.A,3U86_1,RCSB30_2953,mapped
3u87B,1,0.806,3U87,B,3U87.B,3U87_1,RCSB30_342,mapped
3u8pB,1,0.7831,3U8P,B,3U8P.B,3U8P_1,RCSB30_437,mapped
3u9wA,1,0.7056,3U9W,A,3U9W.A,3U9W_1,RCSB30_1384,mapped
3ua3B,1,0.8088,3UA3,B,3UA3.B,3UA3_1,RCSB30_30399,mapped
3uarA,3,0.7686,3UAR,A,3UAR.A,3UAR_1,RCSB30_7920,mapped
3ub3A,1,0.8331,3UB3,A,3UB3.A,3UB3_1,RCSB30_15465,mapped
3ublB,1,0.525,3UBL,B,3UBL.B,3UBL_1,RCSB30_30948,mapped
3ubmC,1,0.8607,3UBM,C,3UBM.C,3UBM_1,RCSB30_1959,mapped
3ubtC,3,0.827,3UBT,C,3UBT.C,3UBT_1,RCSB30_17068,mapped
3uc5A,1,0.8015,3UC5,A,3UC5.A,3UC5_1,RCSB30_137,mapped
3uceD,2,0.739,3UCE,D,3UCE.D,3UCE_1,RCSB30_10038,mapped
3udiB,1,0.7248,3UDI,B,3UDI.B,3UDI_1,RCSB30_7455,mapped
3udsA,1,0.5812,3UDS,A,3UDS.A,3UDS_1,RCSB30_7439,mapped
3ue6F,1,0.902,3UE6,F,3UE6.F,3UE6_1,RCSB30_13256,mapped
3uedA,3,0.7123,3UED,A,3UED.A,3UED_1,RCSB30_4478,mapped
3ueoC,3,0.5568,3UEO,C,3UEO.C,3UEO_1,RCSB30_7085,mapped
3uerA,1,0.5634,3UER,A,3UER.A,3UER_1,RCSB30_6826,mapped
3uesA,3,0.9626,3UES,A,3UES.A,3UES_1,RCSB30_7714,mapped
3uf0B,1,0.8682,3UF0,B,3UF0.B,3UF0_1,RCSB30_1272,mapped
3uf6A,1,0.6941,3UF6,A,3UF6.A,3UF6_1,RCSB30_3580,mapped
3ufmA,2,0.531,3UFM,A,3UFM.A,3UFM_1,RCSB30_1401,mapped
3ufxB,1,0.6882,3UFX,B,3UFX.B,3UFX_2,RCSB30_247,mapped
3ug7D,2,0.8981,3UG7,D,3UG7.D,3UG7_1,RCSB30_13451,mapped
3uhnA,1,0.9764,3UHN,A,3UHN.A,3UHN_1,RCSB30_2321,mapped
3uhoA,1,0.8033,3UHO,A,3UHO.A,3UHO_1,RCSB30_801,mapped
3uimA,2,0.7458,3UIM,A,3UIM.A,3UIM_1,RCSB30_2220,mapped
3uj6A,1,0.8452,3UJ6,A,3UJ6.A,3UJ6_1,RCSB30_10638,mapped
3ujhB,1,0.5473,3UJH,B,3UJH.B,3UJH_1,RCSB30_2663,mapped
3uk6B,1,0.8708,3UK6,B,3UK6.B,3UK6_1,RCSB30_1123,mapped
3uk6E,1,0.8655,3UK6,E,3UK6.E,3UK6_1,RCSB30_1123,mapped
3ukjA,2,1.0,3UKJ,A,3UKJ.A,3UKJ_1,RCSB30_18133,mapped
3ul2D,3,0.8644,3UL2,D,3UL2.D,3UL2_1,RCSB30_1350,mapped
3ulaB,1,0.672,3ULA,B,3ULA.B,3ULA_2,RCSB30_9032,mapped
3umvB,1,0.8274,3UMV,B,3UMV.B,3UMV_1,RCSB30_3155,mapped
3unfH,2,0.7835,3UNF,H,3UNF.H,3UNF_8,RCSB30_198,mapped
3ungA,3,0.735,3UNG,A,3UNG.A,3UNG_1,RCSB30_17970,mapped
3unrA,1,0.9711,3UNR,A,3UNR.A,,SINGLETON_3unrA,missing_entity
3unvB,1,0.6724,3UNV,B,3UNV.B,3UNV_1,RCSB30_872,mapped
3uoaB,1,0.823,3UOA,B,3UOA.B,3UOA_1,RCSB30_6501,mapped
3uojA,2,0.9065,3UOJ,A,3UOJ.A,3UOJ_1,RCSB30_882,mapped
3uowA,1,0.4851,3UOW,A,3UOW.A,3UOW_1,RCSB30_2240,mapped
3uoxB,1,0.6478,3UOX,B,3UOX.B,3UOX_1,RCSB30_2122,mapped
3up0C,1,0.9817,3UP0,C,3UP0.C,3UP0_1,RCSB30_15050,mapped
3upoB,1,0.859,3UPO,B,3UPO.B,3UPO_1,RCSB30_21813,mapped
3upvA,1,0.4141,3UPV,A,3UPV.A,3UPV_1,RCSB30_3529,mapped
3uqiA,1,0.8444,3UQI,A,3UQI.A,3UQI_1,RCSB30_5401,mapped
3uqyC,2,0.9715,3UQY,C,3UQY.C,3UQY_1,RCSB30_1724,mapped
3urhB,1,0.6582,3URH,B,3URH.B,3URH_1,RCSB30_865,mapped
3uriA,1,0.8353,3URI,A,3URI.A,3URI_1,RCSB30_57,mapped
3urmB,1,0.7976,3URM,B,3URM.B,3URM_1,RCSB30_24692,mapped
3usbB,3,0.6698,3USB,B,3USB.B,3USB_1,RCSB30_522,mapped
3usoB,3,0.9651,3USO,B,3USO.B,3USO_1,RCSB30_3433,mapped
3usuG,2,0.9051,3USU,G,3USU.G,3USU_1,RCSB30_1350,mapped
3ut2B,2,0.8716,3UT2,B,3UT2.B,3UT2_1,RCSB30_318,mapped
3uthD,1,0.8762,3UTH,D,3UTH.D,3UTH_1,RCSB30_4565,mapped
3uwcA,1,0.6124,3UWC,A,3UWC.A,3UWC_1,RCSB30_1784,mapped
3uwzA,1,0.7662,3UWZ,A,3UWZ.A,3UWZ_1,RCSB30_229,mapped
3ux8A,3,0.6331,3UX8,A,3UX8.A,3UX8_1,RCSB30_1524,mapped
3uxmA,1,0.874,3UXM,A,3UXM.A,3UXM_1,RCSB30_874,mapped
3uxvA,2,0.5848,3UXV,A,3UXV.A,3UXV_1,RCSB30_911,mapped
3uxyC,1,0.7647,3UXY,C,3UXY.C,3UXY_1,RCSB30_2086,mapped
3uylA,1,0.6515,3UYL,A,3UYL.A,3UYL_1,RCSB30_14288,mapped
3uyrA,3,0.7022,3UYR,A,3UYR.A,3UYR_1,RCSB30_1,mapped
3uyyB,1,0.677,3UYY,B,3UYY.B,3UYY_1,RCSB30_5863,mapped
3uzcA,1,0.7162,3UZC,A,3UZC.A,3UZC_1,RCSB30_175,mapped
3v0tA,1,0.6156,3V0T,A,3V0T.A,3V0T_1,RCSB30_2513,mapped
3v17C,3,0.8616,3V17,C,3V17.C,3V17_1,RCSB30_3586,mapped
3v1kA,2,0.7082,3V1K,A,3V1K.A,3V1K_1,RCSB30_3570,mapped
3v1oA,3,0.7228,3V1O,A,3V1O.A,3V1O_1,RCSB30_3740,mapped
3v2bA,1,0.9792,3V2B,A,3V2B.A,3V2B_1,RCSB30_1965,mapped
3v2oA,4,0.6338,3V2O,A,3V2O.A,3V2O_1,RCSB30_18869,mapped
3v3lA,1,0.7111,3V3L,A,3V3L.A,3V3L_1,RCSB30_11743,mapped
3v3wA,2,0.5632,3V3W,A,3V3W.A,3V3W_1,RCSB30_2615,mapped
3v4sA,2,0.8203,3V4S,A,3V4S.A,3V4S_1,RCSB30_332,mapped
3v56B,1,0.9575,3V56,B,3V56.B,3V56_1,RCSB30_36666,mapped
3v5qA,1,0.7882,3V5Q,A,3V5Q.A,3V5Q_1,RCSB30_2296,mapped
3v5wA,1,0.6214,3V5W,A,3V5W.A,3V5W_1,RCSB30_3692,mapped
3v68A,3,0.5155,3V68,A,3V68.A,3V68_1,RCSB30_87281,mapped
3v76A,1,0.91,3V76,A,3V76.A,3V76_1,RCSB30_14582,mapped
3v77F,1,0.8863,3V77,F,3V77.F,3V77_1,RCSB30_58264,mapped
3v8hC,1,0.5483,3V8H,C,3V8H.C,3V8H_1,RCSB30_121,mapped
3v8zA,3,0.8593,3V8Z,A,3V8Z.A,3V8Z_1,RCSB30_4648,mapped
3v94C,1,0.7036,3V94,C,3V94.C,3V94_1,RCSB30_53222,mapped
3v99A,1,0.6059,3V99,A,3V99.A,3V99_1,RCSB30_2813,mapped
3v9lA,1,0.7598,3V9L,A,3V9L.A,3V9L_1,RCSB30_3468,mapped
3valA,2,0.6117,3VAL,A,3VAL.A,3VAL_1,RCSB30_5274,mapped
3vasA,1,0.6996,3VAS,A,3VAS.A,3VAS_1,RCSB30_5030,mapped
3vaxB,3,0.8097,3VAX,B,3VAX.B,3VAX_1,RCSB30_4884,mapped
3vazA,1,0.6795,3VAZ,A,3VAZ.A,3VAZ_1,RCSB30_304,mapped
3vbeA,1,0.8317,3VBE,A,3VBE.A,3VBE_1,RCSB30_2274,mapped
3vbhA,1,0.8652,3VBH,A,3VBH.A,3VBH_1,RCSB30_19,mapped
3vc2C,1,0.9433,3VC2,C,3VC2.C,3VC2_1,RCSB30_18702,mapped
3vcpA,1,0.7064,3VCP,A,3VCP.A,3VCP_1,RCSB30_17187,mapped
3vdqB,1,0.8713,3VDQ,B,3VDQ.B,3VDQ_1,RCSB30_4371,mapped
3veuA,1,0.8184,3VEU,A,3VEU.A,3VEU_1,RCSB30_317,mapped
3vexA,1,0.4901,3VEX,A,3VEX.A,3VEX_1,RCSB30_7800,mapped
3vgcC,1,0.7395,3VGC,C,3VGC.C,3VGC_3,RCSB30_67,mapped
3vgdA,3,0.7863,3VGD,A,3VGD.A,3VGD_1,RCSB30_7619,mapped
3vgmA,1,0.5563,3VGM,A,3VGM.A,3VGM_1,RCSB30_3415,mapped
3vh4A,1,0.6305,3VH4,A,3VH4.A,3VH4_1,RCSB30_2647,mapped
3vibD,1,0.7175,3VIB,D,3VIB.D,3VIB_1,RCSB30_5178,mapped
3vikA,1,0.8551,3VIK,A,3VIK.A,3VIK_1,RCSB30_1388,mapped
3vivA,2,0.9039,3VIV,A,3VIV.A,3VIV_1,RCSB30_25936,mapped
3vjcE,1,0.8332,3VJC,E,3VJC.E,3VJC_1,RCSB30_2217,mapped
3vk4A,1,0.5525,3VK4,A,3VK4.A,3VK4_1,RCSB30_965,mapped
3vkvD,1,0.465,3VKV,D,3VKV.D,,SINGLETON_3vkvD,missing_entity
3vl9A,1,0.7937,3VL9,A,3VL9.A,3VL9_1,RCSB30_4312,mapped
3vlmA,2,0.7932,3VLM,A,3VLM.A,3VLM_1,RCSB30_318,mapped
3vlwB,1,0.6859,3VLW,B,3VLW.B,3VLW_1,RCSB30_10625,mapped
3vlzA,1,0.6987,3VLZ,A,3VLZ.A,3VLZ_1,RCSB30_5548,mapped
3vmjA,1,0.612,3VMJ,A,3VMJ.A,3VMJ_1,RCSB30_117,mapped
3vmpA,1,0.6768,3VMP,A,3VMP.A,3VMP_1,RCSB30_47349,mapped
3vmtA,1,0.9167,3VMT,A,3VMT.A,3VMT_1,RCSB30_8813,mapped
3vmwA,1,0.7168,3VMW,A,3VMW.A,3VMW_1,RCSB30_9460,mapped
3vn9A,1,0.9621,3VN9,A,3VN9.A,3VN9_1,RCSB30_15609,mapped
3vnjA,1,0.9026,3VNJ,A,3VNJ.A,3VNJ_1,RCSB30_4234,mapped
3vnqA,1,0.7022,3VNQ,A,3VNQ.A,3VNQ_1,RCSB30_33809,mapped
3vnzA,1,0.8473,3VNZ,A,3VNZ.A,3VNZ_1,RCSB30_10806,mapped
3vofA,2,0.9038,3VOF,A,3VOF.A,3VOF_1,RCSB30_23683,mapped
3voiA,1,0.53,3VOI,A,3VOI.A,3VOI_1,RCSB30_3206,mapped
3vomA,1,0.8114,3VOM,A,3VOM.A,3VOM_1,RCSB30_12437,mapped
3votA,1,0.6527,3VOT,A,3VOT.A,3VOT_1,RCSB30_109868,mapped
3vp5A,1,0.7995,3VP5,A,3VP5.A,3VP5_1,RCSB30_55921,mapped
3vpcC,1,0.9601,3VPC,C,3VPC.C,3VPC_1,RCSB30_18052,mapped
3vqmF,1,0.9613,3VQM,F,3VQM.F,3VQM_1,RCSB30_26748,mapped
3vqrB,1,0.6961,3VQR,B,3VQR.B,3VQR_1,RCSB30_76148,mapped
3vqtD,1,0.944,3VQT,D,3VQT.D,3VQT_1,RCSB30_521,mapped
3vqxB,1,0.6822,3VQX,B,3VQX.B,3VQX_1,RCSB30_2940,mapped
3vr6B,5,0.6403,3VR6,B,3VR6.B,3VR6_1,RCSB30_2265,mapped
3vrcB,1,0.9275,3VRC,B,3VRC.B,3VRC_1,RCSB30_2723,mapped
3vrgB,1,0.8297,3VRG,B,3VRG.B,3VRG_2,RCSB30_70,mapped
3vrhA,3,0.569,3VRH,A,3VRH.A,3VRH_1,RCSB30_2982,mapped
3vseA,2,0.8017,3VSE,A,3VSE.A,3VSE_1,RCSB30_34664,mapped
3vsuC,3,0.9413,3VSU,C,3VSU.C,3VSU_1,RCSB30_59741,mapped
3vt0A,1,0.8978,3VT0,A,3VT0.A,3VT0_1,RCSB30_16157,mapped
3vtfA,2,0.7787,3VTF,A,3VTF.A,3VTF_1,RCSB30_7426,mapped
3vtjA,1,0.8639,3VTJ,A,3VTJ.A,3VTJ_1,RCSB30_7568,mapped
3vufA,1,0.7395,3VUF,A,3VUF.A,3VUF_1,RCSB30_4587,mapped
3vupB,1,0.5462,3VUP,B,3VUP.B,3VUP_1,RCSB30_29973,mapped
3vvbA,4,0.6092,3VVB,A,3VVB.A,3VVB_1,RCSB30_8298,mapped
3vvcA,1,0.6288,3VVC,A,3VVC.A,3VVC_1,RCSB30_8298,mapped
3vvdA,2,0.8958,3VVD,A,3VVD.A,3VVD_1,RCSB30_2342,mapped
3vvpA,1,0.4194,3VVP,A,3VVP.A,3VVP_1,RCSB30_17550,mapped
3vvzC,1,0.852,3VVZ,C,3VVZ.C,3VVZ_1,RCSB30_8355,mapped
3vwdA,1,0.9399,3VWD,A,3VWD.A,3VWD_1,RCSB30_8729,mapped
3vwxC,1,0.7152,3VWX,C,3VWX.C,3VWX_1,RCSB30_2104,mapped
3vx1A,2,0.7649,3VX1,A,3VX1.A,3VX1_1,RCSB30_6779,mapped
3vxcB,1,0.6612,3VXC,B,3VXC.B,3VXC_1,RCSB30_87843,mapped
3vxsC,3,1.0,3VXS,C,3VXS.C,3VXS_3,RCSB30_260,mapped
3vylD,2,0.811,3VYL,D,3VYL.D,3VYL_1,RCSB30_4234,mapped
3vywA,2,0.8628,3VYW,A,3VYW.A,3VYW_1,RCSB30_98524,mapped
3vzbA,2,0.9284,3VZB,A,3VZB.A,3VZB_1,RCSB30_15853,mapped
3vzoA,1,1.0,3VZO,A,3VZO.A,3VZO_1,RCSB30_240,mapped
3vzuA,2,0.6633,3VZU,A,3VZU.A,3VZU_1,RCSB30_8288,mapped
3w08B,1,0.77,3W08,B,3W08.B,3W08_1,RCSB30_14066,mapped
3w0kB,1,0.6665,3W0K,B,3W0K.B,3W0K_1,RCSB30_44632,mapped
3w1bA,3,0.8387,3W1B,A,3W1B.A,3W1B_1,RCSB30_3860,mapped
3w21A,2,0.5764,3W21,A,3W21.A,3W21_1,RCSB30_75001,mapped
3w25A,2,0.8823,3W25,A,3W25.A,3W25_1,RCSB30_4364,mapped
3w3sA,2,0.8547,3W3S,A,3W3S.A,3W3S_1,RCSB30_12407,mapped
3w4oA,3,0.9053,3W4O,A,3W4O.A,3W4O_1,RCSB30_199,mapped
3w4yA,1,0.6776,3W4Y,A,3W4Y.A,3W4Y_1,RCSB30_13210,mapped
3w53A,1,0.5051,3W53,A,3W53.A,3W53_1,RCSB30_789,mapped
3w54C,1,0.8546,3W54,C,3W54.C,3W54_1,RCSB30_15623,mapped
3w5hA,1,0.6354,3W5H,A,3W5H.A,3W5H_1,RCSB30_1102,mapped
3w5jA,1,0.4444,3W5J,A,3W5J.A,3W5J_1,RCSB30_61736,mapped
3w5wA,1,0.4084,3W5W,A,3W5W.A,3W5W_1,RCSB30_90262,mapped
3w6dC,1,0.7788,3W6D,C,3W6D.C,3W6D_1,RCSB30_39406,mapped
3w6zA,1,0.8394,3W6Z,A,3W6Z.A,3W6Z_1,RCSB30_5492,mapped
3w7xA,2,0.6395,3W7X,A,3W7X.A,3W7X_1,RCSB30_20259,mapped
3w9kA,1,0.9711,3W9K,A,3W9K.A,3W9K_1,RCSB30_88201,mapped
3wagA,2,0.4931,3WAG,A,3WAG.A,3WAG_1,RCSB30_13351,mapped
3wasA,2,0.9141,3WAS,A,3WAS.A,3WAS_1,RCSB30_25734,mapped
3wazA,3,0.4019,3WAZ,A,3WAZ.A,3WAZ_1,RCSB30_31962,mapped
3wbaA,1,0.7319,3WBA,A,3WBA.A,3WBA_1,RCSB30_789,mapped
3wbbC,1,0.6981,3WBB,C,3WBB.C,3WBB_1,RCSB30_7075,mapped
3wbwB,1,0.848,3WBW,B,3WBW.B,3WBW_1,RCSB30_438,mapped
3wcwA,1,0.9779,3WCW,A,3WCW.A,3WCW_1,RCSB30_2325,mapped
3wcwB,1,0.9573,3WCW,B,3WCW.B,3WCW_2,RCSB30_2325,mapped
3wcwG,1,0.9184,3WCW,G,3WCW.G,3WCW_3,RCSB30_2325,mapped
3wd6C,4,0.5845,3WD6,C,3WD6.C,3WD6_1,RCSB30_27097,mapped
3wd7A,1,0.783,3WD7,A,3WD7.A,3WD7_1,RCSB30_323,mapped
3wddA,3,0.7493,3WDD,A,3WDD.A,3WDD_1,RCSB30_385,mapped
3wdyA,1,0.8987,3WDY,A,3WDY.A,3WDY_1,RCSB30_23787,mapped
3we0A,1,0.6943,3WE0,A,3WE0.A,3WE0_1,RCSB30_51979,mapped
3we7B,7,0.6612,3WE7,B,3WE7.B,3WE7_1,RCSB30_16785,mapped
3webA,1,0.7144,3WEB,A,3WEB.A,3WEB_1,RCSB30_9872,mapped
3wevA,2,0.5272,3WEV,A,3WEV.A,3WEV_1,RCSB30_50376,mapped
3wf7A,1,0.8768,3WF7,A,3WF7.A,3WF7_1,RCSB30_3719,mapped
3wfdD,1,0.9447,3WFD,D,3WFD.D,3WFD_4,RCSB30_16969,mapped
3wfjG,1,0.7497,3WFJ,G,3WFJ.G,3WFJ_1,RCSB30_13551,mapped
3wg6B,1,0.8783,3WG6,B,3WG6.B,3WG6_1,RCSB30_3039,mapped
3wgbD,1,0.8688,3WGB,D,3WGB.D,3WGB_1,RCSB30_3988,mapped
3wh1A,1,0.7387,3WH1,A,3WH1.A,3WH1_1,RCSB30_1511,mapped
3whbA,1,0.7574,3WHB,A,3WHB.A,3WHB_1,RCSB30_29118,mapped
3whlE,1,0.8655,3WHL,E,3WHL.E,3WHL_1,RCSB30_760,mapped
3wiqA,1,0.5801,3WIQ,A,3WIQ.A,3WIQ_1,RCSB30_11847,mapped
3wj1A,1,0.8732,3WJ1,A,3WJ1.A,3WJ1_1,RCSB30_8582,mapped
3wkgA,2,0.8901,3WKG,A,3WKG.A,3WKG_1,RCSB30_9364,mapped
3wl6B,1,0.727,3WL6,B,3WL6.B,3WL6_1,RCSB30_20872,mapped
3wleB,1,0.8666,3WLE,B,3WLE.B,3WLE_1,RCSB30_18771,mapped
3wmxD,1,0.851,3WMX,D,3WMX.D,3WMX_1,RCSB30_3555,mapped
3wmyA,1,0.93,3WMY,A,3WMY.A,3WMY_1,RCSB30_9700,mapped
3wnjA,3,0.879,3WNJ,A,3WNJ.A,3WNJ_1,RCSB30_6719,mapped
3wnuA,1,0.8333,3WNU,A,3WNU.A,3WNU_1,RCSB30_318,mapped
3wnzA,2,0.9157,3WNZ,A,3WNZ.A,3WNZ_1,RCSB30_31246,mapped
3woqA,1,0.6443,3WOQ,A,3WOQ.A,3WOQ_1,RCSB30_11865,mapped
3wpmB,2,0.682,3WPM,B,3WPM.B,3WPM_1,RCSB30_15791,mapped
3wqtB,1,0.8244,3WQT,B,3WQT.B,3WQT_1,RCSB30_18373,mapped
3wqzA,3,0.9597,3WQZ,A,3WQZ.A,3WQZ_1,RCSB30_3178,mapped
3wr2B,1,0.9219,3WR2,B,3WR2.B,3WR2_1,RCSB30_6743,mapped
3wrgA,1,0.749,3WRG,A,3WRG.A,3WRG_1,RCSB30_15514,mapped
3wrxA,2,0.692,3WRX,A,3WRX.A,3WRX_1,RCSB30_6202,mapped
3wsgA,2,0.881,3WSG,A,3WSG.A,3WSG_1,RCSB30_20291,mapped
3wt0C,1,0.8302,3WT0,C,3WT0.C,3WT0_1,RCSB30_18373,mapped
3wtgD,1,0.9042,3WTG,D,3WTG.D,3WTG_2,RCSB30_70,mapped
3wudA,1,0.7399,3WUD,A,3WUD.A,3WUD_1,RCSB30_2488,mapped
3wuhA,1,0.5383,3WUH,A,3WUH.A,3WUH_1,RCSB30_16101,mapped
3wv8B,1,0.8102,3WV8,B,3WV8.B,3WV8_1,RCSB30_54585,mapped
3wvnB,1,0.606,3WVN,B,3WVN.B,3WVN_1,RCSB30_57607,mapped
3wvrC,1,0.8106,3WVR,C,3WVR.C,3WVR_1,RCSB30_75567,mapped
3ww1A,2,0.9162,3WW1,A,3WW1.A,3WW1_1,RCSB30_21559,mapped
3wwjF,1,0.9104,3WWJ,F,3WWJ.F,3WWJ_1,RCSB30_6003,mapped
3wwmA,1,0.5083,3WWM,A,3WWM.A,3WWM_1,RCSB30_427,mapped
3wwxA,1,0.6794,3WWX,A,3WWX.A,3WWX_1,RCSB30_7543,mapped
3wxbB,1,0.672,3WXB,B,3WXB.B,3WXB_1,RCSB30_6483,mapped
3wxmC,2,0.9379,3WXM,C,3WXM.C,3WXM_1,RCSB30_785,mapped
3wy0A,3,0.783,3WY0,A,3WY0.A,3WY0_1,RCSB30_15211,mapped
3wy4A,1,0.652,3WY4,A,3WY4.A,3WY4_1,RCSB30_1407,mapped
3wy9A,5,0.7691,3WY9,A,3WY9.A,3WY9_1,RCSB30_785,mapped
3wyeA,1,0.7941,3WYE,A,3WYE.A,3WYE_1,RCSB30_708,mapped
3wzuA,2,0.7947,3WZU,A,3WZU.A,3WZU_1,RCSB30_4537,mapped
3x0dA,3,0.9412,3X0D,A,3X0D.A,3X0D_1,RCSB30_4286,mapped
3x0oA,1,0.7224,3X0O,A,3X0O.A,3X0O_1,RCSB30_6920,mapped
3x0yB,2,0.5898,3X0Y,B,3X0Y.B,3X0Y_1,RCSB30_7436,mapped
3x1kD,1,0.9531,3X1K,D,3X1K.D,3X1K_1,RCSB30_137,mapped
3x2eA,3,0.6471,3X2E,A,3X2E.A,3X2E_1,RCSB30_361,mapped
3x3eA,1,0.7027,3X3E,A,3X3E.A,,SINGLETON_3x3eA,missing_entity
3x43F,1,0.6797,3X43,F,3X43.F,3X43_1,RCSB30_2274,mapped
3ximC,1,0.9419,3XIM,C,3XIM.C,3XIM_1,RCSB30_931,mapped
3zbfA,1,0.7693,3ZBF,A,3ZBF.A,3ZBF_1,RCSB30_15934,mapped
3zbnA,1,0.7223,3ZBN,A,3ZBN.A,3ZBN_1,RCSB30_18046,mapped
3zbqA,1,0.9199,3ZBQ,A,3ZBQ.A,3ZBQ_1,RCSB30_39720,mapped
3zc7A,1,0.8337,3ZC7,A,3ZC7.A,3ZC7_1,RCSB30_15089,mapped
3zcnA,1,0.8614,3ZCN,A,3ZCN.A,3ZCN_1,RCSB30_31553,mapped
3zdaA,3,1.0,3ZDA,A,3ZDA.A,3ZDA_1,RCSB30_2726,mapped
3zf8A,1,0.7706,3ZF8,A,3ZF8.A,3ZF8_1,RCSB30_14528,mapped
3zfdA,2,0.8838,3ZFD,A,3ZFD.A,3ZFD_1,RCSB30_7317,mapped
3zg8B,1,0.7433,3ZG8,B,3ZG8.B,3ZG8_2,RCSB30_10286,mapped
3zgeA,2,0.5697,3ZGE,A,3ZGE.A,3ZGE_1,RCSB30_1010,mapped
3zgjA,2,0.9216,3ZGJ,A,3ZGJ.A,3ZGJ_1,RCSB30_50318,mapped
3zgpA,3,0.6829,3ZGP,A,3ZGP.A,3ZGP_1,RCSB30_39653,mapped
3zhaK,2,0.7198,3ZHA,K,3ZHA.K,3ZHA_1,RCSB30_9731,mapped
3zhbD,1,0.7881,3ZHB,D,3ZHB.D,3ZHB_1,RCSB30_2438,mapped
3zhfA,1,0.6385,3ZHF,A,3ZHF.A,3ZHF_1,RCSB30_2915,mapped
3ziaC,1,0.8372,3ZIA,C,3ZIA.C,3ZIA_1,RCSB30_76,mapped
3ziaE,1,0.8013,3ZIA,E,3ZIA.E,3ZIA_2,RCSB30_706,mapped
3zidA,1,0.8714,3ZID,A,3ZID.A,3ZID_1,RCSB30_100341,mapped
3ziuA,1,0.7704,3ZIU,A,3ZIU.A,3ZIU_1,RCSB30_155,mapped
3ziyA,1,0.9187,3ZIY,A,3ZIY.A,3ZIY_1,RCSB30_695,mapped
3zizA,1,0.8094,3ZIZ,A,3ZIZ.A,3ZIZ_1,RCSB30_18380,mapped
3zj0A,2,0.6955,3ZJ0,A,3ZJ0.A,3ZJ0_1,RCSB30_39281,mapped
3zj7A,1,0.7785,3ZJ7,A,3ZJ7.A,3ZJ7_1,RCSB30_2640,mapped
3zjcB,2,0.8253,3ZJC,B,3ZJC.B,3ZJC_1,RCSB30_18765,mapped
3zjxD,2,0.83,3ZJX,D,3ZJX.D,3ZJX_1,RCSB30_45127,mapped
3zkbI,1,0.9152,3ZKB,I,3ZKB.I,3ZKB_1,RCSB30_377,mapped
3zkgA,1,0.9115,3ZKG,A,3ZKG.A,3ZKG_1,RCSB30_317,mapped
3zl8A,1,0.5303,3ZL8,A,3ZL8.A,3ZL8_1,RCSB30_13345,mapped
3zlbA,1,0.7255,3ZLB,A,3ZLB.A,3ZLB_1,RCSB30_229,mapped
3zlkA,2,0.8702,3ZLK,A,3ZLK.A,3ZLK_1,RCSB30_2374,mapped
3zm7A,1,0.6948,3ZM7,A,3ZM7.A,3ZM7_1,RCSB30_377,mapped
3zmbB,3,0.947,3ZMB,B,3ZMB.B,3ZMB_1,RCSB30_2845,mapped
3zmkD,1,0.7909,3ZMK,D,3ZMK.D,3ZMK_1,RCSB30_2104,mapped
3zncA,1,0.6806,3ZNC,A,3ZNC.A,3ZNC_1,RCSB30_1286,mapped
3zo7F,1,0.8977,3ZO7,F,3ZO7.F,3ZO7_1,RCSB30_14909,mapped
3zoxD,1,0.9381,3ZOX,D,3ZOX.D,3ZOX_1,RCSB30_5606,mapped
3zp4B,3,1.0,3ZP4,B,3ZP4.B,3ZP4_1,RCSB30_9346,mapped
3zr4B,1,0.8798,3ZR4,B,3ZR4.B,3ZR4_2,RCSB30_3666,mapped
3zs7A,1,0.7412,3ZS7,A,3ZS7.A,3ZS7_1,RCSB30_3630,mapped
3zseA,1,0.7007,3ZSE,A,3ZSE.A,3ZSE_1,RCSB30_5622,mapped
3zt5C,2,0.9124,3ZT5,C,3ZT5.C,3ZT5_1,RCSB30_5557,mapped
3zu0A,1,0.6511,3ZU0,A,3ZU0.A,3ZU0_1,RCSB30_46130,mapped
3zupB,3,0.9317,3ZUP,B,3ZUP.B,3ZUP_1,RCSB30_4947,mapped
3zvbA,1,0.7443,3ZVB,A,3ZVB.A,3ZVB_1,RCSB30_388,mapped
3zvsB,1,0.7771,3ZVS,B,3ZVS.B,3ZVS_1,RCSB30_39271,mapped
3zvxA,2,0.8289,3ZVX,A,3ZVX.A,3ZVX_1,RCSB30_2258,mapped
3zw0C,1,0.9519,3ZW0,C,3ZW0.C,3ZW0_1,RCSB30_11260,mapped
3zwbB,1,0.8026,3ZWB,B,3ZWB.B,3ZWB_1,RCSB30_533,mapped
3zwyG,2,1.0,3ZWY,G,3ZWY.G,3ZWY_1,RCSB30_2268,mapped
3zxiA,1,0.8489,3ZXI,A,3ZXI.A,3ZXI_1,RCSB30_1380,mapped
3zxlA,2,0.9692,3ZXL,A,3ZXL.A,3ZXL_1,RCSB30_27108,mapped
3zy3B,1,0.8291,3ZY3,B,3ZY3.B,3ZY3_1,RCSB30_6649,mapped
3zynA,1,0.7697,3ZYN,A,3ZYN.A,3ZYN_1,RCSB30_10981,mapped
3zzbA,1,0.8439,3ZZB,A,3ZZB.A,3ZZB_1,RCSB30_388,mapped
3zzfD,1,0.663,3ZZF,D,3ZZF.D,3ZZF_1,RCSB30_5025,mapped
3zzmA,2,0.8446,3ZZM,A,3ZZM.A,3ZZM_1,RCSB30_300,mapped
3zznA,3,0.6324,3ZZN,A,3ZZN.A,3ZZN_1,RCSB30_319,mapped
451cA,1,0.843,451C,A,451C.A,451C_1,RCSB30_5606,mapped
4a0mC,1,0.7611,4A0M,C,4A0M.C,4A0M_1,RCSB30_1058,mapped
4a0tA,3,0.5996,4A0T,A,4A0T.A,4A0T_1,RCSB30_22360,mapped
4a14A,8,0.6654,4A14,A,4A14.A,4A14_1,RCSB30_16414,mapped
4a1zB,1,0.7774,4A1Z,B,4A1Z.B,4A1Z_1,RCSB30_2850,mapped
4a2aA,1,0.7499,4A2A,A,4A2A.A,4A2A_1,RCSB30_54978,mapped
4a2rA,1,0.7275,4A2R,A,4A2R.A,4A2R_1,RCSB30_926,mapped
4a34M,1,1.0,4A34,M,4A34.M,4A34_1,RCSB30_3312,mapped
4a36A,1,0.8017,4A36,A,4A36.A,4A36_1,RCSB30_3766,mapped
4a39A,2,0.9368,4A39,A,4A39.A,4A39_1,RCSB30_24371,mapped
4a3rD,2,1.0,4A3R,D,4A3R.D,4A3R_1,RCSB30_22,mapped
4a4aA,3,1.0,4A4A,A,4A4A.A,4A4A_1,RCSB30_14946,mapped
4a4gA,1,0.9058,4A4G,A,4A4G.A,4A4G_1,RCSB30_9720,mapped
4a4zA,2,0.5962,4A4Z,A,4A4Z.A,4A4Z_1,RCSB30_13055,mapped
4a5aB,1,0.7594,4A5A,B,4A5A.B,4A5A_1,RCSB30_18255,mapped
4a6dA,1,0.625,4A6D,A,4A6D.A,4A6D_1,RCSB30_18522,mapped
4a6jA,1,0.7728,4A6J,A,4A6J.A,4A6J_1,RCSB30_11733,mapped
4a6kC,1,0.7133,4A6K,C,4A6K.C,4A6K_1,RCSB30_27274,mapped
4a76E,2,0.6731,4A76,E,4A76.E,4A76_1,RCSB30_7591,mapped
4a7pB,1,0.7059,4A7P,B,4A7P.B,4A7P_1,RCSB30_7426,mapped
4a7xE,1,0.8359,4A7X,E,4A7X.E,4A7X_1,RCSB30_913,mapped
4a8gA,1,0.5291,4A8G,A,4A8G.A,4A8G_1,RCSB30_1139,mapped
4a91A,1,0.4667,4A91,A,4A91.A,4A91_1,RCSB30_2677,mapped
4a9kB,1,0.6626,4A9K,B,4A9K.B,4A9K_1,RCSB30_428,mapped
4a9nA,1,0.8065,4A9N,A,4A9N.A,4A9N_1,RCSB30_150,mapped
4a9xA,3,0.6291,4A9X,A,4A9X.A,4A9X_1,RCSB30_25882,mapped
4aaxA,1,0.6894,4AAX,A,4AAX.A,4AAX_1,RCSB30_26346,mapped
4abkA,1,0.9799,4ABK,A,4ABK.A,4ABK_1,RCSB30_1965,mapped
4ac7C,1,0.643,4AC7,C,4AC7.C,4AC7_3,RCSB30_149,mapped
4ac8A,1,0.9403,4AC8,A,4AC8.A,4AC8_1,RCSB30_4340,mapped
4aciB,2,1.0,4ACI,B,4ACI.B,4ACI_1,RCSB30_22395,mapped
4ad0C,3,0.7207,4AD0,C,4AD0.C,4AD0_1,RCSB30_6418,mapped
4adcD,2,0.8068,4ADC,D,4ADC.D,4ADC_1,RCSB30_1000,mapped
4adfB,2,0.808,4ADF,B,4ADF.B,4ADF_1,RCSB30_37263,mapped
4aduB,1,0.9281,4ADU,B,4ADU.B,4ADU_1,RCSB30_601,mapped
4ae4A,2,0.6293,4AE4,A,4AE4.A,4AE4_1,RCSB30_30692,mapped
4aecB,1,0.64,4AEC,B,4AEC.B,4AEC_1,RCSB30_3722,mapped
4afyA,3,0.6737,4AFY,A,4AFY.A,4AFY_1,RCSB30_16420,mapped
4afzA,2,0.4338,4AFZ,A,4AFZ.A,4AFZ_1,RCSB30_1986,mapped
4ag5B,1,0.8508,4AG5,B,4AG5.B,4AG5_1,RCSB30_76191,mapped
4ag7B,1,0.8502,4AG7,B,4AG7.B,4AG7_1,RCSB30_20869,mapped
4ai5D,3,1.0,4AI5,D,4AI5.D,4AI5_1,RCSB30_12683,mapped
4ak7A,1,0.8392,4AK7,A,4AK7.A,4AK7_1,RCSB30_20972,mapped
4akyD,3,0.7969,4AKY,D,4AKY.D,4AKY_1,RCSB30_7457,mapped
4albC,1,0.9236,4ALB,C,4ALB.C,4ALB_1,RCSB30_10926,mapped
4am7B,2,0.897,4AM7,B,4AM7.B,4AM7_1,RCSB30_35244,mapped
4am8E,1,0.9143,4AM8,E,4AM8.E,4AM8_1,RCSB30_277,mapped
4am9A,1,0.7547,4AM9,A,4AM9.A,4AM9_1,RCSB30_19939,mapped
4ambB,1,0.7749,4AMB,B,4AMB.B,4AMB_1,RCSB30_17182,mapped
4aneA,1,0.7468,4ANE,A,4ANE.A,4ANE_1,RCSB30_454,mapped
4aocB,1,0.866,4AOC,B,4AOC.B,4AOC_1,RCSB30_2645,mapped
4aooA,1,0.9134,4AOO,A,4AOO.A,4AOO_1,RCSB30_16628,mapped
4aoxA,1,0.7127,4AOX,A,4AOX.A,4AOX_1,RCSB30_2122,mapped
4ap6D,12,0.738,4AP6,D,4AP6.D,4AP6_1,RCSB30_11266,mapped
4apyA,1,0.5337,4APY,A,4APY.A,4APY_1,RCSB30_305,mapped
4aq0A,3,0.8722,4AQ0,A,4AQ0.A,4AQ0_1,RCSB30_93655,mapped
4aq3F,2,0.6639,4AQ3,F,4AQ3.F,4AQ3_1,RCSB30_1677,mapped
4aqlA,2,0.9262,4AQL,A,4AQL.A,4AQL_1,RCSB30_5416,mapped
4arzA,2,0.9313,4ARZ,A,4ARZ.A,4ARZ_1,RCSB30_14984,mapped
4as2B,1,0.7926,4AS2,B,4AS2.B,4AS2_1,RCSB30_68585,mapped
4at0A,1,0.8021,4AT0,A,4AT0.A,4AT0_1,RCSB30_42871,mapped
4at5A,1,0.8065,4AT5,A,4AT5.A,4AT5_1,RCSB30_2296,mapped
4at8C,1,0.5759,4AT8,C,4AT8.C,4AT8_1,RCSB30_11657,mapped
4atfC,1,0.831,4ATF,C,4ATF.C,4ATF_1,RCSB30_22195,mapped
4aubD,2,0.6547,4AUB,D,4AUB.D,4AUB_1,RCSB30_6646,mapped
4autA,1,0.8264,4AUT,A,4AUT.A,4AUT_1,RCSB30_5875,mapped
4aw7A,2,0.6411,4AW7,A,4AW7.A,4AW7_1,RCSB30_27433,mapped
4aw8A,1,0.4954,4AW8,A,4AW8.A,4AW8_1,RCSB30_11845,mapped
4awhB,3,0.8256,4AWH,B,4AWH.B,4AWH_1,RCSB30_539,mapped
4axeA,1,0.6713,4AXE,A,4AXE.A,4AXE_1,RCSB30_7439,mapped
4ay1C,1,0.8421,4AY1,C,4AY1.C,4AY1_1,RCSB30_43468,mapped
4ay8B,1,0.4553,4AY8,B,4AY8.B,4AY8_1,RCSB30_23069,mapped
4ayoA,2,0.9372,4AYO,A,4AYO.A,4AYO_1,RCSB30_14772,mapped
4b0iE,3,0.8214,4B0I,E,4B0I.E,4B0I_1,RCSB30_937,mapped
4b0sA,1,0.7888,4B0S,A,4B0S.A,4B0S_1,RCSB30_2105,mapped
4b10C,2,0.851,4B10,C,4B10.C,4B10_1,RCSB30_1037,mapped
4b17A,3,0.6972,4B17,A,4B17.A,4B17_1,RCSB30_1186,mapped
4b1zB,1,0.8293,4B1Z,B,4B1Z.B,4B1Z_1,RCSB30_78,mapped
4b21A,1,0.6234,4B21,A,4B21.A,4B21_1,RCSB30_27305,mapped
4b2yC,1,0.9304,4B2Y,C,4B2Y.C,4B2Y_1,RCSB30_1646,mapped
4b44A,2,0.9647,4B44,A,4B44.A,4B44_1,RCSB30_10593,mapped
4b45A,1,0.9142,4B45,A,4B45.A,4B45_1,RCSB30_17106,mapped
4b46A,1,0.832,4B46,A,4B46.A,4B46_1,RCSB30_17106,mapped
4b4dA,1,0.7412,4B4D,A,4B4D.A,4B4D_1,RCSB30_5720,mapped
4b4uB,3,0.842,4B4U,B,4B4U.B,4B4U_1,RCSB30_994,mapped
4b4yA,2,0.6468,4B4Y,A,4B4Y.A,4B4Y_1,RCSB30_242986,mapped
4b5vB,3,0.8748,4B5V,B,4B5V.B,4B5V_1,RCSB30_1341,mapped
4b6hB,1,0.5642,4B6H,B,4B6H.B,4B6H_1,RCSB30_29662,mapped
4b79A,1,0.7966,4B79,A,4B79.A,4B79_1,RCSB30_1170,mapped
4b7xJ,1,0.9101,4B7X,J,4B7X.J,4B7X_1,RCSB30_2874,mapped
4b7xK,1,0.6651,4B7X,K,4B7X.K,4B7X_1,RCSB30_2874,mapped
4b8nB,1,1.0,4B8N,B,4B8N.B,4B8N_1,RCSB30_1113,mapped
4b8pA,2,0.5744,4B8P,A,4B8P.A,4B8P_1,RCSB30_515,mapped
4b95C,2,0.8543,4B95,C,4B95.C,4B95_3,RCSB30_1360,mapped
4b9wB,2,0.8101,4B9W,B,4B9W.B,4B9W_1,RCSB30_36284,mapped
4ba5A,2,0.8363,4BA5,A,4BA5.A,4BA5_1,RCSB30_4078,mapped
4basA,1,0.9518,4BAS,A,4BAS.A,4BAS_1,RCSB30_5630,mapped
4bb9A,3,0.7541,4BB9,A,4BB9.A,4BB9_1,RCSB30_7389,mapped
4bbeC,2,0.724,4BBE,C,4BBE.C,4BBE_1,RCSB30_495,mapped
4bboC,1,0.9658,4BBO,C,4BBO.C,4BBO_1,RCSB30_6634,mapped
4bc4C,3,0.8007,4BC4,C,4BC4.C,4BC4_1,RCSB30_4704,mapped
4bcaA,3,0.8764,4BCA,A,4BCA.A,4BCA_1,RCSB30_5430,mapped
4bcsB,1,0.9678,4BCS,B,4BCS.B,4BCS_1,RCSB30_3667,mapped
4be3A,1,0.7357,4BE3,A,4BE3.A,4BE3_1,RCSB30_225276,mapped
4becB,1,0.6415,4BEC,B,4BEC.B,4BEC_1,RCSB30_8072,mapped
4betA,2,0.922,4BET,A,4BET.A,4BET_1,RCSB30_36460,mapped
4beuA,1,0.7148,4BEU,A,4BEU.A,4BEU_1,RCSB30_1088,mapped
4bf4A,2,0.9689,4BF4,A,4BF4.A,4BF4_1,RCSB30_305,mapped
4bf5B,1,0.6812,4BF5,B,4BF5.B,4BF5_1,RCSB30_1088,mapped
4bgbA,1,0.6687,4BGB,A,4BGB.A,4BGB_1,RCSB30_54261,mapped
4bhlA,3,0.821,4BHL,A,4BHL.A,4BHL_1,RCSB30_3979,mapped
4bibA,1,0.8623,4BIB,A,4BIB.A,4BIB_1,RCSB30_4296,mapped
4bimB,1,0.9813,4BIM,B,4BIM.B,4BIM_1,RCSB30_1646,mapped
4biyA,1,0.9738,4BIY,A,4BIY.A,4BIY_1,RCSB30_13524,mapped
4bj6E,2,0.5578,4BJ6,E,4BJ6.E,4BJ6_2,RCSB30_17975,mapped
4bj8G,1,0.9692,4BJ8,G,4BJ8.G,4BJ8_1,RCSB30_3667,mapped
4bjaA,3,0.6012,4BJA,A,4BJA.A,4BJA_1,RCSB30_27688,mapped
4bjrB,2,0.8139,4BJR,B,4BJR.B,4BJR_1,RCSB30_2105,mapped
4bl1A,1,0.8533,4BL1,A,4BL1.A,4BL1_1,RCSB30_4582,mapped
4bl8B,1,0.8453,4BL8,B,4BL8.B,4BL8_1,RCSB30_8749,mapped
4bloD,2,0.7768,4BLO,D,4BLO.D,4BLO_1,RCSB30_26746,mapped
4bluA,1,0.6758,4BLU,A,4BLU.A,4BLU_1,RCSB30_12247,mapped
4bm3A,1,0.834,4BM3,A,4BM3.A,4BM3_1,RCSB30_2251,mapped
4bmvH,1,0.9386,4BMV,H,4BMV.H,4BMV_1,RCSB30_31005,mapped
4bn2A,8,0.6876,4BN2,A,4BN2.A,4BN2_1,RCSB30_15902,mapped
4bolA,2,0.4571,4BOL,A,4BOL.A,4BOL_1,RCSB30_13546,mapped
4bosA,1,0.5469,4BOS,A,4BOS.A,4BOS_1,RCSB30_10146,mapped
4boyA,1,0.6107,4BOY,A,4BOY.A,4BOY_1,RCSB30_304,mapped
4bp9F,6,0.6222,4BP9,F,4BP9.F,4BP9_1,RCSB30_4446,mapped
4bpdA,1,0.8682,4BPD,A,4BPD.A,4BPD_1,RCSB30_6676,mapped
4bpsA,11,0.7364,4BPS,A,4BPS.A,4BPS_1,RCSB30_34524,mapped
4bpzB,1,0.8367,4BPZ,B,4BPZ.B,4BPZ_1,RCSB30_8277,mapped
4bq3C,2,0.6317,4BQ3,C,4BQ3.C,4BQ3_1,RCSB30_22370,mapped
4bq6D,1,0.6779,4BQ6,D,4BQ6.D,4BQ6_3,RCSB30_6200,mapped
4bqoB,1,0.6305,4BQO,B,4BQO.B,4BQO_1,RCSB30_87731,mapped
4brnA,1,0.7064,4BRN,A,4BRN.A,4BRN_1,RCSB30_9656,mapped
4bs0B,2,1.0,4BS0,B,4BS0.B,4BS0_1,RCSB30_1812,mapped
4bt3A,2,0.9017,4BT3,A,4BT3.A,4BT3_1,RCSB30_7269,mapped
4bt9A,3,0.4691,4BT9,A,4BT9.A,4BT9_1,RCSB30_2697,mapped
4btjB,1,0.6936,4BTJ,B,4BTJ.B,4BTJ_1,RCSB30_7003,mapped
4btvB,2,0.9087,4BTV,B,4BTV.B,4BTV_1,RCSB30_18848,mapped
4bu0A,3,0.7033,4BU0,A,4BU0.A,4BU0_1,RCSB30_28020,mapped
4bu2A,3,0.867,4BU2,A,4BU2.A,4BU2_1,RCSB30_8721,mapped
4bubB,1,0.4929,4BUB,B,4BUB.B,4BUB_1,RCSB30_2161,mapped
4bupA,1,0.7061,4BUP,A,4BUP.A,4BUP_1,RCSB30_12138,mapped
4bv0B,1,0.7049,4BV0,B,4BV0.B,4BV0_1,RCSB30_6154,mapped
4bv9A,1,0.8028,4BV9,A,4BV9.A,4BV9_1,RCSB30_5848,mapped
4bvsA,1,0.6205,4BVS,A,4BVS.A,4BVS_1,RCSB30_5364,mapped
4bvvA,1,0.7971,4BVV,A,4BVV.A,4BVV_1,RCSB30_158,mapped
4bvwB,1,0.9295,4BVW,B,4BVW.B,4BVW_1,RCSB30_158,mapped
4bvxB,1,0.8352,4BVX,B,4BVX.B,4BVX_2,RCSB30_20044,mapped
4bw5A,2,0.7736,4BW5,A,4BW5.A,4BW5_1,RCSB30_15911,mapped
4bwlB,1,0.9028,4BWL,B,4BWL.B,4BWL_1,RCSB30_1435,mapped
4bwmA,3,0.8086,4BWM,A,4BWM.A,4BWM_1,RCSB30_602,mapped
4bwpA,2,0.879,4BWP,A,4BWP.A,4BWP_1,RCSB30_72559,mapped
4bwxA,1,0.7635,4BWX,A,4BWX.A,4BWX_1,RCSB30_8109,mapped
4bxrA,1,0.8771,4BXR,A,4BXR.A,4BXR_1,RCSB30_10203,mapped
4byfA,2,0.6431,4BYF,A,4BYF.A,4BYF_1,RCSB30_5316,mapped
4bzpB,1,0.4697,4BZP,B,4BZP.B,4BZP_1,RCSB30_1528,mapped
4c03B,1,0.8185,4C03,B,4C03.B,4C03_1,RCSB30_2281,mapped
4c0kA,3,0.8953,4C0K,A,4C0K.A,4C0K_1,RCSB30_4973,mapped
4c0nA,1,0.7957,4C0N,A,4C0N.A,4C0N_1,RCSB30_14493,mapped
4c0pD,2,0.8302,4C0P,D,4C0P.D,4C0P_1,RCSB30_11792,mapped
4c0sB,3,0.5122,4C0S,B,4C0S.B,4C0S_1,RCSB30_2266,mapped
4c1eB,1,0.7483,4C1E,B,4C1E.B,4C1E_1,RCSB30_440,mapped
4c1hA,1,0.7267,4C1H,A,4C1H.A,4C1H_1,RCSB30_440,mapped
4c1wA,1,0.4845,4C1W,A,4C1W.A,4C1W_1,RCSB30_16322,mapped
4c2gA,1,0.648,4C2G,A,4C2G.A,4C2G_1,RCSB30_10606,mapped
4c2jB,2,0.7084,4C2J,B,4C2J.B,4C2J_1,RCSB30_733,mapped
4c2uB,1,0.5488,4C2U,B,4C2U.B,4C2U_1,RCSB30_4004,mapped
4c5cA,1,0.7156,4C5C,A,4C5C.A,4C5C_1,RCSB30_573,mapped
4c5mA,2,0.9752,4C5M,A,4C5M.A,4C5M_1,RCSB30_3520,mapped
4c5oC,1,0.8583,4C5O,C,4C5O.C,4C5O_1,RCSB30_41700,mapped
4c5rA,1,0.7685,4C5R,A,4C5R.A,4C5R_1,RCSB30_1669,mapped
4c6lA,1,0.7034,4C6L,A,4C6L.A,4C6L_1,RCSB30_220,mapped
4c8bB,1,0.8444,4C8B,B,4C8B.B,4C8B_1,RCSB30_5822,mapped
4c94D,1,0.6968,4C94,D,4C94.D,4C94_1,RCSB30_1139,mapped
4c9mA,1,0.8334,4C9M,A,4C9M.A,4C9M_1,RCSB30_1389,mapped
4c9xA,1,0.8646,4C9X,A,4C9X.A,4C9X_1,RCSB30_1497,mapped
4cabC,1,0.9169,4CAB,C,4CAB.C,4CAB_1,RCSB30_842,mapped
4cb6B,1,0.8776,4CB6,B,4CB6.B,4CB6_1,RCSB30_1053,mapped
4cbsA,1,0.933,4CBS,A,4CBS.A,4CBS_1,RCSB30_3972,mapped
4cbxA,1,0.6058,4CBX,A,4CBX.A,4CBX_1,RCSB30_1466,mapped
4cc3E,1,0.6397,4CC3,E,4CC3.E,4CC3_1,RCSB30_12316,mapped
4ccrB,1,0.9318,4CCR,B,4CCR.B,4CCR_1,RCSB30_2984,mapped
4ccrD,1,0.8189,4CCR,D,4CCR.D,4CCR_1,RCSB30_2984,mapped
4cd2A,1,0.5523,4CD2,A,4CD2.A,4CD2_1,RCSB30_1132,mapped
4cdcH,2,0.4543,4CDC,H,4CDC.H,4CDC_2,RCSB30_3272,mapped
4cdcI,1,0.4881,4CDC,I,4CDC.I,4CDC_3,RCSB30_3272,mapped
4cdgA,1,0.5766,4CDG,A,4CDG.A,4CDG_1,RCSB30_7663,mapped
4cdpA,3,0.634,4CDP,A,4CDP.A,4CDP_1,RCSB30_16247,mapped
4ce0A,1,0.9366,4CE0,A,4CE0.A,4CE0_1,RCSB30_12830,mapped
4ce5A,1,0.7892,4CE5,A,4CE5.A,4CE5_1,RCSB30_6003,mapped
4cevA,1,0.9702,4CEV,A,4CEV.A,4CEV_1,RCSB30_1023,mapped
4cfoA,2,0.5797,4CFO,A,4CFO.A,4CFO_1,RCSB30_3071,mapped
4cfsB,1,0.663,4CFS,B,4CFS.B,4CFS_1,RCSB30_11052,mapped
4cgvB,1,0.8065,4CGV,B,4CGV.B,4CGV_1,RCSB30_12689,mapped
4cgwB,1,0.6852,4CGW,B,4CGW.B,4CGW_1,RCSB30_12689,mapped
4chiA,1,0.8023,4CHI,A,4CHI.A,4CHI_1,RCSB30_6003,mapped
4chsA,1,0.5194,4CHS,A,4CHS.A,4CHS_1,RCSB30_7490,mapped
4ci2B,1,1.0,4CI2,B,4CI2.B,4CI2_2,RCSB30_1796,mapped
4cidA,3,0.9352,4CID,A,4CID.A,4CID_1,RCSB30_4509,mapped
4cj6A,1,0.9349,4CJ6,A,4CJ6.A,4CJ6_1,RCSB30_12108,mapped
4cj7B,2,0.7986,4CJ7,B,4CJ7.B,4CJ7_1,RCSB30_40986,mapped
4cj8O,1,0.8451,4CJ8,O,4CJ8.O,4CJ8_1,RCSB30_33552,mapped
4ckiA,3,0.9396,4CKI,A,4CKI.A,4CKI_1,RCSB30_5283,mapped
4ckyA,1,1.0,4CKY,A,4CKY.A,4CKY_1,RCSB30_1469,mapped
4clkA,1,0.7642,4CLK,A,4CLK.A,4CLK_1,RCSB30_5369,mapped
4cmlA,1,0.6328,4CML,A,4CML.A,4CML_1,RCSB30_18725,mapped
4cngB,1,0.8553,4CNG,B,4CNG.B,4CNG_1,RCSB30_57048,mapped
4co1B,1,0.9272,4CO1,B,4CO1.B,4CO1_1,RCSB30_1670,mapped
4conB,2,0.7149,4CON,B,4CON.B,4CON_1,RCSB30_33147,mapped
4cp0A,3,0.7905,4CP0,A,4CP0.A,4CP0_1,RCSB30_12992,mapped
4cp8A,1,0.6031,4CP8,A,4CP8.A,4CP8_1,RCSB30_11222,mapped
4cpdC,1,0.8777,4CPD,C,4CPD.C,4CPD_1,RCSB30_8191,mapped
4cpkB,2,0.8465,4CPK,B,4CPK.B,4CPK_1,RCSB30_3808,mapped
4cq6B,1,0.9719,4CQ6,B,4CQ6.B,4CQ6_1,RCSB30_18212,mapped
4cqbB,2,0.9562,4CQB,B,4CQB.B,4CQB_1,RCSB30_27735,mapped
4cqmJ,1,0.8922,4CQM,J,4CQM.J,4CQM_2,RCSB30_1001,mapped
4cr8G,2,0.9025,4CR8,G,4CR8.G,4CR8_1,RCSB30_2086,mapped
4crsA,1,0.8177,4CRS,A,4CRS.A,4CRS_1,RCSB30_5995,mapped
4crvB,1,0.7235,4CRV,B,4CRV.B,4CRV_2,RCSB30_6379,mapped
4crzB,1,0.9112,4CRZ,B,4CRZ.B,4CRZ_2,RCSB30_23951,mapped
4cs9B,1,0.8765,4CS9,B,4CS9.B,4CS9_1,RCSB30_14240,mapped
4cseA,3,0.8747,4CSE,A,4CSE.A,4CSE_1,RCSB30_11115,mapped
4ctsA,1,0.5138,4CTS,A,4CTS.A,4CTS_1,RCSB30_1423,mapped
4cubB,2,0.9508,4CUB,B,4CUB.B,4CUB_1,RCSB30_7239,mapped
4cukD,1,0.5524,4CUK,D,4CUK.D,4CUK_1,RCSB30_3379,mapped
4cutA,1,0.719,4CUT,A,4CUT.A,4CUT_1,RCSB30_428,mapped
4cuzH,1,0.7283,4CUZ,H,4CUZ.H,4CUZ_1,RCSB30_1340,mapped
4cvnB,2,0.9256,4CVN,B,4CVN.B,4CVN_1,RCSB30_7761,mapped
4cvqB,1,0.7348,4CVQ,B,4CVQ.B,4CVQ_1,RCSB30_11384,mapped
4cw5A,1,0.6021,4CW5,A,4CW5.A,4CW5_1,RCSB30_9330,mapped
4cxtA,1,0.7965,4CXT,A,4CXT.A,4CXT_1,RCSB30_1220,mapped
4cy8D,1,0.5277,4CY8,D,4CY8.D,4CY8_1,RCSB30_3704,mapped
4cyiE,1,0.8993,4CYI,E,4CYI.E,4CYI_1,RCSB30_8109,mapped
4cymB,1,0.9785,4CYM,B,4CYM.B,4CYM_1,RCSB30_3577,mapped
4cyuC,2,0.8272,4CYU,C,4CYU.C,4CYU_2,RCSB30_2503,mapped
4czjA,1,0.8136,4CZJ,A,4CZJ.A,4CZJ_1,RCSB30_5343,mapped
4czpA,1,0.8946,4CZP,A,4CZP.A,4CZP_1,RCSB30_2251,mapped
4czzA,1,0.9167,4CZZ,A,4CZZ.A,4CZZ_1,RCSB30_1480,mapped
4d05A,1,0.7865,4D05,A,4D05.A,4D05_1,RCSB30_34924,mapped
4d06A,1,0.9558,4D06,A,4D06.A,4D06_1,RCSB30_25926,mapped
4d06B,1,0.4795,4D06,B,4D06.B,4D06_1,RCSB30_25926,mapped
4d0dJ,1,0.7668,4D0D,J,4D0D.J,4D0D_1,RCSB30_3462,mapped
4d0gA,1,0.9769,4D0G,A,4D0G.A,4D0G_1,RCSB30_3577,mapped
4d1aA,1,0.7347,4D1A,A,4D1A.A,4D1A_1,RCSB30_26108,mapped
4d1jD,1,0.8226,4D1J,D,4D1J.D,4D1J_1,RCSB30_11758,mapped
4d25A,1,0.6615,4D25,A,4D25.A,4D25_1,RCSB30_33889,mapped
4d2iA,1,0.722,4D2I,A,4D2I.A,4D2I_1,RCSB30_41752,mapped
4d2mC,2,0.4838,4D2M,C,4D2M.C,4D2M_1,RCSB30_39295,mapped
4d3fB,1,0.7452,4D3F,B,4D3F.B,4D3F_1,RCSB30_2438,mapped
4d3sH,2,0.8528,4D3S,H,4D3S.H,4D3S_1,RCSB30_2438,mapped
4d4gA,1,0.5531,4D4G,A,4D4G.A,4D4G_1,RCSB30_4847,mapped
4d6eA,1,0.7138,4D6E,A,4D6E.A,4D6E_1,RCSB30_12073,mapped
4d76A,1,0.7525,4D76,A,4D76.A,4D76_1,RCSB30_1202,mapped
4d7tA,3,1.0,4D7T,A,4D7T.A,4D7T_1,RCSB30_9333,mapped
4d81A,1,0.9095,4D81,A,4D81.A,4D81_1,RCSB30_643,mapped
4d9bC,1,0.6873,4D9B,C,4D9B.C,4D9B_1,RCSB30_1625,mapped
4d9hA,2,0.9069,4D9H,A,4D9H.A,4D9H_1,RCSB30_372,mapped
4d9nB,1,0.5802,4D9N,B,4D9N.B,4D9N_1,RCSB30_12542,mapped
4daaB,1,0.8945,4DAA,B,4DAA.B,4DAA_1,RCSB30_7304,mapped
4dajB,1,1.0,4DAJ,B,4DAJ.B,4DAJ_1,RCSB30_240,mapped
4dayA,3,0.6059,4DAY,A,4DAY.A,4DAY_1,RCSB30_11131,mapped
4dcaA,1,0.6923,4DCA,A,4DCA.A,4DCA_1,RCSB30_2526,mapped
4dccA,1,0.6426,4DCC,A,4DCC.A,4DCC_1,RCSB30_30722,mapped
4dcdA,4,0.6548,4DCD,A,4DCD.A,4DCD_1,RCSB30_388,mapped
4dd8C,1,0.7565,4DD8,C,4DD8.C,4DD8_1,RCSB30_1252,mapped
4ddqF,1,0.6396,4DDQ,F,4DDQ.F,4DDQ_1,RCSB30_377,mapped
4df3A,2,0.7357,4DF3,A,4DF3.A,4DF3_1,RCSB30_1090,mapped
4dg8A,1,0.5284,4DG8,A,4DG8.A,4DG8_1,RCSB30_61609,mapped
4di9A,3,0.9666,4DI9,A,4DI9.A,4DI9_1,RCSB30_20659,mapped
4dieB,1,0.7277,4DIE,B,4DIE.B,4DIE_1,RCSB30_179,mapped
4djjA,3,0.7455,4DJJ,A,4DJJ.A,4DJJ_1,RCSB30_350,mapped
4djtB,1,0.9161,4DJT,B,4DJT.B,4DJT_1,RCSB30_5125,mapped
4dkfA,3,0.768,4DKF,A,4DKF.A,4DKF_1,RCSB30_20183,mapped
4dkjA,1,0.7352,4DKJ,A,4DKJ.A,4DKJ_1,RCSB30_36944,mapped
4dlbA,1,0.7933,4DLB,A,4DLB.A,4DLB_1,RCSB30_434,mapped
4dlcA,2,0.8162,4DLC,A,4DLC.A,4DLC_1,RCSB30_14695,mapped
4dlpB,1,0.7242,4DLP,B,4DLP.B,4DLP_1,RCSB30_2512,mapped
4dmgB,1,0.7801,4DMG,B,4DMG.B,4DMG_1,RCSB30_2264,mapped
4dmmD,1,0.9296,4DMM,D,4DMM.D,4DMM_1,RCSB30_708,mapped
4dn5A,1,0.6851,4DN5,A,4DN5.A,4DN5_1,RCSB30_9929,mapped
4dnzD,1,0.9047,4DNZ,D,4DNZ.D,4DNZ_1,RCSB30_1977,mapped
4dolA,1,1.0,4DOL,A,4DOL.A,4DOL_1,RCSB30_91472,mapped
4dpdB,2,0.6114,4DPD,B,4DPD.B,4DPD_1,RCSB30_121,mapped
4dpmB,1,0.7467,4DPM,B,4DPM.B,4DPM_1,RCSB30_6924,mapped
4dq1B,5,0.4286,4DQ1,B,4DQ1.B,4DQ1_1,RCSB30_121,mapped
4dq6A,3,0.7602,4DQ6,A,4DQ6.A,4DQ6_1,RCSB30_6233,mapped
4dqjB,3,0.8537,4DQJ,B,4DQJ.B,4DQJ_1,RCSB30_55993,mapped
4driA,2,0.8233,4DRI,A,4DRI.A,4DRI_1,RCSB30_1250,mapped
4drjA,1,0.79,4DRJ,A,4DRJ.A,4DRJ_1,RCSB30_3378,mapped
4drjB,1,0.9035,4DRJ,B,4DRJ.B,4DRJ_2,RCSB30_1822,mapped
4drxD,1,0.8773,4DRX,D,4DRX.D,4DRX_2,RCSB30_49,mapped
4ds1A,1,0.6259,4DS1,A,4DS1.A,4DS1_1,RCSB30_1040,mapped
4dt8B,2,0.7582,4DT8,B,4DT8.B,4DT8_1,RCSB30_2526,mapped
4ducB,1,0.8542,4DUC,B,4DUC.B,4DUC_1,RCSB30_783,mapped
4dunA,1,0.576,4DUN,A,4DUN.A,4DUN_1,RCSB30_10103,mapped
4dvgA,1,0.8401,4DVG,A,4DVG.A,4DVG_1,RCSB30_344,mapped
4dvoA,3,0.9419,4DVO,A,4DVO.A,4DVO_1,RCSB30_931,mapped
4dwjA,1,0.9307,4DWJ,A,4DWJ.A,4DWJ_1,RCSB30_56,mapped
4dx2A,2,0.6301,4DX2,A,4DX2.A,4DX2_1,RCSB30_1138,mapped
4dx9K,2,0.5377,4DX9,K,4DX9.K,4DX9_1,RCSB30_22790,mapped
4dxeB,2,0.8863,4DXE,B,4DXE.B,4DXE_1,RCSB30_2500,mapped
4dydA,1,0.8267,4DYD,A,4DYD.A,4DYD_1,RCSB30_40667,mapped
4dz6A,3,0.8086,4DZ6,A,4DZ6.A,4DZ6_1,RCSB30_1276,mapped
4e03B,1,0.7732,4E03,B,4E03.B,4E03_1,RCSB30_29895,mapped
4e0fA,3,0.7372,4E0F,A,4E0F.A,4E0F_1,RCSB30_5810,mapped
4e0vB,1,0.5883,4E0V,B,4E0V.B,4E0V_1,RCSB30_3285,mapped
4e1dA,1,0.865,4E1D,A,4E1D.A,4E1D_1,RCSB30_12125,mapped
4e2dA,1,0.8816,4E2D,A,4E2D.A,4E2D_1,RCSB30_2138,mapped
4e2pA,1,0.8726,4E2P,A,4E2P.A,4E2P_1,RCSB30_305,mapped
4e2sO,2,0.8961,4E2S,O,4E2S.O,4E2S_1,RCSB30_13958,mapped
4e4vB,1,0.9597,4E4V,B,4E4V.B,4E4V_1,RCSB30_515,mapped
4e51B,1,0.6106,4E51,B,4E51.B,4E51_1,RCSB30_249,mapped
4e5dA,1,0.7636,4E5D,A,4E5D.A,4E5D_1,RCSB30_323,mapped
4e5yB,1,0.7971,4E5Y,B,4E5Y.B,4E5Y_1,RCSB30_6343,mapped
4e6nA,1,0.495,4E6N,A,4E6N.A,4E6N_1,RCSB30_5344,mapped
4e6tB,1,0.8814,4E6T,B,4E6T.B,4E6T_1,RCSB30_699,mapped
4e70B,2,0.9328,4E70,B,4E70.B,4E70_1,RCSB30_1291,mapped
4e7zB,2,0.8902,4E7Z,B,4E7Z.B,4E7Z_1,RCSB30_1732,mapped
4e8cA,2,0.7917,4E8C,A,4E8C.A,4E8C_1,RCSB30_5350,mapped
4e8hB,1,0.6443,4E8H,B,4E8H.B,4E8H_1,RCSB30_2104,mapped
4e9mC,2,0.4301,4E9M,C,4E9M.C,4E9M_1,RCSB30_10405,mapped
4e9zA,1,0.6632,4E9Z,A,4E9Z.A,4E9Z_1,RCSB30_6048,mapped
4eb7B,1,0.5234,4EB7,B,4EB7.B,4EB7_1,RCSB30_814,mapped
4ecjA,4,0.6936,4ECJ,A,4ECJ.A,4ECJ_1,RCSB30_16076,mapped
4ed4A,1,0.7026,4ED4,A,4ED4.A,4ED4_1,RCSB30_4584,mapped
4edfA,1,0.7426,4EDF,A,4EDF.A,4EDF_1,RCSB30_3001,mapped
4ednA,1,0.711,4EDN,A,4EDN.A,4EDN_1,RCSB30_4673,mapped
4eeiA,3,0.4525,4EEI,A,4EEI.A,4EEI_1,RCSB30_5406,mapped
4eelA,1,0.6441,4EEL,A,4EEL.A,4EEL_1,RCSB30_13098,mapped
4eeuA,1,0.8313,4EEU,A,4EEU.A,4EEU_1,RCSB30_4175,mapped
4ef1A,2,0.9072,4EF1,A,4EF1.A,4EF1_1,RCSB30_2785,mapped
4eg5A,2,0.8013,4EG5,A,4EG5.A,4EG5_1,RCSB30_3845,mapped
4egcA,2,0.7529,4EGC,A,4EGC.A,4EGC_1,RCSB30_8328,mapped
4eguB,1,0.8773,4EGU,B,4EGU.B,4EGU_1,RCSB30_8614,mapped
4eh1A,1,0.8805,4EH1,A,4EH1.A,4EH1_1,RCSB30_2673,mapped
4ehiA,2,0.7194,4EHI,A,4EHI.A,4EHI_1,RCSB30_300,mapped
4ehtB,1,0.8181,4EHT,B,4EHT.B,4EHT_1,RCSB30_9783,mapped
4ei5G,2,0.5491,4EI5,G,4EI5.G,4EI5_3,RCSB30_260,mapped
4ei7A,9,0.7256,4EI7,A,4EI7.A,4EI7_1,RCSB30_36166,mapped
4eieA,1,0.9542,4EIE,A,4EIE.A,4EIE_1,RCSB30_27167,mapped
4eikA,2,0.6629,4EIK,A,4EIK.A,4EIK_1,RCSB30_5102,mapped
4eiqB,1,0.5852,4EIQ,B,4EIQ.B,4EIQ_1,RCSB30_13649,mapped
4ej0A,1,0.8594,4EJ0,A,4EJ0.A,4EJ0_1,RCSB30_1264,mapped
4ej4A,2,0.7701,4EJ4,A,4EJ4.A,4EJ4_1,RCSB30_3481,mapped
4ej7C,1,0.7663,4EJ7,C,4EJ7.C,4EJ7_1,RCSB30_12729,mapped
4ejmA,1,0.614,4EJM,A,4EJM.A,4EJM_1,RCSB30_20802,mapped
4ek7A,1,0.7217,4EK7,A,4EK7.A,4EK7_1,RCSB30_789,mapped
4ekwC,3,0.4149,4EKW,C,4EKW.C,4EKW_1,RCSB30_1650,mapped
4em7A,1,0.8944,4EM7,A,4EM7.A,4EM7_1,RCSB30_377,mapped
4emjA,1,0.9617,4EMJ,A,4EMJ.A,4EMJ_1,RCSB30_2999,mapped
4emyA,1,0.8462,4EMY,A,4EMY.A,4EMY_1,RCSB30_90188,mapped
4eomA,1,0.8657,4EOM,A,4EOM.A,4EOM_1,RCSB30_208,mapped
4eoyA,3,0.6621,4EOY,A,4EOY.A,4EOY_1,RCSB30_2331,mapped
4ep7A,1,0.8013,4EP7,A,4EP7.A,4EP7_1,RCSB30_12556,mapped
4eplA,1,0.552,4EPL,A,4EPL.A,4EPL_1,RCSB30_2090,mapped
4epmA,1,0.4441,4EPM,A,4EPM.A,4EPM_1,RCSB30_2090,mapped
4eppB,1,0.8228,4EPP,B,4EPP.B,4EPP_1,RCSB30_60257,mapped
4eq5A,2,0.9062,4EQ5,A,4EQ5.A,4EQ5_1,RCSB30_2988,mapped
4eqfA,1,0.6619,4EQF,A,4EQF.A,4EQF_1,RCSB30_32824,mapped
4eqmF,1,0.5976,4EQM,F,4EQM.F,4EQM_1,RCSB30_4511,mapped
4eqxA,1,0.5904,4EQX,A,4EQX.A,4EQX_1,RCSB30_4670,mapped
4esoB,2,0.8515,4ESO,B,4ESO.B,4ESO_1,RCSB30_3252,mapped
4eswB,1,0.6127,4ESW,B,4ESW.B,4ESW_1,RCSB30_12198,mapped
4etzA,3,0.8525,4ETZ,A,4ETZ.A,4ETZ_1,RCSB30_29096,mapped
4eu2N,1,0.4436,4EU2,N,4EU2.N,4EU2_14,RCSB30_212,mapped
4eufA,1,0.6115,4EUF,A,4EUF.A,4EUF_1,RCSB30_1588,mapped
4eumB,1,0.9524,4EUM,B,4EUM.B,4EUM_1,RCSB30_16141,mapped
4euoA,1,0.9472,4EUO,A,4EUO.A,4EUO_1,RCSB30_8174,mapped
4ev0A,1,0.8485,4EV0,A,4EV0.A,4EV0_1,RCSB30_10614,mapped
4ev4A,3,0.6991,4EV4,A,4EV4.A,4EV4_1,RCSB30_199,mapped
4ev5F,2,0.7698,4EV5,F,4EV5.F,4EV5_1,RCSB30_1213,mapped
4ev6E,2,0.8193,4EV6,E,4EV6.E,4EV6_1,RCSB30_52917,mapped
4evrA,2,0.7518,4EVR,A,4EVR.A,4EVR_1,RCSB30_74875,mapped
4evsA,1,0.5998,4EVS,A,4EVS.A,4EVS_1,RCSB30_21509,mapped
4ex5B,1,0.5662,4EX5,B,4EX5.B,4EX5_1,RCSB30_808,mapped
4exaA,1,0.6983,4EXA,A,4EXA.A,4EXA_1,RCSB30_57238,mapped
4ey3A,1,0.5426,4EY3,A,4EY3.A,4EY3_1,RCSB30_21509,mapped
4eyeB,1,0.5922,4EYE,B,4EYE.B,4EYE_1,RCSB30_2984,mapped
4eyfB,3,0.8909,4EYF,B,4EYF.B,4EYF_1,RCSB30_1275,mapped
4eymA,1,0.6824,4EYM,A,4EYM.A,4EYM_1,RCSB30_7013,mapped
4eysA,1,0.7389,4EYS,A,4EYS.A,4EYS_1,RCSB30_30202,mapped
4ezqA,2,0.7838,4EZQ,A,4EZQ.A,4EZQ_1,RCSB30_258,mapped
4f07G,1,0.6202,4F07,G,4F07.G,4F07_1,RCSB30_5927,mapped
4f0rA,1,0.5634,4F0R,A,4F0R.A,4F0R_1,RCSB30_2333,mapped
4f0tA,1,0.717,4F0T,A,4F0T.A,4F0T_1,RCSB30_1219,mapped
4f0wA,1,0.7539,4F0W,A,4F0W.A,4F0W_1,RCSB30_14586,mapped
4f13B,1,0.7323,4F13,B,4F13.B,4F13_1,RCSB30_41651,mapped
4f1oA,1,0.8199,4F1O,A,4F1O.A,4F1O_1,RCSB30_21178,mapped
4f32B,1,0.6165,4F32,B,4F32.B,4F32_1,RCSB30_2414,mapped
4f35C,3,0.7213,4F35,C,4F35.C,4F35_1,RCSB30_13594,mapped
4f3xD,2,0.8145,4F3X,D,4F3X.D,4F3X_1,RCSB30_6897,mapped
4f3zC,3,0.7924,4F3Z,C,4F3Z.C,4F3Z_1,RCSB30_290,mapped
4f48A,1,0.7698,4F48,A,4F48.A,4F48_1,RCSB30_16420,mapped
4f4fB,2,0.8253,4F4F,B,4F4F.B,4F4F_1,RCSB30_8509,mapped
4f4yA,2,0.8451,4F4Y,A,4F4Y.A,4F4Y_1,RCSB30_1335,mapped
4f5zA,1,0.851,4F5Z,A,4F5Z.A,4F5Z_1,RCSB30_4174,mapped
4f66B,1,0.6874,4F66,B,4F66.B,4F66_1,RCSB30_3827,mapped
4f6dA,1,0.9276,4F6D,A,4F6D.A,4F6D_1,RCSB30_11664,mapped
4f8pB,1,0.9453,4F8P,B,4F8P.B,4F8P_1,RCSB30_38182,mapped
4f96B,3,0.7904,4F96,B,4F96.B,4F96_1,RCSB30_19277,mapped
4f99A,1,0.757,4F99,A,4F99.A,4F99_1,RCSB30_16908,mapped
4fb2B,1,0.82,4FB2,B,4FB2.B,4FB2_1,RCSB30_11734,mapped
4fbaB,1,0.8598,4FBA,B,4FBA.B,4FBA_1,RCSB30_22344,mapped
4fbgP,1,0.6904,4FBG,P,4FBG.P,4FBG_1,RCSB30_1588,mapped
4fblC,1,0.8701,4FBL,C,4FBL.C,4FBL_1,RCSB30_15568,mapped
4fchA,1,0.9465,4FCH,A,4FCH.A,4FCH_1,RCSB30_56729,mapped
4fcmB,1,0.9029,4FCM,B,4FCM.B,4FCM_1,RCSB30_6751,mapped
4fcvC,2,0.9222,4FCV,C,4FCV.C,4FCV_1,RCSB30_385,mapped
4fe3A,1,0.6191,4FE3,A,4FE3.A,4FE3_1,RCSB30_9086,mapped
4fe7A,1,0.5653,4FE7,A,4FE7.A,4FE7_1,RCSB30_24169,mapped
4feyA,1,0.6452,4FEY,A,4FEY.A,4FEY_1,RCSB30_520,mapped
4ffbA,1,0.965,4FFB,A,4FFB.A,4FFB_1,RCSB30_58,mapped
4ffbB,1,0.8598,4FFB,B,4FFB.B,4FFB_2,RCSB30_49,mapped
4fg8A,1,0.9779,4FG8,A,4FG8.A,4FG8_1,RCSB30_3984,mapped
4fgaA,1,0.8514,4FGA,A,4FGA.A,4FGA_1,RCSB30_263,mapped
4fh1A,1,0.6959,4FH1,A,4FH1.A,4FH1_1,RCSB30_2898,mapped
4fhcA,3,0.9484,4FHC,A,4FHC.A,4FHC_1,RCSB30_20048,mapped
4fidB,1,0.8444,4FID,B,4FID.B,4FID_1,RCSB30_204,mapped
4fieA,1,0.8612,4FIE,A,4FIE.A,4FIE_1,RCSB30_2722,mapped
4firD,2,0.926,4FIR,D,4FIR.D,4FIR_1,RCSB30_601,mapped
4fivA,1,0.7321,4FIV,A,4FIV.A,4FIV_1,RCSB30_20614,mapped
4fiyA,1,0.6786,4FIY,A,4FIY.A,4FIY_1,RCSB30_19275,mapped
4fj1A,1,0.9388,4FJ1,A,4FJ1.A,4FJ1_1,RCSB30_10161,mapped
4fjuB,1,0.6019,4FJU,B,4FJU.B,4FJU_1,RCSB30_17429,mapped
4fk1B,1,0.8424,4FK1,B,4FK1.B,4FK1_1,RCSB30_75393,mapped
4fk7A,1,0.6202,4FK7,A,4FK7.A,4FK7_1,RCSB30_48098,mapped
4fl0A,2,0.7212,4FL0,A,4FL0.A,4FL0_1,RCSB30_2047,mapped
4fl9A,1,0.5794,4FL9,A,4FL9.A,4FL9_1,RCSB30_140,mapped
4flnC,2,0.7084,4FLN,C,4FLN.C,4FLN_1,RCSB30_36217,mapped
4flpB,1,0.6652,4FLP,B,4FLP.B,4FLP_1,RCSB30_150,mapped
4fmcF,2,0.652,4FMC,F,4FMC.F,4FMC_3,RCSB30_1516,mapped
4fmdD,1,0.9769,4FMD,D,4FMD.D,4FMD_2,RCSB30_1516,mapped
4fmwB,1,0.8993,4FMW,B,4FMW.B,4FMW_1,RCSB30_31547,mapped
4fn4B,1,0.9282,4FN4,B,4FN4.B,4FN4_1,RCSB30_3252,mapped
4fnbA,2,0.7849,4FNB,A,4FNB.A,4FNB_1,RCSB30_20447,mapped
4fnsA,2,0.7927,4FNS,A,4FNS.A,4FNS_1,RCSB30_5793,mapped
4fo0A,1,0.6741,4FO0,A,4FO0.A,4FO0_1,RCSB30_14950,mapped
4fo8A,1,0.9357,4FO8,A,4FO8.A,4FO8_1,RCSB30_1898,mapped
4foaA,1,0.6174,4FOA,A,4FOA.A,4FOA_1,RCSB30_121,mapped
4fosA,1,0.6621,4FOS,A,4FOS.A,4FOS_1,RCSB30_253,mapped
4fp8A,2,0.4775,4FP8,A,4FP8.A,4FP8_1,RCSB30_22549,mapped
4fp9A,1,0.7077,4FP9,A,4FP9.A,4FP9_1,RCSB30_4652,mapped
4fq5A,1,0.9588,4FQ5,A,4FQ5.A,4FQ5_1,RCSB30_26154,mapped
4fr0A,1,0.9177,4FR0,A,4FR0.A,4FR0_1,RCSB30_11288,mapped
4fr8F,2,0.9008,4FR8,F,4FR8.F,4FR8_1,RCSB30_68,mapped
4frzB,2,0.6513,4FRZ,B,4FRZ.B,4FRZ_1,RCSB30_13214,mapped
4fsxB,1,0.8031,4FSX,B,4FSX.B,4FSX_1,RCSB30_19188,mapped
4fsyA,2,0.847,4FSY,A,4FSY.A,4FSY_1,RCSB30_1117,mapped
4ft2A,1,0.8641,4FT2,A,4FT2.A,4FT2_1,RCSB30_19188,mapped
4fu0B,1,0.6773,4FU0,B,4FU0.B,4FU0_1,RCSB30_645,mapped
4futA,1,0.8193,4FUT,A,4FUT.A,4FUT_1,RCSB30_10937,mapped
4fvaD,2,0.7002,4FVA,D,4FVA.D,4FVA_1,RCSB30_5006,mapped
4fvcC,1,0.9233,4FVC,C,4FVC.C,4FVC_1,RCSB30_24179,mapped
4fvqA,1,0.8432,4FVQ,A,4FVQ.A,4FVQ_1,RCSB30_495,mapped
4fw7C,2,0.8397,4FW7,C,4FW7.C,4FW7_1,RCSB30_369,mapped
4fw8C,2,0.8857,4FW8,C,4FW8.C,4FW8_1,RCSB30_15212,mapped
4fwgA,3,0.8324,4FWG,A,4FWG.A,4FWG_1,RCSB30_9939,mapped
4fwjB,1,0.7372,4FWJ,B,4FWJ.B,4FWJ_1,RCSB30_2565,mapped
4fwmA,3,0.8003,4FWM,A,4FWM.A,4FWM_1,RCSB30_378,mapped
4fxpC,2,0.7247,4FXP,C,4FXP.C,4FXP_1,RCSB30_16575,mapped
4fxxA,1,0.8032,4FXX,A,4FXX.A,4FXX_1,RCSB30_21220,mapped
4fydA,3,0.6214,4FYD,A,4FYD.A,4FYD_1,RCSB30_2631,mapped
4fziB,1,0.8074,4FZI,B,4FZI.B,4FZI_1,RCSB30_366,mapped
4g0aD,1,0.6817,4G0A,D,4G0A.D,4G0A_1,RCSB30_14744,mapped
4g19D,1,0.7714,4G19,D,4G19.D,4G19_1,RCSB30_18060,mapped
4g2cA,1,0.7054,4G2C,A,4G2C.A,4G2C_1,RCSB30_70203,mapped
4g2tA,1,0.7088,4G2T,A,4G2T.A,4G2T_1,RCSB30_14288,mapped
4g32A,1,0.8481,4G32,A,4G32.A,4G32_1,RCSB30_17827,mapped
4g41B,1,0.9234,4G41,B,4G41.B,4G41_1,RCSB30_703,mapped
4g4jA,3,0.8517,4G4J,A,4G4J.A,4G4J_1,RCSB30_7112,mapped
4g4vA,1,0.9531,4G4V,A,4G4V.A,4G4V_1,RCSB30_21798,mapped
4g56C,1,0.6312,4G56,C,4G56.C,4G56_1,RCSB30_1744,mapped
4g5dA,1,0.9308,4G5D,A,4G5D.A,4G5D_1,RCSB30_366,mapped
4g67A,1,0.6403,4G67,A,4G67.A,4G67_1,RCSB30_69255,mapped
4g68A,1,0.6857,4G68,A,4G68.A,4G68_1,RCSB30_66596,mapped
4g7aB,1,0.6454,4G7A,B,4G7A.B,4G7A_1,RCSB30_3927,mapped
4g7yC,3,0.9538,4G7Y,C,4G7Y.C,4G7Y_3,RCSB30_10489,mapped
4g8cA,1,0.918,4G8C,A,4G8C.A,4G8C_1,RCSB30_36956,mapped
4g8jF,1,0.7467,4G8J,F,4G8J.F,4G8J_1,RCSB30_372,mapped
4g8lB,3,0.4862,4G8L,B,4G8L.B,4G8L_1,RCSB30_12808,mapped
4ga6A,1,0.854,4GA6,A,4GA6.A,4GA6_1,RCSB30_3385,mapped
4gaaB,1,0.4847,4GAA,B,4GAA.B,4GAA_1,RCSB30_1384,mapped
4gaoA,1,0.9228,4GAO,A,4GAO.A,4GAO_1,RCSB30_5828,mapped
4gbaB,1,0.7555,4GBA,B,4GBA.B,4GBA_1,RCSB30_22346,mapped
4gc9A,1,0.9024,4GC9,A,4GC9.A,4GC9_1,RCSB30_6449,mapped
4gcmA,1,0.6995,4GCM,A,4GCM.A,4GCM_1,RCSB30_2318,mapped
4gdaA,1,0.9663,4GDA,A,4GDA.A,4GDA_1,RCSB30_632,mapped
4gekA,1,0.7776,4GEK,A,4GEK.A,4GEK_1,RCSB30_1081,mapped
4getA,1,0.7221,4GET,A,4GET.A,4GET_1,RCSB30_66087,mapped
4gf5D,1,0.8837,4GF5,D,4GF5.D,4GF5_1,RCSB30_64733,mapped
4gfiA,1,0.7566,4GFI,A,4GFI.A,4GFI_1,RCSB30_29381,mapped
4ggmA,2,0.8327,4GGM,A,4GGM.A,4GGM_1,RCSB30_59438,mapped
4ggvA,1,0.5805,4GGV,A,4GGV.A,4GGV_1,RCSB30_305,mapped
4ggzC,1,0.9317,4GGZ,C,4GGZ.C,4GGZ_1,RCSB30_6634,mapped
4gh5C,1,0.8926,4GH5,C,4GH5.C,4GH5_1,RCSB30_4106,mapped
4gi2B,1,0.8599,4GI2,B,4GI2.B,4GI2_1,RCSB30_13399,mapped
4gi7H,1,0.7204,4GI7,H,4GI7.H,4GI7_1,RCSB30_670,mapped
4gikB,1,0.7493,4GIK,B,4GIK.B,4GIK_1,RCSB30_3883,mapped
4gjzA,1,0.9242,4GJZ,A,4GJZ.A,4GJZ_1,RCSB30_5001,mapped
4gkrB,1,0.6803,4GKR,B,4GKR.B,4GKR_1,RCSB30_26991,mapped
4gkvD,1,0.8423,4GKV,D,4GKV.D,4GKV_1,RCSB30_711,mapped
4gkxB,1,0.4019,4GKX,B,4GKX.B,4GKX_1,RCSB30_7954,mapped
4gl2B,3,0.7372,4GL2,B,4GL2.B,4GL2_1,RCSB30_4610,mapped
4gl8A,1,0.5488,4GL8,A,4GL8.A,4GL8_1,RCSB30_1164,mapped
4gl9L,1,0.8011,4GL9,L,4GL9.L,4GL9_3,RCSB30_5661,mapped
4gllB,1,0.926,4GLL,B,4GLL.B,4GLL_1,RCSB30_12240,mapped
4gloD,1,0.7839,4GLO,D,4GLO.D,4GLO_1,RCSB30_1272,mapped
4gltA,2,0.8155,4GLT,A,4GLT.A,4GLT_1,RCSB30_12715,mapped
4glwA,1,0.7953,4GLW,A,4GLW.A,4GLW_1,RCSB30_153,mapped
4gmeB,2,0.6527,4GME,B,4GME.B,4GME_1,RCSB30_2615,mapped
4gmgD,1,0.7572,4GMG,D,4GMG.D,4GMG_1,RCSB30_39124,mapped
4gmuA,1,0.7457,4GMU,A,4GMU.A,4GMU_1,RCSB30_1018,mapped
4gn1B,2,0.8516,4GN1,B,4GN1.B,4GN1_1,RCSB30_30562,mapped
4gnaA,2,0.7911,4GNA,A,4GNA.A,4GNA_1,RCSB30_5396,mapped
4gniA,1,0.7563,4GNI,A,4GNI.A,4GNI_1,RCSB30_12597,mapped
4gnkA,1,0.9426,4GNK,A,4GNK.A,4GNK_1,RCSB30_52,mapped
4gnrA,3,0.9594,4GNR,A,4GNR.A,4GNR_1,RCSB30_32033,mapped
4gnvA,2,0.9506,4GNV,A,4GNV.A,4GNV_1,RCSB30_4264,mapped
4go0B,1,0.7519,4GO0,B,4GO0.B,4GO0_1,RCSB30_68,mapped
4go8A,3,0.8713,4GO8,A,4GO8.A,4GO8_1,RCSB30_1407,mapped
4gotA,2,0.9681,4GOT,A,4GOT.A,4GOT_1,RCSB30_2785,mapped
4goxA,1,0.7194,4GOX,A,4GOX.A,4GOX_1,RCSB30_77340,mapped
4gpkC,2,0.6078,4GPK,C,4GPK.C,4GPK_1,RCSB30_95858,mapped
4gplB,1,0.649,4GPL,B,4GPL.B,4GPL_2,RCSB30_6752,mapped
4gpsA,2,0.742,4GPS,A,4GPS.A,4GPS_1,RCSB30_59999,mapped
4gpvA,2,0.4973,4GPV,A,4GPV.A,4GPV_1,RCSB30_148997,mapped
4gqtA,1,0.8441,4GQT,A,4GQT.A,4GQT_1,RCSB30_166,mapped
4gqyB,1,0.9259,4GQY,B,4GQY.B,4GQY_1,RCSB30_23547,mapped
4grcA,1,0.8421,4GRC,A,4GRC.A,4GRC_1,RCSB30_3587,mapped
4griB,1,0.7347,4GRI,B,4GRI.B,4GRI_1,RCSB30_457,mapped
4grxC,17,0.5943,4GRX,C,4GRX.C,4GRX_1,RCSB30_3374,mapped
4gs0B,1,0.7421,4GS0,B,4GS0.B,4GS0_1,RCSB30_1295,mapped
4gsuA,1,0.6933,4GSU,A,4GSU.A,4GSU_1,RCSB30_2772,mapped
4gsvB,1,1.0,4GSV,B,4GSV.B,4GSV_1,RCSB30_1023,mapped
4gt2D,1,0.7952,4GT2,D,4GT2.D,4GT2_1,RCSB30_3587,mapped
4gt8A,1,0.9697,4GT8,A,4GT8.A,4GT8_1,RCSB30_15220,mapped
4gu5B,1,0.711,4GU5,B,4GU5.B,4GU5_1,RCSB30_19574,mapped
4gu7D,1,0.8902,4GU7,D,4GU7.D,4GU7_1,RCSB30_3582,mapped
4guvA,1,0.8392,4GUV,A,4GUV.A,4GUV_1,RCSB30_9449,mapped
4gvfB,3,0.7776,4GVF,B,4GVF.B,4GVF_1,RCSB30_2351,mapped
4gvjA,2,0.848,4GVJ,A,4GVJ.A,4GVJ_1,RCSB30_495,mapped
4gvlA,2,0.8968,4GVL,A,4GVL.A,4GVL_1,RCSB30_41555,mapped
4gvoA,1,0.5301,4GVO,A,4GVO.A,4GVO_1,RCSB30_52622,mapped
4gvqB,1,0.7996,4GVQ,B,4GVQ.B,4GVQ_1,RCSB30_5197,mapped
4gw5C,1,0.5968,4GW5,C,4GW5.C,4GW5_1,RCSB30_2,mapped
4gx2A,3,0.6155,4GX2,A,4GX2.A,4GX2_1,RCSB30_41555,mapped
4gx7B,1,0.9499,4GX7,B,4GX7.B,4GX7_1,RCSB30_14277,mapped
4gydE,1,0.9775,4GYD,E,4GYD.E,4GYD_1,RCSB30_3267,mapped
4gyiA,1,0.6666,4GYI,A,4GYI.A,4GYI_1,RCSB30_5325,mapped
4gymA,3,0.5331,4GYM,A,4GYM.A,4GYM_1,RCSB30_71065,mapped
4gyoA,2,0.7147,4GYO,A,4GYO.A,4GYO_1,RCSB30_12406,mapped
4gz0G,1,0.7547,4GZ0,G,4GZ0.G,4GZ0_1,RCSB30_5006,mapped
4gz6B,2,0.8252,4GZ6,B,4GZ6.B,4GZ6_1,RCSB30_3408,mapped
4gziA,1,0.8184,4GZI,A,4GZI.A,4GZI_1,RCSB30_2313,mapped
4h04A,1,0.921,4H04,A,4H04.A,4H04_1,RCSB30_14798,mapped
4h0cB,2,0.8268,4H0C,B,4H0C.B,4H0C_1,RCSB30_124576,mapped
4h0iA,3,0.9515,4H0I,A,4H0I.A,4H0I_1,RCSB30_2,mapped
4h0nA,1,0.6521,4H0N,A,4H0N.A,4H0N_1,RCSB30_8711,mapped
4h0uA,1,0.5503,4H0U,A,4H0U.A,4H0U_1,RCSB30_121,mapped
4h0vA,1,0.7159,4H0V,A,4H0V.A,4H0V_1,RCSB30_5173,mapped
4h12A,1,0.9241,4H12,A,4H12.A,4H12_1,RCSB30_4898,mapped
4h1uA,3,0.8454,4H1U,A,4H1U.A,4H1U_1,RCSB30_1563,mapped
4h2gA,3,0.7894,4H2G,A,4H2G.A,4H2G_1,RCSB30_2907,mapped
4h2hH,2,0.9385,4H2H,H,4H2H.H,4H2H_1,RCSB30_12654,mapped
4h2lB,1,0.8504,4H2L,B,4H2L.B,4H2L_2,RCSB30_70,mapped
4h2nA,1,0.8807,4H2N,A,4H2N.A,4H2N_1,RCSB30_13487,mapped
4h2yD,2,0.4883,4H2Y,D,4H2Y.D,4H2Y_2,RCSB30_16327,mapped
4h3aA,1,0.6693,4H3A,A,4H3A.A,4H3A_1,RCSB30_4735,mapped
4h3yA,1,0.9325,4H3Y,A,4H3Y.A,4H3Y_1,RCSB30_139,mapped
4h4kB,3,0.7621,4H4K,B,4H4K.B,4H4K_2,RCSB30_17970,mapped
4h6bK,1,0.8189,4H6B,K,4H6B.K,4H6B_1,RCSB30_26869,mapped
4h6pB,3,0.7535,4H6P,B,4H6P.B,4H6P_1,RCSB30_11084,mapped
4h6rB,1,0.893,4H6R,B,4H6R.B,4H6R_1,RCSB30_14728,mapped
4h6uA,1,0.9555,4H6U,A,4H6U.A,4H6U_1,RCSB30_8729,mapped
4h8nA,1,0.6188,4H8N,A,4H8N.A,4H8N_1,RCSB30_3039,mapped
4h8pA,1,0.9692,4H8P,A,4H8P.A,4H8P_1,RCSB30_29599,mapped
4h9xB,1,0.5107,4H9X,B,4H9X.B,4H9X_1,RCSB30_1183,mapped
4ha9A,1,0.5138,4HA9,A,4HA9.A,4HA9_1,RCSB30_13250,mapped
4hapB,1,0.4469,4HAP,B,4HAP.B,4HAP_1,RCSB30_1299,mapped
4harF,2,0.4792,4HAR,F,4HAR.F,4HAR_1,RCSB30_40481,mapped
4hasA,1,0.7343,4HAS,A,4HAS.A,4HAS_1,RCSB30_6855,mapped
4hbgA,1,0.7347,4HBG,A,4HBG.A,4HBG_1,RCSB30_46697,mapped
4hbmB,1,0.8777,4HBM,B,4HBM.B,4HBM_1,RCSB30_1381,mapped
4hctA,1,0.8824,4HCT,A,4HCT.A,4HCT_1,RCSB30_676,mapped
4hcxA,2,0.7383,4HCX,A,4HCX.A,4HCX_1,RCSB30_1142,mapped
4hdmA,4,0.7304,4HDM,A,4HDM.A,4HDM_1,RCSB30_742,mapped
4hevA,1,0.7233,4HEV,A,4HEV.A,4HEV_1,RCSB30_802,mapped
4hfmB,1,0.8192,4HFM,B,4HFM.B,4HFM_1,RCSB30_2206,mapped
4hgdC,1,0.8777,4HGD,C,4HGD.C,4HGD_1,RCSB30_6022,mapped
4hgoA,2,0.849,4HGO,A,4HGO.A,4HGO_1,RCSB30_2238,mapped
4hgpA,1,0.7454,4HGP,A,4HGP.A,4HGP_1,RCSB30_2238,mapped
4hh0A,3,0.7224,4HH0,A,4HH0.A,4HH0_1,RCSB30_26155,mapped
4hh4E,1,0.7091,4HH4,E,4HH4.E,4HH4_1,RCSB30_53511,mapped
4hhzA,1,0.7919,4HHZ,A,4HHZ.A,4HHZ_1,RCSB30_1059,mapped
4hi4B,1,0.8904,4HI4,B,4HI4.B,4HI4_1,RCSB30_27999,mapped
4hi7B,2,0.6193,4HI7,B,4HI7.B,4HI7_1,RCSB30_2104,mapped
4hjfA,1,0.7776,4HJF,A,4HJF.A,4HJF_1,RCSB30_12691,mapped
4hjhA,2,0.8421,4HJH,A,4HJH.A,4HJH_1,RCSB30_47385,mapped
4hjyA,1,0.5677,4HJY,A,4HJY.A,4HJY_1,RCSB30_4358,mapped
4hkaA,2,0.6895,4HKA,A,4HKA.A,4HKA_1,RCSB30_3676,mapped
4hkgA,1,1.0,4HKG,A,4HKG.A,4HKG_1,RCSB30_6310,mapped
4hluC,3,0.6003,4HLU,C,4HLU.C,4HLU_1,RCSB30_4965,mapped
4hmeA,3,0.7566,4HME,A,4HME.A,4HME_1,RCSB30_17045,mapped
4hnbB,1,0.9301,4HNB,B,4HNB.B,4HNB_1,RCSB30_30217,mapped
4hndA,1,0.7314,4HND,A,4HND.A,4HND_1,RCSB30_27143,mapped
4hnfA,1,0.9332,4HNF,A,4HNF.A,4HNF_1,RCSB30_3271,mapped
4hnhA,2,0.6296,4HNH,A,4HNH.A,4HNH_1,RCSB30_52361,mapped
4hocB,1,0.8561,4HOC,B,4HOC.B,4HOC_1,RCSB30_2374,mapped
4hojA,1,0.4239,4HOJ,A,4HOJ.A,4HOJ_1,RCSB30_7189,mapped
4hotA,1,0.6896,4HOT,A,4HOT.A,4HOT_1,RCSB30_5180,mapped
4hp5A,1,0.7211,4HP5,A,4HP5.A,4HP5_1,RCSB30_1407,mapped
4hp8B,1,0.8281,4HP8,B,4HP8.B,4HP8_1,RCSB30_1272,mapped
4hppA,1,0.6693,4HPP,A,4HPP.A,4HPP_1,RCSB30_75479,mapped
4hpyB,2,0.7106,4HPY,B,4HPY.B,4HPY_2,RCSB30_114,mapped
4hr0A,1,0.7742,4HR0,A,4HR0.A,4HR0_1,RCSB30_4340,mapped
4hr2A,1,0.7956,4HR2,A,4HR2.A,4HR2_1,RCSB30_454,mapped
4hrcH,1,0.7731,4HRC,H,4HRC.H,4HRC_8,RCSB30_198,mapped
4hrhA,1,0.6764,4HRH,A,4HRH.A,4HRH_1,RCSB30_6143,mapped
4hrrA,1,0.9003,4HRR,A,4HRR.A,4HRR_1,RCSB30_2321,mapped
4hrtB,1,0.9103,4HRT,B,4HRT.B,4HRT_2,RCSB30_2321,mapped
4hryA,1,0.8234,4HRY,A,4HRY.A,4HRY_1,RCSB30_1654,mapped
4hs6E,3,0.713,4HS6,E,4HS6.E,4HS6_3,RCSB30_1,mapped
4hseA,1,0.8525,4HSE,A,4HSE.A,4HSE_1,RCSB30_385,mapped
4hsrB,1,0.6436,4HSR,B,4HSR.B,4HSR_2,RCSB30_39167,mapped
4htfA,1,0.7278,4HTF,A,4HTF.A,4HTF_1,RCSB30_20575,mapped
4hu0A,1,0.8396,4HU0,A,4HU0.A,4HU0_1,RCSB30_20155,mapped
4hv4A,1,0.6435,4HV4,A,4HV4.A,4HV4_1,RCSB30_223,mapped
4hvgA,1,0.6071,4HVG,A,4HVG.A,4HVG_1,RCSB30_495,mapped
4hvrA,1,0.6114,4HVR,A,4HVR.A,4HVR_1,RCSB30_4985,mapped
4hxgL,3,0.879,4HXG,L,4HXG.L,4HXG_1,RCSB30_49436,mapped
4hxvA,1,0.613,4HXV,A,4HXV.A,4HXV_1,RCSB30_17037,mapped
4hxyA,1,0.6849,4HXY,A,4HXY.A,4HXY_1,RCSB30_15844,mapped
4hz2B,1,0.6623,4HZ2,B,4HZ2.B,4HZ2_1,RCSB30_21451,mapped
4hz7A,1,0.6034,4HZ7,A,4HZ7.A,4HZ7_1,RCSB30_789,mapped
4hzeA,1,0.9686,4HZE,A,4HZE.A,4HZE_1,RCSB30_1023,mapped
4i08B,1,0.8475,4I08,B,4I08.B,4I08_1,RCSB30_708,mapped
4i0kA,3,0.4269,4I0K,A,4I0K.A,4I0K_1,RCSB30_24251,mapped
4i0pC,3,0.766,4I0P,C,4I0P.C,4I0P_3,RCSB30_542,mapped
4i1dC,2,0.5973,4I1D,C,4I1D.C,4I1D_1,RCSB30_8174,mapped
4i1iA,3,0.5903,4I1I,A,4I1I.A,4I1I_1,RCSB30_838,mapped
4i1rA,1,0.8263,4I1R,A,4I1R.A,4I1R_1,RCSB30_6501,mapped
4i1vA,1,0.9237,4I1V,A,4I1V.A,4I1V_1,RCSB30_3225,mapped
4i1wB,1,0.7588,4I1W,B,4I1W.B,4I1W_1,RCSB30_3171,mapped
4i2iA,1,0.8005,4I2I,A,4I2I.A,4I2I_1,RCSB30_1110,mapped
4i3kB,3,0.6196,4I3K,B,4I3K.B,4I3K_1,RCSB30_1142,mapped
4i3uE,3,0.7614,4I3U,E,4I3U.E,4I3U_1,RCSB30_68,mapped
4i46A,2,0.947,4I46,A,4I46.A,4I46_1,RCSB30_4170,mapped
4i4rD,1,1.0,4I4R,D,4I4R.D,4I4R_1,RCSB30_13884,mapped
4i52D,1,0.7032,4I52,D,4I52.D,4I52_1,RCSB30_4245,mapped
4i56A,6,0.6217,4I56,A,4I56.A,4I56_1,RCSB30_6452,mapped
4i5eG,1,0.8498,4I5E,G,4I5E.G,4I5E_1,RCSB30_3214,mapped
4i5mA,1,0.8944,4I5M,A,4I5M.A,4I5M_1,RCSB30_2674,mapped
4i5vB,1,0.7926,4I5V,B,4I5V.B,4I5V_1,RCSB30_29056,mapped
4i62A,2,0.8267,4I62,A,4I62.A,4I62_1,RCSB30_4931,mapped
4i6gA,1,0.949,4I6G,A,4I6G.A,4I6G_1,RCSB30_2048,mapped
4i6kA,2,0.8766,4I6K,A,4I6K.A,4I6K_1,RCSB30_67194,mapped
4i75A,1,0.6665,4I75,A,4I75.A,4I75_1,RCSB30_10077,mapped
4i81E,5,0.6832,4I81,E,4I81.E,4I81_1,RCSB30_1448,mapped
4i8pA,1,0.6394,4I8P,A,4I8P.A,4I8P_1,RCSB30_9186,mapped
4i8qA,1,0.635,4I8Q,A,4I8Q.A,4I8Q_1,RCSB30_1058,mapped
4i94B,1,0.7809,4I94,B,4I94.B,4I94_1,RCSB30_4767,mapped
4i9oA,1,0.6539,4I9O,A,4I9O.A,4I9O_1,RCSB30_461,mapped
4ia1A,1,0.8575,4IA1,A,4IA1.A,4IA1_1,RCSB30_749,mapped
4ialA,1,0.9356,4IAL,A,4IAL.A,4IAL_1,RCSB30_514,mapped
4iaoB,1,0.7308,4IAO,B,4IAO.B,4IAO_1,RCSB30_28023,mapped
4iaqA,1,0.8552,4IAQ,A,4IAQ.A,4IAQ_1,RCSB30_3358,mapped
4iavA,1,0.8989,4IAV,A,4IAV.A,4IAV_1,RCSB30_8117,mapped
4ib2A,2,1.0,4IB2,A,4IB2.A,4IB2_1,RCSB30_2785,mapped
4ibjA,2,0.6219,4IBJ,A,4IBJ.A,4IBJ_1,RCSB30_5246,mapped
4ic0C,1,0.7217,4IC0,C,4IC0.C,4IC0_1,RCSB30_1339,mapped
4ic7B,13,0.611,4IC7,B,4IC7.B,4IC7_1,RCSB30_7557,mapped
4ichB,1,0.719,4ICH,B,4ICH.B,4ICH_1,RCSB30_44183,mapped
4icsA,2,0.9464,4ICS,A,4ICS.A,4ICS_1,RCSB30_17503,mapped
4icyA,1,0.5237,4ICY,A,4ICY.A,4ICY_1,RCSB30_5903,mapped
4iczA,1,0.7393,4ICZ,A,4ICZ.A,4ICZ_1,RCSB30_12252,mapped
4idbA,1,0.8008,4IDB,A,4IDB.A,4IDB_1,RCSB30_9011,mapped
4idgA,1,0.8481,4IDG,A,4IDG.A,4IDG_1,RCSB30_74840,mapped
4ie5A,3,0.6905,4IE5,A,4IE5.A,4IE5_1,RCSB30_6404,mapped
4ieeA,2,0.9146,4IEE,A,4IEE.A,4IEE_1,RCSB30_14332,mapped
4ielA,1,0.4681,4IEL,A,4IEL.A,4IEL_1,RCSB30_11921,mapped
4ievA,1,0.7804,4IEV,A,4IEV.A,4IEV_1,RCSB30_2619,mapped
4ifbA,1,0.8052,4IFB,A,4IFB.A,4IFB_1,RCSB30_2233,mapped
4ifcA,1,0.8285,4IFC,A,4IFC.A,4IFC_1,RCSB30_9786,mapped
4ifwA,1,0.6121,4IFW,A,4IFW.A,4IFW_1,RCSB30_13054,mapped
4ig6A,1,0.9083,4IG6,A,4IG6.A,4IG6_1,RCSB30_139,mapped
4ig7A,2,0.8324,4IG7,A,4IG7.A,4IG7_1,RCSB30_3538,mapped
4ig8A,1,0.73,4IG8,A,4IG8.A,4IG8_1,RCSB30_6653,mapped
4ih2A,1,0.9126,4IH2,A,4IH2.A,4IH2_1,RCSB30_3083,mapped
4ih6B,2,0.5808,4IH6,B,4IH6.B,4IH6_1,RCSB30_916,mapped
4ihaB,1,0.6006,4IHA,B,4IHA.B,4IHA_1,RCSB30_1654,mapped
4ii3A,2,0.7323,4II3,A,4II3.A,4II3_1,RCSB30_1354,mapped
4iinC,1,0.8666,4IIN,C,4IIN.C,4IIN_1,RCSB30_1001,mapped
4iioB,1,0.6731,4IIO,B,4IIO.B,4IIO_1,RCSB30_6149,mapped
4iisA,1,0.5926,4IIS,A,4IIS.A,4IIS_1,RCSB30_2313,mapped
4iivD,1,0.8945,4IIV,D,4IIV.D,4IIV_1,RCSB30_1001,mapped
4ij8A,3,0.8166,4IJ8,A,4IJ8.A,4IJ8_1,RCSB30_7686,mapped
4ijiG,1,0.8295,4IJI,G,4IJI.G,4IJI_1,RCSB30_12715,mapped
4ijnA,1,0.5324,4IJN,A,4IJN.A,4IJN_1,RCSB30_378,mapped
4ijrB,1,0.7735,4IJR,B,4IJR.B,4IJR_1,RCSB30_366,mapped
4iknA,2,0.6024,4IKN,A,4IKN.A,4IKN_1,RCSB30_5017,mapped
4il0H,3,0.8242,4IL0,H,4IL0.H,4IL0_1,RCSB30_5202,mapped
4ileA,2,0.9673,4ILE,A,4ILE.A,4ILE_1,RCSB30_4259,mapped
4ilkA,1,0.5324,4ILK,A,4ILK.A,4ILK_1,RCSB30_644,mapped
4impC,1,0.7427,4IMP,C,4IMP.C,4IMP_1,RCSB30_15844,mapped
4imrA,1,0.6401,4IMR,A,4IMR.A,4IMR_1,RCSB30_64525,mapped
4imyC,1,0.9743,4IMY,C,4IMY.C,4IMY_1,RCSB30_2802,mapped
4injA,1,0.6531,4INJ,A,4INJ.A,4INJ_1,RCSB30_30131,mapped
4inqA,1,0.6209,4INQ,A,4INQ.A,4INQ_1,RCSB30_45626,mapped
4inwA,1,0.8745,4INW,A,4INW.A,4INW_1,RCSB30_4827,mapped
4io0A,1,0.5916,4IO0,A,4IO0.A,4IO0_1,RCSB30_13702,mapped
4io3A,3,0.8386,4IO3,A,4IO3.A,4IO3_1,RCSB30_35140,mapped
4ioxC,2,0.8074,4IOX,C,4IOX.C,4IOX_1,RCSB30_23399,mapped
4ipjA,1,0.7576,4IPJ,A,4IPJ.A,4IPJ_1,RCSB30_7991,mapped
4iqgC,1,0.7975,4IQG,C,4IQG.C,4IQG_1,RCSB30_2086,mapped
4iqyB,1,0.9367,4IQY,B,4IQY.B,4IQY_1,RCSB30_10432,mapped
4ir7A,1,0.6962,4IR7,A,4IR7.A,4IR7_1,RCSB30_36487,mapped
4is3B,4,0.7198,4IS3,B,4IS3.B,4IS3_1,RCSB30_1272,mapped
4isdC,1,0.7066,4ISD,C,4ISD.C,4ISD_1,RCSB30_23262,mapped
4issA,1,0.6077,4ISS,A,4ISS.A,4ISS_1,RCSB30_11222,mapped
4it1C,1,0.8088,4IT1,C,4IT1.C,4IT1_1,RCSB30_5202,mapped
4itaA,1,0.6838,4ITA,A,4ITA.A,4ITA_1,RCSB30_5265,mapped
4ithA,1,0.8701,4ITH,A,4ITH.A,4ITH_1,RCSB30_4929,mapped
4itlA,1,0.7958,4ITL,A,4ITL.A,4ITL_1,RCSB30_480,mapped
4iu0A,2,0.8989,4IU0,A,4IU0.A,4IU0_1,RCSB30_1023,mapped
4iuwA,1,0.6001,4IUW,A,4IUW.A,4IUW_1,RCSB30_28605,mapped
4ix2A,1,0.8071,4IX2,A,4IX2.A,4IX2_1,RCSB30_522,mapped
4ix4B,1,0.7848,4IX4,B,4IX4.B,4IX4_1,RCSB30_38683,mapped
4iy0A,2,0.8158,4IY0,A,4IY0.A,4IY0_1,RCSB30_8601,mapped
4iybA,2,0.888,4IYB,A,4IYB.A,4IYB_1,RCSB30_40607,mapped
4iygA,1,0.8717,4IYG,A,4IYG.A,4IYG_1,RCSB30_3111,mapped
4iynB,1,0.9323,4IYN,B,4IYN.B,4IYN_1,RCSB30_3525,mapped
4iz5D,1,0.8998,4IZ5,D,4IZ5.D,4IZ5_1,RCSB30_650,mapped
4izdB,1,0.724,4IZD,B,4IZD.B,4IZD_1,RCSB30_39700,mapped
4izgB,3,0.972,4IZG,B,4IZG.B,4IZG_1,RCSB30_12654,mapped
4j0jB,1,0.5768,4J0J,B,4J0J.B,4J0J_1,RCSB30_17419,mapped
4j16A,2,0.7253,4J16,A,4J16.A,4J16_1,RCSB30_1792,mapped
4j16C,1,0.9467,4J16,C,4J16.C,4J16_2,RCSB30_1792,mapped
4j1qA,1,0.7255,4J1Q,A,4J1Q.A,4J1Q_1,RCSB30_68651,mapped
4j1vA,4,0.6835,4J1V,A,4J1V.A,4J1V_1,RCSB30_3960,mapped
4j20B,1,0.9177,4J20,B,4J20.B,4J20_1,RCSB30_32520,mapped
4j25F,1,0.8901,4J25,F,4J25.F,4J25_1,RCSB30_61886,mapped
4j2cC,1,0.7185,4J2C,C,4J2C.C,4J2C_1,RCSB30_9139,mapped
4j2oF,1,0.8183,4J2O,F,4J2O.F,4J2O_1,RCSB30_8298,mapped
4j2wA,1,0.8383,4J2W,A,4J2W.A,4J2W_1,RCSB30_5424,mapped
4j3tA,1,0.5633,4J3T,A,4J3T.A,4J3T_1,RCSB30_6293,mapped
4j43B,1,0.7864,4J43,B,4J43.B,4J43_1,RCSB30_16389,mapped
4j4vC,1,0.6849,4J4V,C,4J4V.C,4J4V_1,RCSB30_43932,mapped
4j56C,1,0.9299,4J56,C,4J56.C,4J56_1,RCSB30_1683,mapped
4j5dA,1,0.7352,4J5D,A,4J5D.A,4J5D_1,RCSB30_396,mapped
4j5hA,1,0.8085,4J5H,A,4J5H.A,4J5H_1,RCSB30_9568,mapped
4j5sC,1,0.805,4J5S,C,4J5S.C,4J5S_1,RCSB30_14881,mapped
4j8gA,1,0.4137,4J8G,A,4J8G.A,4J8G_1,RCSB30_831,mapped
4j8pA,1,1.0,4J8P,A,4J8P.A,4J8P_1,RCSB30_57480,mapped
4j9aD,1,0.9214,4J9A,D,4J9A.D,4J9A_1,RCSB30_25951,mapped
4j9eA,1,0.6622,4J9E,A,4J9E.A,4J9E_1,RCSB30_1665,mapped
4j9uE,1,0.7941,4J9U,E,4J9U.E,4J9U_2,RCSB30_9589,mapped
4j9xA,1,0.762,4J9X,A,4J9X.A,4J9X_1,RCSB30_7202,mapped
4j9zB,2,0.9022,4J9Z,B,4J9Z.B,4J9Z_2,RCSB30_194,mapped
4jalB,1,0.8171,4JAL,B,4JAL.B,4JAL_1,RCSB30_4539,mapped
4japA,1,0.9428,4JAP,A,4JAP.A,4JAP_1,RCSB30_9593,mapped
4jasA,1,0.9368,4JAS,A,4JAS.A,4JAS_1,RCSB30_13338,mapped
4jbbA,2,0.6233,4JBB,A,4JBB.A,4JBB_1,RCSB30_23262,mapped
4jbiD,1,0.8863,4JBI,D,4JBI.D,4JBI_1,RCSB30_66603,mapped
4jbwG,1,0.9651,4JBW,G,4JBW.G,4JBW_1,RCSB30_4281,mapped
4jbzA,1,0.8998,4JBZ,A,4JBZ.A,4JBZ_1,RCSB30_4976,mapped
4jcaA,3,0.6456,4JCA,A,4JCA.A,4JCA_1,RCSB30_7820,mapped
4jd0A,1,0.9316,4JD0,A,4JD0.A,4JD0_1,RCSB30_220772,mapped
4jd6C,3,0.8561,4JD6,C,4JD6.C,4JD6_1,RCSB30_4240,mapped
4jemB,1,0.875,4JEM,B,4JEM.B,4JEM_1,RCSB30_36657,mapped
4jetJ,1,0.8795,4JET,J,4JET.J,4JET_1,RCSB30_3868,mapped
4jeyA,2,0.765,4JEY,A,4JEY.A,4JEY_1,RCSB30_1000,mapped
4jf4A,1,0.8174,4JF4,A,4JF4.A,4JF4_1,RCSB30_1230,mapped
4jfaB,1,0.8589,4JFA,B,4JFA.B,4JFA_1,RCSB30_41834,mapped
4jg7A,1,0.6761,4JG7,A,4JG7.A,4JG7_1,RCSB30_2163,mapped
4jgxB,1,0.6778,4JGX,B,4JGX.B,4JGX_1,RCSB30_8161,mapped
4jhiA,1,0.812,4JHI,A,4JHI.A,4JHI_1,RCSB30_1139,mapped
4jicB,2,0.7586,4JIC,B,4JIC.B,4JIC_1,RCSB30_1103,mapped
4jitC,1,0.6663,4JIT,C,4JIT.C,4JIT_1,RCSB30_1823,mapped
4jixA,2,1.0,4JIX,A,4JIX.A,4JIX_1,RCSB30_22255,mapped
4jksA,2,0.7125,4JKS,A,4JKS.A,4JKS_1,RCSB30_10463,mapped
4jl0B,1,0.655,4JL0,B,4JL0.B,4JL0_1,RCSB30_19939,mapped
4jlvA,4,0.7152,4JLV,A,4JLV.A,4JLV_1,RCSB30_3864,mapped
4jlzB,1,0.6241,4JLZ,B,4JLZ.B,4JLZ_1,RCSB30_1187,mapped
4jmgA,3,0.7378,4JMG,A,4JMG.A,4JMG_1,RCSB30_8819,mapped
4jmxA,1,0.7606,4JMX,A,4JMX.A,4JMX_1,RCSB30_2772,mapped
4jn7A,1,0.5422,4JN7,A,4JN7.A,4JN7_1,RCSB30_21863,mapped
4jnjB,1,0.9324,4JNJ,B,4JNJ.B,4JNJ_1,RCSB30_632,mapped
4jodA,1,0.4153,4JOD,A,4JOD.A,4JOD_1,RCSB30_22342,mapped
4josB,1,0.7217,4JOS,B,4JOS.B,4JOS_1,RCSB30_703,mapped
4jp3A,2,0.8328,4JP3,A,4JP3.A,4JP3_1,RCSB30_1170,mapped
4jpqA,3,0.7717,4JPQ,A,4JPQ.A,4JPQ_1,RCSB30_183569,mapped
4jpxA,3,0.9194,4JPX,A,4JPX.A,4JPX_1,RCSB30_1984,mapped
4jq6A,1,0.9449,4JQ6,A,4JQ6.A,4JQ6_1,RCSB30_8552,mapped
4jq9E,1,0.9391,4JQ9,E,4JQ9.E,4JQ9_1,RCSB30_4505,mapped
4jr0B,1,0.8515,4JR0,B,4JR0.B,4JR0_1,RCSB30_597,mapped
4jr1B,1,0.7085,4JR1,B,4JR1.B,4JR1_1,RCSB30_597,mapped
4jreD,3,1.0,4JRE,D,4JRE.D,4JRE_1,RCSB30_10015,mapped
4jrgB,1,0.6963,4JRG,B,4JRG.B,4JRG_1,RCSB30_1381,mapped
4jroD,1,0.7963,4JRO,D,4JRO.D,4JRO_1,RCSB30_708,mapped
4js1A,1,0.6457,4JS1,A,4JS1.A,4JS1_1,RCSB30_23313,mapped
4jtdA,1,1.0,4JTD,A,4JTD.A,4JTD_1,RCSB30_4932,mapped
4juuB,1,0.5279,4JUU,B,4JUU.B,4JUU_1,RCSB30_7202,mapped
4jvdA,1,0.5734,4JVD,A,4JVD.A,4JVD_1,RCSB30_9426,mapped
4jvfA,1,0.9472,4JVF,A,4JVF.A,4JVF_1,RCSB30_3158,mapped
4jvtA,3,0.6884,4JVT,A,4JVT.A,4JVT_1,RCSB30_58925,mapped
4jwhA,1,0.9068,4JWH,A,4JWH.A,4JWH_1,RCSB30_12575,mapped
4jwjA,1,0.8515,4JWJ,A,4JWJ.A,4JWJ_1,RCSB30_23669,mapped
4jwkA,1,0.7915,4JWK,A,4JWK.A,4JWK_1,RCSB30_844,mapped
4jwlA,2,0.8895,4JWL,A,4JWL.A,4JWL_1,RCSB30_2467,mapped
4jwpA,1,0.7448,4JWP,A,4JWP.A,4JWP_1,RCSB30_9209,mapped
4jwtA,1,0.645,4JWT,A,4JWT.A,4JWT_1,RCSB30_703,mapped
4jxtA,3,0.7473,4JXT,A,4JXT.A,4JXT_1,RCSB30_3900,mapped
4jyxB,2,0.9229,4JYX,B,4JYX.B,4JYX_1,RCSB30_7409,mapped
4jz7A,2,0.7088,4JZ7,A,4JZ7.A,4JZ7_1,RCSB30_3368,mapped
4jz9B,1,0.7114,4JZ9,B,4JZ9.B,4JZ9_1,RCSB30_3368,mapped
4jzuA,1,0.8331,4JZU,A,4JZU.A,4JZU_1,RCSB30_31949,mapped
4k1xA,1,0.9203,4K1X,A,4K1X.A,4K1X_1,RCSB30_5720,mapped
4k28A,3,0.678,4K28,A,4K28.A,4K28_1,RCSB30_67847,mapped
4k2iA,1,0.716,4K2I,A,4K2I.A,4K2I_1,RCSB30_1784,mapped
4k2rA,2,0.7911,4K2R,A,4K2R.A,4K2R_1,RCSB30_1927,mapped
4k2sB,3,0.7692,4K2S,B,4K2S.B,4K2S_1,RCSB30_2615,mapped
4k2xB,1,0.6332,4K2X,B,4K2X.B,4K2X_1,RCSB30_5903,mapped
4k30A,1,0.6289,4K30,A,4K30.A,4K30_1,RCSB30_42127,mapped
4k37A,2,0.8913,4K37,A,4K37.A,4K37_1,RCSB30_11265,mapped
4k3dA,3,0.6106,4K3D,A,4K3D.A,4K3D_1,RCSB30_1,mapped
4k3fA,1,0.9315,4K3F,A,4K3F.A,4K3F_1,RCSB30_2785,mapped
4k3gB,3,0.6428,4K3G,B,4K3G.B,4K3G_1,RCSB30_2,mapped
4k47A,1,0.8071,4K47,A,4K47.A,4K47_1,RCSB30_155,mapped
4k4yM,1,0.4278,4K4Y,M,4K4Y.M,4K4Y_1,RCSB30_388,mapped
4k5uB,1,0.8251,4K5U,B,4K5U.B,4K5U_1,RCSB30_8427,mapped
4k6fC,1,0.8146,4K6F,C,4K6F.C,4K6F_1,RCSB30_1001,mapped
4k6nA,2,0.8744,4K6N,A,4K6N.A,4K6N_1,RCSB30_80823,mapped
4k6xB,3,0.664,4K6X,B,4K6X.B,4K6X_1,RCSB30_32863,mapped
4k77B,1,0.7349,4K77,B,4K77.B,4K77_1,RCSB30_495,mapped
4k7iA,2,0.9072,4K7I,A,4K7I.A,4K7I_1,RCSB30_7113,mapped
4k9dA,3,0.6463,4K9D,A,4K9D.A,4K9D_1,RCSB30_304,mapped
4k9mA,2,0.8923,4K9M,A,4K9M.A,4K9M_1,RCSB30_4008,mapped
4kc8A,1,0.761,4KC8,A,4KC8.A,4KC8_1,RCSB30_14503,mapped
4kdrA,1,0.8087,4KDR,A,4KDR.A,4KDR_1,RCSB30_2506,mapped
4kdxA,2,0.4504,4KDX,A,4KDX.A,4KDX_1,RCSB30_11921,mapped
4ke6A,1,0.6991,4KE6,A,4KE6.A,4KE6_1,RCSB30_15568,mapped
4kegA,3,0.9526,4KEG,A,4KEG.A,4KEG_1,RCSB30_24670,mapped
4kf6B,1,0.7079,4KF6,B,4KF6.B,4KF6_1,RCSB30_12921,mapped
4kfuD,1,0.7016,4KFU,D,4KFU.D,4KFU_1,RCSB30_35462,mapped
4kg1B,1,0.968,4KG1,B,4KG1.B,,SINGLETON_4kg1B,missing_entity
4kg5D,1,0.7009,4KG5,D,4KG5.D,4KG5_1,RCSB30_621,mapped
4kgiC,1,0.667,4KGI,C,4KGI.C,4KGI_1,RCSB30_7920,mapped
4kgmC,1,0.6558,4KGM,C,4KGM.C,4KGM_1,RCSB30_44147,mapped
4kgnE,1,0.9728,4KGN,E,4KGN.E,4KGN_1,RCSB30_4539,mapped
4kknA,1,0.7397,4KKN,A,4KKN.A,4KKN_1,RCSB30_6687,mapped
4klxB,1,0.5927,4KLX,B,4KLX.B,4KLX_1,RCSB30_853,mapped
4klzA,1,0.8799,4KLZ,A,4KLZ.A,4KLZ_1,RCSB30_15707,mapped
4kmgA,1,0.7393,4KMG,A,4KMG.A,4KMG_1,RCSB30_27167,mapped
4kn0A,1,0.681,4KN0,A,4KN0.A,4KN0_1,RCSB30_7303,mapped
4knbD,1,0.5512,4KNB,D,4KNB.D,4KNB_1,RCSB30_1193,mapped
4knfC,1,0.9493,4KNF,C,4KNF.C,4KNF_1,RCSB30_8552,mapped
4koxA,1,0.7114,4KOX,A,4KOX.A,4KOX_1,RCSB30_9926,mapped
4kp4A,1,0.8856,4KP4,A,4KP4.A,4KP4_1,RCSB30_9751,mapped
4kpsA,3,0.8248,4KPS,A,4KPS.A,4KPS_1,RCSB30_290,mapped
4kq6C,1,0.8988,4KQ6,C,4KQ6.C,4KQ6_1,RCSB30_700,mapped
4kqpA,2,0.8972,4KQP,A,4KQP.A,4KQP_1,RCSB30_2342,mapped
4kqqB,1,0.7896,4KQQ,B,4KQQ.B,4KQQ_1,RCSB30_1397,mapped
4kr2A,2,0.9438,4KR2,A,4KR2.A,4KR2_1,RCSB30_2865,mapped
4kr7A,1,0.8422,4KR7,A,4KR7.A,4KR7_1,RCSB30_1395,mapped
4kraC,3,0.6985,4KRA,C,4KRA.C,4KRA_1,RCSB30_1320,mapped
4krcA,1,0.9082,4KRC,A,4KRC.A,4KRC_1,RCSB30_14422,mapped
4krhB,1,0.8495,4KRH,B,4KRH.B,4KRH_1,RCSB30_10638,mapped
4ks8A,1,0.5458,4KS8,A,4KS8.A,4KS8_1,RCSB30_2722,mapped
4ksiA,1,0.6102,4KSI,A,4KSI.A,4KSI_1,RCSB30_560,mapped
4kttD,1,0.6495,4KTT,D,4KTT.D,4KTT_1,RCSB30_82,mapped
4ku4A,1,0.7689,4KU4,A,4KU4.A,4KU4_1,RCSB30_5040,mapped
4kugA,1,0.7807,4KUG,A,4KUG.A,4KUG_1,RCSB30_7849,mapped
4kuoA,1,0.9491,4KUO,A,4KUO.A,4KUO_1,RCSB30_24800,mapped
4kvoF,1,0.7992,4KVO,F,4KVO.F,4KVO_2,RCSB30_16033,mapped
4kvzA,1,0.4951,4KVZ,A,4KVZ.A,4KVZ_1,RCSB30_28853,mapped
4kwcA,1,0.6675,4KWC,A,4KWC.A,4KWC_1,RCSB30_28853,mapped
4kwhB,1,0.802,4KWH,B,4KWH.B,4KWH_1,RCSB30_708,mapped
4kwwF,2,0.9226,4KWW,F,4KWW.F,4KWW_1,RCSB30_5841,mapped
4kx6C,1,0.4985,4KX6,C,4KX6.C,4KX6_3,RCSB30_2469,mapped
4kxfC,2,0.7012,4KXF,C,4KXF.C,4KXF_1,RCSB30_15208,mapped
4kxfH,1,0.7822,4KXF,H,4KXF.H,4KXF_1,RCSB30_15208,mapped
4kxlC,1,0.8059,4KXL,C,4KXL.C,4KXL_1,RCSB30_4918,mapped
4kxqA,1,0.7362,4KXQ,A,4KXQ.A,4KXQ_1,RCSB30_12234,mapped
4kyqA,1,0.7712,4KYQ,A,4KYQ.A,4KYQ_1,RCSB30_36659,mapped
4kyuB,1,0.9362,4KYU,B,4KYU.B,,SINGLETON_4kyuB,missing_entity
4l08F,2,1.0,4L08,F,4L08.F,4L08_1,RCSB30_14925,mapped
4l0eA,1,0.8266,4L0E,A,4L0E.A,4L0E_1,RCSB30_305,mapped
4l0mA,1,0.6576,4L0M,A,4L0M.A,4L0M_1,RCSB30_703,mapped
4l0oD,1,0.8457,4L0O,D,4L0O.D,4L0O_1,RCSB30_965,mapped
4l16A,2,0.7654,4L16,A,4L16.A,4L16_1,RCSB30_14900,mapped
4l1kA,2,0.6175,4L1K,A,4L1K.A,4L1K_1,RCSB30_645,mapped
4l1oA,2,0.6042,4L1O,A,4L1O.A,4L1O_1,RCSB30_3473,mapped
4l1uB,2,0.7621,4L1U,B,4L1U.B,4L1U_1,RCSB30_8579,mapped
4l36A,1,0.7717,4L36,A,4L36.A,4L36_1,RCSB30_36463,mapped
4l4tA,1,0.7855,4L4T,A,4L4T.A,4L4T_1,RCSB30_63,mapped
4l4xA,2,0.8146,4L4X,A,4L4X.A,4L4X_1,RCSB30_15844,mapped
4l51A,1,0.8251,4L51,A,4L51.A,4L51_1,RCSB30_9722,mapped
4l54A,1,0.6742,4L54,A,4L54.A,4L54_1,RCSB30_7568,mapped
4l5cD,1,0.8157,4L5C,D,4L5C.D,4L5C_1,RCSB30_1321,mapped
4l7vA,1,0.7303,4L7V,A,4L7V.A,4L7V_1,RCSB30_1038,mapped
4l7xA,1,0.4765,4L7X,A,4L7X.A,4L7X_1,RCSB30_28685,mapped
4l82B,1,0.6526,4L82,B,4L82.B,4L82_1,RCSB30_35737,mapped
4l8vD,1,0.7884,4L8V,D,4L8V.D,4L8V_1,RCSB30_2843,mapped
4l9yB,1,0.7291,4L9Y,B,4L9Y.B,4L9Y_1,RCSB30_8052,mapped
4la1B,1,0.724,4LA1,B,4LA1.B,4LA1_1,RCSB30_1683,mapped
4la3A,1,0.7698,4LA3,A,4LA3.A,4LA3_1,RCSB30_23987,mapped
4lb0B,2,0.9704,4LB0,B,4LB0.B,4LB0_1,RCSB30_2418,mapped
4lbpA,1,0.4501,4LBP,A,4LBP.A,4LBP_1,RCSB30_59976,mapped
4lc0A,1,0.9299,4LC0,A,4LC0.A,4LC0_1,RCSB30_2554,mapped
4lc1A,2,0.7973,4LC1,A,4LC1.A,4LC1_1,RCSB30_8533,mapped
4lc3A,1,0.6682,4LC3,A,4LC3.A,4LC3_1,RCSB30_7040,mapped
4lc5A,1,0.7132,4LC5,A,4LC5.A,4LC5_1,RCSB30_17636,mapped
4lc9A,1,0.6539,4LC9,A,4LC9.A,4LC9_1,RCSB30_7389,mapped
4ld7H,2,0.4838,4LD7,H,4LD7.H,4LD7_1,RCSB30_17307,mapped
4lecB,1,0.8529,4LEC,B,4LEC.B,4LEC_1,RCSB30_7828,mapped
4leiB,2,0.7664,4LEI,B,4LEI.B,4LEI_1,RCSB30_13351,mapped
4lezA,1,0.7666,4LEZ,A,4LEZ.A,4LEZ_1,RCSB30_1187,mapped
4lfdA,1,0.9468,4LFD,A,4LFD.A,4LFD_1,RCSB30_19258,mapped
4lg1A,1,0.9321,4LG1,A,4LG1.A,4LG1_1,RCSB30_12482,mapped
4lgdD,2,0.8879,4LGD,D,4LGD.D,4LGD_1,RCSB30_12103,mapped
4lhkA,2,0.9087,4LHK,A,4LHK.A,4LHK_1,RCSB30_63623,mapped
4lhmA,1,0.429,4LHM,A,4LHM.A,4LHM_1,RCSB30_1356,mapped
4lhnA,3,0.9555,4LHN,A,4LHN.A,4LHN_1,RCSB30_8075,mapped
4lhwB,1,0.9785,4LHW,B,4LHW.B,4LHW_1,RCSB30_1035,mapped
4livA,2,0.6177,4LIV,A,4LIV.A,4LIV_1,RCSB30_15063,mapped
4ljiA,1,0.8328,4LJI,A,4LJI.A,4LJI_1,RCSB30_12201,mapped
4ljrA,1,0.5661,4LJR,A,4LJR.A,4LJR_1,RCSB30_28642,mapped
4lk9A,3,0.4432,4LK9,A,4LK9.A,4LK9_1,RCSB30_5950,mapped
4lksB,2,0.8487,4LKS,B,4LKS.B,4LKS_1,RCSB30_64339,mapped
4lktD,1,0.8562,4LKT,D,4LKT.D,4LKT_1,RCSB30_211,mapped
4lmcA,1,0.5795,4LMC,A,4LMC.A,4LMC_1,RCSB30_2002,mapped
4lmvA,2,0.6248,4LMV,A,4LMV.A,4LMV_1,RCSB30_18060,mapped
4lnoC,3,0.8679,4LNO,C,4LNO.C,4LNO_1,RCSB30_1616,mapped
4lo3C,2,0.8854,4LO3,C,4LO3.C,4LO3_1,RCSB30_10411,mapped
4lorA,3,0.4101,4LOR,A,4LOR.A,4LOR_1,RCSB30_3030,mapped
4lq4A,2,0.8953,4LQ4,A,4LQ4.A,4LQ4_1,RCSB30_2741,mapped
4lqsA,1,0.553,4LQS,A,4LQS.A,4LQS_1,RCSB30_15897,mapped
4lrjA,1,0.9729,4LRJ,A,4LRJ.A,4LRJ_1,RCSB30_55847,mapped
4lrqA,1,1.0,4LRQ,A,4LRQ.A,4LRQ_1,RCSB30_6213,mapped
4lrtD,2,0.6423,4LRT,D,4LRT.D,4LRT_2,RCSB30_1188,mapped
4ls7B,1,0.5577,4LS7,B,4LS7.B,4LS7_1,RCSB30_2414,mapped
4lt6A,3,0.6287,4LT6,A,4LT6.A,4LT6_1,RCSB30_42648,mapped
4lv8A,1,0.7643,4LV8,A,4LV8.A,4LV8_1,RCSB30_38703,mapped
4lvdA,2,0.7556,4LVD,A,4LVD.A,4LVD_1,RCSB30_1815,mapped
4lw2C,1,0.6927,4LW2,C,4LW2.C,4LW2_1,RCSB30_1331,mapped
4lw3A,1,0.7297,4LW3,A,4LW3.A,4LW3_1,RCSB30_31580,mapped
4lx4B,1,0.7272,4LX4,B,4LX4.B,4LX4_1,RCSB30_9380,mapped
4lxiA,1,0.933,4LXI,A,4LXI.A,4LXI_1,RCSB30_10616,mapped
4lxrB,1,0.5113,4LXR,B,4LXR.B,4LXR_2,RCSB30_28952,mapped
4lykA,2,0.9273,4LYK,A,4LYK.A,4LYK_1,RCSB30_34277,mapped
4lzcA,1,0.6986,4LZC,A,4LZC.A,4LZC_1,RCSB30_7187,mapped
4lzjD,2,0.7798,4LZJ,D,4LZJ.D,4LZJ_1,RCSB30_1083,mapped
4m0kB,1,0.8695,4M0K,B,4M0K.B,4M0K_1,RCSB30_3934,mapped
4m0rB,1,0.9313,4M0R,B,4M0R.B,4M0R_1,RCSB30_357,mapped
4m1cA,1,0.7077,4M1C,A,4M1C.A,4M1C_1,RCSB30_1736,mapped
4m1rB,1,0.8899,4M1R,B,4M1R.B,4M1R_1,RCSB30_30244,mapped
4m26B,2,0.6923,4M26,B,4M26.B,4M26_1,RCSB30_5585,mapped
4m2aA,2,0.5961,4M2A,A,4M2A.A,4M2A_1,RCSB30_2574,mapped
4m2cC,1,0.6869,4M2C,C,4M2C.C,4M2C_1,RCSB30_5585,mapped
4m2kA,1,0.7399,4M2K,A,4M2K.A,4M2K_1,RCSB30_44902,mapped
4m38A,1,0.9594,4M38,A,4M38.A,4M38_1,RCSB30_26312,mapped
4m3pA,3,0.7938,4M3P,A,4M3P.A,4M3P_1,RCSB30_11952,mapped
4m4vA,1,0.7648,4M4V,A,4M4V.A,4M4V_1,RCSB30_10834,mapped
4m5sA,3,0.6153,4M5S,A,4M5S.A,4M5S_1,RCSB30_1833,mapped
4m69A,1,0.7487,4M69,A,4M69.A,4M69_1,RCSB30_8374,mapped
4m7fB,1,0.9004,4M7F,B,4M7F.B,4M7F_1,RCSB30_11739,mapped
4m7uA,1,0.772,4M7U,A,4M7U.A,4M7U_1,RCSB30_899,mapped
4m87A,1,0.8184,4M87,A,4M87.A,4M87_1,RCSB30_1340,mapped
4m8dE,2,0.701,4M8D,E,4M8D.E,4M8D_1,RCSB30_24318,mapped
4m8iA,2,0.8159,4M8I,A,4M8I.A,4M8I_1,RCSB30_2828,mapped
4m8jA,1,0.5967,4M8J,A,4M8J.A,4M8J_1,RCSB30_3857,mapped
4m8uA,1,0.5118,4M8U,A,4M8U.A,4M8U_1,RCSB30_1407,mapped
4m92A,2,0.7755,4M92,A,4M92.A,4M92_1,RCSB30_6552,mapped
4m9qB,1,0.9282,4M9Q,B,4M9Q.B,4M9Q_1,RCSB30_51325,mapped
4ma6A,1,0.6767,4MA6,A,4MA6.A,4MA6_1,RCSB30_1139,mapped
4ma7A,1,0.671,4MA7,A,4MA7.A,4MA7_1,RCSB30_1009,mapped
4mafB,1,0.9041,4MAF,B,4MAF.B,4MAF_1,RCSB30_14099,mapped
4maxA,1,0.8248,4MAX,A,4MAX.A,4MAX_1,RCSB30_5060,mapped
4mb2C,1,0.6994,4MB2,C,4MB2.C,4MB2_1,RCSB30_21586,mapped
4mc3A,1,0.7768,4MC3,A,4MC3.A,4MC3_1,RCSB30_30990,mapped
4md4A,2,0.6954,4MD4,A,4MD4.A,4MD4_1,RCSB30_542,mapped
4mdbA,3,0.7033,4MDB,A,4MDB.A,4MDB_1,RCSB30_21991,mapped
4mdeA,2,0.8644,4MDE,A,4MDE.A,4MDE_1,RCSB30_5344,mapped
4mdhB,1,0.8095,4MDH,B,4MDH.B,4MDH_1,RCSB30_838,mapped
4mdkB,1,0.974,4MDK,B,4MDK.B,4MDK_1,RCSB30_3440,mapped
4mdtD,1,0.8931,4MDT,D,4MDT.D,4MDT_1,RCSB30_369,mapped
4mf9A,1,0.4215,4MF9,A,4MF9.A,4MF9_1,RCSB30_16247,mapped
4mfkA,1,0.6531,4MFK,A,4MFK.A,4MFK_1,RCSB30_23472,mapped
4mfzA,1,0.5494,4MFZ,A,4MFZ.A,4MFZ_1,RCSB30_23472,mapped
4mg3A,2,0.9574,4MG3,A,4MG3.A,4MG3_1,RCSB30_292,mapped
4mgkA,1,0.6281,4MGK,A,4MGK.A,4MGK_1,RCSB30_5402,mapped
4mh1B,1,0.6872,4MH1,B,4MH1.B,4MH1_1,RCSB30_22519,mapped
4mh2G,3,0.899,4MH2,G,4MH2.G,4MH2_1,RCSB30_5900,mapped
4mhfA,1,0.7023,4MHF,A,4MHF.A,4MHF_1,RCSB30_4042,mapped
4mhqA,3,0.8521,4MHQ,A,4MHQ.A,4MHQ_1,RCSB30_5387,mapped
4mifA,1,0.6205,4MIF,A,4MIF.A,4MIF_1,RCSB30_4413,mapped
4mitD,1,0.9157,4MIT,D,4MIT.D,4MIT_1,RCSB30_344,mapped
4mixB,8,0.836,4MIX,B,4MIX.B,4MIX_1,RCSB30_38962,mapped
4mjhA,2,0.6033,4MJH,A,4MJH.A,4MJH_1,RCSB30_7617,mapped
4mjlC,1,0.7184,4MJL,C,4MJL.C,4MJL_1,RCSB30_2843,mapped
4ml8C,1,0.7333,4ML8,C,4ML8.C,4ML8_1,RCSB30_1995,mapped
4mliB,2,0.6303,4MLI,B,4MLI.B,4MLI_1,RCSB30_557,mapped
4mloA,2,0.7237,4MLO,A,4MLO.A,4MLO_1,RCSB30_23188,mapped
4mm0A,1,0.6895,4MM0,A,4MM0.A,4MM0_1,RCSB30_305,mapped
4mm2B,3,0.6911,4MM2,B,4MM2.B,4MM2_1,RCSB30_10547,mapped
4mmpA,1,0.6027,4MMP,A,4MMP.A,4MMP_1,RCSB30_4042,mapped
4mn7B,1,0.9392,4MN7,B,4MN7.B,4MN7_1,RCSB30_91383,mapped
4mniA,2,1.0,4MNI,A,4MNI.A,4MNI_1,RCSB30_67147,mapped
4mnpA,1,0.707,4MNP,A,4MNP.A,4MNP_1,RCSB30_4042,mapped
4mo2A,1,0.6416,4MO2,A,4MO2.A,4MO2_1,RCSB30_4989,mapped
4mqjB,1,0.8603,4MQJ,B,4MQJ.B,4MQJ_2,RCSB30_70,mapped
4mrfA,2,0.8573,4MRF,A,4MRF.A,4MRF_1,RCSB30_3359,mapped
4mrtB,1,0.5636,4MRT,B,4MRT.B,4MRT_2,RCSB30_31439,mapped
4ms4A,2,0.9387,4MS4,A,4MS4.A,4MS4_1,RCSB30_4072,mapped
4mtlB,1,0.9296,4MTL,B,4MTL.B,4MTL_1,RCSB30_7828,mapped
4mttA,2,0.945,4MTT,A,4MTT.A,4MTT_1,RCSB30_8904,mapped
4muaA,1,0.533,4MUA,A,4MUA.A,4MUA_1,RCSB30_6061,mapped
4mvdE,1,0.8132,4MVD,E,4MVD.E,4MVD_1,RCSB30_13695,mapped
4mwhA,1,0.6988,4MWH,A,4MWH.A,4MWH_1,RCSB30_342,mapped
4mwzA,2,0.8049,4MWZ,A,4MWZ.A,4MWZ_1,RCSB30_10638,mapped
4mx6A,3,0.962,4MX6,A,4MX6.A,4MX6_1,RCSB30_8887,mapped
4mxbB,1,0.7069,4MXB,B,4MXB.B,,SINGLETON_4mxbB,missing_entity
4mxeA,1,0.9205,4MXE,A,4MXE.A,4MXE_1,RCSB30_43631,mapped
4mxoA,1,0.8583,4MXO,A,4MXO.A,4MXO_1,RCSB30_548,mapped
4mymA,1,1.0,4MYM,A,4MYM.A,4MYM_1,RCSB30_158808,mapped
4mysB,1,0.6968,4MYS,B,4MYS.B,4MYS_1,RCSB30_3213,mapped
4mzfB,1,0.4646,4MZF,B,4MZF.B,4MZF_2,RCSB30_1938,mapped
4mzvA,2,0.8512,4MZV,A,4MZV.A,4MZV_1,RCSB30_10258,mapped
4n03A,1,0.6125,4N03,A,4N03.A,4N03_1,RCSB30_210209,mapped
4n0iA,1,0.5527,4N0I,A,4N0I.A,4N0I_1,RCSB30_213,mapped
4n0qA,3,1.0,4N0Q,A,4N0Q.A,4N0Q_1,RCSB30_5022,mapped
4n17A,1,0.7395,4N17,A,4N17.A,4N17_1,RCSB30_4042,mapped
4n1bA,2,0.8967,4N1B,A,4N1B.A,4N1B_1,RCSB30_3167,mapped
4n23C,1,0.8066,4N23,C,4N23.C,4N23_1,RCSB30_69081,mapped
4n2qA,2,0.7543,4N2Q,A,4N2Q.A,4N2Q_1,RCSB30_39947,mapped
4n3wA,2,0.4217,4N3W,A,4N3W.A,4N3W_1,RCSB30_2729,mapped
4n54C,1,0.6895,4N54,C,4N54.C,4N54_1,RCSB30_13866,mapped
4n5fB,2,0.5491,4N5F,B,4N5F.B,4N5F_1,RCSB30_4707,mapped
4n5jB,2,0.8583,4N5J,B,4N5J.B,4N5J_2,RCSB30_256,mapped
4n5nA,1,0.6752,4N5N,A,4N5N.A,4N5N_1,RCSB30_1001,mapped
4n67A,1,0.8413,4N67,A,4N67.A,4N67_1,RCSB30_12798,mapped
4n71D,1,0.825,4N71,D,4N71.D,4N71_1,RCSB30_12764,mapped
4n73A,1,0.8967,4N73,A,4N73.A,4N73_1,RCSB30_9546,mapped
4n76B,3,0.8244,4N76,B,4N76.B,4N76_1,RCSB30_9454,mapped
4n8iA,1,0.6909,4N8I,A,4N8I.A,4N8I_1,RCSB30_6295,mapped
4n8yB,1,0.7455,4N8Y,B,4N8Y.B,4N8Y_1,RCSB30_4042,mapped
4na4C,2,0.9056,4NA4,C,4NA4.C,4NA4_1,RCSB30_5386,mapped
4nauB,1,0.8229,4NAU,B,4NAU.B,4NAU_1,RCSB30_137,mapped
4nawE,1,0.6547,4NAW,E,4NAW.E,4NAW_1,RCSB30_14079,mapped
4nb5B,1,0.8058,4NB5,B,4NB5.B,4NB5_1,RCSB30_66544,mapped
4nbdC,2,0.9419,4NBD,C,4NBD.C,4NBD_1,RCSB30_6857,mapped
4nbtA,1,0.8849,4NBT,A,4NBT.A,4NBT_1,RCSB30_708,mapped
4nbuA,1,0.9015,4NBU,A,4NBU.A,4NBU_1,RCSB30_1001,mapped
4nbwC,1,0.7656,4NBW,C,4NBW.C,4NBW_1,RCSB30_4106,mapped
4nd3B,1,0.9155,4ND3,B,4ND3.B,4ND3_1,RCSB30_598,mapped
4ndgA,2,0.818,4NDG,A,4NDG.A,4NDG_1,RCSB30_8592,mapped
4ndpA,1,0.96,4NDP,A,4NDP.A,4NDP_1,RCSB30_4128,mapped
4ndrB,1,0.9065,4NDR,B,4NDR.B,4NDR_2,RCSB30_4128,mapped
4nduA,1,1.0,4NDU,A,4NDU.A,4NDU_1,RCSB30_39306,mapped
4ne4A,1,0.8896,4NE4,A,4NE4.A,4NE4_1,RCSB30_16228,mapped
4neqA,1,0.5822,4NEQ,A,4NEQ.A,4NEQ_1,RCSB30_11582,mapped
4nf0G,2,0.8079,4NF0,G,4NF0.G,4NF0_1,RCSB30_8887,mapped
4nf1C,1,0.858,4NF1,C,4NF1.C,4NF1_1,RCSB30_5025,mapped
4nf9B,3,0.7599,4NF9,B,4NF9.B,4NF9_1,RCSB30_5886,mapped
4nftC,2,0.6693,4NFT,C,4NFT.C,4NFT_1,RCSB30_3636,mapped
4nfuA,1,0.454,4NFU,A,4NFU.A,4NFU_1,RCSB30_8723,mapped
4nfyB,3,0.6559,4NFY,B,4NFY.B,4NFY_1,RCSB30_1515,mapped
4ng4B,1,0.6166,4NG4,B,4NG4.B,4NG4_1,RCSB30_520,mapped
4nhdD,1,0.5684,4NHD,D,4NHD.D,4NHD_1,RCSB30_276,mapped
4nheB,1,0.767,4NHE,B,4NHE.B,4NHE_1,RCSB30_21268,mapped
4nhwA,2,0.8003,4NHW,A,4NHW.A,4NHW_1,RCSB30_76708,mapped
4nhyC,3,0.7921,4NHY,C,4NHY.C,4NHY_1,RCSB30_15004,mapped
4nhzK,1,0.7647,4NHZ,K,4NHZ.K,4NHZ_1,RCSB30_6734,mapped
4ni8C,1,0.775,4NI8,C,4NI8.C,4NI8_1,RCSB30_5165,mapped
4nidA,2,0.9412,4NID,A,4NID.A,4NID_1,RCSB30_5167,mapped
4nk1B,1,0.9015,4NK1,B,4NK1.B,4NK1_1,RCSB30_80210,mapped
4nk5D,1,0.7122,4NK5,D,4NK5.D,4NK5_1,RCSB30_1340,mapped
4nkbB,3,0.8618,4NKB,B,4NKB.B,4NKB_1,RCSB30_68939,mapped
4nkgA,1,1.0,4NKG,A,4NKG.A,4NKG_1,RCSB30_5660,mapped
4nl0A,2,0.9423,4NL0,A,4NL0.A,4NL0_1,RCSB30_79509,mapped
4nl5A,1,0.9542,4NL5,A,4NL5.A,4NL5_1,RCSB30_19968,mapped
4nl8B,2,0.7824,4NL8,B,4NL8.B,4NL8_2,RCSB30_6782,mapped
4nmeA,1,0.6276,4NME,A,4NME.A,4NME_1,RCSB30_2871,mapped
4nmkD,2,0.906,4NMK,D,4NMK.D,,SINGLETON_4nmkD,missing_entity
4nmlA,2,0.7623,4NML,A,4NML.A,4NML_1,RCSB30_2950,mapped
4nmpB,1,0.728,4NMP,B,4NMP.B,4NMP_1,RCSB30_5668,mapped
4nnbA,2,0.722,4NNB,A,4NNB.A,4NNB_1,RCSB30_38321,mapped
4nndC,2,0.7964,4NND,C,4NND.C,4NND_1,RCSB30_24589,mapped
4novA,1,0.6086,4NOV,A,4NOV.A,4NOV_1,RCSB30_6820,mapped
4npvA,1,0.6899,4NPV,A,4NPV.A,4NPV_1,RCSB30_11019,mapped
4nq3B,2,0.7583,4NQ3,B,4NQ3.B,4NQ3_1,RCSB30_5364,mapped
4nq8B,1,0.6394,4NQ8,B,4NQ8.B,4NQ8_1,RCSB30_20299,mapped
4nrsA,1,0.9707,4NRS,A,4NRS.A,4NRS_1,RCSB30_25949,mapped
4nruC,3,0.6785,4NRU,C,4NRU.C,4NRU_1,RCSB30_1726,mapped
4ns1A,2,0.6889,4NS1,A,4NS1.A,4NS1_1,RCSB30_2290,mapped
4ns3E,1,0.6412,4NS3,E,4NS3.E,4NS3_1,RCSB30_3468,mapped
4nt8A,1,0.7708,4NT8,A,4NT8.A,4NT8_1,RCSB30_630,mapped
4ntcA,1,0.894,4NTC,A,4NTC.A,4NTC_1,RCSB30_17632,mapped
4nteA,1,0.8316,4NTE,A,4NTE.A,4NTE_1,RCSB30_21962,mapped
4nu5B,1,0.8888,4NU5,B,4NU5.B,4NU5_1,RCSB30_2204,mapped
4nufA,1,0.7663,4NUF,A,4NUF.A,4NUF_1,RCSB30_33348,mapped
4nv1B,3,0.7809,4NV1,B,4NV1.B,4NV1_1,RCSB30_17457,mapped
4nv5B,1,0.9664,4NV5,B,4NV5.B,4NV5_1,RCSB30_26901,mapped
4nv7A,1,0.8532,4NV7,A,4NV7.A,4NV7_1,RCSB30_5537,mapped
4nwiA,1,0.6082,4NWI,A,4NWI.A,4NWI_1,RCSB30_5449,mapped
4nwzB,1,0.639,4NWZ,B,4NWZ.B,4NWZ_1,RCSB30_7964,mapped
4nx0B,2,0.862,4NX0,B,4NX0.B,4NX0_1,RCSB30_41266,mapped
4nx1A,1,0.5139,4NX1,A,4NX1.A,4NX1_1,RCSB30_55918,mapped
4nxqB,1,0.6525,4NXQ,B,4NXQ.B,4NXQ_1,RCSB30_25738,mapped
4nxuC,1,0.735,4NXU,C,4NXU.C,4NXU_1,RCSB30_9055,mapped
4nyeA,3,0.7489,4NYE,A,4NYE.A,4NYE_1,RCSB30_332,mapped
4nymC,1,0.8775,4NYM,C,4NYM.C,4NYM_3,RCSB30_1912,mapped
4nyzA,1,0.5797,4NYZ,A,4NYZ.A,4NYZ_1,RCSB30_388,mapped
4nz3A,1,0.772,4NZ3,A,4NZ3.A,4NZ3_1,RCSB30_13364,mapped
4nz6B,1,0.7765,4NZ6,B,4NZ6.B,4NZ6_1,RCSB30_19246,mapped
4nzgB,3,0.8642,4NZG,B,4NZG.B,4NZG_1,RCSB30_76828,mapped
4o0lA,1,0.7718,4O0L,A,4O0L.A,4O0L_1,RCSB30_1001,mapped
4o1mE,1,0.8422,4O1M,E,4O1M.E,4O1M_1,RCSB30_27375,mapped
4o25B,1,0.955,4O25,B,4O25.B,4O25_1,RCSB30_1427,mapped
4o29A,1,0.9243,4O29,A,4O29.A,4O29_1,RCSB30_1038,mapped
4o38B,1,0.7379,4O38,B,4O38.B,4O38_1,RCSB30_19953,mapped
4o3vB,2,0.6333,4O3V,B,4O3V.B,4O3V_1,RCSB30_93496,mapped
4o48B,1,0.6128,4O48,B,4O48.B,4O48_1,RCSB30_7055,mapped
4o4jF,1,0.6698,4O4J,F,4O4J.F,4O4J_4,RCSB30_595,mapped
4o4sB,1,0.6637,4O4S,B,4O4S.B,4O4S_1,RCSB30_9870,mapped
4o4yB,1,0.8504,4O4Y,B,4O4Y.B,4O4Y_2,RCSB30_1,mapped
4o61A,1,0.8537,4O61,A,4O61.A,4O61_1,RCSB30_10867,mapped
4o67A,1,0.7587,4O67,A,4O67.A,4O67_1,RCSB30_1187,mapped
4o6lB,1,0.8285,4O6L,B,4O6L.B,4O6L_1,RCSB30_2666,mapped
4o6rA,1,0.9737,4O6R,A,4O6R.A,4O6R_1,RCSB30_3171,mapped
4o6sA,1,0.9527,4O6S,A,4O6S.A,4O6S_1,RCSB30_3868,mapped
4o6zC,2,0.9352,4O6Z,C,4O6Z.C,4O6Z_1,RCSB30_4063,mapped
4o7pB,1,0.9062,4O7P,B,4O7P.B,4O7P_1,RCSB30_8535,mapped
4o7uD,1,0.6121,4O7U,D,4O7U.D,4O7U_1,RCSB30_121,mapped
4o7zA,1,0.8735,4O7Z,A,4O7Z.A,4O7Z_1,RCSB30_2851,mapped
4o8jA,1,0.4725,4O8J,A,4O8J.A,4O8J_1,RCSB30_2050,mapped
4o8mB,1,0.604,4O8M,B,4O8M.B,4O8M_1,RCSB30_25618,mapped
4o8oA,1,0.8598,4O8O,A,4O8O.A,4O8O_1,RCSB30_9700,mapped
4o9cC,2,0.8531,4O9C,C,4O9C.C,4O9C_1,RCSB30_733,mapped
4oa4A,3,0.7853,4OA4,A,4OA4.A,4OA4_1,RCSB30_8887,mapped
4obuF,2,0.9114,4OBU,F,4OBU.F,4OBU_1,RCSB30_12824,mapped
4obwD,1,0.9608,4OBW,D,4OBW.D,4OBW_1,RCSB30_310,mapped
4obyA,1,0.6623,4OBY,A,4OBY.A,4OBY_1,RCSB30_1500,mapped
4obzD,1,0.4017,4OBZ,D,4OBZ.D,4OBZ_2,RCSB30_464,mapped
4ocaA,1,0.7141,4OCA,A,4OCA.A,4OCA_1,RCSB30_1784,mapped
4ocqA,1,0.651,4OCQ,A,4OCQ.A,4OCQ_1,RCSB30_19636,mapped
4oe4B,1,0.9305,4OE4,B,4OE4.B,4OE4_1,RCSB30_3468,mapped
4oeoC,1,0.7571,4OEO,C,4OEO.C,4OEO_1,RCSB30_6476,mapped
4oesA,3,0.8551,4OES,A,4OES.A,4OES_1,RCSB30_4961,mapped
4ofkA,2,0.5491,4OFK,A,4OFK.A,4OFK_1,RCSB30_18088,mapped
4og2B,2,1.0,4OG2,B,4OG2.B,4OG2_1,RCSB30_24225,mapped
4oh4B,1,0.9166,4OH4,B,4OH4.B,4OH4_1,RCSB30_4604,mapped
4ohnA,3,0.889,4OHN,A,4OHN.A,4OHN_1,RCSB30_2342,mapped
4ohtB,2,0.8481,4OHT,B,4OHT.B,4OHT_1,RCSB30_5265,mapped
4oi4A,1,0.7457,4OI4,A,4OI4.A,4OI4_1,RCSB30_19177,mapped
4oj9A,2,1.0,4OJ9,A,4OJ9.A,4OJ9_1,RCSB30_1532,mapped
4ojmA,2,0.6921,4OJM,A,4OJM.A,4OJM_1,RCSB30_11643,mapped
4ojvA,1,0.5007,4OJV,A,4OJV.A,4OJV_1,RCSB30_60787,mapped
4ojzA,1,0.6676,4OJZ,A,4OJZ.A,4OJZ_1,RCSB30_21885,mapped
4okkA,1,0.7851,4OKK,A,4OKK.A,4OKK_1,RCSB30_20829,mapped
4okmB,1,0.5528,4OKM,B,4OKM.B,4OKM_1,RCSB30_10088,mapped
4oknH,1,0.9009,4OKN,H,4OKN.H,4OKN_1,RCSB30_319,mapped
4ol9A,1,0.6899,4OL9,A,4OL9.A,4OL9_1,RCSB30_38062,mapped
4olkA,1,0.8828,4OLK,A,4OLK.A,4OLK_1,RCSB30_56519,mapped
4oltA,1,0.6286,4OLT,A,4OLT.A,4OLT_1,RCSB30_19399,mapped
4om8A,2,0.8052,4OM8,A,4OM8.A,4OM8_1,RCSB30_7849,mapped
4omcD,2,0.6717,4OMC,D,4OMC.D,4OMC_1,RCSB30_2767,mapped
4omfC,1,0.8937,4OMF,C,4OMF.C,4OMF_3,RCSB30_9207,mapped
4omgB,2,0.5567,4OMG,B,4OMG.B,4OMG_1,RCSB30_10755,mapped
4oniA,1,0.8031,4ONI,A,4ONI.A,4ONI_1,RCSB30_3646,mapped
4onjA,1,0.7295,4ONJ,A,4ONJ.A,4ONJ_1,RCSB30_30449,mapped
4ontC,1,0.9598,4ONT,C,4ONT.C,4ONT_1,RCSB30_2966,mapped
4oo6A,1,0.6941,4OO6,A,4OO6.A,4OO6_1,RCSB30_3603,mapped
4oouB,1,0.7414,4OOU,B,4OOU.B,4OOU_1,RCSB30_29973,mapped
4oqgB,1,0.9683,4OQG,B,4OQG.B,4OQG_1,RCSB30_945,mapped
4oqqB,1,0.8267,4OQQ,B,4OQQ.B,4OQQ_1,RCSB30_36812,mapped
4oqsA,1,0.7463,4OQS,A,4OQS.A,4OQS_1,RCSB30_305,mapped
4oqyA,1,0.674,4OQY,A,4OQY.A,4OQY_1,RCSB30_2438,mapped
4or6A,1,0.9004,4OR6,A,4OR6.A,4OR6_1,RCSB30_1053,mapped
4osfA,1,0.8412,4OSF,A,4OSF.A,4OSF_1,RCSB30_1470,mapped
4ot7A,1,0.8449,4OT7,A,4OT7.A,4OT7_1,RCSB30_1103,mapped
4oteA,1,0.4857,4OTE,A,4OTE.A,4OTE_1,RCSB30_2785,mapped
4otuB,2,0.4035,4OTU,B,4OTU.B,4OTU_2,RCSB30_4904,mapped
4ov9A,2,0.9307,4OV9,A,4OV9.A,4OV9_1,RCSB30_117,mapped
4ovaC,3,1.0,4OVA,C,4OVA.C,4OVA_1,RCSB30_6982,mapped
4ovqA,1,0.455,4OVQ,A,4OVQ.A,4OVQ_1,RCSB30_4042,mapped
4ovrB,3,0.755,4OVR,B,4OVR.B,4OVR_1,RCSB30_4042,mapped
4ovsB,1,0.5626,4OVS,B,4OVS.B,4OVS_1,RCSB30_25618,mapped
4ovtB,1,0.7298,4OVT,B,4OVT.B,4OVT_1,RCSB30_25618,mapped
4owkE,2,0.932,4OWK,E,4OWK.E,4OWK_1,RCSB30_45909,mapped
4oxdA,1,0.7646,4OXD,A,4OXD.A,4OXD_1,RCSB30_31364,mapped
4oxiA,1,0.5217,4OXI,A,4OXI.A,4OXI_1,RCSB30_217907,mapped
4oxxA,1,0.9435,4OXX,A,4OXX.A,4OXX_1,RCSB30_980,mapped
4oz9A,2,0.8739,4OZ9,A,4OZ9.A,4OZ9_1,RCSB30_1569,mapped
4ozjA,1,0.7919,4OZJ,A,4OZJ.A,4OZJ_1,RCSB30_1670,mapped
4ozvA,1,0.568,4OZV,A,4OZV.A,4OZV_1,RCSB30_5047,mapped
4p04B,3,0.9316,4P04,B,4P04.B,4P04_1,RCSB30_16465,mapped
4p0aC,2,0.8559,4P0A,C,4P0A.C,4P0A_1,RCSB30_5937,mapped
4p1lB,1,0.5587,4P1L,B,4P1L.B,4P1L_1,RCSB30_4042,mapped
4p1wC,3,0.6215,4P1W,C,4P1W.C,4P1W_3,RCSB30_17917,mapped
4p32A,2,0.8832,4P32,A,4P32.A,4P32_1,RCSB30_3737,mapped
4p3nD,1,0.9126,4P3N,D,4P3N.D,4P3N_1,RCSB30_2753,mapped
4p3wF,2,0.4851,4P3W,F,4P3W.F,4P3W_1,RCSB30_2348,mapped
4p4lC,1,0.8029,4P4L,C,4P4L.C,4P4L_1,RCSB30_28931,mapped
4p4mA,1,0.554,4P4M,A,4P4M.A,4P4M_1,RCSB30_21164,mapped
4p4sA,1,0.9402,4P4S,A,4P4S.A,4P4S_1,RCSB30_1563,mapped
4p53A,1,0.803,4P53,A,4P53.A,4P53_1,RCSB30_22860,mapped
4p54A,1,0.9418,4P54,A,4P54.A,4P54_1,RCSB30_703,mapped
4p56C,1,0.7596,4P56,C,4P56.C,4P56_1,RCSB30_181264,mapped
4p57C,3,0.8612,4P57,C,4P57.C,4P57_1,RCSB30_542,mapped
4p5fB,1,0.7541,4P5F,B,4P5F.B,4P5F_1,RCSB30_57781,mapped
4p5hJ,2,0.7961,4P5H,J,4P5H.J,4P5H_2,RCSB30_7739,mapped
4p63A,2,0.5222,4P63,A,4P63.A,,SINGLETON_4p63A,missing_entity
4p6rA,1,0.9171,4P6R,A,4P6R.A,4P6R_1,RCSB30_3121,mapped
4p6xC,1,1.0,4P6X,C,4P6X.C,4P6X_1,RCSB30_2175,mapped
4p7aA,1,0.7539,4P7A,A,4P7A.A,4P7A_1,RCSB30_6313,mapped
4p7bB,3,0.9179,4P7B,B,4P7B.B,4P7B_1,RCSB30_350,mapped
4p85A,1,0.7255,4P85,A,4P85.A,4P85_1,RCSB30_20143,mapped
4p86A,1,0.6955,4P86,A,4P86.A,4P86_1,RCSB30_1004,mapped
4p8bA,3,1.0,4P8B,A,4P8B.A,4P8B_1,RCSB30_4042,mapped
4pahA,1,0.5781,4PAH,A,4PAH.A,4PAH_1,RCSB30_1984,mapped
4panA,1,0.6301,4PAN,A,4PAN.A,4PAN_1,RCSB30_52,mapped
4pb3A,1,0.8655,4PB3,A,4PB3.A,4PB3_1,RCSB30_12969,mapped
4pbgB,1,0.6461,4PBG,B,4PBG.B,4PBG_1,RCSB30_789,mapped
4pbhA,3,0.6642,4PBH,A,4PBH.A,4PBH_1,RCSB30_47069,mapped
4pc1C,2,0.49,4PC1,C,4PC1.C,4PC1_2,RCSB30_41,mapped
4pcaD,1,0.9322,4PCA,D,4PCA.D,4PCA_1,RCSB30_49481,mapped
4pcdA,1,0.6216,4PCD,A,4PCD.A,4PCD_1,RCSB30_20299,mapped
4pd4I,1,0.4298,4PD4,I,4PD4.I,4PD4_9,RCSB30_1097,mapped
4pdhA,1,0.7642,4PDH,A,4PDH.A,4PDH_1,RCSB30_20299,mapped
4pdsB,3,0.8318,4PDS,B,4PDS.B,4PDS_1,RCSB30_8408,mapped
4pdyA,1,0.5558,4PDY,A,4PDY.A,4PDY_1,RCSB30_174984,mapped
4pe6A,1,0.6651,4PE6,A,4PE6.A,4PE6_1,RCSB30_175816,mapped
4pe8A,1,0.5897,4PE8,A,4PE8.A,4PE8_1,RCSB30_2804,mapped
4pehG,3,0.5795,4PEH,G,4PEH.G,4PEH_1,RCSB30_19292,mapped
4pevA,1,0.8793,4PEV,A,4PEV.A,4PEV_1,RCSB30_47503,mapped
4pf8B,1,0.5398,4PF8,B,4PF8.B,4PF8_1,RCSB30_4042,mapped
4pfpB,1,0.4917,4PFP,B,4PFP.B,4PFP_1,RCSB30_1732,mapped
4pfrA,2,0.7217,4PFR,A,4PFR.A,4PFR_1,RCSB30_25618,mapped
4pfuB,2,0.7883,4PFU,B,4PFU.B,4PFU_1,RCSB30_20988,mapped
4pfyB,1,0.7247,4PFY,B,4PFY.B,4PFY_1,RCSB30_20988,mapped
4pg0A,1,0.8134,4PG0,A,4PG0.A,4PG0_1,RCSB30_7531,mapped
4pgcB,1,0.4264,4PGC,B,4PGC.B,4PGC_2,RCSB30_18,mapped
4pghC,3,0.7473,4PGH,C,4PGH.C,4PGH_1,RCSB30_1093,mapped
4pgnB,2,0.9686,4PGN,B,4PGN.B,4PGN_1,RCSB30_41304,mapped
4ph7B,1,0.8792,4PH7,B,4PH7.B,4PH7_1,RCSB30_12671,mapped
4phcA,1,0.7552,4PHC,A,4PHC.A,4PHC_1,RCSB30_2949,mapped
4phhC,1,0.9112,4PHH,C,4PHH.C,4PHH_1,RCSB30_3080,mapped
4phlA,1,0.8999,4PHL,A,4PHL.A,4PHL_1,RCSB30_6151,mapped
4phrA,1,0.7321,4PHR,A,4PHR.A,4PHR_1,RCSB30_31099,mapped
4phtF,1,0.5193,4PHT,F,4PHT.F,4PHT_2,RCSB30_8192,mapped
4pinB,3,0.91,4PIN,B,4PIN.B,4PIN_1,RCSB30_9646,mapped
4piqA,1,0.7008,4PIQ,A,4PIQ.A,4PIQ_1,RCSB30_19883,mapped
4pj1I,2,0.8418,4PJ1,I,4PJ1.I,4PJ1_1,RCSB30_34,mapped
4pj5A,2,0.8297,4PJ5,A,4PJ5.A,4PJ5_1,RCSB30_63,mapped
4pknE,1,0.9195,4PKN,E,4PKN.E,4PKN_1,RCSB30_34,mapped
4pkwA,1,0.4471,4PKW,A,4PKW.A,4PKW_1,RCSB30_7122,mapped
4pl1A,1,0.9068,4PL1,A,4PL1.A,4PL1_1,RCSB30_403,mapped
4pl6A,1,1.0,4PL6,A,4PL6.A,4PL6_1,RCSB30_15397,mapped
4pl9A,1,0.6934,4PL9,A,4PL9.A,4PL9_1,RCSB30_61827,mapped
4plwB,1,0.7946,4PLW,B,4PLW.B,4PLW_1,RCSB30_598,mapped
4plyA,1,0.8495,4PLY,A,4PLY.A,4PLY_1,RCSB30_598,mapped
4plzA,1,0.8026,4PLZ,A,4PLZ.A,4PLZ_1,RCSB30_598,mapped
4pmdA,1,0.5588,4PMD,A,4PMD.A,4PMD_1,RCSB30_4805,mapped
4pmzA,1,0.962,4PMZ,A,4PMZ.A,4PMZ_1,RCSB30_28903,mapped
4pnfD,1,0.804,4PNF,D,4PNF.D,4PNF_1,RCSB30_2104,mapped
4pngB,1,0.7749,4PNG,B,4PNG.B,4PNG_1,RCSB30_2104,mapped
4pnoA,2,0.4226,4PNO,A,4PNO.A,4PNO_1,RCSB30_1260,mapped
4po2A,1,0.6757,4PO2,A,4PO2.A,4PO2_1,RCSB30_140,mapped
4pooA,1,0.8969,4POO,A,4POO.A,4POO_1,RCSB30_14512,mapped
4powA,2,0.7244,4POW,A,4POW.A,4POW_1,RCSB30_2617,mapped
4pq9B,1,0.6586,4PQ9,B,4PQ9.B,4PQ9_1,RCSB30_26425,mapped
4pqaA,2,0.8542,4PQA,A,4PQA.A,4PQA_1,RCSB30_397,mapped
4pr3B,2,0.7583,4PR3,B,4PR3.B,4PR3_1,RCSB30_45677,mapped
4prhA,3,0.5969,4PRH,A,4PRH.A,4PRH_1,RCSB30_171,mapped
4prlB,2,0.6671,4PRL,B,4PRL.B,4PRL_1,RCSB30_3379,mapped
4psgA,1,0.4998,4PSG,A,4PSG.A,4PSG_1,RCSB30_121,mapped
4pshB,1,0.9661,4PSH,B,4PSH.B,4PSH_1,RCSB30_5360,mapped
4psxE,2,0.5206,4PSX,E,4PSX.E,4PSX_2,RCSB30_1181,mapped
4pt3A,1,0.6667,4PT3,A,4PT3.A,,SINGLETON_4pt3A,missing_entity
4ptxB,1,0.6574,4PTX,B,4PTX.B,4PTX_1,RCSB30_789,mapped
4pu5A,1,0.633,4PU5,A,4PU5.A,4PU5_1,RCSB30_47613,mapped
4pu6B,2,0.8215,4PU6,B,4PU6.B,4PU6_2,RCSB30_8797,mapped
4pueA,1,0.7699,4PUE,A,4PUE.A,4PUE_1,RCSB30_3592,mapped
4pv6K,1,0.8005,4PV6,K,4PV6.K,4PV6_1,RCSB30_73058,mapped
4pvdA,1,0.7742,4PVD,A,4PVD.A,4PVD_1,RCSB30_5521,mapped
4pviA,1,0.8104,4PVI,A,4PVI.A,4PVI_1,RCSB30_22338,mapped
4pvrA,2,0.9378,4PVR,A,4PVR.A,4PVR_1,RCSB30_7055,mapped
4pw3D,1,0.9004,4PW3,D,4PW3.D,4PW3_1,RCSB30_33054,mapped
4pw4A,12,0.5301,4PW4,A,4PW4.A,4PW4_1,RCSB30_1529,mapped
4pwaB,1,0.9007,4PWA,B,4PWA.B,4PWA_1,RCSB30_85511,mapped
4pwcA,1,0.733,4PWC,A,4PWC.A,4PWC_1,RCSB30_1346,mapped
4px1A,3,0.9156,4PX1,A,4PX1.A,4PX1_1,RCSB30_977,mapped
4px7A,1,0.6008,4PX7,A,4PX7.A,4PX7_1,RCSB30_21242,mapped
4px9C,1,0.8767,4PX9,C,4PX9.C,4PX9_1,RCSB30_5451,mapped
4pxbB,3,0.8833,4PXB,B,4PXB.B,4PXB_1,RCSB30_3798,mapped
4pxdB,2,0.7448,4PXD,B,4PXD.B,4PXD_1,RCSB30_3798,mapped
4pxlB,1,0.9663,4PXL,B,4PXL.B,4PXL_2,RCSB30_68,mapped
4pxnA,2,0.7536,4PXN,A,4PXN.A,4PXN_1,RCSB30_68,mapped
4py6B,2,0.8924,4PY6,B,4PY6.B,4PY6_1,RCSB30_57378,mapped
4pyhA,1,0.7363,4PYH,A,4PYH.A,4PYH_1,RCSB30_29214,mapped
4pyoB,1,0.9084,4PYO,B,4PYO.B,4PYO_1,RCSB30_1630,mapped
4pytA,1,0.7498,4PYT,A,4PYT.A,4PYT_1,RCSB30_579,mapped
4pz2A,2,0.7175,4PZ2,A,4PZ2.A,4PZ2_1,RCSB30_68,mapped
4pzdF,1,0.6824,4PZD,F,4PZD.F,4PZD_1,RCSB30_533,mapped
4pzkA,1,0.9265,4PZK,A,4PZK.A,4PZK_1,RCSB30_4539,mapped
4q0kA,1,0.8598,4Q0K,A,4Q0K.A,4Q0K_1,RCSB30_29388,mapped
4q12A,2,0.743,4Q12,A,4Q12.A,4Q12_1,RCSB30_17457,mapped
4q22A,1,0.4762,4Q22,A,4Q22.A,4Q22_1,RCSB30_15336,mapped
4q2bE,3,0.5821,4Q2B,E,4Q2B.E,4Q2B_1,RCSB30_14629,mapped
4q2dA,1,0.6193,4Q2D,A,4Q2D.A,4Q2D_1,RCSB30_39481,mapped
4q2gA,2,0.7635,4Q2G,A,4Q2G.A,4Q2G_1,RCSB30_56103,mapped
4q2tB,3,0.7636,4Q2T,B,4Q2T.B,4Q2T_1,RCSB30_516,mapped
4q3fC,1,0.8416,4Q3F,C,4Q3F.C,4Q3F_1,RCSB30_6424,mapped
4q42B,3,0.9051,4Q42,B,4Q42.B,4Q42_1,RCSB30_1023,mapped
4q4iA,1,0.8188,4Q4I,A,4Q4I.A,4Q4I_1,RCSB30_1529,mapped
4q5hA,1,0.8973,4Q5H,A,4Q5H.A,4Q5H_1,RCSB30_30641,mapped
4q5rA,2,0.6287,4Q5R,A,4Q5R.A,4Q5R_1,RCSB30_1513,mapped
4q60A,1,0.7071,4Q60,A,4Q60.A,4Q60_1,RCSB30_7202,mapped
4q66L,1,0.9691,4Q66,L,4Q66.L,4Q66_3,RCSB30_873,mapped
4q6bA,1,0.679,4Q6B,A,4Q6B.A,4Q6B_1,RCSB30_81325,mapped
4q6fB,1,0.5103,4Q6F,B,4Q6F.B,4Q6F_1,RCSB30_3019,mapped
4q72A,2,0.8002,4Q72,A,4Q72.A,4Q72_1,RCSB30_2797,mapped
4q7fA,1,0.4796,4Q7F,A,4Q7F.A,4Q7F_1,RCSB30_62880,mapped
4q7gA,1,0.9471,4Q7G,A,4Q7G.A,4Q7G_1,RCSB30_5690,mapped
4q86H,1,0.8653,4Q86,H,4Q86.H,4Q86_1,RCSB30_27329,mapped
4q9oA,1,0.8753,4Q9O,A,4Q9O.A,4Q9O_1,RCSB30_537,mapped
4qa4A,1,0.8421,4QA4,A,4QA4.A,4QA4_1,RCSB30_2190,mapped
4qafA,1,0.9084,4QAF,A,4QAF.A,4QAF_1,RCSB30_5945,mapped
4qaiD,1,0.8731,4QAI,D,4QAI.D,4QAI_1,RCSB30_1103,mapped
4qakB,7,0.6548,4QAK,B,4QAK.B,4QAK_1,RCSB30_16450,mapped
4qarB,1,0.8724,4QAR,B,4QAR.B,4QAR_1,RCSB30_38954,mapped
4qbbA,1,0.9296,4QBB,A,4QBB.A,4QBB_1,RCSB30_33364,mapped
4qbmA,1,0.4511,4QBM,A,4QBM.A,4QBM_1,RCSB30_3019,mapped
4qbtA,1,0.5449,4QBT,A,4QBT.A,4QBT_1,RCSB30_5870,mapped
4qbvA,3,0.9321,4QBV,A,4QBV.A,4QBV_1,RCSB30_1329,mapped
4qckA,1,0.7321,4QCK,A,4QCK.A,4QCK_1,RCSB30_15010,mapped
4qdfB,1,0.872,4QDF,B,4QDF.B,4QDF_2,RCSB30_15010,mapped
4qdkB,1,0.7933,4QDK,B,4QDK.B,4QDK_1,RCSB30_31355,mapped
4qecA,1,0.8201,4QEC,A,4QEC.A,4QEC_1,RCSB30_708,mapped
4qeiA,1,0.8788,4QEI,A,4QEI.A,4QEI_1,RCSB30_2865,mapped
4qenA,3,0.8958,4QEN,A,4QEN.A,4QEN_1,RCSB30_22274,mapped
4qf5B,2,0.5828,4QF5,B,4QF5.B,4QF5_1,RCSB30_13579,mapped
4qfhA,1,0.7199,4QFH,A,4QFH.A,4QFH_1,RCSB30_326,mapped
4qflA,1,0.5577,4QFL,A,4QFL.A,4QFL_1,RCSB30_3642,mapped
4qgrB,1,0.7904,4QGR,B,4QGR.B,4QGR_1,RCSB30_1784,mapped
4qh7F,3,0.5912,4QH7,F,4QH7.F,4QH7_1,RCSB30_1040,mapped
4qhtC,1,0.9761,4QHT,C,4QHT.C,4QHT_1,RCSB30_2496,mapped
4qi9C,3,0.8707,4QI9,C,4QI9.C,4QI9_1,RCSB30_899,mapped
4qicA,2,0.5629,4QIC,A,4QIC.A,4QIC_1,RCSB30_16085,mapped
4qidA,1,0.947,4QID,A,4QID.A,4QID_1,RCSB30_780,mapped
4qitB,1,0.8715,4QIT,B,4QIT.B,4QIT_1,RCSB30_7596,mapped
4qjkA,1,0.5887,4QJK,A,4QJK.A,4QJK_1,RCSB30_7601,mapped
4qkdB,1,0.8664,4QKD,B,4QKD.B,4QKD_1,RCSB30_18099,mapped
4qksA,1,0.8972,4QKS,A,4QKS.A,4QKS_1,RCSB30_12210,mapped
4qlcC,2,0.4788,4QLC,C,4QLC.C,4QLC_3,RCSB30_38,mapped
4qm9B,1,0.8107,4QM9,B,4QM9.B,4QM9_1,RCSB30_51023,mapped
4qn2F,1,0.7418,4QN2,F,4QN2.F,4QN2_1,RCSB30_1058,mapped
4qnvB,1,0.8472,4QNV,B,4QNV.B,4QNV_1,RCSB30_1148,mapped
4qnwA,1,0.8243,4QNW,A,4QNW.A,4QNW_1,RCSB30_1103,mapped
4qnyB,1,0.8526,4QNY,B,4QNY.B,4QNY_1,RCSB30_2457,mapped
4qolC,1,0.9319,4QOL,C,4QOL.C,4QOL_1,RCSB30_842,mapped
4qpnA,1,0.9782,4QPN,A,4QPN.A,4QPN_1,RCSB30_7828,mapped
4qpwA,1,0.4123,4QPW,A,4QPW.A,4QPW_1,RCSB30_100107,mapped
4qqcA,1,0.7944,4QQC,A,4QQC.A,4QQC_1,RCSB30_1146,mapped
4qqxC,2,0.5181,4QQX,C,4QQX.C,4QQX_1,RCSB30_43816,mapped
4qrhC,1,0.8257,4QRH,C,4QRH.C,4QRH_1,RCSB30_2387,mapped
4qrnB,1,0.6918,4QRN,B,4QRN.B,4QRN_1,RCSB30_5165,mapped
4qrzA,1,0.8365,4QRZ,A,4QRZ.A,4QRZ_1,RCSB30_39586,mapped
4qs7A,1,0.6607,4QS7,A,4QS7.A,4QS7_1,RCSB30_1141,mapped
4qsvA,3,0.7144,4QSV,A,4QSV.A,4QSV_1,RCSB30_1559,mapped
4qt9B,1,0.6817,4QT9,B,4QT9.B,4QT9_1,RCSB30_29591,mapped
4qtpA,1,0.7588,4QTP,A,4QTP.A,4QTP_1,RCSB30_39695,mapped
4qtuD,1,0.7587,4QTU,D,4QTU.D,4QTU_2,RCSB30_3770,mapped
4qu2A,3,0.7773,4QU2,A,4QU2.A,4QU2_1,RCSB30_9416,mapped
4qu3A,3,0.6768,4QU3,A,4QU3.A,4QU3_1,RCSB30_199,mapped
4qu6A,1,0.7011,4QU6,A,4QU6.A,4QU6_1,RCSB30_6909,mapped
4qu7A,1,0.6669,4QU7,A,4QU7.A,4QU7_1,RCSB30_6909,mapped
4quvA,1,0.6936,4QUV,A,4QUV.A,4QUV_1,RCSB30_1779,mapped
4qvtA,1,0.8479,4QVT,A,4QVT.A,4QVT_1,RCSB30_7859,mapped
4qwiN,1,0.7712,4QWI,N,4QWI.N,4QWI_14,RCSB30_347,mapped
4qwmA,2,0.9411,4QWM,A,4QWM.A,4QWM_1,RCSB30_3240,mapped
4qx6C,2,0.5805,4QX6,C,4QX6.C,4QX6_1,RCSB30_1217,mapped
4qxaA,1,0.9201,4QXA,A,4QXA.A,4QXA_1,RCSB30_3080,mapped
4qysA,1,0.6891,4QYS,A,4QYS.A,4QYS_1,RCSB30_6272,mapped
4qz9A,1,0.852,4QZ9,A,4QZ9.A,4QZ9_1,RCSB30_1110,mapped
4qztB,1,0.8078,4QZT,B,4QZT.B,4QZT_1,RCSB30_1345,mapped
4r0mB,1,0.5365,4R0M,B,4R0M.B,4R0M_1,RCSB30_43389,mapped
4r0tA,2,0.5309,4R0T,A,4R0T.A,4R0T_1,RCSB30_42217,mapped
4r16A,1,0.6266,4R16,A,4R16.A,4R16_1,RCSB30_9194,mapped
4r1mB,2,0.5812,4R1M,B,4R1M.B,4R1M_1,RCSB30_12090,mapped
4r1sA,1,0.7671,4R1S,A,4R1S.A,4R1S_1,RCSB30_934,mapped
4r29D,1,0.6671,4R29,D,4R29.D,4R29_1,RCSB30_29372,mapped
4r2bB,1,0.7896,4R2B,B,4R2B.B,4R2B_1,RCSB30_13807,mapped
4r2fA,1,0.805,4R2F,A,4R2F.A,4R2F_1,RCSB30_237606,mapped
4r2lB,1,0.8681,4R2L,B,4R2L.B,4R2L_1,RCSB30_10019,mapped
4r38C,2,0.7786,4R38,C,4R38.C,4R38_1,RCSB30_54985,mapped
4r39A,1,0.882,4R39,A,4R39.A,4R39_1,RCSB30_54985,mapped
4r4nQ,1,0.5572,4R4N,Q,4R4N.Q,4R4N_1,RCSB30_329,mapped
4r4yA,1,0.9044,4R4Y,A,4R4Y.A,4R4Y_1,RCSB30_9071,mapped
4r57J,1,0.7997,4R57,J,4R57.J,4R57_1,RCSB30_6032,mapped
4r5eA,1,0.8091,4R5E,A,4R5E.A,4R5E_1,RCSB30_7244,mapped
4r6iA,1,0.8352,4R6I,A,4R6I.A,4R6I_1,RCSB30_56758,mapped
4r74C,1,0.9108,4R74,C,4R74.C,4R74_1,RCSB30_25756,mapped
4r7bB,1,0.4412,4R7B,B,4R7B.B,4R7B_1,RCSB30_34310,mapped
4r7iA,1,0.7812,4R7I,A,4R7I.A,4R7I_1,RCSB30_1146,mapped
4r7zA,1,0.6285,4R7Z,A,4R7Z.A,4R7Z_1,RCSB30_20831,mapped
4r84A,2,0.7558,4R84,A,4R84.A,4R84_1,RCSB30_8659,mapped
4r88A,2,0.9287,4R88,A,4R88.A,4R88_1,RCSB30_11057,mapped
4r8qA,1,0.7557,4R8Q,A,4R8Q.A,4R8Q_1,RCSB30_10114,mapped
4r8uA,1,0.9252,4R8U,A,4R8U.A,4R8U_1,RCSB30_744,mapped
4r9gA,1,0.5823,4R9G,A,4R9G.A,4R9G_1,RCSB30_82194,mapped
4r9kC,1,1.0,4R9K,C,4R9K.C,4R9K_1,RCSB30_8483,mapped
4ra0A,2,0.6802,4RA0,A,4RA0.A,4RA0_1,RCSB30_11959,mapped
4ra7B,2,0.9488,4RA7,B,4RA7.B,4RA7_1,RCSB30_24332,mapped
4rabC,1,0.9382,4RAB,C,4RAB.C,4RAB_1,RCSB30_2962,mapped
4rb4I,1,0.9467,4RB4,I,4RB4.I,4RB4_1,RCSB30_33275,mapped
4rc8A,1,0.8348,4RC8,A,4RC8.A,4RC8_1,RCSB30_7531,mapped
4rcmA,1,0.9631,4RCM,A,4RCM.A,4RCM_1,RCSB30_68766,mapped
4rdhC,1,0.8246,4RDH,C,4RDH.C,4RDH_1,RCSB30_18097,mapped
4rdnA,1,0.8708,4RDN,A,4RDN.A,4RDN_1,RCSB30_3942,mapped
4re0A,1,0.7124,4RE0,A,4RE0.A,4RE0_1,RCSB30_1183,mapped
4reiA,1,0.9628,4REI,A,4REI.A,4REI_1,RCSB30_3083,mapped
4reoA,1,0.6843,4REO,A,4REO.A,4REO_1,RCSB30_748,mapped
4rf2B,1,0.8613,4RF2,B,4RF2.B,4RF2_1,RCSB30_3214,mapped
4rflB,1,0.6357,4RFL,B,4RFL.B,4RFL_1,RCSB30_3393,mapped
4rfqA,1,0.8613,4RFQ,A,4RFQ.A,4RFQ_1,RCSB30_36861,mapped
4rg2B,1,0.831,4RG2,B,4RG2.B,4RG2_1,RCSB30_4748,mapped
4rgbA,1,0.7447,4RGB,A,4RGB.A,4RGB_1,RCSB30_11500,mapped
4rhaA,1,0.7622,4RHA,A,4RHA.A,4RHA_1,RCSB30_5447,mapped
4rhxD,1,0.8103,4RHX,D,4RHX.D,4RHX_1,RCSB30_2970,mapped
4ri1A,1,0.7981,4RI1,A,4RI1.A,4RI1_1,RCSB30_31593,mapped
4rifA,1,0.8387,4RIF,A,4RIF.A,4RIF_1,RCSB30_14288,mapped
4riiA,1,0.7893,4RII,A,4RII.A,4RII_1,RCSB30_14288,mapped
4riyA,1,0.9546,4RIY,A,4RIY.A,4RIY_1,RCSB30_6257,mapped
4rizD,1,0.8436,4RIZ,D,4RIZ.D,4RIZ_1,RCSB30_12824,mapped
4rjyA,1,0.4936,4RJY,A,4RJY.A,4RJY_1,RCSB30_3988,mapped
4rk1C,2,1.0,4RK1,C,4RK1.C,4RK1_1,RCSB30_985,mapped
4rk5A,1,0.5041,4RK5,A,4RK5.A,4RK5_1,RCSB30_54124,mapped
4rk7A,1,0.5761,4RK7,A,4RK7.A,4RK7_1,RCSB30_79457,mapped
4rk9A,1,0.6298,4RK9,A,4RK9.A,4RK9_1,RCSB30_58084,mapped
4rkdB,1,0.7843,4RKD,B,4RKD.B,4RKD_1,RCSB30_578,mapped
4rkrD,1,0.9477,4RKR,D,4RKR.D,4RKR_1,RCSB30_80866,mapped
4rksB,1,0.7517,4RKS,B,4RKS.B,4RKS_1,RCSB30_42559,mapped
4rl4A,2,0.6788,4RL4,A,4RL4.A,4RL4_1,RCSB30_1534,mapped
4rl6B,3,0.6809,4RL6,B,4RL6.B,4RL6_1,RCSB30_18311,mapped
4rldA,1,0.4989,4RLD,A,4RLD.A,4RLD_1,RCSB30_40226,mapped
4rlqB,1,0.4607,4RLQ,B,4RLQ.B,4RLQ_1,RCSB30_10104,mapped
4rlrA,1,0.7092,4RLR,A,4RLR.A,4RLR_1,RCSB30_161178,mapped
4rltA,1,0.7848,4RLT,A,4RLT.A,4RLT_1,RCSB30_4091,mapped
4rm0A,1,0.9228,4RM0,A,4RM0.A,4RM0_1,RCSB30_863,mapped
4rm4A,1,0.8783,4RM4,A,4RM4.A,4RM4_1,RCSB30_305,mapped
4rmlA,1,0.7125,4RML,A,4RML.A,4RML_1,RCSB30_5112,mapped
4rnhA,1,0.8441,4RNH,A,4RNH.A,4RNH_1,RCSB30_12691,mapped
4rnuA,1,0.8261,4RNU,A,4RNU.A,4RNU_1,RCSB30_63329,mapped
4rnxB,1,0.7493,4RNX,B,4RNX.B,4RNX_1,RCSB30_1103,mapped
4rp8A,2,0.8845,4RP8,A,4RP8.A,4RP8_1,RCSB30_12646,mapped
4rpfB,1,0.6556,4RPF,B,4RPF.B,4RPF_1,RCSB30_2314,mapped
4rpoD,1,0.9078,4RPO,D,4RPO.D,4RPO_1,RCSB30_6710,mapped
4rppD,1,0.7923,4RPP,D,4RPP.D,4RPP_1,RCSB30_1935,mapped
4rquB,1,0.7652,4RQU,B,4RQU.B,4RQU_1,RCSB30_434,mapped
4rqxA,3,0.7273,4RQX,A,4RQX.A,4RQX_1,RCSB30_2748,mapped
4rrhA,1,1.0,4RRH,A,4RRH.A,4RRH_1,RCSB30_14305,mapped
4rs2B,3,0.7808,4RS2,B,4RS2.B,4RS2_1,RCSB30_22074,mapped
4rslA,1,0.6579,4RSL,A,4RSL.A,4RSL_1,RCSB30_8541,mapped
4rsmA,1,0.9324,4RSM,A,4RSM.A,4RSM_1,RCSB30_23975,mapped
4rt1B,1,0.9342,4RT1,B,4RT1.B,4RT1_1,RCSB30_27849,mapped
4rt5A,2,0.89,4RT5,A,4RT5.A,4RT5_1,RCSB30_233576,mapped
4rtbA,2,0.707,4RTB,A,4RTB.A,4RTB_1,RCSB30_92684,mapped
4rtkA,1,0.9589,4RTK,A,4RTK.A,4RTK_1,RCSB30_6445,mapped
4ru1D,2,0.8985,4RU1,D,4RU1.D,4RU1_1,RCSB30_85694,mapped
4ru2E,1,0.7441,4RU2,E,4RU2.E,4RU2_1,RCSB30_7376,mapped
4rubE,1,0.7582,4RUB,E,4RUB.E,4RUB_1,RCSB30_129,mapped
4runA,1,0.5855,4RUN,A,4RUN.A,4RUN_1,RCSB30_5945,mapped
4rv7D,1,0.8011,4RV7,D,4RV7.D,4RV7_1,RCSB30_3483,mapped
4rvdA,2,0.7297,4RVD,A,4RVD.A,4RVD_1,RCSB30_10460,mapped
4rvuC,1,0.874,4RVU,C,4RVU.C,4RVU_1,RCSB30_4338,mapped
4rwaB,1,0.6709,4RWA,B,4RWA.B,4RWA_1,RCSB30_240,mapped
4rwoC,15,0.4822,4RWO,C,4RWO.C,4RWO_3,RCSB30_6653,mapped
4rx4F,3,0.7673,4RX4,F,4RX4.F,4RX4_3,RCSB30_2,mapped
4rxdB,1,0.7975,4RXD,B,4RXD.B,4RXD_1,RCSB30_1807,mapped
4ry0A,1,0.8079,4RY0,A,4RY0.A,4RY0_1,RCSB30_16583,mapped
4ry9B,1,0.7574,4RY9,B,4RY9.B,4RY9_1,RCSB30_11330,mapped
4ryaA,1,0.969,4RYA,A,4RYA.A,4RYA_1,RCSB30_59508,mapped
4ryfJ,1,0.8649,4RYF,J,4RYF.J,4RYF_2,RCSB30_291,mapped
4rzbA,3,0.9736,4RZB,A,4RZB.A,4RZB_1,RCSB30_26480,mapped
4rzmB,1,0.808,4RZM,B,4RZM.B,4RZM_1,RCSB30_26763,mapped
4rztB,1,0.7948,4RZT,B,4RZT.B,4RZT_1,RCSB30_6780,mapped
4s0gA,1,0.8438,4S0G,A,4S0G.A,4S0G_1,RCSB30_6960,mapped
4s13A,1,0.6718,4S13,A,4S13.A,4S13_1,RCSB30_3201,mapped
4s1bB,1,0.7309,4S1B,B,4S1B.B,4S1B_1,RCSB30_53590,mapped
4s1dE,1,0.9332,4S1D,E,4S1D.E,4S1D_1,RCSB30_1,mapped
4s1hB,1,0.7492,4S1H,B,4S1H.B,4S1H_1,RCSB30_51372,mapped
4s1lA,1,0.521,4S1L,A,4S1L.A,4S1L_1,RCSB30_67614,mapped
4s1oA,1,0.6142,4S1O,A,4S1O.A,4S1O_1,RCSB30_953,mapped
4s1oB,1,0.599,4S1O,B,4S1O.B,4S1O_1,RCSB30_953,mapped
4s1pA,3,0.6673,4S1P,A,4S1P.A,4S1P_1,RCSB30_203297,mapped
4s2tB,1,0.511,4S2T,B,4S2T.B,4S2T_1,RCSB30_22341,mapped
4s2yA,2,0.8368,4S2Y,A,4S2Y.A,4S2Y_1,RCSB30_1387,mapped
4s3gA,1,0.7865,4S3G,A,4S3G.A,4S3G_1,RCSB30_7068,mapped
4s3mA,1,0.815,4S3M,A,4S3M.A,4S3M_1,RCSB30_46772,mapped
4s3rA,1,0.6514,4S3R,A,4S3R.A,4S3R_1,RCSB30_14911,mapped
4sgaA,1,0.7897,4SGA,A,4SGA.A,4SGA_1,RCSB30_32807,mapped
4tglA,2,0.5762,4TGL,A,4TGL.A,4TGL_1,RCSB30_17705,mapped
4thiA,1,0.4814,4THI,A,4THI.A,4THI_1,RCSB30_40703,mapped
4tk1B,5,0.761,4TK1,B,4TK1.B,4TK1_1,RCSB30_2773,mapped
4tkgA,1,0.8913,4TKG,A,4TKG.A,4TKG_1,RCSB30_512,mapped
4tkmB,2,0.6222,4TKM,B,4TKM.B,4TKM_1,RCSB30_31713,mapped
4tkxA,3,0.72,4TKX,A,4TKX.A,4TKX_1,RCSB30_16092,mapped
4tl6A,1,0.4409,4TL6,A,4TL6.A,4TL6_1,RCSB30_2177,mapped
4tlgB,2,0.9344,4TLG,B,4TLG.B,4TLG_1,RCSB30_5072,mapped
4tm3B,2,0.7658,4TM3,B,4TM3.B,4TM3_1,RCSB30_18119,mapped
4tmwA,1,1.0,4TMW,A,4TMW.A,4TMW_1,RCSB30_8517,mapped
4tndA,1,0.7262,4TND,A,4TND.A,4TND_1,RCSB30_2655,mapped
4tnvP,1,0.6878,4TNV,P,4TNV.P,4TNV_1,RCSB30_12226,mapped
4to8B,1,0.7754,4TO8,B,4TO8.B,4TO8_1,RCSB30_1297,mapped
4tptA,1,0.877,4TPT,A,4TPT.A,4TPT_1,RCSB30_6647,mapped
4tq2A,1,0.7066,4TQ2,A,4TQ2.A,4TQ2_1,RCSB30_53711,mapped
4tq5A,2,0.5156,4TQ5,A,4TQ5.A,4TQ5_1,RCSB30_45401,mapped
4tqgA,2,0.5752,4TQG,A,4TQG.A,4TQG_1,RCSB30_16306,mapped
4ts7A,1,0.6768,4TS7,A,4TS7.A,4TS7_1,RCSB30_20314,mapped
4tsfC,1,0.816,4TSF,C,4TSF.C,4TSF_1,RCSB30_76,mapped
4tsmC,1,0.8944,4TSM,C,4TSM.C,4TSM_1,RCSB30_23250,mapped
4tsnC,1,0.8031,4TSN,C,4TSN.C,4TSN_1,RCSB30_3449,mapped
4tsrA,1,0.6808,4TSR,A,4TSR.A,4TSR_1,RCSB30_7182,mapped
4tszQ,3,0.8163,4TSZ,Q,4TSZ.Q,4TSZ_1,RCSB30_1412,mapped
4ttsA,1,0.6995,4TTS,A,4TTS.A,4TTS_1,RCSB30_68,mapped
4tvaA,1,1.0,4TVA,A,4TVA.A,4TVA_1,RCSB30_187,mapped
4tvbB,1,0.6945,4TVB,B,4TVB.B,4TVB_1,RCSB30_11576,mapped
4tvfA,1,0.8144,4TVF,A,4TVF.A,4TVF_1,RCSB30_305,mapped
4tvmA,3,0.5998,4TVM,A,4TVM.A,4TVM_1,RCSB30_1864,mapped
4tvuC,1,0.6369,4TVU,C,4TVU.C,4TVU_1,RCSB30_6291,mapped
4twjA,1,0.6675,4TWJ,A,4TWJ.A,4TWJ_1,RCSB30_3647,mapped
4twlA,1,0.8605,4TWL,A,4TWL.A,4TWL_1,RCSB30_9582,mapped
4twrA,1,0.6611,4TWR,A,4TWR.A,4TWR_1,RCSB30_1788,mapped
4tx9A,1,0.7203,4TX9,A,4TX9.A,4TX9_1,RCSB30_168,mapped
4txjB,2,0.9277,4TXJ,B,4TXJ.B,4TXJ_1,RCSB30_13328,mapped
4txzA,1,0.6187,4TXZ,A,4TXZ.A,4TXZ_1,RCSB30_12706,mapped
4tyvB,1,0.8026,4TYV,B,4TYV.B,4TYV_1,RCSB30_19536,mapped
4u0pA,1,0.519,4U0P,A,4U0P.A,4U0P_1,RCSB30_422,mapped
4u0vA,1,0.8084,4U0V,A,4U0V.A,4U0V_1,RCSB30_8958,mapped
4u0zH,2,0.9078,4U0Z,H,4U0Z.H,4U0Z_1,RCSB30_10304,mapped
4u33D,2,0.9199,4U33,D,4U33.D,4U33_1,RCSB30_5557,mapped
4u40A,1,0.8233,4U40,A,4U40.A,4U40_1,RCSB30_2494,mapped
4u5kB,3,0.8422,4U5K,B,4U5K.B,4U5K_1,RCSB30_19614,mapped
4u5wC,1,0.7666,4U5W,C,4U5W.C,4U5W_1,RCSB30_4517,mapped
4u5xA,1,0.9054,4U5X,A,4U5X.A,4U5X_1,RCSB30_3207,mapped
4u62B,2,0.6638,4U62,B,4U62.B,4U62_1,RCSB30_2298,mapped
4u68B,1,0.7333,4U68,B,4U68.B,4U68_1,RCSB30_25887,mapped
4u6jA,2,1.0,4U6J,A,4U6J.A,4U6J_1,RCSB30_2578,mapped
4u7wB,3,0.6325,4U7W,B,4U7W.B,4U7W_1,RCSB30_34040,mapped
4u8uB,1,0.954,4U8U,B,4U8U.B,4U8U_2,RCSB30_2325,mapped
4u8uE,1,0.8206,4U8U,E,4U8U.E,4U8U_1,RCSB30_2325,mapped
4u8uH,1,1.0,4U8U,H,4U8U.H,4U8U_4,RCSB30_2325,mapped
4u8uO,3,0.4737,4U8U,O,4U8U.O,4U8U_7,RCSB30_16328,mapped
4u8uZ,1,0.9544,4U8U,Z,4U8U.Z,4U8U_3,RCSB30_2325,mapped
4u98A,2,0.7017,4U98,A,4U98.A,4U98_1,RCSB30_8535,mapped
4u9kB,1,0.9342,4U9K,B,4U9K.B,4U9K_1,RCSB30_19753,mapped
4u9uA,1,0.6356,4U9U,A,4U9U.A,4U9U_1,RCSB30_2306,mapped
4u9vA,1,0.748,4U9V,A,4U9V.A,4U9V_1,RCSB30_16223,mapped
4ua3B,1,0.8695,4UA3,B,4UA3.B,4UA3_1,RCSB30_69773,mapped
4uakA,1,0.6627,4UAK,A,4UAK.A,4UAK_1,RCSB30_5655,mapped
4uamC,1,0.7641,4UAM,C,4UAM.C,4UAM_1,RCSB30_440,mapped
4uapA,1,0.8438,4UAP,A,4UAP.A,4UAP_1,RCSB30_117860,mapped
4uaxA,1,0.7245,4UAX,A,4UAX.A,4UAX_1,RCSB30_305,mapped
4ubuB,1,0.5509,4UBU,B,4UBU.B,4UBU_1,RCSB30_891,mapped
4uc3B,1,0.5943,4UC3,B,4UC3.B,4UC3_1,RCSB30_10744,mapped
4ucbB,3,0.9513,4UCB,B,4UCB.B,4UCB_1,RCSB30_7488,mapped
4ud0A,1,0.7267,4UD0,A,4UD0.A,4UD0_1,RCSB30_9717,mapped
4udjE,1,0.6926,4UDJ,E,4UDJ.E,4UDJ_1,RCSB30_20488,mapped
4uekA,1,0.4607,4UEK,A,4UEK.A,4UEK_1,RCSB30_4833,mapped
4ufcA,2,0.8788,4UFC,A,4UFC.A,4UFC_1,RCSB30_9885,mapped
4uiiB,1,0.7474,4UII,B,4UII.B,4UII_1,RCSB30_34527,mapped
4uioA,2,0.9036,4UIO,A,4UIO.A,4UIO_1,RCSB30_1568,mapped
4ulvB,1,0.8503,4ULV,B,4ULV.B,4ULV_1,RCSB30_2723,mapped
4umdA,1,0.9547,4UMD,A,4UMD.A,4UMD_1,RCSB30_2238,mapped
4ummF,1,0.7588,4UMM,F,4UMM.F,4UMM_6,RCSB30_20551,mapped
4uofA,1,0.9629,4UOF,A,4UOF.A,4UOF_1,RCSB30_1276,mapped
4up5A,2,1.0,4UP5,A,4UP5.A,4UP5_1,RCSB30_68469,mapped
4up7A,1,0.9339,4UP7,A,4UP7.A,4UP7_1,RCSB30_31278,mapped
4uqvB,2,0.969,4UQV,B,4UQV.B,4UQV_1,RCSB30_4712,mapped
4ur8D,1,0.788,4UR8,D,4UR8.D,4UR8_1,RCSB30_3494,mapped
4uroB,2,0.8518,4URO,B,4URO.B,4URO_1,RCSB30_377,mapped
4usiC,3,0.8297,4USI,C,4USI.C,4USI_1,RCSB30_18310,mapped
4usqB,1,0.7793,4USQ,B,4USQ.B,4USQ_1,RCSB30_41700,mapped
4utgA,1,0.6345,4UTG,A,4UTG.A,4UTG_1,RCSB30_23165,mapped
4utnA,1,0.6118,4UTN,A,4UTN.A,4UTN_1,RCSB30_1867,mapped
4utuA,3,0.9514,4UTU,A,4UTU.A,4UTU_1,RCSB30_1241,mapped
4uupA,1,0.8384,4UUP,A,4UUP.A,4UUP_1,RCSB30_838,mapped
4uuqA,1,0.6299,4UUQ,A,4UUQ.A,4UUQ_1,RCSB30_5116,mapped
4uurB,1,0.9108,4UUR,B,4UUR.B,4UUR_1,RCSB30_11493,mapped
4uuuB,1,0.6604,4UUU,B,4UUU.B,4UUU_1,RCSB30_4428,mapped
4uuxB,2,0.9793,4UUX,B,4UUX.B,4UUX_1,RCSB30_714,mapped
4uw0A,2,0.7724,4UW0,A,4UW0.A,4UW0_1,RCSB30_25583,mapped
4uxjB,1,0.9057,4UXJ,B,4UXJ.B,4UXJ_1,RCSB30_49363,mapped
4uyaA,1,0.6713,4UYA,A,4UYA.A,4UYA_1,RCSB30_10228,mapped
4uybA,3,0.9735,4UYB,A,4UYB.A,4UYB_1,RCSB30_5072,mapped
4uygC,1,0.7166,4UYG,C,4UYG.C,4UYG_1,RCSB30_1456,mapped
4uzlA,1,0.8673,4UZL,A,4UZL.A,4UZL_1,RCSB30_1371,mapped
4v03A,1,0.9431,4V03,A,4V03.A,4V03_1,RCSB30_15254,mapped
4v08B,3,0.7436,4V08,B,4V08.B,4V08_1,RCSB30_22993,mapped
4v0lB,1,0.976,4V0L,B,4V0L.B,4V0L_1,RCSB30_5630,mapped
4v1cI,2,0.6984,4V1C,I,4V1C.I,,SINGLETON_4v1cI,missing_entity
4v1cK,4,0.5744,4V1C,K,4V1C.K,,SINGLETON_4v1cK,missing_entity
4v1tA,2,0.664,4V1T,A,4V1T.A,4V1T_1,RCSB30_43316,mapped
4v3bA,2,0.879,4V3B,A,4V3B.A,4V3B_1,RCSB30_8659,mapped
4v3iA,3,0.4423,4V3I,A,4V3I.A,4V3I_1,RCSB30_39557,mapped
4v4oY,1,0.7438,4V4O,Y,4V4O.Y,4V4O_1,RCSB30_34,mapped
4v8rR,1,0.8718,4V8R,R,4V8R.R,4V8R_2,RCSB30_565,mapped
4v94F,1,0.8717,4V94,F,4V94.F,4V94_6,RCSB30_504,mapped
4v94G,1,0.8934,4V94,G,4V94.G,4V94_7,RCSB30_1198,mapped
4v94P,1,0.9085,4V94,P,4V94.P,4V94_8,RCSB30_565,mapped
4v94R,1,0.8817,4V94,R,4V94.R,4V94_2,RCSB30_1492,mapped
4v94S,1,0.8238,4V94,S,4V94.S,4V94_3,RCSB30_1198,mapped
4v94T,1,0.8571,4V94,T,4V94.T,4V94_4,RCSB30_504,mapped
4v94Y,1,0.7826,4V94,Y,4V94.Y,4V94_1,RCSB30_1478,mapped
4w50B,2,0.6386,4W50,B,4W50.B,4W50_1,RCSB30_581,mapped
4w5kA,1,0.8716,4W5K,A,4W5K.A,4W5K_1,RCSB30_578,mapped
4w6qB,1,0.6461,4W6Q,B,4W6Q.B,4W6Q_1,RCSB30_17268,mapped
4w7nA,1,0.7487,4W7N,A,4W7N.A,4W7N_1,RCSB30_8029,mapped
4w89B,1,0.6044,4W89,B,4W89.B,4W89_1,RCSB30_6565,mapped
4w8xA,1,0.4773,4W8X,A,4W8X.A,4W8X_1,RCSB30_56267,mapped
4w97A,1,0.8291,4W97,A,4W97.A,4W97_1,RCSB30_12772,mapped
4w9xA,5,0.6171,4W9X,A,4W9X.A,4W9X_1,RCSB30_21043,mapped
4wb7B,2,0.8542,4WB7,B,4WB7.B,4WB7_1,RCSB30_339,mapped
4wbgA,1,0.6888,4WBG,A,4WBG.A,4WBG_1,RCSB30_621,mapped
4wciE,1,0.5856,4WCI,E,4WCI.E,4WCI_1,RCSB30_6703,mapped
4wclA,1,0.827,4WCL,A,4WCL.A,4WCL_1,RCSB30_18127,mapped
4wcwA,1,0.4868,4WCW,A,4WCW.A,4WCW_1,RCSB30_36084,mapped
4wcxB,1,0.8489,4WCX,B,4WCX.B,4WCX_1,RCSB30_92684,mapped
4wdaA,1,0.6115,4WDA,A,4WDA.A,4WDA_1,RCSB30_4960,mapped
4we3D,1,0.8744,4WE3,D,4WE3.D,4WE3_1,RCSB30_2206,mapped
4wecB,1,0.7727,4WEC,B,4WEC.B,4WEC_1,RCSB30_1272,mapped
4werA,3,0.8116,4WER,A,4WER.A,4WER_1,RCSB30_3618,mapped
4wfdE,3,0.8287,4WFD,E,4WFD.E,4WFD_2,RCSB30_22097,mapped
4wg4A,2,0.7937,4WG4,A,4WG4.A,4WG4_1,RCSB30_1098,mapped
4wgfB,1,0.8507,4WGF,B,4WGF.B,4WGF_1,RCSB30_14462,mapped
4wghA,1,0.8953,4WGH,A,4WGH.A,4WGH_1,RCSB30_13939,mapped
4wgjA,1,0.6265,4WGJ,A,4WGJ.A,4WGJ_1,RCSB30_12798,mapped
4wgxC,1,0.6379,4WGX,C,4WGX.C,4WGX_1,RCSB30_71027,mapped
4wh5A,1,0.8777,4WH5,A,4WH5.A,4WH5_1,RCSB30_42594,mapped
4whgB,2,0.7297,4WHG,B,4WHG.B,4WHG_1,RCSB30_4050,mapped
4whmA,1,0.5082,4WHM,A,4WHM.A,4WHM_1,RCSB30_4655,mapped
4wj4A,1,0.6622,4WJ4,A,4WJ4.A,4WJ4_1,RCSB30_148,mapped
4wjmA,2,0.7721,4WJM,A,4WJM.A,4WJM_1,RCSB30_3162,mapped
4wk0B,2,0.4233,4WK0,B,4WK0.B,4WK0_2,RCSB30_917,mapped
4wkmB,1,0.868,4WKM,B,4WKM.B,4WKM_1,RCSB30_6145,mapped
4wkrA,1,0.7173,4WKR,A,4WKR.A,4WKR_1,RCSB30_16832,mapped
4wl8A,3,0.6258,4WL8,A,4WL8.A,4WL8_1,RCSB30_1018,mapped
4wleC,1,0.7969,4WLE,C,4WLE.C,4WLE_1,RCSB30_6557,mapped
4wljA,1,0.866,4WLJ,A,4WLJ.A,4WLJ_1,RCSB30_2224,mapped
4wlkA,2,0.87,4WLK,A,4WLK.A,4WLK_1,RCSB30_50517,mapped
4wlzA,1,0.5593,4WLZ,A,4WLZ.A,4WLZ_1,RCSB30_14606,mapped
4wm8A,1,0.6195,4WM8,A,4WM8.A,4WM8_1,RCSB30_19,mapped
4wn9A,1,0.562,4WN9,A,4WN9.A,4WN9_1,RCSB30_1095,mapped
4wn9B,1,0.5219,4WN9,B,4WN9.B,4WN9_2,RCSB30_1446,mapped
4wncA,1,0.8668,4WNC,A,4WNC.A,4WNC_1,RCSB30_304,mapped
4wnnD,3,0.7125,4WNN,D,4WNN.D,4WNN_2,RCSB30_2173,mapped
4wnrA,1,0.8506,4WNR,A,4WNR.A,4WNR_1,RCSB30_26049,mapped
4wopC,1,0.6291,4WOP,C,4WOP.C,4WOP_1,RCSB30_3902,mapped
4wpzA,1,0.703,4WPZ,A,4WPZ.A,4WPZ_1,RCSB30_305,mapped
4wq5B,1,0.9063,4WQ5,B,4WQ5.B,4WQ5_1,RCSB30_246,mapped
4wqlA,1,0.5732,4WQL,A,4WQL.A,4WQL_1,RCSB30_22114,mapped
4wrcA,1,0.954,4WRC,A,4WRC.A,4WRC_1,RCSB30_3046,mapped
4wriA,1,0.7833,4WRI,A,4WRI.A,4WRI_1,RCSB30_183785,mapped
4ws0A,1,0.6204,4WS0,A,4WS0.A,4WS0_1,RCSB30_1025,mapped
4wsoB,1,0.8813,4WSO,B,4WSO.B,4WSO_1,RCSB30_1007,mapped
4wswF,2,0.8993,4WSW,F,4WSW.F,4WSW_2,RCSB30_256,mapped
4wt7B,1,0.9361,4WT7,B,4WT7.B,4WT7_1,RCSB30_71202,mapped
4wtgC,3,0.8166,4WTG,C,4WTG.C,4WTG_2,RCSB30_916,mapped
4wujB,1,0.9283,4WUJ,B,4WUJ.B,4WUJ_1,RCSB30_42072,mapped
4wutA,1,0.7033,4WUT,A,4WUT.A,4WUT_1,RCSB30_20349,mapped
4wuvB,9,0.5079,4WUV,B,4WUV.B,4WUV_1,RCSB30_62340,mapped
4wv3A,1,0.5394,4WV3,A,4WV3.A,4WV3_1,RCSB30_10104,mapped
4wv8A,1,0.9467,4WV8,A,4WV8.A,4WV8_1,RCSB30_1350,mapped
4wvgA,1,0.8366,4WVG,A,4WVG.A,4WVG_1,RCSB30_3611,mapped
4wvuA,2,0.7776,4WVU,A,4WVU.A,4WVU_1,RCSB30_13003,mapped
4ww0A,1,0.8172,4WW0,A,4WW0.A,4WW0_1,RCSB30_2629,mapped
4ww4A,1,0.843,4WW4,A,4WW4.A,4WW4_1,RCSB30_2854,mapped
4ww4B,2,0.7646,4WW4,B,4WW4.B,4WW4_2,RCSB30_1123,mapped
4ww7A,1,0.8246,4WW7,A,4WW7.A,4WW7_1,RCSB30_4752,mapped
4wwhB,1,0.8076,4WWH,B,4WWH.B,4WWH_1,RCSB30_24692,mapped
4wx0A,1,0.8257,4WX0,A,4WX0.A,4WX0_1,RCSB30_5777,mapped
4wxjB,2,0.8978,4WXJ,B,4WXJ.B,4WXJ_1,RCSB30_288,mapped
4wy2A,2,0.6568,4WY2,A,4WY2.A,4WY2_1,RCSB30_13818,mapped
4wymE,2,0.7226,4WYM,E,4WYM.E,4WYM_1,RCSB30_519,mapped
4wyqE,3,0.66,4WYQ,E,4WYQ.E,4WYQ_2,RCSB30_4494,mapped
4wzzA,3,0.9667,4WZZ,A,4WZZ.A,4WZZ_1,RCSB30_104081,mapped
4x04A,1,0.4391,4X04,A,4X04.A,4X04_1,RCSB30_4042,mapped
4x0oG,2,0.6992,4X0O,G,4X0O.G,4X0O_1,RCSB30_276,mapped
4x0pB,2,0.6325,4X0P,B,4X0P.B,4X0P_1,RCSB30_4651,mapped
4x0uA,2,0.6341,4X0U,A,4X0U.A,4X0U_1,RCSB30_68,mapped
4x11A,2,0.455,4X11,A,4X11.A,4X11_1,RCSB30_2298,mapped
4x1dA,2,0.6007,4X1D,A,4X1D.A,4X1D_1,RCSB30_656,mapped
4x1tA,1,0.8422,4X1T,A,4X1T.A,4X1T_1,RCSB30_19132,mapped
4x28B,1,0.4739,4X28,B,4X28.B,4X28_1,RCSB30_26680,mapped
4x2dA,1,0.9513,4X2D,A,4X2D.A,4X2D_1,RCSB30_62155,mapped
4x2jA,3,0.7173,4X2J,A,4X2J.A,4X2J_1,RCSB30_3456,mapped
4x2oA,1,0.8542,4X2O,A,4X2O.A,4X2O_1,RCSB30_19715,mapped
4x2tF,1,0.7758,4X2T,F,4X2T.F,4X2T_1,RCSB30_560,mapped
4x2vD,1,0.4842,4X2V,D,4X2V.D,4X2V_1,RCSB30_1726,mapped
4x30A,2,0.9705,4X30,A,4X30.A,4X30_1,RCSB30_360,mapped
4x3hA,1,0.8625,4X3H,A,4X3H.A,4X3H_1,RCSB30_11878,mapped
4x3mA,1,0.9751,4X3M,A,4X3M.A,4X3M_1,RCSB30_32512,mapped
4x3qD,1,0.6412,4X3Q,D,4X3Q.D,4X3Q_1,RCSB30_39668,mapped
4x3tA,1,0.9531,4X3T,A,4X3T.A,4X3T_1,RCSB30_9622,mapped
4x6cC,1,0.5494,4X6C,C,4X6C.C,4X6C_1,RCSB30_1720,mapped
4x6jA,2,0.9711,4X6J,A,4X6J.A,4X6J_1,RCSB30_658,mapped
4x6kA,3,0.7394,4X6K,A,4X6K.A,4X6K_1,RCSB30_3364,mapped
4x6lA,1,0.5331,4X6L,A,4X6L.A,4X6L_1,RCSB30_15676,mapped
4x7yB,1,0.8423,4X7Y,B,4X7Y.B,4X7Y_1,RCSB30_12830,mapped
4x84A,1,0.94,4X84,A,4X84.A,4X84_1,RCSB30_692,mapped
4x8eB,1,0.5983,4X8E,B,4X8E.B,4X8E_1,RCSB30_10674,mapped
4x8rB,1,0.5401,4X8R,B,4X8R.B,4X8R_1,RCSB30_4042,mapped
4x8yA,2,0.9244,4X8Y,A,4X8Y.A,4X8Y_1,RCSB30_13350,mapped
4x9nA,1,0.8463,4X9N,A,4X9N.A,4X9N_1,RCSB30_36594,mapped
4x9xA,2,0.754,4X9X,A,4X9X.A,4X9X_1,RCSB30_2818,mapped
4xajB,2,0.9495,4XAJ,B,4XAJ.B,4XAJ_1,RCSB30_33348,mapped
4xauC,1,0.7988,4XAU,C,4XAU.C,4XAU_1,RCSB30_57705,mapped
4xb5A,1,0.7184,4XB5,A,4XB5.A,4XB5_1,RCSB30_4728,mapped
4xboB,1,0.9239,4XBO,B,4XBO.B,4XBO_1,RCSB30_5337,mapped
4xcaD,1,0.9391,4XCA,D,4XCA.D,4XCA_1,RCSB30_52173,mapped
4xcjA,1,0.8739,4XCJ,A,4XCJ.A,4XCJ_1,RCSB30_166,mapped
4xckD,1,0.8115,4XCK,D,4XCK.D,4XCK_1,RCSB30_2341,mapped
4xcqA,1,0.8169,4XCQ,A,4XCQ.A,4XCQ_1,RCSB30_84991,mapped
4xcvA,2,0.7323,4XCV,A,4XCV.A,4XCV_1,RCSB30_3249,mapped
4xcxA,1,0.7324,4XCX,A,4XCX.A,4XCX_1,RCSB30_18224,mapped
4xd7F,3,0.7665,4XD7,F,4XD7.F,4XD7_2,RCSB30_322,mapped
4xdbB,1,0.9056,4XDB,B,4XDB.B,,SINGLETON_4xdbB,missing_entity
4xdiA,1,0.911,4XDI,A,4XDI.A,4XDI_1,RCSB30_5060,mapped
4xe0A,2,0.8837,4XE0,A,4XE0.A,4XE0_1,RCSB30_892,mapped
4xefD,1,0.96,4XEF,D,4XEF.D,4XEF_1,RCSB30_2299,mapped
4xemA,1,0.9003,4XEM,A,4XEM.A,4XEM_1,RCSB30_170,mapped
4xeqB,1,0.7222,4XEQ,B,4XEQ.B,4XEQ_1,RCSB30_4042,mapped
4xg0A,1,0.8933,4XG0,A,4XG0.A,4XG0_1,RCSB30_65731,mapped
4xgnH,1,0.7998,4XGN,H,4XGN.H,4XGN_1,RCSB30_3837,mapped
4xgxA,1,0.8772,4XGX,A,4XGX.A,4XGX_1,RCSB30_10831,mapped
4xhcA,2,0.9652,4XHC,A,4XHC.A,4XHC_1,RCSB30_93341,mapped
4xhdA,1,0.8331,4XHD,A,4XHD.A,4XHD_1,RCSB30_2568,mapped
4xhgA,1,0.826,4XHG,A,4XHG.A,4XHG_1,RCSB30_28184,mapped
4xhoA,1,0.771,4XHO,A,4XHO.A,4XHO_1,RCSB30_42612,mapped
4xhvA,1,0.6071,4XHV,A,4XHV.A,4XHV_1,RCSB30_11849,mapped
4xivB,1,0.8254,4XIV,B,4XIV.B,4XIV_1,RCSB30_5012,mapped
4xiwE,3,0.7754,4XIW,E,4XIW.E,4XIW_1,RCSB30_63552,mapped
4xizB,1,0.7115,4XIZ,B,4XIZ.B,4XIZ_1,RCSB30_9107,mapped
4xj7D,1,0.8267,4XJ7,D,4XJ7.D,4XJ7_1,RCSB30_270,mapped
4xk4B,2,1.0,4XK4,B,4XK4.B,4XK4_1,RCSB30_13810,mapped
4xkcA,1,0.8806,4XKC,A,4XKC.A,4XKC_1,RCSB30_28473,mapped
4xl4B,1,0.8832,4XL4,B,4XL4.B,4XL4_1,RCSB30_733,mapped
4xl8C,3,0.9458,4XL8,C,4XL8.C,4XL8_1,RCSB30_3411,mapped
4xlyA,1,0.7211,4XLY,A,4XLY.A,4XLY_1,RCSB30_33846,mapped
4xmaA,3,0.8466,4XMA,A,4XMA.A,4XMA_1,RCSB30_3364,mapped
4xmcA,1,0.7759,4XMC,A,4XMC.A,4XMC_1,RCSB30_2747,mapped
4xmrA,1,1.0,4XMR,A,4XMR.A,4XMR_1,RCSB30_16531,mapped
4xnwA,1,0.891,4XNW,A,4XNW.A,4XNW_1,RCSB30_3675,mapped
4xoiC,1,0.9126,4XOI,C,4XOI.C,4XOI_1,RCSB30_7414,mapped
4xplA,1,0.6692,4XPL,A,4XPL.A,4XPL_1,RCSB30_31593,mapped
4xq6A,1,0.8404,4XQ6,A,4XQ6.A,4XQ6_1,RCSB30_2117,mapped
4xq8B,2,0.9355,4XQ8,B,4XQ8.B,4XQ8_1,RCSB30_2145,mapped
4xreA,1,0.8165,4XRE,A,4XRE.A,4XRE_1,RCSB30_14672,mapped
4xruC,1,0.8477,4XRU,C,4XRU.C,4XRU_3,RCSB30_82621,mapped
4xruD,2,0.5043,4XRU,D,4XRU.D,4XRU_1,RCSB30_23044,mapped
4xrxB,2,0.6019,4XRX,B,4XRX.B,4XRX_1,RCSB30_1142,mapped
4xsdA,1,0.6545,4XSD,A,4XSD.A,4XSD_1,RCSB30_121,mapped
4xshB,1,0.8288,4XSH,B,4XSH.B,4XSH_2,RCSB30_5173,mapped
4xspB,1,0.634,4XSP,B,4XSP.B,4XSP_1,RCSB30_48543,mapped
4xt5A,1,0.7388,4XT5,A,4XT5.A,4XT5_1,RCSB30_21059,mapped
4xtdB,1,0.5681,4XTD,B,4XTD.B,4XTD_1,RCSB30_522,mapped
4xttA,1,0.9552,4XTT,A,4XTT.A,4XTT_1,RCSB30_6983,mapped
4xulA,1,0.7851,4XUL,A,4XUL.A,4XUL_1,RCSB30_62607,mapped
4xwtA,1,0.9527,4XWT,A,4XWT.A,4XWT_1,RCSB30_18343,mapped
4xx0A,1,0.6127,4XX0,A,4XX0.A,4XX0_1,RCSB30_1491,mapped
4xxhB,1,0.5758,4XXH,B,4XXH.B,4XXH_1,RCSB30_42556,mapped
4xxlA,1,0.882,4XXL,A,4XXL.A,4XXL_1,RCSB30_206008,mapped
4xxvB,3,0.6926,4XXV,B,4XXV.B,4XXV_1,RCSB30_117,mapped
4xybB,1,0.7665,4XYB,B,4XYB.B,4XYB_1,RCSB30_2668,mapped
4xydB,1,0.8679,4XYD,B,4XYD.B,4XYD_2,RCSB30_16969,mapped
4xyjH,3,0.9064,4XYJ,H,4XYJ.H,4XYJ_1,RCSB30_667,mapped
4xzjA,1,0.8085,4XZJ,A,4XZJ.A,4XZJ_1,RCSB30_44026,mapped
4xzmA,1,0.7596,4XZM,A,4XZM.A,4XZM_1,RCSB30_366,mapped
4y0aA,1,0.5381,4Y0A,A,4Y0A.A,4Y0A_1,RCSB30_1087,mapped
4y0kA,2,0.6819,4Y0K,A,4Y0K.A,4Y0K_1,RCSB30_13399,mapped
4y0uA,3,0.8407,4Y0U,A,4Y0U.A,4Y0U_1,RCSB30_1230,mapped
4y0vA,1,0.8595,4Y0V,A,4Y0V.A,4Y0V_1,RCSB30_873,mapped
4y0xA,2,0.7415,4Y0X,A,4Y0X.A,4Y0X_1,RCSB30_14412,mapped
4y17C,1,0.975,4Y17,C,4Y17.C,4Y17_1,RCSB30_5776,mapped
4y1pB,2,0.6072,4Y1P,B,4Y1P.B,4Y1P_1,RCSB30_15352,mapped
4y33B,2,0.7661,4Y33,B,4Y33.B,4Y33_1,RCSB30_8721,mapped
4y3bB,2,0.5392,4Y3B,B,4Y3B.B,,SINGLETON_4y3bB,missing_entity
4y4nE,1,0.8953,4Y4N,E,4Y4N.E,4Y4N_1,RCSB30_3112,mapped
4y5qA,1,0.5351,4Y5Q,A,4Y5Q.A,4Y5Q_1,RCSB30_1098,mapped
4y5sB,1,0.7055,4Y5S,B,4Y5S.B,4Y5S_1,RCSB30_2478,mapped
4y5xK,3,0.9564,4Y5X,K,4Y5X.K,4Y5X_2,RCSB30_4,mapped
4y6kC,1,0.6688,4Y6K,C,4Y6K.C,4Y6K_1,RCSB30_48852,mapped
4y6qA,1,0.805,4Y6Q,A,4Y6Q.A,4Y6Q_1,RCSB30_2466,mapped
4y8vD,2,0.8867,4Y8V,D,4Y8V.D,4Y8V_2,RCSB30_13748,mapped
4y9dA,1,0.7271,4Y9D,A,4Y9D.A,4Y9D_1,RCSB30_9508,mapped
4y9pA,1,0.9299,4Y9P,A,4Y9P.A,4Y9P_1,RCSB30_9680,mapped
4y9tA,1,0.8192,4Y9T,A,4Y9T.A,4Y9T_1,RCSB30_73849,mapped
4yacA,1,0.7565,4YAC,A,4YAC.A,4YAC_1,RCSB30_9508,mapped
4yagA,1,0.8228,4YAG,A,4YAG.A,4YAG_1,RCSB30_9508,mapped
4yahA,1,1.0,4YAH,A,4YAH.A,4YAH_1,RCSB30_2785,mapped
4yakA,2,0.7805,4YAK,A,4YAK.A,4YAK_1,RCSB30_16419,mapped
4yb7B,1,0.8837,4YB7,B,4YB7.B,4YB7_1,RCSB30_289,mapped
4yc3A,1,0.7215,4YC3,A,4YC3.A,4YC3_1,RCSB30_4214,mapped
4ycoC,1,0.781,4YCO,C,4YCO.C,4YCO_1,RCSB30_2994,mapped
4yd2A,1,0.5117,4YD2,A,4YD2.A,4YD2_1,RCSB30_1110,mapped
4yduC,1,0.6446,4YDU,C,4YDU.C,4YDU_2,RCSB30_10079,mapped
4ye2A,1,0.7743,4YE2,A,4YE2.A,4YE2_1,RCSB30_37826,mapped
4yeeN,1,0.8129,4YEE,N,4YEE.N,4YEE_1,RCSB30_4377,mapped
4yf1B,1,0.5399,4YF1,B,4YF1.B,4YF1_1,RCSB30_152450,mapped
4yfaC,1,0.9377,4YFA,C,4YFA.C,4YFA_3,RCSB30_10934,mapped
4ygfF,1,0.8578,4YGF,F,4YGF.F,4YGF_1,RCSB30_3927,mapped
4yhfA,1,0.8965,4YHF,A,4YHF.A,4YHF_1,RCSB30_676,mapped
4yhgA,1,0.7268,4YHG,A,4YHG.A,4YHG_1,RCSB30_6565,mapped
4yhjB,1,0.851,4YHJ,B,4YHJ.B,4YHJ_1,RCSB30_2655,mapped
4yhmA,1,0.8884,4YHM,A,4YHM.A,4YHM_1,RCSB30_1,mapped
4yhsA,1,0.4736,4YHS,A,4YHS.A,4YHS_1,RCSB30_25256,mapped
4yicB,1,0.9622,4YIC,B,4YIC.B,4YIC_1,RCSB30_23074,mapped
4yj1A,2,0.7793,4YJ1,A,4YJ1.A,4YJ1_1,RCSB30_28779,mapped
4yjkB,1,0.7946,4YJK,B,4YJK.B,4YJK_1,RCSB30_372,mapped
4yjsA,1,0.8624,4YJS,A,4YJS.A,4YJS_1,RCSB30_1927,mapped
4ykaA,1,0.8708,4YKA,A,4YKA.A,4YKA_1,RCSB30_3518,mapped
4ykoB,1,0.8995,4YKO,B,4YKO.B,4YKO_1,RCSB30_211,mapped
4ylhI,3,0.724,4YLH,I,4YLH.I,4YLH_1,RCSB30_23756,mapped
4ylqB,1,0.8922,4YLQ,B,4YLQ.B,4YLQ_2,RCSB30_252,mapped
4ymgA,1,0.643,4YMG,A,4YMG.A,4YMG_1,RCSB30_27921,mapped
4ymuB,2,0.8909,4YMU,B,4YMU.B,4YMU_1,RCSB30_788,mapped
4ymwC,3,0.9004,4YMW,C,4YMW.C,4YMW_2,RCSB30_2342,mapped
4ymxA,2,0.8496,4YMX,A,4YMX.A,4YMX_1,RCSB30_4931,mapped
4yn2A,8,0.7707,4YN2,A,4YN2.A,4YN2_1,RCSB30_67608,mapped
4ynlB,1,0.4555,4YNL,B,4YNL.B,4YNL_1,RCSB30_13970,mapped
4ynnA,1,0.787,4YNN,A,4YNN.A,4YNN_1,RCSB30_2725,mapped
4yo0C,1,0.7707,4YO0,C,4YO0.C,4YO0_1,RCSB30_1051,mapped
4yo7A,2,0.6376,4YO7,A,4YO7.A,4YO7_1,RCSB30_23975,mapped
4yoeA,1,0.7796,4YOE,A,4YOE.A,4YOE_1,RCSB30_1364,mapped
4yoyC,1,0.8191,4YOY,C,4YOY.C,4YOY_1,RCSB30_24227,mapped
4yp1A,2,0.8459,4YP1,A,4YP1.A,4YP1_1,RCSB30_1693,mapped
4yp6B,1,0.9072,4YP6,B,4YP6.B,4YP6_1,RCSB30_4116,mapped
4ypaB,2,0.9228,4YPA,B,4YPA.B,4YPA_1,RCSB30_13531,mapped
4yr9C,1,0.8518,4YR9,C,4YR9.C,4YR9_1,RCSB30_3555,mapped
4yrbD,1,0.9158,4YRB,D,4YRB.D,4YRB_1,RCSB30_3555,mapped
4yrdA,3,0.843,4YRD,A,4YRD.A,4YRD_1,RCSB30_33964,mapped
4ys2B,2,1.0,4YS2,B,4YS2.B,4YS2_1,RCSB30_45819,mapped
4ys6A,2,0.7576,4YS6,A,4YS6.A,4YS6_1,RCSB30_24692,mapped
4yshA,1,0.7859,4YSH,A,4YSH.A,4YSH_1,RCSB30_23511,mapped
4ysxB,2,0.4333,4YSX,B,4YSX.B,4YSX_2,RCSB30_2399,mapped
4yt3B,1,0.8047,4YT3,B,4YT3.B,4YT3_1,RCSB30_305,mapped
4ytnH,2,0.4917,4YTN,H,4YTN.H,4YTN_4,RCSB30_12005,mapped
4yutB,1,0.679,4YUT,B,4YUT.B,4YUT_1,RCSB30_8624,mapped
4yvgA,1,1.0,4YVG,A,4YVG.A,4YVG_1,RCSB30_139,mapped
4ywhA,3,1.0,4YWH,A,4YWH.A,4YWH_1,RCSB30_23789,mapped
4ywrA,1,0.8359,4YWR,A,4YWR.A,4YWR_1,RCSB30_3700,mapped
4yx6A,1,0.8158,4YX6,A,4YX6.A,4YX6_1,RCSB30_36937,mapped
4yx9A,1,0.7675,4YX9,A,4YX9.A,4YX9_1,RCSB30_4124,mapped
4yyeB,2,0.9152,4YYE,B,4YYE.B,4YYE_1,RCSB30_17617,mapped
4yyjB,1,0.7824,4YYJ,B,4YYJ.B,4YYJ_1,RCSB30_3958,mapped
4yynA,1,0.5966,4YYN,A,4YYN.A,4YYN_1,RCSB30_2886,mapped
4yzdB,1,0.9325,4YZD,B,4YZD.B,4YZD_1,RCSB30_4250,mapped
4yzrA,1,0.7729,4YZR,A,4YZR.A,4YZR_1,RCSB30_305,mapped
4z0uB,1,0.9221,4Z0U,B,4Z0U.B,4Z0U_1,RCSB30_993,mapped
4z1iD,1,0.911,4Z1I,D,4Z1I.D,4Z1I_1,RCSB30_3525,mapped
4z26D,1,0.8255,4Z26,D,4Z26.D,4Z26_1,RCSB30_24263,mapped
4z2tB,1,0.7104,4Z2T,B,4Z2T.B,4Z2T_1,RCSB30_3704,mapped
4z2vC,1,0.6346,4Z2V,C,4Z2V.C,4Z2V_1,RCSB30_6634,mapped
4z38A,1,0.7133,4Z38,A,4Z38.A,4Z38_1,RCSB30_9330,mapped
4z44A,1,0.739,4Z44,A,4Z44.A,4Z44_1,RCSB30_3660,mapped
4z4pA,3,0.6427,4Z4P,A,4Z4P.A,4Z4P_1,RCSB30_16287,mapped
4z51A,1,0.7651,4Z51,A,4Z51.A,4Z51_1,RCSB30_15406,mapped
4z5pA,1,0.5277,4Z5P,A,4Z5P.A,4Z5P_1,RCSB30_305,mapped
4z73L,2,0.8945,4Z73,L,4Z73.L,4Z73_1,RCSB30_1125,mapped
4z7fB,1,0.7465,4Z7F,B,4Z7F.B,4Z7F_1,RCSB30_16219,mapped
4z7wA,2,0.7531,4Z7W,A,4Z7W.A,4Z7W_1,RCSB30_542,mapped
4z89F,2,0.7557,4Z89,F,4Z89.F,4Z89_1,RCSB30_33705,mapped
4z9mH,1,0.8233,4Z9M,H,4Z9M.H,4Z9M_1,RCSB30_2546,mapped
4za1A,1,0.7439,4ZA1,A,4ZA1.A,4ZA1_1,RCSB30_233168,mapped
4za2D,1,0.8594,4ZA2,D,4ZA2.D,4ZA2_1,RCSB30_1272,mapped
4za4A,1,0.9374,4ZA4,A,4ZA4.A,4ZA4_1,RCSB30_3201,mapped
4za6A,1,0.6822,4ZA6,A,4ZA6.A,4ZA6_1,RCSB30_72866,mapped
4zacB,1,0.8883,4ZAC,B,4ZAC.B,4ZAC_1,RCSB30_3201,mapped
4zadA,1,0.8961,4ZAD,A,4ZAD.A,4ZAD_1,RCSB30_3201,mapped
4zasA,8,0.4661,4ZAS,A,4ZAS.A,4ZAS_1,RCSB30_57705,mapped
4zb9D,1,0.7333,4ZB9,D,4ZB9.D,4ZB9_1,RCSB30_7795,mapped
4zbgA,1,0.6646,4ZBG,A,4ZBG.A,4ZBG_1,RCSB30_22074,mapped
4zbiA,1,0.9701,4ZBI,A,4ZBI.A,4ZBI_1,RCSB30_1926,mapped
4zblA,2,0.9005,4ZBL,A,4ZBL.A,4ZBL_1,RCSB30_12483,mapped
4zc6B,1,0.5684,4ZC6,B,4ZC6.B,4ZC6_2,RCSB30_3255,mapped
4zcdB,1,0.8371,4ZCD,B,4ZCD.B,4ZCD_1,RCSB30_27713,mapped
4zcfC,1,0.4401,4ZCF,C,4ZCF.C,4ZCF_2,RCSB30_55976,mapped
4zclA,3,0.5308,4ZCL,A,4ZCL.A,4ZCL_1,RCSB30_4786,mapped
4zdqD,3,0.9267,4ZDQ,D,4ZDQ.D,4ZDQ_1,RCSB30_186,mapped
4ze9A,1,0.6076,4ZE9,A,4ZE9.A,4ZE9_1,RCSB30_8159,mapped
4zevA,1,0.973,4ZEV,A,4ZEV.A,4ZEV_1,RCSB30_29871,mapped
4zfkB,1,0.7944,4ZFK,B,4ZFK.B,4ZFK_1,RCSB30_30495,mapped
4zfnB,1,0.7807,4ZFN,B,4ZFN.B,4ZFN_1,RCSB30_20314,mapped
4zg4A,1,0.7293,4ZG4,A,4ZG4.A,4ZG4_1,RCSB30_2801,mapped
4zglC,1,0.8762,4ZGL,C,4ZGL.C,4ZGL_1,RCSB30_2022,mapped
4zgnA,2,0.5542,4ZGN,A,4ZGN.A,4ZGN_1,RCSB30_9794,mapped
4zgsG,1,0.6281,4ZGS,G,4ZGS.G,4ZGS_1,RCSB30_3379,mapped
4zgxH,1,0.69,4ZGX,H,4ZGX.H,4ZGX_1,RCSB30_4440,mapped
4zi2A,1,0.9511,4ZI2,A,4ZI2.A,4ZI2_1,RCSB30_3324,mapped
4zicB,1,0.827,4ZIC,B,4ZIC.B,4ZIC_1,RCSB30_6924,mapped
4zjiC,1,0.951,4ZJI,C,4ZJI.C,4ZJI_1,RCSB30_5861,mapped
4zjnB,1,0.4986,4ZJN,B,4ZJN.B,4ZJN_1,RCSB30_29819,mapped
4zjpA,2,0.729,4ZJP,A,4ZJP.A,4ZJP_1,RCSB30_11330,mapped
4zjuA,1,0.5791,4ZJU,A,4ZJU.A,4ZJU_1,RCSB30_1340,mapped
4zkdA,2,0.8645,4ZKD,A,4ZKD.A,4ZKD_1,RCSB30_51806,mapped
4zkiB,1,0.9517,4ZKI,B,4ZKI.B,4ZKI_1,RCSB30_6020,mapped
4zl4A,1,0.8009,4ZL4,A,4ZL4.A,4ZL4_1,RCSB30_26030,mapped
4zlaD,3,0.8688,4ZLA,D,4ZLA.D,4ZLA_1,RCSB30_8195,mapped
4zm6A,2,0.6203,4ZM6,A,4ZM6.A,4ZM6_1,RCSB30_63724,mapped
4znlA,1,0.9294,4ZNL,A,4ZNL.A,4ZNL_1,RCSB30_38513,mapped
4zo3B,1,0.9103,4ZO3,B,4ZO3.B,4ZO3_1,RCSB30_17053,mapped
4zocB,5,0.5614,4ZOC,B,4ZOC.B,4ZOC_1,RCSB30_4056,mapped
4zowA,1,0.5291,4ZOW,A,4ZOW.A,4ZOW_1,RCSB30_6700,mapped
4zq0B,7,0.7168,4ZQ0,B,4ZQ0.B,4ZQ0_1,RCSB30_537,mapped
4zraA,1,0.7861,4ZRA,A,4ZRA.A,4ZRA_1,RCSB30_13174,mapped
4zrmA,2,0.8284,4ZRM,A,4ZRM.A,4ZRM_1,RCSB30_10629,mapped
4zrtA,1,0.8441,4ZRT,A,4ZRT.A,4ZRT_1,RCSB30_330,mapped
4ztoD,3,0.4968,4ZTO,D,4ZTO.D,4ZTO_1,RCSB30_4,mapped
4ztyA,2,0.4723,4ZTY,A,4ZTY.A,4ZTY_1,RCSB30_518,mapped
4ztzA,3,0.5921,4ZTZ,A,4ZTZ.A,4ZTZ_1,RCSB30_3815,mapped
4zu4C,2,0.7168,4ZU4,C,4ZU4.C,4ZU4_1,RCSB30_20990,mapped
4zudA,1,0.5384,4ZUD,A,4ZUD.A,4ZUD_1,RCSB30_240,mapped
4zv2A,1,0.8661,4ZV2,A,4ZV2.A,4ZV2_1,RCSB30_5360,mapped
4zv3A,1,0.7109,4ZV3,A,4ZV3.A,4ZV3_1,RCSB30_14820,mapped
4zv5B,2,0.6978,4ZV5,B,4ZV5.B,4ZV5_1,RCSB30_5789,mapped
4zvaB,1,0.9335,4ZVA,B,4ZVA.B,4ZVA_1,RCSB30_15012,mapped
4zwbA,1,0.6736,4ZWB,A,4ZWB.A,4ZWB_1,RCSB30_4095,mapped
4zwmA,2,0.8448,4ZWM,A,4ZWM.A,4ZWM_1,RCSB30_1595,mapped
4zxaF,2,0.9325,4ZXA,F,4ZXA.F,4ZXA_2,RCSB30_30871,mapped
4zyjA,1,0.5953,4ZYJ,A,4ZYJ.A,4ZYJ_1,RCSB30_27012,mapped
4zz7D,1,0.8524,4ZZ7,D,4ZZ7.D,4ZZ7_1,RCSB30_2339,mapped
4zz8A,1,0.9129,4ZZ8,A,4ZZ8.A,4ZZ8_1,RCSB30_20545,mapped
4zzxA,1,0.8666,4ZZX,A,4ZZX.A,4ZZX_1,RCSB30_1059,mapped
5a01B,1,0.6724,5A01,B,5A01.B,5A01_1,RCSB30_3408,mapped
5a02C,1,0.857,5A02,C,5A02.C,5A02_1,RCSB30_15383,mapped
5a07B,1,0.7253,5A07,B,5A07.B,5A07_1,RCSB30_59035,mapped
5a0jA,1,0.5715,5A0J,A,5A0J.A,,SINGLETON_5a0jA,missing_entity
5a0uA,2,0.9342,5A0U,A,5A0U.A,5A0U_1,RCSB30_3962,mapped
5a0xB,1,0.7198,5A0X,B,5A0X.B,5A0X_1,RCSB30_7578,mapped
5a13J,1,0.9279,5A13,J,5A13.J,5A13_1,RCSB30_13537,mapped
5a1tA,5,0.5204,5A1T,A,5A1T.A,5A1T_1,RCSB30_838,mapped
5a2cA,1,0.7806,5A2C,A,5A2C.A,5A2C_1,RCSB30_16885,mapped
5a2jA,1,0.7559,5A2J,A,5A2J.A,5A2J_1,RCSB30_425,mapped
5a2wB,1,0.6304,5A2W,B,5A2W.B,5A2W_1,RCSB30_17918,mapped
5a3bA,1,0.6573,5A3B,A,5A3B.A,5A3B_1,RCSB30_34807,mapped
5a3kA,3,0.8129,5A3K,A,5A3K.A,5A3K_1,RCSB30_34524,mapped
5a5wA,1,0.9344,5A5W,A,5A5W.A,5A5W_1,RCSB30_168,mapped
5a63B,2,0.7592,5A63,B,5A63.B,5A63_2,RCSB30_3876,mapped
5a65B,1,0.6833,5A65,B,5A65.B,5A65_1,RCSB30_19048,mapped
5a8bA,1,0.9247,5A8B,A,5A8B.A,5A8B_1,RCSB30_13256,mapped
5a8qA,1,0.8864,5A8Q,A,5A8Q.A,5A8Q_1,RCSB30_20155,mapped
5a9aA,1,0.7935,5A9A,A,5A9A.A,5A9A_1,RCSB30_54537,mapped
5a9sA,2,0.6501,5A9S,A,5A9S.A,5A9S_1,RCSB30_2438,mapped
5aa5L,3,0.8971,5AA5,L,5AA5.L,5AA5_1,RCSB30_168636,mapped
5aaoB,3,0.5495,5AAO,B,5AAO.B,5AAO_1,RCSB30_793,mapped
5ab7D,1,0.7829,5AB7,D,5AB7.D,5AB7_1,RCSB30_29558,mapped
5abaB,1,0.8732,5ABA,B,5ABA.B,5ABA_1,RCSB30_697,mapped
5abmD,2,0.8349,5ABM,D,5ABM.D,5ABM_1,RCSB30_68,mapped
5abnA,1,0.9841,5ABN,A,5ABN.A,5ABN_1,RCSB30_2251,mapped
5abuA,1,0.7174,5ABU,A,5ABU.A,5ABU_1,RCSB30_2406,mapped
5ac5A,1,1.0,5AC5,A,5AC5.A,5AC5_1,RCSB30_15391,mapped
5afpA,1,0.6059,5AFP,A,5AFP.A,5AFP_1,RCSB30_2181,mapped
5afuM,1,0.669,5AFU,M,5AFU.M,5AFU_5,RCSB30_682,mapped
5afuP,1,0.7212,5AFU,P,5AFU.P,5AFU_7,RCSB30_5764,mapped
5agdB,2,0.716,5AGD,B,5AGD.B,5AGD_1,RCSB30_17031,mapped
5agrA,1,0.9146,5AGR,A,5AGR.A,5AGR_1,RCSB30_155,mapped
5ah5B,1,0.7934,5AH5,B,5AH5.B,5AH5_1,RCSB30_155,mapped
5ahmA,1,0.8999,5AHM,A,5AHM.A,5AHM_1,RCSB30_522,mapped
5ahwE,1,0.9364,5AHW,E,5AHW.E,5AHW_1,RCSB30_30299,mapped
5ai9A,1,0.6588,5AI9,A,5AI9.A,5AI9_1,RCSB30_805,mapped
5aigA,1,0.9018,5AIG,A,5AIG.A,5AIG_1,RCSB30_36067,mapped
5aipB,1,0.8761,5AIP,B,5AIP.B,5AIP_1,RCSB30_17643,mapped
5ajtB,1,0.5983,5AJT,B,5AJT.B,5AJT_1,RCSB30_27484,mapped
5ameB,1,0.6978,5AME,B,5AME.B,5AME_1,RCSB30_380,mapped
5apaA,1,0.8481,5APA,A,5APA.A,5APA_1,RCSB30_4747,mapped
5aprA,2,0.678,5APR,A,5APR.A,5APR_1,RCSB30_57,mapped
5arlB,1,0.9596,5ARL,B,5ARL.B,5ARL_1,RCSB30_1766,mapped
5auoB,1,0.8632,5AUO,B,5AUO.B,5AUO_2,RCSB30_6485,mapped
5awmA,1,0.7588,5AWM,A,5AWM.A,5AWM_1,RCSB30_2457,mapped
5axrA,1,0.7068,5AXR,A,5AXR.A,5AXR_1,RCSB30_2254,mapped
5az1A,1,0.8264,5AZ1,A,5AZ1.A,5AZ1_1,RCSB30_7302,mapped
5az3A,1,0.8403,5AZ3,A,5AZ3.A,5AZ3_1,RCSB30_37639,mapped
5b09A,1,0.9586,5B09,A,5B09.A,5B09_1,RCSB30_5728,mapped
5b0jC,1,0.9215,5B0J,C,5B0J.C,5B0J_1,RCSB30_16374,mapped
5b0oB,2,0.738,5B0O,B,5B0O.B,5B0O_1,RCSB30_20182,mapped
5b0qA,1,0.6799,5B0Q,A,5B0Q.A,5B0Q_1,RCSB30_12280,mapped
5b8fC,2,0.8716,5B8F,C,5B8F.C,5B8F_1,RCSB30_186,mapped
5bn3A,1,0.5997,5BN3,A,5BN3.A,5BN3_1,RCSB30_659,mapped
5bnhD,1,0.8236,5BNH,D,5BNH.D,5BNH_3,RCSB30_11368,mapped
5bniB,1,0.8453,5BNI,B,5BNI.B,5BNI_1,RCSB30_2268,mapped
5bntC,1,0.6043,5BNT,C,5BNT.C,5BNT_1,RCSB30_4542,mapped
5boaE,2,0.8701,5BOA,E,5BOA.E,5BOA_1,RCSB30_70315,mapped
5bp0J,1,0.7732,5BP0,J,5BP0.J,5BP0_1,RCSB30_2800,mapped
5bp7B,1,0.6293,5BP7,B,5BP7.B,5BP7_1,RCSB30_24501,mapped
5bpqB,3,0.4468,5BPQ,B,5BPQ.B,5BPQ_1,RCSB30_18418,mapped
5bq2D,1,0.7871,5BQ2,D,5BQ2.D,5BQ2_1,RCSB30_188,mapped
5bq5C,1,0.7622,5BQ5,C,5BQ5.C,5BQ5_1,RCSB30_15985,mapped
5bqaC,1,0.5914,5BQA,C,5BQA.C,5BQA_1,RCSB30_2431,mapped
5bqyF,3,0.6969,5BQY,F,5BQY.F,5BQY_2,RCSB30_604,mapped
5br4B,1,0.959,5BR4,B,5BR4.B,5BR4_1,RCSB30_1058,mapped
5bsbA,1,0.735,5BSB,A,5BSB.A,5BSB_1,RCSB30_765,mapped
5bskA,2,0.7129,5BSK,A,5BSK.A,5BSK_1,RCSB30_2962,mapped
5bsuA,1,0.8461,5BSU,A,5BSU.A,5BSU_1,RCSB30_323,mapped
5bt9C,1,0.9276,5BT9,C,5BT9.C,5BT9_1,RCSB30_77919,mapped
5btxA,1,0.8813,5BTX,A,5BTX.A,5BTX_1,RCSB30_20402,mapped
5budA,1,0.4817,5BUD,A,5BUD.A,5BUD_1,RCSB30_8719,mapped
5bugD,2,1.0,5BUG,D,5BUG.D,5BUG_1,RCSB30_6351,mapped
5busB,1,0.6512,5BUS,B,5BUS.B,5BUS_1,RCSB30_4559,mapped
5bv5A,1,0.9315,5BV5,A,5BV5.A,5BV5_1,RCSB30_12907,mapped
5bv6A,1,0.951,5BV6,A,5BV6.A,5BV6_1,RCSB30_12620,mapped
5bvsB,1,0.8381,5BVS,B,5BVS.B,5BVS_1,RCSB30_211,mapped
5bvtA,1,0.8605,5BVT,A,5BVT.A,5BVT_1,RCSB30_211,mapped
5bwaA,1,0.4621,5BWA,A,5BWA.A,5BWA_1,RCSB30_2809,mapped
5bx2A,1,0.7736,5BX2,A,5BX2.A,5BX2_1,RCSB30_3487,mapped
5bxyA,1,0.6781,5BXY,A,5BXY.A,5BXY_1,RCSB30_31695,mapped
5by6B,1,0.5806,5BY6,B,5BY6.B,5BY6_1,RCSB30_121,mapped
5bz4H,1,0.8049,5BZ4,H,5BZ4.H,5BZ4_1,RCSB30_891,mapped
5c03B,1,0.9182,5C03,B,5C03.B,5C03_1,RCSB30_495,mapped
5c0pA,3,0.7405,5C0P,A,5C0P.A,5C0P_1,RCSB30_108772,mapped
5c13E,1,0.7079,5C13,E,5C13.E,5C13_1,RCSB30_5814,mapped
5c17A,2,0.8948,5C17,A,5C17.A,5C17_1,RCSB30_35372,mapped
5c1pD,2,0.8719,5C1P,D,5C1P.D,5C1P_1,RCSB30_573,mapped
5c1tA,3,0.586,5C1T,A,5C1T.A,5C1T_1,RCSB30_74404,mapped
5c2iD,1,0.7662,5C2I,D,5C2I.D,5C2I_1,RCSB30_70203,mapped
5c3pC,3,0.9134,5C3P,C,5C3P.C,5C3P_1,RCSB30_1734,mapped
5c3pD,2,0.9397,5C3P,D,5C3P.D,5C3P_1,RCSB30_1734,mapped
5c3uA,2,1.0,5C3U,A,5C3U.A,5C3U_1,RCSB30_6063,mapped
5c4nA,2,0.7016,5C4N,A,5C4N.A,5C4N_1,RCSB30_21809,mapped
5c5hB,2,0.8125,5C5H,B,5C5H.B,5C5H_1,RCSB30_27741,mapped
5c5tA,1,0.8955,5C5T,A,5C5T.A,5C5T_1,RCSB30_79816,mapped
5c6cA,1,0.9021,5C6C,A,5C6C.A,5C6C_1,RCSB30_12620,mapped
5c6oA,1,0.4104,5C6O,A,5C6O.A,5C6O_1,RCSB30_48014,mapped
5c6uA,2,0.8167,5C6U,A,5C6U.A,5C6U_1,RCSB30_16867,mapped
5c6vC,1,0.8283,5C6V,C,5C6V.C,5C6V_1,RCSB30_5272,mapped
5c77B,1,0.8913,5C77,B,5C77.B,5C77_1,RCSB30_15573,mapped
5c7hA,1,0.873,5C7H,A,5C7H.A,5C7H_1,RCSB30_13939,mapped
5c88B,1,0.8106,5C88,B,5C88.B,5C88_1,RCSB30_5572,mapped
5c8gA,1,0.6792,5C8G,A,5C8G.A,5C8G_1,RCSB30_32436,mapped
5c8lB,1,0.6226,5C8L,B,5C8L.B,5C8L_1,RCSB30_6920,mapped
5c8tB,11,0.6525,5C8T,B,5C8T.B,5C8T_2,RCSB30_1495,mapped
5c8yC,2,1.0,5C8Y,C,5C8Y.C,5C8Y_1,RCSB30_58,mapped
5c8yF,1,0.9506,5C8Y,F,5C8Y.F,5C8Y_4,RCSB30_595,mapped
5c90G,1,0.9304,5C90,G,5C90.G,5C90_1,RCSB30_291,mapped
5c9aA,2,0.6657,5C9A,A,5C9A.A,5C9A_1,RCSB30_19,mapped
5cb0B,1,0.7446,5CB0,B,5CB0.B,5CB0_1,RCSB30_13818,mapped
5cb2A,1,0.9798,5CB2,A,5CB2.A,5CB2_1,RCSB30_3398,mapped
5cb8A,1,0.6652,5CB8,A,5CB8.A,5CB8_1,RCSB30_2329,mapped
5cblD,1,0.7911,5CBL,D,5CBL.D,5CBL_1,RCSB30_1304,mapped
5ccbA,1,0.9399,5CCB,A,5CCB.A,5CCB_1,RCSB30_12142,mapped
5ccvC,3,0.9364,5CCV,C,5CCV.C,5CCV_1,RCSB30_48,mapped
5cdhG,1,0.4059,5CDH,G,5CDH.G,5CDH_1,RCSB30_26613,mapped
5ce4A,1,0.8318,5CE4,A,5CE4.A,5CE4_1,RCSB30_211,mapped
5ce8A,1,0.9023,5CE8,A,5CE8.A,5CE8_1,RCSB30_4384,mapped
5cedA,1,0.8079,5CED,A,5CED.A,5CED_1,RCSB30_38652,mapped
5cfyB,3,0.9059,5CFY,B,5CFY.B,5CFY_1,RCSB30_2687,mapped
5cg0B,1,0.8004,5CG0,B,5CG0.B,5CG0_1,RCSB30_1954,mapped
5cg9A,1,0.6357,5CG9,A,5CG9.A,5CG9_1,RCSB30_46256,mapped
5cgxA,2,0.6548,5CGX,A,5CGX.A,5CGX_1,RCSB30_621,mapped
5cimB,1,0.6679,5CIM,B,5CIM.B,5CIM_1,RCSB30_5557,mapped
5ck3D,1,0.9054,5CK3,D,5CK3.D,5CK3_2,RCSB30_43875,mapped
5ck3F,2,0.7543,5CK3,F,5CK3.F,5CK3_2,RCSB30_43875,mapped
5ck4A,2,0.764,5CK4,A,5CK4.A,5CK4_1,RCSB30_43875,mapped
5ck7A,1,0.7517,5CK7,A,5CK7.A,5CK7_1,RCSB30_25517,mapped
5ckwA,1,0.5417,5CKW,A,5CKW.A,5CKW_1,RCSB30_88867,mapped
5ckxC,1,0.8899,5CKX,C,5CKX.C,5CKX_2,RCSB30_14727,mapped
5cltC,3,0.7564,5CLT,C,5CLT.C,5CLT_1,RCSB30_4585,mapped
5cmsL,1,0.9169,5CMS,L,5CMS.L,5CMS_1,RCSB30_7494,mapped
5cniB,1,0.9625,5CNI,B,5CNI.B,5CNI_1,RCSB30_1567,mapped
5cofA,2,0.4612,5COF,A,5COF.A,5COF_1,RCSB30_20061,mapped
5corJ,1,0.4853,5COR,J,5COR.J,5COR_1,RCSB30_1727,mapped
5couA,1,0.5202,5COU,A,5COU.A,5COU_1,RCSB30_12011,mapped
5cqeA,1,0.4716,5CQE,A,5CQE.A,5CQE_1,RCSB30_14292,mapped
5cr2B,1,0.8743,5CR2,B,5CR2.B,5CR2_1,RCSB30_8824,mapped
5craC,1,0.6233,5CRA,C,5CRA.C,5CRA_1,RCSB30_803,mapped
5crwA,2,0.6742,5CRW,A,5CRW.A,5CRW_1,RCSB30_10045,mapped
5cswA,1,0.8465,5CSW,A,5CSW.A,5CSW_1,RCSB30_961,mapped
5ct2A,2,0.8721,5CT2,A,5CT2.A,5CT2_1,RCSB30_158,mapped
5ctnA,1,0.6887,5CTN,A,5CTN.A,5CTN_1,RCSB30_5785,mapped
5cuyD,1,0.8445,5CUY,D,5CUY.D,5CUY_1,RCSB30_22027,mapped
5cvcB,1,0.8357,5CVC,B,5CVC.B,5CVC_1,RCSB30_2735,mapped
5cvvB,1,0.8197,5CVV,B,5CVV.B,5CVV_1,RCSB30_1093,mapped
5cx6B,1,0.6224,5CX6,B,5CX6.B,5CX6_1,RCSB30_23027,mapped
5cxiA,1,0.9029,5CXI,A,5CXI.A,5CXI_1,RCSB30_16143,mapped
5cxxC,1,0.9424,5CXX,C,5CXX.C,5CXX_1,RCSB30_1812,mapped
5czyA,1,0.6429,5CZY,A,5CZY.A,5CZY_1,RCSB30_58828,mapped
5d0nA,1,0.7105,5D0N,A,5D0N.A,5D0N_1,RCSB30_946,mapped
5d0uA,1,0.8461,5D0U,A,5D0U.A,5D0U_1,RCSB30_4414,mapped
5d0yA,1,0.7364,5D0Y,A,5D0Y.A,5D0Y_1,RCSB30_16219,mapped
5d1nA,1,0.9082,5D1N,A,5D1N.A,5D1N_1,RCSB30_10727,mapped
5d1oA,1,0.8457,5D1O,A,5D1O.A,5D1O_1,RCSB30_19508,mapped
5d1rA,1,0.7177,5D1R,A,5D1R.A,5D1R_1,RCSB30_36215,mapped
5d1wC,1,0.8253,5D1W,C,5D1W.C,5D1W_1,RCSB30_47550,mapped
5d2kA,3,0.9423,5D2K,A,5D2K.A,5D2K_1,RCSB30_4404,mapped
5d3mA,2,0.716,5D3M,A,5D3M.A,5D3M_1,RCSB30_2720,mapped
5d4yB,1,0.5765,5D4Y,B,5D4Y.B,5D4Y_1,RCSB30_19293,mapped
5d6aA,1,0.5343,5D6A,A,5D6A.A,5D6A_1,RCSB30_121202,mapped
5d6tA,2,0.8812,5D6T,A,5D6T.A,5D6T_1,RCSB30_73968,mapped
5d84A,1,0.5689,5D84,A,5D84.A,5D84_1,RCSB30_8892,mapped
5d9cA,2,0.8599,5D9C,A,5D9C.A,5D9C_1,RCSB30_5396,mapped
5d9hB,1,0.9249,5D9H,B,5D9H.B,5D9H_1,RCSB30_8067,mapped
5d9wA,1,0.7311,5D9W,A,5D9W.A,5D9W_1,RCSB30_6753,mapped
5d9yA,1,0.5649,5D9Y,A,5D9Y.A,5D9Y_1,RCSB30_24167,mapped
5dapA,1,0.5276,5DAP,A,5DAP.A,5DAP_1,RCSB30_2478,mapped
5dbfB,1,0.7673,5DBF,B,5DBF.B,5DBF_1,RCSB30_4476,mapped
5dbjE,1,0.843,5DBJ,E,5DBJ.E,5DBJ_1,RCSB30_52893,mapped
5dbvA,1,0.8558,5DBV,A,5DBV.A,5DBV_1,RCSB30_15067,mapped
5de0D,1,0.8849,5DE0,D,5DE0.D,5DE0_1,RCSB30_3582,mapped
5deqA,3,0.8554,5DEQ,A,5DEQ.A,5DEQ_1,RCSB30_22498,mapped
5detA,1,0.5945,5DET,A,5DET.A,5DET_1,RCSB30_15066,mapped
5dgrA,1,0.8323,5DGR,A,5DGR.A,5DGR_1,RCSB30_45045,mapped
5di3B,1,0.7973,5DI3,B,5DI3.B,5DI3_2,RCSB30_3324,mapped
5disC,2,0.7942,5DIS,C,5DIS.C,5DIS_3,RCSB30_8542,mapped
5dj4E,1,0.9329,5DJ4,E,5DJ4.E,5DJ4_1,RCSB30_6542,mapped
5djiA,1,0.9012,5DJI,A,5DJI.A,5DJI_1,RCSB30_20573,mapped
5djqK,1,0.8914,5DJQ,K,5DJQ.K,5DJQ_2,RCSB30_15527,mapped
5djsB,3,0.8164,5DJS,B,5DJS.B,5DJS_1,RCSB30_11132,mapped
5dk6A,1,0.5739,5DK6,A,5DK6.A,5DK6_1,RCSB30_703,mapped
5dkiY,1,0.9065,5DKI,Y,5DKI.Y,5DKI_11,RCSB30_230,mapped
5dkvB,1,1.0,5DKV,B,5DKV.B,5DKV_1,RCSB30_20349,mapped
5dkxA,2,0.6886,5DKX,A,5DKX.A,5DKX_1,RCSB30_2931,mapped
5dlbA,1,0.5167,5DLB,A,5DLB.A,5DLB_1,RCSB30_16349,mapped
5dm3E,1,0.8189,5DM3,E,5DM3.E,5DM3_1,RCSB30_13017,mapped
5dmgD,2,0.8803,5DMG,D,5DMG.D,5DMG_2,RCSB30_2,mapped
5dmhA,1,0.754,5DMH,A,5DMH.A,5DMH_1,RCSB30_14074,mapped
5dmmA,1,0.7781,5DMM,A,5DMM.A,5DMM_1,RCSB30_7030,mapped
5dn6F,2,0.5886,5DN6,F,5DN6.F,5DN6_4,RCSB30_76,mapped
5dn9A,1,0.8453,5DN9,A,5DN9.A,5DN9_1,RCSB30_2668,mapped
5dozC,1,0.8368,5DOZ,C,5DOZ.C,5DOZ_1,RCSB30_4447,mapped
5dp2A,1,0.8333,5DP2,A,5DP2.A,5DP2_1,RCSB30_5002,mapped
5dqrD,1,0.6832,5DQR,D,5DQR.D,5DQR_1,RCSB30_25833,mapped
5dqwB,1,0.7936,5DQW,B,5DQW.B,5DQW_1,RCSB30_13936,mapped
5dqyA,1,1.0,5DQY,A,5DQY.A,5DQY_1,RCSB30_2939,mapped
5dstG,1,0.9404,5DST,G,5DST.G,5DST_1,RCSB30_4525,mapped
5dt9A,2,0.606,5DT9,A,5DT9.A,5DT9_1,RCSB30_1296,mapped
5dteC,2,0.9251,5DTE,C,5DTE.C,5DTE_1,RCSB30_13298,mapped
5duaA,1,0.5073,5DUA,A,5DUA.A,5DUA_1,RCSB30_16194,mapped
5dulA,3,0.5736,5DUL,A,5DUL.A,5DUL_1,RCSB30_248,mapped
5dulC,2,0.6658,5DUL,C,5DUL.C,5DUL_1,RCSB30_248,mapped
5dusA,1,0.9165,5DUS,A,5DUS.A,5DUS_1,RCSB30_44,mapped
5dvaC,3,0.8809,5DVA,C,5DVA.C,5DVA_1,RCSB30_1080,mapped
5dvjB,1,0.7896,5DVJ,B,5DVJ.B,5DVJ_1,RCSB30_13807,mapped
5dw5B,1,0.8006,5DW5,B,5DW5.B,5DW5_1,RCSB30_5635,mapped
5dw8A,1,0.6004,5DW8,A,5DW8.A,5DW8_1,RCSB30_8984,mapped
5dwfD,1,0.5625,5DWF,D,5DWF.D,,SINGLETON_5dwfD,missing_entity
5dwnC,1,0.9227,5DWN,C,5DWN.C,5DWN_1,RCSB30_9209,mapped
5dx5A,3,0.805,5DX5,A,5DX5.A,5DX5_1,RCSB30_965,mapped
5dzcA,2,0.6732,5DZC,A,5DZC.A,5DZC_1,RCSB30_12372,mapped
5dzkS,1,0.7524,5DZK,S,5DZK.S,5DZK_3,RCSB30_5862,mapped
5dztA,1,0.5239,5DZT,A,5DZT.A,5DZT_1,RCSB30_123407,mapped
5e3aA,1,0.6038,5E3A,A,5E3A.A,5E3A_1,RCSB30_6554,mapped
5e4wD,1,0.6791,5E4W,D,5E4W.D,5E4W_2,RCSB30_14827,mapped
5e6oB,2,0.6397,5E6O,B,5E6O.B,5E6O_1,RCSB30_23642,mapped
5e7nA,1,0.5416,5E7N,A,5E7N.A,5E7N_1,RCSB30_2679,mapped
5e84B,1,0.8555,5E84,B,5E84.B,5E84_1,RCSB30_140,mapped
5e92A,1,0.8585,5E92,A,5E92.A,5E92_1,RCSB30_4626,mapped
5ea1A,2,0.8574,5EA1,A,5EA1.A,5EA1_1,RCSB30_3407,mapped
5ec5F,2,1.0,5EC5,F,5EC5.F,5EC5_1,RCSB30_22267,mapped
5ee9A,3,0.6874,5EE9,A,5EE9.A,5EE9_1,RCSB30_2443,mapped
5eegB,1,0.7226,5EEG,B,5EEG.B,5EEG_1,RCSB30_6206,mapped
5eesA,4,0.7594,5EES,A,5EES.A,5EES_1,RCSB30_1270,mapped
5efqA,1,0.8904,5EFQ,A,5EFQ.A,5EFQ_1,RCSB30_2535,mapped
5egpA,2,0.5877,5EGP,A,5EGP.A,5EGP_1,RCSB30_12492,mapped
5eioB,1,0.7497,5EIO,B,5EIO.B,5EIO_1,RCSB30_409,mapped
5ekhA,2,0.8478,5EKH,A,5EKH.A,5EKH_1,RCSB30_39,mapped
5eksA,1,0.6795,5EKS,A,5EKS.A,5EKS_1,RCSB30_320,mapped
5elhB,1,0.8919,5ELH,B,5ELH.B,5ELH_1,RCSB30_12586,mapped
5eltA,1,0.4572,5ELT,A,5ELT.A,5ELT_1,RCSB30_9367,mapped
5encA,1,0.6987,5ENC,A,5ENC.A,5ENC_1,RCSB30_1262,mapped
5envA,1,0.8728,5ENV,A,5ENV.A,5ENV_1,RCSB30_4484,mapped
5eogA,3,0.4211,5EOG,A,5EOG.A,5EOG_1,RCSB30_6479,mapped
5eoyB,1,0.6999,5EOY,B,5EOY.B,5EOY_1,RCSB30_28677,mapped
5ep4A,2,0.7079,5EP4,A,5EP4.A,5EP4_1,RCSB30_2170,mapped
5ep9B,2,0.9317,5EP9,B,5EP9.B,5EP9_1,RCSB30_49188,mapped
5epaF,1,0.6084,5EPA,F,5EPA.F,5EPA_1,RCSB30_49188,mapped
5eplB,1,0.8507,5EPL,B,5EPL.B,5EPL_1,RCSB30_44660,mapped
5epvA,1,0.7685,5EPV,A,5EPV.A,5EPV_1,RCSB30_11575,mapped
5epyA,1,0.8403,5EPY,A,5EPY.A,5EPY_1,RCSB30_1028,mapped
5eq9B,1,0.6619,5EQ9,B,5EQ9.B,5EQ9_1,RCSB30_25931,mapped
5eqeA,3,0.8133,5EQE,A,5EQE.A,5EQE_1,RCSB30_7017,mapped
5eqiA,1,0.7465,5EQI,A,5EQI.A,5EQI_1,RCSB30_4095,mapped
5ermB,1,0.5406,5ERM,B,5ERM.B,5ERM_1,RCSB30_4301,mapped
5esxB,1,0.8324,5ESX,B,5ESX.B,5ESX_1,RCSB30_2970,mapped
5et6B,1,0.7809,5ET6,B,5ET6.B,5ET6_1,RCSB30_379,mapped
5eweA,3,0.8363,5EWE,A,5EWE.A,5EWE_1,RCSB30_774,mapped
5exdL,3,0.884,5EXD,L,5EXD.L,5EXD_3,RCSB30_11820,mapped
5extA,1,0.9156,5EXT,A,5EXT.A,5EXT_1,RCSB30_2170,mapped
5ey5D,1,0.5358,5EY5,D,5EY5.D,5EY5_2,RCSB30_606,mapped
5eyfA,1,0.5589,5EYF,A,5EYF.A,5EYF_1,RCSB30_5360,mapped
5eyhA,3,0.7597,5EYH,A,5EYH.A,5EYH_1,RCSB30_8984,mapped
5ezsA,1,0.8254,5EZS,A,5EZS.A,5EZS_1,RCSB30_20364,mapped
5f08A,1,0.8638,5F08,A,5F08.A,5F08_1,RCSB30_2277,mapped
5f2tB,1,0.8335,5F2T,B,5F2T.B,5F2T_1,RCSB30_20020,mapped
5f2vG,2,0.887,5F2V,G,5F2V.G,5F2V_1,RCSB30_24985,mapped
5f3yA,14,0.4949,5F3Y,A,5F3Y.A,5F3Y_1,RCSB30_5463,mapped
5f48A,1,0.8701,5F48,A,5F48.A,5F48_1,RCSB30_41567,mapped
5f4bA,1,0.773,5F4B,A,5F4B.A,5F4B_1,RCSB30_997,mapped
5f4zC,2,0.8181,5F4Z,C,5F4Z.C,5F4Z_1,RCSB30_11077,mapped
5f5wB,1,0.9763,5F5W,B,5F5W.B,5F5W_1,RCSB30_134,mapped
5f5xB,1,0.6037,5F5X,B,5F5X.B,5F5X_1,RCSB30_30202,mapped
5f6uA,1,0.9457,5F6U,A,5F6U.A,5F6U_1,RCSB30_2310,mapped
5f8uB,1,0.5187,5F8U,B,5F8U.B,5F8U_1,RCSB30_8777,mapped
5fa1B,2,0.8305,5FA1,B,5FA1.B,5FA1_1,RCSB30_30657,mapped
5fbsA,2,0.7989,5FBS,A,5FBS.A,5FBS_1,RCSB30_19982,mapped
5fcdD,2,0.705,5FCD,D,5FCD.D,5FCD_3,RCSB30_152174,mapped
5fd8B,1,0.8706,5FD8,B,5FD8.B,5FD8_1,RCSB30_30131,mapped
5fe2A,1,0.7451,5FE2,A,5FE2.A,5FE2_1,RCSB30_3992,mapped
5fg3A,2,0.9294,5FG3,A,5FG3.A,5FG3_1,RCSB30_3581,mapped
5fh7A,1,1.0,5FH7,A,5FH7.A,5FH7_1,RCSB30_5460,mapped
5fheA,1,0.8748,5FHE,A,5FHE.A,5FHE_1,RCSB30_9315,mapped
5fhhB,1,0.7129,5FHH,B,5FHH.B,5FHH_1,RCSB30_12860,mapped
5fhiA,3,0.5944,5FHI,A,5FHI.A,5FHI_1,RCSB30_2952,mapped
5fiaA,2,1.0,5FIA,A,5FIA.A,5FIA_1,RCSB30_65003,mapped
5fitA,1,0.6525,5FIT,A,5FIT.A,5FIT_1,RCSB30_7503,mapped
5fjmB,1,0.8232,5FJM,B,5FJM.B,5FJM_1,RCSB30_52011,mapped
5fjwF,3,0.7785,5FJW,F,5FJW.F,5FJW_1,RCSB30_14664,mapped
5fl3A,1,0.4773,5FL3,A,5FL3.A,5FL3_1,RCSB30_6107,mapped
5fliC,1,0.957,5FLI,C,5FLI.C,5FLI_1,RCSB30_68546,mapped
5flwB,1,0.5906,5FLW,B,5FLW.B,5FLW_1,RCSB30_72811,mapped
5fmgI,3,0.7008,5FMG,I,5FMG.I,5FMG_9,RCSB30_198,mapped
5fmtB,3,0.6143,5FMT,B,5FMT.B,5FMT_1,RCSB30_60137,mapped
5fnvF,1,0.9037,5FNV,F,5FNV.F,5FNV_4,RCSB30_595,mapped
5fobA,2,0.6664,5FOB,A,5FOB.A,5FOB_1,RCSB30_1344,mapped
5fooB,1,0.6307,5FOO,B,5FOO.B,5FOO_1,RCSB30_2640,mapped
5fowA,3,0.7117,5FOW,A,5FOW.A,5FOW_1,RCSB30_612,mapped
5fpzA,1,0.8135,5FPZ,A,5FPZ.A,5FPZ_1,RCSB30_12974,mapped
5fq0D,2,0.8163,5FQ0,D,5FQ0.D,5FQ0_2,RCSB30_12974,mapped
5fqhA,2,0.6674,5FQH,A,5FQH.A,5FQH_1,RCSB30_25342,mapped
5frdA,1,0.62,5FRD,A,5FRD.A,5FRD_1,RCSB30_136723,mapped
5frwA,2,1.0,5FRW,A,5FRW.A,5FRW_1,RCSB30_14150,mapped
5fsgA,1,0.7355,5FSG,A,5FSG.A,5FSG_1,RCSB30_146311,mapped
5fsxB,1,0.908,5FSX,B,5FSX.B,5FSX_1,RCSB30_23580,mapped
5fusB,1,0.7654,5FUS,B,5FUS.B,5FUS_1,RCSB30_40731,mapped
5fv9A,3,0.8553,5FV9,A,5FV9.A,5FV9_1,RCSB30_5468,mapped
5fvjA,1,0.6988,5FVJ,A,5FVJ.A,5FVJ_1,RCSB30_8531,mapped
5fw4A,1,0.6777,5FW4,A,5FW4.A,5FW4_1,RCSB30_3587,mapped
5fy7A,3,0.769,5FY7,A,5FY7.A,5FY7_1,RCSB30_5603,mapped
5fy8A,2,0.7886,5FY8,A,5FY8.A,5FY8_1,RCSB30_1752,mapped
5fyzA,1,0.5521,5FYZ,A,5FYZ.A,5FYZ_1,RCSB30_1425,mapped
5h8jJ,1,0.8347,5H8J,J,5H8J.J,5H8J_1,RCSB30_7349,mapped
5h92A,1,0.6375,5H92,A,5H92.A,5H92_1,RCSB30_13382,mapped
5ha5B,1,0.9298,5HA5,B,5HA5.B,5HA5_1,RCSB30_2086,mapped
5haeA,1,0.7843,5HAE,A,5HAE.A,5HAE_1,RCSB30_42571,mapped
5hawA,1,0.6691,5HAW,A,5HAW.A,5HAW_1,RCSB30_1803,mapped
5hb8D,2,0.5727,5HB8,D,5HB8.D,5HB8_1,RCSB30_27058,mapped
5hbgB,1,0.4281,5HBG,B,5HBG.B,,SINGLETON_5hbgB,missing_entity
5hciC,3,0.7653,5HCI,C,5HCI.C,5HCI_1,RCSB30_19387,mapped
5hdaA,3,0.751,5HDA,A,5HDA.A,5HDA_1,RCSB30_29533,mapped
5hdbC,3,0.8862,5HDB,C,5HDB.C,5HDB_1,RCSB30_1168,mapped
5hdiB,1,0.8038,5HDI,B,5HDI.B,5HDI_1,RCSB30_48945,mapped
5hesB,1,0.8809,5HES,B,5HES.B,5HES_1,RCSB30_13440,mapped
5hfkB,1,0.5973,5HFK,B,5HFK.B,5HFK_1,RCSB30_6734,mapped
5hg0B,2,0.6353,5HG0,B,5HG0.B,5HG0_1,RCSB30_228,mapped
5hguA,1,0.9162,5HGU,A,5HGU.A,5HGU_1,RCSB30_1414,mapped
5hh3B,1,0.9233,5HH3,B,5HH3.B,5HH3_1,RCSB30_305,mapped
5hh7A,1,0.6378,5HH7,A,5HH7.A,5HH7_1,RCSB30_22607,mapped
5hj1A,1,0.5781,5HJ1,A,5HJ1.A,5HJ1_1,RCSB30_16923,mapped
5hjdD,1,0.7173,5HJD,D,5HJD.D,5HJD_1,RCSB30_3741,mapped
5hkhA,1,0.696,5HKH,A,5HKH.A,5HKH_1,RCSB30_4156,mapped
5hkpA,4,0.5631,5HKP,A,5HKP.A,5HKP_1,RCSB30_512,mapped
5hmnB,1,0.8849,5HMN,B,5HMN.B,5HMN_1,RCSB30_29212,mapped
5hnrA,1,0.6786,5HNR,A,5HNR.A,5HNR_1,RCSB30_1667,mapped
5hq8A,2,0.9512,5HQ8,A,5HQ8.A,5HQ8_1,RCSB30_2765,mapped
5hr4A,2,0.9042,5HR4,A,5HR4.A,5HR4_1,RCSB30_90135,mapped
5hrcB,2,0.9332,5HRC,B,5HRC.B,5HRC_1,RCSB30_13442,mapped
5hszA,3,0.7054,5HSZ,A,5HSZ.A,5HSZ_1,RCSB30_1803,mapped
5hv3A,1,0.5744,5HV3,A,5HV3.A,5HV3_1,RCSB30_19982,mapped
5hv4A,1,0.9379,5HV4,A,5HV4.A,5HV4_1,RCSB30_6132,mapped
5hvkA,1,0.7739,5HVK,A,5HVK.A,5HVK_1,RCSB30_6647,mapped
5hvnA,1,0.5079,5HVN,A,5HVN.A,5HVN_1,RCSB30_320,mapped
5hwpA,1,0.7793,5HWP,A,5HWP.A,5HWP_1,RCSB30_6880,mapped
5hwsD,1,0.9181,5HWS,D,5HWS.D,5HWS_1,RCSB30_25655,mapped
5hwwA,1,1.0,5HWW,A,5HWW.A,5HWW_1,RCSB30_28047,mapped
5hynL,3,0.7429,5HYN,L,5HYN.L,5HYN_2,RCSB30_2255,mapped
5hyoA,2,0.637,5HYO,A,5HYO.A,5HYO_1,RCSB30_10,mapped
5hzxB,1,0.8428,5HZX,B,5HZX.B,5HZX_1,RCSB30_1497,mapped
5i1fA,1,0.6415,5I1F,A,5I1F.A,5I1F_1,RCSB30_2463,mapped
5i2hA,1,0.5486,5I2H,A,5I2H.A,5I2H_1,RCSB30_203260,mapped
5i7wB,1,0.4262,5I7W,B,5I7W.B,5I7W_1,RCSB30_3967,mapped
5i8cA,1,0.6196,5I8C,A,5I8C.A,5I8C_1,RCSB30_1,mapped
5i90B,2,0.6854,5I90,B,5I90.B,5I90_1,RCSB30_60393,mapped
5i91A,1,0.7421,5I91,A,5I91.A,5I91_1,RCSB30_3652,mapped
5i9qF,2,0.8411,5I9Q,F,5I9Q.F,5I9Q_3,RCSB30_4,mapped
5iaiA,2,0.7343,5IAI,A,5IAI.A,5IAI_1,RCSB30_186957,mapped
5idtD,3,0.9226,5IDT,D,5IDT.D,5IDT_1,RCSB30_2374,mapped
5idwA,1,0.8253,5IDW,A,5IDW.A,5IDW_1,RCSB30_16015,mapped
5idyB,1,0.7089,5IDY,B,5IDY.B,5IDY_1,RCSB30_24354,mapped
5ietB,1,0.9044,5IET,B,5IET.B,5IET_1,RCSB30_14534,mapped
5if9A,2,0.8275,5IF9,A,5IF9.A,5IF9_1,RCSB30_3814,mapped
5ifiA,1,0.5528,5IFI,A,5IFI.A,5IFI_1,RCSB30_1561,mapped
5igqI,3,0.5988,5IGQ,I,5IGQ.I,5IGQ_1,RCSB30_5856,mapped
5ihxA,1,0.6793,5IHX,A,5IHX.A,5IHX_1,RCSB30_11643,mapped
5ii0B,2,0.6957,5II0,B,5II0.B,5II0_1,RCSB30_3953,mapped
5ij7A,1,0.8552,5IJ7,A,5IJ7.A,5IJ7_1,RCSB30_3196,mapped
5ijwB,1,0.729,5IJW,B,5IJW.B,5IJW_1,RCSB30_3893,mapped
5ijxA,1,0.6683,5IJX,A,5IJX.A,5IJX_1,RCSB30_11643,mapped
5il2A,1,0.642,5IL2,A,5IL2.A,5IL2_1,RCSB30_2649,mapped
5im2A,2,0.943,5IM2,A,5IM2.A,5IM2_1,RCSB30_19465,mapped
5iqhD,2,0.9131,5IQH,D,5IQH.D,5IQH_1,RCSB30_2526,mapped
5iqjA,1,0.5664,5IQJ,A,5IQJ.A,5IQJ_1,RCSB30_176779,mapped
5ivoA,1,0.9642,5IVO,A,5IVO.A,5IVO_1,RCSB30_668,mapped
5iwsA,2,0.6903,5IWS,A,5IWS.A,5IWS_1,RCSB30_1618,mapped
5j1vC,2,0.8776,5J1V,C,5J1V.C,5J1V_1,RCSB30_4914,mapped
5j23D,1,0.7659,5J23,D,5J23.D,5J23_1,RCSB30_5405,mapped
5j6bA,1,0.713,5J6B,A,5J6B.A,5J6B_1,RCSB30_1061,mapped
5j8oB,1,0.7852,5J8O,B,5J8O.B,5J8O_1,RCSB30_2360,mapped
5jaqA,1,0.7541,5JAQ,A,5JAQ.A,5JAQ_1,RCSB30_1588,mapped
5jbgA,3,0.8709,5JBG,A,5JBG.A,5JBG_1,RCSB30_4610,mapped
5jc3A,3,0.6393,5JC3,A,5JC3.A,5JC3_1,RCSB30_4610,mapped
5jd4E,1,0.5466,5JD4,E,5JD4.E,5JD4_1,RCSB30_8582,mapped
5jdzB,2,0.8886,5JDZ,B,5JDZ.B,5JDZ_1,RCSB30_15292,mapped
5je8C,1,0.7744,5JE8,C,5JE8.C,5JE8_1,RCSB30_4048,mapped
5jj5A,1,0.8685,5JJ5,A,5JJ5.A,5JJ5_1,RCSB30_36343,mapped
5jjuA,1,0.6411,5JJU,A,5JJU.A,5JJU_1,RCSB30_41319,mapped
5jlaC,1,0.764,5JLA,C,5JLA.C,5JLA_1,RCSB30_708,mapped
5jp4A,1,0.6015,5JP4,A,5JP4.A,5JP4_1,RCSB30_13197,mapped
5jqwA,2,0.7588,5JQW,A,5JQW.A,5JQW_1,RCSB30_332,mapped
5jy1C,1,0.7331,5JY1,C,5JY1.C,5JY1_1,RCSB30_8235,mapped
5k0sA,1,0.7672,5K0S,A,5K0S.A,5K0S_1,RCSB30_2512,mapped
5k2xA,3,0.9523,5K2X,A,5K2X.A,5K2X_1,RCSB30_51112,mapped
5nulA,1,0.9711,5NUL,A,5NUL.A,5NUL_1,RCSB30_10498,mapped
5tmpA,2,0.8042,5TMP,A,5TMP.A,5TMP_1,RCSB30_56,mapped
6a3hA,1,0.6513,6A3H,A,6A3H.A,6A3H_1,RCSB30_7648,mapped
6gsyB,6,0.5261,6GSY,B,6GSY.B,6GSY_1,RCSB30_803,mapped
7aatA,1,0.8464,7AAT,A,7AAT.A,7AAT_1,RCSB30_578,mapped
7acnA,3,0.8377,7ACN,A,7ACN.A,7ACN_1,RCSB30_3739,mapped
7stdB,1,0.8957,7STD,B,7STD.B,7STD_1,RCSB30_9135,mapped
9abpA,1,1.0,9ABP,A,9ABP.A,9ABP_1,RCSB30_14697,mapped
